# vtk DataFile Version 4.2
vtk output
ASCII
DATASET POLYDATA
POINTS 4355 double
-50.730415763 -144.69781002 -50.645790292 61.443232271 -55.020279599 -342.02478802 -139.30746902 -76.010000154 -217.01117547 
64.362788785 -55.269812092 -341.92660499 -112.25790576 -112.23192486 -215.47253661 49.254448093 97.561525118 -328.69606915 
182.37894504 -20.758470336 -311.11227507 -29.62888467 -162.44300328 -177.67222273 61.20549725 -53.452732944 -342.02496444 
58.692776992 -57.735504736 -340.81616609 62.596389111 -58.15679144 -340.39014854 62.618083203 -54.827774007 -342.02001664 
60.530385917 -57.648421183 -341.05639257 146.14003779 48.049883393 -270.66404208 60.924814112 -58.07354927 -340.4265727 
149.95294852 -83.145051584 -192.07597994 -115.50683088 -111.22296051 -323.40696799 71.791590472 21.096233264 -340.54805165 
61.285632119 -58.115730331 -340.36834319 60.516044448 -57.852087744 -340.77112385 60.782285668 -56.135874403 -341.96917045 
42.389352333 -38.363443566 -341.90795508 -16.158711787 -144.60070256 -15.426336435 59.510040545 -55.125368209 -342.01954462 
60.797983618 -57.925932968 -340.65182385 60.472337005 -58.134237722 -340.36160166 153.94625001 -70.668228182 76.098135 
60.593160292 -53.634152625 -342.02428075 64.420012519 -53.811194819 -341.99799882 53.417780945 91.344926324 -72.401404901 
-119.30312157 32.776424142 -187.09089373 4.5677400007 -136.64166025 12.066477174 149.45309761 36.935333302 -251.63509743 
62.379753049 -54.236077293 -342.02395706 61.412989161 -54.941767013 -342.02513556 62.747104992 -51.243359429 -342.02250372 
126.93028659 -120.12001844 -244.15121287 59.807041094 -54.207097619 -342.02446629 -20.806350571 -166.94382694 -272.37507715 
60.678234851 -152.44410493 -319.19316521 172.78546546 -54.761836342 -319.68731927 -139.13517118 -89.885552286 -270.89222255 
3.8909188418 -171.74464974 -234.2348029 8.054022089 -95.91696963 -337.86019002 160.58173894 -57.603402107 -187.65198916 
32.503640898 66.554559507 182.25064642 -58.602977478 -125.74500284 36.976181535 36.401795381 -153.42367121 -323.65844478 
93.901854874 73.212931693 -111.55916054 -155.02851243 7.5506220506 -40.159905272 61.852925784 -108.2240656 -336.58489462 
122.55940382 -37.495779378 -338.78152465 64.352932202 -84.880045965 -338.68851457 94.629270288 -46.67331477 -339.01018025 
60.488760058 -70.57081443 -339.02497815 60.750066082 -55.274048672 -342.02437923 80.179850917 -52.653295079 -339.37634313 
62.056276591 -54.699921843 -342.02434003 61.050893908 -64.116173184 -339.05642786 55.576178902 -47.042513286 -342.01971404 
59.672309612 -50.945151735 -342.02398481 61.075069973 -55.138199813 -342.0254652 59.541703946 -57.734387356 -340.90012389 
151.61168222 -93.444652677 -56.606277283 71.033206716 -51.709135259 -341.24816037 53.113019099 68.625334814 -228.62157732 
61.74697134 -54.839884542 -342.02390555 62.257432507 -55.880830725 -341.99492027 61.583705574 -61.3958441 -339.13764467 
52.945458099 -53.628078289 -341.87373414 61.097925534 -58.927874161 -339.65612086 56.22058801 -54.475768759 -341.94885195 
60.430853728 -52.096069977 -342.02399707 72.186698538 -24.577594474 -340.89282856 61.825812221 -57.314885815 -341.35035189 
61.262362251 -55.052089239 -342.02582533 60.83860604 -54.360821903 -342.02397296 61.564417449 -55.69816249 -342.01935738 
59.998208873 -57.70727779 -340.96798364 168.12270099 -61.193993273 -255.44462029 73.595271832 -143.97148454 -54.462010328 
150.36878212 -76.440786234 -123.07904793 59.648194977 -56.890388216 -341.62919965 61.430648889 -54.099375829 -342.02541147 
67.900712195 -52.978378259 -341.78479331 72.543847778 -63.719678954 -339.21135513 33.311027879 -77.605390049 -338.94061549 
-120.84180595 -85.03840678 -114.20364463 43.449071241 -168.17070629 -269.24137776 104.74776136 63.560752464 -241.65625322 
44.252622087 -67.406126429 -339.36855333 62.088296882 -55.315842613 -342.02238664 61.391475382 -45.499541028 -342.02246042 
61.112893096 -54.711318879 -342.02476504 61.578574862 -54.906996242 -342.02405047 61.429508364 -54.528062176 -342.02454166 
61.786855399 -55.243131746 -342.02407354 169.35251989 60.972144681 17.1916488 113.54671529 -94.734699373 -335.78351734 
51.147384177 -33.589118193 -341.99623681 42.682656022 -2.9666380466 -341.97777166 -64.042218349 -12.501695583 -341.98851216 
61.343952685 -55.470288897 -342.02327564 28.333878219 -72.647486195 129.40184354 57.955482741 -52.005563189 -342.02246185 
63.295456242 -54.252530267 -342.01288808 171.57933576 13.693481218 -283.30058303 60.919363573 -58.367417023 -340.07065829 
62.104024496 -58.785957638 -339.7781099 67.902000552 -61.049409135 -339.5460595 64.96503419 -59.931977953 -339.56248602 
62.435796598 -52.622354244 -342.02453872 57.773198471 -54.750116446 -341.97096741 67.921138554 -46.381742163 -341.87674136 
60.509599674 -52.989543149 -342.02464625 59.407146571 -52.73568844 -342.0238325 -4.8540812691 -46.596827361 -341.15233865 
54.68598441 -63.331952569 -339.16006652 60.859139121 -57.712586956 -340.95684429 60.983116436 -57.144348142 -341.53441001 
-156.74249941 0.24517446476 -269.12866427 66.45692255 -35.532780425 -341.78717038 47.15948544 -18.930858886 -341.98522088 
5.2273235889 -15.112450727 -342.00868457 1.7924783959 52.672211128 -341.91884136 68.065973227 -155.76123568 -157.03127264 
167.83148521 9.3212769049 -70.645725468 137.4863538 34.035736918 -170.55044598 59.203402845 -59.019124748 -339.63004107 
55.340573863 -59.294168457 -339.67025578 47.463623298 -59.807564818 -339.98289851 31.86253884 -62.674360437 -339.63926795 
41.184025264 -47.621658108 -341.55197137 19.830467714 -44.846637559 -341.26913016 60.777696948 -57.437926715 -341.28207947 
60.133598006 -57.306725903 -341.39876626 9.7079637424 -71.520225229 -339.15481904 -29.533819669 -82.157987312 -338.49332447 
11.76885695 69.271043275 -146.03829033 61.466634985 -52.39397331 -342.02481603 82.266154963 -34.453605916 -339.41239339 
98.818018335 -4.332477527 -339.122199 131.48173076 55.548920308 -334.69425567 61.435558344 -54.695611701 -342.0238397 
-30.48597468 -142.8946049 -325.90879338 32.570110196 -144.40225183 -26.442907173 88.375271154 -122.81926486 39.946140168 
9.0071960257 -156.54843818 -101.85297821 61.360997963 -55.005855199 -342.02527205 61.433338888 -55.24722142 -342.02468036 
61.172776819 -54.905047116 -342.0252211 61.228250378 -57.850599081 -340.74846863 61.808900656 -57.952648723 -340.59991603 
104.16000805 -29.122389065 -339.02106892 127.89942261 -12.463711554 -338.98617203 60.284609724 -57.753155897 -340.91814232 
60.059654945 -57.92602847 -340.65358349 59.521973082 -58.416792772 -340.03673432 60.207500508 -57.567613689 -341.15180483 
59.789811097 -57.45458616 -341.23661123 58.637878475 -56.977828309 -341.47722477 55.629382616 -57.048006808 -341.11321081 
59.232236919 -57.398195355 -341.23718614 61.696872867 -55.038245775 -342.02403017 61.941285792 -55.034169366 -342.02423904 
62.258121047 -55.055304643 -342.02283433 63.185376643 -55.354969787 -341.98906257 63.245548535 -56.895220861 -341.54219416 
62.493523646 -55.451933146 -342.00899059 161.75721693 -65.628438771 -219.66737547 165.1293852 -7.4551696114 -216.73751477 
67.860888046 -57.685855682 -340.74036176 60.891172662 -54.893026326 -342.02418971 60.244040503 -54.865093195 -342.02366786 
152.73083037 -72.332594575 -157.61474777 160.41611552 -16.140306931 -128.78392504 115.50352606 -121.76642213 -150.17501838 
89.944649394 -86.098962428 -338.04589131 125.7005545 85.423223301 -40.73092619 40.70367312 106.82155862 60.854734628 
-67.644766689 91.434782151 -59.507362327 59.943588139 -58.21463489 -340.25375164 60.177310241 -58.67132583 -339.8388334 
60.200652223 -59.895210622 -339.32137675 57.197144658 -61.647002497 -339.1214419 64.35282621 -62.837231722 -339.16608805 
68.00312583 -66.180895559 -339.10980706 73.178242007 -77.400024575 -338.8935876 73.369041998 -70.057542148 -339.02126073 
92.550671136 -65.12971826 -338.80159416 83.061780213 -73.403243975 -338.82079715 65.894999426 -54.381608463 -341.89510539 
66.383222804 -50.681948455 -341.97277502 52.199426322 -57.629352315 -340.78692146 63.342475536 -58.998387302 -339.78430756 
65.643139414 -57.727730673 -340.80061835 63.254227875 -60.538339348 -339.28968349 48.156275137 -55.879330161 -341.11464071 
47.744238463 -48.90962501 -341.87282925 41.021000939 -56.96364718 -340.48234501 31.284532749 -51.370285499 -340.69845782 
20.42869034 -56.124906318 -340.04284527 61.18380161 -55.831667431 -342.00868311 61.312486932 -56.357208391 -341.92697979 
73.624724846 -94.181465822 -337.97258599 94.916156232 -123.13752423 -331.63492802 124.2746521 -124.50026997 -293.26949751 
-122.40423556 -89.439278736 -167.46547444 -139.73117763 -21.644975089 -144.49493134 -76.730649616 -131.35094428 -135.25115743 
59.373891486 -61.818158771 -339.10009652 57.801731717 -64.465390018 -339.05562553 54.402935823 -69.318118435 -339.06666345 
49.51244027 -80.788756146 -338.84421547 32.915663935 -103.31186275 -336.96568893 7.4091737182 -132.4420849 -333.95394422 
59.517328855 -67.174052525 -339.03605879 -150.74468451 -42.530168481 -332.22528896 63.439297317 -67.26424263 -339.0456338 
65.986523205 -73.082797204 -338.99515366 129.45847781 53.79804433 -250.59953981 108.29611707 80.905669097 -293.14047801 
127.95798689 46.12879764 -209.3301608 83.413342978 64.109579879 -168.65680321 48.418574925 -162.90335886 -298.13156253 
86.745674008 -151.33085159 -277.44106457 8.0637671978 -166.20326975 -301.20278617 73.770525677 -158.47148859 -214.21265028 
54.480377079 -51.768050708 -342.00254674 61.369322081 -55.113405395 -342.0249604 61.256975444 -55.246623983 -342.02536501 
61.064514785 -55.445128126 -342.02310321 63.444793143 -52.929939357 -342.01986332 65.074957751 -52.272277067 -341.99201386 
-52.035161961 -158.10487523 -230.00759152 120.48300262 23.509050656 -338.92433529 164.68159927 12.762488913 -331.95839042 
49.84819358 -132.3179293 -333.46335394 156.8371062 -28.764346949 -336.66125086 57.45681534 -57.202626675 -341.15990876 
56.888463529 -58.723583423 -339.87215415 56.647317505 -55.850443264 -341.7229233 -122.97331917 89.026098101 108.82419277 
61.901877603 -53.170418142 -342.02513172 -76.771105789 -143.52403416 -284.29322409 88.538289094 -15.653454646 -339.30763467 
69.578500783 -2.0520390445 -340.98691771 61.629252475 -58.365142374 -340.09242742 60.774595655 -55.671263279 -342.01699504 
60.161241153 -55.547036846 -342.01935263 59.610552652 -56.110225251 -341.93766193 58.538758313 -55.542722185 -341.9648929 
58.540036708 -75.875111752 -338.97218406 61.326560372 -54.916349234 -342.02530772 61.303280472 -54.77872862 -342.02451779 
61.286494742 -54.614007879 -342.02523437 61.162255236 -54.297235977 -342.02483128 60.926358834 -53.993128764 -342.02422245 
61.279947847 -54.458525928 -342.02573059 61.228341382 -47.983621812 -342.02474423 65.188446703 -46.342064003 -342.00139381 
65.657793598 -40.585639403 -341.92609629 72.760249711 -41.61910832 -340.87194016 60.193271446 -33.451702441 -341.9626916 
57.674681882 -23.355114194 -341.90483663 56.558873655 -9.2341035038 -341.79881125 65.282360201 -27.703610459 -341.7148162 
75.520253691 -31.826217854 -340.20420211 81.037820884 -24.958708852 -339.66237119 91.756712272 -28.454606102 -339.14328825 
76.657795995 -14.440761945 -340.16156239 84.150708291 -3.4040017401 -339.6222858 90.849454536 15.007742716 -339.23776471 
94.465954284 52.153660736 -338.70135778 49.992414442 58.675939196 -341.33228528 59.442605013 -58.053359844 -340.46090294 
58.804337647 -58.357005175 -340.13259936 57.817128271 -58.161806383 -340.32703646 60.408163699 -54.124712777 -342.02396481 
59.98411876 -53.596712085 -342.02458225 59.243591242 -53.794555 -342.02365658 58.287462034 -53.473486494 -342.01819465 
58.710849762 -54.311992067 -342.01732682 56.885989728 -53.291253835 -342.01013644 55.194429537 -53.331261063 -341.98009049 
56.208588624 -51.685705113 -342.01860124 57.631134166 -49.652977509 -342.02346863 55.358136466 -50.019682436 -342.0194726 
51.446895624 -46.920412326 -341.99863748 47.929492608 -42.931665243 -341.94663833 53.78090075 -42.057627864 -342.01377008 
54.869896775 -55.110954575 -341.78146019 52.86795404 -50.196649124 -341.99100709 -117.00065914 48.007053121 -107.63458241 
61.273704504 -57.451783349 -341.24123347 61.504624367 -56.916927318 -341.66058841 62.291177965 -56.864528353 -341.63531961 
61.390393085 -54.358230749 -342.02561732 61.839121821 -54.316336349 -342.02512303 61.884716505 -53.80531954 -342.0255712 
62.575019458 -53.500834917 -342.02394741 111.48038327 -57.379951718 -338.19805074 142.60018007 -65.441423641 -332.70035935 
158.94814195 -89.098466581 -294.04677265 61.573490868 -54.422561835 -342.02528626 58.987387241 -46.993463947 -342.02389448 
58.739234257 -43.089804671 -342.01962446 -95.378376467 82.083836467 -307.56681031 83.113283099 -61.870849131 -339.0484807 
61.487140894 -54.944930268 -342.02477468 61.548171637 -55.033499023 -342.02405015 61.446320536 -54.846252623 -342.02412654 
61.573893531 -54.755319763 -342.02361053 61.717372555 -54.610222016 -342.02471372 61.548130171 -54.609177665 -342.02393243 
61.693388679 -57.647241113 -341.00863282 62.376404946 -57.528724278 -341.08421403 63.215117977 -57.623576885 -340.96001834 
64.290968596 -57.385169574 -341.11070508 65.665001727 -56.395268558 -341.5347678 63.615424347 -58.087910911 -340.47496929 
64.655565144 -58.41265935 -340.24889919 66.17580189 -58.829307126 -340.11742316 54.439963103 -95.6534704 -338.03396041 
71.622920739 -58.838045211 -339.84585656 76.590022664 -59.765745925 -339.29346411 77.720756843 -65.930217247 -339.0555342 
56.792195277 -57.923274785 -340.52810604 55.839736183 -58.252200266 -340.24638802 54.160338586 -58.115924797 -340.46394967 
52.503023153 -60.129297924 -339.73057494 50.652695091 -64.081355989 -339.30724293 61.875136732 -59.726859516 -339.37320499 
151.72442884 -91.323144476 -246.44819302 8.6583072225 -51.348144657 -340.77205135 1.9118236119 -30.673232285 -341.88697933 
-27.567587794 -7.9517733887 -342.02061366 -50.864758972 39.218705914 -341.94374099 -19.762535502 -30.746937371 -341.8274162 
-33.332792188 -53.281164699 -339.94465006 -81.109645452 -76.549246045 -338.66067562 -42.17088308 -28.030259209 -341.82157236 
-71.49648915 -47.633142088 -339.88736508 -110.2470668 -20.371115191 -341.60391314 -39.801819034 98.887578618 -329.72438851 
-32.471503972 74.542930403 -248.11262646 -0.72355364438 -62.079417595 -339.71343895 -9.3630834196 -80.886573212 -338.7374987 
-17.70958537 -111.73712134 -336.06208378 -60.626380939 -115.33244616 -333.82133983 -17.300203959 -59.899295376 -339.76496481 
56.40727161 6.1551251373 -341.73738524 33.98961354 31.302185049 -342.00632875 61.589184538 -55.390898085 -342.02416557 
61.84566486 -55.519550591 -342.02209133 58.068384703 -58.996393421 -339.67358459 56.972028758 -59.901873758 -339.35049176 
58.517287561 -60.146435179 -339.26461095 55.397573009 -60.835637038 -339.26907915 90.208028525 -104.88244503 -336.14551303 
31.743086998 -38.839537498 -341.70169268 27.000599011 -23.310024129 -341.97492182 61.097691573 -54.505930024 -342.02533706 
60.902838795 -54.613631992 -342.02407836 60.57209728 -54.61724344 -342.02356253 60.170610271 -54.493301754 -342.02379709 
59.833629291 -54.729268423 -342.02356452 59.326904067 -54.530642142 -342.02247396 58.859278275 -54.987325312 -342.01146933 
127.40279324 65.815661464 -277.67412278 146.67482219 59.177843844 -304.77194701 67.568780609 -55.476238467 -341.58455456 
70.202720191 -55.423095685 -341.04615672 74.024147044 -54.574328566 -340.04310019 60.565180157 -54.979037495 -342.0239696 
61.104100696 -51.297483037 -342.02453726 61.200618207 -49.894801024 -342.0245613 59.722662703 -49.016836902 -342.02475155 
62.629385628 -49.247814139 -342.02379365 64.400318693 -49.881433034 -342.01592328 65.979374176 -48.418157032 -341.98984865 
68.393311749 -49.740610685 -341.83744654 74.034266809 -48.075234763 -340.50387892 79.859898355 -43.174901551 -339.59407139 
70.553805397 -48.17459526 -341.51985489 70.776759167 -45.172205712 -341.43434801 63.412784619 -47.481967089 -342.02025039 
86.292115411 -47.559214863 -339.14626147 89.384330855 -55.024685921 -339.02879197 99.975225027 -55.710120818 -338.79358344 
107.83436426 -43.042716721 -338.86561653 88.653512425 -39.876555959 -339.136994 97.319002404 -37.725113958 -339.02911215 
-2.1950262954 -104.87186111 76.426120827 -107.23423912 -42.879342342 136.71428995 104.06581399 -66.671191048 -338.09639585 
121.11482754 -77.534230687 -334.76749972 138.62116951 -90.542398066 -329.49030225 96.993008895 -76.407787721 -338.24633237 
103.24926449 -88.765864046 -337.18752906 130.36110319 -116.39502037 -317.70620098 64.226308246 -56.439616355 -341.71214946 
42.386196258 15.813541414 -341.95783738 16.855983191 10.48574892 -342.02450987 55.908569007 33.460947094 -341.74863636 
62.130333676 -55.60972351 -342.0184781 61.894367773 -55.861022643 -342.0086064 61.956762971 -56.320568422 -341.91707264 
61.582250448 -56.045151589 -341.99626368 62.733147784 -56.114128338 -341.90429571 63.560839232 -56.054661535 -341.88479992 
-103.73645543 -54.91781697 -339.10910084 160.17999098 -37.434213841 -157.65130002 156.88690395 -0.32893800664 -167.80030149 
-32.951640436 -137.30051021 16.98797648 -80.209411336 -137.67360251 -6.8560962733 -148.7572421 -70.794472668 33.09674658 
-109.7552071 -111.89553115 -56.404374914 -112.40398021 -109.76246862 29.742664465 -87.734008791 -88.968041086 85.277376243 
-143.48632477 -55.260644926 -53.045561167 -21.102979184 -121.18527391 48.626917205 -45.214426844 -100.33578366 80.118507345 
-50.705009154 -65.065152984 131.03671094 -45.543778681 8.8471912321 191.70459128 15.633593476 -121.29411124 46.81538772 
58.817953091 -97.653505106 86.738810974 51.850139645 -136.55268902 15.858007365 102.06425012 -57.820194377 129.20689769 
176.64396293 27.81410068 128.19617759 94.377653278 -140.18658329 -9.8198153359 149.25354291 -104.69960131 10.268910971 
177.60904123 -24.927404138 9.2149153239 56.509257072 -13.488128335 187.23613878 63.558521085 -45.237283248 -342.01654437 
62.787993722 -42.855233983 -342.00902714 65.548259068 -43.999067829 -341.97197884 61.970639494 -39.090300614 -341.98898445 
57.408128812 -38.470760338 -342.01330648 68.526555968 -42.70795042 -341.73152774 68.908927648 -39.281175398 -341.61919457 
71.700078803 -36.312917001 -341.07042522 70.274207435 -31.35246571 -341.31015862 76.261901623 -37.59175684 -340.00372787 
60.488262675 -55.51409057 -342.02209194 60.401185639 -55.864508062 -342.00228285 60.252060817 -56.40433073 -341.8876265 
60.014114897 -55.906360168 -341.99392599 60.358161674 -55.22811202 -342.02375271 75.096441089 44.007344691 -339.92115083 
73.30981242 67.706055029 -338.28822072 100.92386464 82.503594079 -325.64544998 71.923547389 94.448779878 -303.58916448 
21.670551663 89.586709873 -280.12230419 75.991718766 79.100199082 -264.79892761 61.475335893 -55.116594868 -342.02433514 
61.586201952 -55.181453058 -342.02402664 53.346677452 -56.238001739 -341.40525472 50.973285042 -55.643592706 -341.45009844 
49.76892644 -52.439401888 -341.79635328 45.509760839 -53.072597883 -341.38621586 50.16863919 -57.835794305 -340.63245705 
45.412402815 -56.397411002 -340.596276 50.471714141 -49.671072591 -341.96956433 46.688311755 -108.32473075 -336.66050297 
31.745658692 -121.99535587 -335.67109896 15.877710003 -113.64202949 -336.19555318 59.976909486 -55.190213485 -342.02265333 
59.747105031 -55.585183979 -342.0109414 59.197005424 -55.605100312 -341.99308192 58.910119594 -56.22223766 -341.86122741 
57.964165206 -56.127645581 -341.77666412 100.35515944 -17.637888584 -339.06661329 113.70240778 -17.971936999 -339.01910128 
116.34591052 -1.9904376194 -339.02346691 130.05771855 6.9305208463 -338.9401868 152.04211823 -4.9688779842 -338.15543898 
144.0183895 26.153437695 -337.22720435 163.8118966 36.458163306 -317.36070756 60.444624753 -57.43200027 -341.29801705 
60.466018768 -57.075634142 -341.57175828 60.873468913 -56.696338553 -341.79767449 30.306193338 -142.53636826 -331.03987036 
12.901168582 -153.36537782 -325.51534354 125.64837719 -24.950228797 -338.95010949 141.27372597 -38.676730302 -337.74711838 
138.32802385 -20.401273254 -338.80526918 155.01700752 -48.240454946 -334.24934508 131.80258864 -55.865952757 -336.38792095 
160.84160268 29.510899245 -271.65284116 169.1315977 1.095472736 -250.76593067 158.85266829 41.715433957 -294.27973554 
177.23800941 -21.442769005 -276.10011106 -112.40706408 -83.093024708 -336.37681649 -145.25129396 -86.027206358 -313.24997655 
-160.90976973 -49.173303662 -286.67265608 136.71151693 -99.770000043 -170.93415722 111.6953338 -129.60655351 -199.77686158 
103.62329861 -102.4903189 -335.85828243 118.31488736 -112.9793221 -330.9675579 108.82704316 -131.65939477 -314.61317272 
84.492775739 -143.17365629 -319.46814853 171.2454671 -32.493312148 -241.8561943 170.14909002 -40.45432814 -331.08796874 
174.8151368 -16.978581178 -331.40394051 180.04276132 -34.904873239 -320.8212261 177.849693 -48.237699826 -294.61572693 
-7.1457844144 5.8119012838 -342.02584035 -32.425575253 15.838855264 -342.02393571 -23.360373582 43.814536801 -341.97575786 
-20.788481555 73.123210833 -340.78328356 0.73954719286 100.91201081 -315.58895499 -58.340609902 72.46889474 -340.02704472 
-99.55792948 48.602327452 -338.62266882 -140.16429442 46.420758509 -301.64109513 -102.87453788 56.925446551 -247.55267896 
-150.13339747 13.017296066 -335.42159961 -32.434236321 90.632374375 -287.34300567 -70.070317973 78.084158057 -270.15203065 
-61.255013718 13.433486456 -342.0188077 -87.805542662 1.5294122318 -342.00959417 -121.80739282 11.45845859 -341.67333461 
1.8530583595 27.356166601 -342.02323464 -55.873973492 -71.393006533 -338.85875021 163.1462187 -60.856351163 -327.03367228 
167.29140817 -74.043304811 -308.68906329 155.6688167 -78.946142663 -323.38835839 150.18041495 -96.569594566 -313.0289006 
143.26739082 -107.74071107 -291.30430008 132.66709902 -116.36176224 -268.03582827 109.91443444 -135.87906697 -262.5042326 
100.75632187 -141.71290109 -229.40468456 151.02064517 -96.116478341 -269.25657802 -9.4712670249 -148.42250017 -326.12426171 
-24.724130812 -160.5233131 -303.04130498 -55.291569795 -148.74073102 -308.52170114 104.15294604 12.02462986 -339.06087943 
107.8134019 27.661628304 -338.9901565 115.61369143 44.419066133 -338.61082488 111.08500144 60.814270772 -336.71062943 
121.7888984 75.142642711 -326.47809769 74.196769961 -154.89169239 -299.54287907 -51.478058333 -156.89787647 -276.25997438 
-67.023733648 -149.58427339 -253.8564286 -105.11365241 -123.0452388 -255.67482353 -82.10223712 -138.11824369 -217.70170171 
-92.387758146 -123.52036704 -176.86509113 133.47640477 -107.15035173 -198.71771295 -18.306502658 -84.542822976 108.87592589 
-11.413790409 -62.743251477 145.20907702 -47.989090544 -35.560900953 173.02321893 22.038306919 -49.888941203 181.63702236 
4.921758228 -6.9933204836 194.10684831 -89.557705959 -10.979694851 170.78931346 -89.41306946 62.030837596 171.03522819 
-154.70876554 20.162073023 138.04817855 -33.104478468 99.543968133 109.83449818 -160.95714631 31.805881517 46.529850874 
-80.177838811 109.60166689 31.924260479 -77.085101758 34.083350166 -341.78195314 118.92027897 -129.34135158 -50.946188024 
100.17055078 -134.11514122 -97.645184432 114.28427827 49.867956732 178.9396413 122.98443528 101.40349149 103.8078414 
111.86345492 108.66252752 31.019119175 109.12266242 -77.069215018 -336.83266728 114.52462809 -85.78069607 -335.86020534 
125.10878059 -90.523061195 -333.79248698 129.51565813 -104.09560946 -329.7951911 134.34345445 -78.173067677 -332.19804523 
148.30514237 21.70000556 -136.39648719 119.92646138 53.143482848 -135.46052328 140.23282334 56.349114857 -83.315853933 
164.16614869 52.320827699 -35.895751212 85.187234471 34.778921966 -339.32589502 55.900287918 -120.59953614 -335.30006735 
72.218980409 -135.09320303 -330.54887261 71.202843656 -120.55739933 -334.6992793 -85.303311932 -131.45288246 -317.01545456 
-105.12163222 -124.96515818 -290.89505151 -76.136318104 57.016045652 -339.80412768 -77.915281714 84.202799265 -330.52336881 
-64.164725728 91.393820175 -301.53184023 -68.626070196 60.186937456 -200.13323303 64.362279365 -161.31379241 -277.63893326 
63.403067707 -163.66822232 -247.89056187 38.233853351 -169.1413443 -217.28418519 7.0195247397 -168.97072855 -188.39858106 
-1.2141769682 -164.41151276 -148.4528737 -35.373221179 -153.37751068 -117.82242195 53.291205211 -163.62286292 -187.91305641 
33.272959185 -165.41948422 -159.68093159 44.026592306 -158.34148632 -123.1389195 43.43490301 -150.68381387 -84.288410905 
9.8765929371 -148.66650964 -60.338737163 85.835793252 -148.51957634 -182.68992408 -23.536157051 -150.83749608 -81.654841224 
-56.702932976 -142.14631059 -90.101131897 -93.854261849 69.323603188 -334.27864524 -126.48904557 56.366479692 -327.04268214 
166.48408094 -72.889458043 -274.31534028 159.31758191 9.1952127706 -105.21488562 165.60393196 -31.264642291 -90.955108798 
174.00306664 -28.383817324 -39.897943123 169.88090472 -68.864834788 -11.223452498 170.35082406 -62.438639679 34.532769704 
176.88736292 -7.5169726359 70.0112582 176.28094992 10.821992139 -19.523521775 175.4815159 18.082477157 24.023543535 
177.0561688 47.665592405 73.482726008 -11.738127444 64.40055634 -198.50870248 -40.375658263 68.007488484 -153.19996784 
-18.972178488 82.753941594 -99.067994677 -5.7422564068 101.51686412 -29.51035074 58.28161436 107.0261488 -5.5454732615 
160.47404459 -43.323021967 -124.02755323 158.43017992 -62.345295766 -95.767197202 141.89058636 -95.403769601 -91.921818641 
165.81189689 -53.567442053 -63.24353317 130.44624509 -106.05768528 -119.83652436 -135.1445995 -90.076245516 -12.650280874 
79.684847824 9.9610288049 -339.89341943 143.66962318 40.021071283 -108.7582322 156.36543362 34.133220287 -82.816104286 
166.13694343 33.443352379 -55.698274682 152.98638609 54.706501893 -59.717414181 133.16998133 72.135175011 -62.172494818 
95.898239881 86.842853266 -67.432662159 112.7090631 74.274938498 -87.597603071 147.4449747 71.188170423 -39.953422024 
143.44287099 90.013730583 -1.085883737 160.34720742 70.544024204 -12.690032033 172.16646136 44.995995637 -4.6897173805 
86.168268958 99.75840233 -31.94696215 127.42363077 57.20234081 -107.05004454 150.35241504 93.993397798 40.998716281 
173.80170896 10.04529433 -44.044847344 172.05403824 -13.782020182 -57.25574746 -8.4718801297 39.505121995 192.05384547 
-13.405472852 84.249755892 155.34251331 42.811945989 97.231378551 123.72554901 -79.756443253 -132.48059612 -65.215762796 
-98.577309331 -112.02567097 -96.939092451 -90.533718386 -133.217274 -33.694739208 -109.20061048 -121.33436017 -4.4543416318 
101.98970984 74.044608032 -268.67694383 180.32717488 -39.136465546 -303.20476084 179.6144198 -22.975929769 -289.63839462 
178.63742179 -0.58351346544 -298.13448378 172.7012507 18.919538875 -306.40736864 178.67918779 -2.1159598435 -319.06362062 
177.66315843 -51.15311995 -306.73894888 171.59792725 -66.866235359 -298.0260809 172.04623808 -60.816712567 -278.32974175 
175.3171042 -40.91602028 -270.60126673 -153.90780833 -46.480147249 -7.6064869365 -158.2700114 -17.966770822 36.261493316 
-145.97161337 -46.023743877 87.045411168 -158.02328053 -2.4471020088 82.228102896 -158.97980597 45.510941595 97.523706945 
-145.03365126 86.155747854 58.317663451 -145.1681823 69.241834781 -10.621934642 134.65767828 41.196646826 -336.99935166 
151.07786813 49.715494855 -327.95861587 -87.715048033 56.074530173 -156.40652492 -71.354712172 73.963600617 -109.73240638 
52.986339088 81.996714586 -337.68771865 19.44891275 84.929079921 -338.44618872 74.286177336 90.218022195 -327.92138302 
104.43727787 -139.1722164 -291.53961245 172.89570771 29.181102426 -32.401187367 115.74498363 -67.680498746 -336.5916915 
128.13784137 -67.261257753 -334.8795479 121.55031174 -59.710904787 -337.12327096 120.78559147 -49.683411698 -338.21199203 
168.3121223 -12.183200468 -77.877289435 163.55917362 -10.91301022 -102.56033118 168.54549059 -32.298922439 -69.574435475 
162.90375176 -31.941428785 -110.40279319 176.38357879 -9.7219494701 -30.48682217 176.86320723 -27.043724871 -15.186613638 
175.5325246 -46.59518501 -1.3112160552 172.71417082 -49.286044214 -26.155398393 164.80565102 -74.457279473 -36.740180025 
153.26328454 -101.21925442 -23.086602184 129.29396013 -127.04001408 -12.48527386 171.51540937 -65.102530349 12.910968396 
160.38946085 -86.061547642 27.077367292 128.05457841 -105.89195093 46.366305347 162.48522055 -87.235871531 4.7175802463 
175.14130859 -45.111763095 22.167470771 174.44258434 -32.871799094 51.967066601 169.61530696 -40.842766611 90.48373918 
140.89258681 -55.263572888 112.8596226 134.76915215 -13.395758653 160.14790466 110.38140085 -85.065693103 90.581442654 
177.00552848 -9.1886723273 112.03740449 176.60011718 -24.214811991 33.543896778 177.44678768 -5.234945465 21.528669916 
176.55767464 1.8327655388 46.368876896 177.37704502 21.032317329 69.7880681 177.79072954 31.258735583 98.291851358 
163.59592862 75.18475549 117.51864177 177.1924151 -3.4609911989 -4.5088261941 175.48744696 36.246741801 47.607831597 
170.46131008 69.034228945 49.426898876 157.7258017 90.035700984 80.381922813 175.30452886 17.462529163 1.2012632598 
173.85518209 37.953995049 12.41616562 127.39874338 82.24167408 147.71340218 77.763859262 81.597551663 164.14022961 
159.76308337 -77.026727985 51.564501968 140.05582738 -88.003494937 64.734453024 116.36843278 -97.557273096 69.048971302 
86.080864796 -100.91110331 75.49726799 80.280196558 -82.550054356 103.96521609 66.50830549 -114.91506921 57.826533028 
50.693551948 -81.926664412 111.61092517 62.728722726 -62.513079819 137.52463379 86.975606075 -34.350393472 161.64145378 
11.906242171 -85.583781209 108.99187759 98.487556102 7.0073358634 181.76801033 62.649309472 30.378945536 190.40745384 
104.45982561 -111.92950295 52.120482716 115.73598836 -120.965058 28.341081887 133.11018296 -78.983422838 85.567644762 
121.09517533 -70.326519677 105.21596469 168.05416087 -57.049626003 62.867497987 39.208665701 -109.93090952 67.930703904 
96.652374625 -132.34096836 17.431873238 74.780952779 -139.84931188 5.6435216897 65.67230394 -144.52510152 -24.823046868 
43.604194596 -123.57246618 43.762677531 175.51714067 58.83888441 95.784078984 127.28036954 105.33432794 69.297009805 
84.48883082 110.2803382 79.787883104 173.88396687 52.616033294 123.56169201 155.04526811 44.381346487 161.85953045 
160.03714701 65.485663759 143.83969808 169.84037583 43.413948388 145.10164038 167.69583568 7.9001746335 153.47705367 
27.474638683 -131.53143389 26.088668076 29.926458922 -140.35980864 -0.9512713502 10.686017396 -143.2070477 -15.045815661 
-2.2825684642 -146.58518838 -38.013576999 -29.834825878 -147.08772814 -39.189496503 -48.75504025 -144.56807573 -14.579774652 
-14.543122327 -148.7662429 -59.408573714 84.553623859 101.49769193 123.41606127 -51.563917186 51.405094285 186.16770651 
-55.343343496 81.010441453 160.1526595 -88.308775321 89.557211199 134.77192472 -80.577072597 105.60132872 89.272685641 
-38.221848775 108.33522095 59.480150156 -35.088640036 107.9570494 8.8845331605 -125.27196018 68.121592198 146.19973428 
-120.24869782 27.255814511 170.26663955 15.015823454 106.74690531 12.501969915 -74.971354219 102.9261771 -14.460149073 
-109.61894239 84.515612137 -38.266157521 -114.98395444 96.050381083 4.765532415 -140.94312938 51.076048174 -49.609235347 
-142.18452298 20.130146995 -82.35966851 53.606971985 -142.30168264 -5.8909981528 162.85639662 -24.371681664 -184.80425558 
-134.56972833 12.578901813 -123.93150769 -143.03518723 -22.193968224 -98.952189185 -131.75365007 12.285722188 -161.48211941 
-147.1177721 -11.453047251 -212.33294966 -116.67104261 35.895685856 -143.41564047 -142.40837962 -17.011535817 -177.73191147 
-139.7083884 -52.890678958 -168.76327029 -146.01455965 -44.763293428 -198.48545704 -154.25159398 -43.797872802 -242.94239908 
-135.92418989 -54.970228882 -130.65640619 -136.38615974 -57.550913412 -92.165873031 -122.8889263 -88.791128317 -74.015483655 
73.434501401 -132.29736836 26.299108919 -20.635841303 -44.399043438 -341.12856914 91.912036855 -142.48008563 -153.34321692 
79.70725316 -147.01627531 -125.44432451 100.38113252 -134.99590073 -127.90402913 20.890218623 -67.905032718 -339.26677149 
19.442440036 -80.266349367 -338.86450513 27.332739763 -91.048997612 -338.21551641 19.469744478 -101.6587196 -337.13248819 
40.65135294 -93.077099448 -338.12184151 165.66430775 -39.789009425 -208.22141689 -96.355516413 22.935462461 -341.88315328 
-118.26282608 34.347673935 -340.58619467 -140.19018989 25.748148709 -338.02691962 -152.51906875 27.884871374 -317.54076092 
-164.97557196 -8.1182712184 -305.51809326 -152.63065134 22.254860769 -288.62870373 -136.69536538 32.489032558 -254.78145666 
-151.54273987 -17.21380739 120.40708207 -134.92382831 -7.3331002771 156.22816256 -60.246035772 -149.8078848 -195.22048639 
-58.587396399 -147.1634737 -158.47767324 66.063229713 -16.680733163 -341.41545435 153.15377668 17.115035637 -199.44829824 
2.5762294955 101.53084784 79.608336392 8.526418256 -83.613540299 -338.74153279 -2.1106857187 -89.132281488 -338.33283628 
-3.2245710819 -105.4604753 -336.7720473 -17.185724714 -93.201046936 -337.78336852 -38.204404206 -101.0822443 -336.61101602 
-7.0097164215 -123.93006368 -334.74171517 -39.936081072 -121.39939844 -334.09714798 -53.567148066 -135.3056244 -326.15061822 
-20.769664352 -124.84068765 -334.34100279 139.31609372 41.327034177 -232.62241024 155.71849801 20.224461416 -227.4997758 
144.68783536 31.439592856 -212.23957921 136.15108766 37.213853774 -191.43626227 112.17610771 53.234758179 -177.76145624 
85.628710778 62.251917802 -206.73414004 56.050468217 65.182218967 -192.46502867 48.081462335 68.855922699 -157.09327803 
40.806601231 78.642985365 -114.4855641 21.116732149 65.250312041 -206.56739488 14.763159888 73.990700957 -243.36789893 
76.246720988 70.698571461 -136.91101822 120.58818952 53.393547625 -228.32725565 107.35405746 56.673987041 -211.60190491 
138.4452721 66.047271903 -322.9054851 130.43892888 73.196895649 -307.76571488 -9.1189032202 -20.202841002 -341.99226349 
-103.98834071 -106.10849407 -130.45474019 -82.729770776 27.156965227 185.35202829 94.736413242 69.485240598 -335.70142177 
117.51228051 -129.17944168 7.9042774815 132.09050788 -118.33781267 14.42790698 141.66270349 -104.2127298 32.065455086 
136.2942474 -119.69815865 -0.67305081781 142.18920416 -116.96883698 -21.221357037 143.79445919 -110.31573913 -42.798168698 
137.02546325 -109.54085707 -67.00816961 124.26477001 -115.55672083 -95.135629817 129.52721142 -126.07747853 -33.835001523 
108.41515938 -136.79883015 -30.146295905 96.693596821 -138.45403817 -52.489432967 108.19071041 -131.29833001 -73.401255773 
84.827328951 -141.40471401 -79.821585536 151.47144436 -104.84205766 -9.3850752586 159.53630867 -91.853919817 -9.7679169038 
162.44993158 -83.235104153 -28.924301701 156.04371515 -93.766935878 -35.479685718 86.334982319 -142.40687188 -32.061334202 
99.307205951 -75.880475724 107.4041982 82.168344184 -69.100991706 122.00648122 -35.357523641 -38.331415391 -341.29476132 
-49.370949041 -48.23845722 -340.08050494 -61.483795581 -31.267105309 -341.62892609 -81.925245584 -29.164033188 -341.39730599 
-31.728389286 -26.834392035 -341.87842953 -38.83757073 -16.084024316 -341.98917341 -40.277224645 0.95453361921 -342.02221207 
-53.968817572 -21.763369386 -341.906659 -52.677695654 -7.3788846914 -342.01072691 -65.974737998 0.034840939711 -342.01842465 
-77.997763857 -9.3536357729 -341.98204176 -76.069887733 10.937644299 -342.01602145 -94.945573362 -12.709954525 -341.89774642 
-110.77295199 1.6372733393 -341.94320329 -131.26663862 -8.5411139586 -341.03351294 -132.26035987 -31.785428186 -339.17657105 
-132.25665805 -57.208947444 -336.08934309 -151.13977382 -18.792592854 -336.09962282 -163.28701754 -28.486609991 -320.07903973 
-95.871472888 -28.221430558 -341.28255739 -113.83952062 -39.241152665 -340.03252413 -85.599071032 -41.84478787 -340.14659306 
-80.541641706 -56.702574526 -339.28556824 -98.640546999 -65.664412426 -338.83129441 -98.80700568 -83.477431749 -337.43959226 
-78.491133228 -98.460290295 -336.20064289 -108.16068063 -97.787428357 -334.34233422 -94.27312544 -116.03150268 -328.78113948 
-127.94648182 -96.166866111 -329.48951216 -131.16531525 -103.85021945 -314.43700502 -136.50245395 -97.587641119 -292.61348693 
-121.38562486 -110.2269021 -274.92516582 -125.52674515 -102.38152973 -245.48357701 -151.70872589 -73.982632503 -288.39279735 
-150.39315901 -66.203050568 -258.40596096 -158.52666063 -58.973525426 -313.22334327 -111.93239116 -65.295050235 -338.30289933 
-57.472208846 -92.946128121 -337.03574501 -165.31146013 -28.345751506 -296.50798177 -160.0174023 -27.719106149 -266.94210312 
-154.49313362 -15.158295372 -243.03322311 -141.53315699 12.819026947 -229.37606898 -118.7305606 39.599071826 -224.56726954 
-92.116889193 53.649974999 -215.32232566 -61.898944044 66.181716126 -235.17800559 -95.193320358 50.94278883 -187.35732286 
-137.10267084 9.9776269071 -202.09769723 -103.06039789 -123.90691617 -312.40375964 -119.72497131 -113.52650678 -304.01364586 
-39.407826089 65.267634448 -217.1500519 -9.6744915576 68.736901801 -227.2835122 -40.440080965 64.035858521 -187.78785198 
-63.771473322 62.198933588 -172.06255752 -15.823013946 65.512499869 -170.03653811 12.57393467 64.927602935 -179.51328573 
-14.415227679 70.961890771 -140.23767552 3.1725801961 76.433403445 -115.43155351 14.840820741 88.700753582 -78.450730343 
-41.047942195 75.871907488 -121.00798594 -67.830252109 65.741994583 -143.38801869 -93.228343951 59.19064072 -127.21235612 
-98.072179932 65.783033459 -99.849406827 -121.19364452 59.113872582 -76.14452672 -78.184248486 80.94097715 -83.718865355 
-45.870494013 87.965131146 -81.433173268 -32.322363642 96.773363406 -53.111467214 -93.823481647 82.730278328 -61.451901694 
-85.882219085 94.029944478 -37.760614913 -102.32529917 94.920114976 -17.454777931 -125.29466786 83.034584688 -17.857332559 
-137.7198395 66.67772045 -31.436922201 -155.4641186 41.106985661 -19.512647642 -160.33842082 5.1630077261 2.4008214394 
-159.81305376 48.110495233 16.705726387 -125.32141107 68.080261269 -51.088104388 -151.21823279 77.046315144 25.86795067 
-124.78079998 97.116816676 36.466138038 -112.61203048 100.71612153 75.33923662 -62.156970317 99.58388025 -35.555602646 
-47.79682508 105.62472188 -13.871103969 -62.075930522 108.40485794 9.0781624613 -48.312103647 109.94727068 32.446183732 
-8.7557455011 106.73041353 34.766816095 -64.78286587 110.84987113 55.428482892 -22.199467598 104.9266768 -13.790782664 
-93.009843869 107.77769896 55.598806057 -10.253989009 106.86251476 9.2958839673 6.0620733791 104.19900979 -12.049477125 
33.70654945 100.52510958 -34.961839082 34.16378876 105.72194298 -5.6896549232 46.252522037 108.9883535 27.681220716 
77.077393593 111.29197313 22.396154382 102.22196337 105.22990045 -1.4567370992 -58.474484743 108.43996122 77.978544035 
-57.807301699 103.06780371 103.53325136 -52.324151205 94.344173297 132.57471546 -30.755538352 103.92307275 85.201072526 
-83.262349468 99.057384023 112.93966823 -104.34165579 99.195931037 96.728071364 -67.26933058 -61.053955174 -339.17756382 
-91.28933165 102.98101138 -0.350704352 -100.94303508 104.95118136 23.886727508 -162.9130896 -11.139960075 -285.22047963 
-26.060524568 92.141632537 134.39794778 8.0017667793 91.857416866 132.4256153 34.463011279 85.014687948 157.48763853 
-9.572766665 95.363150397 117.46645151 20.124334818 97.858154881 107.5224268 48.340940331 104.22282225 94.788739443 
-132.91397562 85.807825054 2.8475850202 -126.37005117 -71.006855567 -336.14001113 -146.0394437 -70.388496131 -327.02540967 
-15.450177515 104.61708818 65.000916215 6.772698338 104.59413373 54.521297723 -160.57581819 5.4521255552 -293.32414246 
-160.85144174 9.9309742826 -312.53295247 -162.42030077 -4.4077064294 -325.28924935 88.759254144 112.19270086 48.975733225 
141.3536517 -100.81469951 -322.93903348 139.66384493 -109.10180272 -312.43690244 129.83813637 -119.01896676 -305.66942832 
117.92811343 -128.35782302 -304.68705272 120.6510835 -123.40197291 -316.57913898 110.42832423 -123.21471887 -326.23195094 
97.1519785 -133.6384722 -322.87328885 96.94570494 -140.30778577 -310.90052089 85.522125667 -148.23207945 -305.74130398 
73.473205311 -151.45405479 -313.15233808 85.795374337 -150.54241675 -291.84280064 62.465743148 -157.5237345 -307.10477123 
48.296693898 -158.90193027 -312.5145878 26.998128038 -164.01345573 -308.78547598 28.826804388 -167.92809427 -287.24208341 
15.300128543 -171.487539 -259.43467056 61.461908942 -160.36170072 -293.26563051 49.760402379 -164.98633199 -283.05192328 
75.001831485 -156.31629191 -285.23874562 76.385564687 -156.83899216 -270.28102407 90.389111667 -149.72276194 -251.70829411 
65.445697748 -161.9366625 -262.56339451 87.109583517 -151.73974136 -263.34906959 97.783394381 -144.78822039 -268.4183936 
109.013514 -136.64266202 -278.85531169 121.18500777 -126.9715703 -269.7493916 77.667734797 -156.79769856 -251.80870688 
79.610097803 -156.09047928 -235.47999743 52.264007123 -167.10026947 -257.05160548 42.644909833 -169.63464729 -239.02936387 
37.859489075 -170.16567543 -256.48027433 24.246474867 -171.60147384 -239.82376357 119.62789892 -127.72104808 -254.80992106 
113.09173552 -132.26627936 -239.01381676 117.76314695 -125.91193922 -217.38914472 134.34987214 -110.29313617 -222.38699135 
148.12629513 -90.956655207 -214.22197357 56.773166214 -165.51159702 -223.25837172 49.618257807 -166.34085922 -210.24111702 
31.72090188 -168.09345351 -192.23904054 68.893539997 -159.47331504 -202.31098661 84.601386874 -151.21956899 -202.00272782 
69.895581883 -157.15917447 -182.81928537 56.611868603 -161.15661373 -171.08838065 50.28933822 -161.84453807 -155.74829526 
34.719461077 -162.60925615 -140.07251394 21.390224159 -160.27594212 -121.64968823 59.381876634 -156.54688491 -136.60581136 
-3.3136272881 -160.14683172 -123.90878145 -22.413343198 -159.75684758 -139.30806865 42.279488519 -165.29021215 -174.63732258 
26.254994416 -167.76411546 -178.94693662 14.466152164 -166.61167399 -161.41927803 -9.4923439838 -165.69643177 -168.4970189 
77.936040858 -152.10556176 -165.74254006 32.443524631 -155.56653997 -102.11213606 21.524518498 -151.85930021 -82.072917406 
34.156089619 -147.82707855 -62.596371175 56.71736398 -151.79857197 -103.66637874 -1.539388718 -152.45182657 -81.340879023 
-13.048636619 -155.48622149 -100.90187584 65.165863095 -147.59638345 -85.993294723 78.933350437 -144.67729391 -99.230422783 
54.411060258 -147.16631508 -67.815452815 49.135217232 -145.40602895 -44.542626188 88.875415532 -149.96858129 -218.7459464 
102.4786037 -138.55926017 -208.875054 28.279232374 -170.44494572 -267.18915965 15.714653361 -170.48903444 -273.91317298 
-2.9069078168 -170.48043956 -265.62818028 -19.322895722 -169.28069142 -246.13130061 -24.231495637 -167.93094037 -215.18793951 
-5.566274806 -167.61569561 -286.97209057 -48.036242304 -150.96220118 -140.9547977 -61.533413716 -140.93095635 -117.99163611 
-80.696996173 -126.98836041 -109.81337065 21.389029777 -164.15260728 -141.89499204 84.944169662 -134.25245265 -328.37707646 
100.57690648 -142.66911678 -253.42498632 96.163783332 -145.6811975 -241.15743374 2.6097933504 -171.50485828 -251.75133691 
6.8273128051 -162.9291013 -135.67375002 87.86317414 -146.4954373 -170.03640596 107.77327385 -130.38740083 -169.74672072 
100.63156992 -137.80355854 -181.93053939 123.78866182 -114.26763831 -169.0995774 79.504974099 -150.39307602 -154.11026004 
86.645744216 -144.87363917 -137.83804104 70.223671313 -153.61042407 -143.2871504 113.87162089 -132.46508195 -292.71679448 
106.64980774 -136.29251676 -302.50879325 119.48031273 -128.66478991 -283.24881159 128.58323629 -120.84783784 -280.92422642 
138.34680473 -111.56015512 -279.81297994 142.30108419 -106.26840626 -267.55764546 136.42868659 -111.34243049 -253.41873794 
146.59194552 -99.813990124 -256.39778778 158.64533512 -82.526231976 -255.97370112 160.87186316 -73.451750729 -239.28596203 
142.65569869 -102.90204848 -242.97644729 147.0949171 -95.189743772 -230.39586017 147.37445751 -102.07138944 -280.41452465 
155.61522295 -92.138893634 -281.53611659 151.54836401 -98.76479506 -292.17458797 146.82541435 -103.84558354 -302.14348025 
135.02502092 -111.51485539 -240.15892828 130.33385547 -115.53068362 -231.11997088 120.55735002 -124.96705997 -231.66426235 
110.33574274 -133.54937905 -227.16755705 126.6568619 -117.70297726 -219.53393511 123.06284267 -119.23768882 -204.27694554 
119.54705807 -120.99716207 -188.9944224 133.3747138 -109.56139466 -211.69060585 140.92240778 -99.800008552 -206.59674376 
141.62932693 -95.922470938 -192.10532963 144.88430679 -89.204762903 -177.68862862 154.32443638 -72.192645966 -175.70654929 
158.62264517 -56.774823736 -166.6990425 157.1021643 -56.939622497 -145.19278422 142.93545781 -90.251368198 -161.9589893 
132.56506983 -102.76699717 -145.39004239 146.60026425 -83.158078753 -141.52892334 133.83206907 -104.92872146 -184.23936506 
110.18651498 -132.46717709 -213.28423995 138.77732599 -95.227213085 -126.02761652 143.73183803 -89.451102543 -108.7197367 
151.29234997 -78.953830268 -94.935716438 158.46301493 -68.82463311 -77.38291123 132.12981229 -105.46534356 -105.12698795 
153.24483359 -84.685937873 -224.56533551 155.92167834 -77.591094718 -214.11245158 160.51630159 -62.905801055 -199.82908026 
159.08186414 -84.636126919 -269.60386703 162.9390143 -81.668178104 -283.73752622 165.78958852 -78.338111651 -296.54756996 
159.93763016 -86.177944436 -307.39821219 169.14651578 -70.355958405 -286.15133231 162.14300849 -40.662410097 -177.89766942 
161.40506044 -28.546260667 -169.56916495 159.90570444 -21.426521164 -147.11306412 156.28364491 1.3724041206 -144.51533237 
149.46106167 16.479331346 -157.19912403 137.96201069 34.221662739 -150.504081 123.08125479 47.455358898 -156.33621004 
99.367661606 61.201958299 -151.42971429 139.33030313 37.508316697 -128.77026564 149.67113925 17.963141699 -176.62589118 
159.22636158 0.30595277446 -189.31836061 160.41134998 -13.099051027 -174.67121969 160.14099283 -34.821281831 -137.73836399 
134.21487283 -116.27884587 -291.84934004 167.23548774 -54.431976422 -236.21511874 170.1759238 -47.761593952 -247.41148101 
169.08197102 -42.748425423 -233.89180699 168.87161476 -25.990110801 -224.16154331 169.03216435 -11.34343123 -236.74563418 
173.20073488 -16.65622692 -256.59859844 173.6167847 -1.0251909951 -270.15433416 165.62295344 -23.8478111 -205.72055142 
163.12930175 -8.9688197155 -202.1668198 158.49645225 9.5144075764 -210.05363811 165.88411312 -51.873108534 -223.42423809 
173.62905448 -32.584937112 -257.31443667 156.70235559 5.3888786932 -124.69478131 152.32120959 22.83616079 -114.62017593 
155.79973786 26.41974054 -96.337506757 163.50138718 12.826255212 -84.201410325 154.09522228 -95.51611463 -302.10639105 
168.20617187 -37.5347925 -222.58031229 163.70893089 -38.028142448 -190.59921842 18.539596036 -170.89220014 -211.81804218 
-4.8626737341 -170.51002396 -208.77822015 -15.111131982 -167.73115614 -191.4294167 -36.502297187 -161.94512109 -197.97277975 
166.19396757 14.920978155 -260.90300804 161.23261927 19.842372799 -249.94561585 22.159389474 -146.21357226 -46.871049405 
139.08686704 -111.79704861 -300.719326 -30.721829446 -151.77455631 -98.064571056 -41.066729141 -147.40526208 -83.796210482 
-34.007723372 -147.77626015 -64.974719607 -53.754967519 -143.18283922 -69.161818005 -49.803166016 -145.85117483 -102.00539796 
-66.320953672 -139.02152497 -63.692741034 -70.748658838 -140.72020518 -39.776697159 -71.958953213 -135.00719926 -75.798283786 
-84.050447325 -126.00255112 -87.340796927 -74.799323972 -131.66909802 -96.371706554 -100.02678614 -115.50669638 -74.229996971 
-112.99697825 -98.791797005 -84.851478877 -109.00414459 -100.013045 -106.13954921 -77.139199093 -136.36237997 -51.35765805 
-94.892525993 -125.76263967 -54.368513371 -106.80204842 -120.57688031 -38.821995505 -124.11736303 -101.17308675 -38.057214144 
-103.58080057 -126.44042101 -22.921496972 -120.43191555 -109.66171776 -20.891308745 -125.7204777 -104.42475135 2.9983685654 
-138.83948089 -86.342948991 12.332642295 -132.70332313 -90.405742368 38.748543265 -100.26490817 -99.233962583 62.778942972 
-142.93110352 -67.735991416 64.687310103 -119.96217688 -72.173844336 90.785240996 -93.853585671 -132.30827021 -10.463420406 
-85.879486897 -127.34132428 19.921776848 -96.331873531 -126.12797095 10.501763533 -113.52454085 -114.85912235 11.240046595 
-125.46892244 -102.74823613 17.633145194 -93.272808577 -66.730068889 113.65918001 -153.74201287 -42.26019463 61.763044056 
-137.87451913 -77.134298511 -37.229823631 -73.217507658 -105.47241307 65.617327216 -62.307423744 -139.56985285 -102.284303 
-145.98400168 -67.019336022 -15.51838798 -150.83927199 -63.82569713 7.4211861255 -157.47945089 -38.646947137 20.031494319 
-148.98085772 -49.948152775 -30.67637195 -151.59465798 -21.847376106 -51.148063904 -155.83439848 -22.579415926 -23.577913268 
-85.659168494 -136.73414201 -20.637411031 -72.097336702 -141.41637908 -19.303854496 -52.782454921 -144.88651962 -28.653726826 
-63.623712479 -142.20522508 -7.8357244492 -69.357517899 -135.76851362 11.999195945 -49.059129621 -140.90224674 5.8946869927 
-31.509531995 -143.26896874 -1.7978819901 -51.555246068 -132.31379207 25.86507172 -33.35442726 -129.12833005 34.543337335 
-10.028664424 -130.50525397 29.809688468 -42.219347104 -120.23798666 49.58166431 -28.398770004 -109.4787787 67.324605224 
-21.101585225 -98.859759846 85.647188863 -14.85851903 -139.40964928 7.280229038 -38.543384485 -88.706124779 99.25483592 
-62.366780857 -89.583395326 92.450923416 -36.876588091 -77.57438176 116.24487345 -59.038076037 -76.430886557 111.86033758 
-73.926134434 -63.014218249 125.46018351 -64.387443007 -46.784271913 149.29168475 -29.115124094 -66.371483448 135.36196501 
-29.439637153 -53.385722783 157.93426127 -12.108599755 -45.466085117 187.85916578 -10.796752308 -73.088629052 127.65748852 
5.4597600981 -68.510304477 135.88873471 22.911912241 -59.114937974 155.09753815 51.430625055 -48.409024274 164.38902738 
3.9048411302 -55.886206997 169.79654109 -76.779233286 -78.17888285 104.36610566 -60.400188344 -115.90156214 53.656910332 
-82.147037426 -116.27626231 44.233747838 -38.491016943 -146.10426913 -27.316203181 5.5879578448 -79.080891007 119.25961958 
-44.175935998 -145.76053584 -39.925159273 -35.859269436 -147.03065081 -52.054994109 -21.863577837 -147.83200171 -49.595622906 
-15.873089865 -147.16796624 -38.390238847 -23.355942937 -146.3875174 -27.053232775 -31.319472208 -144.9067364 -13.801250119 
-9.4405507181 -145.68249145 -26.897917898 4.1552088699 -144.99402023 -26.580101253 18.374150557 -144.48723608 -26.436214602 
24.847066662 -142.85050885 -14.645675903 40.446296893 -143.17451793 -13.859315301 45.775864207 -144.68235096 -29.025646429 
-2.8388351018 -143.8408786 -15.056623599 4.2466502953 -140.91269711 -2.2414848732 -9.4193240326 -142.00526684 -4.0502598931 
16.457502869 -138.3981115 5.7700232916 27.874693221 -136.24759762 13.237175364 40.039385863 -138.2246668 8.9229860287 
15.718805612 -133.7763093 19.295112215 15.185997117 -128.16236713 32.909178119 0.62222614096 -124.91687897 40.155260517 
1.1308702763 -114.57619464 59.522400693 3.2001599332 -131.68507404 25.565816265 20.226822521 -109.35229095 69.018813512 
35.244962771 -98.037802395 87.806891366 14.033737705 -98.858390529 86.562090418 -3.9651579693 -92.046081877 97.428587141 
28.582801504 -125.6686144 38.762277567 30.182962484 -119.08535884 51.377371439 39.698495956 -129.70131158 31.521336689 
52.591838697 -129.04856508 33.837900997 66.477793012 -122.08349417 46.064725096 78.652168944 -118.21727488 50.171595859 
80.25171905 -109.6795269 63.417653183 66.883495709 -107.58626467 69.755597482 95.964124904 -106.81492272 63.293545944 
102.76313967 -99.056251638 72.993717194 96.552824719 -91.821420555 86.019563089 80.097206665 -94.074339781 87.508373078 
62.480247533 -90.897056517 96.297853635 62.814701627 -79.398555669 112.73078742 52.288342478 -71.275023387 127.37873799 
42.058203479 -62.62693329 143.77105646 53.005299865 -111.25295601 65.210630012 46.363587081 -105.92814527 74.646750655 
47.94860041 -93.190313732 94.804860266 32.861779699 -90.729743363 99.918726492 29.255265941 -79.136139053 119.03502623 
12.240833131 -145.89753691 -38.882238943 4.0864746505 -147.54154026 -49.217916051 38.887521445 -134.33765703 20.441696871 
-2.1287921497 -148.85779294 -59.529262046 -7.9106161903 -150.47746212 -70.320304013 -8.7657848216 -147.83785365 -48.848741254 
54.527609951 -119.14652554 52.118636105 -21.423226297 -149.71691067 -70.258704618 -7.0217986345 -135.56836485 17.25566224 
-20.463239697 -135.42497702 20.150578676 -99.231933115 -109.95403219 -109.77603645 -90.040300232 -119.07258662 -127.63615971 
-94.761821056 -117.07948661 -150.01976393 -76.675993821 -134.09110217 -159.2343299 -74.595324022 -138.70688379 -182.4321237 
-88.705390751 -130.05025638 -198.93460333 -105.62822299 -114.57878648 -194.83139605 -125.74508932 -92.84859856 -198.80967457 
-109.1433802 -106.75565926 -171.71741596 -111.72239521 -99.880109324 -150.47792654 -125.4742951 -79.51582796 -139.7822912 
-113.19486775 -95.27213808 -124.82956717 -138.50176012 -68.359116448 -191.50844718 -122.71184169 -100.64848531 33.848050733 
-117.88736605 -97.691109622 49.697951423 -120.65344706 -83.866275065 71.780661015 -102.88398635 -108.13345515 44.703561953 
-134.12659979 -91.414145462 25.297760336 -141.09388243 -81.862023856 35.741251923 -145.35731431 -73.879999711 45.137687135 
-153.44793261 -56.089336637 45.365011284 -133.0039344 -83.923461765 56.031595592 -157.38232287 -36.301286886 40.877459917 
-96.800750093 -117.49965801 30.935235131 -96.604278697 -126.40889862 -215.30870573 -92.693024256 -132.18734087 -236.65566297 
-85.014947023 -138.42488482 -258.08911154 -94.507817159 -132.22534895 -276.82481881 -110.01845518 -117.28439262 -236.34806584 
-143.9080775 -78.766864625 23.069125258 -150.55200562 -66.829955243 20.379724062 -154.01357104 -58.065999356 31.379788179 
-155.0892592 -53.539408605 16.4141379 -156.42671051 -43.277561962 6.4209029431 -158.43927722 -20.17569513 5.095778859 
-156.87569531 -32.845275791 -2.2999073191 -157.52457129 -21.113587417 -9.3359513384 -157.98245936 -0.78145326633 -22.678859102 
-158.05181198 18.42659809 -21.459278663 -159.81392585 28.832537689 -0.45710369709 -160.89393699 23.542286876 25.199924187 
-160.29537978 7.8266489219 42.864368673 -153.35375969 29.905962178 -38.178465635 -148.70647112 20.498678891 -60.67982097 
-148.89776793 -2.6234763787 -69.1221125 -138.31912593 39.482441266 -71.044027739 -130.17847342 38.928207713 -91.966260479 
-154.94451482 -34.146070234 -16.151839901 -152.30197108 -35.670805447 -31.533951797 -148.18817087 -44.034142203 -45.091256364 
-145.69094304 -38.549226629 -66.737600331 -153.96582477 -22.069488642 -37.803315102 -154.14862314 -7.6938166826 -44.003239106 
-151.71210381 4.9999198675 -55.323049292 -159.39054105 -8.3657748437 -2.28610827 -159.77957936 -6.1668277869 14.558164455 
-158.38089492 -21.925075639 20.900398767 -160.67949004 11.259995102 16.871734004 -160.10147728 1.1767020109 29.219325753 
-159.4578934 1.6149723307 -10.733151024 -159.72689712 15.616529585 -8.2374674167 -160.56735097 17.537038817 4.6289674828 
-160.66984402 26.433122352 12.472340689 -160.68852399 36.424918345 20.974142497 -159.78319909 56.618148532 38.906870935 
-160.38594966 54.728889012 67.929561307 -150.07653042 76.022551806 90.337222452 -147.7203896 62.67086689 123.0277834 
-160.9119205 33.737220567 33.785426177 -160.87532282 21.072142835 38.219541119 -160.81471495 19.830929279 51.831818656 
-160.84702959 32.876262077 72.548467417 -159.77822152 4.7937270379 64.635833345 -157.17887204 -18.906140793 64.580518991 
-153.09835043 -22.902605149 88.546642283 -160.51230717 46.818037119 29.365583977 -156.84526372 65.617164296 18.182995843 
-155.21743084 57.347480914 1.3677292087 -160.81008975 43.902677344 42.075625288 -160.56637025 52.377424293 53.01965505 
-156.64108268 72.012469399 51.340318618 -147.89910396 75.257721217 8.5100477067 -151.34652008 56.807319634 -13.707304124 
-148.87749652 49.437407632 -32.826426086 -160.8771764 42.705416215 63.617875964 -160.61179684 45.211114245 76.8078757 
-159.24634069 58.197559692 82.521889381 -160.29882883 36.022381597 86.820236138 -157.84172167 26.678050958 113.03735785 
-160.38754616 16.938112596 81.622895118 -157.34764294 5.0328145104 102.58694435 -155.31237332 73.653127633 72.781865701 
-154.47503733 63.606473796 101.86555782 -142.38782584 76.713129302 109.94379311 -132.77493949 89.147110861 90.859856021 
-154.86737203 48.124614836 116.96440655 -148.74740503 46.183390013 139.0916661 -130.76716638 78.166473956 126.23179621 
-110.55129786 85.161867702 130.34444149 -102.1982769 77.767190442 148.63310676 -82.069011626 78.094248838 157.11556816 
-110.39155375 60.492671068 162.86070896 -130.47728489 46.775481022 159.15811786 -100.27672895 42.488497226 176.37732955 
-156.45652978 7.0585501577 122.34584581 -150.65885176 -1.8635202456 142.38702826 -143.50956751 14.135043313 156.74882976 
-69.576240325 70.11689973 170.50132596 -72.929762854 50.154737953 182.78263066 -49.659732231 68.639697495 175.87535568 
-24.671890434 60.980380839 183.97324275 -35.651937835 79.196816279 165.86863468 3.450235366 62.426540861 185.55149719 
19.769006653 42.156960722 191.15189601 -40.487392098 87.563537027 149.60371088 9.2391451433 19.463961437 194.04843032 
32.745940408 2.9719547313 191.97932712 -17.845571399 10.413960242 194.38072862 -19.410670659 -21.127416088 194.1995886 
28.846107802 -26.086705578 190.60345604 -156.47517232 -11.019236312 -29.799070273 -158.68147706 33.121610991 101.97365328 
-158.38914247 18.130963837 103.35696929 -157.31364658 43.41662784 -4.8393168968 -62.107580842 33.318936288 188.78708499 
-38.062014263 33.016045531 191.28162373 -68.201433091 11.959665174 187.67145704 -60.441433982 -14.87876848 181.41988892 
-87.099918696 5.78799829 180.65267918 -107.68405912 2.8365401902 172.08848877 -110.37298781 -17.266948228 160.06662086 
-89.538482733 -32.229970897 153.77329447 -126.71667351 -30.508612266 142.45773476 -132.94847214 -44.654550911 118.42812406 
-100.18113156 21.366354879 179.21548658 -156.59933684 -0.72812056875 -33.262192745 -157.29536641 8.73897415 -28.21331534 
-155.82392121 18.848637387 -33.513340288 -152.91758908 19.140519637 -46.300416918 -149.31036915 31.53325207 -50.153560886 
-156.32193516 29.168807848 -26.516350852 -158.1757616 29.442107137 -13.931518911 -153.13622953 39.708776703 -30.702963693 
-148.40815491 42.439676155 -41.836059133 -144.50855056 84.784945899 76.093504303 -130.3478565 94.200437488 70.060647687 
-117.83010571 100.56835231 54.136313132 -105.15082173 104.56035309 37.013956208 -160.94092952 30.817658754 59.374002298 
-160.67541648 18.562668826 68.081481373 -159.83255947 38.867545867 8.1512380662 -136.75123521 91.844082784 52.723408492 
-147.314064 83.183638199 40.706885071 -137.99749813 88.427063389 26.75746717 -121.42900586 95.510532192 16.557659413 
-136.46379022 19.816571244 -103.06882978 -143.13215001 0.22489477593 -94.036298283 -140.21289112 -7.3840610922 -117.5305383 
-139.98728136 -31.987641265 -121.97955058 -125.62316654 33.710974102 -115.81283872 -137.42696725 -2.3099220096 -137.40177496 
-138.04700256 -6.4518226014 -151.41929832 -137.22380648 0.60610717651 -172.35941858 -130.34515949 17.14328675 -178.96164067 
-119.81451362 30.488599188 -163.84133538 -139.5441074 0.6131247468 -190.38978984 -145.57808362 -18.698073389 -195.90713409 
-144.94293501 -33.56377763 -183.79990235 -141.66783074 -31.621431538 -163.56478844 -149.01173684 -30.162265086 -209.52368826 
-148.47735932 -49.527812108 -217.76122755 -148.16955454 -63.726615249 -237.65711283 -151.74330943 -23.224715652 -226.93147557 
-137.659903 -85.142740314 -240.34314132 -127.154052 -96.051252562 -221.32256023 -139.12970641 -42.09618859 -145.66756968 
-134.51066181 -62.065093118 -148.48386267 -133.24870955 -70.0562891 -164.0062577 -142.02092287 -50.828577205 -180.29543299 
-130.86215272 14.903735665 -143.08459495 -129.1714204 -81.225046904 -175.82790085 -122.37536539 -92.92725556 -182.54984871 
-115.50516888 -103.97797358 -192.9497675 -120.25367249 -102.20569528 -209.11498381 -145.53927547 -75.099820261 10.297548665 
-140.3983178 -82.620677052 -0.81242004438 -145.95887798 -71.371387351 -2.5426725485 -150.46861926 -59.836567468 -5.2069135476 
-149.70148634 -55.114337234 -17.90016104 -145.82102593 -62.074664538 -27.7557645 -145.01382307 -58.031306843 -40.17333366 
-139.63622435 -68.29667209 -47.809870028 -133.99365199 -70.721539581 -71.267327204 -130.66976289 -85.504662579 -52.154985052 
-133.80185416 -93.700587586 1.0214216875 -141.8496666 -73.269215194 -26.111802872 -136.30146926 -84.831758089 -25.977101976 
-128.68140233 -97.896791757 -25.130729042 -141.13628685 -78.526725034 -14.03373739 -131.37429677 -88.898319628 -39.621071422 
-118.15863453 -99.71039178 -61.982062716 -138.56702141 -62.099639047 -177.95155325 -145.84167982 -35.233380934 105.47447987 
-157.75126722 -31.592105424 9.7651490096 -116.12012405 42.136008817 -123.72337031 -101.5536725 50.609151832 -138.27874583 
-104.3155119 45.459833892 -157.64756104 -103.36801093 55.685781467 -118.11815083 -107.76042061 42.793753042 -175.59391922 
-104.68115629 45.462235378 -192.86453096 -116.22950735 38.529783117 -209.04136506 -129.50323983 26.171426964 -214.72125706 
-108.73628848 45.474229956 -217.7222448 -108.98021067 48.83656297 -233.41130402 -122.32677684 45.493744911 -251.02261386 
-116.21656484 61.633576266 -280.04459273 -131.82142411 45.934583338 -271.56895685 -98.09707764 55.040867823 -234.4296855 
-81.744466453 67.210610799 -251.41409539 -79.454527864 60.400021605 -227.93437254 -61.920725627 62.385963867 -218.45966449 
-95.227137555 70.590686966 -272.60150945 -48.669730668 63.083618096 -206.22734183 -114.20870221 56.052662056 -262.61194131 
-95.579715201 50.88773369 -202.10780038 -82.228096747 56.467220438 -205.558393 -77.407876193 58.039010582 -191.23218129 
-83.518050384 56.565203702 -170.84676452 -65.417628737 61.029244639 -185.8447021 -52.986296276 63.12100366 -179.56133864 
-41.408829293 65.361534336 -169.48543289 -54.685299464 62.300843695 -194.90166666 -53.457848257 65.110266027 -226.28833116 
-46.528339181 71.450721269 -243.40335704 -48.982075511 80.23481667 -266.24210965 -69.495098358 70.705193024 -251.7247684 
-39.113197633 68.895489748 -233.2998615 -24.514105139 68.070648278 -225.79590947 -23.1234854 65.369249064 -209.63832875 
-18.349578797 72.266679739 -239.67144111 -9.2600877433 83.847205897 -267.61281637 0.87741201672 74.491746369 -244.97031354 
9.7371645611 81.141109402 -260.48132168 34.801277399 81.692625089 -262.1868085 45.794928132 91.277874053 -286.66792884 
-17.205479817 78.174346722 -255.17116379 -28.733509623 84.423386436 -271.25165419 -7.6071135784 65.906055794 -213.03907513 
9.4852217239 67.663074758 -221.33932904 4.6093391066 64.809446713 -201.96688367 28.150630514 68.640100135 -226.76928806 
37.396168523 73.763135258 -243.05278414 55.194222132 78.050441465 -255.62621533 74.987898886 70.389973716 -240.89355048 
27.253595953 97.851277345 -305.53167759 40.137372905 65.988329727 -213.48577673 36.906672881 65.05185452 -194.00241005 
45.040301076 65.663532365 -178.95290085 28.571810447 66.872911063 -164.27367988 62.668033236 66.738869006 -171.24153087 
58.584626759 65.59150458 -212.0658074 32.995596941 70.78517846 -145.19024958 52.167739607 73.067594487 -137.37435377 
63.615335426 77.453324964 -116.1227058 58.828663057 85.0020674 -94.042386925 21.794424262 73.542112982 -129.7656028 
75.040314213 64.099006255 -199.90320245 88.987985899 61.465004428 -189.14868408 -25.691029543 64.483661774 -193.31740727 
-14.67899676 64.183611668 -184.17502913 -2.3794746665 64.819126244 -177.13448733 -2.2308926923 67.494824913 -156.51248265 
-37.036905942 64.26773175 -202.15676277 72.421386076 65.132799737 -215.14994153 91.885816412 63.518423157 -227.63361363 
-27.548587941 64.941176103 -177.76020715 71.575043294 67.434883226 -158.61229413 5.1512507219 64.444791825 -188.18728963 
16.59495171 64.43721561 -192.86943639 27.205984286 65.010124667 -184.14760577 33.435723195 85.697780807 -90.616778753 
26.578294209 78.767308744 -111.57433134 11.128984442 82.75180479 -97.386118899 -4.7768936753 87.168627849 -83.505892654 
1.4754766403 94.409098207 -58.575994183 -26.997684242 90.16775873 -75.692103134 -133.62209144 25.623123394 -229.59779491 
25.604398213 94.619911513 -58.176857305 74.213771098 88.415145852 -78.454354047 74.08676262 95.094011571 -52.914815399 
59.956932537 101.79905526 -29.874457382 92.64719119 80.910731572 -90.227730433 78.067160454 80.584786225 -101.08394357 
-82.531401839 82.971210717 -291.39079448 68.146434958 65.054706404 -186.29341781 -140.24181184 21.856141448 -243.05972124 
-148.49488159 17.934387579 -263.51257806 -149.47869536 4.7172620889 -245.63166354 -147.83653211 -0.19848810066 -232.08330319 
-143.39461601 1.7700489887 -216.30804182 -143.10614001 30.289598924 -268.9719093 -139.71601199 40.050736026 -280.60045479 
-127.3878675 55.792578412 -287.81692036 -117.75523139 68.138763664 -305.57502982 -129.88366042 57.432007072 -302.75536092 
-139.7958045 48.181361477 -317.64893456 -134.62671492 42.846874965 -333.55720725 -18.029277457 89.093619639 -281.17838534 
-16.269612229 97.442531577 -302.33310078 5.3944624778 94.381845225 -293.10744479 -38.049031671 97.696401371 -309.6673605 
-19.76121423 101.59653391 -323.24624248 -2.2313630483 93.131733869 -335.19874957 -56.346180329 97.778862555 -319.60742072 
0.08332782993 88.897537911 -279.1122749 -55.633815338 91.151267407 -334.58498481 -39.957711137 79.828833833 -339.6540949 
-41.156809345 61.061950452 -341.69870655 -25.186747517 92.326457776 -337.04787776 7.024492973 66.091891594 -165.99688567 
95.528039141 60.024294223 -176.53008642 105.60484532 57.053814021 -164.1028739 102.12242645 57.635515736 -189.96745115 
115.36222612 52.123211095 -193.35161078 125.82649114 45.091807037 -183.47043401 -120.92349016 -85.276132313 -127.87084547 
-130.83304487 -67.866172784 -119.57391459 -116.93914942 -91.86447079 -138.38184777 -130.41037324 -70.638249681 -98.540605314 
-120.72278728 -88.030853132 -89.141966422 -136.72346767 -51.894333249 -113.40641589 -140.29614608 -39.274408841 -102.09239946 
-143.13028188 -35.064459737 -85.626366304 -147.23134344 -20.361801488 -74.855127886 -141.75567876 -45.86754163 -79.422309467 
-121.23425241 -88.096951887 -152.77842947 -132.58644271 -69.145421821 -84.822990984 -127.77450274 -78.138326255 -153.57419824 
-53.709190367 64.448508935 -167.35267264 -62.494402175 64.438954192 -157.70203191 -74.917301005 61.902256532 -152.83433833 
-81.371457612 61.856080091 -139.80496994 -72.184226823 67.440403305 -130.46047941 -53.368958727 71.964799431 -129.83267192 
-53.903737642 68.21977315 -145.10771294 -40.444233949 71.306756595 -137.59503301 -25.648689379 74.072695443 -128.70513721 
-8.7611299109 74.455254605 -124.54688923 -28.326538978 78.510692228 -113.83429387 -42.15250297 82.040411056 -100.93209285 
-60.023954243 82.397009942 -94.127721009 -8.879781057 79.878018064 -107.03124525 -0.30024777765 70.858429726 -137.89410498 
-27.671921295 69.873527335 -146.2891816 -14.989336231 67.868144192 -155.43322855 -28.037498293 66.754603656 -162.06555483 
-56.106025028 75.965475084 -114.79923339 -97.03970731 49.701959288 -170.62985017 -55.339224296 85.698816076 -282.28249594 
-69.725489322 89.027995674 142.64811496 -70.050451215 95.729994396 126.88459089 159.41659428 -13.629449632 -159.99126449 
-146.1472359 -9.5920560424 -81.774014405 -56.717682979 -104.94017074 70.915962167 -67.287136658 -97.399997882 79.479787232 
-80.811298217 -96.879534753 76.093293672 -102.25227119 -92.809715573 72.120989519 -105.97760696 -82.04012652 86.223313489 
-88.066010793 -102.56706574 64.115538293 -103.56745107 -70.385588811 103.73845542 -111.28368032 -56.755946982 117.94360962 
-145.96557401 35.908455898 -294.54785121 -153.16258481 26.089948944 -303.70655607 -146.02667203 39.30447743 -309.84957253 
-144.1770807 39.151601278 -324.58613025 -148.99417311 25.891874589 -330.88431735 -157.20160282 15.653670491 -323.58350278 
-39.807195741 -162.00388247 -209.91009516 -33.995597413 -165.73679249 -231.78483864 -43.017679136 -161.380187 -253.46917131 
-56.75180043 -154.02403559 -213.30443389 -68.077569532 -148.59479297 -228.45870283 -72.318310273 -144.04686492 -209.65553376 
-158.25902037 49.108475438 6.3221762195 29.826193687 6.179213774 -342.01530479 29.050488832 -8.2157501221 -342.01527429 
25.778453873 20.092612616 -342.01794224 16.370805852 33.472458864 -342.01967309 30.441113767 51.497254201 -341.9204747 
13.139814201 21.653646334 -342.02445872 3.7185529166 14.193684004 -342.0258188 7.3227000735 -0.3281082745 -342.02415979 
-9.2573552972 18.818351311 -342.02514419 -12.710854321 32.812867869 -342.01662136 -19.515064611 10.594388712 -342.02562442 
-10.046149684 47.65108963 -341.96224981 -19.491259008 59.225914969 -341.69940763 -8.6581087931 69.602305202 -341.00605719 
12.18832475 67.563473975 -341.23889311 30.566367669 69.375765389 -340.95415274 -27.880229599 30.373062684 -342.01738192 
-41.846948298 28.114785594 -342.01420972 -37.031094023 41.066366823 -341.99010305 -47.484505457 15.088420962 -342.02191883 
-55.923699906 26.167719076 -342.00188095 40.068751657 83.583612178 -338.27380403 28.42435704 98.278207941 -330.11032799 
-64.367843411 36.824707934 -341.87136111 -60.610455742 51.279020731 -341.4955195 -72.834718219 45.031530162 -341.37426108 
-85.946868873 43.959575073 -340.80231678 -69.46418521 23.912522974 -341.98466082 -82.437406979 22.87862459 -341.96559162 
-89.470829162 55.241213665 -338.53726115 -86.55940742 65.338094993 -336.97774449 -73.435832731 71.882649075 -337.47629522 
-87.250415356 75.194773636 -333.2886826 -98.476690543 80.033685972 -319.1280498 -110.16587509 67.201652513 -326.76841441 
-114.74023577 54.525558897 -333.30986348 -99.4381809 61.775304843 -334.59109969 -88.015622856 32.025101143 -341.72583246 
-98.180718792 36.286445322 -341.13738137 -108.51978311 29.249850753 -341.49133019 -109.12581507 16.254242636 -341.89057446 
-119.56278728 24.041197155 -341.40533975 -131.38839975 19.948573688 -340.79019831 -137.14394638 6.0976396384 -340.37090046 
-129.99047847 32.591409415 -339.06762376 -123.12633462 43.276899414 -337.50966399 -110.22083817 41.231374377 -339.61471111 
-17.707976544 -1.3774164074 -342.02526556 -27.930542242 3.2868418297 -342.02477017 -6.2615531823 -6.9431026253 -342.0219628 
-16.65129456 -11.402493166 -342.01953227 -23.651839343 -19.185997158 -341.99056502 -88.245155775 13.526882325 -342.00436083 
-98.628521092 8.9732194886 -341.99637618 1.5174016567 40.399219552 -342.00936533 12.702170941 46.821704016 -341.99206661 
-141.15504927 17.263067752 -339.47279374 -146.13374869 20.768878241 -337.08175501 -45.624924841 51.205153149 -341.87762444 
-52.045320821 61.754834467 -341.47317287 -45.578906411 71.164220908 -340.93031222 -32.583573623 68.81674051 -341.1437062 
11.945680078 57.747805446 -341.82716641 22.901803778 62.037000565 -341.62545985 20.502397228 52.384624844 -341.94700532 
24.790385268 43.017340371 -342.00531818 35.168752659 42.278622811 -341.99148188 42.09928092 49.346538817 -341.86851342 
53.988912279 45.873084477 -341.67874063 44.833467918 37.890127309 -341.94957042 64.481463861 54.916275422 -340.69476964 
36.793629771 60.429386819 -341.53864716 43.100321131 71.696324745 -340.18052537 19.970620861 73.719872477 -340.49652758 
30.513750099 79.150669149 -339.37705245 47.328673782 27.507801339 -341.93420342 58.457384306 20.782701999 -341.62114427 
58.277253421 68.891782903 -339.93471154 65.192639586 77.368941237 -337.38256199 64.199956095 87.194352561 -333.96103468 
64.156260863 98.031911533 -319.04944771 46.063191976 98.255828347 -309.85709471 75.589646305 80.252475691 -333.70162725 
87.108932855 84.286328225 -327.59184308 92.955633958 89.268685502 -307.67761461 82.178125039 92.143841809 -317.79723009 
87.324016955 86.384101592 -288.61873972 76.730781174 55.464679817 -339.52717762 86.883562557 61.606611889 -338.10061288 
69.676876854 88.352442333 -285.30538138 56.524510562 83.697742004 -269.13325082 112.22510666 83.180395025 -311.27830347 
-144.62564713 -7.5040596321 -339.10729963 -155.95883273 -6.8345016177 -334.30206763 -160.54686111 -16.984070738 -328.46297254 
-156.31727105 -29.862961884 -331.25409962 -164.65697573 -13.213937817 -317.16521047 -165.67026742 -21.103925835 -307.20019161 
-164.91022014 -35.135819058 -308.08625704 -161.83940882 -44.128093352 -317.75942563 -163.94277732 -42.219725535 -297.15529482 
-160.79487571 -55.607117963 -299.19928055 -155.76454489 -68.460357297 -301.12202805 -151.69087002 -73.559019126 -315.02316998 
-145.28285418 -31.262603107 -336.68517834 -138.61273674 -19.814076023 -339.32488103 -125.3432913 -20.285487016 -340.96531159 
-138.68918894 -43.967981699 -336.45038467 -145.1779819 -56.857175406 -331.27711421 -124.80800669 -44.33507997 -338.78883622 
-149.12552175 -80.820362059 -301.10898527 -143.94897862 -86.91818305 -287.43376904 -147.65885035 -77.754192124 -275.31330089 
-144.7333477 -78.116000367 -260.46054967 -153.70474484 -65.769669336 -276.68687089 -157.91696899 -46.823644773 -266.52615252 
-134.98694564 -91.702200816 -254.11786471 -125.02298026 -104.70201483 -260.66364713 -115.14716342 -113.48683956 -249.28248771 
-113.46211567 -116.29977072 -264.45336293 -110.42823529 -120.25181962 -278.14249275 -117.83798075 -114.66366337 -289.92044171 
-127.82945399 -106.66319044 -296.72111972 -129.06510097 -104.1137818 -284.35925911 -165.15646786 -15.371009468 -296.07278224 
-164.2598934 -21.731304526 -287.48654448 -162.70260815 -34.274815984 -282.43807617 -161.91570939 -19.47284823 -276.73994768 
-158.24213674 -13.096771135 -263.71179079 -156.9125414 -23.19527772 -251.91431578 -160.25498017 -8.3626524576 -275.05479541 
-159.55191016 1.2275098591 -282.44067363 -153.88895769 12.658440651 -275.62513039 -118.10930254 -9.84508704 -341.74253781 
-123.59942731 0.091167831436 -341.6579754 -153.96614894 -1.2361946845 -255.77405751 -163.14270365 -3.8689508602 -294.47015041 
-162.52538894 3.1789320476 -303.39274182 -163.64851588 -0.76714075118 -314.36915056 -161.70383659 5.5209915207 -321.72492025 
-158.37608701 14.034817959 -300.01713427 -130.82869695 -100.53901687 -272.52683381 -158.04074477 4.2985583586 -330.63657504 
-155.6168133 -51.812356871 -325.14151995 19.471615553 -115.24142399 58.391594441 96.63799696 -145.04420675 -284.54637599 
96.014802141 -143.85519774 -298.0387317 -16.855515178 -170.06021859 -232.72344579 -144.99410563 41.383189866 -52.457946174 
-139.03866434 46.119884289 -60.441854001 -130.29126903 51.783417637 -70.512229104 -132.30180467 57.541631951 -57.325488708 
-125.51016242 50.305049857 -83.668129447 -110.13832695 59.651981169 -94.739437642 -101.03674478 72.65558924 -78.625558206 
-144.47968928 34.666361428 -61.211910871 -143.31118951 27.36727526 -71.807796206 -146.31898192 16.231302195 -72.610518453 
-145.56842994 6.258225777 -80.533978952 -134.95185609 61.88439067 -45.274943943 -129.25190055 70.375128542 -40.163759242 
-128.04204298 76.284846116 -29.606964041 -136.49141584 74.954638301 -17.06321947 -117.56428462 83.582274754 -29.225099221 
-114.07594554 89.53675464 -17.827693667 -122.11631464 89.552397109 -5.21404034 -106.39776753 89.641993738 -28.498434063 
-98.603658914 89.279746841 -38.963796325 -104.59146498 82.02362557 -50.340277741 -106.27932622 74.868559187 -65.262543238 
-94.30701293 94.648406952 -27.483474427 -89.324203178 99.995384198 -14.321305624 -89.976328319 88.693535468 -49.600101345 
-76.704316654 93.135852089 -48.353386242 -80.94479921 87.910662229 -60.450064182 -72.313131219 86.410937523 -71.708248937 
-56.167936306 89.712436345 -71.156092333 -51.778151181 96.299995379 -51.438974032 -40.41079892 91.156877264 -71.306625305 
-85.326034339 82.508474914 -71.921268922 -42.799366507 100.86665334 -36.239895139 -24.347932925 101.15122008 -34.054531067 
-137.4881231 32.631668516 -81.809375747 -118.84000978 77.175482026 -42.326533512 -115.143733 73.871732319 -54.844749865 
-120.55946492 65.210892674 -64.518388159 -109.46447952 95.223553299 -7.058141536 -136.83009753 25.941530642 -92.667077278 
-143.83667908 65.74064358 -20.215178424 -99.273484521 99.178471018 -7.5278745701 -103.15456928 100.36771428 2.6065159935 
-108.40497136 100.78383861 14.363101678 -114.99455803 100.25713812 27.965470708 -95.230433943 104.48197406 11.753411472 
-78.870795969 106.90371403 9.5236066223 -87.758356164 107.80955793 21.736042683 -93.168304012 107.74873446 33.656754288 
-85.693523763 109.29034684 44.005098792 -71.907705788 110.78718123 43.093784325 -64.977897766 110.18099648 29.668904876 
-78.110142265 109.96157513 55.703024896 -87.65025404 106.73189955 76.747886393 -69.415558926 109.75796829 67.483949332 
-57.307607027 110.82833364 43.724285049 -51.586453065 110.01298353 56.537525965 -42.278814987 109.50027939 45.935738293 
-32.122844077 108.74690797 32.912934612 -26.914156338 107.42553352 49.750569048 -18.631855077 107.47767356 23.163727229 
-3.6368922313 106.96724515 21.919333603 11.586736488 106.7007949 34.670547732 -47.562413308 108.70251304 68.9853018 
-44.145340189 106.48800559 81.790754628 -41.713993538 103.3145794 96.88669787 -34.768334104 106.55242962 72.241717547 
-81.402748365 98.571073142 -26.020744201 -73.099259736 97.436819992 -36.419228295 -67.824670074 101.31135197 -25.374314805 
-53.708699084 102.5495258 -27.149667926 -61.369947457 104.87585643 -14.064033096 -40.367161866 103.58387238 -24.564450994 
-68.881467333 106.15320522 -2.5400032883 -54.868202562 107.11676358 -2.1277548909 -47.988170538 108.60735253 9.4944451797 
-40.86600596 109.19881032 20.80019369 -41.43186269 107.11541582 -2.2252160852 -28.61422809 106.65065575 -2.4857919036 
-34.827248155 105.59541168 -13.387519958 -15.793678304 106.16648039 -2.8761997139 -7.7971544426 104.13965478 -15.413579363 
-2.4878714115 105.92329972 -1.9753831985 3.1923520268 106.70593171 10.458918004 11.206024961 105.90998493 0.67586918019 
20.509182546 104.24638151 -11.180959015 12.810330928 102.03304574 -23.785460665 32.693642605 103.46517795 -19.603200037 
25.989549186 106.52856667 6.3331730983 41.433573029 107.4471502 6.8395984852 25.097501409 107.07066718 21.526225597 
28.531264794 106.39649887 45.306459573 61.149125587 109.63333416 12.548351714 8.9114473316 97.651504096 -45.558569794 
45.069923684 102.77447409 -25.696086017 62.215365087 110.67469285 32.903450183 75.620151423 108.78114023 2.1752043588 
-22.998531682 107.3017254 8.8032052228 73.033917359 105.32544124 -15.662253096 90.308559217 105.20492532 -10.727289178 
104.64160665 99.785261379 -21.143203264 123.25472287 97.070732413 -9.7016770544 104.63808693 93.538520748 -40.775964096 
125.41887924 101.87077901 14.086241035 112.28599879 84.649886737 -58.874816905 139.00602295 85.781176907 -20.308949155 
48.71752645 99.724094053 -39.993422425 39.195613156 96.905176621 -51.109676464 39.252127382 92.643310757 -66.301983187 
52.237903918 96.678384362 -52.123813356 42.157454031 88.85218644 -80.524261392 27.464516598 89.671065955 -75.663126733 
146.41234499 93.769320576 20.989517795 160.78194458 81.844773374 27.863993663 134.31426749 102.20645939 33.603511145 
159.95873727 78.33887303 6.1479981041 118.66720357 108.08955547 47.476113698 105.29103574 110.0283685 68.089472401 
105.22814691 107.75547804 90.487879835 -53.222009268 105.97863309 90.12927837 -66.049457006 106.25203602 90.354498523 
-73.988376146 103.11651443 102.03465842 -88.659817057 101.9909575 100.14457061 -96.97511184 97.156190026 110.51827238 
-110.59677385 93.706651819 108.88979027 -119.91585739 93.825738727 96.351766636 -92.023270918 94.032356928 122.56105884 
-94.572894534 103.7270296 87.214608919 -105.78153802 101.64986277 84.230372911 -100.58105883 104.47816618 74.98253759 
-106.63663636 103.76344226 62.612106285 -68.661971379 99.395657979 116.03518889 -54.272524721 99.034474134 118.66811704 
-39.323379327 96.518723979 123.84166697 -131.36287996 30.635468956 -103.18715309 -124.44529867 40.69707104 -104.72618722 
-119.39897798 50.332876279 -96.361928976 -132.09816342 24.773917083 -111.3970565 -135.62308869 15.720392594 -113.3812664 
-139.73210535 8.2467607164 -104.35298739 -138.6089346 4.4653587218 -115.64505396 -130.27796717 23.396817699 -121.38875964 
-122.26972601 32.190602808 -130.76895948 -129.69446683 19.921031412 -132.493343 -124.7093102 25.88804683 -142.35271887 
-127.21415561 20.5513984 -154.44194991 -141.13484696 13.195127398 -93.013879563 -134.28851568 8.8515948019 -134.30856465 
-141.56278348 -3.6232974975 -106.17527297 -142.00654024 -15.44966847 -108.03041905 -141.41581044 -28.566372931 -108.59811066 
-140.56585801 -19.440225507 -119.5839874 -139.87619295 -22.21219857 -131.66753159 -139.41667996 -10.642006947 -128.76348818 
-139.47869711 -35.058976306 -136.05633508 -138.09040168 -45.74375127 -124.24262223 -143.54790443 -12.170210526 -96.150255557 
-139.2883311 -41.03677481 -112.14248577 -134.89459986 4.856621555 -143.73856004 -58.524925564 109.90258469 65.551937559 
52.170710437 109.5781429 41.047068611 65.561573222 110.28364826 65.088389215 -124.37983167 95.235522504 80.799602082 
86.014065083 107.20242553 100.84640896 64.358989002 103.11682123 113.12751529 66.394815862 96.837474222 134.62022731 
88.516725413 92.99954388 143.35808767 110.26492419 96.029718644 129.86588468 103.50246884 80.071203399 160.92208462 
89.603604841 64.264432743 178.23749923 59.692923305 64.742165771 181.51727404 89.374851714 36.467228004 186.05416844 
135.8456106 91.137374301 124.62671004 147.37606207 92.505229452 101.59513781 102.12598179 103.75966546 110.97830556 
-131.879887 82.580910912 -7.9119620343 -141.19372757 77.477834766 -2.2500740099 -23.86805477 95.716411467 120.75305163 
-19.277581607 98.179532228 108.74368712 -5.1881112975 99.087928684 97.246393583 -26.222207469 101.06469955 97.976623333 
-13.885572796 101.34828438 87.77756918 -13.102528338 92.604795216 129.65936871 -14.11977867 88.876552357 142.74430577 
6.6226606598 84.931012933 154.65794687 0.47754317454 76.62549176 172.22782483 -0.72114747008 93.051850414 125.88542142 
5.6465238572 95.605993863 114.70353231 18.854669359 94.436128417 124.03682755 27.172749832 91.795738957 137.29714032 
47.057675689 91.717387149 143.08179101 55.382304207 84.496509038 160.38005156 33.473839413 98.27752206 113.7299774 
33.569974279 101.01884024 98.419860099 38.527404812 104.73268915 77.472266262 48.835921879 101.36947255 110.26621443 
14.239135017 100.44528193 88.503407572 24.278440177 103.88758829 67.368423727 -26.968830745 87.163048104 149.17889134 
-2.6863142737 90.326780794 137.31265803 15.983087631 81.050269048 164.21314492 34.548975672 75.825404089 173.72152456 
45.604146465 71.54814097 177.78276772 45.197909711 51.815883954 188.93526056 -18.695879194 72.340366447 175.24873823 
-28.873287029 103.4979455 -23.708664608 -17.202190295 102.84383567 -25.160958146 -90.063717849 76.890939893 -82.064756054 
-84.154260099 73.971672876 -96.32545669 -85.75327243 67.613875138 -112.83032495 -95.88965302 71.301044656 -88.972264178 
-105.86831394 66.129541284 -87.216838566 -111.98646761 66.628790401 -76.153618914 -127.73976572 20.106671993 -167.52537685 
-123.41923448 26.952770486 -176.8079289 123.85521398 66.614710923 166.6904766 135.78665068 48.584086916 171.50577386 
142.18791643 19.419566252 171.61524866 143.39935737 64.305660104 158.65645573 126.11300347 31.457558026 178.8456333 
121.18567327 9.7658342746 176.96244503 110.07577272 -12.560515933 168.7743077 121.80704044 -33.743336159 147.05549761 
155.21354915 -30.030583866 135.6520541 106.72302654 27.243486433 183.96310217 89.524808383 -14.84139947 175.41208402 
76.193036505 2.1412533685 185.84909465 72.077257886 -27.392841594 175.47714476 48.669561653 -33.559973263 181.73570644 
54.438202386 8.6481776033 190.81669464 41.597357124 26.918739556 191.64779862 -140.5836801 82.265195119 8.7333781189 
-133.51614954 88.865650151 15.672054539 -143.06738599 55.543613545 -38.578990703 -14.354723682 100.50787704 -35.504008336 
-20.087822155 98.143900714 -46.40041202 -5.1685410269 98.310565015 -43.562742309 -22.295105704 94.51411718 -60.906890709 
-10.943523997 91.466353628 -70.320900079 3.5783643637 89.95480924 -73.847223078 14.434228766 92.085985156 -66.671181203 
13.594615811 95.247409754 -55.242306724 19.028516257 97.19389163 -47.983353307 18.841734321 99.665649821 -36.607428448 
-22.302757751 104.2307493 75.048384893 -10.625409041 102.84728986 75.222709747 -2.3727320593 103.43418737 65.860748669 
-10.427649255 105.58696318 51.112747287 2.8029217971 106.19373943 41.698589443 -26.312450234 106.34848746 63.11868318 
-19.613160013 106.07343357 57.259670322 -63.073021283 96.032441635 -47.458376665 52.056092355 107.12740499 77.329265674 
70.4617527 108.82499403 87.79452578 -65.807424558 84.466852542 -83.653786539 61.797320739 97.902084172 -45.644497057 
73.625343344 99.080383549 -38.681893716 85.848367356 95.380854563 -46.172516922 85.885270292 91.381025045 -59.818718152 
99.316413261 90.237115753 -53.615095471 74.683788142 91.632435701 -66.251866655 61.910655055 94.245300863 -60.616653685 
65.658005104 91.109606286 -72.215071862 62.951141098 88.344149275 -82.531241981 72.616276364 84.544080313 -91.333163738 
52.622062884 88.057820807 -84.822577364 46.232028742 85.282135135 -93.561926755 52.455683752 81.055782639 -106.19308343 
37.499160519 82.124882651 -102.91976421 24.085371832 82.404123128 -100.13063449 20.277162537 85.870972357 -88.420696995 
67.149701006 81.081788096 -104.00239532 52.187862758 77.411412627 -117.98447901 44.046019607 75.236696334 -127.03907395 
58.157508621 74.92377483 -127.0222221 71.245616587 73.94908653 -126.35420401 86.453841889 71.039615214 -125.57167086 
107.40050658 64.053465909 -123.62679123 78.642123953 76.596421683 -112.98362615 64.266793034 72.539385197 -137.15400881 
58.49474044 70.390840884 -149.03420383 69.798277257 70.097492763 -145.764627 79.813027693 67.802321403 -147.13949098 
86.164036463 64.747944933 -156.41366188 87.580112075 67.600453248 -138.21099803 97.49607708 65.936771079 -131.04614707 
107.62232863 60.107733816 -136.85690863 113.93256172 54.345920537 -150.08554796 30.28314127 75.952651863 -122.60261365 
32.048522625 73.421446734 -133.52569528 98.461399814 68.740313647 -120.63141763 106.39375868 68.475493624 -111.57563743 
102.46249129 74.674915182 -98.215976796 116.92121595 61.513154615 -115.2659723 126.33055484 52.489553137 -121.52420654 
117.18255855 66.86410806 -100.47219368 129.5818576 61.563469376 -92.770842062 139.31404316 50.006858274 -98.257049387 
129.94644155 67.746146666 -77.707620501 135.14844859 48.559599457 -111.44789713 121.19094284 77.01328288 -68.103706828 
142.22168114 61.520259368 -68.890202022 144.75569155 66.442764905 -54.318626615 155.37577967 59.995627601 -45.588778036 
161.79514884 47.242440934 -50.312402835 157.75744013 64.841063265 -31.875058678 165.43644913 58.400399856 -21.154585788 
150.64352281 75.420422908 -24.837386075 168.10612862 58.343289468 -5.3913344059 170.66737143 42.613628911 -25.123528525 
174.00685263 30.297007573 -17.903285068 135.80895105 76.515719557 -47.835885718 159.53578672 42.217791861 -63.722197612 
151.36581766 48.111927957 -74.142342172 162.87450651 30.004838821 -69.738987199 167.97220298 20.234359449 -62.00878767 
149.45340282 38.10612457 -96.290753879 138.18883875 80.753997948 -34.140810806 150.24973274 81.944783862 -10.547953207 
171.17672273 9.0411312603 -57.014686774 173.25818534 -2.0863996682 -50.859427748 174.33600743 -14.348509365 -43.382923568 
172.0670782 -26.347301721 -52.164517208 171.53398949 -39.6046096 -47.031174297 168.15710703 -58.688661065 -45.319340517 
161.62451024 -72.525636272 -56.499810747 170.27436722 -3.4546997224 -66.164748031 175.21087258 -0.30379901522 -37.958801701 
175.36627494 10.823644806 -31.855553611 176.69666725 1.2126675288 -25.773205784 177.32918521 -7.6078002049 -17.803386668 
177.07119788 1.8877201881 -15.150742005 176.13906008 9.0289827645 -7.6318460477 176.10287254 6.4409083461 2.581707589 
175.78695912 11.894770321 12.277428464 174.94782343 24.60412616 11.830273172 174.24380567 31.862205195 -2.2013252411 
174.84507931 30.256243725 23.556798402 173.74110079 47.176488197 30.424356922 175.36501679 24.456271235 37.705963435 
176.19029425 22.643807043 54.050820676 175.99056305 10.673181418 35.601749257 177.05679033 -1.9420085756 32.999172008 
176.84432495 -12.690394155 42.84404474 177.07170702 -2.1999122784 10.28020262 177.64866114 -14.408978948 3.0780413176 
177.52335133 -25.640093294 -2.7874135007 177.64320771 -14.285125511 15.235804715 177.26410802 -24.543047319 21.14266824 
176.84084222 -35.136313799 15.523485588 175.75164063 -34.879336507 27.674293106 173.50403422 -46.831181109 35.749725366 
174.89411956 -34.392942689 39.88572613 177.44558673 -13.877401712 27.590667269 176.51514611 -36.723655609 -8.1643591896 
174.42281052 -47.723268615 -13.445358757 173.25990009 -57.532263585 -6.3931311729 175.13634319 -37.990544893 -20.678196524 
175.46088113 -28.411582068 -27.663437998 173.63312954 -39.26642338 -33.473666445 171.50922386 -59.308410725 -18.901585199 
167.54908876 -71.413012544 -24.120003292 168.96609785 -61.517308512 -33.505265868 175.70943873 -24.720692629 44.820182571 
175.79517863 -19.521406332 57.292322524 173.51054062 -34.817981382 71.163155803 175.48773075 -20.802141063 89.565861299 
170.17738228 -30.365739063 109.17641696 177.66503908 -2.1583213578 94.97064381 177.868973 12.722805674 111.42241947 
175.55302735 2.8555561114 133.89897765 158.05902141 -48.781544393 104.8919538 147.62457564 -62.702155371 96.17021824 
174.03895241 -56.189656598 5.470309367 171.12723214 -66.975705196 0.93973871364 167.89292806 -75.901448693 8.7930706364 
167.71492621 -73.585318676 22.859488719 164.1743707 -76.336657789 37.123358344 163.63581876 -83.874632939 15.831891179 
155.94614366 -95.00404924 15.888779368 166.78011773 -78.337368927 -3.7620831544 155.45297362 -87.498027561 40.443578129 
154.97321502 -98.960219278 2.2070468486 174.06131585 -54.793474923 16.822780169 171.79151214 -62.24761352 23.072931288 
175.98462257 -45.641958716 10.403151216 173.39677937 -54.165373823 26.949970722 177.07857992 -35.873420644 3.8066797448 
164.79532182 -80.542650028 -16.33752648 148.50029847 -88.181589024 53.201653166 145.19416527 -96.6674641 42.202073969 
151.68464345 -79.302153392 64.575444941 161.21180505 -68.715364303 64.674092868 163.31117594 -59.500069651 75.740422375 
165.99582856 -65.715469568 54.410272551 170.57221144 -55.255952458 48.657683566 142.89713964 -79.694720901 75.46809632 
144.97288175 -71.238331934 86.401619123 134.43229401 -69.568589556 97.719906443 131.63457029 -86.831549463 75.090315847 
121.88502504 -85.864547337 83.51796474 122.06168158 -78.115074157 94.240742109 128.3211452 -94.278826682 65.984448589 
135.88457768 -97.196587105 53.657344459 122.56262215 -101.88733931 57.977365226 116.61349354 -109.43812358 49.542653656 
110.27580121 -116.79962373 40.429955627 122.15111688 -113.39215915 37.542311965 101.5491015 -124.6439645 30.717051484 
109.94643076 -104.6914527 61.236867689 151.24034385 -96.300408281 29.776482036 176.65432211 5.5583319716 22.792648125 
176.81135718 34.825669782 63.0079165 175.73989204 47.423650268 57.070962564 173.30887675 65.836206421 63.864724693 
164.08445947 82.769062589 62.762750141 148.60248651 96.016544002 62.688658734 177.6338108 33.823989527 78.02132603 
177.46108385 43.823956937 88.795107162 177.84484423 21.686474175 85.994029185 177.61295409 7.7731270752 77.139369798 
176.97312743 7.2926492453 60.559382386 175.57187671 61.489610198 78.764786919 168.29775566 78.179928043 92.182985595 
169.63455645 75.870694566 75.866404115 176.94080438 45.06785684 103.87990002 177.42877532 33.326270896 113.88260394 
110.04891023 -128.09645725 18.416842845 87.381306277 -129.74105744 27.428796844 81.995579597 -135.46829513 16.343480348 
91.247221251 -137.91280449 4.4461870872 103.21305823 -136.82184096 -2.161179953 108.38039031 -136.82271563 -14.386550765 
80.978386376 -141.76806768 -6.1590029579 84.731682438 -142.8084034 -19.025010518 67.434982723 -142.54826096 -4.8610711692 
96.654898985 -140.47218595 -23.796289676 121.22019367 -131.79602893 -23.058892038 110.63087956 -77.244234818 101.30845969 
109.6671211 -69.690269984 111.475525 122.43771519 -56.385982075 122.06216642 97.197483042 -67.45981178 118.96344331 
136.61285559 -42.052948653 131.87319812 165.86507557 -12.596859009 145.03103329 172.27257524 -43.395073602 59.605977002 
169.82626158 -47.50590427 72.943280691 60.67352512 -140.02325535 5.5927364036 67.023992229 -136.79471553 16.332911619 
142.19351708 98.260775108 81.887482657 129.25039042 103.02767786 83.198669671 171.18389333 22.779559017 -47.31027347 
115.98980742 58.373395093 -126.48932089 168.45530036 38.34336357 -41.126390783 177.53312286 -15.844847396 -9.488868607 
118.95673111 -131.72062246 -37.338509024 108.12583176 -135.34956387 -44.601088096 108.33192494 -133.3297783 -58.914021661 
119.09376058 -126.19165546 -65.28208546 129.65338383 -120.47606775 -56.460126755 97.334559086 -137.13134057 -66.537648735 
118.87478767 -123.02425164 -80.829858962 112.53214503 -125.93550355 -94.848943603 115.28053572 -122.1583865 -116.78680886 
130.71295099 -112.07410399 -81.227623005 85.784607524 -141.31935132 -60.222486695 83.915454779 -142.15924675 -45.233769741 
70.988999296 -144.30789492 -39.063266905 76.26734819 -143.79472151 -69.767575411 96.466168635 -136.57749449 -81.163465889 
87.808893815 -140.31961469 -91.846730922 140.9653863 -99.928403483 -80.426726099 149.6188652 -88.524307774 -75.020711909 
146.01947372 -97.547796197 -67.251023753 144.63561637 -104.34284329 -56.043976691 135.00559285 -104.46115671 -92.38776145 
170.93588658 -50.133995717 -39.235024103 99.476571105 -83.277949106 97.554344926 90.683653121 -81.216154592 103.14537608 
87.028903227 -75.664560342 111.61381021 86.822789961 -87.241977187 95.617849832 170.38018083 -14.935364644 -67.858016396 
168.80709959 -22.903654329 -74.182607354 166.75999425 -22.102543871 -85.495894637 165.66306901 -11.0233332 -90.550836184 
166.53655385 -0.33301561565 -81.307191846 162.82370429 1.4413456048 -96.583198975 160.32860453 -1.5022281774 -112.05746146 
164.75276979 -23.05054294 -98.917186792 166.71086397 -34.326919997 -80.586569015 163.72614654 -48.489873487 -83.311067589 
166.21513441 -44.042036032 -71.571435994 162.20656654 -17.525508262 -114.49404937 161.50754043 -29.681374886 -124.16049284 
164.07968958 -34.971608778 -99.904664256 161.62891785 -45.613736562 -108.1541109 155.00898987 -67.130434743 -115.05052175 
164.21490843 -41.547434014 -92.648382622 161.47987454 -52.994607869 -95.176776102 154.98994931 -64.564783729 -131.02240978 
160.22391384 -60.034284727 -85.969722099 162.77510067 -57.087384973 -74.502749629 156.23417286 -70.052225852 -89.506817948 
161.97879225 -65.644668651 -65.803852881 156.6652706 -77.834870683 -68.006047336 157.10881068 -82.921566264 -56.705001503 
156.5833364 -88.707893651 -47.147877636 152.55459911 -87.851104044 -64.862835069 161.40220417 -78.427487245 -47.26758778 
160.65488047 -83.878187932 -39.251506499 165.32403077 -68.097752431 -46.022499199 165.46602184 -61.946092328 -55.059320934 
153.40288426 -79.062993224 -81.964942657 171.31073685 50.615634307 6.9611216521 111.67967854 -92.152495649 79.804306015 
124.47237849 80.640641711 -54.528299162 127.49983637 -118.32062533 -70.399579476 147.28837276 -88.341102198 -87.036805365 
174.39085279 48.401921756 42.290341286 171.21897537 60.273148374 33.760472704 96.736687569 -139.67205694 -38.354294637 
174.19179522 40.156933327 23.756357526 172.42182105 49.456995 20.346013881 174.7850907 37.727615949 33.87433815 
-52.841529543 98.92393264 -41.352017463 -80.751708185 104.14013569 -4.3983940307 -0.46237578356 -76.016392191 -339.00176917 
-9.394157523 -70.612958945 -339.16922207 -18.82838199 -75.706168448 -338.88717701 -30.701937463 -67.844905893 -339.14001828 
-41.820156666 -75.627510654 -338.75708797 -44.685996367 -62.132979993 -339.24583775 -39.910324767 -88.793488079 -337.92060591 
121.79419237 -123.65766078 17.247989529 126.93859311 -116.67969558 25.82245325 136.76740923 -111.40272883 23.393779126 
146.07006369 -104.75200328 20.555915507 141.47282616 -112.02544 11.653925222 132.34962623 -109.3254496 34.566219515 
127.03959908 -124.3894473 7.5949437712 124.49619098 -128.29783935 -1.8409743273 119.58089002 -132.2653942 -10.803879194 
-127.59546027 50.689379656 -332.8014674 -135.05579462 50.315756542 -326.25866761 -158.66363375 8.6913537887 -18.140269107 
-123.70037689 -58.633597807 106.4171623 -136.57134776 -62.774426656 85.653608716 -145.14688858 -56.789226949 75.442862539 
-150.68840266 -43.249612935 73.710438622 -150.65587048 -55.241831714 59.744636951 -69.286925834 -74.393544683 -338.77635053 
-74.016038759 -86.145561128 -337.97023764 -87.672966653 -88.280963686 -337.48423221 -93.421714029 -102.44431801 -334.4764357 
-81.610704177 -111.7576193 -333.23998368 -73.096650451 -126.95958348 -328.02592172 -64.714131246 -139.6656826 -317.71840908 
-79.980554315 -139.58352028 -302.38631786 -89.9484596 -135.00480549 -291.03540359 -64.252084967 -148.83761863 -293.59029836 
-64.665071822 -150.40602121 -277.34729301 -58.720772138 -153.78956277 -265.23852738 -78.118719661 -143.1059997 -269.60843164 
-49.812693759 -154.83470659 -295.92062203 -33.480796696 -162.40775299 -286.50292287 -39.821746013 -155.02631846 -306.78070668 
-27.186948352 -152.8839553 -317.35154166 -12.195751998 -157.83899694 -315.33210067 -42.057475927 -148.03969943 -318.23748744 
-7.1820062196 -164.70104715 -300.12671948 -19.758765285 -165.19613801 -287.7076044 162.42249493 7.3456297313 -228.61962164 
68.137416149 -152.7648648 -130.07277773 65.746705174 -151.15353456 -115.96120575 56.056858474 -155.93506292 -125.68339386 
51.031891593 -154.94466917 -113.68272433 38.697397724 -156.90553545 -112.24676285 32.667326835 -159.53661907 -121.54894708 
27.585504893 -161.91620174 -131.10747867 44.364851747 -154.05781084 -102.55435626 38.07248713 -152.99772452 -92.498009501 
49.79678042 -151.37356393 -93.015704979 26.570097016 -157.96926067 -111.82708947 14.770343085 -158.64209974 -111.97891762 
2.4753989929 -158.4139022 -112.15688116 20.705446498 -156.33465142 -101.85497755 -11.843067809 -157.37418279 -112.78784767 
-17.446611583 -158.99590006 -126.51192033 -24.616768594 -154.55764697 -106.89673024 15.175899749 -154.19009225 -91.97271772 
9.9971694042 -152.23597865 -81.705630484 16.205263118 -150.24138263 -71.159101431 4.2005476287 -150.5755377 -70.883027469 
3.7269796467 -154.32432486 -91.800280683 33.095658852 -151.27587564 -82.397722401 41.615488213 -148.79019851 -72.787472958 
45.083084329 -146.85525688 -59.033979025 34.491282486 -146.13021518 -49.457346736 55.451291226 -145.8633227 -56.167815934 
-7.5950067906 -154.04870227 -91.41646067 -20.138629889 -153.02747771 -92.507821976 -13.203532295 -151.80570677 -81.12380257 
-8.8617717255 -161.85231729 -137.0137039 -14.214888371 -162.65295436 -149.61010611 -35.045590673 -158.15238734 -157.26069617 
54.329675088 -148.82556988 -81.980819669 64.534009602 -146.58096012 -75.425749899 61.104446253 -149.51967381 -93.862472415 
70.396847597 -147.21148457 -93.738610108 69.043905145 -148.52027392 -103.40360368 78.979655276 -145.75738033 -111.84064815 
90.164109047 -140.99997771 -119.23246221 89.330692851 -140.4963274 -106.12115095 99.32090154 -135.05550149 -113.00839255 
108.44368967 -128.39047401 -107.52834051 106.99441209 -129.62294889 -119.03339146 118.21562485 -119.079738 -129.68756593 
75.429642936 -144.70897395 -85.072740077 116.66101585 -121.50071441 -104.26165681 123.76132554 -114.22179748 -109.81283431 
22.595175283 -147.94435204 -59.198839742 -43.43316477 -156.17140821 -168.32892102 -58.57309716 -149.14464269 -177.94311209 
-43.922507614 -157.78229166 -187.94337761 110.07556649 -126.96365267 -129.66025417 105.14870015 -131.52321811 -144.48731396 
114.11179757 -123.07412207 -139.22630695 37.441501311 -160.59709982 -130.50886656 47.17106456 -159.70266877 -136.4976511 
-30.280444747 -156.51243582 -128.89492037 -42.449458314 -152.29753096 -129.27603436 -54.636175674 -146.35272743 -130.3896508 
-59.96863521 -144.67231738 -144.83248485 -66.297502088 -139.06368486 -132.61732976 -48.486395537 -147.8822251 -116.65219983 
-73.128386296 -133.32208334 -121.4979778 -35.470023644 -156.36633097 -142.1515814 -43.573339268 -153.95895434 -150.08103766 
-51.888110979 -150.10159717 -150.60027763 -48.168032533 -152.91366765 -159.08289063 42.613441289 -162.76767768 -150.27567359 
31.18671525 -164.61435571 -149.50527525 22.611061756 -165.83157309 -154.97935662 23.585209589 -167.05601463 -166.48532791 
12.869318288 -167.94713861 -174.33471855 2.8447253674 -166.26896136 -162.55046973 -0.45806422712 -167.77315363 -176.84296657 
-11.967260982 -166.9310069 -180.1200422 -20.726715903 -164.1808655 -173.06302597 -4.358476581 -168.66862381 -189.05072448 
-8.0121634602 -169.25020962 -198.63018379 -17.610663105 -168.46885853 -204.51914669 1.8462967761 -169.87780764 -199.50084836 
13.147191688 -169.86888279 -200.13654172 19.150945683 -168.84587273 -189.07710203 6.8596103822 -171.02843043 -210.49451754 
11.844718557 -171.60235012 -222.57568887 -0.22035738168 -171.44282868 -220.47910865 -13.473353769 -170.26018215 -219.16310404 
24.712551487 -169.50662316 -201.67329954 36.607361914 -168.47860747 -204.79257764 28.897586092 -170.24268326 -212.19115817 
26.268497101 -171.06292159 -225.38394546 44.794672691 -166.22016098 -195.90853306 -22.719981144 -165.15690259 -183.64078899 
-25.644560025 -165.5007674 -194.77290042 -32.945563369 -162.21276131 -186.50609901 56.131798823 -158.9850741 -148.15923787 
-6.8215208373 -171.30816905 -228.91913452 -7.7596941364 -171.12181647 -240.80058258 -10.107679356 -170.43520348 -254.34803604 
-21.099537166 -167.97448714 -259.34602274 -33.506918202 -163.98616162 -265.361831 -30.966114168 -165.89627572 -251.25115537 
-38.608218149 -163.98729672 -241.73397732 -50.537028859 -158.83935382 -241.74651548 -59.927308993 -153.81748879 -235.03883792 
-69.269491529 -148.20874135 -240.77252296 -80.468433674 -140.79870127 -233.44119838 -78.321705604 -142.71414231 -248.48704224 
-60.480144762 -153.50867786 -245.4000152 -58.539838491 -154.00629941 -223.74204803 -65.404451299 -149.2400968 -216.91292521 
-73.856192513 -144.43194639 -221.1646795 177.35597876 -8.0935681886 -284.06899577 169.95504177 -21.757220966 126.11397564 
135.93821347 102.76272725 50.971700953 -64.482018405 82.741721961 -336.22073977 -67.095002653 91.535927751 -329.90012586 
-74.889430405 91.602601449 -312.99164392 84.784171345 88.151699522 -72.691518136 83.733600331 85.015409879 -84.219933803 
94.507774943 83.884378756 -79.090713635 107.89886765 81.106247962 -73.865864624 102.42322229 79.284654762 -85.718473192 
83.217067471 82.14327446 -93.638022656 88.616711172 78.252285269 -101.27818974 89.855229458 -61.182114163 129.87795764 
88.082746696 -48.513287557 146.00253222 77.212411892 -62.137661008 132.96699534 75.161404034 -53.597480066 145.21257631 
60.244643241 -53.544952796 151.88797752 73.83470858 -40.572195369 161.85974636 67.272394105 -70.937969956 123.9130365 
95.085975297 -52.823734708 138.03698782 107.09476304 -48.354962891 137.95005178 100.9297785 -34.053883147 155.22652961 
115.30752466 -24.557986857 157.78951173 129.1189334 -24.740555927 152.79735015 151.18418793 -19.295096914 150.12297033 
153.23337008 -1.6026344975 160.71711098 98.778038693 -22.618185016 166.11872449 121.89137042 -44.833016283 135.35746742 
44.653194612 -55.827021672 154.9541384 37.857673269 -51.564108149 167.72671605 38.654163613 -41.053504055 183.05540706 
153.07948801 12.33968842 165.42792736 164.07564904 28.446847428 158.15387665 174.22541986 22.838499315 141.17019198 
153.04073756 28.981772248 166.27969289 137.94021294 34.05896597 173.56773786 142.59787635 5.8868610359 168.19893907 
130.29531961 -0.41895621275 169.5203781 27.41031838 -40.371707393 187.35351809 5.9031438065 -29.13002192 193.76488085 
4.3987782259 -47.783538679 188.44793146 45.537310428 70.950210308 -146.72500908 41.545680721 72.877320825 -137.88946514 
-11.854482414 -110.41319592 66.620126303 156.5718226 -0.86030471009 -154.66404319 158.72276348 -8.8696590279 -146.75174085 
158.22047636 -4.2135805924 -134.98221075 159.7748717 -6.7726079534 -123.35044728 153.77381365 7.3663461909 -159.34663904 
153.04864056 9.3627688506 -149.62067777 153.36368695 10.670366976 -137.28354949 148.63625563 19.073618305 -146.05062486 
143.66796523 28.063598754 -142.6040171 144.47421294 29.660029605 -131.72459213 145.73094488 32.097206481 -119.4959501 
137.90447649 36.407337094 -139.02531562 130.65458175 42.189369797 -147.56997291 130.71262635 44.885214052 -133.87809878 
151.07697976 19.912193198 -125.51453145 144.00317344 25.826360655 -153.83285052 145.11796598 23.930111834 -166.8801801 
143.07385658 28.183650395 -181.04741612 139.21790349 31.980837988 -160.43947647 131.63055489 40.000899752 -161.35510197 
123.18185352 46.693064748 -169.70257716 152.12590968 11.988288127 -168.05984836 155.18738821 7.9574189538 -179.68019962 
155.69892961 9.9946213322 -190.73246449 158.99659113 4.7055890873 -199.93106752 158.97257827 -2.8994434947 -179.24823876 
161.54103573 -10.864679677 -187.12323781 150.62956655 18.368317028 -186.88549765 145.44569454 27.164607227 -194.1743975 
159.70682255 -15.02687501 -138.84320571 160.37727082 -23.58286006 -135.30945189 140.87015359 34.098093065 -202.37699635 
133.63298246 41.030625512 -201.90102424 136.64167683 39.554431579 -211.34598818 131.05699662 45.545933056 -222.27646967 
141.31445322 36.825025491 -221.58391845 148.10285269 31.909028289 -230.82628765 148.57414346 28.724510786 -221.15197739 
152.80321937 21.009093941 -213.2707271 122.13084827 50.591780406 -217.4027486 113.22001575 55.352165125 -219.48733055 
101.17570724 59.707326807 -221.02263419 109.75196088 58.877630242 -230.8453129 117.82162465 58.441658579 -242.65086812 
119.65818189 62.680875811 -258.16150502 117.27295632 52.170471075 -207.22882824 129.45498914 50.091951763 -237.02860369 
139.18430699 44.795089966 -245.1190402 140.24510938 48.584086182 -258.81811044 135.76945404 57.114506242 -270.46566014 
143.16905528 57.332694352 -286.52780373 97.331768019 59.569452736 -209.60865962 94.208477231 59.997195583 -199.18528693 
105.80286478 56.706135068 -201.8116304 99.8512561 62.449117172 -232.02846807 90.683585182 67.115945148 -239.82392912 
83.289789991 73.180484977 -253.10825034 98.681333649 69.617907459 -254.32637601 69.0647136 75.443391431 -253.06177692 
58.758076969 72.169294422 -241.6030189 66.520659782 68.198946898 -229.69671309 89.097491028 76.844101112 -266.16529245 
93.712583857 80.895429997 -279.17218592 105.9721821 77.742220305 -281.89422192 118.9483916 74.041908519 -287.56776862 
133.09954568 66.376592368 -289.67416228 115.3834943 69.85381341 -271.62720626 80.334295333 83.815844661 -278.71029579 
43.528396962 86.3814341 -273.87457386 33.430001205 90.64518141 -283.46830848 38.138932605 95.091943635 -297.2241383 
21.715163603 93.937465259 -292.17910941 14.248241384 97.851888352 -303.7089593 18.831644772 100.52585906 -315.1900376 
9.535925563 98.442101065 -331.25373575 32.704400153 99.815560009 -318.48368302 52.586252431 94.292701013 -296.82730423 
61.033650072 96.906855098 -308.32306288 65.106016773 92.834771221 -295.41517955 -22.359979617 -129.96589256 32.441540636 
-14.572112403 -125.30453901 40.984718895 -9.2485688744 -118.78459004 52.046529709 -26.446500302 -125.3444822 41.670617753 
-35.874246375 -124.54978655 42.798866533 -45.129500425 -126.95740083 37.583274402 -31.204568597 -120.30884288 50.158409202 
-36.620944454 -114.52268693 58.883380833 -41.9554141 -107.66645255 68.941251742 -23.38227373 -115.72354922 57.440024589 
-50.487171051 -113.73932935 58.773494446 -32.524254783 -102.99677056 77.574535203 -21.28269946 -105.25029818 75.110742586 
-35.209649957 -96.023024673 88.629345177 -48.147054087 -92.882739618 91.18782969 -51.689177693 -84.273051167 102.77232826 
-24.62507649 -90.980240849 97.820277948 -13.86864101 -93.916189388 94.028403658 -6.1957065132 -98.57527937 86.782402305 
-53.317698866 -120.5951535 47.645267118 -63.356759442 -120.02629926 46.05708419 -72.46311634 -122.52908912 37.654144449 
-71.696262572 -114.50697083 52.110762744 -66.040541853 -130.64187997 24.815202407 -30.628773122 -84.090056179 107.71831197 
-40.90779934 -82.52101217 107.97069011 -47.782801066 -77.189738918 113.96389063 -54.754555634 -70.646978155 121.3011007 
-66.174961767 -69.809543361 118.86678029 -79.121173747 -70.037358724 114.44295652 -62.133182712 -63.467717303 128.92446614 
-56.990131894 -56.900725386 139.82310198 -71.395554434 -54.652588024 136.86177484 -90.165611862 -54.3828735 130.39400245 
-80.724276492 -43.546089944 145.79499543 -47.713054415 -51.205539297 151.57548537 -72.974639189 -35.137796685 158.06449528 
-43.805704185 -71.380477968 123.57171254 -32.931492904 -72.032582121 125.63532432 -25.577858872 -78.377581278 117.58823701 
-21.784204354 -72.619353781 127.08831425 -17.535753678 -67.129527896 136.34282837 -23.758442294 -60.913020884 145.6465283 
-15.859660215 -55.290668021 161.66276331 -36.683068474 -59.543206588 143.9692024 -28.843909258 -46.483896324 172.9915775 
-6.123121403 -68.049761462 136.00148096 -0.65374897871 -64.109856816 143.79200851 -3.3837866055 -58.900515662 156.28749216 
11.625076601 -63.142004834 146.74215483 -0.11449199301 -73.352729995 127.94271036 -40.145954349 -65.91427686 133.1706928 
27.80235064 -64.883860483 142.30515844 -35.03850152 -32.65237635 186.75362527 -39.442118801 -12.360509078 191.94462848 
11.036151154 -58.3373963 159.55222454 21.450589761 -54.604589098 169.40084463 10.728879849 -52.632145125 180.35253217 
-46.639927595 -59.957714181 139.81908391 -81.400121585 -22.740769661 165.38058412 -65.235452178 -26.201555534 170.60049062 
-75.328282834 -11.456637526 176.12389541 -67.178205208 -0.33742931372 184.6637013 -51.836043188 -4.3078037207 189.06421423 
-56.675441021 -38.966422551 162.59440896 -96.353239263 -20.107725245 161.96527695 -104.76339263 -27.965228824 153.00019224 
-85.584113764 -61.979296549 122.80581541 -97.509923635 -59.152272933 121.72878271 -102.13462145 -51.319732791 129.2136047 
-114.76828914 -48.109299245 127.37501199 -120.63766964 -39.663249788 134.94523434 -134.96809857 -35.504050663 130.43876014 
-143.37064702 -19.882627217 140.95965105 -93.525132077 -45.647264556 138.82376362 -100.05989781 -37.146286127 145.43383535 
-113.16579777 -34.085276011 144.28436341 -118.59927247 -24.454921862 151.64348055 -123.31479894 -13.506030118 158.13089339 
-125.477329 -0.95753297837 163.74275548 -133.16359496 -19.758200661 148.8693242 -69.267632285 -75.163722189 110.67492333 
-65.187841465 -81.428567666 103.33386781 -72.615974721 -84.512612676 97.049294792 -75.380594981 -90.188346026 87.900774739 
-83.136925039 -82.924574697 95.647677036 -89.246791939 -74.857722207 104.19100056 -96.65065244 -80.474710813 93.305922213 
-102.64487549 -8.7792894856 167.83219294 -95.715907745 -0.4800561898 174.84558208 -90.994794406 -39.507071729 146.08975969 
34.02280597 -59.388205089 151.30538422 9.3169836315 -73.717999486 127.58093241 17.941025 -78.147976334 121.03847243 
16.871753371 -70.02458201 133.91234783 -4.2832553374 -78.014101968 120.65014302 -3.1460831951 -84.861293811 109.43807126 
-13.888661592 -78.754768943 118.51018786 -55.944678361 -97.080643919 83.073727251 32.135080762 -55.950302328 160.06465335 
-103.69074336 -63.362074661 113.55167886 -112.18392276 -63.556039725 108.40872356 -123.37475245 -51.092732983 118.13105145 
-125.66476436 -44.33297649 126.31081975 -143.43288181 -10.730216222 147.552278 -144.37087627 1.0909208154 152.87773985 
-150.97770537 10.764424234 146.68010637 -149.0633483 24.151220531 149.40628931 -139.34195356 27.687602418 159.22021264 
-135.59055422 5.3823223095 161.07204239 -125.939874 13.065725188 167.38711815 -152.64194884 33.052090096 139.34827948 
-154.06932128 41.076172476 127.93974493 -145.82897842 37.286184411 149.91216352 -139.609891 50.318108038 149.11083147 
-142.72163741 60.115044412 135.36091935 -129.04242471 58.102821125 152.98674843 -120.20930483 54.166814597 161.49059149 
-120.22942943 41.809391836 167.04633754 -156.49549332 27.682795053 126.39567034 -156.954508 36.658293594 116.1596006 
-154.77984826 7.8348582887 134.8868582 -153.291921 -5.6135062876 129.27276611 -155.22065191 -3.9561766298 112.87983364 
-155.38437696 -8.6799264742 96.165231917 -156.74222285 16.432827941 127.98919955 -157.57241151 17.597834818 117.41271499 
-157.32512911 8.8890463967 111.5730295 -149.02168354 -11.839044852 139.14604278 -148.83265178 -18.703393006 131.92928182 
-145.81996225 -27.9552713 125.17157456 -141.76721886 -36.700961574 117.32457899 -139.43954698 -44.555558235 107.89228714 
-152.49209612 -16.646848122 108.5250295 -12.598197876 -89.190453879 101.6942093 -117.7052811 64.352515828 155.40023566 
-113.82125035 73.122205211 148.16601288 -121.11896977 77.319410181 136.60893086 -110.00621373 79.838032908 140.95134404 
-100.09585158 84.208821583 139.13145385 -89.0122228 82.793232612 147.03152725 -93.376956107 76.153067004 155.34243006 
-103.92455701 69.529939748 157.95342365 -99.168441945 89.132556059 129.77461295 -104.10598923 91.70496329 120.24339083 
-116.0654428 88.183821423 118.81678298 -121.5832951 83.039817524 126.02696278 -89.07433594 70.383389563 163.86203491 
-132.97956714 70.299866114 135.94321753 -80.030771838 66.178052923 171.15038613 -71.703490147 61.013593902 177.4200655 
-62.093497973 55.869099768 182.66746625 -82.816051494 55.892945971 177.02805459 -85.941615692 40.286382491 181.895243 
-94.758797544 52.535483967 174.43476742 -108.18342176 50.348413702 169.66502847 -60.940563278 65.29435484 176.71758031 
-58.480615355 73.688017686 169.04188962 -68.563364895 78.27523682 160.83715679 -63.201176039 85.095229177 151.52242572 
-46.910642775 76.787578011 167.68519484 -38.463799229 72.104402564 174.32713321 -40.141761971 60.159084149 182.97159909 
-31.389398712 48.020355484 188.97358618 -43.857435699 82.976353066 158.75902287 -58.415773282 90.178934144 142.69153541 
-51.563661901 86.479275473 151.05426706 -77.566325662 73.329644079 164.94260539 -52.941504883 60.654049386 181.52933854 
-99.551101505 61.482872345 167.08931605 -61.622832186 45.117064487 186.83995491 -50.955835789 38.597250719 189.31008196 
-51.28728504 23.237703873 190.78111628 -71.265793015 40.205023869 186.37994656 -73.541343277 30.502002068 187.21365942 
-75.349786795 19.67505761 187.08664799 -64.623853501 21.570339712 189.08411502 -77.035178359 9.1446921369 184.78986565 
-78.434715543 -0.021648598268 181.19155514 -85.527148669 -3.1510049306 177.10680842 -87.233642631 17.288281801 183.40501302 
-48.346113358 90.458667563 142.94797192 -38.786706779 91.628246448 138.71252613 -22.895938499 36.324846101 191.93265759 
-13.254038856 25.130569603 193.77530734 -27.42121477 21.600942723 193.38420815 -17.08556391 50.443275768 189.27074045 
-2.7674553425 52.577718413 189.32303588 5.6148252722 41.821404996 191.75614474 11.52006961 53.930393404 188.56087643 
25.695496073 54.912682696 187.79208453 35.539204334 42.710709016 190.54674559 15.943260013 66.262565015 182.58566634 
-9.4931395334 63.880437804 183.60441372 26.354878603 27.569094451 192.35143312 0.55750938441 28.968917732 193.70299236 
13.276983962 30.621355452 193.27690305 -32.30795192 8.3067294089 193.54034864 -24.245118512 -5.8825366128 194.14444797 
-8.4052636824 -12.613300065 194.60971099 -6.6465236043 -25.917941675 194.30864345 -16.27248433 -34.328818451 192.51906582 
-2.8906999722 -39.472716915 192.3796988 -6.717778504 1.1656868292 194.58311559 7.279568468 6.5754347898 194.06269893 
21.024740183 13.051595926 192.94156027 18.736247971 -2.0916753708 192.83894801 15.732386158 -17.916946015 192.90661167 
30.967950989 -11.251897379 191.46081971 43.569164017 -20.732007655 188.22810838 45.922562192 -4.4125980197 190.52099375 
-25.429155528 -40.323585943 185.40694092 -3.3201133212 15.039434087 194.4469808 -28.991051153 75.152091003 172.01274544 
-23.565365357 80.635720231 163.53474309 -30.143501556 68.610710658 178.43105481 -64.667331122 93.320055806 134.29082878 
-75.567371653 92.227392042 134.40071133 -79.867222084 95.294269398 124.74583442 -79.919618401 87.871180541 142.02626814 
-75.496296324 83.875331126 150.26613783 -127.34158731 83.952857091 117.67815464 -133.56792469 83.874531661 108.68913121 
-135.86243135 79.384003602 117.09956374 -140.92276438 71.407331872 123.14751091 -129.84115167 88.28338614 100.79130365 
-140.56217749 82.078025577 98.557826891 -142.97642196 83.665701483 86.388236668 -136.27008419 89.665592109 79.089506754 
-17.220669374 -49.08760807 178.60005908 -3.8953671433 -51.924794279 181.15388541 23.525873166 101.86015449 -25.481973167 
-53.355291094 4.5633001367 -342.022795 -113.30765683 -50.154983048 -339.12862769 -82.410778914 -133.40680007 7.852730142 
-84.277096218 -109.81137367 54.06509225 -96.171752406 -106.15842132 53.513619455 -162.96166038 -47.920459984 -307.64852081 
147.76928858 26.345073519 -204.15451613 176.04608935 40.46216801 124.95783306 173.05067775 47.364717731 134.51099528 
168.95942198 59.581449937 134.84093973 174.20368447 35.37056053 137.19632815 170.26544493 31.422842034 148.61730598 
164.27947801 39.573932661 155.09572057 161.97101741 53.540279619 151.38405012 162.50106711 70.915670088 131.05380348 
147.23246448 78.967182236 138.37004747 153.16741493 80.411506147 127.3491022 154.45927555 85.226525123 112.08018505 
159.04167753 85.996028061 97.609009189 151.85065416 92.683234399 88.056010134 139.26043394 97.99410081 92.505147439 
135.2429165 97.453207563 103.88500495 129.09250478 96.608051526 114.97414286 141.78751531 92.26946794 113.51079756 
114.80321911 100.04633256 115.50141061 123.56522389 94.04410462 127.16221271 118.60937804 89.66493063 139.78638874 
103.92714868 91.512107712 142.18956079 131.30488814 87.613100138 136.21015935 113.17092603 83.373106235 152.62767252 
110.34133601 104.73910292 102.03588778 95.064334392 97.909718447 130.66205973 124.54592441 75.443285532 158.13729397 
136.02955112 74.162655731 153.50782879 147.97854901 71.999129208 147.8687258 113.34142458 73.849083942 164.27241132 
113.0624639 62.743204729 173.01766281 100.16887481 71.272405021 170.70953542 85.762110131 74.337553378 171.58705725 
72.124406899 73.116898042 174.08514279 76.378550676 60.038062956 182.00432353 64.404981446 50.759879358 186.93294562 
101.77244788 56.911198571 179.07278501 102.59073486 41.582909461 183.57877669 89.490637271 50.905109026 183.54711026 
77.075456219 44.410679892 186.76521314 75.929177395 28.94973244 188.40002254 92.146828692 20.751539268 185.51251607 
91.271094294 81.259294145 162.35304216 65.194834123 18.423343816 190.11411843 124.5763733 55.674167954 173.0927893 
126.07763269 43.391096255 177.11390045 134.25003567 59.954516068 166.76229373 144.59505574 53.19592187 165.08492449 
145.68183552 42.226679074 168.51985466 152.10970251 56.204906635 158.61585864 116.03202859 37.22135791 181.53805819 
117.64321941 27.257823019 181.72348779 124.22991884 20.774182933 178.9406176 132.24783599 13.095404574 174.41010237 
114.17161752 18.216581523 181.40506217 109.82629171 7.8493567967 179.33529741 116.44792686 -1.5943560365 173.27486226 
104.61504441 -2.9066334362 176.23001687 132.86628534 23.937635193 176.13647608 104.19693024 16.055863018 183.03814281 
93.35822701 -4.0574684066 179.15382706 81.919283707 -6.4488627172 181.92548815 86.614202054 5.5755641582 184.20790793 
77.258074359 13.713848002 187.60762116 68.978047344 -7.777062685 185.22665835 77.354535973 -17.488605679 178.99734704 
84.2447408 -25.107899992 171.33821927 77.068528779 -32.918441308 168.53223183 67.152640334 -36.340253942 170.12377307 
60.852247847 -30.561743366 178.23217819 56.134503708 -40.007859338 172.42979676 65.146221713 -20.511983763 182.26423108 
44.675461635 -44.483492704 175.08634734 54.991416891 -23.844638213 184.24536572 58.718326501 -2.4802348893 188.8290583 
66.72561562 5.5034396723 188.46252781 118.09295676 105.06087143 91.990564206 114.43988923 107.62101894 78.227010149 
116.6330733 108.34262344 65.511832115 110.24859701 109.72354239 55.448428031 109.57171637 109.79556605 42.516961473 
97.565322605 111.25053806 35.226044268 96.239788341 108.70905313 11.398474739 96.873691541 111.59063259 59.220909222 
82.335815202 111.69088893 64.124879179 93.664339697 111.1741454 70.318504983 74.203134622 111.84420985 51.142870534 
99.479639099 109.65813477 79.584680491 92.272899996 108.8216644 90.225673742 80.817344559 112.06718677 36.04345585 
110.78666241 105.91460131 11.463116153 97.709690377 106.69330604 100.30502578 92.04710051 105.55954997 108.59287803 
80.977827063 104.72165537 112.6055052 73.615607986 106.75396677 101.30844756 72.827070636 101.24856111 123.22850011 
61.564157797 99.688434099 124.87617469 79.856503897 97.693477041 133.26768885 60.655185833 105.64706492 99.380541601 
52.58285516 95.714360742 132.99859468 93.396173001 102.83036055 118.07335324 103.56749093 100.45309245 121.27120693 
74.135864468 92.935383894 144.87482763 59.229553018 91.21062351 146.95242187 82.607689301 87.810764248 153.97247816 
69.146003142 87.143655233 156.45550555 66.204036474 81.150866431 165.98093077 56.993125584 76.46780358 171.98066831 
43.041766271 80.3842492 166.89021158 43.82854601 85.665749912 157.26024636 81.164673512 108.7806791 91.924087713 
100.53134092 111.46636996 48.185048115 165.55762135 77.910270953 104.60435969 170.90561183 67.568605026 108.31658291 
169.93321936 64.328357811 121.25393021 174.39717735 55.943443113 111.26884456 175.2470994 20.092623067 -11.286117657 
-158.03728572 -10.243550703 -16.076815269 42.632356929 -141.01668092 -1.2980771204 49.685637574 -139.67005942 4.8534209733 
-33.915755402 84.08055213 157.47890674 -142.48263928 -51.565930492 -65.845151688 -145.86820836 -44.63030629 -57.531448114 
-148.75147433 -33.941219016 -55.533825921 -151.23812602 -31.6875684 -44.916834976 -148.66493604 -24.103842141 -64.204721917 
-150.98054241 -10.769572808 -58.671858038 85.061985779 -55.666268931 138.71979558 -100.41468802 63.761447837 -261.67899255 
7.6948693875 98.393566995 100.21449746 163.49470969 -56.538195082 -210.49096925 163.25358889 -50.473428287 -197.91409613 
140.96664245 -101.96968877 -219.20146444 52.617571316 40.149952829 190.18822766 -154.64083955 -31.433408967 68.630132183 
-156.76951026 -30.095314303 54.213976598 -158.09792712 -14.877120146 50.736037259 -155.58772469 -21.730720463 76.791363392 
-156.32907778 -13.155185258 83.743444076 -157.62435668 -10.374299163 73.74995835 -158.43486109 -6.6608825181 62.855810141 
-151.6785449 -33.310065509 81.220660474 -148.72256425 -34.463715263 93.397497235 -150.71866898 -24.623751141 100.6865949 
-159.19992987 -1.0696157177 52.676744712 -158.98453259 -6.221713956 40.434344834 -158.98053038 -10.23141613 28.824801453 
118.73161658 -64.332411125 114.22419804 130.16080351 -62.124271031 110.79731682 110.30777438 -61.930593305 120.88205982 
112.80228313 -54.06390999 129.04276115 -71.218578335 -136.84120186 -145.57824081 -79.655919903 -130.13802869 -147.19560335 
-86.570285279 -123.18540913 -139.55389689 -86.251801082 -125.41452912 -155.18735993 -94.083751928 -119.9339856 -164.19346569 
-103.66596167 -110.1134643 -159.40333164 -85.27134703 -128.28517584 -168.20692076 -67.080333901 -141.13279307 -155.52104901 
-67.207315906 -142.5791941 -169.96614022 -103.03136598 -108.44735039 -143.97615917 -83.718472922 -131.18400492 -179.98788314 
-90.457143297 -126.92658559 -188.18575894 -98.943486371 -118.98256256 -185.66362296 -107.40540954 -110.48223288 -183.28047917 
-101.01482188 -115.13326205 -173.72577797 -97.016507214 -122.81828643 -196.70069991 -103.43382235 -119.20828925 -207.60078895 
-114.27370445 -102.63314191 -180.303442 -116.2085997 -98.311085158 -170.66356291 -116.78174347 -95.620189491 -160.34907992 
-111.52253186 -102.34843011 -162.37984722 -81.617129333 -134.6511612 -191.26593937 -71.018731395 -142.93519335 -195.84873439 
-80.577994733 -137.16165196 -203.44111554 -88.656038353 -131.91099047 -209.87894192 -111.58107842 -110.73261021 -203.68699771 
-77.64041693 -134.90277208 -172.13829287 -90.444632411 -131.98136948 -219.40293984 -96.182395091 -128.33214434 -226.60287837 
-104.94919103 -120.397093 -223.29490782 -113.13263148 -113.26190714 -226.80545736 -119.76236466 -105.66784426 -223.29854123 
-118.52082062 -108.96264319 -235.74452242 -126.03452731 -99.821315301 -232.92004229 -132.73713155 -90.357930153 -230.99524013 
-133.75489574 -86.261554872 -219.83459662 -133.41852529 -83.555958868 -206.98441434 -138.92334577 -80.256919498 -229.11036102 
-144.13684629 -69.378402444 -227.18521206 -144.29891679 -63.260019352 -214.17852004 -148.34176284 -57.718753329 -227.02032982 
-143.32495586 -74.61701543 -238.50791304 -147.28192429 -69.708052308 -248.72875421 -152.17385038 -57.056686819 -249.2319841 
-151.26613836 -53.50474464 -236.90629664 -141.95250171 -79.884536721 -248.40155301 -131.70517719 -94.014286032 -241.02656326 
-151.44472304 -45.635983383 -229.42824319 -150.72716534 -35.391714202 -220.12335025 -153.39057307 -33.973350349 -233.13934343 
-155.46786013 -32.357356964 -244.13713365 -157.53270549 -37.332178754 -256.623389 -148.20858164 -41.127755756 -208.43800494 
-145.64979293 -53.078652399 -205.65046879 -142.29839153 -63.074048746 -201.5308632 -142.8043829 -55.218957181 -192.2863407 
-128.59438081 -92.022074637 -211.33186041 -138.60832999 -72.990751167 -203.56671135 -132.07145008 -81.015334218 -191.75272943 
-101.53963757 -124.72837086 -236.23939097 -98.361152233 -128.14406394 -246.90737172 -106.11991062 -121.45923549 -245.35287015 
-95.212114378 -131.07302726 -257.52689846 -90.515392309 -134.9384808 -267.77050595 -86.360083574 -138.02482896 -277.87242213 
-101.73545929 -126.57750655 -268.43566688 -88.800312401 -135.59926219 -247.03670394 -154.27095367 -23.585580858 -238.21795527 
-64.759345724 -145.87488399 -184.97359167 -95.792033096 -114.51442264 -135.79882894 -53.711174583 -26.65998531 178.10761542 
137.27831384 42.602918617 -120.45281584 -127.93342714 -101.15291476 -10.518370894 -121.35722674 -109.70796322 -8.3599779848 
-116.48720712 -114.30913173 0.47734281607 -114.15668079 -117.16562187 -12.110026841 -110.12744177 -120.04974738 -24.800146515 
-116.37654769 -111.58659186 -35.35082427 -117.72441621 -106.17188776 -48.267221724 -120.10716289 -109.79121978 10.21965469 
-125.21726841 -95.183952096 -50.425369171 -89.736837992 82.180390546 -325.98844659 -88.353544912 86.240277378 -315.91620303 
-84.501323646 86.450820071 -304.13913332 -82.310476078 88.454933796 -322.64147322 -31.155805318 -160.90725533 -168.84575391 
-20.229922412 -162.71949668 -161.06108656 -25.312315477 -160.37312812 -150.4475074 -144.44461771 81.934706922 19.159062317 
-3.3908120492 86.765768763 148.54534041 -3.2013833784 83.328092847 157.84678059 3.8355215368 80.740087986 164.69228031 
-8.6583738904 79.197398598 166.53017093 7.3946635174 88.755485442 143.65945523 21.219215591 86.900476994 150.874609 
176.87966771 -6.1699540445 56.074929068 162.56135182 -32.921035934 122.0332352 -62.366271967 -84.066100292 -338.11492876 
-51.056331902 -84.812845359 -338.1013686 140.53265743 -61.44339045 104.63270148 149.60101135 -55.271464886 105.14729675 
152.07827764 -46.364828975 114.99129968 157.38637539 -54.462180642 96.318941395 156.08232742 -61.811292977 86.564714193 
164.60895292 -45.628754699 97.583327414 169.74432173 -36.194663079 99.1042277 173.96353783 -25.811474894 99.203623676 
176.75038243 -13.301234188 99.793802661 163.58682693 -40.403155447 108.32318359 165.29443548 -50.082293292 86.039446357 
174.97693257 -20.104052372 109.41140982 171.40747076 -24.367424482 117.4186879 174.72334154 -15.211032778 120.62606209 
172.35122774 -11.024811912 133.42896581 176.53841693 -3.7146412843 123.14435009 177.40322815 8.28713469 122.78122974 
176.49207703 15.206795486 132.26784492 173.37295222 10.664532056 143.63123023 171.10906868 -1.4016442008 144.53882334 
163.85401644 -2.7904419991 153.55206498 157.48310043 -12.014390705 152.67642211 173.12197112 -31.777183395 89.70190497 
174.54765311 -27.250746514 80.246546093 175.3371252 -22.401695393 70.292343729 176.25257563 -15.338562126 80.479597889 
177.0171673 -10.707497148 89.534653968 174.44399599 -30.525073543 62.170907072 177.68008722 1.7187691172 113.10064563 
177.8911884 5.8601757495 102.62047479 177.92796897 17.356040858 99.76420183 177.44651471 -2.9575216226 83.848437709 
140.43537203 -48.337069712 122.04941302 148.87053573 -39.377575474 127.62415661 130.7680388 -49.651442242 125.93179554 
144.29009898 -33.230453305 138.49646607 132.57394549 -34.296883688 142.44178276 150.12500438 -26.122660792 144.04049382 
158.1561065 -21.196699318 144.41361768 141.57340402 -23.544117906 149.55077727 177.60148541 20.019344703 119.78948163 
177.86250099 22.943736458 108.8333352 132.74830032 -54.80362245 118.60737253 164.81213668 -22.653033748 135.07538866 
9.9714111395 -160.57752794 -122.44747643 2.7375305282 98.470922958 -305.18955825 -6.0454811291 96.479204799 -298.47898466 
-14.137327119 94.216187928 -293.06000566 -24.045779213 94.244361566 -294.97718964 -26.882485934 97.694558916 -305.95050137 
-28.736032713 100.27577284 -316.62105957 -35.974469881 94.481001444 -298.67749725 -49.805998094 94.248962673 -302.68898668 
-45.139373339 90.480518672 -290.49569965 -41.114235584 85.520388745 -276.90320341 -18.174324833 100.26522592 -312.80180705 
-7.7619305706 99.695693822 -308.91169304 -9.3379989665 101.52468003 -319.56134796 -11.142071822 99.905533303 -329.69689202 
-0.40578853505 100.56107311 -326.06690978 -6.2925225898 92.682085389 -289.00936594 -39.0817744 99.82366101 -320.28431696 
-30.055044787 101.0099375 -326.61998054 -21.83021199 99.481732797 -332.03141838 -14.678147325 94.507825375 -335.77126872 
-13.404133782 83.571680154 -338.88164832 4.8288456867 78.790212188 -339.51657299 9.3934952777 100.33676494 -312.22016227 
9.5504631112 101.39756837 -321.49078915 -56.456305184 89.96637793 -293.32851374 -67.989206893 86.070626416 -289.45931324 
-48.524006152 98.96960187 -324.29139904 -48.705947628 96.672339026 -331.78123272 -40.330503544 91.220566487 -336.59787024 
-57.712483553 96.700927301 -327.54473613 -65.787584375 95.362240707 -321.12333019 -60.350071879 95.326283078 -311.80434463 
-48.559039678 97.764274258 -314.36326669 10.189861018 90.728393872 -336.85120601 19.89144698 94.906289269 -334.60292461 
31.431671501 91.064863854 -336.08942007 44.14780849 91.775586289 -335.02847226 54.316544722 91.920204637 -333.73319673 
38.293288197 97.865863098 -329.22936652 44.018062223 99.926249585 -321.60000443 54.252108948 98.971091268 -319.64247965 
61.688709051 95.787186089 -327.73548884 91.683378673 -114.71504231 52.415015865 80.349751662 66.388351788 -228.55864774 
11.695053103 102.9048184 67.62570483 147.49773421 -12.445613668 156.86974889 142.3964575 -4.6425078542 163.72621547 
67.986788062 84.199915017 -274.18123521 65.20366081 80.238799518 -263.60278558 -127.73579515 -73.536912991 81.182718598 
-120.57809996 30.429588037 -151.5589517 -113.41286744 37.94900642 -154.66921869 -110.12448868 40.442250108 -166.06733286 
-107.78301726 44.01938788 -146.51384499 -98.726283535 50.424727924 -150.00585709 -92.437497714 55.814962502 -142.39891795 
-111.54913352 42.936090524 -135.21699821 -106.02078744 50.275203133 -126.95652224 -97.213510784 50.577196606 -158.7675995 
-115.59820583 35.764762976 -175.45133938 -133.26142995 10.405923663 -170.62529983 -135.92752862 6.2603435436 -180.27874283 
-133.62102034 13.13224256 -189.37681366 -130.38556856 20.323635989 -196.85208789 -45.474435244 -145.70591469 -61.042972363 
-43.077586643 -146.21000986 -72.154231071 -32.738264538 -148.70318262 -76.549301254 17.489184233 -162.26990814 -130.57440769 
-150.66628933 53.133363523 126.77461284 115.57536742 79.715232245 -300.45689512 -157.28159917 -61.596487446 -288.10473233 
78.735475518 -127.6717593 34.111393879 20.198873376 -0.6237597766 -342.02276593 -65.922210283 82.40268186 -278.72335536 
-58.623404576 80.961887047 -271.66255438 -76.543681616 80.30028029 -280.04550574 -82.615854887 74.698129322 -270.87171449 
-89.005996732 76.762574247 -281.70495629 -103.82743575 71.616171728 -286.42326169 -93.516547305 78.687204972 -290.97708892 
-75.439977336 72.877032459 -260.81614423 -88.53129124 68.878151437 -261.78483566 -92.922352978 63.713254749 -252.72468189 
-88.64550683 60.934106551 -240.41654572 -73.252327028 65.452228947 -240.07661939 -60.679626535 75.861901393 -259.86462479 
-47.358561976 75.53501459 -254.07046394 -37.252664961 80.085752891 -262.48553982 -100.40780192 77.6309549 -298.4571937 
-106.82681356 75.707687996 -309.57546441 -109.88138841 72.264338524 -298.58952852 -118.16078467 64.971256357 -293.58779267 
-114.95047028 69.698110612 -316.53685976 -123.4806689 63.701583386 -312.93448123 -131.25245665 56.643084602 -316.96986604 
-138.10324047 50.437699082 -309.61886482 -106.85390853 74.477205684 -320.750707 -99.202728896 73.721218627 -328.77680782 
-120.6288227 62.481299594 -322.52187676 -11.402591841 95.433726214 -55.789286342 -54.664045599 109.57188476 20.290713799 
161.94624891 23.432856915 -79.550145752 -157.33674892 11.419329991 -287.40255457 15.595916419 -171.76724972 -233.53255687 
13.958882907 -171.80214271 -245.14588288 24.989177142 -171.44555578 -252.15170263 34.098798195 -170.91733922 -245.52752642 
33.352486866 -170.91287012 -235.88422501 39.898879348 -169.6211265 -228.67587297 50.20524299 -167.93558292 -231.88485248 
60.566644558 -164.92967764 -235.20937097 69.179859869 -161.10520362 -226.42492145 52.634303614 -167.58996081 -243.09308702 
62.822037585 -162.71522547 -212.98287802 70.20427014 -160.83425264 -239.23513011 44.281429498 -169.36913113 -248.40967889 
47.219765412 -167.99125681 -222.07916446 17.673533855 -11.672188509 -342.01657862 14.642492443 -22.774238391 -341.98742594 
17.821849886 -33.412381063 -341.85028725 62.19727511 -143.92283534 -13.972313596 -144.00437021 -42.916934732 98.445404968 
-137.1910289 -53.506348634 97.278639122 -137.84601464 0.82684987667 -126.38506264 -119.55634296 42.628235435 -113.81870231 
-112.38555111 15.21513709 173.5890213 -109.1795277 26.36820404 175.72186168 -100.05755973 32.315392304 178.85235476 
-91.503255704 27.673950863 182.44327594 -110.0020739 36.651963126 173.75019367 -139.19329917 -12.529852923 -139.0785044 
-132.71018576 42.801498957 -79.887855273 174.93247415 20.339662806 -24.939862597 85.371017004 48.009990583 -339.14769395 
96.7480266 39.62069698 -339.00002953 105.96037394 49.499067453 -338.51818702 38.988368804 69.271908098 -153.51373158 
38.354952572 67.695829519 -162.3961771 35.410934074 65.963824334 -173.28914639 29.871526719 68.426526373 -155.55260881 
18.277203437 67.522335372 -158.34058561 22.686587705 69.214831238 -148.87008864 21.496294134 71.23015672 -139.33603765 
11.737351548 71.887767343 -133.08534446 3.6769985095 73.238209898 -126.27628309 48.924803112 67.069605673 -169.09694692 
15.367502313 75.180783733 -121.05987059 21.280817601 65.811034885 -170.7272409 96.473643928 64.15877479 -141.05770595 
89.665560373 65.221327914 -147.03999857 -25.417101238 -148.28799323 -59.308811716 -50.916667452 83.145700707 -274.27161991 
-7.9463574407 -164.73971309 -158.10905498 119.0867543 12.517049488 -338.99396858 -32.861371913 53.778052447 -341.85925507 
-98.897930575 10.339149963 177.91217201 -49.834513344 -156.35049557 -202.02113139 -125.42927537 91.512256856 7.2964396619 
-137.80211914 -47.522167924 -136.91027292 -135.77670478 -56.449364416 -139.36061474 -131.8963037 -66.155499307 -133.71736253 
-137.4066088 -51.429317043 -147.78190107 -139.81897365 -43.995905481 -158.08626254 -137.05080385 -56.984280273 -158.72799032 
-142.59610721 -40.851359209 -173.32249546 -143.28177669 -28.593913492 -175.14049056 -141.82544397 -21.839373185 -168.27876417 
-140.3641284 -20.856042618 -157.66460205 -139.69375586 -10.042443733 -167.51694618 -140.15980927 -32.568713233 -150.82959923 
-7.0762567982 58.507136566 -341.77101537 112.75707926 18.74255304 -339.01250395 74.794005161 -76.768952396 113.62627258 
159.70485178 22.367516745 -88.179817998 159.73716305 15.197317562 -96.373838594 156.10000931 19.251825252 -105.77717683 
156.24637972 12.58285471 -114.65233381 -126.10203349 36.804623171 -237.0211692 -115.92871305 -79.208199857 83.298756153 
-109.39716838 -86.872244176 76.64046534 -112.08336181 -93.438649317 63.66368538 -124.18496977 -88.67903032 59.567218018 
80.910561349 -44.370561054 153.740142 91.366575128 -40.856151072 152.87206909 99.115575372 -43.668152265 146.44049016 
-136.5970094 -95.607172033 -281.52847881 -137.9550665 -59.777023654 -75.753853836 -48.513576337 -18.889663094 186.50425635 
-38.285112452 -23.783935765 190.04811406 -30.399496318 -18.508350813 193.35123803 -43.873818725 -29.685036737 182.95149477 
-37.45844552 -38.376658048 178.34079726 -27.95311008 -28.797815857 191.70490982 -80.610936081 -57.227579853 130.54586651 
-82.958795448 -51.072718675 136.77796035 1.9355564772 -162.62307864 -312.00364823 14.983045284 -163.96832116 -311.17228761 
0.73547931196 -155.86709373 -321.97481584 3.8859060872 -146.1494689 -329.15045719 16.55526842 -143.2130916 -331.12715454 
22.711904407 -131.24336647 -334.54050263 -4.0984653997 -138.08156857 -331.72360781 -17.371615976 -136.99893 -330.84829891 
23.946122734 -150.74073641 -327.24488766 22.982700778 -158.92252515 -319.55138117 -20.433482017 -147.18794036 -325.2981437 
-27.91279356 -167.64469615 -238.65433276 -142.15872289 -91.691861696 -301.92262051 -134.7092968 -100.90863063 -304.19919728 
-138.54547272 -95.748787394 -313.5430235 -138.07655211 -89.087947954 -324.72959175 -133.35615305 -98.709307947 -322.0394806 
-125.51604538 -104.84671236 -323.72313547 -117.62177396 -102.56092223 -330.37448268 -119.3970567 -93.06661062 -333.84907727 
-128.01690687 -85.258153758 -333.2429091 -137.82963957 -77.335900319 -331.092566 -122.57750765 -110.4448072 -315.00780088 
-113.0948673 -117.04053571 -313.57214486 -105.02074237 -117.94197252 -322.08517984 -105.96096334 -109.02978784 -329.94097364 
-94.688274921 -124.78712284 -320.50153192 -82.719916546 -124.25734897 -326.814832 -94.07304097 -129.3876981 -312.0027431 
-98.701074782 -128.65772889 -302.51856684 -87.478603093 -134.37749966 -306.44514296 -77.277183396 -137.77955749 -312.14560138 
-74.808018144 -132.60325293 -321.97326617 -69.897110677 -143.69678671 -305.53647691 -109.83868026 -121.07813964 -302.2135628 
-127.31225219 -107.70854595 -306.94090047 -137.98319517 -66.784786693 -333.05376734 176.86200208 -18.172587455 -22.343616623 
53.746999618 23.24152186 191.27506684 45.939216291 15.723500421 191.71644641 35.33458679 15.263198391 192.0842424 
65.413209527 29.480395207 -341.19103661 74.661881075 31.876189013 -340.09372566 64.837895816 39.980283721 -341.10379694 
-106.20142962 65.150523165 -272.8543241 167.51684072 -29.507470209 -215.19763604 23.300583494 74.8220098 174.50789853 
10.737006641 75.602977772 173.70745454 28.47035192 86.092729153 -271.96035097 21.869165057 81.823220629 -261.92338127 
27.458436291 76.935788472 -251.05661475 16.22732602 78.076330813 -253.85154264 7.3941223293 77.239974573 -251.92090094 
-2.8849312799 79.061366214 -256.17052399 -9.3994066132 74.931958732 -246.84486584 -6.6139718657 71.936038516 -238.36261986 
4.0431412044 70.526928645 -232.59714591 17.230981912 69.595131865 -230.06449817 19.902002202 66.928326627 -218.83176505 
30.455031913 66.348083146 -215.94761493 33.831448327 65.274471546 -205.2873922 47.590856546 65.315679109 -203.413002 
27.258639558 64.852955185 -196.7660046 39.86315647 68.094318472 -224.43169826 35.490258138 70.66549395 -233.55284611 
26.772132486 72.004214529 -237.93704132 45.343206017 71.183077632 -236.28572462 47.677563304 74.457197254 -246.11227068 
41.306772683 77.667879862 -253.33027398 46.370171706 81.658699352 -262.5975684 12.077342285 65.873029374 -212.35068931 
3.6474263818 66.102117807 -213.81818377 -0.086637225257 67.694286296 -221.59042689 13.884077183 86.178648824 -271.6749097 
2.3104950548 84.135791605 -267.11057638 -39.085570274 -1.309764687 192.50915819 122.51703625 -11.718085526 165.1063748 
41.950240868 104.73180752 -13.973214406 52.561828169 104.75278443 -15.824180904 63.914906011 105.11992004 -16.360861351 
68.837026495 107.17604845 -6.5422423738 64.938727351 108.87123344 3.632138565 71.057712688 110.02657863 12.670723511 
54.112683343 108.47956184 5.2060836308 46.764294825 106.5370563 -4.3466210371 64.404635115 110.42561041 22.472655788 
55.267549122 109.87594637 28.298455962 70.822903337 111.61131581 30.741420539 51.417066933 109.15973734 17.559943711 
82.71075765 109.93596335 11.772632514 87.565728628 107.83820923 0.73400486283 79.151532775 106.64180023 -8.4457469938 
-150.41077366 9.0287055591 -255.66536522 -146.27233326 15.13096456 -250.47698449 -143.03928439 23.918153283 -256.04519603 
-152.75075763 8.1151890933 -263.94545868 176.35002342 45.764065692 115.20432342 -132.06632898 -96.021663672 12.430149314 
-114.72501432 -5.8509006946 165.60424489 2.3139773261 -18.326940078 194.27506659 93.489968192 88.20469385 -319.00165118 
102.44049509 86.378427502 -314.68812918 104.57054793 84.781321285 -303.34108367 97.134251137 84.852574279 -293.17088783 
87.554453983 89.429284072 -298.17202993 77.789296503 90.248939434 -293.91729021 109.63065797 83.673154678 -320.37053218 
112.4455396 78.356205218 -327.69961739 118.33283125 80.133056055 -319.26347181 128.8530292 73.844329281 -318.45900666 
138.30362162 67.703879355 -312.148215 146.38195901 60.359968382 -316.67903785 154.02712356 52.190669719 -312.17329298 
136.45386938 67.45889728 -301.34350301 117.16041072 69.527607164 -332.71335324 128.69840996 66.922831563 -329.77037104 
104.90181232 71.732934267 -333.53042391 121.54713334 59.500190544 -335.55545727 115.90569462 52.453920443 -337.90368471 
123.83175611 48.200775035 -337.60868797 145.19160199 58.350734827 -325.94408694 141.64854163 52.099075271 -332.77898055 
147.75213836 40.908148759 -333.8505749 157.87033049 39.589998323 -327.90870494 164.35365778 26.679603233 -326.72759878 
172.74752478 13.417503975 -320.44149853 137.65283051 61.024763204 -330.26243133 177.33160813 6.5540970075 -308.70313248 
175.17493633 10.841787611 -296.70845634 170.06538189 22.011836598 -293.61472638 166.3067804 31.793001213 -303.37230095 
165.91569053 25.324437777 -282.05850981 159.73461104 35.701884122 -282.0278952 151.38628926 46.975719924 -282.32148003 
176.00445604 3.9568147443 -288.3913795 154.27080854 39.079586277 -271.84134847 149.4810289 41.125848881 -262.75900338 
155.8037579 33.019765878 -261.70256421 150.20642585 52.525494997 -293.94564898 154.92936479 49.571961817 -302.36309113 
160.30406695 43.161666331 -308.23892113 174.23107723 3.8221475793 -279.31936875 170.58700286 9.8340524366 -271.23789726 
166.31503621 19.805312341 -271.78319709 161.55275949 24.175524068 -261.34150378 164.67292925 31.382479638 -290.81645965 
156.81062407 28.147861028 -252.71731453 154.65388906 26.929165513 -241.31265355 146.65990514 36.399529716 -240.34748218 
99.703210148 -11.843835474 173.03307198 -20.447925806 -51.844891889 168.84547421 152.69543391 -70.707363653 -145.25827847 
110.23097766 64.692982803 -251.34459985 109.12985246 68.529056166 -260.6189028 90.549626416 -149.19980824 -230.02611166 
87.310729126 -151.59204242 -241.85919316 -66.775368238 -95.123890948 -336.76759143 -69.552477025 -106.95753009 -335.21474093 
-58.538556991 -103.14135559 -335.96335711 -47.708625028 -110.80363494 -335.33347125 -48.740907304 -97.289794414 -336.78266788 
-51.756181376 -124.13100218 -331.97842551 -44.068499143 -130.92862736 -330.70112504 -32.089366873 -131.04564987 -331.7355747 
-42.863666987 -139.44363931 -326.05912553 -45.617127118 100.79881954 110.33160545 67.29401037 11.460044419 -341.14036445 
-31.509264198 98.153057873 -333.81095213 -96.875632834 107.11841497 44.103037403 -106.19437721 104.61278936 49.259486056 
172.48100493 1.8215612274 -329.20878045 163.19197627 -0.2309898134 -335.68530793 152.02884471 10.31792045 -337.23592657 
163.13853873 -15.073451856 -336.38835099 169.31587996 -29.167744575 -333.28763806 178.45159182 -26.686780668 -326.73434475 
180.70082747 -15.895193514 -321.71994858 171.18461135 -7.4884523065 -333.42920109 177.09865131 -8.0032676538 -327.96263458 
181.88217959 -26.103230009 -318.72478088 181.89371075 -31.81654602 -311.53113099 179.17831968 -42.728520657 -314.20976163 
-158.77093926 -0.98989701723 72.063631903 -159.80979227 7.7574241369 76.779669792 -158.95420395 8.6770983888 90.399656814 
93.902094588 61.609938043 -163.9627953 8.0787936627 93.581329212 124.0460334 37.827253275 -32.674918418 187.05665997 
2.4655925046 70.695563322 179.63763515 -6.7997428614 73.277981721 175.95133813 48.288230171 -132.7614663 25.69508463 
132.64835132 68.553525871 161.38263617 156.84395343 22.137802208 -334.3043598 154.79329679 31.874360103 -333.21491531 
125.07880723 106.34294467 56.468576291 -148.59244391 -27.012260815 113.38234473 -74.769009057 88.251334127 -299.56973952 
71.188063691 -145.38058222 -323.77467233 58.169344949 -142.37963199 -328.5529612 43.74144445 -143.10881099 -330.01261906 
49.671678311 -151.17970173 -323.89377539 103.99367892 -138.41134572 -219.34454774 96.54127147 -144.26780061 -218.74817745 
92.773877371 -146.17389494 -207.086797 91.301948375 -145.60335786 -192.07747219 101.71633767 -138.02696554 -195.64917078 
61.296453415 -130.72968567 -332.99350693 97.368705371 86.685319869 152.83461571 5.020025165 -95.702829872 92.006905485 
5.7145410881 -90.435537724 100.8069807 16.867617809 -92.287370224 98.045090814 24.453368795 -96.638692657 90.471307551 
24.256627428 -102.91079255 79.836828207 4.2913578704 -100.67546001 83.270679582 10.170411573 -105.4643495 75.347448176 
1.6280770083 -109.47742715 68.309327203 10.535267744 -111.83552798 64.419560463 36.669050347 -104.19247556 77.729911358 
29.693843393 -107.9881849 71.45706878 118.73672081 107.58634601 38.516304777 124.32349796 104.94429958 28.988707165 
135.29580021 99.8990402 23.334271174 143.34824425 97.420979994 31.404887546 140.30954677 100.35166447 41.744826943 
145.67083384 97.712430084 51.680448905 156.49849676 89.499082831 53.00708137 152.87052607 90.651975898 29.981611679 
155.07592257 87.194587562 20.919168492 151.51334314 87.592239685 10.52908179 159.16713104 85.564368339 39.465635199 
166.13497912 75.069397957 37.455777466 138.98309437 95.727901809 11.672360289 131.06803371 96.797512973 1.2232347209 
117.91476578 101.546511 1.0654421085 128.39573391 105.17689857 42.668231103 134.54837459 92.079491443 -9.998146895 
127.29870348 92.147723131 -19.988176251 116.09787762 96.699386848 -20.403900301 129.96597888 87.591641799 -29.322388841 
120.30061241 91.783712708 -30.282425053 110.8734421 100.89110371 -10.705637342 164.99312494 79.610559047 50.279352301 
160.69036268 79.785896707 16.774560957 166.18518888 71.616782229 23.980616329 165.48736096 70.603182854 11.953943455 
164.28115953 69.718991355 0.67591185248 158.60817474 77.092171149 -3.3619963825 168.17636015 62.046183927 6.4678141374 
153.41887186 83.374611242 0.35758762463 169.31959894 74.579182334 60.242926392 114.64153206 90.763886354 -40.062227086 
109.72080704 89.240891385 -48.623742042 117.59268665 86.355114379 -48.640034324 109.81133382 95.671485007 -30.440659051 
98.888654394 97.94747686 -30.977828136 93.420011269 101.79920428 -21.428200364 82.243585433 103.7765699 -19.594687929 
72.988154721 102.60027387 -25.732006882 99.916322796 103.01212364 -13.160885975 115.70378529 106.45815255 21.29523935 
103.92776355 109.17114962 21.920665707 142.15297978 87.918605092 -10.65699501 95.047273675 95.532957715 -40.63987241 
177.75451222 -32.968346617 -280.33895473 39.224157661 -75.554126878 123.61096312 61.77323165 110.57933677 51.730520302 
51.272601753 108.65625298 59.497591574 44.113619839 106.70036614 68.885763075 34.967968207 105.32123968 68.223161895 
31.599218436 105.58080495 58.087759278 20.105585062 104.68232265 56.193791011 15.89909099 106.02000967 44.257195018 
29.089863915 103.58881181 75.487079473 28.599786409 102.04235724 85.989237707 40.56271766 103.88804531 87.073242755 
-76.205966847 109.14635967 21.802823032 -51.347993339 82.034248937 -338.78886071 70.563220143 -47.839639338 154.75624804 
63.095551841 -44.980194996 162.22897883 55.364972933 -165.1032669 -270.40316302 40.024026481 -68.934056169 133.89033542 
50.287284528 -65.501568452 136.89026532 52.649135038 -60.239060489 144.54681432 173.13786065 -42.804290859 47.400264503 
-95.577983181 78.308688756 -71.748512814 150.46304106 -75.691659387 -134.09948727 145.6144774 -85.038215381 -130.41567627 
-138.8918206 -63.829320022 -61.623956672 -133.79314644 -76.194663625 -58.901221716 -129.66467356 -79.679648356 -69.265195542 
-127.11900265 -87.285861775 -61.662357502 -128.17207686 -78.503704624 -79.92407602 -127.45106206 -77.464411411 -90.881229983 
-134.74998685 -79.081125742 -47.494632756 99.692677204 -118.3336261 43.564459273 -55.701259431 85.986863173 -84.92958491 
-48.877340298 84.352953203 -92.340330833 -35.970698295 86.082099302 -88.578298676 -52.981525867 80.447168594 -102.60931061 
-62.599795553 78.572856428 -103.75753803 -70.78244543 79.271036062 -95.731964423 -36.41317568 -111.30954112 -335.75567806 
-29.023626797 -117.81245801 -335.15228912 -27.952400331 -104.91501445 -336.49108695 -30.10594976 -93.940622193 -337.51405245 
-146.2808585 58.014731303 -27.36407032 96.64689722 -112.33870581 -334.99295154 85.634054873 -115.59745268 -334.9590843 
76.276470753 -105.64545751 -336.54333065 82.053151851 -125.90061934 -332.76566798 107.328359 -113.50143961 -333.35590088 
122.6169367 -114.75290865 -120.78503616 125.20651295 -111.66607252 -129.04652047 123.0948457 -113.71287714 -140.56383349 
125.08219755 -111.89097177 -155.72177526 131.73437961 -103.79565644 -133.11674914 139.48366154 -93.966144158 -137.64580292 
140.85985772 -92.296903485 -149.29594458 134.76027845 -100.82649919 -157.45186721 130.01974697 -107.09787286 -164.87242411 
130.06907995 -107.92226913 -173.84608129 125.70638123 -113.67372381 -180.8672248 127.27709621 -113.19047439 -191.7014399 
169.25484651 52.776507395 142.19895392 166.09344618 58.597715176 143.93563073 -12.330103328 -103.64907528 78.274847507 
-24.560765771 -156.47686446 -118.62154735 -119.65131166 -30.942530795 -340.64868963 -29.723789464 -165.48597633 -207.02828614 
72.088777871 96.127480629 -313.12473066 71.381043444 95.759782863 -321.8770832 58.102455434 68.194332459 -160.76780399 
-21.371026886 -142.9942277 -3.8804709494 77.362176983 -149.82375934 -135.68820391 146.37696218 -91.132574832 -202.0792753 
151.34500132 -83.687811235 -204.58517292 155.9641091 -74.341660476 -201.21260901 156.13871069 -70.244308428 -187.76604674 
157.89120686 -62.899537332 -177.05569397 160.48552691 -51.944086281 -176.84536794 155.39667892 -67.617124148 -166.90770684 
156.27585795 -62.496455233 -156.44674224 158.97239238 -50.559413842 -156.47621287 159.39681789 -43.733406113 -146.97125205 
158.71723678 -50.073722509 -134.58729615 160.42844679 -44.51024069 -167.00378592 110.11316597 -129.71581809 -184.70677532 
175.72691042 -35.554391997 -328.06578529 175.31007977 -43.770455172 -324.30894411 -55.559876358 -143.79733219 -110.21528426 
41.980920594 -116.07464534 57.216198549 -39.144457706 18.832884319 192.39756863 -152.73274063 -63.39731352 -323.17430848 
126.11102775 73.727556433 -298.98281405 175.52905167 -19.985756732 -33.323191457 142.01928319 84.982388695 132.22340346 
145.75278769 87.513642161 122.17407862 78.259410451 -140.47493811 -326.45776834 -97.431233763 61.504584973 -112.71637516 
-108.20494768 56.225387534 -106.41606688 73.080666911 -143.81742037 -15.665270658 64.340043427 -145.46983683 -61.971201481 
-157.93121713 -29.898737815 31.776467102 -157.55713448 -40.100057436 30.837808068 -156.43981482 -47.331572082 37.132661986 
-155.43825834 -44.729223681 49.472133978 -156.74354352 -47.771908815 26.65126651 85.687966752 73.795649692 -334.81811218 
94.813499004 77.112312635 -331.95927274 14.5290466 -123.40502731 -335.57539919 5.6988406383 -117.70934805 -335.82799068 
22.275569998 -120.47670873 -335.82130366 26.337715872 -112.07934736 -336.2667338 8.7325435314 -106.85591936 -336.66868745 
-126.90619415 23.866785847 -188.02191049 180.2050985 -3.7407569577 -308.32513468 180.85771586 -13.217032667 -301.09793108 
-117.76061111 5.0052356976 169.16611334 110.99382388 -134.63132 -249.48912813 105.2924999 -138.62851464 -240.35569959 
56.551690839 -124.69890062 42.16518319 -153.94433758 -53.856988641 3.6296403932 -160.73785427 12.746705813 30.090603625 
142.35570316 61.003341862 -295.25041759 39.981355252 -166.08203989 -183.00810772 130.67228223 40.891414291 -173.41323231 
54.982524618 65.731707402 -181.04742893 46.758773129 65.225009117 -188.81386443 38.432498921 65.228134476 -183.91844654 
169.18414255 26.139051139 -315.17105414 43.372331915 -121.78261764 -335.53671254 114.81581744 -30.474766823 -338.97878869 
-159.41764704 63.497857755 59.07238714 -159.14531682 63.347647498 47.724254856 -155.02851812 71.98811498 36.913956233 
-156.26208114 72.725456306 62.864464051 -149.9817622 80.991337809 67.280082966 -151.61657035 79.85482461 55.811848831 
-151.91163276 79.118162 46.609249475 -133.38525408 31.066844708 -242.46550078 -129.69071241 37.821748594 -248.74956767 
-130.28512061 42.150711367 -259.47327835 -124.8057292 49.301871941 -264.18229572 -124.95959539 53.465551455 -275.06798684 
-136.53129504 38.700478526 -267.05001976 -158.81719729 59.736318628 25.607015471 150.44601056 -99.601495531 -46.304839789 
-43.064872582 -162.1944382 -231.14365953 -142.30778827 -67.867078713 -35.923371251 -14.664373018 99.572407455 99.64905693 
-130.77198596 -71.287118122 -147.83363385 -39.646554389 -133.06685547 26.281647193 -29.905568306 -133.17494055 26.142532513 
-109.59592186 -100.84602001 -137.5236595 -57.048546783 -136.55991725 14.982383259 -60.6365264 -140.22173327 4.3591078073 
-71.258795709 -138.60240607 1.826510427 -53.012307534 -143.0484024 -2.7686998251 -42.02171129 -143.56951901 -3.5060881488 
-37.62872191 -141.08015896 6.4257161723 -26.468395018 -140.47707719 7.4802431262 -44.299221048 -137.43778761 15.724885916 
17.596631795 22.563243828 193.53503787 1.2543122107 99.749543503 90.875017609 66.914593404 111.48908816 41.007195299 
38.323788952 -145.11679031 -37.223510751 26.762701997 -145.24689579 -37.382974315 172.85161231 -62.465836044 -309.48026222 
164.9789112 -68.794184657 -319.88186273 161.51530823 -79.247669655 -316.30965263 155.6662197 -86.579391607 -317.51315695 
148.59340207 -89.048883024 -323.54898504 146.17784619 -78.725921065 -328.52751688 -90.57251828 -118.62799719 -104.01597471 
-84.264865107 -124.56637385 -97.68983182 -91.630994273 -119.23190752 -92.005226169 -92.11459686 -120.98334599 -80.687163028 
-91.376184315 -124.61111696 -67.454028556 -99.350065372 -113.2540362 -85.612963204 -106.86691063 -107.08421513 -79.488926903 
-114.62366698 -99.540556647 -74.519468525 -108.28332566 -108.98381163 -68.116369019 -105.80878087 -105.79701246 -90.416176322 
-101.24538279 -118.20136748 -62.236737459 -104.8490806 -105.2428917 -99.926807384 -111.93594192 -98.179993294 -95.411777114 
-117.01602354 -90.966410239 -102.64334018 -113.65453876 -94.468444657 -112.57325668 -118.08638364 -93.51547952 -80.544185995 
-140.99538863 34.233096555 -334.08946247 -132.65982802 -78.280001411 66.828137897 -137.39247215 -68.957379928 75.047787373 
159.71106277 35.286914972 161.2746285 59.980510444 -133.12707956 25.782076183 -76.0630323 -144.5306994 -258.71997844 
-15.596343689 88.073182995 -82.36040773 -12.016576026 84.723246217 -92.580321437 -0.75986107866 83.380358421 -95.222547573 
7.3126455178 86.202975886 -86.272173131 3.3525124949 80.109076062 -104.74408897 13.558073947 79.032740213 -108.41039407 
-76.915165495 -67.176912356 -339.00133914 8.3318861357 -39.630722556 192.31086943 17.139200217 -33.274570234 192.04800685 
15.387542265 -45.168583017 188.48044456 31.857624952 95.088241889 126.78178313 39.149635414 93.550583339 135.25340684 
-155.64119253 -11.721341655 -251.34338134 -152.16521233 57.592434859 117.15517406 -149.64338552 66.359443722 111.98895817 
-155.69579919 54.890725046 107.06869414 -149.60243282 72.433143295 101.17479153 -89.604043902 -119.09294531 -116.41459246 
-82.593008928 -125.75266111 -124.68101435 -3.7356261792 -48.120719323 188.67864492 -26.812515453 80.062875388 -260.88018984 
-19.782831113 83.158242172 -267.37696971 177.85289985 8.4203630027 90.892734675 138.70700015 80.294255456 143.36925381 
-93.422678125 -113.05964676 42.722882855 -70.550836445 -134.56832224 -109.51415402 11.328471662 -61.24999694 -339.64851879 
173.98002688 58.133331476 51.788187917 16.813638625 -90.410806789 -338.35485677 19.235113046 -166.34856626 -301.93844778 
16.456202769 -168.32722694 -289.15554854 28.367806341 -166.23616754 -297.4033844 38.391156858 -165.85599146 -291.64667387 
35.878118089 -168.18634036 -279.57977717 3.3600254103 -167.74089886 -291.35519153 3.7491041199 -169.42983757 -278.92639495 
-138.02199692 39.820460121 157.03280259 -16.68375863 -58.184039665 153.42804721 2.3692368774 102.64830469 -22.663316287 
76.680375038 -144.02762658 -27.84158006 141.35663246 2.2777449585 -338.72456407 139.95472574 12.952447853 -338.54870292 
130.90869365 18.425179204 -338.75246382 130.5910416 28.975440568 -338.49255508 120.69651362 35.695298615 -338.63554531 
140.69567208 -9.1157684572 -338.83919031 131.60505727 -2.7225437137 -338.97288122 -111.78845733 -105.56591048 40.539469811 
-41.37374033 -44.297181285 165.78644062 -57.645555336 -143.85063169 -39.958940778 -63.43631811 -141.50743033 -50.374387777 
-9.5618989329 -54.246546643 169.90926595 10.159830283 -160.10274031 -318.78732447 -143.62082849 -6.5616069847 -201.79882065 
126.63629445 -126.28364587 -44.077886368 134.908071 -119.59796978 -43.806777887 139.10597253 -118.44559832 -32.452472962 
146.58220163 -110.40835749 -29.123266419 133.84470914 -124.25707709 -23.088722436 137.71475665 -121.23173413 -13.856796875 
144.19781035 -114.43673277 -10.4283815 147.95959206 -109.87986913 -18.360408057 12.345787863 90.843896462 -283.44772584 
171.95654845 70.778115555 98.21516842 173.61576416 69.71549922 88.504396211 70.387648363 -100.57739273 80.069290383 
68.900246411 -94.623613926 89.601277133 75.895255776 -104.80424768 72.642367439 -149.14557098 23.440031198 -276.17076166 
-146.70423728 30.768195774 -282.65698337 73.26038173 110.67417177 74.794783195 163.86444794 -19.021998155 -195.27618258 
164.72439054 -28.99591313 -197.10426695 172.34777371 -49.611372631 -261.61674432 170.11671758 -61.770877199 -267.20718288 
164.62069421 -72.666385202 -262.1958173 162.94371934 -72.255800981 -250.53467081 173.73685535 -52.163921173 -271.99250306 
176.30704658 -46.907925237 -282.09215856 158.1871556 -80.916700918 -245.88459983 155.17316895 -83.801208265 -235.92149698 
165.7844555 -62.516459892 -243.70111198 -55.870186258 -58.879725661 -339.27951945 -61.298632739 -51.275277414 -339.68494286 
-61.328851925 -41.339177175 -340.81886432 -72.037290926 -35.423353542 -341.12603673 -70.531012652 -22.806770667 -341.82020769 
149.70326723 -79.039727682 -108.97774877 155.00054414 -69.478485491 -101.73943006 58.045988966 -144.83095698 -34.113326504 
38.215520555 -82.5903787 112.60508336 -157.40921575 43.783846214 107.69952167 109.17999689 38.954912005 -338.88783522 
154.49275896 74.250404459 138.54983712 -82.928746489 -128.33523288 -76.475753863 -76.277319242 -131.58604168 -84.150066966 
-145.23253089 -80.081800358 -322.91401643 37.063097473 56.291417097 187.65398688 45.912569959 61.746709273 185.00151452 
53.943635607 54.71923327 187.26522622 -12.633664596 -169.1877359 -265.71860517 -9.4676141509 -168.48932369 -276.44475861 
-81.5163694 -136.83119554 -40.037458429 -77.999640907 -139.43666067 -30.334868885 -88.522245367 -131.96729781 -46.396866319 
-97.789302103 -126.77964338 -42.761010077 -103.46701599 -120.11627533 -50.396160393 -110.84612587 -114.59986156 -46.155107121 
-4.6525232075 -139.01778014 5.9289827491 157.12510612 89.851787923 64.825836074 151.72705307 93.861206783 74.382244687 
161.38232402 86.535559489 73.582367723 -105.38735553 -117.21354978 20.623228408 -94.492025749 -122.35839825 22.891680517 
117.33772745 -121.87516659 -176.02471801 116.22162101 -121.64219802 -163.34328215 109.49011128 -127.97292502 -157.24699851 
102.60666595 -134.41464897 -158.65386767 97.868455227 -139.04957819 -168.84406238 -86.151366126 -121.10485346 32.545799105 
-142.85054454 -26.783041319 134.33929617 -50.30152967 66.397379062 -158.3683088 -20.429904071 21.615654521 -342.02370826 
-73.768523652 108.20633303 78.673771217 157.62168881 46.497596819 -319.93340023 151.74064306 54.092407083 -320.88428353 
-131.78478459 -51.016159041 109.63382847 -136.44530258 16.205057695 -216.3313481 -46.955871343 -159.24373812 -265.28019235 
-40.157117227 -161.47110475 -276.089183 -29.697774383 -164.47472047 -277.71692022 -94.219801263 106.72977743 66.836061668 
122.19117543 -91.661434288 74.819188907 179.50572572 -35.811167966 -291.90496839 -152.07305871 -44.496038795 -20.939046671 
176.28842876 -30.238771635 -270.00298132 175.26388922 -22.605636289 -265.18972548 175.00304348 -12.402055633 -268.18931476 
172.09681582 -5.2527112731 -258.79249078 169.94557828 5.1548840321 -260.21963347 -58.097179175 9.7488945169 189.54187445 
-94.804007134 -126.22354826 -205.57679371 -160.23347783 -44.641218988 -276.38733068 -157.71801458 -54.320660396 -276.2615742 
-154.45885377 -57.989458908 -264.51062452 -160.08966095 -38.209522834 -269.74129696 115.91347474 51.939959408 -163.75784574 
169.13979544 -38.743810843 -60.161226405 -134.41813772 62.175077471 144.49639807 98.059835669 31.509683004 185.33351749 
-55.964677889 -32.240388743 171.03632576 -29.720768308 82.361444026 -101.01583933 -37.400979357 79.649417532 -109.49247048 
-46.104248813 78.716612248 -110.15171362 -63.977508266 63.347073527 -340.57334282 136.36317791 60.777870563 -280.40357405 
60.147982427 66.748661251 -221.06516707 49.781891837 66.49452265 -217.46974461 -33.836573975 101.7581181 -32.341690505 
-32.286288385 99.659492446 -41.808333249 81.273873741 68.691878638 177.2555498 -127.09769021 -81.315649661 -163.02383751 
107.22472862 -130.46079274 -85.654222931 -137.35661613 -83.36678827 47.051963945 105.7137255 -133.51311385 7.8651808896 
153.59501689 63.029660166 152.74522703 -136.90734027 -27.11844466 140.30473159 91.634409118 5.6948724688 -339.25526916 
-64.008263586 -128.33169538 -327.92276754 94.245816073 -95.798112517 -336.88350008 83.84435958 -95.686744109 -337.2263334 
104.01226357 85.843071898 -63.74404766 -106.77033521 44.931697788 -204.92424258 -100.67300595 49.345233946 -212.71208249 
162.38803166 85.340252565 85.225174464 93.842478912 -147.58955022 -259.25276375 161.88911791 -38.304982893 -117.02408559 
-150.35507002 1.7874186622 -337.15674331 -60.368683354 -143.86236424 -19.718057 -29.821029575 108.42761883 18.744451918 
8.7243518533 -40.903282183 -341.60372079 77.606886217 -154.03289257 -192.28635941 77.468256135 -155.74458796 -204.6481746 
82.960509965 -153.23167122 -212.03760822 -45.334468598 63.22092443 -197.79550849 -130.57977466 23.834742595 165.80158847 
-130.04206422 34.690016683 164.09402049 -135.55703236 16.56575826 163.10497381 -77.316296428 -127.16860215 26.664182949 
-76.603143052 -131.47886301 18.133977633 -160.34465526 9.9334432291 55.896635798 124.28211827 -116.29441701 -325.25178406 
130.54916191 57.075298565 -261.0602138 125.84895053 62.788792046 -267.6447247 177.66715089 -3.5260693277 104.5529687 
160.26139201 -25.693693066 -157.30104594 160.01837492 -31.975994957 -149.86769208 153.59038541 -91.14696883 -259.70643127 
16.486951757 90.893369386 138.03125667 150.17953417 -17.767696662 -338.26043293 7.2759925025 67.717546843 -155.27097531 
1.7426806116 68.653040792 -148.59907712 -6.6273120059 68.969756002 -147.88011648 173.08421008 41.15922768 2.9624300214 
175.96588359 13.302623543 47.127345685 -74.608531933 59.137503876 -177.89178303 -74.389943829 60.425509032 -164.98278058 
17.110809414 -141.34499563 -5.5498164968 36.568767351 98.04213874 -307.52830455 46.947341909 -100.4339532 83.537725761 
147.63886962 45.975691336 -86.785022543 2.6760088877 106.80566241 31.22745185 11.130093384 106.91180466 23.579966391 
158.1869538 38.669303635 -72.644701755 -155.77356305 -48.398326722 -255.90311499 -126.60359235 -76.17805935 -124.45007987 
10.268240196 -116.69464593 55.695442591 3.5857938028 -119.34940917 50.802656076 161.47316042 14.240682255 -238.73816088 
166.49371436 1.5810777989 -239.67051151 165.90134218 9.9215058934 -249.31860683 -158.83598503 -39.725105979 -326.55348252 
-118.08408448 44.313592132 -238.7536677 -113.49801479 50.378922037 -246.82005898 138.40161784 -113.08019224 -53.301510819 
-122.65859486 -105.58399582 -29.751706363 181.59736 -11.012892329 -312.61258356 -144.7699698 -23.077341196 -86.394420946 
123.58037972 48.647307783 -144.6218603 34.523168789 -160.71140572 -314.84364754 95.650769885 -138.91659098 -138.74159037 
91.100973339 -141.44403364 -129.84908609 -37.031178635 88.990156074 -79.095964128 -160.93479656 40.648244298 52.846185977 
-100.10687043 51.351855313 -223.70434 165.24284658 18.919746344 -72.89714843 29.919304453 -113.17197187 62.525845962 
-52.593850014 -143.49278191 -319.7079191 134.99972701 37.145880771 -180.25500367 47.527374257 -77.7384731 118.81394321 
56.520947435 -76.325001621 118.7533485 88.150538126 -140.4560627 -71.435746692 -146.96390338 -31.797439645 -197.04006038 
107.01353538 -10.392753018 -339.03976217 -10.838953147 -36.767778894 -341.74744136 -9.092434415 -29.603417391 -341.94270665 
79.238614756 -143.60475691 -36.527160197 -101.76138733 -42.35476194 -339.93402733 -33.028485539 93.796705464 -63.706574178 
-44.381588931 94.442199503 -59.47060803 66.570387683 39.189846007 189.02422766 158.6796835 12.283618255 -219.51038 
-157.82768178 -25.28971485 43.195362781 -123.83804379 29.777556659 -200.88407408 -113.95472158 38.664142188 -196.39449526 
-148.20827385 -65.660201077 52.450689347 -150.93522473 -64.951921619 41.750790367 65.715016072 -97.802893895 -337.84618163 
150.16096992 -103.66855888 -35.98592382 -42.561326563 46.269096648 188.60214458 -17.671537373 -152.64796701 -321.79645032 
138.1348321 -96.770972628 -113.65880214 -75.305745149 69.433791233 -119.93736817 -81.484389268 65.363974281 -125.79904864 
122.04589747 78.295440248 -309.26077946 -30.197025061 87.684906763 -279.33757847 158.81198309 -74.992471463 -227.53735478 
163.66285144 -64.242729045 -231.63731528 -74.624352363 91.625795293 -324.01314807 -91.193140739 82.134652842 -298.29438146 
-96.764958982 -130.9748567 -22.368873918 -101.20550058 -126.87219559 -31.161797327 -87.139743987 54.701849458 -194.42878149 
-100.97770371 -127.73527404 -281.04843689 -136.8262442 90.856088291 38.976315962 73.281966247 65.521449544 -173.24467163 
81.17178724 63.645337249 -180.84506484 137.51385957 101.87875835 60.93631759 139.26983219 100.61771328 72.105952584 
81.427164964 -148.65807703 -144.52164933 170.03615757 -32.203027536 -231.47448047 170.27797665 -22.5984465 -234.43842867 
168.06743633 -15.056392498 -226.01955749 166.85866907 -18.441964353 -215.21674389 165.90081768 -4.032002819 -227.81910043 
171.62606651 -20.391690161 -245.60228577 170.55481138 -8.4138486854 -247.60055954 -157.27194852 19.051652139 -311.68175889 
-102.98030467 46.405656572 -181.86789953 -131.60198705 20.707728182 -205.7701977 171.68902091 -38.916361487 81.398955513 
142.8725747 54.415318152 -277.89711274 -140.29326318 -43.832348325 -92.706357023 -160.00957968 47.821283275 87.673245791 
-83.227675383 57.41555239 -218.13342893 -72.232343189 60.03088928 -214.91197791 37.97188801 -163.46479766 -304.57072105 
56.897565491 -103.97731148 76.686611933 43.189686343 7.0958528172 191.64680249 36.496412058 -113.47109834 -336.19355825 
-155.85356649 70.150167673 24.994325654 -152.58285327 73.390478156 17.565284763 -67.434274075 109.20132293 18.008599261 
136.80436327 -103.00837289 42.010071735 -37.356780833 -159.50919138 -295.62088582 -44.608129594 -158.76578294 -286.08779824 
-116.37211988 58.696110448 -85.637106483 14.273232865 -147.25302359 -50.947942992 -4.1926748308 64.023876832 -189.77785006 
150.19793491 -79.134651733 -167.21875091 -5.6315704874 97.672616308 106.52646728 134.10220457 -110.10423965 -322.93805618 
-127.89107659 -91.507965209 48.066192438 -148.6996617 -13.483370895 -69.270867161 -76.986664623 0.848002751 -342.01789146 
127.81996548 -120.51519668 -257.85757164 -92.856700009 -54.399165141 -339.28289254 27.540888848 97.922895739 -45.50598151 
-64.891162418 71.542298948 -123.27625908 -62.640027423 69.196883803 -134.33747246 -17.979709614 77.389466374 -116.23490883 
-20.410695824 80.234481778 -107.23306133 -114.09671172 98.385720263 86.63934984 -137.21650383 -61.067349399 -167.25922269 
-160.67971519 25.701168737 80.254332084 -159.91790639 23.449654009 90.761179081 -86.522242022 -130.56096123 -56.847389474 
93.142156759 -143.51307772 -179.34073498 -103.4907846 -74.838350786 -338.13277478 -55.164435833 -154.3261381 -285.87911985 
84.824976721 -148.07244826 -161.18719168 -150.64141593 -69.462243822 -267.40329802 45.669484483 -163.80522754 -165.0969719 
-145.33717391 11.092949933 -239.81334628 -134.8141623 -72.772753849 -180.80183063 -85.510158137 55.245566602 -182.30554029 
53.734006701 -144.21403036 -19.827639072 -28.679128013 -162.38849946 -293.79989848 162.21185719 17.028203132 160.24443259 
169.59347326 19.520488599 151.9426995 158.46414285 -55.593528118 -120.16278421 -92.731321232 -95.312174306 73.574673855 
-5.949700105 66.091723037 -165.06323211 115.52084449 -127.15605336 -208.15200422 79.012052503 63.667655474 -190.80325546 
84.343729203 62.349960451 -197.3746188 113.64773699 -133.39898667 -2.0389992171 -91.631070951 -131.85504374 0.13605907059 
-101.09837062 -126.75412887 -1.857695578 -107.4583091 -120.50434443 5.7397919847 -104.42890426 -125.70410957 -13.693144245 
87.912173158 62.700141874 -218.03445773 -99.782872986 -91.898245669 -336.28426504 119.40787932 74.004785907 -79.183653112 
122.37900401 69.032919197 -87.753184163 -61.720961879 96.670700883 125.66704949 55.9376009 -86.451264113 103.84526964 
44.739395699 -87.236334715 104.40357298 81.309074406 92.843147412 -306.02987029 139.66240945 -97.318743507 -181.35788191 
-151.79462888 -13.143233755 -233.49263995 -148.84673212 -11.207128674 -222.50097646 67.295178968 -157.21507263 -171.17518687 
-116.86993975 -67.444167161 99.83406041 -127.53995073 -64.901620734 93.966044656 159.08533469 68.141017802 -22.823098938 
-16.317395421 66.598934383 -218.67846733 170.63765926 48.980145016 -14.314596809 165.55341818 -50.308751448 -329.75823142 
36.757049165 -16.540010525 -342.00671466 39.439382734 -28.36560265 -341.9707922 -150.73230315 -49.479672965 67.512577668 
-132.7517646 -96.806371021 -264.55998232 22.271181434 106.85666042 33.608460219 36.197981136 107.65662146 33.597992157 
55.32302091 -160.80728123 -302.66821595 162.04950872 -0.11243239969 -209.55681512 162.5060318 2.7450962813 -218.79556774 
-88.53150814 -134.51465042 -227.17650971 -133.40632666 -62.10223942 -108.43844175 -53.012222296 63.233355701 -215.61688069 
-105.97554448 -102.96431524 -117.98406441 -68.780250413 -148.69724776 -264.73729381 -99.640882577 -2.3145083689 -341.99621754 
-106.66395979 -9.2424895065 -341.93343924 -28.193145044 70.706391318 -236.34221156 -56.677290625 93.63890342 -58.220744166 
48.757531365 88.547314608 151.45807737 126.24845992 45.973501889 -197.28398331 40.747095653 101.23514975 104.58655856 
177.8351356 33.124078194 87.742122456 62.300519446 -145.01473221 -48.477282827 162.36570896 -47.689160764 -186.12634019 
64.16816277 109.22020389 78.450130279 59.155755307 107.25612521 87.448335143 118.42273943 -127.99538468 -244.10005032 
53.478120711 99.473812909 121.02936321 147.92117946 -81.329914368 -153.34215487 166.92168316 -67.816151829 45.029153833 
-19.96003206 107.16933265 38.52739667 144.00208425 -50.578743136 -335.66970174 83.07312114 22.757432202 -339.51528662 
-139.31643932 89.463364813 66.275158147 138.64366077 -106.43694134 -230.9761311 -121.74844505 -57.684910251 -338.10150335 
125.73789657 -18.633731264 159.1929663 170.52412255 -24.264868945 -63.398325823 117.41655744 -103.57397624 -334.14349443 
76.076184718 -124.05929089 41.222963987 -52.474013538 68.277567862 -236.54636301 -59.119578555 70.528268131 -245.59124734 
-158.6932795 65.420058795 71.784899807 -155.90098816 69.96357685 82.055337187 -150.6171479 78.435174031 79.444351819 
-155.54467801 66.331866798 92.509875376 -158.08591267 56.252534093 95.154464333 -108.47253302 -31.639625706 -340.98727369 
175.85026126 56.196204205 65.108148317 -23.234052669 85.865253535 -89.566428007 49.002429184 94.516076295 -60.877943567 
-60.99004205 -140.34471177 -77.860335209 -50.68108021 -144.29320604 -80.590511834 -47.81408753 -145.67901262 -90.456279359 
-39.796548955 -148.68526217 -94.958702648 -31.276791988 -150.27738906 -88.065247599 -132.78781437 48.703698398 -281.69683493 
-136.70926948 47.540754367 -291.75768126 -90.200078882 56.555389849 -226.78313049 177.00572421 53.281531729 84.188358016 
18.643451895 102.09389133 77.704350421 -25.331338711 -168.19758121 -226.08099608 -34.924770232 -164.83032221 -220.30423207 
7.0948367199 -171.07428911 -266.23392329 159.93134773 -67.625712197 -209.50624311 -82.392905324 108.71821369 66.945158955 
-148.77405134 8.5770180385 -67.61090999 -62.775370412 -110.87093845 60.748988606 -65.342292878 -143.07942782 -29.569030247 
37.640858329 107.75250714 18.973256234 -128.71942665 95.957217142 59.055613418 -120.57922426 98.778371337 66.571306617 
-123.15642035 33.090150916 -214.20749488 -126.57513648 32.083237356 -223.78932715 160.60765649 6.1474219943 159.677652 
134.67888308 -31.714143752 -338.6387693 145.66840594 -29.166576512 -338.093967 -97.173651887 -112.09157414 -123.121919 
-141.79588116 -55.299176778 86.705070432 175.72890047 -57.49466669 -299.23759094 174.24775497 -58.63044021 -289.2168311 
-84.556003167 -19.978740797 -341.80718731 99.803283752 61.004648855 -337.48657688 154.82549585 -68.867474521 -328.04021788 
-126.76227904 96.841892375 46.957453352 -116.17553469 101.01964173 41.883505943 -151.66221459 49.193072726 -24.850151994 
-139.98198633 -5.5083281531 -179.77240419 -142.99713543 -11.862368371 -188.74849485 173.03878327 39.512031365 -13.246467314 
28.065211327 -149.64353615 -71.807162787 -135.95595486 2.3766040221 -162.83413443 -133.50571955 7.8357865439 -152.85379932 
-111.12872453 40.396302285 -184.83827145 128.99234357 101.47803944 95.069065846 -56.160307815 -142.91870572 -59.146853094 
110.99302307 -38.234082972 146.82329982 40.25224067 107.42168003 49.623044241 26.679168323 -153.80954013 -92.136777946 
146.742041 -109.67433519 0.74046007583 11.17505913 -165.32952783 -150.54910118 174.05799189 19.164938355 -36.669940498 
-152.35798494 -5.8142224916 -242.71257178 24.895920464 -169.39051754 -279.18831533 -2.7235439321 -156.25893115 -101.67302518 
24.513084376 -85.116478981 109.60616296 78.16446368 -85.493342236 -338.44999587 80.945634731 -155.16523877 -223.3091745 
162.78000928 -32.690548144 -180.12467904 -124.27278631 -81.026953819 -101.11164393 -28.892592574 82.059694687 -339.33904014 
74.342130106 -88.993051728 96.32948619 68.669335953 -84.17872641 104.55039979 -149.63763093 -21.92606904 -216.09157524 
21.531339846 99.750956128 96.126114604 -144.94049104 86.102468991 48.979502339 159.38977748 -90.873027052 -22.544605156 
-128.54020577 93.999265015 27.178546501 -76.072533107 -142.84445896 -295.43905848 150.96217026 29.728778369 -106.93277721 
-98.73063705 -87.881123385 81.822375708 34.545722684 -166.18080343 -171.3415871 5.5540086532 100.40398316 -33.643504219 
94.615407773 25.181508277 -339.11791726 28.655798149 81.239316277 164.86313799 60.676627407 -160.65854007 -180.38065228 
50.053229155 -163.71080817 -177.3269107 -54.614855537 -156.2501932 -254.29610774 -134.51482454 -58.526677247 -121.26508703 
144.60565913 -86.948814137 -118.84498851 161.28645705 -39.899173908 -334.36385609 150.54658457 -39.42770036 -336.41296945 
-145.83043406 83.19679914 31.435238255 -111.88901441 49.338617612 -116.4557727 -67.107632875 -136.88146599 -87.56296644 
57.671864258 88.971752786 -282.99604071 -127.80002322 -74.104400042 -110.99461103 -109.99800871 -75.275137968 93.216638154 
-140.57255364 -75.857440822 55.971756924 151.22893865 -79.160570174 -180.04944494 139.65813067 -96.525174063 -101.73077215 
145.71167126 -87.764154949 -99.010711227 -107.30486991 -102.1558489 52.210678344 -149.94637575 67.682239543 -1.0929248172 
-154.19915002 66.479432598 9.4315949577 -157.79819854 57.73015338 12.669950698 -49.50456127 -154.25846655 -177.97140665 
-54.655327677 -150.49433446 -168.81694555 -54.604161262 -152.40388718 -187.54867033 -144.70346496 -42.768137929 -187.73989485 
62.802655982 65.040484539 -201.77399718 64.727385066 -160.04199439 -190.89879756 57.555658832 -163.40864693 -199.65088014 
-87.124056719 -66.465916807 -338.96812253 -92.629964755 -76.224426508 -338.46773732 -104.02733296 -112.19880899 34.856657736 
32.461473939 -48.270413271 178.30278439 -50.728651412 -34.981847642 -341.42891618 -116.86709328 -109.92645493 20.337394709 
158.67928964 -59.072031214 -106.0375506 -137.6910627 -49.659710111 -103.19944327 -145.49616001 -31.11377274 -75.873959483 
-48.011561357 -159.13324317 -218.7956327 19.76196116 100.34103061 -326.22168394 89.774696094 111.00518299 22.788608549 
-38.255254342 -150.65341757 -106.3628128 168.67591416 -50.929018256 -52.114565754 -71.792397474 -119.21959186 -332.0109874 
36.966319178 89.139330683 147.46523369 -142.38960235 -32.038129791 -95.47813382 2.4351520453 64.186963549 -341.43292475 
-60.236079579 61.792732195 -208.39369729 -38.952878946 -159.02690708 -177.66902402 37.18518817 -132.40484348 -334.11262476 
-42.635482812 97.959170076 -47.523647795 181.55066604 -27.074567203 -301.4571797 154.39476306 -57.992929897 -331.89752716 
132.35880955 -43.899175424 -337.95194745 66.132688038 -128.09836647 35.519153666 -144.80710252 -23.570752432 -186.30136902 
57.429397055 -160.02473479 -161.15732671 -67.641460124 62.943273234 -227.16326556 78.011642999 -152.77035368 -177.8451631 
-147.53181351 -20.045115172 -205.50155894 -62.37415883 -149.79445583 -205.39251958 
POLYGONS 8706 34824
3 184 117 358 
3 35 376 378 
3 35 375 376 
3 527 1104 1136 
3 387 53 388 
3 2134 2170 2286 
3 4124 771 1480 
3 172 93 150 
3 172 150 61 
3 764 4278 1138 
3 764 1138 3873 
3 225 991 988 
3 276 157 128 
3 480 134 479 
3 119 134 480 
3 213 86 90 
3 4256 1361 3651 
3 4256 3651 1362 
3 575 464 50 
3 323 50 464 
3 18 151 152 
3 331 90 130 
3 183 68 210 
3 3527 3694 505 
3 2504 628 2103 
3 75 229 230 
3 149 230 229 
3 96 91 354 
3 353 96 354 
3 737 2903 2904 
3 2027 2904 2903 
3 2218 2217 724 
3 82 135 159 
3 364 363 172 
3 364 172 374 
3 4094 1365 1364 
3 93 172 363 
3 362 93 363 
3 35 139 375 
3 35 111 139 
3 1735 1740 274 
3 1734 1735 274 
3 228 69 292 
3 848 2247 2245 
3 286 285 287 
3 2422 1031 2420 
3 260 434 436 
3 3218 1045 2388 
3 2585 220 2582 
3 3966 2884 2029 
3 256 257 83 
3 365 173 366 
3 37 365 366 
3 151 18 14 
3 24 151 14 
3 151 24 118 
3 130 461 330 
3 130 330 331 
3 2256 3116 2204 
3 152 316 10 
3 473 153 472 
3 3520 3519 504 
3 3843 3844 477 
3 12 155 158 
3 3327 601 2297 
3 3327 2297 1132 
3 444 55 248 
3 389 395 189 
3 320 317 318 
3 4063 1621 4064 
3 129 330 329 
3 129 358 330 
3 1302 4325 3913 
3 3914 1302 3913 
3 311 34 253 
3 3844 662 477 
3 778 4045 116 
3 1478 1475 1179 
3 82 159 162 
3 160 82 162 
3 410 3 401 
3 143 255 95 
3 314 143 95 
3 445 249 444 
3 310 94 163 
3 309 94 310 
3 164 163 66 
3 164 66 57 
3 110 322 109 
3 185 110 109 
3 168 165 11 
3 168 11 166 
3 166 105 3 
3 166 11 105 
3 243 111 300 
3 243 300 299 
3 474 141 536 
3 10 320 194 
3 10 317 320 
3 3046 3045 2 
3 3064 3046 2 
3 362 363 76 
3 364 76 363 
3 2952 4197 2955 
3 640 2955 4197 
3 239 327 161 
3 213 786 86 
3 9 62 275 
3 2242 4147 3965 
3 2241 2242 3965 
3 4200 1869 1870 
3 269 268 245 
3 2286 2170 682 
3 2642 2643 1202 
3 3777 969 397 
3 2642 2634 548 
3 294 74 315 
3 374 173 364 
3 202 408 203 
3 20 202 203 
3 304 297 83 
3 300 111 232 
3 1728 1729 352 
3 1372 3815 2842 
3 1372 3817 3815 
3 241 291 71 
3 280 115 279 
3 114 279 115 
3 183 182 70 
3 181 25 182 
3 182 157 181 
3 210 211 184 
3 184 211 117 
3 181 156 25 
3 2948 2949 2956 
3 1664 1663 100 
3 1002 1076 1077 
3 152 315 316 
3 116 346 350 
3 2337 350 346 
3 158 155 78 
3 168 67 405 
3 2503 3972 1915 
3 213 323 786 
3 35 233 232 
3 35 232 111 
3 63 3752 2284 
3 1104 3775 525 
3 10 194 108 
3 53 392 390 
3 199 130 90 
3 64 372 84 
3 93 362 255 
3 317 167 318 
3 196 110 185 
3 194 320 321 
3 3373 3372 878 
3 3254 1000 2472 
3 3254 3255 1000 
3 461 197 458 
3 2717 2524 2674 
3 212 213 90 
3 173 374 448 
3 467 173 448 
3 84 233 192 
3 84 192 381 
3 132 199 200 
3 1756 1757 967 
3 810 348 807 
3 296 74 295 
3 856 855 341 
3 856 341 858 
3 1730 1731 1732 
3 404 1732 1731 
3 322 321 195 
3 322 110 321 
3 542 2370 4130 
3 468 469 23 
3 353 77 102 
3 3254 2466 42 
3 3254 42 3255 
3 1666 1717 1718 
3 1728 1666 1718 
3 368 367 23 
3 469 368 23 
3 1555 2094 223 
3 159 62 162 
3 9 162 62 
3 357 355 128 
3 276 128 355 
3 189 395 398 
3 62 78 156 
3 117 211 212 
3 266 263 264 
3 401 3 319 
3 640 4197 2006 
3 189 398 190 
3 1267 3556 3557 
3 3725 1002 1077 
3 3725 1077 531 
3 211 216 212 
3 1360 3095 2042 
3 1360 4102 3095 
3 356 184 358 
3 59 306 305 
3 59 290 306 
3 2236 2237 701 
3 479 134 12 
3 3141 2034 3143 
3 3139 2034 3141 
3 2726 2731 2725 
3 1385 2726 2725 
3 3733 817 3407 
3 1604 1606 1290 
3 3289 3296 1536 
3 3734 3289 1536 
3 758 1834 2335 
3 951 2335 1834 
3 446 445 20 
3 461 193 330 
3 436 435 261 
3 436 434 435 
3 1043 3826 2445 
3 1043 1181 3826 
3 2309 81 3631 
3 2309 3631 3497 
3 4200 2058 933 
3 1034 3500 3548 
3 531 3548 3500 
3 463 292 459 
3 463 459 198 
3 121 437 263 
3 261 437 121 
3 28 191 3 
3 105 232 28 
3 56 387 388 
3 35 378 379 
3 2362 2361 876 
3 33 298 299 
3 53 390 389 
3 764 1107 4278 
3 1119 1061 206 
3 1060 206 1061 
3 268 270 245 
3 73 270 268 
3 105 33 300 
3 105 11 33 
3 300 33 299 
3 384 385 382 
3 3544 3543 39 
3 3546 3544 39 
3 9 160 162 
3 9 239 160 
3 9 276 277 
3 4064 1621 1620 
3 330 117 331 
3 472 269 245 
3 240 356 129 
3 240 129 328 
3 2575 2576 812 
3 2577 812 2576 
3 283 71 284 
3 3352 807 215 
3 181 275 156 
3 56 382 383 
3 115 72 114 
3 967 1759 1801 
3 792 1801 1759 
3 2228 4191 2230 
3 1750 1733 450 
3 1750 450 1751 
3 175 2542 2302 
3 175 2541 2542 
3 2586 2585 811 
3 3294 3297 1544 
3 3803 3804 1561 
3 1006 3264 1007 
3 1006 1007 3267 
3 457 458 69 
3 457 69 291 
3 377 259 376 
3 47 4030 3355 
3 252 54 219 
3 253 34 148 
3 253 148 75 
3 143 312 311 
3 291 284 71 
3 157 275 181 
3 298 304 83 
3 299 298 83 
3 2042 1987 1360 
3 254 253 150 
3 254 93 255 
3 254 150 93 
3 286 305 377 
3 254 255 143 
3 286 59 305 
3 286 287 59 
3 59 287 292 
3 105 300 232 
3 3750 794 3747 
3 1599 4077 223 
3 461 130 197 
3 99 263 438 
3 290 99 438 
3 64 84 381 
3 64 381 384 
3 2540 2568 1108 
3 405 354 91 
3 229 148 1 
3 229 1 455 
3 402 100 1663 
3 1665 402 1663 
3 358 117 330 
3 9 275 276 
3 4019 812 2381 
3 4052 2381 812 
3 69 284 291 
3 69 228 284 
3 322 171 109 
3 195 171 322 
3 82 470 250 
3 82 250 446 
3 283 284 285 
3 228 285 284 
3 185 68 196 
3 37 280 279 
3 368 251 112 
3 368 112 282 
3 392 391 269 
3 281 104 115 
3 281 283 104 
3 281 115 280 
3 281 280 282 
3 112 283 281 
3 112 281 282 
3 198 132 289 
3 21 289 132 
3 355 277 276 
3 421 2620 2627 
3 2538 2627 2620 
3 112 71 283 
3 104 285 286 
3 104 283 285 
3 330 193 329 
3 1048 3500 3501 
3 21 99 289 
3 290 289 99 
3 1081 1078 1004 
3 1081 1079 1078 
3 4324 340 2362 
3 100 351 265 
3 246 265 351 
3 3256 1036 999 
3 385 113 439 
3 384 113 385 
3 289 290 288 
3 198 289 288 
3 454 2597 2595 
3 403 1665 1663 
3 226 3830 3831 
3 3835 226 3831 
3 3553 2877 1977 
3 59 292 288 
3 59 288 290 
3 317 316 167 
3 54 216 218 
3 216 58 218 
3 95 258 297 
3 95 255 258 
3 297 256 83 
3 297 258 256 
3 112 241 71 
3 112 471 241 
3 114 139 8 
3 8 139 243 
3 299 8 243 
3 646 3527 3526 
3 646 651 3527 
3 301 674 673 
3 818 2536 2091 
3 8 299 83 
3 118 294 151 
3 315 151 294 
3 312 314 313 
3 312 143 314 
3 311 94 309 
3 312 94 311 
3 43 785 3719 
3 466 3719 785 
3 304 314 95 
3 163 164 96 
3 304 313 314 
3 34 309 1 
3 151 315 152 
3 313 304 298 
3 57 313 298 
3 33 57 298 
3 215 3349 3352 
3 66 313 57 
3 165 164 57 
3 66 312 313 
3 66 94 312 
3 166 3 410 
3 66 163 94 
3 74 316 315 
3 91 164 165 
3 3518 236 3517 
3 3472 142 3461 
3 3467 142 3472 
3 1185 3935 1327 
3 319 171 195 
3 52 219 187 
3 188 219 186 
3 219 218 186 
3 186 218 185 
3 318 319 195 
3 3094 2446 2414 
3 54 252 212 
3 3920 3989 2639 
3 3920 2639 1218 
3 210 184 357 
3 275 157 276 
3 247 18 152 
3 183 332 68 
3 183 70 332 
3 70 108 332 
3 70 247 108 
3 68 332 196 
3 375 72 60 
3 115 60 72 
3 104 60 115 
3 104 286 60 
3 2540 1109 2541 
3 194 332 108 
3 194 196 332 
3 392 53 391 
3 4095 4228 894 
3 338 4045 778 
3 1693 1695 1694 
3 350 2337 2338 
3 859 856 858 
3 857 856 859 
3 603 2169 2170 
3 1150 1152 4221 
3 1150 4265 1152 
3 1751 830 4252 
3 1751 3713 830 
3 3770 3433 1906 
3 261 439 436 
3 643 4072 3906 
3 3905 643 3906 
3 2104 2105 2262 
3 2104 634 2105 
3 905 1556 1549 
3 2244 2245 430 
3 2244 3706 2245 
3 3160 3302 1513 
3 3225 1513 3302 
3 3273 2356 4165 
3 2355 3273 4165 
3 274 1731 1730 
3 4278 1106 1138 
3 531 3547 3548 
3 1290 3793 87 
3 1604 1290 87 
3 1006 3262 3264 
3 101 860 859 
3 101 859 858 
3 63 2316 3752 
3 96 353 456 
3 75 230 61 
3 149 102 230 
3 353 102 149 
3 356 357 184 
3 356 355 357 
3 328 329 161 
3 328 129 329 
3 240 328 327 
3 277 240 327 
3 240 277 355 
3 240 355 356 
3 356 358 129 
3 327 328 161 
3 193 461 458 
3 193 458 457 
3 61 150 75 
3 21 132 360 
3 2357 4172 2359 
3 133 360 200 
3 132 200 360 
3 252 52 213 
3 52 323 213 
3 216 54 212 
3 468 249 447 
3 445 447 249 
3 365 364 173 
3 278 257 76 
3 256 76 257 
3 256 362 76 
3 256 258 362 
3 8 83 257 
3 257 27 8 
3 279 27 278 
3 278 27 257 
3 37 279 278 
3 1140 2461 2468 
3 255 362 258 
3 470 160 471 
3 2175 3133 691 
3 212 252 213 
3 1552 1545 816 
3 3974 894 4035 
3 383 382 262 
3 385 262 382 
3 381 380 113 
3 381 113 384 
3 439 262 385 
3 439 440 262 
3 35 379 233 
3 56 325 373 
3 60 377 376 
3 375 60 376 
3 188 187 219 
3 171 372 324 
3 84 372 371 
3 84 371 191 
3 371 171 319 
3 372 171 371 
3 85 324 325 
3 85 325 326 
3 308 326 325 
3 56 308 325 
3 308 190 326 
3 188 326 190 
3 85 326 188 
3 186 85 188 
3 188 190 187 
3 1280 3076 3009 
3 1280 3009 3819 
3 308 189 190 
3 2861 739 2862 
3 4169 4300 503 
3 487 4300 4169 
3 84 191 233 
3 192 233 379 
3 192 379 380 
3 64 384 382 
3 2308 2305 2307 
3 373 64 382 
3 373 382 56 
3 56 383 387 
3 439 113 436 
3 260 436 113 
3 260 380 386 
3 379 386 380 
3 378 386 379 
3 378 259 386 
3 388 53 389 
3 387 391 53 
3 388 389 189 
3 2486 2491 1660 
3 2486 234 2491 
3 389 301 395 
3 267 441 442 
3 267 73 268 
3 442 73 267 
3 1072 528 1073 
3 2377 534 2376 
3 4061 2377 2376 
3 383 391 387 
3 1572 3176 3542 
3 2162 2206 605 
3 2162 605 2197 
3 3539 3538 477 
3 3276 3277 756 
3 54 218 219 
3 2220 713 1257 
3 2324 1257 713 
3 1033 4192 3890 
3 576 3543 3544 
3 2158 2164 2159 
3 2879 709 2876 
3 1059 1809 976 
3 1257 714 1256 
3 177 398 399 
3 3652 3656 205 
3 3652 205 3653 
3 3882 4068 1067 
3 2130 2137 126 
3 4121 1630 1626 
3 3995 696 3114 
3 318 401 319 
3 167 401 318 
3 406 408 77 
3 20 248 202 
3 409 67 168 
3 166 409 168 
3 406 407 408 
3 52 252 219 
3 836 4059 3858 
3 3857 836 3858 
3 91 96 164 
3 4324 875 4129 
3 4324 2362 875 
3 67 406 405 
3 407 203 408 
3 216 211 58 
3 2026 3537 2882 
3 2026 2882 2885 
3 247 107 18 
3 25 14 107 
3 107 14 18 
3 10 316 317 
3 3786 776 3794 
3 1479 776 3786 
3 2488 1304 3073 
3 1585 2353 2352 
3 367 368 282 
3 472 245 141 
3 154 473 474 
3 248 55 231 
3 3752 847 4059 
3 3752 2316 847 
3 1461 1286 1462 
3 1461 1462 3032 
3 422 2626 2629 
3 422 2629 2631 
3 102 231 230 
3 354 77 353 
3 406 77 354 
3 1113 3299 2097 
3 377 60 286 
3 4095 894 1504 
3 2256 2204 727 
3 1526 610 1528 
3 10 108 247 
3 10 247 152 
3 789 1708 1709 
3 1707 1708 789 
3 58 68 185 
3 1149 3216 3217 
3 1149 3215 3216 
3 372 64 373 
3 166 410 409 
3 1744 2616 3191 
3 1744 3191 3190 
3 319 3 191 
3 319 191 371 
3 70 107 247 
3 3846 476 4000 
3 406 67 407 
3 253 75 150 
3 463 288 292 
3 463 198 288 
3 218 58 185 
3 203 407 295 
3 296 295 407 
3 459 69 458 
3 459 292 69 
3 149 229 455 
3 229 75 148 
3 167 410 401 
3 296 407 409 
3 407 67 409 
3 167 409 410 
3 167 296 409 
3 305 92 259 
3 346 3827 136 
3 346 334 3827 
3 3326 601 3327 
3 3174 4333 2613 
3 3473 3721 650 
3 4027 650 3721 
3 3310 3309 3312 
3 1454 3312 3309 
3 1687 1721 337 
3 1274 1224 1223 
3 1784 3380 579 
3 899 3380 1784 
3 3940 490 3939 
3 4087 3939 490 
3 1928 2933 2934 
3 2392 1015 2387 
3 2392 2393 1015 
3 1415 1414 1316 
3 4114 1641 1612 
3 1323 1641 4114 
3 1971 3611 3770 
3 1971 3612 3611 
3 4343 237 3545 
3 708 2148 2146 
3 2108 572 4011 
3 3099 3098 3097 
3 639 3099 3097 
3 4203 1424 4240 
3 3443 1473 1166 
3 718 2509 2510 
3 92 434 386 
3 259 92 386 
3 3930 3931 2482 
3 4192 2277 3890 
3 2530 2028 2529 
3 2530 2914 2028 
3 3546 47 3545 
3 2944 2947 1929 
3 4321 3982 1011 
3 1009 3982 4321 
3 334 3981 133 
3 1760 1759 869 
3 3071 3070 1306 
3 1573 4145 1545 
3 975 1046 205 
3 975 205 974 
3 1917 1918 939 
3 697 2159 2164 
3 697 2164 2154 
3 897 4090 3928 
3 1516 4186 1515 
3 2475 1142 3674 
3 2475 2476 1142 
3 1303 3035 3034 
3 4179 3034 3035 
3 333 3881 1069 
3 290 438 306 
3 1698 513 1709 
3 1698 1699 513 
3 306 438 437 
3 435 306 437 
3 261 435 437 
3 434 92 435 
3 435 92 306 
3 305 306 92 
3 383 140 391 
3 440 441 262 
3 82 446 480 
3 481 480 446 
3 140 268 269 
3 140 267 268 
3 442 266 73 
3 121 263 266 
3 121 266 442 
3 261 121 440 
3 121 442 441 
3 440 121 441 
3 261 440 439 
3 4212 1365 4213 
3 4216 4215 1365 
3 153 390 392 
3 153 392 269 
3 267 443 441 
3 267 140 443 
3 443 262 441 
3 383 443 140 
3 383 262 443 
3 203 295 481 
3 456 310 163 
3 456 455 310 
3 1 310 455 
3 309 310 1 
3 790 1707 1705 
3 790 1705 1719 
3 3234 1496 4228 
3 2612 4333 3174 
3 3390 2984 1500 
3 3229 3390 1500 
3 96 456 163 
3 458 197 459 
3 329 457 161 
3 329 193 457 
3 161 291 241 
3 457 291 161 
3 117 212 331 
3 331 212 90 
3 198 460 132 
3 459 197 460 
3 459 460 198 
3 2378 2375 535 
3 2344 832 2345 
3 2344 2343 832 
3 460 199 132 
3 462 197 130 
3 462 130 199 
3 3532 955 1999 
3 756 3277 3280 
3 460 197 462 
3 460 462 199 
3 1057 3679 2382 
3 467 448 249 
3 444 249 448 
3 251 470 471 
3 251 469 470 
3 469 468 250 
3 469 250 470 
3 468 447 250 
3 3665 3660 1054 
3 4325 3848 418 
3 82 160 470 
3 366 23 367 
3 366 367 37 
3 112 251 471 
3 239 471 160 
3 239 241 471 
3 161 241 239 
3 158 479 12 
3 210 68 58 
3 398 395 565 
3 398 565 399 
3 3982 3550 595 
3 1010 3550 3982 
3 100 122 4170 
3 1664 100 4170 
3 828 4247 4182 
3 1279 4182 4247 
3 3539 3468 3469 
3 981 47 3546 
3 981 3546 39 
3 135 480 479 
3 481 295 119 
3 481 119 480 
3 2350 834 2349 
3 2613 1591 3165 
3 3164 3165 1591 
3 486 484 154 
3 484 473 154 
3 3886 3885 342 
3 154 474 3847 
3 1483 1953 1438 
3 1483 1438 3275 
3 3075 1283 3029 
3 1463 1183 1465 
3 1463 1465 1464 
3 2003 958 1999 
3 1711 336 857 
3 1711 1710 336 
3 2239 3222 777 
3 476 3518 3517 
3 569 397 567 
3 3316 3317 770 
3 3316 770 4349 
3 396 569 567 
3 396 672 569 
3 396 671 672 
3 3097 1995 3096 
3 1129 4052 2577 
3 1225 1227 22 
3 1233 22 1227 
3 3323 1261 4282 
3 4067 169 1099 
3 3117 3113 3114 
3 3776 3775 1104 
3 1785 3381 899 
3 3774 40 3773 
3 525 3774 3773 
3 2138 2140 679 
3 4351 3235 1498 
3 2699 1205 2646 
3 2497 2498 1594 
3 359 3652 3653 
3 2359 1178 3711 
3 2359 4172 1178 
3 2536 3287 1540 
3 3708 1301 4053 
3 2011 3393 3392 
3 3346 2377 3348 
3 2161 2160 2159 
3 2161 2159 697 
3 3881 1067 4067 
3 3881 3880 1067 
3 2197 690 2162 
3 681 2198 2196 
3 2165 2198 681 
3 525 3775 3774 
3 1136 303 1072 
3 1672 1679 509 
3 1681 509 1679 
3 856 857 336 
3 1531 1753 3415 
3 3960 1844 2046 
3 2045 2046 1844 
3 2342 3506 3105 
3 2766 2755 1376 
3 1960 1961 766 
3 2857 2858 2860 
3 2427 2418 1031 
3 799 246 270 
3 73 799 270 
3 839 3857 3859 
3 3505 349 3504 
3 2731 2732 1375 
3 2074 1543 2076 
3 1130 1120 1122 
3 1137 1130 1122 
3 2630 1200 2629 
3 2631 2629 1200 
3 1483 4303 3208 
3 1483 3208 3207 
3 1078 1003 1076 
3 2829 2847 1210 
3 3823 3135 2179 
3 2438 1014 2450 
3 3100 955 2010 
3 3999 955 3100 
3 3172 1677 4340 
3 3172 4340 1676 
3 1803 1651 4088 
3 103 3610 3626 
3 3315 1447 3316 
3 3315 3316 1446 
3 2179 3135 3995 
3 1596 1724 3305 
3 1675 3305 1724 
3 146 3193 1253 
3 146 1253 4209 
3 1063 1064 529 
3 4174 3617 1902 
3 615 3977 2305 
3 615 2305 4141 
3 1870 2058 4200 
3 2061 2058 1870 
3 209 2445 3819 
3 411 4117 874 
3 411 4048 4117 
3 1062 528 1070 
3 1063 1062 1070 
3 973 972 500 
3 1734 274 1730 
3 2605 2583 3994 
3 2605 3994 369 
3 3050 885 3049 
3 3494 2575 3493 
3 3494 3493 32 
3 3485 3458 370 
3 3714 1746 451 
3 2374 4106 4105 
3 3930 4106 2374 
3 3301 1223 1222 
3 2332 2331 708 
3 2149 2331 2332 
3 3799 4348 1251 
3 990 584 988 
3 3932 1940 1864 
3 2380 38 3931 
3 234 2485 3753 
3 2484 3753 2485 
3 978 980 39 
3 215 3350 3349 
3 2459 1141 2460 
3 962 1771 3382 
3 962 3382 3367 
3 3822 1525 3821 
3 513 1692 1689 
3 1024 2395 2392 
3 2475 3674 2461 
3 914 2065 3646 
3 3427 1903 3428 
3 1996 3098 3099 
3 2989 2891 3900 
3 2989 3900 2014 
3 710 2889 2888 
3 2962 2889 710 
3 3892 659 1400 
3 3892 1400 2738 
3 2900 2901 2027 
3 2900 562 2901 
3 246 799 265 
3 2676 2653 2649 
3 244 2369 2370 
3 4288 2369 244 
3 541 985 980 
3 4176 980 985 
3 1492 4035 1496 
3 1491 4035 1492 
3 507 1670 1712 
3 1710 507 1712 
3 2273 2424 2425 
3 2649 2653 1207 
3 3030 3031 545 
3 2669 1208 2662 
3 1403 2788 2791 
3 3213 1444 3212 
3 897 1444 3213 
3 2782 2778 1390 
3 750 2778 2782 
3 4185 863 343 
3 4185 343 1796 
3 2873 2871 2872 
3 1460 1286 1461 
3 1460 1461 3024 
3 98 399 566 
3 98 566 567 
3 3153 3152 1587 
3 2138 2139 2140 
3 636 2139 2138 
3 911 4064 1620 
3 2020 4064 911 
3 2148 608 2146 
3 3388 449 574 
3 569 672 302 
3 3657 2429 2273 
3 2115 2114 573 
3 2115 625 2114 
3 700 2230 2231 
3 1592 3182 3183 
3 3158 3183 3182 
3 4329 2306 4141 
3 1857 1858 3621 
3 3519 476 3517 
3 343 4217 3673 
3 3715 215 3716 
3 786 214 784 
3 978 501 977 
3 2988 1005 1082 
3 1956 1443 2024 
3 3201 1443 1956 
3 1133 4289 3326 
3 1134 3326 4289 
3 1312 1482 1314 
3 3671 2636 1200 
3 3671 393 2636 
3 1476 1165 3079 
3 3080 3079 1165 
3 1631 138 4002 
3 4001 4002 138 
3 3025 3024 1287 
3 3216 4222 1148 
3 3167 3177 3183 
3 1592 3183 3177 
3 4063 665 4119 
3 2438 2437 1014 
3 2438 592 2437 
3 741 1239 1237 
3 576 577 3655 
3 3569 3580 2496 
3 2755 2756 1377 
3 2755 1377 2764 
3 1182 1468 1474 
3 3988 2728 3986 
3 1272 1270 1274 
3 3430 940 1900 
3 3429 3430 1900 
3 1473 1167 1464 
3 1473 1464 620 
3 3673 871 1772 
3 2851 1772 871 
3 2503 628 2504 
3 1701 1702 1709 
3 1121 1120 3882 
3 79 1121 3882 
3 527 970 969 
3 3265 585 995 
3 996 3265 995 
3 3333 3334 719 
3 2512 3333 719 
3 1624 909 1625 
3 1632 1624 1625 
3 2394 3150 2393 
3 2394 1017 3150 
3 3227 1500 3232 
3 3231 3227 3232 
3 527 3776 1104 
3 3846 4000 486 
3 614 3425 3424 
3 614 3424 3430 
3 2288 2287 849 
3 793 1795 3869 
3 3253 1795 793 
3 2861 4140 2528 
3 3865 2234 3864 
3 989 991 3976 
3 3220 1754 3448 
3 3220 3448 221 
3 724 2343 2344 
3 724 2344 2218 
3 1104 303 1136 
3 1103 303 1104 
3 2281 2274 2285 
3 2281 837 2274 
3 2684 2694 2693 
3 2795 2798 1407 
3 1980 2890 2894 
3 1980 3961 2890 
3 264 265 799 
3 264 122 265 
3 3410 1529 3409 
3 946 4156 2834 
3 946 1943 4156 
3 2678 3077 1406 
3 2678 1406 2679 
3 1361 1851 3651 
3 3688 412 3689 
3 4155 2106 628 
3 131 201 200 
3 131 782 201 
3 3977 2303 678 
3 2294 2295 675 
3 2726 3837 2731 
3 994 1060 1061 
3 1381 2732 3837 
3 1381 2734 2732 
3 3152 3151 3162 
3 1570 2103 2506 
3 1570 2504 2103 
3 347 2338 2337 
3 4297 2485 2490 
3 2062 1836 1879 
3 2062 1879 929 
3 3730 1020 1008 
3 2087 48 2101 
3 2122 2113 626 
3 629 2113 2122 
3 1301 2991 4053 
3 2669 2676 423 
3 2662 2676 2669 
3 1752 3198 2606 
3 3045 3044 2 
3 4020 490 4021 
3 2216 2215 2220 
3 400 3992 4112 
3 3479 3478 491 
3 2232 2231 606 
3 2599 1552 3194 
3 3957 1552 2599 
3 1832 1848 1847 
3 1831 1832 1847 
3 3739 3738 1359 
3 2408 2406 1032 
3 573 2114 2116 
3 2290 1259 1258 
3 1967 766 4028 
3 1967 4028 1641 
3 2620 421 2619 
3 621 17 4202 
3 3512 17 621 
3 1323 2982 1332 
3 4236 1323 1332 
3 671 301 673 
3 399 565 566 
3 2910 2907 2035 
3 2103 628 2106 
3 2103 2106 2102 
3 2195 2197 605 
3 2194 2197 2195 
3 3107 3109 2182 
3 3107 2183 3109 
3 834 2347 832 
3 834 832 2349 
3 1072 1073 1136 
3 572 2112 2124 
3 625 2124 2112 
3 2174 2175 691 
3 2154 2175 2174 
3 2815 2816 1396 
3 2156 2264 703 
3 1297 416 1308 
3 1342 1354 924 
3 3336 1804 41 
3 2643 2644 2633 
3 982 3832 3830 
3 3690 4141 2309 
3 4270 588 2455 
3 3421 2681 2672 
3 3421 424 2681 
3 2716 1642 422 
3 2716 422 2632 
3 3473 648 3721 
3 3991 1349 1320 
3 1303 3036 3035 
3 3626 3627 1263 
3 2494 492 647 
3 528 1119 1146 
3 1073 528 1146 
3 3495 2032 2913 
3 2578 2579 2584 
3 823 2579 2578 
3 747 1273 1272 
3 747 1272 1274 
3 1694 1695 581 
3 1694 581 2497 
3 2186 2191 2185 
3 3522 3521 504 
3 3525 505 3521 
3 32 2587 2586 
3 32 2586 3494 
3 2859 738 3670 
3 2864 738 2859 
3 1366 4125 4126 
3 3996 1107 1640 
3 3996 1640 1108 
3 2311 2313 1096 
3 2005 3620 2063 
3 3485 3484 491 
3 1216 2700 2699 
3 3447 1747 3448 
3 1623 1622 1624 
3 2235 3912 3975 
3 952 1855 1426 
3 2258 3799 427 
3 666 1742 1741 
3 1740 666 1741 
3 3014 2442 3007 
3 3487 2494 3480 
3 1126 2494 3487 
3 1230 1231 742 
3 4008 1230 742 
3 4226 1495 3749 
3 4226 3749 1581 
3 3459 370 3456 
3 3459 3456 826 
3 2230 3136 3823 
3 3402 901 3418 
3 3401 901 3402 
3 3588 3573 1924 
3 3854 4258 1444 
3 3854 1445 4258 
3 815 1599 1600 
3 4187 180 2062 
3 4187 2062 1840 
3 2978 1329 2977 
3 1514 3231 1497 
3 1514 1497 3235 
3 1132 2542 2541 
3 958 1998 1999 
3 977 501 976 
3 980 981 39 
3 4025 3856 2269 
3 4025 836 3856 
3 987 541 979 
3 225 987 979 
3 759 1829 1830 
3 396 566 565 
3 396 565 671 
3 395 671 565 
3 395 301 671 
3 994 1061 529 
3 396 567 566 
3 671 673 672 
3 1101 1102 600 
3 1071 1102 1101 
3 2376 534 2375 
3 51 674 390 
3 390 674 301 
3 4327 852 3885 
3 3988 3986 2726 
3 3988 2726 1385 
3 2430 1026 2407 
3 835 3858 3862 
3 684 3862 3858 
3 527 1136 1073 
3 527 1073 970 
3 1554 1548 1547 
3 2286 2173 2135 
3 2549 2553 2548 
3 3760 1192 3761 
3 2641 1192 3760 
3 2066 2072 1920 
3 2066 1920 1917 
3 618 2313 2311 
3 2985 4111 1998 
3 958 2985 1998 
3 690 2196 2160 
3 3165 3164 3163 
3 1590 3163 3164 
3 4166 2118 631 
3 4166 2116 2118 
3 846 2172 2199 
3 690 2160 2161 
3 1061 1119 1062 
3 529 1061 1062 
3 1542 2089 2086 
3 1258 2287 2290 
3 2288 2290 2287 
3 3518 3841 3842 
3 680 2157 2165 
3 3650 805 3649 
3 1017 1050 3150 
3 1050 1045 3218 
3 1222 1223 745 
3 842 2267 2270 
3 842 2270 2279 
3 689 2190 2193 
3 3149 3144 2034 
3 3330 4290 1646 
3 2147 708 2146 
3 2186 2189 689 
3 2187 2189 2186 
3 1289 3756 1616 
3 1456 1616 3756 
3 965 1803 1800 
3 965 3253 1803 
3 1214 2524 2523 
3 2511 1214 2523 
3 865 1768 1755 
3 1769 1768 865 
3 605 2187 2195 
3 2145 608 2222 
3 2146 608 2145 
3 500 972 1059 
3 500 1059 976 
3 2144 2155 703 
3 2141 703 2264 
3 2141 2142 703 
3 2882 709 2879 
3 2140 607 2142 
3 2157 2156 432 
3 731 3840 3706 
3 2129 631 2118 
3 695 2287 1258 
3 695 1258 2324 
3 3324 623 3252 
3 3762 3761 1192 
3 1737 3186 1684 
3 2040 4099 2828 
3 3646 665 2019 
3 2020 2019 665 
3 3592 3591 631 
3 1926 3591 3592 
3 3670 2863 3669 
3 739 3669 2863 
3 3875 653 3878 
3 2147 2146 707 
3 3064 1291 3061 
3 516 1719 1706 
3 3352 3349 533 
3 3353 3352 533 
3 1643 1180 1642 
3 1643 1642 2716 
3 1598 4001 3291 
3 3522 3525 3521 
3 2616 2617 452 
3 2616 452 3675 
3 2189 2190 689 
3 687 2190 2189 
3 432 2158 2159 
3 1592 3180 3181 
3 2161 2162 690 
3 2161 2163 2162 
3 2497 581 2498 
3 2309 2306 81 
3 4221 597 4222 
3 917 1837 1842 
3 917 1842 3630 
3 26 2204 3110 
3 2881 2957 2956 
3 2881 1978 2957 
3 3658 2426 3659 
3 688 2215 2216 
3 4231 3357 1810 
3 4231 1810 2468 
3 3426 3427 1907 
3 2186 689 2191 
3 3567 3577 1914 
3 2182 3111 3115 
3 2255 3133 2176 
3 691 3133 2255 
3 2900 2026 2886 
3 2902 2026 2900 
3 26 2203 2204 
3 1641 4028 1612 
3 3218 2388 1015 
3 2952 1976 2951 
3 3081 3082 644 
3 4151 644 3082 
3 2532 2531 2909 
3 2532 3197 2531 
3 3590 3591 1926 
3 333 1065 3998 
3 1066 333 3998 
3 4020 2381 4085 
3 1124 4020 4085 
3 3670 738 2863 
3 1811 1422 761 
3 3976 991 992 
3 4038 2366 809 
3 1963 3281 208 
3 802 136 783 
3 4012 1873 4013 
3 2647 2685 1177 
3 734 2934 2933 
3 2051 1563 2052 
3 1566 2051 2052 
3 2399 147 2395 
3 1777 884 1775 
3 4132 1777 1775 
3 3125 2254 3120 
3 1652 1650 514 
3 3772 1229 1269 
3 1637 3225 3302 
3 1637 3302 3160 
3 123 3269 335 
3 2438 2384 592 
3 2164 698 2153 
3 1412 2690 2749 
3 2853 1218 2640 
3 1425 4240 4241 
3 917 1831 1835 
3 3543 978 39 
3 501 978 3543 
3 1191 3763 3761 
3 556 1988 1989 
3 1387 2768 2770 
3 1495 3748 3749 
3 1973 1373 1936 
3 2761 2762 1377 
3 2761 1937 2762 
3 2818 1397 2819 
3 2817 1397 2818 
3 3816 659 3892 
3 1900 3434 3429 
3 495 1789 1763 
3 495 3943 1789 
3 853 3885 3886 
3 1176 1292 1296 
3 1176 1296 3443 
3 1421 1362 1422 
3 4256 1362 1421 
3 757 1901 1899 
3 976 1809 977 
3 3055 1449 3059 
3 2752 548 2634 
3 2752 2634 2635 
3 4012 4013 1872 
3 3515 1941 936 
3 4146 1546 2591 
3 4146 2591 816 
3 1744 2609 2615 
3 1523 2615 2609 
3 3303 3093 1022 
3 859 860 2850 
3 1202 2634 2642 
3 1202 2631 2634 
3 1233 1227 1228 
3 744 1228 1227 
3 4061 3356 533 
3 1326 1314 1315 
3 1326 1315 1187 
3 1149 1222 3215 
3 1842 1837 1838 
3 1842 1838 914 
3 1441 3211 3212 
3 4261 3211 1441 
3 4150 1175 3081 
3 3086 3081 1175 
3 1322 1417 1418 
3 1308 416 1309 
3 3870 1580 1650 
3 1437 1963 1965 
3 518 3236 3225 
3 2440 2444 2441 
3 1248 425 1240 
3 4056 4057 1298 
3 4255 1425 3515 
3 4305 1752 2617 
3 1023 1051 4131 
3 2537 2536 1540 
3 1588 3863 2610 
3 782 131 86 
3 133 200 201 
3 200 199 131 
3 3386 1395 4099 
3 334 133 201 
3 3930 542 4106 
3 783 782 86 
3 782 783 136 
3 3249 1697 1698 
3 599 3249 1698 
3 2304 678 2298 
3 3655 577 3653 
3 205 3655 3653 
3 3347 226 3346 
3 3830 226 3347 
3 122 264 99 
3 122 99 4171 
3 904 1548 1554 
3 1549 1548 904 
3 3246 1584 1652 
3 1653 1652 1584 
3 4318 3075 797 
3 1042 2440 2441 
3 2852 415 3762 
3 2852 3762 1192 
3 1182 1466 1467 
3 1182 1467 1468 
3 872 3886 342 
3 872 342 873 
3 3643 4033 1564 
3 3643 915 4033 
3 1797 1796 865 
3 2639 3989 2641 
3 2639 2641 46 
3 1017 2412 1050 
3 764 1117 1107 
3 122 100 265 
3 266 799 73 
3 266 264 799 
3 3938 3939 1125 
3 1126 3939 3938 
3 2472 2471 1139 
3 2472 1139 2466 
3 2415 2405 593 
3 2415 1032 2405 
3 1331 2982 1186 
3 1601 2591 1546 
3 965 1794 3253 
3 2306 3889 3888 
3 350 2339 339 
3 350 339 778 
3 43 803 802 
3 805 347 803 
3 3945 4015 1778 
3 3945 1778 3944 
3 804 805 803 
3 804 803 43 
3 1780 1779 4173 
3 1780 4173 1804 
3 4055 3973 1489 
3 1488 3973 4055 
3 1778 3943 3944 
3 1860 3514 936 
3 1859 3514 1860 
3 2574 2576 2575 
3 632 4168 2119 
3 632 2119 2323 
3 2677 2678 2679 
3 1220 2714 720 
3 2711 1220 720 
3 804 348 805 
3 804 807 348 
3 3648 348 810 
3 3357 2484 2483 
3 981 4030 47 
3 3379 2367 3377 
3 2057 801 3195 
3 3355 3347 3853 
3 1498 4096 4351 
3 1498 4095 4096 
3 820 3408 3406 
3 3478 3491 491 
3 1517 1547 610 
3 1517 610 1526 
3 44 3683 1100 
3 3684 3683 44 
3 2118 2116 629 
3 2851 4205 1772 
3 4030 982 3355 
3 3347 3355 982 
3 1425 4254 4240 
3 4255 4254 1425 
3 1601 1599 815 
3 3269 361 3270 
3 2427 1030 2418 
3 1544 2099 2100 
3 2068 2069 1568 
3 2067 2068 1568 
3 3028 3029 1283 
3 1272 2402 594 
3 1272 594 1270 
3 1173 3989 3920 
3 1173 3920 3914 
3 3659 176 3660 
3 4201 488 4347 
3 3572 3575 1924 
3 3572 1924 3573 
3 3921 2690 3967 
3 2604 2603 369 
3 4186 1516 1518 
3 3452 3454 3453 
3 540 3453 3454 
3 2674 4326 551 
3 2674 2524 4326 
3 2185 2191 604 
3 2866 3894 2864 
3 668 1742 3192 
3 1672 1671 3923 
3 2345 832 2347 
3 3704 912 2020 
3 3704 2020 911 
3 2219 2239 729 
3 2219 729 2238 
3 1428 3991 1351 
3 2871 4264 563 
3 2274 2271 838 
3 3296 1538 3732 
3 3862 844 3861 
3 835 3862 3861 
3 3630 2018 1817 
3 2021 1817 2018 
3 3103 2034 3139 
3 525 1103 1104 
3 2268 842 2271 
3 3843 477 3842 
3 1424 4241 4240 
3 1424 1973 4241 
3 1034 3549 3984 
3 1010 3984 3549 
3 3707 1032 2416 
3 4032 780 1056 
3 3679 1056 780 
3 682 2173 2286 
3 2171 2173 682 
3 3547 1092 1035 
3 811 2574 2575 
3 2192 2200 2201 
3 3927 2750 3273 
3 3419 453 3863 
3 1050 4270 1045 
3 1050 588 4270 
3 760 3308 1433 
3 179 3614 3613 
3 179 3613 3612 
3 2315 2317 2314 
3 2136 2315 2314 
3 2375 2373 535 
3 2375 4105 2373 
3 1064 36 4116 
3 1492 1496 515 
3 1597 3170 3171 
3 922 4256 1421 
3 3104 3502 2361 
3 3376 2367 2368 
3 3375 3376 2368 
3 4068 4067 1067 
3 742 1231 2974 
3 125 1055 1057 
3 4080 1057 1055 
3 851 855 338 
3 851 338 778 
3 3263 3261 3260 
3 4066 1525 1586 
3 1733 1731 274 
3 1733 274 1740 
3 3870 1650 793 
3 4116 994 529 
3 1801 966 1802 
3 1801 1800 966 
3 951 1852 1853 
3 3738 3739 1358 
3 1232 4137 1231 
3 145 1232 1231 
3 3753 4332 234 
3 4232 4332 3753 
3 803 2336 802 
3 3207 769 1953 
3 3207 1953 1483 
3 1768 868 1755 
3 1767 868 1768 
3 4152 3194 1552 
3 4152 1552 816 
3 516 1805 1655 
3 516 1655 1654 
3 3075 3029 797 
3 4354 797 3029 
3 1759 1757 869 
3 1759 967 1757 
3 1707 1704 1705 
3 1719 516 1720 
3 1719 1720 790 
3 747 1276 1273 
3 3228 1572 3230 
3 2770 2768 2767 
3 2770 2767 554 
3 717 3891 4158 
3 4040 3891 717 
3 2053 2054 4118 
3 939 4118 2054 
3 1780 1781 883 
3 1788 1789 1790 
3 1332 49 1417 
3 3887 858 853 
3 101 858 3887 
3 3797 2357 1170 
3 2561 1115 2560 
3 1944 3511 1943 
3 556 3511 1944 
3 3365 877 3364 
3 879 3365 3364 
3 879 3363 3362 
3 3361 879 3362 
3 2422 2280 1031 
3 3160 1525 4066 
3 3381 880 3368 
3 3381 3368 899 
3 1655 1802 966 
3 3081 3080 3082 
3 1166 3080 3081 
3 984 1049 4233 
3 3255 1049 984 
3 4019 3493 812 
3 679 2140 2141 
3 679 2141 3383 
3 4157 717 4158 
3 3064 2 3043 
3 1553 3194 4152 
3 2336 346 136 
3 3006 3005 2251 
3 428 3005 3006 
3 1296 1297 1308 
3 1167 1296 1308 
3 1173 2852 3990 
3 3054 3051 3047 
3 773 3051 3054 
3 1764 886 1765 
3 1775 884 1774 
3 3290 3287 3288 
3 1540 3287 3290 
3 3943 3946 1789 
3 3076 1281 3009 
3 3015 1283 3075 
3 864 1797 521 
3 864 521 1703 
3 3384 2989 2041 
3 1775 1774 41 
3 1337 3001 1320 
3 2996 1352 2995 
3 1286 3043 3063 
3 1835 918 1836 
3 1697 1699 1698 
3 2364 876 3503 
3 1433 1855 1854 
3 760 1433 1854 
3 1085 4110 4309 
3 4262 4261 1440 
3 2244 430 2241 
3 3378 3377 578 
3 3366 3365 879 
3 762 1957 1821 
3 762 1821 1820 
3 3044 3042 2 
3 1839 180 4187 
3 1627 1625 909 
3 176 2436 2435 
3 2707 1408 2706 
3 3444 2706 1408 
3 2368 4074 579 
3 1884 931 1885 
3 1882 1884 1885 
3 4036 3252 2125 
3 4180 1607 775 
3 1261 3323 2513 
3 856 1714 855 
3 856 336 1714 
3 2563 800 2562 
3 3017 3013 546 
3 4352 595 1051 
3 4128 1051 595 
3 655 1314 1326 
3 3402 1527 3403 
3 3402 3403 821 
3 732 1249 1248 
3 780 2383 2382 
3 780 2420 2383 
3 3461 142 3463 
3 3460 3461 3463 
3 1672 3923 1679 
3 508 1679 3923 
3 2163 2174 691 
3 697 2174 2163 
3 1073 1146 970 
3 3039 1781 1307 
3 1507 1510 583 
3 3095 4302 1432 
3 3095 1432 2043 
3 1373 2843 1936 
3 3279 2771 3278 
3 829 2771 3279 
3 2709 2717 1213 
3 2670 2709 1213 
3 3736 4100 464 
3 1618 4007 1619 
3 1618 1619 910 
3 1562 2049 2050 
3 1562 2050 3804 
3 1222 745 1221 
3 1219 1221 745 
3 2846 1373 1973 
3 4304 4221 1154 
3 3363 3368 880 
3 2723 2724 1384 
3 1418 1417 1321 
3 1422 1418 1321 
3 1375 3219 2730 
3 755 2755 2766 
3 2932 2880 563 
3 2932 563 4264 
3 2614 4333 2612 
3 2787 2765 2760 
3 2787 2760 1380 
3 1825 661 1987 
3 4038 2378 535 
3 2336 347 2337 
3 2353 1653 1584 
3 929 1879 1880 
3 1880 758 1882 
3 2050 2049 1563 
3 2050 1563 2051 
3 1043 2445 2443 
3 2441 1043 2443 
3 3089 3090 2499 
3 1837 1836 180 
3 1586 1593 3166 
3 1586 3166 3153 
3 1880 1882 1881 
3 929 1880 1881 
3 3486 3925 3458 
3 3821 345 1524 
3 3821 3238 345 
3 497 1092 4144 
3 2235 2234 3865 
3 2235 3975 2234 
3 2142 607 2143 
3 2142 2143 703 
3 1952 1954 765 
3 1952 765 1949 
3 4160 1084 496 
3 1088 496 1084 
3 1267 3557 1245 
3 4239 3434 1900 
3 941 3434 4239 
3 1683 1686 337 
3 2261 636 2130 
3 2389 2385 1027 
3 2386 2385 2389 
3 2386 592 2385 
3 3740 1359 3744 
3 2958 1977 2953 
3 2700 1205 2699 
3 2943 1929 2933 
3 927 4254 4255 
3 3202 3204 1485 
3 3202 1485 3203 
3 2625 2627 1199 
3 2625 2624 2627 
3 3142 3145 2518 
3 870 4251 854 
3 688 4104 2214 
3 2201 2214 4104 
3 4124 3314 771 
3 1783 1782 882 
3 4182 3793 1290 
3 828 4182 1290 
3 1040 2461 3674 
3 3616 2008 3615 
3 754 1889 1888 
3 754 1888 1886 
3 2857 3442 736 
3 1309 1311 1183 
3 895 3235 4351 
3 4211 3235 895 
3 1465 1182 1477 
3 1305 3070 2372 
3 1305 2372 3800 
3 2811 2804 2805 
3 3005 2252 2250 
3 1702 1701 788 
3 3629 2206 2162 
3 1489 1491 893 
3 4165 3200 1171 
3 4165 1171 4164 
3 3699 2604 3459 
3 3699 3459 826 
3 2369 4130 2370 
3 2369 2373 4130 
3 1771 1770 867 
3 2603 3699 3220 
3 898 3369 3370 
3 1400 659 1366 
3 1400 1366 4126 
3 1707 1585 1708 
3 2352 1708 1585 
3 2343 724 2238 
3 688 2216 2218 
3 2783 2784 2799 
3 2944 1929 2943 
3 1878 918 1833 
3 1834 1878 1833 
3 3432 3431 3434 
3 2434 2426 2273 
3 2425 2434 2273 
3 969 568 397 
3 1105 1102 1103 
3 1105 600 1102 
3 973 400 971 
3 973 971 972 
3 1956 767 4262 
3 970 971 400 
3 1809 669 1808 
3 1059 669 1809 
3 220 2587 3993 
3 2586 2587 220 
3 541 978 977 
3 975 500 976 
3 975 976 501 
3 4134 1574 3439 
3 2464 2469 1008 
3 3553 2879 2877 
3 3553 1979 2879 
3 541 980 978 
3 2420 2419 2383 
3 987 985 541 
3 987 584 985 
3 641 1152 1160 
3 3545 3544 3546 
3 3545 237 3544 
3 1897 938 1896 
3 3839 938 1897 
3 940 1898 1896 
3 594 4108 1270 
3 785 214 3718 
3 784 214 785 
3 1128 2563 1116 
3 4177 2563 1128 
3 3834 983 3833 
3 989 1048 3501 
3 987 225 988 
3 584 987 988 
3 3257 3258 1000 
3 3065 4135 1291 
3 3065 1291 3064 
3 3628 3627 718 
3 1263 3627 3628 
3 482 4343 3545 
3 1486 3704 911 
3 991 989 995 
3 3983 3982 1009 
3 1065 1063 532 
3 1064 1063 1065 
3 3970 3971 177 
3 3970 359 3971 
3 3254 2472 2466 
3 585 990 995 
3 988 995 990 
3 991 995 988 
3 1809 979 977 
3 1808 979 1809 
3 1058 669 1059 
3 1058 1059 972 
3 3626 1263 2670 
3 2025 3210 30 
3 2025 30 3720 
3 2036 2922 2521 
3 2036 2521 3495 
3 984 3256 3255 
3 997 990 585 
3 3217 3216 1148 
3 2438 2450 2477 
3 3262 1006 3261 
3 2952 1975 4197 
3 2006 4197 1975 
3 3742 4203 660 
3 1423 4203 3742 
3 2465 2462 1140 
3 2897 2035 3950 
3 3260 3261 1006 
3 3267 3260 1006 
3 4048 870 872 
3 4117 4048 872 
3 4117 872 873 
3 3407 1534 3406 
3 997 3263 3266 
3 997 3266 999 
3 1820 4236 1322 
3 4330 4180 775 
3 1609 4180 4330 
3 835 3861 3860 
3 2470 1008 2469 
3 2470 2469 2471 
3 2471 2469 1139 
3 1208 2659 2660 
3 2081 1561 3804 
3 2081 3804 908 
3 1325 1815 1947 
3 1325 1947 1946 
3 2719 4164 1648 
3 2435 2434 781 
3 1535 3734 3733 
3 1562 3804 3803 
3 1562 3803 3802 
3 2446 2440 1042 
3 1530 3411 3410 
3 625 2113 2114 
3 625 2112 2113 
3 2099 3297 1560 
3 1544 3297 2099 
3 900 1516 1515 
3 1921 1559 1922 
3 2081 1922 1559 
3 2465 1139 2463 
3 2727 2728 3988 
3 3069 544 3072 
3 900 1517 1516 
3 900 1551 1517 
3 2454 587 2464 
3 4019 1144 3493 
3 4019 4021 1144 
3 2307 2305 2304 
3 2339 2338 137 
3 3237 345 3238 
3 3731 2558 127 
3 2411 2410 2409 
3 2411 2409 1028 
3 3127 3126 2520 
3 3151 2611 3173 
3 1146 971 970 
3 4093 4339 1610 
3 1119 971 1146 
3 1625 906 1632 
3 2782 2976 1393 
3 4317 2431 2449 
3 4317 2449 798 
3 1042 2448 2447 
3 2449 2447 2448 
3 146 4209 3222 
3 146 3222 2239 
3 3906 1162 3907 
3 3906 3907 1161 
3 2193 4269 844 
3 3861 844 4269 
3 2424 2272 561 
3 2424 561 2423 
3 2280 2427 1031 
3 2280 843 2427 
3 3847 474 475 
3 3130 606 3131 
3 4117 873 4323 
3 2660 3838 1209 
3 1298 1297 3964 
3 704 2150 2333 
3 3772 2407 3771 
3 2409 4274 2403 
3 2409 2403 1028 
3 2329 3828 2328 
3 2329 2328 2149 
3 1145 3772 1269 
3 4108 1145 1269 
3 998 3258 3257 
3 810 3353 3509 
3 511 3151 3173 
3 3162 3151 511 
3 2870 2869 2259 
3 2730 3219 1374 
3 3073 1304 3067 
3 1208 2660 2662 
3 1141 2475 2461 
3 1141 2474 2475 
3 4093 1611 4339 
3 1613 1611 4093 
3 1448 4043 4353 
3 4283 1448 4353 
3 1296 1168 1297 
3 1292 1168 1296 
3 3350 215 3351 
3 746 3764 3763 
3 3435 942 4334 
3 638 2804 2801 
3 2802 638 2801 
3 2398 2396 1029 
3 897 3928 1578 
3 892 1578 3928 
3 1092 1003 4144 
3 989 3501 995 
3 996 995 3501 
3 3411 1529 3410 
3 2116 2114 629 
3 2233 609 4218 
3 1148 4224 4225 
3 1147 4225 4224 
3 1448 3055 3059 
3 1448 3059 4043 
3 2610 453 2608 
3 3863 453 2610 
3 3359 3358 3360 
3 1060 993 1058 
3 2371 543 4183 
3 2371 4297 543 
3 206 1060 1058 
3 972 206 1058 
3 529 1062 1063 
3 835 3857 3858 
3 3776 526 3775 
3 1066 1101 3876 
3 600 3876 1101 
3 4111 1989 957 
3 36 1064 1074 
3 36 1074 1075 
3 1076 1075 1078 
3 1070 528 1072 
3 1120 1121 1122 
3 1071 1072 303 
3 1102 1071 303 
3 2947 2948 1985 
3 2947 1985 2880 
3 3405 3409 1529 
3 3405 1529 3404 
3 653 4250 3879 
3 3878 653 3879 
3 3875 3878 3874 
3 1063 1070 532 
3 1070 1072 1071 
3 532 1070 1071 
3 496 3664 3665 
3 3663 1090 3662 
3 2093 2092 822 
3 2982 1331 1332 
3 1004 1078 1075 
3 3459 3729 370 
3 3727 655 1466 
3 2604 2589 3729 
3 749 2789 4060 
3 2788 2789 749 
3 1790 1791 1793 
3 1083 1091 547 
3 1082 1083 547 
3 3326 3325 601 
3 1555 2093 2094 
3 1555 2092 2093 
3 4191 701 2230 
3 4196 1001 36 
3 1076 4196 36 
3 2989 2014 2809 
3 2188 2187 605 
3 2188 605 4199 
3 1805 3978 1756 
3 1805 516 3978 
3 4006 1505 4136 
3 4006 4136 1506 
3 3694 503 3693 
3 2858 3669 739 
3 2858 739 2860 
3 3668 1080 1079 
3 3668 3667 1080 
3 1077 1076 1003 
3 1077 1003 1092 
3 3829 785 43 
3 2206 4199 605 
3 206 972 971 
3 206 971 1119 
3 2171 2172 2173 
3 2248 839 3859 
3 2085 2086 2090 
3 2085 1542 2086 
3 2080 1559 2079 
3 2080 2081 1559 
3 2299 2301 2300 
3 708 2331 2148 
3 2947 2880 1929 
3 2428 2429 838 
3 2273 2429 2428 
3 2090 1541 2085 
3 2166 2167 2171 
3 682 2166 2171 
3 3294 1544 3293 
3 2350 4147 2351 
3 2229 4191 2228 
3 4250 653 1105 
3 600 1105 653 
3 3875 600 653 
3 2136 2320 2318 
3 63 2317 2315 
3 63 2315 2316 
3 2323 2332 708 
3 2351 2243 2248 
3 4147 2243 2351 
3 3685 1086 3684 
3 3685 3684 44 
3 3999 3100 3101 
3 1995 3101 3100 
3 3349 3348 533 
3 3881 1098 1069 
3 927 4287 4075 
3 3422 2517 4206 
3 2032 2517 3422 
3 3660 3916 1054 
3 3915 1054 3916 
3 2502 2501 2500 
3 610 1547 1548 
3 4330 1610 1968 
3 1609 4330 1968 
3 89 2593 2581 
3 1535 3407 3406 
3 3704 1486 3705 
3 3704 3705 912 
3 1110 2546 2544 
3 1570 2501 2502 
3 2541 1109 2545 
3 2541 2545 1132 
3 1119 528 1062 
3 1020 4291 2453 
3 2555 2560 1115 
3 2555 1110 2560 
3 2107 2106 4155 
3 2107 634 2106 
3 2546 2545 2544 
3 1845 1324 3282 
3 1845 3282 1325 
3 136 3827 782 
3 2982 2981 1186 
3 1971 3432 941 
3 3457 825 3456 
3 3457 3456 370 
3 1264 3696 1275 
3 3684 3686 1085 
3 3685 3691 1086 
3 1106 3691 3685 
3 2136 2321 2320 
3 2136 2313 2321 
3 2302 2298 678 
3 2302 678 2303 
3 3818 1279 4247 
3 3403 3411 821 
3 4205 961 867 
3 2295 1135 126 
3 2296 1135 2295 
3 4086 1124 4082 
3 4087 1124 4086 
3 4082 4081 502 
3 3937 3938 1125 
3 3937 492 3938 
3 2866 2865 3894 
3 2015 2811 3535 
3 2562 800 2566 
3 2562 2566 2561 
3 4052 4178 2381 
3 1129 4178 4052 
3 412 1107 3996 
3 412 3996 3997 
3 3784 1157 3785 
3 3782 1157 3784 
3 2568 2540 2541 
3 1127 3873 787 
3 1127 787 3391 
3 3873 1138 787 
3 3791 1159 3790 
3 2738 1374 3892 
3 3816 3892 1374 
3 2494 1126 3938 
3 2494 3938 492 
3 4205 887 961 
3 634 2104 2106 
3 2115 573 2263 
3 624 2115 2263 
3 2593 2580 2581 
3 1686 1687 337 
3 2009 1393 2976 
3 601 2296 2297 
3 3997 3689 412 
3 3405 3404 820 
3 821 3411 3396 
3 1530 3396 3411 
3 2514 2507 428 
3 717 4041 4040 
3 1261 4041 717 
3 2462 2463 587 
3 2462 2465 2463 
3 4072 1164 3083 
3 4072 3083 1162 
3 2140 2139 607 
3 3405 1534 3409 
3 3405 3406 1534 
3 3476 3486 491 
3 3476 491 3491 
3 3210 4263 30 
3 2857 429 2237 
3 2388 2387 1015 
3 3663 4198 1090 
3 3663 1088 4198 
3 4175 4239 1901 
3 941 4239 4175 
3 3904 3903 1153 
3 2808 1392 2809 
3 2808 2809 3898 
3 3787 417 1479 
3 3085 1479 417 
3 4218 3828 2225 
3 1460 3024 3025 
3 497 4144 1079 
3 3087 1478 1472 
3 2707 3306 1408 
3 3204 1484 3205 
3 1219 1225 1226 
3 494 3897 3361 
3 494 3361 3360 
3 587 2459 2462 
3 1357 557 4034 
3 1427 1363 4034 
3 1716 520 4184 
3 4343 465 3736 
3 3037 4 3038 
3 3036 4 3037 
3 2580 1553 4152 
3 1018 2446 3094 
3 1475 620 1477 
3 1475 1477 1474 
3 3013 3017 3033 
3 1283 3033 3017 
3 1319 1341 1336 
3 1340 1336 1341 
3 2073 2074 29 
3 2076 29 2074 
3 2727 1385 2723 
3 2462 2459 2460 
3 1140 2462 2460 
3 3622 2497 1594 
3 2519 3196 3145 
3 2519 3145 3143 
3 2356 2357 3797 
3 2511 2523 3628 
3 1263 3628 2523 
3 2658 1208 2656 
3 2658 2656 2657 
3 207 3026 1614 
3 1189 1191 415 
3 1268 4275 3891 
3 1268 2711 4275 
3 1288 3012 3016 
3 1288 3016 3759 
3 745 1224 1225 
3 2653 1209 3849 
3 2663 3849 1209 
3 3675 4159 1748 
3 3675 1748 3676 
3 1638 2834 2835 
3 1638 2783 2834 
3 1312 1314 655 
3 4305 3198 1752 
3 1753 3198 4305 
3 2864 3894 738 
3 3240 3243 1582 
3 3240 3247 3243 
3 1241 1240 425 
3 1241 425 4018 
3 2619 2621 2618 
3 4287 927 1855 
3 571 2105 2552 
3 571 2552 4029 
3 774 3310 3311 
3 1996 3393 3098 
3 1996 3534 3393 
3 902 1509 1554 
3 3818 3819 1044 
3 1488 1503 3973 
3 896 1503 1488 
3 3539 3470 3538 
3 3469 3470 3539 
3 416 1297 1298 
3 1163 1478 3087 
3 3826 1044 2445 
3 3826 1156 1044 
3 3069 3072 3070 
3 1292 3848 1293 
3 760 1854 1853 
3 3249 599 3245 
3 3244 3249 3245 
3 1879 918 1878 
3 554 2765 2787 
3 2236 2229 733 
3 3804 2050 908 
3 3069 3067 544 
3 3069 3073 3067 
3 3069 3070 1305 
3 3069 1305 3073 
3 1161 3907 3789 
3 1273 1028 2402 
3 2610 2609 1533 
3 2608 2609 2610 
3 3756 1289 3311 
3 1228 1229 743 
3 1228 743 1233 
3 1891 1908 937 
3 3764 746 1226 
3 1219 1226 746 
3 3697 2815 2803 
3 4072 1162 3906 
3 3767 414 3757 
3 3767 3757 1195 
3 1403 2790 2789 
3 1403 2789 2788 
3 1643 1644 1180 
3 1643 2702 1644 
3 2554 2546 1110 
3 2554 1110 2555 
3 2714 2713 2715 
3 2714 2715 548 
3 1225 1224 1227 
3 744 1227 1224 
3 1211 2715 2713 
3 3251 932 1887 
3 2255 2206 3629 
3 2255 3629 691 
3 574 4202 3388 
3 17 3388 4202 
3 556 1944 1988 
3 2701 1216 2703 
3 3534 2810 3393 
3 3392 3393 2810 
3 2291 4207 2292 
3 2685 2686 1177 
3 2773 1382 2772 
3 1237 1271 741 
3 1238 1271 1237 
3 2101 48 2102 
3 2646 2648 1206 
3 1440 208 3281 
3 2716 2632 1203 
3 2990 2993 1352 
3 2990 1352 2991 
3 1882 930 1881 
3 1360 1987 4313 
3 2645 2644 2655 
3 2645 2655 423 
3 2045 1844 2017 
3 1148 4223 4224 
3 1151 4224 4223 
3 937 1872 1894 
3 1908 1871 937 
3 3980 1871 1908 
3 1194 3764 1226 
3 3963 842 2279 
3 3963 2279 561 
3 3243 1697 3249 
3 3216 1150 4222 
3 3216 3215 1150 
3 1899 4239 1900 
3 1241 1243 1240 
3 1277 31 1243 
3 1097 2429 619 
3 1288 3759 1606 
3 2989 2809 2041 
3 4294 956 3101 
3 2523 2717 2709 
3 1263 2523 2709 
3 612 1630 4122 
3 612 3802 1630 
3 1727 1667 1728 
3 1727 1726 1667 
3 1229 145 1230 
3 1231 1230 145 
3 4009 2609 1744 
3 1533 2609 4009 
3 244 2372 3071 
3 2312 1095 3889 
3 3888 3889 1095 
3 3158 3159 3157 
3 747 1274 1223 
3 1236 1239 31 
3 1237 1239 1236 
3 1236 31 1234 
3 742 1238 1237 
3 742 1237 1236 
3 1248 1240 741 
3 3389 1733 449 
3 1750 449 1733 
3 1240 1243 1239 
3 1240 1239 741 
3 1243 31 1239 
3 609 2229 2228 
3 1058 993 669 
3 1808 669 993 
3 4215 3817 1345 
3 4215 1345 4213 
3 4099 1395 2828 
3 805 137 2338 
3 805 2338 347 
3 2702 419 1644 
3 2299 2292 677 
3 4207 677 2292 
3 3030 1661 3029 
3 3030 3029 3028 
3 1274 1270 744 
3 1274 744 1224 
3 1246 3557 3556 
3 1246 3556 3554 
3 728 3563 3564 
3 1265 3563 728 
3 2949 2951 748 
3 2343 2349 832 
3 432 2156 2158 
3 2200 711 2202 
3 2192 711 2200 
3 1223 1224 745 
3 2411 1273 1276 
3 2411 1028 1273 
3 3911 4079 2259 
3 3911 2259 2869 
3 3925 3469 663 
3 1246 3554 3559 
3 1246 3559 3560 
3 1134 623 3324 
3 2971 2236 733 
3 2971 3442 2236 
3 711 2188 4199 
3 711 4199 2205 
3 1260 1266 426 
3 2656 2669 2655 
3 2656 2655 1204 
3 4327 3885 853 
3 858 4327 853 
3 2060 2061 1870 
3 753 2060 1870 
3 3751 3740 4101 
3 1166 3086 1176 
3 1166 1176 3443 
3 421 2627 2624 
3 1690 559 1686 
3 1690 1686 1683 
3 3050 1450 3051 
3 1225 1219 745 
3 3604 3586 1911 
3 943 3586 3604 
3 3580 3566 3565 
3 564 3565 3566 
3 1269 1229 1228 
3 744 1269 1228 
3 4297 2490 543 
3 4190 2004 2003 
3 958 2003 2004 
3 744 1270 1269 
3 1250 732 1248 
3 1344 4212 3738 
3 716 1255 1264 
3 716 1264 1275 
3 1547 902 1554 
3 3317 3319 770 
3 1277 1243 1197 
3 1278 1277 1197 
3 1758 4022 869 
3 1758 869 1757 
3 207 1459 1460 
3 2435 3917 176 
3 1193 3763 3764 
3 1551 900 1501 
3 1551 1547 1517 
3 1514 4211 3236 
3 3231 1514 3236 
3 1641 1323 1821 
3 1051 4128 3919 
3 779 1051 3919 
3 1870 1869 1868 
3 1680 1679 508 
3 1680 1681 1679 
3 3774 4253 524 
3 3774 526 4253 
3 3736 465 4100 
3 1361 4313 661 
3 1361 661 1851 
3 1226 22 3678 
3 1226 1225 22 
3 4123 1939 928 
3 1940 928 1939 
3 3748 1493 1502 
3 4024 1502 1493 
3 3020 1461 1285 
3 1363 1358 4034 
3 1994 1993 954 
3 1606 1289 1614 
3 828 1290 3759 
3 3445 2817 2818 
3 4120 1623 910 
3 3311 4298 774 
3 3311 1605 4298 
3 664 3209 3205 
3 664 3205 3206 
3 3062 1291 1480 
3 3061 1291 3062 
3 862 1715 1691 
3 4229 733 2229 
3 4229 2233 733 
3 3362 3363 880 
3 3360 3362 880 
3 1477 1182 1474 
3 883 3040 3053 
3 2641 3760 1195 
3 3661 1089 3662 
3 3082 3080 1165 
3 1467 1466 655 
3 2488 4179 1304 
3 1614 3026 1288 
3 1614 1288 1606 
3 3442 2857 2237 
3 4332 3307 1659 
3 271 621 3968 
3 246 621 271 
3 1310 1311 1309 
3 1310 1309 416 
3 1765 886 1766 
3 2450 2451 591 
3 2450 591 4133 
3 4247 828 3076 
3 1353 2993 2997 
3 2998 1353 2997 
3 1408 3306 3276 
3 1408 3276 3723 
3 4249 3773 651 
3 1487 1636 4089 
3 3200 3329 1171 
3 1337 1320 3728 
3 3027 3025 1287 
3 3027 3026 3025 
3 1354 1357 1343 
3 967 1805 1756 
3 1932 1942 945 
3 868 1756 1755 
3 3612 1971 4267 
3 179 3612 4267 
3 4326 2533 551 
3 4326 2525 2533 
3 1689 559 1700 
3 1691 1700 559 
3 1167 1463 1464 
3 1465 1183 1466 
3 1465 1466 1182 
3 3088 1695 3248 
3 1836 918 1879 
3 3398 3397 1521 
3 821 3397 3398 
3 758 1878 1834 
3 2994 2993 1353 
3 1416 49 1415 
3 1417 49 1416 
3 1697 3247 3248 
3 2637 2638 46 
3 761 1814 1812 
3 1642 4237 2628 
3 1420 1419 1317 
3 3870 3869 1579 
3 793 3869 3870 
3 4217 871 3673 
3 1787 889 1788 
3 3167 3183 1589 
3 3519 4000 476 
3 3514 1426 3515 
3 1859 1426 3514 
3 3375 3374 3376 
3 3893 3286 538 
3 3320 208 3318 
3 1447 3320 3318 
3 2120 4168 4259 
3 2983 2507 2514 
3 2983 2514 2508 
3 1327 1326 1187 
3 1330 1327 1187 
3 647 492 3609 
3 3936 3609 492 
3 7 4342 2476 
3 7 3092 4342 
3 3904 4238 1189 
3 3904 1189 1188 
3 4293 272 4202 
3 1508 1617 1509 
3 902 1508 1509 
3 2567 814 2556 
3 2981 2979 1186 
3 4342 3092 2431 
3 2048 4049 916 
3 1177 2686 2718 
3 922 1419 1420 
3 1338 923 1339 
3 1333 923 1338 
3 2751 2742 2999 
3 1314 1313 1315 
3 1333 1315 1313 
3 3728 1320 1348 
3 1301 3710 3711 
3 2991 1301 3711 
3 953 1793 1794 
3 120 1794 1793 
3 3193 146 3640 
3 1419 922 1421 
3 1419 1421 1321 
3 3505 3647 808 
3 1888 1890 930 
3 3062 4319 772 
3 3062 772 3060 
3 1339 1318 1420 
3 1339 1420 1317 
3 1325 1850 1845 
3 3304 3322 235 
3 236 3471 3516 
3 3470 3471 236 
3 208 1440 3318 
3 1112 2558 2559 
3 1112 2559 3947 
3 886 2855 1762 
3 2775 2774 1388 
3 2775 1386 2774 
3 1410 2654 2677 
3 1714 827 338 
3 1713 827 1714 
3 2753 2754 755 
3 2753 2760 2754 
3 1321 1417 1416 
3 1321 1416 1419 
3 1612 2981 4114 
3 2982 4114 2981 
3 3170 1591 3171 
3 1821 4236 1820 
3 1401 4126 3530 
3 1371 4215 4216 
3 3816 1371 4216 
3 1205 2700 2633 
3 2644 1205 2633 
3 952 1426 1859 
3 3824 3701 2878 
3 3824 2865 3701 
3 2648 2645 423 
3 2646 2645 2648 
3 1038 3902 3836 
3 1041 3836 3902 
3 488 674 4347 
3 673 674 488 
3 1235 1233 1234 
3 2794 2793 1405 
3 2794 1405 3941 
3 3855 2269 3856 
3 4212 4213 1370 
3 778 339 851 
3 851 339 852 
3 2341 852 339 
3 736 3442 2971 
3 736 2971 2970 
3 2369 535 2373 
3 793 1650 1651 
3 1652 1651 1650 
3 1853 1856 951 
3 2842 2766 1376 
3 3328 4243 893 
3 886 3698 1766 
3 2768 1386 2767 
3 1415 49 1414 
3 1834 1833 919 
3 1834 919 1852 
3 1710 1712 1713 
3 3743 3742 660 
3 1317 1416 1415 
3 1419 1416 1317 
3 1372 2842 2841 
3 3038 1453 3040 
3 4303 3705 1486 
3 3968 621 272 
3 1314 1482 1313 
3 871 4217 4048 
3 887 493 961 
3 887 4129 493 
3 2760 2765 2759 
3 1170 2357 2359 
3 2677 553 2683 
3 2677 2679 553 
3 2839 2841 1376 
3 2839 2840 2841 
3 1936 1935 949 
3 1934 949 1935 
3 4215 4213 1365 
3 1429 1402 1318 
3 3235 3234 1498 
3 1375 2732 2733 
3 2844 3817 1372 
3 2844 1345 3817 
3 555 2725 2729 
3 3219 3814 1374 
3 3816 1374 3814 
3 749 2786 2769 
3 1964 3281 1963 
3 3542 2499 3090 
3 1535 3733 3407 
3 1142 3307 1656 
3 1305 2489 3073 
3 1305 3800 2489 
3 2733 2766 2842 
3 555 2724 2725 
3 1942 1943 945 
3 2748 2747 795 
3 3815 1346 2842 
3 3783 641 4127 
3 3783 4127 1161 
3 2776 1379 2785 
3 1403 2791 2792 
3 3558 3560 1244 
3 1212 2665 2664 
3 1212 2664 2668 
3 3356 2376 144 
3 4061 2376 3356 
3 1381 3987 2736 
3 2229 701 4191 
3 2817 2816 1397 
3 2673 1215 2666 
3 2813 638 2802 
3 2765 2785 1379 
3 2765 1379 2759 
3 2892 562 2886 
3 2892 2886 2887 
3 2959 1976 2955 
3 2959 2955 2001 
3 2669 423 2655 
3 2655 2644 1204 
3 2010 955 1997 
3 1993 2010 1997 
3 2800 1944 946 
3 2800 946 2799 
3 2821 2830 1396 
3 1403 2792 2794 
3 1403 2794 2790 
3 4276 177 3971 
3 4276 3971 204 
3 742 2974 1238 
3 1406 2681 2680 
3 1425 1941 3515 
3 1425 4241 1941 
3 2210 2211 3933 
3 749 2780 2786 
3 2784 750 2782 
3 2777 750 2784 
3 2783 2777 2784 
3 2010 1993 1994 
3 3321 124 1674 
3 1675 3321 1674 
3 2679 2680 2796 
3 2679 1406 2680 
3 2667 2673 2666 
3 2667 2666 2665 
3 1261 717 4157 
3 3711 3710 1299 
3 652 3773 4249 
3 525 3773 652 
3 1934 1933 949 
3 2683 1409 2684 
3 2830 2813 2802 
3 1414 1399 1316 
3 2769 2788 749 
3 1247 2714 2752 
3 1247 3555 2714 
3 2642 1204 2643 
3 2642 2657 1204 
3 3327 1133 3326 
3 1299 4057 4056 
3 1299 4056 2359 
3 2980 1327 1330 
3 1414 49 1331 
3 1332 1331 49 
3 1814 1813 1812 
3 1324 1812 1813 
3 3317 1447 3318 
3 2510 2983 2508 
3 1321 1421 1422 
3 1811 1812 1818 
3 1811 761 1812 
3 1331 1330 1399 
3 1414 1331 1399 
3 3256 1000 3255 
3 1270 4108 1269 
3 1420 1318 1402 
3 1420 1402 922 
3 4320 1573 1545 
3 1818 1812 1324 
3 3505 806 3647 
3 1986 1987 960 
3 4257 3319 1441 
3 2075 1567 2501 
3 2505 2075 2501 
3 1438 1952 1948 
3 1945 1438 1948 
3 1854 952 1856 
3 1853 1854 1856 
3 1955 1956 1458 
3 1955 1458 1954 
3 2706 1409 2683 
3 2706 2683 553 
3 2210 3933 2213 
3 3529 1428 1351 
3 1068 1064 1065 
3 1074 1064 1068 
3 1074 1068 4204 
3 1696 307 3089 
3 3240 307 1696 
3 3570 2496 4078 
3 3570 4078 2227 
3 925 1848 1814 
3 1822 925 1814 
3 974 499 3992 
3 1830 918 1835 
3 1422 1362 2044 
3 1422 2044 761 
3 2121 4259 2147 
3 1962 1963 1437 
3 1962 1437 1961 
3 1813 1848 913 
3 1813 1814 1848 
3 1714 338 855 
3 3204 3202 769 
3 3204 769 3207 
3 1945 1948 1434 
3 420 2978 2977 
3 2091 2536 1541 
3 1867 934 1970 
3 1867 1970 1874 
3 3038 1462 1453 
3 3063 1453 1462 
3 2027 2903 2902 
3 1478 1476 1475 
3 1163 1476 1478 
3 3179 3622 1594 
3 3179 1594 3178 
3 1963 208 1965 
3 1569 2066 1917 
3 1569 2067 2066 
3 4258 4257 1444 
3 4258 770 4257 
3 2483 2484 1658 
3 2987 787 1138 
3 3042 3041 1453 
3 3042 1453 3063 
3 1336 3728 1319 
3 862 860 4115 
3 1308 1309 1463 
3 1167 1308 1463 
3 1286 3063 1462 
3 1463 1309 1183 
3 3212 1442 3213 
3 1449 3047 3046 
3 688 2348 4104 
3 833 4104 2348 
3 3024 1461 3020 
3 3024 3020 1287 
3 3313 3314 3312 
3 771 3314 3313 
3 3316 1447 3317 
3 3206 1484 911 
3 4148 1174 4149 
3 3645 665 3646 
3 3291 4001 138 
3 921 1824 1823 
3 3040 1453 3041 
3 3053 3040 3041 
3 1507 1508 1510 
3 902 1510 1508 
3 2356 3797 3200 
3 1781 3068 1307 
3 544 3068 1781 
3 3913 4328 1175 
3 3033 3015 1282 
3 3033 1282 3013 
3 3522 650 4027 
3 3310 1455 3311 
3 3756 3311 1455 
3 1763 1761 2855 
3 1762 2855 1761 
3 4313 1987 661 
3 1185 1469 1468 
3 1467 1185 1468 
3 4113 1300 3964 
3 1312 1184 1482 
3 1288 3027 3012 
3 420 1469 1328 
3 420 1328 2978 
3 1333 1313 1334 
3 1482 1335 1313 
3 1334 1313 1335 
3 3226 1572 3228 
3 1166 3079 3080 
3 862 4115 520 
3 862 520 1715 
3 3202 3201 769 
3 3057 1792 3058 
3 3057 3058 773 
3 1184 1335 1482 
3 3795 1707 790 
3 3795 1585 1707 
3 1460 1459 3065 
3 1460 3065 1286 
3 3045 3046 3047 
3 3045 3047 1450 
3 3636 3635 776 
3 1629 3644 3645 
3 3634 3636 1472 
3 3634 3635 3636 
3 1465 1477 1464 
3 1464 1477 620 
3 2236 3442 2237 
3 2853 1647 2854 
3 3635 3634 1471 
3 3193 3640 723 
3 2216 2220 723 
3 3644 3642 1628 
3 1629 3642 3644 
3 3637 776 3635 
3 1918 1917 1920 
3 1918 1920 4220 
3 3639 1470 3634 
3 3639 3634 1472 
3 1179 1470 3639 
3 817 4320 3407 
3 3784 3785 3788 
3 1779 1776 41 
3 1779 3052 1776 
3 1158 3794 1608 
3 3791 1158 1608 
3 1716 4184 864 
3 1716 864 1703 
3 861 4115 860 
3 861 860 101 
3 702 2968 2867 
3 1620 3206 911 
3 664 3206 1620 
3 4097 3833 3832 
3 4097 3832 982 
3 1456 3756 1455 
3 3191 5 3190 
3 3191 3192 5 
3 1023 4352 1051 
3 2126 624 2261 
3 2527 2529 4139 
3 3390 1494 1502 
3 1571 2506 2089 
3 2505 2506 1571 
3 3234 3235 1497 
3 4010 1245 3563 
3 4010 3563 1265 
3 1592 3181 3182 
3 2499 3182 3181 
3 1699 1692 513 
3 1699 598 1693 
3 1692 1699 1693 
3 2269 837 4025 
3 2284 4025 837 
3 3735 649 3471 
3 3473 3471 649 
3 3157 517 3154 
3 4058 50 323 
3 1971 3770 1906 
3 1971 1906 3432 
3 224 3833 4097 
3 3043 2 3042 
3 3043 3042 3063 
3 3011 3012 3021 
3 3011 3021 546 
3 1682 1683 1680 
3 1682 1680 508 
3 2023 913 1848 
3 1932 752 1933 
3 1703 1702 788 
3 2355 3927 3273 
3 3245 1584 3246 
3 1689 580 1688 
3 3310 3312 1455 
3 3314 1455 3312 
3 4044 472 141 
3 3632 81 4299 
3 1159 4182 1279 
3 3790 1159 1279 
3 2111 4154 2503 
3 2111 2503 1915 
3 1715 788 1691 
3 4210 4211 895 
3 2413 3303 588 
3 2413 588 2412 
3 2680 2795 2796 
3 768 4283 4353 
3 1670 123 1712 
3 1025 4260 2401 
3 1025 2404 4260 
3 2091 2092 1555 
3 596 2410 2411 
3 596 2411 1276 
3 2870 4264 2871 
3 89 2594 2593 
3 2089 48 2087 
3 3473 650 3471 
3 819 2078 2083 
3 4246 4245 486 
3 3698 1771 962 
3 3698 1806 1771 
3 2405 2404 593 
3 3019 3022 3018 
3 3019 3018 546 
3 756 3987 3986 
3 2506 48 2089 
3 4051 2895 2891 
3 1529 3403 3404 
3 1527 3404 3403 
3 1706 1719 1705 
3 1706 1705 521 
3 3270 361 360 
3 3270 360 133 
3 1862 1861 1866 
3 1537 3288 3289 
3 1625 1626 906 
3 2598 1532 2597 
3 2598 2599 1532 
3 2558 3731 2559 
3 3403 1529 3411 
3 3919 1052 3918 
3 1737 1735 1678 
3 1737 1684 1735 
3 3240 3241 3239 
3 3240 3239 307 
3 1615 1607 3638 
3 3399 1519 1524 
3 2858 2859 3669 
3 1941 1940 3932 
3 1941 3932 936 
3 3296 3732 1536 
3 3733 1536 3732 
3 2691 3921 3967 
3 2387 2388 2437 
3 592 2387 2437 
3 1436 1964 1962 
3 1436 1962 1960 
3 2161 697 2163 
3 1247 2752 2635 
3 3494 2586 811 
3 2573 2572 2574 
3 811 2573 2574 
3 877 493 4153 
3 4190 2006 959 
3 2954 959 2006 
3 3842 3841 475 
3 2093 2095 3300 
3 2094 2093 3300 
3 2084 2085 1541 
3 2084 2083 2085 
3 2467 1140 2468 
3 2467 2468 2478 
3 2082 2089 1542 
3 3426 1907 3437 
3 1909 3426 3437 
3 2260 4264 2870 
3 2260 2870 2259 
3 3242 1581 1494 
3 3749 1494 1581 
3 1862 1866 932 
3 1862 932 3251 
3 4056 1298 4308 
3 1170 4056 4308 
3 2984 3390 1502 
3 2566 2567 2556 
3 800 2567 2566 
3 2095 822 2087 
3 3992 499 568 
3 3992 568 4112 
3 3370 3369 16 
3 3632 4299 1093 
3 822 2095 2093 
3 3626 1262 3627 
3 3781 1155 3782 
3 3970 399 498 
3 3970 498 359 
3 626 2111 2325 
3 2087 2096 2095 
3 3299 2095 2096 
3 642 3790 1279 
3 3292 1540 3290 
3 3292 3290 3291 
3 1931 752 1932 
3 1931 3924 752 
3 3289 3288 3296 
3 1535 1558 3734 
3 1810 2479 2478 
3 2468 1810 2478 
3 3509 3353 144 
3 2454 2456 587 
3 3351 4343 482 
3 3350 3351 482 
3 2460 1141 2461 
3 1140 2460 2461 
3 2117 4166 631 
3 2117 2116 4166 
3 3401 1518 901 
3 3784 3788 642 
3 1354 3751 924 
3 1156 4304 3896 
3 2050 2051 908 
3 3229 3241 3242 
3 1494 3229 3242 
3 1695 3088 581 
3 3091 581 3088 
3 4117 4323 874 
3 2067 633 2068 
3 4006 1507 1505 
3 1613 4093 775 
3 2071 2069 2500 
3 1320 3000 3991 
3 1351 3991 3000 
3 697 2154 2174 
3 784 785 3829 
3 3773 40 651 
3 4173 1779 41 
3 1804 4173 41 
3 1254 1256 714 
3 1254 714 3868 
3 4023 3328 893 
3 4273 1037 3831 
3 4273 3831 983 
3 1254 3193 1256 
3 3440 1575 3439 
3 1574 3440 3439 
3 1480 1291 4135 
3 3364 877 3371 
3 4065 3454 1754 
3 3452 1754 3454 
3 3053 3041 1452 
3 4091 3129 3128 
3 2176 3129 4091 
3 1890 1883 930 
3 3959 1883 2016 
3 1853 1852 1849 
3 1853 1849 760 
3 510 1676 1675 
3 510 1675 1724 
3 2075 2074 1567 
3 2368 3071 1306 
3 2368 1306 4074 
3 3156 3161 1590 
3 1689 1688 559 
3 682 2170 2168 
3 682 2168 2166 
3 3154 3153 1587 
3 1885 931 1886 
3 451 3453 3462 
3 451 3462 3714 
3 951 1857 2335 
3 2219 2217 3640 
3 539 3464 3286 
3 4252 539 3286 
3 539 3460 3463 
3 403 1670 1669 
3 1724 1723 1595 
3 1666 1665 1668 
3 1688 1687 1686 
3 559 1688 1686 
3 3232 3233 1497 
3 3231 3232 1497 
3 1042 2441 2442 
3 2448 1042 2442 
3 1052 3915 3916 
3 3917 1052 3916 
3 2547 2550 2548 
3 3851 4265 0 
3 2086 2087 822 
3 2089 2087 2086 
3 4076 4077 1573 
3 4076 1573 1538 
3 3917 3916 176 
3 2199 2191 845 
3 4286 2199 845 
3 1964 1963 1962 
3 3341 3339 3338 
3 1289 1606 1604 
3 3759 1290 1606 
3 3208 1484 3207 
3 743 1230 4008 
3 743 1229 1230 
3 2074 2073 1567 
3 1331 1186 1330 
3 2509 2507 2983 
3 2510 2509 2983 
3 474 4044 141 
3 1632 906 1633 
3 4009 1744 2614 
3 3190 2614 1744 
3 1324 1813 3282 
3 2272 3963 561 
3 1783 4074 3072 
3 579 4074 1783 
3 664 1620 1619 
3 2536 2537 1541 
3 4307 3329 1646 
3 1171 3329 4307 
3 4299 81 3888 
3 1094 4299 3888 
3 1295 3825 2854 
3 1295 2854 4312 
3 4090 1490 3928 
3 2399 2403 147 
3 1150 3215 4265 
3 3923 1671 1673 
3 508 3923 1673 
3 906 1626 1631 
3 610 1548 4109 
3 833 2201 4104 
3 2077 2079 1559 
3 3021 3012 1287 
3 904 1634 1633 
3 1554 1634 904 
3 1633 1634 1632 
3 1554 1509 1634 
3 1634 1509 611 
3 1632 1634 611 
3 1357 4034 1358 
3 2754 1378 2756 
3 2590 2592 824 
3 2580 2590 824 
3 1108 1118 3997 
3 1601 2592 2591 
3 2302 676 2298 
3 4232 1656 4332 
3 664 1506 1636 
3 664 1636 3209 
3 1435 1959 1967 
3 1435 1967 1641 
3 2697 2728 2727 
3 2697 3723 2728 
3 2176 4091 2256 
3 1173 3990 3989 
3 2633 2632 1202 
3 2643 2633 1202 
3 3709 1301 3708 
3 3330 1646 3329 
3 2693 2694 394 
3 2991 3711 1178 
3 3345 3344 2650 
3 2718 2719 1648 
3 4165 4164 2355 
3 4214 1370 4213 
3 4214 4213 1345 
3 3441 1795 120 
3 3441 1575 1795 
3 1782 3072 544 
3 1783 3072 1782 
3 3246 1652 514 
3 772 4319 4043 
3 3059 772 4043 
3 1654 1655 791 
3 1653 1654 791 
3 1803 793 1651 
3 3983 3984 1010 
3 227 3984 3983 
3 2059 4012 933 
3 2260 2259 4079 
3 1857 3621 4103 
3 1857 4103 931 
3 1800 1803 966 
3 792 1800 1801 
3 3482 13 2587 
3 3482 2587 32 
3 1653 2353 1585 
3 1653 1585 3795 
3 561 2280 2422 
3 2279 2280 561 
3 4182 1159 3793 
3 1457 1480 771 
3 1429 1662 1402 
3 924 1662 1429 
3 1285 1461 3032 
3 2101 2102 2088 
3 2479 2480 1049 
3 1038 1049 2480 
3 3506 806 3505 
3 3506 2342 806 
3 2748 795 3541 
3 1280 3819 3818 
3 3396 3414 1522 
3 1530 3414 3396 
3 3176 3224 1637 
3 3176 1637 3175 
3 4171 21 360 
3 4172 2357 2358 
3 657 2358 2357 
3 3271 2246 763 
3 1711 1673 1710 
3 2380 2374 4138 
3 2380 4138 534 
3 1667 1734 1730 
3 1502 1494 3749 
3 3748 1502 3749 
3 3400 3399 1524 
3 3400 1524 1518 
3 1723 1596 1722 
3 3136 3135 3823 
3 1681 337 1721 
3 1665 403 1668 
3 1669 1668 403 
3 1922 1566 1919 
3 540 3460 3453 
3 3461 3460 540 
3 2749 2748 3541 
3 2968 2969 3864 
3 3277 3276 1413 
3 3306 1413 3276 
3 1674 1672 509 
3 1675 1674 509 
3 1718 1717 124 
3 512 1694 2497 
3 512 3955 1694 
3 3822 3821 1524 
3 1519 3822 1524 
3 1586 1525 3822 
3 1586 3822 1519 
3 3407 1539 3958 
3 3957 3958 1539 
3 3542 3090 1572 
3 3172 1676 3171 
3 1591 3172 3171 
3 1591 3184 3172 
3 337 1680 1683 
3 337 1681 1680 
3 519 860 862 
3 3674 1142 1656 
3 3692 1080 3915 
3 3176 3226 3224 
3 1572 3226 3176 
3 1939 4123 949 
3 1711 857 508 
3 1711 508 1673 
3 344 3167 3168 
3 3177 3167 344 
3 1692 1693 580 
3 1689 1692 580 
3 1671 1669 507 
3 1495 1580 3750 
3 2119 4168 2117 
3 4227 1650 1580 
3 514 1650 4227 
3 345 4186 1518 
3 1715 520 1716 
3 1690 1691 559 
3 519 1690 1683 
3 1690 862 1691 
3 519 862 1690 
3 2565 3872 1128 
3 2565 1128 1116 
3 3046 3061 3060 
3 3664 3660 3665 
3 583 1505 1507 
3 1797 1706 521 
3 865 1706 1797 
3 788 1701 1700 
3 788 1700 1691 
3 1700 1701 1689 
3 3400 1518 3401 
3 3400 3401 1520 
3 1673 1671 507 
3 1710 1673 507 
3 1669 1670 507 
3 4273 983 3834 
3 4273 3834 1036 
3 3246 514 1583 
3 3244 3245 1583 
3 1582 3244 1583 
3 1712 123 827 
3 1712 827 1713 
3 2353 1584 3245 
3 788 1716 1703 
3 1715 1716 788 
3 1704 1702 1703 
3 1704 1703 521 
3 1704 521 1705 
3 336 1713 1714 
3 1722 1721 1687 
3 1722 1596 1721 
3 1695 1693 598 
3 4089 1636 896 
3 1724 1596 1723 
3 1295 3848 4325 
3 124 1717 1674 
3 789 1704 1707 
3 1702 1704 789 
3 4184 863 4185 
3 3547 531 1077 
3 1702 789 1709 
3 1701 1709 513 
3 1701 513 1689 
3 3750 1580 1579 
3 4116 36 1001 
3 1064 4116 529 
3 3351 215 3715 
3 264 263 99 
3 1669 522 1668 
3 522 1666 1668 
3 522 1717 1666 
3 1717 522 1672 
3 1671 1672 522 
3 1669 1671 522 
3 1717 1672 1674 
3 3823 2179 3137 
3 2231 3823 3137 
3 5 3192 3188 
3 3187 5 3188 
3 3191 2616 1743 
3 4089 896 1488 
3 404 1731 3389 
3 1266 4010 426 
3 3189 3186 1685 
3 3189 3187 3186 
3 1726 1725 1677 
3 1718 124 1725 
3 352 1665 1666 
3 1728 352 1666 
3 3553 1977 2960 
3 2898 3553 2960 
3 517 1586 3154 
3 3153 3154 1586 
3 1727 1728 1718 
3 735 2941 2940 
3 3871 735 2940 
3 1667 1730 1729 
3 1728 1667 1729 
3 3199 1531 2597 
3 454 3199 2597 
3 1598 1550 4001 
3 1684 3186 3187 
3 352 1738 402 
3 352 402 1665 
3 1734 1667 1726 
3 2311 2310 2300 
3 2308 2300 2310 
3 2082 1542 2078 
3 2083 2078 1542 
3 517 4066 1586 
3 3286 3464 538 
3 3295 1631 1626 
3 1726 1677 1736 
3 1726 1736 1678 
3 2599 3194 1532 
3 3846 3841 476 
3 1732 1738 352 
3 351 402 1739 
3 351 100 402 
3 1739 402 1738 
3 1738 404 1739 
3 1126 3487 3488 
3 1126 3488 3940 
3 1494 3390 3229 
3 510 3171 1676 
3 1678 1734 1726 
3 1734 1678 1735 
3 666 1740 1735 
3 1684 666 1735 
3 815 3947 2559 
3 815 2559 1603 
3 830 3713 3714 
3 830 3714 3462 
3 1733 1740 450 
3 1250 1248 741 
3 1760 869 1761 
3 889 1760 1761 
3 1256 723 2220 
3 1256 3193 723 
3 909 3954 3953 
3 1628 3953 3954 
3 422 1642 2626 
3 2263 573 2120 
3 2263 2120 670 
3 3300 3299 1113 
3 2094 3300 1113 
3 1116 2561 2564 
3 3189 5 3187 
3 2618 1197 2619 
3 2618 1278 1197 
3 1844 3960 3959 
3 1844 3959 2016 
3 1757 1756 868 
3 1758 1757 868 
3 866 1767 1768 
3 866 1768 1769 
3 2017 613 2045 
3 893 1491 1492 
3 4023 893 1492 
3 1261 4157 4282 
3 1260 4282 4157 
3 953 1788 1790 
3 953 1787 1788 
3 1187 1399 1330 
3 1452 3048 3052 
3 3044 3048 1452 
3 969 4112 568 
3 4132 885 3945 
3 223 3531 1599 
3 1761 1763 889 
3 4169 524 4346 
3 4169 4346 487 
3 869 1762 1761 
3 1758 868 1767 
3 2450 4133 1013 
3 1782 544 1781 
3 2577 813 2856 
3 2577 2576 813 
3 2616 3675 1743 
3 1580 3870 1579 
3 1706 865 1755 
3 1773 1766 494 
3 1765 1766 1773 
3 680 3383 2264 
3 3383 680 2169 
3 2829 2663 2847 
3 3496 2847 2663 
3 1336 1337 3728 
3 3383 2141 2264 
3 3360 3361 3362 
3 1773 884 1765 
3 1774 884 1773 
3 1159 3791 3792 
3 3793 1159 3792 
3 2473 1008 2470 
3 1780 1782 1781 
3 882 1782 1780 
3 16 3368 3363 
3 3369 3368 16 
3 4049 2048 1564 
3 1357 1358 1343 
3 1805 967 1802 
3 1805 1802 1655 
3 4323 873 3807 
3 883 3039 3040 
3 3038 3040 3039 
3 3811 2003 1999 
3 640 2003 3811 
3 2368 579 3375 
3 1784 1785 899 
3 579 1783 1784 
3 494 3360 3358 
3 1784 1783 882 
3 1429 1342 924 
3 3637 3638 1608 
3 3637 1608 776 
3 874 4323 4324 
3 746 3763 1191 
3 3979 746 1191 
3 1190 746 3979 
3 1219 746 1190 
3 4324 4323 340 
3 1786 1785 1784 
3 882 1786 1784 
3 1364 1344 1363 
3 1363 1344 1358 
3 1347 557 1357 
3 1348 557 1347 
3 1349 557 1348 
3 1427 557 1349 
3 1293 3332 4113 
3 1320 1349 1348 
3 3667 1054 3915 
3 1428 1350 1427 
3 1350 1363 1427 
3 1350 1364 1363 
3 1366 1364 1350 
3 3982 595 4352 
3 1334 1337 1336 
3 1348 1347 1319 
3 1319 1347 1342 
3 1342 1347 1354 
3 1354 1347 1357 
3 1341 1319 1342 
3 923 1336 1340 
3 923 1334 1336 
3 923 1333 1334 
3 923 1340 1339 
3 1339 1340 1318 
3 1340 1341 1318 
3 1318 1341 1429 
3 1341 1342 1429 
3 1760 889 1787 
3 1760 1787 792 
3 1788 889 1789 
3 889 1763 1789 
3 965 1799 1794 
3 953 1794 1799 
3 1802 967 1801 
3 1800 792 1799 
3 1787 1799 792 
3 882 1780 1804 
3 953 1799 1787 
3 965 1800 1799 
3 984 1037 1036 
3 984 1036 3256 
3 1779 1780 883 
3 4013 1873 4174 
3 2365 3378 3373 
3 225 1808 992 
3 225 992 991 
3 1808 993 992 
3 3861 834 3860 
3 1254 1253 3193 
3 977 979 541 
3 1808 225 979 
3 2461 1040 2468 
3 3891 4040 3610 
3 3620 3619 2004 
3 3241 1582 3242 
3 1642 1180 4237 
3 2501 1570 2505 
3 1946 1947 293 
3 3747 1495 3750 
3 1443 2025 2024 
3 1443 3210 2025 
3 1813 913 1815 
3 1887 932 1869 
3 1823 1824 1846 
3 759 1830 1831 
3 1145 4108 2430 
3 1145 2430 2407 
3 2022 1817 2021 
3 2022 2021 912 
3 3973 3974 1491 
3 3343 2819 1397 
3 3343 1397 3340 
3 1855 952 1854 
3 1949 1434 1948 
3 1952 1949 1948 
3 1322 1418 1818 
3 1418 1422 1811 
3 1418 1811 1818 
3 1954 1458 1958 
3 1954 1958 765 
3 1818 1819 1322 
3 1820 1322 1819 
3 762 1820 1819 
3 1484 3208 911 
3 1486 911 3208 
3 1582 1583 3242 
3 3771 145 3772 
3 4230 3195 801 
3 1850 1434 1957 
3 1850 1957 762 
3 1833 1830 1829 
3 1829 919 1833 
3 762 1819 1845 
3 762 1845 1850 
3 1827 920 1828 
3 1826 920 1827 
3 3211 1442 3212 
3 2865 2884 3894 
3 1826 1827 1829 
3 1845 1819 1324 
3 1818 1324 1819 
3 1448 4283 3055 
3 1823 1846 925 
3 1831 1847 1846 
3 1822 1823 925 
3 1847 925 1846 
3 1847 1848 925 
3 2724 1385 2725 
3 598 3248 1695 
3 3088 3248 1696 
3 1822 921 1823 
3 4241 1973 928 
3 909 3953 1627 
3 3234 1497 3233 
3 2965 2002 4188 
3 1123 4084 3391 
3 2402 2401 594 
3 1189 415 1188 
3 3089 2499 3091 
3 1878 758 1880 
3 1879 1878 1880 
3 3203 1636 1487 
3 1936 4123 1973 
3 1922 2051 1566 
3 908 2051 1922 
3 1629 2065 3641 
3 3974 4035 1491 
3 1397 2816 3340 
3 1851 661 1825 
3 1851 1825 921 
3 3813 4272 1798 
3 2335 1857 1884 
3 931 1884 1857 
3 3952 4122 1627 
3 612 4122 3952 
3 3159 517 3157 
3 4122 1630 4121 
3 4122 4121 1627 
3 939 1918 4118 
3 3251 1886 931 
3 760 1849 1828 
3 1849 1827 1828 
3 1827 919 1829 
3 1849 1852 919 
3 1849 919 1827 
3 3318 3319 3317 
3 3318 1440 3319 
3 951 1834 1852 
3 334 116 3981 
3 1882 1885 930 
3 1860 936 1863 
3 1861 1860 1863 
3 1861 1863 934 
3 477 3468 3539 
3 1858 1856 952 
3 1857 1856 1858 
3 951 1856 1857 
3 3514 3515 936 
3 1203 2632 2633 
3 2700 1203 2633 
3 1932 1933 948 
3 1932 948 1942 
3 558 1859 1860 
3 1861 558 1860 
3 1858 1859 558 
3 3023 3032 4 
3 3023 4 3036 
3 1864 1940 1938 
3 1864 1938 752 
3 3615 2008 3614 
3 1867 1868 1866 
3 1867 753 1868 
3 45 2013 2012 
3 803 347 2336 
3 1868 932 1866 
3 1868 1869 932 
3 1445 4349 4258 
3 2442 2443 3007 
3 2442 2441 2443 
3 4349 770 4258 
3 488 4201 302 
3 672 488 302 
3 2634 2631 1200 
3 3560 3559 393 
3 859 2850 857 
3 3981 3270 133 
3 1871 933 1872 
3 928 1940 1941 
3 4241 928 1941 
3 715 2290 2288 
3 1867 1866 934 
3 1867 1874 753 
3 2337 346 2336 
3 3612 3613 2063 
3 821 3398 1520 
3 821 1520 3402 
3 2064 2950 2966 
3 3145 694 2518 
3 3145 3196 694 
3 1875 1874 944 
3 1877 1874 1875 
3 2829 2819 3343 
3 1213 2717 2674 
3 853 3886 3887 
3 2739 2724 555 
3 2739 1384 2724 
3 2059 964 3617 
3 3205 1484 3206 
3 2277 3840 731 
3 2070 2069 2068 
3 1889 1891 935 
3 1889 935 1890 
3 350 778 116 
3 802 2336 136 
3 3564 4037 728 
3 2621 1196 2618 
3 1885 1886 1888 
3 1885 1888 930 
3 1888 1889 1890 
3 1613 2977 1329 
3 1510 4341 583 
3 1895 1893 1894 
3 1896 1899 940 
3 1895 1899 1896 
3 1040 4231 2468 
3 3137 3131 606 
3 3137 3132 3131 
3 614 3430 3429 
3 519 2850 860 
3 2715 2657 548 
3 1682 508 857 
3 1682 857 2850 
3 1895 757 1899 
3 1895 1894 757 
3 1260 426 3867 
3 3697 2803 1404 
3 3697 1404 2790 
3 864 4184 4185 
3 864 4185 1796 
3 1304 4179 3035 
3 3323 4282 715 
3 1976 2958 2953 
3 3621 1862 4103 
3 519 1683 1682 
3 519 1682 2850 
3 1836 2062 180 
3 1590 3169 3168 
3 1590 3164 3169 
3 986 3834 3833 
3 87 4306 4016 
3 4279 4306 87 
3 826 3456 3455 
3 825 3455 3456 
3 3677 2091 1555 
3 3677 1555 1538 
3 2405 4260 2404 
3 1026 4260 2405 
3 2102 48 2103 
3 2506 2103 48 
3 4160 496 1091 
3 4249 4250 652 
3 3464 539 3463 
3 2069 2071 1568 
3 2082 1571 2089 
3 2128 2122 178 
3 2128 178 3584 
3 912 2019 2020 
3 4150 3913 1175 
3 1174 3913 4150 
3 2387 2386 2392 
3 1024 2392 2386 
3 2079 2077 2078 
3 2079 2078 819 
3 3217 4225 596 
3 1276 3217 596 
3 581 3091 4069 
3 581 4069 2498 
3 743 4008 1234 
3 743 1234 1233 
3 3571 3575 635 
3 3690 2309 1087 
3 3497 1087 2309 
3 3453 451 3452 
3 4137 3271 763 
3 1231 4137 763 
3 3935 1326 1327 
3 2606 1749 3451 
3 2606 3451 1752 
3 3717 3718 465 
3 3566 3567 1914 
3 3566 1925 3567 
3 4149 1174 4150 
3 2148 2331 2333 
3 968 2945 2942 
3 2940 968 2942 
3 1838 180 1839 
3 2065 1838 1839 
3 1838 1837 180 
3 2892 2894 2893 
3 562 2892 2893 
3 1976 2952 2955 
3 1930 944 1931 
3 1930 1931 945 
3 1394 2813 2830 
3 2692 2693 394 
3 2692 394 2687 
3 949 1933 1938 
3 1938 1940 1939 
3 949 1938 1939 
3 920 1825 1986 
3 1824 1825 920 
3 1938 1933 752 
3 2211 2324 3933 
3 1934 1937 948 
3 1934 948 1933 
3 3893 538 3845 
3 22 1233 1235 
3 22 1235 3678 
3 1368 1428 3529 
3 4126 4125 1368 
3 4126 1368 3530 
3 1351 3528 3529 
3 701 2237 3147 
3 3486 478 3925 
3 3322 536 537 
3 17 3512 1739 
3 17 1739 3387 
3 1315 1333 2973 
3 1967 1960 766 
3 1435 1641 1821 
3 1850 1325 1945 
3 660 1430 4285 
3 1946 1438 1945 
3 1946 1945 1325 
3 1862 3251 4103 
3 931 4103 3251 
3 3283 670 2121 
3 1485 3209 1636 
3 3203 1485 1636 
3 518 3226 3227 
3 3231 518 3227 
3 3275 1438 1946 
3 1874 1970 944 
3 3981 116 335 
3 4045 335 116 
3 1970 934 1865 
3 1970 1865 944 
3 2267 842 2268 
3 1850 1945 1434 
3 1950 1957 1434 
3 1949 1950 1434 
3 3207 1484 3204 
3 3821 1525 3238 
3 1953 1955 1954 
3 1953 1954 1952 
3 2558 1112 2551 
3 4029 2551 1112 
3 336 1710 1713 
3 1953 1952 1438 
3 3705 293 1947 
3 1816 3705 1947 
3 2998 2999 1353 
3 2997 2993 2990 
3 2997 2990 2358 
3 1950 1949 1951 
3 1962 1961 1960 
3 3282 1815 1325 
3 2262 2105 571 
3 2552 2550 2551 
3 4029 2552 2551 
3 474 473 4044 
3 1967 1959 1960 
3 3275 1946 293 
3 1435 1821 1957 
3 1435 1957 1950 
3 1959 1435 1950 
3 1951 1959 1950 
3 1961 1437 1968 
3 1966 1968 1437 
3 1965 208 3320 
3 1956 4262 1458 
3 1093 4299 4062 
3 1094 4062 4299 
3 524 4169 40 
3 4332 2491 234 
3 4332 1659 2491 
3 774 3309 3310 
3 1966 3309 774 
3 1966 1437 1965 
3 1456 4124 1480 
3 4100 214 464 
3 786 464 214 
3 2945 968 2937 
3 1838 2065 914 
3 2875 2878 1983 
3 3134 696 3995 
3 3134 3121 696 
3 2818 2819 2820 
3 2534 2818 2820 
3 2800 1393 2009 
3 954 2800 2009 
3 2665 2666 549 
3 1980 2892 2887 
3 2866 3702 3701 
3 2866 3701 2865 
3 2901 2030 2530 
3 2960 1977 2958 
3 2961 2960 2958 
3 701 3147 3136 
3 3341 550 3342 
3 3128 3113 3112 
3 3128 3112 692 
3 2023 1817 2022 
3 4052 812 2577 
3 3137 2179 3132 
3 1828 920 1986 
3 920 1826 1824 
3 3373 4337 2365 
3 1828 1986 960 
3 1643 2716 1203 
3 1643 1203 2702 
3 2042 2043 960 
3 1825 1987 1986 
3 921 1825 1824 
3 2792 2793 2794 
3 2702 1203 2701 
3 1944 954 1988 
3 1993 1988 954 
3 2689 2690 2721 
3 1411 2690 2689 
3 2039 2827 3533 
3 2039 2929 2827 
3 957 1989 1988 
3 1993 957 1988 
3 2953 748 2951 
3 1976 2953 2951 
3 2949 2948 1974 
3 2804 2781 2801 
3 2042 960 1987 
3 2961 2962 710 
3 2830 2802 1396 
3 1168 4113 3964 
3 1168 1292 4113 
3 79 3875 3874 
3 970 4112 969 
3 400 4112 970 
3 2488 2489 2487 
3 3099 639 2832 
3 3535 2811 3534 
3 2767 1386 2785 
3 2767 2785 2765 
3 4041 2513 1262 
3 4041 1262 4040 
3 3602 1910 3601 
3 633 3602 3601 
3 1343 3740 3751 
3 3739 3740 1343 
3 2508 3335 3334 
3 1424 2846 1973 
3 116 334 346 
3 3984 4277 1034 
3 227 4277 3984 
3 473 484 3737 
3 3470 236 3538 
3 1961 1968 1610 
3 4339 1961 1610 
3 2015 2833 1389 
3 2015 1389 2811 
3 2378 4038 3510 
3 809 3510 4038 
3 3012 3027 1287 
3 964 2058 2057 
3 964 2059 2058 
3 2710 2712 1212 
3 2710 1212 2668 
3 3770 2942 2945 
3 2712 2667 1212 
3 3620 959 2063 
3 2811 2805 1391 
3 1389 2833 2780 
3 1975 2949 2950 
3 2954 1975 2950 
3 552 3445 2825 
3 3661 3662 1093 
3 3661 1093 619 
3 1471 3337 1615 
3 1471 3633 3337 
3 2888 1980 2887 
3 3961 1980 2888 
3 1890 935 2016 
3 2017 2016 935 
3 1892 1891 1893 
3 935 1891 1892 
3 935 1892 2017 
3 3518 476 3841 
3 3846 154 3847 
3 1890 2016 1883 
3 1806 4022 217 
3 2019 2021 2018 
3 2019 912 2021 
3 2072 1568 2071 
3 3645 3644 1635 
3 3642 3641 915 
3 1629 3641 3642 
3 594 2401 2430 
3 594 2430 4108 
3 912 3705 1816 
3 912 1816 2022 
3 2691 3967 2698 
3 636 4271 2139 
3 737 2904 2529 
3 2916 2913 721 
3 2410 2398 1029 
3 3723 3276 2728 
3 1618 903 4007 
3 4119 4120 1621 
3 4119 1621 4063 
3 2526 2529 2028 
3 3825 1218 2853 
3 3825 2853 2854 
3 2718 1649 2719 
3 2907 2906 2035 
3 693 3138 3148 
3 3140 3148 3138 
3 2516 2517 2521 
3 2516 2521 719 
3 2180 3134 3135 
3 2180 3122 3134 
3 2786 1388 2774 
3 2033 4266 2522 
3 2515 2522 4266 
3 1620 1621 910 
3 4120 910 1621 
3 2872 2871 563 
3 2875 2876 2878 
3 1569 3424 3425 
3 1569 1905 3424 
3 1786 1804 3336 
3 1786 3336 881 
3 4028 4339 1611 
3 4028 1611 4331 
3 2527 4139 4140 
3 2044 921 1822 
3 2530 2030 2914 
3 1207 2653 2682 
3 761 2044 1822 
3 761 1822 1814 
3 3558 1244 3564 
3 2666 1215 3852 
3 2848 3852 1215 
3 638 2813 2806 
3 2805 638 2806 
3 2508 3334 3333 
3 4288 244 2368 
3 2367 4288 2368 
3 2371 542 3929 
3 2371 3929 4297 
3 475 3304 3843 
3 2898 1979 3553 
3 1886 3251 1887 
3 2620 4018 1242 
3 3961 2888 2889 
3 1882 758 1884 
3 2335 1884 758 
3 2626 2628 2625 
3 3564 1244 4037 
3 3253 1794 1795 
3 120 1795 1794 
3 1587 3155 3154 
3 3157 3154 3155 
3 2961 2959 2002 
3 4188 2002 2959 
3 4037 3696 728 
3 1264 728 3696 
3 1566 2052 2053 
3 2052 1563 1904 
3 2053 2052 1904 
3 3230 1572 4070 
3 3090 4070 1572 
3 4078 4079 2227 
3 1981 2889 2963 
3 1614 3962 207 
3 1242 2538 2620 
3 3962 1616 1456 
3 1459 3962 1456 
3 3869 1575 1579 
3 909 1624 1622 
3 4018 425 4017 
3 843 2278 2427 
3 843 4042 2278 
3 1877 753 1874 
3 2060 753 1877 
3 2151 2150 704 
3 2151 704 2223 
3 2061 963 2058 
3 2057 2058 963 
3 2057 963 2056 
3 2056 963 2055 
3 2055 963 2060 
3 2061 2060 963 
3 2055 2060 1877 
3 179 3615 3614 
3 2056 801 2057 
3 2059 933 2058 
3 672 673 488 
3 753 1870 1868 
3 1928 2939 2941 
3 4176 224 981 
3 103 3626 2670 
3 1154 4221 1152 
3 1154 1152 641 
3 837 2269 2326 
3 837 2326 2274 
3 943 3604 1910 
3 1450 3050 3049 
3 2114 2113 629 
3 3997 3996 1108 
3 3191 1743 3192 
3 2072 2071 2073 
3 2073 2071 1567 
3 2076 2077 1921 
3 1559 1921 2077 
3 908 1922 2081 
3 3220 4065 1754 
3 2539 413 2543 
3 3409 65 3412 
3 2398 2410 1147 
3 4225 1147 2410 
3 2090 2086 822 
3 2252 2507 850 
3 2252 850 2289 
3 1642 2628 2626 
3 1151 597 1181 
3 1498 4228 4095 
3 3234 4228 1498 
3 1543 2078 2077 
3 2612 2611 1533 
3 2405 2406 1026 
3 2405 1032 2406 
3 2126 4036 2125 
3 126 4036 2126 
3 2075 2082 1543 
3 2075 1543 2074 
3 1543 2082 2078 
3 2502 2503 2504 
3 2502 2504 1570 
3 1149 1276 3301 
3 1149 3301 1222 
3 490 3940 4021 
3 1272 1273 2402 
3 1203 2700 2701 
3 2084 819 2083 
3 2083 1542 2085 
3 2902 3537 2026 
3 2263 670 2261 
3 624 2263 2261 
3 3301 1276 747 
3 3301 747 1223 
3 2558 2557 127 
3 1113 2097 2098 
3 2090 822 2092 
3 2091 2090 2092 
3 1226 3678 1194 
3 3532 1997 955 
3 1998 1997 3532 
3 3631 3632 1090 
3 3631 1090 3497 
3 3696 4037 1249 
3 2079 1560 2080 
3 819 2099 1560 
3 819 1560 2079 
3 2626 1199 2629 
3 2626 2625 1199 
3 2505 1570 2506 
3 1894 4013 757 
3 2294 2298 676 
3 2075 2505 1571 
3 2082 2075 1571 
3 2574 2572 813 
3 2574 813 2576 
3 2571 814 2570 
3 2572 2571 2570 
3 2137 2295 126 
3 675 2295 2137 
3 823 2585 2582 
3 2107 572 2108 
3 2294 675 2293 
3 2294 2293 2298 
3 2292 2293 675 
3 1599 1546 4077 
3 1599 1601 1546 
3 2102 2106 2104 
3 2102 2104 2088 
3 4232 3753 1657 
3 2301 2299 677 
3 3948 2301 677 
3 634 2108 2110 
3 634 2107 2108 
3 572 2107 2109 
3 2112 572 2109 
3 1931 1932 945 
3 2156 2157 2264 
3 1618 910 1623 
3 3922 1618 1623 
3 4026 1165 1476 
3 1163 4026 1476 
3 1873 4012 2059 
3 3730 1019 4291 
3 3730 4291 1020 
3 573 2116 2117 
3 3489 1143 3488 
3 3490 1143 3489 
3 699 2152 4005 
3 699 2153 2152 
3 2358 1178 4172 
3 2358 2990 1178 
3 2120 573 2117 
3 4272 891 4161 
3 2140 2142 2141 
3 3608 3600 1913 
3 633 3600 3608 
3 127 2557 2555 
3 127 2555 2556 
3 623 4011 2124 
3 4014 623 2124 
3 3585 3583 3582 
3 3584 3585 3582 
3 3325 1134 3324 
3 1019 4133 4291 
3 2088 2104 2262 
3 2125 624 2126 
3 1248 1249 425 
3 1807 425 1249 
3 1807 1249 4037 
3 1265 728 1264 
3 629 2128 2118 
3 629 2122 2128 
3 3578 1914 3577 
3 1923 3572 3573 
3 1923 3573 3574 
3 2973 1338 1316 
3 2973 1316 1399 
3 3430 3423 940 
3 2168 2169 680 
3 2170 2169 2168 
3 2097 2262 571 
3 2098 2097 571 
3 3853 3346 3348 
3 2539 2543 2544 
3 2539 2544 1109 
3 957 1993 1997 
3 2148 2333 2150 
3 2326 2269 2268 
3 2326 2268 2271 
3 2143 2144 703 
3 707 2144 2143 
3 1100 2986 2987 
3 1100 2987 44 
3 604 2171 2167 
3 2319 2318 683 
3 2321 2135 2320 
3 2307 2304 602 
3 2307 602 2299 
3 2521 2922 719 
3 2138 679 2132 
3 2138 2132 2131 
3 636 2138 2131 
3 4253 4346 524 
3 1046 975 501 
3 1046 501 3703 
3 1928 2935 2939 
3 1928 2934 2935 
3 2324 1258 1257 
3 2938 2946 943 
3 2938 3606 2946 
3 2274 2326 2271 
3 2973 1333 1338 
3 1292 1293 4113 
3 941 3432 3434 
3 3426 614 3427 
3 3426 3425 614 
3 3601 1910 3604 
3 3570 635 3569 
3 2331 2149 2333 
3 2488 545 4179 
3 2488 2493 545 
3 3436 1910 3437 
3 3436 3437 1907 
3 3590 1926 3588 
3 3527 505 3526 
3 2452 4270 1021 
3 2452 1021 2453 
3 3567 1925 3568 
3 2255 2176 2256 
3 703 2155 2156 
3 2986 787 2987 
3 2172 604 2199 
3 2191 2199 604 
3 2160 432 2159 
3 2158 698 2164 
3 2155 698 2158 
3 2156 2155 2158 
3 2154 2164 2153 
3 2209 725 2208 
3 3641 2065 1839 
3 3641 1839 915 
3 2175 606 3130 
3 3133 2175 3130 
3 2187 2188 687 
3 2187 687 2189 
3 2154 3102 2175 
3 690 2194 2196 
3 690 2197 2194 
3 2184 2185 2167 
3 604 2167 2185 
3 2166 2165 681 
3 2166 681 2167 
3 917 1835 1837 
3 2168 680 2165 
3 1390 2832 2976 
3 2831 2832 1390 
3 2166 2168 2165 
3 2015 2831 2833 
3 2172 683 2173 
3 1311 3727 1183 
3 2009 639 1994 
3 2009 2976 2832 
3 2009 2832 639 
3 954 2009 1994 
3 3610 1268 3891 
3 2313 618 2321 
3 2266 840 2330 
3 841 2266 2330 
3 3110 3109 2183 
3 1564 3801 4219 
3 3643 1564 4219 
3 3111 2182 3109 
3 1293 4312 3331 
3 700 2231 2232 
3 3112 2178 3115 
3 3112 3115 3111 
3 3487 3480 106 
3 2207 725 2210 
3 2208 725 2207 
3 696 3121 3119 
3 696 3119 3117 
3 2198 2160 2196 
3 2222 2152 2153 
3 686 2186 2185 
3 2187 2186 686 
3 686 2185 2184 
3 2195 2187 686 
3 2195 686 2194 
3 2222 2153 698 
3 2192 2188 711 
3 687 2188 2192 
3 6 3526 3525 
3 6 3525 3522 
3 505 3525 3526 
3 2203 711 2205 
3 2203 2205 727 
3 4303 1486 3208 
3 713 2215 2213 
3 2220 2215 713 
3 2165 2157 2198 
3 2194 686 2184 
3 3110 2204 3116 
3 2203 727 2204 
3 2194 2184 2196 
3 681 2184 2167 
3 2196 2184 681 
3 2198 2157 432 
3 2160 2198 432 
3 2320 2135 2173 
3 2320 2173 683 
3 2214 2215 688 
3 2213 2215 2214 
3 2202 711 2203 
3 2202 2203 26 
3 1660 2488 2487 
3 4200 933 1871 
3 4200 1871 1869 
3 2255 2256 727 
3 2255 727 2206 
3 3004 2251 3003 
3 726 3004 3003 
3 2258 730 2240 
3 2258 2240 777 
3 2883 2882 3537 
3 2212 725 2209 
3 178 2122 2325 
3 626 2325 2122 
3 2207 712 2202 
3 712 2200 2202 
3 2214 2200 712 
3 2214 2201 2200 
3 2207 2202 26 
3 2208 2207 26 
3 1842 914 2018 
3 1842 2018 3630 
3 2212 2211 725 
3 2210 725 2211 
3 2375 534 4105 
3 1099 3681 1005 
3 1099 3682 3681 
3 2863 738 3966 
3 2346 2190 2221 
3 431 2190 2346 
3 1670 403 3223 
3 712 2213 2214 
3 2210 2213 712 
3 2207 2210 712 
3 3911 2227 4079 
3 3863 1593 3419 
3 3420 3419 1593 
3 2240 730 2241 
3 2240 2241 729 
3 2222 698 2155 
3 685 2351 2248 
3 2350 2351 685 
3 1532 3194 2594 
3 2595 1532 2594 
3 1532 2595 2597 
3 2221 2192 2201 
3 2221 2201 833 
3 3930 2374 3931 
3 2346 2347 431 
3 415 1172 1188 
3 415 4148 1172 
3 608 2150 2152 
3 608 2152 2222 
3 608 2148 2150 
3 1925 3566 3580 
3 707 2146 2145 
3 2144 2145 2155 
3 2222 2155 2145 
3 707 2145 2144 
3 2177 3114 3113 
3 3128 2177 3113 
3 3568 3572 1923 
3 2901 562 2906 
3 2223 609 2228 
3 2178 3118 3103 
3 3115 2178 3103 
3 2223 2228 700 
3 3586 3579 1912 
3 943 3579 3586 
3 2228 2230 700 
3 2230 701 3136 
3 680 2264 2157 
3 1985 2874 2880 
3 1985 2957 2874 
3 2007 4230 801 
3 726 2212 2209 
3 726 2209 3004 
3 700 2151 2223 
3 2232 2151 700 
3 4320 1539 3407 
3 4219 3802 612 
3 3952 4219 612 
3 2229 2236 701 
3 702 2864 2970 
3 714 1257 1258 
3 3461 825 3472 
3 2933 1929 2932 
3 3567 1923 3577 
3 3567 3568 1923 
3 4230 2007 3619 
3 4230 3619 3618 
3 738 2884 3966 
3 724 2219 2238 
3 724 2217 2219 
3 3224 3226 518 
3 403 1663 3223 
3 1664 3223 1663 
3 3535 3534 1996 
3 3099 3535 1996 
3 2455 588 3303 
3 2485 234 2486 
3 1390 2976 2782 
3 777 2240 2239 
3 4292 2054 1904 
3 2053 1904 2054 
3 585 3261 3263 
3 2415 593 2391 
3 2278 3707 2416 
3 2278 80 3707 
3 2245 2247 430 
3 2243 430 2247 
3 2247 840 2243 
3 1660 2491 2492 
3 1660 2492 2493 
3 591 2451 2452 
3 591 2452 2453 
3 2319 2316 2318 
3 871 4048 2851 
3 411 2851 4048 
3 2419 1027 2383 
3 2419 2417 1027 
3 2421 2422 2420 
3 2421 2420 780 
3 2484 3357 1657 
3 3753 2484 1657 
3 4325 418 3913 
3 2243 840 2248 
3 1459 1456 4135 
3 1698 1709 1708 
3 1698 1708 2352 
3 3128 3129 2177 
3 3102 606 2175 
3 3103 3149 2034 
3 2249 2212 726 
3 2509 850 2507 
3 693 3004 3106 
3 2209 3106 3004 
3 2921 2038 2922 
3 427 2257 2258 
3 2258 2257 730 
3 3767 1193 3765 
3 3767 3765 414 
3 2490 2487 543 
3 2029 2884 2883 
3 2029 2883 3537 
3 1660 2487 2486 
3 2488 1660 2493 
3 2126 2261 2130 
3 126 2126 2130 
3 2097 2088 2262 
3 1187 2973 1399 
3 1315 2973 1187 
3 1751 273 3284 
3 1750 1751 3284 
3 1404 2781 4060 
3 3679 780 2382 
3 599 1698 2352 
3 838 2271 2272 
3 2001 3812 4338 
3 2000 4338 3812 
3 2266 2265 840 
3 2266 841 2267 
3 2279 843 2280 
3 2427 2416 1030 
3 2427 2278 2416 
3 237 3552 3544 
3 576 3544 3552 
3 577 576 3552 
3 684 844 3862 
3 2043 1433 3308 
3 2043 4287 1433 
3 3289 1558 3298 
3 3289 3298 1537 
3 2100 2099 2084 
3 2100 2084 2537 
3 1656 3307 4332 
3 3681 3680 1005 
3 1335 3708 656 
3 2283 837 2281 
3 2283 2284 837 
3 984 4233 1037 
3 2457 1141 2459 
3 2456 2457 2459 
3 2257 763 2246 
3 729 2241 3965 
3 729 3965 2238 
3 1168 3964 1297 
3 1097 2285 838 
3 1097 838 2429 
3 1184 3708 1335 
3 1089 3660 3664 
3 1089 3659 3660 
3 2172 2171 604 
3 1558 3289 3734 
3 63 2284 2283 
3 2249 2287 695 
3 2212 2249 695 
3 2287 2249 849 
3 2250 849 2249 
3 2252 849 2250 
3 2289 2288 849 
3 2252 2289 849 
3 2005 3614 3618 
3 3949 2766 2733 
3 4208 98 567 
3 2307 2300 2308 
3 4163 1023 125 
3 2137 2131 637 
3 2291 2137 637 
3 2732 3949 2733 
3 1114 2550 2552 
3 2296 2295 2294 
3 2296 2294 676 
3 2311 2300 2301 
3 2311 2301 618 
3 1134 3325 3326 
3 2615 4305 2617 
3 1523 4305 2615 
3 2299 2293 2292 
3 602 2298 2293 
3 602 2293 2299 
3 675 2291 2292 
3 499 3656 4208 
3 2170 2134 603 
3 498 98 4208 
3 399 98 498 
3 2298 602 2304 
3 2315 2136 2318 
3 187 4276 52 
3 2988 1081 1004 
3 1082 1081 2988 
3 1033 3890 1232 
3 2277 731 3890 
3 3978 1706 1755 
3 3978 516 1706 
3 1101 532 1071 
3 3998 532 1101 
3 2307 2299 2300 
3 3348 2377 533 
3 4061 533 2377 
3 2734 755 3949 
3 4289 622 2127 
3 4093 1610 4330 
3 4178 170 4085 
3 4178 4085 2381 
3 2324 2211 695 
3 2212 695 2211 
3 3683 3682 1100 
3 2316 2319 847 
3 846 847 2319 
3 2310 2311 1096 
3 2312 2310 1096 
3 616 2310 2312 
3 616 2308 2310 
3 2276 2275 841 
3 2276 841 2330 
3 2317 63 2283 
3 2317 2283 2282 
3 808 3509 3508 
3 4276 204 52 
3 190 177 4276 
3 79 3882 3877 
3 2318 2320 683 
3 1005 1098 1099 
3 2315 2318 2316 
3 2314 2317 2282 
3 2314 2282 2322 
3 2136 2314 2313 
3 2314 2322 1096 
3 2313 2314 1096 
3 2322 2312 1096 
3 2322 2327 1095 
3 2282 2327 2322 
3 2327 2282 2281 
3 2283 2281 2282 
3 3158 1589 3183 
3 3541 2999 1481 
3 704 2328 2224 
3 704 2224 2223 
3 784 3829 783 
3 43 802 3829 
3 2332 2323 97 
3 2332 97 2329 
3 2232 4005 2151 
3 2149 2332 2329 
3 704 2333 2328 
3 2333 2149 2328 
3 930 1883 1881 
3 1881 1883 1843 
3 4189 814 2571 
3 1603 814 4189 
3 2896 2895 4051 
3 2896 4051 722 
3 2989 722 4051 
3 2989 4051 2891 
3 2334 1840 2062 
3 2334 2062 929 
3 2046 2048 916 
3 2046 916 3960 
3 2047 2046 2045 
3 1881 1843 2334 
3 1881 2334 929 
3 1843 1883 3959 
3 1843 3959 3960 
3 350 2338 2339 
3 137 2340 2339 
3 2339 2341 339 
3 2339 2340 2341 
3 3886 872 854 
3 870 854 872 
3 137 2342 2340 
3 808 3647 3648 
3 2069 2070 627 
3 3972 627 2070 
3 2364 2363 876 
3 2362 876 2363 
3 1021 4270 2455 
3 2454 1021 2455 
3 2453 1021 2454 
3 833 2346 2221 
3 2345 2347 2346 
3 2345 2346 833 
3 4148 415 2852 
3 688 2218 2348 
3 2218 2344 2348 
3 2348 2344 2345 
3 2348 2345 833 
3 2022 1816 4107 
3 1574 3745 794 
3 1574 1565 3745 
3 340 4323 3807 
3 2246 730 2257 
3 2354 1415 1316 
3 2354 1316 1338 
3 2732 2734 3949 
3 1317 1415 2354 
3 2354 1339 1317 
3 2354 1338 1339 
3 627 3972 2503 
3 627 2503 2502 
3 81 2306 3888 
3 2109 4154 2111 
3 626 2109 2111 
3 4106 542 4130 
3 2373 4106 4130 
3 4252 3462 539 
3 3375 579 3380 
3 2366 3377 3378 
3 3373 3378 578 
3 3372 3373 578 
3 3377 2367 3376 
3 808 3507 3505 
3 349 3505 3507 
3 3506 888 3105 
3 3506 3504 888 
3 3504 3506 3505 
3 3030 545 1661 
3 3510 3508 3509 
3 3510 3509 144 
3 2380 3931 2374 
3 3740 926 4101 
3 3854 1578 768 
3 615 4141 3690 
3 643 4071 4072 
3 4039 127 2556 
3 4039 2556 814 
3 1947 4107 1816 
3 3511 945 1943 
3 3349 3350 483 
3 3354 483 3350 
3 3940 3488 1143 
3 4085 4083 1124 
3 3846 486 154 
3 1762 4022 1806 
3 2425 2424 2423 
3 2425 2423 781 
3 2394 2396 1017 
3 817 1573 4320 
3 2420 1031 2419 
3 2418 1030 2417 
3 2467 2466 2465 
3 592 2386 2387 
3 1481 3272 2750 
3 2749 1481 2750 
3 2395 2393 2392 
3 3351 465 4343 
3 125 1057 2477 
3 4091 692 3116 
3 4091 3116 2256 
3 1050 3218 3150 
3 1028 2400 2402 
3 2401 2402 2400 
3 2221 2190 687 
3 2389 2390 1024 
3 2389 1024 2386 
3 2100 1540 3293 
3 2100 3293 1544 
3 1871 1872 937 
3 2404 2390 593 
3 3160 3159 1637 
3 3175 1637 3159 
3 2395 147 2393 
3 4275 3556 1267 
3 431 2347 4269 
3 1922 1919 1921 
3 1481 2999 2998 
3 3272 1481 2998 
3 2193 431 4269 
3 2190 431 2193 
3 237 3736 575 
3 4343 3736 237 
3 2400 1028 2403 
3 2400 2403 2399 
3 3891 4275 1267 
3 2409 2410 1029 
3 2416 1032 2415 
3 2412 588 1050 
3 2412 1017 2397 
3 4316 2431 4317 
3 1549 4109 1548 
3 1556 4109 1549 
3 4225 3217 1148 
3 3150 3218 1015 
3 2393 3150 1015 
3 4164 4307 1648 
3 3654 577 50 
3 4058 3654 50 
3 4193 1138 1106 
3 4193 1106 3685 
3 4193 3685 44 
3 44 2987 4193 
3 2285 2274 838 
3 1742 668 1745 
3 3717 466 3718 
3 3692 1053 3551 
3 2417 2419 2418 
3 668 1746 1745 
3 3713 1745 1746 
3 592 2384 2385 
3 2384 2383 2385 
3 1027 2385 2383 
3 561 2422 2423 
3 1031 2418 2419 
3 2391 1027 2417 
3 2391 2389 1027 
3 2390 2389 2391 
3 593 2390 2391 
3 2415 2391 2417 
3 2384 2382 2383 
3 2415 2417 1030 
3 2415 1030 2416 
3 2272 2424 2428 
3 838 2272 2428 
3 2982 1323 4114 
3 1086 3687 3686 
3 1863 936 4235 
3 1863 4235 1865 
3 1863 1865 934 
3 4310 2285 1097 
3 2428 2424 2273 
3 1541 2537 2084 
3 2084 2099 819 
3 2437 2388 1014 
3 3293 1540 3292 
3 2477 2450 1013 
3 798 2448 2442 
3 1020 2464 1008 
3 1307 3036 3037 
3 1307 3037 3039 
3 613 4292 2047 
3 2045 613 2047 
3 1462 3038 4 
3 1462 4 3032 
3 2436 2426 2434 
3 2436 2434 2435 
3 781 2434 2425 
3 1005 3680 1082 
3 2733 1346 3219 
3 1375 2733 3219 
3 2101 2088 2096 
3 2096 2088 2097 
3 3299 2096 2097 
3 2465 2466 1139 
3 2101 2096 2087 
3 905 3298 1558 
3 2456 2459 587 
3 2449 2414 2447 
3 2446 2447 2414 
3 3819 2445 1044 
3 1810 1039 2479 
3 2480 2479 1039 
3 2451 1045 2452 
3 2446 1042 2447 
3 2414 2449 2431 
3 3696 1249 732 
3 3696 732 1275 
3 589 2444 2440 
3 2848 2675 2535 
3 3820 2848 2535 
3 4003 4002 1550 
3 1631 4002 4003 
3 1631 4003 906 
3 4003 1550 1633 
3 4003 1633 906 
3 2684 1409 2695 
3 1505 1504 4073 
3 583 1504 1505 
3 1523 2607 4305 
3 1753 4305 2607 
3 2449 2448 798 
3 3328 1565 4243 
3 2388 1045 1014 
3 2451 1014 1045 
3 3439 3438 1576 
3 4134 3439 1576 
3 1014 2451 2450 
3 3266 998 3257 
3 999 3266 3257 
3 2047 1904 1563 
3 4292 1904 2047 
3 2139 4271 3283 
3 2139 3283 607 
3 4271 670 3283 
3 2492 2491 1659 
3 3686 4110 1085 
3 3304 474 536 
3 2731 3837 2732 
3 3086 1175 4328 
3 3093 3092 2458 
3 3093 2458 1022 
3 3379 4288 2367 
3 3093 2414 3092 
3 3094 2414 3093 
3 1097 4062 4310 
3 1097 619 4062 
3 1303 3023 3036 
3 1018 2412 2397 
3 2454 2464 1020 
3 2464 587 2463 
3 3416 1527 3417 
3 1528 3416 3417 
3 42 2479 1049 
3 2478 2479 42 
3 2465 1140 2467 
3 1018 3094 2413 
3 1018 2413 2412 
3 2394 2393 147 
3 2394 147 4274 
3 2463 1139 2469 
3 2464 2463 2469 
3 892 4134 1577 
3 1578 892 1577 
3 3551 1035 497 
3 1092 497 1035 
3 475 474 3304 
3 3061 3062 3060 
3 1016 2477 1057 
3 1016 1057 2382 
3 2475 2474 2476 
3 1016 2382 2384 
3 1016 2384 2438 
3 1016 2438 2477 
3 3258 2472 1000 
3 3372 898 3370 
3 3682 4234 1100 
3 1099 4234 3682 
3 956 2965 4338 
3 3273 657 4248 
3 3273 3272 657 
3 1362 3651 2044 
3 3650 3649 806 
3 3647 806 3649 
3 2342 3650 806 
3 137 805 3650 
3 2342 137 3650 
3 3929 3930 2482 
3 3754 1474 1468 
3 3754 1468 1469 
3 3358 1774 1773 
3 494 3358 1773 
3 3803 1561 3805 
3 1502 515 2984 
3 1502 4024 515 
3 3803 3805 1630 
3 3803 1630 3802 
3 1685 3185 4333 
3 2613 4333 3185 
3 3841 3847 475 
3 2492 1661 2493 
3 1598 905 1549 
3 960 2043 3308 
3 3308 760 1828 
3 960 3308 1828 
3 901 1518 1516 
3 2071 2500 1567 
3 1241 1197 1243 
3 1241 2619 1197 
3 1411 3967 2690 
3 3298 3291 1537 
3 1833 918 1830 
3 3089 307 3090 
3 2529 2526 4139 
3 17 3387 3388 
3 2515 2514 428 
3 2512 719 2923 
3 2410 596 4225 
3 3143 3144 2519 
3 2945 2937 4334 
3 942 2945 4334 
3 2710 2711 2712 
3 1858 558 3621 
3 2712 2670 2667 
3 2883 709 2882 
3 1261 2513 4041 
3 2509 2513 850 
3 718 2513 2509 
3 1076 1002 4196 
3 1001 4196 3724 
3 1002 3724 4196 
3 3336 1774 881 
3 41 1774 3336 
3 2032 2912 2913 
3 851 852 4327 
3 2231 3137 606 
3 429 2528 3123 
3 429 2860 2528 
3 2908 2907 2910 
3 3146 429 3123 
3 1898 940 3423 
3 1905 1898 3423 
3 781 2423 2421 
3 781 2421 4032 
3 209 2443 2445 
3 209 3007 2443 
3 2911 721 2913 
3 2911 2913 2912 
3 2908 2031 2909 
3 2908 2910 2031 
3 2064 2954 2950 
3 3122 3123 2181 
3 2953 2881 748 
3 2953 1977 2881 
3 2916 2917 2036 
3 2966 2944 735 
3 3136 3147 2180 
3 3136 2180 3135 
3 4151 4149 644 
3 3142 2253 3141 
3 644 4149 4150 
3 103 2670 2712 
3 2914 2909 2028 
3 2914 2908 2909 
3 2925 2927 2929 
3 2925 2929 2039 
3 3624 3623 2512 
3 2922 2038 2923 
3 2512 2923 2924 
3 851 341 855 
3 851 4327 341 
3 2931 2919 2899 
3 2931 2899 2040 
3 603 2134 2133 
3 3233 2984 515 
3 2874 563 2880 
3 2874 2872 563 
3 553 2707 2706 
3 796 2697 2727 
3 1793 1791 120 
3 2486 2490 2485 
3 798 2442 3014 
3 2780 1388 2786 
3 2780 2779 1388 
3 2625 2628 1198 
3 2625 1198 2624 
3 3395 3396 1522 
3 1626 907 3295 
3 3297 3295 907 
3 1630 907 1626 
3 3631 81 3632 
3 2620 1241 4018 
3 2620 2619 1241 
3 3015 798 3014 
3 1198 2628 2637 
3 2624 2622 2621 
3 1196 2621 2622 
3 2569 2303 1118 
3 2569 1118 1108 
3 2540 2539 1109 
3 1640 413 2539 
3 1640 2539 2540 
3 1108 1640 2540 
3 2568 2569 1108 
3 800 2563 1129 
3 1132 2297 2542 
3 2296 676 2297 
3 2302 2542 2297 
3 2302 2297 676 
3 175 2303 2569 
3 175 2569 2568 
3 665 4063 2020 
3 2705 4290 419 
3 4244 2526 2520 
3 3126 4244 2520 
3 2558 1111 2557 
3 2573 222 2572 
3 2705 1646 4290 
3 3083 3082 1165 
3 1114 2549 2548 
3 2549 1133 2553 
3 2553 570 2548 
3 2547 2548 570 
3 1114 2548 2550 
3 2555 2557 2554 
3 2555 1115 2556 
3 2327 2281 617 
3 1473 3079 1166 
3 648 3722 3721 
3 4027 3721 3722 
3 4146 1545 4145 
3 4146 816 1545 
3 570 2553 2545 
3 2546 570 2545 
3 2553 1132 2545 
3 2547 570 2546 
3 3662 1090 3632 
3 3662 3632 1093 
3 175 2302 2303 
3 2551 2550 1111 
3 2551 1111 2558 
3 2547 2554 1111 
3 2557 1111 2554 
3 2547 1111 2550 
3 2571 2572 222 
3 2544 2545 1109 
3 1110 2543 2560 
3 1110 2544 2543 
3 2556 1115 2566 
3 175 2568 2541 
3 1116 2563 2562 
3 1116 2562 2561 
3 824 2592 2584 
3 2579 824 2584 
3 2580 824 2579 
3 943 1910 3436 
3 2566 1115 2561 
3 1107 1117 1640 
3 1117 2564 413 
3 1117 413 1640 
3 413 2564 2561 
3 413 2561 2560 
3 413 2560 2543 
3 1803 3253 793 
3 2241 430 2242 
3 3965 4147 831 
3 2242 430 2243 
3 4147 2242 2243 
3 2580 2579 2581 
3 816 2591 2590 
3 2592 2590 2591 
3 659 4094 1366 
3 4094 1364 1366 
3 1125 4086 1131 
3 4086 4082 502 
3 4086 502 1131 
3 2581 2579 823 
3 2581 823 2582 
3 1473 3443 1167 
3 2578 222 2573 
3 823 2578 2573 
3 4088 1651 791 
3 4088 791 1655 
3 2585 823 2573 
3 811 2585 2573 
3 1262 3610 4040 
3 1262 3626 3610 
3 2578 2584 222 
3 2600 645 2601 
3 2593 1553 2580 
3 65 2598 3412 
3 2575 3494 811 
3 4243 1565 1490 
3 2606 2601 1749 
3 2583 3993 3994 
3 106 3474 3475 
3 3480 3474 106 
3 1048 531 3500 
3 1601 815 1602 
3 1601 1602 2592 
3 1086 3686 3684 
3 4155 4154 2109 
3 831 2349 2343 
3 4349 4043 1446 
3 3300 2095 3299 
3 2598 2597 1531 
3 3797 3796 3200 
3 338 4046 4045 
3 338 827 4046 
3 4053 2992 656 
3 3643 3642 915 
3 1609 1968 1966 
3 1065 532 3998 
3 1684 3187 666 
3 3294 1631 3295 
3 3294 3295 3297 
3 454 2595 2600 
3 3540 4078 2496 
3 3540 734 4078 
3 3401 3402 1520 
3 2606 454 2600 
3 2606 2600 2601 
3 645 2602 2601 
3 2602 2605 2603 
3 2602 2603 221 
3 4279 1607 4306 
3 1540 2100 2537 
3 3395 1521 3397 
3 2608 1523 2609 
3 2076 1543 2077 
3 3156 3167 1589 
3 667 3185 3186 
3 2607 1523 2608 
3 3416 3404 1527 
3 3416 820 3404 
3 2610 1533 2611 
3 1685 3186 3185 
3 2220 1257 1256 
3 3166 1593 1588 
3 3152 3166 1588 
3 1589 3157 3155 
3 3433 2945 942 
3 3677 1538 3296 
3 3192 1742 3188 
3 818 2091 3677 
3 818 3677 3296 
3 2615 2616 1744 
3 2617 2616 2615 
3 422 2631 2632 
3 3758 1278 2618 
3 1196 3758 2618 
3 414 1278 3758 
3 421 2621 2619 
3 2624 2621 421 
3 3979 1189 4238 
3 3979 1191 1189 
3 2622 2624 1198 
3 2622 1198 2623 
3 2622 2623 1196 
3 3934 647 3609 
3 2016 2017 1844 
3 4253 302 4346 
3 302 4201 4346 
3 536 272 4293 
3 2630 1199 2538 
3 2627 2538 1199 
3 2629 1199 2630 
3 1204 2644 2643 
3 2398 589 3672 
3 2645 1205 2644 
3 1247 3554 3555 
3 2635 2634 1200 
3 1245 3558 3563 
3 1245 3557 3558 
3 1603 3731 4039 
3 1603 4039 814 
3 2224 2328 3828 
3 2224 3828 4218 
3 2227 3910 3571 
3 2637 2623 1198 
3 2623 2637 46 
3 2623 46 1195 
3 4151 1172 4149 
3 4148 4149 1172 
3 2690 3921 2748 
3 2639 2638 2640 
3 1218 2639 2640 
3 1288 3026 3027 
3 2217 2216 723 
3 2217 723 3640 
3 3989 3990 2641 
3 1192 2641 3990 
3 46 2641 1195 
3 2848 1215 2675 
3 1205 2645 2646 
3 3770 2945 3433 
3 2642 548 2657 
3 271 3968 141 
3 2647 2646 1206 
3 2723 1385 2724 
3 2966 1974 2944 
3 2704 2703 1216 
3 2705 2703 2704 
3 2651 2692 2687 
3 3345 2692 2651 
3 2769 2786 2774 
3 2769 2774 2768 
3 2379 2380 534 
3 2379 1041 2380 
3 2648 2650 1206 
3 2648 423 2649 
3 2648 2649 2650 
3 3234 3233 515 
3 1496 3234 515 
3 2549 3078 622 
3 2549 1114 3078 
3 4157 4158 1266 
3 3843 3304 235 
3 1260 4157 1266 
3 1202 2632 2631 
3 2659 2658 1211 
3 2665 549 2664 
3 2036 2917 2921 
3 2656 1204 2657 
3 3633 1470 420 
3 1469 420 1470 
3 2664 549 2659 
3 2664 2659 1211 
3 2849 1898 939 
3 2849 939 2054 
3 3850 1221 1190 
3 1219 1190 1221 
3 2878 709 3824 
3 2710 1220 2711 
3 2710 2668 1220 
3 3770 3611 2942 
3 1208 2669 2656 
3 1212 2667 2665 
3 170 4083 4085 
3 552 2822 2821 
3 423 2676 2649 
3 1395 2826 2828 
3 235 3322 537 
3 2929 433 2827 
3 2823 2824 1395 
3 2823 2822 2824 
3 1407 3306 2707 
3 2829 3343 2671 
3 3339 2671 3343 
3 2206 2205 4199 
3 2206 727 2205 
3 3533 2533 2525 
3 4119 665 1635 
3 3645 1635 665 
3 2797 1407 2707 
3 2797 2796 1407 
3 1387 2791 2788 
3 2769 1387 2788 
3 2652 2708 2692 
3 2758 2759 1379 
3 3850 0 1221 
3 2674 551 2675 
3 1613 4331 1611 
3 720 2714 3555 
3 720 3555 3556 
3 2231 2230 3823 
3 527 969 3777 
3 527 3777 3776 
3 4250 506 3879 
3 4249 506 4250 
3 2721 2690 1412 
3 2673 2674 1215 
3 2675 1215 2674 
3 2674 2673 1213 
3 1213 2673 2667 
3 2670 1213 2667 
3 1211 2713 2668 
3 2664 1211 2668 
3 845 689 2193 
3 953 1790 1793 
3 3392 2810 45 
3 1410 2677 2683 
3 1410 2683 2684 
3 3086 4328 1176 
3 1292 1176 4328 
3 2722 2723 1384 
3 2722 1384 2746 
3 2862 737 3798 
3 2862 3798 2527 
3 394 2689 2688 
3 2687 394 2688 
3 2753 755 2734 
3 2822 1394 2830 
3 3647 3649 3648 
3 2694 2689 394 
3 1217 2637 2628 
3 4237 1217 2628 
3 2699 2646 2647 
3 2695 2696 2698 
3 2695 2698 1411 
3 2652 2654 1410 
3 2652 1410 2708 
3 796 2727 2723 
3 3001 3000 1320 
3 3001 2992 3000 
3 2740 795 2747 
3 2740 2746 1384 
3 2740 2747 2746 
3 2688 2689 2721 
3 2720 2688 2721 
3 2359 3711 1299 
3 1216 2699 2647 
3 2250 2249 726 
3 3003 2250 726 
3 2700 1216 2701 
3 1648 2705 2704 
3 1177 1648 2704 
3 2702 2701 2703 
3 2702 2703 419 
3 2647 2704 1216 
3 1177 2704 2647 
3 2993 2995 1352 
3 2693 1410 2684 
3 2708 1410 2693 
3 2708 2693 2692 
3 3338 3077 3341 
3 1398 2533 3533 
3 2827 1398 3533 
3 858 341 4327 
3 718 1262 2513 
3 718 3627 1262 
3 1300 3796 4308 
3 2686 2687 1649 
3 2718 2686 1649 
3 2606 3198 454 
3 2986 169 1130 
3 103 2712 2711 
3 2124 4011 572 
3 2668 2713 1220 
3 764 3872 2565 
3 764 2565 1117 
3 934 1866 1861 
3 2523 2524 2717 
3 2670 1263 2709 
3 2519 3144 3127 
3 3196 2519 3127 
3 1220 2713 2714 
3 2657 2715 2658 
3 1211 2658 2715 
3 2565 1116 2564 
3 1117 2565 2564 
3 1177 2718 1648 
3 1649 2720 2355 
3 1649 2355 2719 
3 2688 2720 1649 
3 2687 2688 1649 
3 2356 3200 4165 
3 2698 796 2722 
3 2698 2722 2691 
3 4054 4055 1489 
3 796 2723 2722 
3 1103 525 652 
3 2729 2725 2731 
3 2729 2731 1375 
3 3838 2661 1209 
3 3496 1209 2661 
3 2666 3838 549 
3 2740 1384 2739 
3 1383 2740 2739 
3 3347 3346 3853 
3 2691 2746 2747 
3 3340 2816 2672 
3 65 2599 2598 
3 65 3957 2599 
3 2738 1400 1367 
3 2736 2773 2735 
3 1381 2736 2735 
3 549 3838 2660 
3 2659 549 2660 
3 1381 2735 2734 
3 3950 2035 2893 
3 1377 2757 2761 
3 3815 1371 3816 
3 3817 1371 3815 
3 2735 2773 1380 
3 3277 3278 3280 
3 2729 1375 2730 
3 2729 2730 2737 
3 2740 1383 2741 
3 2740 2741 795 
3 1391 2810 3534 
3 4127 3905 1161 
3 2752 2714 548 
3 2743 2739 555 
3 2743 1383 2739 
3 2534 3445 2818 
3 2722 2746 2691 
3 2749 2690 2748 
3 3274 765 1958 
3 3772 145 1229 
3 2742 2994 1353 
3 2999 2742 1353 
3 2994 658 2995 
3 2735 2753 2734 
3 2735 1380 2753 
3 2761 2757 751 
3 2761 751 1937 
3 2980 1330 1186 
3 2758 2757 1378 
3 2758 1378 2759 
3 2760 2759 1378 
3 2760 1378 2754 
3 2755 2764 1376 
3 2769 2768 1387 
3 2378 144 2376 
3 2754 2756 2755 
3 755 2754 2755 
3 1377 2756 2757 
3 1934 1935 2762 
3 1934 2762 1937 
3 242 2763 1935 
3 1378 2757 2756 
3 4248 657 2357 
3 3942 1303 3031 
3 2753 1380 2760 
3 3392 45 2012 
3 30 4055 4054 
3 4263 4055 30 
3 2758 751 2757 
3 2758 2837 751 
3 751 2837 2835 
3 2835 2837 1638 
3 2762 1935 2763 
3 1377 2763 2764 
3 2762 2763 1377 
3 2776 2785 1386 
3 2984 3232 1500 
3 2984 3233 3232 
3 2780 2781 1389 
3 2772 1382 2771 
3 2774 1386 2768 
3 2784 1393 2799 
3 2784 2782 1393 
3 2770 2772 2771 
3 2770 2771 1387 
3 2792 2771 829 
3 2791 2771 2792 
3 2792 829 2793 
3 1639 2836 2835 
3 2787 1380 2773 
3 2772 2787 2773 
3 750 2777 2776 
3 2836 948 1937 
3 2775 2776 1386 
3 750 2776 2775 
3 2772 2770 554 
3 2787 2772 554 
3 2778 2775 1388 
3 750 2775 2778 
3 2950 2949 1974 
3 2966 2950 1974 
3 1388 2779 2778 
3 2780 2833 2779 
3 639 3097 3096 
3 639 3096 1994 
3 954 1944 2800 
3 2958 1976 2959 
3 2961 2958 2959 
3 1638 2838 2777 
3 2837 2838 1638 
3 2801 1404 2803 
3 2781 1404 2801 
3 2812 2809 1392 
3 2812 1392 2814 
3 886 1806 3698 
3 886 1762 1806 
3 2534 3808 3809 
3 2791 1387 2771 
3 2796 2795 1407 
3 2797 2679 2796 
3 553 2797 2707 
3 553 2679 2797 
3 3280 1382 2773 
3 2793 829 2798 
3 1944 1943 946 
3 946 2783 2799 
3 2800 2799 1393 
3 985 224 4176 
3 986 224 985 
3 3929 542 3930 
3 2801 2803 2802 
3 2649 1207 2650 
3 2807 2805 2806 
3 1392 2807 2806 
3 2805 2804 638 
3 1250 1271 3536 
3 1250 741 1271 
3 1392 2808 2807 
3 1389 2781 2804 
3 1389 2804 2811 
3 2902 2029 3537 
3 2903 2029 2902 
3 3096 1995 3100 
3 699 3102 2154 
3 699 2154 2153 
3 699 2232 3102 
3 2822 2830 2821 
3 2824 2826 1395 
3 2814 2806 2813 
3 1392 2806 2814 
3 3853 483 3355 
3 2821 1396 2816 
3 2824 552 2825 
3 2824 2825 2826 
3 2534 2825 3445 
3 2534 3809 2825 
3 2838 1379 2776 
3 2777 2838 2776 
3 2817 2821 2816 
3 1396 2802 2803 
3 1394 2814 2813 
3 2685 2651 2686 
3 3344 2651 2685 
3 3394 3395 1522 
3 2815 1396 2803 
3 552 2821 2817 
3 1390 2779 2831 
3 2778 2779 1390 
3 4028 4331 1612 
3 3102 2232 606 
3 2824 2822 552 
3 3810 3809 3808 
3 2826 1398 2827 
3 2826 2827 2828 
3 2985 3769 1990 
3 2511 3623 3624 
3 2511 3624 1214 
3 536 3968 272 
3 2829 1210 2819 
3 2696 796 2698 
3 536 141 3968 
3 2695 1411 2694 
3 2694 1411 2689 
3 2684 2695 2694 
3 1409 2696 2695 
3 2110 2108 622 
3 2110 622 3078 
3 1114 2552 3078 
3 1207 2654 2652 
3 1207 2682 2654 
3 3078 2552 2105 
3 3078 2105 2110 
3 3181 4069 2499 
3 2499 4069 3091 
3 2865 3824 2884 
3 946 2834 2783 
3 2834 1639 2835 
3 2758 1379 2838 
3 2837 2758 2838 
3 2836 1937 751 
3 2836 751 2835 
3 1942 948 2836 
3 1639 1942 2836 
3 1638 2777 2783 
3 2764 2763 2839 
3 242 2839 2763 
3 2841 2842 1376 
3 2845 1345 2844 
3 2845 2844 1373 
3 2840 1372 2841 
3 2840 2844 1372 
3 1376 2764 2839 
3 242 2840 2839 
3 2733 2842 1346 
3 2843 2840 242 
3 1936 2843 242 
3 1936 242 1935 
3 537 3893 3845 
3 3893 3285 3286 
3 537 3285 3893 
3 224 4097 981 
3 2846 1423 2845 
3 2846 2845 1373 
3 2840 2843 2844 
3 1373 2844 2843 
3 4094 659 4216 
3 1365 4094 4216 
3 1998 4111 957 
3 1998 957 1997 
3 2849 1897 1896 
3 2849 1896 1898 
3 939 1898 1905 
3 1089 3663 3662 
3 1089 3664 3663 
3 4111 1990 3755 
3 4111 2985 1990 
3 1505 4073 4136 
3 2659 1208 2658 
3 3348 483 3853 
3 3809 2533 1398 
3 1181 1156 3826 
3 3921 2691 2747 
3 3921 2747 2748 
3 2853 2640 1180 
3 1647 2853 1180 
3 1763 2855 1764 
3 886 1764 2855 
3 800 2856 2567 
3 2570 814 2567 
3 2856 2570 2567 
3 2856 813 2570 
3 2572 2570 813 
3 2971 733 2969 
3 2971 2969 2970 
3 2858 736 2859 
3 2857 736 2858 
3 739 2863 2862 
3 1238 427 1271 
3 1023 1055 125 
3 3536 427 3799 
3 3536 1271 427 
3 3669 2859 3670 
3 2860 739 2861 
3 2860 2861 2528 
3 2915 721 2911 
3 2915 2911 2910 
3 737 2862 2863 
3 1985 2956 2957 
3 1777 4132 3945 
3 3944 1777 3945 
3 2911 2912 2031 
3 2910 2035 2915 
3 3949 755 2766 
3 702 2867 2866 
3 702 2866 2864 
3 702 2970 2969 
3 2968 702 2969 
3 3865 733 2233 
3 2143 2972 707 
3 607 2972 2143 
3 3865 3864 733 
3 1743 3675 3676 
3 4230 3618 2008 
3 4230 2008 3195 
3 1978 2881 2877 
3 1977 2877 2881 
3 2940 2941 2939 
3 4282 4281 715 
3 1260 4281 4282 
3 1984 2868 2869 
3 2867 2868 1984 
3 2875 1983 2872 
3 4080 779 1056 
3 2952 2951 1975 
3 2949 1975 2951 
3 2870 1984 2869 
3 2870 2871 1984 
3 1978 2876 2875 
3 3702 2873 1983 
3 2108 2127 622 
3 2108 4011 2127 
3 2859 2970 2864 
3 2866 2867 3702 
3 1983 2873 2872 
3 2867 1984 2873 
3 2871 2873 1984 
3 2408 1032 3707 
3 2408 3707 4192 
3 4192 80 2277 
3 4192 3707 80 
3 3424 1905 3423 
3 3430 3424 3423 
3 2875 2874 1978 
3 2872 2874 2875 
3 2876 709 2878 
3 2906 2907 2030 
3 2877 2876 1978 
3 3840 2245 3706 
3 4080 3679 1057 
3 2933 2932 2260 
3 2933 2260 734 
3 88 986 3625 
3 88 3625 997 
3 3783 3895 641 
3 2877 2879 2876 
3 2887 1979 2898 
3 2887 2898 2888 
3 3962 1459 207 
3 4198 1088 4110 
3 1412 2749 2750 
3 3927 1412 2750 
3 735 2944 2943 
3 735 2943 2941 
3 2897 2896 2919 
3 1569 1917 1905 
3 2885 2882 2879 
3 1979 2885 2879 
3 2906 2893 2035 
3 2906 562 2893 
3 2885 1979 2887 
3 1985 2948 2956 
3 2885 2886 2026 
3 2887 2886 2885 
3 2964 2013 2963 
3 2964 2012 2013 
3 3099 2832 2015 
3 3099 2015 3535 
3 903 1507 4006 
3 903 4006 4007 
3 2901 2906 2030 
3 2002 2962 2961 
3 1980 2894 2892 
3 2811 1391 3534 
3 4053 2991 2992 
3 2894 1982 2893 
3 2894 2895 1982 
3 38 3901 2481 
3 2890 2895 2894 
3 2890 2891 2895 
3 4177 170 4178 
3 2896 722 2899 
3 1930 1875 944 
3 1129 2563 4177 
3 1129 4177 4178 
3 2954 2006 1975 
3 2039 2525 2928 
3 2926 2039 2928 
3 846 2199 4286 
3 3143 2034 3144 
3 2027 2902 2900 
3 562 2900 2886 
3 3538 3518 477 
3 236 3518 3538 
3 2027 2530 2904 
3 2027 2901 2530 
3 2904 2530 2529 
3 3766 1278 414 
3 3951 3077 2678 
3 2897 2919 2918 
3 3799 2258 777 
3 737 2863 2905 
3 737 2905 2903 
3 721 2915 2897 
3 721 2897 2918 
3 2919 2896 2899 
3 2531 2526 2028 
3 2909 2531 2028 
3 3330 3329 1294 
3 3200 1294 3329 
3 2030 2907 2908 
3 2914 2030 2908 
3 2682 3951 2678 
3 2654 2682 2678 
3 2532 2031 2912 
3 2909 2031 2532 
3 2910 2911 2031 
3 2848 1210 2847 
3 2682 550 3951 
3 3077 550 3341 
3 3951 550 3077 
3 2915 2035 2897 
3 2037 2917 2918 
3 2037 2920 2917 
3 2918 2916 721 
3 2918 2917 2916 
3 4118 1918 1566 
3 4118 1566 2053 
3 2932 1929 2880 
3 3599 1913 3600 
3 2922 2923 719 
3 2926 2924 2925 
3 2132 603 2133 
3 2133 3948 4207 
3 2134 3948 2133 
3 2926 2925 2039 
3 3624 2924 2926 
3 3624 2512 2924 
3 2038 2925 2924 
3 2923 2038 2924 
3 2927 433 2929 
3 2038 2921 2927 
3 2920 2921 2917 
3 2920 2927 2921 
3 2920 433 2927 
3 2038 2927 2925 
3 2037 2919 2931 
3 2918 2919 2037 
3 2037 2931 2920 
3 2920 2931 2930 
3 2920 2930 433 
3 2930 2931 2040 
3 1292 4328 418 
3 4285 1430 4075 
3 1431 4285 4075 
3 2930 2040 2828 
3 2930 2828 433 
3 2935 1927 2936 
3 2935 2936 2967 
3 3540 2496 3580 
3 3540 3580 1927 
3 2940 2939 968 
3 3541 795 2751 
3 3541 2751 2999 
3 1972 2942 3611 
3 3612 1972 3611 
3 3925 478 3469 
3 1903 3429 3434 
3 1928 2941 2943 
3 1928 2943 2933 
3 2407 2406 1033 
3 2407 1033 3771 
3 4176 981 980 
3 630 3607 3581 
3 1974 2948 2947 
3 2944 1974 2947 
3 3771 1033 1232 
3 4232 3674 1656 
3 4232 1040 3674 
3 3616 3195 2008 
3 964 3195 3616 
3 1025 2399 4268 
3 4335 1147 4224 
3 4335 4224 1151 
3 3428 942 3435 
3 1907 3428 3435 
3 1927 3580 3565 
3 2325 1915 3598 
3 2325 3598 178 
3 768 4162 4283 
3 3760 3761 1193 
3 2937 2936 564 
3 2937 2967 2936 
3 3559 3554 2636 
3 3559 2636 393 
3 1791 1798 120 
3 3813 1798 1791 
3 4084 170 1128 
3 3497 1090 4198 
3 3497 4198 174 
3 174 4198 4110 
3 3496 2663 1209 
3 2874 2957 1978 
3 2956 748 2881 
3 2956 2949 748 
3 4207 3948 677 
3 2662 1209 2653 
3 2662 2660 1209 
3 2990 2991 1178 
3 1200 2636 2635 
3 3813 891 4272 
3 2962 2963 2889 
3 2979 2980 1186 
3 1247 2635 2636 
3 1247 2636 3554 
3 710 2960 2961 
3 710 2898 2960 
3 2832 2831 2015 
3 710 2888 2898 
3 543 2487 2489 
3 3800 543 2489 
3 2480 3901 1038 
3 2481 3901 2480 
3 1406 3338 2681 
3 2751 795 2741 
3 2002 2965 2964 
3 2002 2964 2963 
3 2002 2963 2962 
3 2751 2741 2742 
3 2937 968 2967 
3 2939 2967 968 
3 2935 2967 2939 
3 3586 3583 1911 
3 2972 2147 707 
3 2121 2147 2972 
3 3836 1037 4233 
3 3836 4233 1038 
3 2867 2873 3702 
3 1766 962 3897 
3 1766 3698 962 
3 427 2975 2257 
3 1238 2975 427 
3 42 1049 3255 
3 2975 763 2257 
3 2974 763 2975 
3 2974 2975 1238 
3 1469 1185 1328 
3 1328 1327 2980 
3 1328 1185 1327 
3 2980 2979 1328 
3 2978 1328 2979 
3 2978 2979 1329 
3 4164 1171 4307 
3 4261 767 3211 
3 4261 4262 767 
3 2284 836 4025 
3 1069 1098 1005 
3 2988 1069 1005 
3 1130 1137 787 
3 2986 1130 787 
3 1772 4205 867 
3 1770 1772 867 
3 4206 2518 694 
3 1123 4083 4084 
3 4082 4083 1123 
3 3975 3912 706 
3 3203 1487 3210 
3 657 2998 2997 
3 657 2997 2358 
3 1298 3964 4308 
3 2992 3001 656 
3 1832 3630 1817 
3 1832 1817 2023 
3 2993 2994 2995 
3 2992 2991 1352 
3 3531 2094 1113 
3 3531 223 2094 
3 428 2507 2252 
3 428 2252 3005 
3 3531 1113 1600 
3 1599 3531 1600 
3 3709 1184 3712 
3 2992 1352 2996 
3 1368 3529 3530 
3 1335 656 3002 
3 3002 656 3001 
3 3002 3001 1337 
3 3324 3252 1135 
3 3325 3324 1135 
3 3729 3484 370 
3 2589 3484 3729 
3 3000 2992 2996 
3 1351 3000 2996 
3 1334 1335 3002 
3 1334 3002 1337 
3 3529 3528 658 
3 2995 658 3528 
3 3003 2251 3005 
3 3003 3005 2250 
3 2177 3129 3131 
3 3132 2177 3131 
3 3006 2251 2522 
3 3006 2522 2515 
3 428 3006 2515 
3 4137 3890 731 
3 3007 209 3008 
3 3009 1281 3010 
3 3009 3010 3008 
3 546 3013 3011 
3 3342 2829 2671 
3 3342 2671 3341 
3 1661 545 2493 
3 1284 3031 3030 
3 1284 3030 3028 
3 3007 1282 3014 
3 3015 3014 1282 
3 1503 894 3974 
3 3007 3008 1282 
3 3010 3013 1282 
3 3010 1282 3008 
3 3013 3010 3011 
3 1281 3011 3010 
3 29 1921 1919 
3 29 1919 4220 
3 4183 3800 2372 
3 3021 1287 3020 
3 3019 3020 1285 
3 3019 3021 3020 
3 1113 2098 1600 
3 3947 1600 2098 
3 2727 3988 1385 
3 3019 1285 3022 
3 207 1460 3025 
3 207 3025 3026 
3 3019 546 3021 
3 1283 3015 3033 
3 2728 756 3986 
3 2728 3276 756 
3 2736 3280 2773 
3 756 2736 3987 
3 756 3280 2736 
3 3017 546 3018 
3 3017 3018 3028 
3 1284 3018 3022 
3 1284 3028 3018 
3 3061 3046 3064 
3 3017 3028 1283 
3 3905 3906 1161 
3 4071 1164 4072 
3 4287 2043 1432 
3 2356 4248 2357 
3 2356 3273 4248 
3 1285 3032 3023 
3 1285 3023 3022 
3 3908 3085 417 
3 1489 3973 1491 
3 3031 1303 3034 
3 545 3031 3034 
3 2430 2401 4260 
3 2430 4260 1026 
3 3039 3037 3038 
3 1781 3039 883 
3 2559 3731 1603 
3 3728 1348 1319 
3 3036 1307 3066 
3 1779 1452 3052 
3 2219 146 2239 
3 2219 3640 146 
3 3054 3056 773 
3 3055 3056 3054 
3 1129 2577 800 
3 3049 3048 1450 
3 3052 3048 3049 
3 3048 3045 1450 
3 3044 3045 3048 
3 3162 1587 3152 
3 2278 4042 2275 
3 3053 1452 1779 
3 883 3053 1779 
3 773 3056 3057 
3 3054 3047 1449 
3 3054 1449 3055 
3 473 472 4044 
3 4097 982 4030 
3 4097 4030 981 
3 1577 4162 1578 
3 768 1578 4162 
3 3060 1449 3046 
3 3059 1449 3060 
3 3036 3066 3035 
3 1304 3035 3066 
3 1539 4320 1552 
3 1539 1552 3957 
3 4320 1545 1552 
3 1457 3062 1480 
3 3044 1452 3041 
3 3042 3044 3041 
3 3067 3068 544 
3 3066 1307 3068 
3 3067 3066 3068 
3 3067 1304 3066 
3 2076 1921 29 
3 3503 876 3502 
3 2361 3502 876 
3 3057 3074 1792 
3 3057 3056 3074 
3 1562 3801 2049 
3 1562 3802 3801 
3 487 4301 4300 
3 848 2276 2330 
3 848 4047 2276 
3 1564 2049 3801 
3 2048 2049 1564 
3 1037 4273 1036 
3 4310 4062 1094 
3 3016 3076 828 
3 3016 3012 1281 
3 3016 1281 3076 
3 3012 3011 1281 
3 2370 4183 2372 
3 244 2370 2372 
3 4183 543 3800 
3 2654 2678 2677 
3 246 3512 621 
3 4326 2928 2525 
3 3848 1292 418 
3 1476 3079 620 
3 1473 620 3079 
3 4152 816 2590 
3 2580 4152 2590 
3 3083 1165 3084 
3 3083 3084 1162 
3 3907 417 3789 
3 3366 3361 3367 
3 879 3361 3366 
3 2458 7 2474 
3 3092 7 2458 
3 3765 1193 3764 
3 1194 3765 3764 
3 1191 3761 3762 
3 415 1191 3762 
3 1163 3087 3085 
3 3360 880 3359 
3 3088 1696 3089 
3 3088 3089 3091 
3 1201 3909 1277 
3 6 4027 3722 
3 2458 2474 2457 
3 1427 4034 557 
3 3789 3783 1161 
3 7 2476 2474 
3 2457 2474 1141 
3 1837 1835 1836 
3 3248 3247 1696 
3 2397 2439 1018 
3 1018 2439 2446 
3 2414 2431 3092 
3 3134 3122 3121 
3 3098 1995 3097 
3 3096 3100 2010 
3 3096 2010 1994 
3 2011 3101 1995 
3 2011 1995 3098 
3 1725 124 4340 
3 1725 4340 1677 
3 2039 3533 2525 
3 3118 3117 3119 
3 3118 2178 3117 
3 692 3111 3116 
3 2340 2342 3105 
3 2177 3132 3114 
3 2209 2208 2183 
3 2209 2183 3106 
3 2208 3110 2183 
3 2208 26 3110 
3 3106 2183 3107 
3 3106 3107 693 
3 3103 2495 3149 
3 3103 3118 2495 
3 3140 3138 2253 
3 3107 2182 3108 
3 3107 3108 693 
3 3112 3111 692 
3 505 3694 3693 
3 505 3693 3521 
3 3146 3122 2180 
3 3116 3111 3109 
3 3110 3116 3109 
3 3115 3103 3108 
3 2182 3115 3108 
3 3122 2181 3121 
3 2237 429 3146 
3 3118 3119 2495 
3 3113 3117 2178 
3 3113 2178 3112 
3 3121 2181 3120 
3 3121 3120 3119 
3 3133 3130 2176 
3 2254 3126 3127 
3 3123 3124 2181 
3 2528 3124 3123 
3 3126 3125 740 
3 3126 2254 3125 
3 3147 3146 2180 
3 429 2857 2860 
3 3147 2237 3146 
3 2861 2862 2527 
3 2861 2527 4140 
3 3726 1252 1275 
3 4348 1252 3726 
3 2181 3124 3125 
3 2181 3125 3120 
3 4092 3479 2589 
3 4092 13 3479 
3 3119 3120 2495 
3 3149 2495 3120 
3 3130 3131 3129 
3 3130 3129 2176 
3 3120 2254 3149 
3 3139 3141 2253 
3 3139 2253 3138 
3 2254 3144 3149 
3 2251 3148 3140 
3 3122 3146 3123 
3 3824 709 2883 
3 2884 3824 2883 
3 4267 1902 3615 
3 4267 3615 179 
3 3103 3139 3108 
3 3108 3138 693 
3 3139 3138 3108 
3 3173 2611 2612 
3 2522 3142 2033 
3 2522 3140 2253 
3 2522 2253 3142 
3 1066 3998 1101 
3 3144 2254 3127 
3 2705 4307 1646 
3 1648 4307 2705 
3 3142 3141 3145 
3 3143 3145 3141 
3 2522 2251 3140 
3 3196 3127 2520 
3 3197 3196 2520 
3 2131 2132 637 
3 3434 3431 1903 
3 693 3148 3004 
3 2251 3004 3148 
3 3158 3157 1589 
3 2611 1588 2610 
3 1259 3867 3866 
3 2080 1561 2081 
3 3151 1588 2611 
3 3152 1588 3151 
3 3427 3428 1907 
3 3306 1407 2798 
3 3161 3155 1587 
3 3156 1589 3155 
3 3156 3155 3161 
3 2937 564 3606 
3 2937 3606 4334 
3 4341 1499 4096 
3 583 4341 4096 
3 1587 3162 3161 
3 4049 4050 916 
3 1614 1616 3962 
3 1614 1289 1616 
3 3161 3162 3163 
3 3161 3163 1590 
3 1366 1350 4125 
3 2889 2890 3961 
3 2889 1981 2890 
3 1981 2963 2013 
3 3867 1259 4281 
3 3867 4281 1260 
3 3168 3156 1590 
3 3167 3156 3168 
3 2613 3185 3184 
3 1591 2613 3184 
3 1591 3170 3164 
3 1451 3056 3055 
3 1451 3055 4283 
3 667 3184 3185 
3 511 3173 3174 
3 3173 2612 3174 
3 3162 511 3163 
3 3174 3165 511 
3 3163 511 3165 
3 1925 3580 3569 
3 3159 3158 3175 
3 1594 2498 3180 
3 1594 3180 3178 
3 3527 40 3694 
3 651 40 3527 
3 1592 3177 3180 
3 3177 344 3178 
3 3177 3178 3180 
3 952 1859 1858 
3 582 3175 3158 
3 582 3158 3182 
3 3188 1742 666 
3 3187 3188 666 
3 667 3172 3184 
3 667 1736 3172 
3 3172 1736 1677 
3 1737 1678 1736 
3 667 1737 1736 
3 667 3186 1737 
3 943 3436 2938 
3 2321 618 4336 
3 3435 4334 2938 
3 3436 3435 2938 
3 2278 2275 80 
3 3760 1193 3767 
3 1195 3760 3767 
3 1151 2444 4335 
3 589 4335 2444 
3 2398 4335 589 
3 1147 4335 2398 
3 2285 617 2281 
3 4310 617 2285 
3 3190 5 3189 
3 2614 3189 1685 
3 2614 3190 3189 
3 2938 4334 3606 
3 2612 1533 2614 
3 1553 2594 3194 
3 2057 3195 964 
3 4162 4161 1451 
3 4283 4162 1451 
3 1902 3616 3615 
3 1902 3617 3616 
3 2520 2526 2531 
3 3197 2520 2531 
3 2921 2922 2036 
3 3199 1753 1531 
3 3198 3199 454 
3 3198 1753 3199 
3 4306 1607 4180 
3 1605 4306 4180 
3 4306 1605 4016 
3 1633 4143 904 
3 1550 4143 1633 
3 3201 1956 1955 
3 769 3201 1955 
3 769 1955 1953 
3 1088 1084 4110 
3 1443 3202 3203 
3 1443 3201 3202 
3 2024 3211 767 
3 2024 767 1956 
3 1443 3203 3210 
3 3791 1608 3792 
3 1408 3723 3444 
3 2697 3444 3723 
3 1181 4304 1156 
3 4304 1154 3896 
3 1485 3204 3205 
3 3209 1485 3205 
3 2120 4259 2121 
3 670 2120 2121 
3 2098 4029 1112 
3 2098 1112 3947 
3 2604 3729 3459 
3 894 4228 4035 
3 1496 4035 4228 
3 1893 1891 937 
3 0 1222 1221 
3 3215 1222 0 
3 1580 1495 4226 
3 834 3861 4269 
3 834 4269 2347 
3 3727 1466 1183 
3 3224 3225 1637 
3 518 3225 3224 
3 1512 345 3237 
3 1515 345 1512 
3 1051 779 4131 
3 3228 3230 3229 
3 3228 3229 1500 
3 3226 3228 3227 
3 1500 3227 3228 
3 794 3750 1579 
3 1864 752 3924 
3 1514 3235 4211 
3 1512 4211 4210 
3 1512 3237 4211 
3 944 1865 3924 
3 1931 944 3924 
3 3238 1525 3160 
3 1513 3237 3238 
3 3236 3237 1513 
3 1551 902 1547 
3 345 1518 1524 
3 3242 1583 1581 
3 3241 3240 1582 
3 1826 1829 759 
3 759 1846 1826 
3 1824 1826 1846 
3 759 1831 1846 
3 3661 619 3658 
3 3239 3241 3229 
3 3239 3229 3230 
3 3248 598 1699 
3 3248 1699 1697 
3 599 2353 3245 
3 1582 3243 3244 
3 3243 3249 3244 
3 1697 3243 3247 
3 1696 3247 3240 
3 2352 2353 599 
3 1855 927 4255 
3 3250 1563 2049 
3 3250 2049 2048 
3 2046 3250 2048 
3 2047 1563 3250 
3 2047 3250 2046 
3 1193 3761 3763 
3 42 2467 2478 
3 2467 42 2466 
3 3256 999 3257 
3 3256 3257 1000 
3 1349 3991 1428 
3 1427 1349 1428 
3 3065 1459 4135 
3 3258 3259 2472 
3 2472 586 2471 
3 3259 586 2472 
3 3266 3263 998 
3 123 1670 3268 
3 998 3260 3259 
3 998 3259 3258 
3 3268 3223 1664 
3 3268 1670 3223 
3 3260 998 3263 
3 585 3263 997 
3 902 1551 3985 
3 902 3985 1510 
3 3985 1551 1501 
3 3985 1501 1510 
3 3262 3265 996 
3 3261 585 3265 
3 3262 3261 3265 
3 892 1565 1574 
3 892 1574 4134 
3 3259 3260 3267 
3 3259 3267 586 
3 2470 2471 586 
3 3439 1575 3438 
3 586 3267 1007 
3 2470 586 1007 
3 1664 361 3268 
3 3269 3268 361 
3 123 3268 3269 
3 3686 174 4110 
3 1231 763 2974 
3 2750 3272 3273 
3 1951 1949 765 
3 1951 765 3274 
3 1951 3274 1436 
3 1951 1436 1959 
3 1436 1960 1959 
3 1436 3274 1964 
3 3282 1813 1815 
3 1439 1969 1440 
3 1439 3274 1958 
3 1439 1958 1969 
3 552 2817 3445 
3 2726 3987 3837 
3 2798 829 3279 
3 1413 3278 3277 
3 3279 3278 1413 
3 2798 3279 1413 
3 3986 3987 2726 
3 3278 1382 3280 
3 3278 2771 1382 
3 3281 1439 1440 
3 1964 3274 1439 
3 1964 1439 3281 
3 1676 3321 1675 
3 3283 2121 2972 
3 607 3283 2972 
3 1577 4161 4162 
3 3285 3284 273 
3 4253 3778 302 
3 1998 3532 1999 
3 1598 3291 3298 
3 1598 3298 905 
3 1088 3663 3664 
3 1088 3664 496 
3 818 3288 3287 
3 818 3287 2536 
3 3658 3657 2426 
3 1537 3290 3288 
3 3291 3290 1537 
3 138 3293 3292 
3 138 3292 3291 
3 818 3296 3288 
3 1253 1254 716 
3 3294 3293 138 
3 3294 138 1631 
3 4351 4096 1499 
3 779 3918 2435 
3 2423 2422 2421 
3 2435 3918 3917 
3 2413 3094 3093 
3 2413 3093 3303 
3 2456 1022 2457 
3 2455 3303 1022 
3 2456 2455 1022 
3 2454 2455 2456 
3 3305 1675 509 
3 1681 3305 509 
3 1681 1721 3305 
3 1596 3305 1721 
3 2498 4069 3181 
3 3180 2498 3181 
3 3339 3343 3340 
3 3339 3340 2672 
3 2798 1413 3306 
3 3680 1083 1082 
3 1142 2433 3307 
3 1142 2476 2433 
3 3313 3312 1454 
3 3309 1965 1454 
3 1966 1965 3309 
3 2379 3346 226 
3 2379 226 3835 
3 485 4246 4301 
3 3315 771 3313 
3 3963 2271 842 
3 3963 2272 2271 
3 4007 4006 1506 
3 1447 3315 3313 
3 1428 4125 1350 
3 1428 1368 4125 
3 4007 1506 664 
3 4007 664 1619 
3 4263 1488 4055 
3 4263 4089 1488 
3 1487 4089 4263 
3 1454 3320 3313 
3 1447 3313 3320 
3 1965 3320 1454 
3 3304 536 3322 
3 3170 3169 3164 
3 2289 850 3323 
3 2289 3323 715 
3 2288 2289 715 
3 1067 3880 3877 
3 3882 1067 3877 
3 4139 2526 4244 
3 4139 4244 740 
3 2553 1133 3327 
3 1132 2553 3327 
3 2296 3325 1135 
3 2296 601 3325 
3 4290 4142 419 
3 4142 4290 1645 
3 3330 1645 4290 
3 3739 1359 3740 
3 3745 3328 3746 
3 3745 1565 3328 
3 4160 1083 1084 
3 4110 1084 4309 
3 4054 3214 3720 
3 1300 4308 3964 
3 1549 904 4143 
3 3334 3335 2516 
3 3334 2516 719 
3 1298 4057 416 
3 1184 3709 3708 
3 3812 3811 2000 
3 640 3811 3812 
3 3625 990 997 
3 3625 584 990 
3 691 3629 2163 
3 2162 2163 3629 
3 1214 2926 2928 
3 1214 3624 2926 
3 1329 4331 1613 
3 2514 2515 3335 
3 2514 3335 2508 
3 3087 1472 3636 
3 3637 1615 3638 
3 1607 1615 775 
3 3337 775 1615 
3 1478 1179 3639 
3 1478 3639 1472 
3 3633 3634 1470 
3 3633 1471 3634 
3 1613 775 3337 
3 1613 3337 2977 
3 1595 4280 1724 
3 510 1724 4280 
3 2671 3339 3341 
3 1406 3077 3338 
3 2651 2687 2686 
3 3338 3339 2672 
3 3338 2672 2681 
3 1206 2650 3344 
3 2377 2379 534 
3 3346 2379 2377 
3 4056 1170 2359 
3 1206 2685 2647 
3 3344 2685 1206 
3 4312 1169 3331 
3 4312 2854 1169 
3 3345 2651 3344 
3 2650 1207 2652 
3 2650 2652 3345 
3 3345 2652 2692 
3 898 3372 3374 
3 2481 2483 2482 
3 483 3348 3349 
3 3854 897 1578 
3 3854 1444 897 
3 51 390 3737 
3 3355 483 3354 
3 3355 3354 47 
3 1893 1895 938 
3 3716 807 804 
3 3960 916 4344 
3 3960 4344 1843 
3 2482 1658 3929 
3 2482 2483 1658 
3 1039 2481 2480 
3 2483 1039 3357 
3 2483 2481 1039 
3 3353 810 807 
3 3353 807 3352 
3 4209 1252 4348 
3 3353 3356 144 
3 533 3356 3353 
3 4232 4231 1040 
3 3357 1039 1810 
3 3754 1179 1474 
3 1475 1474 1179 
3 1049 1038 4233 
3 38 2482 3931 
3 38 2481 2482 
3 881 3358 3359 
3 1774 3358 881 
3 1786 882 1804 
3 881 3359 1785 
3 881 1785 1786 
3 3086 1166 3081 
3 3382 1771 867 
3 4105 4106 2373 
3 2603 2604 3699 
3 3366 961 493 
3 3366 493 3365 
3 217 1758 1767 
3 217 1767 1770 
3 1771 217 1770 
3 1771 1806 217 
3 3366 3367 961 
3 3363 879 3364 
3 16 3363 3364 
3 16 3364 3371 
3 3371 3370 16 
3 877 2363 3371 
3 2364 878 2363 
3 3371 2363 878 
3 2503 4154 628 
3 878 3370 3371 
3 3372 3370 878 
3 4338 4188 2001 
3 4338 2965 4188 
3 2368 244 3071 
3 898 3374 3375 
3 3372 578 3374 
3 3376 3374 578 
3 3377 3376 578 
3 535 3379 2366 
3 3379 3377 2366 
3 898 3375 3380 
3 898 3380 3369 
3 3369 3380 899 
3 3369 899 3368 
3 3359 880 3381 
3 3359 3381 1785 
3 3382 961 3367 
3 3382 867 961 
3 3769 1992 1990 
3 801 1992 3769 
3 3812 2001 2955 
3 640 3812 2955 
3 890 1792 1791 
3 3813 1791 1792 
3 3718 214 4100 
3 3894 2884 738 
3 1131 3936 3937 
3 1125 1131 3937 
3 574 3284 3285 
3 574 449 3284 
3 4081 4082 1123 
3 3391 787 1137 
3 1733 3389 1731 
3 404 3389 3387 
3 1739 404 3387 
3 3389 449 3388 
3 3387 3389 3388 
3 1750 3284 449 
3 273 3286 3285 
3 3978 1755 1756 
3 79 3874 1121 
3 2981 1612 4331 
3 764 3873 3872 
3 1527 3402 3418 
3 1586 1519 1593 
3 3420 1593 1519 
3 821 3396 3397 
3 3395 3397 3396 
3 2968 3864 2234 
3 3751 4101 1355 
3 2969 733 3864 
3 1521 3419 3420 
3 3395 3419 1521 
3 1528 820 3416 
3 3421 2672 2816 
3 2815 3421 2816 
3 2815 424 3421 
3 4153 2362 2363 
3 4153 2363 877 
3 4171 4170 122 
3 1558 1557 905 
3 1558 3408 1557 
3 1556 905 1557 
3 1556 1557 1528 
3 820 1557 3408 
3 820 1528 1557 
3 1535 3408 1558 
3 820 3406 3405 
3 3412 1530 3410 
3 3412 3413 1530 
3 3413 2598 1531 
3 3412 2598 3413 
3 2607 1522 3415 
3 3394 1522 2607 
3 2091 1541 2090 
3 2607 3415 1753 
3 3394 2607 2608 
3 3414 1530 3413 
3 1522 3414 3415 
3 3414 1531 3415 
3 3414 3413 1531 
3 3417 1527 3418 
3 3417 3418 1526 
3 1528 3417 1526 
3 3394 2608 453 
3 3394 453 3419 
3 3394 3419 3395 
3 3422 2532 2912 
3 694 2532 3422 
3 3197 2532 694 
3 3398 1521 3399 
3 3420 3399 1521 
3 3399 3420 1519 
3 1520 3398 3399 
3 3422 2912 2032 
3 1909 3425 3426 
3 1903 3427 3429 
3 1900 940 1899 
3 3165 3174 2613 
3 3429 3427 614 
3 3433 942 3431 
3 3428 3431 942 
3 3015 3075 2432 
3 4318 2432 3075 
3 1906 3433 3431 
3 3432 1906 3431 
3 3428 1903 3431 
3 2277 80 2276 
3 2277 2276 4047 
3 335 3270 3981 
3 335 3269 3270 
3 1579 3440 794 
3 1574 794 3440 
3 1579 1575 3440 
3 1489 4242 4054 
3 3443 1296 1167 
3 4135 1456 1480 
3 4242 1490 4054 
3 4243 1490 4242 
3 3441 120 1798 
3 3441 1798 3438 
3 3438 1575 3441 
3 273 1751 4252 
3 4252 830 3462 
3 1409 2706 3444 
3 2696 2697 796 
3 2696 3444 2697 
3 1409 3444 2696 
3 1103 1102 303 
3 1746 3446 451 
3 1746 1748 3446 
3 1746 668 1748 
3 370 3458 3457 
3 3926 3457 3458 
3 235 3845 3844 
3 3460 539 3462 
3 3460 3462 3453 
3 3446 1747 3447 
3 3596 3597 1913 
3 1752 3451 2617 
3 2601 3449 1749 
3 2602 3449 2601 
3 2602 221 3449 
3 3730 4296 1019 
3 4296 4133 1019 
3 2719 2355 4164 
3 3796 3797 1170 
3 4308 3796 1170 
3 3447 3448 1754 
3 3447 1754 3452 
3 537 3845 235 
3 1098 3881 4067 
3 1098 4067 1099 
3 1235 1201 3678 
3 3676 668 3192 
3 3446 3447 451 
3 3452 451 3447 
3 1912 3581 3582 
3 1912 3582 3583 
3 2496 3570 3569 
3 3454 3455 540 
3 699 4005 2232 
3 97 3589 2329 
3 97 3590 3589 
3 630 3578 3577 
3 4160 1091 1083 
3 1743 3676 3192 
3 538 3464 3465 
3 3467 3468 662 
3 477 662 3468 
3 3455 3461 540 
3 825 3461 3455 
3 3926 3925 663 
3 3468 3467 663 
3 3468 663 3469 
3 2169 3700 3383 
3 603 3700 2169 
3 3700 679 3383 
3 2132 679 3700 
3 603 2132 3700 
3 526 3778 4253 
3 3465 3463 142 
3 3465 3464 3463 
3 2473 3730 1008 
3 662 142 3467 
3 662 3465 142 
3 2720 2721 1412 
3 2720 1412 3927 
3 3524 504 3523 
3 3524 3523 3516 
3 777 4348 3799 
3 1344 3738 1358 
3 4319 1446 4043 
3 4319 3315 1446 
3 3472 3466 3467 
3 663 3467 3466 
3 477 3518 3842 
3 3486 3485 491 
3 3458 3485 3486 
3 649 3474 3473 
3 3474 648 3473 
3 3476 3491 3475 
3 3495 2521 2032 
3 3474 649 3475 
3 235 3844 3843 
3 3480 2494 648 
3 3480 648 3474 
3 2421 780 4032 
3 4020 4021 4019 
3 4020 4019 2381 
3 3479 491 3484 
3 2589 3479 3484 
3 3839 1897 4292 
3 32 3493 3492 
3 3483 32 3492 
3 3477 3475 3491 
3 3489 489 3490 
3 3477 489 3489 
3 3483 3482 32 
3 13 3481 3479 
3 3481 3478 3479 
3 3481 489 3478 
3 3483 489 3481 
3 3481 13 3482 
3 3481 3482 3483 
3 370 3484 3485 
3 473 3737 153 
3 575 3736 464 
3 3478 3477 3491 
3 2680 1405 2795 
3 2680 3941 1405 
3 3488 3487 106 
3 3477 106 3475 
3 3490 3483 3492 
3 2680 2681 3941 
3 1405 2793 2795 
3 3489 106 3477 
3 3488 106 3489 
3 3490 489 3483 
3 3477 3478 489 
3 1450 3047 3051 
3 2795 2793 2798 
3 4083 4082 1124 
3 812 3493 2575 
3 2916 2036 3495 
3 2916 3495 2913 
3 3492 3493 1144 
3 3490 3492 1144 
3 2856 800 2577 
3 2662 2653 2676 
3 89 2581 2582 
3 89 2582 3498 
3 3498 2582 2583 
3 3498 2583 3499 
3 1602 2584 2592 
3 2605 369 2603 
3 2583 2605 3499 
3 89 3498 2596 
3 3499 2596 3498 
3 2596 2594 89 
3 2596 2595 2594 
3 2596 2600 2595 
3 2596 3499 645 
3 2596 645 2600 
3 645 2605 2602 
3 645 3499 2605 
3 349 3503 3504 
3 627 2502 2500 
3 3503 3502 3504 
3 3504 3502 888 
3 3104 888 3502 
3 3105 888 3104 
3 177 399 3970 
3 2500 2069 627 
3 3510 809 3508 
3 809 3507 3508 
3 3648 810 3509 
3 808 3648 3509 
3 1451 3074 3056 
3 1876 3511 556 
3 1876 945 3511 
3 1876 1930 945 
3 3512 246 351 
3 3512 351 1739 
3 3513 3168 3169 
3 3179 3513 1597 
3 3169 3170 1597 
3 3513 3169 1597 
3 2510 3333 3623 
3 2510 2508 3333 
3 344 3513 3179 
3 3178 344 3179 
3 3168 3513 344 
3 3623 3333 2512 
3 1254 1255 716 
3 3868 1255 1254 
3 3521 3520 504 
3 648 2494 3722 
3 647 3722 2494 
3 3846 3847 3841 
3 3516 3523 3517 
3 3516 3517 236 
3 2020 4063 4064 
3 3524 3522 504 
3 3516 650 3524 
3 3471 650 3516 
3 1130 4068 1120 
3 1130 169 4068 
3 3999 1999 955 
3 600 3875 3876 
3 79 3877 3876 
3 103 1268 3610 
3 103 2711 1268 
3 3114 696 3117 
3 1351 2996 3528 
3 2995 3528 2996 
3 4128 1053 3919 
3 3550 4128 595 
3 1160 3905 4127 
3 641 1160 4127 
3 2744 2745 1383 
3 2741 1383 2745 
3 1369 2742 2741 
3 1369 3530 2742 
3 2741 2745 1369 
3 1401 3530 1369 
3 1401 1369 2745 
3 658 2994 2742 
3 3530 658 2742 
3 3530 3529 658 
3 2486 2487 2490 
3 3070 3071 2372 
3 2489 2488 3073 
3 2831 2779 2833 
3 3466 3926 663 
3 3540 1927 2935 
3 2934 3540 2935 
3 2934 734 3540 
3 3568 3569 635 
3 3568 635 3572 
3 4078 734 4079 
3 2749 3541 1481 
3 3272 2998 657 
3 582 3176 3175 
3 3542 3176 582 
3 582 2499 3542 
3 582 3182 2499 
3 3350 482 3354 
3 482 3545 47 
3 3354 482 47 
3 4098 4010 1265 
3 426 4010 4098 
3 1077 1092 3547 
3 3551 1053 3550 
3 3549 3551 3550 
3 3548 3547 1035 
3 3549 3548 1035 
3 3549 1034 3548 
3 685 3859 3860 
3 2248 3859 685 
3 4278 1107 1106 
3 3693 503 3520 
3 3693 3520 3521 
3 1445 4353 4043 
3 1445 4043 4349 
3 3549 1035 3551 
3 237 575 3552 
3 577 3552 575 
3 3737 390 153 
3 3555 3554 3556 
3 190 4276 187 
3 1246 3558 3557 
3 1246 3560 3558 
3 3731 127 4039 
3 3560 3562 1244 
3 3560 393 3561 
3 3562 3560 3561 
3 1242 3562 3561 
3 757 4013 1901 
3 1894 1872 4013 
3 3561 393 2538 
3 1242 3561 2538 
3 2397 2396 3672 
3 2398 3672 2396 
3 2321 4336 2135 
3 3558 3564 3563 
3 3565 564 2936 
3 1927 3565 2936 
3 633 3608 2068 
3 3606 564 3605 
3 3606 3605 2946 
3 2152 2150 4005 
3 2151 4005 2150 
3 3571 635 3570 
3 3571 3570 2227 
3 3568 1925 3569 
3 3576 1924 3575 
3 3574 630 3577 
3 3574 3577 1923 
3 630 3574 3594 
3 630 3594 2129 
3 3590 97 3593 
3 2119 3593 2323 
3 3593 97 2323 
3 3572 635 3575 
3 3866 3867 426 
3 3585 3599 3583 
3 3596 3599 3585 
3 3594 3574 1926 
3 3594 1926 3592 
3 2119 631 3591 
3 2119 2117 631 
3 3589 3588 1924 
3 3589 1924 3576 
3 3869 1795 1575 
3 3605 1914 2946 
3 1912 3579 3578 
3 3579 2946 1914 
3 3579 1914 3578 
3 2329 3589 3576 
3 3587 3575 3571 
3 3587 3571 2226 
3 3589 3590 3588 
3 3829 802 783 
3 3574 3588 1926 
3 3573 3588 3574 
3 943 2946 3579 
3 3581 1912 3578 
3 3581 3578 630 
3 4000 4246 486 
3 3566 1914 3605 
3 3576 3575 3587 
3 1912 3583 3586 
3 3599 3600 1911 
3 3597 2070 1913 
3 1915 2070 3597 
3 1911 3583 3599 
3 3600 3601 1911 
3 633 3601 3600 
3 1569 3603 2067 
3 3602 3437 1910 
3 3602 1909 3437 
3 564 3566 3605 
3 706 3911 2869 
3 2329 3576 705 
3 3866 1255 3868 
3 2129 3592 631 
3 3595 3587 2226 
3 3594 3592 2129 
3 323 464 786 
3 3591 3593 2119 
3 3590 3593 3591 
3 705 3576 3587 
3 705 3587 3595 
3 2226 3571 3910 
3 3912 2226 3910 
3 1913 2070 3608 
3 2068 3608 2070 
3 3598 3596 178 
3 3598 1915 3597 
3 3598 3597 3596 
3 178 3596 3585 
3 178 3585 3584 
3 3220 221 2603 
3 3160 517 3159 
3 3160 4066 517 
3 1748 668 3676 
3 3603 1909 3602 
3 3601 3604 1911 
3 2118 2128 1916 
3 3876 3875 79 
3 3880 1066 3877 
3 3876 3877 1066 
3 3603 633 2067 
3 3603 3602 633 
3 3425 1909 3603 
3 1569 3425 3603 
3 3584 1916 2128 
3 3607 1916 3581 
3 3582 3581 1916 
3 3582 1916 3584 
3 2129 3607 630 
3 2129 1916 3607 
3 2118 1916 2129 
3 1275 732 3726 
3 1251 3726 732 
3 4348 3726 1251 
3 655 1326 3935 
3 4231 1657 3357 
3 4231 4232 1657 
3 2005 2063 3613 
3 2005 3613 3614 
3 2407 1026 2406 
3 3774 524 40 
3 1103 652 1105 
3 4250 1105 652 
3 3616 3617 964 
3 4158 3891 1267 
3 4158 1267 1266 
3 4268 2399 2395 
3 88 3834 986 
3 986 3833 224 
3 2059 3617 1873 
3 2008 3618 3614 
3 558 1861 1862 
3 3621 558 1862 
3 2330 840 2247 
3 2041 2809 2812 
3 3618 3619 2005 
3 3620 2005 3619 
3 512 2497 3622 
3 512 3622 1723 
3 3622 3179 1595 
3 3622 1595 1723 
3 3879 506 3934 
3 845 2193 844 
3 845 844 684 
3 845 684 4286 
3 1499 4181 1511 
3 4341 4181 1499 
3 646 506 651 
3 3934 506 646 
3 1830 1835 1831 
3 917 3630 1832 
3 917 1832 1831 
3 1832 2023 1848 
3 2977 3337 3633 
3 2977 3633 420 
3 1636 4136 896 
3 1636 1506 4136 
3 4136 4073 896 
3 3637 3635 1471 
3 3637 1471 1615 
3 3649 348 3648 
3 3649 805 348 
3 4123 1936 949 
3 4257 770 3319 
3 3759 3016 828 
3 3084 3908 1162 
3 3084 3085 3908 
3 4075 4302 1431 
3 3786 3787 1479 
3 3785 3787 3786 
3 1426 4255 3515 
3 1855 4255 1426 
3 1629 3645 3646 
3 1629 3646 2065 
3 2019 2018 914 
3 3646 2019 914 
3 1533 4009 2614 
3 4257 1441 3212 
3 1444 4257 3212 
3 3651 1851 921 
3 3651 921 2044 
3 4314 1355 4102 
3 3755 1989 4111 
3 359 498 3652 
3 2426 3657 2273 
3 359 3653 3654 
3 1252 716 1275 
3 1252 1253 716 
3 1252 4209 1253 
3 576 3655 1046 
3 205 1046 3655 
3 3656 499 974 
3 3656 974 205 
3 3653 577 3654 
3 498 3656 3652 
3 4050 1840 4344 
3 4050 4344 916 
3 2492 1659 4354 
3 2492 4354 1661 
3 2436 3659 2426 
3 2436 176 3659 
3 4065 826 3455 
3 4065 3455 3454 
3 3659 3661 3658 
3 1089 3661 3659 
3 1625 1627 4121 
3 1626 1625 4121 
3 496 3665 3666 
3 1091 496 3666 
3 547 3668 1079 
3 547 1079 1081 
3 2630 3671 1200 
3 1091 3666 3667 
3 3666 3665 1054 
3 3667 3666 1054 
3 3733 3734 1536 
3 1091 3667 3668 
3 547 1081 1082 
3 547 1091 3668 
3 2538 3671 2630 
3 2538 393 3671 
3 343 3673 1769 
3 343 1769 1796 
3 1769 865 1796 
3 866 1769 3673 
3 866 1770 1767 
3 866 3673 1772 
3 866 1772 1770 
3 3196 3197 694 
3 3319 4261 1441 
3 3319 1440 4261 
3 1123 3391 1137 
3 1123 1137 4081 
3 1127 4084 1128 
3 1127 1128 3872 
3 1080 497 1079 
3 3692 497 1080 
3 2362 4153 875 
3 1864 3924 4235 
3 4154 4155 628 
3 1915 2325 2111 
3 4155 2109 2107 
3 626 2112 2109 
3 3932 1864 4235 
3 3932 4235 936 
3 3687 174 3686 
3 3497 174 3687 
3 3660 176 3916 
3 3917 3918 1052 
3 1052 3692 3915 
3 1053 3692 1052 
3 1053 1052 3919 
3 1869 1871 3980 
3 817 3733 3732 
3 1086 3688 3687 
3 3687 3688 1087 
3 3689 3690 1087 
3 3689 1087 3688 
3 3690 3689 1118 
3 3497 3687 1087 
3 1169 2854 1647 
3 1169 1647 4142 
3 4076 223 4077 
3 4279 3638 1607 
3 1107 3691 1106 
3 412 3691 1107 
3 3688 3691 412 
3 3688 1086 3691 
3 1546 4146 4145 
3 3695 1181 1043 
3 2444 1043 2441 
3 2444 3695 1043 
3 2444 1151 3695 
3 1151 1181 3695 
3 424 2815 3697 
3 424 3697 2790 
3 3895 3782 1155 
3 3895 3783 3782 
3 3701 3702 1983 
3 3701 1983 2878 
3 501 3543 3703 
3 3543 576 3703 
3 3703 576 1046 
3 2244 2241 730 
3 2246 3706 2244 
3 2246 2244 730 
3 4304 1181 597 
3 4304 597 4221 
3 2246 3271 3706 
3 731 3706 3271 
3 3709 3712 3710 
3 3712 1310 3710 
3 3712 1311 1310 
3 3712 1184 1311 
3 1312 1311 1184 
3 1301 3709 3710 
3 450 3713 1751 
3 450 1745 3713 
3 450 1741 1745 
3 1741 1742 1745 
3 450 1740 1741 
3 2403 4274 147 
3 3713 1746 3714 
3 3716 215 807 
3 3717 3351 3715 
3 3908 3907 1162 
3 3908 417 3907 
3 3717 465 3351 
3 3719 3716 804 
3 3719 804 43 
3 466 3716 3719 
3 3832 983 3831 
3 3830 3832 3831 
3 2409 1029 4274 
3 1895 1896 938 
3 3213 1442 3720 
3 1442 2024 2025 
3 1442 2025 3720 
3 2024 1442 3211 
3 3213 3720 3214 
3 897 3213 3214 
3 660 4203 1430 
3 1047 992 530 
3 1047 530 3724 
3 992 993 530 
3 993 994 530 
3 1001 530 994 
3 3724 530 1001 
3 1060 994 993 
3 1047 3725 1048 
3 3724 3725 1047 
3 3724 1002 3725 
3 621 4202 272 
3 885 4132 1776 
3 3049 885 1776 
3 2054 1897 2849 
3 2054 4292 1897 
3 3732 1573 817 
3 3732 1538 1573 
3 3476 478 3486 
3 3735 478 3476 
3 649 3735 3476 
3 649 3476 3475 
3 3735 3471 3470 
3 478 3735 3470 
3 478 3470 3469 
3 714 1258 1259 
3 3739 1343 1358 
3 3084 1165 4026 
3 4204 2988 1004 
3 1370 3742 3741 
3 1359 3741 3743 
3 3742 3743 3741 
3 4076 1538 1555 
3 4076 1555 223 
3 3744 1359 3743 
3 847 846 4286 
3 3747 794 3746 
3 3745 3746 794 
3 2322 1095 2312 
3 4138 2374 4105 
3 4138 4105 534 
3 1493 3746 3328 
3 1493 3747 3746 
3 1581 1583 4227 
3 514 4227 1583 
3 4227 1580 4226 
3 4227 4226 1581 
3 0 4265 3215 
3 4245 484 486 
3 3128 692 4091 
3 4023 4024 1493 
3 3747 3748 1495 
3 1492 4024 4023 
3 1354 1343 3751 
3 1163 3085 3084 
3 1163 3084 4026 
3 2789 1404 4060 
3 2790 1404 2789 
3 3856 836 3857 
3 1470 3754 1469 
3 1470 1179 3754 
3 2055 1877 947 
3 947 1877 1875 
3 1876 1875 1930 
3 556 1991 1876 
3 1876 1991 947 
3 1991 1992 947 
3 1991 3755 1992 
3 2055 947 1992 
3 2055 1992 2056 
3 2056 1992 801 
3 1990 1992 3755 
3 3755 1991 1989 
3 556 1989 1991 
3 1355 4314 4315 
3 1876 947 1875 
3 3678 3766 1194 
3 3768 2812 2814 
3 1201 1278 3766 
3 1201 1277 1278 
3 1201 3766 3678 
3 3766 414 3765 
3 1194 3766 3765 
3 722 3384 2899 
3 2899 3384 2040 
3 3384 3385 2040 
3 3718 4100 465 
3 2823 1394 2822 
3 2823 3768 1394 
3 3810 2535 2675 
3 551 3810 2675 
3 1394 3768 2814 
3 2812 3768 2823 
3 2812 2823 3386 
3 2823 1395 3386 
3 2041 3386 3385 
3 2812 3386 2041 
3 3384 2041 3385 
3 2007 3769 2985 
3 2007 801 3769 
3 3774 3775 526 
3 642 1279 3779 
3 1158 3786 3794 
3 3776 3777 526 
3 4254 1430 4240 
3 4075 4254 927 
3 4075 1430 4254 
3 3778 397 569 
3 3778 569 302 
3 3777 397 3778 
3 3777 3778 526 
3 3827 201 782 
3 3827 334 201 
3 1156 1155 3780 
3 1044 1156 3780 
3 3897 3367 3361 
3 3897 962 3367 
3 3794 776 1608 
3 1479 3085 3087 
3 3780 1155 3781 
3 3780 3781 3779 
3 1044 3780 3779 
3 642 3788 3790 
3 209 3009 3008 
3 3819 3009 209 
3 1654 1720 516 
3 3781 3784 642 
3 3782 3784 3781 
3 494 1766 3897 
3 1653 3795 1654 
3 1654 790 1720 
3 1654 3795 790 
3 1156 3896 1155 
3 3895 1154 641 
3 3896 1154 3895 
3 3783 3789 1157 
3 3782 3783 1157 
3 1155 3896 3895 
3 3787 3789 417 
3 3787 3785 1157 
3 3787 1157 3789 
3 3788 3785 1158 
3 3788 1158 3791 
3 1158 3785 3786 
3 3788 3791 3790 
3 2371 2370 542 
3 2371 4183 2370 
3 1479 3087 3636 
3 1479 3636 776 
3 4163 4352 1023 
3 4163 1011 4352 
3 4220 1920 2072 
3 2614 1685 4333 
3 3798 737 2529 
3 3798 2529 2527 
3 1294 3200 3796 
3 1294 3796 3332 
3 3331 1294 3332 
3 1293 3331 3332 
3 4140 4139 740 
3 1661 4354 3029 
3 732 1250 1251 
3 1251 3536 3799 
3 1251 1250 3536 
3 2080 1560 3806 
3 1560 3297 3806 
3 3297 907 3806 
3 3806 907 3805 
3 1630 3805 907 
3 3806 3805 1561 
3 3806 1561 2080 
3 1492 515 4024 
3 2533 3809 3810 
3 3808 2534 2820 
3 1510 1501 4341 
3 2533 3810 551 
3 1398 2825 3809 
3 1398 2826 2825 
3 433 2828 2827 
3 1792 3074 891 
3 3813 1792 891 
3 1790 890 1791 
3 4214 3742 1370 
3 4216 659 3816 
3 2730 1374 2738 
3 2730 2738 2737 
3 874 4129 887 
3 1346 3815 3814 
3 3816 3814 3815 
3 3219 1346 3814 
3 3779 3781 642 
3 3779 3818 1044 
3 3779 1279 3818 
3 3820 1210 2848 
3 2820 2819 1210 
3 3820 2820 1210 
3 1549 4143 1598 
3 1550 1598 4143 
3 2623 3757 1196 
3 2623 1195 3757 
3 2703 2705 419 
3 3808 2535 3810 
3 2820 3820 2535 
3 3808 2820 2535 
3 3833 983 3832 
3 2379 3835 1041 
3 170 4177 1128 
3 88 997 999 
3 88 1036 3834 
3 88 999 1036 
3 3837 3987 1381 
3 3902 38 2380 
3 3902 2380 1041 
3 3835 3836 1041 
3 4275 2711 720 
3 4275 720 3556 
3 996 3500 4277 
3 3501 3500 996 
3 3831 1037 3836 
3 3835 3831 3836 
3 4277 3500 1034 
3 574 4293 4202 
3 574 3285 4293 
3 4293 3285 537 
3 536 4293 537 
3 1892 3839 613 
3 1892 613 2017 
3 3843 3842 475 
3 3844 3845 662 
3 3465 662 3845 
3 3465 3845 538 
3 3915 1080 3667 
3 2682 3849 550 
3 3342 550 3849 
3 3342 3849 2663 
3 2829 3342 2663 
3 2682 2653 3849 
3 1899 1901 4239 
3 2666 3852 2661 
3 2666 2661 3838 
3 2661 3852 3496 
3 3852 2847 3496 
3 2848 2847 3852 
3 3956 4092 2589 
3 3956 2589 2604 
3 877 3365 493 
3 685 3860 834 
3 685 834 2350 
3 2780 749 4060 
3 2780 4060 2781 
3 1546 4145 4077 
3 3859 835 3860 
3 3422 4206 694 
3 3855 560 2269 
3 2268 2269 560 
3 2267 2268 560 
3 2266 2267 560 
3 2248 840 2265 
3 839 2248 2265 
3 839 2265 3855 
3 2452 1045 4270 
3 560 3855 2265 
3 2266 560 2265 
3 835 3859 3857 
3 736 2970 2859 
3 4029 2098 571 
3 4171 99 21 
3 4169 503 3694 
3 4169 3694 40 
3 3801 3802 4219 
3 2225 3828 705 
3 2329 705 3828 
3 3926 3458 3925 
3 2226 2235 3595 
3 3595 2235 2225 
3 2233 2225 2235 
3 3865 2233 2235 
3 705 3595 2225 
3 714 1259 3866 
3 714 3866 3868 
3 3871 2940 1972 
3 2942 1972 2940 
3 2064 2966 735 
3 2064 735 3871 
3 4267 4175 1902 
3 1971 4175 4267 
3 333 3880 3881 
3 1066 3880 333 
3 654 3874 3878 
3 654 3878 3879 
3 1120 4068 3882 
3 169 4067 4068 
3 846 2319 683 
3 846 683 2172 
3 3937 3936 492 
3 1467 3935 1185 
3 655 3935 1467 
3 340 2361 2362 
3 4325 1302 3825 
3 4325 3825 1295 
3 3885 852 3884 
3 3883 3884 852 
3 2341 3883 852 
3 4328 3913 418 
3 1174 3914 3913 
3 2340 523 2341 
3 523 3883 2341 
3 523 950 3883 
3 950 3884 3883 
3 3885 3884 342 
3 950 342 3884 
3 873 342 950 
3 3807 873 950 
3 2360 3807 950 
3 2360 950 523 
3 523 3104 2360 
3 2361 2360 3104 
3 340 2360 2361 
3 340 3807 2360 
3 523 3105 3104 
3 2340 3105 523 
3 3898 2809 2014 
3 2807 2808 2810 
3 45 2810 2808 
3 3898 45 2808 
3 1391 2807 2810 
3 2805 2807 1391 
3 2013 3899 1981 
3 2013 45 3899 
3 2890 1981 2891 
3 3900 2891 1981 
3 1981 3899 3900 
3 3899 45 3898 
3 3899 2014 3900 
3 3899 3898 2014 
3 1152 3851 1160 
3 3851 1153 1160 
3 3903 1160 1153 
3 169 4234 1099 
3 1160 3903 3905 
3 3909 1234 31 
3 3909 31 1277 
3 779 3919 3918 
3 3905 3903 643 
3 1235 1234 3909 
3 1201 1235 3909 
3 2260 4079 734 
3 3910 2227 3911 
3 3912 3910 3911 
3 706 3912 3911 
3 2235 2226 3912 
3 1173 1174 2852 
3 1173 3914 1174 
3 4031 1056 779 
3 4031 4032 1056 
3 4031 781 4032 
3 3920 1218 3825 
3 1302 3914 3920 
3 1302 3920 3825 
3 2852 1192 3990 
3 518 3231 3236 
3 1509 3922 611 
3 1623 1624 611 
3 3922 1623 611 
3 611 1624 1632 
3 1618 1617 903 
3 1618 3922 1617 
3 1509 1617 3922 
3 1513 3238 3160 
3 3225 3236 1513 
3 2720 3927 2355 
3 3126 740 4244 
3 1135 3252 4036 
3 1135 4036 126 
3 1489 893 4242 
3 4243 4242 893 
3 1490 1565 3928 
3 892 3928 1565 
3 4298 1605 4180 
3 1815 913 4107 
3 1815 4107 1947 
3 3933 713 2213 
3 2324 713 3933 
3 4346 4201 487 
3 238 4246 4000 
3 238 4000 3519 
3 4301 4246 238 
3 4301 238 4300 
3 1131 1121 3874 
3 654 3936 1131 
3 654 1131 3874 
3 654 3879 3609 
3 654 3609 3936 
3 3879 3934 3609 
3 4347 485 4201 
3 2794 3941 2790 
3 4022 1758 217 
3 1762 869 4022 
3 424 2790 3941 
3 2681 424 3941 
3 1284 3942 3031 
3 1284 3022 3942 
3 3022 3023 3942 
3 1303 3942 3023 
3 3058 890 3946 
3 3058 1792 890 
3 1605 3311 4016 
3 1289 4016 3311 
3 1789 3946 890 
3 1790 1789 890 
3 3944 3943 495 
3 1764 495 1763 
3 1493 3328 4023 
3 2366 4038 535 
3 640 2006 2003 
3 4190 2003 2006 
3 3221 3944 495 
3 3221 495 1764 
3 3221 1777 3944 
3 815 1603 1602 
3 3866 426 4098 
3 1255 3866 4098 
3 815 1600 3947 
3 1982 3950 2893 
3 1982 2895 2896 
3 2897 3950 1982 
3 2897 1982 2896 
3 3643 3952 1628 
3 3643 1628 3642 
3 580 3955 1687 
3 1688 580 1687 
3 1687 3955 1722 
3 580 1694 3955 
3 1693 1694 580 
3 512 1723 1722 
3 3955 512 1722 
3 1973 4123 928 
3 3952 1627 3953 
3 3952 3953 1628 
3 3954 1635 3644 
3 1628 3954 3644 
3 909 1635 3954 
3 3409 3412 3410 
3 3407 3958 1534 
3 3409 1534 3958 
3 65 3958 3957 
3 65 3409 3958 
3 2238 3965 831 
3 2238 831 2343 
3 2905 2863 3966 
3 2905 3966 2029 
3 2905 2029 2903 
3 2698 3967 1411 
3 809 3969 3507 
3 809 2366 3969 
3 3378 3969 2366 
3 3378 2365 3969 
3 1915 3972 2070 
3 3654 204 3971 
3 3654 3971 359 
3 1306 3070 3072 
3 4074 1306 3072 
3 2234 3975 2868 
3 2234 2868 2968 
3 3975 2869 2868 
3 3976 992 1047 
3 989 3976 1047 
3 989 1047 1048 
3 2305 678 2304 
3 2305 3977 678 
3 615 3690 1118 
3 615 1118 2303 
3 615 2303 3977 
3 754 3980 1908 
3 1889 754 1908 
3 1891 1889 1908 
3 754 1887 3980 
3 1886 1887 754 
3 3980 1887 1869 
3 1893 937 1894 
3 2276 80 2275 
3 827 335 4046 
3 827 123 335 
3 4045 4046 335 
3 2117 4168 2120 
3 2639 46 2638 
3 3992 400 973 
3 973 500 974 
3 3992 973 974 
3 975 974 500 
3 3332 3796 1300 
3 4113 3332 1300 
3 1501 4181 4341 
3 3135 3134 3995 
3 2586 220 2585 
3 3994 3993 2588 
3 3994 2588 369 
3 4294 2011 3392 
3 4294 3392 2012 
3 2179 3995 3114 
3 2179 3114 3132 
3 1118 3689 3997 
3 2000 3811 1999 
3 3999 2000 1999 
3 3999 3101 2000 
3 2323 4004 632 
3 2323 708 4004 
3 4004 2147 632 
3 4004 708 2147 
3 4001 1550 4002 
3 2023 4107 913 
3 2022 4107 2023 
3 3386 4099 3385 
3 2040 3385 4099 
3 1266 1245 4010 
3 1266 1267 1245 
3 2127 623 1134 
3 2127 4011 623 
3 623 2125 3252 
3 4014 2125 623 
3 2125 2123 624 
3 2125 4014 2123 
3 624 2123 2115 
3 625 2115 2123 
3 2124 625 2123 
3 2124 2123 4014 
3 4015 773 3058 
3 1778 3058 3946 
3 1778 4015 3058 
3 1778 3946 3943 
3 4015 3945 3050 
3 885 3050 3945 
3 3051 773 3050 
3 4015 3050 773 
3 1311 1312 3727 
3 3727 1312 655 
3 3940 1143 4021 
3 1144 1143 3490 
3 4021 1143 1144 
3 1493 3748 3747 
3 4027 6 3522 
3 3643 4219 3952 
3 634 2110 2105 
3 2435 4031 779 
3 2435 781 4031 
3 1918 1919 1566 
3 4220 1919 1918 
3 4017 3562 1242 
3 1242 4018 4017 
3 1807 3562 4017 
3 4017 425 1807 
3 1807 4037 1244 
3 1807 1244 3562 
3 2270 841 2275 
3 2270 2275 4042 
3 2279 4042 843 
3 2270 4042 2279 
3 2270 2267 841 
3 2638 2637 1217 
3 4237 2640 1217 
3 2638 1217 2640 
3 2477 4350 125 
3 2477 1013 4350 
3 2640 4237 1180 
3 4047 3840 2277 
3 848 3840 4047 
3 848 2245 3840 
3 4049 1564 1841 
3 4033 1841 1564 
3 4033 915 1841 
3 4188 2959 2001 
3 647 3934 4345 
3 1841 4050 4049 
3 1841 1839 4050 
3 915 1839 1841 
3 4189 2571 222 
3 1602 1603 4189 
3 3708 4053 656 
3 4291 591 2453 
3 4133 591 4291 
3 30 4054 3720 
3 4057 1310 416 
3 1299 3710 1310 
3 1299 1310 4057 
3 575 50 577 
3 204 3654 4058 
3 2334 4344 1840 
3 2334 1843 4344 
3 52 204 4058 
3 52 4058 323 
3 4287 1855 1433 
3 3101 4338 2000 
3 3101 956 4338 
3 2376 2375 2378 
3 4300 3520 503 
3 238 3519 3520 
3 238 3520 4300 
3 1093 4062 619 
3 3699 4065 3220 
3 3699 826 4065 
3 3090 307 4070 
3 3239 3230 4070 
3 3239 4070 307 
3 643 1188 4071 
3 1503 1504 894 
3 4073 1504 1503 
3 1232 3890 4137 
3 1503 3974 3973 
3 896 4073 1503 
3 689 845 2191 
3 1150 4221 4222 
3 4080 1056 3679 
3 4084 1127 3391 
3 3872 3873 1127 
3 1121 1131 502 
3 1122 1121 502 
3 1122 502 4081 
3 1122 4081 1137 
3 2137 2291 675 
3 3939 4087 1125 
3 1126 3940 3939 
3 1125 4087 4086 
3 1124 4087 4020 
3 4087 490 4020 
3 170 4084 4083 
3 2260 2932 4264 
3 1280 4247 3076 
3 1280 3818 4247 
3 897 3214 4090 
3 4090 4054 1490 
3 4090 3214 4054 
3 4156 1639 2834 
3 4156 1943 1942 
3 4156 1942 1639 
3 2588 13 4092 
3 2587 13 2588 
3 2588 3956 369 
3 2588 4092 3956 
3 3956 2604 369 
3 3993 2587 2588 
3 583 4096 1504 
3 4095 1504 4096 
3 3625 986 584 
3 584 986 985 
3 4179 545 3034 
3 1255 4098 1264 
3 1265 1264 4098 
3 293 3705 4303 
3 3245 3246 1583 
3 4303 3275 293 
3 1483 3275 4303 
3 1355 4101 4102 
3 1652 1653 791 
3 1651 1652 791 
3 4314 1356 4315 
3 145 3771 1232 
3 4109 1556 1528 
3 610 4109 1528 
3 273 4252 3286 
3 1001 994 4116 
3 3617 4174 1873 
3 909 1622 1635 
3 1622 4120 4119 
3 1622 4119 1635 
3 1622 1623 4120 
3 910 1619 1620 
3 1456 3314 4124 
3 1456 1455 3314 
3 1401 2745 2744 
3 1401 2744 1367 
3 2737 1367 2744 
3 2737 2738 1367 
3 555 2737 2743 
3 2737 2744 2743 
3 2744 1383 2743 
3 1367 1400 1401 
3 4126 1401 1400 
3 1010 3549 3550 
3 1053 4128 3550 
3 1055 779 4080 
3 4131 779 1055 
3 4131 1055 1023 
3 3221 1765 884 
3 1764 1765 3221 
3 1476 620 1475 
3 1776 1775 41 
3 4132 1775 1776 
3 3052 3049 1776 
3 3221 884 1777 
3 3839 4292 613 
3 3271 4137 731 
3 3124 740 3125 
3 3124 4140 740 
3 3124 2528 4140 
3 4093 4330 775 
3 1169 4142 1645 
3 1169 1645 3331 
3 1645 3330 3331 
3 895 4351 1511 
3 1499 1511 4351 
3 1647 1644 4142 
3 1647 1180 1644 
3 419 4142 1644 
3 3692 3551 497 
3 1079 4144 1003 
3 1078 1079 1003 
3 1573 4077 4145 
3 4153 493 875 
3 4129 875 493 
3 2852 1174 4148 
3 3083 1164 4151 
3 3083 4151 3082 
3 644 4150 3081 
3 4151 1164 4071 
3 1172 4071 1188 
3 1172 4151 4071 
3 1865 4235 3924 
3 1748 1747 3446 
3 4159 1747 1748 
3 3449 221 3448 
3 3449 3448 1747 
3 3450 1747 4159 
3 3450 3449 1747 
3 452 4159 3675 
3 2501 1567 2500 
3 452 2617 3451 
3 452 3451 4159 
3 3451 3450 4159 
3 3451 1749 3450 
3 1749 3449 3450 
3 3599 3596 1913 
3 4167 1517 1526 
3 4167 1516 1517 
3 4167 901 1516 
3 1526 3418 901 
3 1526 901 4167 
3 4171 360 361 
3 361 4170 4171 
3 361 1664 4170 
3 874 4324 4129 
3 4013 4174 1901 
3 1025 4268 2404 
3 4268 2395 1024 
3 4268 1024 2390 
3 4268 2390 2404 
3 1361 4256 922 
3 941 4175 1971 
3 1902 4175 4174 
3 4175 1901 4174 
3 4203 4240 1430 
3 2981 4331 1329 
3 2981 1329 2979 
3 4340 124 3321 
3 1676 4340 3321 
3 900 4181 1501 
3 1511 4181 900 
3 1010 3982 3983 
3 4186 345 1515 
3 864 1796 1797 
3 4345 3934 646 
3 4050 4187 1840 
3 1839 4187 4050 
3 4028 766 4339 
3 1961 4339 766 
3 4189 222 2584 
3 1602 4189 2584 
3 2004 4190 959 
3 3620 2004 959 
3 1033 2406 2408 
3 1033 2408 4192 
3 2987 1138 4193 
3 4194 2064 3871 
3 3871 1972 4194 
3 1972 3612 2063 
3 4194 1972 2063 
3 2954 2064 4195 
3 2954 4195 959 
3 959 4195 2063 
3 4195 4194 2063 
3 2064 4194 4195 
3 2846 4203 1423 
3 1424 4203 2846 
3 1075 1074 4204 
3 1075 4204 1004 
3 1069 4204 1068 
3 1069 1068 333 
3 1068 1065 333 
3 1069 2988 4204 
3 2033 2518 2517 
3 4206 2517 2518 
3 3142 2518 2033 
3 2521 2517 2032 
3 637 2132 2133 
3 4207 637 2133 
3 2291 637 4207 
3 499 4208 568 
3 568 4208 567 
3 568 567 397 
3 498 4208 3656 
3 4210 1515 1512 
3 1511 1515 4210 
3 900 1515 1511 
3 2433 4342 4316 
3 4342 2431 4316 
3 1511 4210 895 
3 4211 3237 3236 
3 1365 4212 1344 
3 1365 1344 1364 
3 1370 3741 4212 
3 1359 3738 3741 
3 4212 3741 3738 
3 2845 4214 1345 
3 1423 4214 2845 
3 1423 3742 4214 
3 4215 1371 3817 
3 555 2729 2737 
3 4217 870 4048 
3 411 874 887 
3 411 887 2851 
3 2851 887 4205 
3 343 870 4217 
3 343 863 870 
3 2224 4218 609 
3 2224 609 2223 
3 2233 4218 2225 
3 4220 2072 29 
3 2073 29 2072 
3 4222 4223 1148 
3 1276 1149 3217 
3 1151 4223 597 
3 4222 597 4223 
3 4229 609 2233 
3 2229 609 4229 
3 4059 684 3858 
3 4285 3744 3743 
3 1431 3744 4285 
3 4285 3743 660 
3 169 2986 4234 
3 1100 4234 2986 
3 4350 4163 125 
3 4236 1332 1322 
3 1417 1322 1332 
3 1821 1323 4236 
3 4238 1190 3979 
3 3904 1153 4238 
3 3851 0 3850 
3 2397 3672 2439 
3 3672 589 2439 
3 589 2440 2439 
3 2439 2440 2446 
3 3850 1190 4238 
3 4238 1153 3850 
3 3851 3850 1153 
3 4251 3887 854 
3 3886 854 3887 
3 4249 651 506 
3 4075 1432 4302 
3 4075 4287 1432 
3 863 520 861 
3 863 861 4251 
3 4115 861 520 
3 101 3887 861 
3 4251 861 3887 
3 4251 870 863 
3 520 863 4184 
3 632 2147 4259 
3 632 4259 4168 
3 3210 1487 4263 
3 1969 1458 4262 
3 1969 1958 1458 
3 4262 1440 1969 
3 2515 4266 3335 
3 4266 2516 3335 
3 2517 2516 4266 
3 2517 4266 2033 
3 4161 891 3074 
3 1451 4161 3074 
3 2192 2221 687 
3 2261 670 4271 
3 2261 4271 636 
3 1577 1576 4272 
3 1577 4134 1576 
3 3438 1798 1576 
3 4272 1576 1798 
3 1577 4272 4161 
3 3262 996 4277 
3 227 3262 4277 
3 3792 1608 4279 
3 1608 3638 4279 
3 3792 4279 87 
3 3792 87 3793 
3 87 4016 1604 
3 1289 1604 4016 
3 3179 4280 1595 
3 3179 1597 4280 
3 3171 510 4280 
3 1597 3171 4280 
3 4281 1259 2290 
3 4281 2290 715 
3 4284 2985 958 
3 4284 2007 2985 
3 958 2004 4284 
3 4284 2004 3619 
3 4284 3619 2007 
3 847 4286 684 
3 847 684 4059 
3 3379 2369 4288 
3 3379 535 2369 
3 2549 622 4289 
3 2549 4289 1133 
3 939 1905 1917 
3 956 4294 2964 
3 956 2964 2965 
3 4294 2012 2964 
3 2011 4294 3101 
3 3393 2011 3098 
3 4163 4295 1011 
3 3730 590 4296 
3 3730 2473 590 
3 1658 4297 3929 
3 1658 2485 4297 
3 1658 2484 2485 
3 1609 4298 4180 
3 774 4298 1966 
3 1609 1966 4298 
3 674 51 4347 
3 4301 487 4201 
3 4301 4201 485 
3 3095 2043 2042 
3 926 4302 3095 
3 926 3095 4102 
3 4102 4101 926 
3 926 3740 4302 
3 3740 3744 1431 
3 4302 3740 1431 
3 15 1084 1083 
3 4309 1084 15 
3 3683 15 3682 
3 4309 15 3683 
3 3681 3682 15 
3 3681 15 3680 
3 3680 15 1083 
3 1085 4309 3683 
3 4310 4311 617 
3 1094 4311 4310 
3 2327 617 4311 
3 2327 4311 1095 
3 3888 1095 4311 
3 3888 4311 1094 
3 3848 1295 4312 
3 3848 4312 1293 
3 1360 4313 4314 
3 4102 1360 4314 
3 4313 1356 4314 
3 1361 1356 4313 
3 3059 3060 772 
3 1356 1361 1402 
3 1361 922 1402 
3 1355 4315 3751 
3 924 3751 4315 
3 924 4315 1662 
3 1662 1356 1402 
3 4315 1356 1662 
3 4317 798 3015 
3 4317 3015 2432 
3 4316 4317 2432 
3 4316 2432 4318 
3 2433 4318 3307 
3 2433 4316 4318 
3 3315 1457 771 
3 4319 1457 3315 
3 3062 1457 4319 
3 4296 590 4295 
3 590 4322 4321 
3 4295 590 4321 
3 4322 1009 4321 
3 227 3983 1009 
3 3264 1009 4322 
3 227 1009 3264 
3 1007 3264 4322 
3 3262 227 3264 
3 1007 2473 2470 
3 4322 2473 1007 
3 590 2473 4322 
3 4295 4321 1011 
3 1214 2928 2524 
3 4326 2524 2928 
3 2511 2510 3623 
3 718 2510 2511 
3 718 2511 3628 
3 2513 3323 850 
3 4141 2305 4329 
3 4329 2305 2308 
3 2308 616 4329 
3 2312 3889 616 
3 4329 616 3889 
3 2306 4329 3889 
3 1907 3435 3436 
3 2135 4336 2286 
3 2134 2286 4336 
3 2134 4336 3948 
3 3948 618 2301 
3 4336 618 3948 
3 2364 3503 4337 
3 4337 3503 349 
3 808 3508 3507 
3 3969 2365 4337 
3 3969 349 3507 
3 3969 4337 349 
3 2364 4337 3373 
3 2364 3373 878 
3 2476 4342 2433 
3 4345 3526 6 
3 3526 4345 646 
3 4345 3722 647 
3 6 3722 4345 
3 485 4347 4245 
3 3316 4349 1446 
3 4133 4296 1012 
3 4350 4133 1012 
3 4296 4295 1012 
3 1012 4163 4350 
3 1012 4295 4163 
3 1013 4133 4350 
3 4353 3854 768 
3 4353 1445 3854 
3 3307 4354 1659 
3 3307 797 4354 
3 3307 4318 797 
3 2554 2547 2546 
3 155 19 156 
3 4012 1872 933 
3 554 2767 2765 
3 786 784 86 
3 4246 485 4245 
3 139 111 243 
3 378 376 259 
3 4289 2127 1134 
3 372 373 324 
3 325 324 373 
3 3331 3330 1294 
3 153 269 472 
3 3717 3715 466 
3 231 61 230 
3 231 55 61 
3 4274 2396 2394 
3 4274 1029 2396 
3 304 95 297 
3 1025 2401 2400 
3 1025 2400 2399 
3 3222 4348 777 
3 4209 4348 3222 
3 3457 3926 3466 
3 825 3457 3466 
3 3975 706 2869 
3 171 324 109 
3 85 109 324 
3 1535 3406 3408 
3 1 148 34 
3 308 388 189 
3 251 368 469 
3 182 25 107 
3 70 182 107 
3 134 294 118 
3 34 311 309 
3 19 12 118 
3 233 191 28 
3 233 28 232 
3 8 27 114 
3 279 114 27 
3 210 58 211 
3 2593 2594 1553 
3 3904 1188 643 
3 3903 3904 643 
3 278 76 364 
3 2218 2216 2217 
3 56 388 308 
3 1085 3683 3684 
3 825 3466 3472 
3 1236 1234 4008 
3 1236 4008 742 
3 105 28 3 
3 2066 2067 1568 
3 2066 1568 2072 
3 254 143 311 
3 254 311 253 
3 391 140 269 
3 295 74 294 
3 119 295 294 
3 1075 1076 36 
3 836 2284 3752 
3 4059 836 3752 
3 1588 1593 3863 
3 467 468 23 
3 366 467 23 
3 12 19 155 
3 468 467 249 
3 2350 2349 831 
3 2350 831 4147 
3 55 444 448 
3 55 448 374 
3 78 155 156 
3 366 173 467 
3 102 77 202 
3 408 202 77 
3 294 134 119 
3 2454 1020 2453 
3 134 118 12 
3 277 327 239 
3 398 177 190 
3 381 192 380 
3 3524 650 3522 
3 55 374 172 
3 55 172 61 
3 318 195 321 
3 318 321 320 
3 1022 2458 2457 
3 2396 2397 1017 
3 414 3758 3757 
3 1196 3757 3758 
3 20 445 248 
3 444 248 445 
3 3902 3901 38 
3 3902 1038 3901 
3 72 375 139 
3 72 139 114 
3 194 321 110 
3 194 110 196 
3 722 2989 3384 
3 1145 2407 3772 
3 159 158 78 
3 159 78 62 
3 25 24 14 
3 3830 3347 982 
3 202 248 231 
3 202 231 102 
3 3043 1286 3065 
3 3043 3065 3064 
3 1048 3725 531 
3 4245 51 484 
3 4347 51 4245 
3 9 277 239 
3 1892 1893 938 
3 1892 938 3839 
3 186 109 85 
3 296 167 316 
3 74 296 316 
3 434 260 386 
3 37 278 365 
3 19 24 25 
3 156 19 25 
3 619 2429 3657 
3 619 3657 3658 
3 185 109 186 
3 20 203 481 
3 446 20 481 
3 228 287 285 
3 292 287 228 
3 3510 144 2378 
3 1732 404 1738 
3 3152 3153 3166 
3 168 91 165 
3 168 405 91 
3 86 131 90 
3 199 90 131 
3 3851 1152 4265 
3 848 2330 2247 
3 3519 3523 504 
3 3519 3517 3523 
3 367 282 280 
3 367 280 37 
3 406 354 405 
3 19 118 24 
3 260 113 380 
3 438 263 437 
3 2239 2240 729 
3 1729 1732 352 
3 1729 1730 1732 
3 3718 466 785 
3 1655 966 4088 
3 1803 4088 966 
3 135 479 158 
3 135 158 159 
3 456 353 149 
3 456 149 455 
3 182 128 157 
3 183 128 182 
3 377 305 259 
3 3982 4352 1011 
3 57 11 165 
3 33 11 57 
3 466 3715 3716 
3 784 783 86 
3 839 3855 3856 
3 839 3856 3857 
3 270 246 271 
3 245 270 271 
3 275 62 156 
3 447 446 250 
3 447 445 446 
3 2131 2137 2130 
3 636 2131 2130 
3 278 364 365 
3 2583 2582 220 
3 2583 220 3993 
3 82 480 135 
3 2867 2968 2868 
3 51 3737 484 
3 389 390 301 
3 183 357 128 
3 210 357 183 
3 1760 792 1759 
3 4141 2306 2309 
3 2113 2112 626 
3 1725 1727 1718 
3 1725 1726 1727 
3 245 271 141 
3 903 1508 1507 
3 1617 1508 903 
3 1520 3399 3400 

