# vtk DataFile Version 4.2
vtk output
ASCII
DATASET POLYDATA
POINTS 2986 float
-209.415 76.8741 93.8475 -209.182 89.4628 81.763 -208.99 71.8119 77.9647 
-208.17 85.2861 64.8309 -208.083 59.6567 91.8507 -207.689 66.4208 107.944 
-207.501 92.1168 94.9984 -206.888 66.7928 61.497 -206.559 48.7381 106.511 
-206.519 83.357 108.693 -206.413 54.0964 75.6142 -206.132 80.5199 47.9642 
-205.781 42.1898 90.0819 -205.455 56.3103 122.757 -205.002 31.0458 104.9 
-204.829 61.3179 44.7195 -204.784 38.4185 121.432 -204.466 73.9085 123.419 
-204.297 48.5845 59.0805 -204.064 75.0631 30.9964 -204.044 7.96528 166.45 
-203.867 36.4127 73.5077 -203.864 25.973 168.607 -203.782 20.4852 119.886 
-203.749 46.4939 137.99 -203.651 18.3025 151.655 -203.612 28.3811 136.536 
-203.564 24.5991 88.2175 -203.447 36.589 153.347 -203.178 55.7157 27.8281 
-203.151 10.1924 135.029 -203.066 13.3128 103.182 -202.853 0.002167 150.048 
-202.701 42.8397 42.2445 -202.624 64.7018 139.046 -202.3 2.52013 118.284 
-202.049 -10.6866 165.096 -202.001 30.7071 56.8472 -201.971 69.0167 13.9636 
-201.806 44.4785 170.322 -201.739 -8.04758 133.63 -201.62 18.6527 71.4363 
-201.565 49.9643 10.8331 -201.362 98.2693 53.246 -201.317 54.8798 154.626 
-201.211 37.0853 25.4 -201.179 101.051 71.628 -201.103 6.98326 86.3502 
-201.023 -18.4096 149.061 -200.723 24.6724 40.0931 -200.711 -3.11393 178.981 
-200.705 -4.42254 101.418 -200.677 14.1076 182.317 -200.282 -15.4227 116.735 
-200.264 31.2464 8.43258 -200.252 43.9549 -6.10726 -200.182 93.6275 35.54 
-199.967 12.5933 54.8532 -199.957 100.307 89.6913 -199.86 62.9901 -3.10341 
-199.714 -26.1068 132.331 -199.591 18.762 23.2477 -199.433 0.743213 69.6438 
-199.397 25.3696 -8.71772 -199.001 -10.8964 84.5868 -198.819 6.54223 38.1595 
-198.785 90.3155 122.165 -198.667 97.9911 106.549 -198.642 -22.3506 99.7258 
-198.627 12.9223 6.11066 -198.603 -36.3991 148.14 -198.47 38.0201 -23.1888 
-198.33 -33.4103 115.158 -198.227 -5.53132 53.0194 -198.044 32.6686 184.589 
-197.965 0.64836 21.1757 -197.813 87.4202 18.3476 -197.809 -17.4608 67.9866 
-197.784 7.07769 -11.5355 -197.716 19.5216 -26.1432 -197.638 -29.2711 83.0563 
-197.565 -11.5873 36.1486 -197.459 -40.699 98.2729 -197.422 56.9513 -20.1442 
-197.415 -5.19135 3.41462 -197.413 -29.4456 169.744 -197.368 -23.7679 51.1775 
-197.343 -44.0382 130.907 -197.33 81.6559 138.104 -197.314 -35.9041 66.4017 
-197.249 -17.3104 18.5283 -197.211 -29.584 33.7293 -197.206 -47.9388 81.4673 
-197.2 -41.9873 49.1648 -197.094 -54.5241 64.4572 -196.825 -60.4326 46.9266 
-196.812 -47.6725 31.7038 -196.791 -35.1794 16.1531 -196.66 -23.1852 0.051682 
-196.538 -11.119 -15.4515 -196.527 -51.5407 113.781 -196.231 -59.149 96.6427 
-196.192 1.25618 -29.7117 -196.177 -66.8901 79.5783 -195.821 81.2572 1.10248 
-195.661 72.4787 154.24 -195.596 32.0892 -40.3247 -195.221 -73.2503 62.0292 
-195.04 -17.015 183.669 -194.904 13.7232 -43.7458 -194.797 -52.7538 14.6334 
-194.518 -41.0182 -3.17909 -194.341 -65.7519 29.5816 -194.211 50.6925 -36.9976 
-193.921 -54.2685 147.094 -193.839 -16.965 -34.1893 -193.684 -29.344 -20.1818 
-193.359 -4.48568 -47.8362 -193.339 62.0224 169.827 -193.301 -43.9941 163.21 
-193.005 75.3694 -16.0519 -192.993 -61.8959 129.615 -192.526 -78.5325 44.3471 
-192.207 26.1955 -57.5541 -191.997 -68.8639 112 -191.816 7.98557 -61.4217 
-191.676 0.812087 191.788 -191.311 -77.3138 94.9406 -190.581 44.6573 -53.9207 
-190.567 -56.7846 -0.45155 -190.424 -22.5973 -52.4648 -190.26 -10.0775 -65.7569 
-190.143 -84.5104 77.34 -190.067 50.5021 184.569 -189.567 69.1262 -32.9605 
-189.439 -35.0053 -39.2502 -189.244 19.1388 195.217 -188.958 108.525 81.4553 
-188.951 -69.6056 13.1002 -188.895 20.3901 -74.8673 -188.827 2.40356 -79.0523 
-188.46 107.015 42.5066 -188.309 109.393 61.2578 -188.084 -47.4216 -26.1862 
-187.723 106.943 100.038 -187.671 102.731 24.5906 -187.526 -90.1036 59.3185 
-187.233 38.5963 -70.936 -187.019 -82.3173 27.143 -186.914 -15.383 -83.4313 
-186.831 -27.8308 -70.3241 -186.745 102.047 117.429 -186.572 95.3265 134.216 
-186.211 97.4585 6.95251 -185.818 -46.804 -377.192 -185.703 62.6166 -49.6633 
-185.604 -40.1977 -57.317 -185.588 14.7785 -92.1845 -185.561 -64.165 -380.447 
-185.514 -2.90246 -96.5441 -185.414 -60.2568 -14.9128 -185.242 86.8132 150.547 
-185.203 -42.148 -358.731 -185.17 -39.9095 -237.942 -185.148 -57.8114 -362.173 
-185.077 -26.0408 -250.808 -184.893 -21.9124 -232.735 -184.828 -44.093 -255.972 
-184.71 -30.9627 -373.626 -184.371 -30.1165 -269.033 -184.313 -27.8482 -354.985 
-183.907 -35.6862 -219.97 -183.884 91.4448 -10.3257 -183.845 -51.7814 -343.783 
-183.641 32.6204 -87.9381 -183.636 -20.3968 -100.991 -183.617 -32.8263 -87.9479 
-183.436 -39.3745 -340.438 -183.329 -52.3619 -44.4305 -183.288 -57.8936 -242.987 
-183.279 -35.3079 -392.602 -183.233 -52.9523 -395.667 -183.221 -75.1822 -365.408 
-183.121 -30.6391 185.43 -183.028 -26.9675 -337.093 -182.992 -53.5571 -225.024 
-182.985 37.0375 196.011 -182.855 -47.92 -274.222 -182.778 -34.2117 -287.389 
-182.774 77.3139 166.403 -182.762 -12.4236 -263.682 -182.738 -8.35203 -245.477 
-182.726 -72.9487 -2.96386 -182.647 -94.1542 41.6731 -182.446 -44.0539 -324.734 
-182.446 -82.0031 -383.104 -182.351 -44.7717 173.697 -182.317 56.2908 -66.5316 
-182.289 -18.0626 -214.834 -182.167 -45.0677 -74.9412 -182.117 -15.4499 -368.998 
-182.111 -38.5282 -306.013 -182.093 -8.10892 -113.858 -182.052 9.25315 -109.337 
-181.891 -18.7204 -388.144 -181.851 -23.8711 -318.89 -181.665 -16.5318 -281.973 
-181.535 -12.2494 -349.812 -181.526 -68.5786 -347.647 -181.507 -61.7525 -261.051 
-181.411 -71.0728 -398.511 -181.268 -4.49419 -227.407 -181.25 -55.8366 158.913 
-181.244 -49.0426 -207.195 -181.135 85.3745 -27.4486 -181.13 -31.4369 -202.198 
-181.11 -51.9771 -292.537 -181.079 -20.5016 -300.479 -180.934 -13.9636 194.928 
-180.763 -37.6681 -105.537 -180.759 -65.6245 142.985 -180.635 -25.4269 -118.387 
-180.621 -64.4639 -31.6568 -180.495 -62.4228 -329.597 -180.485 -56.5898 -311.018 
-180.072 -74.2574 126.047 -180.038 -85.2459 10.5145 -179.894 -71.3552 -229.931 
-179.827 26.7129 -104.883 -179.709 -9.48994 -331.208 -179.676 -82.5917 108.803 
-179.51 -57.0117 -61.9619 -179.288 66.4662 181.384 -179.261 -49.8423 -92.5099 
-179.246 50.1745 -83.5299 -179.084 -13.3756 -131.122 -178.963 -44.4752 -189.457 
-178.929 -65.4619 -279.198 -178.922 -66.6766 -212.049 -178.813 -90.4456 91.5444 
-178.764 -14.3979 -196.97 -178.712 -75.5097 -247.957 -178.533 3.74655 -126.418 
-178.491 -6.64353 -312.844 -178.469 -27.4087 -184.362 -178.356 -3.2272 -381.633 
-178.253 4.60206 -258.018 -178.141 0.612628 -276.245 -178.096 -30.4741 -135.869 
-178.087 -92.4383 -368.724 -177.919 79.0266 -44.3717 -177.907 -42.4918 -123.07 
-177.749 0.749916 -362.37 -177.745 -1.24006 -209.507 -177.606 -40.0171 -171.557 
-177.587 -61.8943 -194.255 -177.556 -85.3473 -351.287 -177.541 4.32178 201.128 
-177.527 -3.32912 -294.48 -177.277 -88.9324 -400.869 -177.24 8.4109 -239.891 
-177.24 -76.4579 -19.2309 -177.181 -97.4119 74.0526 -177.167 -69.4316 -297.347 
-176.956 -18.5767 -148.57 -176.921 -35.3967 -153.606 -176.918 -99.5759 -386.223 
-176.907 -23.256 -166.425 -176.7 115.454 72.5643 -176.639 -54.5276 -110.187 
-176.544 -10.7082 -179.104 -176.496 3.97777 -343.345 -176.386 -79.148 -333.61 
-176.351 -57.088 -176.467 -176.33 -97.1672 24.382 -176.192 -61.5738 -79.4753 
-176.164 20.8227 -121.788 -176.137 -68.7034 -48.9845 -176.096 -47.4318 -140.741 
-176.09 -73.8052 -315.509 -176.051 -79.192 -265.967 -175.957 -1.76438 -143.61 
-175.95 113.629 92.0313 -175.783 43.957 -100.391 -175.778 -23.4802 -406.919 
-175.703 -5.96129 -400.515 -175.606 -52.3303 -158.58 -175.524 -6.54907 -161.273 
-174.773 72.6944 -61.3187 -174.64 11.7294 -221.887 -174.464 -84.0495 -216.891 
-174.373 6.56374 -324.774 -174.264 110.647 110.212 -174.257 -103.127 56.4393 
-174.236 -41.6783 -408.22 -174.194 1.92614 -191.609 -174.113 -88.6974 -234.82 
-174.057 -59.2689 -127.814 -173.945 53.8037 194.341 -173.752 -88.2839 -6.12691 
-173.708 -79.0471 -199.075 -173.679 -66.308 -97.1474 -173.333 105.561 127.796 
-173.322 22.6813 204.363 -173.264 15.0862 -138.852 -173.161 114.369 31.9568 
-173.129 -82.7095 -283.976 -173.088 -74.1447 -181.243 -173.074 110.147 14.1014 
-172.95 9.45652 -306.453 -172.809 -64.255 -145.612 -172.602 -69.1929 -163.426 
-172.591 9.84873 -391.576 -172.533 98.5771 144.716 -172.362 5.70998 -173.889 
-172.346 117.187 50.0153 -172.328 -72.9786 -66.4164 -172.314 -80.2017 -36.0271 
-172.271 37.8316 -117.251 -172.176 13.8918 -373.745 -172.17 66.644 -78.46 
-172.047 16.7033 -270.077 -172 12.7457 -288.17 -171.966 9.99257 -156.23 
-171.838 -92.6658 -252.794 -171.576 104.771 -3.4076 -171.208 -71.0705 -114.847 
-171.055 17.4825 -354.778 -171.014 14.5648 -203.979 -171.01 -86.579 -301.885 
-170.998 -101.338 -354.791 -170.906 20.3626 -252.059 -170.886 -94.9823 -337.084 
-170.743 -59.8556 -409.292 -170.653 -105.394 -403.369 -170.531 90.3071 161.008 
-170.196 -108.805 -372.386 -170.191 -90.271 -319.625 -169.827 -107.288 38.6692 
-169.783 -99.9856 7.47248 -169.665 99.0456 -20.8031 -169.304 60.4945 -95.4912 
-169.242 -77.4945 -84.0788 -169.141 19.7602 -336.206 -169.002 -75.8033 -132.556 
-168.843 23.7592 -234.15 -168.736 31.7547 -134.14 -168.49 -96.2363 -270.719 
-168.144 119.303 66.6935 -168.134 17.9223 -186.294 -168.026 -80.7634 -150.338 
-167.992 -95.8312 -203.79 -167.989 -91.406 -22.9665 -167.898 -90.8468 -185.945 
-167.803 -100.773 -221.641 -167.783 -85.8192 -168.142 -167.782 -84.0558 -53.2786 
-167.683 7.4543 -410.49 -167.495 80.565 176.432 -167.429 93.1651 -38.0779 
-167.259 23.2328 -380.029 -167.198 22.1719 -398.98 -167.198 -41.1364 181.622 
-166.824 21.8639 -317.932 -166.792 -115.555 -390.571 -166.77 26.2348 -151.278 
-166.744 -53.6209 168.117 -166.648 -26.3456 193.016 -166.605 21.6539 -168.69 
-166.604 -82.3765 -101.721 -166.588 40.0928 204.957 -166.309 -64.048 152.972 
-166.13 54.1799 -112.398 -165.965 -74.0487 137.094 -165.898 -77.4129 -410.029 
-165.854 -105.009 -239.555 -165.767 26.7336 -216.329 -165.5 -83.4684 120.772 
-165.207 24.5534 -299.733 -165.023 87.2521 -55.327 -165.015 -99.5932 -288.61 
-164.972 -92.4153 104.209 -164.603 -9.9608 202.254 -164.336 -87.2156 -119.423 
-164.215 -110.715 21.2651 -164.148 27.8656 -281.597 -164.076 119.582 83.8711 
-164.028 -88.294 -70.9036 -163.834 -100.571 87.4165 -163.614 -102.688 -9.58877 
-163.465 31.2325 -365.94 -163.447 69.3716 190.825 -163.186 -108.964 -257.481 
-163.153 -9.97575 -413.031 -163.027 -94.8597 -40.1127 -162.953 31.21 -263.659 
-162.813 81.5419 -72.6962 -162.737 -92.0456 -137.176 -162.64 -109.424 -340.454 
-162.635 47.8027 -129.194 -162.539 -104.92 -323.173 -162.452 29.5998 -198.567 
-162.343 32.5739 -386.313 -162.224 32.8392 -347.131 -162.183 -107.921 70.3972 
-161.832 -104.844 -306.618 -161.723 -96.8922 -154.966 -161.643 -115.944 -358.143 
-161.534 117.766 101.895 -161.394 7.61953 208.626 -161.36 -102.017 -172.74 
-161.087 -93.1035 -88.5865 -160.924 34.531 -245.948 -160.814 -106.952 -190.572 
-160.579 75.6963 -89.9917 -160.125 -111.847 -208.426 -160.119 32.876 -180.908 
-160.103 114.009 120.017 -159.89 34.4073 -328.919 -159.808 41.7674 -146.173 
-159.484 -113.833 52.931 -159.33 -28.9319 -414.32 -159.021 36.7718 -163.439 
-158.914 108.596 137.43 -158.894 -122.768 -376.188 -158.843 -94.8398 -409.282 
-158.788 -112.527 -275.311 -158.738 -116.426 -226.295 -158.725 37.8255 -228.305 
-158.57 -98.0693 -106.258 -158.323 -113.669 3.96449 -158.277 34.4347 -405.436 
-158.136 -98.4782 -57.6238 -157.849 20.2882 -414.754 -157.781 -105.438 -26.8048 
-157.771 69.4598 -107.125 -157.744 119.969 21.8146 -157.653 56.4239 203.177 
-157.583 115.741 4.0029 -157.506 36.3584 -310.85 -157.344 101.625 154.4 
-156.755 25.4108 212.22 -156.713 123.158 39.775 -156.439 -102.872 -124.007 
-156.309 110.368 -13.5217 -156.203 -120.572 -244.208 -155.734 -118.892 35.38 
-155.582 40.5445 -210.658 -155.464 -47.4296 -413.389 -155.313 38.5331 -292.844 
-155.281 -115.582 -325.781 -154.983 93.2732 170.61 -154.914 105.076 -31.071 
-154.913 124.988 57.7091 -154.833 -107.654 -141.781 -154.756 -112.555 -405.177 
-154.735 63.0024 -124.082 -154.519 -103.172 -75.3662 -154.226 45.9496 -376.973 
-154.169 -116.863 -293.183 -154.025 -112.581 -159.531 -153.946 45.7972 -357.919 
-153.608 41.2531 -274.9 -153.4 46.5819 -395.501 -153.132 99.5214 -48.5248 
-153.096 -117.47 -177.349 -152.544 -122.667 -343.68 -152.536 -124.434 -261.983 
-152.446 -116.27 -13.3884 -152.414 43.3054 -192.99 -152.127 -108.455 -44.2886 
-152.001 125.226 75.3716 -151.999 -126.706 -394.506 -151.757 46.5491 -339.666 
-151.7 -122.107 -195.195 -151.694 -108.157 -93.107 -151.625 56.5167 -140.882 
-151.589 83.0944 185.678 -151.565 2.97692 -416.978 -151.547 94.3196 -66.1646 
-151.485 43.9999 -257.245 -151.091 -49.2239 175.552 -151.032 -123.021 17.8392 
-151.019 -60.8917 161.606 -150.878 -36.2959 188.258 -150.865 -71.8003 146.781 
-150.642 -82.1768 131.386 -150.477 -65.0958 -412.465 -150.395 46.6475 -175.423 
-150.281 -92.2104 115.755 -150.234 -126.785 -213.048 -150.072 -129.253 -361.656 
-149.912 42.355 212.895 -149.897 50.8926 -158.012 -149.896 -21.8354 199.367 
-149.727 88.9133 -83.7765 -149.55 -101.505 99.732 -149.192 47.2056 -239.93 
-149.177 -113.008 -110.86 -149.066 124.286 93.2281 -148.848 -123.258 -311.418 
-148.564 47.5355 -321.817 -148.265 -109.737 83.2028 -148.121 -131.149 -230.873 
-147.999 -6.11037 208.702 -147.483 -112.641 -62.1018 -147.432 48.1114 -412.916 
-147.387 -127.999 -279.691 -147.367 83.0435 -101.269 -147.172 -117.8 -128.633 
-147.094 71.4523 199.431 -146.917 50.3778 -222.392 -146.794 121.426 111.442 
-146.563 -117.094 66.2811 -146.237 -118.583 -30.8947 -145.977 32.762 -418.43 
-145.919 -15.2018 -416.236 -145.911 -126.312 0.173169 -145.807 48.9215 -303.957 
-145.763 -122.632 -146.406 -145.111 -134.501 -379.765 -145.086 117.063 129.262 
-145.057 57.4925 -404.777 -145.005 -135.192 -248.668 -144.953 10.5678 215.764 
-144.856 -82.8182 -411.02 -144.759 76.7845 -118.573 -144.683 -127.427 -164.174 
-144.402 60.0095 -387.913 -144.105 -117.583 -79.9347 -144.064 -123.451 49.0468 
-144.036 -129.564 -329.413 -143.783 52.7804 -204.839 -143.781 59.0036 -368.953 
-143.502 111.308 146.733 -143.04 -131.94 -182.005 -142.976 50.3244 -286.143 
-142.408 58.5973 -350.278 -142.26 124.573 11.7227 -141.991 -131.851 -297.342 
-141.919 70.319 -135.604 -141.913 119.979 -6.03554 -141.557 -122.71 -97.709 
-141.545 104.068 163.563 -141.425 128.05 29.7052 -141.105 -136.317 -199.846 
-141.048 55.6285 -187.324 -141.045 114.896 -23.6487 -140.886 -33.7624 -415.017 
-140.854 58.1943 210.774 -140.854 -129.273 31.627 -140.708 -135.001 -347.123 
-140.6 52.4527 -268.409 -140.589 -138.701 -266.29 -140.406 -121.77 -48.7183 
-140.229 -101.177 -408.838 -140.223 27.6375 219.877 -140.056 15.7155 -419.17 
-140.04 -128.61 -17.4241 -139.963 109.941 -41.3245 -139.888 130.264 47.8633 
-139.842 64.089 -152.509 -139.467 59.2849 -169.84 -139.334 58.7114 -332.308 
-139.252 -140.933 -217.634 -139.071 -127.461 -115.488 -138.805 105.14 -59.0665 
-138.631 95.1566 179.329 -138.212 131.016 66.0484 -138.156 54.9939 -251.082 
-137.918 -119.538 -405.515 -137.291 100.143 -76.915 -137.203 -132.254 -133.289 
-137.133 -134.274 14.0199 -136.505 -140.799 -365.15 -136.504 -145.076 -235.357 
-136.491 -137.016 -315.145 -136.157 63.8619 -415.278 -135.895 -51.8017 -413.586 
-135.86 -126.271 -66.7737 -135.719 130.406 84.1374 -135.703 57.8371 -233.892 
-135.662 -136.946 -151.071 -135.399 58.4546 -314.824 -135.363 -80.0302 141.49 
-135.362 -68.8462 155.998 -135.213 94.7627 -94.8372 -135.206 -57.1428 169.904 
-135.161 -134.614 -396.081 -135.151 -90.6753 126.514 -135.075 -141.762 -283.711 
-134.9 -44.7831 182.975 -134.884 84.7167 193.924 -134.63 -100.67 111.103 
-134.264 -31.5974 195.032 -133.875 -141.335 -168.86 -133.81 71.6759 -400.22 
-133.744 -1.95911 -417.63 -133.681 -109.781 95.1279 -133.675 -130.68 -35.1756 
-133.651 47.2876 -422.366 -133.434 44.3285 220.597 -133.331 128.004 102.331 
-133.248 -17.5422 205.951 -133.226 60.7669 -216.488 -132.961 -131.521 -84.6408 
-132.907 -148.885 -252.998 -132.581 88.6745 -112.608 -132.548 -137.792 -3.82465 
-132.391 -118.065 78.6862 -132.182 59.2055 -297.238 -131.78 -145.594 -186.698 
-131.719 70.2297 -361.179 -131.714 -141.622 -332.716 -131.609 -2.67737 215.753 
-131.461 72.9824 -382.2 -131.172 124.469 120.437 -131.065 -69.8737 -411.882 
-130.599 63.5435 -199.09 -130.581 -125.41 61.8483 -130.52 -136.597 -102.386 
-130.238 82.6639 -130.108 -130.081 72.6001 206.782 -129.622 -149.888 -204.519 
-129.466 -145.232 -301.15 -129.37 119.741 138.314 -129.225 -144.089 -382.458 
-129.201 69.3953 -342.747 -128.911 59.9734 -279.625 -128.756 67.0323 -181.673 
-128.697 13.2747 223.203 -128.647 76.6152 -147.244 -128.368 -132.414 44.7931 
-128.234 -141.355 -120.189 -128.091 -152.018 -270.418 -128.087 -19.9852 -415.997 
-128.016 29.5351 -420.013 -127.896 71.115 -164.296 -127.428 -134.485 -53.5548 
-127.384 -154.311 -222.235 -127.344 113.18 155.482 -127.153 -146.319 -350.282 
-126.676 -139.524 -21.5713 -126.63 -88.3332 -409.995 -126.572 127.806 1.62945 
-126.454 123.324 -16.1242 -126.384 -146.086 -138.001 -126.14 61.7674 -262.163 
-126.038 131.825 19.5615 -125.92 118.657 -33.8687 -125.698 -138.94 27.5281 
-125.389 68.7301 -325.083 -125.281 113.984 -51.6015 -124.918 105.457 171.98 
-124.815 134.559 37.7595 -124.503 -150.567 -155.734 -124.297 109.383 -69.4509 
-124.281 -158.312 -239.844 -124.14 59.6391 218.111 -124.116 78.9142 -413.031 
-123.866 29.8606 226.955 -123.528 77.7573 -369.824 -123.479 -139.441 -71.6908 
-123.46 -148.95 -318.492 -123.447 63.9131 -245.01 -123.184 -106.935 -407.64 
-123.151 135.755 56.088 -122.759 -38.1536 -414.282 -122.659 104.633 -87.5053 
-122.55 -144.43 9.9473 -122.433 -154.8 -287.587 -122.268 -154.764 -173.52 
-121.826 11.6418 -418.917 -121.794 63.5209 -423.066 -121.657 96.1755 187.369 
-121.394 -151.044 -367.56 -121.223 135.502 74.4051 -121.109 67.8354 -308.022 
-121 66.7613 -227.926 -120.871 -144.652 -89.4612 -120.352 -124.931 -404.095 
-120.319 -161.878 -257.272 -120.298 -141.408 -39.7119 -119.925 -158.841 -191.443 
-119.868 -77.4698 151.43 -119.81 -88.562 136.942 -119.775 84.0345 -396.104 
-119.699 -65.8805 165.451 -119.42 -98.9109 121.871 -119.317 -53.6776 178.746 
-118.943 133.805 92.7648 -118.759 -40.9041 191.182 -118.746 -149.802 -107.138 
-118.689 69.7443 -210.583 -118.669 79.2517 -353.255 -118.666 -108.45 106.244 
-118.519 99.3793 -106.856 -118.068 -152.713 -335.738 -118.011 -147.242 -8.0505 
-118.009 -27.702 202.939 -117.843 -56.5428 -412.71 -117.745 85.2804 201.281 
-117.608 -117.307 90.1714 -117.604 -163.04 -209.269 -117.316 -140.97 -397.238 
-117.176 67.4641 -290.825 -117.15 -14.2383 214.098 -116.936 45.8305 227.158 
-116.752 130.58 110.986 -116.675 -154.637 -124.929 -116.59 72.9436 -193.255 
-116.443 -157.689 -304.743 -116.435 93.6091 -124.698 -116.242 -125.575 73.8041 
-115.883 -6.28565 -416.836 -115.813 44.066 -421.816 -115.801 -0.042315 224.121 
-115.462 87.5959 -141.761 -115.338 85.2849 -378.468 -115.322 77.056 -175.956 
-115.255 -164.742 -274.418 -115.079 82.0315 -158.871 -114.943 -167.148 -226.945 
-114.818 -159.35 -142.703 -114.807 126.575 129.083 -114.594 -133.445 57.1963 
-114.515 77.7814 -335.516 -113.524 67.5397 -273.377 -113.343 -75.1757 -411.006 
-113.088 73.045 213.841 -113.058 -146.912 -58.9739 -112.978 -152.991 -384.041 
-112.9 -148.134 -25.9308 -112.798 15.626 230.754 -112.73 120.891 146.629 
-112.66 -163.699 -160.397 -112.548 -140.895 40.3521 -112.442 -157.071 -352.874 
-111.615 -170.973 -244.38 -111.021 125.47 -26.2108 -110.977 129.768 -8.41378 
-110.823 121.06 -43.9588 -110.498 68.8965 -255.978 -110.474 116.629 -61.6934 
-110.418 133.743 9.48757 -110.34 113.673 163.424 -110.283 -24.3638 -415.138 
-110.23 -151.648 -76.7898 -110.148 112.452 -79.2748 -110.141 -147.641 23.1181 
-110.01 -160.514 -321.599 -110.007 -147.984 -43.4205 -110.001 -167.747 -178.359 
-109.866 76.2855 -318.38 -109.718 25.9061 -419.59 -109.567 -93.9874 -409.005 
-109.401 137.212 27.5667 -109.237 -167.147 -291.276 -108.906 86.6233 -362.962 
-108.278 -157.116 -94.3626 -108.144 75.813 -421.414 -108.104 89.9166 -410.954 
-107.905 31.8717 233.326 -107.843 71.1761 -238.999 -107.81 138.662 45.9271 
-107.631 105.687 179.649 -107.541 60.0109 224.666 -107.535 -171.758 -196.39 
-107.34 -174.28 -261.498 -106.992 -152.481 5.36663 -106.552 -162.593 -111.939 
-106.048 -112.484 -406.676 -106.009 139.09 64.3655 -105.61 -160.647 -369.639 
-105.554 74.2458 -221.796 -105.059 -42.6869 -413.507 -105.001 -175.663 -214.317 
-104.97 73.9195 -301.686 -104.707 -167.566 -129.662 -104.379 -75.1005 161.66 
-104.331 96.0213 194.682 -104.324 -86.1353 147.256 -104.176 -63.3894 175.397 
-104.034 138.269 82.8466 -104.027 -96.647 132.348 -103.875 -163.869 -338.382 
-103.805 7.74723 -417.616 -103.794 58.7279 -422.023 -103.701 93.6905 -391.719 
-103.669 -50.9027 188.206 -103.442 -106.446 116.915 -103.4 77.1504 -204.532 
-103.31 85.9588 -346.402 -103.005 -38.0428 200.4 -102.869 -130.424 -403.325 
-102.847 -169.486 -307.964 -102.819 -154.284 -12.6811 -102.715 -172.18 -147.394 
-102.535 -115.635 101.11 -102.411 -25.1407 212.274 -102.072 -179.461 -231.972 
-101.947 135.381 101.133 -101.914 -176.798 -278.262 -101.81 81.0121 -187.351 
-101.732 -12.0486 223.467 -101.4 -124.34 85.0008 -101.1 46.0828 233.13 
-100.853 85.7026 -170.162 -100.743 72.7152 -284.485 -100.69 84.787 208.37 
-100.581 91.2247 -153.179 -100.517 -61.5783 -411.547 -100.451 96.8543 -136.291 
-100.365 102.921 -119.643 -100.353 -148.027 -396.816 -100.267 2.05786 232.471 
-100.073 -176.35 -165.292 -100.028 -132.883 68.8356 -99.8693 131.502 119.223 
-99.7158 -154.56 -47.129 -99.4316 -154.757 -30.4375 -98.5798 108.692 -103.981 
-98.4698 -183.031 -249.183 -98.4144 -140.946 52.3443 -98.3358 -157.8 -64.6481 
-98.3029 94.2717 -374.218 -98.0756 -10.4491 -416.124 -97.9493 83.5667 -329.297 
-97.7882 126.542 137.009 -97.4574 40.8137 -420.227 -97.1531 72.7529 -267.223 
-97.0909 -180.502 -183.462 -97.0555 -167.015 -354.991 -96.823 17.8401 237.195 
-96.6337 -163.174 -82.0557 -96.482 114.191 -88.4793 -96.4305 72.1387 220.449 
-96.3819 -80.7457 -409.962 -96.3544 -148.256 35.4566 -96.2654 -160.979 -385.404 
-95.9164 118.441 -71.5041 -95.8529 -171.656 -324.497 -95.8331 122.761 -54.0493 
-95.6693 -178.874 -294.615 -95.6409 126.526 -36.2688 -95.4793 120.159 154.18 
-95.4555 -169.378 -99.2964 -95.417 130.44 -18.4659 -95.32 30.6191 237.958 
-94.8357 134.358 -0.613652 -94.4439 -184.339 -201.665 -94.1941 74.179 -249.941 
-93.9074 -154.546 18.1297 -93.8862 -185.984 -265.74 -93.8605 -174.834 -116.836 
-93.7737 137.589 17.4078 -93.3228 86.7689 -417.925 -92.9768 113.125 170.926 
-92.7225 80.6918 -312.358 -92.6505 -28.6542 -414.315 -92.3911 139.783 35.6495 
-92.3032 -99.5815 -408.064 -92.1264 92.9996 -357.546 -91.9803 -179.698 -134.503 
-91.8632 -187.802 -219.872 -91.6212 76.4761 -232.816 -91.3908 22.5846 -418.556 
-91.3826 58.0549 230.835 -91.2099 97.6419 -404.28 -91.2063 71.6261 -421.802 
-90.8969 -158.467 0.234134 -90.7222 140.777 54.0512 -90.1876 104.81 186.888 
-89.7905 -184.16 -152.308 -89.5826 -169.61 -371.083 -89.3634 79.4087 -215.565 
-88.8887 -72.9061 172.149 -88.8086 -83.8505 157.78 -88.8024 140.434 72.5465 
-88.7883 -191.283 -237.862 -88.7199 -174.129 -340.733 -88.5896 -60.976 185.508 
-88.5669 -180.646 -310.92 -88.5423 -117.952 -405.57 -88.4856 -94.0758 142.777 
-88.2232 -188.117 -281.439 -88.1011 -48.5842 198.204 -87.9892 -47.7684 -412.445 
-87.9454 -103.704 127.258 -87.8846 77.606 -295.491 -87.8254 -159.935 -17.839 
-87.8022 -36.2803 210.713 -87.6366 -23.9201 222.73 -87.5739 83.0075 -198.368 
-87.2186 -113.021 111.537 -87.1231 94.4611 201.533 -86.978 -10.6386 233.192 
-86.8691 138.336 90.9177 -86.5505 -188.755 -170.511 -86.3337 87.7897 -181.244 
-86.2449 -122.024 95.6473 -86.2123 100.527 -387.255 -85.8737 42.1605 239.315 
-85.8701 90.3699 -340.583 -85.6021 4.23958 -416.918 -85.5873 -160.387 -35.5039 
-85.5105 92.9377 -164.19 -85.395 55.2506 -421.008 -85.1079 -136.177 -402.166 
-85.0526 -130.825 79.664 -84.8976 -162.536 -52.9007 -84.8412 98.2691 -147.288 
-84.8282 135.081 109.083 -84.5731 4.95422 239.908 -84.5356 -194.548 -255.588 
-84.3821 104.451 -130.424 -83.8035 -167.633 -70.2237 -83.7919 82.8672 215.046 
-83.7889 -67.146 -410.802 -83.7029 75.8098 -278.312 -83.6149 -139.359 63.4973 
-83.3941 109.897 -114.016 -83.1815 -192.995 -188.893 -82.8265 -154.4 -396.576 
-82.7809 -174.11 -87.2337 -82.6874 130.639 126.965 -82.0633 114.822 -97.8471 
-81.8851 -147.294 47.001 -81.7013 -180.419 -104.426 -81.4962 -189.815 -297.331 
-81.2584 119.326 -81.2565 -81.1056 22.083 241.612 -81.0428 -176.368 -356.622 
-80.9396 -182.219 -327.011 -80.8154 123.52 -64.0673 -80.5675 -196.107 -207.103 
-80.4703 124.838 144.36 -80.3911 127.195 -46.4416 -80.3868 99.6381 -369.792 
-80.295 -14.3539 -415.179 -80.2331 76.0144 -260.977 -80.223 -185.919 -121.873 
-80.2146 87.0294 -323.528 -79.9906 -169.343 -386.598 -79.9623 130.472 -28.649 
-79.9352 69.7421 226.935 -79.8496 -196.289 -268.451 -79.814 -154.225 29.9931 
-79.334 133.836 -10.7633 -79.3028 -86.0103 -408.987 -78.7863 37.8755 -419.522 
-78.4387 -190.702 -139.531 -78.2827 137.108 7.21862 -78.1752 -198.898 -225.466 
-78.0771 118.207 161.338 -78.0663 37.5272 241.077 -77.6442 95.7267 -415.185 
-77.4406 77.5124 -243.818 -77.386 -159.551 12.4435 -76.9804 139.528 25.3576 
-76.3387 84.5069 -418.293 -76.1915 54.0979 237.021 -75.9871 -195.171 -157.51 
-75.604 -33.5501 -413.598 -75.5121 110.891 177.866 -75.4152 140.712 43.6706 
-75.1637 -198.03 -281.315 -75.0402 82.8913 -306.501 -75.0332 73.2871 -421.401 
-74.9347 79.8264 -226.427 -74.8951 -202.038 -244.16 -74.7864 -162.482 -5.59965 
-74.7223 -104.392 -407.01 -74.1379 -23.6174 234.558 -74.0216 -36.3896 223.022 
-73.8465 96.7809 -352.217 -73.6298 103.762 -400.694 -73.619 -190.961 -313.343 
-73.6059 140.846 62.0682 -73.1863 -47.3927 209.597 -73.1354 -81.1283 168.247 
-73.0293 -178.022 -371.874 -73.0051 -69.8928 182.289 -72.9131 83.3204 -209.203 
-72.8855 -91.3387 153.257 -72.8802 101.957 193.459 -72.8393 -58.3609 195.802 
-72.6279 -183.49 -342.823 -72.5533 19.9983 -417.836 -72.4929 -8.08538 242.04 
-72.4004 -163.92 -23.6409 -72.3792 -100.826 137.701 -71.7134 -109.894 121.816 
-71.7013 139.475 80.4199 -71.4974 -53.229 -411.524 -71.3724 87.4645 -191.982 
-70.9023 -118.887 105.881 -70.8836 -165.968 -41.3556 -70.6675 -201.031 -176.644 
-70.4362 79.2201 -289.457 -70.3249 92.6631 -174.873 -70.2334 -122.449 -404.446 
-70.1987 91.653 208.056 -69.99 -170.218 -58.8026 -69.8532 -127.714 89.9398 
-69.7022 136.782 98.607 -69.4806 97.9801 -157.931 -69.0826 -176.831 -75.6972 
-68.9553 -204.96 -263.95 -68.7204 104.049 -141.025 -68.576 -136.452 73.9352 
-68.2839 104.691 -383.829 -68.266 -183.8 -92.5684 -67.9609 -203.977 -194.78 
-67.8715 109.471 -124.073 -67.7517 9.75373 244.27 -67.5984 133.255 116.615 
-67.5968 92.7362 -334.731 -67.2497 -190.196 -109.721 -67.127 79.9808 221.194 
-67.1065 -162.46 -395.787 -67.0239 -144.532 57.5776 -66.9521 -72.2009 -409.836 
-66.8915 114.334 -107.499 -66.8171 -199.523 -298.886 -66.7157 1.78875 -416.133 
-66.4308 77.4344 -272.087 -66.4062 53.0335 -420.202 -66.0401 118.914 -90.7565 
-66.0267 -140.529 -401.2 -65.8295 -206.485 -212.653 -65.7262 -195.354 -127.239 
-65.4409 123.141 -73.7498 -65.4205 127.936 134.147 -65.2205 -152.094 40.9445 
-64.9946 126.714 -56.3865 -64.8569 -191.534 -329.264 -64.5076 129.934 -38.7554 
-64.3381 -178.24 -385.869 -64.2864 -200.059 -144.83 -64.0852 -185.06 -358.878 
-63.9129 133.114 -20.9743 -63.841 66.1589 232.948 -63.6853 -208.814 -230.639 
-63.6458 84.861 -420.573 -63.2556 77.8809 -254.939 -63.1951 121.644 151.256 
-63.1101 -158.26 23.7224 -62.9105 135.708 -2.99567 -62.7283 -18.337 -414.278 
-62.4105 28.729 243.375 -62.3912 -37.9765 237.661 -62.236 -204.262 -162.78 
-62.1042 88.4421 -317.516 -61.9803 -90.5368 -408.114 -61.8677 102.598 -365.661 
-61.6263 137.958 15.061 -61.4385 44.6119 241.41 -60.895 -162.41 5.88546 
-60.8302 -49.743 224.223 -60.7667 114.699 167.984 -60.4424 -21.5971 244.68 
-60.438 12.147 245.49 -60.4117 79.2987 -237.485 -60.3562 -210.835 -249.357 
-60.3265 -206.979 -283.22 -60.1819 138.939 33.264 -59.89 35.6834 -418.723 
-59.4116 -39.1403 -412.511 -58.9036 -155.785 -398.077 -58.763 -4.28355 246.462 
-58.6534 -164.738 -12.1941 -58.5238 139.414 51.5054 -58.3652 -58.4283 208.609 
-58.2393 106.957 184.159 -58.141 82.0519 -220.077 -57.5557 106.254 -398.6 
-57.4333 -199.774 -315.138 -57.1911 83.2538 -300.581 -57.1489 -88.1602 163.735 
-57.1433 -77.604 178.446 -57.1267 -67.0273 192.95 -56.9047 -108.436 -406.063 
-56.7796 -97.7266 148.165 -56.7589 -167.263 -30.0857 -56.6759 -185.945 -371.702 
-56.625 138.713 69.7377 -56.3547 85.4823 -202.611 -56.3186 100.347 -412.488 
-56.1976 -106.868 132.296 -55.8306 98.3564 199.816 -55.6352 -171.328 -47.6518 
-55.4716 -115.646 116.21 -55.3446 -191.982 -345.379 -55.1652 90.2473 -185.243 
-54.8783 -58.2446 -410.828 -54.8573 -177.652 -64.6904 -54.8271 98.3383 -346.099 
-54.6509 136.81 87.8803 -54.5787 -124.116 99.9938 -54.3931 69.2364 -420.753 
-54.1986 -185.462 -81.2051 -54.1456 95.4622 -168.09 -53.7111 -213.015 -268.433 
-53.5929 17.9327 -417.091 -53.4103 -132.415 83.8061 -53.372 88.0297 214.22 
-53.3296 -210.846 -183.423 -53.2544 -192.233 -98.1799 -53.24 101.368 -151.17 
-52.8631 -171.6 -394.017 -52.7895 79.372 -283.482 -52.5728 133.911 105.897 
-52.4588 -209.414 -166.575 -52.2493 107.159 -134.07 -52.2071 -198.455 -115.37 
-51.9788 -140.453 67.4811 -51.8545 -212.99 -200.879 -51.8203 -126.205 -403.279 
-51.3665 112.299 -117.05 -51.0017 -203.605 -132.818 -50.8111 106.371 -381.878 
-50.623 -207.516 -300.277 -50.5647 77.2492 226.92 -50.5641 116.816 -100.051 
-50.4361 129.654 123.626 -50.4287 -215.2 -218.286 -50.3677 -148.032 50.9286 
-50.1268 -207.367 -150.338 -50.0491 -53.4713 240.886 -49.8757 -76.5872 -408.824 
-49.8646 121.215 -83.0615 -49.3959 125.034 -65.9128 -49.2287 77.9667 -266.296 
-49.0194 93.5181 -328.526 -49.0011 -186.422 -383.006 -48.9541 128.413 -48.5701 
-48.69 -216.764 -235.426 -48.4835 -154.582 33.9604 -48.4106 131.374 -30.9561 
-48.2617 123.913 140.882 -48.2396 64.6614 236.303 -48.0064 -25.6688 -413.42 
-47.6229 133.742 -13.203 -47.4815 -199.503 -331.092 -47.2193 -35.5533 246.87 
-47.207 0.424763 -415.533 -47.0008 52.2876 -419.671 -46.9901 -63.3226 224.361 
-46.5507 -143.778 -400.187 -46.4604 -159.781 16.4905 -46.4388 135.425 4.76012 
-46.372 51.1026 241.041 -46.1231 78.3502 -248.839 -45.9282 117.581 157.783 
-45.7185 -217.418 -253.378 -45.3221 35.4679 243.889 -45.0432 136.481 22.7888 
-44.6343 -94.5129 -407.243 -44.4433 -163.553 -1.31492 -44.4031 -16.6538 248.021 
-44.2965 18.8662 246.175 -44.1211 87.6039 -419.234 -43.9924 -192.637 -363.689 
-43.9886 103.553 -363.556 -43.9676 88.0737 -311.74 -43.9611 -214.122 -285.166 
-43.5261 110.471 174.263 -43.4401 136.924 40.8777 -43.4298 79.8458 -231.154 
-43.2934 -44.6137 -411.441 -43.154 -68.5314 206.802 -43.1354 1.6018 247.742 
-42.638 -166.222 -19.3403 -41.6771 136.611 58.9436 -41.6296 107.587 -396.613 
-41.3735 -74.8569 189.602 -41.3465 -84.6033 174.111 -41.2251 82.5452 -213.414 
-41.219 -94.2932 158.584 -41.1864 102.87 190.463 -41.1502 -161.163 -396.936 
-41.12 -17.2702 -413.846 -41.1007 -170.642 -36.932 -40.888 34.0554 -417.943 
-40.6252 -103.416 142.608 -40.5509 101.625 -354.611 -40.242 -207.166 -316.333 
-40.204 -176.716 -54.1384 -39.9404 -112.277 126.486 -39.8498 86.3865 -195.616 
-39.7955 135.187 76.9568 -39.5073 -184.418 -70.7581 -39.2807 82.4227 -294.964 
-39.2726 -112.237 -404.916 -39.1485 -120.738 110.211 -39.0311 91.3381 -178.012 
-38.7757 94.227 205.823 -38.674 -192.272 -87.2831 -38.1398 -128.294 93.6058 
-38.0812 96.6495 -160.661 -38.0685 -62.7179 -409.935 -37.7694 132.736 94.8758 
-37.7399 -199.222 -104.213 -37.2872 -218.926 -270.029 -36.9947 102.787 -143.667 
-36.9125 -135.554 76.9563 -36.7856 -205.145 -121.46 -36.7095 -199.198 -347.322 
-36.6439 -216.003 -173.081 -36.5806 -217.883 -190.138 -36.4856 -178.847 -392.828 
-36.3571 84.4699 220.049 -36.02 108.048 -126.438 -35.9065 -209.872 -138.927 
-35.6972 -213.653 -156.259 -35.6834 129.341 112.676 -35.6427 -220.012 -207.255 
-35.4235 -142.738 60.3091 -35.4099 97.4216 -339.286 -35.2645 79.015 -277.751 
-35.0648 112.865 -109.151 -34.885 70.6361 -420.093 -34.8186 15.8263 -416.489 
-34.3895 -221.697 -224.157 -34.3139 117.243 -91.9613 -34.0191 72.737 231.95 
-33.9352 -129.904 -401.93 -33.7551 104.171 -410.309 -33.7381 121.487 -74.9483 
-33.7084 -149.495 43.4723 -33.6401 107.021 -380.393 -33.5154 124.665 130.126 
-33.4307 -214.047 -301.056 -33.3778 125.011 -57.8584 -33.2804 -66.1568 240.953 
-32.9403 128.288 -40.5688 -32.6405 -222.218 -239.9 -32.5885 -80.474 -408.09 
-32.3846 130.651 -23.0975 -31.9289 77.9283 -260.475 -31.897 -47.8057 245.972 
-31.8557 -155.215 26.2618 -31.8472 58.8909 239.386 -31.7985 -30.9202 -412.297 
-31.5213 -192.1 -380.492 -31.3578 132.479 -5.39416 -31.1611 119.176 147.184 
-31.1232 -221.711 -255.751 -31.0742 -74.0791 222.458 -30.5139 92.4563 -322.817 
-30.112 43.3466 243.629 -30.0627 133.4 12.4411 -29.9831 -159.683 8.65642 
-29.797 -28.4373 246.819 -29.1688 -205.92 -331.808 -29.0319 78.3635 -242.69 
-28.9315 26.7077 246.277 -28.8193 112.927 163.951 -28.6686 -147.638 -398.785 
-28.522 133.844 30.3406 -28.2137 -163.606 -9.14335 -28.1514 9.06772 247.67 
-28.0962 -9.4897 247.624 -27.7668 -0.907568 -414.857 -27.4121 -76.4378 203.451 
-27.3807 104.483 -365.058 -27.1488 52.7318 -418.962 -27.1412 -98.2072 -406.361 
-26.7916 133.818 48.2749 -26.6456 -218.98 -285.313 -26.6422 -167.837 -26.88 
-26.4684 105.91 180.333 -26.4334 79.5534 -224.704 -26.2516 -48.7801 -410.718 
-25.9215 86.6866 -306.327 -25.6645 -81.6324 185.545 -25.5705 -90.3746 168.917 
-25.3215 -174.192 -43.9843 -25.1962 -99.5423 152.786 -25.0021 -198.823 -363.723 
-24.9653 132.87 66.1609 -24.6377 89.6328 -418.441 -24.5736 -181.961 -60.6932 
-24.5053 81.6675 -206.522 -24.495 -108.474 136.481 -24.0966 108.138 -395.001 
-24.0719 98.6262 196.423 -23.7224 -116.798 120.005 -23.7071 85.9506 -188.189 
-23.6599 -189.978 -77.2386 -23.4739 -165.459 -395.748 -23.1347 91.109 -170.197 
-23.0672 130.818 83.9237 -22.8322 -124.307 103.31 -22.7401 -197.553 -93.9277 
-22.243 -212.737 -316.291 -22.1345 96.9056 -152.893 -21.9483 -204.477 -110.85 
-21.8936 101.097 -350.131 -21.7965 -130.887 86.3942 -21.7722 90.1278 211.755 
-21.6822 -115.828 -403.915 -21.619 81.3815 -289.481 -21.4854 33.2158 -417.226 
-21.1716 -210.183 -128.111 -21.0976 102.348 -135.58 -21.0276 127.921 101.598 
-20.6756 -66.4169 -408.982 -20.6609 -17.4528 -413.166 -20.6116 -214.746 -145.553 
-20.5896 -222.437 -269.874 -20.5535 -220.613 -180.12 -20.5141 -137.27 69.4722 
-20.4925 -218.261 -162.891 -20.0392 -222.557 -197.318 -19.9726 107.442 -118.18 
-19.5382 80.328 225.94 -19.0005 112.094 -100.851 -18.9875 -224.056 -214.339 
-18.8637 -143.746 52.5824 -18.8631 124.217 119.1 -18.6186 -183.434 -390.588 
-18.234 116.351 -83.7211 -17.8809 78.4364 -272.219 -17.8688 120.121 -66.753 
-17.7513 -204.611 -347.23 -17.6978 123.348 -49.746 -17.5128 67.8288 237.005 
-17.3269 -224.549 -230.597 -17.3201 126.26 -32.6053 -17.1145 -149.55 35.4344 
-16.812 96.667 -333.973 -16.5645 13.248 -415.791 -16.5438 119.665 136.286 
-16.5236 128.649 -15.3658 -16.4807 -223.814 -254.999 -16.2394 -133.431 -400.775 
-15.8948 -224.265 -245.09 -15.7652 106.983 -378.513 -15.5998 -218.114 -300.357 
-15.552 52.1752 243.304 -15.5218 -75.0881 236.96 -15.3994 -154.503 17.999 
-15.2911 72.1567 -419.567 -15.279 130.012 2.25202 -15.2767 -57.7687 243.092 
-15.0263 -84.0221 -407.469 -14.9562 105.06 -409.253 -14.7453 77.9878 -254.504 
-14.6039 -34.8865 -411.432 -14.3869 -38.7293 245.014 -14.1367 114.596 153.317 
-14.0785 35.3576 246.32 -13.7628 130.702 19.9972 -13.6681 -159.102 0.406957 
-13.6251 -81.434 217.928 -13.1625 -19.6965 246.132 -13.1342 17.6969 247.453 
-12.9017 -196.706 -379.068 -12.722 -0.699179 247.023 -12.332 91.3496 -317.581 
-12.0739 130.948 37.783 -12.0565 -164.246 -17.1042 -11.8654 78.1178 -236.483 
-11.7849 108.542 170.027 -11.0488 -82.1492 198.485 -10.8785 -151.145 -397.738 
-10.6012 -170.615 -34.2562 -10.4527 -210.11 -330.82 -10.2727 -86.661 179.951 
-10.227 130.783 55.5603 -9.82476 -94.8895 162.648 -9.79066 -3.94298 -414.056 
-9.51615 78.6158 -218.163 -9.50685 -101.627 -405.456 -9.47808 -178.332 -50.9682 
-9.4133 101.964 186.473 -9.26758 104.246 -362.48 -9.23003 -221.228 -284.134 
-9.14697 -104.119 146.289 -8.77578 -52.3754 -409.91 -8.5403 -186.477 -67.6229 
-8.40817 -112.892 129.854 -8.27713 129.524 73.2545 -8.06026 85.1399 -301.11 
-8.02579 81.2768 -199.503 -7.73192 85.8976 -180.518 -7.56694 -120.542 113.049 
-7.52932 -194.332 -84.2708 -7.30753 91.3403 -162.341 -7.07579 94.8087 202.608 
-6.84051 54.0634 -418.179 -6.64196 -126.968 95.8974 -6.63473 -201.723 -101.059 
-6.37024 96.7244 -144.807 -6.30658 127.041 90.8366 -5.93332 -208.383 -118.061 
-5.7921 -203.035 -362.369 -5.5726 -169.039 -394.445 -5.48792 -132.873 78.7909 
-5.40049 108.434 -393.039 -5.3784 28.0119 -416.304 -5.33876 91.4342 -418.127 
-5.30276 -213.977 -135.344 -5.16276 102.038 -127.359 -4.85608 86.2838 218.013 
-4.72414 -218.415 -152.857 -4.47267 -221.516 -170.35 -4.27668 -223.253 -268.215 
-4.16883 123.899 108.332 -4.13717 -223.519 -187.818 -4.10919 80.352 -284.185 
-4.02715 -119.258 -402.996 -4.01127 -138.631 61.6991 -3.88379 106.982 -109.922 
-3.65151 -215.667 -314.575 -3.57923 100.365 -345.986 -3.23646 -224.709 -205.197 
-3.13836 -20.9998 -412.41 -2.99362 -69.8144 -408.138 -2.8584 76.1795 232.323 
-2.80067 111.453 -92.6406 -2.48944 121.881 -42.242 -2.26555 -144.465 44.6454 
-2.24529 115.473 -75.6731 -2.1815 118.746 -58.8505 -2.03094 124.84 -25.356 
-1.96942 -225.162 -222.119 -1.81007 120.5 125.552 -1.20458 -224.513 -252.482 
-0.946286 61.6109 241.787 -0.801096 126.734 -7.96192 -0.692773 -225 -238.082 
-0.595038 78.0771 -266.483 -0.52581 -149.612 27.3627 -0.146273 -186.531 -389.287 
0.598582 116.387 142.675 0.693704 44.629 246.193 0.848721 128.331 9.72064 
0.982543 9.8214 -414.693 1.13172 -154.3 9.79643 1.25837 95.5173 -329.281 
1.42164 37.2911 -416.808 1.52313 -136.727 -399.917 1.60846 -66.2687 240.126 
1.90571 26.7835 246.936 1.97272 -207.48 -345.143 1.99952 -47.7412 242.654 
2.52045 77.8118 -248.491 2.57716 -29.1028 244.423 2.60195 -219.514 -297.911 
2.63632 129.214 27.4208 2.64242 8.49268 246.324 2.65437 -87.3312 -406.533 
2.70046 -159.552 -7.7212 2.80112 -10.249 245.466 2.80251 -81.5196 230.133 
2.82628 106.964 -375.542 2.96917 111.392 159.694 3.01305 -38.3284 -410.706 
3.99143 -84.8022 210.64 4.06162 73.3773 -419.108 4.20915 -166.182 -24.8483 
4.31992 106.959 -408.391 4.47544 129.502 45.1367 4.82313 -85.0277 191.062 
5.2917 78.0064 -230.269 5.35032 -90.1822 172.616 5.35306 105.468 176.401 
5.44982 -173.962 -41.5681 5.5017 89.5871 -312.727 6.07302 -99.0566 155.845 
6.32999 -198.92 -376.456 6.48734 129.373 62.7918 6.5281 -182.163 -58.1633 
6.82776 -108.317 139.412 6.87287 -154.315 -396.766 7.52534 79.1988 -211.71 
7.58983 99.0163 193.056 7.61495 -116.756 122.804 7.65117 -190.381 -74.8088 
7.68837 87.6491 -172.712 7.92571 -221.846 -281.036 8.02454 -7.14961 -413.112 
8.1668 -104.882 -404.458 8.30251 92.9517 -154.591 8.50361 -123.506 105.591 
8.57149 127.909 80.424 8.64707 82.318 -192.631 8.73341 -198.28 -91.5158 
8.87204 -55.7408 -409.039 9.10273 -212.255 -328.156 9.2496 103.513 -358.554 
9.54852 83.678 -296.005 9.57823 -129.292 88.2618 9.59624 97.945 -136.947 
9.69927 -205.268 -108.531 9.74631 91.3066 209.208 10.4918 -211.239 -125.831 
10.7319 125.355 97.8815 10.9285 -134.955 71.0918 11.1092 103.444 -119.569 
11.123 -216.433 -143.267 11.1458 23.1399 -415.236 11.5595 -220.379 -160.829 
11.6629 -223.196 -264.283 11.8415 82.3856 224.633 11.8939 -222.97 -178.484 
12.1326 -172.116 -393.432 12.3375 122.269 -35.4321 12.5036 -224.534 -196.214 
12.5547 108.103 -102.133 12.5724 -140.373 53.955 12.9135 54.25 -417.41 
12.9764 122.334 115.241 13.1425 124.912 -18.3738 13.2897 79.5824 -278.64 
13.3124 119.235 -51.6447 13.4742 -225.159 -213.852 13.5442 91.7772 -417.818 
13.6704 -122.456 -401.968 13.7285 70.9983 238.224 13.8163 112.445 -84.7985 
13.8731 108.85 -389.965 14.0162 -224.543 -247.683 14.3481 -225.075 -231.028 
14.3972 -145.867 36.88 14.5772 116.249 -67.7609 14.5853 99.2711 -341.485 
14.6291 -24.2983 -411.485 14.7097 -73.125 -407.56 14.7752 -204.764 -359.135 
15.0631 127.002 -0.720808 15.3138 -216.463 -311.038 15.3815 118.747 132.307 
15.4916 54.5839 245.202 16.1241 -150.786 19.5075 16.7032 78.0055 -260.657 
16.8759 36.3853 246.266 17.0323 128.75 16.9841 17.3079 86.4463 -180.098 
17.6948 -155.946 1.99738 17.7498 114.709 149.413 17.807 18.0187 245.597 
18.1089 -189.069 -387.415 18.3984 -0.539479 244.608 18.8159 -19.3695 243.74 
18.8746 -38.001 242.43 18.9646 6.6345 -413.906 19.0509 129.713 34.7095 
19.0759 93.9529 -324.594 19.1051 -139.97 -399.028 19.1359 -162.045 -15.3458 
19.3173 -56.0005 239.8 19.7505 78.0178 -242.431 20.1111 109.609 166.432 
20.1708 -73.2225 234.663 20.3543 -169.351 -32.2716 20.3549 -90.5519 -405.619 
20.368 -84.1638 201.66 20.439 -86.461 182.694 20.6607 -219.795 -293.675 
20.7766 -41.6776 -410.19 21.0498 130.315 52.4694 21.0525 -83.6862 220.882 
21.1564 -93.8973 165.153 21.4031 37.0974 -416.163 21.4601 -177.454 -48.8953 
21.6962 106.505 -371.536 21.9415 -103.027 148.521 22.1294 106.368 -408.415 
22.3339 103.636 183.356 22.4708 78.7536 -224.011 22.4826 91.0243 -164.844 
22.6465 -185.717 -65.54 22.754 -112.239 132.149 22.7688 73.1383 -417.836 
22.8283 -208.797 -341.176 23.1578 130.092 70.1755 23.18 87.858 -307.842 
23.6009 -119.994 115.211 23.9168 -193.839 -82.2439 23.9198 -199.769 -373.687 
24.0543 95.9704 -147.142 24.3264 -157.484 -395.931 24.4164 96.7817 200.131 
24.6043 -126.365 97.9134 24.7328 80.999 -205.457 24.8667 -221.76 -276.263 
25.0022 121.181 -46.6214 25.0768 -201.375 -99.173 25.3903 128.281 87.7901 
25.6679 101.75 -129.775 25.8815 -132.275 80.7031 25.9321 -108.017 -403.626 
26.0226 -10.3465 -412.373 26.0922 -207.806 -116.473 26.5329 88.5443 216.242 
26.7162 -58.9491 -408.4 26.7221 124.581 -29.2089 26.9274 85.2435 -187.484 
26.9545 -213.456 -133.971 27.0403 82.2438 -290.783 27.4337 -138.085 63.6491 
27.5236 106.82 -112.266 27.6302 -218.119 -151.675 27.6572 126.027 105.119 
27.6708 -223.274 -258.863 27.6928 102.586 -354.093 28.1051 -221.255 -169.601 
28.532 -223.301 -187.6 28.5681 78.7594 231.403 28.572 127.18 -11.5586 
28.925 -212.755 -323.475 29.0133 -224.616 -205.511 29.0383 -224.52 -241.329 
29.0704 108.957 -395.803 29.2386 -143.73 46.6927 29.369 -225.01 -223.496 
29.4019 111.618 -94.7178 29.7055 20.642 -414.463 29.8873 -174.7 -392.383 
30.0407 122.984 122.304 30.2688 65.1501 243.14 30.6653 78.8839 -273.033 
30.8374 129.43 6.23624 31.0442 -149.071 29.6126 31.2496 -125.624 -400.98 
31.5045 116.2 -77.149 31.545 92.7938 -417.981 31.8223 46.3962 245.492 
32.2914 52.4442 -416.723 32.4314 119.133 139.463 32.4903 -76.2897 -406.856 
32.576 98.159 -336.752 32.678 -27.4858 -410.804 32.7236 -153.753 12.1321 
32.8848 27.8462 244.898 33.0582 131.486 24.0128 33.7236 9.30418 243.837 
33.8897 -216.458 -305.849 33.9621 78.6896 -254.717 34.1475 -158.977 -5.45099 
34.4366 -9.32964 242.997 34.5162 108.696 -383.685 34.6902 114.726 156.652 
34.8545 120.464 -59.1597 35.0384 90.015 -174.574 35.2361 -28.1253 242.009 
35.2995 132.529 41.8309 35.3079 -165.458 -22.6404 35.4903 -190.077 -384.677 
35.6541 -82.6117 191.811 35.9811 -46.3681 240.003 36.0883 -88.7929 174.066 
36.3502 -172.891 -39.5275 36.5339 -143.048 -398.025 36.6795 -81.0399 210.216 
36.8908 92.7429 -319.684 36.9257 79.4734 -236.327 36.94 109.261 173.826 
36.953 -97.7079 157.416 37.2166 3.78432 -413.085 37.301 -63.477 235.901 
37.4508 95.7761 -157.602 37.4693 132.928 59.6626 37.5222 -181.005 -56.2295 
37.8251 -106.945 140.932 38.144 -93.6795 -404.972 38.3776 -219.596 -288.095 
38.6322 -77.4975 226.591 38.6425 -115.979 124.537 38.6658 -199.345 -370.003 
38.8429 -44.7371 -409.225 38.8946 -189.131 -72.9616 39.0893 102.718 190.846 
39.4157 -204.245 -353.141 39.5308 124.754 -40.5229 39.5987 101.351 -140.317 
39.6197 -123.475 107.516 39.691 132.263 77.4761 39.7031 76.222 -417.503 
39.7742 81.1393 -218.058 39.9504 106.598 -408.792 40.2405 -196.874 -89.8777 
40.6722 105.988 -366.901 40.683 35.0009 -415.145 40.7165 -130.379 90.5173 
40.7653 86.5647 -302.646 41.2186 94.8757 207.416 41.4547 -203.822 -107.123 
41.5516 -221.695 -270.082 41.7716 106.748 -122.944 41.8574 128.155 -22.7147 
41.8985 -160.296 -395.15 42.0265 130.577 95.1088 42.1717 -136.586 73.4924 
42.5126 -209.739 -124.716 42.7447 84.9781 -200.502 43.3772 85.4149 223.12 
43.4071 -214.77 -142.571 43.5597 -208.002 -335.303 43.5735 -223.229 -252.06 
43.6433 -111.138 -402.752 43.8742 -142.885 56.7463 43.9999 111.883 -105.392 
44.0591 -218.52 -160.691 44.2587 130.919 -4.86912 44.2691 -13.3594 -411.495 
44.3777 128.288 112.392 44.4313 81.8124 -285.128 44.4595 -221.032 -178.948 
44.5055 -224.068 -233.862 44.7185 -62.0205 -407.855 44.7673 -222.891 -197.235 
44.8426 -224.02 -215.539 45.0064 64.6207 -417.034 45.3175 72.9866 236.137 
45.7383 -148.799 39.9285 46.0045 101.855 -349.345 46.5235 116.591 -87.6575 
46.7143 133.416 13.0294 46.7562 125.126 129.672 46.7747 89.6164 -184.126 
46.8518 56.3708 243.291 47.4421 109.509 -394.806 47.5859 -153.68 22.7383 
47.6528 -177.239 -391.106 47.7479 -211.982 -317.545 47.9004 80.0129 -267.014 
48.1099 37.7352 243.865 48.3396 18.033 -413.738 48.8443 -128.735 -399.921 
49.0039 19.2411 243.076 49.1027 120.823 147.003 49.1101 135.145 30.9361 
49.1597 -158.049 5.15495 49.3068 121.503 -69.9567 49.6549 93.8983 -417.19 
49.8796 0.720926 242.29 50.3136 -162.951 -12.4242 50.3727 -79.4104 -406.023 
50.447 94.8941 -167.836 50.517 96.8251 -331.938 50.944 -82.8683 181.831 
50.966 -30.5674 -409.961 51.013 -17.8371 241.276 51.1024 80.2634 -248.68 
51.2644 -169.03 -29.7837 51.2828 -77.0188 198.907 51.3989 115.633 164.266 
51.4564 136.117 48.8416 51.8531 -91.9641 165.567 51.8794 49.3109 -415.624 
51.9287 -215.73 -299.618 52.2637 -36.3966 239.598 52.3287 -175.998 -46.961 
52.4384 -189.733 -379.695 52.4816 -73.3833 213.427 52.5606 125.394 -51.8881 
52.7468 -101.216 149.275 52.9433 100.721 -150.753 53.0709 -53.8411 236.053 
53.6691 109.164 181.343 53.7298 -110.672 132.969 53.7312 -183.936 -63.8111 
53.744 -68.1542 226.3 53.7723 136.28 66.7675 53.7751 108.655 -379.572 
54.0032 -146.068 -396.99 54.147 81.4245 -230.28 54.4887 90.8932 -314.72 
54.5956 -119.385 116.492 55.1553 -191.554 -80.7985 55.5058 -219.024 -281.365 
55.5706 128.541 -33.9097 55.5963 105.972 -133.47 55.6739 -127.179 99.74 
55.6835 0.783764 -412.062 55.8659 -96.9054 -404.221 55.8696 -197.476 -364.18 
55.8795 101.34 198.131 56.1825 135.207 84.6184 56.5523 -198.733 -98.0011 
56.8734 -134.419 82.9605 56.9747 77.9022 -417.013 57.1208 84.305 -212.328 
57.1232 -47.7267 -408.313 57.7874 -205.05 -115.544 58.019 131.622 -16.0269 
58.0572 -221.142 -262.91 58.0847 91.9397 214.081 58.1411 84.9389 -297.326 
58.167 111.004 -116.043 58.4852 -141.275 66.3489 58.5893 107.007 -407.468 
58.5943 133.456 102.252 58.7788 -201.503 -346.517 58.8192 -210.193 -133.513 
59.4943 32.3455 -414.127 59.5093 -221.777 -244.37 59.5245 105.337 -362.317 
59.6112 -163.193 -394.141 59.6139 -214.256 -151.77 60.1302 -217.222 -170.223 
60.1497 -221.672 -225.787 60.189 80.6542 228.516 60.2906 88.8605 -195.099 
60.3667 -147.944 49.886 60.4351 -219.433 -188.755 60.4484 -220.965 -207.266 
60.449 134.505 1.84261 60.8512 115.78 -98.4022 61.0291 130.687 119.642 
61.2979 -114.432 -401.878 61.7036 81.5104 -279.329 62.0107 65.8214 238.637 
62.1728 -205.87 -328.716 62.4828 -153.675 33.2631 62.788 -16.4631 -410.617 
62.8434 -65.055 -406.835 62.9195 136.795 19.7666 63.3579 47.6161 241.819 
63.4377 126.913 137.068 63.4655 63.1108 -416.216 63.5835 93.5949 -178.203 
63.6772 120.732 -80.9062 64.2784 100.093 -344.664 64.3416 29.2279 241.991 
64.3523 -158.109 16.0581 65.0284 80.6971 -260.894 65.1327 -179.049 -387.971 
65.2713 10.8971 241.436 65.3995 138.415 37.7492 65.5852 -161.773 -1.73557 
65.6994 -209.87 -310.747 65.8244 121.946 154.431 66.1785 -75.5746 188.413 
66.294 -166.17 -19.6627 66.4174 -7.47198 240.584 66.4295 98.4881 -161.047 
66.4381 -131.998 -398.985 66.5923 125.094 -63.0675 66.7273 109.5 -392.413 
66.7307 -66.9199 207.259 66.8321 -85.2739 172.755 66.9443 15.0477 -412.863 
67.0871 -171.32 -37.4767 67.6629 -95.1257 157.004 67.7695 139.613 55.7662 
67.9462 93.9001 -415.493 68.0494 -26.0869 239.466 68.2097 81.4675 -242.426 
68.212 -82.737 -405.189 68.2142 115.653 171.589 68.3072 94.6529 -327.09 
68.3133 -178.029 -54.8037 68.5729 -104.571 140.9 68.7419 -58.6303 225.112 
69.1467 -43.8377 235.509 69.1651 103.873 -143.767 69.1954 -213.562 -292.521 
69.4228 -33.6133 -408.804 69.5392 127.954 -44.9867 69.5677 -113.883 124.651 
69.7679 -185.314 -71.9269 70.1026 -189.513 -375.077 70.1994 139.498 73.7345 
70.5025 108.217 188.513 70.5918 -122.288 108.098 70.8107 46.443 -414.533 
71.2263 83.6419 -224.066 71.2731 -192.335 -89.2216 71.7141 -149.343 -396.262 
71.7474 -130.408 91.5822 71.9368 88.709 -309.562 72.1073 108.455 -126.266 
72.1605 -216.376 -273.958 72.194 130.908 -27.1045 72.7151 -198.975 -106.705 
72.7243 138.155 91.4847 72.7343 98.8676 204.724 72.9838 -138.138 75.113 
73.2703 107.259 -375.761 73.381 -193.933 -357.284 73.5341 -100.397 -403.299 
73.8355 -204.17 -124.692 74.1341 -217.701 -255.142 74.2337 87.0355 -206.165 
74.2953 -2.31635 -411.225 74.5235 -145.67 58.7675 74.5704 134.134 -9.31727 
74.7199 -208.398 -143.01 74.9786 87.8558 219.571 75.0517 -217.456 -236.251 
75.0932 113.48 -108.919 75.2591 77.3069 -416.359 75.3063 135.771 109.132 
75.3504 -211.742 -161.527 75.3979 -216.641 -217.521 75.4237 83.4807 -291.737 
75.4252 -50.9545 -407.62 75.6239 -214.022 -180.205 75.6387 -215.559 -198.919 
76.3197 -197.596 -339.27 76.9583 137.074 8.52072 77.058 74.3395 232.158 
77.1675 -166.554 -392.829 77.2163 -152.065 42.7631 77.3085 91.2603 -188.77 
77.8553 132.262 126.647 78.0088 118.083 -91.4925 78.1143 102.744 -357.989 
78.2361 29.1431 -413.294 78.4598 105.693 -405.389 78.6968 57.5073 239.19 
78.8278 -117.971 -400.885 78.8303 81.1123 -273.386 79.4036 139.325 26.4421 
79.4363 -201.717 -321.311 79.6516 39.3119 240.144 80.2279 95.4286 -171.457 
80.3402 127.527 144.093 80.5627 -156.976 26.6945 80.6009 21.1642 240.127 
80.9014 -68.514 -405.97 80.9977 122.436 -73.8007 81.3355 -19.6006 -409.687 
81.5219 -56.611 207.936 81.625 -160.994 9.10503 81.6546 3.04582 239.608 
81.6804 -66.2376 193.551 81.7482 -164.054 -9.22374 81.8914 141.111 44.4044 
81.9851 -167.134 -27.7076 82.1196 81.1267 -254.695 82.1658 -180.996 -383.116 
82.2705 -77.4335 179.128 82.2748 97.1685 -340.163 82.3142 60.4665 -415.007 
82.5476 -205.491 -303.153 82.7195 -171.907 -45.7614 82.8182 121.521 161.286 
82.8683 -88.1061 163.949 83.0108 100.124 -154.044 83.0184 -15.1214 238.219 
83.3093 -47.0056 222.521 83.5206 -97.9837 148.138 83.9194 125.853 -55.8933 
83.9679 -135.491 -398.118 83.9722 -178.1 -63.3256 84.3328 -107.421 132.108 
84.3416 142.265 62.4003 84.629 -33.0459 234.074 85.1953 114.286 178.3 
85.2411 82.1575 -235.71 85.3135 -116.39 115.83 85.4514 -208.574 -284.617 
85.4838 -184.76 -80.7245 85.5072 11.8999 -411.744 85.8797 91.5859 -322.327 
86.0203 104.969 -136.603 86.0328 -86.3879 -404.244 86.332 -125.048 99.4547 
86.5333 107.358 -389.616 86.6507 128.701 -37.99 86.9215 141.771 80.3362 
87.1385 -191.551 -98.1454 87.3011 -133.328 82.963 87.418 92.8558 -414.986 
87.4729 105.555 194.814 87.7663 -210.634 -265.865 87.7743 -36.8653 -408.227 
88.2524 84.5282 -217.074 88.3108 -141.78 66.5939 88.4621 -197.073 -116.085 
89.0945 132.21 -20.2377 89.1077 -211.082 -246.897 89.1256 109.576 -119.089 
89.1342 -152.812 -395.012 89.1911 -149.482 49.8617 89.244 86.132 -304.392 
89.3212 -201.127 -134.45 89.4418 43.2409 -413.852 89.5902 139.428 98.0664 
89.6673 -210.548 -227.879 89.7153 94.987 210.188 89.9139 -204.378 -153.007 
89.9337 -209.48 -209.219 90.0351 -183.64 -369.055 90.1552 -208.401 -190.454 
90.239 -187.793 -349.527 90.2725 -206.947 -171.687 91.0775 -104.15 -402.187 
91.1195 87.4138 -199.195 91.299 135.571 -2.55137 91.7715 103.455 -371.799 
91.9166 82.2463 223.711 92.2696 113.83 -101.663 92.2979 136.449 115.764 
92.5697 81.6493 -286.268 92.5776 -191.387 -331.312 92.8442 -5.36629 -410.383 
93.5792 138.489 15.1387 93.597 -54.2714 -406.657 93.7998 -169.581 -388.659 
93.8669 74.9542 -415.667 93.8964 67.1 234.353 94.0442 91.3016 -181.705 
94.8952 132.011 133.221 95.0392 49.4185 238.024 95.2442 117.979 -84.1466 
95.3311 -195.164 -313.176 95.8256 80.1229 -267.496 95.8751 31.4629 238.38 
95.9824 140.803 32.957 96.0768 98.2271 -353.672 96.1599 -121.729 -399.841 
96.6378 25.9797 -412.236 96.6711 94.7911 -164.039 96.793 13.655 237.8 
97.0524 -56.1816 198.018 97.1404 -47.8648 208.009 97.2103 -165.866 -36.5572 
97.4532 -163.381 -17.8195 97.4557 126.351 150.452 97.5816 -68.3887 184.396 
97.8344 -170.308 -54.7692 97.9705 -35.8128 220.835 97.9828 -4.09536 236.67 
98.1145 -198.612 -294.846 98.165 -161.632 0.936759 98.3052 -79.9724 170.088 
98.3136 121.751 -66.4016 98.5841 142.523 50.854 98.7678 -21.2172 231.231 
98.7696 103.34 -403.616 98.7935 -90.6087 154.707 98.8135 -158.42 19.4589 
98.869 -72.1663 -405.089 99.0513 -176.03 -72.4799 99.1868 80.3736 -247.685 
99.3537 -100.49 138.987 99.5917 99.2766 -146.521 99.6878 92.679 -335.568 
99.8471 -22.6848 -408.576 99.9195 119.421 167.395 99.9938 -152.911 38.0778 
100.096 -109.718 122.899 100.469 57.3528 -414.188 100.603 -201.382 -276.266 
100.651 -182.392 -89.9821 100.984 -118.728 106.747 101.198 -139.157 -397.045 
101.205 125.261 -48.6928 101.215 142.96 68.8267 101.844 -127.431 90.3949 
102.154 -188.085 -107.874 102.203 -202.657 -257.304 102.232 111.084 183.994 
102.287 81.6362 -227.897 102.52 -136.014 73.8477 102.706 -144.636 56.9893 
102.74 103.789 -129.03 102.952 -202.517 -238.29 102.989 87.18 -317.57 
103.228 -201.559 -219.53 103.288 -192.469 -126.149 103.735 -90.5093 -403.276 
103.755 -200.972 -200.755 103.881 -195.72 -144.662 103.911 141.393 86.6976 
104.002 8.83724 -410.802 104.012 128.848 -30.9327 104.07 -199.906 -182.013 
104.209 -198.287 -163.277 104.386 101.095 199.925 104.966 83.2142 -209.537 
105.033 101.804 -385.733 105.802 -176.813 -360.109 105.886 -180.077 -341.223 
105.993 -156.508 -393.233 106.132 108.267 -111.557 106.21 81.7657 -299.753 
106.211 -40.1071 -407.502 106.261 132.495 -13.3281 106.473 89.0855 214.219 
106.675 138.454 104.329 106.858 89.9572 -414.147 107.409 39.9569 -413.042 
107.552 -183.517 -322.841 107.625 85.8485 -191.67 107.839 135.916 4.01073 
108.442 -108.339 -401.306 108.489 -170.482 -380.497 108.559 75.1995 226.332 
109.329 78.3205 -281.024 109.344 97.2795 -367.499 109.398 112.439 -94.0919 
109.423 134.444 121.707 109.792 -186.832 -304.56 109.893 138.538 21.5757 
110.157 88.7109 -173.92 110.377 59.2632 234.547 111.229 41.6667 236.553 
111.542 -8.34042 -409.181 111.651 -162.458 -46.083 111.741 71.2533 -414.006 
111.785 -57.6363 -405.651 112.015 24.134 236.147 112.041 129.316 139.047 
112.16 -189.815 -286.044 112.192 -160.049 -27.2685 112.296 -166.885 -64.3201 
112.494 140.644 39.3111 112.538 -40.5775 206.26 112.647 116.467 -76.5109 
112.724 92.0703 -156.147 112.789 -57.8788 189.101 112.807 -25.2154 219.343 
112.851 6.71059 234.05 112.909 77.6279 -260.305 113.093 91.6629 -349.243 
113.172 -125.789 -398.79 113.299 -10.1497 228.751 113.502 -70.7855 175.099 
113.553 -172.254 -82.1592 113.613 -159.334 -8.52358 113.965 -191.694 -267.383 
114.071 -82.1477 160.512 114.596 -92.8048 145.25 114.654 123.362 155.988 
114.842 22.8752 -411.452 115.044 -177.73 -100.004 115.045 -157.358 10.1497 
115.191 -192.617 -248.559 115.197 -102.693 129.6 115.309 141.78 57.2087 
115.576 -192.125 -229.743 115.747 120.344 -58.9587 115.778 96.1244 -138.537 
115.887 -111.894 113.586 115.975 -191.432 -211.011 116.173 -152.942 28.6985 
116.327 77.9052 -238.565 116.438 86.0389 -331.047 116.444 -182.391 -118.259 
116.564 -190.798 -192.346 116.614 -120.721 97.3564 116.649 95.8877 -399.623 
116.802 -187.536 -155.194 116.85 -189.541 -173.711 116.901 -185.444 -136.687 
116.906 -76.2468 -404.227 116.979 115.679 172.693 117.128 -145.939 46.8331 
117.212 -129.42 80.9517 117.454 -137.81 64.1493 117.865 -142.86 -395.296 
118.061 53.7 -413.656 118.075 141.17 75.0439 118.565 -25.8363 -407.835 
118.798 78.6017 -219.704 118.894 123.889 -41.1899 119.133 106.358 188.779 
119.395 100.98 -121.092 119.601 80.4351 -313.064 119.618 -171.006 -332.114 
119.775 -168.035 -350.837 120.909 138.946 92.6901 120.998 95.1501 203.814 
121.042 80.001 -201.513 121.063 -174.259 -313.782 121.109 -164.939 -369.48 
121.558 -95.6707 -402.38 121.706 93.5779 -381.125 121.719 127.497 -23.5533 
121.863 -158.083 -386.582 122.117 131.57 -6.89258 122.653 75.8935 -294.693 
122.748 5.9993 -409.769 122.843 -177.096 -295.371 122.894 81.9568 216.535 
123.089 134.774 10.1088 123.168 105.606 -103.586 123.239 81.742 -183.489 
123.337 82.0709 -409.311 123.732 135.297 109.94 124.61 -179.207 -276.831 
124.701 -43.4505 -406.285 124.842 67.2477 226.459 125.301 -157.473 -56.1853 
125.382 36.6043 -412.256 125.429 83.9344 -165.556 125.506 88.6575 -362.818 
125.54 73.5091 -276.148 125.607 -113.489 -400.348 125.708 137.239 27.7439 
125.874 -155.092 -37.4531 125.92 -180.575 -258.319 126.112 -161.681 -74.4866 
126.458 51.1568 233.045 126.554 130.85 126.999 126.714 -180.957 -239.713 
126.813 109.918 -86.2167 127.152 -180.531 -221.089 127.336 34.3184 234.922 
127.372 -166.589 -92.3654 127.648 -179.92 -202.527 127.729 -30.5785 207.33 
127.815 -154.442 -18.7017 127.86 -46.4746 193.064 127.982 17.198 232.794 
128.022 72.9427 -261.504 128.144 -179.098 -184.068 128.152 -15.3532 219.204 
128.187 87.306 -147.796 128.41 -60.4265 179.104 128.419 0.268668 227.827 
128.441 66.2727 -411.595 128.46 -177.719 -165.678 128.591 -171.069 -110.484 
128.747 -176.053 -147.295 128.824 138.805 45.5277 129.063 82.8543 -344.715 
129.092 -174.158 -128.924 129.13 -72.7962 165.29 129.278 125.549 143.962 
129.74 -130.359 -397.511 129.742 -84.2876 150.849 129.893 -153.63 -0.193631 
130.006 -60.9959 -405.032 130.202 73.1746 -247.962 130.211 113.613 -68.6687 
130.335 -94.8149 135.664 130.55 -11.2351 -408.314 130.945 -104.612 120.035 
131.494 -113.629 103.991 131.566 -151.065 18.4327 131.696 118.815 160.714 
131.799 138.779 63.2966 131.822 91.8542 -130.283 132.078 -122.125 87.6469 
132.183 86.1337 -393.716 132.192 -145.428 36.5144 132.267 -161.141 -322.81 
132.396 -158.507 -341.348 132.437 -130.355 71.0619 132.455 -138.145 54.0501 
132.497 77.2383 -326.719 132.67 73.4646 -229.258 133.447 -163.966 -304.423 
133.499 117.131 -51.0442 133.53 20.1437 -410.966 133.865 129.709 -1.93051 
133.887 110.599 177.165 133.941 -156.465 -359.665 134.332 -145.833 -391.511 
134.385 73.6867 -211.093 134.647 -77.8567 -403.571 134.771 137.458 80.9075 
135.025 -166.393 -286.016 135.262 50.172 -411.754 135.519 71.8507 -308.023 
135.726 -153.99 -377.468 135.785 100.16 192.489 135.921 96.7832 -112.978 
136.035 74.2221 -192.911 136.356 -86.1654 -402.805 136.386 -168.15 -267.622 
137.085 82.9705 -375.269 137.099 -168.769 -249.267 137.099 120.427 -33.1468 
137.404 87.9223 206.157 137.546 -29.0786 -407.001 137.593 75.2597 -174.673 
137.596 -168.742 -230.908 137.731 132.698 16.0032 137.744 134.684 98.136 
138.013 -168.205 -212.488 138.133 -150.85 -66.622 138.299 -147.995 -48.1082 
138.379 68.5552 -289.306 138.47 -167.545 -194.232 138.997 -154.784 -84.8896 
139.043 -166.649 -176.089 139.198 75.7125 -402.636 139.202 74.2047 217.59 
139.523 -103.317 -401.074 139.584 -165.502 -157.868 139.88 77.4793 -156.831 
139.987 -158.858 -102.98 140.096 101.538 -95.7099 140.156 -164.039 -139.607 
140.359 -161.951 -121.298 140.449 -147.391 -29.4447 140.695 77.5436 -357.975 
140.715 130.753 114.84 140.851 58.6397 225.69 141.178 67.1409 -271.978 
141.553 134.507 33.9459 141.879 3.61437 -409.329 141.998 43.5839 229.84 
142.312 -120.102 -398.429 142.824 27.8745 230.238 142.839 123.422 -14.2902 
143.115 -35.9458 196.263 143.147 -20.7613 208.801 143.312 81.4346 -139.21 
143.33 63.2801 -406.965 143.38 -46.7825 -405.392 143.392 10.8857 226.432 
143.406 -49.8948 182.739 143.419 -5.29107 219.023 143.576 66.601 -255.928 
143.577 -147.752 -11.028 143.629 126.196 131.657 143.745 34.4944 -411.597 
143.963 105.506 -78.1957 143.969 -150.546 -313.359 144.052 -62.7716 169.319 
144.321 72.0406 -340.826 144.361 -148.393 -331.883 144.724 -74.7013 155.44 
144.807 -132.734 -394.716 144.982 135.034 51.709 145.057 -153.046 -294.89 
145.369 -85.7851 140.869 145.831 66.5285 -238.535 145.907 -96.1419 125.633 
145.971 -146.832 -350.092 146.117 -147.265 7.52831 146.182 120.219 148.2 
146.444 -105.76 109.932 146.575 -155.229 -276.517 146.862 -114.262 93.7166 
147.048 -143.135 25.7626 147.21 -136.601 43.4221 147.212 -122.18 77.4113 
147.307 74.3943 -386.416 147.345 -129.631 60.6697 147.488 109.056 -60.6726 
147.495 66.3806 -220.439 147.618 66.5583 -322.452 147.629 86.2869 -122.001 
147.771 -156.607 -258.366 148.1 -145.636 -367.711 148.136 -63.0565 -404.334 
148.177 134.439 69.2099 148.273 -156.944 -240.263 148.283 -141.785 -383.852 
148.35 65.7717 -202.129 148.501 -156.509 -222.124 148.506 113.019 164.769 
148.565 126.372 4.34276 148.872 -155.942 -204.164 149.174 -155.085 -186.338 
149.306 65.901 -183.674 149.696 -139.445 -58.9874 149.713 -154.126 -168.438 
149.828 -142.552 -77.3288 149.853 -13.8846 -407.818 150.231 -152.923 -150.33 
150.422 103.801 180.556 150.471 61.645 -301.322 150.602 -146.159 -95.5466 
150.661 -151.267 -132.096 150.768 66.9362 -165.455 150.921 -149.12 -113.823 
150.948 112.24 -42.9448 151.34 132.405 86.4468 151.342 -138.001 -40.4734 
151.54 49.4414 -408.263 151.584 69.5397 -370.309 151.603 -77.8253 -403.046 
151.967 92.2417 194.742 152.112 91.1658 -104.821 152.932 18.9308 -410.537 
153.339 79.241 206.952 153.339 128.965 22.5781 153.35 59.5288 -283.508 
153.816 69.9799 -147.802 154.099 63.0567 -397.971 154.226 -93.5598 -401.7 
154.465 129.234 102.848 154.809 -139.289 -303.672 154.825 -137.309 -322.18 
154.885 -138.441 -22.2352 154.914 115.393 -24.9461 154.935 64.3583 216.876 
155.077 64.3548 -354.323 155.805 58.3792 -266.076 156.049 -110.917 -398.868 
156.177 -141.752 -285.136 156.316 95.4962 -87.5099 156.638 43.2228 223.939 
156.682 -136.23 -340.347 156.899 -128.062 -391.844 156.963 -32.5729 -406.201 
157.3 130.154 40.5442 157.507 125.141 118.83 157.549 -143.538 -266.939 
157.876 21.7674 223.685 158.116 57.983 -248.478 158.142 59.3724 -337.973 
158.209 74.4473 -130.551 158.436 -139.184 -4.0634 158.573 -144.572 -248.956 
158.613 4.61679 218.802 158.711 -11.3048 210.446 158.767 -26.5513 199.868 
158.82 -40.4556 186.96 158.886 -144.612 -231.263 158.908 -143.954 -213.72 
159.052 -143.17 -196.449 159.204 -135.454 -358.215 159.252 -53.3268 173.691 
159.254 -142.228 -179.011 159.662 -141.103 -161.116 159.76 118.521 -6.67572 
159.777 -65.1576 159.915 159.949 57.6567 -230.214 159.963 -129.693 -69.9725 
160.051 -139.806 -142.957 160.131 -132.737 -88.2281 160.186 99.1705 -69.9609 
160.228 119.863 135.148 160.25 -76.1615 145.472 160.337 59.8271 -383.301 
160.515 56.7415 -211.598 160.521 -137.598 14.2179 160.582 -138.166 -124.685 
160.604 -135.767 -106.444 160.776 -86.8287 130.663 160.951 56.188 -192.747 
161.01 130.048 58.2576 161.059 -133.63 -375.757 161.097 -132.765 32.2369 
161.201 -127.705 -51.6163 161.293 -96.8367 115.152 161.339 53.6348 -314.798 
161.347 2.47091 -409.358 161.356 56.2289 -174.047 161.599 -126.963 49.7283 
161.699 -105.975 99.0879 161.939 -120.698 66.66 161.987 -113.77 82.8017 
162.22 34.9724 -407.104 162.526 -50.3391 -405.012 162.626 113.265 151.533 
162.811 79.112 -113.406 163.207 57.726 -155.979 163.741 102.465 -52.3236 
163.891 50.0405 -294.678 164.274 -127.199 -33.4486 164.51 128.676 75.3139 
164.528 55.2294 -367.499 164.583 105.097 167.462 164.627 121.785 11.366 
164.763 -125.881 -312.204 164.796 49.1057 -396.546 165.409 -128.006 -293.738 
166.118 -124.68 -330.465 166.132 94.9912 182.333 166.376 -66.7798 -403.544 
166.704 48.6596 -277.051 166.943 61.1444 -138.484 166.971 -130.147 -275.398 
167.118 83.42 -96.1275 167.313 105.658 -34.6562 167.381 82.8439 195.375 
167.682 50.399 -351.605 167.857 126.288 91.4451 168.199 -127.977 -15.5777 
168.236 -131.54 -257.159 168.59 -130.908 -206.511 168.628 -83.4645 -401.851 
168.691 -128.996 -172.044 168.704 68.826 206.491 168.712 -130.107 -189.902 
168.78 -131.624 -222.337 168.828 -127.787 -153.833 168.892 -132.044 -239.207 
168.941 124.266 29.4191 169.075 -124.3 -348.533 169.164 47.9063 -259.266 
169.187 -118.949 -81.057 169.218 -121.734 -99.224 169.228 -100.531 -399.898 
169.385 -126.52 -135.574 169.406 -124.395 -117.371 169.485 -16.601 -407.685 
169.638 52.4917 215.033 169.93 45.8353 -335.664 170.296 -116.758 -62.8243 
170.986 123.193 106.097 171.076 44.5651 -182.468 171.162 87.1215 -78.5431 
171.21 109.266 -16.9373 171.309 47.4513 -241.085 171.403 -128.013 2.35872 
171.418 44.8599 -381.368 171.466 45.063 -202.052 171.564 33.1487 218.63 
171.569 42.116 -321.289 171.671 65.4951 -121.379 171.899 45.2063 -164.093 
171.942 -121.031 -387.289 171.954 46.4147 -221.985 172.044 -123.63 -366.645 
172.289 19.5208 -406.04 172.649 -115.368 -44.6604 172.941 124.77 47.6467 
173.281 15.5087 216.828 173.297 -125.796 20.4354 173.488 39.2777 -305.475 
174.014 -113.854 -302.066 174.023 118.677 122.103 174.088 -1.62105 211.401 
174.421 -17.3575 202.914 174.479 -112.355 -320.505 174.545 47.3555 -146.262 
174.586 -31.9253 191.64 174.6 -121.535 38.3142 174.819 -44.8761 178.724 
175.184 -56.7083 165.108 175.196 90.8063 -61.1103 175.233 33.5774 -394.579 
175.343 -115.912 -283.734 175.412 -67.087 150.413 175.525 40.1011 -364.963 
175.56 113.124 0.827579 175.664 -77.2101 135.406 175.741 37.2033 -288.146 
176.01 -117.153 55.6316 176.035 -87.2097 120.038 176.295 69.7494 -104.13 
176.388 -96.7061 104.011 176.534 -115.266 -26.7631 176.534 -111.724 71.3568 
176.616 112.871 138.44 176.694 -104.934 87.3685 176.776 -37.6893 -405.85 
177.063 -117.716 -265.273 177.104 -115.303 -164.693 177.192 -114.04 -146.394 
177.294 123.785 66.0992 177.359 -109.976 -110.235 177.393 -112.038 -338.699 
177.406 -116.508 -183.109 177.41 -112.388 -128.269 177.569 -107.439 -92.2023 
177.695 -117.596 -201.383 177.949 -118.502 -226.694 177.951 -118.642 -246.681 
178.31 35.4328 -348.538 178.465 -105.087 -74.0887 178.594 105.308 154.329 
178.611 36.3661 -270.415 178.802 50.8934 -128.849 178.851 94.2942 -43.6344 
179.456 -106.899 -392.631 179.673 32.1091 -172.004 179.781 116.439 18.6637 
179.789 31.9768 -190.172 179.992 -115.929 -9.25187 180.149 96.2227 169.517 
180.181 122.232 78.1697 180.223 30.9174 -332.509 180.322 -103.106 -55.9403 
180.433 2.51532 -406.372 180.5 73.5736 -86.6226 180.872 -111.812 -356.914 
181.188 35.804 -252.48 181.204 -55.6182 -403.87 181.222 28.9501 -378.855 
181.229 33.0561 -211.934 181.269 33.4582 -153.884 181.419 85.3175 183.313 
181.537 27.0292 -316.256 182.214 34.7855 -234.098 182.317 72.5779 195.33 
182.34 -99.5688 -310.308 182.483 58.3478 205.343 182.574 -101.116 -291.924 
182.596 98.2244 -26.1878 182.858 -90.4238 -397.599 183.067 120.679 90.2402 
183.071 -73.0835 -401.26 183.163 -115.709 8.46634 183.264 24.5375 -299.197 
183.391 54.7836 -111.554 183.546 -101.872 -37.9088 183.767 41.4015 211.225 
183.795 118.569 36.7274 184.025 -111.623 -376.125 184.147 -98.7301 -328.625 
184.2 -102.819 -273.512 184.22 -100.925 -157.013 184.271 -99.5853 -138.965 
184.335 -97.5704 -121.184 184.614 -102.188 -175.38 184.616 17.3448 -393.19 
184.638 -95.1227 -103.32 184.656 35.9725 -136.144 185.003 77.44 -69.2426 
185.214 24.3227 -361.735 185.242 -103.348 -193.971 185.436 -92.6727 -85.4083 
185.679 -113.626 26.5191 185.697 -104.15 -254.77 185.707 23.1332 -281.546 
185.845 -104.146 -213.922 186.33 -104.699 -235.08 186.389 102.765 -8.73848 
186.468 25.9482 211.787 186.764 18.4722 -179.95 186.863 -13.1829 -405.629 
186.973 19.2555 -161.611 187.077 -101.908 -20.2644 187.149 -90.4626 -67.333 
187.236 116.361 108.483 187.504 19.4808 -344.595 187.593 -98.6853 -346.766 
187.631 18.5953 -197.41 187.852 58.6464 -94.1054 187.962 118.207 54.874 
188.131 -110.311 44.2463 188.55 14.8262 -327.44 188.717 22.5483 -263.738 
188.856 8.98355 209.873 188.875 39.1359 -118.659 188.932 81.2333 -51.8955 
189.193 -85.9877 -300.072 189.371 19.4389 -213.717 189.485 21.051 -143.481 
189.552 11.3178 -310.066 189.816 -7.68249 204.418 189.823 -106.538 60.1439 
189.914 -84.8604 -318.343 189.934 -88.4716 -49.1884 189.934 107.052 8.94514 
190.055 -86.0483 -149.193 190.062 -23.1392 195.419 190.066 12.5999 -376.296 
190.179 -87.5218 -281.75 190.187 111.154 125 190.237 -84.4893 -131.722 
190.286 -87.2311 -167.282 190.312 -102.504 -2.90199 190.32 21.5994 -245.844 
190.531 20.4882 -228.768 190.566 -37.4261 184.364 190.578 -101.639 74.7185 
190.643 -82.33 -114.306 190.765 -48.9113 170.691 190.778 -77.4321 124.819 
190.861 -68.2454 140.589 190.875 -58.8903 155.951 190.883 -88.2742 -185.74 
190.9 -86.5711 108.503 191.003 -94.9072 91.4524 191.212 9.19293 -292.505 
191.486 -79.911 -96.6499 191.546 -98.7402 -365.48 191.753 -89.1045 -204.759 
191.893 4.4987 -170.091 192.002 -88.8681 -263.201 192.114 -26.2974 -404.906 
192.263 4.03984 -188.09 192.328 104.42 141.039 192.389 62.5216 -76.6906 
192.398 -84.3436 -336.495 192.634 -97.5642 -386.389 192.757 -89.5977 -224.434 
192.813 85.4474 -34.4766 192.866 23.3822 -125.666 192.882 0.680747 -392.596 
192.924 47.9918 204.159 192.968 5.66764 -151.098 192.968 -89.5483 -244.073 
193.02 7.59865 -357.844 193.027 -77.5168 -78.8373 193.271 42.787 -100.993 
193.382 116.619 74.3029 193.489 -86.4469 -30.983 193.599 -102.862 14.374 
193.757 110.637 26.9018 193.773 8.0653 -274.718 193.871 95.8997 156.336 
193.895 4.28431 -205.623 194.082 2.12373 -339.302 194.321 -71.7894 -159.098 
194.342 -70.2734 -308.09 194.343 -2.37202 -321.197 194.504 -70.429 -141.796 
194.558 -71.5736 -289.845 194.682 -72.7393 -177.203 195.015 85.9916 170.604 
195.101 -68.7047 -125.014 195.163 -5.26105 -303.227 195.452 -75.0761 -60.725 
195.629 -10.7622 -178.901 195.632 -73.5748 -195.874 195.701 -9.79466 -160.092 
195.722 -69.3591 -326.21 195.728 7.64751 -132.642 195.778 -43.9768 -401.764 
195.802 7.02257 -257.072 195.809 61.5491 195.037 195.888 5.07195 -222.748 
196.002 74.4474 183.729 196.147 -84.2964 -354.733 196.233 -66.6207 -107.892 
196.355 -72.8401 -271.449 196.545 -80.1933 -393.308 196.571 90.3267 -17.0644 
196.652 -7.04088 -285.273 196.673 -11.0649 -196.74 196.679 -4.49417 -371.977 
196.686 6.06686 -239.678 196.736 26.4271 -107.727 196.745 -92.7152 1.26207 
196.789 66.4873 -59.3827 197.048 -61.928 -397.741 197.101 -56.894 -168.784 
197.16 -74.0879 -214.714 197.17 -55.7597 -151.317 197.399 -8.14811 -139.117 
197.414 -55.0175 -297.891 197.636 -100.636 32.4979 197.64 -20.1518 -313.915 
197.642 -25.7782 -169.6 197.659 46.4701 -83.4451 197.722 -16.9679 -332.344 
197.725 -53.6973 -316.154 197.807 -64.2378 -90.3021 197.887 -54.4365 -134.956 
197.902 -10.6813 -351.807 197.937 -73.7434 -252.754 197.946 -57.7112 -186.959 
197.979 -22.3314 -295.693 198.075 -24.3885 -149.458 198.101 -74.063 -233.732 
198.225 -83.466 -12.4813 198.291 -40.7993 -160.544 198.348 112.271 57.3262 
198.351 -37.9387 -305.972 198.408 -26.4371 -187.553 198.442 -72.3352 -42.4142 
198.479 -56.2577 -279.594 198.581 -41.7371 -178.237 198.746 -39.5351 -143.593 
198.773 10.0146 -114.425 198.798 -68.8189 -344.264 198.811 -10.7653 -214.498 
198.859 111.161 47.4591 198.893 -36.1135 -324.287 198.915 35.8734 205.104 
199.013 -23.1718 -136.656 199.166 -8.22084 -267.383 199.181 -52.6633 -118.962 
199.206 113.18 93.3159 199.241 -83.7665 -374.1 199.247 -39.4372 -287.665 
199.272 -15.8565 -388.988 199.403 -52.5545 -334.283 199.567 95.5551 0.539108 
199.63 -38.1899 -129.067 199.666 -58.3003 -205.486 199.784 -61.6165 -72.4348 
199.911 -42.3509 -196.363 199.94 -6.13186 -120.67 199.998 -23.7772 -277.527 
200.264 -22.0391 -124.754 200.266 -26.5904 -205.543 200.516 -33.413 -342.843 
200.643 -50.4027 -101.738 200.802 -9.96133 -232.041 200.894 -9.10842 -249.704 
200.978 -21.6823 -364.818 201.021 29.9369 -89.962 201.037 -57.3371 -261.254 
201.132 70.8596 -42.0337 201.248 -97.6657 50.6428 201.414 -58.3777 -224.074 
201.428 -40.5323 -269.495 201.455 -68.1032 -362.42 201.489 -36.2852 -113.313 
201.756 99.9839 18.3896 201.785 -51.8736 -352.066 201.862 50.2906 -66.0404 
201.975 -57.967 -242.708 202.028 -31.3101 -390.5 202.076 -42.4262 -214.645 
202.119 -69.2337 -24.0567 202.254 -95.2958 60.6884 202.276 -24.6777 -259.556 
202.334 -58.6658 -54.1963 202.344 -26.2412 -223.558 202.451 -35.949 -358.866 
202.59 -47.9092 -84.0947 202.686 13.1199 -96.2941 202.825 20.4673 204.866 
202.842 -19.9173 -107.748 203.044 -89.4049 19.8611 203.201 -66.5601 -380.786 
203.275 -34.3834 -375.658 203.465 110.466 68.1588 203.468 -25.5384 -241.538 
203.483 -3.57214 -102.494 203.517 108.161 110.759 203.553 -41.9975 -232.986 
203.568 -41.3703 -251.322 203.576 -33.8872 -95.6492 203.612 -48.4811 -386.345 
203.74 -50.8184 -369.466 203.947 -90.4324 77.167 203.982 103.121 37.0463 
204.571 -78.7424 6.5815 204.772 -83.6844 95.2455 204.805 3.56455 202.548 
204.979 -44.962 -66.119 205.029 33.5215 -72.2753 205.119 75.7405 -24.3215 
205.157 -75.9752 112.93 205.322 -13.0152 197.154 205.405 -55.5849 -35.9714 
205.493 -28.5072 187.901 205.511 -17.3857 -90.158 205.616 -67.8778 129.921 
205.704 102.101 127.319 205.76 -40.8769 175.926 205.957 -50.6246 161.691 
205.985 -59.5368 146.225 206.078 -31.2089 -78.0433 206.206 54.4295 -48.5779 
206.407 -65.5521 -5.57105 206.456 16.5224 -78.36 206.586 -0.567266 -84.4606 
206.736 48.4502 195.551 206.965 93.9258 142.715 207.669 -41.7712 -47.8882 
207.85 84.2155 157.117 207.919 81.0403 -6.5043 208.385 -28.0607 -59.9802 
208.432 -51.9875 -17.6241 208.539 -14.3561 -72.3159 208.583 108.662 78.9913 
208.653 73.5369 170.431 208.664 37.3247 -54.5579 208.939 -86.7908 38.292 
209.007 61.574 183.338 209.255 85.9959 11.6813 209.61 20.0417 -60.4101 
209.658 2.79991 -66.3586 209.779 90.4377 29.847 209.868 58.9295 -30.6217 
210.058 -38.2604 -29.6579 210.48 95.0338 47.671 210.738 -10.9333 -54.0168 
210.855 -24.5923 -41.8132 210.9 101.579 63.8327 211.682 -74.821 25.183 
211.689 6.38484 -48.1231 211.728 41.3738 -36.4888 211.796 -61.7978 12.7965 
211.895 23.8214 -42.2755 212.137 -48.1994 0.676259 212.351 63.843 -12.3736 
212.598 -34.5629 -11.4949 212.925 -20.9243 -23.7031 212.954 -7.28283 -35.8781 
212.99 73.4628 24.7295 212.99 68.6635 6.11105 213.186 -82.8795 58.2033 
213.276 10.2502 -30.0547 213.283 33.2157 195.572 213.313 45.7984 -18.2795 
213.376 27.9107 -24.1612 213.419 78.5839 43.3578 213.772 -3.34702 -17.8699 
213.779 50.4961 0.163025 213.827 14.4272 -12.0129 213.858 32.3511 -6.03584 
213.917 55.4301 18.9348 214.063 102.214 95.1377 214.202 60.8209 38.3055 
214.281 -16.9594 -5.63052 214.292 37.0213 12.2043 214.443 0.867566 0.122312 
214.46 18.8274 5.9444 214.822 42.2245 31.2252 215.136 -30.6212 6.56085 
215.298 84.6609 61.3189 215.706 23.58 23.7695 215.739 48.5627 52.6074 
215.743 66.8144 57.7189 215.774 -77.0461 79.8932 215.98 5.36669 17.9355 
215.985 -12.6697 12.3338 215.998 -44.3213 18.7505 216.308 28.569 41.6321 
216.733 -26.2761 24.6733 216.753 10.2139 35.5947 216.767 16.2578 194.161 
216.812 -8.0152 30.2585 217.031 -70.9354 43.8852 217.13 33.2496 57.1725 
217.306 -28.9845 179.64 217.322 -57.9736 30.9824 217.479 15.1841 52.8148 
217.497 -3.04421 47.9281 217.526 96.3587 111.677 217.561 -21.3871 42.7448 
217.645 -71.0979 99.0164 217.756 92.6959 78.5757 217.93 45.6652 182.588 
217.959 -39.7358 37.1251 218.353 -16.7312 186.843 218.383 89.548 127.636 
218.443 -40.2036 167.135 218.68 -64.2971 117.038 218.75 -0.917795 191.274 
218.781 55.3585 72.7935 218.868 57.8378 169.068 218.942 69.3937 155.83 
218.951 -16.1932 60.5408 218.954 73.7672 76.1379 218.985 80.2786 142.244 
219.06 38.0151 71.4604 219.217 2.2008 65.2487 219.326 -34.582 55.3791 
219.435 -52.9122 49.9483 219.439 20.4585 69.2446 219.653 -65.7673 63.6781 
219.878 -49.5623 151.563 219.962 -57.5126 134.685 220.679 -47.639 68.6228 
220.808 -29.2672 73.3524 221.349 -10.6886 77.8517 221.385 83.4873 93.8268 
221.521 43.9841 88.2446 221.736 26.036 85.585 221.769 -60.1735 83.4175 
221.779 7.81132 82.039 221.847 62.3266 90.9257 222.042 28.3774 181.083 
222.618 -41.901 87.0978 222.953 -23.3823 91.0797 223.026 80.9298 110.49 
223.611 -4.83708 95.0434 223.617 40.2634 166.923 223.701 -54.1257 101.867 
223.989 51.9721 153.097 224.124 13.7356 98.8356 224.298 67.0773 108.373 
224.311 32.1577 102.286 224.336 50.155 105.532 224.36 63.3005 139.559 
224.362 73.4452 125.646 224.577 10.7986 178.099 224.848 -35.8018 105.063 
225.469 56.5975 122.658 225.67 22.2917 164.168 225.831 -17.1923 108.407 
225.868 45.4682 136.383 225.899 33.9241 150.211 225.935 -25.794 171.391 
226.208 38.7525 119.329 226.217 -7.04347 174.24 226.504 1.51764 112.081 
226.698 20.3313 115.848 227.042 -48.2375 119.679 227.256 27.2015 133.071 
227.345 15.5374 146.816 227.574 4.07954 160.514 227.94 8.4173 129.4 
228.538 -10.6119 125.505 228.635 -29.4869 122.374 228.646 -3.38129 142.922 
229.261 -15.0038 156.766 229.449 -34.8989 155.302 229.592 -42.2099 137.606 
230.194 -22.7399 139.661 
POLYGONS 5968 23872
3 668 821 696 
3 696 821 813 
3 586 668 696 
3 821 668 748 
3 813 821 921 
3 696 813 712 
3 586 696 607 
3 571 668 586 
3 656 748 668 
3 821 748 835 
3 921 821 926 
3 915 813 921 
3 712 813 812 
3 607 696 712 
3 586 607 508 
3 495 571 586 
3 656 668 571 
3 743 748 656 
3 748 840 835 
3 821 835 926 
3 1023 921 926 
3 915 921 1014 
3 812 813 915 
3 712 812 717 
3 607 712 621 
3 508 607 526 
3 508 495 586 
3 495 479 571 
3 571 566 656 
3 656 652 743 
3 743 840 748 
3 835 840 930 
3 926 835 930 
3 926 1028 1023 
3 1014 921 1023 
3 1009 915 1014 
3 911 812 915 
3 717 812 810 
3 621 712 717 
3 526 607 621 
3 526 435 508 
3 414 495 508 
3 479 566 571 
3 396 479 495 
3 566 652 656 
3 652 741 743 
3 842 840 743 
3 930 840 934 
3 930 1028 926 
3 1023 1028 1124 
3 1014 1023 1119 
3 1009 1014 1114 
3 911 915 1009 
3 810 812 911 
3 717 810 721 
3 631 621 717 
3 540 526 621 
3 508 435 414 
3 456 435 526 
3 414 396 495 
3 479 464 566 
3 396 379 479 
3 559 652 566 
3 743 741 842 
3 652 649 741 
3 934 840 842 
3 934 1032 930 
3 930 1032 1028 
3 1124 1028 1131 
3 1023 1124 1119 
3 1014 1119 1114 
3 1009 1114 1109 
3 911 1009 1006 
3 911 906 810 
3 721 810 807 
3 721 631 717 
3 540 621 631 
3 540 456 526 
3 414 435 341 
3 372 435 456 
3 320 396 414 
3 566 464 559 
3 379 464 479 
3 288 379 396 
3 559 649 652 
3 741 844 842 
3 741 649 739 
3 842 937 934 
3 934 1035 1032 
3 1028 1032 1131 
3 1131 1225 1124 
3 1119 1124 1221 
3 1114 1119 1213 
3 1109 1114 1205 
3 1006 1009 1109 
3 1006 906 911 
3 810 906 807 
3 721 807 719 
3 637 631 721 
3 540 631 561 
3 476 456 540 
3 341 435 372 
3 320 414 341 
3 372 456 399 
3 320 288 396 
3 559 464 452 
3 359 464 379 
3 288 250 379 
3 547 649 559 
3 842 844 937 
3 739 844 741 
3 739 649 645 
3 937 1035 934 
3 1032 1035 1132 
3 1131 1032 1132 
3 1124 1225 1221 
3 1229 1225 1131 
3 1119 1221 1213 
3 1205 1114 1213 
3 1205 1200 1109 
3 1006 1109 1102 
3 1000 906 1006 
3 807 906 899 
3 719 807 803 
3 719 637 721 
3 561 631 637 
3 561 476 540 
3 399 456 476 
3 283 341 372 
3 320 341 234 
3 318 372 399 
3 197 288 320 
3 452 464 359 
3 452 547 559 
3 379 250 359 
3 288 155 250 
3 645 649 547 
3 844 944 937 
3 847 844 739 
3 645 740 739 
3 1037 1035 937 
3 1132 1035 1136 
3 1131 1132 1229 
3 1221 1225 1318 
3 1323 1225 1229 
3 1213 1221 1316 
3 1213 1306 1205 
3 1109 1200 1102 
3 1297 1200 1205 
3 1000 1006 1102 
3 899 906 1000 
3 807 899 803 
3 719 803 710 
3 629 637 719 
3 561 637 562 
3 493 476 561 
3 399 476 419 
3 318 283 372 
3 234 341 283 
3 234 197 320 
3 346 318 399 
3 197 155 288 
3 340 452 359 
3 452 444 547 
3 359 250 214 
3 250 155 134 
3 541 645 547 
3 937 944 1037 
3 847 944 844 
3 740 847 739 
3 644 740 645 
3 1136 1035 1037 
3 1136 1234 1132 
3 1132 1234 1229 
3 1318 1225 1323 
3 1221 1318 1316 
3 1323 1229 1325 
3 1213 1316 1306 
3 1205 1306 1297 
3 1102 1200 1196 
3 1292 1200 1297 
3 1000 1102 1094 
3 1000 995 899 
3 803 899 893 
3 803 791 710 
3 710 629 719 
3 562 637 629 
3 561 562 493 
3 419 476 493 
3 346 399 419 
3 228 283 318 
3 283 174 234 
3 147 197 234 
3 276 318 346 
3 128 155 197 
3 359 214 340 
3 340 444 452 
3 547 444 541 
3 250 134 214 
3 155 113 134 
3 644 645 541 
3 944 1041 1037 
3 948 944 847 
3 849 847 740 
3 644 744 740 
3 1037 1139 1136 
3 1136 1236 1234 
3 1229 1234 1325 
3 1422 1318 1323 
3 1316 1318 1415 
3 1325 1425 1323 
3 1306 1316 1405 
3 1297 1306 1395 
3 1196 1200 1292 
3 1094 1102 1196 
3 1292 1297 1390 
3 1094 995 1000 
3 899 995 893 
3 893 791 803 
3 710 791 693 
3 618 629 710 
3 546 562 629 
3 493 562 488 
3 422 419 493 
3 365 346 419 
3 276 228 318 
3 228 174 283 
3 234 174 147 
3 147 128 197 
3 304 276 346 
3 128 113 155 
3 214 172 340 
3 325 444 340 
3 541 444 438 
3 134 120 214 
3 113 83 134 
3 541 538 644 
3 1037 1041 1139 
3 948 1041 944 
3 849 948 847 
3 740 744 849 
3 644 648 744 
3 1139 1236 1136 
3 1234 1236 1327 
3 1325 1234 1327 
3 1323 1425 1422 
3 1415 1318 1422 
3 1405 1316 1415 
3 1325 1426 1425 
3 1306 1405 1395 
3 1297 1395 1390 
3 1292 1289 1196 
3 1196 1190 1094 
3 1292 1390 1387 
3 1087 995 1094 
3 893 995 983 
3 893 875 791 
3 693 791 774 
3 693 618 710 
3 546 629 618 
3 488 562 546 
3 422 493 488 
3 365 419 422 
3 304 346 365 
3 203 228 276 
3 157 174 228 
3 147 174 139 
3 123 128 147 
3 242 276 304 
3 106 113 128 
3 340 172 325 
3 214 120 172 
3 438 444 325 
3 438 538 541 
3 83 120 134 
3 71 83 113 
3 538 648 644 
3 1139 1041 1143 
3 1048 1041 948 
3 849 952 948 
3 744 855 849 
3 744 648 756 
3 1139 1239 1236 
3 1236 1330 1327 
3 1327 1426 1325 
3 1425 1523 1422 
3 1422 1512 1415 
3 1415 1502 1405 
3 1426 1528 1425 
3 1395 1405 1496 
3 1395 1486 1390 
3 1289 1190 1196 
3 1292 1387 1289 
3 1094 1190 1087 
3 1387 1390 1482 
3 983 995 1087 
3 983 875 893 
3 791 875 774 
3 693 774 678 
3 604 618 693 
3 532 546 618 
3 488 546 469 
3 416 422 488 
3 368 365 422 
3 323 304 365 
3 242 203 276 
3 203 157 228 
3 139 174 157 
3 139 123 147 
3 123 106 128 
3 281 242 304 
3 71 113 106 
3 172 153 325 
3 172 120 104 
3 325 308 438 
3 438 436 538 
3 59 120 83 
3 55 83 71 
3 544 648 538 
3 1143 1041 1048 
3 1143 1239 1139 
3 948 952 1048 
3 849 855 952 
3 744 756 855 
3 648 654 756 
3 1236 1239 1330 
3 1327 1330 1423 
3 1327 1423 1426 
3 1422 1523 1512 
3 1425 1528 1523 
3 1415 1512 1502 
3 1405 1502 1496 
3 1518 1528 1426 
3 1496 1486 1395 
3 1390 1486 1482 
3 1284 1190 1289 
3 1289 1387 1386 
3 1087 1190 1178 
3 1489 1387 1482 
3 1087 1075 983 
3 969 875 983 
3 774 875 865 
3 678 774 763 
3 678 604 693 
3 532 618 604 
3 469 546 532 
3 469 416 488 
3 368 422 416 
3 368 323 365 
3 281 304 323 
3 242 202 203 
3 203 159 157 
3 140 139 157 
3 125 123 139 
3 109 106 123 
3 281 235 242 
3 71 106 79 
3 153 308 325 
3 104 153 172 
3 104 120 59 
3 308 436 438 
3 538 436 544 
3 59 83 55 
3 71 63 55 
3 544 654 648 
3 1048 1151 1143 
3 1143 1246 1239 
3 952 1056 1048 
3 855 959 952 
3 756 860 855 
3 756 654 764 
3 1239 1335 1330 
3 1330 1427 1423 
3 1426 1423 1518 
3 1512 1523 1620 
3 1523 1528 1629 
3 1502 1512 1605 
3 1496 1502 1593 
3 1518 1647 1528 
3 1496 1584 1486 
3 1482 1486 1574 
3 1386 1284 1289 
3 1178 1190 1284 
3 1386 1387 1489 
3 1178 1075 1087 
3 1541 1489 1482 
3 983 1075 969 
3 865 875 969 
3 763 774 865 
3 763 664 678 
3 581 604 678 
3 604 511 532 
3 447 469 532 
3 401 416 469 
3 349 368 416 
3 314 323 368 
3 281 323 287 
3 202 159 203 
3 235 202 242 
3 157 159 140 
3 140 125 139 
3 125 109 123 
3 79 106 109 
3 264 235 281 
3 79 63 71 
3 153 145 308 
3 104 76 153 
3 59 38 104 
3 308 305 436 
3 544 436 442 
3 55 42 59 
3 55 63 54 
3 560 654 544 
3 1151 1246 1143 
3 1048 1056 1151 
3 1239 1246 1335 
3 952 959 1056 
3 860 959 855 
3 756 764 860 
3 764 654 666 
3 1330 1335 1427 
3 1423 1427 1510 
3 1518 1423 1510 
3 1523 1629 1620 
3 1512 1620 1605 
3 1528 1647 1629 
3 1502 1605 1593 
3 1496 1593 1584 
3 1590 1647 1518 
3 1486 1584 1574 
3 1482 1574 1541 
3 1374 1284 1386 
3 1178 1284 1273 
3 1386 1489 1478 
3 1169 1075 1178 
3 1489 1541 1601 
3 969 1075 1063 
3 865 969 957 
3 763 865 851 
3 678 664 581 
3 742 664 763 
3 581 511 604 
3 532 511 447 
3 401 469 447 
3 349 416 401 
3 314 368 349 
3 287 323 314 
3 287 264 281 
3 175 159 202 
3 221 202 235 
3 140 159 149 
3 131 125 140 
3 125 117 109 
3 109 102 79 
3 248 235 264 
3 78 63 79 
3 145 305 308 
3 76 145 153 
3 38 76 104 
3 42 38 59 
3 436 305 442 
3 442 560 544 
3 54 42 55 
3 63 69 54 
3 666 654 560 
3 1151 1252 1246 
3 1056 1157 1151 
3 1335 1246 1345 
3 959 1066 1056 
3 860 965 959 
3 764 871 860 
3 666 772 764 
3 1427 1335 1432 
3 1510 1427 1516 
3 1518 1510 1590 
3 1620 1629 1721 
3 1605 1620 1706 
3 1629 1647 1738 
3 1593 1605 1693 
3 1584 1593 1679 
3 1678 1647 1590 
3 1574 1584 1665 
3 1541 1574 1648 
3 1374 1386 1478 
3 1273 1284 1374 
3 1169 1178 1273 
3 1489 1588 1478 
3 1063 1075 1169 
3 1541 1648 1601 
3 1601 1588 1489 
3 969 1063 957 
3 865 957 851 
3 742 763 851 
3 581 664 569 
3 647 664 742 
3 497 511 581 
3 447 511 428 
3 447 376 401 
3 328 349 401 
3 295 314 349 
3 314 270 287 
3 267 264 287 
3 175 202 221 
3 149 159 175 
3 248 221 235 
3 149 131 140 
3 131 117 125 
3 117 102 109 
3 102 78 79 
3 265 248 264 
3 78 69 63 
3 145 141 305 
3 76 56 145 
3 38 19 76 
3 42 29 38 
3 305 315 442 
3 442 453 560 
3 54 45 42 
3 69 61 54 
3 560 568 666 
3 1246 1252 1345 
3 1157 1252 1151 
3 1056 1066 1157 
3 1432 1335 1345 
3 959 965 1066 
3 871 965 860 
3 764 772 871 
3 676 772 666 
3 1516 1427 1432 
3 1510 1516 1600 
3 1510 1600 1590 
3 1721 1629 1738 
3 1620 1721 1706 
3 1605 1706 1693 
3 1738 1647 1760 
3 1679 1593 1693 
3 1665 1584 1679 
3 1590 1600 1678 
3 1760 1647 1678 
3 1648 1574 1665 
3 1467 1374 1478 
3 1273 1374 1364 
3 1169 1273 1256 
3 1478 1588 1573 
3 1153 1063 1169 
3 1601 1648 1724 
3 1699 1588 1601 
3 957 1063 1045 
3 851 957 940 
3 742 851 830 
3 569 664 647 
3 569 497 581 
3 727 647 742 
3 428 511 497 
3 428 376 447 
3 401 376 328 
3 295 349 328 
3 295 270 314 
3 270 267 287 
3 265 264 267 
3 221 219 175 
3 175 176 149 
3 251 221 248 
3 150 131 149 
3 130 117 131 
3 115 102 117 
3 99 78 102 
3 278 248 265 
3 84 69 78 
3 141 315 305 
3 56 141 145 
3 19 56 76 
3 38 29 19 
3 42 45 29 
3 315 453 442 
3 560 453 568 
3 61 45 54 
3 75 61 69 
3 568 676 666 
3 1345 1252 1354 
3 1260 1252 1157 
3 1157 1066 1168 
3 1432 1345 1439 
3 1066 965 1072 
3 978 965 871 
3 871 772 878 
3 783 772 676 
3 1533 1516 1432 
3 1600 1516 1613 
3 1827 1721 1738 
3 1706 1721 1813 
3 1693 1706 1794 
3 1738 1760 1843 
3 1777 1679 1693 
3 1665 1679 1762 
3 1600 1694 1678 
3 1776 1760 1678 
3 1665 1743 1648 
3 1478 1573 1467 
3 1364 1374 1467 
3 1256 1273 1364 
3 1256 1153 1169 
3 1573 1588 1683 
3 1045 1063 1153 
3 1648 1743 1724 
3 1601 1724 1699 
3 1683 1588 1699 
3 940 957 1045 
3 830 851 940 
3 830 727 742 
3 569 647 552 
3 569 480 497 
3 628 647 727 
3 412 428 497 
3 345 376 428 
3 328 376 289 
3 253 295 328 
3 240 270 295 
3 244 267 270 
3 254 265 267 
3 219 176 175 
3 251 219 221 
3 149 176 150 
3 278 251 248 
3 150 130 131 
3 115 117 130 
3 99 102 115 
3 84 78 99 
3 286 278 265 
3 75 69 84 
3 142 315 141 
3 43 141 56 
3 11 56 19 
3 29 15 19 
3 29 45 33 
3 348 453 315 
3 568 453 471 
3 61 49 45 
3 65 61 75 
3 580 676 568 
3 1354 1252 1260 
3 1345 1354 1439 
3 1157 1168 1260 
3 1168 1066 1072 
3 1432 1439 1533 
3 1072 965 978 
3 878 978 871 
3 878 772 783 
3 783 676 690 
3 1613 1516 1533 
3 1613 1694 1600 
3 1738 1843 1827 
3 1813 1721 1827 
3 1794 1706 1813 
3 1693 1794 1777 
3 1843 1760 1864 
3 1762 1679 1777 
3 1665 1762 1743 
3 1678 1694 1776 
3 1864 1760 1776 
3 1467 1573 1555 
3 1449 1364 1467 
3 1256 1364 1349 
3 1240 1153 1256 
3 1573 1683 1660 
3 1045 1153 1133 
3 1724 1743 1826 
3 1699 1724 1808 
3 1787 1683 1699 
3 1045 1026 940 
3 940 919 830 
3 808 727 830 
3 552 647 628 
3 552 480 569 
3 497 480 412 
3 628 727 705 
3 345 428 412 
3 289 376 345 
3 253 328 289 
3 253 240 295 
3 244 270 240 
3 254 267 244 
3 286 265 254 
3 233 176 219 
3 269 219 251 
3 150 176 199 
3 297 251 278 
3 156 130 150 
3 130 135 115 
3 116 99 115 
3 99 98 84 
3 310 278 286 
3 90 75 84 
3 142 141 43 
3 348 315 142 
3 43 56 11 
3 19 15 11 
3 33 15 29 
3 45 49 33 
3 471 453 348 
3 471 580 568 
3 65 49 61 
3 81 65 75 
3 690 676 580 
3 1260 1362 1354 
3 1439 1354 1452 
3 1260 1168 1269 
3 1072 1174 1168 
3 1533 1439 1540 
3 1086 1072 978 
3 878 993 978 
3 783 897 878 
3 690 801 783 
3 1533 1626 1613 
3 1613 1708 1694 
3 1827 1843 1927 
3 1813 1827 1912 
3 1813 1896 1794 
3 1777 1794 1877 
3 1864 1949 1843 
3 1777 1861 1762 
3 1743 1762 1841 
3 1776 1694 1790 
3 1864 1776 1879 
3 1555 1573 1660 
3 1449 1467 1555 
3 1349 1364 1449 
3 1349 1240 1256 
3 1133 1153 1240 
3 1660 1683 1771 
3 1045 1133 1026 
3 1826 1743 1841 
3 1808 1724 1826 
3 1787 1699 1808 
3 1771 1683 1787 
3 1026 919 940 
3 830 919 808 
3 705 727 808 
3 552 628 536 
3 462 480 552 
3 480 395 412 
3 705 610 628 
3 331 345 412 
3 260 289 345 
3 289 211 253 
3 198 240 253 
3 215 244 240 
3 254 244 236 
3 273 286 254 
3 233 219 269 
3 199 176 233 
3 297 269 251 
3 199 156 150 
3 297 278 310 
3 156 135 130 
3 115 135 116 
3 116 98 99 
3 84 98 90 
3 286 311 310 
3 90 81 75 
3 43 46 142 
3 142 268 348 
3 11 3 43 
3 15 7 11 
3 18 15 33 
3 33 49 37 
3 348 386 471 
3 471 499 580 
3 57 49 65 
3 73 65 81 
3 580 602 690 
3 1354 1362 1452 
3 1269 1362 1260 
3 1439 1452 1540 
3 1168 1174 1269 
3 1086 1174 1072 
3 1533 1540 1626 
3 978 993 1086 
3 897 993 878 
3 783 801 897 
3 708 801 690 
3 1626 1708 1613 
3 1694 1708 1790 
3 1843 1949 1927 
3 1827 1927 1912 
3 1912 1896 1813 
3 1794 1896 1877 
3 1877 1861 1777 
3 1966 1949 1864 
3 1762 1861 1841 
3 1776 1790 1879 
3 1864 1879 1966 
3 1660 1642 1555 
3 1538 1449 1555 
3 1349 1449 1434 
3 1324 1240 1349 
3 1133 1240 1220 
3 1660 1771 1748 
3 1026 1133 1111 
3 1841 1922 1826 
3 1826 1910 1808 
3 1808 1889 1787 
3 1872 1771 1787 
3 999 919 1026 
3 808 919 889 
3 705 808 777 
3 628 610 536 
3 536 462 552 
3 462 395 480 
3 412 395 331 
3 677 610 705 
3 260 345 331 
3 260 211 289 
3 253 211 198 
3 215 240 198 
3 236 244 215 
3 273 254 236 
3 273 311 286 
3 233 269 301 
3 233 275 199 
3 326 269 297 
3 231 156 199 
3 344 297 310 
3 178 135 156 
3 116 135 143 
3 111 98 116 
3 90 98 97 
3 310 311 350 
3 90 91 81 
3 46 137 142 
3 3 46 43 
3 268 386 348 
3 142 137 268 
3 11 7 3 
3 18 7 15 
3 37 18 33 
3 37 49 57 
3 386 499 471 
3 499 602 580 
3 73 57 65 
3 81 86 73 
3 690 602 708 
3 1452 1362 1465 
3 1371 1362 1269 
3 1540 1452 1550 
3 1269 1174 1281 
3 1191 1174 1086 
3 1626 1540 1639 
3 993 1098 1086 
3 897 1005 993 
3 801 912 897 
3 708 818 801 
3 1722 1708 1626 
3 1790 1708 1812 
3 1927 1949 2034 
3 1912 1927 2012 
3 1999 1896 1912 
3 1877 1896 1979 
3 1877 1962 1861 
3 2055 1949 1966 
3 1841 1861 1945 
3 1790 1892 1879 
3 1879 1977 1966 
3 1555 1642 1538 
3 1748 1642 1660 
3 1434 1449 1538 
3 1324 1349 1434 
3 1220 1240 1324 
3 1111 1133 1220 
3 1748 1771 1853 
3 999 1026 1111 
3 1826 1922 1910 
3 1945 1922 1841 
3 1808 1910 1889 
3 1787 1889 1872 
3 1853 1771 1872 
3 889 919 999 
3 777 808 889 
3 677 705 777 
3 536 610 518 
3 449 462 536 
3 385 395 462 
3 331 395 321 
3 583 610 677 
3 246 260 331 
3 191 211 260 
3 198 211 166 
3 215 198 171 
3 213 236 215 
3 255 273 236 
3 307 311 273 
3 301 269 326 
3 301 275 233 
3 275 231 199 
3 344 326 297 
3 231 178 156 
3 350 344 310 
3 143 135 178 
3 143 111 116 
3 97 98 111 
3 97 91 90 
3 350 311 355 
3 91 86 81 
3 58 137 46 
3 3 1 46 
3 268 282 386 
3 137 282 268 
3 7 2 3 
3 18 10 7 
3 21 18 37 
3 57 41 37 
3 408 499 386 
3 512 602 499 
3 73 62 57 
3 73 86 77 
3 708 602 616 
3 1465 1362 1371 
3 1452 1465 1550 
3 1269 1281 1371 
3 1540 1550 1639 
3 1281 1174 1191 
3 1086 1098 1191 
3 1626 1639 1722 
3 993 1005 1098 
3 912 1005 897 
3 801 818 912 
3 724 818 708 
3 1812 1708 1722 
3 1790 1812 1892 
3 2034 1949 2055 
3 1927 2034 2012 
3 1912 2012 1999 
3 1979 1896 1999 
3 1979 1962 1877 
3 1861 1962 1945 
3 1966 2074 2055 
3 1879 1892 1977 
3 1966 1977 2074 
3 1538 1642 1625 
3 1730 1642 1748 
3 1434 1538 1517 
3 1434 1412 1324 
3 1220 1324 1303 
3 1193 1111 1220 
3 1748 1853 1831 
3 999 1111 1078 
3 1910 1922 2009 
3 2020 1922 1945 
3 1889 1910 1995 
3 1872 1889 1974 
3 1956 1853 1872 
3 889 999 967 
3 777 889 858 
3 777 753 677 
3 518 610 583 
3 449 536 518 
3 385 462 449 
3 321 395 385 
3 246 331 321 
3 651 583 677 
3 191 260 246 
3 166 211 191 
3 171 198 166 
3 213 215 171 
3 213 255 236 
3 307 273 255 
3 355 311 307 
3 326 369 301 
3 342 275 301 
3 316 231 275 
3 383 326 344 
3 277 178 231 
3 397 344 350 
3 222 143 178 
3 160 111 143 
3 97 111 110 
3 96 91 97 
3 355 406 350 
3 93 86 91 
3 46 1 58 
3 58 144 137 
3 2 1 3 
3 282 408 386 
3 144 282 137 
3 10 2 7 
3 21 10 18 
3 37 41 21 
3 62 41 57 
3 408 512 499 
3 616 602 512 
3 77 62 73 
3 86 89 77 
3 616 724 708 
3 1371 1474 1465 
3 1550 1465 1564 
3 1281 1384 1371 
3 1639 1550 1650 
3 1191 1293 1281 
3 1191 1098 1202 
3 1639 1736 1722 
3 1098 1005 1112 
3 912 1016 1005 
3 912 818 925 
3 724 828 818 
3 1722 1822 1812 
3 1812 1906 1892 
3 2055 2140 2034 
3 2012 2034 2117 
3 1999 2012 2099 
3 1979 1999 2083 
3 2064 1962 1979 
3 1945 1962 2044 
3 2055 2074 2164 
3 1892 1996 1977 
3 1977 2086 2074 
3 1625 1642 1730 
3 1517 1538 1625 
3 1730 1748 1831 
3 1517 1412 1434 
3 1324 1412 1303 
3 1193 1220 1303 
3 1078 1111 1193 
3 1831 1853 1936 
3 999 1078 967 
3 2009 1922 2020 
3 1995 1910 2009 
3 2020 1945 2044 
3 1974 1889 1995 
3 1872 1974 1956 
3 1936 1853 1956 
3 889 967 858 
3 858 753 777 
3 677 753 651 
3 518 583 501 
3 518 439 449 
3 449 378 385 
3 322 321 385 
3 247 246 321 
3 563 583 651 
3 191 246 190 
3 166 191 165 
3 163 171 166 
3 185 213 171 
3 238 255 213 
3 307 255 300 
3 307 353 355 
3 301 369 342 
3 383 369 326 
3 342 316 275 
3 316 277 231 
3 397 383 344 
3 277 222 178 
3 350 406 397 
3 160 143 222 
3 129 111 160 
3 110 111 129 
3 110 96 97 
3 96 93 91 
3 410 406 355 
3 93 89 86 
3 58 1 6 
3 58 67 144 
3 0 1 2 
3 282 292 408 
3 144 292 282 
3 4 2 10 
3 12 10 21 
3 21 41 27 
3 47 41 62 
3 408 417 512 
3 616 512 521 
3 64 62 77 
3 77 89 80 
3 625 724 616 
3 1465 1474 1564 
3 1371 1384 1474 
3 1550 1564 1650 
3 1293 1384 1281 
3 1639 1650 1736 
3 1191 1202 1293 
3 1202 1098 1112 
3 1722 1736 1822 
3 1005 1016 1112 
3 925 1016 912 
3 818 828 925 
3 734 828 724 
3 1812 1822 1906 
3 1906 1996 1892 
3 2034 2140 2117 
3 2164 2140 2055 
3 2012 2117 2099 
3 1999 2099 2083 
3 2083 2064 1979 
3 2044 1962 2064 
3 2074 2177 2164 
3 1977 1996 2086 
3 2074 2086 2177 
3 1711 1625 1730 
3 1517 1625 1603 
3 1816 1730 1831 
3 1494 1412 1517 
3 1303 1412 1385 
3 1303 1275 1193 
3 1165 1078 1193 
3 1831 1936 1918 
3 967 1078 1053 
3 2020 2103 2009 
3 2009 2092 1995 
3 2020 2044 2118 
3 2078 1974 1995 
3 1956 1974 2061 
3 2042 1936 1956 
3 858 967 942 
3 827 753 858 
3 651 753 726 
3 501 583 563 
3 501 439 518 
3 439 378 449 
3 385 378 322 
3 247 321 322 
3 190 246 247 
3 627 563 651 
3 165 191 190 
3 163 166 165 
3 185 171 163 
3 238 213 185 
3 300 255 238 
3 300 353 307 
3 353 410 355 
3 342 369 411 
3 429 369 383 
3 387 316 342 
3 316 356 277 
3 443 383 397 
3 317 222 277 
3 397 406 454 
3 261 160 222 
3 160 192 129 
3 138 110 129 
3 112 96 110 
3 95 93 96 
3 460 406 410 
3 94 89 93 
3 6 1 0 
3 6 67 58 
3 144 67 151 
3 0 2 4 
3 292 417 408 
3 151 292 144 
3 4 10 12 
3 27 12 21 
3 27 41 47 
3 47 62 64 
3 512 417 521 
3 521 625 616 
3 80 64 77 
3 80 89 92 
3 625 734 724 
3 1564 1474 1579 
3 1474 1384 1488 
3 1650 1564 1666 
3 1396 1384 1293 
3 1736 1650 1752 
3 1202 1307 1293 
3 1112 1216 1202 
3 1736 1834 1822 
3 1112 1016 1125 
3 925 1033 1016 
3 828 936 925 
3 845 828 734 
3 1822 1919 1906 
3 2004 1996 1906 
3 2117 2140 2234 
3 2253 2140 2164 
3 2099 2117 2205 
3 2083 2099 2185 
3 2166 2064 2083 
3 2044 2064 2141 
3 2177 2273 2164 
3 1996 2093 2086 
3 2086 2179 2177 
3 1711 1730 1816 
3 1603 1625 1711 
3 1517 1603 1494 
3 1816 1831 1918 
3 1385 1412 1494 
3 1385 1275 1303 
3 1193 1275 1165 
3 1053 1078 1165 
3 1918 1936 2014 
3 942 967 1053 
3 2009 2103 2092 
3 2118 2103 2020 
3 1995 2092 2078 
3 2044 2141 2118 
3 2061 1974 2078 
3 1956 2061 2042 
3 2014 1936 2042 
3 827 858 942 
3 726 753 827 
3 726 627 651 
3 501 563 473 
3 418 439 501 
3 363 378 439 
3 322 378 309 
3 258 247 322 
3 190 247 206 
3 537 563 627 
3 169 165 190 
3 167 163 165 
3 185 163 179 
3 227 238 185 
3 300 238 290 
3 351 353 300 
3 413 410 353 
3 411 369 429 
3 411 387 342 
3 443 429 383 
3 387 356 316 
3 277 356 317 
3 454 443 397 
3 317 261 222 
3 454 406 460 
3 261 192 160 
3 129 192 138 
3 138 112 110 
3 112 95 96 
3 94 93 95 
3 465 460 410 
3 92 89 94 
3 0 9 6 
3 9 67 6 
3 151 67 66 
3 4 5 0 
3 302 417 292 
3 151 302 292 
3 12 8 4 
3 27 14 12 
3 47 31 27 
3 64 51 47 
3 521 417 423 
3 534 625 521 
3 80 68 64 
3 92 82 80 
3 640 734 625 
3 1474 1488 1579 
3 1666 1564 1579 
3 1488 1384 1396 
3 1650 1666 1752 
3 1293 1307 1396 
3 1736 1752 1834 
3 1202 1216 1307 
3 1112 1125 1216 
3 1822 1834 1919 
3 1016 1033 1125 
3 925 936 1033 
3 845 936 828 
3 734 745 845 
3 1906 1919 2004 
3 2004 2093 1996 
3 2234 2140 2253 
3 2205 2117 2234 
3 2164 2273 2253 
3 2185 2099 2205 
3 2166 2083 2185 
3 2141 2064 2166 
3 2177 2306 2273 
3 2086 2093 2179 
3 2179 2255 2177 
3 1816 1793 1711 
3 1689 1603 1711 
3 1494 1603 1580 
3 1816 1918 1901 
3 1471 1385 1494 
3 1361 1275 1385 
3 1165 1275 1250 
3 1053 1165 1134 
3 1918 2014 2001 
3 942 1053 1017 
3 2092 2103 2186 
3 2118 2194 2103 
3 2078 2092 2172 
3 2118 2141 2217 
3 2061 2078 2163 
3 2042 2061 2145 
3 2122 2014 2042 
3 942 903 827 
3 827 792 726 
3 726 694 627 
3 473 563 537 
3 418 501 473 
3 363 439 418 
3 309 378 363 
3 258 322 309 
3 206 247 258 
3 190 206 169 
3 537 627 612 
3 167 165 169 
3 179 163 167 
3 227 185 179 
3 290 238 227 
3 351 300 290 
3 413 353 351 
3 465 410 413 
3 429 475 411 
3 457 387 411 
3 498 429 443 
3 432 356 387 
3 317 356 394 
3 509 443 454 
3 317 352 261 
3 454 460 519 
3 299 192 261 
3 192 226 138 
3 148 112 138 
3 122 95 112 
3 107 94 95 
3 527 460 465 
3 103 92 94 
3 5 9 0 
3 66 67 9 
3 66 152 151 
3 8 5 4 
3 423 417 302 
3 152 302 151 
3 14 8 12 
3 31 14 27 
3 47 51 31 
3 68 51 64 
3 423 534 521 
3 534 640 625 
3 82 68 80 
3 101 82 92 
3 640 745 734 
3 1579 1488 1592 
3 1579 1681 1666 
3 1488 1396 1500 
3 1666 1768 1752 
3 1396 1307 1410 
3 1752 1850 1834 
3 1307 1216 1321 
3 1125 1232 1216 
3 1834 1934 1919 
3 1033 1140 1125 
3 936 1046 1033 
3 954 936 845 
3 745 857 845 
3 2004 1919 2016 
3 2004 2102 2093 
3 2234 2253 2342 
3 2205 2234 2319 
3 2253 2273 2370 
3 2205 2293 2185 
3 2185 2267 2166 
3 2242 2141 2166 
3 2273 2306 2389 
3 2177 2255 2306 
3 2093 2184 2179 
3 2179 2184 2255 
3 1711 1793 1689 
3 1901 1793 1816 
3 1580 1603 1689 
3 1471 1494 1580 
3 1918 2001 1901 
3 1471 1361 1385 
3 1250 1275 1361 
3 1134 1165 1250 
3 1017 1053 1134 
3 2001 2014 2097 
3 1017 903 942 
3 2103 2194 2186 
3 2172 2092 2186 
3 2217 2194 2118 
3 2078 2172 2163 
3 2217 2141 2242 
3 2061 2163 2145 
3 2145 2122 2042 
3 2097 2014 2122 
3 827 903 792 
3 792 694 726 
3 627 694 612 
3 537 461 473 
3 403 418 473 
3 343 363 418 
3 309 363 291 
3 309 243 258 
3 206 258 217 
3 169 206 188 
3 612 533 537 
3 187 167 169 
3 179 167 209 
3 227 179 241 
3 296 290 227 
3 354 351 290 
3 415 413 351 
3 474 465 413 
3 475 457 411 
3 498 475 429 
3 457 432 387 
3 509 498 443 
3 394 356 432 
3 394 352 317 
3 519 509 454 
3 352 299 261 
3 519 460 527 
3 299 226 192 
3 138 226 148 
3 148 122 112 
3 122 107 95 
3 103 94 107 
3 535 527 465 
3 103 101 92 
3 17 9 5 
3 66 9 17 
3 88 152 66 
3 13 5 8 
3 302 313 423 
3 152 313 302 
3 16 8 14 
3 23 14 31 
3 31 51 35 
3 68 53 51 
3 423 440 534 
3 543 640 534 
3 82 72 68 
3 101 100 82 
3 653 745 640 
3 1488 1500 1592 
3 1592 1681 1579 
3 1666 1681 1768 
3 1396 1410 1500 
3 1768 1850 1752 
3 1307 1321 1410 
3 1834 1850 1934 
3 1216 1232 1321 
3 1125 1140 1232 
3 1919 1934 2016 
3 1033 1046 1140 
3 954 1046 936 
3 845 857 954 
3 765 857 745 
3 2016 2102 2004 
3 2093 2102 2184 
3 2253 2370 2342 
3 2234 2342 2319 
3 2205 2319 2293 
3 2273 2389 2370 
3 2185 2293 2267 
3 2166 2267 2242 
3 2389 2306 2420 
3 2306 2255 2355 
3 2255 2184 2278 
3 1689 1793 1772 
3 1876 1793 1901 
3 1659 1580 1689 
3 1580 1551 1471 
3 1901 2001 1982 
3 1442 1361 1471 
3 1250 1361 1332 
3 1134 1250 1219 
3 1134 1097 1017 
3 2084 2001 2097 
3 975 903 1017 
3 2186 2194 2276 
3 2268 2172 2186 
3 2291 2194 2217 
3 2163 2172 2259 
3 2217 2242 2309 
3 2145 2163 2251 
3 2145 2233 2122 
3 2097 2122 2196 
3 792 903 862 
3 758 694 792 
3 612 694 661 
3 473 461 403 
3 533 461 537 
3 343 418 403 
3 291 363 343 
3 291 243 309 
3 258 243 217 
3 188 206 217 
3 169 188 187 
3 615 533 612 
3 209 167 187 
3 241 179 209 
3 241 296 227 
3 354 290 296 
3 415 351 354 
3 415 474 413 
3 474 535 465 
3 475 529 457 
3 542 475 498 
3 505 432 457 
3 509 565 498 
3 470 394 432 
3 434 352 394 
3 572 509 519 
3 389 299 352 
3 527 582 519 
3 339 226 299 
3 148 226 274 
3 193 122 148 
3 146 107 122 
3 107 132 103 
3 535 595 527 
3 103 127 101 
3 17 5 13 
3 17 88 66 
3 88 161 152 
3 16 13 8 
3 313 440 423 
3 161 313 152 
3 23 16 14 
3 35 23 31 
3 51 53 35 
3 72 53 68 
3 534 440 543 
3 653 640 543 
3 82 100 72 
3 124 100 101 
3 765 745 653 
3 1500 1607 1592 
3 1592 1696 1681 
3 1768 1681 1783 
3 1410 1515 1500 
3 1868 1850 1768 
3 1321 1429 1410 
3 1934 1850 1953 
3 1232 1334 1321 
3 1232 1140 1247 
3 2016 1934 2035 
3 1140 1046 1154 
3 954 1060 1046 
3 857 964 954 
3 765 872 857 
3 2115 2102 2016 
3 2102 2198 2184 
3 2342 2370 2453 
3 2319 2342 2426 
3 2293 2319 2395 
3 2370 2389 2470 
3 2267 2293 2377 
3 2242 2267 2345 
3 2420 2306 2355 
3 2499 2389 2420 
3 2355 2255 2278 
3 2184 2198 2278 
3 1772 1793 1876 
3 1659 1689 1772 
3 1901 1982 1876 
3 1659 1551 1580 
3 1471 1551 1442 
3 1982 2001 2084 
3 1332 1361 1442 
3 1250 1332 1219 
3 1134 1219 1097 
3 1017 1097 975 
3 2180 2084 2097 
3 862 903 975 
3 2276 2194 2291 
3 2186 2276 2268 
3 2259 2172 2268 
3 2309 2291 2217 
3 2251 2163 2259 
3 2309 2242 2345 
3 2145 2251 2233 
3 2122 2233 2214 
3 2196 2122 2214 
3 2097 2196 2180 
3 758 792 862 
3 661 694 758 
3 615 612 661 
3 403 461 390 
3 458 461 533 
3 403 327 343 
3 271 291 343 
3 229 243 291 
3 217 243 205 
3 217 201 188 
3 187 188 216 
3 528 533 615 
3 187 237 209 
3 280 241 209 
3 324 296 241 
3 354 296 375 
3 427 415 354 
3 490 474 415 
3 545 535 474 
3 529 505 457 
3 542 529 475 
3 498 565 542 
3 470 432 505 
3 572 565 509 
3 470 434 394 
3 434 389 352 
3 519 582 572 
3 389 339 299 
3 595 582 527 
3 274 226 339 
3 274 193 148 
3 193 146 122 
3 146 132 107 
3 132 127 103 
3 611 595 535 
3 127 124 101 
3 13 34 17 
3 17 34 88 
3 88 105 161 
3 16 24 13 
3 335 440 313 
3 161 335 313 
3 23 26 16 
3 35 30 23 
3 53 40 35 
3 72 60 53 
3 543 440 451 
3 543 567 653 
3 72 100 87 
3 121 100 124 
3 674 765 653 
3 1592 1607 1696 
3 1500 1515 1607 
3 1681 1696 1783 
3 1768 1783 1868 
3 1410 1429 1515 
3 1953 1850 1868 
3 1321 1334 1429 
3 1934 1953 2035 
3 1247 1334 1232 
3 1140 1154 1247 
3 2016 2035 2115 
3 1046 1060 1154 
3 954 964 1060 
3 857 872 964 
3 780 872 765 
3 2115 2198 2102 
3 2453 2370 2470 
3 2426 2342 2453 
3 2395 2319 2426 
3 2377 2293 2395 
3 2470 2389 2499 
3 2345 2267 2377 
3 2355 2459 2420 
3 2499 2420 2532 
3 2278 2380 2355 
3 2278 2198 2301 
3 1856 1772 1876 
3 1744 1659 1772 
3 1876 1982 1961 
3 1635 1551 1659 
3 1442 1551 1529 
3 2066 1982 2084 
3 1332 1442 1417 
3 1219 1332 1299 
3 1097 1219 1186 
3 975 1097 1055 
3 2167 2084 2180 
3 862 975 938 
3 2276 2291 2368 
3 2268 2276 2358 
3 2259 2268 2352 
3 2309 2382 2291 
3 2259 2343 2251 
3 2406 2309 2345 
3 2233 2251 2329 
3 2214 2233 2315 
3 2300 2196 2214 
3 2180 2196 2283 
3 825 758 862 
3 661 758 718 
3 615 661 718 
3 390 461 458 
3 390 327 403 
3 458 533 528 
3 343 327 271 
3 229 291 271 
3 205 243 229 
3 217 205 201 
3 188 201 216 
3 216 237 187 
3 596 528 615 
3 209 237 280 
3 324 241 280 
3 375 296 324 
3 427 354 375 
3 490 415 427 
3 545 474 490 
3 611 535 545 
3 579 505 529 
3 605 529 542 
3 565 620 542 
3 505 554 470 
3 633 565 572 
3 514 434 470 
3 468 389 434 
3 572 582 646 
3 430 339 389 
3 655 582 595 
3 274 339 384 
3 274 338 193 
3 293 146 193 
3 146 262 132 
3 239 127 132 
3 671 595 611 
3 230 124 127 
3 24 34 13 
3 34 105 88 
3 161 105 189 
3 26 24 16 
3 451 440 335 
3 189 335 161 
3 30 26 23 
3 35 40 30 
3 60 40 53 
3 87 60 72 
3 451 567 543 
3 567 674 653 
3 87 100 121 
3 121 124 225 
3 674 780 765 
3 1696 1607 1710 
3 1607 1515 1623 
3 1783 1696 1797 
3 1783 1881 1868 
3 1515 1429 1535 
3 1967 1953 1868 
3 1429 1334 1437 
3 2035 1953 2056 
3 1247 1352 1334 
3 1247 1154 1258 
3 2115 2035 2138 
3 1060 1167 1154 
3 1060 964 1074 
3 964 872 985 
3 895 872 780 
3 2224 2198 2115 
3 2453 2470 2561 
3 2426 2453 2527 
3 2498 2395 2426 
3 2377 2395 2469 
3 2586 2470 2499 
3 2345 2377 2451 
3 2420 2459 2532 
3 2355 2380 2459 
3 2532 2615 2499 
3 2301 2380 2278 
3 2301 2198 2224 
3 1856 1876 1961 
3 1744 1772 1856 
3 1635 1659 1744 
3 1961 1982 2066 
3 1529 1551 1635 
3 1417 1442 1529 
3 2066 2084 2167 
3 1299 1332 1417 
3 1186 1219 1299 
3 1164 1097 1186 
3 1055 1097 1164 
3 938 975 1055 
3 2264 2167 2180 
3 825 862 938 
3 2291 2382 2368 
3 2276 2368 2358 
3 2268 2358 2352 
3 2352 2343 2259 
3 2406 2382 2309 
3 2251 2343 2329 
3 2345 2451 2406 
3 2233 2329 2315 
3 2214 2315 2300 
3 2283 2196 2300 
3 2283 2264 2180 
3 718 758 825 
3 718 686 615 
3 458 402 390 
3 319 327 390 
3 528 463 458 
3 271 327 252 
3 271 207 229 
3 184 205 229 
3 201 205 194 
3 216 201 224 
3 216 263 237 
3 615 686 596 
3 522 528 596 
3 280 237 306 
3 280 347 324 
3 324 392 375 
3 445 427 375 
3 503 490 427 
3 490 564 545 
3 623 611 545 
3 579 529 605 
3 579 554 505 
3 542 620 605 
3 633 620 565 
3 470 554 514 
3 646 633 572 
3 514 468 434 
3 430 389 468 
3 646 582 655 
3 384 339 430 
3 671 655 595 
3 384 338 274 
3 338 293 193 
3 293 262 146 
3 132 262 239 
3 230 127 239 
3 671 611 683 
3 225 124 230 
3 44 34 24 
3 44 105 34 
3 189 105 118 
3 28 24 26 
3 451 335 358 
3 358 335 189 
3 30 25 26 
3 40 32 30 
3 60 48 40 
3 87 70 60 
3 477 567 451 
3 592 674 567 
3 121 114 87 
3 121 225 220 
3 701 780 674 
3 1710 1607 1623 
3 1797 1696 1710 
3 1515 1535 1623 
3 1797 1881 1783 
3 1868 1881 1967 
3 1535 1429 1437 
3 2056 1953 1967 
3 1334 1352 1437 
3 2035 2056 2138 
3 1247 1258 1352 
3 1154 1167 1258 
3 2115 2138 2224 
3 1074 1167 1060 
3 1074 964 985 
3 985 872 895 
3 780 809 895 
3 2561 2470 2586 
3 2527 2453 2561 
3 2426 2527 2498 
3 2469 2395 2498 
3 2451 2377 2469 
3 2499 2615 2586 
3 2532 2459 2564 
3 2459 2380 2484 
3 2642 2615 2532 
3 2400 2380 2301 
3 2301 2224 2326 
3 1856 1961 1939 
3 1828 1744 1856 
3 1744 1720 1635 
3 1961 2066 2045 
3 1635 1609 1529 
3 1493 1417 1529 
3 2146 2066 2167 
3 1299 1417 1378 
3 1266 1186 1299 
3 1164 1186 1266 
3 1055 1164 1121 
3 938 1055 1011 
3 2250 2167 2264 
3 938 901 825 
3 2368 2382 2452 
3 2358 2368 2443 
3 2352 2358 2435 
3 2352 2430 2343 
3 2467 2382 2406 
3 2329 2343 2422 
3 2406 2451 2506 
3 2315 2329 2404 
3 2300 2315 2392 
3 2300 2381 2283 
3 2365 2264 2283 
3 718 825 788 
3 788 686 718 
3 390 402 360 
3 463 402 458 
3 390 360 319 
3 252 327 319 
3 522 463 528 
3 252 207 271 
3 229 207 184 
3 194 205 184 
3 224 201 194 
3 216 224 263 
3 237 263 306 
3 596 686 659 
3 577 522 596 
3 280 306 347 
3 347 392 324 
3 375 392 445 
3 503 427 445 
3 503 564 490 
3 545 564 623 
3 683 611 623 
3 605 662 579 
3 579 638 554 
3 605 620 679 
3 692 620 633 
3 554 599 514 
3 709 633 646 
3 558 468 514 
3 468 517 430 
3 723 646 655 
3 430 482 384 
3 735 655 671 
3 446 338 384 
3 420 293 338 
3 404 262 293 
3 239 262 388 
3 239 381 230 
3 683 752 671 
3 230 377 225 
3 44 24 28 
3 118 105 44 
3 118 232 189 
3 25 28 26 
3 451 358 477 
3 232 358 189 
3 30 32 25 
3 48 32 40 
3 70 48 60 
3 114 70 87 
3 477 592 567 
3 701 674 592 
3 220 114 121 
3 225 373 220 
3 701 809 780 
3 1710 1623 1723 
3 1797 1710 1814 
3 1623 1535 1633 
3 1898 1881 1797 
3 1967 1881 1985 
3 1543 1535 1437 
3 2072 2056 1967 
3 1437 1352 1459 
3 2138 2056 2161 
3 1352 1258 1365 
3 1258 1167 1272 
3 2224 2138 2241 
3 1074 1180 1167 
3 1074 985 1090 
3 895 1002 985 
3 809 917 895 
3 2586 2676 2561 
3 2561 2633 2527 
3 2498 2527 2606 
3 2498 2572 2469 
3 2451 2469 2537 
3 2586 2615 2717 
3 2459 2484 2564 
3 2532 2564 2642 
3 2484 2380 2400 
3 2768 2615 2642 
3 2400 2301 2326 
3 2224 2241 2326 
3 1939 1961 2045 
3 1939 1828 1856 
3 1828 1720 1744 
3 1720 1609 1635 
3 2045 2066 2146 
3 1609 1493 1529 
3 1378 1417 1493 
3 2146 2167 2250 
3 1299 1378 1266 
3 1164 1266 1231 
3 1121 1164 1231 
3 1011 1055 1121 
3 1011 901 938 
3 2250 2264 2344 
3 825 901 788 
3 2452 2382 2467 
3 2368 2452 2443 
3 2358 2443 2435 
3 2352 2435 2430 
3 2343 2430 2422 
3 2467 2406 2506 
3 2404 2329 2422 
3 2506 2451 2537 
3 2392 2315 2404 
3 2392 2381 2300 
3 2283 2381 2365 
3 2344 2264 2365 
3 761 686 788 
3 360 402 361 
3 431 402 463 
3 312 319 360 
3 319 245 252 
3 506 463 522 
3 200 207 252 
3 184 207 170 
3 177 194 184 
3 223 224 194 
3 263 224 279 
3 306 263 329 
3 659 686 761 
3 596 659 577 
3 577 506 522 
3 306 380 347 
3 426 392 347 
3 445 392 467 
3 523 503 445 
3 575 564 503 
3 623 564 639 
3 703 683 623 
3 662 638 579 
3 679 662 605 
3 554 638 599 
3 679 620 692 
3 709 692 633 
3 514 599 558 
3 723 709 646 
3 558 517 468 
3 430 517 482 
3 735 723 655 
3 482 446 384 
3 671 752 735 
3 446 420 338 
3 420 404 293 
3 388 262 404 
3 388 381 239 
3 381 377 230 
3 767 752 683 
3 377 373 225 
3 28 39 44 
3 44 39 118 
3 133 232 118 
3 25 22 28 
3 358 391 477 
3 232 391 358 
3 25 32 20 
3 36 32 48 
3 70 85 48 
3 114 119 70 
3 510 592 477 
3 592 622 701 
3 220 212 114 
3 220 373 371 
3 729 809 701 
3 1723 1623 1633 
3 1710 1723 1814 
3 1797 1814 1898 
3 1633 1535 1543 
3 1985 1881 1898 
3 1967 1985 2072 
3 1437 1459 1543 
3 2161 2056 2072 
3 1459 1352 1365 
3 2138 2161 2241 
3 1258 1272 1365 
3 1167 1180 1272 
3 1090 1180 1074 
3 985 1002 1090 
3 895 917 1002 
3 809 836 917 
3 2561 2676 2633 
3 2586 2717 2676 
3 2527 2633 2606 
3 2606 2572 2498 
3 2469 2572 2537 
3 2717 2615 2768 
3 2484 2595 2564 
3 2642 2564 2688 
3 2513 2484 2400 
3 2790 2768 2642 
3 2400 2326 2436 
3 2241 2349 2326 
3 2017 1939 2045 
3 1913 1828 1939 
3 1828 1802 1720 
3 1686 1609 1720 
3 2045 2146 2123 
3 1569 1493 1609 
3 1378 1493 1458 
3 2225 2146 2250 
3 1266 1378 1339 
3 1231 1266 1339 
3 1231 1175 1121 
3 1011 1121 1076 
3 976 901 1011 
3 2250 2344 2322 
3 788 901 868 
3 2522 2452 2467 
3 2443 2452 2507 
3 2435 2443 2497 
3 2430 2435 2503 
3 2422 2430 2509 
3 2467 2506 2560 
3 2422 2500 2404 
3 2506 2537 2592 
3 2392 2404 2486 
3 2466 2381 2392 
3 2365 2381 2454 
3 2441 2344 2365 
3 761 788 868 
3 361 402 431 
3 360 361 312 
3 431 463 506 
3 312 245 319 
3 252 245 200 
3 170 207 200 
3 184 170 177 
3 194 177 173 
3 223 194 173 
3 279 224 223 
3 329 263 279 
3 329 380 306 
3 760 659 761 
3 577 659 673 
3 600 506 577 
3 380 426 347 
3 467 392 426 
3 445 467 523 
3 523 575 503 
3 639 564 575 
3 703 623 639 
3 767 683 703 
3 730 638 662 
3 679 747 662 
3 599 638 682 
3 692 759 679 
3 770 692 709 
3 599 642 558 
3 778 709 723 
3 608 517 558 
3 482 517 573 
3 797 723 735 
3 550 446 482 
3 735 752 816 
3 446 530 420 
3 513 404 420 
3 388 404 502 
3 388 496 381 
3 489 377 381 
3 831 752 767 
3 486 373 377 
3 22 39 28 
3 118 39 133 
3 133 298 232 
3 20 22 25 
3 477 391 510 
3 298 391 232 
3 20 32 36 
3 48 85 36 
3 70 119 85 
3 212 119 114 
3 510 622 592 
3 622 729 701 
3 371 212 220 
3 371 373 485 
3 729 836 809 
3 1735 1723 1633 
3 1814 1723 1824 
3 1898 1814 1911 
3 1543 1646 1633 
3 1898 2000 1985 
3 2072 1985 2088 
3 1543 1459 1556 
3 2161 2072 2170 
3 1469 1459 1365 
3 2161 2261 2241 
3 1365 1272 1377 
3 1272 1180 1287 
3 1197 1180 1090 
3 1090 1002 1106 
3 1002 917 1019 
3 917 836 945 
3 2633 2676 2784 
3 2676 2717 2825 
3 2606 2633 2724 
3 2672 2572 2606 
3 2537 2572 2626 
3 2717 2768 2845 
3 2564 2595 2688 
3 2513 2595 2484 
3 2642 2688 2790 
3 2400 2436 2513 
3 2854 2768 2790 
3 2326 2349 2436 
3 2241 2261 2349 
3 2017 2045 2123 
3 1913 1939 2017 
3 1913 1802 1828 
3 1720 1802 1686 
3 1569 1609 1686 
3 2123 2146 2225 
3 1458 1493 1569 
3 1339 1378 1458 
3 2225 2250 2322 
3 1231 1339 1286 
3 1121 1175 1076 
3 1286 1175 1231 
3 976 1011 1076 
3 868 901 976 
3 2322 2344 2405 
3 2522 2467 2560 
3 2507 2452 2522 
3 2443 2507 2497 
3 2435 2497 2503 
3 2509 2430 2503 
3 2509 2500 2422 
3 2560 2506 2592 
3 2404 2500 2486 
3 2592 2537 2626 
3 2466 2392 2486 
3 2454 2381 2466 
3 2454 2441 2365 
3 2405 2344 2441 
3 856 761 868 
3 433 361 431 
3 312 361 357 
3 431 506 515 
3 285 245 312 
3 200 245 204 
3 168 170 200 
3 177 170 162 
3 177 162 173 
3 208 223 173 
3 223 272 279 
3 337 329 279 
3 405 380 329 
3 856 760 761 
3 673 659 760 
3 673 600 577 
3 515 506 600 
3 459 426 380 
3 467 426 507 
3 467 553 523 
3 606 575 523 
3 657 639 575 
3 722 703 639 
3 767 703 776 
3 747 730 662 
3 682 638 730 
3 759 747 679 
3 682 642 599 
3 770 759 692 
3 778 770 709 
3 558 642 608 
3 797 778 723 
3 573 517 608 
3 573 550 482 
3 735 816 797 
3 550 530 446 
3 816 752 831 
3 530 513 420 
3 502 404 513 
3 502 496 388 
3 381 496 489 
3 489 486 377 
3 850 831 767 
3 485 373 486 
3 74 39 22 
3 133 39 74 
3 186 298 133 
3 52 22 20 
3 510 391 437 
3 437 391 298 
3 36 50 20 
3 85 108 36 
3 85 119 196 
3 196 119 212 
3 549 622 510 
3 622 658 729 
3 371 366 212 
3 485 483 371 
3 766 836 729 
3 1633 1646 1735 
3 1824 1723 1735 
3 1814 1824 1911 
3 1911 2000 1898 
3 1556 1646 1543 
3 1985 2000 2088 
3 2072 2088 2170 
3 1556 1459 1469 
3 2170 2261 2161 
3 1365 1377 1469 
3 1377 1272 1287 
3 1287 1180 1197 
3 1197 1090 1106 
3 1002 1019 1106 
3 1019 917 945 
3 945 836 867 
3 2784 2676 2825 
3 2724 2633 2784 
3 2825 2717 2845 
3 2672 2606 2724 
3 2626 2572 2672 
3 2845 2768 2854 
3 2688 2595 2757 
3 2627 2595 2513 
3 2790 2688 2819 
3 2513 2436 2547 
3 2857 2854 2790 
3 2436 2349 2456 
3 2349 2261 2371 
3 2098 2017 2123 
3 2017 1997 1913 
3 1884 1802 1913 
3 1686 1802 1769 
3 1645 1569 1686 
3 2195 2123 2225 
3 1569 1524 1458 
3 1339 1458 1401 
3 2297 2225 2322 
3 1286 1339 1401 
3 1076 1175 1088 
3 1228 1175 1286 
3 976 1076 1088 
3 868 976 956 
3 2391 2322 2405 
3 2560 2605 2522 
3 2578 2507 2522 
3 2497 2507 2563 
3 2503 2497 2565 
3 2503 2577 2509 
3 2581 2500 2509 
3 2560 2592 2632 
3 2486 2500 2574 
3 2592 2626 2684 
3 2486 2559 2466 
3 2534 2454 2466 
3 2516 2441 2454 
3 2405 2441 2494 
3 868 956 856 
3 431 515 433 
3 357 361 433 
3 357 285 312 
3 204 245 285 
3 168 200 204 
3 162 170 168 
3 173 162 164 
3 208 173 164 
3 208 272 223 
3 279 272 337 
3 337 405 329 
3 459 380 405 
3 869 760 856 
3 673 760 787 
3 715 600 673 
3 636 515 600 
3 507 426 459 
3 507 553 467 
3 523 553 606 
3 657 575 606 
3 722 639 657 
3 776 703 722 
3 850 767 776 
3 824 730 747 
3 730 751 682 
3 834 747 759 
3 732 642 682 
3 846 759 770 
3 854 770 778 
3 608 642 698 
3 863 778 797 
3 669 573 608 
3 650 550 573 
3 797 816 873 
3 632 530 550 
3 898 816 831 
3 619 513 530 
3 502 513 609 
3 598 496 502 
3 489 496 593 
3 589 486 489 
3 850 922 831 
3 485 486 584 
3 74 22 52 
3 74 186 133 
3 370 298 186 
3 50 52 20 
3 549 510 437 
3 437 298 370 
3 36 108 50 
3 183 108 85 
3 196 183 85 
3 212 366 196 
3 549 658 622 
3 658 766 729 
3 483 366 371 
3 585 483 485 
3 867 836 766 
3 1735 1646 1751 
3 1837 1824 1735 
3 1911 1824 1923 
3 2010 2000 1911 
3 1661 1646 1556 
3 2088 2000 2100 
3 2170 2088 2188 
3 1469 1572 1556 
3 2279 2261 2170 
3 1469 1377 1479 
3 1377 1287 1391 
3 1301 1287 1197 
3 1106 1212 1197 
3 1106 1019 1123 
3 1042 1019 945 
3 867 961 945 
3 2825 2858 2784 
3 2724 2784 2837 
3 2845 2870 2825 
3 2672 2724 2792 
3 2626 2672 2734 
3 2845 2854 2875 
3 2757 2595 2627 
3 2688 2757 2819 
3 2513 2547 2627 
3 2790 2819 2857 
3 2436 2456 2547 
3 2874 2854 2857 
3 2349 2371 2456 
3 2371 2261 2279 
3 2098 2123 2195 
3 2098 1997 2017 
3 1913 1997 1884 
3 1769 1802 1884 
3 1645 1686 1769 
3 1645 1524 1569 
3 2195 2225 2297 
3 1458 1524 1401 
3 2297 2322 2391 
3 1286 1401 1348 
3 1088 1175 1228 
3 1228 1286 1348 
3 956 976 1088 
3 2391 2405 2472 
3 2522 2605 2578 
3 2632 2605 2560 
3 2563 2507 2578 
3 2565 2497 2563 
3 2503 2565 2577 
3 2509 2577 2581 
3 2574 2500 2581 
3 2592 2684 2632 
3 2486 2574 2559 
3 2626 2734 2684 
3 2466 2559 2534 
3 2516 2454 2534 
3 2505 2441 2516 
3 2494 2441 2505 
3 2405 2494 2472 
3 960 856 956 
3 433 515 557 
3 478 357 433 
3 393 285 357 
3 204 285 284 
3 180 168 204 
3 154 162 168 
3 164 162 154 
3 164 182 208 
3 256 272 208 
3 337 272 332 
3 400 405 337 
3 459 405 500 
3 856 960 869 
3 787 760 869 
3 715 673 787 
3 636 600 715 
3 557 515 636 
3 539 507 459 
3 590 553 507 
3 606 553 634 
3 681 657 606 
3 738 722 657 
3 776 722 800 
3 864 850 776 
3 824 747 834 
3 824 819 730 
3 682 751 732 
3 819 751 730 
3 834 759 846 
3 698 642 732 
3 854 846 770 
3 863 854 778 
3 698 669 608 
3 863 797 873 
3 669 650 573 
3 650 632 550 
3 873 816 898 
3 619 530 632 
3 922 898 831 
3 609 513 619 
3 609 598 502 
3 593 496 598 
3 593 589 489 
3 584 486 589 
3 935 922 850 
3 584 585 485 
3 52 136 74 
3 136 186 74 
3 370 186 303 
3 50 126 52 
3 437 492 549 
3 370 492 437 
3 108 126 50 
3 183 218 108 
3 362 183 196 
3 196 366 362 
3 601 658 549 
3 707 766 658 
3 483 481 366 
3 585 587 483 
3 867 766 806 
3 1751 1646 1661 
3 1751 1837 1735 
3 1923 1824 1837 
3 1911 1923 2010 
3 2100 2000 2010 
3 1556 1572 1661 
3 2088 2100 2188 
3 2279 2170 2188 
3 1479 1572 1469 
3 1377 1391 1479 
3 1391 1287 1301 
3 1197 1212 1301 
3 1106 1123 1212 
3 1123 1019 1042 
3 945 961 1042 
3 902 961 867 
3 2784 2858 2837 
3 2825 2870 2858 
3 2792 2724 2837 
3 2875 2870 2845 
3 2734 2672 2792 
3 2875 2854 2874 
3 2757 2627 2747 
3 2819 2757 2860 
3 2547 2685 2627 
3 2857 2819 2860 
3 2456 2568 2547 
3 2857 2881 2874 
3 2456 2371 2473 
3 2385 2371 2279 
3 2176 2098 2195 
3 2079 1997 2098 
3 1884 1997 1965 
3 1884 1844 1769 
3 1726 1645 1769 
3 1617 1524 1645 
3 2271 2195 2297 
3 1401 1524 1464 
3 2374 2297 2391 
3 1401 1464 1348 
3 1088 1228 1162 
3 1228 1348 1282 
3 956 1088 1044 
3 2457 2391 2472 
3 2578 2605 2636 
3 2677 2605 2632 
3 2563 2578 2619 
3 2565 2563 2617 
3 2577 2565 2625 
3 2581 2577 2652 
3 2574 2581 2651 
3 2632 2684 2722 
3 2559 2574 2630 
3 2684 2734 2782 
3 2534 2559 2612 
3 2534 2591 2516 
3 2580 2505 2516 
3 2494 2505 2569 
3 2472 2494 2556 
3 1044 960 956 
3 478 433 557 
3 393 357 478 
3 284 285 393 
3 204 284 180 
3 154 168 180 
3 158 164 154 
3 208 182 256 
3 158 182 164 
3 332 272 256 
3 400 337 332 
3 450 405 400 
3 500 405 450 
3 459 500 539 
3 960 968 869 
3 787 869 907 
3 829 715 787 
3 754 636 715 
3 636 672 557 
3 539 590 507 
3 634 553 590 
3 681 606 634 
3 738 657 681 
3 800 722 738 
3 800 864 776 
3 864 935 850 
3 916 824 834 
3 910 819 824 
3 751 820 732 
3 819 820 751 
3 924 834 846 
3 796 698 732 
3 854 928 846 
3 941 854 863 
3 698 769 669 
3 951 863 873 
3 749 650 669 
3 736 632 650 
3 873 898 962 
3 725 619 632 
3 998 898 922 
3 619 713 609 
3 609 702 598 
3 695 593 598 
3 688 589 593 
3 584 589 685 
3 1013 922 935 
3 684 585 584 
3 126 136 52 
3 303 186 136 
3 303 441 370 
3 492 601 549 
3 441 492 370 
3 108 218 126 
3 367 218 183 
3 362 367 183 
3 366 481 362 
3 707 658 601 
3 806 766 707 
3 587 481 483 
3 687 587 585 
3 806 902 867 
3 1751 1661 1764 
3 1855 1837 1751 
3 1923 1837 1943 
3 1923 2026 2010 
3 2010 2111 2100 
3 1661 1572 1676 
3 2100 2203 2188 
3 2279 2188 2298 
3 1586 1572 1479 
3 1479 1391 1498 
3 1391 1301 1406 
3 1301 1212 1317 
3 1212 1123 1226 
3 1123 1042 1141 
3 1042 961 1057 
3 955 961 902 
3 2837 2858 2866 
3 2858 2870 2879 
3 2792 2837 2851 
3 2883 2870 2875 
3 2734 2792 2824 
3 2875 2874 2886 
3 2685 2747 2627 
3 2747 2863 2757 
3 2757 2863 2860 
3 2568 2685 2547 
3 2860 2881 2857 
3 2588 2568 2456 
3 2874 2881 2888 
3 2473 2371 2385 
3 2456 2473 2588 
3 2279 2298 2385 
3 2176 2195 2271 
3 2079 2098 2176 
3 1965 1997 2079 
3 1965 1844 1884 
3 1769 1844 1726 
3 1617 1645 1726 
3 1571 1524 1617 
3 2271 2297 2374 
3 1464 1524 1571 
3 2374 2391 2457 
3 1348 1464 1403 
3 1162 1228 1282 
3 1044 1088 1162 
3 1348 1403 1282 
3 2457 2472 2531 
3 2636 2605 2677 
3 2619 2578 2636 
3 2632 2722 2677 
3 2617 2563 2619 
3 2625 2565 2617 
3 2577 2625 2635 
3 2652 2577 2635 
3 2651 2581 2652 
3 2630 2574 2651 
3 2722 2684 2782 
3 2612 2559 2630 
3 2782 2734 2824 
3 2612 2591 2534 
3 2516 2591 2580 
3 2569 2505 2580 
3 2556 2494 2569 
3 2531 2472 2556 
3 1044 968 960 
3 597 478 557 
3 393 478 516 
3 421 284 393 
3 180 284 294 
3 180 181 154 
3 154 181 158 
3 256 182 249 
3 195 182 158 
3 256 330 332 
3 332 398 400 
3 398 450 400 
3 531 500 450 
3 539 500 576 
3 869 968 907 
3 787 907 829 
3 754 715 829 
3 754 672 636 
3 557 672 597 
3 624 590 539 
3 670 634 590 
3 634 720 681 
3 681 768 738 
3 738 822 800 
3 800 879 864 
3 953 935 864 
3 924 916 834 
3 916 910 824 
3 905 819 910 
3 732 820 796 
3 905 820 819 
3 846 928 924 
3 796 769 698 
3 941 928 854 
3 951 941 863 
3 669 769 749 
3 873 962 951 
3 749 736 650 
3 736 725 632 
3 962 898 998 
3 725 713 619 
3 998 922 1013 
3 713 702 609 
3 598 702 695 
3 688 593 695 
3 685 589 688 
3 684 584 685 
3 1013 935 1030 
3 684 687 585 
3 126 257 136 
3 257 303 136 
3 409 441 303 
3 556 601 492 
3 556 492 441 
3 218 257 126 
3 367 382 218 
3 484 367 362 
3 362 481 484 
3 707 601 660 
3 806 707 762 
3 591 481 587 
3 687 689 587 
3 848 902 806 
3 1661 1676 1764 
3 1751 1764 1855 
3 1943 1837 1855 
3 1923 1943 2026 
3 2010 2026 2111 
3 2100 2111 2203 
3 1676 1572 1586 
3 2188 2203 2298 
3 1586 1479 1498 
3 1391 1406 1498 
3 1406 1301 1317 
3 1317 1212 1226 
3 1123 1141 1226 
3 1141 1042 1152 
3 1057 961 955 
3 1152 1042 1057 
3 955 902 931 
3 2866 2858 2879 
3 2851 2837 2866 
3 2879 2870 2883 
3 2824 2792 2851 
3 2886 2883 2875 
3 2874 2888 2886 
3 2747 2685 2809 
3 2863 2747 2809 
3 2860 2863 2895 
3 2685 2568 2588 
3 2860 2895 2881 
3 2881 2898 2888 
3 2385 2496 2473 
3 2473 2496 2588 
3 2385 2298 2401 
3 2244 2176 2271 
3 2150 2079 2176 
3 2079 2037 1965 
3 1915 1844 1965 
3 1726 1844 1796 
3 1617 1726 1684 
3 1571 1617 1684 
3 2374 2340 2271 
3 1520 1464 1571 
3 2457 2429 2374 
3 1403 1464 1520 
3 1162 1282 1222 
3 1162 1100 1044 
3 1282 1403 1344 
3 2502 2457 2531 
3 2707 2636 2677 
3 2619 2636 2680 
3 2677 2722 2754 
3 2617 2619 2667 
3 2625 2617 2670 
3 2635 2625 2691 
3 2711 2652 2635 
3 2651 2652 2721 
3 2630 2651 2709 
3 2782 2803 2722 
3 2612 2630 2689 
3 2824 2839 2782 
3 2663 2591 2612 
3 2580 2591 2637 
3 2569 2580 2629 
3 2556 2569 2623 
3 2531 2556 2607 
3 1044 1100 968 
3 516 478 597 
3 421 393 516 
3 294 284 421 
3 294 181 180 
3 158 181 210 
3 249 182 195 
3 256 249 330 
3 195 158 210 
3 330 398 332 
3 466 450 398 
3 531 450 466 
3 576 500 531 
3 624 539 576 
3 907 968 1027 
3 829 907 950 
3 829 866 754 
3 786 672 754 
3 597 672 714 
3 670 590 624 
3 670 720 634 
3 720 768 681 
3 768 822 738 
3 822 879 800 
3 864 879 953 
3 1030 935 953 
3 924 1007 916 
3 1003 910 916 
3 910 997 905 
3 796 820 890 
3 890 820 905 
3 924 928 1012 
3 870 769 796 
3 1018 928 941 
3 1031 941 951 
3 769 852 749 
3 962 1039 951 
3 838 736 749 
3 823 725 736 
3 1052 962 998 
3 817 713 725 
3 1013 1107 998 
3 805 702 713 
3 695 702 798 
3 688 695 790 
3 685 688 784 
3 684 685 781 
3 1117 1013 1030 
3 779 687 684 
3 257 409 303 
3 524 441 409 
3 660 601 556 
3 524 556 441 
3 218 382 257 
3 494 382 367 
3 484 494 367 
3 484 481 591 
3 762 707 660 
3 762 848 806 
3 587 689 591 
3 782 689 687 
3 931 902 848 
3 1764 1676 1782 
3 1764 1869 1855 
3 1955 1943 1855 
3 2026 1943 2047 
3 2111 2026 2132 
3 2203 2111 2228 
3 1676 1586 1690 
3 2298 2203 2317 
3 1586 1498 1598 
3 1498 1406 1507 
3 1421 1406 1317 
3 1226 1328 1317 
3 1226 1141 1243 
3 1243 1141 1152 
3 1057 955 1050 
3 1057 1156 1152 
3 1050 955 931 
3 2866 2879 2880 
3 2851 2866 2868 
3 2879 2883 2885 
3 2851 2855 2824 
3 2890 2883 2886 
3 2888 2893 2886 
3 2685 2849 2809 
3 2809 2849 2863 
3 2895 2863 2917 
3 2685 2588 2763 
3 2895 2898 2881 
3 2888 2898 2897 
3 2401 2496 2385 
3 2588 2496 2622 
3 2298 2317 2401 
3 2271 2340 2244 
3 2150 2176 2244 
3 2150 2037 2079 
3 2037 1915 1965 
3 1796 1844 1915 
3 1684 1726 1796 
3 1630 1571 1684 
3 2429 2340 2374 
3 1520 1571 1630 
3 2502 2429 2457 
3 1462 1403 1520 
3 1282 1344 1222 
3 1222 1100 1162 
3 1344 1403 1462 
3 2502 2531 2576 
3 2707 2677 2754 
3 2680 2636 2707 
3 2667 2619 2680 
3 2722 2803 2754 
3 2670 2617 2667 
3 2691 2625 2670 
3 2691 2711 2635 
3 2721 2652 2711 
3 2709 2651 2721 
3 2689 2630 2709 
3 2782 2839 2803 
3 2663 2612 2689 
3 2824 2855 2839 
3 2637 2591 2663 
3 2580 2637 2629 
3 2623 2569 2629 
3 2607 2556 2623 
3 2576 2531 2607 
3 968 1100 1027 
3 516 597 635 
3 548 421 516 
3 421 448 294 
3 333 181 294 
3 210 181 333 
3 266 249 195 
3 330 249 336 
3 259 195 210 
3 407 398 330 
3 466 398 407 
3 531 466 551 
3 613 576 531 
3 576 663 624 
3 907 1027 950 
3 950 866 829 
3 754 866 786 
3 714 672 786 
3 597 714 635 
3 624 711 670 
3 757 720 670 
3 802 768 720 
3 853 822 768 
3 914 879 822 
3 953 879 970 
3 953 1043 1030 
3 916 1007 1003 
3 1012 1007 924 
3 1003 997 910 
3 905 997 990 
3 890 870 796 
3 990 890 905 
3 1012 928 1018 
3 870 852 769 
3 1031 1018 941 
3 951 1039 1031 
3 749 852 838 
3 1052 1039 962 
3 838 823 736 
3 823 817 725 
3 1113 1052 998 
3 805 713 817 
3 1107 1113 998 
3 1117 1107 1013 
3 798 702 805 
3 790 695 798 
3 688 790 784 
3 685 784 781 
3 781 779 684 
3 1117 1030 1126 
3 779 782 687 
3 382 409 257 
3 504 524 409 
3 630 660 556 
3 630 556 524 
3 494 504 382 
3 484 594 494 
3 591 594 484 
3 660 733 762 
3 833 848 762 
3 591 689 691 
3 789 689 782 
3 931 848 833 
3 1782 1676 1690 
3 1782 1869 1764 
3 1855 1869 1955 
3 2047 1943 1955 
3 2132 2026 2047 
3 2228 2111 2132 
3 2317 2203 2228 
3 1586 1598 1690 
3 1598 1498 1507 
3 1507 1406 1421 
3 1317 1328 1421 
3 1243 1328 1226 
3 1243 1152 1251 
3 1057 1050 1156 
3 1152 1156 1251 
3 1015 1050 931 
3 2880 2879 2885 
3 2866 2880 2868 
3 2868 2855 2851 
3 2885 2883 2890 
3 2886 2893 2890 
3 2888 2897 2893 
3 2763 2849 2685 
3 2863 2849 2917 
3 2929 2895 2917 
3 2588 2622 2763 
3 2929 2898 2895 
3 2897 2898 2925 
3 2518 2496 2401 
3 2622 2496 2518 
3 2401 2317 2427 
3 2244 2340 2287 
3 2187 2150 2244 
3 2089 2037 2150 
3 1970 1915 2037 
3 1796 1915 1851 
3 1684 1796 1739 
3 1739 1630 1684 
3 2383 2340 2429 
3 1630 1577 1520 
3 2461 2429 2502 
3 1520 1577 1462 
3 1222 1344 1267 
3 1147 1100 1222 
3 1392 1344 1462 
3 2576 2528 2502 
3 2707 2754 2773 
3 2729 2680 2707 
3 2667 2680 2705 
3 2754 2803 2811 
3 2670 2667 2703 
3 2691 2670 2719 
3 2756 2711 2691 
3 2721 2711 2779 
3 2709 2721 2780 
3 2689 2709 2761 
3 2803 2839 2840 
3 2663 2689 2718 
3 2839 2855 2856 
3 2637 2663 2701 
3 2637 2695 2629 
3 2629 2692 2623 
3 2623 2682 2607 
3 2576 2607 2645 
3 1027 1100 1147 
3 548 516 635 
3 548 448 421 
3 294 448 333 
3 374 210 333 
3 266 195 259 
3 336 249 266 
3 407 330 336 
3 259 210 374 
3 491 466 407 
3 551 466 491 
3 613 531 551 
3 613 663 576 
3 663 711 624 
3 1027 1067 950 
3 988 866 950 
3 786 866 904 
3 826 714 786 
3 635 714 746 
3 670 711 757 
3 802 720 757 
3 853 768 802 
3 914 822 853 
3 970 879 914 
3 953 970 1043 
3 1030 1043 1126 
3 1003 1007 1096 
3 1101 1007 1012 
3 1091 997 1003 
3 997 1084 990 
3 890 971 870 
3 990 971 890 
3 1018 1108 1012 
3 958 852 870 
3 1115 1018 1031 
3 1031 1039 1120 
3 838 852 947 
3 1128 1039 1052 
3 927 823 838 
3 920 817 823 
3 1128 1052 1113 
3 909 805 817 
3 1209 1113 1107 
3 1210 1107 1117 
3 900 798 805 
3 894 790 798 
3 784 790 888 
3 784 884 781 
3 877 779 781 
3 1217 1117 1126 
3 876 782 779 
3 382 504 409 
3 614 524 504 
3 630 733 660 
3 630 524 614 
3 494 603 504 
3 594 603 494 
3 691 594 591 
3 762 733 833 
3 691 689 789 
3 881 789 782 
3 931 833 913 
3 1782 1690 1792 
3 1882 1869 1782 
3 1955 1869 1971 
3 2047 1955 2060 
3 2047 2155 2132 
3 2240 2228 2132 
3 2317 2228 2333 
3 1598 1700 1690 
3 1598 1507 1612 
3 1507 1421 1522 
3 1421 1328 1431 
3 1341 1328 1243 
3 1243 1251 1341 
3 1156 1050 1161 
3 1251 1156 1257 
3 1015 931 913 
3 1062 1050 1015 
3 2884 2880 2885 
3 2868 2880 2877 
3 2865 2855 2868 
3 2885 2890 2892 
3 2890 2893 2896 
3 2893 2897 2903 
3 2887 2849 2763 
3 2917 2849 2887 
3 2917 2942 2929 
3 2763 2622 2812 
3 2925 2898 2929 
3 2897 2925 2931 
3 2518 2401 2427 
3 2647 2622 2518 
3 2317 2333 2427 
3 2287 2340 2383 
3 2187 2244 2287 
3 2089 2150 2187 
3 1970 2037 2089 
3 1851 1915 1970 
3 1739 1796 1851 
3 1682 1630 1739 
3 2383 2429 2461 
3 1682 1577 1630 
3 2502 2528 2461 
3 1462 1577 1514 
3 1267 1344 1392 
3 1222 1267 1147 
3 1392 1462 1514 
3 2603 2528 2576 
3 2754 2811 2773 
3 2707 2773 2729 
3 2705 2680 2729 
3 2703 2667 2705 
3 2811 2803 2840 
3 2719 2670 2703 
3 2691 2719 2756 
3 2779 2711 2756 
3 2721 2779 2780 
3 2761 2709 2780 
3 2718 2689 2761 
3 2840 2839 2856 
3 2701 2663 2718 
3 2856 2855 2865 
3 2701 2695 2637 
3 2629 2695 2692 
3 2623 2692 2682 
3 2607 2682 2645 
3 2603 2576 2645 
3 1027 1147 1067 
3 667 548 635 
3 578 448 548 
3 333 448 487 
3 333 487 374 
3 334 266 259 
3 364 336 266 
3 407 336 424 
3 425 259 374 
3 424 491 407 
3 491 574 551 
3 641 613 551 
3 697 663 613 
3 750 711 663 
3 950 1067 988 
3 904 866 988 
3 826 786 904 
3 746 714 826 
3 635 746 667 
3 757 711 795 
3 843 802 757 
3 885 853 802 
3 914 853 946 
3 1008 970 914 
3 1043 970 1064 
3 1126 1043 1137 
3 1096 1007 1101 
3 1096 1091 1003 
3 1012 1108 1101 
3 1091 1084 997 
3 990 1084 1071 
3 870 971 958 
3 1071 971 990 
3 1115 1108 1018 
3 947 852 958 
3 1031 1120 1115 
3 1120 1039 1128 
3 947 927 838 
3 927 920 823 
3 909 817 920 
3 1215 1128 1113 
3 909 900 805 
3 1209 1107 1210 
3 1209 1215 1113 
3 1210 1117 1217 
3 894 798 900 
3 888 790 894 
3 888 884 784 
3 884 877 781 
3 876 779 877 
3 1217 1126 1224 
3 881 782 876 
3 504 603 614 
3 716 733 630 
3 614 716 630 
3 699 603 594 
3 691 699 594 
3 833 733 815 
3 793 691 789 
3 886 789 881 
3 913 833 815 
3 1690 1700 1792 
3 1882 1782 1792 
3 1971 1869 1882 
3 1955 1971 2060 
3 2060 2155 2047 
3 2132 2155 2240 
3 2333 2228 2240 
3 1612 1700 1598 
3 1507 1522 1612 
3 1421 1431 1522 
3 1431 1328 1341 
3 1341 1251 1353 
3 1161 1050 1062 
3 1156 1161 1257 
3 1251 1257 1353 
3 989 1015 913 
3 1062 1015 1070 
3 2892 2884 2885 
3 2877 2880 2884 
3 2877 2865 2868 
3 2892 2890 2896 
3 2896 2893 2903 
3 2903 2897 2909 
3 2763 2812 2887 
3 2917 2887 2942 
3 2929 2942 2947 
3 2812 2622 2647 
3 2947 2925 2929 
3 2931 2925 2943 
3 2909 2897 2931 
3 2518 2427 2541 
3 2518 2541 2647 
3 2427 2333 2450 
3 2287 2383 2310 
3 2287 2220 2187 
3 2108 2089 2187 
3 2007 1970 2089 
3 1851 1970 1897 
3 1786 1739 1851 
3 1682 1739 1786 
3 2373 2383 2461 
3 1717 1577 1682 
3 2461 2528 2448 
3 1514 1577 1632 
3 1304 1267 1392 
3 1147 1267 1184 
3 1514 1443 1392 
3 2511 2528 2603 
3 2773 2811 2805 
3 2773 2775 2729 
3 2705 2729 2743 
3 2733 2703 2705 
3 2811 2840 2830 
3 2749 2719 2703 
3 2756 2719 2776 
3 2800 2779 2756 
3 2780 2779 2810 
3 2780 2798 2761 
3 2774 2718 2761 
3 2840 2856 2848 
3 2701 2718 2742 
3 2856 2865 2861 
3 2732 2695 2701 
3 2692 2695 2735 
3 2682 2692 2739 
3 2645 2682 2720 
3 2645 2678 2603 
3 1067 1147 1184 
3 578 548 667 
3 487 448 578 
3 374 487 525 
3 334 259 425 
3 334 364 266 
3 424 336 364 
3 425 374 525 
3 520 491 424 
3 551 574 641 
3 520 574 491 
3 641 697 613 
3 750 663 697 
3 795 711 750 
3 988 1067 1104 
3 988 1025 904 
3 826 904 939 
3 859 746 826 
3 667 746 775 
3 757 795 843 
3 885 802 843 
3 946 853 885 
3 946 1008 914 
3 1064 970 1008 
3 1137 1043 1064 
3 1224 1126 1137 
3 1101 1192 1096 
3 1188 1091 1096 
3 1101 1108 1198 
3 1183 1084 1091 
3 1071 1084 1173 
3 958 971 1058 
3 1058 971 1071 
3 1203 1108 1115 
3 1047 947 958 
3 1115 1120 1207 
3 1214 1120 1128 
3 1034 927 947 
3 927 1021 920 
3 920 1010 909 
3 1215 1214 1128 
3 909 1004 900 
3 1312 1209 1210 
3 1314 1215 1209 
3 1315 1210 1217 
3 900 996 894 
3 888 894 992 
3 888 991 884 
3 984 877 884 
3 980 876 877 
3 1217 1224 1319 
3 982 881 876 
3 614 603 706 
3 815 733 716 
3 706 716 614 
3 706 603 699 
3 793 699 691 
3 886 793 789 
3 986 886 881 
3 815 896 913 
3 1792 1700 1807 
3 1792 1894 1882 
3 1987 1971 1882 
3 2060 1971 2077 
3 2165 2155 2060 
3 2240 2155 2256 
3 2333 2240 2354 
3 1718 1700 1612 
3 1612 1522 1624 
3 1522 1431 1536 
3 1431 1341 1438 
3 1438 1341 1353 
3 1172 1161 1062 
3 1257 1161 1262 
3 1353 1257 1358 
3 913 896 989 
3 1070 1015 989 
3 1070 1172 1062 
3 2892 2891 2884 
3 2877 2884 2882 
3 2873 2865 2877 
3 2896 2900 2892 
3 2896 2903 2905 
3 2903 2909 2912 
3 2812 2914 2887 
3 2887 2914 2942 
3 2942 2957 2947 
3 2647 2832 2812 
3 2943 2925 2947 
3 2943 2944 2931 
3 2909 2931 2935 
3 2427 2450 2541 
3 2647 2541 2671 
3 2333 2354 2450 
3 2310 2383 2373 
3 2310 2220 2287 
3 2187 2220 2108 
3 2108 2007 2089 
3 1897 1970 2007 
3 1851 1897 1786 
3 1786 1717 1682 
3 2373 2461 2448 
3 1632 1577 1717 
3 2448 2528 2511 
3 1632 1567 1514 
3 1392 1443 1304 
3 1184 1267 1304 
3 1514 1567 1443 
3 2603 2571 2511 
3 2805 2811 2830 
3 2805 2775 2773 
3 2729 2775 2760 
3 2743 2729 2760 
3 2705 2743 2733 
3 2749 2703 2733 
3 2830 2840 2848 
3 2776 2719 2749 
3 2800 2756 2776 
3 2810 2779 2800 
3 2780 2810 2798 
3 2761 2798 2774 
3 2742 2718 2774 
3 2848 2856 2861 
3 2732 2701 2742 
3 2861 2865 2873 
3 2735 2695 2732 
3 2739 2692 2735 
3 2720 2682 2739 
3 2645 2720 2678 
3 2603 2678 2571 
3 1104 1067 1184 
3 700 578 667 
3 617 487 578 
3 525 487 617 
3 425 455 334 
3 455 364 334 
3 424 364 472 
3 525 555 425 
3 472 520 424 
3 641 574 675 
3 626 574 520 
3 737 697 641 
3 785 750 697 
3 841 795 750 
3 988 1104 1025 
3 904 1025 939 
3 939 859 826 
3 775 746 859 
3 667 775 700 
3 795 882 843 
3 929 885 843 
3 966 946 885 
3 1008 946 966 
3 1064 1008 1103 
3 1137 1064 1155 
3 1224 1137 1237 
3 1096 1192 1188 
3 1198 1192 1101 
3 1188 1183 1091 
3 1198 1108 1203 
3 1173 1084 1183 
3 1173 1159 1071 
3 1058 1047 958 
3 1071 1159 1058 
3 1207 1203 1115 
3 1047 1034 947 
3 1207 1120 1214 
3 1034 1021 927 
3 920 1021 1010 
3 1010 1004 909 
3 1310 1214 1215 
3 900 1004 996 
3 1312 1210 1315 
3 1314 1209 1312 
3 1310 1215 1314 
3 1319 1315 1217 
3 894 996 992 
3 992 991 888 
3 884 991 984 
3 980 877 984 
3 982 876 980 
3 1224 1329 1319 
3 982 986 881 
3 804 815 716 
3 804 716 706 
3 799 706 699 
3 799 699 793 
3 891 793 886 
3 986 979 886 
3 804 896 815 
3 1807 1700 1718 
3 1792 1807 1894 
3 1882 1894 1987 
3 2077 1971 1987 
3 2060 2077 2165 
3 2256 2155 2165 
3 2354 2240 2256 
3 1612 1624 1718 
3 1624 1522 1536 
3 1536 1431 1438 
3 1353 1446 1438 
3 1262 1161 1172 
3 1358 1257 1262 
3 1358 1446 1353 
3 989 896 973 
3 989 1061 1070 
3 1160 1172 1070 
3 2884 2891 2882 
3 2892 2900 2891 
3 2873 2877 2882 
3 2905 2900 2896 
3 2905 2903 2912 
3 2912 2909 2935 
3 2832 2914 2812 
3 2942 2914 2951 
3 2947 2957 2959 
3 2942 2951 2957 
3 2671 2832 2647 
3 2947 2959 2943 
3 2931 2944 2935 
3 2943 2958 2944 
3 2541 2450 2558 
3 2541 2558 2671 
3 2450 2354 2458 
3 2263 2310 2373 
3 2263 2220 2310 
3 2108 2220 2160 
3 2050 2007 2108 
3 1897 2007 1940 
3 1897 1825 1786 
3 1786 1825 1717 
3 2318 2373 2448 
3 1632 1717 1754 
3 2378 2448 2511 
3 1632 1687 1567 
3 1304 1443 1402 
3 1184 1304 1223 
3 1443 1567 1504 
3 2511 2571 2442 
3 2805 2830 2815 
3 2789 2775 2805 
3 2760 2775 2769 
3 2743 2760 2753 
3 2733 2743 2746 
3 2749 2733 2752 
3 2836 2830 2848 
3 2776 2749 2772 
3 2800 2776 2795 
3 2813 2810 2800 
3 2798 2810 2814 
3 2774 2798 2787 
3 2742 2774 2765 
3 2848 2861 2846 
3 2732 2742 2748 
3 2862 2861 2873 
3 2758 2735 2732 
3 2739 2735 2777 
3 2720 2739 2781 
3 2678 2720 2766 
3 2571 2678 2618 
3 1223 1104 1184 
3 617 578 700 
3 643 525 617 
3 425 555 455 
3 472 364 455 
3 643 555 525 
3 588 520 472 
3 675 574 626 
3 675 737 641 
3 626 520 588 
3 785 697 737 
3 841 750 785 
3 841 882 795 
3 1025 1104 1146 
3 939 1025 1049 
3 963 859 939 
3 887 775 859 
3 700 775 811 
3 843 882 929 
3 966 885 929 
3 1065 1008 966 
3 1103 1008 1065 
3 1064 1103 1155 
3 1237 1137 1155 
3 1237 1329 1224 
3 1192 1283 1188 
3 1290 1192 1198 
3 1278 1183 1188 
3 1295 1198 1203 
3 1173 1183 1271 
3 1261 1159 1173 
3 1150 1047 1058 
3 1058 1159 1150 
3 1207 1298 1203 
3 1047 1138 1034 
3 1207 1214 1305 
3 1127 1021 1034 
3 1010 1021 1116 
3 1105 1004 1010 
3 1305 1214 1310 
3 996 1004 1099 
3 1411 1312 1315 
3 1408 1314 1312 
3 1407 1310 1314 
3 1418 1315 1319 
3 992 996 1092 
3 1089 991 992 
3 984 991 1083 
3 1079 980 984 
3 1080 982 980 
3 1319 1329 1428 
3 1081 986 982 
3 799 804 706 
3 891 799 793 
3 886 979 891 
3 1073 979 986 
3 892 896 804 
3 1718 1817 1807 
3 1894 1807 1907 
3 1987 1894 1998 
3 1987 2087 2077 
3 2165 2077 2171 
3 2256 2165 2266 
3 2354 2256 2364 
3 1718 1624 1725 
3 1536 1631 1624 
3 1536 1438 1539 
3 1438 1446 1539 
3 1262 1172 1263 
3 1262 1360 1358 
3 1453 1446 1358 
3 973 896 892 
3 973 1061 989 
3 1070 1061 1160 
3 1263 1172 1160 
3 2882 2891 2889 
3 2891 2900 2901 
3 2882 2872 2873 
3 2907 2900 2905 
3 2912 2913 2905 
3 2912 2935 2932 
3 2832 2921 2914 
3 2914 2921 2951 
3 2959 2957 2964 
3 2957 2951 2961 
3 2671 2842 2832 
3 2943 2959 2958 
3 2935 2944 2946 
3 2944 2958 2956 
3 2450 2458 2558 
3 2671 2558 2690 
3 2354 2364 2458 
3 2263 2373 2318 
3 2160 2220 2263 
3 2050 2108 2160 
3 1940 2007 2050 
3 1940 1825 1897 
3 1717 1825 1754 
3 2318 2448 2378 
3 1754 1687 1632 
3 2378 2511 2442 
3 1567 1687 1621 
3 1402 1443 1504 
3 1333 1304 1402 
3 1223 1304 1333 
3 1504 1567 1621 
3 2442 2571 2492 
3 2815 2830 2836 
3 2805 2815 2789 
3 2769 2775 2789 
3 2753 2760 2769 
3 2746 2743 2753 
3 2752 2733 2746 
3 2749 2752 2772 
3 2848 2846 2836 
3 2795 2776 2772 
3 2800 2795 2813 
3 2814 2810 2813 
3 2787 2798 2814 
3 2765 2774 2787 
3 2748 2742 2765 
3 2846 2861 2862 
3 2748 2758 2732 
3 2873 2872 2862 
3 2777 2735 2758 
3 2781 2739 2777 
3 2766 2720 2781 
3 2618 2678 2766 
3 2492 2571 2618 
3 1146 1104 1223 
3 700 728 617 
3 617 728 643 
3 555 570 455 
3 455 570 472 
3 665 555 643 
3 472 570 588 
3 731 675 626 
3 773 737 675 
3 704 626 588 
3 832 785 737 
3 841 785 880 
3 933 882 841 
3 1049 1025 1146 
3 939 1049 963 
3 887 859 963 
3 811 775 887 
3 811 728 700 
3 929 882 977 
3 966 929 1024 
3 1024 1065 966 
3 1166 1103 1065 
3 1155 1103 1204 
3 1155 1248 1237 
3 1338 1329 1237 
3 1188 1283 1278 
3 1290 1283 1192 
3 1295 1290 1198 
3 1271 1183 1278 
3 1203 1298 1295 
3 1271 1261 1173 
3 1261 1253 1159 
3 1150 1138 1047 
3 1159 1253 1150 
3 1305 1298 1207 
3 1034 1138 1127 
3 1116 1021 1127 
3 1105 1010 1116 
3 1099 1004 1105 
3 1404 1305 1310 
3 1092 996 1099 
3 1411 1315 1418 
3 1411 1408 1312 
3 1408 1407 1314 
3 1407 1404 1310 
3 1428 1418 1319 
3 1092 1089 992 
3 1083 991 1089 
3 1079 984 1083 
3 1080 980 1079 
3 1081 982 1080 
3 1428 1329 1433 
3 1081 1073 986 
3 799 892 804 
3 891 892 799 
3 891 979 974 
3 1059 979 1073 
3 1807 1817 1907 
3 1725 1817 1718 
3 1894 1907 1998 
3 1998 2087 1987 
3 2077 2087 2171 
3 2165 2171 2266 
3 2256 2266 2364 
3 1624 1631 1725 
3 1539 1631 1536 
3 1539 1446 1544 
3 1263 1360 1262 
3 1358 1360 1453 
3 1544 1446 1453 
3 973 892 974 
3 1051 1061 973 
3 1160 1061 1145 
3 1160 1254 1263 
3 2889 2891 2901 
3 2882 2889 2872 
3 2901 2900 2907 
3 2905 2913 2907 
3 2932 2913 2912 
3 2932 2935 2946 
3 2842 2921 2832 
3 2951 2921 2961 
3 2957 2961 2964 
3 2959 2964 2970 
3 2671 2690 2842 
3 2958 2959 2970 
3 2946 2944 2956 
3 2956 2958 2973 
3 2558 2458 2567 
3 2558 2567 2690 
3 2458 2364 2464 
3 2193 2263 2318 
3 2160 2263 2193 
3 2090 2050 2160 
3 1984 1940 2050 
3 1871 1825 1940 
3 1754 1825 1871 
3 2254 2318 2378 
3 1800 1687 1754 
3 2442 2302 2378 
3 1621 1687 1732 
3 1402 1504 1440 
3 1402 1440 1333 
3 1223 1333 1264 
3 1549 1504 1621 
3 2362 2442 2492 
3 2802 2815 2836 
3 2789 2815 2778 
3 2769 2789 2762 
3 2753 2769 2738 
3 2746 2753 2728 
3 2752 2746 2726 
3 2772 2752 2741 
3 2836 2846 2823 
3 2795 2772 2770 
3 2795 2786 2813 
3 2813 2793 2814 
3 2814 2783 2787 
3 2787 2751 2765 
3 2748 2765 2730 
3 2843 2846 2862 
3 2736 2758 2748 
3 2862 2872 2859 
3 2777 2758 2767 
3 2781 2777 2801 
3 2766 2781 2808 
3 2669 2618 2766 
3 2492 2618 2669 
3 1146 1223 1264 
3 643 728 755 
3 665 570 555 
3 643 755 665 
3 588 570 680 
3 704 731 626 
3 773 675 731 
3 832 737 773 
3 704 588 680 
3 880 785 832 
3 933 841 880 
3 977 882 933 
3 1146 1182 1049 
3 963 1049 1068 
3 994 887 963 
3 918 811 887 
3 837 728 811 
3 1024 929 977 
3 1122 1065 1024 
3 1166 1065 1122 
3 1204 1103 1166 
3 1204 1248 1155 
3 1237 1248 1336 
3 1338 1237 1336 
3 1433 1329 1338 
3 1278 1283 1376 
3 1382 1283 1290 
3 1389 1290 1295 
3 1368 1271 1278 
3 1298 1394 1295 
3 1363 1261 1271 
3 1355 1253 1261 
3 1242 1138 1150 
3 1150 1253 1242 
3 1397 1298 1305 
3 1127 1138 1230 
3 1127 1218 1116 
3 1206 1105 1116 
3 1199 1099 1105 
3 1397 1305 1404 
3 1099 1195 1092 
3 1511 1411 1418 
3 1508 1408 1411 
3 1505 1407 1408 
3 1503 1404 1407 
3 1519 1418 1428 
3 1189 1089 1092 
3 1083 1089 1185 
3 1179 1079 1083 
3 1177 1080 1079 
3 1081 1080 1176 
3 1526 1428 1433 
3 1171 1073 1081 
3 974 892 891 
3 974 979 1059 
3 1059 1073 1148 
3 1907 1817 1916 
3 1823 1817 1725 
3 1998 1907 2008 
3 1998 2096 2087 
3 2171 2087 2183 
3 2266 2171 2274 
3 2364 2266 2376 
3 1725 1631 1731 
3 1638 1631 1539 
3 1539 1544 1638 
3 1357 1360 1263 
3 1453 1360 1456 
3 1546 1544 1453 
3 1051 973 974 
3 1145 1061 1051 
3 1145 1254 1160 
3 1263 1254 1357 
3 2894 2889 2901 
3 2872 2889 2871 
3 2907 2904 2901 
3 2913 2915 2907 
3 2928 2913 2932 
3 2946 2941 2932 
3 2930 2921 2842 
3 2961 2921 2930 
3 2961 2960 2964 
3 2964 2967 2970 
3 2842 2690 2844 
3 2958 2970 2973 
3 2946 2956 2952 
3 2956 2973 2972 
3 2458 2464 2567 
3 2690 2567 2699 
3 2464 2364 2376 
3 2254 2193 2318 
3 2193 2090 2160 
3 1984 2050 2090 
3 1871 1940 1984 
3 1871 1800 1754 
3 2378 2302 2254 
3 1732 1687 1800 
3 2362 2302 2442 
3 1621 1732 1663 
3 1440 1504 1549 
3 1333 1440 1373 
3 1264 1333 1373 
3 1663 1549 1621 
3 2399 2362 2492 
3 2823 2802 2836 
3 2778 2815 2802 
3 2762 2789 2778 
3 2738 2769 2762 
3 2728 2753 2738 
3 2726 2746 2728 
3 2741 2752 2726 
3 2770 2772 2741 
3 2823 2846 2843 
3 2770 2786 2795 
3 2813 2786 2793 
3 2814 2793 2783 
3 2787 2783 2751 
3 2765 2751 2730 
3 2736 2748 2730 
3 2859 2843 2862 
3 2767 2758 2736 
3 2859 2872 2871 
3 2791 2777 2767 
3 2801 2777 2791 
3 2808 2781 2801 
3 2808 2794 2766 
3 2766 2794 2669 
3 2543 2492 2669 
3 1146 1264 1182 
3 755 728 837 
3 680 570 665 
3 755 771 665 
3 814 731 704 
3 773 731 839 
3 874 832 773 
3 794 704 680 
3 832 932 880 
3 880 987 933 
3 1036 977 933 
3 1049 1182 1142 
3 1068 1049 1142 
3 994 963 1068 
3 918 887 994 
3 837 811 918 
3 1077 1024 977 
3 1122 1024 1077 
3 1233 1166 1122 
3 1270 1204 1166 
3 1311 1248 1204 
3 1336 1248 1311 
3 1430 1338 1336 
3 1433 1338 1430 
3 1376 1283 1382 
3 1376 1368 1278 
3 1389 1382 1290 
3 1295 1394 1389 
3 1368 1363 1271 
3 1397 1394 1298 
3 1355 1261 1363 
3 1343 1253 1355 
3 1230 1138 1242 
3 1242 1253 1343 
3 1230 1218 1127 
3 1116 1218 1206 
3 1199 1105 1206 
3 1199 1195 1099 
3 1404 1499 1397 
3 1195 1189 1092 
3 1511 1418 1519 
3 1511 1508 1411 
3 1508 1505 1408 
3 1505 1503 1407 
3 1503 1499 1404 
3 1519 1428 1526 
3 1185 1089 1189 
3 1179 1083 1185 
3 1177 1079 1179 
3 1176 1080 1177 
3 1176 1171 1081 
3 1526 1433 1525 
3 1148 1073 1171 
3 1059 1051 974 
3 1148 1129 1059 
3 1916 1817 1823 
3 2008 1907 1916 
3 1725 1731 1823 
3 2008 2096 1998 
3 2087 2096 2183 
3 2274 2171 2183 
3 2376 2266 2274 
3 1731 1631 1638 
3 1638 1544 1640 
3 1456 1360 1357 
3 1546 1453 1456 
3 1640 1544 1546 
3 1145 1051 1129 
3 1241 1254 1145 
3 1254 1351 1357 
3 2901 2904 2894 
3 2871 2889 2894 
3 2907 2915 2904 
3 2928 2915 2913 
3 2932 2941 2928 
3 2952 2941 2946 
3 2842 2844 2930 
3 2930 2960 2961 
3 2964 2960 2967 
3 2970 2967 2975 
3 2690 2699 2844 
3 2973 2970 2975 
3 2952 2956 2972 
3 2973 2978 2972 
3 2567 2464 2579 
3 2699 2567 2579 
3 2464 2376 2471 
3 2133 2193 2254 
3 2133 2090 2193 
3 1984 2090 2019 
3 1871 1984 1914 
3 1914 1800 1871 
3 2254 2302 2181 
3 1732 1800 1847 
3 2236 2302 2362 
3 1663 1732 1779 
3 1484 1440 1549 
3 1373 1440 1484 
3 1309 1264 1373 
3 1596 1549 1663 
3 2399 2492 2543 
3 2399 2275 2362 
3 2771 2802 2823 
3 2778 2802 2737 
3 2778 2714 2762 
3 2762 2700 2738 
3 2728 2738 2696 
3 2726 2728 2693 
3 2741 2726 2698 
3 2741 2704 2770 
3 2823 2843 2799 
3 2727 2786 2770 
3 2793 2786 2744 
3 2783 2793 2740 
3 2751 2783 2715 
3 2730 2751 2697 
3 2736 2730 2694 
3 2828 2843 2859 
3 2706 2767 2736 
3 2871 2847 2859 
3 2791 2767 2755 
3 2817 2801 2791 
3 2808 2801 2817 
3 2816 2794 2808 
3 2669 2794 2708 
3 2669 2708 2543 
3 1182 1264 1309 
3 861 755 837 
3 665 771 680 
3 861 771 755 
3 814 704 794 
3 839 731 814 
3 874 773 839 
3 874 932 832 
3 680 771 794 
3 932 987 880 
3 933 987 1036 
3 1077 977 1036 
3 1142 1182 1244 
3 1068 1142 1170 
3 994 1068 1095 
3 1022 918 994 
3 837 918 949 
3 1187 1122 1077 
3 1233 1122 1187 
3 1233 1270 1166 
3 1311 1204 1270 
3 1336 1311 1409 
3 1430 1336 1409 
3 1525 1433 1430 
3 1376 1382 1475 
3 1470 1368 1376 
3 1481 1382 1389 
3 1389 1394 1490 
3 1463 1363 1368 
3 1497 1394 1397 
3 1455 1355 1363 
3 1441 1343 1355 
3 1331 1230 1242 
3 1331 1242 1343 
3 1320 1218 1230 
3 1206 1218 1313 
3 1300 1199 1206 
3 1199 1294 1195 
3 1499 1497 1397 
3 1288 1189 1195 
3 1615 1511 1519 
3 1611 1508 1511 
3 1508 1610 1505 
3 1606 1503 1505 
3 1602 1499 1503 
3 1619 1519 1526 
3 1189 1285 1185 
3 1279 1179 1185 
3 1179 1277 1177 
3 1276 1176 1177 
3 1265 1171 1176 
3 1616 1526 1525 
3 1171 1249 1148 
3 1129 1051 1059 
3 1235 1129 1148 
3 1921 1916 1823 
3 2008 1916 2011 
3 1823 1731 1829 
3 2008 2104 2096 
3 2183 2096 2191 
3 2288 2274 2183 
3 2376 2274 2379 
3 1734 1731 1638 
3 1640 1734 1638 
3 1456 1357 1450 
3 1456 1547 1546 
3 1640 1546 1644 
3 1241 1145 1129 
3 1241 1351 1254 
3 1357 1351 1450 
3 2894 2904 2902 
3 2871 2894 2869 
3 2904 2915 2919 
3 2933 2915 2928 
3 2928 2941 2940 
3 2950 2941 2952 
3 2930 2844 2927 
3 2927 2960 2930 
3 2967 2960 2955 
3 2967 2968 2975 
3 2844 2699 2850 
3 2973 2975 2978 
3 2972 2966 2952 
3 2978 2979 2972 
3 2579 2464 2471 
3 2699 2579 2712 
3 2376 2379 2471 
3 2181 2133 2254 
3 2019 2090 2133 
3 1914 1984 2019 
3 1847 1800 1914 
3 2181 2302 2236 
3 1732 1847 1779 
3 2362 2275 2236 
3 1663 1779 1709 
3 1484 1549 1596 
3 1373 1484 1419 
3 1373 1419 1309 
3 1663 1709 1596 
3 2399 2543 2449 
3 2311 2275 2399 
3 2799 2771 2823 
3 2737 2802 2771 
3 2737 2714 2778 
3 2762 2714 2700 
3 2738 2700 2696 
3 2693 2728 2696 
3 2698 2726 2693 
3 2698 2704 2741 
3 2770 2704 2727 
3 2799 2843 2828 
3 2744 2786 2727 
3 2740 2793 2744 
3 2715 2783 2740 
3 2697 2751 2715 
3 2694 2730 2697 
3 2706 2736 2694 
3 2859 2847 2828 
3 2755 2767 2706 
3 2869 2847 2871 
3 2788 2791 2755 
3 2788 2817 2791 
3 2808 2817 2816 
3 2708 2794 2816 
3 2543 2708 2575 
3 1244 1182 1309 
3 949 861 837 
3 883 771 861 
3 908 814 794 
3 923 839 814 
3 943 874 839 
3 981 932 874 
3 794 771 883 
3 1040 987 932 
3 1036 987 1093 
3 1144 1077 1036 
3 1170 1142 1244 
3 1095 1068 1170 
3 1095 1022 994 
3 949 918 1022 
3 1187 1077 1144 
3 1187 1296 1233 
3 1340 1270 1233 
3 1379 1311 1270 
3 1409 1311 1379 
3 1506 1430 1409 
3 1525 1430 1506 
3 1475 1382 1481 
3 1475 1470 1376 
3 1470 1463 1368 
3 1490 1481 1389 
3 1490 1394 1497 
3 1463 1455 1363 
3 1455 1441 1355 
3 1441 1435 1343 
3 1320 1230 1331 
3 1343 1435 1331 
3 1313 1218 1320 
3 1300 1206 1313 
3 1300 1294 1199 
3 1195 1294 1288 
3 1597 1497 1499 
3 1288 1285 1189 
3 1615 1519 1619 
3 1611 1511 1615 
3 1611 1610 1508 
3 1505 1610 1606 
3 1606 1602 1503 
3 1602 1597 1499 
3 1619 1526 1616 
3 1185 1285 1279 
3 1279 1277 1179 
3 1177 1277 1276 
3 1276 1265 1176 
3 1265 1249 1171 
3 1616 1525 1608 
3 1249 1235 1148 
3 1241 1129 1235 
3 1921 1823 1829 
3 2011 1916 1921 
3 2011 2104 2008 
3 1829 1731 1734 
3 2096 2104 2191 
3 2183 2191 2288 
3 2379 2274 2288 
3 1740 1734 1640 
3 1450 1547 1456 
3 1546 1547 1644 
3 1640 1644 1740 
3 1346 1351 1241 
3 1450 1351 1448 
3 2902 2904 2919 
3 2869 2894 2902 
3 2919 2915 2933 
3 2940 2933 2928 
3 2940 2941 2950 
3 2952 2966 2950 
3 2927 2844 2850 
3 2955 2960 2927 
3 2955 2968 2967 
3 2975 2968 2976 
3 2850 2699 2712 
3 2975 2976 2978 
3 2972 2979 2966 
3 2981 2979 2978 
3 2471 2582 2579 
3 2579 2582 2712 
3 2471 2379 2479 
3 2073 2133 2181 
3 2073 2019 2133 
3 2019 1960 1914 
3 1960 1847 1914 
3 2106 2181 2236 
3 1779 1847 1890 
3 2236 2275 2162 
3 1709 1779 1820 
3 1530 1484 1596 
3 1419 1484 1530 
3 1309 1419 1350 
3 1596 1709 1636 
3 2449 2543 2575 
3 2311 2399 2449 
3 2190 2275 2311 
3 2702 2771 2799 
3 2737 2771 2683 
3 2664 2714 2737 
3 2700 2714 2655 
3 2696 2700 2648 
3 2693 2696 2643 
3 2693 2649 2698 
3 2660 2704 2698 
3 2727 2704 2666 
3 2828 2750 2799 
3 2727 2675 2744 
3 2740 2744 2681 
3 2740 2668 2715 
3 2697 2715 2646 
3 2694 2697 2634 
3 2706 2694 2640 
3 2828 2847 2796 
3 2706 2673 2755 
3 2838 2847 2869 
3 2788 2755 2713 
3 2807 2817 2788 
3 2816 2817 2807 
3 2708 2816 2725 
3 2575 2708 2725 
3 1350 1244 1309 
3 972 861 949 
3 883 861 972 
3 908 794 883 
3 923 814 908 
3 943 839 923 
3 943 981 874 
3 1040 932 981 
3 1093 987 1040 
3 1144 1036 1093 
3 1170 1244 1274 
3 1095 1170 1201 
3 1130 1022 1095 
3 949 1022 1054 
3 1255 1187 1144 
3 1233 1296 1340 
3 1255 1296 1187 
3 1379 1270 1340 
3 1409 1379 1483 
3 1506 1409 1483 
3 1608 1525 1506 
3 1475 1481 1575 
3 1475 1568 1470 
3 1558 1463 1470 
3 1582 1481 1490 
3 1591 1490 1497 
3 1553 1455 1463 
3 1542 1441 1455 
3 1537 1435 1441 
3 1424 1320 1331 
3 1331 1435 1424 
3 1414 1313 1320 
3 1313 1400 1300 
3 1393 1294 1300 
3 1294 1388 1288 
3 1591 1497 1597 
3 1383 1285 1288 
3 1716 1615 1619 
3 1715 1611 1615 
3 1712 1610 1611 
3 1606 1610 1707 
3 1701 1602 1606 
3 1698 1597 1602 
3 1619 1616 1713 
3 1285 1380 1279 
3 1372 1277 1279 
3 1276 1277 1370 
3 1276 1366 1265 
3 1265 1356 1249 
3 1703 1616 1608 
3 1342 1235 1249 
3 1346 1241 1235 
3 1921 1829 1925 
3 1921 2015 2011 
3 2105 2104 2011 
3 1829 1734 1833 
3 2191 2104 2202 
3 2191 2299 2288 
3 2288 2390 2379 
3 1833 1734 1740 
3 1548 1547 1450 
3 1644 1547 1649 
3 1740 1644 1747 
3 1448 1351 1346 
3 1448 1548 1450 
3 2919 2911 2902 
3 2869 2902 2867 
3 2919 2933 2934 
3 2939 2933 2940 
3 2950 2949 2940 
3 2950 2966 2963 
3 2850 2926 2927 
3 2927 2926 2955 
3 2953 2968 2955 
3 2976 2968 2965 
3 2850 2712 2853 
3 2978 2976 2981 
3 2966 2979 2980 
3 2981 2985 2979 
3 2471 2479 2582 
3 2582 2710 2712 
3 2379 2390 2479 
3 2106 2073 2181 
3 2073 1960 2019 
3 1890 1847 1960 
3 2106 2236 2162 
3 1820 1779 1890 
3 2162 2275 2190 
3 1709 1820 1746 
3 1530 1596 1636 
3 1460 1419 1530 
3 1350 1419 1460 
3 1636 1709 1746 
3 2465 2449 2575 
3 2449 2348 2311 
3 2232 2190 2311 
3 2799 2750 2702 
3 2683 2771 2702 
3 2737 2683 2664 
3 2655 2714 2664 
3 2648 2700 2655 
3 2696 2648 2643 
3 2643 2649 2693 
3 2698 2649 2660 
3 2666 2704 2660 
3 2727 2666 2675 
3 2796 2750 2828 
3 2744 2675 2681 
3 2681 2668 2740 
3 2715 2668 2646 
3 2634 2697 2646 
3 2640 2694 2634 
3 2640 2673 2706 
3 2796 2847 2838 
3 2755 2673 2713 
3 2869 2867 2838 
3 2713 2764 2788 
3 2788 2764 2807 
3 2725 2816 2807 
3 2575 2725 2589 
3 1274 1244 1350 
3 1054 972 949 
3 972 1001 883 
3 883 1001 908 
3 1029 923 908 
3 1020 943 923 
3 1038 981 943 
3 1040 981 1085 
3 1040 1163 1093 
3 1093 1208 1144 
3 1170 1274 1201 
3 1201 1130 1095 
3 1054 1022 1130 
3 1144 1208 1255 
3 1340 1296 1416 
3 1369 1296 1255 
3 1451 1379 1340 
3 1483 1379 1451 
3 1589 1506 1483 
3 1608 1506 1589 
3 1575 1481 1582 
3 1575 1568 1475 
3 1470 1568 1558 
3 1558 1553 1463 
3 1582 1490 1591 
3 1553 1542 1455 
3 1537 1441 1542 
3 1537 1527 1435 
3 1424 1414 1320 
3 1435 1527 1424 
3 1414 1400 1313 
3 1300 1400 1393 
3 1393 1388 1294 
3 1288 1388 1383 
3 1691 1591 1597 
3 1383 1380 1285 
3 1713 1716 1619 
3 1716 1715 1615 
3 1715 1712 1611 
3 1707 1610 1712 
3 1707 1701 1606 
3 1701 1698 1602 
3 1698 1691 1597 
3 1713 1616 1703 
3 1279 1380 1372 
3 1370 1277 1372 
3 1370 1366 1276 
3 1366 1356 1265 
3 1249 1356 1342 
3 1692 1703 1608 
3 1346 1235 1342 
3 1925 1829 1833 
3 1925 2015 1921 
3 2011 2015 2105 
3 2202 2104 2105 
3 2202 2299 2191 
3 2288 2299 2390 
3 1833 1740 1840 
3 1649 1547 1548 
3 1747 1644 1649 
3 1740 1747 1840 
3 1448 1346 1445 
3 1554 1548 1448 
3 2902 2911 2867 
3 2919 2934 2911 
3 2934 2933 2939 
3 2940 2949 2939 
3 2963 2949 2950 
3 2963 2966 2980 
3 2853 2926 2850 
3 2955 2926 2953 
3 2965 2968 2953 
3 2965 2977 2976 
3 2712 2710 2853 
3 2976 2977 2981 
3 2979 2985 2980 
3 2982 2985 2981 
3 2479 2584 2582 
3 2582 2584 2710 
3 2479 2390 2493 
3 2003 2073 2106 
3 2003 1960 2073 
3 1890 1960 2003 
3 2046 2106 2162 
3 1928 1820 1890 
3 2085 2162 2190 
3 1746 1820 1863 
3 1636 1563 1530 
3 1563 1460 1530 
3 1350 1460 1381 
3 1636 1746 1674 
3 2465 2575 2589 
3 2465 2348 2449 
3 2311 2348 2232 
3 2109 2190 2232 
3 2750 2641 2702 
3 2702 2621 2683 
3 2683 2609 2664 
3 2664 2604 2655 
3 2655 2601 2648 
3 2643 2648 2600 
3 2599 2649 2643 
3 2660 2649 2602 
3 2608 2666 2660 
3 2675 2666 2613 
3 2686 2750 2796 
3 2681 2675 2614 
3 2611 2668 2681 
3 2646 2668 2598 
3 2634 2646 2585 
3 2634 2583 2640 
3 2597 2673 2640 
3 2838 2745 2796 
3 2713 2673 2624 
3 2838 2867 2820 
3 2665 2764 2713 
3 2807 2764 2716 
3 2716 2725 2807 
3 2589 2725 2716 
3 1274 1350 1381 
3 1082 972 1054 
3 1082 1001 972 
3 908 1001 1029 
3 1020 923 1029 
3 1020 1038 943 
3 1085 981 1038 
3 1085 1163 1040 
3 1093 1163 1208 
3 1201 1274 1308 
3 1238 1130 1201 
3 1054 1130 1158 
3 1255 1208 1326 
3 1416 1296 1369 
3 1451 1340 1416 
3 1369 1255 1326 
3 1562 1483 1451 
3 1589 1483 1562 
3 1692 1608 1589 
3 1675 1575 1582 
3 1667 1568 1575 
3 1558 1568 1656 
3 1651 1553 1558 
3 1685 1582 1591 
3 1643 1542 1553 
3 1542 1637 1537 
3 1627 1527 1537 
3 1513 1414 1424 
3 1424 1527 1513 
3 1501 1400 1414 
3 1393 1400 1495 
3 1487 1388 1393 
3 1383 1388 1480 
3 1685 1591 1691 
3 1476 1380 1383 
3 1806 1716 1713 
3 1811 1715 1716 
3 1810 1712 1715 
3 1805 1707 1712 
3 1804 1701 1707 
3 1799 1698 1701 
3 1789 1691 1698 
3 1801 1713 1703 
3 1380 1472 1372 
3 1468 1370 1372 
3 1466 1366 1370 
3 1461 1356 1366 
3 1342 1356 1457 
3 1791 1703 1692 
3 1445 1346 1342 
3 1925 1833 1931 
3 2021 2015 1925 
3 2105 2015 2110 
3 2105 2207 2202 
3 2303 2299 2202 
3 2390 2299 2396 
3 1833 1840 1931 
3 1649 1548 1654 
3 1756 1747 1649 
3 1747 1852 1840 
3 1554 1448 1445 
3 1654 1548 1554 
3 2911 2864 2867 
3 2911 2934 2908 
3 2939 2936 2934 
3 2939 2949 2945 
3 2954 2949 2963 
3 2980 2974 2963 
3 2918 2926 2853 
3 2953 2926 2918 
3 2953 2948 2965 
3 2962 2977 2965 
3 2853 2710 2841 
3 2981 2977 2982 
3 2980 2985 2984 
3 2983 2985 2982 
3 2493 2584 2479 
3 2710 2584 2679 
3 2493 2390 2396 
3 2046 2003 2106 
3 1890 2003 1928 
3 2046 2162 2085 
3 1863 1820 1928 
3 2085 2190 2109 
3 1746 1863 1788 
3 1636 1674 1563 
3 1491 1460 1563 
3 1381 1460 1491 
3 1674 1746 1788 
3 2465 2589 2477 
3 2375 2348 2465 
3 2232 2348 2260 
3 2232 2154 2109 
3 2702 2641 2621 
3 2686 2641 2750 
3 2683 2621 2609 
3 2664 2609 2604 
3 2655 2604 2601 
3 2648 2601 2600 
3 2600 2599 2643 
3 2602 2649 2599 
3 2602 2608 2660 
3 2613 2666 2608 
3 2614 2675 2613 
3 2796 2745 2686 
3 2681 2614 2611 
3 2598 2668 2611 
3 2646 2598 2585 
3 2585 2583 2634 
3 2640 2583 2597 
3 2624 2673 2597 
3 2820 2745 2838 
3 2713 2624 2665 
3 2867 2864 2820 
3 2674 2764 2665 
3 2716 2764 2674 
3 2589 2716 2587 
3 1308 1274 1381 
3 1158 1082 1054 
3 1118 1001 1082 
3 1029 1001 1118 
3 1069 1020 1029 
3 1110 1038 1020 
3 1085 1038 1135 
3 1135 1163 1085 
3 1208 1163 1280 
3 1201 1308 1238 
3 1158 1130 1238 
3 1326 1208 1280 
3 1492 1416 1369 
3 1534 1451 1416 
3 1447 1369 1326 
3 1562 1451 1534 
3 1589 1562 1670 
3 1670 1692 1589 
3 1685 1675 1582 
3 1675 1667 1575 
3 1656 1568 1667 
3 1656 1651 1558 
3 1651 1643 1553 
3 1643 1637 1542 
3 1637 1627 1537 
3 1627 1618 1527 
3 1513 1501 1414 
3 1527 1618 1513 
3 1495 1400 1501 
3 1495 1487 1393 
3 1480 1388 1487 
3 1480 1476 1383 
3 1691 1784 1685 
3 1476 1472 1380 
3 1801 1806 1713 
3 1806 1811 1716 
3 1810 1715 1811 
3 1810 1805 1712 
3 1805 1804 1707 
3 1804 1799 1701 
3 1799 1789 1698 
3 1789 1784 1691 
3 1801 1703 1791 
3 1372 1472 1468 
3 1468 1466 1370 
3 1461 1366 1466 
3 1457 1356 1461 
3 1445 1342 1457 
3 1791 1692 1775 
3 2021 1925 1931 
3 2110 2015 2021 
3 2110 2207 2105 
3 2202 2207 2303 
3 2396 2299 2303 
3 1840 1946 1931 
3 1649 1654 1756 
3 1756 1852 1747 
3 1840 1852 1946 
3 1554 1445 1557 
3 1654 1554 1664 
3 2908 2864 2911 
3 2934 2936 2908 
3 2945 2936 2939 
3 2945 2949 2954 
3 2963 2974 2954 
3 2980 2984 2974 
3 2853 2841 2918 
3 2953 2918 2948 
3 2965 2948 2962 
3 2962 2971 2977 
3 2710 2679 2841 
3 2977 2971 2982 
3 2984 2985 2983 
3 2982 2969 2983 
3 2493 2594 2584 
3 2584 2594 2679 
3 2493 2396 2504 
3 1928 2003 2046 
3 2085 1973 2046 
3 1973 1863 1928 
3 2109 2005 2085 
3 1788 1863 1902 
3 1563 1674 1599 
3 1491 1563 1599 
3 1381 1491 1420 
3 1714 1674 1788 
3 2477 2589 2587 
3 2477 2375 2465 
3 2260 2348 2375 
3 2260 2154 2232 
3 2109 2154 2040 
3 2621 2641 2570 
3 2686 2593 2641 
3 2609 2621 2557 
3 2609 2552 2604 
3 2604 2548 2601 
3 2601 2551 2600 
3 2546 2599 2600 
3 2599 2545 2602 
3 2602 2550 2608 
3 2613 2608 2553 
3 2614 2613 2554 
3 2686 2745 2620 
3 2611 2614 2555 
3 2598 2611 2544 
3 2585 2598 2529 
3 2517 2583 2585 
3 2597 2583 2521 
3 2624 2597 2549 
3 2723 2745 2820 
3 2665 2624 2573 
3 2820 2864 2806 
3 2674 2665 2596 
3 2587 2716 2674 
3 1308 1381 1420 
3 1194 1082 1158 
3 1118 1082 1194 
3 1118 1149 1029 
3 1149 1069 1029 
3 1069 1110 1020 
3 1135 1038 1110 
3 1245 1163 1135 
3 1280 1163 1245 
3 1308 1347 1238 
3 1268 1158 1238 
3 1398 1326 1280 
3 1492 1369 1447 
3 1534 1416 1492 
3 1447 1326 1398 
3 1641 1562 1534 
3 1670 1562 1641 
3 1775 1692 1670 
3 1685 1774 1675 
3 1766 1667 1675 
3 1757 1656 1667 
3 1749 1651 1656 
3 1741 1643 1651 
3 1737 1637 1643 
3 1727 1627 1637 
3 1719 1618 1627 
3 1604 1501 1513 
3 1618 1604 1513 
3 1495 1501 1594 
3 1587 1487 1495 
3 1487 1581 1480 
3 1576 1476 1480 
3 1784 1774 1685 
3 1570 1472 1476 
3 1895 1806 1801 
3 1900 1811 1806 
3 1811 1904 1810 
3 1903 1805 1810 
3 1899 1804 1805 
3 1893 1799 1804 
3 1799 1887 1789 
3 1880 1784 1789 
3 1888 1801 1791 
3 1468 1472 1566 
3 1468 1561 1466 
3 1461 1466 1560 
3 1565 1457 1461 
3 1557 1445 1457 
3 1878 1791 1775 
3 1931 2030 2021 
3 2121 2110 2021 
3 2213 2207 2110 
3 2303 2207 2305 
3 2396 2303 2305 
3 1931 1946 2030 
3 1756 1654 1763 
3 1860 1852 1756 
3 1946 1852 1954 
3 1664 1554 1557 
3 1763 1654 1664 
3 2852 2864 2908 
3 2908 2936 2876 
3 2899 2936 2945 
3 2954 2916 2945 
3 2974 2923 2954 
3 2984 2938 2974 
3 2918 2841 2878 
3 2918 2878 2948 
3 2948 2906 2962 
3 2962 2924 2971 
3 2841 2679 2759 
3 2971 2969 2982 
3 2984 2983 2937 
3 2969 2922 2983 
3 2493 2504 2594 
3 2679 2594 2759 
3 2396 2403 2504 
3 1973 1928 2046 
3 2085 2005 1973 
3 1902 1863 1973 
3 2040 2005 2109 
3 1821 1788 1902 
3 1599 1674 1714 
3 1531 1491 1599 
3 1420 1491 1531 
3 1714 1788 1821 
3 2477 2587 2489 
3 2477 2384 2375 
3 2260 2375 2269 
3 2269 2154 2260 
3 2040 2154 2069 
3 2641 2593 2570 
3 2557 2621 2570 
3 2620 2593 2686 
3 2557 2552 2609 
3 2604 2552 2548 
3 2601 2548 2551 
3 2600 2551 2546 
3 2546 2545 2599 
3 2602 2545 2550 
3 2608 2550 2553 
3 2613 2553 2554 
3 2555 2614 2554 
3 2620 2745 2650 
3 2544 2611 2555 
3 2529 2598 2544 
3 2585 2529 2517 
3 2521 2583 2517 
3 2549 2597 2521 
3 2573 2624 2549 
3 2820 2806 2723 
3 2650 2745 2723 
3 2665 2573 2596 
3 2806 2864 2852 
3 2562 2674 2596 
3 2587 2674 2562 
3 1420 1347 1308 
3 1194 1158 1268 
3 1227 1118 1194 
3 1227 1149 1118 
3 1181 1069 1149 
3 1181 1110 1069 
3 1211 1135 1110 
3 1245 1135 1211 
3 1359 1280 1245 
3 1238 1347 1268 
3 1398 1280 1359 
3 1447 1578 1492 
3 1614 1534 1492 
3 1532 1447 1398 
3 1641 1534 1614 
3 1755 1670 1641 
3 1775 1670 1755 
3 1675 1774 1766 
3 1766 1757 1667 
3 1749 1656 1757 
3 1749 1741 1651 
3 1741 1737 1643 
3 1727 1637 1737 
3 1719 1627 1727 
3 1719 1705 1618 
3 1594 1501 1604 
3 1705 1604 1618 
3 1594 1587 1495 
3 1587 1581 1487 
3 1480 1581 1576 
3 1576 1570 1476 
3 1873 1774 1784 
3 1566 1472 1570 
3 1888 1895 1801 
3 1895 1900 1806 
3 1900 1904 1811 
3 1810 1904 1903 
3 1903 1899 1805 
3 1899 1893 1804 
3 1893 1887 1799 
3 1789 1887 1880 
3 1880 1873 1784 
3 1888 1791 1878 
3 1566 1561 1468 
3 1466 1561 1560 
3 1560 1565 1461 
3 1565 1557 1457 
3 1878 1775 1862 
3 2021 2030 2121 
3 2213 2110 2121 
3 2305 2207 2213 
3 2305 2403 2396 
3 2030 1946 2036 
3 1860 1756 1763 
3 1954 1852 1860 
3 2036 1946 1954 
3 1664 1557 1671 
3 1763 1664 1767 
3 2876 2852 2908 
3 2876 2936 2899 
3 2945 2916 2899 
3 2954 2923 2916 
3 2974 2938 2923 
3 2937 2938 2984 
3 2841 2759 2878 
3 2878 2906 2948 
3 2962 2906 2924 
3 2971 2924 2920 
3 2971 2920 2969 
3 2983 2922 2937 
3 2910 2922 2969 
3 2594 2504 2616 
3 2759 2594 2616 
3 2504 2403 2514 
3 1973 2005 1902 
3 1926 2005 2040 
3 1902 1926 1821 
3 1599 1714 1634 
3 1599 1634 1531 
3 1420 1531 1454 
3 1742 1714 1821 
3 2489 2587 2562 
3 2489 2384 2477 
3 2375 2384 2269 
3 2175 2154 2269 
3 2069 2154 2175 
3 2040 2069 1963 
3 2593 2512 2570 
3 2570 2495 2557 
3 2539 2593 2620 
3 2557 2487 2552 
3 2552 2488 2548 
3 2548 2491 2551 
3 2551 2490 2546 
3 2546 2482 2545 
3 2545 2478 2550 
3 2550 2480 2553 
3 2553 2476 2554 
3 2483 2555 2554 
3 2650 2566 2620 
3 2544 2555 2475 
3 2529 2544 2468 
3 2517 2529 2462 
3 2521 2517 2460 
3 2549 2521 2463 
3 2573 2549 2485 
3 2806 2687 2723 
3 2723 2687 2650 
3 2596 2573 2510 
3 2852 2731 2806 
3 2562 2596 2508 
3 1454 1347 1420 
3 1268 1302 1194 
3 1194 1302 1227 
3 1227 1259 1149 
3 1149 1259 1181 
3 1211 1110 1181 
3 1245 1211 1322 
3 1245 1322 1359 
3 1268 1347 1375 
3 1473 1398 1359 
3 1492 1578 1614 
3 1532 1578 1447 
3 1532 1398 1473 
3 1614 1729 1641 
3 1641 1729 1755 
3 1862 1775 1755 
3 1766 1774 1866 
3 1857 1757 1766 
3 1757 1848 1749 
3 1749 1839 1741 
3 1835 1737 1741 
3 1737 1830 1727 
3 1727 1819 1719 
3 1809 1705 1719 
3 1594 1604 1697 
3 1697 1604 1705 
3 1594 1688 1587 
3 1680 1581 1587 
3 1576 1581 1672 
3 1668 1570 1576 
3 1866 1774 1873 
3 1662 1566 1570 
3 1978 1895 1888 
3 1986 1900 1895 
3 1989 1904 1900 
3 1903 1904 1991 
3 1993 1899 1903 
3 1899 1988 1893 
3 1983 1887 1893 
3 1880 1887 1976 
3 1968 1873 1880 
3 1972 1888 1878 
3 1655 1561 1566 
3 1561 1653 1560 
3 1658 1565 1560 
3 1671 1557 1565 
3 1958 1878 1862 
3 2030 2125 2121 
3 2213 2121 2219 
3 2305 2213 2312 
3 2312 2403 2305 
3 2036 2125 2030 
3 1763 1859 1860 
3 1954 1860 1947 
3 1954 2029 2036 
3 1767 1664 1671 
3 1767 1859 1763 
3 2876 2785 2852 
3 2899 2818 2876 
3 2916 2821 2899 
3 2923 2826 2916 
3 2938 2831 2923 
3 2937 2835 2938 
3 2759 2804 2878 
3 2878 2804 2906 
3 2906 2822 2924 
3 2920 2924 2827 
3 2969 2920 2910 
3 2937 2922 2834 
3 2833 2922 2910 
3 2616 2504 2514 
3 2616 2804 2759 
3 2514 2403 2409 
3 1902 2005 1926 
3 1963 1926 2040 
3 1821 1926 1854 
3 1634 1714 1742 
3 1531 1634 1559 
3 1531 1559 1454 
3 1742 1821 1854 
3 2562 2508 2489 
3 2393 2384 2489 
3 2269 2384 2289 
3 2269 2289 2175 
3 2094 2069 2175 
3 1963 2069 1994 
3 2570 2512 2495 
3 2539 2512 2593 
3 2557 2495 2487 
3 2620 2566 2539 
3 2552 2487 2488 
3 2548 2488 2491 
3 2551 2491 2490 
3 2546 2490 2482 
3 2545 2482 2478 
3 2550 2478 2480 
3 2553 2480 2476 
3 2554 2476 2481 
3 2554 2481 2483 
3 2475 2555 2483 
3 2650 2590 2566 
3 2544 2475 2468 
3 2529 2468 2462 
3 2460 2517 2462 
3 2463 2521 2460 
3 2485 2549 2463 
3 2510 2573 2485 
3 2806 2731 2687 
3 2687 2590 2650 
3 2596 2510 2508 
3 2785 2731 2852 
3 1375 1347 1454 
3 1375 1302 1268 
3 1302 1337 1227 
3 1337 1259 1227 
3 1181 1259 1291 
3 1291 1211 1181 
3 1322 1211 1291 
3 1359 1322 1436 
3 1473 1359 1436 
3 1614 1578 1702 
3 1677 1578 1532 
3 1473 1583 1532 
3 1702 1729 1614 
3 1729 1836 1755 
3 1755 1836 1862 
3 1866 1857 1766 
3 1857 1848 1757 
3 1848 1839 1749 
3 1741 1839 1835 
3 1835 1830 1737 
3 1830 1819 1727 
3 1819 1809 1719 
3 1809 1795 1705 
3 1697 1688 1594 
3 1795 1697 1705 
3 1688 1680 1587 
3 1672 1581 1680 
3 1576 1672 1668 
3 1668 1662 1570 
3 1866 1873 1959 
3 1662 1655 1566 
3 1978 1888 1972 
3 1978 1986 1895 
3 1986 1989 1900 
3 1991 1904 1989 
3 1991 1993 1903 
3 1993 1988 1899 
3 1893 1988 1983 
3 1976 1887 1983 
3 1976 1968 1880 
3 1959 1873 1968 
3 1972 1878 1958 
3 1655 1653 1561 
3 1560 1653 1658 
3 1671 1565 1658 
3 1958 1862 1941 
3 2121 2125 2219 
3 2213 2219 2312 
3 2409 2403 2312 
3 2120 2125 2036 
3 1860 1859 1947 
3 1947 2029 1954 
3 2036 2029 2120 
3 1767 1671 1759 
3 1845 1859 1767 
3 2876 2797 2785 
3 2876 2818 2797 
3 2899 2821 2818 
3 2916 2826 2821 
3 2831 2826 2923 
3 2938 2835 2831 
3 2834 2835 2937 
3 2906 2804 2822 
3 2924 2822 2827 
3 2827 2829 2920 
3 2920 2829 2910 
3 2834 2922 2833 
3 2910 2829 2833 
3 2616 2514 2631 
3 2631 2804 2616 
3 2514 2409 2519 
3 1854 1926 1963 
3 1669 1634 1742 
3 1559 1634 1669 
3 1559 1485 1454 
3 1854 1780 1742 
3 2489 2508 2393 
3 2289 2384 2393 
3 2175 2289 2197 
3 2197 2094 2175 
3 1994 2069 2094 
3 1963 1994 1886 
3 2512 2439 2495 
3 2455 2512 2539 
3 2495 2423 2487 
3 2539 2566 2474 
3 2487 2425 2488 
3 2488 2433 2491 
3 2491 2432 2490 
3 2490 2424 2482 
3 2482 2419 2478 
3 2478 2418 2480 
3 2480 2415 2476 
3 2476 2414 2481 
3 2481 2413 2483 
3 2483 2408 2475 
3 2566 2590 2501 
3 2468 2475 2402 
3 2462 2468 2394 
3 2462 2386 2460 
3 2463 2460 2387 
3 2485 2463 2397 
3 2485 2416 2510 
3 2687 2731 2610 
3 2610 2590 2687 
3 2508 2510 2437 
3 2628 2731 2785 
3 1454 1485 1375 
3 1413 1302 1375 
3 1413 1337 1302 
3 1367 1259 1337 
3 1291 1259 1367 
3 1399 1322 1291 
3 1436 1322 1399 
3 1473 1436 1545 
3 1702 1578 1677 
3 1673 1677 1532 
3 1532 1583 1673 
3 1545 1583 1473 
3 1702 1818 1729 
3 1818 1836 1729 
3 1862 1836 1941 
3 1951 1857 1866 
3 1857 1942 1848 
3 1935 1839 1848 
3 1835 1839 1933 
3 1930 1830 1835 
3 1924 1819 1830 
3 1909 1809 1819 
3 1891 1795 1809 
3 1785 1688 1697 
3 1795 1785 1697 
3 1778 1680 1688 
3 1773 1672 1680 
3 1672 1765 1668 
3 1761 1662 1668 
3 1951 1866 1959 
3 1753 1655 1662 
3 2059 1978 1972 
3 1978 2065 1986 
3 2067 1989 1986 
3 1991 1989 2070 
3 1991 2075 1993 
3 2076 1988 1993 
3 1983 1988 2071 
3 2068 1976 1983 
3 2058 1968 1976 
3 1959 1968 2052 
3 2051 1972 1958 
3 1745 1653 1655 
3 1658 1653 1750 
3 1759 1671 1658 
3 1941 2031 1958 
3 2219 2125 2216 
3 2312 2219 2314 
3 2312 2314 2409 
3 2216 2125 2120 
3 1947 1859 1929 
3 2023 2029 1947 
3 2120 2029 2116 
3 1845 1767 1759 
3 1929 1859 1845 
3 2797 2639 2785 
3 2818 2654 2797 
3 2818 2821 2662 
3 2821 2826 2661 
3 2657 2826 2831 
3 2831 2835 2658 
3 2659 2835 2834 
3 2822 2804 2631 
3 2827 2822 2638 
3 2644 2829 2827 
3 2834 2833 2656 
3 2829 2653 2833 
3 2631 2514 2519 
3 2519 2409 2410 
3 1886 1854 1963 
3 1742 1780 1669 
3 1595 1559 1669 
3 1595 1485 1559 
3 1886 1780 1854 
3 2393 2508 2398 
3 2289 2393 2304 
3 2197 2289 2304 
3 2124 2094 2197 
3 2018 1994 2094 
3 1886 1994 1917 
3 2495 2439 2423 
3 2455 2439 2512 
3 2539 2474 2455 
3 2487 2423 2425 
3 2566 2501 2474 
3 2488 2425 2433 
3 2491 2433 2432 
3 2490 2432 2424 
3 2482 2424 2419 
3 2478 2419 2418 
3 2480 2418 2415 
3 2476 2415 2414 
3 2481 2414 2413 
3 2483 2413 2408 
3 2475 2408 2402 
3 2501 2590 2515 
3 2394 2468 2402 
3 2394 2386 2462 
3 2460 2386 2387 
3 2397 2463 2387 
3 2397 2416 2485 
3 2510 2416 2437 
3 2610 2731 2628 
3 2515 2590 2610 
3 2398 2508 2437 
3 2785 2639 2628 
3 1375 1485 1413 
3 1444 1337 1413 
3 1367 1337 1444 
3 1399 1291 1367 
3 1509 1436 1399 
3 1545 1436 1509 
3 1702 1677 1798 
3 1781 1677 1673 
3 1673 1583 1652 
3 1652 1583 1545 
3 1798 1818 1702 
3 1920 1836 1818 
3 1941 1836 1920 
3 1951 1942 1857 
3 1942 1935 1848 
3 1933 1839 1935 
3 1933 1930 1835 
3 1930 1924 1830 
3 1924 1909 1819 
3 1909 1891 1809 
3 1891 1883 1795 
3 1778 1688 1785 
3 1883 1785 1795 
3 1778 1773 1680 
3 1773 1765 1672 
3 1668 1765 1761 
3 1753 1662 1761 
3 2041 1951 1959 
3 1745 1655 1753 
3 2051 2059 1972 
3 2059 2065 1978 
3 1986 2065 2067 
3 2070 1989 2067 
3 2070 2075 1991 
3 1993 2075 2076 
3 2071 1988 2076 
3 2071 2068 1983 
3 2058 1976 2068 
3 2052 1968 2058 
3 1959 2052 2041 
3 1958 2031 2051 
3 1750 1653 1745 
3 1750 1759 1658 
3 2013 2031 1941 
3 2219 2216 2314 
3 2409 2314 2410 
3 2210 2216 2120 
3 2023 1947 1929 
3 2116 2029 2023 
3 2210 2120 2116 
3 1845 1759 1750 
3 1845 1932 1929 
3 2797 2654 2639 
3 2818 2662 2654 
3 2662 2821 2661 
3 2661 2826 2657 
3 2831 2658 2657 
3 2658 2835 2659 
3 2656 2659 2834 
3 2638 2822 2631 
3 2827 2638 2644 
3 2644 2653 2829 
3 2833 2653 2656 
3 2631 2519 2638 
3 2520 2519 2410 
3 1669 1780 1704 
3 1704 1595 1669 
3 1521 1485 1595 
3 1815 1780 1886 
3 2304 2393 2398 
3 2304 2229 2197 
3 2197 2229 2124 
3 2018 2094 2124 
3 1917 1994 2018 
3 1886 1917 1815 
3 2439 2359 2423 
3 2372 2439 2455 
3 2455 2474 2388 
3 2425 2423 2361 
3 2474 2501 2407 
3 2433 2425 2366 
3 2432 2433 2369 
3 2424 2432 2367 
3 2424 2363 2419 
3 2419 2360 2418 
3 2418 2357 2415 
3 2414 2415 2356 
3 2413 2414 2353 
3 2408 2413 2350 
3 2402 2408 2346 
3 2501 2515 2431 
3 2402 2335 2394 
3 2394 2327 2386 
3 2387 2386 2320 
3 2397 2387 2323 
3 2331 2416 2397 
3 2437 2416 2347 
3 2628 2524 2610 
3 2610 2524 2515 
3 2398 2437 2351 
3 2639 2535 2628 
3 1413 1485 1521 
3 1521 1444 1413 
3 1477 1367 1444 
3 1477 1399 1367 
3 1509 1399 1477 
3 1509 1622 1545 
3 1798 1677 1781 
3 1673 1758 1781 
3 1673 1652 1758 
3 1622 1652 1545 
3 1905 1818 1798 
3 1920 1818 1905 
3 1941 1920 2013 
3 2028 1942 1951 
3 2024 1935 1942 
3 1933 1935 2025 
3 2032 1930 1933 
3 2039 1924 1930 
3 2048 1909 1924 
3 1981 1891 1909 
3 1975 1883 1891 
3 1778 1785 1875 
3 1875 1785 1883 
3 1870 1773 1778 
3 1865 1765 1773 
3 1765 1858 1761 
3 1761 1849 1753 
3 2028 1951 2041 
3 1753 1846 1745 
3 2051 2129 2059 
3 2136 2065 2059 
3 2065 2139 2067 
3 2067 2143 2070 
3 2148 2075 2070 
3 2076 2075 2152 
3 2076 2151 2071 
3 2153 2068 2071 
3 2147 2058 2068 
3 2134 2052 2058 
3 2041 2052 2127 
3 2031 2112 2051 
3 1745 1838 1750 
3 2101 2031 2013 
3 2314 2216 2308 
3 2410 2314 2308 
3 2308 2216 2210 
3 2023 1929 2022 
3 2116 2023 2022 
3 2116 2212 2210 
3 1750 1838 1845 
3 1929 1932 2022 
3 1838 1932 1845 
3 2639 2654 2540 
3 2662 2542 2654 
3 2661 2538 2662 
3 2657 2536 2661 
3 2658 2533 2657 
3 2658 2659 2530 
3 2656 2526 2659 
3 2638 2520 2644 
3 2523 2653 2644 
3 2656 2653 2525 
3 2638 2519 2520 
3 2410 2411 2520 
3 1704 1780 1815 
3 1704 1628 1595 
3 1628 1521 1595 
3 2304 2398 2325 
3 2325 2229 2304 
3 2229 2159 2124 
3 2054 2018 2124 
3 2018 1950 1917 
3 1815 1917 1842 
3 2423 2359 2361 
3 2372 2359 2439 
3 2388 2372 2455 
3 2474 2407 2388 
3 2366 2425 2361 
3 2501 2431 2407 
3 2369 2433 2366 
3 2367 2432 2369 
3 2367 2363 2424 
3 2419 2363 2360 
3 2418 2360 2357 
3 2415 2357 2356 
3 2353 2414 2356 
3 2350 2413 2353 
3 2408 2350 2346 
3 2402 2346 2335 
3 2431 2515 2438 
3 2394 2335 2327 
3 2386 2327 2320 
3 2387 2320 2323 
3 2397 2323 2331 
3 2347 2416 2331 
3 2437 2347 2351 
3 2535 2524 2628 
3 2515 2524 2438 
3 2398 2351 2325 
3 2540 2535 2639 
3 1521 1552 1444 
3 1444 1552 1477 
3 1585 1509 1477 
3 1585 1622 1509 
3 1798 1781 1885 
3 1781 1758 1867 
3 1758 1652 1728 
3 1728 1652 1622 
3 1885 1905 1798 
3 2002 1920 1905 
3 2013 1920 2002 
3 2024 1942 2028 
3 2025 1935 2024 
3 2032 1933 2025 
3 2032 2039 1930 
3 2039 2048 1924 
3 2048 1981 1909 
3 1975 1891 1981 
3 1969 1883 1975 
3 1875 1870 1778 
3 1875 1883 1969 
3 1870 1865 1773 
3 1865 1858 1765 
3 1858 1849 1761 
3 1849 1846 1753 
3 2041 2114 2028 
3 1846 1838 1745 
3 2059 2129 2136 
3 2112 2129 2051 
3 2136 2139 2065 
3 2139 2143 2067 
3 2070 2143 2148 
3 2152 2075 2148 
3 2152 2151 2076 
3 2151 2153 2071 
3 2153 2147 2068 
3 2134 2058 2147 
3 2127 2052 2134 
3 2127 2114 2041 
3 2101 2112 2031 
3 2101 2013 2091 
3 2410 2308 2411 
3 2308 2210 2307 
3 2022 2119 2116 
3 2210 2212 2307 
3 2116 2119 2212 
3 2022 1932 2027 
3 1938 1932 1838 
3 2654 2542 2540 
3 2662 2538 2542 
3 2536 2538 2661 
3 2657 2533 2536 
3 2530 2533 2658 
3 2659 2526 2530 
3 2525 2526 2656 
3 2644 2520 2523 
3 2525 2653 2523 
3 2520 2411 2523 
3 1815 1733 1704 
3 1704 1733 1628 
3 1628 1552 1521 
3 2258 2229 2325 
3 2124 2159 2054 
3 2258 2159 2229 
3 2054 1950 2018 
3 1917 1950 1842 
3 1842 1733 1815 
3 2361 2359 2281 
3 2282 2359 2372 
3 2388 2296 2372 
3 2407 2316 2388 
3 2366 2361 2285 
3 2431 2332 2407 
3 2366 2292 2369 
3 2369 2295 2367 
3 2294 2363 2367 
3 2360 2363 2290 
3 2357 2360 2286 
3 2356 2357 2284 
3 2356 2280 2353 
3 2277 2350 2353 
3 2346 2350 2272 
3 2335 2346 2270 
3 2438 2337 2431 
3 2327 2335 2262 
3 2320 2327 2252 
3 2323 2320 2246 
3 2323 2247 2331 
3 2331 2257 2347 
3 2351 2347 2265 
3 2444 2524 2535 
3 2438 2524 2444 
3 2325 2351 2258 
3 2540 2446 2535 
3 1477 1552 1585 
3 1695 1622 1585 
3 1885 1781 1867 
3 1867 1758 1832 
3 1832 1758 1728 
3 1728 1622 1695 
3 1992 1905 1885 
3 2002 1905 1992 
3 2091 2013 2002 
3 2107 2024 2028 
3 2113 2025 2024 
3 2025 2128 2032 
3 2135 2039 2032 
3 2144 2048 2039 
3 2063 1981 2048 
3 2063 1975 1981 
3 2062 1969 1975 
3 1964 1870 1875 
3 1875 1969 1964 
3 1957 1865 1870 
3 1952 1858 1865 
3 1948 1849 1858 
3 1944 1846 1849 
3 2114 2107 2028 
3 1938 1838 1846 
3 2129 2200 2136 
3 2189 2129 2112 
3 2204 2139 2136 
3 2206 2143 2139 
3 2148 2143 2209 
3 2148 2215 2152 
3 2221 2151 2152 
3 2223 2153 2151 
3 2226 2147 2153 
3 2134 2147 2222 
3 2208 2127 2134 
3 2201 2114 2127 
3 2182 2112 2101 
3 2173 2101 2091 
3 2411 2308 2307 
3 2022 2027 2119 
3 2307 2212 2313 
3 2212 2119 2218 
3 2027 1932 1938 
3 2540 2542 2447 
3 2542 2538 2445 
3 2440 2538 2536 
3 2533 2434 2536 
3 2530 2428 2533 
3 2526 2421 2530 
3 2525 2417 2526 
3 2523 2412 2525 
3 2523 2411 2412 
3 1628 1733 1657 
3 1657 1552 1628 
3 2159 2082 2054 
3 2258 2178 2159 
3 1980 1950 2054 
3 1950 1874 1842 
3 1770 1733 1842 
3 2281 2359 2282 
3 2361 2281 2285 
3 2372 2296 2282 
3 2388 2316 2296 
3 2407 2332 2316 
3 2285 2292 2366 
3 2337 2332 2431 
3 2369 2292 2295 
3 2367 2295 2294 
3 2290 2363 2294 
3 2360 2290 2286 
3 2357 2286 2284 
3 2356 2284 2280 
3 2353 2280 2277 
3 2272 2350 2277 
3 2346 2272 2270 
3 2335 2270 2262 
3 2338 2337 2438 
3 2252 2327 2262 
3 2320 2252 2246 
3 2323 2246 2247 
3 2247 2257 2331 
3 2347 2257 2265 
3 2351 2265 2258 
3 2535 2446 2444 
3 2438 2444 2338 
3 2447 2446 2540 
3 1585 1552 1657 
3 1657 1695 1585 
3 1990 1885 1867 
3 1832 1937 1867 
3 1832 1728 1803 
3 1803 1728 1695 
3 1992 1885 1990 
3 2081 2002 1992 
3 2091 2002 2081 
3 2113 2024 2107 
3 2113 2128 2025 
3 2128 2135 2032 
3 2144 2039 2135 
3 2156 2048 2144 
3 2156 2063 2048 
3 2062 1975 2063 
3 2057 1969 2062 
3 1957 1870 1964 
3 1964 1969 2057 
3 1952 1865 1957 
3 1948 1858 1952 
3 1944 1849 1948 
3 1938 1846 1944 
3 2192 2107 2114 
3 2136 2200 2204 
3 2189 2200 2129 
3 2182 2189 2112 
3 2206 2139 2204 
3 2209 2143 2206 
3 2209 2215 2148 
3 2152 2215 2221 
3 2221 2223 2151 
3 2223 2226 2153 
3 2222 2147 2226 
3 2222 2208 2134 
3 2208 2201 2127 
3 2192 2114 2201 
3 2182 2101 2173 
3 2168 2173 2091 
3 2411 2307 2412 
3 2119 2027 2126 
3 2313 2212 2218 
3 2307 2313 2412 
3 2218 2119 2126 
3 2033 2027 1938 
3 2447 2542 2445 
3 2445 2538 2440 
3 2536 2434 2440 
3 2428 2434 2533 
3 2530 2421 2428 
3 2526 2417 2421 
3 2412 2417 2525 
3 1657 1733 1770 
3 2054 2082 1980 
3 2159 2178 2082 
3 2258 2265 2178 
3 1980 1874 1950 
3 1842 1874 1770 
3 2282 2192 2281 
3 2281 2201 2285 
3 2282 2296 2199 
3 2296 2316 2211 
3 2332 2231 2316 
3 2208 2292 2285 
3 2337 2239 2332 
3 2295 2292 2222 
3 2295 2226 2294 
3 2294 2223 2290 
3 2286 2290 2221 
3 2284 2286 2215 
3 2280 2284 2209 
3 2277 2280 2206 
3 2204 2272 2277 
3 2270 2272 2200 
3 2262 2270 2189 
3 2338 2245 2337 
3 2182 2252 2262 
3 2246 2252 2173 
3 2247 2246 2168 
3 2247 2169 2257 
3 2265 2257 2174 
3 2446 2341 2444 
3 2444 2341 2338 
3 2447 2339 2446 
3 1770 1695 1657 
3 1867 1937 1990 
3 1908 1937 1832 
3 1832 1803 1908 
3 1803 1695 1770 
3 1990 2080 1992 
3 1992 2080 2081 
3 2168 2091 2081 
3 2199 2113 2107 
3 2211 2128 2113 
3 2231 2135 2128 
3 2239 2144 2135 
3 2156 2144 2245 
3 2158 2063 2156 
3 2158 2062 2063 
3 2057 2062 2157 
3 1964 2053 1957 
3 2057 2053 1964 
3 1957 2049 1952 
3 1952 2043 1948 
3 2038 1944 1948 
3 2033 1938 1944 
3 2199 2107 2192 
3 2200 2272 2204 
3 2270 2200 2189 
3 2262 2189 2182 
3 2277 2206 2204 
3 2206 2280 2209 
3 2284 2215 2209 
3 2215 2286 2221 
3 2290 2223 2221 
3 2294 2226 2223 
3 2222 2226 2295 
3 2222 2292 2208 
3 2285 2201 2208 
3 2281 2192 2201 
3 2173 2252 2182 
3 2246 2173 2168 
3 2126 2027 2033 
3 2321 2313 2218 
3 2412 2313 2417 
3 2227 2218 2126 
3 2445 2336 2447 
3 2440 2334 2445 
3 2440 2434 2330 
3 2428 2328 2434 
3 2428 2421 2324 
3 2417 2321 2421 
3 2082 2006 1980 
3 2178 2095 2082 
3 2265 2174 2178 
3 1908 1874 1980 
3 1874 1803 1770 
3 2282 2199 2192 
3 2199 2296 2211 
3 2316 2231 2211 
3 2332 2239 2231 
3 2337 2245 2239 
3 2249 2245 2338 
3 2168 2169 2247 
3 2257 2169 2174 
3 2446 2339 2341 
3 2341 2249 2338 
3 2447 2336 2339 
3 1990 1937 2006 
3 2006 1937 1908 
3 1908 1803 1874 
3 2095 2080 1990 
3 2081 2080 2169 
3 2081 2169 2168 
3 2199 2211 2113 
3 2211 2231 2128 
3 2239 2135 2231 
3 2245 2144 2239 
3 2156 2245 2249 
3 2249 2158 2156 
3 2157 2062 2158 
3 2157 2149 2057 
3 2053 2049 1957 
3 2149 2053 2057 
3 2049 2043 1952 
3 1948 2043 2038 
3 2033 1944 2038 
3 2130 2126 2033 
3 2321 2218 2227 
3 2417 2313 2321 
3 2130 2227 2126 
3 2445 2334 2336 
3 2330 2334 2440 
3 2434 2328 2330 
3 2324 2328 2428 
3 2421 2321 2324 
3 1980 2006 1908 
3 2082 2095 2006 
3 2174 2095 2178 
3 2169 2080 2174 
3 2339 2248 2341 
3 2341 2248 2249 
3 2336 2243 2339 
3 2006 2095 1990 
3 2174 2080 2095 
3 2248 2158 2249 
3 2248 2157 2158 
3 2243 2149 2157 
3 2142 2049 2053 
3 2149 2142 2053 
3 2137 2043 2049 
3 2038 2043 2131 
3 2033 2038 2130 
3 2321 2227 2324 
3 2230 2227 2130 
3 2336 2334 2238 
3 2330 2237 2334 
3 2330 2328 2235 
3 2230 2328 2324 
3 2339 2243 2248 
3 2336 2238 2243 
3 2248 2243 2157 
3 2243 2238 2149 
3 2142 2137 2049 
3 2238 2142 2149 
3 2131 2043 2137 
3 2130 2038 2131 
3 2324 2227 2230 
3 2131 2230 2130 
3 2334 2237 2238 
3 2235 2237 2330 
3 2235 2328 2230 
3 2237 2137 2142 
3 2238 2237 2142 
3 2131 2137 2235 
3 2235 2230 2131 
3 2235 2137 2237 

