# vtk DataFile Version 4.2
vtk output
ASCII
DATASET POLYDATA
POINTS 2987 float
-202.327 86.7378 53.9593 -201.436 83.3623 37.8827 -200.925 91.5466 68.0487 
-200.504 73.7469 64.2261 -200.383 70.1638 48.6188 -200.166 66.6164 31.8878 
-200.112 77.7266 79.2434 -199.815 80.0902 21.0961 -199.678 63.1381 14.9585 
-199.549 83.3008 94.3522 -199.512 93.3645 82.1194 -199.342 66.1838 92.1754 
-199.307 61.365 75.8881 -199.279 57.2576 59.8214 -199.235 53.3895 43.1239 
-199.132 49.6846 26.1971 -198.943 73.1143 108.33 -198.545 59.6099 -2.17789 
-198.278 55.1467 105.071 -198.19 98.2157 45.9657 -198.143 46.1538 9.15372 
-197.936 49.5276 87.8768 -197.876 44.7867 71.0916 -197.791 40.448 54.4665 
-197.686 36.5183 37.6364 -197.683 76.7242 3.90465 -197.578 24.1496 162.22 
-197.227 62.0046 121.806 -197.158 32.8189 20.5847 -196.889 37.6553 100.541 
-196.824 42.6615 -8.02601 -196.803 43.5448 118.064 -196.765 32.5435 83.0486 
-196.719 27.8748 65.8026 -196.628 5.47202 156.124 -196.522 23.5683 48.7786 
-196.392 20.4216 95.2667 -196.323 55.9704 -19.4072 -196.319 25.677 113.129 
-196.222 15.4414 77.5705 -196.002 19.6668 31.9893 -195.985 29.3872 3.4153 
-195.835 -32.0006 -3.61636 -195.784 9.56417 174.702 -195.754 -45.767 7.46507 
-195.735 31.2571 131.015 -195.734 10.7922 60.3507 -195.69 39.1898 -25.3079 
-195.566 -43.3245 25.3173 -195.543 8.04498 107.327 -195.504 95.7673 28.6478 
-195.484 -56.8818 36.5726 -195.483 13.4118 125.55 -195.482 80.9662 124.108 
-195.425 -29.747 14.0883 -195.351 26.0348 -13.9199 -195.351 -18.6203 -14.833 
-195.338 2.93325 89.2736 -195.275 22.7306 -31.4662 -195.211 50.0586 135.325 
-195.207 91.1946 108.999 -195.146 18.6513 143.828 -195.028 6.67203 43.2832 
-195.02 16.1876 14.8641 -195.008 9.84784 -20.0401 -194.977 -5.72308 -26.2736 
-194.958 -59.5137 18.5368 -194.905 37.4134 148.892 -194.88 -16.2851 2.82874 
-194.857 -1.86166 71.9013 -194.75 0.993028 137.365 -194.659 -11.4164 148.565 
-194.621 6.80884 -37.8224 -194.572 -3.09312 -8.58206 -194.535 12.9338 -2.50268 
-194.476 -69.8808 47.7542 -194.451 -33.7542 -21.2485 -194.416 -8.29188 166.946 
-194.399 -4.59317 118.979 -194.38 2.98362 26.2061 -194.313 72.9295 -13.2175 
-194.255 -27.0021 31.6789 -194.212 -40.232 43.061 -194.195 -13.6321 20.3599 
-194.195 -6.25375 54.7943 -194.175 -0.238426 9.00563 -194.144 -53.2987 54.2345 
-194.12 -9.95783 100.888 -194.049 -20.5064 -32.4162 -193.959 -47.4032 -10.3392 
-193.899 -10.2306 37.6197 -193.852 -17.4772 130.358 -193.72 -14.709 83.4153 
-193.674 35.8463 -42.6791 -193.606 -23.3044 158.286 -193.479 -65.7339 65.3082 
-193.47 -23.3423 112.815 -193.415 -8.37092 -44.0505 -193.407 19.362 -49.1909 
-193.349 -23.3521 49.0112 -193.122 -19.139 66.1779 -193.099 -72.9389 29.6032 
-192.976 -30.4183 141.685 -192.928 43.2973 166.398 -192.857 -28.439 95.1693 
-192.826 -36.3908 60.3917 -192.591 68.9573 137.99 -192.534 52.2561 -36.3896 
-192.478 -36.7798 125.383 -192.398 -49.474 71.7565 -192.318 -61.1888 0.473766 
-192.233 2.89271 -55.9257 -192.207 -32.3495 77.7241 -192.201 92.3736 11.5285 
-192.167 99.5417 93.3672 -192.049 56.6528 152.225 -191.914 -46.6036 -361.138 
-191.845 -32.3847 -349.166 -191.836 -42.5783 108.593 -191.665 -34.8196 -38.6228 
-191.635 -21.9075 -49.8075 -191.556 -60.9296 82.4482 -191.427 -29.0137 -367.064 
-191.232 -47.6663 91.2709 -190.777 28.7427 179.197 -190.736 -81.8876 58.9155 
-190.676 -48.427 -27.9628 -190.566 -76.7453 76.1841 -190.329 -49.7904 -343.118 
-190.235 -14.7002 -354.988 -190.127 32.4202 -60.0022 -190.091 -35.8721 -331.214 
-190.073 15.6906 -66.8662 -190.053 -18.3918 -337.116 -189.929 -19.5602 -61.3105 
-189.68 -70.2168 92.1096 -189.657 68.6775 -29.9238 -189.61 -74.9017 11.2076 
-189.6 -60.6126 -372.793 -189.512 -63.8129 -354.841 -189.179 -43.2978 -378.463 
-189.169 -62.4843 106.975 -189.106 -85.4576 40.8854 -189.084 104.975 75.4322 
-188.89 -49.1636 138.355 -188.788 -1.56046 -74.1188 -188.73 -35.3387 -55.8435 
-188.73 -55.3083 122.399 -188.727 -22.0639 -319.253 -188.535 48.6523 -53.3712 
-188.528 88.7048 -5.61237 -188.267 -11.076 -372.804 -188.262 -62.3591 -17.4139 
-188.223 -17.213 -72.8134 -187.89 -39.2365 -313.368 -187.824 -42.8998 152.971 
-187.786 107.306 56.7957 -187.548 -52.9599 -325.177 -187.471 -36.3877 -235.157 
-187.301 -25.5929 -301.519 -187.284 -22.3246 175.684 -187.268 -49.1677 -45.4165 
-187.255 -34.171 -251.246 -187.21 -0.792554 -342.84 -187.085 -4.62345 -325.041 
-187.02 -21.2798 -225.914 -187.015 -19.1766 -243.009 -186.841 -31.6216 -267.333 
-186.758 -17.3989 -255.786 -186.719 -28.7958 -284.15 -186.656 -35.2739 164.509 
-186.62 -38.5401 -217.806 -186.321 -8.49633 -307.216 -186.316 -66.6257 -336.933 
-186.258 -77.3431 -366.845 -186.191 -42.4528 -295.814 -186.187 -20.202 -82.4634 
-186.165 2.98001 -360.594 -186.033 -35.5677 -73.1 -185.956 28.8896 -77.1742 
-185.942 11.9333 -84.3767 -185.888 107.214 38.6355 -185.872 -51.3876 -244.819 
-185.813 -14.975 -272.095 -185.686 -25.5365 -384.26 -185.663 -23.061 -208.193 
-185.653 -48.652 -261.645 -185.599 -12.0279 -289.335 -185.487 -45.5722 -278.58 
-185.466 -87.4915 22.4776 -185.417 -4.71161 182.432 -185.323 -53.851 -227.579 
-185.125 64.645 -46.6804 -184.768 -4.0086 -236.774 -184.762 -63.0704 -35.1498 
-184.757 -56.0303 -307.385 -184.656 -5.40394 -92.116 -184.607 -75.9255 -6.78673 
-184.548 -6.07615 -216.727 -184.134 -49.6295 -62.9672 -184.064 -1.2102 -258.652 
-184.024 84.4555 -22.5362 -183.961 85.1537 137.193 -183.951 -40.0326 -200.189 
-183.931 45.0359 -70.1189 -183.918 95.7603 121.64 -183.729 73.276 152.223 
-183.615 -80.0211 -348.601 -183.514 -55.5762 -209.992 -183.464 60.3604 166.738 
-183.255 -57.3528 -387.94 -183.212 105.154 20.997 -182.928 -91.329 -379.371 
-182.915 6.82383 -378.037 -182.865 -59.0726 -289.823 -182.819 12.6117 -330.637 
-182.801 8.56104 -312.934 -182.693 -24.4939 -190.624 -182.663 -69.43 -319.083 
-182.632 -7.78069 -198.797 -182.607 1.40701 -276.868 -182.532 -36.5441 -90.7883 
-182.378 -73.6569 -385.126 -182.297 4.65457 -295.048 -182.27 -22.3742 -100.526 
-182.25 -65.6005 -255.153 -182.225 -62.3414 -272.44 -182.136 -68.5196 -237.771 
-181.97 16.4768 -348.294 -181.881 -91.6255 70.0475 -181.589 8.96318 -101.852 
-181.54 -63.3691 -52.8379 -181.522 -85.8926 87.2297 -181.445 -95.8911 52.2702 
-181.396 13.1824 187.529 -181.375 104.108 104.803 -181.158 25.587 -94.2065 
-181.088 -49.9982 -80.71 -181.034 -7.74011 -109.997 -181.011 -79.1805 103.589 
-180.983 -41.1051 -182.763 -180.974 -70.6783 -219.986 -180.965 46.3704 179.536 
-180.769 -76.8121 -24.9295 -180.527 -56.7019 -192.451 -180.395 10.3824 -225.854 
-180.302 60.6726 -63.2954 -180.208 -71.7716 119.293 -180.134 20.4883 -365.712 
-180.021 12.336 -245.081 -179.928 -89.0661 3.77174 -179.816 8.67341 -207.453 
-179.813 -25.4979 -173.244 -179.695 -9.14044 -181.31 -179.668 -82.6234 -330.746 
-179.536 -93.1518 -360.719 -179.488 101.888 3.62172 -179.403 -72.2026 -301.317 
-179.275 41.7796 -86.9341 -179.266 -98.5788 33.8936 -179.091 -24.18 -119.034 
-179.051 79.9012 -39.1411 -179.051 -8.10725 -388.19 -178.794 14.662 -264.439 
-178.714 -64.2808 134.917 -178.701 -38.3009 -109.518 -178.515 -63.2242 -70.5203 
-178.485 -72.0547 -202.324 -178.198 -40.2834 -391.194 -178.103 -9.23079 -128.224 
-178.082 -41.7338 -165.276 -177.93 110.081 86.6454 -177.853 6.90686 -119.36 
-177.837 -50.5728 -98.9269 -177.779 7.0168 -189.661 -177.741 -25.9668 -155.768 
-177.621 -77.0984 -42.8599 -177.606 -57.5111 -174.947 -177.585 -75.3365 -283.633 
-177.428 17.503 -282.895 -177.425 -82.3846 -248.385 -177.416 -25.5469 -137.717 
-177.174 -78.8537 -266.028 -177.052 -10.175 -164.05 -176.725 20.9312 -300.862 
-176.714 -84.994 -230.517 -176.626 -55.9981 150.113 -176.613 25.036 -318.534 
-176.546 22.987 -111.179 -176.413 -41.2241 -129.301 -176.398 -41.9849 -147.635 
-176.3 -10.1372 -146.293 -176.105 29.2996 -336.1 -175.693 -90.1637 -14.8734 
-175.645 -62.7119 -88.2199 -175.634 113.356 67.9592 -175.573 -85.08 -312.979 
-175.532 -73.0436 -184.722 -175.423 24.3293 -382.576 -175.278 56.8706 -79.8111 
-175.217 97.9853 -13.5492 -175.182 -87.8341 -395.416 -175.106 -95.2334 -342.523 
-174.881 -86.8625 -212.51 -174.874 5.64348 -172.338 -174.845 -57.8698 -157.366 
-174.832 -103.077 -392.602 -174.807 31.1391 189.4 -174.732 -76.7617 -60.6511 
-174.639 5.51569 -137.109 -174.515 -46.1763 164.184 -174.468 -101.436 14.3869 
-174.411 33.2695 -353.476 -174.356 -106.411 -373.403 -174.22 75.4985 -55.7868 
-174.098 38.7237 -103.521 -174.089 -61.3044 -105.536 -173.927 24.2714 -216.249 
-173.725 114.643 49.6002 -173.616 25.6477 -234.156 -173.591 -58.2494 -139.811 
-173.557 -33.433 175.962 -173.5 -58.1596 -121.718 -173.386 4.98467 -154.797 
-172.93 22.6312 -198.309 -172.768 -18.1448 185.994 -172.727 -90.52 -33.1226 
-172.498 -87.8644 -295.152 -172.45 -73.4636 -167.116 -172.354 27.2642 -252.341 
-172.321 21.0501 -128.396 -172.248 37.8154 -370.306 -172.058 -88.1085 -194.69 
-172.029 -76.0985 -78.4006 -171.656 114.572 31.5684 -171.514 87.3686 149.195 
-171.476 -23.3797 -393.837 -171.276 75.6994 164.221 -171.113 8.47563 -391.235 
-171.003 21.0982 -180.781 -170.992 -91.2639 -277.35 -170.951 29.6519 -270.867 
-170.857 -95.0036 -259.479 -170.721 -107.147 45.4381 -170.685 -97.5105 -324.725 
-170.682 -98.412 -241.462 -170.653 97.8633 133.158 -170.601 93.7042 -30.4591 
-170.465 53.6216 -96.3168 -170.436 -55.3413 -394.322 -170.42 -73.7818 -149.549 
-170.4 -103.448 63.2698 -170.075 -75.1163 -96.1392 -169.963 -103.724 -5.04035 
-169.763 -90.416 -51.0491 -169.731 32.6515 -288.89 -169.627 71.4741 -72.4785 
-169.608 -1.28952 192.351 -169.595 -110.196 26.9069 -169.52 19.8303 -145.805 
-169.499 62.4494 177.813 -169.485 -107.421 -354.769 -169.402 -100.72 -223.246 
-169.245 -73.9761 -131.883 -169.233 -74.2923 -113.899 -169.162 19.8576 -163.331 
-169.079 36.16 -120.09 -169.02 36.485 -306.581 -168.969 -97.6772 80.4345 
-168.876 -88.6351 -176.906 -168.546 112.555 13.793 -168.511 106.617 116.116 
-168.485 40.8682 -324.106 -167.556 -90.8296 97.1241 -166.961 45.4109 -341.527 
-166.918 -103.976 -23.4829 -166.915 -102.343 -205.055 -166.905 -89.7219 -68.9973 
-166.715 -99.9096 -306.952 -166.08 -82.8981 113.034 -166.066 -88.8335 -159.281 
-165.952 89.2188 -47.2953 -165.71 41.0401 -385.976 -165.672 113.098 98.2409 
-165.489 48.0201 189.341 -165.317 37.0252 -206.948 -165.158 38.1349 -224.522 
-165.073 50.1912 -358.442 -164.978 67.711 -89.0687 -164.978 15.7849 196.058 
-164.975 34.3223 -137.13 -164.917 50.5177 -112.518 -164.864 -71.0914 -395.848 
-164.772 109.57 -3.71417 -164.538 -109.287 -336.684 -164.537 35.6415 -189.187 
-164.514 -88.9586 -87.1252 -164.414 -74.7557 128.617 -164.375 -88.8926 -141.543 
-164.312 -103.08 -289.045 -164.031 39.0719 -241.41 -164.01 -103.197 -186.974 
-163.862 -103.796 -41.5684 -163.754 -102.215 -393.982 -163.483 -106.899 -271.035 
-163.271 -88.6083 -105.395 -163.216 -88.7129 -123.778 -163.214 34.3044 -171.744 
-163.13 -110.57 -252.818 -163.069 -38.9711 -395.735 -163.042 -117.215 22.3766 
-162.973 -7.3346 -394.911 -162.952 117.721 79.6488 -162.87 33.6482 -154.352 
-162.845 -116.193 -387.067 -162.572 40.8652 -259.031 -162.407 -117.346 4.58352 
-162.302 -65.6405 143.804 -162.198 -113.549 -234.383 -161.86 -119.203 -367.419 
-161.762 85.1065 -64.3121 -161.709 54.5418 -374.184 -161.223 -116.513 39.2545 
-161.133 24.5363 -393.155 -161.073 43.3841 -276.983 -160.962 -103.469 -169.07 
-160.853 -103.209 -59.7076 -160.747 120.257 61.1047 -160.474 105.732 -20.9284 
-160.29 -117.375 -13.7182 -160.25 -115.572 -215.866 -160.222 47.0071 -294.599 
-160.032 -54.9908 158.284 -160.006 -111.334 -318.936 -159.988 64.1758 -105.481 
-159.9 48.1733 -128.909 -159.367 51.4762 -312.095 -159.122 -113.264 56.2943 
-158.66 -42.61 171.107 -158.527 32.8085 198.072 -158.519 121.065 42.793 
-158.437 -103.411 -151.25 -158.111 56.1996 -329.451 -157.906 -102.517 -78.22 
-157.763 81.203 -81.3098 -157.665 -86.3609 -396.765 -157.469 -29.2149 182.628 
-157.435 -116.907 -32.0078 -157.343 89.301 160.125 -157.328 -116.659 -197.494 
-157.086 -108.195 73.3672 -157.038 -120.623 -348.761 -156.833 -114.148 -301.128 
-156.774 99.8986 144.323 -156.664 77.2877 174.784 -156.479 -103.103 -133.541 
-156.281 61.6375 -346.788 -156.259 47.0833 -145.567 -156.027 101.435 -37.9851 
-156.012 -102.286 -96.8372 -155.976 120.621 24.6978 -155.568 -102.602 -115.45 
-155.479 -14.413 192.227 -155.402 48.7831 -197.707 -155.304 56.8062 -387.715 
-155.188 108.553 127.474 -155.175 49.6533 -215.4 -155.123 -117.795 -282.997 
-155.115 -54.7833 -396.286 -154.996 47.7923 -180.095 -154.85 -121.958 -264.769 
-154.794 47.0539 -162.662 -154.589 -101.246 89.8435 -154.486 60.8863 -121.565 
-154.36 -117.398 -179.24 -154.283 -23.2973 -396.362 -154.181 50.1534 -231.62 
-154.141 63.6317 187.439 -153.96 -125.542 -246.173 -153.815 -116.12 -50.3971 
-153.453 7.877 -395.867 -153.445 77.1786 -98.0867 -153.033 66.9964 -364.333 
-152.84 51.0503 -247.809 -152.791 118.841 6.83789 -152.676 -101.353 -395.362 
-152.509 115.543 109.698 -152.337 1.48792 198.467 -152.301 -93.0737 105.806 
-152.211 -122.388 -331.141 -152.034 97.4462 -55.2467 -151.944 -128.168 -227.011 
-151.698 -129.125 14.2487 -151.577 -130.18 -3.89376 -151.375 -117.537 -161.283 
-151.338 53.0952 -265.075 -151.044 -126.877 -379.434 -150.778 -115.569 -69.1596 
-150.538 -126.872 32.0277 -150.445 39.7864 -394.583 -150.01 -84.0793 121.248 
-149.972 56.2185 -282.636 -149.754 120.937 91.442 -149.649 -129.568 -22.1954 
-149.565 48.9622 198.142 -149.272 60.2269 -136.981 -149.265 -129.751 -208.108 
-149.159 116.164 -10.836 -149.088 60.6861 -300.067 -148.965 -117.237 -143.468 
-148.534 -124.887 -313.42 -148.486 72.9862 -114.503 -148.46 93.5342 -72.6638 
-148.356 17.6432 203.128 -148.289 -70.6601 -396.396 -148.131 -130.364 -361.286 
-148.122 -123.112 49.2273 -148.019 -115.729 -88.39 -147.935 65.6492 -317.458 
-147.804 -74.3458 136.208 -147.31 -116.695 -125.606 -147.269 124.734 72.8568 
-146.802 -116.115 -107.27 -146.617 -128.17 -40.6282 -146.247 -39.4413 -396.579 
-146.245 71.1433 -334.498 -146.152 -128.149 -295.517 -146.141 -130.555 -189.63 
-145.971 72.3586 -387.436 -145.901 -115.399 -392.632 -145.831 59.7674 -153.374 
-145.624 -63.5875 150.672 -145.336 -132.273 -277.193 -145.215 -8.50235 -396.539 
-145.073 -117.431 65.8448 -144.975 126.58 54.3336 -144.966 112.205 -28.1335 
-144.72 -136.477 -258.894 -144.59 89.4041 -89.8067 -144.541 59.3328 -170.813 
-144.452 59.6891 -188.519 -144.031 60.0891 -206.397 -143.75 76.79 -351.533 
-143.629 -51.6335 164.147 -143.372 -127.202 -59.4403 -143.355 -132.814 -343.836 
-143.121 22.63 -395.966 -143.047 60.3746 -223.645 -143.034 -131.202 -171.442 
-142.811 -139.712 -239.024 -142.613 127.038 35.9645 -142.462 90.387 170.477 
-142.283 33.6545 205.595 -142.217 -110.861 82.335 -142.145 101.103 154.957 
-141.907 -39.5034 176.415 -141.798 60.4605 -237.25 -141.341 -86.1417 -395.661 
-141.322 77.8789 184.421 -141.085 108.264 -45.5861 -140.774 110.149 138.385 
-140.491 84.7389 -106.756 -140.479 -131.039 -153.545 -140.251 61.5894 -253.342 
-140.155 54.7955 -395.868 -140.1 -142.028 -218.856 -140.017 -140.574 5.98231 
-139.88 -26.0899 187.644 -139.878 126.264 17.8034 -139.86 -141.376 -12.3366 
-139.674 -126.987 -387.633 -139.63 82.4225 -369.29 -139.282 -102.939 98.3257 
-139.091 -135.236 -326.491 -138.7 -55.6459 -396.443 -138.675 -137.741 23.9303 
-138.673 64.0165 -270.633 -138.635 117.382 121.002 -138.571 -130.458 -135.628 
-138.474 -129.531 -80.6375 -138.253 63.7978 196.26 -138.111 -140.151 -30.8509 
-137.778 -136.354 -373.127 -137.52 104.418 -63.2141 -137.513 -11.6503 197.409 
-137.395 -129.939 -117.638 -137.391 -129.72 -99.302 -137.382 67.9073 -288.138 
-137.066 -24.7967 -396.659 -136.998 -143.282 -199.909 -136.675 79.4272 -124.005 
-136.637 124.47 -0.147496 -136.526 -93.9402 113.811 -136.383 73.2188 -305.439 
-136.313 -138.355 -308.716 -136.214 -134.423 -65.8281 -136.205 -133.177 41.2961 
-136.122 123.31 103.06 -135.929 -138.271 -49.3013 -135.224 6.11956 -396.709 
-135.178 -101.778 -394.076 -135.156 -142.063 -290.415 -135.031 3.40132 204.848 
-134.988 73.4653 -142.98 -134.918 78.9664 -322.244 -134.651 -146.142 -272.164 
-133.984 100.337 -80.755 -133.948 -143.937 -181.462 -133.866 -84.0778 128.787 
-133.773 -141.427 -357.048 -133.582 -149.944 -254.245 -133.563 127.936 84.6387 
-133.37 70.7497 -161.048 -133.241 48.9525 205.793 -133.1 -127.188 58.0808 
-132.986 121.438 -17.8565 -132.874 86.3562 -386.657 -132.802 84.5311 -338.548 
-132.669 69.8941 -179.036 -132.562 37.0342 -396.516 -131.935 18.6911 209.856 
-131.89 69.4973 -197.063 -131.396 -73.4543 143.335 -131.378 -71.6484 -395.519 
-131.281 -144.16 -163.367 -131.148 130.777 66.0511 -130.751 69.197 -215.347 
-130.5 -153.397 -229.992 -130.256 95.8485 -97.985 -129.881 -120.227 74.4721 
-129.794 89.785 -354.708 -129.641 69.195 -396.098 -129.62 -118.832 -392.269 
-129.231 -41.0262 -396.555 -129.225 -143.61 -145.439 -129.138 117.504 -35.4258 
-129.081 -61.8205 157.26 -129.071 -144.9 -340.33 -128.827 132.288 47.5031 
-128.393 68.9662 -238.949 -127.645 -142.958 -127.497 -127.635 -151.008 -2.49425 
-127.407 -155.153 -210.227 -127.288 -150.857 -21.0587 -127.279 -10.372 -396.689 
-127.078 101.315 165.097 -127.032 90.1097 179.972 -126.858 -142.757 -91.4581 
-126.829 -142.602 -109.506 -126.763 -49.7747 170.11 -126.709 -112.465 90.5622 
-126.512 -143.549 -73.8213 -126.463 70.637 -258.653 -126.44 90.7412 -115.051 
-126.385 -148.37 15.5972 -126.371 132.403 29.0849 -126.335 33.8117 212.489 
-126.313 -136.591 -384.887 -126.011 -149.147 -39.5888 -125.995 110.637 148.968 
-125.569 113.653 -53.2138 -125.492 77.2716 193.266 -125.451 -146.593 -57.2988 
-125.333 -148.468 -323.32 -125.157 95.2592 -371.054 -124.915 20.3428 -396.63 
-124.883 73.7719 -276.216 -124.773 -87.7942 -394.319 -124.555 -156.077 -191.603 
-124.313 -155.194 -285.228 -124.285 -37.1193 182.173 -124.063 118.395 131.979 
-123.833 -143.454 33.054 -123.823 -152.055 -305.062 -123.598 -159.222 -267.882 
-123.593 -103.68 106.217 -123.509 131.373 10.8311 -123.499 78.5324 -293.641 
-123.452 85.9667 -132.713 -122.606 -146.406 -370.453 -122.198 63.1617 204.616 
-122.156 84.6066 -310.678 -122.123 -162.592 -251.599 -122.091 109.749 -71.0406 
-122.031 51.2077 -396.653 -121.847 124.683 114.378 -121.757 -156.576 -173.118 
-121.655 -23.5862 193.639 -121.548 81.9462 -150.987 -121.543 -57.3027 -395.854 
-120.639 -94.2281 121.522 -120.605 -136.912 49.8341 -120.345 90.5367 -326.85 
-120.251 -164.818 -236.824 -120.222 79.4847 -169.238 -120.141 128.967 -7.16297 
-119.561 130.016 96.285 -119.5 -156.364 -155.046 -119.429 -26.7285 -396.608 
-119.126 -104.804 -393.634 -119.098 78.0453 -187.419 -118.757 -152.648 -354.445 
-118.695 -9.64494 204.376 -118.577 105.484 -88.5936 -118.256 99.1153 -386.295 
-118.18 82.0661 -395.645 -118.18 18.9172 215.751 -117.902 -155.787 -137.094 
-117.878 95.3981 -341.682 -117.822 -166.502 -220.507 -117.789 76.9997 -205.729 
-117.721 -83.7407 136.154 -117.301 -129.673 66.2863 -117.158 133.688 77.7972 
-117.143 3.84536 -396.696 -117.045 48.4295 213.63 -116.59 -155.052 -119.114 
-116.554 125.393 -24.9078 -115.795 75.8499 -225.072 -115.605 -154.404 -101.184 
-115.466 -162.42 -296.542 -115.25 -154.334 -83.1987 -115.036 -72.5544 150.385 
-114.985 100.626 -105.81 -114.929 -167.681 -202.287 -114.721 135.969 59.1314 
-114.654 -122.671 -392.505 -114.486 -73.7754 -394.295 -114.431 34.3127 -396.699 
-114.418 -159.577 -11.419 -114.362 -156.924 -337.873 -114.352 100.451 -356.699 
-114.195 -158.683 -30.0261 -114.143 -154.844 -65.7027 -113.896 -121.404 82.2209 
-113.701 4.63033 214.656 -113.698 -156.721 -48.226 -113.675 -167.604 -280.071 
-113.512 -158.147 6.99147 -113.51 -129.873 -391.346 -113.482 75.9919 -246.191 
-113.014 121.529 -42.7662 -112.458 -60.6877 163.969 -112.274 136.936 40.6236 
-112.159 -171.888 -263.529 -112.051 -168.356 -183.049 -111.763 95.906 -123.222 
-111.727 -43.131 -396.024 -111.662 78.2091 -264.394 -111.531 100.207 174.549 
-111.24 64.8438 -396.646 -111.178 88.5849 188.644 -111.039 -161.811 -321.491 
-110.937 -153.363 24.6699 -110.671 -112.741 98.0735 -110.632 109.898 158.982 
-110.577 33.4821 219.934 -110.436 -146.24 -383.123 -110.272 -175.115 -247.364 
-110.094 82.2498 -281.918 -109.763 -48.3862 176.727 -109.649 -168.541 -164.331 
-109.593 136.208 22.1278 -109.492 117.73 -60.7762 -109.436 75.7246 201.344 
-109.372 -12.6382 -396.614 -109.189 91.7099 -141.038 -109.038 118.041 142.524 
-108.605 105.155 -372.473 -108.585 87.9878 -299.104 -108.397 -90.695 -393.786 
-107.939 -177.311 -231.233 -107.791 -168.264 -146.478 -107.779 -146.725 41.5691 
-107.761 -157.879 -369.676 -107.524 -103.617 113.646 -107.474 -168.294 -306.694 
-107.21 88.256 -159.126 -107.152 124.896 125.344 -106.972 -35.6671 189.179 
-106.813 17.7892 -396.698 -106.746 94.3787 -316.03 -106.559 134.309 3.92571 
-106.286 -167.318 -128.529 -106.227 92.3681 -393.872 -106.012 61.9511 212.392 
-105.932 113.693 -78.6964 -105.704 85.7073 -177.392 -105.301 -178.929 -214.152 
-105.049 130.537 107.576 -104.764 -166.004 -110.537 -104.51 -59.7318 -394.6 
-104.481 -93.7463 128.751 -104.392 -138.971 57.8784 -104.278 99.6097 -331.208 
-104.24 83.8219 -195.657 -104.126 -174.728 -291.82 -104.057 -22.3501 201.528 
-103.825 -163.452 -352.431 -103.698 48.0447 -396.706 -103.519 -107.425 -393.554 
-103.446 -164.833 -92.5589 -103.309 131.455 -14.0426 -103.263 19.5789 223.019 
-102.786 134.854 89.2947 -102.562 109.25 -96.2483 -102.379 81.964 -214.239 
-102.318 -164.157 -74.7607 -102.199 -179.906 -193.833 -102.106 -180.025 -275.429 
-101.977 103.508 -342.892 -101.746 -29.0567 -396.109 -101.497 -83.09 143.371 
-101.15 -164.072 -57.0678 -101.09 47.6048 221.368 -100.879 -130.382 73.7218 
-100.61 -164.924 -39.1334 -100.526 -8.60556 213.521 -100.408 137.75 70.7301 
-100.26 -168.562 -335.552 -100.256 -165.872 -20.6299 -100.098 -184.283 -259.092 
-100.084 80.5776 -233.628 -100.038 128.067 -32.0082 -99.8239 -123.372 -392.827 
-99.8224 77.6969 -396.317 -99.6178 105.573 -388.152 -99.4708 -180.229 -173.427 
-99.4655 -165.568 -2.04307 -99.3813 104.624 -113.701 -99.1461 1.30966 -396.635 
-98.7124 -71.8868 157.503 -97.9633 139.369 52.0953 -97.9253 81.3139 -252.598 
-97.7324 -187.148 -242.643 -97.6356 -76.8265 -393.784 -97.6222 108.573 -358.563 
-97.4528 -162.203 15.9575 -97.4383 -121.404 89.5021 -97.2761 -179.951 -155.472 
-97.1514 -174.326 -319.449 -96.8839 -140.098 -389.791 -96.5113 124.426 -50.1168 
-96.4567 100.052 -131.287 -96.1813 31.5284 -396.703 -96.1038 84.2481 -270.378 
-95.9684 -60.1174 171.079 -95.7248 97.8085 183.455 -95.3964 139.537 33.519 
-95.3921 -179.169 -137.809 -95.3052 86.2943 197.042 -95.1779 -189.247 -226.308 
-94.9432 107.77 168.47 -94.7285 6.34042 223.508 -94.5303 33.4809 226.585 
-94.4689 89.3604 -287.74 -94.3951 -45.7404 -394.811 -94.3426 -155.684 33.0277 
-94.2501 -112.243 105.164 -94.2242 -180.914 -303.866 -94.0171 -156.441 -383.3 
-94.0106 95.8895 -149.092 -93.8018 -177.568 -119.825 -93.6561 115.962 152.429 
-93.4453 73.4618 209.056 -93.1167 -47.8945 184.232 -92.8765 120.604 -68.2831 
-92.6974 61.4686 -396.677 -92.5476 138.09 15.1143 -92.5126 95.5555 -304.815 
-92.4981 -190.24 -209.582 -92.1295 123.309 135.761 -92.0662 -94.2805 -393.698 
-92.0256 92.2874 -167.128 -91.8928 -175.575 -101.805 -91.79 -186.973 -287.894 
-91.5041 -15.1791 -396.243 -91.3683 -168.182 -370.159 -91.1048 -148.033 49.4679 
-91.1039 -102.736 120.635 -90.7605 112.003 -374.688 -90.3937 -35.3844 197.38 
-90.2821 89.3544 -185.279 -90.1741 129.428 118.357 -90.1346 -173.632 -83.9911 
-89.9728 60.3052 219.386 -89.8615 102.018 -322.225 -89.7028 91.25 -395.695 
-89.6381 -192.242 -271.429 -89.5881 135.769 -2.95892 -89.4391 -173.692 -350.099 
-89.3897 116.551 -86.3036 -88.7332 -191.355 -181.531 -88.6318 15.1336 -396.657 
-88.4571 -171.95 -66.309 -88.3938 86.7968 -203.455 -88.1035 -92.7421 135.699 
-88.0619 134.182 100.376 -87.6693 21.9786 228.767 -87.6303 -139.073 65.1089 
-87.5094 -22.1552 210.722 -87.3601 -62.6957 -393.813 -87.2349 -111.795 -393.536 
-87.1227 -195.767 -254.75 -87.0653 -171.047 -48.4249 -86.5983 132.963 -21.0484 
-86.4676 -190.982 -164.237 -86.3077 112.185 -103.99 -86.2601 84.7608 -221.863 
-85.986 -179.329 -333.144 -85.953 -170.749 -30.2199 -85.7911 137.72 82.039 
-85.336 45.1939 -396.702 -85.2146 -82.2257 150.495 -85.209 109.261 -343.112 
-84.7286 -170.572 -11.7413 -84.4522 -198.325 -238.173 -84.1441 -189.995 -146.826 
-84.103 -31.6942 -395.114 -84.0758 -129.809 80.7388 -84.0369 45.3311 227.147 
-83.9884 83.5827 -240.495 -83.951 -7.30273 222.991 -83.4512 140.077 63.5084 
-83.3539 107.508 -121.549 -83.2745 129.639 -39.2147 -83.2085 -129.336 -392.287 
-83.031 -168.413 6.43814 -82.9121 -185.819 -316.992 -82.4261 -71.2302 164.873 
-82.3237 -188.558 -129.041 -81.8574 75.0632 -396.525 -81.8257 84.9574 -258.885 
-81.7008 -199.845 -221.691 -81.1313 106.007 -389.886 -81.0969 -1.30982 -396.284 
-81.0722 -80.3369 -393.709 -80.9727 140.829 44.9373 -80.7565 -120.427 96.2707 
-80.557 102.68 -139.119 -80.5457 -192.528 -300.78 -80.3928 -163.236 23.9702 
-80.2533 -186.188 -111.063 -80.0634 -176.874 -363.491 -80.0148 89.2177 -276.445 
-80.003 94.352 192.113 -79.8982 -147.241 -390.159 -79.8418 114.49 -360.8 
-79.64 83.0056 204.896 -79.6049 125.999 -57.4068 -79.5649 -59.777 178.705 
-79.2696 9.32482 230.527 -79.2679 104.381 177.585 -79.1798 -200.636 -205.629 
-78.3275 140.077 26.4364 -78.3053 -198.501 -284.15 -78.2319 97.9333 -156.877 
-78.1518 112.913 161.958 -78.0198 95.0644 -293.636 -77.897 28.9135 -396.676 
-77.8691 -183.222 -93.2312 -77.5874 70.8008 216.132 -77.5426 -110.907 111.958 
-77.282 -165.049 -386.691 -77.2634 -155.733 40.5377 -77.0589 -201.092 -189.489 
-76.9461 -48.4771 -393.899 -76.8018 120.199 145.579 -76.7203 -48.0643 192.363 
-76.2272 93.8491 -174.776 -75.9747 -203.177 -267.199 -75.7929 122.16 -75.7507 
-75.6013 -98.3078 -393.656 -75.5694 -180.042 -75.675 -75.5615 138.418 8.20651 
-75.4952 101.678 -310.822 -75.0863 126.681 128.59 -75.0612 -183.237 -347.287 
-74.9537 -200.979 -172.994 -74.6475 -36.9877 206.775 -74.5148 -101.278 127.419 
-74.4052 58.9391 -396.663 -74.2059 90.4619 -192.722 -74.126 57.8329 224.438 
-73.9461 -147.248 56.5221 -73.644 -17.7795 -395.239 -73.5805 -177.28 -58.1091 
-73.393 -206.48 -250.183 -73.3319 -29.119 215.341 -73.1118 131.871 110.961 
-72.8298 136.264 -9.9061 -72.8055 26.3068 231.215 -72.5592 -200.059 -155.916 
-72.548 -178.036 -375.199 -72.4096 117.986 -93.7959 -72.3387 115.6 -377.392 
-72.1462 87.6411 -210.752 -72.0164 -21.2502 223.908 -72.016 107.974 -328.149 
-71.9139 89.6249 -395.535 -71.8839 -175.386 -40.1649 -71.5891 -91.4844 142.748 
-71.4059 -189.502 -330.742 -71.0043 135.931 92.9244 -70.5806 -116.659 -393.085 
-70.5325 -208.399 -233.149 -70.5175 -137.728 71.8938 -70.4129 12.5774 -396.392 
-70.3393 -65.8367 -393.718 -70.2224 -174.238 -21.948 -70.1779 -198.212 -138.31 
-69.9699 85.897 -228.925 -69.8225 133.487 -28.1056 -69.4958 113.376 -111.522 
-68.7863 138.79 74.6379 -68.6928 -81.1459 157.707 -68.408 -196.494 -314.168 
-68.3443 -172.553 -3.78753 -68.3381 -5.05188 232.611 -67.9715 -195.906 -120.424 
-67.7045 85.4313 -247.186 -67.6171 -209.214 -215.984 -67.4171 113.967 -346.265 
-67.2 -128.305 87.4911 -67.0371 43.5304 229.471 -67.0305 42.7672 -396.658 
-66.7387 108.293 -129.003 -66.4606 140.3 56.2012 -66.3753 -34.2763 -394.034 
-66.2869 130.083 -46.35 -66.2406 -135.341 -391.377 -66.2149 -203.302 -297.136 
-66.0112 -168.676 14.0173 -65.7785 -70.3604 172.212 -65.5324 87.9376 -265.273 
-65.4628 -192.634 -102.562 -64.9968 -209.632 -199.158 -64.8917 -185.437 -360.991 
-64.3323 -83.9075 -393.686 -64.2923 89.8981 200.376 -64.1376 78.5277 212.549 
-64.1243 102.817 -146.521 -63.9678 140.293 37.8085 -63.9561 -118.774 103.024 
-63.9398 -208.71 -279.686 -63.8155 73.1335 -396.506 -63.6473 99.9931 186.401 
-63.4914 93.4543 -282.513 -63.1051 -162.124 31.0095 -62.9738 -59.5102 186.614 
-62.9349 -3.74001 -395.319 -62.7745 66.1534 222.127 -62.6985 -154.136 -389.975 
-62.6918 -188.424 -85.0437 -62.6304 104.854 -390.828 -62.6047 -209.583 -182.308 
-62.5993 12.3822 234.325 -62.5935 108.808 171.167 -62.0516 97.5372 -164.272 
-61.8818 126.17 -64.959 -61.3912 117.684 -363.544 -61.3832 -212.768 -262.307 
-61.3674 139.416 19.4855 -61.327 116.324 155.055 -61.136 -50.2415 202.036 
-61.1044 99.7952 -299.723 -61.0608 -42.2894 217.519 -60.8055 -109.28 118.739 
-60.2515 -32.8865 229.385 -60.1873 -208.946 -165.277 -60.0871 -183.963 -67.7381 
-60.0317 93.1965 -182.028 -59.9219 -153.889 47.1793 -59.8935 -192.328 -344.691 
-59.8606 122.639 138.3 -59.612 26.4998 -396.532 -59.558 -51.2791 -393.726 
-59.3686 -171.902 -385.733 -58.7514 137.874 1.32249 -58.6258 -215.622 -244.876 
-58.4312 -103.328 -393.435 -58.0109 128.112 121.053 -57.9339 89.8369 -199.876 
-57.9148 -180.172 -50.3044 -57.8324 106.294 -316.61 -57.7831 -99.7733 134.344 
-57.7826 121.921 -83.4312 -57.5842 -207.071 -147.845 -57.0233 29.2828 232.442 
-56.6685 -144.894 62.9415 -56.2173 56.858 -396.5 -56.1966 -18.4362 234.855 
-56.1763 135.52 -16.7522 -56.0761 132.499 103.337 -55.9642 -177.567 -32.4563 
-55.9323 -199.08 -327.918 -55.8097 87.1059 -217.813 -55.6229 -216.928 -227.263 
-55.6019 -20.183 -394.188 -55.0053 -204.361 -130.064 -54.951 117.391 -101.278 
-54.8194 -89.9878 149.787 -54.1565 -185.057 -374.152 -54.0352 135.893 85.3613 
-53.9572 112.129 -332.996 -53.7925 -175.258 -14.5135 -53.7757 87.9378 -395.554 
-53.6584 85.9834 -235.864 -53.4456 -135.552 78.5289 -53.3863 115.388 -379.867 
-53.3661 132.726 -34.8438 -53.3411 -206.199 -310.312 -53.3354 -122.56 -392.016 
-53.29 -68.6577 -393.697 -52.5949 -216.982 -209.762 -52.4625 -201.07 -112.182 
-52.4351 112.489 -118.803 -52.1353 10.2791 -395.557 -51.9205 45.8523 230.067 
-51.8873 -79.8408 164.873 -51.8259 137.982 67.1808 -51.5084 -212.456 -292.136 
-51.3893 86.7273 -253.97 -51.3677 -171.571 3.21247 -50.9615 -1.59293 237.019 
-50.2716 -126.427 94.3175 -50.2255 129.3 -53.0796 -49.9397 106.798 -136.123 
-49.798 -216.964 -192.437 -49.6071 -196.516 -94.5897 -49.5142 138.861 48.9263 
-49.2642 59.9343 227.098 -49.1455 -141.754 -390.722 -49.1447 116.814 -349.866 
-49.1172 90.5854 -271.676 -49.0561 -217.375 -274.279 -48.9814 73.3816 220.133 
-48.8893 -69.4894 179.811 -48.7634 40.5925 -396.331 -48.7078 -166.4 20.6066 
-48.6004 -36.9012 -393.754 -48.5387 85.0987 208.928 -48.4653 -193.313 -358.656 
-48.2735 -48.6798 230.212 -47.8778 95.1407 195.044 -47.6601 100.819 -153.683 
-47.533 -56.6649 214.08 -47.1053 -117.087 110.012 -47.0745 138.638 30.6926 
-47.0131 -215.963 -175.227 -46.9956 -61.6523 196.301 -46.925 103.889 180.062 
-46.8174 97.1238 -288.693 -46.671 -191.149 -77.3707 -46.6276 -89.0861 -393.557 
-46.0148 -220.667 -256.565 -45.732 95.2781 -171.298 -45.7307 15.822 235.715 
-45.7101 71.35 -395.976 -45.6939 -159.034 37.1892 -45.6815 111.559 164.204 
-45.3846 -160.869 -389.26 -44.753 -6.07797 -394.263 -44.5868 137.652 12.5383 
-44.3464 -214.533 -157.764 -44.3046 117.991 147.686 -44.1485 102.539 -390.845 
-44.1003 -185.743 -60.3295 -43.9751 -107.662 125.675 -43.7932 90.7721 -188.972 
-43.7272 103.703 -305.806 -43.6859 -32.3821 235.916 -43.4073 -200.197 -341.926 
-42.8947 -222.603 -238.833 -42.8213 123.392 130.672 -42.8058 118.643 -366.992 
-42.5912 -150.376 53.1234 -42.2 135.96 -5.48087 -42.1018 -53.8772 -393.704 
-41.8365 -179.932 -385.371 -41.7822 -181.038 -43.0331 -41.6911 87.6024 -206.821 
-41.6062 -211.75 -140.074 -41.3803 124.462 -73.6042 -41.2997 24.3537 -395.632 
-41.0686 33.1853 233.115 -41.0057 127.988 113.343 -40.9375 -98.1704 141.33 
-40.6333 -109.864 -392.691 -40.0012 109.804 -322.108 -39.9533 133.569 -23.3589 
-39.8243 119.706 -90.8939 -39.7702 -223.196 -221.061 -39.6516 127.93 -57.4524 
-39.5487 85.586 -224.782 -39.4945 -141.543 68.9576 -39.4835 -177.08 -25.5065 
-39.0749 131.859 95.7084 -38.9625 -207.005 -325.053 -38.879 -208.137 -122.256 
-38.4088 -15.1864 236.846 -38.1834 130.768 -41.0373 -38.0491 54.9561 -395.651 
-37.9833 -88.3018 156.705 -37.6953 114.669 -108.31 -37.622 -22.6373 -393.792 
-37.4309 85.6045 -242.801 -37.3593 49.6177 230.608 -37.1039 134.664 77.8306 
-36.9513 -173.297 -7.95487 -36.9246 -219.85 -285.904 -36.7988 -192.734 -372.657 
-36.5922 -222.792 -203.365 -36.3725 -132.829 84.8786 -36.3654 -213.955 -307.155 
-36.1373 114.386 -336.822 -36.1094 -71.0342 -393.66 -36.1084 -128.721 -391.181 
-36.0496 -203.562 -104.595 -35.6186 85.9874 -394.11 -35.5649 109.081 -125.596 
-35.1427 -78.5238 172.193 -35.0718 66.0489 226.724 -35.0578 88.2363 -260.682 
-34.9647 136.13 59.7607 -34.5674 112.765 -383.085 -34.2973 -168.361 9.34193 
-33.8998 8.05908 -394.302 -33.6429 -222.094 -185.705 -33.51 -63.0738 227.191 
-33.5024 2.49941 236.67 -33.4921 79.6209 217.549 -33.4362 -223.369 -268.221 
-33.4288 102.683 -142.78 -33.2197 -123.869 100.709 -33.0716 -197.864 -87.2827 
-32.7481 -71.0424 189.118 -32.7243 136.53 41.6769 -32.6425 -67.7075 207.806 
-32.6363 93.4858 -278.089 -32.5877 -82.0125 -393.52 -32.1262 90.2065 204.115 
-32.012 -147.995 -390.339 -31.4922 -162.157 26.2771 -31.4696 96.6593 -160.37 
-31.2708 -200.436 -356.168 -31.0827 118.039 -353.075 -31.077 98.8421 189.026 
-30.8692 -39.4177 -393.707 -30.5788 -220.13 -168.269 -30.5379 38.622 -395.007 
-30.3633 136.003 23.6056 -30.2845 -191.554 -70.4031 -30.1732 -46.7041 234.402 
-30.0404 -114.756 116.441 -29.9298 106.448 173.26 -29.8546 100.408 -294.969 
-29.7657 -225.576 -250.549 -29.6023 91.1976 -177.954 -28.9913 20.3421 235.6 
-28.631 112.923 156.868 -28.4841 -154.464 42.6306 -28.1173 -167.325 -388.361 
-28.0331 134.873 5.66701 -27.9212 -97.6699 -392.974 -27.7623 -185.298 -53.5615 
-27.6369 -217.299 -150.661 -27.6126 69.5297 -394.441 -27.5953 87.0981 -195.725 
-27.2403 118.359 140.043 -26.9411 -105.602 132.144 -26.6663 -8.45707 -393.806 
-26.3883 -227.067 -232.746 -26.0745 106.841 -312.054 -25.9666 -220.226 -296.27 
-25.9424 133.16 -12.1423 -25.8777 -206.217 -339.082 -25.8027 99.964 -391.307 
-25.7179 122.982 122.941 -25.6857 -28.7084 235.844 -25.4778 -145.993 58.5818 
-25.459 84.8492 -213.723 -25.3268 -179.396 -36.573 -24.9612 37.9644 233.554 
-24.8354 -213.75 -132.877 -24.782 -55.9878 -393.699 -24.4603 130.557 -29.6652 
-24.4215 119.474 -371.255 -24.1471 -186.08 -383.617 -24.0727 124.366 -63.6638 
-24.0291 120.065 -80.4726 -23.9775 -95.9718 147.69 -23.9736 127.103 105.589 
-23.8676 127.682 -46.8267 -23.3262 84.0037 -231.759 -23.2655 -115.563 -391.765 
-23.078 22.2697 -394.19 -23.0365 -226.749 -214.898 -22.8108 -174.486 -19.3638 
-22.6105 115.293 -97.7145 -22.3898 -137.788 74.6668 -22.1398 130.332 87.9914 
-22.0804 -209.264 -115.123 -22.0553 112.149 -328.059 -21.8222 55.3176 230.57 
-21.2224 -86.3882 163.341 -21.1929 -224.25 -279.53 -21.0582 85.5279 -249.746 
-20.9773 -10.8878 236.232 -20.86 109.828 -114.935 -20.7664 -212.958 -322.834 
-20.1938 132.495 70.2202 -20.0971 -169.844 -2.06608 -19.9204 53.0903 -394.139 
-19.7657 -226.135 -197.067 -19.7011 -25.0684 -393.716 -19.66 -71.2374 -393.648 
-19.2563 71.9234 224.852 -19.2427 -129.464 90.7169 -19.2227 -203.559 -97.7323 
-19.1835 -199.115 -370.3 -19.134 103.63 -131.925 -18.9796 -134.531 -390.733 
-18.9614 -78.5941 180.165 -18.8716 114.919 -338.602 -18.6269 89.822 -267.35 
-18.1626 133.461 52.3392 -17.6725 -75.2869 198.849 -17.3691 -163.949 14.8733 
-17.3674 96.9422 -149.199 -17.3507 84.017 -393.679 -17.1938 -73.6212 219.587 
-17.0285 84.5013 213.446 -16.9272 -226.411 -262.153 -16.6728 -224.861 -179.279 
-16.4525 7.16693 236.092 -16.4028 -196.914 -80.8109 -16.1228 111.972 -386.406 
-16.0621 -121.096 106.734 -15.9426 133.562 34.3922 -15.8808 96.5846 -284.142 
-15.7463 5.77695 -393.8 -15.4497 -59.9728 231.191 -15.4392 91.6528 -166.927 
-15.3564 93.7539 198.701 -15.1907 -85.832 -393.4 -14.9691 -153.653 -389.721 
-14.8818 -218.942 -306.973 -14.4872 -157.106 31.4811 -14.0581 101.274 182.755 
-13.7861 -190.206 -64.0216 -13.7463 132.795 16.5623 -13.6161 -222.198 -161.608 
-13.4503 87.0277 -184.666 -13.4315 -205.257 -352.894 -13.303 -41.6715 -393.704 
-13.1337 119.008 -356.056 -12.9256 -227.889 -244.539 -12.8884 -112.512 122.636 
-12.797 107.809 166.332 -12.4927 103.253 -301.05 -12.3101 36.5939 -393.899 
-12.2035 25.401 235.532 -12.1267 -42.0485 233.919 -11.7775 131.334 -1.11496 
-11.477 -149.284 47.644 -11.4435 113.308 149.543 -11.3631 84.0768 -202.649 
-11.3016 -183.458 -47.2956 -10.8403 -173.301 -387.243 -10.6635 -218.576 -143.849 
-10.5675 -102.624 -392.431 -10.1195 129.339 -18.6333 -10.0824 117.992 132.502 
-9.87988 -103.01 138.143 -9.32738 67.5988 -393.857 -9.28003 -223.548 -290.813 
-9.27841 -228.442 -226.743 -9.1726 83.0109 -220.709 -9.03817 126.773 -35.9431 
-8.7859 -177.178 -30.4931 -8.65025 123.601 -52.9645 -8.58458 -10.8107 -393.717 
-8.51535 122.139 115.247 -8.48882 43.5894 234.092 -8.38935 -141.667 63.9251 
-8.15609 119.63 -70.0369 -8.09936 -23.9761 235.034 -8.02054 -210.574 -335.813 
-7.94228 109.446 -319.196 -7.88514 -214.091 -126.095 -7.68282 -57.8018 -393.693 
-7.3823 97.9357 -392.501 -7.26729 114.946 -87.1331 -7.02441 -93.1369 153.616 
-6.94901 83.72 -238.719 -6.87381 125.618 97.8258 -6.45257 -192.773 -381.882 
-6.13145 -120.912 -391.101 -6.07755 -171.372 -13.5562 -6.00041 109.582 -104.214 
-5.91226 120.065 -374.259 -5.83084 -228.032 -208.882 -5.62641 61.426 230.654 
-5.23395 -134.169 80.2523 -5.13931 -208.397 -108.62 -5.10046 128.451 80.2976 
-4.84978 20.0827 -393.759 -4.59958 86.5707 -256.494 -4.59565 103.47 -121.218 
-4.55034 -84.3332 169.864 -4.36708 -225.895 -273.732 -3.79401 -5.83916 235.133 
-3.32967 -165.518 3.35161 -3.20974 130.371 62.6918 -3.0076 97.6399 -138.395 
-2.96179 -79.4467 187.766 -2.82051 77.2437 222.739 -2.69163 -73.3888 -393.631 
-2.63131 -216.367 -319.101 -2.53246 -227.368 -190.994 -2.40813 -201.821 -91.528 
-2.04999 -126.613 96.5702 -1.97717 -78.7666 207.373 -1.96157 -139.647 -390.233 
-1.95811 92.4201 -273.469 -1.88157 -27.4614 -393.704 -1.5888 51.0619 -393.737 
-1.41656 115.871 -341.033 -1.20546 131.069 44.9638 -1.15541 92.5632 -156.083 
-0.886796 -202.616 -366.507 -0.487523 -159.32 20.1152 -0.25861 88.5545 209.188 
0.091966 -227.437 -256.315 0.198678 -71.4744 224.734 0.214257 -194.971 -74.666 
0.506382 12.4297 235.206 0.587654 -225.364 -173.147 0.837137 130.82 27.2315 
0.843596 88.1459 -173.833 1.01537 82.0172 -393.58 1.15019 -118.779 112.759 
1.15856 99.3532 -290.032 1.5808 96.6713 193.178 2.08589 -89.7793 -393.17 
2.09903 -158.519 -388.557 2.42696 111.739 -388.245 2.46077 3.45067 -393.713 
2.49051 -152.208 36.5118 2.66331 -54.8034 231.07 2.72873 -187.935 -57.9592 
2.77074 129.932 9.57825 2.84896 -221.109 -302.398 2.87052 84.5481 -191.679 
3.06814 103.29 176.534 3.56928 -222.263 -155.236 4.17156 -228.395 -238.71 
4.18591 -44.1074 -393.684 4.25117 -109.728 128.349 4.39062 109.128 159.621 
4.48437 128.526 -7.93868 4.58165 30.7906 234.9 4.64767 -208.356 -349.284 
4.98289 82.693 -209.682 5.08656 105.769 -307.078 5.11033 119.584 -358.786 
5.23091 -180.826 -41.3783 5.50206 -36.67 233.119 5.62044 -145.093 52.9085 
5.71973 114.195 142.515 5.84228 126.274 -25.3102 5.9948 34.4555 -393.714 
6.39235 -218.237 -137.362 6.49551 -178.489 -386.41 6.62399 -107.495 -391.653 
6.64192 123.435 -42.5411 7.1446 82.4719 -227.695 7.1501 120.165 -59.6812 
7.16752 118.445 125.273 7.20245 -99.5651 143.521 7.88774 -174.028 -24.8016 
7.97069 -228.607 -220.961 8.01796 -224.181 -285.442 8.09254 115.68 -76.9043 
8.17625 49.3151 233.897 8.74413 122.206 107.884 8.79157 -138.178 69.4097 
8.99877 65.6815 -393.683 9.08673 -212.803 -119.741 9.16674 110.785 -94.0658 
9.17191 -18.525 233.718 9.3813 84.1207 -245.499 9.4048 -13.2018 -393.704 
9.60061 -60.3892 -393.583 9.90009 -89.8154 159.131 10.047 -213.287 -331.911 
10.3621 105.512 -111.211 10.3889 125.526 90.4274 10.4395 111.954 -325.689 
10.6875 -167.933 -7.96217 10.9366 -125.799 -390.625 10.9586 67.2947 230.042 
11.1009 96.7004 -392.945 11.5386 -228.379 -203.062 11.6872 -196.266 -378.263 
11.6987 100.055 -128.441 11.7369 -206.374 -102.46 11.9052 88.6797 -262.75 
11.9675 -131.224 85.9092 12.0604 -82.241 175.951 12.1486 128.359 72.961 
12.6176 -79.4426 194.181 12.6247 120.556 -376.23 12.8027 -225.925 -268.185 
13.1997 95.4225 -145.973 13.2282 -0.325715 233.86 13.4051 17.7985 -393.707 
13.5245 -161.989 8.87357 13.8891 130.267 55.4206 13.9598 82.0476 219.869 
14.3133 -199.449 -85.5158 14.5413 -78.6381 213.065 14.6093 -76.8157 -393.176 
14.8109 -227.117 -185.145 14.8696 95.2928 -279.194 15.1237 -144.149 -389.421 
15.1296 91.0584 -163.526 15.1546 -124.035 102.32 15.3319 -217.934 -314.555 
15.7292 131.093 37.7399 15.8642 -30.0474 -393.695 16.4835 117.076 -344.028 
16.4996 -155.827 25.5995 16.53 91.7371 204.189 16.7083 48.9297 -393.68 
16.7803 -192.311 -68.7531 17.111 87.0629 -181.117 17.3172 -204.429 -362.444 
17.3443 -227.376 -250.78 17.3774 17.9985 233.899 17.5804 130.795 19.9984 
17.6438 -67.0081 226.601 17.854 -224.445 -167.111 18.3234 -116.017 118.312 
18.4549 102.005 -295.625 18.5581 99.7219 187.734 19.1725 84.1554 -198.822 
19.2504 -185.157 -52.1143 19.2914 129.866 2.36047 19.315 -94.1203 -391.937 
19.4029 80.3781 -393.488 19.414 -162.668 -387.888 19.6475 -149.488 42.2444 
19.7761 -48.8652 230.594 20.0667 106.381 170.731 20.5972 1.08956 -393.705 
20.605 -221.998 -297.422 20.7124 -220.811 -149.128 20.7809 128.356 -15.1524 
20.988 111.173 -389.294 21.2286 83.1501 -216.629 21.3757 -106.431 133.613 
21.3916 36.4812 233.871 21.4245 112.247 153.521 21.4743 -228.301 -233.151 
21.6584 -46.9285 -393.517 21.8675 125.87 -32.5685 21.8847 -177.703 -35.7134 
22.5853 122.974 -49.9343 22.6422 -30.69 232.413 22.7417 117.358 136.206 
22.7766 -209.65 -345.094 22.8323 -143.018 58.8325 23.0402 108.296 -312.673 
23.2734 83.6912 -234.285 23.2799 119.21 -67.3286 23.2876 120.644 -361.086 
23.4018 -216.094 -131.288 23.7363 -112.151 -390.953 24.0386 -182.41 -385.253 
24.1433 121.629 118.691 24.2127 114.796 -84.7111 24.3118 32.2191 -393.694 
24.3588 -96.1036 148.681 24.6795 -171.267 -19.0068 24.9194 54.9663 232.848 
25.1915 110.313 -102.107 25.3776 -228.554 -215.355 25.5074 -223.962 -280.189 
25.5851 86.2046 -251.669 25.7258 125.417 101.127 25.9922 -210.325 -113.704 
26.0084 -136.147 75.279 26.2636 -12.627 232.959 26.3215 105.096 -119.342 
27.0158 -63.6501 -393.024 27.0188 -77.847 198.561 27.1656 -86.586 164.38 
27.2786 63.6225 -393.504 27.374 -15.7611 -393.693 27.4305 128.827 83.5294 
27.5149 100.205 -136.668 27.5552 -165.69 -2.03655 27.9267 -214.02 -327.325 
27.9866 -130.305 -390.173 28.0893 72.4918 227.822 28.4649 91.4566 -268.494 
28.5191 -203.894 -96.4189 28.5493 113.632 -329.878 28.8812 -227.808 -197.381 
29.058 131.465 65.8376 29.1409 -129.117 91.69 29.1502 95.7592 -153.927 
29.566 95.1467 -392.948 29.8286 -197.563 -374.513 30.1992 -225.489 -262.871 
30.2601 5.58311 233.051 30.5157 -160.632 15.0581 30.6534 133.107 48.1066 
30.9397 -196.796 -79.5566 30.9875 91.4582 -171.173 31.0037 120.709 -377.94 
31.016 85.5527 214.998 31.703 15.4792 -393.692 31.7421 -75.87 217.101 
31.8845 -78.8934 182 31.9226 -80.7941 -391.858 31.9256 97.7511 -284.668 
32.0593 -225.747 -179.273 32.2578 -148.294 -388.828 32.3085 -121.614 107.909 
32.3203 133.618 30.3356 33.0519 87.8936 -188.411 33.1628 -218.325 -309.85 
33.3222 -189.299 -62.9961 33.4034 95.5775 199.218 33.6076 -155.164 31.979 
33.6193 -32.9575 -393.561 34.0033 133.021 12.5344 34.2861 24.0927 233.103 
34.3679 -60.0136 226.722 34.618 118.156 -346.437 34.7639 -227.011 -245.406 
34.998 -222.59 -161.163 35.046 46.7094 -393.486 35.1322 85.6157 -205.731 
35.1765 103.541 182.318 35.3033 -204.542 -358.09 35.4655 -112.935 123.548 
35.5331 131.919 -5.19848 35.8514 -182.419 -46.3396 35.9359 104.245 -300.892 
36.4778 110.593 165.039 36.501 -98.5331 -391.042 36.5438 -41.8438 230.132 
36.7483 130.143 -22.7982 36.7522 -166.485 -387.399 36.7709 -149.346 48.7812 
37.1553 85.0084 -223.173 37.6058 78.3879 -392.957 37.6772 127.412 -40.3993 
37.7362 -218.299 -143.199 37.833 116.709 147.625 38.1518 42.411 232.825 
38.2567 -221.505 -292.498 38.3358 123.914 -57.961 38.5995 -176.011 -29.6036 
38.6054 -102.875 138.515 38.7315 -1.35389 -393.657 38.9466 -227.913 -227.731 
39.1399 120.016 -75.5287 39.2137 122.042 130.061 39.2581 -50.1808 -392.905 
39.3454 85.6582 -240.435 39.4567 109.915 -390.094 39.6185 -24.1069 231.552 
39.9814 115.649 -93.0767 40.0519 -142.334 65.1092 40.3143 -213.087 -125.405 
40.5607 -209.158 -340.521 40.7407 126.592 112.309 40.787 -116.49 -390.511 
40.8934 110.807 -110.484 41.057 109.826 -317.019 41.4771 -170.704 -12.6063 
41.6777 121.503 -363.164 41.6777 -92.618 153.593 41.8228 106.022 -127.855 
41.8731 60.7177 231.488 41.962 88.5329 -257.492 42.0319 -184.671 -383.386 
42.4555 130.431 94.4958 42.4644 -73.4612 201.575 42.6563 29.9089 -393.466 
42.6642 -227.399 -209.748 42.8006 -207.258 -107.804 43.0609 101.184 -144.964 
43.0946 -223.333 -275.184 43.2151 -134.914 81.2758 43.3574 -6.02209 231.874 
44.1386 133.551 76.6122 44.416 -67.426 -391.93 44.4289 -166.302 4.6678 
44.5565 96.6606 -162.048 45.0681 -134.128 -389.525 45.1495 -82.7113 169.021 
45.1876 -200.574 -90.6642 45.2155 77.346 224.044 45.2915 93.638 -273.96 
45.348 -18.5279 -393.5 45.5304 -213.665 -322.415 45.5608 61.2382 -392.79 
45.661 135.718 58.6936 46.0056 -225.577 -191.654 46.411 -127.126 97.2927 
46.4874 92.6548 -178.584 46.6653 114.628 -332.669 47.1572 136.854 40.7604 
47.3248 12.0122 232.06 47.4824 -193.338 -73.9141 47.5277 -161.454 21.8045 
47.7574 92.931 -391.887 47.7899 -225.09 -257.838 47.8223 -197.296 -370.632 
47.8352 89.445 209.63 48.6937 -67.6051 218.937 48.7681 136.707 22.8433 
48.7687 89.497 -195.214 49.076 -222.776 -173.537 49.161 99.7879 -289.888 
49.2552 -84.9712 -390.983 49.3679 -151.718 -388.146 49.5775 120.644 -380.305 
49.6259 -118.663 113.002 49.7737 99.651 193.538 49.8732 -186.357 -57.2702 
49.915 13.0674 -393.335 50.3727 135.519 4.96598 50.4042 -50.798 226.087 
50.7263 -156.066 38.7583 50.7748 -73.4374 185.261 50.7837 -217.725 -305.075 
50.8859 87.5609 -212.203 51.2366 30.1719 232.038 51.2883 108.127 176.537 
51.3797 -36.1834 -393.099 51.7095 133.725 -12.8479 51.9441 -219.21 -155.431 
52.2009 -225.765 -240.18 52.4905 -180.244 -40.4428 52.6771 115.215 159.077 
52.7718 131.401 -30.6612 52.8671 -109.054 128.083 52.9363 118.741 -348.604 
53.0358 87.0585 -229.182 53.2148 -203.025 -353.407 53.3051 -33.9961 229.814 
53.4095 44.3422 -392.53 53.5329 128.318 -48.4653 53.6511 -102.718 -390.699 
53.6848 105.749 -305.218 54.0272 -169.38 -386.71 54.0819 -149.387 55.2467 
54.1102 121.417 141.475 54.2561 124.786 -66.2275 54.635 -214.81 -137.462 
54.9586 120.394 -83.8496 55.1249 48.299 231.137 55.3776 -175.087 -23.4309 
55.5506 87.9382 -246.175 55.6693 126.8 123.635 55.7426 115.636 -101.377 
55.8059 75.7801 -391.668 55.8191 -220.384 -287.786 56.0049 -98.8273 142.829 
56.1988 -225.497 -222.3 56.5044 110.931 -118.886 56.7365 -16.7139 230.575 
56.7785 -3.91713 -392.916 56.8369 -53.8544 -391.854 57.0875 -209.277 -119.71 
57.3351 -141.456 71.1742 57.3888 131.374 105.662 57.4022 105.961 -136.178 
57.7039 106.732 -388.606 57.8281 -65.9 201.927 57.9093 -207.472 -335.178 
58.0261 -120.095 -390.085 58.3314 -171.142 -6.09397 58.3821 101.284 -153.562 
58.6508 90.5717 -263.074 58.7004 65.6564 226.398 58.8245 110.645 -319.922 
59.1521 135.209 87.6323 59.4129 -203.041 -102.269 59.4316 -88.5381 157.654 
59.6094 -185.804 -380.308 59.6462 -223.94 -204.229 60.0845 96.8674 -170.023 
60.0999 121.581 -365.245 60.5398 -132.929 86.7944 60.5783 -222.051 -270.397 
60.6571 0.603161 230.71 60.8216 137.901 69.4911 60.8849 27.5039 -392.178 
61.4382 -167.169 11.2685 61.6665 -196.162 -85.2944 61.9051 -71.4955 -390.945 
62.0213 81.2809 218.038 62.2363 95.4326 -279.238 62.2643 -137.273 -388.868 
62.2866 139.326 51.387 62.2913 93.3105 -185.648 62.7314 -211.76 -317.475 
62.9035 -221.787 -186.105 63.2264 -21.5493 -392.731 63.2903 -77.766 172.061 
63.4088 -55.7337 216.509 63.7437 -123.801 102.079 63.773 139.676 33.3174 
63.912 -189.224 -68.587 63.9203 58.7658 -391.321 64.3143 93.4272 203.603 
64.5817 18.2219 230.517 64.5818 90.4852 -201.466 64.5931 114.778 -334.8 
64.6975 -162.129 28.3647 65.118 -222.586 -252.77 65.3677 138.691 15.2807 
65.4909 -195.285 -366.455 65.8507 -218.544 -167.992 65.8686 90.1041 -390.739 
66.0742 103.682 187.399 66.3806 -183.029 -51.8052 66.5355 -154.315 -387.631 
66.5933 101.142 -294.432 66.63 -89.0687 -390.74 66.8334 136.628 -2.71732 
66.9175 88.856 -218.254 66.9621 -114.438 117.223 67.39 -42.056 224.66 
67.5313 112.206 170.266 67.7676 117.634 -382.275 67.8258 -66.8006 186.327 
67.9549 -215.303 -300.371 67.9909 134.059 -20.6705 68.0202 10.6682 -391.753 
68.1014 -155.792 45.0093 68.372 35.9909 230.079 68.6432 -214.541 -149.962 
68.8675 130.969 -38.5929 68.9923 119.469 152.752 69.2064 -39.8045 -391.958 
69.2167 -178.093 -34.7799 69.2605 88.5211 -234.911 69.2654 -222.135 -234.919 
69.5536 127.85 -56.5856 70.2109 -104.449 131.96 70.233 123.77 -74.3546 
70.2508 -25.6474 229.264 70.5424 125.963 135.079 70.817 118.971 -91.95 
70.9541 -171.059 -385.503 71.0811 105.988 -307.82 71.1296 -106.419 -390.535 
71.1523 -209.436 -132.115 71.2055 118.095 -350.697 71.2904 -199.299 -349.704 
71.4128 -148.07 61.0657 71.4511 114.255 -109.532 71.7612 41.959 -391.1 
72.0787 89.491 -251.76 72.1048 109.369 -127.039 72.191 53.7829 228.308 
72.2182 -174.394 -17.4214 72.2243 131.403 117.027 72.7884 104.438 -144.685 
72.8314 -220.652 -216.892 72.9457 -217.326 -283.047 73.2224 -56.4275 200.428 
73.4851 -203.8 -114.465 73.494 -94.2079 146.492 73.9882 135.866 98.8637 
73.9931 -204.42 -329.426 74.1442 99.6391 -162.164 74.2663 73.212 -390.801 
74.6083 -9.59053 229.24 74.6531 -58.0299 -390.934 74.6908 -138.9 76.3467 
74.7941 -6.26952 -391.551 75.3728 -171.183 0.090765 75.429 -123.484 -389.614 
75.4434 91.8036 -268.254 75.6902 103.71 -388.876 75.7409 70.6391 222.753 
75.7497 -197.573 -97.158 75.7957 -184.458 -377.45 75.8054 139.367 80.5485 
76.0967 -218.396 -198.88 76.1618 109.909 -321.09 76.2009 95.5923 -179.052 
76.9552 -83.4468 160.624 77.4549 -217.798 -265.406 77.5308 141.23 62.1525 
77.8579 -129.347 91.4009 77.8987 -190.726 -80.3445 78.3615 120.329 -367.169 
78.4064 92.453 -193.44 78.5124 6.8987 229.517 78.5871 85.0791 211.721 
78.7219 -167.05 17.4324 78.7685 -45.6803 212.586 79.0425 141.834 43.8715 
79.1253 25.0903 -391.008 79.2123 -215.637 -180.844 79.3626 -207.82 -312.511 
79.4507 96.4994 -284.077 79.5271 -140.287 -388.311 79.6114 -75.7316 -390.72 
80.1799 -184.405 -63.5876 80.5699 141.095 25.7392 80.5731 90.365 -207.19 
80.6498 -71.8072 174.056 80.7511 97.3362 197.244 81.01 -119.54 106.268 
81.3534 -24.8972 -391.476 81.8225 -217.559 -247.617 81.8979 24.2799 228.537 
82.0439 -211.932 -162.863 82.1451 138.923 7.53361 82.1589 -161.162 34.2467 
82.4077 107.383 180.847 82.4507 56.4446 -390.77 82.5416 113.82 -336.711 
82.6988 -190.353 -363.108 82.7314 -32.0406 222.071 82.8885 -179.446 -46.6037 
83.0603 89.0587 -223.781 83.1207 -197.184 -339.466 83.2962 136.044 -10.5664 
83.902 116.01 163.71 83.9673 -156.887 -387.09 84.2109 -109.709 121.053 
84.2277 132.759 -28.5926 84.2335 87.3325 -390.537 84.2592 -93.1325 -390.66 
84.2693 -210.216 -295.421 84.288 101.429 -299.048 84.5702 -59.8174 186.932 
84.7366 -207.579 -144.932 84.9404 129.28 -46.6099 85.4283 123.556 146.204 
85.4463 -215.827 -229.687 85.538 -153.384 50.271 85.5683 125.472 -64.5075 
85.6603 88.9523 -240.46 85.685 41.5998 227.806 85.7674 116.007 -383.429 
85.9065 -175.994 -29.2741 86.0395 120.875 -82.2286 86.1153 8.60354 -390.882 
86.5639 116.055 -99.8635 87.048 111.036 -117.399 87.0578 130.147 128.288 
87.1005 -202.299 -127.238 87.4625 -99.4765 135.494 87.4735 105.759 -134.971 
87.5829 -44.7442 -390.949 88.3098 100.789 -152.842 88.5493 -110.329 -390.227 
88.6854 -18.125 224.949 88.7456 89.6473 -257.116 88.75 -144.415 65.6765 
88.754 -213.591 -211.747 88.7726 104.713 -310.609 88.8408 135.17 109.981 
88.9427 -47.8622 199.36 89.0863 -211.283 -278.011 89.132 -173.319 -11.7395 
89.361 -196.755 -109.716 89.4511 59.0373 225.758 89.4555 116.678 -352.958 
89.4635 -173.008 -382.322 89.8624 -199.035 -324.054 90.1147 96.3105 -171.34 
90.1643 39.6101 -390.757 90.5526 -181.278 -373.147 90.7569 138.91 91.5358 
90.7902 -88.7741 149.508 91.0398 -190.223 -349.01 91.58 -190.536 -92.6114 
91.8047 -210.772 -193.781 91.9389 -134.653 80.624 92.3888 -127.257 -388.984 
92.4405 92.236 -273.309 92.6235 -8.00897 -390.795 92.6711 -170.023 5.71551 
92.7003 141.583 72.9645 92.7257 75.2849 218.032 92.7583 -62.7773 -390.718 
92.8722 70.7085 -390.695 92.918 92.4179 -190.661 93.251 -35.4597 210.612 
93.2573 107.997 -322.17 93.4973 -210.943 -260.403 93.6984 -3.11714 226.249 
93.7276 100.933 -389.187 93.7677 -184.265 -75.7968 94.1831 -77.4893 162.971 
94.3796 142.691 54.4449 94.6725 -201.212 -307.509 94.7147 -207.38 -175.934 
95.0676 -124.769 95.5023 95.2184 89.1238 205.558 95.2773 -20.8932 220.285 
95.8612 -144.081 -387.732 95.9103 142.419 36.138 96.2529 -165.246 22.8399 
96.2679 -178.974 -58.8895 96.3657 117.011 -369.371 96.3914 89.1518 -211.805 
96.4001 13.0525 226.546 97.0466 96.1405 -289.191 97.1501 100.629 190.377 
97.383 140.716 17.865 97.3905 23.2405 -390.744 97.4332 -209.635 -242.662 
97.5195 -80.2784 -390.692 97.5216 -203.498 -158.054 97.5943 -65.368 175.641 
98.199 -114.663 110.174 98.668 137.714 -0.427531 98.807 110.735 174.026 
98.9365 -189.578 -335.025 99.1368 87.8364 -229.165 99.1742 -175.222 -41.7022 
99.3815 -202.978 -290.498 99.5346 -181.992 -360.279 99.5615 -157.942 39.1019 
99.6192 133.936 -18.5017 99.6294 29.9607 226.344 100.076 -198.983 -140.299 
100.344 129.951 -36.543 100.363 119.022 156.704 100.369 111.092 -339.309 
100.663 -207.156 -224.841 100.813 -32.1924 -390.779 100.872 125.952 -54.5153 
100.949 53.7902 -390.706 101.052 -52.5834 187.555 101.295 121.272 -72.2368 
101.405 -104.447 124.643 101.561 116.296 -89.8732 101.735 -97.5435 -390.501 
101.877 111.217 -107.443 101.994 126.131 138.927 102.022 87.1042 -246.023 
102.179 105.677 -124.874 102.46 -173.142 -24.2553 102.479 -193.949 -122.681 
102.656 100.505 -142.623 102.768 -149.031 54.5571 102.896 84.6316 -390.504 
102.955 112.022 -384.594 103.166 47.1016 225.906 103.68 101.023 -307.215 
103.697 -204.358 -206.975 103.756 132.204 120.78 103.761 96.0021 -161.088 
104.027 -202.824 -273.096 104.122 7.33694 -390.72 104.497 -190.864 -318.988 
104.547 -188.105 -105.46 104.582 -93.7075 138.573 104.665 -39.2786 198.824 
105.421 -114.77 -389.711 105.431 88.0269 -262.598 105.691 136.628 102.276 
105.845 -139.346 69.6059 105.993 92.1586 -179.753 106.187 -50.3552 -390.717 
106.191 -170.739 -6.81332 106.474 -174.605 -371.584 106.579 -201.196 -189.092 
106.719 64.0537 221.767 106.906 -182.393 -88.4405 107.017 -163.067 -383.195 
107.327 112.473 -355.948 107.335 -180.653 -345.964 107.762 139.813 83.651 
107.806 -82.6344 152.051 108.125 -201.611 -255.563 108.21 -25.2611 209.318 
108.289 -193.168 -302.692 108.546 37.4525 -390.709 108.586 -131.943 -388.229 
108.924 -129.342 84.4627 109.06 88.9007 -198.821 109.281 -176.929 -71.5549 
109.346 -197.496 -171.33 109.406 78.8593 211.471 109.561 90.4461 -278.673 
109.649 141.631 64.9748 109.977 -166.821 10.4478 110.049 -8.56552 -390.71 
110.889 104.449 -325.61 110.896 -10.3284 217.899 110.898 -67.7744 -390.701 
110.948 -148.661 -386.725 110.96 -70.7094 164.661 111.187 141.977 46.5395 
111.192 67.302 -390.614 111.64 -199.416 -237.922 111.678 91.8609 198.253 
112.003 -193.374 -153.622 112.013 -172.598 -54.5254 112.044 -119.22 99.1894 
112.328 86.5614 -217.408 112.494 4.24825 222.271 112.685 140.747 28.2404 
113.056 -193.95 -285.798 113.372 100.673 -388.059 113.488 111.189 -372.34 
113.549 103.178 183.03 113.631 -161.214 27.2313 113.673 -179.883 -330.156 
114.006 138.097 9.82045 114.086 -57.9785 176.449 114.191 15.7694 223.634 
114.367 -188.741 -136.018 114.548 93.6209 -294.475 114.685 -196.582 -220.221 
114.992 134.438 -8.39873 115.043 -169.885 -37.2775 115.073 -85.0224 -390.659 
115.094 -23.3464 -390.705 115.202 84.5556 -234.903 115.205 112.773 166.47 
115.207 -108.91 113.69 115.542 -172.856 -357.487 115.622 21.2767 -390.706 
115.667 129.965 -26.4289 116.155 125.351 -44.3704 116.432 120.551 -62.1209 
116.501 110.175 -97.2683 116.513 -183.386 -118.727 116.527 115.498 -79.7221 
116.537 104.434 -114.652 116.66 -152.61 42.9071 116.78 98.868 -132.168 
116.823 120.684 149.011 117.301 -44.617 187.569 117.315 35.1426 224.137 
117.359 -193.162 -202.502 117.383 93.7353 -149.994 117.475 -192.587 -268.416 
117.836 106.153 -342.673 118.274 83.4894 -252.013 118.354 -98.2801 127.783 
118.55 127.387 131.065 118.643 -168.115 -19.9882 118.764 -102.42 -390.22 
118.862 89.646 -168.427 118.99 -178.14 -101.598 119.079 50.7984 -390.643 
119.61 -142.995 58.0568 119.793 79.7091 -390.094 119.917 -184.318 -298.451 
119.937 -189.521 -184.801 119.952 -38.6643 -390.701 120.457 132.707 112.709 
120.632 52.3204 221.945 120.672 -30.5152 198.191 121.041 96.5295 -311.931 
121.146 -190.312 -250.916 121.462 -87.2419 141.292 121.514 -172.91 -84.6165 
121.54 86.504 -186.828 121.981 -119.901 -388.771 121.997 84.4551 -268.596 
122.144 5.10684 -390.703 122.37 -177.213 -312.313 122.434 -170.084 -342.094 
122.554 -164.872 -370.107 122.571 -133.07 73.021 122.6 136.242 94.0497 
122.645 -185.869 -167.034 122.801 -165.824 -2.73878 123.455 67.5251 214.969 
124.217 -15.3615 208.232 124.271 105.94 -359.546 124.305 -168.449 -67.6014 
124.453 -75.5918 153.996 124.453 -187.587 -233.382 124.572 -55.4075 -390.694 
124.655 -137.3 -386.643 124.687 138.137 75.3037 124.775 88.3476 -387.378 
124.818 84.1349 -205.345 125.068 -181.529 -149.501 125.144 -183.114 -281.351 
125.415 -153.217 -382.314 125.652 -123.026 87.8719 125.96 81.3302 204.196 
126.131 86.1885 -283.713 126.449 139.038 56.8405 126.69 34.7803 -390.683 
126.893 -161.991 14.337 127.101 -184.139 -215.819 127.114 -164.888 -50.5667 
127.301 -176.74 -132.157 127.302 -63.2576 165.724 127.737 98.1992 -329.389 
127.908 138.484 38.5409 127.968 2.34371 216.565 128.004 -10.867 -390.683 
128.027 82.0001 -223.536 128.035 93.8836 190.534 128.352 101.248 -376.061 
128.723 -72.6183 -390.671 128.813 63.9004 -390.138 128.816 -112.825 102.525 
129.163 136.394 20.2051 129.425 -180.785 -263.931 129.567 -180.389 -198.289 
129.636 -166.909 -324.949 129.853 -171.867 -115.008 129.905 105.013 175.237 
130.162 133.067 1.91186 130.212 -163.486 -33.5081 130.22 -50.3167 176.737 
130.239 -154.792 30.614 130.467 -161.786 -355.097 130.607 96.2137 -121.611 
130.673 90.2625 -138.916 130.816 102.178 -104.314 130.819 128.824 -16.1754 
130.956 79.5512 -241.26 130.988 87.8815 -298.81 131.154 -173.285 -294.373 
131.157 107.999 -86.985 131.342 124.007 -34.1818 131.456 22.2125 220.623 
131.456 118.642 -51.9003 131.464 113.557 -69.554 131.467 85.3674 -156.823 
131.544 113.846 158.442 131.958 -102.274 116.78 132.141 -176.765 -180.651 
132.297 -90.1299 -390.471 132.626 -167.045 -97.9665 132.896 -177.887 -246.457 
133.033 -145.324 45.9319 133.144 -26.721 -390.644 133.195 121.129 140.895 
133.427 -36.788 187.397 133.537 82.0036 -175.212 133.867 18.7364 -390.697 
134.067 98.0982 -346.501 134.417 78.5145 -258.986 134.462 -162.284 -16.4679 
134.649 -172.837 -163.102 134.719 40.8513 219.711 134.944 126.891 122.748 
135.016 -91.338 130.481 135.528 -108.032 -389.263 135.607 -162.632 -80.9284 
135.891 -135.528 61.0139 135.952 -174.626 -229.007 136.373 -170.924 -277.046 
136.707 79.8004 -193.641 136.756 76.4949 -387.401 136.809 -157.677 -338.346 
136.812 -163.624 -307.553 137.014 -22.2952 197.775 137.03 -153.791 -368.827 
137.078 131.105 104.144 137.095 -168.587 -145.652 137.158 48.3237 -390.415 
137.274 89.4645 -315.95 137.543 56.9484 215.032 137.926 -80.0553 143.3 
138.179 -43.2088 -390.593 138.531 -158.728 -63.9198 138.594 -126.056 -387.149 
138.622 -170.952 -211.54 138.998 -125.79 76.0963 139.137 -159.992 0.630634 
139.309 133.501 85.506 139.544 -163.964 -128.477 139.546 95.8786 -363.282 
139.694 78.9586 -281.245 139.846 69.1766 207.703 139.982 -142.212 -380.241 
140.212 77.8799 -211.895 140.333 2.32056 -390.681 140.607 -68.5039 154.963 
140.688 -168.098 -259.604 140.792 -6.25906 207.19 141.065 -167.113 -194.076 
141.099 88.4282 -378.193 141.295 -156.064 -47.0324 141.347 134.599 66.9942 
142.181 -115.783 90.9587 142.19 82.622 196.257 142.474 -159.482 -111.447 
142.552 -60.3577 -390.592 142.556 -160.76 -290.266 142.894 134.474 48.7032 
142.961 -154.597 17.3993 142.979 -153.9 -320.985 143.294 75.3107 -229.958 
143.368 -56.4645 165.979 143.374 80.2077 -145.567 143.451 -163.204 -176.643 
143.562 89.4831 -333.225 143.644 86.2974 -128.162 144.12 132.915 30.4454 
144.198 -164.926 -242.177 144.215 95.0195 182.269 144.267 92.759 -111.13 
144.43 -149.845 -352.263 144.579 75.8585 -163.589 144.667 11.2943 213.976 
144.915 32.3856 -390.552 144.945 -156.107 -30.3615 144.951 98.8141 -93.9088 
145.094 130.068 12.2268 145.388 -105.471 105.468 145.541 104.605 -76.5369 
145.708 125.989 -5.81443 145.77 -155.273 -94.3734 145.858 -159.104 -159.226 
145.942 -146.217 33.2229 145.997 -77.8572 -390.447 146.025 110.322 -59.138 
146.031 105.451 166.742 146.09 121.164 -23.7543 146.154 115.821 -41.5367 
146.191 80.0398 -302.291 146.255 -14.1781 -390.553 146.389 72.9091 -248.145 
146.441 -43.6233 176.896 146.919 62.1919 -388.406 147.208 -161.337 -224.774 
147.496 -157.815 -272.857 147.533 113.291 149.702 147.617 73.3896 -181.855 
148.021 29.5625 215.592 148.346 -154.809 -141.961 148.429 -94.6922 119.437 
148.697 -136.575 48.4781 148.748 -150.498 -303.638 148.901 -96.0991 -389.761 
148.936 -151.055 -77.3316 149.203 119.785 132.179 149.42 88.0505 -350.246 
149.7 -157.304 -207.415 149.942 -155.026 -13.5227 149.993 -29.826 187.655 
150.107 -144.888 -334.896 150.127 71.3663 -267.322 151.132 124.496 113.927 
151.24 -150.448 -124.91 151.276 71.5379 -200.062 151.297 -83.5982 132.461 
151.465 -31.0236 -390.289 151.608 -147.445 -60.4755 151.627 -142.267 -366.598 
151.632 48.3986 211.878 151.837 -114.527 -387.765 151.874 -127.079 63.6957 
151.912 -154.889 -255.437 151.954 15.8824 -390.57 152.03 -153.383 -189.991 
152.413 79.9679 -319.791 153.338 75.2233 -380.402 153.446 127.569 95.4621 
153.556 83.9918 -366.708 153.596 -147.189 -44.2395 153.792 -15.0392 197.807 
153.854 -147.201 -286.197 153.929 -73.2974 144.123 154.103 -151.228 3.28552 
154.222 -149.174 -172.691 154.413 -146.216 -107.848 154.74 69.3863 -218.231 
154.873 70.408 -287.954 154.915 -132.11 -381.282 154.968 69.0072 -151.929 
155.165 -117.458 78.8335 155.181 74.7469 -134.36 155.192 -140.429 -317.29 
155.438 46.5644 -389.08 155.453 -151.524 -238.032 155.692 129.178 77.0512 
155.801 68.9301 200.565 156.316 81.4459 -117.454 156.5 -62.9278 154.894 
156.501 -144.83 -155.433 156.51 -48.2866 -390.126 157.257 65.5691 -170.011 
157.41 1.30406 205.669 157.592 129.741 58.7239 157.595 88.0958 -100.539 
157.67 66.5081 -236.427 157.706 -144.732 19.6815 157.742 -141.883 -90.7942 
157.845 -147.372 -27.9144 158.089 -137.291 -349.247 158.117 78.5241 -336.904 
158.142 83.061 187.474 158.329 -147.652 -220.676 158.426 -1.0113 -390.5 
158.502 -107.434 93.6848 158.621 94.1772 -83.3089 158.743 -144.22 -268.805 
159.059 128.866 40.3955 159.091 -140.499 -138.302 159.408 100.092 -65.9947 
159.626 -50.8139 166.453 159.984 105.889 -48.5807 159.997 94.6243 173.037 
160.005 -136.559 -299.635 160.029 126.351 22.1818 160.087 -65.9688 -390.123 
160.353 69.7035 -306.347 160.376 111.744 -31.1057 160.433 122.218 4.25299 
160.471 -143.41 -203.291 160.586 117.279 -13.5185 160.627 -135.822 35.2333 
160.679 18.739 209.305 160.684 63.8428 -255.035 160.858 63.4292 -188.104 
160.874 -137.325 -73.811 161.534 103.913 157.358 161.686 -96.9033 108.182 
161.964 -136.128 -121.254 162.524 -84.023 -389.683 162.542 29.7826 -389.2 
162.558 -139.074 -186.031 162.681 -144.831 -11.3102 162.724 -131.548 -331.271 
162.897 75.7017 -353.78 163.065 -141.111 -251.419 163.091 111.313 140.542 
163.284 59.9207 -382.801 163.341 -37.6546 177.969 163.877 -138.494 -42.0482 
163.913 -126.632 50.654 164.109 61.3993 -274.319 164.145 36.7011 208.163 
164.343 -102.784 -388.193 164.613 -134.689 -168.796 164.697 -85.5167 122.302 
164.728 -18.2565 -390.119 164.733 61.4723 -206.224 164.909 117.298 123.156 
165.023 -133.323 -282.245 165.181 -131.788 -104.207 165.245 62.0446 -140.38 
165.309 -133.852 -57.0096 165.831 70.3651 -370.012 165.872 57.1412 -158.161 
165.928 -130.305 -364.546 166.03 68.239 -323.78 166.4 -137.506 -233.984 
166.553 68.4705 -123.358 166.72 -126.534 -313.294 166.74 -130.234 -151.618 
167.226 -23.6382 188.818 167.269 -139.868 5.19623 167.334 121.211 105.084 
167.437 -117.46 66.0146 168.119 59.2888 -292.978 168.121 59.0068 -224.393 
168.363 -127.183 -87.1842 168.45 75.3127 -106.608 168.607 -136.804 -25.8412 
168.628 54.5017 201.707 168.657 -120.733 -382.1 168.758 54.0669 -176.144 
168.759 -70.3637 140.459 168.967 -133.352 -216.596 169.018 -125.663 -134.53 
169.738 12.6522 -389.814 169.758 -130.178 -264.819 169.78 123.279 86.9019 
170.279 -36.1708 -389.61 170.284 82.0622 -89.7865 170.692 -8.39371 197.889 
170.728 -122.274 -295.732 170.747 55.7169 -242.713 170.908 -128.919 -199.276 
170.932 65.6349 -340.451 171.107 -132.549 21.2726 171.154 -123.861 -345.451 
171.17 -108.116 81.3364 171.56 43.56 -384.033 171.62 -121.064 -117.446 
171.621 88.3012 -72.6387 171.653 123.885 68.6926 171.796 69.812 190.612 
172.265 -122.593 -70.2156 172.562 -124.328 -182.02 172.577 -57.5722 155.076 
172.644 94.3353 -55.4055 172.834 51.949 -194.135 173.023 57.3048 -310.957 
173.231 52.3164 -261.384 173.292 123.538 50.363 173.445 100.599 -38.176 
173.481 -127.877 -39.8629 173.537 82.3614 177.378 173.583 8.2009 203.238 
173.623 -126.621 -247.386 174.133 48.5316 -146.288 174.19 -119.722 -164.817 
174.22 -118.48 -370.571 174.347 107.07 -21.0252 174.416 -132.701 -9.43337 
174.546 -54.339 -389.439 174.555 121.863 32.017 174.661 61.6997 -356.746 
174.707 -98.1874 96.4093 174.712 -117.558 -327.155 174.716 -116.524 -100.438 
174.737 -124.184 36.9346 174.916 113 -3.67006 174.972 54.3627 -128.988 
174.988 118.032 14.0058 175.068 93.0433 162.736 175.333 44.1356 -164.109 
175.405 -118.774 -278.252 175.912 -114.998 -147.653 176.014 49.1109 -279.893 
176.238 25.1971 203.613 176.299 55.0045 -373.003 176.395 101.871 147.239 
176.491 -122.633 -229.896 176.759 -45.1378 168.043 176.886 -90.4255 -387.482 
176.943 49.773 -212.13 177.137 -72.4409 -388.977 177.151 60.9025 -112.118 
177.466 -112.128 -309.477 177.688 -5.13107 -390.076 177.738 -118.275 -53.418 
177.857 -87.0692 111.407 177.956 -110.241 -130.543 178.043 108.882 130.992 
178.074 54.6487 -328.129 178.294 -111.971 -83.4715 178.608 -115.487 52.5259 
178.614 -108.847 -384.933 178.683 -118.345 -212.478 178.715 26.4037 -385.365 
178.937 41.2796 -181.998 179.522 -126.68 6.77504 179.573 -123.729 -23.6643 
179.676 46.1116 -298.025 179.738 67.907 -95.607 179.783 -116.227 -359.043 
179.825 -115.278 -260.741 179.999 46.7407 -230.292 180.344 -105.498 -113.481 
180.4 -113.789 -195.176 180.429 113.808 113.951 180.581 41.1429 199.527 
180.793 -107.479 -291.745 181.114 -31.8216 179.912 181.126 -74.7577 127.101 
181.534 -108.995 -177.913 181.743 34.2843 -152.001 181.819 51.3611 -343.493 
181.934 74.6636 -78.7812 182.072 39.5684 -134.47 182.173 42.9935 -248.58 
182.551 -107.505 -66.5846 182.609 -104.145 -160.716 183.132 -107.1 68.2635 
183.198 -109.249 -341.228 183.233 -111.374 -243.207 183.263 38.826 -199.822 
183.433 -100.874 -96.4785 183.481 116.59 96.4012 183.724 30.2879 -169.814 
183.734 -113.763 -37.0233 183.832 81.3162 -61.8765 183.855 38.9343 -266.915 
183.909 -23.7898 -389.699 183.941 -119.44 22.7003 183.986 45.6912 -117.447 
184.044 42.9709 -316.08 184.153 -99.357 -143.569 184.167 38.3884 -374.201 
184.568 46.4992 -358.778 184.644 -16.8464 189.916 184.844 56.0619 191.189 
184.911 -103.515 -274.017 184.983 -102.578 -323.421 185.09 -62.8311 142.648 
185.127 87.7384 -44.8511 185.504 -118.41 -7.61981 185.651 -107.185 -225.693 
185.698 117.572 78.5182 185.734 -94.3807 -126.467 186.089 35.0727 -285.006 
186.188 8.98576 -387.227 186.237 -106.773 -371.585 186.661 94.7646 -28.0875 
186.712 -96.6433 -305.368 186.718 -0.951813 196.533 186.874 52.4033 -100.781 
187.021 -96.2457 -79.6086 187.047 117.223 60.3358 187.185 36.1138 -217.726 
187.201 -97.6844 83.772 187.22 69.631 179.655 187.423 -95.632 -383.694 
187.477 -102.751 -208.283 187.582 -103.194 -49.9235 187.742 27.2895 -187.527 
187.941 -89.4879 -109.404 187.98 24.2724 -139.956 188.053 19.34 -157.554 
188.072 101.675 -11.2847 188.153 -111.329 38.4384 188.161 115.807 42.0206 
188.193 13.7949 198.295 188.298 81.4567 166.343 188.387 -97.9498 -190.951 
188.507 39.263 -333.814 188.679 -92.8931 -173.72 188.716 -99.5129 -256.382 
188.82 112.623 23.8128 188.844 107.865 5.9573 189.276 -42.8845 -389.057 
189.313 -87.9074 -156.523 189.375 91.7171 152.029 189.445 29.8484 -122.673 
189.505 -91.6257 -287.164 189.549 -108.735 -21.1074 189.567 31.4516 -303.149 
189.804 59.2524 -84.1758 189.93 -51.3621 156.941 189.936 32.6579 -235.85 
190.179 99.8844 136.986 190.391 -82.9256 -139.354 190.432 36.6339 -343.204 
190.631 -87.6285 99.1516 190.691 15.5258 -175.253 190.758 -112.056 8.2546 
190.885 -84.7026 -92.4264 190.954 -101.133 -355.816 191.304 -91.868 -62.7018 
191.326 28.4147 -253.976 191.577 -95.4177 -238.85 191.726 27.6336 196.253 
191.966 24.3236 -205.249 192.021 -77.9382 -122.251 192.126 36.1475 -105.728 
192.189 105.811 121.404 192.235 8.37625 -145.284 192.26 21.6559 -376.782 
192.438 23.9663 -272.08 192.653 66.2305 -67.581 192.715 -93.3182 -337.69 
192.787 -98.5742 -33.5751 192.804 30.4432 -360.197 192.829 -81.4057 -384.864 
192.843 3.65605 -162.917 193.015 -87.3151 -269.416 193.227 -103.14 54.1814 
193.236 -86.0369 -318.759 193.36 -62.8481 -386.572 193.526 -76.8214 114.639 
193.555 -91.1037 -221.355 193.667 13.6916 -127.88 193.741 -76.103 -169.428 
193.874 -71.0522 -152.2 193.892 27.2963 -322.03 194.237 -81.2625 -186.643 
194.312 -79.9729 -300.213 194.329 -73.0094 -105.189 194.348 19.7034 -290.015 
194.442 -86.315 -203.952 194.614 -80.1778 -75.4012 194.859 12.1154 -192.802 
194.898 -102.806 -5.55635 194.99 -38.9873 169.989 195.017 -66.0703 -134.999 
195.243 -7.96364 -150.481 195.247 73.2778 -51.0064 195.48 42.872 -89.1024 
195.503 -104.905 24.0005 195.642 21.0825 -223.117 195.811 108.921 105.595 
195.898 -87.5332 -45.9256 195.983 19.3843 -110.67 195.996 -83.0993 -251.879 
196.001 -0.25457 -180.471 196.143 -2.87266 -133.025 196.326 -74.9373 -282.365 
196.522 -58.9136 -165 196.587 -53.9289 -147.691 196.598 -12.6246 -168.077 
196.81 41.729 190.102 196.921 -61.1107 -117.842 197.049 -66.3245 129.937 
197.081 -92.365 -371.095 197.166 80.428 -34.5183 197.237 -24.685 -155.499 
197.339 -68.2719 -88.0902 197.403 16.9884 -241.117 197.424 15.4127 -308.22 
197.466 -93.47 -17.4371 197.507 -19.7441 -138.043 197.605 -63.9651 -182.23 
197.677 -41.6991 -160.338 197.773 -36.7776 -142.953 197.828 20.6418 -344.367 
197.868 12.3439 -259.088 197.991 -48.969 -130.418 198.26 -78.7502 -234.383 
198.525 7.71278 -276.927 198.555 4.56743 -380.626 198.621 2.57658 -115.787 
198.646 49.472 -72.3902 198.72 -68.9952 -199.521 198.762 -75.7707 -58.4351 
198.829 -94.4242 70.0974 198.931 -70.459 -264.809 198.959 8.6277 -210.448 
199.015 -24.3312 181.043 199.016 -29.4039 -172.923 199.078 -74.0607 -216.917 
199.11 87.9015 -18.1702 199.143 25.5603 -93.6843 199.194 110.433 88.3878 
199.221 -46.5753 -177.63 199.233 -56.1475 -100.695 199.387 -68.0185 -312.208 
199.398 -31.7629 -125.658 199.658 -62.5896 -295.164 199.665 -14.5493 -120.769 
199.734 -75.7814 -332.924 199.794 -84.8847 -353.71 199.862 -16.8481 -185.444 
199.982 -96.1332 9.73887 199.986 12.3143 192.229 200.015 -43.9482 -113.21 
200.034 -4.09655 -197.906 200.118 -82.7992 -29.4544 200.146 13.6382 -362.368 
200.17 2.47711 190.333 200.22 3.17814 -294.765 200.283 104.125 34.1327 
200.295 109.666 70.3612 200.299 -12.705 -384.811 200.34 55.5429 179.679 
200.353 -7.36003 188.436 200.488 107.609 52.1512 200.522 100.025 16.2446 
200.558 94.9415 -1.38588 200.808 10.1124 -327.588 200.824 -97.0286 39.6438 
201.038 -63.6813 -71.0054 201.089 -57.5899 -277.645 201.209 97.8871 126.456 
201.268 8.15865 -98.6032 201.36 68.4252 167.311 201.41 -51.5572 -194.912 
201.551 -66.0426 -247.323 201.606 80.0042 153.941 201.63 4.72396 -228.276 
201.812 89.9626 140.22 201.838 -26.634 -108.448 201.882 -34.0419 -190.204 
201.911 -4.62202 -263.874 202.056 -55.6018 144.283 202.142 -9.35021 -281.564 
202.173 -51.3769 -83.5236 202.248 -87.4832 -2.12716 202.27 0.155936 -246.137 
202.328 -51.9993 -378.659 202.358 -9.1899 -103.598 202.423 56.5538 -56.0066 
202.517 -38.904 -96.0555 202.541 -56.4655 -212.357 202.61 -44.7577 -290.398 
202.621 31.6784 -76.8415 202.651 -1.67764 -312.804 202.726 -32.1888 -383.773 
202.82 -71.2444 -41.6203 202.894 -85.2768 85.868 202.932 -50.0166 -307.38 
203.006 -61.4762 -229.821 203.087 -21.2216 -202.855 203.088 -53.0193 -260.158 
203.318 -8.16843 -215.526 203.405 -26.9175 -285.907 203.423 -14.2203 -299.223 
203.539 -39.8507 -272.964 203.686 3.39142 -346.887 203.78 -22.0839 -268.427 
203.813 -55.3365 -322.611 203.898 -78.3608 -12.5261 204.067 -38.7756 -207.636 
204.225 -75.9408 -370.806 204.25 -32.036 -303.21 204.516 -21.4117 -91.3152 
204.554 -48.459 -242.668 204.587 -60.7726 -336.131 204.786 13.8596 -81.5119 
204.813 -43.5782 -225.169 204.832 -17.3642 -250.874 204.904 -12.6249 -233.211 
204.907 -59.067 -54.0627 204.978 -25.7109 -220.399 205.067 -35.2005 -255.513 
205.166 -89.7765 25.1086 205.229 -3.782 -86.3851 205.277 63.5217 -39.5017 
205.447 -67.8978 -352.514 205.478 -4.0096 -365.251 205.499 99.2532 114.609 
205.507 -7.5644 -331.308 205.522 -34.0043 -78.8938 205.534 -19.5468 -316.842 
205.648 -46.5678 -66.4866 205.692 -30.4789 -237.973 205.792 -37.5664 -319.905 
205.81 -76.6227 101.631 205.939 37.6874 -59.7511 206.187 25.5402 186.931 
206.3 -66.6832 -24.7993 206.377 87.9127 27.3719 207.114 71.2477 -23.7201 
207.158 -43.628 -335.628 207.187 92.0282 44.9745 207.421 -25.7528 -334.078 
207.486 83.6692 9.76171 207.525 -14.3938 -349.352 207.688 -78.3437 9.32683 
207.697 -16.3746 -74.1403 207.707 19.1913 -64.2091 207.889 78.4194 -7.37387 
207.956 -43.7228 157.517 208.175 -54.3836 -37.1314 208.203 -67.4518 116.66 
208.207 -59.4631 -368.324 208.531 -22.2284 -367.772 208.538 -50.4863 -351.664 
208.547 1.36884 -69.1733 208.738 74.8066 38.7151 208.75 70.8378 20.9918 
208.765 -85.6604 40.3757 208.931 -29.0963 -61.8212 209.14 -41.8224 -49.5025 
209.156 -32.642 -351.139 209.26 -86.2872 55.7898 209.38 43.3335 -42.2545 
209.427 -62.4952 -7.58066 209.429 95.8633 62.7079 209.653 57.732 32.5102 
209.737 66.4204 3.37909 209.985 100.865 98.4524 210.03 24.3667 -46.5404 
210.097 -41.2247 -368.502 210.338 61.5527 -14.1934 210.513 6.2648 -51.6451 
210.547 -11.4752 -56.7957 210.56 53.8175 14.5697 210.837 -49.8945 -20.0093 
210.964 78.5451 56.4001 210.971 46.8431 -22.6996 211.074 49.7742 -3.43314 
211.088 6.63534 182.39 211.104 40.7127 26.3394 211.105 98.9588 80.681 
211.177 61.4073 50.3332 211.202 28.8719 -28.3025 211.203 88.3293 126.076 
211.334 -24.256 -44.4952 211.358 10.9977 -33.8422 211.414 36.8158 8.32284 
211.429 32.8034 -9.7713 211.446 44.4161 44.2529 211.471 39.7722 177.705 
211.524 15.3968 -15.7435 211.525 -37.0688 -32.2464 211.763 19.5987 2.2324 
211.775 -6.67338 -39.17 211.877 -29.1405 168.546 211.894 -2.14224 -21.4775 
211.921 2.1986 -3.67087 211.953 65.2615 152.474 211.97 23.5968 20.1921 
212.051 27.4258 38.1727 212.097 -58.0037 130.661 212.146 52.6316 165.222 
212.18 77.2826 139.44 212.234 -74.271 25.7729 212.467 -19.5912 -26.9685 
212.488 -15.2272 -9.35685 212.543 6.39705 14.1939 212.748 10.344 32.0974 
212.782 -32.6269 -14.8495 212.859 -45.6677 -2.68171 212.973 -59.3847 10.5132 
213.007 -10.947 8.32302 213.466 14.1801 50.0807 213.47 -78.4135 71.8599 
213.578 -28.3624 2.66233 213.639 31.1319 56.1154 213.791 -11.8243 176.646 
213.813 47.9825 62.1207 213.817 -2.84849 44.0371 213.841 -6.82975 26.1244 
214.031 81.9009 74.0954 214.055 64.8583 68.0958 214.704 -24.2193 20.3258 
214.889 -41.8316 14.9791 214.961 -20.106 38.1001 215.04 87.1016 109.299 
215.382 -70.6368 41.6438 215.513 -15.9706 55.9699 215.538 1.08896 62.017 
215.82 17.9567 68.1312 215.915 -71.2725 87.6484 215.927 84.902 91.8522 
215.989 -33.2804 50.1554 216.035 -55.8399 28.1402 216.125 -37.8551 32.6589 
216.278 34.685 74.1239 216.47 51.3635 80.082 216.472 68.0936 86.0016 
216.612 21.321 172.523 216.711 -51.2466 45.289 217.045 73.9967 122.206 
217.197 -65.4518 57.7788 217.318 -28.7516 67.7432 217.39 -46.1797 62.0863 
217.508 -11.8701 73.8434 217.585 -64.306 103.091 217.613 61.3601 135.37 
217.742 48.4222 148.041 217.84 35.25 160.521 217.904 4.88492 80.0877 
217.977 71.2203 104.165 218.192 21.5644 86.2866 218.369 -59.278 74.027 
218.595 54.7534 98.3724 218.66 -46.0454 142.606 218.713 38.2151 92.3906 
218.932 3.05076 166.139 218.968 -41.1331 79.4519 219.396 -24.4918 85.6536 
219.603 58.0873 116.892 219.98 -8.06566 91.9775 220.097 45.0296 129.669 
220.112 -53.1679 90.7202 220.193 31.5508 142.04 220.207 17.6123 154.238 
220.274 -57.5789 117.182 220.309 41.7327 111.002 220.386 8.50585 98.3277 
220.466 25.1105 104.627 220.58 -13.9842 159.22 221.218 -30.9189 152.221 
221.371 -36.4699 97.2413 221.47 28.4761 123.353 221.936 14.772 135.524 
222.004 0.656409 147.474 222.118 -48.1899 108.164 222.352 11.9622 116.923 
222.426 -20.6322 103.859 222.95 -4.46751 110.382 222.996 -46.5359 126.118 
223.492 -1.60271 129.224 223.685 -15.8089 141.039 224.377 -33.112 115.723 
224.902 -17.6543 122.609 225.146 -32.0326 134.053 
POLYGONS 5970 23880
3 870 965 892 
3 965 978 892 
3 870 953 965 
3 892 808 870 
3 892 978 906 
3 978 965 1055 
3 953 1036 965 
3 870 933 953 
3 788 870 808 
3 808 892 827 
3 906 978 992 
3 827 892 906 
3 965 1036 1055 
3 978 1055 1069 
3 1021 1036 953 
3 933 1021 953 
3 851 933 870 
3 788 851 870 
3 788 808 724 
3 745 808 827 
3 978 1069 992 
3 906 992 917 
3 827 906 839 
3 1036 1128 1055 
3 1055 1149 1069 
3 1021 1114 1036 
3 1005 1021 933 
3 916 933 851 
3 771 851 788 
3 724 808 745 
3 709 788 724 
3 745 827 761 
3 992 1069 1087 
3 992 1010 917 
3 839 906 917 
3 761 827 839 
3 1128 1149 1055 
3 1036 1114 1128 
3 1149 1164 1069 
3 1114 1021 1097 
3 1021 1005 1097 
3 1005 933 916 
3 834 916 851 
3 771 834 851 
3 709 771 788 
3 724 745 668 
3 642 709 724 
3 686 745 761 
3 1069 1164 1087 
3 1010 992 1087 
3 1010 930 917 
3 839 917 849 
3 761 839 772 
3 1149 1128 1228 
3 1114 1212 1128 
3 1149 1249 1164 
3 1192 1114 1097 
3 1005 1079 1097 
3 987 1005 916 
3 834 903 916 
3 758 834 771 
3 709 693 771 
3 668 745 686 
3 642 724 668 
3 627 709 642 
3 697 686 761 
3 1164 1182 1087 
3 1099 1010 1087 
3 917 930 849 
3 1010 1019 930 
3 772 839 849 
3 697 761 772 
3 1128 1212 1228 
3 1249 1149 1228 
3 1192 1212 1114 
3 1164 1249 1266 
3 1173 1192 1097 
3 1079 1173 1097 
3 1079 1005 987 
3 903 987 916 
3 821 903 834 
3 758 821 834 
3 693 758 771 
3 627 693 709 
3 607 668 686 
3 589 642 668 
3 627 642 565 
3 686 697 624 
3 1182 1099 1087 
3 1182 1164 1266 
3 1010 1099 1019 
3 930 862 849 
3 930 1019 942 
3 772 849 783 
3 697 772 707 
3 1212 1314 1228 
3 1334 1249 1228 
3 1192 1297 1212 
3 1249 1352 1266 
3 1192 1173 1272 
3 1079 1155 1173 
3 1061 1079 987 
3 903 970 987 
3 888 903 821 
3 744 821 758 
3 693 682 758 
3 682 693 627 
3 589 668 607 
3 607 686 624 
3 565 642 589 
3 549 627 565 
3 624 697 634 
3 1182 1199 1099 
3 1284 1182 1266 
3 1099 1115 1019 
3 849 862 783 
3 930 942 862 
3 1019 1035 942 
3 707 772 783 
3 634 697 707 
3 1314 1334 1228 
3 1297 1314 1212 
3 1249 1334 1352 
3 1297 1192 1272 
3 1352 1370 1266 
3 1173 1257 1272 
3 1155 1257 1173 
3 1061 1155 1079 
3 970 1061 987 
3 970 903 888 
3 809 888 821 
3 809 821 744 
3 682 744 758 
3 610 682 627 
3 527 589 607 
3 548 607 624 
3 506 565 589 
3 610 627 549 
3 491 549 565 
3 562 624 634 
3 1199 1115 1099 
3 1182 1284 1199 
3 1370 1284 1266 
3 1115 1035 1019 
3 862 790 783 
3 862 942 874 
3 1035 960 942 
3 707 783 716 
3 634 707 640 
3 1334 1314 1420 
3 1314 1297 1402 
3 1352 1334 1438 
3 1297 1272 1377 
3 1352 1456 1370 
3 1257 1357 1272 
3 1155 1232 1257 
3 1135 1155 1061 
3 970 1044 1061 
3 955 970 888 
3 809 875 888 
3 737 809 744 
3 682 674 744 
3 682 610 674 
3 506 589 527 
3 527 607 548 
3 548 624 562 
3 491 565 506 
3 537 610 549 
3 478 549 491 
3 562 634 578 
3 1218 1115 1199 
3 1199 1284 1302 
3 1370 1390 1284 
3 1035 1115 1129 
3 783 790 716 
3 862 874 790 
3 942 960 874 
3 960 1035 1053 
3 640 707 716 
3 578 634 640 
3 1314 1402 1420 
3 1334 1420 1438 
3 1297 1377 1402 
3 1456 1352 1438 
3 1272 1357 1377 
3 1370 1456 1473 
3 1333 1357 1257 
3 1232 1333 1257 
3 1135 1232 1155 
3 1044 1135 1061 
3 955 1044 970 
3 875 955 888 
3 809 796 875 
3 796 809 737 
3 674 737 744 
3 610 605 674 
3 449 506 527 
3 474 527 548 
3 494 548 562 
3 430 491 506 
3 610 537 605 
3 478 537 549 
3 418 478 491 
3 509 562 578 
3 1115 1218 1129 
3 1218 1199 1302 
3 1284 1390 1302 
3 1390 1370 1473 
3 1035 1129 1053 
3 790 719 716 
3 790 874 801 
3 874 960 884 
3 960 1053 973 
3 640 716 648 
3 578 640 585 
3 1402 1504 1420 
3 1420 1524 1438 
3 1377 1482 1402 
3 1543 1456 1438 
3 1357 1457 1377 
3 1456 1558 1473 
3 1357 1333 1434 
3 1232 1306 1333 
3 1232 1135 1210 
3 1121 1135 1044 
3 1031 1044 955 
3 940 955 875 
3 796 859 875 
3 796 737 720 
3 669 737 674 
3 605 669 674 
3 430 506 449 
3 474 449 527 
3 494 474 548 
3 509 494 562 
3 418 491 430 
3 537 532 605 
3 470 537 478 
3 408 478 418 
3 520 509 578 
3 1129 1218 1235 
3 1319 1218 1302 
3 1302 1390 1405 
3 1489 1390 1473 
3 1053 1129 1153 
3 716 719 648 
3 719 790 801 
3 801 874 884 
3 960 973 884 
3 973 1053 1070 
3 585 640 648 
3 520 578 585 
3 1504 1524 1420 
3 1482 1504 1402 
3 1524 1543 1438 
3 1457 1482 1377 
3 1456 1543 1558 
3 1457 1357 1434 
3 1558 1578 1473 
3 1333 1411 1434 
3 1306 1411 1333 
3 1306 1232 1210 
3 1135 1121 1210 
3 1031 1121 1044 
3 940 1031 955 
3 859 940 875 
3 859 796 776 
3 720 737 669 
3 776 796 720 
3 601 669 605 
3 376 430 449 
3 474 401 449 
3 425 474 494 
3 441 494 509 
3 362 418 430 
3 532 601 605 
3 470 532 537 
3 470 478 408 
3 345 408 418 
3 509 520 455 
3 1218 1319 1235 
3 1129 1235 1153 
3 1319 1302 1405 
3 1390 1489 1405 
3 1578 1489 1473 
3 1053 1153 1070 
3 648 719 647 
3 721 719 801 
3 807 801 884 
3 973 894 884 
3 973 1070 986 
3 586 585 648 
3 520 585 522 
3 1524 1504 1610 
3 1504 1482 1588 
3 1543 1524 1629 
3 1482 1457 1565 
3 1543 1644 1558 
3 1539 1457 1434 
3 1578 1558 1662 
3 1411 1514 1434 
3 1306 1376 1411 
3 1274 1306 1210 
3 1121 1214 1210 
3 1121 1031 1111 
3 1016 1031 940 
3 928 940 859 
3 840 859 776 
3 673 720 669 
3 673 776 720 
3 601 673 669 
3 376 362 430 
3 401 376 449 
3 401 474 425 
3 425 494 441 
3 441 509 455 
3 345 418 362 
3 532 526 601 
3 532 470 467 
3 404 470 408 
3 342 408 345 
3 455 520 461 
3 1235 1319 1336 
3 1153 1235 1252 
3 1319 1405 1421 
3 1405 1489 1507 
3 1489 1578 1592 
3 1070 1153 1167 
3 719 721 647 
3 586 648 647 
3 807 721 801 
3 894 807 884 
3 894 973 986 
3 1070 1083 986 
3 585 586 522 
3 461 520 522 
3 1504 1588 1610 
3 1524 1610 1629 
3 1482 1565 1588 
3 1644 1543 1629 
3 1457 1539 1565 
3 1558 1644 1662 
3 1514 1539 1434 
3 1578 1662 1679 
3 1483 1514 1411 
3 1376 1483 1411 
3 1274 1376 1306 
3 1214 1274 1210 
3 1214 1121 1111 
3 1031 1016 1111 
3 928 1016 940 
3 928 859 840 
3 752 840 776 
3 752 776 673 
3 601 594 673 
3 362 376 303 
3 376 401 332 
3 369 401 425 
3 380 425 441 
3 398 441 455 
3 285 345 362 
3 526 594 601 
3 526 532 467 
3 467 470 404 
3 342 404 408 
3 280 342 345 
3 455 461 406 
3 1319 1421 1336 
3 1252 1235 1336 
3 1153 1252 1167 
3 1405 1507 1421 
3 1489 1592 1507 
3 1578 1679 1592 
3 1083 1070 1167 
3 721 651 647 
3 586 647 579 
3 721 807 733 
3 813 807 894 
3 904 894 986 
3 1083 1000 986 
3 586 517 522 
3 461 522 459 
3 1588 1695 1610 
3 1610 1714 1629 
3 1565 1670 1588 
3 1644 1629 1729 
3 1539 1643 1565 
3 1644 1748 1662 
3 1539 1514 1616 
3 1662 1766 1679 
3 1483 1589 1514 
3 1453 1483 1376 
3 1347 1376 1274 
3 1214 1347 1274 
3 1198 1214 1111 
3 1016 1095 1111 
3 1002 1016 928 
3 909 928 840 
3 752 819 840 
3 663 752 673 
3 594 663 673 
3 303 376 332 
3 285 362 303 
3 401 369 332 
3 369 425 380 
3 380 441 398 
3 398 455 406 
3 285 280 345 
3 510 594 526 
3 452 526 467 
3 399 467 404 
3 340 404 342 
3 282 342 280 
3 406 461 405 
3 1336 1421 1436 
3 1252 1336 1350 
3 1167 1252 1265 
3 1421 1507 1521 
3 1507 1592 1608 
3 1592 1679 1696 
3 1083 1167 1180 
3 647 651 579 
3 651 721 733 
3 517 586 579 
3 807 813 733 
3 904 813 894 
3 1000 904 986 
3 1000 1083 1094 
3 522 517 459 
3 405 461 459 
3 1695 1714 1610 
3 1588 1670 1695 
3 1629 1714 1729 
3 1565 1643 1670 
3 1644 1729 1748 
3 1643 1539 1616 
3 1748 1766 1662 
3 1514 1589 1616 
3 1679 1766 1781 
3 1557 1589 1483 
3 1453 1557 1483 
3 1347 1453 1376 
3 1347 1214 1310 
3 1214 1198 1310 
3 1095 1198 1111 
3 1002 1095 1016 
3 909 1002 928 
3 819 909 840 
3 819 752 730 
3 730 752 663 
3 594 573 663 
3 267 303 332 
3 241 285 303 
3 369 297 332 
3 328 369 380 
3 380 398 350 
3 363 398 406 
3 285 227 280 
3 510 573 594 
3 510 526 452 
3 399 452 467 
3 340 399 404 
3 282 340 342 
3 225 282 280 
3 364 406 405 
3 1421 1521 1436 
3 1336 1436 1350 
3 1265 1252 1350 
3 1167 1265 1180 
3 1507 1608 1521 
3 1592 1696 1608 
3 1679 1781 1696 
3 1083 1180 1094 
3 651 595 579 
3 651 733 662 
3 517 579 497 
3 733 813 736 
3 813 904 816 
3 904 1000 910 
3 1009 1000 1094 
3 459 517 443 
3 396 405 459 
3 1714 1695 1798 
3 1670 1776 1695 
3 1714 1815 1729 
3 1643 1749 1670 
3 1729 1831 1748 
3 1723 1643 1616 
3 1850 1766 1748 
3 1589 1698 1616 
3 1766 1866 1781 
3 1589 1557 1665 
3 1453 1529 1557 
3 1419 1453 1347 
3 1419 1347 1310 
3 1198 1276 1310 
3 1172 1198 1095 
3 1002 1073 1095 
3 977 1002 909 
3 909 819 890 
3 798 819 730 
3 637 730 663 
3 573 637 663 
3 267 241 303 
3 297 267 332 
3 227 285 241 
3 328 297 369 
3 328 380 350 
3 350 398 363 
3 364 363 406 
3 227 225 280 
3 489 573 510 
3 510 452 433 
3 378 452 399 
3 327 399 340 
3 282 278 340 
3 226 282 225 
3 352 364 405 
3 1436 1521 1536 
3 1436 1451 1350 
3 1368 1265 1350 
3 1180 1265 1282 
3 1521 1608 1620 
3 1696 1707 1608 
3 1696 1781 1795 
3 1094 1180 1196 
3 579 595 544 
3 595 651 662 
3 662 733 736 
3 497 579 544 
3 443 517 497 
3 813 816 736 
3 816 904 910 
3 910 1000 1009 
3 1105 1009 1094 
3 396 459 443 
3 396 352 405 
3 1695 1776 1798 
3 1714 1798 1815 
3 1670 1749 1776 
3 1815 1831 1729 
3 1643 1723 1749 
3 1831 1850 1748 
3 1698 1723 1616 
3 1766 1850 1866 
3 1589 1665 1698 
3 1866 1881 1781 
3 1557 1634 1665 
3 1529 1634 1557 
3 1453 1419 1529 
3 1388 1419 1310 
3 1276 1388 1310 
3 1172 1276 1198 
3 1073 1172 1095 
3 977 1073 1002 
3 977 909 890 
3 819 798 890 
3 701 798 730 
3 637 701 730 
3 573 545 637 
3 208 241 267 
3 244 267 297 
3 191 227 241 
3 277 297 328 
3 305 328 350 
3 320 350 363 
3 364 322 363 
3 225 227 182 
3 489 545 573 
3 489 510 433 
3 452 378 433 
3 327 378 399 
3 278 327 340 
3 226 278 282 
3 186 226 225 
3 316 364 352 
3 1521 1620 1536 
3 1451 1436 1536 
3 1451 1368 1350 
3 1265 1368 1282 
3 1180 1282 1196 
3 1608 1707 1620 
3 1707 1696 1795 
3 1781 1881 1795 
3 1105 1094 1196 
3 544 595 598 
3 595 662 598 
3 658 662 736 
3 497 544 479 
3 426 443 497 
3 816 732 736 
3 816 910 820 
3 910 1009 915 
3 1009 1105 1017 
3 377 396 443 
3 396 333 352 
3 1776 1878 1798 
3 1798 1899 1815 
3 1749 1856 1776 
3 1915 1831 1815 
3 1723 1828 1749 
3 1850 1831 1929 
3 1802 1723 1698 
3 1866 1850 1950 
3 1665 1774 1698 
3 1866 1965 1881 
3 1634 1742 1665 
3 1529 1604 1634 
3 1419 1496 1529 
3 1496 1419 1388 
3 1354 1388 1276 
3 1172 1245 1276 
3 1142 1172 1073 
3 1037 1073 977 
3 943 977 890 
3 798 877 890 
3 701 774 798 
3 609 701 637 
3 545 609 637 
3 191 241 208 
3 208 267 244 
3 244 297 277 
3 227 191 182 
3 277 328 305 
3 320 305 350 
3 322 320 363 
3 364 316 322 
3 186 225 182 
3 451 545 489 
3 394 489 433 
3 378 344 433 
3 327 296 378 
3 257 327 278 
3 214 278 226 
3 188 226 186 
3 294 316 352 
3 1620 1635 1536 
3 1451 1536 1548 
3 1368 1451 1467 
3 1282 1368 1380 
3 1282 1298 1196 
3 1707 1720 1620 
3 1707 1795 1807 
3 1881 1896 1795 
3 1209 1105 1196 
3 523 544 598 
3 662 658 598 
3 732 658 736 
3 544 523 479 
3 426 497 479 
3 426 377 443 
3 816 820 732 
3 820 910 915 
3 1009 1017 915 
3 1017 1105 1123 
3 333 396 377 
3 333 294 352 
3 1878 1899 1798 
3 1856 1878 1776 
3 1899 1915 1815 
3 1749 1828 1856 
3 1831 1915 1929 
3 1828 1723 1802 
3 1850 1929 1950 
3 1774 1802 1698 
3 1965 1866 1950 
3 1742 1774 1665 
3 1881 1965 1980 
3 1634 1711 1742 
3 1634 1604 1711 
3 1496 1604 1529 
3 1496 1388 1463 
3 1388 1354 1463 
3 1245 1354 1276 
3 1172 1142 1245 
3 1037 1142 1073 
3 1037 977 943 
3 877 943 890 
3 774 877 798 
3 679 774 701 
3 609 679 701 
3 515 609 545 
3 171 191 208 
3 203 208 244 
3 240 244 277 
3 191 158 182 
3 270 277 305 
3 290 305 320 
3 289 320 322 
3 316 273 322 
3 162 186 182 
3 451 515 545 
3 394 451 489 
3 344 394 433 
3 296 344 378 
3 257 296 327 
3 214 257 278 
3 214 226 188 
3 167 188 186 
3 273 316 294 
3 1536 1635 1548 
3 1720 1635 1620 
3 1451 1548 1467 
3 1368 1467 1380 
3 1298 1282 1380 
3 1298 1209 1196 
3 1720 1707 1807 
3 1795 1896 1807 
3 1881 1980 1896 
3 1105 1209 1123 
3 523 598 581 
3 598 658 581 
3 658 732 643 
3 523 447 479 
3 402 426 479 
3 377 426 354 
3 732 820 729 
3 820 915 828 
3 915 1017 927 
3 1017 1123 1032 
3 308 333 377 
3 266 294 333 
3 1899 1878 1974 
3 1878 1856 1953 
3 1899 1992 1915 
3 1828 1927 1856 
3 1915 2012 1929 
3 1903 1828 1802 
3 1929 2029 1950 
3 1774 1879 1802 
3 2042 1965 1950 
3 1845 1774 1742 
3 1965 2060 1980 
3 1711 1814 1742 
3 1604 1680 1711 
3 1496 1572 1604 
3 1572 1496 1463 
3 1354 1431 1463 
3 1320 1354 1245 
3 1142 1211 1245 
3 1102 1142 1037 
3 993 1037 943 
3 877 993 943 
3 877 774 860 
3 757 774 679 
3 582 679 609 
3 515 582 609 
3 158 191 171 
3 171 208 203 
3 203 244 240 
3 240 277 270 
3 158 162 182 
3 270 305 290 
3 289 290 320 
3 265 289 322 
3 273 265 322 
3 167 186 162 
3 515 451 419 
3 361 451 394 
3 302 394 344 
3 254 344 296 
3 218 296 257 
3 257 214 195 
3 175 214 188 
3 169 188 167 
3 273 294 237 
3 1635 1651 1548 
3 1635 1720 1736 
3 1467 1548 1568 
3 1467 1481 1380 
3 1399 1298 1380 
3 1209 1298 1312 
3 1821 1720 1807 
3 1896 1906 1807 
3 1896 1980 1991 
3 1123 1209 1226 
3 503 523 581 
3 658 643 581 
3 732 729 643 
3 447 402 479 
3 447 523 503 
3 426 402 354 
3 308 377 354 
3 729 820 828 
3 915 927 828 
3 927 1017 1032 
3 1123 1139 1032 
3 308 266 333 
3 237 294 266 
3 1974 1878 1953 
3 1899 1974 1992 
3 1856 1927 1953 
3 1992 2012 1915 
3 1828 1903 1927 
3 2012 2029 1929 
3 1879 1903 1802 
3 2029 2042 1950 
3 1774 1845 1879 
3 1965 2042 2060 
3 1814 1845 1742 
3 1980 2060 2073 
3 1711 1787 1814 
3 1680 1787 1711 
3 1604 1572 1680 
3 1538 1572 1463 
3 1431 1538 1463 
3 1320 1431 1354 
3 1211 1320 1245 
3 1102 1211 1142 
3 993 1102 1037 
3 993 877 963 
3 774 757 860 
3 963 877 860 
3 657 757 679 
3 582 657 679 
3 515 496 582 
3 165 158 171 
3 185 171 203 
3 217 203 240 
3 252 240 270 
3 158 166 162 
3 275 270 290 
3 290 289 281 
3 260 289 265 
3 265 273 221 
3 168 167 162 
3 419 451 361 
3 496 515 419 
3 302 361 394 
3 254 302 344 
3 218 254 296 
3 218 257 195 
3 195 214 175 
3 169 175 188 
3 169 167 183 
3 221 273 237 
3 1548 1651 1568 
3 1635 1736 1651 
3 1720 1821 1736 
3 1481 1467 1568 
3 1481 1399 1380 
3 1298 1399 1312 
3 1209 1312 1226 
3 1906 1821 1807 
3 1896 1991 1906 
3 1991 1980 2073 
3 1139 1123 1226 
3 503 581 569 
3 581 643 569 
3 643 729 641 
3 402 447 375 
3 447 503 429 
3 354 402 326 
3 276 308 354 
3 729 828 738 
3 828 927 837 
3 927 1032 941 
3 1032 1139 1048 
3 266 308 231 
3 237 266 199 
3 2046 1974 1953 
3 1974 2067 1992 
3 1927 2027 1953 
3 2012 1992 2084 
3 1903 2005 1927 
3 2012 2100 2029 
3 1879 1978 1903 
3 2029 2115 2042 
3 1845 1947 1879 
3 2060 2042 2130 
3 1916 1845 1814 
3 2060 2146 2073 
3 1787 1884 1814 
3 1756 1787 1680 
3 1572 1648 1680 
3 1538 1648 1572 
3 1538 1431 1505 
3 1431 1320 1397 
3 1320 1211 1288 
3 1211 1102 1179 
3 1077 1102 993 
3 1077 993 963 
3 757 841 860 
3 946 963 860 
3 657 739 757 
3 570 657 582 
3 496 570 582 
3 166 158 165 
3 165 171 185 
3 217 185 203 
3 217 240 252 
3 252 270 275 
3 166 168 162 
3 275 290 281 
3 289 260 281 
3 260 265 224 
3 224 265 221 
3 167 168 183 
3 313 419 361 
3 414 496 419 
3 255 361 302 
3 207 302 254 
3 173 254 218 
3 157 218 195 
3 154 195 175 
3 169 159 175 
3 187 169 183 
3 221 237 178 
3 1568 1651 1667 
3 1651 1736 1750 
3 1736 1821 1834 
3 1481 1568 1585 
3 1399 1481 1500 
3 1312 1399 1413 
3 1312 1328 1226 
3 1821 1906 1920 
3 1991 2008 1906 
3 2086 1991 2073 
3 1139 1226 1243 
3 493 503 569 
3 569 643 641 
3 729 738 641 
3 447 429 375 
3 326 402 375 
3 503 493 429 
3 276 354 326 
3 231 308 276 
3 738 828 837 
3 837 927 941 
3 941 1032 1048 
3 1139 1159 1048 
3 199 266 231 
3 237 199 178 
3 1974 2046 2067 
3 2027 2046 1953 
3 1992 2067 2084 
3 1927 2005 2027 
3 2012 2084 2100 
3 1903 1978 2005 
3 2029 2100 2115 
3 1947 1978 1879 
3 2042 2115 2130 
3 1845 1916 1947 
3 2146 2060 2130 
3 1884 1916 1814 
3 2146 2164 2073 
3 1884 1787 1868 
3 1787 1756 1868 
3 1648 1756 1680 
3 1615 1648 1538 
3 1431 1397 1505 
3 1615 1538 1505 
3 1320 1288 1397 
3 1288 1211 1179 
3 1102 1077 1179 
3 1052 1077 963 
3 841 946 860 
3 739 841 757 
3 946 1052 963 
3 657 726 739 
3 570 632 657 
3 570 496 529 
3 166 165 193 
3 198 165 185 
3 185 217 219 
3 217 252 253 
3 283 252 275 
3 168 166 193 
3 291 275 281 
3 260 269 281 
3 260 224 238 
3 224 221 176 
3 183 168 200 
3 313 414 419 
3 255 313 361 
3 496 414 529 
3 207 255 302 
3 173 207 254 
3 157 173 218 
3 154 157 195 
3 159 154 175 
3 169 187 159 
3 220 187 183 
3 176 221 178 
3 1651 1750 1667 
3 1568 1667 1585 
3 1736 1834 1750 
3 1834 1821 1920 
3 1500 1481 1585 
3 1399 1500 1413 
3 1312 1413 1328 
3 1226 1328 1243 
3 1906 2008 1920 
3 1991 2086 2008 
3 2164 2086 2073 
3 1139 1243 1159 
3 566 493 569 
3 566 569 641 
3 738 654 641 
3 375 429 353 
3 326 375 293 
3 429 493 416 
3 276 326 243 
3 194 231 276 
3 753 738 837 
3 857 837 941 
3 941 1048 964 
3 1159 1072 1048 
3 161 199 231 
3 199 146 178 
3 2046 2132 2067 
3 2027 2113 2046 
3 2067 2154 2084 
3 2005 2092 2027 
3 2100 2084 2169 
3 2005 1978 2070 
3 2100 2187 2115 
3 1978 1947 2037 
3 2115 2200 2130 
3 1947 1916 2011 
3 2211 2146 2130 
3 1916 1884 1984 
3 2164 2146 2227 
3 1939 1884 1868 
3 1756 1830 1868 
3 1648 1724 1756 
3 1615 1724 1648 
3 1397 1474 1505 
3 1580 1615 1505 
3 1288 1369 1397 
3 1262 1288 1179 
3 1077 1161 1179 
3 1052 1161 1077 
3 946 841 926 
3 824 841 739 
3 1030 1052 946 
3 726 824 739 
3 632 726 657 
3 632 570 529 
3 165 198 193 
3 198 185 219 
3 217 253 219 
3 253 252 283 
3 283 275 291 
3 200 168 193 
3 269 291 281 
3 269 260 238 
3 224 196 238 
3 196 224 176 
3 220 183 200 
3 306 414 313 
3 313 255 212 
3 414 485 529 
3 207 174 255 
3 139 207 173 
3 128 173 157 
3 131 157 154 
3 148 154 159 
3 187 172 159 
3 223 187 220 
3 153 176 178 
3 1750 1769 1667 
3 1667 1685 1585 
3 1834 1854 1750 
3 1834 1920 1937 
3 1603 1500 1585 
3 1500 1518 1413 
3 1328 1413 1432 
3 1328 1348 1243 
3 1920 2008 2019 
3 2008 2086 2099 
3 2086 2164 2177 
3 1159 1243 1261 
3 566 492 493 
3 654 566 641 
3 738 753 654 
3 429 416 353 
3 293 375 353 
3 243 326 293 
3 493 492 416 
3 194 276 243 
3 161 231 194 
3 857 753 837 
3 857 941 964 
3 1048 1072 964 
3 1072 1159 1176 
3 146 199 161 
3 146 153 178 
3 2067 2132 2154 
3 2113 2132 2046 
3 2027 2092 2113 
3 2084 2154 2169 
3 2092 2005 2070 
3 2187 2100 2169 
3 1978 2037 2070 
3 2115 2187 2200 
3 1947 2011 2037 
3 2200 2211 2130 
3 1916 1984 2011 
3 2146 2211 2227 
3 1884 1939 1984 
3 2164 2227 2251 
3 1990 1939 1868 
3 1830 1935 1868 
3 1724 1830 1756 
3 1691 1724 1615 
3 1474 1580 1505 
3 1369 1474 1397 
3 1580 1691 1615 
3 1262 1369 1288 
3 1161 1262 1179 
3 1132 1161 1052 
3 841 824 926 
3 1030 946 926 
3 1030 1132 1052 
3 800 824 726 
3 632 699 726 
3 600 632 529 
3 193 198 245 
3 251 198 219 
3 253 274 219 
3 304 253 283 
3 323 283 291 
3 249 200 193 
3 291 269 309 
3 272 269 238 
3 196 230 238 
3 196 176 145 
3 263 220 200 
3 414 306 403 
3 306 313 212 
3 255 174 212 
3 485 600 529 
3 414 403 485 
3 207 139 174 
3 128 139 173 
3 131 128 157 
3 131 154 148 
3 172 148 159 
3 187 223 172 
3 279 223 220 
3 145 176 153 
3 1769 1685 1667 
3 1854 1769 1750 
3 1685 1603 1585 
3 1854 1834 1937 
3 1920 2019 1937 
3 1500 1603 1518 
3 1413 1518 1432 
3 1328 1432 1348 
3 1243 1348 1261 
3 2008 2099 2019 
3 2099 2086 2177 
3 2164 2251 2177 
3 1159 1261 1176 
3 492 566 575 
3 566 654 575 
3 654 753 672 
3 416 311 353 
3 250 293 353 
3 197 243 293 
3 416 492 410 
3 152 194 243 
3 161 194 126 
3 753 857 773 
3 857 964 878 
3 964 1072 984 
3 1089 1072 1176 
3 146 161 119 
3 134 153 146 
3 2132 2209 2154 
3 2132 2113 2194 
3 2092 2175 2113 
3 2154 2225 2169 
3 2156 2092 2070 
3 2187 2169 2249 
3 2037 2121 2070 
3 2187 2262 2200 
3 2011 2094 2037 
3 2211 2200 2278 
3 1984 2072 2011 
3 2211 2290 2227 
3 1939 2034 1984 
3 2227 2306 2251 
3 1939 1990 2034 
3 1935 1990 1868 
3 1897 1935 1830 
3 1797 1830 1724 
3 1691 1797 1724 
3 1552 1580 1474 
3 1446 1474 1369 
3 1657 1691 1580 
3 1346 1369 1262 
3 1161 1242 1262 
3 1161 1132 1242 
3 824 902 926 
3 1004 1030 926 
3 1112 1132 1030 
3 800 902 824 
3 699 800 726 
3 699 632 600 
3 198 251 245 
3 249 193 245 
3 274 251 219 
3 274 253 304 
3 304 283 323 
3 323 291 309 
3 249 263 200 
3 269 272 309 
3 230 272 238 
3 230 196 180 
3 180 196 145 
3 279 220 263 
3 301 403 306 
3 301 306 212 
3 174 222 212 
3 557 600 485 
3 403 445 485 
3 174 139 138 
3 139 128 116 
3 117 128 131 
3 133 131 148 
3 164 148 172 
3 172 223 216 
3 284 223 279 
3 145 153 134 
3 1685 1769 1789 
3 1769 1854 1875 
3 1603 1685 1703 
3 1959 1854 1937 
3 1937 2019 2036 
3 1518 1603 1618 
3 1432 1518 1533 
3 1348 1432 1449 
3 1261 1348 1365 
3 2019 2099 2116 
3 2099 2177 2192 
3 2251 2267 2177 
3 1261 1280 1176 
3 492 575 498 
3 654 672 575 
3 672 753 773 
3 311 250 353 
3 311 416 410 
3 250 197 293 
3 152 243 197 
3 492 498 410 
3 126 194 152 
3 161 126 119 
3 773 857 878 
3 964 984 878 
3 1072 1089 984 
3 1089 1176 1195 
3 120 146 119 
3 146 120 134 
3 2154 2209 2225 
3 2209 2132 2194 
3 2113 2175 2194 
3 2156 2175 2092 
3 2169 2225 2249 
3 2121 2156 2070 
3 2187 2249 2262 
3 2094 2121 2037 
3 2200 2262 2278 
3 2011 2072 2094 
3 2211 2278 2290 
3 2034 2072 1984 
3 2227 2290 2306 
3 2251 2306 2332 
3 1990 2089 2034 
3 1990 1935 2038 
3 1987 1935 1897 
3 1797 1897 1830 
3 1762 1797 1691 
3 1657 1580 1552 
3 1446 1552 1474 
3 1346 1446 1369 
3 1657 1762 1691 
3 1242 1346 1262 
3 1132 1217 1242 
3 902 1004 926 
3 1004 1112 1030 
3 1112 1217 1132 
3 872 902 800 
3 800 699 770 
3 667 699 600 
3 245 251 317 
3 319 249 245 
3 324 251 274 
3 339 274 304 
3 365 304 323 
3 359 323 309 
3 329 263 249 
3 272 330 309 
3 288 272 230 
3 236 230 180 
3 132 180 145 
3 341 279 263 
3 301 445 403 
3 222 301 212 
3 174 138 222 
3 557 667 600 
3 445 557 485 
3 138 139 116 
3 116 128 117 
3 117 131 133 
3 164 133 148 
3 164 172 216 
3 223 284 216 
3 355 284 279 
3 145 134 111 
3 1769 1875 1789 
3 1685 1789 1703 
3 1854 1959 1875 
3 1603 1703 1618 
3 1959 1937 2036 
3 2019 2116 2036 
3 1518 1618 1533 
3 1432 1533 1449 
3 1348 1449 1365 
3 1261 1365 1280 
3 2099 2192 2116 
3 2177 2267 2192 
3 2267 2251 2332 
3 1176 1280 1195 
3 498 575 596 
3 575 672 596 
3 672 773 691 
3 189 250 311 
3 311 410 358 
3 197 250 137 
3 110 152 197 
3 410 498 422 
3 126 152 89 
3 126 76 119 
3 793 773 878 
3 984 899 878 
3 984 1089 1006 
3 1108 1089 1195 
3 88 120 119 
3 134 120 97 
3 2209 2286 2225 
3 2269 2209 2194 
3 2175 2252 2194 
3 2156 2224 2175 
3 2225 2300 2249 
3 2121 2201 2156 
3 2249 2315 2262 
3 2121 2094 2168 
3 2262 2333 2278 
3 2072 2182 2094 
3 2278 2350 2290 
3 2126 2072 2034 
3 2290 2364 2306 
3 2306 2386 2332 
3 2089 2126 2034 
3 2089 1990 2038 
3 1935 1987 2038 
3 1983 1987 1897 
3 1863 1897 1797 
3 1762 1863 1797 
3 1630 1657 1552 
3 1526 1552 1446 
3 1424 1446 1346 
3 1732 1762 1657 
3 1322 1346 1242 
3 1217 1322 1242 
3 1004 902 972 
3 1112 1004 1080 
3 1112 1188 1217 
3 902 872 972 
3 872 800 770 
3 770 699 667 
3 251 324 317 
3 319 245 317 
3 329 249 319 
3 324 274 339 
3 339 304 365 
3 365 323 359 
3 330 359 309 
3 341 263 329 
3 288 330 272 
3 236 288 230 
3 179 236 180 
3 132 179 180 
3 132 145 111 
3 341 355 279 
3 392 445 301 
3 392 301 222 
3 222 138 210 
3 557 623 667 
3 557 445 514 
3 140 138 116 
3 122 116 117 
3 129 117 133 
3 164 163 133 
3 215 164 216 
3 284 287 216 
3 367 284 355 
3 111 134 97 
3 1789 1875 1891 
3 1703 1789 1806 
3 1875 1959 1979 
3 1618 1703 1721 
3 2059 1959 2036 
3 2036 2116 2134 
3 1618 1637 1533 
3 1449 1533 1553 
3 1365 1449 1469 
3 1280 1365 1385 
3 2116 2192 2210 
3 2267 2284 2192 
3 2267 2332 2355 
3 1280 1300 1195 
3 516 498 596 
3 672 691 596 
3 773 793 691 
3 250 189 137 
3 189 311 259 
3 358 410 422 
3 259 311 358 
3 110 197 137 
3 89 152 110 
3 498 516 422 
3 76 126 89 
3 76 88 119 
3 899 793 878 
3 899 984 1006 
3 1089 1108 1006 
3 1108 1195 1213 
3 97 120 88 
3 2225 2286 2300 
3 2209 2269 2286 
3 2252 2269 2194 
3 2175 2224 2252 
3 2201 2224 2156 
3 2249 2300 2315 
3 2201 2121 2168 
3 2262 2315 2333 
3 2094 2182 2168 
3 2278 2333 2350 
3 2072 2126 2182 
3 2290 2350 2364 
3 2306 2364 2386 
3 2386 2408 2332 
3 2126 2089 2183 
3 2140 2089 2038 
3 1987 2083 2038 
3 1987 1983 2083 
3 1863 1983 1897 
3 1835 1863 1762 
3 1732 1657 1630 
3 1526 1630 1552 
3 1424 1526 1446 
3 1322 1424 1346 
3 1732 1835 1762 
3 1217 1295 1322 
3 1080 1004 972 
3 1188 1112 1080 
3 1188 1295 1217 
3 872 936 972 
3 835 872 770 
3 727 770 667 
3 317 324 385 
3 386 319 317 
3 400 329 319 
3 395 324 339 
3 407 339 365 
3 413 365 359 
3 359 330 390 
3 341 329 415 
3 366 330 288 
3 315 288 236 
3 179 258 236 
3 179 132 130 
3 98 132 111 
3 424 355 341 
3 445 392 514 
3 392 222 349 
3 138 140 210 
3 349 222 210 
3 623 727 667 
3 623 557 514 
3 122 140 116 
3 129 122 117 
3 163 129 133 
3 163 164 215 
3 287 215 216 
3 367 287 284 
3 431 367 355 
3 72 111 97 
3 1875 1979 1891 
3 1806 1789 1891 
3 1703 1806 1721 
3 1959 2059 1979 
3 1637 1618 1721 
3 2059 2036 2134 
3 2116 2210 2134 
3 1533 1637 1553 
3 1449 1553 1469 
3 1365 1469 1385 
3 1280 1385 1300 
3 2192 2284 2210 
3 2284 2267 2355 
3 2332 2408 2355 
3 1195 1300 1213 
3 614 516 596 
3 691 614 596 
3 691 793 712 
3 189 101 137 
3 142 189 259 
3 358 422 343 
3 259 358 343 
3 66 110 137 
3 44 89 110 
3 516 437 422 
3 42 76 89 
3 56 88 76 
3 793 899 815 
3 899 1006 919 
3 1006 1108 1023 
3 1125 1108 1213 
3 97 88 65 
3 2286 2358 2300 
3 2269 2345 2286 
3 2252 2319 2269 
3 2224 2298 2252 
3 2201 2270 2224 
3 2300 2375 2315 
3 2201 2168 2240 
3 2315 2385 2333 
3 2168 2182 2240 
3 2333 2400 2350 
3 2126 2226 2182 
3 2350 2419 2364 
3 2364 2439 2386 
3 2408 2386 2461 
3 2089 2140 2183 
3 2226 2126 2183 
3 2083 2140 2038 
3 2083 1983 2087 
3 1863 1942 1983 
3 1942 1863 1835 
3 1705 1732 1630 
3 1526 1605 1630 
3 1501 1526 1424 
3 1398 1424 1322 
3 1732 1811 1835 
3 1295 1398 1322 
3 1038 1080 972 
3 1154 1188 1080 
3 1264 1295 1188 
3 936 1038 972 
3 835 936 872 
3 727 835 770 
3 324 395 385 
3 386 317 385 
3 400 319 386 
3 329 400 415 
3 395 339 407 
3 407 365 413 
3 413 359 390 
3 330 366 390 
3 424 341 415 
3 366 288 315 
3 258 315 236 
3 179 204 258 
3 130 132 98 
3 204 179 130 
3 98 111 72 
3 431 355 424 
3 392 468 514 
3 468 392 349 
3 140 268 210 
3 268 349 210 
3 689 727 623 
3 574 623 514 
3 140 122 184 
3 122 129 151 
3 129 163 177 
3 228 163 215 
3 287 292 215 
3 372 287 367 
3 431 436 367 
3 72 97 65 
3 1891 1979 1997 
3 1911 1806 1891 
3 1806 1827 1721 
3 2059 2082 1979 
3 1637 1721 1740 
3 2059 2134 2161 
3 2134 2210 2230 
3 1637 1658 1553 
3 1553 1573 1469 
3 1469 1487 1385 
3 1300 1385 1404 
3 2284 2302 2210 
3 2368 2284 2355 
3 2408 2436 2355 
3 1300 1318 1213 
3 516 614 534 
3 691 712 614 
3 712 793 815 
3 101 66 137 
3 101 189 142 
3 233 142 259 
3 422 437 343 
3 233 259 343 
3 44 110 66 
3 44 42 89 
3 437 516 534 
3 56 76 42 
3 65 88 56 
3 815 899 919 
3 919 1006 1023 
3 1108 1125 1023 
3 1234 1125 1213 
3 2358 2375 2300 
3 2345 2358 2286 
3 2269 2319 2345 
3 2252 2298 2319 
3 2270 2298 2224 
3 2270 2201 2240 
3 2315 2375 2385 
3 2333 2385 2400 
3 2182 2274 2240 
3 2350 2400 2419 
3 2226 2274 2182 
3 2364 2419 2439 
3 2386 2439 2461 
3 2408 2461 2478 
3 2140 2233 2183 
3 2273 2226 2183 
3 2140 2083 2184 
3 1983 1942 2087 
3 2083 2087 2184 
3 1942 1835 1918 
3 1811 1732 1705 
3 1605 1705 1630 
3 1526 1501 1605 
3 1398 1501 1424 
3 1835 1811 1918 
3 1398 1295 1371 
3 1038 1154 1080 
3 1264 1188 1154 
3 1295 1264 1371 
3 1008 1038 936 
3 835 901 936 
3 791 835 727 
3 395 463 385 
3 466 386 385 
3 476 400 386 
3 415 400 483 
3 469 395 407 
3 471 407 413 
3 457 413 390 
3 366 435 390 
3 495 424 415 
3 391 366 315 
3 315 258 348 
3 258 204 299 
3 130 98 93 
3 149 204 130 
3 98 72 58 
3 501 431 424 
3 468 574 514 
3 409 468 349 
3 268 140 184 
3 268 409 349 
3 689 791 727 
3 574 689 623 
3 184 122 151 
3 151 129 177 
3 177 163 228 
3 292 228 215 
3 372 292 287 
3 436 372 367 
3 436 431 508 
3 64 72 65 
3 1979 2082 1997 
3 1911 1891 1997 
3 1806 1911 1827 
3 1721 1827 1740 
3 2082 2059 2161 
3 1658 1637 1740 
3 2134 2230 2161 
3 2210 2302 2230 
3 1658 1573 1553 
3 1573 1487 1469 
3 1385 1487 1404 
3 1300 1404 1318 
3 2284 2368 2302 
3 2436 2368 2355 
3 2436 2408 2478 
3 1318 1234 1213 
3 614 629 534 
3 712 629 614 
3 712 815 734 
3 101 51 66 
3 75 101 142 
3 125 142 233 
3 437 351 343 
3 351 233 343 
3 48 44 66 
3 54 42 44 
3 437 534 450 
3 68 56 42 
3 65 56 73 
3 838 815 919 
3 938 919 1023 
3 1023 1125 1043 
3 1125 1234 1147 
3 2358 2430 2375 
3 2413 2358 2345 
3 2319 2395 2345 
3 2298 2373 2319 
3 2298 2270 2346 
3 2308 2270 2240 
3 2375 2442 2385 
3 2385 2455 2400 
3 2274 2308 2240 
3 2400 2471 2419 
3 2311 2274 2226 
3 2419 2486 2439 
3 2439 2501 2461 
3 2461 2528 2478 
3 2233 2273 2183 
3 2140 2184 2233 
3 2273 2311 2226 
3 1942 2016 2087 
3 2087 2202 2184 
3 2016 1942 1918 
3 1811 1705 1788 
3 1682 1705 1605 
3 1501 1579 1605 
3 1501 1398 1475 
3 1811 1892 1918 
3 1475 1398 1371 
3 1038 1113 1154 
3 1240 1264 1154 
3 1264 1345 1371 
3 1038 1008 1113 
3 901 1008 936 
3 901 835 791 
3 463 466 385 
3 463 395 469 
3 476 386 466 
3 400 476 483 
3 495 415 483 
3 469 407 471 
3 471 413 457 
3 435 457 390 
3 366 391 435 
3 501 424 495 
3 391 315 348 
3 348 258 299 
3 299 204 246 
3 93 98 58 
3 149 130 93 
3 204 149 246 
3 58 72 64 
3 431 501 508 
3 524 574 468 
3 409 524 468 
3 336 268 184 
3 268 336 409 
3 689 747 791 
3 633 689 574 
3 262 184 151 
3 213 151 177 
3 248 177 228 
3 292 312 228 
3 372 374 292 
3 372 436 442 
3 518 436 508 
3 64 65 73 
3 2082 2104 1997 
3 2018 1911 1997 
3 1827 1911 1931 
3 1827 1848 1740 
3 2082 2161 2188 
3 1658 1740 1763 
3 2230 2261 2161 
3 2302 2326 2230 
3 1573 1658 1678 
3 1487 1573 1593 
3 1487 1509 1404 
3 1404 1422 1318 
3 2302 2368 2380 
3 2368 2436 2463 
3 2436 2478 2505 
3 1338 1234 1318 
3 629 553 534 
3 629 712 734 
3 815 838 734 
3 51 48 66 
3 101 75 51 
3 75 142 125 
3 125 233 229 
3 351 437 450 
3 229 233 351 
3 54 44 48 
3 68 42 54 
3 534 553 450 
3 73 56 68 
3 938 838 919 
3 938 1023 1043 
3 1043 1125 1147 
3 1234 1254 1147 
3 2375 2430 2442 
3 2358 2413 2430 
3 2395 2413 2345 
3 2373 2395 2319 
3 2373 2298 2346 
3 2270 2308 2346 
3 2385 2442 2455 
3 2400 2455 2471 
3 2274 2353 2308 
3 2419 2471 2486 
3 2274 2311 2353 
3 2439 2486 2501 
3 2501 2528 2461 
3 2528 2554 2478 
3 2273 2233 2322 
3 2184 2276 2233 
3 2311 2273 2361 
3 2016 2109 2087 
3 2202 2276 2184 
3 2109 2202 2087 
3 1994 2016 1918 
3 1788 1705 1682 
3 1811 1788 1892 
3 1579 1682 1605 
3 1579 1501 1475 
3 1892 1994 1918 
3 1445 1475 1371 
3 1113 1216 1154 
3 1264 1240 1345 
3 1216 1240 1154 
3 1345 1445 1371 
3 1008 1076 1113 
3 901 966 1008 
3 856 901 791 
3 463 541 466 
3 540 463 469 
3 547 476 466 
3 476 556 483 
3 563 495 483 
3 539 469 471 
3 530 471 457 
3 505 457 435 
3 391 473 435 
3 576 501 495 
3 434 391 348 
3 388 348 299 
3 356 299 246 
3 47 93 58 
3 107 149 93 
3 149 192 246 
3 58 64 55 
3 501 587 508 
3 524 633 574 
3 475 524 409 
3 262 336 184 
3 336 475 409 
3 747 856 791 
3 747 689 633 
3 213 262 151 
3 248 213 177 
3 312 248 228 
3 374 312 292 
3 374 372 442 
3 442 436 518 
3 593 518 508 
3 64 73 74 
3 2104 2018 1997 
3 2104 2082 2188 
3 1911 2018 1931 
3 1848 1827 1931 
3 1740 1848 1763 
3 2161 2261 2188 
3 1678 1658 1763 
3 2326 2261 2230 
3 2302 2380 2326 
3 1573 1678 1593 
3 1509 1487 1593 
3 1509 1422 1404 
3 1422 1338 1318 
3 2368 2463 2380 
3 2463 2436 2505 
3 2478 2554 2505 
3 1234 1338 1254 
3 553 629 650 
3 629 734 650 
3 734 838 754 
3 48 51 82 
3 51 75 86 
3 95 75 125 
3 127 125 229 
3 351 450 368 
3 229 351 368 
3 54 48 81 
3 68 54 83 
3 450 553 472 
3 73 68 85 
3 858 838 938 
3 938 1043 962 
3 1067 1043 1147 
3 1254 1168 1147 
3 2430 2495 2442 
3 2430 2413 2485 
3 2395 2468 2413 
3 2373 2446 2395 
3 2373 2346 2417 
3 2308 2382 2346 
3 2442 2506 2455 
3 2455 2519 2471 
3 2308 2353 2382 
3 2471 2536 2486 
3 2353 2311 2393 
3 2486 2551 2501 
3 2501 2567 2528 
3 2528 2586 2554 
3 2233 2276 2322 
3 2273 2322 2361 
3 2311 2361 2393 
3 2096 2109 2016 
3 2202 2294 2276 
3 2109 2196 2202 
3 1994 2096 2016 
3 1760 1788 1682 
3 1892 1788 1865 
3 1654 1682 1579 
3 1550 1579 1475 
3 1970 1994 1892 
3 1445 1550 1475 
3 1178 1216 1113 
3 1240 1316 1345 
3 1316 1240 1216 
3 1418 1445 1345 
3 1076 1178 1113 
3 966 1076 1008 
3 966 901 856 
3 541 547 466 
3 541 463 540 
3 539 540 469 
3 556 476 547 
3 556 563 483 
3 576 495 563 
3 530 539 471 
3 505 530 457 
3 473 505 435 
3 473 391 434 
3 576 587 501 
3 388 434 348 
3 356 388 299 
3 314 356 246 
3 107 93 47 
3 47 58 55 
3 192 149 107 
3 192 314 246 
3 55 64 74 
3 587 593 508 
3 588 633 524 
3 475 588 524 
3 411 336 262 
3 336 411 475 
3 811 856 747 
3 698 747 633 
3 338 262 213 
3 298 213 248 
3 312 331 248 
3 312 374 387 
3 456 374 442 
3 525 442 518 
3 604 518 593 
3 74 73 85 
3 2104 2125 2018 
3 2208 2104 2188 
3 2018 2039 1931 
3 1848 1931 1954 
3 1848 1869 1763 
3 2261 2288 2188 
3 1782 1678 1763 
3 2359 2261 2326 
3 2380 2409 2326 
3 1678 1699 1593 
3 1612 1509 1593 
3 1509 1528 1422 
3 1422 1442 1338 
3 2463 2450 2380 
3 2549 2463 2505 
3 2554 2580 2505 
3 1338 1358 1254 
3 572 553 650 
3 734 754 650 
3 838 858 754 
3 51 86 82 
3 81 48 82 
3 86 75 95 
3 95 125 127 
3 127 229 232 
3 450 472 368 
3 232 229 368 
3 83 54 81 
3 85 68 83 
3 472 553 572 
3 858 938 962 
3 1043 1067 962 
3 1168 1067 1147 
3 1254 1270 1168 
3 2442 2495 2506 
3 2430 2485 2495 
3 2413 2468 2485 
3 2446 2468 2395 
3 2446 2373 2417 
3 2346 2382 2417 
3 2455 2506 2519 
3 2471 2519 2536 
3 2353 2424 2382 
3 2486 2536 2551 
3 2353 2393 2424 
3 2551 2567 2501 
3 2567 2586 2528 
3 2586 2616 2554 
3 2276 2369 2322 
3 2322 2410 2361 
3 2361 2444 2393 
3 2109 2096 2196 
3 2276 2294 2369 
3 2196 2294 2202 
3 2076 2096 1994 
3 1788 1760 1865 
3 1654 1760 1682 
3 1970 1892 1865 
3 1654 1579 1550 
3 1970 2076 1994 
3 1445 1523 1550 
3 1178 1285 1216 
3 1316 1418 1345 
3 1285 1316 1216 
3 1523 1445 1418 
3 1178 1076 1140 
3 1028 1076 966 
3 918 966 856 
3 547 541 626 
3 621 541 540 
3 618 540 539 
3 639 556 547 
3 639 563 556 
3 652 576 563 
3 612 539 530 
3 505 603 530 
3 590 505 473 
3 511 473 434 
3 666 587 576 
3 481 434 388 
3 444 388 356 
3 314 420 356 
3 107 47 37 
3 30 47 55 
3 136 192 107 
3 261 314 192 
3 55 74 41 
3 593 587 677 
3 588 698 633 
3 533 588 475 
3 338 411 262 
3 411 533 475 
3 811 918 856 
3 698 811 747 
3 298 338 213 
3 331 298 248 
3 312 387 331 
3 387 374 456 
3 525 456 442 
3 604 525 518 
3 681 604 593 
3 74 85 63 
3 2018 2125 2039 
3 2104 2208 2125 
3 2288 2208 2188 
3 1931 2039 1954 
3 1848 1954 1869 
3 1869 1782 1763 
3 2261 2359 2288 
3 1678 1782 1699 
3 2409 2359 2326 
3 2380 2450 2409 
3 1699 1612 1593 
3 1509 1612 1528 
3 1422 1528 1442 
3 1338 1442 1358 
3 2463 2514 2450 
3 2463 2549 2514 
3 2580 2549 2505 
3 2616 2580 2554 
3 1254 1358 1270 
3 572 650 675 
3 650 754 675 
3 754 858 775 
3 86 105 82 
3 99 81 82 
3 109 86 95 
3 121 95 127 
3 135 127 232 
3 472 373 368 
3 373 232 368 
3 90 83 81 
3 79 85 83 
3 472 572 488 
3 879 858 962 
3 1067 980 962 
3 1067 1168 1085 
3 1168 1270 1187 
3 2495 2568 2506 
3 2485 2557 2495 
3 2468 2541 2485 
3 2517 2468 2446 
3 2488 2446 2417 
3 2382 2460 2417 
3 2506 2574 2519 
3 2519 2581 2536 
3 2382 2424 2460 
3 2536 2596 2551 
3 2393 2470 2424 
3 2608 2567 2551 
3 2567 2625 2586 
3 2586 2655 2616 
3 2369 2410 2322 
3 2410 2444 2361 
3 2444 2470 2393 
3 2096 2179 2196 
3 2294 2389 2369 
3 2196 2285 2294 
3 2076 2179 2096 
3 1760 1837 1865 
3 1760 1654 1731 
3 1946 1970 1865 
3 1627 1654 1550 
3 2054 2076 1970 
3 1523 1627 1550 
3 1248 1285 1178 
3 1391 1418 1316 
3 1285 1391 1316 
3 1494 1523 1418 
3 1076 1028 1140 
3 1248 1178 1140 
3 1028 966 918 
3 541 621 626 
3 639 547 626 
3 618 621 540 
3 612 618 539 
3 639 652 563 
3 652 666 576 
3 603 612 530 
3 603 505 590 
3 511 590 473 
3 481 511 434 
3 587 666 677 
3 444 481 388 
3 420 444 356 
3 381 420 314 
3 37 47 30 
3 136 107 37 
3 30 55 41 
3 261 192 136 
3 381 314 261 
3 41 74 63 
3 681 593 677 
3 588 644 698 
3 588 533 644 
3 480 411 338 
3 480 533 411 
3 876 918 811 
3 765 811 698 
3 423 338 298 
3 382 298 331 
3 387 421 331 
3 482 387 456 
3 525 542 456 
3 617 525 604 
3 692 604 681 
3 85 79 63 
3 2125 2149 2039 
3 2208 2232 2125 
3 2208 2288 2310 
3 2039 2062 1954 
3 1954 1973 1869 
3 1869 1889 1782 
3 2359 2384 2288 
3 1699 1782 1801 
3 2443 2359 2409 
3 2450 2480 2409 
3 1699 1715 1612 
3 1612 1631 1528 
3 1528 1544 1442 
3 1442 1459 1358 
3 2450 2514 2480 
3 2549 2589 2514 
3 2580 2623 2549 
3 2616 2657 2580 
3 1358 1374 1270 
3 572 675 592 
3 675 754 775 
3 858 879 775 
3 105 99 82 
3 105 86 109 
3 99 90 81 
3 109 95 121 
3 121 127 135 
3 239 135 232 
3 373 472 488 
3 239 232 373 
3 79 83 90 
3 488 572 592 
3 980 879 962 
3 980 1067 1085 
3 1168 1187 1085 
3 1187 1270 1291 
3 2568 2574 2506 
3 2495 2557 2568 
3 2485 2541 2557 
3 2468 2517 2541 
3 2488 2517 2446 
3 2460 2488 2417 
3 2519 2574 2581 
3 2581 2596 2536 
3 2424 2493 2460 
3 2596 2608 2551 
3 2470 2493 2424 
3 2567 2608 2625 
3 2586 2625 2655 
3 2655 2689 2616 
3 2369 2466 2410 
3 2444 2410 2498 
3 2444 2527 2470 
3 2179 2285 2196 
3 2389 2466 2369 
3 2294 2285 2389 
3 2076 2162 2179 
3 1837 1946 1865 
3 1837 1760 1731 
3 1731 1654 1627 
3 2054 1970 1946 
3 2076 2054 2162 
3 1596 1627 1523 
3 1248 1355 1285 
3 1391 1494 1418 
3 1355 1391 1285 
3 1494 1596 1523 
3 1028 1098 1140 
3 1205 1248 1140 
3 985 1028 918 
3 626 621 710 
3 718 639 626 
3 700 621 618 
3 694 618 612 
3 740 652 639 
3 748 666 652 
3 612 603 688 
3 678 603 590 
3 561 590 511 
3 561 511 481 
3 666 759 677 
3 538 481 444 
3 420 512 444 
3 490 420 381 
3 37 30 17 
3 80 136 37 
3 20 30 41 
3 261 136 201 
3 347 381 261 
3 28 41 63 
3 769 681 677 
3 644 765 698 
3 533 599 644 
3 423 480 338 
3 599 533 480 
3 876 985 918 
3 765 876 811 
3 382 423 298 
3 421 382 331 
3 482 421 387 
3 542 482 456 
3 542 525 617 
3 692 617 604 
3 781 692 681 
3 63 79 40 
3 2039 2149 2062 
3 2125 2232 2149 
3 2232 2208 2310 
3 2288 2384 2310 
3 1954 2062 1973 
3 1869 1973 1889 
3 1782 1889 1801 
3 2359 2443 2384 
3 1715 1699 1801 
3 2480 2443 2409 
3 1612 1715 1631 
3 1528 1631 1544 
3 1442 1544 1459 
3 1358 1459 1374 
3 2514 2561 2480 
3 2589 2561 2514 
3 2623 2589 2549 
3 2657 2623 2580 
3 2689 2657 2616 
3 1270 1374 1291 
3 675 690 592 
3 690 675 775 
3 775 879 792 
3 99 105 100 
3 105 109 112 
3 84 90 99 
3 109 121 123 
3 121 135 123 
3 135 239 141 
3 373 488 379 
3 239 373 379 
3 62 79 90 
3 500 488 592 
3 879 980 896 
3 1001 980 1085 
3 1085 1187 1101 
3 1203 1187 1291 
3 2574 2568 2633 
3 2557 2622 2568 
3 2541 2606 2557 
3 2541 2517 2584 
3 2517 2488 2565 
3 2488 2460 2535 
3 2574 2635 2581 
3 2596 2581 2640 
3 2460 2493 2535 
3 2596 2650 2608 
3 2470 2547 2493 
3 2608 2662 2625 
3 2625 2686 2655 
3 2715 2689 2655 
3 2410 2466 2498 
3 2527 2444 2498 
3 2470 2527 2547 
3 2179 2266 2285 
3 2389 2482 2466 
3 2389 2285 2371 
3 2179 2162 2266 
3 1919 1946 1837 
3 1808 1837 1731 
3 1702 1731 1627 
3 2028 2054 1946 
3 2054 2135 2162 
3 1596 1702 1627 
3 1355 1248 1315 
3 1494 1391 1458 
3 1391 1355 1458 
3 1566 1596 1494 
3 1098 1205 1140 
3 985 1098 1028 
3 1315 1248 1205 
3 621 700 710 
3 718 626 710 
3 740 639 718 
3 700 618 694 
3 694 612 688 
3 748 652 740 
3 759 666 748 
3 688 603 678 
3 653 678 590 
3 653 590 561 
3 538 561 481 
3 759 769 677 
3 512 538 444 
3 420 490 512 
3 490 381 458 
3 17 30 20 
3 80 37 17 
3 136 80 201 
3 28 20 41 
3 347 261 201 
3 381 347 458 
3 28 63 40 
3 781 681 769 
3 714 765 644 
3 599 714 644 
3 546 480 423 
3 546 599 480 
3 935 985 876 
3 830 876 765 
3 499 423 382 
3 464 382 421 
3 482 528 421 
3 542 571 482 
3 630 542 617 
3 692 708 617 
3 794 692 781 
3 79 62 40 
3 2149 2166 2062 
3 2232 2253 2149 
3 2334 2232 2310 
3 2384 2407 2310 
3 2062 2079 1973 
3 1973 1993 1889 
3 1889 1905 1801 
3 2443 2473 2384 
3 1819 1715 1801 
3 2522 2443 2480 
3 1631 1715 1734 
3 1631 1649 1544 
3 1544 1562 1459 
3 1459 1480 1374 
3 2561 2522 2480 
3 2561 2589 2644 
3 2589 2623 2670 
3 2623 2657 2700 
3 2657 2689 2732 
3 1374 1394 1291 
3 690 608 592 
3 690 775 792 
3 879 896 792 
3 100 105 112 
3 84 99 100 
3 112 109 123 
3 62 90 84 
3 123 135 141 
3 141 239 247 
3 379 488 500 
3 239 379 247 
3 608 500 592 
3 980 1001 896 
3 1001 1085 1101 
3 1187 1203 1101 
3 1203 1291 1305 
3 2568 2622 2633 
3 2635 2574 2633 
3 2557 2606 2622 
3 2541 2584 2606 
3 2517 2565 2584 
3 2488 2535 2565 
3 2581 2635 2640 
3 2650 2596 2640 
3 2493 2571 2535 
3 2608 2650 2662 
3 2547 2571 2493 
3 2662 2686 2625 
3 2686 2715 2655 
3 2715 2769 2689 
3 2466 2564 2498 
3 2527 2498 2583 
3 2527 2602 2547 
3 2285 2266 2371 
3 2466 2482 2520 
3 2389 2371 2482 
3 2266 2162 2250 
3 1919 2028 1946 
3 1808 1919 1837 
3 1702 1808 1731 
3 2135 2054 2028 
3 2162 2135 2250 
3 1673 1702 1596 
3 1426 1355 1315 
3 1566 1494 1458 
3 1355 1426 1458 
3 1566 1673 1596 
3 1098 1162 1205 
3 1050 1098 985 
3 1271 1315 1205 
3 710 700 795 
3 806 718 710 
3 822 740 718 
3 700 694 787 
3 777 694 688 
3 748 740 833 
3 759 748 845 
3 766 688 678 
3 678 653 746 
3 628 653 561 
3 628 561 538 
3 759 855 769 
3 606 538 512 
3 490 583 512 
3 559 490 458 
3 8 17 20 
3 25 80 17 
3 80 150 201 
3 20 28 15 
3 300 347 201 
3 458 347 428 
3 24 28 40 
3 869 781 769 
3 830 765 714 
3 714 599 665 
3 499 546 423 
3 599 546 665 
3 935 1050 985 
3 935 876 830 
3 464 499 382 
3 528 464 421 
3 571 528 482 
3 542 630 571 
3 708 630 617 
3 794 708 692 
3 886 794 781 
3 40 62 35 
3 2062 2166 2079 
3 2149 2253 2166 
3 2232 2334 2253 
3 2407 2334 2310 
3 2384 2473 2407 
3 1973 2079 1993 
3 1889 1993 1905 
3 1905 1819 1801 
3 2443 2522 2473 
3 1715 1819 1734 
3 1649 1631 1734 
3 1544 1649 1562 
3 1562 1480 1459 
3 1374 1480 1394 
3 2522 2561 2605 
3 2589 2670 2644 
3 2605 2561 2644 
3 2623 2700 2670 
3 2657 2732 2700 
3 2689 2769 2732 
3 1291 1394 1305 
3 608 690 711 
3 711 690 792 
3 896 812 792 
3 100 112 92 
3 84 100 69 
3 104 112 123 
3 62 84 46 
3 118 123 141 
3 147 141 247 
3 379 500 397 
3 379 397 247 
3 500 608 519 
3 896 1001 913 
3 1001 1101 1015 
3 1203 1119 1101 
3 1203 1305 1221 
3 2622 2688 2633 
3 2635 2633 2684 
3 2606 2679 2622 
3 2584 2659 2606 
3 2565 2636 2584 
3 2535 2601 2565 
3 2635 2681 2640 
3 2682 2650 2640 
3 2571 2601 2535 
3 2650 2693 2662 
3 2547 2613 2571 
3 2662 2710 2686 
3 2715 2686 2743 
3 2769 2715 2784 
3 2498 2564 2583 
3 2466 2520 2564 
3 2602 2527 2583 
3 2547 2602 2613 
3 2266 2354 2371 
3 2556 2520 2482 
3 2371 2454 2482 
3 2266 2250 2354 
3 2000 2028 1919 
3 1888 1919 1808 
3 1702 1780 1808 
3 2135 2028 2108 
3 2135 2220 2250 
3 1702 1673 1780 
3 1382 1426 1315 
3 1531 1566 1458 
3 1426 1531 1458 
3 1638 1673 1566 
3 1162 1271 1205 
3 1050 1162 1098 
3 1271 1382 1315 
3 795 700 787 
3 806 710 795 
3 806 822 718 
3 740 822 833 
3 787 694 777 
3 766 777 688 
3 845 748 833 
3 855 759 845 
3 766 678 746 
3 653 723 746 
3 723 653 628 
3 628 538 606 
3 855 869 769 
3 583 606 512 
3 490 559 583 
3 536 559 458 
3 25 17 8 
3 8 20 15 
3 150 80 25 
3 150 300 201 
3 28 24 15 
3 347 300 428 
3 536 458 428 
3 24 40 35 
3 886 781 869 
3 780 830 714 
3 780 714 665 
3 619 546 499 
3 665 546 619 
3 1007 1050 935 
3 893 935 830 
3 464 564 499 
3 564 464 528 
3 616 528 571 
3 630 664 571 
3 708 731 630 
3 810 708 794 
3 810 794 886 
3 62 46 35 
3 2166 2185 2079 
3 2253 2268 2166 
3 2334 2352 2253 
3 2334 2407 2432 
3 2473 2497 2407 
3 1993 2079 2097 
3 1993 2013 1905 
3 1819 1905 1925 
3 2522 2560 2473 
3 1819 1840 1734 
3 1753 1649 1734 
3 1649 1668 1562 
3 1480 1562 1584 
3 1480 1495 1394 
3 2522 2605 2560 
3 2670 2718 2644 
3 2605 2644 2691 
3 2700 2755 2670 
3 2700 2732 2796 
3 2769 2820 2732 
3 1394 1410 1305 
3 608 711 622 
3 812 711 792 
3 812 896 913 
3 92 112 104 
3 69 100 92 
3 46 84 69 
3 104 123 118 
3 118 141 147 
3 147 247 264 
3 397 500 519 
3 247 397 264 
3 519 608 622 
3 913 1001 1015 
3 1101 1119 1015 
3 1119 1203 1221 
3 1305 1323 1221 
3 2633 2688 2684 
3 2679 2688 2622 
3 2635 2684 2681 
3 2659 2679 2606 
3 2584 2636 2659 
3 2601 2636 2565 
3 2681 2682 2640 
3 2650 2682 2693 
3 2571 2643 2601 
3 2662 2693 2710 
3 2571 2613 2643 
3 2686 2710 2743 
3 2715 2743 2784 
3 2832 2769 2784 
3 2564 2656 2583 
3 2520 2611 2564 
3 2602 2583 2669 
3 2602 2676 2613 
3 2354 2454 2371 
3 2520 2556 2611 
3 2454 2556 2482 
3 2250 2335 2354 
3 2028 2000 2108 
3 2000 1919 1888 
3 1780 1888 1808 
3 2220 2135 2108 
3 2220 2335 2250 
3 1673 1746 1780 
3 1426 1382 1493 
3 1531 1638 1566 
3 1531 1426 1493 
3 1673 1638 1746 
3 1162 1227 1271 
3 1162 1050 1117 
3 1341 1382 1271 
3 882 795 787 
3 895 806 795 
3 908 822 806 
3 833 822 921 
3 873 787 777 
3 766 861 777 
3 932 845 833 
3 944 855 845 
3 843 766 746 
3 746 723 829 
3 723 628 703 
3 703 628 606 
3 869 855 958 
3 683 606 583 
3 559 660 583 
3 635 559 536 
3 25 8 7 
3 5 8 15 
3 150 25 113 
3 300 150 256 
3 24 14 15 
3 300 393 428 
3 507 536 428 
3 23 24 35 
3 886 869 975 
3 893 830 780 
3 728 780 665 
3 564 619 499 
3 728 665 619 
3 1050 1007 1117 
3 1007 935 893 
3 631 564 528 
3 631 528 616 
3 664 616 571 
3 731 664 630 
3 731 708 810 
3 810 886 914 
3 35 46 33 
3 2079 2185 2097 
3 2166 2268 2185 
3 2253 2352 2268 
3 2334 2432 2352 
3 2407 2497 2432 
3 2473 2560 2497 
3 2013 1993 2097 
3 1905 2013 1925 
3 1819 1925 1840 
3 1840 1753 1734 
3 1753 1668 1649 
3 1562 1668 1584 
3 1495 1480 1584 
3 1394 1495 1410 
3 2605 2654 2560 
3 2644 2718 2691 
3 2670 2755 2718 
3 2654 2605 2691 
3 2755 2700 2796 
3 2732 2820 2796 
3 2769 2832 2820 
3 1305 1410 1323 
3 711 722 622 
3 711 812 722 
3 812 913 831 
3 87 92 104 
3 57 69 92 
3 46 69 39 
3 96 104 118 
3 108 118 147 
3 144 147 264 
3 397 519 417 
3 397 417 264 
3 519 622 531 
3 913 1015 929 
3 1119 1033 1015 
3 1119 1221 1137 
3 1221 1323 1236 
3 2688 2731 2684 
3 2738 2688 2679 
3 2684 2720 2681 
3 2659 2726 2679 
3 2636 2702 2659 
3 2601 2674 2636 
3 2706 2682 2681 
3 2682 2707 2693 
3 2601 2643 2674 
3 2693 2725 2710 
3 2613 2685 2643 
3 2710 2753 2743 
3 2743 2790 2784 
3 2830 2832 2784 
3 2583 2656 2669 
3 2611 2656 2564 
3 2676 2602 2669 
3 2676 2685 2613 
3 2440 2454 2354 
3 2556 2621 2611 
3 2454 2543 2556 
3 2335 2440 2354 
3 2000 2081 2108 
3 1968 2000 1888 
3 1853 1888 1780 
3 2195 2220 2108 
3 2220 2307 2335 
3 1746 1853 1780 
3 1382 1448 1493 
3 1600 1638 1531 
3 1600 1531 1493 
3 1638 1710 1746 
3 1227 1341 1271 
3 1227 1162 1117 
3 1448 1382 1341 
3 882 895 795 
3 873 882 787 
3 908 806 895 
3 822 908 921 
3 932 833 921 
3 861 873 777 
3 861 766 843 
3 932 944 845 
3 958 855 944 
3 843 746 829 
3 723 805 829 
3 805 723 703 
3 683 703 606 
3 975 869 958 
3 660 683 583 
3 660 559 635 
3 635 536 615 
3 8 5 7 
3 113 25 7 
3 14 5 15 
3 256 150 113 
3 393 300 256 
3 23 14 24 
3 393 507 428 
3 536 507 615 
3 23 35 33 
3 998 886 975 
3 844 893 780 
3 844 780 728 
3 684 619 564 
3 684 728 619 
3 1007 1075 1117 
3 959 1007 893 
3 631 684 564 
3 705 631 616 
3 664 704 616 
3 768 664 731 
3 731 810 836 
3 886 998 914 
3 836 810 914 
3 33 46 39 
3 2185 2203 2097 
3 2268 2287 2185 
3 2352 2372 2268 
3 2432 2451 2352 
3 2497 2529 2432 
3 2560 2593 2497 
3 2117 2013 2097 
3 2013 2031 1925 
3 1925 1943 1840 
3 1858 1753 1840 
3 1775 1668 1753 
3 1668 1687 1584 
3 1495 1584 1598 
3 1495 1510 1410 
3 2560 2654 2593 
3 2718 2785 2691 
3 2755 2809 2718 
3 2751 2654 2691 
3 2838 2755 2796 
3 2820 2851 2796 
3 2832 2861 2820 
3 1410 1416 1323 
3 622 722 636 
3 722 812 831 
3 831 913 929 
3 57 92 87 
3 87 104 96 
3 69 57 39 
3 108 96 118 
3 144 108 147 
3 286 144 264 
3 417 519 531 
3 417 286 264 
3 531 622 636 
3 1015 1033 929 
3 1033 1119 1137 
3 1137 1221 1236 
3 1323 1327 1236 
3 2731 2720 2684 
3 2688 2738 2731 
3 2726 2738 2679 
3 2720 2706 2681 
3 2659 2702 2726 
3 2636 2674 2702 
3 2707 2682 2706 
3 2693 2707 2725 
3 2643 2705 2674 
3 2710 2725 2753 
3 2643 2685 2705 
3 2753 2790 2743 
3 2790 2830 2784 
3 2830 2860 2832 
3 2656 2749 2669 
3 2712 2656 2611 
3 2748 2676 2669 
3 2676 2744 2685 
3 2543 2454 2440 
3 2621 2712 2611 
3 2543 2621 2556 
3 2335 2426 2440 
3 2081 2195 2108 
3 2000 1968 2081 
3 1853 1968 1888 
3 2195 2307 2220 
3 2307 2426 2335 
3 1746 1816 1853 
3 1448 1556 1493 
3 1710 1638 1600 
3 1556 1600 1493 
3 1746 1710 1816 
3 1227 1296 1341 
3 1184 1227 1117 
3 1407 1448 1341 
3 982 895 882 
3 969 882 873 
3 996 908 895 
3 908 1011 921 
3 1020 932 921 
3 873 861 956 
3 939 861 843 
3 932 1034 944 
3 1047 958 944 
3 924 843 829 
3 805 907 829 
3 805 703 786 
3 786 703 683 
3 1065 975 958 
3 763 683 660 
3 741 660 635 
3 717 635 615 
3 7 5 1 
3 50 113 7 
3 5 14 4 
3 211 256 113 
3 370 393 256 
3 14 23 13 
3 393 484 507 
3 507 591 615 
3 22 23 33 
3 1084 998 975 
3 959 893 844 
3 799 844 728 
3 799 728 684 
3 1075 1184 1117 
3 1075 1007 959 
3 750 684 631 
3 705 750 631 
3 704 705 616 
3 664 768 704 
3 768 731 836 
3 998 1022 914 
3 947 836 914 
3 32 33 39 
3 2203 2117 2097 
3 2185 2287 2203 
3 2268 2372 2287 
3 2352 2451 2372 
3 2432 2529 2451 
3 2497 2593 2529 
3 2117 2031 2013 
3 1925 2031 1943 
3 1943 1858 1840 
3 1858 1775 1753 
3 1668 1775 1687 
3 1584 1687 1598 
3 1510 1495 1598 
3 1410 1510 1416 
3 2654 2697 2593 
3 2785 2751 2691 
3 2809 2785 2718 
3 2755 2838 2809 
3 2751 2697 2654 
3 2851 2838 2796 
3 2820 2861 2851 
3 2832 2860 2861 
3 1323 1416 1327 
3 636 722 742 
3 722 831 742 
3 831 929 846 
3 49 57 87 
3 78 87 96 
3 39 57 36 
3 96 108 91 
3 102 108 144 
3 155 144 286 
3 432 417 531 
3 286 417 432 
3 531 636 543 
3 929 1033 950 
3 1033 1137 1049 
3 1150 1137 1236 
3 1327 1238 1236 
3 2731 2774 2720 
3 2731 2738 2791 
3 2738 2726 2799 
3 2720 2742 2706 
3 2702 2775 2726 
3 2674 2734 2702 
3 2721 2707 2706 
3 2707 2722 2725 
3 2674 2705 2734 
3 2725 2745 2753 
3 2685 2746 2705 
3 2779 2790 2753 
3 2790 2813 2830 
3 2830 2847 2860 
3 2749 2748 2669 
3 2656 2712 2749 
3 2744 2676 2748 
3 2685 2744 2746 
3 2545 2543 2440 
3 2712 2621 2672 
3 2621 2543 2672 
3 2426 2545 2440 
3 2170 2195 2081 
3 1968 2047 2081 
3 1926 1968 1853 
3 2307 2195 2283 
3 2307 2401 2426 
3 1816 1926 1853 
3 1517 1556 1448 
3 1669 1710 1600 
3 1556 1669 1600 
3 1710 1779 1816 
3 1296 1407 1341 
3 1296 1227 1184 
3 1407 1517 1448 
3 996 895 982 
3 982 882 969 
3 969 873 956 
3 1011 908 996 
3 1011 1020 921 
3 1034 932 1020 
3 861 939 956 
3 939 843 924 
3 1034 1047 944 
3 1047 1065 958 
3 907 924 829 
3 907 805 891 
3 805 786 891 
3 786 683 763 
3 1065 1084 975 
3 763 660 741 
3 741 635 717 
3 695 717 615 
3 5 4 1 
3 50 7 1 
3 211 113 50 
3 4 14 13 
3 370 256 211 
3 484 393 370 
3 13 23 22 
3 507 484 591 
3 591 695 615 
3 22 33 32 
3 1104 998 1084 
3 912 959 844 
3 799 912 844 
3 750 799 684 
3 1184 1075 1138 
3 1075 959 1025 
3 750 705 825 
3 784 705 704 
3 768 826 704 
3 880 768 836 
3 1022 947 914 
3 1104 1022 998 
3 947 880 836 
3 32 39 36 
3 2203 2222 2117 
3 2287 2304 2203 
3 2372 2391 2287 
3 2451 2475 2372 
3 2529 2555 2451 
3 2593 2629 2529 
3 2031 2117 2139 
3 2031 2052 1943 
3 1858 1943 1966 
3 1775 1858 1882 
3 1775 1796 1687 
3 1687 1706 1598 
3 1510 1598 1626 
3 1510 1512 1416 
3 2593 2697 2629 
3 2751 2785 2846 
3 2785 2809 2846 
3 2838 2865 2809 
3 2751 2823 2697 
3 2838 2851 2876 
3 2861 2893 2851 
3 2860 2886 2861 
3 1327 1416 1423 
3 636 742 649 
3 742 831 846 
3 846 929 950 
3 57 49 36 
3 49 87 78 
3 78 96 91 
3 108 102 91 
3 102 144 155 
3 155 286 310 
3 432 531 543 
3 310 286 432 
3 543 636 649 
3 1033 1049 950 
3 1137 1150 1049 
3 1238 1150 1236 
3 1327 1331 1238 
3 2720 2774 2742 
3 2774 2731 2791 
3 2738 2799 2791 
3 2726 2775 2799 
3 2742 2721 2706 
3 2702 2734 2775 
3 2707 2721 2722 
3 2725 2722 2745 
3 2705 2770 2734 
3 2745 2779 2753 
3 2705 2746 2770 
3 2813 2790 2779 
3 2813 2847 2830 
3 2847 2874 2860 
3 2749 2826 2748 
3 2749 2712 2811 
3 2744 2748 2808 
3 2744 2798 2746 
3 2543 2545 2672 
3 2712 2672 2811 
3 2545 2426 2523 
3 2195 2170 2283 
3 2047 2170 2081 
3 2047 1968 1926 
3 2307 2283 2401 
3 2426 2401 2523 
3 1890 1926 1816 
3 1517 1624 1556 
3 1669 1779 1710 
3 1624 1669 1556 
3 1779 1890 1816 
3 1407 1296 1361 
3 1296 1184 1250 
3 1517 1407 1472 
3 1082 996 982 
3 982 969 1071 
3 1058 969 956 
3 1096 1011 996 
3 1107 1020 1011 
3 1122 1034 1020 
3 956 939 1041 
3 1026 939 924 
3 1134 1047 1034 
3 1065 1047 1152 
3 907 1013 924 
3 994 907 891 
3 786 866 891 
3 866 786 763 
3 1065 1170 1084 
3 842 763 741 
3 823 741 717 
3 802 717 695 
3 4 0 1 
3 19 50 1 
3 181 211 50 
3 3 4 13 
3 334 370 211 
3 484 370 460 
3 12 13 22 
3 591 484 568 
3 695 591 676 
3 21 22 32 
3 1189 1104 1084 
3 1025 959 912 
3 799 867 912 
3 867 799 750 
3 1138 1075 1025 
3 1250 1184 1138 
3 705 784 825 
3 867 750 825 
3 826 784 704 
3 826 768 880 
3 1060 947 1022 
3 1133 1022 1104 
3 995 880 947 
3 29 32 36 
3 2117 2222 2139 
3 2304 2222 2203 
3 2287 2391 2304 
3 2372 2475 2391 
3 2451 2555 2475 
3 2529 2629 2555 
3 2031 2139 2052 
3 1943 2052 1966 
3 1882 1858 1966 
3 1775 1882 1796 
3 1796 1706 1687 
3 1598 1706 1626 
3 1512 1510 1626 
3 1416 1512 1423 
3 2697 2768 2629 
3 2823 2751 2846 
3 2809 2865 2846 
3 2865 2838 2876 
3 2697 2823 2768 
3 2851 2893 2876 
3 2861 2886 2893 
3 2874 2886 2860 
3 1331 1327 1423 
3 649 742 760 
3 742 846 760 
3 846 950 865 
3 36 49 38 
3 52 49 78 
3 70 78 91 
3 102 71 91 
3 102 155 94 
3 170 155 310 
3 438 432 543 
3 310 432 438 
3 543 649 555 
3 1049 968 950 
3 1049 1150 1064 
3 1238 1146 1150 
3 1238 1331 1229 
3 2774 2780 2742 
3 2810 2774 2791 
3 2799 2817 2791 
3 2775 2814 2799 
3 2721 2742 2737 
3 2734 2801 2775 
3 2721 2714 2722 
3 2722 2719 2745 
3 2770 2801 2734 
3 2745 2747 2779 
3 2746 2792 2770 
3 2788 2813 2779 
3 2847 2813 2824 
3 2847 2856 2874 
3 2826 2815 2748 
3 2749 2811 2826 
3 2748 2815 2808 
3 2798 2744 2808 
3 2746 2798 2792 
3 2545 2677 2672 
3 2672 2677 2811 
3 2545 2523 2677 
3 2170 2254 2283 
3 2047 2136 2170 
3 1996 2047 1926 
3 2283 2367 2401 
3 2401 2490 2523 
3 1890 1996 1926 
3 1624 1517 1583 
3 1779 1669 1737 
3 1669 1624 1737 
3 1779 1847 1890 
3 1361 1296 1250 
3 1472 1407 1361 
3 1583 1517 1472 
3 1096 996 1082 
3 1082 982 1071 
3 1071 969 1058 
3 1058 956 1041 
3 1107 1011 1096 
3 1107 1122 1020 
3 1122 1134 1034 
3 939 1026 1041 
3 1013 1026 924 
3 1047 1134 1152 
3 1170 1065 1152 
3 1013 907 994 
3 971 994 891 
3 866 971 891 
3 866 763 842 
3 1170 1189 1084 
3 842 741 823 
3 823 717 802 
3 802 695 782 
3 0 19 1 
3 0 4 3 
3 181 50 19 
3 334 211 181 
3 12 3 13 
3 460 370 334 
3 568 484 460 
3 12 22 21 
3 591 568 676 
3 782 695 676 
3 21 32 29 
3 1104 1189 1215 
3 981 1025 912 
3 867 981 912 
3 1138 1025 1090 
3 1250 1138 1202 
3 825 784 887 
3 931 867 825 
3 784 826 887 
3 934 826 880 
3 995 947 1060 
3 1133 1060 1022 
3 1133 1104 1215 
3 995 934 880 
3 29 36 38 
3 2222 2248 2139 
3 2329 2222 2304 
3 2391 2415 2304 
3 2475 2499 2391 
3 2555 2582 2475 
3 2629 2675 2555 
3 2139 2159 2052 
3 2052 2074 1966 
3 1989 1882 1966 
3 1796 1882 1902 
3 1796 1817 1706 
3 1706 1741 1626 
3 1597 1512 1626 
3 1512 1522 1423 
3 2629 2768 2675 
3 2905 2823 2846 
3 2865 2912 2846 
3 2911 2865 2876 
3 2823 2859 2768 
3 2893 2910 2876 
3 2886 2906 2893 
3 2886 2874 2895 
3 1435 1331 1423 
3 649 760 670 
3 760 846 865 
3 950 968 865 
3 49 52 38 
3 70 52 78 
3 71 70 91 
3 71 102 94 
3 155 170 94 
3 321 170 310 
3 438 543 555 
3 321 310 438 
3 555 649 670 
3 1049 1064 968 
3 1150 1146 1064 
3 1238 1229 1146 
3 1331 1342 1229 
3 2742 2780 2737 
3 2774 2810 2780 
3 2817 2810 2791 
3 2799 2814 2817 
3 2775 2801 2814 
3 2714 2721 2737 
3 2714 2719 2722 
3 2719 2747 2745 
3 2770 2805 2801 
3 2747 2788 2779 
3 2770 2792 2805 
3 2813 2788 2824 
3 2856 2847 2824 
3 2856 2873 2874 
3 2815 2826 2855 
3 2811 2853 2826 
3 2815 2841 2808 
3 2834 2798 2808 
3 2798 2812 2792 
3 2677 2853 2811 
3 2523 2639 2677 
3 2254 2367 2283 
3 2136 2254 2170 
3 2105 2136 2047 
3 2047 1996 2105 
3 2401 2367 2490 
3 2523 2490 2639 
3 1961 1996 1890 
3 1694 1624 1583 
3 1847 1779 1737 
3 1624 1694 1737 
3 1847 1961 1890 
3 1361 1250 1313 
3 1427 1472 1361 
3 1583 1472 1535 
3 1181 1096 1082 
3 1169 1082 1071 
3 1156 1071 1058 
3 1145 1058 1041 
3 1194 1107 1096 
3 1206 1122 1107 
3 1134 1122 1223 
3 1041 1026 1127 
3 1116 1026 1013 
3 1134 1239 1152 
3 1256 1170 1152 
3 1100 1013 994 
3 971 1086 994 
3 971 866 949 
3 949 866 842 
3 1189 1170 1273 
3 925 842 823 
3 905 823 802 
3 889 802 782 
3 19 0 2 
3 0 3 2 
3 156 181 19 
3 318 334 181 
3 3 12 6 
3 440 460 334 
3 550 568 460 
3 11 12 21 
3 568 655 676 
3 762 782 676 
3 18 21 29 
3 1189 1303 1215 
3 1090 1025 981 
3 981 867 931 
3 1202 1138 1090 
3 1313 1250 1202 
3 931 825 887 
3 826 934 887 
3 1109 995 1060 
3 1175 1060 1133 
3 1246 1133 1215 
3 1054 934 995 
3 31 29 38 
3 2139 2248 2159 
3 2222 2329 2248 
3 2415 2329 2304 
3 2499 2415 2391 
3 2475 2582 2499 
3 2555 2675 2582 
3 2159 2074 2052 
3 2074 1989 1966 
3 1882 1989 1902 
3 1817 1796 1902 
3 1817 1741 1706 
3 1741 1693 1626 
3 1512 1597 1522 
3 1693 1597 1626 
3 1522 1435 1423 
3 2675 2768 2863 
3 2905 2859 2823 
3 2912 2905 2846 
3 2865 2911 2912 
3 2910 2911 2876 
3 2768 2859 2863 
3 2893 2906 2910 
3 2886 2895 2906 
3 2874 2873 2895 
3 1331 1435 1342 
3 760 779 670 
3 779 760 865 
3 865 968 881 
3 52 45 38 
3 61 52 70 
3 34 70 71 
3 77 71 94 
3 170 160 94 
3 321 160 170 
3 446 438 555 
3 321 438 446 
3 567 555 670 
3 1064 979 968 
3 1064 1146 1066 
3 1229 1143 1146 
3 1342 1253 1229 
3 2780 2750 2737 
3 2780 2810 2800 
3 2821 2810 2817 
3 2814 2833 2817 
3 2801 2822 2814 
3 2708 2714 2737 
3 2714 2694 2719 
3 2719 2704 2747 
3 2801 2805 2822 
3 2747 2729 2788 
3 2792 2803 2805 
3 2788 2772 2824 
3 2816 2856 2824 
3 2856 2848 2873 
3 2826 2853 2855 
3 2815 2855 2841 
3 2841 2834 2808 
3 2812 2798 2834 
3 2792 2812 2803 
3 2677 2787 2853 
3 2677 2639 2787 
3 2254 2341 2367 
3 2216 2254 2136 
3 2216 2136 2105 
3 2105 1996 2071 
3 2367 2457 2490 
3 2639 2490 2592 
3 1996 1961 2071 
3 1694 1583 1645 
3 1805 1847 1737 
3 1694 1805 1737 
3 1961 1847 1914 
3 1427 1361 1313 
3 1472 1427 1535 
3 1645 1583 1535 
3 1181 1194 1096 
3 1181 1082 1169 
3 1156 1169 1071 
3 1145 1156 1058 
3 1145 1041 1127 
3 1206 1107 1194 
3 1122 1206 1223 
3 1239 1134 1223 
3 1026 1116 1127 
3 1100 1116 1013 
3 1239 1256 1152 
3 1273 1170 1256 
3 1086 1100 994 
3 1086 971 1059 
3 971 949 1059 
3 949 842 925 
3 1303 1189 1273 
3 925 823 905 
3 905 802 889 
3 868 889 782 
3 156 19 2 
3 2 3 6 
3 318 181 156 
3 318 440 334 
3 6 12 11 
3 440 550 460 
3 655 568 550 
3 11 21 18 
3 655 762 676 
3 762 868 782 
3 18 29 31 
3 1303 1324 1215 
3 1090 981 1045 
3 1045 981 931 
3 1202 1090 1158 
3 1267 1313 1202 
3 999 931 887 
3 934 999 887 
3 1109 1054 995 
3 1175 1109 1060 
3 1246 1175 1133 
3 1324 1246 1215 
3 1054 999 934 
3 45 31 38 
3 2248 2265 2159 
3 2329 2351 2248 
3 2329 2415 2438 
3 2526 2415 2499 
3 2582 2619 2499 
3 2582 2675 2733 
3 2176 2074 2159 
3 2074 2091 1989 
3 1989 2009 1902 
3 1817 1902 1923 
3 1817 1844 1741 
3 1693 1741 1786 
3 1597 1625 1522 
3 1597 1693 1625 
3 1522 1542 1435 
3 2675 2863 2733 
3 2905 2928 2859 
3 2912 2935 2905 
3 2912 2911 2925 
3 2911 2910 2916 
3 2859 2928 2863 
3 2906 2907 2910 
3 2895 2897 2906 
3 2873 2887 2895 
3 1435 1450 1342 
3 670 779 687 
3 779 865 881 
3 968 979 881 
3 45 52 61 
3 61 70 34 
3 34 71 77 
3 160 77 94 
3 160 321 325 
3 567 446 555 
3 325 321 446 
3 567 670 687 
3 979 1064 1066 
3 1146 1143 1066 
3 1253 1143 1229 
3 1342 1363 1253 
3 2750 2708 2737 
3 2780 2800 2750 
3 2810 2821 2800 
3 2833 2821 2817 
3 2822 2833 2814 
3 2708 2694 2714 
3 2694 2704 2719 
3 2704 2729 2747 
3 2805 2807 2822 
3 2788 2729 2772 
3 2805 2803 2807 
3 2772 2816 2824 
3 2816 2848 2856 
3 2848 2870 2873 
3 2853 2871 2855 
3 2855 2862 2841 
3 2841 2843 2834 
3 2831 2812 2834 
3 2812 2804 2803 
3 2853 2787 2871 
3 2639 2795 2787 
3 2367 2341 2457 
3 2254 2216 2341 
3 2216 2105 2181 
3 2181 2105 2071 
3 2490 2457 2592 
3 2795 2639 2592 
3 1961 2026 2071 
3 1758 1694 1645 
3 1847 1805 1914 
3 1805 1694 1758 
3 2026 1961 1914 
3 1427 1313 1375 
3 1535 1427 1488 
3 1599 1645 1535 
3 1281 1194 1181 
3 1268 1181 1169 
3 1258 1169 1156 
3 1156 1145 1244 
3 1233 1145 1127 
3 1206 1194 1294 
3 1206 1307 1223 
3 1325 1239 1223 
3 1116 1220 1127 
3 1204 1116 1100 
3 1340 1256 1239 
3 1360 1273 1256 
3 1100 1086 1191 
3 1183 1086 1059 
3 949 1029 1059 
3 1029 949 925 
3 1389 1303 1273 
3 1012 925 905 
3 990 905 889 
3 868 974 889 
3 143 156 2 
3 10 2 6 
3 318 156 295 
3 440 318 427 
3 9 6 11 
3 535 550 440 
3 655 550 638 
3 16 11 18 
3 743 762 655 
3 868 762 848 
3 27 18 31 
3 1303 1389 1324 
3 1158 1090 1045 
3 999 1045 931 
3 1267 1202 1158 
3 1313 1267 1375 
3 1166 1054 1109 
3 1225 1109 1175 
3 1287 1175 1246 
3 1356 1246 1324 
3 1106 999 1054 
3 45 59 31 
3 2265 2176 2159 
3 2351 2265 2248 
3 2351 2329 2438 
3 2415 2526 2438 
3 2619 2526 2499 
3 2619 2582 2733 
3 2176 2091 2074 
3 2091 2009 1989 
3 1902 2009 1923 
3 1844 1817 1923 
3 1741 1844 1786 
3 1693 1786 1726 
3 1625 1542 1522 
3 1625 1693 1726 
3 1542 1450 1435 
3 2863 2915 2733 
3 2905 2935 2928 
3 2935 2912 2925 
3 2911 2916 2925 
3 2910 2907 2916 
3 2928 2943 2863 
3 2906 2897 2907 
3 2895 2887 2897 
3 2873 2870 2887 
3 1450 1363 1342 
3 779 797 687 
3 797 779 881 
3 979 900 881 
3 67 45 61 
3 61 34 26 
3 43 34 77 
3 77 160 190 
3 160 325 190 
3 462 446 567 
3 462 325 446 
3 584 567 687 
3 988 979 1066 
3 1143 1068 1066 
3 1143 1253 1171 
3 1253 1363 1279 
3 2703 2708 2750 
3 2800 2754 2750 
3 2821 2802 2800 
3 2821 2833 2819 
3 2833 2822 2818 
3 2708 2673 2694 
3 2694 2665 2704 
3 2704 2680 2729 
3 2822 2807 2818 
3 2729 2701 2772 
3 2803 2783 2807 
3 2740 2816 2772 
3 2816 2793 2848 
3 2848 2836 2870 
3 2871 2862 2855 
3 2862 2843 2841 
3 2843 2831 2834 
3 2812 2831 2804 
3 2803 2804 2783 
3 2787 2795 2871 
3 2341 2414 2457 
3 2341 2216 2296 
3 2296 2216 2181 
3 2141 2181 2071 
3 2457 2548 2592 
3 2795 2592 2761 
3 2026 2141 2071 
3 1712 1758 1645 
3 1805 1871 1914 
3 1871 1805 1758 
3 2026 1914 1986 
3 1488 1427 1375 
3 1599 1535 1488 
3 1599 1712 1645 
3 1194 1281 1294 
3 1281 1181 1268 
3 1258 1268 1169 
3 1258 1156 1244 
3 1145 1233 1244 
3 1220 1233 1127 
3 1307 1206 1294 
3 1307 1325 1223 
3 1325 1340 1239 
3 1220 1116 1204 
3 1204 1100 1191 
3 1340 1360 1256 
3 1389 1273 1360 
3 1086 1183 1191 
3 1183 1059 1193 
3 1059 1029 1126 
3 1029 925 1012 
3 1012 905 990 
3 974 990 889 
3 974 868 954 
3 156 143 295 
3 10 143 2 
3 9 10 6 
3 427 318 295 
3 535 440 427 
3 16 9 11 
3 550 535 638 
3 743 655 638 
3 16 18 27 
3 762 743 848 
3 868 848 954 
3 59 27 31 
3 1389 1428 1324 
3 1106 1158 1045 
3 999 1106 1045 
3 1219 1267 1158 
3 1267 1330 1375 
3 1166 1106 1054 
3 1225 1166 1109 
3 1287 1225 1175 
3 1356 1287 1246 
3 1428 1356 1324 
3 59 45 67 
3 2265 2282 2176 
3 2351 2366 2265 
3 2351 2438 2456 
3 2526 2550 2438 
3 2526 2619 2652 
3 2797 2619 2733 
3 2176 2193 2091 
3 2091 2110 2009 
3 2009 2030 1923 
3 1949 1844 1923 
3 1844 1880 1786 
3 1786 1818 1726 
3 1542 1625 1641 
3 1625 1726 1641 
3 1542 1554 1450 
3 2915 2797 2733 
3 2943 2915 2863 
3 2928 2935 2941 
3 2936 2935 2925 
3 2916 2924 2925 
3 2907 2913 2916 
3 2943 2928 2941 
3 2907 2897 2898 
3 2887 2892 2897 
3 2870 2884 2887 
3 1363 1450 1468 
3 797 702 687 
3 900 797 881 
3 900 979 988 
3 67 61 26 
3 34 43 26 
3 43 77 190 
3 190 325 357 
3 584 462 567 
3 325 462 357 
3 702 584 687 
3 1068 988 1066 
3 1143 1171 1068 
3 1171 1253 1279 
3 1363 1387 1279 
3 2673 2708 2703 
3 2754 2703 2750 
3 2800 2802 2754 
3 2821 2819 2802 
3 2833 2818 2819 
3 2673 2665 2694 
3 2665 2680 2704 
3 2680 2701 2729 
3 2807 2781 2818 
3 2701 2740 2772 
3 2807 2783 2781 
3 2793 2816 2740 
3 2793 2836 2848 
3 2836 2864 2870 
3 2854 2862 2871 
3 2862 2845 2843 
3 2843 2829 2831 
3 2831 2794 2804 
3 2804 2758 2783 
3 2795 2854 2871 
3 2414 2548 2457 
3 2414 2341 2296 
3 2258 2296 2181 
3 2258 2181 2141 
3 2592 2548 2761 
3 2854 2795 2761 
3 2026 2095 2141 
3 1712 1822 1758 
3 1914 1871 1986 
3 1822 1871 1758 
3 2095 2026 1986 
3 1441 1488 1375 
3 1551 1599 1488 
3 1712 1599 1660 
3 1281 1378 1294 
3 1367 1281 1268 
3 1353 1268 1258 
3 1343 1258 1244 
3 1244 1233 1329 
3 1321 1233 1220 
3 1395 1307 1294 
3 1408 1325 1307 
3 1325 1425 1340 
3 1309 1220 1204 
3 1299 1204 1191 
3 1360 1340 1443 
3 1465 1389 1360 
3 1191 1183 1290 
3 1193 1059 1126 
3 1289 1183 1193 
3 1126 1029 1110 
3 1029 1012 1110 
3 1012 990 1092 
3 990 974 1078 
3 974 954 1062 
3 295 143 271 
3 143 10 114 
3 10 9 114 
3 427 295 412 
3 521 535 427 
3 9 16 60 
3 638 535 625 
3 743 638 725 
3 53 16 27 
3 848 743 832 
3 954 848 937 
3 59 106 27 
3 1428 1389 1499 
3 1106 1219 1158 
3 1330 1267 1219 
3 1330 1441 1375 
3 1219 1106 1166 
3 1277 1166 1225 
3 1337 1225 1287 
3 1287 1356 1401 
3 1466 1356 1428 
3 115 59 67 
3 2176 2282 2193 
3 2265 2366 2282 
3 2366 2351 2456 
3 2438 2550 2456 
3 2550 2526 2652 
3 2619 2797 2652 
3 2091 2193 2110 
3 2009 2110 2030 
3 2030 1949 1923 
3 1844 1949 1880 
3 1880 1818 1786 
3 1726 1818 1739 
3 1554 1542 1641 
3 1726 1739 1641 
3 1450 1554 1468 
3 2915 2932 2797 
3 2915 2943 2954 
3 2935 2936 2941 
3 2924 2936 2925 
3 2916 2913 2924 
3 2913 2907 2898 
3 2945 2943 2941 
3 2897 2892 2898 
3 2887 2884 2892 
3 2870 2864 2884 
3 1387 1363 1468 
3 797 817 702 
3 900 817 797 
3 900 988 997 
3 103 67 26 
3 43 124 26 
3 234 43 190 
3 234 190 357 
3 487 462 584 
3 462 487 357 
3 602 584 702 
3 988 1068 997 
3 1171 1091 1068 
3 1200 1171 1279 
3 1387 1308 1279 
3 2653 2673 2703 
3 2754 2690 2703 
3 2802 2735 2754 
3 2819 2777 2802 
3 2818 2786 2819 
3 2673 2627 2665 
3 2665 2626 2680 
3 2680 2642 2701 
3 2781 2786 2818 
3 2701 2663 2740 
3 2783 2727 2781 
3 2696 2793 2740 
3 2730 2836 2793 
3 2836 2789 2864 
3 2862 2854 2845 
3 2843 2845 2829 
3 2829 2794 2831 
3 2794 2758 2804 
3 2758 2727 2783 
3 2548 2414 2487 
3 2374 2414 2296 
3 2258 2374 2296 
3 2207 2258 2141 
3 2548 2728 2761 
3 2827 2854 2761 
3 2095 2207 2141 
3 1822 1712 1773 
3 1871 1933 1986 
3 1871 1822 1933 
3 2049 2095 1986 
3 1441 1551 1488 
3 1660 1599 1551 
3 1712 1660 1773 
3 1378 1395 1294 
3 1378 1281 1367 
3 1367 1268 1353 
3 1353 1258 1343 
3 1343 1244 1329 
3 1233 1321 1329 
3 1321 1220 1309 
3 1395 1408 1307 
3 1425 1325 1408 
3 1340 1425 1443 
3 1309 1204 1299 
3 1299 1191 1290 
3 1465 1360 1443 
3 1389 1465 1499 
3 1290 1183 1289 
3 1193 1126 1201 
3 1289 1193 1293 
3 1201 1126 1110 
3 1110 1012 1092 
3 990 1078 1092 
3 1078 974 1062 
3 1062 954 1042 
3 271 143 114 
3 412 295 271 
3 114 9 60 
3 521 427 412 
3 625 535 521 
3 60 16 53 
3 638 625 725 
3 832 743 725 
3 106 53 27 
3 937 848 832 
3 1042 954 937 
3 106 59 115 
3 1532 1428 1499 
3 1330 1219 1277 
3 1392 1441 1330 
3 1277 1219 1166 
3 1337 1277 1225 
3 1337 1287 1401 
3 1356 1466 1401 
3 1466 1428 1532 
3 115 67 103 
3 2282 2297 2193 
3 2366 2383 2282 
3 2484 2366 2456 
3 2550 2573 2456 
3 2550 2652 2678 
3 2797 2835 2652 
3 2193 2212 2110 
3 2110 2128 2030 
3 1949 2030 2050 
3 1949 1977 1880 
3 1880 1912 1818 
3 1818 1841 1739 
3 1655 1554 1641 
3 1739 1655 1641 
3 1554 1570 1468 
3 2797 2932 2835 
3 2932 2915 2954 
3 2943 2945 2954 
3 2936 2934 2941 
3 2926 2936 2924 
3 2913 2921 2924 
3 2908 2913 2898 
3 2934 2945 2941 
3 2892 2894 2898 
3 2892 2884 2889 
3 2884 2864 2878 
3 1491 1387 1468 
3 817 735 702 
3 817 900 922 
3 900 997 922 
3 124 103 26 
3 124 43 234 
3 389 234 357 
3 602 487 584 
3 487 389 357 
3 735 602 702 
3 1068 1091 997 
3 1171 1200 1091 
3 1308 1200 1279 
3 1308 1387 1412 
3 2627 2673 2653 
3 2690 2653 2703 
3 2735 2690 2754 
3 2802 2777 2735 
3 2819 2786 2777 
3 2627 2626 2665 
3 2626 2642 2680 
3 2701 2642 2663 
3 2724 2786 2781 
3 2663 2696 2740 
3 2727 2724 2781 
3 2696 2730 2793 
3 2836 2730 2789 
3 2864 2789 2825 
3 2854 2827 2845 
3 2829 2845 2806 
3 2829 2767 2794 
3 2794 2717 2758 
3 2758 2687 2727 
3 2414 2374 2487 
3 2548 2487 2610 
3 2258 2325 2374 
3 2325 2258 2207 
3 2728 2827 2761 
3 2548 2610 2728 
3 2207 2095 2165 
3 1886 1822 1773 
3 1933 2049 1986 
3 1933 1822 1886 
3 2165 2095 2049 
3 1551 1441 1503 
3 1660 1551 1614 
3 1660 1722 1773 
3 1477 1395 1378 
3 1464 1378 1367 
3 1454 1367 1353 
3 1440 1353 1343 
3 1430 1343 1329 
3 1329 1321 1415 
3 1409 1321 1309 
3 1492 1408 1395 
3 1425 1408 1508 
3 1443 1425 1525 
3 1400 1309 1299 
3 1393 1299 1290 
3 1545 1465 1443 
3 1465 1574 1499 
3 1386 1290 1289 
3 1293 1193 1201 
3 1381 1289 1293 
3 1201 1110 1190 
3 1190 1110 1092 
3 1078 1177 1092 
3 1163 1078 1062 
3 1148 1062 1042 
3 235 271 114 
3 412 271 383 
3 235 114 60 
3 521 412 502 
3 611 625 521 
3 205 60 53 
3 625 713 725 
3 818 832 725 
3 106 202 53 
3 937 832 923 
3 1042 937 1027 
3 206 106 115 
3 1609 1532 1499 
3 1392 1330 1277 
3 1441 1392 1503 
3 1392 1277 1337 
3 1447 1337 1401 
3 1466 1513 1401 
3 1577 1466 1532 
3 209 115 103 
3 2193 2297 2212 
3 2383 2297 2282 
3 2366 2484 2383 
3 2573 2484 2456 
3 2573 2550 2678 
3 2652 2835 2678 
3 2212 2128 2110 
3 2030 2128 2050 
3 1977 1949 2050 
3 1977 1912 1880 
3 1912 1841 1818 
3 1841 1757 1739 
3 1554 1655 1570 
3 1757 1655 1739 
3 1570 1491 1468 
3 2932 2947 2835 
3 2964 2932 2954 
3 2945 2959 2954 
3 2926 2934 2936 
3 2921 2926 2924 
3 2913 2908 2921 
3 2894 2908 2898 
3 2934 2944 2945 
3 2892 2889 2894 
3 2889 2884 2878 
3 2864 2825 2878 
3 1387 1491 1412 
3 817 853 735 
3 853 817 922 
3 997 1018 922 
3 124 242 103 
3 307 124 234 
3 307 234 389 
3 513 487 602 
3 513 389 487 
3 620 602 735 
3 1091 1018 997 
3 1200 1124 1091 
3 1200 1308 1230 
3 1308 1412 1335 
3 2588 2627 2653 
3 2690 2624 2653 
3 2735 2661 2690 
3 2777 2698 2735 
3 2786 2716 2777 
3 2627 2575 2626 
3 2626 2578 2642 
3 2642 2594 2663 
3 2786 2724 2716 
3 2615 2696 2663 
3 2724 2727 2667 
3 2696 2646 2730 
3 2730 2668 2789 
3 2789 2695 2825 
3 2845 2827 2806 
3 2767 2829 2806 
3 2767 2717 2794 
3 2758 2717 2687 
3 2727 2687 2667 
3 2374 2441 2487 
3 2610 2487 2558 
3 2374 2325 2441 
3 2325 2207 2279 
3 2728 2756 2827 
3 2610 2666 2728 
3 2279 2207 2165 
3 1832 1886 1773 
3 2049 1933 2001 
3 2001 1933 1886 
3 2165 2049 2112 
3 1614 1551 1503 
3 1722 1660 1614 
3 1722 1832 1773 
3 1492 1395 1477 
3 1477 1378 1464 
3 1464 1367 1454 
3 1454 1353 1440 
3 1440 1343 1430 
3 1430 1329 1415 
3 1321 1409 1415 
3 1409 1309 1400 
3 1408 1492 1508 
3 1525 1425 1508 
3 1545 1443 1525 
3 1400 1299 1393 
3 1386 1393 1290 
3 1574 1465 1545 
3 1574 1609 1499 
3 1381 1386 1289 
3 1293 1201 1286 
3 1379 1381 1293 
3 1286 1201 1190 
3 1177 1190 1092 
3 1163 1177 1078 
3 1163 1062 1148 
3 1148 1042 1130 
3 271 235 383 
3 502 412 383 
3 235 60 205 
3 611 521 502 
3 625 611 713 
3 202 205 53 
3 713 818 725 
3 923 832 818 
3 202 106 206 
3 937 923 1027 
3 1130 1042 1027 
3 209 206 115 
3 1642 1532 1609 
3 1503 1392 1447 
3 1392 1337 1447 
3 1513 1447 1401 
3 1466 1577 1513 
3 1642 1577 1532 
3 242 209 103 
3 2212 2297 2313 
3 2383 2399 2297 
3 2484 2399 2383 
3 2484 2573 2603 
3 2711 2573 2678 
3 2835 2852 2678 
3 2128 2212 2231 
3 2128 2152 2050 
3 2075 1977 2050 
3 1912 1977 2003 
3 1841 1912 1936 
3 1841 1860 1757 
3 1655 1676 1570 
3 1757 1676 1655 
3 1594 1491 1570 
3 2835 2947 2852 
3 2932 2964 2947 
3 2959 2964 2954 
3 2945 2944 2959 
3 2934 2926 2929 
3 2921 2920 2926 
3 2908 2909 2921 
3 2894 2900 2908 
3 2934 2929 2944 
3 2889 2888 2894 
3 2879 2889 2878 
3 2825 2840 2878 
3 1491 1516 1412 
3 853 803 735 
3 951 853 922 
3 1018 951 922 
3 242 124 307 
3 307 389 439 
3 620 513 602 
3 389 513 439 
3 706 620 735 
3 1091 1124 1018 
3 1200 1230 1124 
3 1230 1308 1335 
3 1412 1437 1335 
3 2575 2627 2588 
3 2624 2588 2653 
3 2661 2624 2690 
3 2698 2661 2735 
3 2716 2698 2777 
3 2575 2578 2626 
3 2578 2594 2642 
3 2594 2615 2663 
3 2724 2658 2716 
3 2615 2646 2696 
3 2658 2724 2667 
3 2646 2668 2730 
3 2668 2695 2789 
3 2695 2713 2825 
3 2827 2756 2806 
3 2723 2767 2806 
3 2717 2767 2683 
3 2717 2645 2687 
3 2687 2609 2667 
3 2487 2441 2558 
3 2666 2610 2558 
3 2325 2394 2441 
3 2325 2279 2394 
3 2728 2666 2756 
3 2279 2165 2221 
3 1832 1945 1886 
3 2112 2049 2001 
3 1945 2001 1886 
3 2221 2165 2112 
3 1614 1503 1560 
3 1722 1614 1675 
3 1832 1722 1785 
3 1492 1477 1575 
3 1561 1477 1464 
3 1547 1464 1454 
3 1537 1454 1440 
3 1527 1440 1430 
3 1515 1430 1415 
3 1409 1506 1415 
3 1497 1409 1400 
3 1492 1590 1508 
3 1607 1525 1508 
3 1628 1545 1525 
3 1490 1400 1393 
3 1393 1386 1484 
3 1652 1574 1545 
3 1574 1684 1609 
3 1386 1381 1478 
3 1379 1293 1286 
3 1476 1381 1379 
3 1286 1190 1275 
3 1190 1177 1275 
3 1177 1163 1263 
3 1251 1163 1148 
3 1237 1148 1130 
3 383 235 371 
3 502 383 486 
3 371 235 205 
3 611 502 597 
3 713 611 696 
3 205 202 346 
3 804 818 713 
3 911 923 818 
3 335 202 206 
3 1027 923 1014 
3 1120 1130 1027 
3 206 209 337 
3 1717 1642 1609 
3 1560 1503 1447 
3 1560 1447 1513 
3 1577 1622 1513 
3 1686 1577 1642 
3 209 242 360 
3 2297 2399 2313 
3 2212 2313 2231 
3 2484 2507 2399 
3 2573 2711 2603 
3 2507 2484 2603 
3 2852 2711 2678 
3 2128 2231 2152 
3 2152 2075 2050 
3 1977 2075 2003 
3 1936 1912 2003 
3 1841 1936 1860 
3 1757 1860 1778 
3 1676 1594 1570 
3 1676 1757 1778 
3 1516 1491 1594 
3 2947 2967 2852 
3 2964 2977 2947 
3 2959 2973 2964 
3 2944 2960 2959 
3 2926 2920 2929 
3 2921 2909 2920 
3 2908 2900 2909 
3 2894 2888 2900 
3 2929 2946 2944 
3 2889 2879 2888 
3 2872 2879 2878 
3 2840 2872 2878 
3 2825 2713 2840 
3 1516 1437 1412 
3 803 706 735 
3 898 803 853 
3 951 898 853 
3 1018 1056 951 
3 384 242 307 
3 384 307 439 
3 552 513 620 
3 513 552 439 
3 656 620 706 
3 1018 1124 1056 
3 1124 1230 1157 
3 1259 1230 1335 
3 1437 1362 1335 
3 2534 2575 2588 
3 2624 2559 2588 
3 2661 2585 2624 
3 2618 2661 2698 
3 2716 2648 2698 
3 2575 2518 2578 
3 2578 2531 2594 
3 2594 2546 2615 
3 2658 2648 2716 
3 2615 2563 2646 
3 2591 2658 2667 
3 2646 2577 2668 
3 2668 2590 2695 
3 2713 2695 2604 
3 2756 2723 2806 
3 2767 2723 2683 
3 2645 2717 2683 
3 2645 2609 2687 
3 2609 2591 2667 
3 2441 2500 2558 
3 2666 2558 2597 
3 2441 2394 2500 
3 2394 2279 2344 
3 2666 2671 2756 
3 2344 2279 2221 
3 1945 1832 1894 
3 2112 2001 2063 
3 2001 1945 2063 
3 2221 2112 2167 
3 1675 1614 1560 
3 1785 1722 1675 
3 1832 1785 1894 
3 1477 1561 1575 
3 1590 1492 1575 
3 1561 1464 1547 
3 1547 1454 1537 
3 1537 1440 1527 
3 1515 1527 1430 
3 1506 1515 1415 
3 1497 1506 1409 
3 1490 1497 1400 
3 1590 1607 1508 
3 1607 1628 1525 
3 1628 1652 1545 
3 1490 1393 1484 
3 1484 1386 1478 
3 1684 1574 1652 
3 1684 1717 1609 
3 1381 1476 1478 
3 1372 1379 1286 
3 1476 1379 1471 
3 1372 1286 1275 
3 1275 1177 1263 
3 1163 1251 1263 
3 1237 1251 1148 
3 1224 1237 1130 
3 486 383 371 
3 597 502 486 
3 371 205 346 
3 696 611 597 
3 804 713 696 
3 202 335 346 
3 804 911 818 
3 923 911 1014 
3 335 206 337 
3 1120 1027 1014 
3 1224 1130 1120 
3 337 209 360 
3 1754 1642 1717 
3 1622 1560 1513 
3 1622 1577 1686 
3 1754 1686 1642 
3 242 384 360 
3 2399 2421 2313 
3 2313 2343 2231 
3 2399 2507 2421 
3 2711 2782 2603 
3 2647 2507 2603 
3 2902 2711 2852 
3 2231 2256 2152 
3 2173 2075 2152 
3 2075 2093 2003 
3 1936 2003 2015 
3 1860 1936 1971 
3 1860 1887 1778 
3 1676 1700 1594 
3 1676 1778 1700 
3 1617 1516 1594 
3 2967 2902 2852 
3 2947 2977 2967 
3 2973 2977 2964 
3 2959 2960 2973 
3 2944 2946 2960 
3 2920 2930 2929 
3 2909 2914 2920 
3 2900 2901 2909 
3 2888 2881 2900 
3 2929 2930 2946 
3 2879 2875 2888 
3 2868 2879 2872 
3 2872 2840 2849 
3 2713 2739 2840 
3 1516 1540 1437 
3 706 803 756 
3 898 854 803 
3 991 898 951 
3 1056 991 951 
3 504 384 439 
3 656 552 620 
3 552 504 439 
3 656 706 756 
3 1124 1157 1056 
3 1230 1259 1157 
3 1362 1259 1335 
3 1462 1362 1437 
3 2518 2575 2534 
3 2559 2534 2588 
3 2585 2559 2624 
3 2661 2618 2585 
3 2648 2618 2698 
3 2518 2531 2578 
3 2531 2546 2594 
3 2546 2563 2615 
3 2648 2658 2579 
3 2563 2577 2646 
3 2658 2591 2579 
3 2577 2590 2668 
3 2695 2590 2604 
3 2713 2604 2612 
3 2756 2671 2723 
3 2723 2634 2683 
3 2595 2645 2683 
3 2645 2562 2609 
3 2609 2537 2591 
3 2558 2500 2597 
3 2671 2666 2597 
3 2394 2448 2500 
3 2394 2344 2448 
3 2344 2221 2272 
3 2007 1945 1894 
3 2167 2112 2063 
3 2063 1945 2007 
3 2221 2167 2272 
3 1675 1560 1622 
3 1785 1675 1733 
3 1785 1843 1894 
3 1561 1659 1575 
3 1674 1590 1575 
3 1646 1561 1547 
3 1633 1547 1537 
3 1621 1537 1527 
3 1527 1515 1613 
3 1602 1515 1506 
3 1595 1506 1497 
3 1497 1490 1587 
3 1607 1590 1690 
3 1709 1628 1607 
3 1730 1652 1628 
3 1582 1490 1484 
3 1576 1484 1478 
3 1684 1652 1761 
3 1717 1684 1793 
3 1478 1476 1569 
3 1471 1379 1372 
3 1476 1471 1567 
3 1372 1275 1364 
3 1364 1275 1263 
3 1251 1351 1263 
3 1339 1251 1237 
3 1326 1237 1224 
3 486 371 465 
3 597 486 577 
3 465 371 346 
3 685 696 597 
3 804 696 789 
3 346 335 453 
3 911 804 897 
3 1014 911 1003 
3 335 337 448 
3 1103 1120 1014 
3 1224 1120 1208 
3 454 337 360 
3 1826 1754 1717 
3 1733 1622 1686 
3 1800 1686 1754 
3 360 384 477 
3 2313 2421 2343 
3 2231 2343 2256 
3 2507 2542 2421 
3 2782 2647 2603 
3 2902 2782 2711 
3 2507 2647 2542 
3 2256 2173 2152 
3 2173 2093 2075 
3 2003 2093 2015 
3 1936 2015 1971 
3 1860 1971 1887 
3 1887 1803 1778 
3 1700 1617 1594 
3 1778 1803 1700 
3 1516 1617 1540 
3 2902 2967 2981 
3 2967 2977 2981 
3 2973 2984 2977 
3 2960 2979 2973 
3 2946 2962 2960 
3 2920 2914 2930 
3 2909 2901 2914 
3 2900 2881 2901 
3 2875 2881 2888 
3 2930 2951 2946 
3 2875 2879 2868 
3 2868 2872 2849 
3 2840 2739 2849 
3 2739 2713 2612 
3 1540 1462 1437 
3 803 854 756 
3 920 854 898 
3 920 898 991 
3 1088 991 1056 
3 384 504 477 
3 613 552 656 
3 613 504 552 
3 715 656 756 
3 1157 1088 1056 
3 1259 1185 1157 
3 1362 1283 1259 
3 1462 1384 1362 
3 2465 2518 2534 
3 2559 2483 2534 
3 2585 2509 2559 
3 2618 2544 2585 
3 2648 2566 2618 
3 2518 2462 2531 
3 2531 2469 2546 
3 2546 2479 2563 
3 2648 2579 2566 
3 2577 2563 2491 
3 2591 2511 2579 
3 2590 2577 2502 
3 2590 2508 2604 
3 2604 2513 2612 
3 2671 2651 2723 
3 2634 2595 2683 
3 2723 2651 2634 
3 2595 2562 2645 
3 2562 2537 2609 
3 2591 2537 2511 
3 2500 2539 2597 
3 2598 2671 2597 
3 2500 2448 2539 
3 2448 2344 2377 
3 2377 2344 2272 
3 2007 1894 1958 
3 2167 2063 2122 
3 2122 2063 2007 
3 2272 2167 2198 
3 1675 1622 1733 
3 1843 1785 1733 
3 1894 1843 1958 
3 1659 1674 1575 
3 1659 1561 1646 
3 1690 1590 1674 
3 1633 1646 1547 
3 1633 1537 1621 
3 1621 1527 1613 
3 1515 1602 1613 
3 1602 1506 1595 
3 1595 1497 1587 
3 1490 1582 1587 
3 1709 1607 1690 
3 1709 1730 1628 
3 1652 1730 1761 
3 1582 1484 1576 
3 1576 1478 1569 
3 1793 1684 1761 
3 1826 1717 1793 
3 1569 1476 1567 
3 1471 1372 1461 
3 1471 1559 1567 
3 1461 1372 1364 
3 1351 1364 1263 
3 1351 1251 1339 
3 1339 1237 1326 
3 1326 1224 1311 
3 577 486 465 
3 685 597 577 
3 465 346 453 
3 789 696 685 
3 897 804 789 
3 453 335 448 
3 911 897 1003 
3 1103 1014 1003 
3 337 454 448 
3 1208 1120 1103 
3 1224 1208 1311 
3 454 360 477 
3 1826 1867 1754 
3 1800 1733 1686 
3 1867 1800 1754 
3 2421 2449 2343 
3 2343 2360 2256 
3 2421 2542 2449 
3 2782 2850 2647 
3 2902 2956 2782 
3 2647 2692 2542 
3 2275 2173 2256 
3 2190 2093 2173 
3 2093 2107 2015 
3 2015 2006 1971 
3 1971 2006 1887 
3 1909 1803 1887 
3 1719 1617 1700 
3 1803 1719 1700 
3 1617 1640 1540 
3 2956 2902 2981 
3 2977 2984 2981 
3 2973 2979 2984 
3 2960 2962 2979 
3 2951 2962 2946 
3 2930 2914 2931 
3 2901 2917 2914 
3 2901 2881 2890 
3 2881 2875 2867 
3 2951 2930 2931 
3 2858 2875 2868 
3 2844 2868 2849 
3 2739 2766 2849 
3 2628 2739 2612 
3 1563 1462 1540 
3 854 814 756 
3 920 814 854 
3 1024 920 991 
3 1088 1024 991 
3 504 580 477 
3 715 613 656 
3 580 504 613 
3 814 715 756 
3 1185 1088 1157 
3 1259 1283 1185 
3 1362 1384 1283 
3 1485 1384 1462 
3 2462 2518 2465 
3 2483 2465 2534 
3 2509 2483 2559 
3 2544 2509 2585 
3 2566 2544 2618 
3 2462 2469 2531 
3 2469 2479 2546 
3 2563 2479 2491 
3 2579 2494 2566 
3 2577 2491 2502 
3 2511 2494 2579 
3 2590 2502 2508 
3 2604 2508 2513 
3 2513 2521 2612 
3 2671 2598 2651 
3 2553 2595 2634 
3 2651 2576 2634 
3 2562 2595 2510 
3 2562 2476 2537 
3 2537 2452 2511 
3 2539 2598 2597 
3 2448 2464 2539 
3 2448 2377 2464 
3 2377 2272 2301 
3 2064 2007 1958 
3 2198 2167 2122 
3 2064 2122 2007 
3 2272 2198 2301 
3 1800 1843 1733 
3 1958 1843 1907 
3 1659 1755 1674 
3 1743 1659 1646 
3 1690 1674 1770 
3 1728 1646 1633 
3 1716 1633 1621 
3 1704 1621 1613 
3 1613 1602 1697 
3 1602 1595 1688 
3 1683 1595 1587 
3 1587 1582 1677 
3 1791 1709 1690 
3 1810 1730 1709 
3 1761 1730 1836 
3 1671 1582 1576 
3 1666 1576 1569 
3 1864 1793 1761 
3 1900 1826 1793 
3 1661 1569 1567 
3 1559 1471 1461 
3 1559 1656 1567 
3 1452 1461 1364 
3 1351 1452 1364 
3 1439 1351 1339 
3 1429 1339 1326 
3 1414 1326 1311 
3 560 577 465 
3 671 685 577 
3 560 465 453 
3 789 685 778 
3 897 789 883 
3 554 453 448 
3 897 989 1003 
3 1093 1103 1003 
3 454 551 448 
3 1208 1103 1197 
3 1208 1301 1311 
3 558 454 477 
3 1934 1867 1826 
3 1800 1867 1907 
3 2343 2449 2360 
3 2360 2275 2256 
3 2542 2572 2449 
3 2647 2850 2692 
3 2782 2956 2850 
3 2692 2572 2542 
3 2190 2173 2275 
3 2093 2190 2107 
3 2107 2006 2015 
3 2006 1909 1887 
3 1909 1824 1803 
3 1617 1719 1640 
3 1803 1824 1719 
3 1640 1563 1540 
3 2986 2956 2981 
3 2984 2986 2981 
3 2984 2979 2985 
3 2979 2962 2980 
3 2962 2951 2969 
3 2914 2917 2931 
3 2917 2901 2890 
3 2881 2867 2890 
3 2875 2858 2867 
3 2953 2951 2931 
3 2858 2868 2844 
3 2766 2844 2849 
3 2739 2628 2766 
3 2521 2628 2612 
3 1485 1462 1563 
3 814 920 885 
3 920 1024 983 
3 1118 1024 1088 
3 580 558 477 
3 680 613 715 
3 680 580 613 
3 814 785 715 
3 1118 1088 1185 
3 1283 1207 1185 
3 1384 1304 1283 
3 1485 1403 1384 
3 2390 2462 2465 
3 2483 2402 2465 
3 2509 2435 2483 
3 2544 2458 2509 
3 2566 2477 2544 
3 2462 2392 2469 
3 2479 2469 2398 
3 2491 2479 2405 
3 2494 2477 2566 
3 2502 2491 2416 
3 2511 2434 2494 
3 2508 2502 2420 
3 2508 2422 2513 
3 2521 2513 2428 
3 2598 2576 2651 
3 2595 2553 2510 
3 2576 2553 2634 
3 2476 2562 2510 
3 2476 2452 2537 
3 2511 2452 2434 
3 2539 2525 2598 
3 2539 2464 2525 
3 2464 2377 2379 
3 2377 2301 2379 
3 2020 2064 1958 
3 2219 2198 2122 
3 2064 2123 2122 
3 2301 2198 2219 
3 1843 1800 1907 
3 2020 1958 1907 
3 1674 1755 1770 
3 1755 1659 1743 
3 1743 1646 1728 
3 1791 1690 1770 
3 1728 1633 1716 
3 1716 1621 1704 
3 1704 1613 1697 
3 1697 1602 1688 
3 1688 1595 1683 
3 1683 1587 1677 
3 1582 1671 1677 
3 1791 1810 1709 
3 1730 1810 1836 
3 1864 1761 1836 
3 1666 1671 1576 
3 1661 1666 1569 
3 1864 1900 1793 
3 1900 1934 1826 
3 1656 1661 1567 
3 1549 1559 1461 
3 1656 1559 1650 
3 1549 1461 1452 
3 1452 1351 1439 
3 1439 1339 1429 
3 1429 1326 1414 
3 1406 1414 1311 
3 560 671 577 
3 778 685 671 
3 554 560 453 
3 883 789 778 
3 989 897 883 
3 551 554 448 
3 989 1093 1003 
3 1197 1103 1093 
3 558 551 454 
3 1301 1208 1197 
3 1301 1406 1311 
3 1982 1867 1934 
3 1867 1982 1907 
3 2449 2472 2360 
3 2381 2275 2360 
3 2449 2572 2472 
3 2850 2896 2692 
3 2956 2972 2850 
3 2572 2692 2736 
3 2190 2275 2299 
3 2190 2215 2107 
3 2119 2006 2107 
3 1909 2006 2022 
3 1824 1909 1928 
3 1719 1744 1640 
3 1824 1744 1719 
3 1640 1664 1563 
3 2972 2956 2986 
3 2984 2985 2986 
3 2979 2980 2985 
3 2980 2962 2969 
3 2951 2953 2969 
3 2917 2937 2931 
3 2917 2890 2919 
3 2867 2883 2890 
3 2858 2857 2867 
3 2937 2953 2931 
3 2858 2844 2839 
3 2844 2766 2765 
3 2766 2628 2638 
3 2628 2521 2530 
3 1586 1485 1563 
3 920 983 885 
3 785 814 885 
3 1024 1051 983 
3 1024 1118 1131 
3 580 661 558 
3 785 680 715 
3 661 580 680 
3 1207 1118 1185 
3 1304 1207 1283 
3 1384 1403 1304 
3 1485 1502 1403 
3 2392 2462 2390 
3 2402 2390 2465 
3 2435 2402 2483 
3 2458 2435 2509 
3 2477 2458 2544 
3 2469 2392 2398 
3 2479 2398 2405 
3 2491 2405 2416 
3 2406 2477 2494 
3 2502 2416 2420 
3 2434 2406 2494 
3 2508 2420 2422 
3 2513 2422 2428 
3 2521 2428 2431 
3 2598 2525 2576 
3 2553 2467 2510 
3 2553 2576 2496 
3 2476 2510 2427 
3 2452 2476 2388 
3 2452 2362 2434 
3 2525 2464 2445 
3 2464 2379 2445 
3 2379 2301 2291 
3 2064 2020 2123 
3 2123 2219 2122 
3 2301 2219 2291 
3 1982 2020 1907 
3 1755 1855 1770 
3 1839 1755 1743 
3 1825 1743 1728 
3 1872 1791 1770 
3 1813 1728 1716 
3 1716 1704 1799 
3 1790 1704 1697 
3 1784 1697 1688 
3 1777 1688 1683 
3 1772 1683 1677 
3 1671 1767 1677 
3 1893 1810 1791 
3 1810 1917 1836 
3 1948 1864 1836 
3 1671 1666 1765 
3 1759 1666 1661 
3 1864 2004 1900 
3 1934 1900 2004 
3 1752 1661 1656 
3 1559 1549 1650 
3 1747 1656 1650 
3 1541 1549 1452 
3 1541 1452 1439 
3 1530 1439 1429 
3 1519 1429 1414 
3 1511 1414 1406 
3 671 560 659 
3 778 671 767 
3 560 554 659 
3 883 778 871 
3 989 883 976 
3 645 554 551 
3 1093 989 1081 
3 1197 1093 1186 
3 551 558 646 
3 1301 1197 1292 
3 1301 1396 1406 
3 2045 1982 1934 
3 2472 2381 2360 
3 2275 2381 2299 
3 2572 2599 2472 
3 2692 2896 2736 
3 2972 2896 2850 
3 2572 2736 2599 
3 2190 2299 2215 
3 2215 2119 2107 
3 2006 2119 2022 
3 1909 2022 1928 
3 1849 1824 1928 
3 1640 1744 1664 
3 1824 1849 1744 
3 1664 1586 1563 
3 2983 2972 2986 
3 2985 2983 2986 
3 2980 2982 2985 
3 2978 2980 2969 
3 2953 2970 2969 
3 2937 2917 2919 
3 2890 2883 2919 
3 2867 2857 2883 
3 2858 2839 2857 
3 2953 2937 2957 
3 2839 2844 2765 
3 2765 2766 2638 
3 2638 2628 2530 
3 2521 2431 2530 
3 1502 1485 1586 
3 983 961 885 
3 864 785 885 
3 1051 961 983 
3 1024 1131 1051 
3 1118 1207 1131 
3 558 661 646 
3 785 764 680 
3 764 661 680 
3 1207 1304 1222 
3 1304 1403 1317 
3 1502 1417 1403 
3 2392 2390 2314 
3 2402 2323 2390 
3 2435 2348 2402 
3 2458 2365 2435 
3 2477 2387 2458 
3 2398 2392 2317 
3 2405 2398 2321 
3 2405 2327 2416 
3 2477 2406 2387 
3 2420 2416 2330 
3 2342 2406 2434 
3 2422 2420 2336 
3 2422 2339 2428 
3 2431 2428 2338 
3 2576 2525 2496 
3 2510 2467 2427 
3 2553 2496 2467 
3 2476 2427 2388 
3 2452 2388 2362 
3 2362 2342 2434 
3 2525 2445 2496 
3 2445 2379 2357 
3 2379 2291 2357 
3 2123 2020 2088 
3 2219 2123 2191 
3 2291 2219 2191 
3 2088 2020 1982 
3 1855 1872 1770 
3 1855 1755 1839 
3 1839 1743 1825 
3 1825 1728 1813 
3 1893 1791 1872 
3 1813 1716 1799 
3 1704 1790 1799 
3 1790 1697 1784 
3 1784 1688 1777 
3 1777 1683 1772 
3 1767 1772 1677 
3 1767 1671 1765 
3 1893 1917 1810 
3 1917 1948 1836 
3 1864 1948 1975 
3 1666 1759 1765 
3 1752 1759 1661 
3 2004 1864 1975 
3 2045 1934 2004 
3 1747 1752 1656 
3 1549 1639 1650 
3 1738 1747 1650 
3 1549 1541 1639 
3 1530 1541 1439 
3 1519 1530 1429 
3 1511 1519 1414 
3 1498 1511 1406 
3 767 671 659 
3 871 778 767 
3 554 645 659 
3 976 883 871 
3 989 976 1081 
3 645 551 646 
3 1186 1093 1081 
3 1292 1197 1186 
3 1396 1301 1292 
3 1396 1498 1406 
3 2088 1982 2045 
3 2492 2381 2472 
3 2381 2403 2299 
3 2599 2492 2472 
3 2896 2918 2736 
3 2971 2896 2972 
3 2736 2763 2599 
3 2299 2324 2215 
3 2119 2215 2129 
3 2119 2129 2022 
3 2022 2041 1928 
3 1957 1849 1928 
3 1744 1768 1664 
3 1849 1768 1744 
3 1664 1689 1586 
3 2971 2972 2983 
3 2985 2982 2983 
3 2980 2978 2982 
3 2970 2978 2969 
3 2970 2953 2957 
3 2937 2919 2938 
3 2883 2923 2919 
3 2857 2877 2883 
3 2839 2842 2857 
3 2937 2938 2957 
3 2839 2765 2759 
3 2765 2638 2637 
3 2532 2638 2530 
3 2530 2431 2429 
3 1606 1502 1586 
3 961 864 885 
3 864 764 785 
3 1051 1040 961 
3 1131 1136 1051 
3 1207 1222 1131 
3 661 751 646 
3 751 661 764 
3 1304 1317 1222 
3 1403 1417 1317 
3 1502 1520 1417 
3 2390 2323 2314 
3 2392 2314 2317 
3 2348 2323 2402 
3 2365 2348 2435 
3 2387 2365 2458 
3 2321 2398 2317 
3 2327 2405 2321 
3 2416 2327 2330 
3 2406 2312 2387 
3 2420 2330 2336 
3 2406 2342 2312 
3 2422 2336 2339 
3 2428 2339 2338 
3 2431 2338 2331 
3 2427 2467 2376 
3 2496 2411 2467 
3 2427 2340 2388 
3 2388 2292 2362 
3 2260 2342 2362 
3 2445 2411 2496 
3 2411 2445 2357 
3 2357 2291 2259 
3 2123 2088 2191 
3 2259 2291 2191 
3 1956 1872 1855 
3 1938 1855 1839 
3 1922 1839 1825 
3 1908 1825 1813 
3 1972 1893 1872 
3 1901 1813 1799 
3 1799 1790 1885 
3 1877 1790 1784 
3 1873 1784 1777 
3 1870 1777 1772 
3 1767 1862 1772 
3 1859 1767 1765 
3 1917 1893 1995 
3 1917 2023 1948 
3 1948 2066 1975 
3 1759 1857 1765 
3 1759 1752 1851 
3 2066 2004 1975 
3 2106 2045 2004 
3 1846 1752 1747 
3 1639 1738 1650 
3 1738 1838 1747 
3 1639 1541 1632 
3 1632 1541 1530 
3 1519 1619 1530 
3 1611 1519 1511 
3 1601 1511 1498 
3 767 659 755 
3 871 767 863 
3 659 645 755 
3 976 871 967 
3 976 1074 1081 
3 749 645 646 
3 1174 1186 1081 
3 1278 1292 1186 
3 1383 1396 1292 
3 1498 1396 1486 
3 2157 2088 2045 
3 2403 2381 2492 
3 2299 2403 2324 
3 2599 2614 2492 
3 2918 2763 2736 
3 2896 2971 2918 
3 2763 2614 2599 
3 2324 2243 2215 
3 2215 2243 2129 
3 2129 2041 2022 
3 2041 1957 1928 
3 1849 1957 1874 
3 1768 1689 1664 
3 1849 1874 1768 
3 1689 1606 1586 
3 2971 2983 2976 
3 2983 2982 2976 
3 2982 2978 2975 
3 2978 2970 2974 
3 2968 2970 2957 
3 2919 2923 2938 
3 2883 2877 2923 
3 2842 2877 2857 
3 2842 2839 2759 
3 2957 2938 2955 
3 2765 2637 2759 
3 2637 2638 2532 
3 2532 2530 2429 
3 2431 2331 2429 
3 1606 1520 1502 
3 948 864 961 
3 850 764 864 
3 1040 948 961 
3 1136 1040 1051 
3 1222 1136 1131 
3 751 749 646 
3 850 751 764 
3 1317 1231 1222 
3 1417 1332 1317 
3 1520 1433 1417 
3 2323 2246 2314 
3 2314 2235 2317 
3 2323 2348 2257 
3 2365 2271 2348 
3 2387 2295 2365 
3 2321 2317 2234 
3 2327 2321 2236 
3 2327 2241 2330 
3 2312 2295 2387 
3 2336 2330 2245 
3 2342 2238 2312 
3 2339 2336 2244 
3 2338 2339 2242 
3 2338 2237 2331 
3 2467 2411 2376 
3 2427 2376 2340 
3 2340 2292 2388 
3 2292 2260 2362 
3 2342 2260 2238 
3 2411 2357 2316 
3 2357 2259 2316 
3 2088 2157 2191 
3 2157 2259 2191 
3 1972 1872 1956 
3 1956 1855 1938 
3 1938 1839 1922 
3 1922 1825 1908 
3 1908 1813 1901 
3 1893 1972 1995 
3 1901 1799 1885 
3 1885 1790 1877 
3 1877 1784 1873 
3 1870 1873 1777 
3 1862 1870 1772 
3 1859 1862 1767 
3 1857 1859 1765 
3 2023 1917 1995 
3 2023 2066 1948 
3 1857 1759 1851 
3 1752 1846 1851 
3 2106 2004 2066 
3 2106 2157 2045 
3 1838 1846 1747 
3 1727 1738 1639 
3 1838 1738 1829 
3 1727 1639 1632 
3 1619 1632 1530 
3 1619 1519 1611 
3 1611 1511 1601 
3 1591 1601 1498 
3 863 767 755 
3 871 863 967 
3 755 645 749 
3 1074 976 967 
3 1074 1174 1081 
3 1174 1278 1186 
3 1383 1292 1278 
3 1396 1383 1486 
3 1591 1498 1486 
3 2516 2403 2492 
3 2403 2433 2324 
3 2614 2516 2492 
3 2763 2918 2880 
3 2971 2958 2918 
3 2763 2757 2614 
3 2349 2243 2324 
3 2243 2153 2129 
3 2129 2153 2041 
3 2065 1957 2041 
3 1957 1981 1874 
3 1768 1792 1689 
3 1874 1792 1768 
3 1689 1708 1606 
3 2958 2971 2976 
3 2982 2975 2976 
3 2975 2978 2974 
3 2970 2968 2974 
3 2968 2957 2955 
3 2938 2923 2939 
3 2877 2922 2923 
3 2866 2877 2842 
3 2764 2842 2759 
3 2938 2939 2955 
3 2637 2630 2759 
3 2637 2532 2524 
3 2425 2532 2429 
3 2331 2328 2429 
3 1623 1520 1606 
3 948 850 864 
3 948 1040 1039 
3 1040 1136 1141 
3 1231 1136 1222 
3 751 847 749 
3 847 751 850 
3 1317 1332 1231 
3 1417 1433 1332 
3 1433 1520 1534 
3 2246 2235 2314 
3 2246 2323 2257 
3 2317 2235 2234 
3 2348 2271 2257 
3 2295 2271 2365 
3 2236 2321 2234 
3 2327 2236 2241 
3 2330 2241 2245 
3 2312 2217 2295 
3 2244 2336 2245 
3 2312 2238 2217 
3 2339 2244 2242 
3 2237 2338 2242 
3 2331 2237 2229 
3 2411 2316 2376 
3 2376 2280 2340 
3 2292 2340 2239 
3 2260 2292 2180 
3 2260 2158 2238 
3 2259 2213 2316 
3 2259 2157 2213 
3 2057 1972 1956 
3 2035 1956 1938 
3 2021 1938 1922 
3 1922 1908 2002 
3 2002 1908 1901 
3 1972 2077 1995 
3 1985 1901 1885 
3 1969 1885 1877 
3 1967 1877 1873 
3 1870 1963 1873 
3 1962 1870 1862 
3 1960 1862 1859 
3 1955 1859 1857 
3 2102 2023 1995 
3 2131 2066 2023 
3 1951 1857 1851 
3 1846 1944 1851 
3 2174 2106 2066 
3 2213 2157 2106 
3 1846 1838 1940 
3 1829 1738 1727 
3 1930 1838 1829 
3 1718 1727 1632 
3 1718 1632 1619 
3 1713 1619 1611 
3 1701 1611 1601 
3 1591 1692 1601 
3 863 755 852 
3 863 957 967 
3 852 755 749 
3 1063 1074 967 
3 1165 1174 1074 
3 1269 1278 1174 
3 1373 1383 1278 
3 1383 1479 1486 
3 1581 1591 1486 
3 2403 2516 2433 
3 2433 2349 2324 
3 2614 2631 2516 
3 2918 2958 2880 
3 2757 2763 2880 
3 2614 2757 2631 
3 2243 2349 2263 
3 2243 2263 2153 
3 2153 2065 2041 
3 1957 2065 1981 
3 1981 1895 1874 
3 1792 1708 1689 
3 1874 1895 1792 
3 1708 1623 1606 
3 2966 2958 2976 
3 2975 2966 2976 
3 2975 2974 2965 
3 2968 2963 2974 
3 2968 2955 2961 
3 2923 2922 2939 
3 2922 2877 2866 
3 2866 2842 2764 
3 2630 2764 2759 
3 2955 2939 2952 
3 2630 2637 2524 
3 2532 2425 2524 
3 2328 2425 2429 
3 2328 2331 2229 
3 1520 1623 1534 
3 948 945 850 
3 1039 1040 1141 
3 948 1039 945 
3 1136 1231 1141 
3 847 852 749 
3 945 847 850 
3 1332 1241 1231 
3 1332 1433 1344 
3 1444 1433 1534 
3 2235 2246 2155 
3 2163 2246 2257 
3 2235 2150 2234 
3 2257 2271 2178 
3 2295 2199 2271 
3 2148 2236 2234 
3 2241 2236 2145 
3 2245 2241 2147 
3 2217 2199 2295 
3 2244 2245 2144 
3 2217 2238 2137 
3 2242 2244 2143 
3 2237 2242 2142 
3 2237 2133 2229 
3 2316 2280 2376 
3 2340 2280 2239 
3 2205 2292 2239 
3 2292 2205 2180 
3 2260 2180 2158 
3 2238 2158 2137 
3 2213 2280 2316 
3 2077 1972 2057 
3 2035 2057 1956 
3 2035 1938 2021 
3 2021 1922 2002 
3 2002 1901 1985 
3 2077 2102 1995 
3 1969 1985 1885 
3 1967 1969 1877 
3 1963 1967 1873 
3 1870 1962 1963 
3 1960 1962 1862 
3 1955 1960 1859 
3 1951 1955 1857 
3 2102 2131 2023 
3 2131 2174 2066 
3 1944 1951 1851 
3 1944 1846 1940 
3 2213 2106 2174 
3 1940 1838 1930 
3 1820 1829 1727 
3 1921 1930 1829 
3 1820 1727 1718 
3 1713 1718 1619 
3 1701 1713 1611 
3 1692 1701 1601 
3 1591 1681 1692 
3 957 863 852 
3 957 1063 967 
3 1165 1074 1063 
3 1269 1174 1165 
3 1269 1373 1278 
3 1479 1383 1373 
3 1479 1581 1486 
3 1681 1591 1581 
3 2516 2538 2433 
3 2433 2453 2349 
3 2631 2538 2516 
3 2958 2940 2880 
3 2880 2752 2757 
3 2757 2752 2631 
3 2263 2349 2370 
3 2263 2172 2153 
3 2153 2172 2065 
3 2065 2085 1981 
3 1981 1999 1895 
3 1809 1708 1792 
3 1895 1809 1792 
3 1708 1725 1623 
3 2958 2966 2940 
3 2966 2975 2965 
3 2974 2963 2965 
3 2963 2968 2961 
3 2955 2952 2961 
3 2939 2922 2933 
3 2922 2866 2882 
3 2866 2764 2760 
3 2764 2630 2617 
3 2939 2933 2952 
3 2630 2524 2512 
3 2425 2418 2524 
3 2425 2328 2318 
3 2328 2229 2223 
3 1623 1636 1534 
3 1144 1039 1141 
3 1039 1046 945 
3 1231 1241 1141 
3 847 952 852 
3 952 847 945 
3 1332 1344 1241 
3 1433 1444 1344 
3 1546 1444 1534 
3 2246 2163 2155 
3 2235 2155 2150 
3 2163 2257 2178 
3 2150 2148 2234 
3 2271 2199 2178 
3 2236 2148 2145 
3 2241 2145 2147 
3 2245 2147 2144 
3 2118 2199 2217 
3 2244 2144 2143 
3 2118 2217 2137 
3 2242 2143 2142 
3 2133 2237 2142 
3 2229 2133 2127 
3 2280 2174 2239 
3 2131 2205 2239 
3 2205 2102 2180 
3 2180 2077 2158 
3 2158 2057 2137 
3 2280 2213 2174 
3 2158 2077 2057 
3 2057 2035 2137 
3 2118 2035 2021 
3 2098 2021 2002 
3 2080 2002 1985 
3 2180 2102 2077 
3 1969 2069 1985 
3 2061 1969 1967 
3 2058 1967 1963 
3 1962 2055 1963 
3 2053 1962 1960 
3 2051 1960 1955 
3 2048 1955 1951 
3 2205 2131 2102 
3 2174 2131 2239 
3 1944 2043 1951 
3 2040 1944 1940 
3 2032 1940 1930 
3 1921 1829 1820 
3 2025 1930 1921 
3 1812 1820 1718 
3 1713 1812 1718 
3 1804 1713 1701 
3 1701 1692 1794 
3 1681 1783 1692 
3 952 957 852 
3 1063 957 1057 
3 1160 1165 1063 
3 1260 1269 1165 
3 1373 1269 1366 
3 1479 1373 1470 
3 1581 1479 1571 
3 1681 1581 1672 
3 2538 2453 2433 
3 2349 2453 2370 
3 2631 2660 2538 
3 2880 2940 2837 
3 2880 2837 2752 
3 2752 2660 2631 
3 2263 2370 2281 
3 2172 2263 2281 
3 2172 2085 2065 
3 2085 1999 1981 
3 1999 1910 1895 
3 1809 1725 1708 
3 1910 1809 1895 
3 1725 1636 1623 
3 2940 2966 2950 
3 2966 2965 2950 
3 2963 2949 2965 
3 2963 2961 2948 
3 2961 2952 2942 
3 2922 2882 2933 
3 2882 2866 2760 
3 2760 2764 2617 
3 2617 2630 2512 
3 2952 2933 2927 
3 2524 2418 2512 
3 2418 2425 2318 
3 2318 2328 2223 
3 2223 2229 2127 
3 1636 1546 1534 
3 1144 1046 1039 
3 1241 1144 1141 
3 1046 952 945 
3 1344 1247 1241 
3 1444 1349 1344 
3 1455 1444 1546 
3 2155 2163 2069 
3 2150 2155 2061 
3 2163 2178 2080 
3 2148 2150 2058 
3 2199 2098 2178 
3 2145 2148 2055 
3 2147 2145 2053 
3 2144 2147 2051 
3 2199 2118 2098 
3 2144 2048 2143 
3 2035 2118 2137 
3 2143 2043 2142 
3 2040 2133 2142 
3 2133 2032 2127 
3 2118 2021 2098 
3 2098 2002 2080 
3 2069 2080 1985 
3 2069 1969 2061 
3 2061 1967 2058 
3 2055 2058 1963 
3 2053 2055 1962 
3 2051 2053 1960 
3 2048 2051 1955 
3 2043 2048 1951 
3 1944 2040 2043 
3 2032 2040 1940 
3 2025 2032 1930 
3 1913 1921 1820 
3 2017 2025 1921 
3 1913 1820 1812 
3 1812 1713 1804 
3 1804 1701 1794 
3 1692 1783 1794 
3 1783 1681 1771 
3 957 952 1057 
3 1160 1063 1057 
3 1260 1165 1160 
3 1366 1269 1260 
3 1470 1373 1366 
3 1479 1470 1571 
3 1672 1581 1571 
3 1771 1681 1672 
3 2570 2453 2538 
3 2453 2481 2370 
3 2660 2570 2538 
3 2940 2891 2837 
3 2752 2837 2660 
3 2370 2293 2281 
3 2172 2281 2189 
3 2085 2172 2189 
3 1999 2085 2101 
3 1910 1999 2014 
3 1823 1725 1809 
3 1910 1823 1809 
3 1725 1735 1636 
3 2891 2940 2950 
3 2965 2949 2950 
3 2949 2963 2948 
3 2961 2942 2948 
3 2952 2927 2942 
3 2933 2882 2869 
3 2882 2760 2741 
3 2607 2760 2617 
3 2617 2512 2503 
3 2927 2933 2869 
3 2418 2404 2512 
3 2418 2318 2309 
3 2318 2223 2214 
3 2223 2127 2120 
3 1636 1647 1546 
3 1144 1151 1046 
3 1247 1144 1241 
3 1057 952 1046 
3 1344 1349 1247 
3 1444 1455 1349 
3 1555 1455 1546 
3 2069 2163 2080 
3 2155 2069 2061 
3 2150 2061 2058 
3 2178 2098 2080 
3 2148 2058 2055 
3 2145 2055 2053 
3 2147 2053 2051 
3 2048 2144 2051 
3 2143 2048 2043 
3 2043 2040 2142 
3 2133 2040 2032 
3 2127 2032 2025 
3 2017 1921 1913 
3 2120 2025 2017 
3 1904 1913 1812 
3 1904 1812 1804 
3 1898 1804 1794 
3 1783 1883 1794 
3 1876 1783 1771 
3 1151 1160 1057 
3 1255 1260 1160 
3 1366 1260 1359 
3 1460 1470 1366 
3 1470 1564 1571 
3 1663 1672 1571 
3 1764 1771 1672 
3 2453 2570 2481 
3 2481 2397 2370 
3 2660 2709 2570 
3 2891 2709 2837 
3 2837 2709 2660 
3 2281 2293 2189 
3 2397 2293 2370 
3 2085 2189 2101 
3 1999 2101 2014 
3 1924 1910 2014 
3 1823 1735 1725 
3 1910 1924 1823 
3 1636 1735 1647 
3 2903 2891 2950 
3 2949 2903 2950 
3 2949 2948 2899 
3 2948 2942 2904 
3 2927 2885 2942 
3 2869 2882 2741 
3 2760 2607 2741 
3 2607 2617 2503 
3 2512 2404 2503 
3 2927 2869 2828 
3 2404 2418 2309 
3 2318 2214 2309 
3 2214 2223 2120 
3 2120 2127 2025 
3 1647 1555 1546 
3 1151 1057 1046 
3 1151 1144 1247 
3 1349 1255 1247 
3 1455 1359 1349 
3 1460 1455 1555 
3 2010 2017 1913 
3 2111 2120 2017 
3 2010 1913 1904 
3 1898 1904 1804 
3 1883 1898 1794 
3 1883 1783 1876 
3 1876 1771 1861 
3 1255 1160 1151 
3 1359 1260 1255 
3 1460 1366 1359 
3 1564 1470 1460 
3 1564 1663 1571 
3 1764 1672 1663 
3 1861 1771 1764 
3 2481 2570 2600 
3 2481 2504 2397 
3 2570 2709 2600 
3 2709 2891 2762 
3 2293 2204 2189 
3 2293 2397 2305 
3 2189 2204 2101 
3 2101 2114 2014 
3 2024 1924 2014 
3 1823 1833 1735 
3 1924 1833 1823 
3 1735 1745 1647 
3 2891 2903 2762 
3 2903 2949 2899 
3 2948 2904 2899 
3 2942 2885 2904 
3 2885 2927 2828 
3 2869 2741 2699 
3 2741 2607 2587 
3 2489 2607 2503 
3 2404 2396 2503 
3 2828 2869 2699 
3 2303 2404 2309 
3 2214 2206 2309 
3 2214 2120 2111 
3 1647 1653 1555 
3 1255 1151 1247 
3 1359 1255 1349 
3 1455 1460 1359 
3 1564 1460 1555 
3 2111 2017 2010 
3 1998 2010 1904 
3 1998 1904 1898 
3 1988 1898 1883 
3 1976 1883 1876 
3 1964 1876 1861 
3 1564 1653 1663 
3 1751 1764 1663 
3 1852 1861 1764 
3 2504 2481 2600 
3 2504 2412 2397 
3 2709 2762 2600 
3 2293 2305 2204 
3 2397 2412 2305 
3 2204 2114 2101 
3 2114 2024 2014 
3 2024 1932 1924 
3 1833 1745 1735 
3 1924 1932 1833 
3 1745 1653 1647 
3 2903 2773 2762 
3 2773 2903 2899 
3 2899 2904 2776 
3 2885 2778 2904 
3 2885 2828 2771 
3 2699 2741 2587 
3 2607 2489 2587 
3 2396 2489 2503 
3 2396 2404 2303 
3 2828 2699 2664 
3 2206 2303 2309 
3 2206 2214 2111 
3 1653 1564 1555 
3 2103 2111 2010 
3 1998 2103 2010 
3 1988 1998 1898 
3 1976 1988 1883 
3 1964 1976 1876 
3 1952 1964 1861 
3 1653 1751 1663 
3 1751 1852 1764 
3 1952 1861 1852 
3 2620 2504 2600 
3 2504 2515 2412 
3 2762 2620 2600 
3 2305 2218 2204 
3 2412 2320 2305 
3 2204 2218 2114 
3 2124 2024 2114 
3 2024 2033 1932 
3 1833 1842 1745 
3 1932 1842 1833 
3 1745 1751 1653 
3 2762 2773 2620 
3 2773 2899 2776 
3 2904 2778 2776 
3 2778 2885 2771 
3 2771 2828 2664 
3 2569 2699 2587 
3 2587 2489 2474 
3 2489 2396 2378 
3 2396 2303 2289 
3 2699 2569 2664 
3 2303 2206 2197 
3 2206 2111 2103 
3 2103 1998 2090 
3 2090 1998 1988 
3 1976 2078 1988 
3 2068 1976 1964 
3 1964 1952 2056 
3 1842 1852 1751 
3 1952 1852 1941 
3 2515 2504 2620 
3 2515 2423 2412 
3 2305 2320 2218 
3 2412 2423 2320 
3 2218 2124 2114 
3 2033 2024 2124 
3 1932 2033 1941 
3 1842 1751 1745 
3 1842 1932 1941 
3 2773 2632 2620 
3 2632 2773 2776 
3 2778 2641 2776 
3 2649 2778 2771 
3 2649 2771 2664 
3 2569 2587 2474 
3 2489 2378 2474 
3 2378 2396 2289 
3 2289 2303 2197 
3 2569 2552 2664 
3 2197 2206 2103 
3 2197 2103 2090 
3 2078 2090 1988 
3 2078 1976 2068 
3 2068 1964 2056 
3 2056 1952 2044 
3 1852 1842 1941 
3 2044 1952 1941 
3 2632 2515 2620 
3 2533 2423 2515 
3 2320 2228 2218 
3 2320 2423 2337 
3 2218 2228 2124 
3 2138 2033 2124 
3 2033 2044 1941 
3 2641 2632 2776 
3 2778 2649 2641 
3 2552 2649 2664 
3 2459 2569 2474 
3 2378 2363 2474 
3 2378 2289 2277 
3 2289 2197 2186 
3 2552 2569 2459 
3 2186 2197 2090 
3 2186 2090 2078 
3 2171 2078 2068 
3 2160 2068 2056 
3 2151 2056 2044 
3 2632 2533 2515 
3 2423 2533 2437 
3 2320 2337 2228 
3 2423 2437 2337 
3 2228 2138 2124 
3 2033 2138 2044 
3 2533 2632 2641 
3 2649 2540 2641 
3 2649 2552 2540 
3 2363 2459 2474 
3 2363 2378 2277 
3 2277 2289 2186 
3 2552 2459 2447 
3 2171 2186 2078 
3 2160 2171 2068 
3 2151 2160 2056 
3 2138 2151 2044 
3 2533 2540 2437 
3 2337 2247 2228 
3 2437 2347 2337 
3 2247 2138 2228 
3 2540 2533 2641 
3 2540 2552 2447 
3 2459 2363 2356 
3 2363 2277 2264 
3 2277 2186 2171 
3 2447 2459 2356 
3 2264 2171 2160 
3 2255 2160 2151 
3 2247 2151 2138 
3 2540 2447 2437 
3 2347 2247 2337 
3 2437 2447 2347 
3 2363 2264 2356 
3 2264 2277 2171 
3 2447 2356 2347 
3 2255 2264 2160 
3 2255 2151 2247 
3 2255 2247 2347 
3 2264 2255 2356 
3 2356 2255 2347 

