# vtk DataFile Version 4.2
vtk output
ASCII
DATASET POLYDATA
POINTS 3000 float
-208.866 0.564913 -295.723 -208.477 13.662 -309.432 -208.049 -3.83301 -313.96 
-208.032 -17.1526 -301.224 -207.838 18.0223 -292.55 -207.439 -13.0452 -283.291 
-207.128 4.76635 -277.35 -206.64 30.881 -306.318 -206.382 -21.3203 -319.076 
-206.045 20.5671 -280.38 -205.606 -30.452 -289.151 -205.285 -9.12684 -265.352 
-205.116 -34.4767 -306.805 -205.008 34.6878 -291.386 -204.867 24.9561 -322.046 
-204.251 23.1118 -268.21 -204.226 -26.478 -271.506 -204.217 8.43911 -258.595 
-203.852 8.14053 -325.816 -202.651 -5.73399 -247.274 -202.488 -38.5002 -324.375 
-202.422 37.4281 -277.001 -202.404 -8.58272 -331.289 -202.278 -22.8874 -253.669 
-202.084 47.2368 -303.372 -201.223 -47.3355 -294.819 -201.004 11.2844 -240.559 
-200.985 -43.4217 -277.373 -200.754 25.8149 -250.998 -200.687 41.9623 -320.509 
-200.22 -51.2373 -312.24 -200.086 -19.9397 -235.759 -199.858 50.7652 -287.464 
-199.749 -3.09762 -229.208 -199.626 -25.4624 -335.905 -199.561 -39.7443 -259.885 
-199.303 40.1464 -260.912 -198.216 -36.6646 -242.191 -197.999 -17.414 -217.893 
-197.8 13.4669 -222.5 -197.538 -54.7657 -329.972 -197.39 -0.851644 -211.257 
-197.083 -34.0439 -224.482 -196.754 27.7502 -233.611 -196.59 -15.0248 -200.199 
-196.56 53.813 -271.258 -195.895 -31.5299 -206.852 -195.846 62.9097 -299.392 
-195.615 17.4014 -333.626 -195.286 1.36896 -193.442 -195.205 -59.5085 -283.123 
-195.058 15.5056 -204.651 -195.006 41.9417 -244.092 -194.988 -63.2759 -300.085 
-194.949 -41.6164 -341.664 -194.86 -56.0414 -266.009 -194.545 -29.2967 -189.157 
-194.477 -52.9941 -248.563 -194.371 -12.7608 -182.489 -193.794 -67.0803 -317.244 
-193.784 -50.3657 -230.972 -193.632 57.7638 -318.792 -193.278 -47.92 -213.388 
-193.082 29.4342 -215.96 -192.622 66.413 -282.387 -192.367 -45.6149 -195.792 
-192.255 55.807 -254.565 -192.069 3.56283 -175.893 -191.716 17.4162 -186.968 
-191.674 -75.3649 -12.0967 -191.57 -26.986 -171.645 -191.427 -72.4724 5.59168 
-191.16 -58.3271 -5.65526 -191.144 -61.0889 -23.2567 -191.115 2.73042 -337.517 
-190.662 -69.3587 23.2047 -190.653 -70.9239 -334.71 -190.56 -43.3716 -178.294 
-190.452 -10.473 -165.123 -190.446 71.9593 -313.175 -190.399 -47.1604 -34.4196 
-190.249 43.2066 -227.009 -190.047 -44.5126 -17.0102 -190.035 30.9595 -332.567 
-189.773 -55.4069 11.7383 -189.682 -33.3173 -45.3763 -189.56 -63.458 -40.8838 
-189.554 -77.4909 -29.8165 -189.451 -49.3984 -51.7622 -189.281 31.058 -198.333 
-189.198 -19.8658 -56.5449 -188.975 -63.927 -219.85 -188.965 -57.053 -345.347 
-188.964 -30.7463 -28.2031 -188.952 -66.2241 -237.479 -188.906 -41.6248 0.337036 
-188.77 -61.673 -202.354 -188.718 -86.4578 16.56 -188.517 -68.6886 -254.993 
-188.467 19.6571 -169.447 -188.327 68.9717 -265.538 -188.28 -17.0711 -39.4032 
-188.252 -35.3721 -62.4685 -188.24 -89.1245 -1.13839 -188.186 5.85312 -158.569 
-188.153 -71.6888 -272.16 -187.998 77.7787 -295.006 -187.998 -3.82997 -50.7767 
-187.996 -75.1349 -288.833 -187.888 -27.9316 -10.9381 -187.829 -7.30955 -67.9308 
-187.629 -59.4466 -184.923 -187.621 -78.7776 -305.063 -187.575 -13.2481 -341.95 
-187.543 8.94876 -62.165 -187.395 25.9645 -56.6516 -187.283 47.2345 -33.8854 
-187.19 12.9374 -45.0936 -187.116 -83.0451 34.044 -187.097 -91.5127 -18.8257 
-187.089 59.3848 -323.611 -186.999 -52.2649 28.9282 -186.992 -65.8715 40.2965 
-186.919 -22.3214 -73.4905 -186.917 -24.4542 -154.692 -186.895 56.8754 -237.782 
-186.891 -14.2164 -22.2213 -186.75 29.9855 -39.3897 -186.715 -40.8957 -161.194 
-186.67 -0.470444 -33.5571 -186.587 43.3168 -51.0769 -186.587 50.7696 -16.5392 
-186.394 -79.339 -47.3939 -186.303 64.7757 -28.8147 -186.226 33.443 -22.0154 
-186.089 -65.1 -58.0669 -185.974 -38.7121 17.4961 -185.973 16.4081 -27.7496 
-185.927 -8.02209 -148.096 -185.894 32.9612 -180.756 -185.893 -82.4385 -321.686 
-185.628 44.4085 -209.665 -185.604 36.5796 -4.58868 -185.579 -50.8894 -68.6378 
-185.573 54.0061 0.977741 -185.57 2.52767 -16.283 -185.551 68.3388 -11.5748 
-185.483 -25.0443 6.23314 -185.387 19.468 -10.3909 -185.38 -11.3284 -4.98415 
-185.328 71.9014 5.79455 -185.09 74.6117 24.7112 -185.048 -57.1172 -167.724 
-184.851 4.9415 -79.1344 -184.731 22.4647 6.95946 -184.729 -79.3147 51.3647 
-184.719 76.991 45.6571 -184.678 5.5228 1.00411 -184.665 60.8515 -46.0167 
-184.65 56.8749 18.8808 -184.629 39.5195 12.8905 -184.576 21.5345 -73.3614 
-184.432 -93.3472 -36.4518 -184.426 -36.9781 -79.1516 -184.108 21.7945 -152.2 
-184.075 -77.3705 -208.85 -184.008 59.447 36.9163 -183.959 -10.7168 -84.8098 
-183.888 -48.8699 45.8994 -183.78 -62.1436 57.2277 -183.768 61.7341 54.6023 
-183.748 91.8615 27.0708 -183.713 -35.4751 34.5988 -183.699 78.2916 63.5441 
-183.688 80.927 -277.329 -183.654 -8.29286 12.2205 -183.556 -79.424 -226.437 
-183.54 8.57275 18.2363 -183.452 8.1808 -141.572 -183.439 89.5033 10.5608 
-183.418 -75.1972 -191.434 -183.357 25.4223 24.2476 -183.275 42.3223 30.3563 
-183.204 -22.0144 23.3453 -183.028 38.4271 -67.7887 -182.993 70.1744 -248.718 
-182.981 85.6752 -6.47619 -182.959 -29.3464 -345.751 -182.956 93.7107 40.9851 
-182.874 45.0621 47.6919 -182.799 63.6516 71.644 -182.683 47.7405 64.8383 
-182.644 35.2063 -163.267 -182.62 -5.11844 29.4062 -182.617 -81.5768 -244.004 
-182.607 11.6888 35.4443 -182.545 28.397 41.4804 -182.327 -21.8975 -137.837 
-182.256 -18.6147 40.5244 -182.221 31.4574 58.6426 -182.185 -26.1987 -90.868 
-182.108 14.9456 52.578 -181.988 -31.9397 51.6797 -181.974 -38.3544 -144.527 
-181.954 -1.73482 46.5604 -181.887 -85.9493 -338.605 -181.784 -84.1063 -261.347 
-181.727 -45.0359 62.8851 -181.639 86.8286 -309.481 -181.614 94.7433 57.6252 
-181.521 45.7707 -192.21 -181.519 34.6898 75.727 -181.484 45.5851 -330.814 
-181.378 18.3928 69.7308 -181.375 -72.7946 -174.278 -181.289 -104.888 -8.04359 
-181.289 -5.44752 -131.193 -181.248 57.3863 -220.947 -181.245 50.6599 81.7181 
-181.196 81.4582 -23.461 -181.145 -80.1436 -64.1758 -181.094 -101.724 9.32008 
-181.065 78.6098 79.9017 -181.028 -57.913 74.1011 -181.013 -15.0178 57.6456 
-180.802 1.01671 -96.0323 -180.796 -65.685 -74.4562 -180.782 1.79132 63.6564 
-180.624 -54.477 -151.025 -180.601 -86.9241 -278.265 -180.421 -28.0876 68.7873 
-180.399 -94.5802 -53.782 -180.369 -51.1798 -84.7261 -180.327 -15.2744 -102.554 
-180.25 -75.1357 68.1888 -180.206 22.0885 86.8162 -180.168 -107.316 -25.586 
-180.135 -72.1138 -348.555 -180.1 5.53708 80.7989 -180.066 -98.118 26.4224 
-179.928 -11.2152 74.7719 -179.889 -35.4555 -94.5199 -179.877 66.2537 88.1371 
-179.862 -19.3054 -120.589 -179.833 -40.9118 79.8953 -179.792 17.1299 -89.8293 
-179.774 -90.1594 -294.502 -179.74 55.2373 -62.0422 -179.62 10.8436 -124.519 
-179.59 -2.35367 -113.604 -179.513 -24.0668 85.9862 -179.486 -7.20479 91.9704 
-179.434 76.9827 -40.3819 -179.397 24.1234 -135.245 -179.388 1.44503 126.378 
-179.301 38.4422 92.5445 -179.291 9.55342 97.885 -179.236 -19.956 103.268 
-179.225 -3.06978 109.157 -179.19 93.4052 74.5198 -179.041 19.5644 131.932 
-178.98 -15.7494 120.638 -178.813 -45.3249 -349.492 -178.736 -36.7068 97.1807 
-178.571 -93.4135 -309.673 -178.553 13.9473 115.169 -178.476 37.2828 -146.01 
-178.403 54.3829 98.1762 -178.339 -94.4271 43.5709 -178.319 -36.093 -127.697 
-178.236 -53.4241 91.0837 -178.226 91.3713 -290.168 -178.225 33.3321 -83.9027 
-178.169 14.8195 -338.085 -178.146 26.2802 103.752 -178.061 82.5452 -260.238 
-178.031 -109.01 -43.2217 -177.984 -32.7622 114.779 -177.976 -90.3597 -198.019 
-177.956 13.6348 -107.064 -177.937 -34.4491 -110.549 -177.891 -92.4188 -215.491 
-177.887 47.5622 -174.745 -177.815 6.77891 142.977 -177.793 -70.2026 -157.515 
-177.488 75.4042 -324.251 -177.274 31.5693 120.627 -177.238 43.0853 109.12 
-177.042 -11.1105 137.534 -176.865 70.0376 102.102 -176.827 -88.172 -180.718 
-176.678 -94.3519 -232.988 -176.604 70.4701 -232.029 -176.568 -52.1051 -134.365 
-176.298 -96.6542 -325.287 -176.146 26.704 -118.069 -176.091 -50.4613 -100.791 
-176.042 -70.0728 84.8897 -175.939 58.0277 -203.73 -175.611 -60.5696 -350.566 
-175.601 29.7979 -335.387 -175.46 -28.5934 132.224 -175.422 29.4173 -100.732 
-175.342 -49.0305 108.209 -175.248 -96.5003 -250.443 -175.113 71.2281 -56.5267 
-175.108 89.8961 90.1549 -175.026 37.9543 137.903 -174.988 105.86 33.7226 
-174.982 103.706 17.1304 -174.886 -65.3043 -90.502 -174.877 -50.6774 -117.467 
-174.874 -90.3992 60.6574 -174.808 100.415 -0.131055 -174.753 59.8093 113.765 
-174.617 49.0946 125.833 -174.479 -79.7882 -80.3297 -174.412 49.6934 -157.342 
-174.331 48.9861 -77.7328 -174.284 39.6662 -128.925 -173.975 -94.4942 -70.325 
-173.965 -121.427 -14.5476 -173.772 25.5337 149.061 -173.591 -123.542 -32.4375 
-173.591 -67.5641 -140.921 -173.586 -98.8654 -267.684 -173.558 -85.4729 -163.938 
-173.264 96.9341 -17.6611 -173.046 -1.6119 -341.796 -172.975 -109.288 -60.4122 
-172.725 93.716 -272.416 -172.415 106.582 50.3094 -172.23 -45.2977 125.706 
-172.222 -118.442 3.21073 -172.073 99.7213 -303.045 -171.955 -101.722 -284.584 
-171.712 59.3094 -186.316 -171.675 83.0283 -243.384 -171.469 41.8956 -111.625 
-171.461 -64.8791 -107.031 -171.455 84.5685 103.919 -171.122 -65.6586 -124.049 
-170.924 44.507 -94.3019 -170.899 -104.807 -204.649 -170.852 -99.2129 -340.819 
-170.816 -64.7756 101.153 -170.796 -113.347 19.4035 -170.735 51.9242 -139.992 
-170.347 70.3246 -215.19 -170.243 -102.652 -187.382 -170.228 -104.832 -300.995 
-170.208 59.7267 -329.692 -170.161 -106.818 -222.056 -170.087 -124.065 -50.0859 
-169.948 91.2787 -34.1084 -169.913 -5.33158 151.889 -169.857 -82.8305 -147.358 
-169.854 -107.353 34.7078 -169.84 -85.0796 77.1293 -169.557 105.138 67.0979 
-169.397 64.5749 -71.8597 -169.338 -84.8598 -350.94 -169.063 -18.2357 -344.884 
-169.041 75.6652 116.614 -168.976 -22.7888 147.62 -168.656 -108.8 -239.484 
-168.598 -79.0096 -96.572 -168.438 -107.117 -313.573 -168.122 61.1453 -168.841 
-167.92 -100.14 -170.425 -167.624 65.4291 128.922 -167.238 -137.858 -21.3361 
-167.132 103.968 -285.061 -167.021 54.0482 -122.604 -166.934 -80.4743 -130.63 
-166.895 11.8326 156.428 -166.889 85.6292 -50.4147 -166.845 54.6406 141.587 
-166.613 -93.2791 -86.3757 -166.518 94.8248 -255.275 -166.492 -110.761 -256.776 
-166.467 -79.1555 -113.572 -166.292 -102.834 51.3633 -165.732 -138.854 -39.5353 
-165.564 102.199 83.89 -165.473 59.2072 -88.0702 -165.389 -109.593 -327.57 
-165.305 -108.174 -76.718 -165.267 -59.4205 116.917 -165.043 -34.8777 -348.141 
-165.015 104.649 -313.032 -164.981 56.1469 -105.239 -164.9 89.9099 -323.033 
-164.835 63.4579 -151.354 -164.816 70.5654 -198.023 -164.783 -135.12 -3.21494 
-164.499 -118.882 24.32 -164.467 43.2014 -333.515 -164.456 -97.641 -153.994 
-164.445 82.4441 -226.735 -164.219 -113.074 -273.966 -164.125 -79.026 92.8291 
-164.121 -38.989 140.5 -163.68 41.6683 151.941 -163.394 -123.009 -67.0106 
-163.146 -118.948 -211.141 -162.579 -116.486 -193.946 -162.496 78.9055 -65.876 
-162.315 -67.6047 -352.736 -162.135 -51.3244 -351.037 -161.875 -115.836 -291.234 
-161.849 96.8381 99.9356 -161.715 -120.825 -228.569 -161.672 111.348 7.05575 
-161.49 113.621 24.3583 -161.446 65.557 -133.762 -161.391 26.6018 -337.033 
-161.39 -92.4984 -103.128 -161.254 -97.8186 67.8119 -161.083 112.684 -297.313 
-160.987 108.174 -10.2605 -160.978 -94.9582 -137.425 -160.705 -114.015 -177.025 
-160.652 105.349 -267.746 -160.467 71.7457 -180.463 -160.41 -137.9 -57.1567 
-160.097 -93.2794 -120.386 -160.075 114.209 41.616 -159.61 -122.729 -245.87 
-159.435 -131.527 14.7165 -159.062 103.71 -27.3605 -159.005 73.4261 -328.292 
-159.003 -119.098 -309.735 -158.957 1.17494 160.058 -158.815 94.5609 -238.4 
-158.786 -114.958 41.6732 -158.584 73.0251 -81.9001 -158.545 89.2518 114.49 
-158.54 -152.738 -28.7737 -158.484 10.0724 -340.146 -158.381 67.3855 -116.187 
-158.203 -106.567 -92.9627 -158.061 27.6956 159.811 -158.036 -110.863 -342.249 
-157.729 81.6929 -209.873 -157.666 -13.6008 156.995 -157.561 -96.5509 -351.529 
-157.556 -111.738 -160.621 -157.426 -53.014 131.354 -157.394 -150.375 -10.5485 
-157.267 -72.0565 107.31 -157.125 -124.76 -263.044 -157.079 73.7799 -162.805 
-157.072 113.4 58.7238 -156.781 69.382 -98.6966 -156.626 79.6976 128.237 
-156.385 98.1734 -43.8248 -155.87 -152.767 -46.8862 -155.436 -91.3307 83.0537 
-155.186 -120.9 -83.096 -154.969 -6.91363 -343.087 -154.875 68.884 140.979 
-154.385 115.177 -280.258 -154.234 -129.899 -200.435 -154.143 -126.868 -280.145 
-154.101 -109.239 -144.252 -154.023 -30.0298 152.2 -154.006 76.1561 -144.951 
-153.993 -132.252 -217.626 -153.758 -121.957 -329.708 -153.731 -105.926 -109.939 
-153.589 92.3137 -59.8408 -153.306 105.376 -250.734 -153.059 56.5906 -331.985 
-153.01 111.173 76.1033 -152.791 -78.9429 -353.432 -152.739 -110.121 58.1694 
-152.705 -135.782 -73.6958 -152.68 -127.364 -183.545 -152.668 -107.094 -127.284 
-152.615 -146.111 7.02384 -152.596 -134.483 -235.026 -152.517 -127.395 32.2505 
-151.958 81.5661 -192.331 -151.741 117.363 -310.247 -151.739 56.1881 152.03 
-151.268 103.723 -321.523 -151.138 -24.2405 -346.078 -150.959 77.8714 -127.235 
-150.954 -129.344 -297.466 -150.837 13.3611 164.472 -150.483 93.096 -221.845 
-150.429 86.2659 -75.8631 -150.116 -136.413 -252.199 -149.784 -124.956 -167.062 
-149.367 -150.707 -64.2211 -149.328 -64.8915 120.862 -149.002 -84.278 97.355 
-148.845 106.975 93.2589 -148.771 79.5129 -109.613 -148.493 39.1227 -335.037 
-148.399 -119.035 -99.5613 -148.376 -164.414 -18.2705 -148.192 -166.211 -36.475 
-148.192 81.8459 -92.3328 -148.102 83.1657 -174.039 -147.833 -41.7326 -349.404 
-147.677 -44.2229 143.255 -147.39 115.123 -263.346 -147.389 119.814 14.6268 
-147.209 117.329 -2.7503 -147.203 42.4851 161.158 -147.159 -132.044 -315.369 
-147.066 123.452 -292.765 -146.974 -138.261 -269.149 -146.745 86.3288 -326.343 
-146.708 -103.914 73.6022 -146.693 -2.59118 164.608 -146.653 120.761 32.1708 
-146.473 114.033 -19.9538 -146.171 100.516 109.178 -146.149 -122.943 -151.032 
-146.064 -140.914 23.7418 -145.791 -58.7135 -352.025 -145.412 -75.4797 -353.216 
-145.13 -142.87 -206.81 -145.126 85.4344 -156.104 -144.947 -160.304 -0.694424 
-144.944 21.9443 -338.101 -144.876 -118.964 -116.88 -144.846 109.567 -36.8689 
-144.774 -145.585 -224.111 -144.738 -122.421 48.7679 -144.497 -133.085 -89.6322 
-144.316 -140.043 -189.782 -144.25 -120.661 -134.293 -144.051 92.05 124.169 
-143.989 -106.922 -351.334 -143.927 -165.003 -54.2357 -143.849 -121.274 -344.76 
-143.705 120.397 49.849 -143.431 -140.182 -286.019 -143.348 91.7461 -204.734 
-142.93 -19.1623 160.548 -142.86 -147.747 -241.46 -142.753 104.226 -53.2984 
-142.39 -90.4741 -353.646 -142.331 87.3971 -138.258 -142.233 81.9153 138.109 
-142.114 105.56 -233.377 -142.016 -137.381 -173.162 -141.358 4.79837 -341.063 
-141.346 28.1045 167.542 -141.324 -76.7672 110.629 -141.31 -134.048 -333.208 
-141.285 69.059 -329.845 -141.133 -147.666 -80.2484 -140.962 112.903 -247.133 
-140.799 -96.4728 87.4552 -140.225 98.1911 -69.3739 -140.208 -56.7658 133.337 
-140.036 124.631 -275.931 -139.927 -149.63 -258.464 -139.838 70.0898 150.716 
-139.629 88.577 -120.535 -139.612 -142.431 -303.028 -138.841 -154.745 15.9586 
-138.34 -131.434 -106.373 -138.168 116.279 -318.912 -138.144 119.357 68.6598 
-138.023 -136.375 -157.585 -137.971 -177.281 -26.4191 -137.954 91.5476 -185.157 
-137.934 92.8037 -85.7388 -137.919 90.3222 -102.892 -137.86 -135.003 39.6671 
-137.702 129.155 -305.142 -137.627 -12.8163 -344.036 -137.327 -33.8252 152.925 
-137.109 -116.596 64.1775 -136.889 -162.082 -70.9433 -136.354 56.9311 161.714 
-136.342 -151.429 -275.115 -136.321 -173.721 -8.63859 -136.277 51.6014 -332.934 
-135.746 -155.806 -213.208 -135.743 12.2366 170.483 -135.643 -132.224 -123.934 
-135.578 -177.578 -44.3303 -135.512 -152.74 -195.996 -135.37 -134.594 -141.299 
-135.073 -144.621 -320.116 -134.912 116.034 86.1374 -134.771 -158.385 -230.507 
-134.517 93.1369 -166.792 -134.427 102.631 -217.563 -134.246 98.838 -324.004 
-134.211 -149.385 -178.975 -133.98 -31.2436 -347.517 -133.563 -88.8626 100.709 
-133.173 122.773 -259.381 -133.02 125.095 4.94798 -133.005 -144.587 -96.2 
-132.914 122.896 -12.4291 -132.659 126.429 22.4799 -132.56 -160.65 -247.873 
-132.53 110.429 102.734 -132.445 -144.886 -161.771 -132.409 -68.696 123.099 
-132.34 -153.248 -291.56 -132.171 119.522 -29.5607 -132.052 -6.59032 167.86 
-131.939 34.0507 -335.937 -131.912 124.187 55.8702 -131.828 94.8585 -149.146 
-131.806 133.27 -288.578 -131.389 42.5964 170.295 -131.384 -109.13 77.9837 
-131.201 126.414 40.0085 -131.199 -49.3214 -350.648 -131.108 -168.075 8.144 
-130.73 103.041 118.617 -130.712 -148.209 31.4065 -130.69 -132.47 -347.67 
-130.69 114.74 -46.2948 -130.418 -175.489 -61.2754 -130.316 -46.9802 143.963 
-129.636 -66.6133 -352.839 -129.561 96.6685 -131.438 -129.432 -116.572 -351.754 
-129.186 93.975 133.577 -129.173 -162.575 -264.724 -129.135 81.2888 -327.303 
-128.858 109.232 -62.6698 -128.676 -83.5402 -353.77 -128.601 -158.406 -86.6144 
-128.491 -100.097 -353.638 -128.379 -129.057 54.9932 -128.378 -145.939 -336.63 
-128.335 99.8378 -201.275 -128.309 119.009 -243.777 -128.149 16.8042 -339.042 
-127.729 -155.026 -308.106 -127.618 -143.611 -113.366 -127.567 97.8028 -113.619 
-127.451 83.1736 147.687 -127.13 -22.6594 161.502 -126.794 103.304 -78.8826 
-126.307 99.701 -95.9754 -126.236 -165.491 -202.25 -126.143 99.4243 -192.719 
-126.133 -100.894 90.7427 -126.02 -168.601 -219.439 -125.956 -185.248 -17.2033 
-125.58 -161.745 -185.013 -125.394 -145.301 -131.033 -125.326 -149.087 -148.634 
-125.211 -164.271 -280.767 -125.129 27.5352 175.626 -125.08 3.07581 172.584 
-124.842 -80.8251 113.191 -124.824 70.7081 160.329 -124.779 -187.484 -34.6471 
-124.687 -156.827 -167.467 -124.624 -171.196 -236.875 -124.538 132.401 -271.406 
-124.461 128.074 -316.231 -124.425 -0.642055 -342.151 -124.049 63.8483 -330.755 
-123.652 114.148 -228.792 -123.467 -161.449 23.5294 -123.17 -171.832 -77.2952 
-123.132 -180.194 0.288903 -122.807 -59.4717 134.438 -122.569 99.4659 -176.444 
-122.255 139.554 -301.829 -122.126 -156.691 -324.399 -121.892 110.128 -322.14 
-121.793 -173.404 -254.463 -121.374 -156.067 -102.932 -121.231 -141.557 46.0493 
-121.066 -186.801 -51.5343 -120.934 56.6989 170.992 -120.708 -18.7867 -345.182 
-120.679 -165.785 -296.693 -120.284 -36.3692 153.456 -120.177 127.566 62.1927 
-119.919 100.753 -159.664 -119.466 123.851 78.8262 -119.316 46.4008 -333.838 
-118.77 -185.561 -4.69536 -118.565 130.113 -4.72253 -118.497 130.502 46.5742 
-118.386 -122.693 69.2338 -118.341 131.323 12.7535 -118.313 127.628 -22.0387 
-118.261 128.849 -255.383 -118.109 12.742 177.307 -118.052 109.57 -214.129 
-118.002 -11.6741 169.223 -118.001 -144.117 -350.673 -117.994 118.93 95.6737 
-117.965 -175.274 -270.948 -117.88 131.594 30.1903 -117.825 102.69 -142.336 
-117.547 -92.9715 103.353 -117.538 123.711 -39.0375 -117.379 -156.378 -120.356 
-117.111 -39.2156 -348.807 -116.859 92.9705 -325.285 -116.656 -178.357 -208.4 
-116.601 112.499 112.051 -116.469 -174.554 -191.093 -116.302 118.562 -55.6218 
-116.228 104.173 -124.439 -116.082 -173.785 15.1244 -116.068 -169.94 -173.499 
-115.999 -181.417 -225.625 -115.941 -159.146 -137.863 -115.853 -163.858 -155.486 
-115.717 -168.788 -93.1099 -115.713 -126.944 -353.078 -115.549 41.5625 178.886 
-115.377 -183.874 -67.5419 -115.345 -71.8614 124.81 -115.328 104.39 127.752 
-115.289 -167.196 -312.746 -115.264 140.801 -283.906 -115.137 28.8206 -336.898 
-114.995 -157.664 -340.347 -114.784 112.518 -71.9813 -114.738 105.306 -106.404 
-114.708 -57.3162 -351.878 -114.408 -190.928 -9.67963 -114.244 107.73 -88.8676 
-114.112 -109.654 -353.629 -114.083 94.62 142.752 -113.918 -183.76 -243.306 
-113.901 -154.374 37.4272 -113.64 -176.728 -286.063 -113.505 -74.7252 -353.467 
-113.339 105.962 -199.978 -113.292 -92.2312 -353.85 -112.837 -49.3544 144.665 
-112.735 124.4 -239.93 -112.377 83.3244 156.818 -112.297 -194.275 -25.7349 
-111.669 76.0392 -328.314 -111.362 11.417 -340.077 -110.804 -104.736 93.1596 
-110.721 -25.9035 162.879 -110.686 -134.803 59.7482 -110.366 -185.735 -261.229 
-109.991 -0.701599 176.55 -109.85 -167.636 -109.784 -109.773 104.498 -185.597 
-109.631 -195.593 -41.4533 -109.531 70.2959 169.294 -109.337 -184.346 6.47709 
-108.837 26.2389 183.318 -108.787 -115.202 82.0989 -108.727 136.423 -312.82 
-108.597 119.74 -319.762 -108.54 -168.526 -328.367 -108.48 -180.37 -83.1023 
-108.363 -177.79 -301.289 -108.332 137.712 -267.265 -108.087 -84.1901 115.057 
-107.692 -6.06218 -343.198 -107.238 118.955 -225.089 -106.968 104.89 -169.863 
-106.947 -169.351 -127.187 -106.856 58.6102 -331.536 -106.691 -166.848 28.4851 
-106.473 -187.22 -197.271 -106.452 -182.97 -179.704 -106.216 -177.848 -161.953 
-106.157 -190.64 -214.44 -105.935 -187.465 -277.079 -105.842 102.34 -323.561 
-105.822 -172.807 -144.496 -105.446 -62.2408 135.628 -105.304 -193.789 -57.4098 
-105.066 55.4941 179.351 -104.767 -155.627 -354.025 -104.71 -193.294 -231.823 
-104.694 146.228 -297.192 -104.591 106.275 -153.24 -104.268 -23.3885 -346.187 
-104.158 -192.374 -3.15621 -103.981 133.569 54.2179 -103.679 133.727 -14.3706 
-103.674 135.523 37.5196 -103.659 135.367 3.08393 -103.582 130.091 70.9684 
-103.436 130.732 -31.5898 -103.368 135.603 20.5748 -103.36 -147.186 50.2832 
-103.065 108.084 -135.641 -102.944 126.53 -48.5526 -102.939 -39.1993 154.717 
-102.669 125.525 87.8245 -102.568 109.663 -117.082 -102.553 -137.588 -354.757 
-102.507 -32.8981 -347.907 -102.404 41.0021 -334.703 -102.289 -15.095 172.436 
-102.133 -195.585 -249.876 -102.118 133.265 -251.437 -102.025 -178.122 -99.3376 
-101.965 120.451 -65.0397 -101.942 113.676 -210.692 -101.933 -179 -316.477 
-101.862 10.7935 184.596 -101.714 111.075 -98.9427 -101.538 119.939 104.512 
-101.345 114.593 -81.5266 -101.255 -188.44 -290.461 -101.043 -96.2863 105 
-100.826 -168.8 -343.876 -100.785 113.02 120.858 -100.356 -197.607 -16.1288 
-100.3 -119.505 -353.909 -100.242 -48.1055 -350.477 -100.001 -178.503 18.9878 
-99.8468 104.21 136.38 -99.797 -127.433 72.2194 -99.5607 -190.716 -73.0936 
-99.1791 39.8335 186.439 -98.7597 94.1209 151.313 -98.3852 23.3304 -337.712 
-98.3661 -65.3244 -352.786 -98.2139 -74.9592 126.261 -98.159 -101.02 -353.892 
-98.0417 -179.321 -116.534 -97.8319 145.457 -278.88 -97.7404 -197.324 -268.169 
-97.6342 110.054 -195.864 -97.4238 -82.8864 -353.773 -97.1221 89.0245 -325.874 
-97.0986 -200.873 -30.8991 -96.9713 82.5189 165.271 -96.1742 -159.723 40.6322 
-96.1303 127.786 -236.096 -96.1212 -182.293 -133.709 -95.8307 -195.282 -185.895 
-95.6516 -190.778 -168.324 -95.5786 -186.223 -150.857 -95.5625 -199.134 -203.347 
-95.3569 -189.319 -304.344 -95.3518 -52.5919 146.228 -94.6973 -107.95 94.5904 
-94.6646 5.93294 -341.032 -94.4631 -201.904 -220.477 -94.4352 -179.589 -332.079 
-94.2969 -188.801 8.23612 -94.2791 -4.12635 182.269 -94.1512 -28.6677 166.081 
-94.1085 127.992 -317.131 -94.0122 108.501 -180.371 -93.9406 70.7318 -329.44 
-93.694 68.8765 177.202 -93.4213 -188.31 -88.989 -93.407 -201.014 -46.7715 
-93.1739 111.039 -321.615 -92.6162 23.9064 190.683 -92.4392 -204.25 -238.062 
-92.3929 -139.544 62.1617 -92.2626 144.026 -307.55 -91.2169 141.225 -262.818 
-91.1599 -11.2397 -344.227 -91.0756 108.834 -164.184 -91.0631 -87.1846 116.225 
-90.5288 121.844 -221.402 -90.2003 -198.97 -288.39 -89.9759 -165.125 -356.604 
-89.7329 53.0489 -332.733 -89.5141 113.964 -109.03 -89.4199 -172.008 30.6447 
-89.34 -197.145 -4.50015 -89.3334 -147.58 -358.055 -89.1083 -206.159 -256.267 
-88.8442 -198.678 -62.4322 -88.7537 132.769 -41.3651 -88.7366 53.6139 186.52 
-88.6827 127.924 -58.1848 -88.6223 116.366 -91.3252 -88.6112 135.852 -24.084 
-88.5969 110.182 -147.436 -88.5688 -188.568 -105.928 -88.556 -119.513 84.095 
-88.5295 138.015 -6.68064 -88.3543 138.723 10.8672 -88.3276 121.357 -74.5145 
-88.1597 137.095 45.3719 -88.1423 138.118 28.3148 -88.1227 -26.8239 -346.878 
-88.0577 -65.6784 137.186 -87.977 -189.942 -319.8 -87.7976 112.1 -129.253 
-87.7937 134.467 62.3895 -87.2223 -129.68 -354.924 -87.0705 130.4 79.3703 
-86.7376 150.605 -290.781 -86.209 -18.0012 177.57 -86.1007 125.225 96.185 
-85.8708 -40.3208 -349.157 -85.7912 -178.526 -347.497 -85.7272 -191.222 -123.149 
-85.6817 7.86307 191.061 -85.6757 -42.7298 157.633 -85.5594 35.3163 -335.682 
-85.5334 115.691 -206.926 -85.4427 119.074 112.755 -85.1744 -152.003 51.9407 
-84.9438 -202.297 -19.5001 -84.9121 135.968 -247.27 -84.8588 111.579 128.834 
-84.5696 -194.665 -140.058 -84.2282 -198.543 -157.24 -84.221 102.814 144.355 
-84.1561 -206.668 -192.131 -84.134 -202.54 -174.677 -84.0445 -99.0911 105.786 
-83.7028 -56.0943 -351.536 -83.5687 -207.502 -274.864 -83.4818 -196.484 -78.248 
-83.4165 -209.917 -209.335 -83.2883 -183.446 19.462 -83.2396 92.9358 159.32 
-83.1503 -109.885 -353.97 -82.3656 37.4014 192.649 -82.0173 -73.1482 -353.377 
-81.723 -211.989 -226.511 -81.6603 17.6937 -338.742 -81.4941 -199.616 -306.77 
-81.4553 111.877 -191.432 -81.3274 -131.474 73.5691 -81.2784 81.0789 173.02 
-81.2277 -90.8417 -353.879 -80.9416 -204.625 -35.2237 -80.8389 -78.036 127.206 
-80.127 148.26 -274.267 -79.65 -189.7 -335.713 -79.3002 118.543 -319.733 
-79.2626 -213.953 -244.1 -79.1799 83.351 -326.875 -79.047 129.879 -232.081 
-78.7498 136.259 -314.709 -78.6488 102.279 -323.156 -78.3716 -196.388 -95.0375 
-78.254 -164.539 41.4618 -78.1151 -7.43644 188.06 -78.0769 -30.7804 171.455 
-78.043 114.861 -118.222 -78.0398 0.344811 -342.059 -77.9083 -193.395 6.87845 
-77.9002 110.317 -175.234 -77.6951 -56.5917 148.099 -77.6077 67.1353 184.488 
-77.222 -110.845 95.1351 -76.8756 -204.253 -51.3742 -76.5355 64.9604 -330.494 
-76.2191 117.389 -101.053 -75.6869 20.9297 196.596 -75.3602 -208.499 -292.755 
-75.2896 151.72 -303.344 -75.1396 -214.872 -262.119 -75.0976 -156.587 -361.444 
-74.9888 121.381 -84.0409 -74.6809 -16.5111 -345.035 -74.6702 110.875 -158.86 
-74.5835 127.593 -67.7148 -74.5791 -173.04 -360.751 -74.2961 133.831 -51.3309 
-74.2811 -199.236 -112.52 -74.1197 -143.676 62.7991 -73.9317 -139.256 -356.911 
-73.7697 137.044 -34.0434 -73.7151 123.203 -217.302 -73.6359 143.212 -258.427 
-73.6306 -90.0083 116.668 -73.2587 139.349 -16.5947 -73.0575 -201 -7.67679 
-73.0537 140.692 0.969904 -73.0168 -199.484 -322.724 -72.7583 140.173 18.594 
-72.7269 -121.412 -354.37 -72.6807 47.1075 -333.555 -72.6352 -202.992 -67.1659 
-72.6316 -202.587 -129.468 -72.511 138.997 36.0009 -72.1745 137.012 53.2493 
-72.0713 -206.189 -146.328 -71.8536 -176.621 30.082 -71.8201 -209.588 -163.689 
-71.8044 51.0807 191.984 -71.7957 -32.1794 -347.571 -71.4529 -212.956 -181.122 
-71.4464 133.753 70.4438 -71.3489 112.463 -142.448 -71.13 -216.541 -198.323 
-70.6271 129.282 87.4671 -70.6077 -187.501 -351.857 -70.449 -21.8982 184.079 
-70.3782 -69.1566 138.214 -70.2811 -42.9074 163.717 -70.2762 -122.726 84.3738 
-69.96 -219.007 -215.332 -69.8985 123.637 104.197 -69.4844 4.15658 197.565 
-69.4649 117.248 120.645 -69.3561 -47.3008 -350.064 -69.0597 109.636 136.569 
-68.9779 116.476 -202.606 -68.7838 154.244 -286.089 -68.7249 29.4384 -336.7 
-68.6494 -205.272 -23.4674 -68.6486 -202.059 -83.5145 -68.648 101.149 152.071 
-68.1919 -215.872 -279.578 -67.9877 -220.56 -232.37 -67.7755 -47.4108 160.245 
-67.7041 91.3442 166.894 -67.5478 137.202 -243.022 -67.2851 -63.6178 -352.349 
-67.2637 114.608 -126.743 -67.0904 -156.174 51.81 -66.4718 -101.692 105.754 
-66.4647 -208.489 -309.357 -66.0588 -187.537 17.458 -65.5939 -80.8111 -353.627 
-65.5013 79.4505 180.233 -65.383 -221.465 -249.501 -65.026 112.344 -186.679 
-65.0057 34.4655 196.964 -64.9839 11.8849 -339.892 -64.4487 -206.462 -39.8247 
-64.3978 108.981 -321.238 -64.3474 125.475 -317.706 -64.1729 117.177 -110.597 
-64.155 -98.1933 -353.905 -64.0896 -198.154 -338.535 -63.8016 94.9476 -324.318 
-63.1677 -81.0702 127.618 -63.1438 -134.809 73.3637 -62.5544 76.893 -327.879 
-62.5418 -11.8125 195.804 -62.2118 149.779 -269.791 -62.2039 142.754 -312.177 
-62.1808 -33.1969 178.411 -62.1328 120.964 -93.8538 -61.7631 130.119 -227.937 
-61.5216 110.502 -170.129 -61.4748 -5.44052 -342.93 -61.2481 -205.724 -101.996 
-60.9364 64.67 190.258 -60.8638 -196.467 3.20657 -60.8293 126.539 -77.3639 
-60.6255 -206.225 -55.8034 -60.5206 -221.989 -266.743 -60.4032 -168.677 40.0962 
-60.2505 -113.888 -353.997 -59.8935 132.971 -61.119 -59.8178 -164.099 -365.11 
-59.7206 -60.5334 149.513 -59.6969 -180.986 -366.236 -59.5689 -205.85 -86.9527 
-59.5203 58.6994 -331.488 -59.4461 -216.422 -295.725 -59.3868 -113.332 94.6208 
-59.3413 -147.773 -359.839 -59.2038 -130.873 -355.343 -59.1742 -209.161 -118.952 
-59.0601 137.1 -44.0544 -58.5845 17.6941 201.036 -58.5091 -212.594 -135.739 
-58.2919 139.744 -26.615 -58.2498 -22.2169 -345.725 -58.2348 -215.781 -152.723 
-58.1418 110.954 -153.308 -58.0461 -219.013 -169.947 -57.9465 -205.886 -71.9171 
-57.7212 141.198 -8.95161 -57.5149 -221.652 -187.354 -57.3577 141.201 8.74184 
-57.3414 -207.64 -325.055 -57.227 155.373 -299.936 -56.9638 140.412 26.3707 
-56.8039 -224.271 -204.577 -56.6313 138.787 43.8652 -56.533 122.517 -213.123 
-56.1517 -202.767 -12.1202 -56.0753 -147.173 62.01 -56.041 -27.3702 193.677 
-55.9669 -92.6602 116.531 -55.9025 143.555 -254.254 -55.8912 135.604 61.1124 
-55.7898 41.0017 -334.738 -55.5883 -226.195 -221.32 -55.3835 -38.309 -348.555 
-55.3341 -43.9896 171.079 -55.1136 131.796 78.3152 -54.7117 112.718 -136.713 
-54.5999 -195.021 -354.555 -54.4787 48.296 195.737 -54.4376 126.855 95.2678 
-54.2453 -180.22 27.2709 -53.9099 121.197 111.963 -53.7724 -227.216 -237.755 
-53.5739 114.861 128.308 -53.4372 107.695 144.272 -53.192 99.6011 159.758 
-52.9246 -54.2933 -351.105 -52.7159 0.883403 203.379 -52.615 -72.3323 138.839 
-52.3488 -125.19 83.4732 -52.2269 89.8476 174.308 -52.2154 115.375 -197.89 
-52.0623 -222.83 -282.481 -51.9715 23.4252 -337.927 -51.9171 -205.906 -28.3017 
-51.7659 114.938 -120.072 -51.7609 -227.537 -253.798 -50.8561 -70.9911 -352.965 
-50.6667 155.036 -281.786 -50.2685 -216.06 -311.427 -49.7556 136.416 -238.77 
-49.4025 77.5357 186.78 -49.3988 114.416 -319.74 -49.2644 119.036 -103.603 
-49.2488 -159.921 50.0968 -49.2255 103.283 -322.215 -49.0049 -88.2471 -353.802 
-48.9474 -53.9263 162.041 -48.8191 -104.101 105.203 -48.7049 -190.141 13.5381 
-48.5245 110.699 -181.482 -48.5153 88.8126 -325.508 -48.3513 131.52 -315.713 
-48.3429 -40.5124 188.527 -48.3298 5.90919 -340.987 -48.0582 -207.331 -44.494 
-47.6988 -205.19 -340.188 -47.6464 31.6498 199.944 -47.2318 124.178 -87.0913 
-46.9036 -15.9807 204.135 -46.6788 -105.202 -353.969 -46.1005 70.0399 -329.331 
-45.7436 130.367 -70.7604 -45.5372 -210.438 -92.1231 -45.4478 -83.9167 127.624 
-45.3193 -137.429 72.1935 -45.3165 -207.801 -60.6666 -45.2184 108.85 -164.344 
-45.0479 -208.86 -76.4043 -44.9806 -228.238 -269.119 -44.9528 147.072 -308.825 
-44.8889 -11.4182 -343.858 -44.7918 -171.626 -369.237 -44.7081 -121.987 -354.561 
-44.5949 -213.384 -108.621 -44.5635 135.7 -54.0116 -44.3634 -155.445 -363.537 
-44.2875 149.398 -265.548 -44.2811 128.552 -223.454 -44.159 -139.058 -357.581 
-44.1271 -217.108 -125.254 -43.8711 62.0646 193.984 -43.8144 -220.556 -142.149 
-43.7391 -197.581 -1.35889 -43.607 -188.483 -368.864 -43.5111 139.179 -36.6857 
-43.4678 -223.5 -159.077 -43.0856 -226.052 -176.351 -42.8489 -228.694 -193.506 
-42.7885 -223.075 -297.721 -42.7189 52.2133 -332.751 -42.6398 140.794 -19.0079 
-42.5315 -172.178 36.5833 -42.1675 -63.9361 151.202 -42.1389 -230.549 -210.673 
-42.0185 109.314 -147.156 -41.9887 141.208 -1.23477 -41.7755 -28.1962 -347.004 
-41.7148 -115.594 93.7843 -41.5165 140.951 16.5186 -41.2902 -32.8023 203.568 
-41.1677 139.417 34.1782 -41.0609 14.9382 203.21 -40.8243 -231.927 -227.32 
-40.7006 -50.1034 178.663 -40.497 -213.911 -326.322 -40.435 136.71 51.563 
-39.6758 133.09 68.835 -39.5532 120.543 -208.212 -39.2974 -202.538 -17.1232 
-39.1077 155.7 -294.462 -38.9878 111.64 -130.094 -38.9723 129.037 86.0528 
-38.9413 -44.682 -349.859 -38.902 34.6954 -335.951 -38.4969 -149.871 60.3001 
-38.3804 124.192 103.017 -38.3031 -95.2192 116.067 -38.2572 -232.391 -255.56 
-38.0491 -232.537 -243.313 -38.0027 106.269 152.307 -37.9693 -201.659 -355.451 
-37.9367 142.274 -249.735 -37.9219 112.908 136.181 -37.9147 118.802 119.685 
-37.8339 98.3188 167.534 -37.0194 45.6743 198.357 -36.6374 -182.789 23.0638 
-36.5299 -61.2497 -352.329 -36.5242 88.0816 181.039 -36.2296 115.314 -113.333 
-35.673 113.177 -192.547 -35.5543 -228.919 -283.607 -35.3451 -205.591 -33.3176 
-35.2179 17.2345 -339.043 -35.0349 -75.1821 139.308 -34.7777 -127.472 82.5538 
-34.6492 -48.2768 198.531 -34.4539 -78.2085 -354.109 -34.4091 -1.84266 204.809 
-34.124 99.7933 -322.884 -34.1191 119.969 -318.459 -33.7877 120.437 -96.7725 
-33.0436 -221.584 -312.387 -32.9026 -58.3596 166.582 -32.815 74.7517 190.611 
-32.6983 153.863 -277.372 -32.4241 80.5263 -327.104 -32.2901 108.18 -175.862 
-32.2436 -207.599 -49.4962 -32.1556 -95.4872 -354.111 -32.0384 134.599 -233.867 
-31.8693 126.656 -80.4438 -31.8652 137.414 -313.88 -31.6821 -0.239768 -342.071 
-31.4888 -191.285 8.78917 -31.2356 -106.615 104.549 -30.9198 -163.506 45.5717 
-30.5942 -210.884 -340.876 -30.5686 -209.46 -65.8489 -30.2518 133.078 -63.9683 
-30.2159 -112.617 -354.266 -30.0938 29.2265 201.891 -29.9252 -211.941 -82.1295 
-29.502 62.9223 -330.808 -29.315 -215.031 -98.5669 -29.207 -179.182 -372.176 
-29.1603 -129.954 -355.77 -29.1377 -234.696 -240.469 -29.1086 -162.89 -367.003 
-29.0743 106.583 -158.272 -28.9695 137.313 -46.7476 -28.9015 -146.763 -360.535 
-28.8883 -218.793 -115.235 -28.722 -233.535 -268.668 -28.6437 -223.074 -131.891 
-28.3521 -17.515 -345.145 -28.3416 -226.215 -148.887 -28.0474 -139.396 70.9712 
-27.9475 -229.08 -165.93 -27.9214 -233.759 -200.099 -27.8852 -231.577 -183.09 
-27.8331 139.694 -29.1262 -27.8266 -18.7374 205.381 -27.7915 -86.522 127.195 
-27.7706 -196.028 -370.45 -27.6989 -235.341 -216.936 -27.568 152.168 -305.159 
-27.0567 126.176 -218.427 -26.9158 140.654 -11.3451 -26.7611 -197.74 -6.47453 
-26.6296 59.6557 196.449 -26.5248 -57.3987 184.458 -26.5129 147.693 -261.102 
-26.1885 140.582 6.46552 -26.0891 107.265 -140.684 -25.7813 139.377 24.2668 
-25.6471 45.5187 -334.034 -25.5432 -227.998 -298.085 -25.3247 -34.4336 -348.119 
-25.2638 -67.0428 153.116 -25.1446 136.87 41.7738 -24.5731 -174.745 31.6038 
-24.3523 133.684 59.1693 -24.2385 -118.029 93.0407 -23.5559 130.157 76.5695 
-23.1286 110.107 -123.297 -22.9994 12.6993 203.801 -22.9694 -218.605 -326.674 
-22.9241 117.535 -203.1 -22.8752 -236.178 -252.923 -22.8222 126.252 93.88 
-22.618 -202.129 -22.3609 -22.5958 96.2419 174.862 -22.5899 104.578 160.334 
-22.5648 -51.2793 -350.943 -22.3738 111.069 144.239 -22.2571 121.741 110.939 
-22.1344 116.641 127.669 -22.0149 28.2951 -337.156 -21.9219 -150.349 59.4406 
-21.8216 -236.367 -232.56 -21.1821 156.475 -289.384 -21.0598 85.7232 186.756 
-20.6979 -97.8291 115.371 -20.5502 140.646 -244.823 -20.5187 -206.878 -354.948 
-20.4237 114.95 -106.414 -20.1947 -35.8128 205.383 -20.1279 -68.1931 -353.677 
-19.5295 43.6541 200.145 -19.317 110.118 -187.155 -19.2818 -183.9 18.091 
-19.2651 108.492 -320.548 -19.0994 -205.313 -38.5933 -18.4783 10.952 -340.176 
-18.2525 126.625 -316.858 -18.2506 90.0152 -324.435 -18.2101 -233.055 -282.723 
-18.089 -52.6295 200.453 -18.0694 121.467 -89.9961 -17.8453 -85.5134 -354.59 
-17.5721 -77.8149 139.202 -17.5141 -129.415 81.4579 -17.3833 -158.14 50.4192 
-17.2799 -63.5334 169.947 -16.6611 -208.008 -55.0667 -16.5158 72.8314 194.3 
-16.0934 128.581 -73.6995 -16.0178 105.404 -170.006 -15.7462 -102.962 -354.282 
-15.7392 72.8351 -328.332 -15.3981 -3.94732 204.301 -15.3236 -225.284 -312.207 
-15.1393 -211.025 -71.7742 -15.1348 152.45 -272.713 -15.0643 -6.50548 -343.175 
-15.0122 143.217 -312.397 -15.012 132.394 -228.946 -14.5055 -238.038 -224.651 
-14.4993 134.056 -56.7319 -14.3993 -191.593 3.59734 -14.3189 -120.548 -354.634 
-14.2169 -186.943 -374.04 -14.0847 -214.483 -88.5952 -13.8648 -170.729 -369.927 
-13.6857 -109.07 103.695 -13.6028 -137.913 -357.781 -13.5498 -154.488 -363.857 
-13.4987 -237.954 -207.949 -13.4365 -218.67 -105.335 -13.4154 -36.7565 205.381 
-13.2189 137.5 -39.2519 -13.131 -222.829 -122.102 -12.8605 104.305 -152.142 
-12.8552 -227.04 -138.95 -12.7638 -235.633 -190.688 -12.7577 -214.65 -340.607 
-12.6034 -230.576 -156.102 -12.5063 -233.339 -173.372 -12.2523 27.4225 202.444 
-12.2362 -167.271 39.4905 -12.1848 55.8646 -331.875 -12.0703 139.111 -21.5029 
-11.8612 -23.7616 -346.291 -11.2628 -140.108 69.7134 -11.1294 139.656 -3.69685 
-11.1173 -236.476 -264.875 -10.7137 -203.925 -368.835 -10.5324 -63.0954 187.257 
-10.4142 139.106 14.1793 -10.1883 123.179 -213.493 -10.156 -88.9533 126.128 
-9.92227 -197.849 -11.6996 -9.91029 105.533 -134.02 -9.86805 137.262 31.9365 
-9.807 156.253 -301.825 -9.66451 146.176 -256.331 -9.47308 58.0382 198.535 
-8.9984 134.255 49.4159 -8.90027 -40.8636 -349.252 -8.4971 38.9903 -335.286 
-8.38865 -70.0779 153.952 -8.08181 130.812 66.9103 -7.84268 -230.244 -297.169 
-7.81001 93.3925 181.526 -7.2118 102.224 167.873 -7.19062 127.192 84.4662 
-7.12651 83.3768 190.776 -7.05618 109.439 -116.454 -7.00988 -176.779 27.0804 
-6.84441 -120.172 91.9503 -6.68275 109.247 152.236 -6.47533 123.467 101.978 
-6.24865 114.427 -198.013 -6.22741 114.646 135.835 -6.18613 -57.9944 -352.151 
-6.03801 -202.038 -27.762 -6.0334 119.209 119.054 -5.96298 -238.301 -248.599 
-5.56092 -20.7818 204.758 -5.42342 -150.184 58.5418 -5.07512 21.9375 -338.481 
-4.90793 -221.413 -326.043 -4.63221 11.1728 203.4 -4.44343 115.131 -99.467 
-4.01896 116.351 -318.462 -3.8825 98.9509 -321.854 -3.72782 -75.282 -354.642 
-3.68171 138.314 -240.063 -3.61048 156.188 -284.566 -3.1271 -100.196 114.245 
-2.99939 -205.3 -44.1563 -2.76954 107.518 -181.627 -2.44949 -210.035 -354.041 
-2.1268 122.722 -83.2615 -2.01018 -185.134 13.208 -1.95311 132.83 -314.909 
-1.9152 42.3702 200.691 -1.78289 -239.081 -233.342 -1.77119 4.58052 -341.316 
-1.72152 82.2126 -325.679 -1.61788 -53.4974 199.854 -1.49421 -92.9194 -355.158 
-1.10836 -195.274 -374.906 -0.910633 -208.499 -61.2057 -0.742029 -66.9556 171.698 
-0.382005 -130.839 79.9091 -0.308217 72.5875 196.267 -0.244769 129.678 -66.7042 
-0.079599 -159.593 47.8165 0.162373 -234.888 -278.276 0.219019 -80.3799 137.467 
0.33504 -110.755 -354.811 0.516152 103.854 -164.131 0.689322 -212.113 -78.5677 
0.810331 -239.28 -217.005 1.0339 -179.407 -372.202 1.30192 134.691 -49.4264 
1.48851 -12.8547 -344.414 1.54121 -128.624 -356.42 1.59133 150.852 -267.901 
1.69198 65.8245 -329.314 1.73557 -216.774 -95.5767 1.80384 -162.668 -367.436 
1.96217 -145.94 -361.196 2.06203 129.436 -224.059 2.12707 148.069 -309.587 
2.19988 -238.353 -199.117 2.3714 -221.303 -112.435 2.61908 137.718 -31.7763 
2.63858 -192.305 -1.41398 2.65269 -226.804 -311.282 2.72449 -225.911 -129.232 
2.95657 -229.921 -146.337 2.99288 -236.423 -181.044 3.14108 -233.232 -163.656 
3.57635 103.305 -145.735 3.75561 138.773 -13.933 3.80367 -111.295 102.369 
4.37103 -5.05756 203.969 4.59297 -30.1549 -347.611 4.73665 139.076 3.94465 
5.26722 49.4188 -332.939 5.26813 -169.393 35.955 5.53529 -216.778 -339.56 
5.57165 138.178 21.9027 5.71358 26.4985 201.809 5.85859 -141.259 67.8733 
6.42527 135.525 39.6081 6.48178 105.779 -127.512 6.59214 88.2846 188.246 
6.66399 -37.5769 204.205 6.7253 -237.485 -259.446 6.73429 120.28 -208.454 
6.81235 143.976 -251.631 6.84391 -198.151 -16.8261 7.21192 -70.7755 156.842 
7.39036 132.253 57.3288 7.49919 -91.4504 124.557 7.50031 -47.5079 -350.494 
7.74673 57.213 199.103 7.76481 -203.697 -366.397 7.83039 -63.8733 187.604 
7.95352 98.8013 175.456 8.04622 157.272 -296.903 8.39741 128.842 75.2701 
8.59265 32.6406 -336.49 8.73714 106.441 160.533 9.11985 -230.927 -296.921 
9.18266 110.526 -109.952 9.216 125.089 93.2348 9.40296 112.342 144.431 
9.80357 121.228 110.855 9.82169 117.169 127.901 10.1681 -64.9649 -353.539 
10.3908 -178.729 22.96 10.402 -202.002 -33.0837 10.5182 -122.054 90.3025 
10.5447 111.947 -192.618 10.5764 -73.1984 149.712 10.6268 107.447 -319.822 
11.1338 123.614 -316.398 11.2334 -238.871 -243.381 11.6523 117.289 -93.245 
11.7429 15.4905 -339.56 11.7627 -151.629 56.6451 12.2382 91.3063 -323.216 
12.6113 -82.6808 -355.877 13.0623 -205.317 -50.1029 13.13 135.812 -235.105 
13.3047 -222.899 -324.792 13.5152 155.087 -279.747 13.6756 10.7454 202.872 
13.7584 125.239 -76.9453 13.9382 105.877 -175.873 14.2409 -189.373 -371.808 
14.3898 139.044 -312.395 14.4669 -102.205 112.514 14.519 -239.465 -226.771 
14.5928 -233.839 -282.799 14.8138 -20.8755 204.266 14.8326 -100.716 -355.211 
14.856 -1.8815 -342.26 15.0303 -208.642 -68.1745 15.2041 -186.902 8.9517 
15.5937 73.167 196.433 15.6426 131.938 -59.9824 15.83 75.6588 -326.759 
15.893 -211.254 -352.674 16.0809 -67.3432 173.198 16.5259 -212.987 -86.0723 
16.5802 -118.814 -355.619 16.804 -239.394 -208.417 16.9388 -172.523 -369.849 
16.9597 -132.644 78.1357 17.0542 103.864 -157.696 17.1188 -52.0615 198.329 
17.1361 42.1966 200.317 17.1697 136.327 -42.3242 17.3416 -161.839 45.167 
17.4316 -218.122 -103.018 17.4917 -136.939 -359.061 17.6998 -155.018 -364.985 
17.9114 -19.3564 -345.566 17.9533 149.105 -263.195 18.0697 -223.01 -119.802 
18.0751 -82.4803 135.165 18.121 -237.984 -189.34 18.3537 -227.345 -136.743 
18.5025 138.569 -24.3901 18.5527 81.5897 194.079 18.6086 -231.209 -153.986 
18.7063 -234.977 -171.275 19.4185 -235.79 -268.902 19.4932 126.813 -218.628 
19.641 -193.819 -5.97405 19.6617 139.539 -6.41888 19.6933 152.554 -304.764 
19.7207 59.7234 -330.237 20.0017 104.694 -139.297 20.2635 -227.503 -309.613 
20.7713 139.642 11.5412 20.8938 -36.821 -348.771 21.3032 -113.17 100.601 
21.5227 26.8667 201.307 21.7736 137.83 29.6878 22.1103 93.6459 183.314 
22.4644 -69.2473 159.408 22.5428 141.739 -246.918 22.6448 -172.21 32.8549 
22.6737 -4.42568 203.729 22.7698 134.64 47.6525 22.7798 108.116 -121.264 
22.8167 43.1245 -334.121 23.1656 -143.446 66.2067 23.5732 -199.103 -21.7534 
23.7275 102.578 169.033 23.8265 -54.4687 -351.879 23.8458 117.911 -202.873 
23.8519 -217.835 -337.788 23.8629 131.381 66.2066 24.0213 -237.813 -253.748 
24.7007 109.321 153.231 24.8189 127.876 85.0937 24.998 -201.369 -364.189 
25.0141 115.656 -317.712 25.0869 -93.1781 122.719 25.1571 -35.6984 202.722 
25.3325 113.643 -104.087 25.3632 123.961 103.018 25.3925 114.715 136.926 
25.5507 57.6304 198.399 25.5992 119.423 120.246 25.7228 157.673 -291.242 
25.7231 26.1233 -337.532 25.8757 99.9478 -321.097 26.1001 130.968 -314.382 
26.3528 -61.329 187.297 26.4558 -231.096 -294.303 26.4886 -72.3175 -354.792 
26.7585 -202.606 -38.4495 27.4809 110.627 -186.613 27.6479 -181.602 19.5312 
27.6619 120.653 -87.3833 27.9237 -124.256 88.562 28.0101 -239.031 -237.396 
28.5384 8.83184 -340.312 28.7206 -74.3618 145.661 29.0937 -154.187 54.7585 
29.1207 -90.5335 -356.103 29.2396 -205.386 -56.6456 29.6959 85.03 -324.26 
29.7719 128.387 -70.7135 29.8904 145.964 -310.278 30.0152 11.9757 202.187 
30.2243 153.598 -274.744 30.5783 105.994 -169.315 30.7643 -239.004 -219.679 
30.9349 -183.872 -369.205 31.0997 -209.24 -76.1992 31.2623 72.0057 196.179 
31.2679 -222.96 -322.308 31.333 -8.50428 -343.43 31.4424 -108.85 -356.117 
31.5666 134.397 -53.2366 31.8411 -233.509 -279.206 32.0135 -103.973 110.459 
32.2325 -214.136 -93.8635 32.3045 -189.582 5.10139 32.3859 -19.199 203.685 
32.72 132.669 -228.954 32.9028 -127.253 -357.464 32.974 138.324 -35.206 
32.9751 -237.951 -197.47 33.0491 -219.245 -110.546 33.1555 -64.3138 172.107 
33.3223 -166.322 -367.983 33.4832 105.331 -151.117 33.5334 -147.429 -362.609 
33.5829 -223.441 -127.475 33.7076 -210.994 -350.401 33.837 -235.199 -179.259 
33.8527 -227.542 -144.522 33.9261 146.904 -258.212 33.9914 -231.61 -161.726 
34.1451 -26.0018 -346.76 34.3355 -135.322 76.6648 34.3596 140.122 -17.0821 
34.6555 -165.228 42.9682 35.0322 28.0704 200.794 35.5048 85.7608 189.571 
35.6149 -48.8384 197.292 35.6255 -83.8667 132.67 35.6527 141.134 0.973025 
36.2488 107.706 -133.006 36.3556 71.1353 -327.482 36.6019 -196.199 -10.2795 
36.6524 -235.486 -263.93 36.8935 140.457 19.1233 36.9477 -43.7196 -349.92 
37.2717 139.453 -242.184 37.4874 123.898 -212.867 37.9479 138.04 37.6865 
38.0006 96.822 177.067 38.0129 -227.09 -306.551 38.1945 157.378 -302.085 
38.2396 43.791 199.278 38.2966 90.4219 -323.211 38.3441 54.0375 -331.234 
38.8066 -115.276 98.6269 38.8774 112.055 -115.448 39.1325 -2.63606 202.838 
39.2497 134.993 56.9178 39.341 -67.0195 156.51 39.4918 108.329 -319.126 
39.5661 105.186 161.854 39.6359 123.834 -315.569 39.8465 -175.979 30.2874 
39.987 -61.7264 -353.309 40.2666 131.17 77.5049 40.2749 -200.845 -26.5156 
40.4042 36.7955 -334.989 40.4899 -146.577 64.8944 40.6215 111.78 145.889 
40.6658 138.418 -311.876 40.8738 -237.322 -248.043 40.931 127.138 95.6173 
41.0418 117.416 129.537 41.1479 122.6 112.818 41.1539 115.968 -196.862 
41.2993 118.047 -98.5025 41.8159 -217.09 -334.774 42.5922 -198.881 -362.984 
42.6408 -94.612 120.265 42.708 19.4116 -338.209 43.1102 -33.1812 201.617 
43.1195 -203.39 -43.904 43.1277 157.119 -286.328 43.141 -80.1966 -355.773 
43.1607 59.3843 197.136 43.7778 124.936 -81.7001 43.9126 -230.114 -290.638 
43.9289 -56.2187 183.964 44.0921 -237.85 -231.554 44.1514 110.399 -180.066 
44.8147 -185.161 16.4352 45.0456 2.06333 -341.484 45.3301 13.95 201.344 
45.3737 -188.148 -365.889 45.4219 -126.706 86.8433 45.5272 -205.96 -64.6831 
45.9597 131.498 -64.442 46.071 -74.6847 142.428 46.2319 -98.9009 -356.705 
46.3483 -237.116 -215.615 46.3924 -157.742 52.909 46.5802 151.235 -306.049 
46.696 151.618 -269.298 46.8669 108.123 -162.501 46.9362 -210.473 -84.6742 
47.4677 -15.2881 -344.961 47.4913 137.052 -46.4823 47.6764 -236.024 -201.948 
47.7248 -214.645 -101.549 48.0663 -116.966 -357.213 48.1275 74.5099 192.226 
48.1553 -177.416 -368.793 48.5488 -218.995 -118.325 48.6349 -234.122 -186.435 
48.8201 140.307 -28.0549 48.8844 -223.234 -135.068 49.0169 -232.37 -274.824 
49.0223 -134.831 -359.557 49.0406 -230.766 -169.571 49.043 -227.274 -152.283 
49.2425 -221.912 -318.966 49.3722 -193.157 1.64678 49.5571 -160.435 -366.544 
49.5581 -143.725 -361.749 49.5727 -16.5059 202.074 49.5959 -105.758 108.197 
49.6252 108.522 -144.621 49.7281 -59.1411 167.447 49.827 144.664 -252.819 
50.0164 -32.8076 -348.007 50.2236 142.068 -9.74919 50.4434 30.0982 200.082 
51.3615 -210.11 -347.139 51.6452 142.577 8.49954 51.6725 88.4065 183.71 
51.8116 -138.333 75.0861 51.9292 -169.04 40.6106 52.1408 136.977 -237.195 
52.3108 111.664 -126.955 52.5994 -50.7264 -351.257 52.9445 141.181 26.755 
52.9854 129.282 -222.249 53.131 -84.9625 129.767 53.4634 -234.058 -258.683 
53.5641 -44.6519 193.035 53.5688 -199.296 -14.0046 53.8901 100.393 -320.832 
53.968 117.061 -316.691 53.9877 99.0651 170.003 54.0234 82.8405 -324.731 
54.2279 131.333 -313.437 54.2718 138.747 44.8231 54.5915 65.15 -328.555 
54.8511 116.356 -109.714 54.9658 145.092 -310.013 55.0209 136.646 57.6004 
55.1715 121.104 -206.943 55.2465 46.2452 197.772 55.433 107.33 154.458 
55.6269 0.18595 201.263 55.6712 -225.52 -302.766 55.7239 47.5556 -332.253 
55.7701 134.544 70.3778 55.7807 -69.251 -354.414 56.2339 -65.363 152.284 
56.2662 114.254 138.451 56.3787 -117.107 96.1993 56.4396 130.524 88.4401 
56.6174 156.982 -298.387 56.6495 120.549 122.127 56.7054 125.992 105.413 
56.9437 -202.653 -30.6242 56.968 -234.83 -242.212 57.1208 -179.667 27.553 
57.251 30.0528 -335.887 57.505 121.85 -92.7613 57.9301 -149.787 62.9569 
57.9617 114.832 -190.495 58.6087 -200.55 -358.555 59.0999 12.6174 -339.435 
59.1699 -203.991 -46.5282 59.7302 155.171 -280.492 59.7795 -234.796 -225.65 
59.884 -215.588 -331.397 59.8967 -49.903 177.382 60.2131 -204.657 -56.6918 
60.2266 -96.0185 117.575 60.2574 127.758 -75.7254 60.3173 62.3436 194.443 
60.4942 111.387 -173.385 60.9089 -29.5229 197.976 61.0828 -4.76393 -343.035 
61.1819 -228.111 -286.348 61.4145 16.7977 200.18 61.6342 -89.31 -356.546 
61.6589 -207.274 -75.54 61.7316 -233.575 -209.512 62.0361 -188.979 13.3453 
62.3094 134.201 -58.0771 62.4077 -210.387 -92.5587 62.8064 -231.31 -193.771 
62.92 -213.669 -109.351 62.9246 148.859 -263.429 62.9611 -128.774 84.3333 
62.9988 -186.919 -366.416 63.0198 110.428 -155.903 63.1577 -22.2646 -346.162 
63.1959 -107.107 -357.067 63.3746 139.16 -39.376 63.4133 -75.0502 139.114 
63.4431 -228.508 -177.502 63.4962 -217.67 -126.195 63.7238 -161.183 50.5619 
63.785 -225.374 -160.499 63.8783 -221.751 -143.28 64.3011 -123.828 -358.139 
64.6253 141.992 -20.7304 64.844 78.0915 188.737 65.0364 -170.697 -368.035 
65.1863 -138.948 -360.686 65.3332 -39.8692 -349.248 65.5178 -154.442 -364.827 
65.724 111.545 -138.312 65.8523 -229.788 -269.775 65.8981 141.493 -247.315 
66.0398 -55.3203 161.769 66.1817 143.357 -2.32877 66.6224 -196.437 -1.96596 
66.7049 -74.634 -355.122 66.7241 -12.8846 199.292 66.9735 33.1522 198.31 
67.0378 -219.766 -315.133 67.1835 -107.13 105.296 67.3825 -57.6221 -352.645 
67.6968 143.392 15.976 68.0005 91.1495 177.331 68.1629 133.754 -231.825 
68.3249 115.124 -120.981 69.003 -38.2137 185.24 69.0945 142.094 34.0343 
69.2601 -207.43 -343.837 69.3266 -140.574 72.3714 69.3411 -172.667 38.0691 
69.3471 110.041 -318.02 69.4144 129.095 -313.763 69.585 -230.526 -253.038 
69.6356 92.8417 -322.164 69.9326 125.735 -216.614 69.9573 101.25 162.666 
70.0289 138.987 -310.389 70.1923 75.4734 -325.967 70.3485 139.893 49.9575 
70.5675 -201.295 -18.4078 70.6433 148.88 -307.015 70.6753 -85.8684 126.664 
70.9946 58.0121 -329.733 71.0416 119.155 -103.792 71.2226 109.786 147.118 
71.355 137.318 64.5851 71.9562 117.325 131.131 72.0226 134.025 81.1506 
72.0492 40.5164 -333.364 72.0736 118.649 -200.778 72.3099 49.6096 195.583 
72.3116 123.86 114.731 72.3519 129.407 98.0153 72.6279 -230.532 -236.168 
72.6399 3.66372 199.609 72.7863 156.554 -291.484 73.0449 -222.574 -298.341 
73.3573 22.9764 -337.047 73.4354 -64.5699 148.12 73.5174 -203.973 -34.9325 
73.9409 -118.657 93.212 73.9851 123.542 -86.6834 74.3988 114.09 -184.047 
74.5741 -183.276 24.442 74.8678 -229.519 -219.261 74.9449 5.61492 -340.962 
75.2236 -204.884 -49.7698 75.4272 -152.486 60.2883 75.4384 -44.7456 170.139 
75.9307 152.021 -273.84 76.3493 -227.5 -202.566 76.5211 -205.75 -66.4511 
76.6559 -11.8882 -344.201 76.7771 111.915 -166.827 76.7892 -196.717 -355.908 
76.9017 -24.4488 191.214 76.9987 -206.295 -83.4638 77.0966 129.131 -69.5931 
77.3013 -224.801 -185.949 77.315 -208.49 -100.417 77.4693 66.0059 191.566 
77.5459 -211.213 -117.438 77.7494 -212.074 -327.51 77.7782 -221.598 -169.043 
77.8955 -97.1672 114.485 78.0041 -224.377 -281.313 78.0305 -214.841 -134.58 
78.1024 -218.369 -151.844 78.3969 -29.4121 -347.319 78.458 -97.7671 -356.79 
78.5264 20.1392 198.446 79.0133 135.525 -51.6074 79.0156 -80.9724 -355.973 
79.0876 140.069 -31.9205 79.2479 111.567 -149.42 79.2527 -114.78 -357.245 
79.2663 145.064 -257.437 79.5114 -192.373 9.74841 79.6143 -181.562 -366.51 
79.9657 -46.9035 -350.644 80.1444 -131.317 -359.068 80.4058 -64.3099 -353.709 
80.4447 142.34 -13.2476 80.463 -130.463 81.1572 80.7301 -164.17 -366.756 
80.7649 -147.556 -362.981 80.9746 -75.377 135.609 81.3057 -164.288 47.7531 
81.5475 81.1404 183.164 81.8253 113.23 -132.035 81.954 -225.32 -264.196 
82.1048 137.531 -241.78 82.2145 143.575 5.11173 83.0028 -53.6125 156.619 
83.7386 -9.06135 194.694 83.8991 143.679 23.3047 84.0949 93.2527 169.938 
84.1374 -199.161 -6.41485 84.2123 36.6204 196.076 84.3837 129.961 -226.306 
84.4609 -33.3744 177.95 84.4636 116.654 -114.853 84.4882 -215.379 -310.576 
84.8711 -108.538 102.211 85.0541 120.515 -315.786 85.091 -225.259 -247.015 
85.2184 102.953 -319.669 85.2913 138.24 -310.965 85.3837 142.471 40.8696 
85.6132 85.6116 -323.623 85.836 103.798 155.341 86.1865 68.2304 -327.378 
86.1975 153.61 -302.035 86.4208 122.284 -210.861 86.5815 139.769 57.0549 
86.8015 -142.388 68.9619 86.9208 50.7295 -330.895 86.9647 -175.835 34.6271 
86.987 112.78 139.877 87.3319 119.539 -97.5685 87.371 -224.12 -229.787 
87.3858 -202.289 -339.725 87.4909 136.919 73.4221 87.6904 120.413 123.758 
87.8224 -203.323 -23.4895 87.899 33.2282 -334.387 87.9703 132.46 90.3218 
88.0084 126.989 107.19 88.1154 -186.675 -358.535 88.4687 116.632 -194.557 
88.4748 -86.6608 123.33 88.7655 153.761 -283.164 89.0619 15.7714 -338.307 
89.2856 -222.665 -212.546 89.3058 134.596 -49.9009 89.6203 53.1711 192.615 
89.6835 -217.331 -293.172 90.1288 6.97214 196.589 90.2914 -204.886 -40.5048 
90.3733 -1.73619 -341.885 90.5103 -220.275 -195.373 90.6786 113.584 -177.555 
90.7487 123.523 -80.5006 90.9644 -64.3204 144.076 91.3486 -216.96 -178.09 
91.4531 -204.293 -57.2961 91.4705 -204.542 -108.727 91.5558 -206.935 -126.005 
91.5651 -120.103 89.8812 91.6277 -203.113 -91.5061 91.7163 -213.564 -160.684 
91.7529 -19.201 -345.436 91.8756 -210.263 -143.306 91.9005 -203.21 -74.3678 
91.9768 -42.39 164.557 92.3536 -186.187 20.4284 92.3782 -19.8189 183.709 
92.3912 147.514 -267.112 92.9648 112.126 -160.321 92.9673 -154.395 56.529 
93.0836 -36.7196 -348.619 93.6279 -88.7891 -356.397 93.9386 -218.6 -275.674 
93.9707 -105.841 -356.97 93.9723 -173.054 -363.943 94.1191 -54.1637 -351.957 
94.1393 -71.5845 -354.722 94.3027 139.918 -24.0244 94.4839 69.2422 186.706 
94.7508 128.778 -63.9219 94.8006 -122.685 -357.982 95.1591 -205.949 -322.866 
95.3835 112.066 -143.008 95.3844 -139.543 -361.029 95.5184 -156.27 -364.766 
95.7295 140.357 -251.647 95.7531 -98.1003 111.011 95.9685 23.433 195.628 
96.24 141.84 -5.69632 96.6165 -191.788 -350.56 97.251 -218.924 -258.14 
97.493 -194.849 4.88742 97.8574 113.515 -125.688 97.8808 83.4684 176.046 
98.0006 -131.852 77.4676 98.3069 142.617 12.5081 98.496 132.941 -236.27 
98.9225 -75.8013 131.909 98.9648 -166.368 43.6294 99.5984 133.667 -48.1945 
99.6474 -218.015 -240.619 100.118 95.6717 162.55 100.143 -5.62811 188.898 
100.185 142.449 30.5398 100.295 -52.8526 152.074 100.314 -30.352 171.84 
100.528 115.829 -108.459 100.786 130.442 -313.291 100.801 125.162 -220.899 
100.879 113.177 -317.599 101.033 -208.531 -305.308 101.098 95.8884 -321.543 
101.099 146.761 -306.192 101.242 -216.168 -223.136 101.473 78.4605 -325.163 
101.533 40.0375 192.881 101.6 152.522 -290.921 101.636 140.574 47.9633 
101.734 106.259 147.976 102.003 60.9201 -328.61 102.286 -201.739 -12.1219 
102.593 -214.14 -205.689 102.638 -109.529 98.5096 102.717 43.3563 -331.955 
102.717 118.132 -205.113 102.738 137.939 64.8874 102.817 115.214 132.345 
103.444 133.902 81.941 103.463 122.887 116.016 103.499 117.894 -91.1597 
103.553 25.824 -335.726 103.664 129.003 99.1071 103.959 -211.282 -187.986 
104.156 -143.394 64.5669 104.508 8.28773 -339.394 104.635 114.002 -188.365 
104.671 -198.515 -117.42 104.734 -177.718 30.0876 104.737 -200.689 -134.71 
104.83 -194.77 -334.286 105.247 -197.704 -100.015 105.309 -209.965 -287.337 
105.327 -203.655 -151.943 105.338 -206.973 -169.63 105.389 -203.973 -30.0246 
105.596 -9.18358 -343.194 105.859 148.58 -275.886 105.897 136.08 -33.3154 
106.085 -180.626 -359.324 106.21 -198.61 -82.6202 106.671 -87.2155 119.476 
106.677 -26.681 -346.824 106.731 111.857 -171.182 106.776 56.5864 188.267 
106.792 -203.249 -47.9293 106.967 10.0651 191.39 106.981 -200.708 -65.3527 
107.484 121.99 -74.558 107.732 -44.2013 -350.083 108.216 -79.2951 -355.489 
108.353 -61.7253 -353.27 108.357 -40.9854 159.785 108.569 -96.5365 -356.679 
108.684 -16.9926 178.115 108.775 -210.786 -269.469 108.94 -64.2567 139.936 
109.017 111.013 -153.922 109.049 138.167 -15.8417 109.101 -120.96 85.7977 
109.168 -113.789 -357.277 109.195 -164.535 -364.077 109.281 141.755 -261.452 
109.748 -130.854 -359.174 110.091 -147.791 -362.484 110.246 -187.494 15.0288 
110.275 -155.356 51.724 111.083 72.1457 180.322 111.218 111.091 -136.642 
111.262 -196.897 -317.307 111.339 -210.491 -251.663 111.939 139.401 1.80227 
111.975 -203.492 -182.576 112.087 127.069 -58.507 112.412 134.715 -246.495 
112.967 -208.955 -233.921 113.08 26.632 191.19 113.531 111.98 -119.307 
113.833 -98.6468 106.926 113.944 85.633 168.567 113.957 148.42 -296.828 
113.982 -206.986 -216.359 114.217 -183.478 -344.392 114.382 -205.044 -199.032 
114.394 139.82 19.7925 115.174 126.975 -231.211 115.187 -132.192 72.6882 
115.555 -195.329 -1.78637 115.91 112.613 -101.957 116.054 97.6079 155.058 
116.166 -198.992 -299.397 116.258 138.939 37.7338 116.315 -167.121 38.4918 
116.362 139.511 -308.556 116.491 -2.59876 183.088 116.651 123.28 -315.05 
116.689 106.047 -319.331 116.787 131.244 -42.353 116.874 -28.1519 166.62 
116.878 88.6083 -323.028 116.907 -190.544 -126.136 117.002 -191.89 -143.316 
117.103 119.365 -215.569 117.269 71.0821 -326.602 117.538 107.638 140.051 
117.564 -52.2491 147.733 117.64 136.692 55.3592 117.808 -190.31 -108.829 
117.817 53.4618 -329.87 117.872 -76.0172 127.651 118.385 35.8006 -333.364 
118.409 -193.833 -160.273 118.491 116.208 124.052 118.591 113.391 -199.205 
118.594 133.53 72.7774 118.765 43.3547 188.369 118.999 123.375 107.383 
119.085 18.2008 -336.975 119.087 129.29 90.232 119.217 114.903 -84.8291 
119.418 -191.669 -91.3081 119.45 147.381 -285.419 119.511 -200.653 -280.868 
119.582 -199.536 -19.9468 119.97 0.720854 -340.767 119.99 -195.702 -177.166 
120.318 -109.82 93.9593 120.366 110.226 -182.104 120.538 -184.632 -328.313 
120.825 -16.7815 -344.615 121.026 133.538 -25.6394 121.053 -143.434 59.25 
121.31 -194.895 -74.0182 121.69 -171.635 -355.307 121.699 -34.3242 -348.175 
122.19 -177.767 24.1068 122.205 -201.178 -262.692 122.236 -200.57 -38.4378 
122.302 -51.9085 -351.502 122.338 -198.048 -56.5434 122.461 108.894 -164.858 
122.607 -69.565 -354.372 123.009 142.013 -271.541 123.109 -86.8574 -356.321 
123.449 13.0306 185.797 123.455 119.304 -68.4831 123.515 59.3833 181.998 
123.598 -104.244 -356.902 123.93 -200.234 -244.748 123.965 -195.423 -192.461 
124.238 -121.637 -357.709 124.259 -155.575 -361.829 124.504 -138.709 -359.97 
124.601 108.642 -147.579 124.849 134.755 -8.55388 124.914 -39.6931 155.283 
125.003 -198.415 -226.93 125.019 -196.653 -209.398 125.32 -87.2654 114.837 
125.353 -14.6432 172.722 126.082 -185.89 -311.61 126.256 -120.741 80.6222 
126.297 135.098 -257.247 126.408 108.098 -130.211 126.971 -154.91 45.861 
127.104 73.9633 172.388 127.777 135.214 9.08189 127.842 -180.216 -134.775 
128.16 107.382 -112.814 128.169 123.769 -52.2894 128.432 -187.327 7.80411 
128.571 -181.22 -151.866 128.643 143.697 -297.875 128.644 -180.311 -117.534 
128.904 -173.178 -339.091 129.319 127.339 -241.99 129.574 -64.1414 135.094 
129.623 87.0354 160.472 129.767 29.4425 185.397 129.819 -187.782 -293.165 
130.109 135.064 27.0212 130.299 -182.651 -168.745 130.428 107.546 -95.4022 
130.989 -182.326 -100.317 131.389 119.297 -226.326 131.558 98.2007 146.561 
131.715 -98.2192 101.72 131.784 -131.385 66.8482 131.885 -190.301 -273.552 
131.966 133.733 45.0025 132.029 132.39 -310.017 132.318 115.932 -316.165 
132.374 98.6935 -320.682 132.473 -51.9323 144.169 132.533 111.892 -210.176 
132.618 81.1992 -324.664 132.659 -184.01 -185.351 132.843 127.166 -35.8074 
132.933 107.608 131.196 133.019 -165.99 31.8351 133.073 63.4826 -328.14 
133.203 -0.25437 177.618 133.343 131.446 62.8752 133.519 -193.164 -10.3147 
133.587 45.6235 -331.255 133.745 107.167 -193.203 133.76 -26.8242 162.274 
133.805 115.724 114.958 133.874 -190.16 -255.355 134.025 127.77 80.5689 
134.073 27.8806 -334.893 134.147 122.524 98.0199 134.15 110.488 -78.6376 
134.239 -173.191 -322.586 134.257 -186.482 -83.1742 134.496 -185.28 -202.182 
134.688 10.3812 -338.495 134.952 -188.638 -237.413 135.199 -186.582 -219.562 
135.213 45.7786 181.451 135.492 -7.05718 -342.394 135.569 105.262 -175.765 
135.572 140.467 -283.908 135.988 -161.094 -349.86 136.166 -24.6785 -346.038 
136.535 -59.9168 -352.794 136.62 -190.629 -65.7884 136.675 -42.2291 -349.562 
136.769 -77.3053 -355.338 137.044 -194.884 -29.3149 137.087 128.656 -18.8757 
137.176 -142.141 52.8698 137.436 -108.958 88.2594 137.524 104.251 -158.375 
137.616 -75.62 122.423 137.624 -94.4758 -356.637 137.891 -193.893 -47.9117 
138.152 -168.859 -143.437 138.454 -111.773 -356.913 138.632 -169.039 -126.239 
138.713 114.601 -62.2786 139.018 -169.589 -160.569 139.039 -128.997 -357.54 
139.201 103.537 -141.03 139.282 133.812 -269.033 139.283 -173.403 -305.966 
139.392 61.1029 173.966 139.408 -176.266 16.5873 139.426 -145.941 -358.373 
139.977 15.3883 179.825 140.355 102.038 -123.663 140.603 -39.4309 151.954 
140.663 129.687 -1.5341 140.836 -170.794 -109.039 140.927 -171.076 -177.603 
141.661 100.65 -106.228 142.166 -161.716 -333.544 142.186 -179.431 -265.239 
142.307 -175.405 -286.916 142.485 74.9397 163.745 142.562 -13.5025 168.83 
142.614 -119.275 74.3024 142.739 -152.943 38.6704 142.983 126.4 -253.457 
143.017 -172.758 -194.678 143.478 -86.3853 109.186 143.501 130.29 16.2364 
143.624 118.166 -45.9326 143.969 -178.067 -247.565 144.251 -174.299 -212.03 
144.416 101.353 -88.8923 144.67 -176.278 -229.73 144.685 87.014 151.34 
144.8 -175.131 -92.2139 144.901 136.723 -299.051 145.12 -51.9105 141.47 
145.419 117.763 -237.318 145.676 31.4705 178.161 145.744 129.634 34.2619 
146.232 -184.325 -1.20124 146.481 97.321 137.115 146.662 110.079 -220.974 
146.809 -161.045 -316.838 147.165 103.945 -204.192 147.405 124.078 -309.567 
147.436 -156.617 -152.219 147.44 -129.485 60.0216 147.498 127.892 52.3887 
147.57 -156.65 -134.914 147.833 106.18 121.611 148.04 91.1881 -322.222 
148.105 108.679 -317.252 148.27 73.1849 -326.35 148.314 100.682 -186.731 
148.33 -170.291 -273.146 148.544 124.684 70.3401 148.556 113.852 105.132 
148.595 104.609 -72.3293 148.618 120.875 -29.3067 148.797 55.1996 -329.683 
148.85 -96.9542 95.6628 148.855 120.153 88.0306 148.871 -179.816 -75.2896 
148.925 -163.379 23.8405 149.145 -157.982 -169.486 149.378 37.4441 -333.148 
149.389 -149.924 -344.521 149.412 -158.086 -117.733 149.791 98.8717 -169.19 
149.85 19.8587 -336.645 150.175 -67.4727 -353.936 150.333 1.37355 172.673 
150.397 47.2142 172.922 150.504 -63.7674 129.825 150.513 2.43234 -340.209 
150.736 -26.616 159.09 150.909 -187.273 -20.578 150.934 131.512 -282.425 
151.123 -159.657 -186.76 151.132 -160.047 -300.118 151.156 -15.2159 -343.885 
151.197 -50.3711 -350.958 151.279 -84.6975 -355.988 151.589 97.8877 -151.728 
151.65 -184.04 -57.7198 151.663 -32.9629 -347.411 151.691 -167.259 -256.932 
152.148 -139.588 45.3918 152.321 -101.866 -356.296 152.494 96.0384 -134.413 
152.73 -161.415 -204.192 152.831 -187.017 -39.5898 152.948 122.883 -12.2122 
152.991 93.8384 -117.037 153.066 -161.512 -100.756 153.175 -118.709 -355.707 
153.28 -165.297 -239.522 153.527 -163.356 -221.826 153.632 -107.168 81.7005 
153.634 -135.564 -353.663 153.675 108.368 -56.0849 154.108 61.888 165.085 
154.408 -149.321 -327.742 154.634 93.1068 -99.6614 154.947 124.126 -266.057 
155.298 -158.591 -283.26 155.516 -143.712 -143.69 155.633 -74.5095 116.607 
155.778 -172.301 7.28284 155.928 -144.098 -126.136 156.326 17.3193 173.105 
156.398 124.345 5.38624 156.689 -144.521 -161.228 156.832 -39.608 148.734 
156.835 74.7489 154.4 157.387 -149.616 30.3685 157.86 -116.736 66.9175 
157.87 94.3472 -82.5132 157.931 -166.372 -84.1383 158.299 -148.232 -310.947 
158.334 115.482 -249.188 158.629 -156.245 -266.19 158.935 -146.297 -178.55 
158.969 111.513 -39.6823 159.016 125.536 -296.196 159.034 124.619 23.292 
159.075 85.7637 141.725 159.183 -146.812 -108.887 160.016 -12.7091 165.047 
160.045 106.818 -232.188 160.371 99.5992 -215.102 160.397 -84.8032 102.861 
160.57 94.6844 -197.46 160.957 95.3187 127.395 160.965 -153.885 -248.874 
161.001 33.2397 170.06 161.003 -148.241 -195.979 161.206 123.441 41.568 
161.643 92.2053 -179.802 161.777 -126.258 51.9072 161.81 -146.931 -294.008 
161.879 -177.378 -11.8172 162.031 -150.04 -213.619 162.052 -151.879 -231.292 
162.129 -137.864 -338.742 162.341 -170.737 -67.0984 162.355 103.793 111.759 
162.643 -56.8109 -352.081 162.666 -51.5636 137.107 162.686 97.4828 -66.1536 
162.802 120.834 59.7983 162.935 90.33 -162.303 163.277 111.012 95.0852 
163.509 82.5957 -323.6 163.526 116.666 77.6847 163.571 115.861 -309.037 
163.573 85.5244 -127.755 163.66 100.294 -318.23 163.678 -131.013 -134.98 
163.932 -158.657 14.3594 163.957 64.5635 -327.965 164.022 88.2935 -144.995 
164.023 83.7027 -110.393 164.242 114.451 -22.9397 164.471 -74.5654 -354.929 
164.521 -151.384 -92.2843 164.594 -131.539 -152.609 164.632 46.6361 -331.507 
164.689 48.2309 164.259 164.726 -94.8338 88.8394 164.874 -132.195 -117.278 
164.949 -177.641 -31.0313 165.085 -144.817 -276.51 165.2 -174.82 -49.4131 
165.248 29.0409 -335.197 165.359 120.731 -279.897 165.738 11.6321 -338.518 
165.844 -135.716 36.4434 165.951 -136.709 -321.952 166.162 83.877 -93.0375 
166.257 -91.6609 -356.259 166.38 -6.00556 -341.898 166.893 -133.163 -170.082 
166.918 -124.608 -348.721 167.076 -23.8357 -345.438 167.312 -108.642 -354.771 
167.616 3.13953 167.371 167.684 61.6847 156.318 167.865 -26.4513 155.437 
167.929 -62.5571 124.065 168.244 -142.063 -258.542 168.346 100.819 -49.9159 
168.518 116.848 -5.62646 168.712 -104.181 73.7285 168.855 -135.384 -304.984 
168.978 112.978 -262.729 169.242 -135.006 -187.534 169.263 -135.609 -100.077 
170.178 73.1002 145.268 170.196 -139.763 -240.623 170.294 -156.14 -75.8264 
170.355 85.7339 -76.1602 170.452 -165.26 -3.40489 170.609 -43.6246 -349.327 
170.754 -136.75 -205.171 170.958 -138.14 -222.887 171.148 -144.376 20.7965 
171.21 -134.111 -287.878 171.74 117.859 12.1099 172.111 -72.6545 109.991 
172.126 -113.114 57.7194 172.352 102.918 -244.376 172.383 -118.938 -126.053 
172.527 88.745 -208.4 172.656 -118.805 -143.779 172.656 84.3943 -190.049 
172.89 83.423 132.085 172.92 19.8566 165.362 172.983 94.6794 -226.368 
173.272 73.6569 -121.182 173.701 72.675 -103.664 173.775 -125.505 -333.17 
173.846 115.377 -293.964 174.036 82.1364 -172.453 174.199 117.36 30.3275 
174.213 -120.594 -108.384 174.322 -131.28 -269.626 174.418 -160.011 -58.3897 
174.432 104.317 -33.585 174.455 -167.465 -22.7387 174.493 -38.9479 144.162 
174.498 76.2542 -138.479 174.653 -120.011 -161.379 174.798 -121.999 41.7237 
175.007 79.0754 -155.545 175.081 92.4977 117.815 175.414 -140.202 -83.6307 
175.647 -82.4916 95.6447 176.18 35.8288 160.808 176.304 89.1856 -60.163 
176.396 73.3977 -86.4474 176.428 -163.536 -40.4845 176.634 115.747 48.7893 
176.649 -63.6667 -353.021 176.825 -123.988 -316.296 177.07 100.506 101.967 
177.24 -151.149 3.81424 177.41 -11.0425 159.625 177.468 -121.871 -178.914 
177.81 107.189 84.7499 178.124 112.311 67.0486 178.233 -130.112 26.3975 
178.325 106.008 -308.49 178.326 109.325 -276.875 178.449 -126.18 -249.839 
178.48 50.0109 155.011 178.693 -122.68 -299.229 178.737 90.9681 -318.06 
179.05 73.7165 -325.151 179.086 -123.947 -91.3245 179.334 -123.371 -196.582 
179.42 107.183 -16.6495 179.575 -125.18 -232.05 179.681 -81.2623 -355.784 
179.773 55.5848 -329.788 179.852 -121.722 -281.85 179.94 -106.291 -116.895 
180.001 -124.439 -214.334 180.096 -50.3553 131.123 180.111 -105.883 -134.798 
180.139 -113.439 -344.897 180.171 60.5342 146.965 180.229 101.581 -259.107 
180.253 -122.171 -264.99 180.663 37.8066 -333.629 180.935 60.8771 -114.501 
181.14 -98.1231 -352.738 181.145 -144.173 -66.7482 181.232 20.4202 -337.15 
181.633 -91.2082 78.3261 181.672 -106.58 -152.497 181.937 3.01288 -340.199 
181.957 -154.999 -14.9513 182.02 60.8866 -97.0919 182.088 76.1199 -70.1641 
182.432 -108.226 -99.2399 182.514 70.0313 135.966 182.57 -155.822 -34.7593 
182.61 62.4553 -131.914 182.723 92.5616 -44.0768 182.761 -14.6298 -343.662 
182.863 108.493 0.866842 183.087 -136.524 10.3279 183.168 76.8185 -201.016 
183.522 6.43392 158.797 183.624 81.5437 -220.029 183.761 -32.9785 -347.048 
183.922 -100.078 61.8642 184.093 72.9686 -182.096 184.294 -60.6632 116.963 
184.399 -108.051 -170.102 184.731 -108.594 45.7095 184.881 -112.725 -327.793 
185.051 88.1171 -238.555 185.276 -24.5178 149.319 185.405 64.9264 -149.264 
185.505 108.555 18.9192 185.533 -127.784 -74.7217 185.6 78.959 122.277 
185.753 68.7702 -165.666 185.974 -92.3289 -125.663 186.055 -116.467 30.3647 
186.201 -145.708 -48.1047 186.301 62.4932 -80.399 186.408 94.275 -256.246 
186.515 -93.2366 -107.673 186.667 103.655 -291.803 186.731 -110.989 -310.517 
186.793 -109.455 -187.845 186.883 -70.3572 102.381 186.902 -52.2783 -350.802 
186.911 47.7971 -107.677 186.914 23.8775 154.258 187.219 -92.5727 -143.552 
187.526 -80.0672 88.1186 187.658 -109.58 -293.124 187.918 107.171 37.2905 
187.948 -140.851 -7.51645 188.024 98.2931 -273.5 188.118 -111.278 -82.3166 
188.132 -110.37 -205.649 188.171 -108.775 -275.374 188.264 -109.14 -257.948 
188.27 48.3769 -124.896 188.371 87.2201 107.763 188.385 -110.259 -240.819 
188.47 55.5113 141.764 188.553 -110.598 -223.307 188.56 -121.942 16.074 
188.945 40.1929 148.585 188.948 79.5182 -54.4204 188.966 95.5567 -27.4567 
189.062 48.5825 -90.7593 189.915 -93.7907 -161.229 190.163 99.1451 73.4331 
190.166 104.281 55.7361 190.237 -143.127 -26.8554 190.38 -95.2797 -90.2426 
190.429 94.1805 91.2386 191.017 -78.6501 -116.346 191.27 -130.223 -57.2798 
191.352 94.0768 -305.528 191.527 -70.2962 -352.609 191.539 -78.399 -134.488 
191.678 96.2771 -9.70763 191.866 -36.6359 136.783 191.948 -101.151 -340.23 
192.131 49.7376 -142.374 192.216 -6.72931 149.098 192.317 34.8228 -101.447 
192.321 34.7011 -117.913 192.414 68.6193 -212.558 192.554 62.6885 126.425 
192.798 -125.917 -0.538313 192.959 -95.1977 -178.953 193.012 59.8664 -172.939 
193.013 95.631 8.06605 193.122 -79.9107 -98.4715 193.208 62.9207 -191.454 
193.374 65.5856 -64.9054 193.956 80.8607 -317.259 193.993 -79.2214 -152.322 
194.067 -86.8143 -349.339 194.304 94.3071 25.9599 194.476 -113.918 -65.5384 
194.495 81.5468 -37.816 194.592 -103.255 32.1654 194.677 -99.5317 -321.809 
194.793 72.9862 -231.458 194.93 50.5898 -74.7404 195.005 63.8358 -325.583 
195.024 -107.061 22.1268 195.097 -64.2345 -125.093 195.129 -96.0902 -196.786 
195.271 11.6999 144.88 195.388 -129.81 -38.1372 195.529 35.304 -134.523 
195.542 70.6642 111.146 195.554 -94.9476 48.1196 195.66 91.6164 44.0151 
195.681 21.255 -112.493 195.707 -64.8346 -106.939 195.78 -128.478 -18.8417 
195.812 45.7498 132.524 195.842 -97.6117 -304.547 195.852 36.0081 -85.1504 
196.093 -96.0488 -286.593 196.111 -95.2874 -268.269 196.17 -96.2977 -214.667 
196.182 -95.3328 -250.224 196.184 -97.5487 -73.2842 196.21 91.0046 -287.569 
196.288 46.265 -331.573 196.477 50.0135 -160.993 196.495 -95.9569 -232.485 
196.746 28.5597 -335.624 196.787 -48.0232 123.03 196.901 87.7396 61.6149 
196.905 21.6463 -96.2683 196.971 29.1366 139.664 197.025 -111.003 6.38192 
197.102 -64.6049 -143.275 197.109 21.1416 -126.617 197.137 81.0988 -2.2493 
197.144 77.4401 95.7967 197.177 79.707 15.264 197.238 78.1422 -249.614 
197.354 85.9806 -268.687 197.371 -86.5252 63.6548 197.446 81.9824 -20.2192 
197.613 -80.4912 -169.982 197.638 82.909 78.9486 197.657 77.4129 32.7592 
197.703 -49.9373 -115.546 197.755 -41.4302 -347.862 197.776 11.0682 -338.503 
198.033 -81.7203 -81.3 198.228 7.41816 -111.633 198.291 52.1178 115.773 
198.393 58.5012 -205.575 198.79 -49.9467 -133.933 198.862 67.2801 -48.2997 
198.906 -77.3353 78.385 199.001 -58.0787 108.025 199.007 74.3839 50.0625 
199.009 -35.3588 -124.439 199.123 64.998 4.45836 199.142 -114.9 -47.7449 
199.149 -23.0795 -344.915 199.274 63.1135 21.6851 199.285 -67.6814 93.0446 
199.299 -20.8051 -114.406 199.301 -6.50074 -103.278 199.353 -66.0654 -89.3362 
199.568 -35.5967 -105.761 199.63 -5.85363 -341.625 199.714 66.2039 -13.0109 
199.838 -50.5964 -97.3526 199.865 -6.61039 -123.466 199.871 -19.4431 137.877 
200.043 -113.225 -11.0599 200.077 35.7776 -152.212 200.099 60.4352 38.7449 
200.156 48.8756 -180.415 200.204 67.0683 -30.6865 200.249 58.9602 99.6238 
200.36 70.247 67.045 200.438 34.5065 122.372 200.555 -81.418 -187.863 
200.713 7.92758 -91.0395 200.82 48.654 10.7256 200.831 -65.6152 -160.935 
200.842 65.2171 83.6072 200.858 52.4274 -58.6887 200.911 -114.562 -29.2749 
201.028 7.44603 -133.896 201.047 50.3494 -6.45943 201.164 79.2538 -265.968 
201.177 -0.798606 133.86 201.239 -20.8132 -133.438 201.246 37.4684 -68.8783 
201.289 46.4255 27.781 201.296 21.4951 -143.296 201.298 22.6806 -79.6145 
201.386 59.3444 -223.397 201.432 56.9592 55.5151 201.518 17.2648 128.402 
201.59 -20.9551 -95.4918 201.601 -99.1178 -56.2361 201.91 -96.7065 14.6972 
201.932 -87.8137 -333.194 201.953 -35.4454 -142.842 202.091 51.5909 -23.8366 
202.218 -81.7263 -205.911 202.252 40.4547 105.145 202.297 34.313 -0.307139 
202.31 32.2003 16.7488 202.336 -50.5372 -151.88 202.447 -59.9936 -349.524 
202.454 43.4565 44.473 202.575 52.4904 71.9848 202.868 -81.5043 -223.989 
202.92 -89.3584 33.8125 202.965 52.5511 -41.3411 202.973 46.6236 88.2318 
203.025 -81.2298 -242.061 203.152 29.639 33.5398 203.164 48.5885 -198.413 
203.187 81.7663 -301.481 203.244 35.9588 -17.4529 203.265 -81.3078 -260.419 
203.444 -83.2628 -64.3198 203.542 -6.19419 -84.718 203.595 -85.7016 -315.894 
203.693 18.241 5.76665 203.737 -36.1674 -87.7901 203.744 39.5105 60.7278 
203.77 -82.1704 -279.531 203.815 -98.3139 -3.49261 203.927 15.8016 22.6016 
203.965 -83.6356 -298.433 204.068 22.752 111.246 204.113 -6.71708 -142.614 
204.252 35.6537 -170.707 204.324 38.0052 -52.034 204.355 20.2503 -11.2411 
204.36 37.2521 -34.6831 204.509 -99.5723 -38.5508 204.527 78.7498 -282.64 
204.541 -66.5586 -178.781 204.583 26.2572 49.7943 204.787 -51.6247 -80.0752 
204.803 62.2602 -241.942 204.837 -67.3544 -72.3184 204.85 34.1793 77.0859 
205.074 -99.2084 -20.7181 205.144 8.58022 -73.6801 205.174 12.7878 39.0406 
205.211 28.3266 94.0726 205.26 2.21974 11.7516 205.273 23.3983 -62.8112 
205.349 -31.2855 124.828 205.479 21.7901 -28.265 205.488 5.11564 117.014 
205.652 4.45836 -4.9914 205.823 -21.3559 -151.675 205.83 -0.404428 28.1927 
205.864 -80.4973 49.2291 205.916 7.3387 -152.032 206.051 21.5474 65.8253 
206.067 47.5044 -215.747 206.089 -75.1809 -343.325 206.169 21.6278 -161.334 
206.324 -12.9216 122.052 206.372 22.9741 -45.5797 206.668 6.29511 -21.9796 
206.676 -51.4673 -169.699 206.711 -66.9563 -196.952 206.713 -21.1683 -77.7873 
206.79 -13.5583 17.7405 206.874 -36.3114 -160.684 206.88 8.90981 55.0664 
206.911 -11.2974 1.43075 206.982 -84.7229 19.9332 207.062 -3.75815 44.3243 
207.106 16.2782 82.6378 207.108 10.8987 99.818 207.21 69.0798 -313.232 
207.26 35.6218 -189.16 207.415 -84.1465 -47.0263 207.434 8.57982 -56.3999 
207.533 7.77544 -39.125 207.542 -16.2187 33.3861 207.58 -84.3323 4.61431 
207.638 -9.37425 -15.3805 207.721 -66.9455 -215.177 207.825 -6.23893 -67.2133 
207.861 65.187 -259.352 208.064 4.22898 71.5479 208.172 -26.8911 8.05358 
208.26 -28.882 21.7644 208.305 -72.3014 65.2674 208.487 -66.8005 -233.399 
208.598 -36.6891 -70.4578 208.605 -7.74018 60.5079 208.706 -42.628 110.543 
208.709 -24.9511 -8.2767 208.735 -19.6883 49.0753 208.742 -7.78414 -32.4272 
208.749 -6.76414 105.181 208.888 -84.1556 -12.2265 208.911 -84.4025 -29.4838 
208.943 -31.7919 36.8784 209.041 -68.3421 -55.0976 209.051 -7.17562 -160.838 
209.088 -1.03825 88.2386 209.187 -6.65924 -49.7412 209.23 -53.4912 95.9706 
209.245 -63.4852 81.0006 209.272 -74.2616 32.8371 209.306 -66.9752 -251.578 
209.386 48.2121 -233.767 209.743 -43.775 23.7894 209.747 -52.4391 -62.9475 
209.88 -40.4386 -0.070741 209.888 -23.305 -25.3515 209.902 35.3111 -207.437 
209.938 -48.0318 -346.091 209.944 -52.0634 -187.844 210.001 21.7627 -179.568 
210.091 -12.6092 76.5598 210.144 -21.5176 -60.3017 210.212 -35.7832 52.4035 
210.226 -73.7335 -326.751 210.233 -24.1268 64.4938 210.393 -24.6183 109.189 
210.419 -67.6877 -270.643 210.55 -47.3913 40.7041 210.607 -70.9259 15.2741 
210.642 7.32161 -170.113 210.647 -58.917 28.6383 210.68 -22.2881 -42.7515 
210.732 -64.9223 48.4761 210.761 -38.8942 -17.9284 210.764 66.5898 -276.772 
210.773 -21.9089 -169.712 210.804 -68.51 -281.881 210.863 16.8047 -336.144 
210.911 -56.1004 9.39979 211.062 -69.7532 -2.72783 211.15 -36.9563 -178.732 
211.175 -51.3591 53.5163 211.19 -69.3324 -293.119 211.266 -18.2317 92.9277 
211.28 -68.8959 -37.5981 211.364 -40.4187 66.6621 211.367 68.5771 -295.146 
211.386 -71.4056 -310.178 211.455 -52.1851 -206.165 211.563 -37.242 -52.9974 
211.677 -29.4658 79.9937 211.682 -38.0398 -35.3984 211.689 -54.4352 -10.3205 
211.732 -56.3447 66.3002 211.794 -69.2402 -20.0999 211.96 54.1647 -323.76 
212.17 -53.0075 -45.4165 212.259 -52.0532 -224.386 212.449 -53.6802 -27.8126 
212.511 35.0982 -225.333 212.557 21.7239 -198.066 212.72 35.5686 -330.901 
212.754 -46.5047 81.0945 212.76 -35.8098 95.2774 212.947 50.4767 -251.824 
213.244 -32.9997 -342.092 213.326 -52.1426 -242.211 213.44 -7.38631 -179.043 
213.738 -37.2522 -197.109 213.891 7.33311 -188.505 214.303 -22.2521 -188.047 
214.319 -61.4664 -337.528 214.632 21.5266 -216.41 214.958 -37.2457 -215.379 
215.079 -52.7222 -258.905 215.784 7.25338 -206.979 215.812 35.988 -243.295 
215.903 -7.42027 -197.468 215.993 -16.4667 -338.284 216.028 52.8528 -269.628 
216.178 -37.2797 -233.262 216.409 -22.3209 -206.407 216.422 -53.3939 -273.377 
217.092 -58.9811 -321.328 217.109 55.8068 -306.416 217.245 -54.4392 -288.149 
217.334 21.6622 -234.444 217.473 54.6617 -287.713 217.639 -7.45928 -215.723 
217.777 -22.3291 -224.43 217.833 -56.3606 -304.654 217.898 -37.535 -250.156 
217.903 7.27819 -225.13 219.167 1.71805 -333.799 219.469 37.807 -261.365 
219.685 -22.4043 -241.935 219.697 -7.47865 -233.585 219.742 -46.2318 -333.112 
219.886 -37.9776 -266.204 220.647 7.47123 -243.043 220.65 22.5381 -252.434 
221.481 -38.8471 -282.389 221.492 39.3489 -315.615 221.779 39.4793 -279.124 
221.991 -22.5275 -258.999 222.339 -7.22091 -251.286 222.365 21.004 -324.673 
222.463 40.154 -297.343 222.578 -43.1297 -316.252 222.612 -40.6614 -299.09 
223.581 23.8091 -270.178 223.871 8.19672 -260.831 223.93 -22.9715 -275.883 
224.086 -29.5659 -328.677 224.961 -7.03783 -268.702 225.352 -24.4434 -293.116 
225.374 24.3235 -287.956 225.867 23.4795 -306.533 226.006 -26.6728 -310.751 
226.227 8.53239 -278.415 226.258 -12.1041 -323.003 226.725 -7.81763 -286.276 
227.311 5.91816 -315.417 227.448 7.84121 -296.567 227.462 -9.35043 -304.337 

POLYGONS 5996 23984
3 672 653 690 
3 653 733 690 
3 653 672 583 
3 672 690 758 
3 789 690 733 
3 733 653 746 
3 583 672 620 
3 571 653 583 
3 690 789 758 
3 715 672 758 
3 733 821 789 
3 746 653 662 
3 821 733 746 
3 672 715 620 
3 583 620 527 
3 662 653 571 
3 571 583 502 
3 789 855 758 
3 824 715 758 
3 821 879 789 
3 756 746 662 
3 821 746 840 
3 620 715 670 
3 527 620 566 
3 583 527 502 
3 588 662 571 
3 503 571 502 
3 855 824 758 
3 789 879 855 
3 715 824 773 
3 915 879 821 
3 746 756 840 
3 681 756 662 
3 915 821 840 
3 715 773 670 
3 620 670 566 
3 480 527 566 
3 527 449 502 
3 681 662 588 
3 588 571 503 
3 438 503 502 
3 855 928 824 
3 879 956 855 
3 824 878 773 
3 915 983 879 
3 756 863 840 
3 782 756 681 
3 940 915 840 
3 670 773 738 
3 566 670 622 
3 449 527 480 
3 522 480 566 
3 449 438 502 
3 625 681 588 
3 538 588 503 
3 457 503 438 
3 824 928 878 
3 855 956 928 
3 879 983 956 
3 773 878 842 
3 915 1017 983 
3 863 940 840 
3 782 863 756 
3 723 782 681 
3 940 1017 915 
3 773 842 738 
3 670 738 622 
3 522 566 622 
3 449 480 395 
3 480 522 429 
3 371 438 449 
3 723 681 625 
3 625 588 538 
3 538 503 457 
3 457 438 383 
3 928 994 878 
3 956 1030 928 
3 983 1057 956 
3 842 878 951 
3 983 1017 1092 
3 863 961 940 
3 782 882 863 
3 827 782 723 
3 1037 1017 940 
3 738 842 797 
3 738 680 622 
3 575 522 622 
3 395 480 429 
3 371 449 395 
3 429 522 482 
3 438 371 383 
3 671 723 625 
3 580 625 538 
3 495 538 457 
3 425 457 383 
3 878 994 951 
3 1030 994 928 
3 1057 1030 956 
3 1057 983 1092 
3 914 842 951 
3 1017 1121 1092 
3 961 1037 940 
3 882 961 863 
3 882 782 827 
3 764 827 723 
3 1017 1037 1121 
3 842 914 797 
3 738 797 680 
3 680 575 622 
3 522 575 482 
3 395 429 333 
3 371 395 321 
3 396 429 482 
3 371 323 383 
3 764 723 671 
3 671 625 580 
3 580 538 495 
3 495 457 425 
3 353 425 383 
3 994 1061 951 
3 1030 1107 994 
3 1057 1136 1030 
3 1170 1057 1092 
3 1027 914 951 
3 1121 1196 1092 
3 1059 1037 961 
3 961 882 989 
3 926 882 827 
3 764 862 827 
3 1037 1142 1121 
3 797 914 867 
3 680 797 751 
3 575 680 637 
3 482 575 532 
3 429 396 333 
3 321 395 333 
3 323 371 321 
3 396 482 435 
3 323 353 383 
3 720 764 671 
3 635 671 580 
3 580 495 556 
3 477 495 425 
3 404 425 353 
3 1061 1027 951 
3 994 1107 1061 
3 1030 1136 1107 
3 1057 1170 1136 
3 1196 1170 1092 
3 914 1027 976 
3 1220 1196 1121 
3 1059 1142 1037 
3 1059 961 989 
3 882 926 989 
3 862 926 827 
3 862 764 809 
3 1142 1220 1121 
3 867 914 976 
3 797 867 751 
3 680 751 637 
3 575 637 532 
3 482 532 435 
3 396 346 333 
3 215 321 333 
3 323 321 236 
3 357 396 435 
3 323 276 353 
3 809 764 720 
3 720 671 635 
3 635 580 556 
3 556 495 477 
3 477 425 404 
3 404 353 329 
3 1061 1131 1027 
3 1107 1179 1061 
3 1136 1214 1107 
3 1170 1242 1136 
3 1196 1277 1170 
3 1027 1093 976 
3 1220 1299 1196 
3 1142 1059 1153 
3 1082 1059 989 
3 926 1018 989 
3 926 862 950 
3 862 809 889 
3 1142 1236 1220 
3 937 867 976 
3 867 826 751 
3 637 751 693 
3 532 637 579 
3 532 476 435 
3 333 346 221 
3 346 396 357 
3 321 215 236 
3 215 333 221 
3 276 323 236 
3 382 357 435 
3 353 276 329 
3 754 809 720 
3 679 720 635 
3 602 635 556 
3 556 477 533 
3 459 477 404 
3 387 404 329 
3 1131 1093 1027 
3 1061 1179 1131 
3 1107 1214 1179 
3 1242 1214 1136 
3 1277 1242 1170 
3 1196 1299 1277 
3 1093 1045 976 
3 1321 1299 1220 
3 1059 1082 1153 
3 1236 1142 1153 
3 1018 1082 989 
3 1018 926 950 
3 950 862 889 
3 809 834 889 
3 1236 1321 1220 
3 867 937 826 
3 1045 937 976 
3 751 826 693 
3 637 693 579 
3 476 532 579 
3 476 382 435 
3 346 239 221 
3 346 357 239 
3 215 119 236 
3 103 215 221 
3 162 276 236 
3 357 382 268 
3 276 231 329 
3 754 834 809 
3 679 754 720 
3 679 635 602 
3 602 556 533 
3 533 477 459 
3 459 404 387 
3 320 387 329 
3 1093 1131 1202 
3 1131 1179 1244 
3 1179 1214 1289 
3 1242 1319 1214 
3 1277 1348 1242 
3 1299 1380 1277 
3 1093 1152 1045 
3 1299 1321 1404 
3 1082 1155 1153 
3 1246 1236 1153 
3 1067 1082 1018 
3 1055 1018 950 
3 975 950 889 
3 834 908 889 
3 1236 1333 1321 
3 826 937 890 
3 937 1045 1007 
3 693 826 760 
3 693 617 579 
3 516 476 579 
3 382 476 418 
3 239 97 221 
3 239 357 268 
3 119 162 236 
3 119 215 103 
3 97 103 221 
3 231 276 162 
3 268 382 312 
3 231 320 329 
3 754 771 834 
3 754 679 707 
3 643 679 602 
3 567 602 533 
3 501 533 459 
3 459 387 441 
3 378 387 320 
3 1131 1244 1202 
3 1152 1093 1202 
3 1179 1289 1244 
3 1214 1319 1289 
3 1242 1348 1319 
3 1380 1348 1277 
3 1380 1299 1404 
3 1045 1152 1116 
3 1321 1419 1404 
3 1155 1246 1153 
3 1082 1067 1155 
3 1333 1236 1246 
3 1055 1067 1018 
3 975 1055 950 
3 908 975 889 
3 844 908 834 
3 1321 1333 1419 
3 937 1007 890 
3 826 890 760 
3 1045 1116 1007 
3 693 760 617 
3 617 516 579 
3 476 516 418 
3 312 382 418 
3 97 239 118 
3 239 268 118 
3 87 162 119 
3 119 103 69 
3 103 97 71 
3 231 162 132 
3 268 312 155 
3 220 320 231 
3 771 844 834 
3 771 754 707 
3 707 679 643 
3 643 602 567 
3 567 533 501 
3 501 459 441 
3 387 378 441 
3 378 320 316 
3 1244 1307 1202 
3 1265 1152 1202 
3 1289 1368 1244 
3 1319 1397 1289 
3 1348 1423 1319 
3 1380 1458 1348 
3 1483 1380 1404 
3 1152 1223 1116 
3 1419 1504 1404 
3 1250 1246 1155 
3 1067 1150 1155 
3 1341 1333 1246 
3 1150 1067 1055 
3 1073 1055 975 
3 908 990 975 
3 908 844 918 
3 1333 1432 1419 
3 1007 960 890 
3 760 890 851 
3 1007 1116 1070 
3 617 760 651 
3 516 617 558 
3 516 458 418 
3 358 312 418 
3 97 118 75 
3 118 268 155 
3 162 87 132 
3 87 119 69 
3 69 103 71 
3 71 97 75 
3 220 231 132 
3 312 234 155 
3 320 220 316 
3 844 771 780 
3 771 707 718 
3 707 643 655 
3 587 643 567 
3 529 567 501 
3 470 501 441 
3 441 378 417 
3 366 378 316 
3 1307 1265 1202 
3 1244 1331 1307 
3 1265 1223 1152 
3 1368 1331 1244 
3 1397 1368 1289 
3 1423 1397 1319 
3 1348 1458 1423 
3 1380 1483 1458 
3 1504 1483 1404 
3 1116 1223 1185 
3 1516 1504 1419 
3 1250 1341 1246 
3 1150 1250 1155 
3 1432 1333 1341 
3 1161 1150 1055 
3 1073 1161 1055 
3 990 1073 975 
3 990 908 918 
3 844 847 918 
3 1432 1516 1419 
3 890 960 851 
3 1007 1070 960 
3 760 851 749 
3 1070 1116 1185 
3 760 749 651 
3 617 651 558 
3 458 516 558 
3 458 358 418 
3 312 358 234 
3 118 122 75 
3 122 118 155 
3 132 87 86 
3 73 87 69 
3 69 71 72 
3 84 71 75 
3 135 220 132 
3 155 234 169 
3 220 226 316 
3 771 718 780 
3 847 844 780 
3 718 707 655 
3 643 587 655 
3 587 567 529 
3 470 529 501 
3 470 441 417 
3 378 366 417 
3 310 366 316 
3 1372 1265 1307 
3 1331 1408 1307 
3 1265 1330 1223 
3 1368 1437 1331 
3 1397 1471 1368 
3 1397 1423 1503 
3 1458 1532 1423 
3 1483 1563 1458 
3 1504 1583 1483 
3 1223 1291 1185 
3 1516 1608 1504 
3 1250 1351 1341 
3 1252 1250 1150 
3 1442 1432 1341 
3 1161 1252 1150 
3 1167 1161 1073 
3 1073 990 1076 
3 993 990 918 
3 918 847 919 
3 1516 1432 1531 
3 960 923 851 
3 960 1070 1028 
3 749 851 818 
3 1135 1070 1185 
3 749 705 651 
3 651 599 558 
3 458 558 497 
3 358 458 401 
3 234 358 297 
3 122 121 75 
3 122 155 169 
3 86 87 73 
3 135 132 86 
3 73 69 72 
3 72 71 84 
3 121 84 75 
3 226 220 135 
3 234 223 169 
3 226 310 316 
3 718 719 780 
3 776 847 780 
3 656 718 655 
3 587 590 655 
3 587 529 535 
3 479 529 470 
3 426 470 417 
3 366 381 417 
3 366 310 339 
3 1372 1330 1265 
3 1408 1372 1307 
3 1331 1437 1408 
3 1223 1330 1291 
3 1368 1471 1437 
3 1397 1503 1471 
3 1423 1532 1503 
3 1458 1563 1532 
3 1483 1583 1563 
3 1504 1608 1583 
3 1291 1243 1185 
3 1608 1516 1618 
3 1351 1442 1341 
3 1252 1351 1250 
3 1531 1432 1442 
3 1260 1252 1161 
3 1167 1260 1161 
3 1167 1073 1076 
3 990 993 1076 
3 993 918 919 
3 847 846 919 
3 1516 1531 1618 
3 851 923 818 
3 960 1028 923 
3 1070 1135 1028 
3 749 818 705 
3 1243 1135 1185 
3 705 599 651 
3 558 599 497 
3 458 497 401 
3 358 401 297 
3 223 234 297 
3 121 122 168 
3 122 169 168 
3 86 73 80 
3 88 135 86 
3 73 72 82 
3 72 84 95 
3 84 121 136 
3 226 135 143 
3 169 223 207 
3 310 226 232 
3 719 776 780 
3 719 718 656 
3 846 847 776 
3 590 656 655 
3 590 587 535 
3 529 479 535 
3 479 470 426 
3 381 426 417 
3 381 366 339 
3 339 310 296 
3 1330 1372 1434 
3 1372 1408 1475 
3 1437 1513 1408 
3 1291 1330 1398 
3 1471 1547 1437 
3 1503 1577 1471 
3 1532 1610 1503 
3 1563 1636 1532 
3 1583 1664 1563 
3 1608 1688 1583 
3 1291 1353 1243 
3 1704 1608 1618 
3 1351 1450 1442 
3 1351 1252 1357 
3 1538 1531 1442 
3 1252 1260 1357 
3 1262 1260 1167 
3 1169 1167 1076 
3 993 1079 1076 
3 995 993 919 
3 846 922 919 
3 1531 1627 1618 
3 923 872 818 
3 923 1028 981 
3 1028 1135 1095 
3 818 767 705 
3 1204 1135 1243 
3 705 660 599 
3 599 553 497 
3 497 450 401 
3 401 345 297 
3 270 223 297 
3 172 121 168 
3 168 169 207 
3 80 73 82 
3 88 86 80 
3 135 88 143 
3 72 95 82 
3 95 84 136 
3 121 172 136 
3 232 226 143 
3 207 223 244 
3 296 310 232 
3 719 716 776 
3 663 719 656 
3 775 846 776 
3 570 656 590 
3 521 590 535 
3 479 465 535 
3 421 479 426 
3 381 374 426 
3 341 381 339 
3 311 339 296 
3 1372 1475 1434 
3 1330 1434 1398 
3 1408 1513 1475 
3 1437 1547 1513 
3 1353 1291 1398 
3 1471 1577 1547 
3 1610 1577 1503 
3 1636 1610 1532 
3 1664 1636 1563 
3 1583 1688 1664 
3 1608 1704 1688 
3 1353 1311 1243 
3 1718 1704 1618 
3 1450 1538 1442 
3 1450 1351 1357 
3 1538 1627 1531 
3 1260 1360 1357 
3 1260 1262 1360 
3 1169 1262 1167 
3 1079 1169 1076 
3 995 1079 993 
3 922 995 919 
3 845 922 846 
3 1627 1718 1618 
3 818 872 767 
3 923 981 872 
3 1028 1095 981 
3 1135 1204 1095 
3 767 660 705 
3 1311 1204 1243 
3 599 660 553 
3 553 450 497 
3 450 345 401 
3 345 270 297 
3 223 270 244 
3 202 172 168 
3 202 168 207 
3 93 80 82 
3 88 80 85 
3 143 88 102 
3 95 109 82 
3 95 136 147 
3 172 183 136 
3 163 232 143 
3 230 207 244 
3 241 296 232 
3 716 775 776 
3 719 663 716 
3 663 656 607 
3 845 846 775 
3 656 570 607 
3 570 590 521 
3 465 521 535 
3 465 479 421 
3 374 421 426 
3 374 381 341 
3 311 341 339 
3 280 311 296 
3 1475 1542 1434 
3 1434 1505 1398 
3 1513 1582 1475 
3 1547 1616 1513 
3 1466 1353 1398 
3 1577 1656 1547 
3 1577 1610 1685 
3 1610 1636 1713 
3 1664 1744 1636 
3 1664 1688 1768 
3 1688 1704 1794 
3 1353 1418 1311 
3 1704 1718 1803 
3 1450 1548 1538 
3 1456 1450 1357 
3 1635 1627 1538 
3 1360 1456 1357 
3 1262 1362 1360 
3 1262 1169 1264 
3 1169 1079 1173 
3 1079 995 1081 
3 995 922 998 
3 922 845 921 
3 1627 1727 1718 
3 767 872 832 
3 872 981 941 
3 1095 1044 981 
3 1204 1151 1095 
3 660 767 724 
3 1311 1271 1204 
3 660 608 553 
3 553 496 450 
3 345 450 388 
3 345 303 270 
3 270 263 244 
3 172 202 198 
3 230 202 207 
3 80 93 85 
3 109 93 82 
3 102 88 85 
3 163 143 102 
3 109 95 147 
3 136 183 147 
3 183 172 198 
3 241 232 163 
3 250 230 244 
3 241 280 296 
3 712 775 716 
3 663 654 716 
3 597 663 607 
3 845 775 774 
3 570 550 607 
3 494 570 521 
3 465 447 521 
3 398 465 421 
3 374 356 421 
3 324 374 341 
3 293 341 311 
3 269 311 280 
3 1542 1505 1434 
3 1582 1542 1475 
3 1505 1466 1398 
3 1616 1582 1513 
3 1547 1656 1616 
3 1418 1353 1466 
3 1656 1577 1685 
3 1610 1713 1685 
3 1636 1744 1713 
3 1744 1664 1768 
3 1688 1794 1768 
3 1704 1803 1794 
3 1418 1379 1311 
3 1718 1808 1803 
3 1548 1635 1538 
3 1456 1548 1450 
3 1635 1727 1627 
3 1460 1456 1360 
3 1362 1460 1360 
3 1262 1264 1362 
3 1264 1169 1173 
3 1173 1079 1081 
3 995 998 1081 
3 998 922 921 
3 845 848 921 
3 1727 1818 1718 
3 872 941 832 
3 767 832 724 
3 981 1044 941 
3 1095 1151 1044 
3 1204 1271 1151 
3 660 724 608 
3 1311 1379 1271 
3 608 496 553 
3 450 496 388 
3 345 388 303 
3 303 263 270 
3 263 250 244 
3 198 202 224 
3 202 230 224 
3 93 101 85 
3 126 93 109 
3 90 102 85 
3 123 163 102 
3 149 109 147 
3 183 175 147 
3 183 198 193 
3 200 241 163 
3 230 250 240 
3 241 200 280 
3 775 712 774 
3 654 712 716 
3 654 663 597 
3 550 597 607 
3 848 845 774 
3 494 550 570 
3 447 494 521 
3 465 398 447 
3 356 398 421 
3 356 374 324 
3 293 324 341 
3 293 311 269 
3 243 269 280 
3 1542 1612 1505 
3 1582 1654 1542 
3 1505 1571 1466 
3 1616 1690 1582 
3 1656 1723 1616 
3 1525 1418 1466 
3 1759 1656 1685 
3 1713 1796 1685 
3 1744 1820 1713 
3 1744 1768 1850 
3 1794 1875 1768 
3 1803 1895 1794 
3 1379 1418 1486 
3 1808 1902 1803 
3 1718 1818 1808 
3 1642 1635 1548 
3 1456 1553 1548 
3 1635 1731 1727 
3 1456 1460 1553 
3 1461 1460 1362 
3 1264 1365 1362 
3 1266 1264 1173 
3 1174 1173 1081 
3 998 1084 1081 
3 1001 998 921 
3 848 927 921 
3 1822 1818 1727 
3 941 897 832 
3 832 781 724 
3 941 1044 1005 
3 1151 1115 1044 
3 1271 1222 1151 
3 608 724 673 
3 1379 1329 1271 
3 496 608 560 
3 388 496 448 
3 303 388 332 
3 263 303 277 
3 250 263 257 
3 204 198 224 
3 230 240 224 
3 101 90 85 
3 101 93 126 
3 126 109 149 
3 90 123 102 
3 123 200 163 
3 175 149 147 
3 175 183 193 
3 198 204 193 
3 240 250 251 
3 280 200 233 
3 712 710 774 
3 649 712 654 
3 589 654 597 
3 550 534 597 
3 777 848 774 
3 478 550 494 
3 422 494 447 
3 398 369 447 
3 326 398 356 
3 284 356 324 
3 228 324 293 
3 203 293 269 
3 243 197 269 
3 243 280 233 
3 1612 1571 1505 
3 1654 1612 1542 
3 1690 1654 1582 
3 1571 1525 1466 
3 1616 1723 1690 
3 1656 1759 1723 
3 1418 1525 1486 
3 1796 1759 1685 
3 1713 1820 1796 
3 1820 1744 1850 
3 1768 1875 1850 
3 1794 1895 1875 
3 1902 1895 1803 
3 1439 1379 1486 
3 1808 1907 1902 
3 1818 1907 1808 
3 1642 1731 1635 
3 1553 1642 1548 
3 1731 1822 1727 
3 1460 1556 1553 
3 1461 1556 1460 
3 1365 1461 1362 
3 1266 1365 1264 
3 1174 1266 1173 
3 1084 1174 1081 
3 1001 1084 998 
3 927 1001 921 
3 848 853 927 
3 1822 1912 1818 
3 832 897 781 
3 897 941 1005 
3 724 781 673 
3 1044 1115 1005 
3 1151 1222 1115 
3 1329 1222 1271 
3 608 673 560 
3 1379 1439 1329 
3 496 560 448 
3 388 448 332 
3 303 332 277 
3 263 277 257 
3 250 257 251 
3 227 204 224 
3 240 227 224 
3 107 90 101 
3 101 126 129 
3 145 126 149 
3 123 90 110 
3 200 123 167 
3 157 149 175 
3 175 193 177 
3 193 204 195 
3 238 240 251 
3 233 200 167 
3 710 777 774 
3 712 649 710 
3 649 654 589 
3 534 589 597 
3 478 534 550 
3 853 848 777 
3 478 494 422 
3 369 422 447 
3 326 369 398 
3 326 356 284 
3 228 284 324 
3 203 228 293 
3 197 203 269 
3 197 243 216 
3 249 243 233 
3 1612 1677 1571 
3 1654 1717 1612 
3 1690 1758 1654 
3 1571 1634 1525 
3 1723 1799 1690 
3 1723 1759 1835 
3 1525 1594 1486 
3 1796 1865 1759 
3 1820 1899 1796 
3 1933 1820 1850 
3 1875 1953 1850 
3 1895 1980 1875 
3 1902 1994 1895 
3 1554 1439 1486 
3 1907 2001 1902 
3 1818 1912 1907 
3 1735 1731 1642 
3 1647 1642 1553 
3 1731 1824 1822 
3 1556 1647 1553 
3 1559 1556 1461 
3 1365 1463 1461 
3 1366 1365 1266 
3 1174 1268 1266 
3 1174 1084 1175 
3 1089 1084 1001 
3 1008 1001 927 
3 853 933 927 
3 1912 1822 1915 
3 781 897 850 
3 958 897 1005 
3 673 781 743 
3 1115 1065 1005 
3 1115 1222 1180 
3 1222 1329 1287 
3 673 626 560 
3 1329 1439 1389 
3 560 507 448 
3 448 402 332 
3 332 301 277 
3 277 261 257 
3 257 258 251 
3 204 227 201 
3 227 240 238 
3 90 107 110 
3 107 101 129 
3 126 145 129 
3 145 149 157 
3 167 123 110 
3 157 175 177 
3 193 195 177 
3 195 204 201 
3 256 238 251 
3 233 167 225 
3 717 777 710 
3 649 652 710 
3 649 589 585 
3 525 589 534 
3 478 463 534 
3 785 853 777 
3 406 478 422 
3 369 349 422 
3 369 326 290 
3 214 326 284 
3 152 284 228 
3 228 203 128 
3 197 124 203 
3 243 249 216 
3 138 197 216 
3 249 233 225 
3 1571 1677 1634 
3 1717 1677 1612 
3 1758 1717 1654 
3 1799 1758 1690 
3 1634 1594 1525 
3 1799 1723 1835 
3 1759 1865 1835 
3 1594 1554 1486 
3 1796 1899 1865 
3 1820 1933 1899 
3 1953 1933 1850 
3 1980 1953 1875 
3 1994 1980 1895 
3 2001 1994 1902 
3 1554 1507 1439 
3 1907 2009 2001 
3 1907 1912 2009 
3 1735 1824 1731 
3 1647 1735 1642 
3 1822 1824 1915 
3 1556 1650 1647 
3 1559 1650 1556 
3 1463 1559 1461 
3 1463 1365 1366 
3 1268 1366 1266 
3 1268 1174 1175 
3 1084 1089 1175 
3 1008 1089 1001 
3 933 1008 927 
3 866 933 853 
3 2005 1912 1915 
3 897 958 850 
3 743 781 850 
3 1065 958 1005 
3 673 743 626 
3 1115 1180 1065 
3 1222 1287 1180 
3 1287 1329 1389 
3 560 626 507 
3 1439 1507 1389 
3 448 507 402 
3 402 301 332 
3 301 261 277 
3 261 258 257 
3 258 256 251 
3 227 213 201 
3 227 238 213 
3 107 114 110 
3 117 107 129 
3 145 137 129 
3 148 145 157 
3 153 167 110 
3 154 157 177 
3 195 181 177 
3 196 195 201 
3 238 256 235 
3 167 153 225 
3 717 785 777 
3 652 717 710 
3 652 649 585 
3 589 525 585 
3 463 525 534 
3 463 478 406 
3 866 853 785 
3 349 406 422 
3 349 369 290 
3 290 326 214 
3 152 214 284 
3 152 228 128 
3 203 124 128 
3 124 197 138 
3 249 248 216 
3 178 138 216 
3 279 249 225 
3 1677 1748 1634 
3 1717 1789 1677 
3 1717 1758 1826 
3 1758 1799 1864 
3 1634 1701 1594 
3 1903 1799 1835 
3 1865 1943 1835 
3 1660 1554 1594 
3 1899 1973 1865 
3 1899 1933 2011 
3 1933 1953 2037 
3 1953 1980 2066 
3 2090 1980 1994 
3 2001 2100 1994 
3 1554 1615 1507 
3 2009 2102 2001 
3 1912 2005 2009 
3 1834 1824 1735 
3 1738 1735 1647 
3 1824 1917 1915 
3 1650 1738 1647 
3 1559 1652 1650 
3 1463 1560 1559 
3 1462 1463 1366 
3 1268 1363 1366 
3 1267 1268 1175 
3 1089 1181 1175 
3 1099 1089 1008 
3 933 1021 1008 
3 866 945 933 
3 2002 2005 1915 
3 958 910 850 
3 800 743 850 
3 958 1065 1022 
3 626 743 685 
3 1180 1134 1065 
3 1287 1231 1180 
3 1332 1287 1389 
3 507 626 578 
3 1507 1484 1389 
3 402 507 466 
3 301 402 364 
3 261 301 288 
3 258 261 254 
3 256 258 265 
3 201 213 199 
3 213 238 235 
3 114 153 110 
3 114 107 117 
3 137 117 129 
3 137 145 148 
3 148 157 154 
3 181 154 177 
3 181 195 196 
3 196 201 199 
3 256 274 235 
3 153 245 225 
3 717 737 785 
3 664 717 652 
3 593 652 585 
3 525 531 585 
3 468 525 463 
3 405 463 406 
3 807 866 785 
3 349 343 406 
3 278 349 290 
3 180 290 214 
3 214 152 111 
3 77 152 128 
3 124 70 128 
3 78 124 138 
3 248 178 216 
3 248 249 279 
3 138 178 104 
3 245 279 225 
3 1748 1701 1634 
3 1677 1789 1748 
3 1789 1717 1826 
3 1758 1864 1826 
3 1799 1903 1864 
3 1701 1660 1594 
3 1943 1903 1835 
3 1973 1943 1865 
3 1660 1615 1554 
3 1973 1899 2011 
3 1933 2037 2011 
3 1953 2066 2037 
3 1980 2090 2066 
3 2100 2090 1994 
3 2001 2102 2100 
3 1507 1615 1575 
3 2095 2102 2009 
3 2005 2095 2009 
3 1834 1917 1824 
3 1738 1834 1735 
3 1917 2002 1915 
3 1738 1650 1742 
3 1650 1652 1742 
3 1560 1652 1559 
3 1560 1463 1462 
3 1363 1462 1366 
3 1267 1363 1268 
3 1181 1267 1175 
3 1181 1089 1099 
3 1021 1099 1008 
3 945 1021 933 
3 945 866 881 
3 2002 2086 2005 
3 910 800 850 
3 910 958 1022 
3 743 800 685 
3 1065 1134 1022 
3 578 626 685 
3 1231 1134 1180 
3 1287 1332 1231 
3 1433 1332 1389 
3 507 578 466 
3 1484 1433 1389 
3 1484 1507 1575 
3 402 466 364 
3 288 301 364 
3 261 288 254 
3 258 254 265 
3 256 265 274 
3 199 213 211 
3 211 213 235 
3 161 153 114 
3 115 114 117 
3 127 117 137 
3 134 137 148 
3 148 154 142 
3 160 154 181 
3 182 181 196 
3 189 196 199 
3 274 255 235 
3 245 153 161 
3 737 807 785 
3 737 717 664 
3 593 664 652 
3 531 593 585 
3 525 468 531 
3 468 463 405 
3 343 405 406 
3 866 807 881 
3 349 278 343 
3 180 278 290 
3 180 214 111 
3 152 77 111 
3 70 77 128 
3 124 78 70 
3 78 138 104 
3 178 248 253 
3 248 279 295 
3 178 164 104 
3 302 279 245 
3 1809 1701 1748 
3 1789 1855 1748 
3 1896 1789 1826 
3 1864 1939 1826 
3 1903 1971 1864 
3 1701 1765 1660 
3 1943 2015 1903 
3 1943 1973 2044 
3 1660 1720 1615 
3 2083 1973 2011 
3 2037 2120 2011 
3 2066 2142 2037 
3 2090 2178 2066 
3 2192 2090 2100 
3 2102 2194 2100 
3 1615 1681 1575 
3 2095 2187 2102 
3 2086 2095 2005 
3 1917 1834 1922 
3 1837 1834 1738 
3 1917 2003 2002 
3 1837 1738 1742 
3 1652 1741 1742 
3 1649 1652 1560 
3 1555 1560 1462 
3 1363 1455 1462 
3 1356 1363 1267 
3 1181 1273 1267 
3 1190 1181 1099 
3 1021 1109 1099 
3 1033 1021 945 
3 967 945 881 
3 2002 2082 2086 
3 800 910 857 
3 1006 910 1022 
3 800 750 685 
3 1134 1101 1022 
3 578 685 646 
3 1134 1231 1191 
3 1231 1332 1279 
3 1332 1433 1376 
3 466 578 543 
3 1484 1537 1433 
3 1537 1484 1575 
3 466 445 364 
3 355 288 364 
3 254 288 283 
3 265 254 260 
3 265 286 274 
3 191 199 211 
3 255 211 235 
3 161 114 115 
3 115 117 127 
3 127 137 134 
3 134 148 142 
3 142 154 160 
3 160 181 182 
3 182 196 189 
3 191 189 199 
3 255 274 287 
3 272 245 161 
3 807 737 752 
3 678 737 664 
3 605 664 593 
3 544 593 531 
3 468 481 531 
3 412 468 405 
3 352 405 343 
3 807 836 881 
3 343 278 281 
3 278 180 165 
3 96 180 111 
3 77 65 111 
3 56 77 70 
3 78 58 70 
3 67 78 104 
3 253 248 295 
3 164 178 253 
3 279 302 295 
3 164 99 104 
3 302 245 272 
3 1765 1701 1809 
3 1855 1809 1748 
3 1855 1789 1896 
3 1939 1896 1826 
3 1971 1939 1864 
3 1903 2015 1971 
3 1765 1720 1660 
3 2015 1943 2044 
3 1973 2083 2044 
3 1615 1720 1681 
3 2120 2083 2011 
3 2037 2142 2120 
3 2178 2142 2066 
3 2178 2090 2192 
3 2194 2192 2100 
3 2187 2194 2102 
3 1681 1643 1575 
3 2095 2175 2187 
3 2175 2095 2086 
3 1834 1837 1922 
3 2003 1917 1922 
3 2002 2003 2082 
3 1836 1837 1742 
3 1741 1836 1742 
3 1649 1741 1652 
3 1555 1649 1560 
3 1455 1555 1462 
3 1356 1455 1363 
3 1273 1356 1267 
3 1273 1181 1190 
3 1109 1190 1099 
3 1033 1109 1021 
3 967 1033 945 
3 925 967 881 
3 2082 2162 2086 
3 910 953 857 
3 800 857 750 
3 910 1006 953 
3 1101 1006 1022 
3 685 750 646 
3 1134 1191 1101 
3 578 646 543 
3 1191 1231 1279 
3 1332 1376 1279 
3 1376 1433 1490 
3 445 466 543 
3 1433 1537 1490 
3 1643 1537 1575 
3 445 355 364 
3 288 355 283 
3 260 254 283 
3 265 260 286 
3 274 286 287 
3 218 191 211 
3 255 218 211 
3 161 115 184 
3 130 115 127 
3 116 127 134 
3 131 134 142 
3 142 160 144 
3 159 160 182 
3 166 182 189 
3 170 189 191 
3 267 255 287 
3 272 161 184 
3 737 678 752 
3 836 807 752 
3 605 678 664 
3 605 593 544 
3 481 544 531 
3 412 481 468 
3 352 412 405 
3 352 343 281 
3 836 925 881 
3 281 278 165 
3 180 96 165 
3 65 96 111 
3 77 56 65 
3 58 56 70 
3 67 58 78 
3 99 67 104 
3 319 253 295 
3 266 164 253 
3 302 338 295 
3 192 99 164 
3 342 302 272 
3 1877 1765 1809 
3 1855 1920 1809 
3 1959 1855 1896 
3 1939 2004 1896 
3 1971 2040 1939 
3 2015 2079 1971 
3 1765 1832 1720 
3 2121 2015 2044 
3 2083 2147 2044 
3 1720 1787 1681 
3 2190 2083 2120 
3 2142 2225 2120 
3 2142 2178 2258 
3 2284 2178 2192 
3 2194 2291 2192 
3 2281 2194 2187 
3 1681 1750 1643 
3 2175 2269 2187 
3 2162 2175 2086 
3 1837 1923 1922 
3 2008 2003 1922 
3 2003 2084 2082 
3 1923 1837 1836 
3 1741 1833 1836 
3 1736 1741 1649 
3 1649 1555 1641 
3 1455 1540 1555 
3 1443 1455 1356 
3 1346 1356 1273 
3 1255 1273 1190 
3 1109 1206 1190 
3 1109 1033 1123 
3 1060 1033 967 
3 1020 967 925 
3 2155 2162 2082 
3 857 953 904 
3 750 857 806 
3 1006 1050 953 
3 1006 1101 1050 
3 750 699 646 
3 1101 1191 1140 
3 543 646 611 
3 1224 1191 1279 
3 1376 1326 1279 
3 1376 1490 1429 
3 445 543 517 
3 1537 1605 1490 
3 1537 1643 1605 
3 355 445 433 
3 355 375 283 
3 260 283 322 
3 286 260 307 
3 287 286 315 
3 190 191 218 
3 255 267 218 
3 115 130 184 
3 130 127 116 
3 116 134 131 
3 131 142 144 
3 160 159 144 
3 166 159 182 
3 166 189 170 
3 170 191 190 
3 267 287 314 
3 318 272 184 
3 678 702 752 
3 778 836 752 
3 605 631 678 
3 562 605 544 
3 481 493 544 
3 428 481 412 
3 412 352 365 
3 291 352 281 
3 836 874 925 
3 176 281 165 
3 96 91 165 
3 62 96 65 
3 65 56 46 
3 56 58 44 
3 49 58 67 
3 68 67 99 
3 319 266 253 
3 338 319 295 
3 192 164 266 
3 338 302 342 
3 99 192 139 
3 342 272 318 
3 1877 1832 1765 
3 1920 1877 1809 
3 1920 1855 1959 
3 2004 1959 1896 
3 2040 2004 1939 
3 2079 2040 1971 
3 2079 2015 2121 
3 1720 1832 1787 
3 2147 2121 2044 
3 2190 2147 2083 
3 1787 1750 1681 
3 2225 2190 2120 
3 2142 2258 2225 
3 2178 2284 2258 
3 2291 2284 2192 
3 2281 2291 2194 
3 2269 2281 2187 
3 1750 1710 1643 
3 2175 2238 2269 
3 2162 2238 2175 
3 1923 2008 1922 
3 2008 2084 2003 
3 2084 2155 2082 
3 1919 1923 1836 
3 1833 1919 1836 
3 1833 1741 1736 
3 1736 1649 1641 
3 1555 1540 1641 
3 1540 1455 1443 
3 1346 1443 1356 
3 1346 1273 1308 
3 1273 1255 1308 
3 1206 1255 1190 
3 1206 1109 1123 
3 1033 1060 1123 
3 1060 967 1020 
3 965 1020 925 
3 2228 2162 2155 
3 953 1004 904 
3 806 857 904 
3 750 806 699 
3 953 1050 1004 
3 1101 1140 1050 
3 646 699 611 
3 1191 1224 1140 
3 543 611 517 
3 1326 1224 1279 
3 1326 1376 1429 
3 1490 1544 1429 
3 433 445 517 
3 1605 1544 1490 
3 1643 1710 1605 
3 355 433 375 
3 283 375 322 
3 307 260 322 
3 286 307 315 
3 287 315 314 
3 190 218 242 
3 218 267 242 
3 130 247 184 
3 158 130 116 
3 133 116 131 
3 146 131 144 
3 159 150 144 
3 159 166 151 
3 166 170 156 
3 170 190 173 
3 267 314 289 
3 247 318 184 
3 702 778 752 
3 678 631 702 
3 874 836 778 
3 631 605 562 
3 493 562 544 
3 428 493 481 
3 428 412 365 
3 352 291 365 
3 176 291 281 
3 874 965 925 
3 91 176 165 
3 91 96 62 
3 62 65 46 
3 46 56 44 
3 58 49 44 
3 68 49 67 
3 68 99 139 
3 266 319 347 
3 319 338 373 
3 317 192 266 
3 391 338 342 
3 192 282 139 
3 385 342 318 
3 1877 1942 1832 
3 1877 1920 1986 
3 2032 1920 1959 
3 2004 2068 1959 
3 2040 2114 2004 
3 2040 2079 2141 
3 2186 2079 2121 
3 1832 1894 1787 
3 2147 2219 2121 
3 2190 2254 2147 
3 1750 1787 1848 
3 2302 2190 2225 
3 2258 2334 2225 
3 2284 2371 2258 
3 2284 2291 2386 
3 2281 2379 2291 
3 2357 2281 2269 
3 1750 1807 1710 
3 2238 2328 2269 
3 2228 2238 2162 
3 1923 2006 2008 
3 2088 2084 2008 
3 2084 2156 2155 
3 1919 2006 1923 
3 1914 1919 1833 
3 1823 1833 1736 
3 1730 1736 1641 
3 1540 1625 1641 
3 1540 1443 1526 
3 1426 1443 1346 
3 1426 1346 1308 
3 1297 1308 1255 
3 1255 1206 1297 
3 1205 1206 1123 
3 1060 1156 1123 
3 1119 1060 1020 
3 965 1069 1020 
3 2222 2228 2155 
3 1004 952 904 
3 856 806 904 
3 699 806 753 
3 1004 1050 1094 
3 1050 1140 1094 
3 699 659 611 
3 1140 1224 1187 
3 517 611 586 
3 1224 1326 1315 
3 1358 1326 1429 
3 1544 1479 1429 
3 490 433 517 
3 1605 1659 1544 
3 1710 1659 1605 
3 433 490 375 
3 375 442 322 
3 403 307 322 
3 315 307 377 
3 314 315 370 
3 190 242 222 
3 242 267 289 
3 247 130 158 
3 158 116 133 
3 133 131 146 
3 150 146 144 
3 150 159 151 
3 151 166 156 
3 170 173 156 
3 173 190 222 
3 314 363 289 
3 318 247 360 
3 739 778 702 
3 631 657 702 
3 874 778 817 
3 631 562 582 
3 514 562 493 
3 493 428 451 
3 380 428 365 
3 365 291 304 
3 194 291 176 
3 935 965 874 
3 94 176 91 
3 60 91 62 
3 42 62 46 
3 38 46 44 
3 49 41 44 
3 49 68 51 
3 89 68 139 
3 347 319 373 
3 317 266 347 
3 373 338 391 
3 317 282 192 
3 391 342 385 
3 282 210 139 
3 385 318 360 
3 1832 1942 1894 
3 1942 1877 1986 
3 1920 2032 1986 
3 2068 2032 1959 
3 2114 2068 2004 
3 2114 2040 2141 
3 2079 2186 2141 
3 2219 2186 2121 
3 1787 1894 1848 
3 2254 2219 2147 
3 2254 2190 2302 
3 1807 1750 1848 
3 2334 2302 2225 
3 2258 2371 2334 
3 2371 2284 2386 
3 2291 2379 2386 
3 2357 2379 2281 
3 2328 2357 2269 
3 1710 1807 1767 
3 2308 2328 2238 
3 2228 2308 2238 
3 2006 2088 2008 
3 2088 2156 2084 
3 2156 2222 2155 
3 1919 2000 2006 
3 1914 2000 1919 
3 1823 1914 1833 
3 1823 1736 1730 
3 1722 1730 1641 
3 1625 1722 1641 
3 1625 1540 1526 
3 1443 1426 1526 
3 1406 1426 1308 
3 1297 1406 1308 
3 1205 1297 1206 
3 1156 1205 1123 
3 1060 1119 1156 
3 1069 1119 1020 
3 965 1029 1069 
3 2228 2222 2294 
3 952 856 904 
3 1004 1047 952 
3 806 856 753 
3 699 753 659 
3 1047 1004 1094 
3 1094 1140 1187 
3 586 611 659 
3 1224 1315 1187 
3 490 517 586 
3 1326 1358 1315 
3 1479 1358 1429 
3 1544 1595 1479 
3 1659 1595 1544 
3 1659 1710 1767 
3 375 490 442 
3 442 403 322 
3 307 403 377 
3 315 377 370 
3 363 314 370 
3 222 242 289 
3 305 247 158 
3 252 158 133 
3 219 133 146 
3 146 150 186 
3 179 150 151 
3 188 151 156 
3 173 209 156 
3 259 173 222 
3 289 363 340 
3 247 305 360 
3 817 778 739 
3 657 739 702 
3 657 631 582 
3 849 874 817 
3 562 514 582 
3 514 493 451 
3 451 428 380 
3 380 365 304 
3 291 194 304 
3 94 194 176 
3 935 1029 965 
3 849 935 874 
3 94 91 60 
3 42 60 62 
3 38 42 46 
3 41 38 44 
3 41 49 51 
3 68 89 51 
3 210 89 139 
3 415 347 373 
3 393 317 347 
3 440 373 391 
3 317 368 282 
3 391 385 454 
3 282 336 210 
3 436 385 360 
3 1942 1999 1894 
3 2043 1942 1986 
3 2032 2096 1986 
3 2068 2133 2032 
3 2068 2114 2181 
3 2216 2114 2141 
3 2186 2242 2141 
3 2219 2286 2186 
3 1894 1949 1848 
3 2254 2317 2219 
3 2358 2254 2302 
3 1904 1807 1848 
3 2334 2403 2302 
3 2371 2436 2334 
3 2371 2386 2466 
3 2379 2468 2386 
3 2357 2440 2379 
3 2357 2328 2413 
3 1807 1861 1767 
3 2308 2389 2328 
3 2308 2228 2294 
3 2006 2089 2088 
3 2156 2088 2166 
3 2226 2222 2156 
3 2000 2089 2006 
3 1914 1996 2000 
3 1914 1823 1906 
3 1819 1823 1730 
3 1722 1819 1730 
3 1711 1722 1625 
3 1613 1625 1526 
3 1426 1510 1526 
3 1406 1510 1426 
3 1406 1297 1374 
3 1297 1205 1261 
3 1261 1205 1156 
3 1119 1219 1156 
3 1176 1119 1069 
3 1029 1126 1069 
3 2222 2292 2294 
3 909 856 952 
3 952 1047 1010 
3 753 856 813 
3 659 753 697 
3 1146 1047 1094 
3 1146 1094 1187 
3 659 697 586 
3 1315 1270 1187 
3 490 586 552 
3 1315 1358 1407 
3 1358 1479 1407 
3 1479 1595 1528 
3 1659 1703 1595 
3 1703 1659 1767 
3 490 552 442 
3 403 442 511 
3 377 403 485 
3 370 377 461 
3 455 363 370 
3 306 222 289 
3 305 158 252 
3 252 133 219 
3 219 146 186 
3 150 179 186 
3 179 151 171 
3 171 151 188 
3 209 188 156 
3 209 173 259 
3 259 222 306 
3 363 437 340 
3 289 340 306 
3 305 407 360 
3 765 817 739 
3 657 684 739 
3 609 657 582 
3 765 849 817 
3 514 541 582 
3 464 514 451 
3 400 451 380 
3 325 380 304 
3 194 206 304 
3 194 94 98 
3 1029 935 985 
3 898 935 849 
3 57 94 60 
3 37 60 42 
3 38 31 42 
3 38 41 33 
3 39 41 51 
3 89 63 51 
3 89 210 141 
3 415 393 347 
3 415 373 440 
3 368 317 393 
3 440 391 454 
3 282 368 336 
3 454 385 436 
3 336 298 210 
3 407 436 360 
3 1999 1949 1894 
3 1942 2043 1999 
3 2096 2043 1986 
3 2133 2096 2032 
3 2068 2181 2133 
3 2114 2216 2181 
3 2242 2216 2141 
3 2286 2242 2186 
3 2317 2286 2219 
3 1949 1904 1848 
3 2358 2317 2254 
3 2403 2358 2302 
3 1807 1904 1861 
3 2436 2403 2334 
3 2371 2466 2436 
3 2386 2468 2466 
3 2440 2468 2379 
3 2440 2357 2413 
3 2328 2389 2413 
3 1861 1813 1767 
3 2362 2389 2308 
3 2362 2308 2294 
3 2088 2089 2166 
3 2226 2156 2166 
3 2226 2292 2222 
3 2089 2000 2078 
3 2000 1996 2078 
3 1996 1914 1906 
3 1823 1819 1906 
3 1805 1819 1722 
3 1711 1805 1722 
3 1613 1711 1625 
3 1510 1613 1526 
3 1480 1510 1406 
3 1374 1297 1261 
3 1480 1406 1374 
3 1219 1261 1156 
3 1119 1176 1219 
3 1126 1176 1069 
3 1029 1086 1126 
3 2292 2343 2294 
3 856 909 813 
3 909 952 1010 
3 1047 1114 1010 
3 753 813 697 
3 1146 1114 1047 
3 1270 1146 1187 
3 586 697 658 
3 1315 1407 1270 
3 552 586 658 
3 1479 1528 1407 
3 1595 1637 1528 
3 1595 1703 1637 
3 1813 1703 1767 
3 442 552 511 
3 403 511 485 
3 377 485 461 
3 455 370 461 
3 363 455 437 
3 376 305 252 
3 354 252 219 
3 327 219 186 
3 179 313 186 
3 309 179 171 
3 308 171 188 
3 331 188 209 
3 359 209 259 
3 384 259 306 
3 437 411 340 
3 411 306 340 
3 407 305 376 
3 684 765 739 
3 684 657 609 
3 541 609 582 
3 812 849 765 
3 464 541 514 
3 400 464 451 
3 325 400 380 
3 206 325 304 
3 206 194 98 
3 98 94 57 
3 935 898 985 
3 1086 1029 985 
3 898 849 812 
3 37 57 60 
3 31 37 42 
3 31 38 33 
3 41 39 33 
3 63 39 51 
3 63 89 141 
3 210 298 141 
3 467 393 415 
3 415 440 488 
3 452 368 393 
3 499 440 454 
3 336 368 424 
3 504 454 436 
3 394 298 336 
3 436 407 492 
3 1999 2050 1949 
3 1999 2043 2111 
3 2096 2164 2043 
3 2213 2096 2133 
3 2181 2241 2133 
3 2216 2287 2181 
3 2242 2316 2216 
3 2286 2341 2242 
3 2317 2382 2286 
3 1904 1949 2010 
3 2358 2410 2317 
3 2403 2454 2358 
3 1904 1956 1861 
3 2497 2403 2436 
3 2466 2524 2436 
3 2468 2536 2466 
3 2440 2522 2468 
3 2495 2440 2413 
3 2389 2460 2413 
3 1813 1861 1911 
3 2389 2362 2422 
3 2343 2362 2294 
3 2089 2180 2166 
3 2236 2226 2166 
3 2296 2292 2226 
3 2089 2078 2127 
3 1996 2067 2078 
3 1989 1996 1906 
3 1819 1900 1906 
3 1805 1900 1819 
3 1795 1805 1711 
3 1693 1711 1613 
3 1510 1589 1613 
3 1589 1510 1480 
3 1325 1374 1261 
3 1438 1480 1374 
3 1219 1325 1261 
3 1176 1285 1219 
3 1230 1176 1126 
3 1086 1192 1126 
3 2340 2343 2292 
3 813 909 865 
3 909 1010 964 
3 1114 1075 1010 
3 813 759 697 
3 1114 1146 1226 
3 1146 1270 1226 
3 697 759 658 
3 1407 1339 1270 
3 552 658 616 
3 1528 1467 1407 
3 1637 1578 1528 
3 1703 1747 1637 
3 1703 1813 1747 
3 511 552 616 
3 511 581 485 
3 485 563 461 
3 548 455 461 
3 455 536 437 
3 376 252 354 
3 354 219 327 
3 313 327 186 
3 313 179 309 
3 309 171 308 
3 308 188 331 
3 331 209 359 
3 359 259 384 
3 384 306 411 
3 437 520 411 
3 407 376 471 
3 684 726 765 
3 642 684 609 
3 541 565 609 
3 726 812 765 
3 489 541 464 
3 464 400 410 
3 335 400 325 
3 229 325 206 
3 105 206 98 
3 55 98 57 
3 898 943 985 
3 1042 1086 985 
3 854 898 812 
3 37 35 57 
3 23 37 31 
3 19 31 33 
3 39 26 33 
3 63 43 39 
3 81 63 141 
3 298 217 141 
3 452 393 467 
3 467 415 488 
3 440 499 488 
3 368 452 424 
3 504 499 454 
3 394 336 424 
3 504 436 492 
3 348 298 394 
3 407 471 492 
3 1949 2050 2010 
3 2050 1999 2111 
3 2043 2164 2111 
3 2096 2213 2164 
3 2241 2213 2133 
3 2287 2241 2181 
3 2316 2287 2216 
3 2242 2341 2316 
3 2382 2341 2286 
3 2317 2410 2382 
3 1956 1904 2010 
3 2358 2454 2410 
3 2454 2403 2497 
3 1861 1956 1911 
3 2524 2497 2436 
3 2536 2524 2466 
3 2468 2522 2536 
3 2522 2440 2495 
3 2460 2495 2413 
3 2460 2389 2422 
3 1813 1911 1852 
3 2362 2404 2422 
3 2343 2404 2362 
3 2180 2236 2166 
3 2089 2127 2180 
3 2236 2296 2226 
3 2296 2340 2292 
3 2138 2127 2078 
3 2067 2138 2078 
3 1996 1989 2067 
3 1900 1989 1906 
3 1889 1900 1805 
3 1795 1889 1805 
3 1795 1711 1693 
3 1589 1693 1613 
3 1589 1480 1561 
3 1325 1438 1374 
3 1561 1480 1438 
3 1285 1325 1219 
3 1230 1285 1176 
3 1192 1230 1126 
3 1143 1192 1086 
3 2340 2401 2343 
3 865 909 964 
3 759 813 865 
3 1010 1075 964 
3 1075 1114 1189 
3 1114 1226 1189 
3 1270 1339 1226 
3 759 722 658 
3 1407 1467 1339 
3 658 722 616 
3 1578 1467 1528 
3 1637 1679 1578 
3 1637 1747 1679 
3 1747 1813 1852 
3 581 511 616 
3 581 563 485 
3 563 548 461 
3 455 548 536 
3 536 520 437 
3 456 376 354 
3 430 354 327 
3 420 327 313 
3 313 309 413 
3 414 309 308 
3 308 331 427 
3 453 331 359 
3 474 359 384 
3 498 384 411 
3 520 498 411 
3 376 456 471 
3 642 726 684 
3 565 642 609 
3 541 489 565 
3 726 763 812 
3 489 464 410 
3 400 335 410 
3 335 325 229 
3 105 229 206 
3 55 105 98 
3 35 55 57 
3 943 1042 985 
3 854 943 898 
3 1042 1143 1086 
3 763 854 812 
3 23 35 37 
3 19 23 31 
3 26 19 33 
3 39 43 26 
3 81 43 63 
3 217 81 141 
3 348 217 298 
3 452 467 526 
3 547 467 488 
3 499 564 488 
3 452 505 424 
3 574 499 504 
3 483 394 424 
3 573 504 492 
3 444 348 394 
3 471 559 492 
3 2050 2107 2010 
3 2160 2050 2111 
3 2164 2231 2111 
3 2213 2289 2164 
3 2241 2320 2213 
3 2287 2355 2241 
3 2316 2393 2287 
3 2316 2341 2411 
3 2382 2434 2341 
3 2410 2472 2382 
3 1956 2010 2051 
3 2410 2454 2501 
3 2541 2454 2497 
3 1956 2012 1911 
3 2524 2577 2497 
3 2536 2582 2524 
3 2522 2607 2536 
3 2572 2522 2495 
3 2460 2531 2495 
3 2492 2460 2422 
3 1911 1950 1852 
3 2404 2465 2422 
3 2401 2404 2343 
3 2251 2236 2180 
3 2127 2204 2180 
3 2296 2236 2309 
3 2359 2340 2296 
3 2127 2138 2204 
3 2136 2138 2067 
3 1989 2059 2067 
3 1976 1989 1900 
3 1889 1976 1900 
3 1868 1889 1795 
3 1766 1795 1693 
3 1589 1665 1693 
3 1665 1589 1561 
3 1325 1391 1438 
3 1527 1561 1438 
3 1391 1325 1285 
3 1285 1230 1340 
3 1230 1192 1295 
3 1245 1192 1143 
3 2340 2407 2401 
3 931 865 964 
3 759 865 828 
3 1075 1035 964 
3 1144 1075 1189 
3 1226 1294 1189 
3 1339 1294 1226 
3 722 759 828 
3 1467 1411 1339 
3 616 722 682 
3 1467 1578 1520 
3 1679 1622 1578 
3 1747 1782 1679 
3 1782 1747 1852 
3 581 616 682 
3 563 581 661 
3 548 563 645 
3 548 630 536 
3 536 621 520 
3 456 354 430 
3 430 327 420 
3 420 313 413 
3 309 414 413 
3 414 308 427 
3 331 453 427 
3 474 453 359 
3 498 474 384 
3 606 498 520 
3 456 545 471 
3 676 726 642 
3 591 642 565 
3 489 512 565 
3 726 676 763 
3 432 489 410 
3 335 350 410 
3 246 335 229 
3 108 229 105 
3 105 55 50 
3 27 55 35 
3 1042 943 1003 
3 943 854 907 
3 1104 1143 1042 
3 819 854 763 
3 35 23 16 
3 11 23 19 
3 17 19 26 
3 43 28 26 
3 52 43 81 
3 125 81 217 
3 292 217 348 
3 526 467 547 
3 505 452 526 
3 564 547 488 
3 564 499 574 
3 505 483 424 
3 573 574 504 
3 444 394 483 
3 559 573 492 
3 444 399 348 
3 545 559 471 
3 2010 2107 2051 
3 2050 2160 2107 
3 2231 2160 2111 
3 2164 2289 2231 
3 2320 2289 2213 
3 2355 2320 2241 
3 2393 2355 2287 
3 2393 2316 2411 
3 2341 2434 2411 
3 2382 2472 2434 
3 2472 2410 2501 
3 2012 1956 2051 
3 2454 2541 2501 
3 2577 2541 2497 
3 2012 1950 1911 
3 2524 2582 2577 
3 2536 2607 2582 
3 2522 2572 2607 
3 2531 2572 2495 
3 2460 2492 2531 
3 2465 2492 2422 
3 1950 1890 1852 
3 2404 2453 2465 
3 2401 2453 2404 
3 2236 2251 2309 
3 2204 2251 2180 
3 2359 2296 2309 
3 2407 2340 2359 
3 2138 2212 2204 
3 2212 2138 2136 
3 2059 2136 2067 
3 1976 2059 1989 
3 1976 1889 1961 
3 1889 1868 1961 
3 1766 1868 1795 
3 1665 1766 1693 
3 1633 1665 1561 
3 1391 1496 1438 
3 1527 1633 1561 
3 1496 1527 1438 
3 1391 1285 1340 
3 1230 1295 1340 
3 1192 1245 1295 
3 1245 1143 1208 
3 2407 2461 2401 
3 865 931 828 
3 1035 931 964 
3 1075 1144 1035 
3 1249 1144 1189 
3 1294 1249 1189 
3 1411 1294 1339 
3 722 828 783 
3 1411 1467 1520 
3 722 783 682 
3 1578 1622 1520 
3 1679 1715 1622 
3 1679 1782 1715 
3 1890 1782 1852 
3 581 682 661 
3 563 661 645 
3 548 645 630 
3 630 621 536 
3 621 606 520 
3 530 456 430 
3 519 430 420 
3 510 420 413 
3 414 509 413 
3 518 414 427 
3 453 540 427 
3 453 474 569 
3 592 474 498 
3 606 592 498 
3 545 456 530 
3 591 676 642 
3 512 591 565 
3 512 489 432 
3 676 729 763 
3 350 432 410 
3 350 335 246 
3 246 229 108 
3 108 105 50 
3 55 27 50 
3 27 35 16 
3 1003 943 907 
3 1104 1042 1003 
3 907 854 819 
3 1143 1104 1208 
3 729 819 763 
3 23 11 16 
3 17 11 19 
3 28 17 26 
3 52 28 43 
3 125 52 81 
3 292 125 217 
3 399 292 348 
3 614 526 547 
3 594 505 526 
3 564 628 547 
3 644 564 574 
3 483 505 572 
3 574 573 648 
3 542 444 483 
3 647 573 559 
3 399 444 491 
3 559 545 633 
3 2107 2153 2051 
3 2160 2210 2107 
3 2248 2160 2231 
3 2289 2368 2231 
3 2289 2320 2402 
3 2355 2426 2320 
3 2464 2355 2393 
3 2488 2393 2411 
3 2434 2505 2411 
3 2472 2528 2434 
3 2546 2472 2501 
3 2109 2012 2051 
3 2541 2587 2501 
3 2622 2541 2577 
3 1950 2012 2048 
3 2582 2641 2577 
3 2582 2607 2641 
3 2572 2645 2607 
3 2572 2531 2602 
3 2492 2554 2531 
3 2492 2465 2520 
3 1890 1950 1993 
3 2453 2507 2465 
3 2461 2453 2401 
3 2251 2319 2309 
3 2270 2251 2204 
3 2373 2359 2309 
3 2417 2407 2359 
3 2212 2270 2204 
3 2211 2212 2136 
3 2059 2130 2136 
3 1976 2046 2059 
3 2046 1976 1961 
3 1868 1946 1961 
3 1846 1868 1766 
3 1739 1766 1665 
3 1633 1739 1665 
3 1391 1459 1496 
3 1606 1633 1527 
3 1606 1527 1496 
3 1459 1391 1340 
3 1295 1410 1340 
3 1245 1364 1295 
3 1313 1245 1208 
3 2477 2461 2407 
3 931 884 828 
3 931 1035 996 
3 1144 1105 1035 
3 1144 1249 1213 
3 1294 1367 1249 
3 1294 1411 1367 
3 828 884 783 
3 1474 1411 1520 
3 783 757 682 
3 1622 1572 1520 
3 1622 1715 1657 
3 1782 1816 1715 
3 1782 1890 1816 
3 682 757 661 
3 661 745 645 
3 645 736 630 
3 725 621 630 
3 711 606 621 
3 530 430 519 
3 510 519 420 
3 509 510 413 
3 518 509 414 
3 540 518 427 
3 540 453 569 
3 474 592 569 
3 701 592 606 
3 624 545 530 
3 638 676 591 
3 554 591 512 
3 469 512 432 
3 729 676 638 
3 350 367 432 
3 264 350 246 
3 112 246 108 
3 53 108 50 
3 27 25 50 
3 10 27 16 
3 973 1003 907 
3 1066 1104 1003 
3 875 907 819 
3 1104 1171 1208 
3 729 784 819 
3 11 5 16 
3 6 11 17 
3 28 15 17 
3 28 52 36 
3 66 52 125 
3 292 185 125 
3 337 292 399 
3 614 594 526 
3 628 614 547 
3 572 505 594 
3 628 564 644 
3 644 574 648 
3 542 483 572 
3 573 647 648 
3 444 542 491 
3 647 559 633 
3 434 399 491 
3 545 624 633 
3 2153 2109 2051 
3 2107 2210 2153 
3 2160 2248 2210 
3 2330 2248 2231 
3 2368 2330 2231 
3 2368 2289 2402 
3 2320 2426 2402 
3 2355 2464 2426 
3 2488 2464 2393 
3 2505 2488 2411 
3 2434 2528 2505 
3 2472 2546 2528 
3 2587 2546 2501 
3 2012 2109 2048 
3 2541 2622 2587 
3 2641 2622 2577 
3 1950 2048 1993 
3 2607 2680 2641 
3 2607 2645 2680 
3 2645 2572 2602 
3 2531 2554 2602 
3 2554 2492 2520 
3 2465 2507 2520 
3 1926 1890 1993 
3 2453 2509 2507 
3 2453 2461 2509 
3 2319 2373 2309 
3 2270 2319 2251 
3 2417 2359 2373 
3 2417 2477 2407 
3 2273 2270 2212 
3 2211 2273 2212 
3 2130 2211 2136 
3 2059 2046 2130 
3 2036 2046 1961 
3 1946 2036 1961 
3 1846 1946 1868 
3 1739 1846 1766 
3 1739 1633 1709 
3 1459 1568 1496 
3 1633 1606 1709 
3 1568 1606 1496 
3 1410 1459 1340 
3 1364 1410 1295 
3 1364 1245 1313 
3 1272 1313 1208 
3 2477 2527 2461 
3 884 931 996 
3 1035 1105 996 
3 1105 1144 1213 
3 1249 1317 1213 
3 1367 1317 1249 
3 1411 1474 1367 
3 884 861 783 
3 1572 1474 1520 
3 861 757 783 
3 1572 1622 1657 
3 1715 1754 1657 
3 1715 1816 1754 
3 1890 1926 1816 
3 757 745 661 
3 745 736 645 
3 736 725 630 
3 725 711 621 
3 701 606 711 
3 610 530 519 
3 519 510 603 
3 601 510 509 
3 604 509 518 
3 618 518 540 
3 613 540 569 
3 592 688 569 
3 701 688 592 
3 624 530 610 
3 638 591 554 
3 469 554 512 
3 386 469 432 
3 700 729 638 
3 367 386 432 
3 367 350 264 
3 112 264 246 
3 53 112 108 
3 25 53 50 
3 10 25 27 
3 5 10 16 
3 973 1066 1003 
3 875 973 907 
3 1066 1171 1104 
3 784 875 819 
3 1171 1272 1208 
3 784 729 700 
3 6 5 11 
3 15 6 17 
3 15 28 36 
3 52 66 36 
3 185 66 125 
3 185 292 337 
3 337 399 434 
3 614 687 594 
3 704 614 628 
3 674 572 594 
3 714 628 644 
3 731 644 648 
3 639 542 572 
3 647 734 648 
3 491 542 595 
3 730 647 633 
3 549 434 491 
3 624 713 633 
3 2214 2109 2153 
3 2210 2261 2153 
3 2210 2248 2306 
3 2248 2330 2306 
3 2330 2368 2443 
3 2484 2368 2402 
3 2426 2504 2402 
3 2426 2464 2532 
3 2464 2488 2574 
3 2488 2505 2592 
3 2505 2528 2596 
3 2546 2606 2528 
3 2633 2546 2587 
3 2109 2149 2048 
3 2622 2658 2587 
3 2641 2687 2622 
3 2048 2101 1993 
3 2641 2680 2687 
3 2680 2645 2732 
3 2669 2645 2602 
3 2554 2624 2602 
3 2554 2520 2580 
3 2520 2507 2561 
3 2033 1926 1993 
3 2507 2509 2564 
3 2461 2527 2509 
3 2319 2385 2373 
3 2270 2324 2319 
3 2431 2417 2373 
3 2477 2417 2491 
3 2273 2324 2270 
3 2211 2272 2273 
3 2203 2211 2130 
3 2046 2125 2130 
3 2046 2036 2125 
3 2018 2036 1946 
3 1921 1946 1846 
3 1815 1846 1739 
3 1815 1739 1709 
3 1518 1568 1459 
3 1606 1672 1709 
3 1568 1672 1606 
3 1410 1518 1459 
3 1364 1472 1410 
3 1421 1364 1313 
3 1272 1375 1313 
3 2527 2477 2543 
3 959 884 996 
3 1105 1056 996 
3 1105 1213 1168 
3 1317 1278 1213 
3 1367 1425 1317 
3 1474 1425 1367 
3 861 884 959 
3 1474 1572 1545 
3 757 861 841 
3 1572 1657 1545 
3 1754 1674 1657 
3 1816 1853 1754 
3 1926 1853 1816 
3 757 841 745 
3 745 829 736 
3 825 725 736 
3 725 820 711 
3 815 701 711 
3 610 519 603 
3 510 601 603 
3 604 601 509 
3 618 604 518 
3 613 618 540 
3 686 613 569 
3 688 686 569 
3 688 701 801 
3 706 624 610 
3 623 638 554 
3 469 539 554 
3 443 469 386 
3 623 700 638 
3 294 386 367 
3 294 367 264 
3 140 264 112 
3 53 59 112 
3 25 30 53 
3 25 10 12 
3 3 10 5 
3 1064 1066 973 
3 968 973 875 
3 1171 1066 1159 
3 784 880 875 
3 1272 1171 1253 
3 784 700 803 
3 0 5 6 
3 6 15 9 
3 21 15 36 
3 66 45 36 
3 66 185 100 
3 275 185 337 
3 379 337 434 
3 687 674 594 
3 687 614 704 
3 704 628 714 
3 650 572 674 
3 731 714 644 
3 734 731 648 
3 595 542 639 
3 650 639 572 
3 647 730 734 
3 549 491 595 
3 713 730 633 
3 549 472 434 
3 713 624 706 
3 2109 2214 2149 
3 2261 2214 2153 
3 2210 2306 2261 
3 2330 2408 2306 
3 2368 2484 2443 
3 2408 2330 2443 
3 2504 2484 2402 
3 2426 2532 2504 
3 2464 2574 2532 
3 2574 2488 2592 
3 2505 2596 2592 
3 2528 2606 2596 
3 2633 2606 2546 
3 2658 2633 2587 
3 2149 2101 2048 
3 2622 2687 2658 
3 2101 2033 1993 
3 2680 2759 2687 
3 2645 2669 2732 
3 2759 2680 2732 
3 2624 2669 2602 
3 2624 2554 2580 
3 2520 2561 2580 
3 2507 2564 2561 
3 2033 1954 1926 
3 2509 2575 2564 
3 2509 2527 2575 
3 2385 2431 2373 
3 2324 2385 2319 
3 2417 2431 2491 
3 2543 2477 2491 
3 2273 2326 2324 
3 2272 2326 2273 
3 2203 2272 2211 
3 2125 2203 2130 
3 2036 2110 2125 
3 2018 2110 2036 
3 1921 2018 1946 
3 1921 1846 1815 
3 1783 1815 1709 
3 1629 1568 1518 
3 1672 1783 1709 
3 1568 1629 1672 
3 1472 1518 1410 
3 1364 1421 1472 
3 1375 1421 1313 
3 1375 1272 1350 
3 2595 2527 2543 
3 1056 959 996 
3 1105 1168 1056 
3 1213 1278 1168 
3 1385 1278 1317 
3 1425 1385 1317 
3 1474 1545 1425 
3 861 959 938 
3 841 861 938 
3 1657 1674 1545 
3 1754 1780 1674 
3 1853 1780 1754 
3 1926 1954 1853 
3 745 841 829 
3 829 825 736 
3 725 825 820 
3 820 815 711 
3 701 815 801 
3 695 610 603 
3 603 601 691 
3 694 601 604 
3 703 604 618 
3 618 613 692 
3 692 613 686 
3 688 794 686 
3 794 688 801 
3 695 706 610 
3 539 623 554 
3 539 469 443 
3 344 443 386 
3 721 700 623 
3 294 344 386 
3 140 294 264 
3 59 140 112 
3 30 59 53 
3 30 25 12 
3 10 3 12 
3 0 3 5 
3 1066 1064 1159 
3 1064 973 968 
3 880 968 875 
3 1253 1171 1159 
3 880 784 803 
3 1350 1272 1253 
3 700 721 803 
3 4 0 6 
3 9 15 21 
3 9 4 6 
3 45 21 36 
3 45 66 100 
3 185 275 100 
3 275 337 379 
3 472 379 434 
3 687 770 674 
3 787 687 704 
3 798 704 714 
3 755 650 674 
3 802 714 731 
3 814 731 734 
3 698 595 639 
3 650 741 639 
3 734 730 816 
3 669 549 595 
3 810 730 713 
3 557 472 549 
3 799 713 706 
3 2214 2256 2149 
3 2315 2214 2261 
3 2306 2370 2261 
3 2306 2408 2370 
3 2484 2563 2443 
3 2525 2408 2443 
3 2594 2484 2504 
3 2532 2614 2504 
3 2574 2619 2532 
3 2574 2592 2713 
3 2596 2683 2592 
3 2606 2671 2596 
3 2633 2676 2606 
3 2658 2705 2633 
3 2149 2199 2101 
3 2687 2745 2658 
3 2101 2131 2033 
3 2687 2759 2745 
3 2669 2773 2732 
3 2759 2732 2812 
3 2669 2624 2695 
3 2642 2624 2580 
3 2580 2561 2610 
3 2561 2564 2605 
3 2033 2061 1954 
3 2564 2575 2618 
3 2527 2595 2575 
3 2437 2431 2385 
3 2324 2392 2385 
3 2431 2499 2491 
3 2555 2543 2491 
3 2326 2392 2324 
3 2272 2323 2326 
3 2263 2272 2203 
3 2191 2203 2125 
3 2110 2191 2125 
3 2087 2110 2018 
3 1992 2018 1921 
3 1892 1921 1815 
3 1783 1892 1815 
3 1587 1629 1518 
3 1743 1783 1672 
3 1629 1743 1672 
3 1472 1587 1518 
3 1421 1536 1472 
3 1375 1489 1421 
3 1431 1375 1350 
3 2613 2595 2543 
3 959 1056 1032 
3 1168 1128 1056 
3 1278 1232 1168 
3 1385 1334 1278 
3 1488 1385 1425 
3 1545 1488 1425 
3 959 1032 938 
3 841 938 929 
3 1674 1599 1545 
3 1674 1780 1707 
3 1853 1886 1780 
3 1954 1886 1853 
3 841 929 829 
3 920 825 829 
3 825 917 820 
3 913 815 820 
3 815 905 801 
3 695 603 691 
3 601 694 691 
3 703 694 604 
3 703 618 692 
3 790 692 686 
3 794 790 686 
3 902 794 801 
3 795 706 695 
3 629 623 539 
3 537 539 443 
3 446 443 344 
3 629 721 623 
3 344 294 205 
3 294 140 205 
3 76 140 59 
3 40 59 30 
3 20 30 12 
3 3 8 12 
3 0 2 3 
3 1064 1163 1159 
3 1071 1064 968 
3 880 977 968 
3 1256 1253 1159 
3 901 880 803 
3 1352 1350 1253 
3 721 822 803 
3 1 0 4 
3 13 9 21 
3 4 9 13 
3 45 32 21 
3 64 45 100 
3 275 174 100 
3 330 275 379 
3 472 423 379 
3 770 755 674 
3 770 687 787 
3 798 787 704 
3 802 798 714 
3 741 650 755 
3 814 802 731 
3 814 734 816 
3 698 669 595 
3 741 698 639 
3 730 810 816 
3 640 549 669 
3 799 810 713 
3 557 508 472 
3 640 557 549 
3 795 799 706 
3 2149 2256 2199 
3 2256 2214 2315 
3 2370 2315 2261 
3 2408 2483 2370 
3 2563 2525 2443 
3 2484 2594 2563 
3 2483 2408 2525 
3 2614 2594 2504 
3 2532 2619 2614 
3 2574 2727 2619 
3 2592 2683 2713 
3 2727 2574 2713 
3 2596 2671 2683 
3 2606 2676 2671 
3 2705 2676 2633 
3 2658 2745 2705 
3 2199 2131 2101 
3 2131 2061 2033 
3 2759 2820 2745 
3 2732 2773 2812 
3 2669 2695 2773 
3 2820 2759 2812 
3 2624 2642 2695 
3 2642 2580 2610 
3 2610 2561 2605 
3 2564 2618 2605 
3 2061 1991 1954 
3 2575 2638 2618 
3 2575 2595 2638 
3 2499 2431 2437 
3 2392 2437 2385 
3 2499 2555 2491 
3 2555 2613 2543 
3 2326 2391 2392 
3 2323 2391 2326 
3 2263 2323 2272 
3 2191 2263 2203 
3 2110 2177 2191 
3 2087 2177 2110 
3 1992 2087 2018 
3 1892 1992 1921 
3 1783 1854 1892 
3 1699 1629 1587 
3 1854 1783 1743 
3 1629 1699 1743 
3 1536 1587 1472 
3 1489 1536 1421 
3 1375 1431 1489 
3 1444 1431 1350 
3 2595 2613 2659 
3 1056 1128 1032 
3 1168 1232 1128 
3 1278 1334 1232 
3 1385 1435 1334 
3 1435 1385 1488 
3 1545 1599 1488 
3 1032 1023 938 
3 938 1023 929 
3 1674 1707 1599 
3 1780 1811 1707 
3 1886 1811 1780 
3 1954 1991 1886 
3 929 920 829 
3 917 825 920 
3 917 913 820 
3 905 815 913 
3 905 902 801 
3 791 695 691 
3 694 793 691 
3 796 694 703 
3 792 703 692 
3 790 792 692 
3 900 790 794 
3 902 900 794 
3 791 795 695 
3 537 629 539 
3 446 537 443 
3 446 344 361 
3 735 721 629 
3 361 344 205 
3 140 76 205 
3 40 76 59 
3 20 40 30 
3 8 20 12 
3 2 8 3 
3 2 0 1 
3 1163 1256 1159 
3 1163 1064 1071 
3 977 1071 968 
3 901 977 880 
3 1256 1352 1253 
3 822 901 803 
3 1352 1444 1350 
3 735 822 721 
3 7 1 4 
3 32 13 21 
3 7 4 13 
3 32 45 64 
3 174 64 100 
3 275 330 174 
3 423 330 379 
3 508 423 472 
3 770 859 755 
3 871 770 787 
3 888 787 798 
3 899 798 802 
3 837 741 755 
3 802 814 877 
3 886 814 816 
3 698 769 669 
3 811 698 741 
3 810 893 816 
3 744 640 669 
3 810 799 885 
3 600 508 557 
3 600 557 640 
3 883 799 795 
3 2256 2304 2199 
3 2366 2256 2315 
3 2370 2423 2315 
3 2483 2423 2370 
3 2563 2650 2525 
3 2594 2701 2563 
3 2599 2483 2525 
3 2594 2614 2728 
3 2619 2735 2614 
3 2727 2735 2619 
3 2683 2832 2713 
3 2866 2727 2713 
3 2671 2787 2683 
3 2676 2774 2671 
3 2774 2676 2705 
3 2745 2803 2705 
3 2199 2233 2131 
3 2131 2170 2061 
3 2745 2820 2803 
3 2773 2854 2812 
3 2773 2695 2796 
3 2820 2812 2876 
3 2695 2642 2721 
3 2642 2610 2662 
3 2610 2605 2644 
3 2605 2618 2648 
3 2099 1991 2061 
3 2638 2666 2618 
3 2638 2595 2659 
3 2500 2499 2437 
3 2392 2438 2437 
3 2499 2562 2555 
3 2625 2613 2555 
3 2391 2438 2392 
3 2391 2323 2381 
3 2312 2323 2263 
3 2243 2263 2191 
3 2177 2243 2191 
3 2087 2145 2177 
3 2056 2087 1992 
3 1958 1992 1892 
3 1854 1958 1892 
3 1648 1699 1587 
3 1806 1854 1743 
3 1699 1806 1743 
3 1648 1587 1536 
3 1489 1592 1536 
3 1431 1523 1489 
3 1444 1523 1431 
3 2613 2678 2659 
3 1128 1117 1032 
3 1232 1216 1128 
3 1232 1334 1310 
3 1334 1435 1395 
3 1435 1488 1533 
3 1488 1599 1533 
3 1117 1023 1032 
3 1023 1019 929 
3 1599 1707 1628 
3 1811 1733 1707 
3 1811 1886 1916 
3 1886 1991 1916 
3 929 1019 920 
3 1013 917 920 
3 917 1011 913 
3 1009 905 913 
3 1002 902 905 
3 793 791 691 
3 796 793 694 
3 792 796 703 
3 894 792 790 
3 900 894 790 
3 999 900 902 
3 887 795 791 
3 636 629 537 
3 546 537 446 
3 475 446 361 
3 636 735 629 
3 237 361 205 
3 76 237 205 
3 92 76 40 
3 40 20 54 
3 20 8 34 
3 8 2 22 
3 18 2 1 
3 1163 1259 1256 
3 1166 1163 1071 
3 977 1072 1071 
3 987 977 901 
3 1355 1352 1256 
3 930 901 822 
3 1352 1451 1444 
3 822 735 833 
3 7 14 1 
3 32 24 13 
3 24 7 13 
3 47 32 64 
3 174 106 64 
3 330 271 174 
3 330 423 372 
3 462 423 508 
3 859 837 755 
3 859 770 871 
3 888 871 787 
3 888 798 899 
3 899 802 877 
3 837 811 741 
3 814 886 877 
3 893 886 816 
3 769 744 669 
3 698 811 769 
3 893 810 885 
3 744 696 640 
3 799 883 885 
3 561 508 600 
3 696 600 640 
3 883 795 887 
3 2304 2233 2199 
3 2304 2256 2366 
3 2423 2366 2315 
3 2423 2483 2542 
3 2650 2599 2525 
3 2563 2701 2650 
3 2594 2728 2701 
3 2483 2599 2542 
3 2614 2735 2728 
3 2735 2727 2883 
3 2832 2866 2713 
3 2787 2832 2683 
3 2727 2866 2883 
3 2774 2787 2671 
3 2803 2774 2705 
3 2233 2170 2131 
3 2170 2099 2061 
3 2820 2875 2803 
3 2812 2854 2876 
3 2854 2773 2796 
3 2695 2721 2796 
3 2875 2820 2876 
3 2642 2662 2721 
3 2662 2610 2644 
3 2605 2648 2644 
3 2618 2666 2648 
3 1991 2099 2024 
3 2638 2715 2666 
3 2715 2638 2659 
3 2562 2499 2500 
3 2438 2500 2437 
3 2562 2625 2555 
3 2613 2625 2678 
3 2391 2429 2438 
3 2323 2312 2381 
3 2429 2391 2381 
3 2243 2312 2263 
3 2243 2177 2234 
3 2177 2145 2234 
3 2145 2087 2056 
3 1958 2056 1992 
3 1918 1958 1854 
3 1755 1699 1648 
3 1806 1918 1854 
3 1755 1806 1699 
3 1592 1648 1536 
3 1523 1592 1489 
3 1541 1523 1444 
3 2659 2678 2753 
3 1216 1117 1128 
3 1232 1310 1216 
3 1334 1395 1310 
3 1435 1478 1395 
3 1435 1533 1478 
3 1599 1628 1533 
3 1117 1112 1023 
3 1023 1112 1019 
3 1707 1733 1628 
3 1811 1840 1733 
3 1840 1811 1916 
3 1991 2024 1916 
3 1019 1013 920 
3 1013 1011 917 
3 1011 1009 913 
3 1002 905 1009 
3 1002 999 902 
3 891 791 793 
3 892 793 796 
3 895 796 792 
3 894 895 792 
3 992 894 900 
3 999 992 900 
3 891 887 791 
3 546 636 537 
3 475 546 446 
3 408 475 361 
3 742 735 636 
3 408 361 237 
3 76 92 237 
3 92 40 54 
3 54 20 34 
3 34 8 22 
3 2 18 22 
3 14 18 1 
3 1259 1355 1256 
3 1259 1163 1166 
3 1072 1166 1071 
3 1072 977 987 
3 930 987 901 
3 1355 1451 1352 
3 930 822 833 
3 1451 1541 1444 
3 735 742 833 
3 29 14 7 
3 24 32 47 
3 24 29 7 
3 106 47 64 
3 271 106 174 
3 271 330 372 
3 423 462 372 
3 561 462 508 
3 837 859 936 
3 957 859 871 
3 888 971 871 
3 1000 888 899 
3 954 899 877 
3 912 811 837 
3 886 963 877 
3 969 886 893 
3 843 744 769 
3 769 811 873 
3 972 893 885 
3 696 744 808 
3 883 974 885 
3 665 561 600 
3 696 665 600 
3 978 883 887 
3 2304 2332 2233 
3 2405 2304 2366 
3 2423 2481 2366 
3 2423 2542 2481 
3 2744 2599 2650 
3 2701 2826 2650 
3 2728 2870 2701 
3 2599 2653 2542 
3 2735 2882 2728 
3 2882 2735 2883 
3 2866 2832 2907 
3 2787 2884 2832 
3 2866 2928 2883 
3 2787 2774 2848 
3 2774 2803 2858 
3 2170 2233 2274 
3 2201 2099 2170 
3 2803 2875 2858 
3 2854 2919 2876 
3 2854 2796 2878 
3 2796 2721 2818 
3 2929 2875 2876 
3 2721 2662 2738 
3 2662 2644 2686 
3 2644 2648 2677 
3 2666 2706 2648 
3 2099 2122 2024 
3 2666 2715 2756 
3 2715 2659 2753 
3 2557 2562 2500 
3 2494 2500 2438 
3 2625 2562 2632 
3 2625 2693 2678 
3 2429 2494 2438 
3 2312 2349 2381 
3 2416 2429 2381 
3 2313 2312 2243 
3 2313 2243 2234 
3 2145 2215 2234 
3 2145 2056 2124 
3 2027 2056 1958 
3 1918 2027 1958 
3 1755 1648 1700 
3 1863 1918 1806 
3 1863 1806 1755 
3 1700 1648 1592 
3 1523 1626 1592 
3 1541 1626 1523 
3 2678 2778 2753 
3 1212 1117 1216 
3 1310 1300 1216 
3 1395 1392 1310 
3 1395 1478 1392 
3 1533 1558 1478 
3 1628 1558 1533 
3 1117 1212 1112 
3 1112 1111 1019 
3 1733 1658 1628 
3 1840 1757 1733 
3 1944 1840 1916 
3 2024 1944 1916 
3 1111 1013 1019 
3 1013 1110 1011 
3 1011 1108 1009 
3 1106 1002 1009 
3 1102 999 1002 
3 892 891 793 
3 895 892 796 
3 895 894 991 
3 894 992 991 
3 992 999 1097 
3 891 982 887 
3 634 636 546 
3 546 475 524 
3 475 408 524 
3 634 742 636 
3 299 408 237 
3 92 299 237 
3 262 92 54 
3 187 54 34 
3 113 34 22 
3 18 74 22 
3 18 14 48 
3 1355 1259 1354 
3 1254 1259 1166 
3 1072 1160 1166 
3 1062 1072 987 
3 1062 987 930 
3 1452 1451 1355 
3 939 930 833 
3 1451 1550 1541 
3 742 838 833 
3 83 14 29 
3 61 24 47 
3 29 24 61 
3 106 79 47 
3 271 208 106 
3 334 271 372 
3 462 419 372 
3 513 462 561 
3 936 859 957 
3 912 837 936 
3 971 957 871 
3 888 1000 971 
3 1026 1000 899 
3 1026 899 954 
3 963 954 877 
3 811 912 873 
3 969 963 886 
3 969 893 972 
3 744 843 808 
3 843 769 873 
3 974 972 885 
3 766 696 808 
3 978 974 883 
3 665 615 561 
3 766 665 696 
3 982 978 887 
3 2233 2332 2274 
3 2405 2332 2304 
3 2481 2405 2366 
3 2542 2589 2481 
3 2599 2744 2653 
3 2826 2744 2650 
3 2870 2826 2701 
3 2882 2870 2728 
3 2542 2653 2589 
3 2937 2882 2883 
3 2832 2884 2907 
3 2928 2866 2907 
3 2884 2787 2848 
3 2928 2937 2883 
3 2774 2858 2848 
3 2201 2170 2274 
3 2099 2201 2122 
3 2875 2914 2858 
3 2919 2929 2876 
3 2854 2878 2919 
3 2796 2818 2878 
3 2721 2738 2818 
3 2875 2929 2914 
3 2738 2662 2686 
3 2686 2644 2677 
3 2648 2706 2677 
3 2706 2666 2756 
3 2122 2039 2024 
3 2715 2814 2756 
3 2715 2753 2814 
3 2562 2557 2632 
3 2494 2557 2500 
3 2693 2625 2632 
3 2678 2693 2778 
3 2485 2494 2429 
3 2349 2416 2381 
3 2312 2313 2349 
3 2485 2429 2416 
3 2300 2313 2234 
3 2215 2300 2234 
3 2215 2145 2124 
3 2056 2027 2124 
3 2027 1918 1977 
3 1801 1755 1700 
3 1918 1863 1977 
3 1801 1863 1755 
3 1626 1700 1592 
3 1644 1626 1541 
3 2778 2842 2753 
3 1300 1212 1216 
3 1392 1300 1310 
3 1478 1491 1392 
3 1558 1574 1478 
3 1628 1658 1558 
3 1212 1207 1112 
3 1112 1207 1111 
3 1733 1757 1658 
3 1840 1858 1757 
3 1840 1944 1858 
3 2024 2039 1944 
3 1111 1110 1013 
3 1011 1110 1108 
3 1108 1106 1009 
3 1106 1102 1002 
3 999 1102 1097 
3 984 891 892 
3 986 892 895 
3 986 895 991 
3 992 1090 991 
3 1090 992 1097 
3 982 891 984 
3 634 546 524 
3 408 523 524 
3 740 742 634 
3 409 408 299 
3 299 92 262 
3 187 262 54 
3 113 187 34 
3 74 113 22 
3 74 18 48 
3 14 83 48 
3 1354 1259 1254 
3 1452 1355 1354 
3 1160 1254 1166 
3 1062 1160 1072 
3 1041 1062 930 
3 1452 1550 1451 
3 939 1041 930 
3 838 939 833 
3 1550 1644 1541 
3 838 742 740 
3 212 83 29 
3 79 61 47 
3 212 29 61 
3 208 79 106 
3 208 271 334 
3 419 334 372 
3 462 513 419 
3 615 513 561 
3 1034 936 957 
3 1014 912 936 
3 1053 957 971 
3 971 1000 1080 
3 1103 1000 1026 
3 1040 1026 954 
3 963 1040 954 
3 912 979 873 
3 969 1051 963 
3 1058 969 972 
3 843 916 808 
3 947 843 873 
3 974 1063 972 
3 869 766 808 
3 1074 974 978 
3 727 615 665 
3 766 727 665 
3 1077 978 982 
3 2332 2367 2274 
3 2405 2430 2332 
3 2512 2405 2481 
3 2589 2512 2481 
3 2744 2763 2653 
3 2826 2838 2744 
3 2826 2870 2900 
3 2882 2938 2870 
3 2653 2679 2589 
3 2882 2937 2938 
3 2884 2905 2907 
3 2916 2928 2907 
3 2903 2884 2848 
3 2928 2920 2937 
3 2858 2903 2848 
3 2301 2201 2274 
3 2201 2220 2122 
3 2858 2914 2903 
3 2929 2919 2933 
3 2919 2878 2931 
3 2878 2818 2888 
3 2818 2738 2816 
3 2914 2929 2927 
3 2738 2686 2742 
3 2718 2686 2677 
3 2706 2725 2677 
3 2782 2706 2756 
3 2122 2134 2039 
3 2814 2841 2756 
3 2753 2842 2814 
3 2557 2630 2632 
3 2549 2557 2494 
3 2699 2693 2632 
3 2693 2786 2778 
3 2485 2549 2494 
3 2400 2416 2349 
3 2313 2400 2349 
3 2467 2485 2416 
3 2374 2313 2300 
3 2215 2268 2300 
3 2183 2215 2124 
3 2027 2085 2124 
3 2085 2027 1977 
3 1716 1801 1700 
3 1863 1910 1977 
3 1801 1910 1863 
3 1626 1716 1700 
3 1644 1734 1626 
3 2778 2860 2842 
3 1212 1300 1301 
3 1393 1300 1392 
3 1491 1393 1392 
3 1478 1574 1491 
3 1558 1658 1574 
3 1207 1212 1301 
3 1207 1210 1111 
3 1757 1671 1658 
3 1757 1858 1771 
3 1944 1952 1858 
3 1944 2039 1952 
3 1210 1110 1111 
3 1110 1211 1108 
3 1203 1106 1108 
3 1106 1199 1102 
3 1102 1194 1097 
3 986 984 892 
3 1088 986 991 
3 1090 1088 991 
3 1193 1090 1097 
3 982 984 1083 
3 627 634 524 
3 523 627 524 
3 523 408 409 
3 740 634 627 
3 409 299 262 
3 389 262 187 
3 362 187 113 
3 74 328 113 
3 273 74 48 
3 83 273 48 
3 1349 1354 1254 
3 1447 1452 1354 
3 1160 1248 1254 
3 1160 1062 1147 
3 1062 1041 1147 
3 1550 1452 1549 
3 1031 1041 939 
3 939 838 932 
3 1646 1644 1550 
3 831 838 740 
3 83 212 300 
3 120 61 79 
3 120 212 61 
3 208 285 79 
3 390 208 334 
3 419 390 334 
3 513 484 419 
3 576 513 615 
3 1034 1014 936 
3 1053 1034 957 
3 979 912 1014 
3 1053 971 1080 
3 1000 1103 1080 
3 1122 1103 1026 
3 1040 1122 1026 
3 1051 1040 963 
3 979 947 873 
3 1051 969 1058 
3 1063 1058 972 
3 916 869 808 
3 843 947 916 
3 1074 1063 974 
3 766 869 835 
3 1077 1074 978 
3 727 675 615 
3 727 766 835 
3 1077 982 1083 
3 2367 2301 2274 
3 2430 2367 2332 
3 2405 2512 2430 
3 2617 2512 2589 
3 2763 2679 2653 
3 2744 2838 2763 
3 2826 2900 2838 
3 2870 2938 2900 
3 2679 2617 2589 
3 2937 2925 2938 
3 2905 2902 2907 
3 2903 2905 2884 
3 2916 2920 2928 
3 2902 2916 2907 
3 2937 2920 2925 
3 2220 2201 2301 
3 2220 2134 2122 
3 2903 2914 2913 
3 2933 2919 2931 
3 2929 2933 2927 
3 2878 2888 2931 
3 2888 2818 2816 
3 2738 2742 2816 
3 2913 2914 2927 
3 2686 2718 2742 
3 2725 2718 2677 
3 2706 2782 2725 
3 2841 2782 2756 
3 2039 2134 2047 
3 2841 2814 2893 
3 2814 2842 2893 
3 2630 2699 2632 
3 2630 2557 2549 
3 2693 2699 2786 
3 2778 2786 2860 
3 2521 2549 2485 
3 2400 2467 2416 
3 2313 2374 2400 
3 2521 2485 2467 
3 2337 2374 2300 
3 2268 2337 2300 
3 2183 2268 2215 
3 2085 2183 2124 
3 2035 2085 1977 
3 1801 1716 1827 
3 1910 2035 1977 
3 1910 1801 1827 
3 1626 1734 1716 
3 1745 1734 1644 
3 2842 2860 2923 
3 1300 1393 1301 
3 1495 1393 1491 
3 1574 1584 1491 
3 1658 1671 1574 
3 1303 1207 1301 
3 1207 1303 1210 
3 1671 1757 1771 
3 1858 1871 1771 
3 1952 1871 1858 
3 1952 2039 2047 
3 1110 1210 1211 
3 1211 1203 1108 
3 1203 1199 1106 
3 1199 1194 1102 
3 1194 1193 1097 
3 984 986 1085 
3 986 1088 1085 
3 1188 1088 1090 
3 1188 1090 1193 
3 1083 984 1085 
3 619 627 523 
3 506 523 409 
3 732 740 627 
3 389 409 262 
3 362 389 187 
3 328 362 113 
3 273 328 74 
3 273 83 300 
3 1349 1447 1354 
3 1248 1349 1254 
3 1549 1452 1447 
3 1248 1160 1147 
3 1041 1133 1147 
3 1646 1550 1549 
3 1031 1133 1041 
3 1031 939 932 
3 932 838 831 
3 1646 1745 1644 
3 732 831 740 
3 212 397 300 
3 285 120 79 
3 351 212 120 
3 392 285 208 
3 392 208 390 
3 484 390 419 
3 576 484 513 
3 675 576 615 
3 1014 1034 1118 
3 1053 1137 1034 
3 1091 979 1014 
3 1154 1053 1080 
3 1103 1182 1080 
3 1198 1103 1122 
3 1122 1040 1130 
3 1130 1040 1051 
3 947 979 1052 
3 1145 1051 1058 
3 1063 1149 1058 
3 980 869 916 
3 947 1024 916 
3 1162 1063 1074 
3 869 942 835 
3 1172 1074 1077 
3 786 675 727 
3 786 727 835 
3 1178 1077 1083 
3 2367 2396 2301 
3 2430 2463 2367 
3 2512 2533 2430 
3 2617 2533 2512 
3 2771 2679 2763 
3 2838 2828 2763 
3 2900 2874 2838 
3 2938 2918 2900 
3 2679 2704 2617 
3 2925 2918 2938 
3 2902 2905 2887 
3 2903 2913 2905 
3 2920 2916 2897 
3 2916 2902 2897 
3 2925 2920 2899 
3 2314 2220 2301 
3 2220 2232 2134 
3 2933 2931 2926 
3 2927 2933 2908 
3 2931 2888 2924 
3 2868 2888 2816 
3 2816 2742 2800 
3 2913 2927 2889 
3 2742 2718 2739 
3 2718 2725 2730 
3 2725 2782 2776 
3 2782 2841 2845 
3 2134 2144 2047 
3 2915 2841 2893 
3 2842 2923 2893 
3 2699 2630 2694 
3 2630 2549 2627 
3 2699 2790 2786 
3 2786 2867 2860 
3 2521 2568 2549 
3 2435 2467 2400 
3 2374 2435 2400 
3 2502 2521 2467 
3 2337 2414 2374 
3 2311 2337 2268 
3 2229 2268 2183 
3 2183 2085 2137 
3 2137 2085 2035 
3 1716 1734 1827 
3 1910 1984 2035 
3 1934 1910 1827 
3 1734 1745 1841 
3 2923 2860 2932 
3 1393 1399 1301 
3 1393 1495 1399 
3 1584 1495 1491 
3 1574 1671 1584 
3 1399 1303 1301 
3 1303 1305 1210 
3 1683 1671 1771 
3 1771 1871 1781 
3 1871 1952 1966 
3 1952 2047 1966 
3 1210 1305 1211 
3 1304 1203 1211 
3 1298 1199 1203 
3 1292 1194 1199 
3 1194 1290 1193 
3 1088 1186 1085 
3 1188 1186 1088 
3 1288 1188 1193 
3 1183 1083 1085 
3 619 732 627 
3 506 619 523 
3 389 506 409 
3 487 389 362 
3 362 328 460 
3 439 328 273 
3 416 273 300 
3 1440 1447 1349 
3 1248 1337 1349 
3 1539 1549 1447 
3 1237 1248 1147 
3 1133 1237 1147 
3 1639 1646 1549 
3 1031 1124 1133 
3 1025 1031 932 
3 924 932 831 
3 1746 1745 1646 
3 831 732 823 
3 397 416 300 
3 351 397 212 
3 285 351 120 
3 392 431 285 
3 486 392 390 
3 484 486 390 
3 484 576 568 
3 576 675 666 
3 1034 1137 1118 
3 1091 1014 1118 
3 1137 1053 1154 
3 979 1091 1052 
3 1182 1154 1080 
3 1103 1198 1182 
3 1198 1122 1217 
3 1217 1122 1130 
3 1145 1130 1051 
3 1024 947 1052 
3 1149 1145 1058 
3 1162 1149 1063 
3 942 869 980 
3 1024 980 916 
3 1172 1162 1074 
3 942 903 835 
3 1178 1172 1077 
3 761 675 786 
3 903 786 835 
3 1183 1178 1083 
3 2396 2314 2301 
3 2463 2396 2367 
3 2430 2533 2463 
3 2617 2634 2533 
3 2771 2704 2679 
3 2828 2771 2763 
3 2874 2828 2838 
3 2918 2874 2900 
3 2704 2634 2617 
3 2918 2925 2895 
3 2905 2913 2887 
3 2877 2902 2887 
3 2920 2897 2899 
3 2902 2877 2897 
3 2925 2899 2895 
3 2220 2314 2232 
3 2232 2144 2134 
3 2931 2924 2926 
3 2908 2933 2926 
3 2927 2908 2889 
3 2888 2868 2924 
3 2868 2816 2800 
3 2800 2742 2739 
3 2913 2889 2887 
3 2718 2730 2739 
3 2725 2776 2730 
3 2782 2845 2776 
3 2841 2915 2845 
3 2144 2064 2047 
3 2943 2915 2893 
3 2923 2943 2893 
3 2630 2627 2694 
3 2790 2699 2694 
3 2549 2568 2627 
3 2786 2790 2867 
3 2860 2867 2932 
3 2560 2568 2521 
3 2435 2502 2467 
3 2414 2435 2374 
3 2502 2560 2521 
3 2414 2337 2397 
3 2337 2311 2397 
3 2229 2311 2268 
3 2229 2183 2137 
3 2094 2137 2035 
3 1734 1841 1827 
3 1984 2094 2035 
3 1910 1934 1984 
3 1841 1934 1827 
3 1745 1844 1841 
3 2948 2923 2932 
3 1495 1499 1399 
3 1590 1495 1584 
3 1671 1683 1584 
3 1303 1399 1402 
3 1305 1303 1402 
3 1683 1771 1781 
3 1871 1880 1781 
3 1880 1871 1966 
3 2047 2064 1966 
3 1305 1304 1211 
3 1304 1298 1203 
3 1298 1292 1199 
3 1194 1292 1290 
3 1290 1288 1193 
3 1186 1183 1085 
3 1186 1188 1283 
3 1188 1288 1283 
3 708 732 619 
3 619 506 598 
3 487 506 389 
3 487 362 460 
3 328 439 460 
3 439 273 416 
3 1440 1539 1447 
3 1337 1440 1349 
3 1237 1337 1248 
3 1539 1639 1549 
3 1225 1237 1133 
3 1740 1646 1639 
3 1124 1225 1133 
3 1124 1031 1025 
3 924 1025 932 
3 924 831 823 
3 1746 1844 1745 
3 1740 1746 1646 
3 732 708 823 
3 397 500 416 
3 473 397 351 
3 431 351 285 
3 431 392 515 
3 392 486 515 
3 486 484 568 
3 568 576 666 
3 675 761 666 
3 1137 1218 1118 
3 1195 1091 1118 
3 1235 1137 1154 
3 1091 1165 1052 
3 1257 1154 1182 
3 1198 1282 1182 
3 1293 1198 1217 
3 1229 1217 1130 
3 1145 1229 1130 
3 1127 1024 1052 
3 1239 1145 1149 
3 1162 1247 1149 
3 942 980 1048 
3 980 1024 1096 
3 1258 1162 1172 
3 903 942 1015 
3 1269 1172 1178 
3 868 761 786 
3 903 868 786 
3 1183 1276 1178 
3 2396 2409 2314 
3 2463 2482 2396 
3 2533 2550 2463 
3 2533 2634 2550 
3 2771 2752 2704 
3 2828 2806 2771 
3 2828 2874 2851 
3 2918 2880 2874 
3 2704 2688 2634 
3 2880 2918 2895 
3 2865 2877 2887 
3 2897 2872 2899 
3 2877 2872 2897 
3 2899 2869 2895 
3 2314 2327 2232 
3 2240 2144 2232 
3 2924 2906 2926 
3 2890 2908 2926 
3 2908 2871 2889 
3 2868 2896 2924 
3 2843 2868 2800 
3 2800 2739 2772 
3 2889 2865 2887 
3 2730 2736 2739 
3 2730 2776 2764 
3 2776 2845 2830 
3 2845 2915 2910 
3 2144 2159 2064 
3 2915 2943 2945 
3 2923 2948 2943 
3 2627 2692 2694 
3 2795 2790 2694 
3 2568 2626 2627 
3 2790 2885 2867 
3 2867 2941 2932 
3 2560 2626 2568 
3 2489 2502 2435 
3 2414 2489 2435 
3 2502 2551 2560 
3 2473 2414 2397 
3 2311 2361 2397 
3 2278 2311 2229 
3 2188 2229 2137 
3 2094 2188 2137 
3 2094 1984 2020 
3 2020 1984 1934 
3 1940 1934 1841 
3 1844 1940 1841 
3 2955 2948 2932 
3 1399 1499 1402 
3 1590 1499 1495 
3 1683 1590 1584 
3 1405 1305 1402 
3 1683 1781 1691 
3 1781 1880 1788 
3 1880 1966 1974 
3 1966 2064 1974 
3 1304 1305 1405 
3 1400 1298 1304 
3 1298 1394 1292 
3 1292 1390 1290 
3 1386 1288 1290 
3 1281 1183 1186 
3 1281 1186 1283 
3 1288 1382 1283 
3 708 619 598 
3 506 487 598 
3 577 487 460 
3 439 551 460 
3 528 439 416 
3 1539 1440 1529 
3 1430 1440 1337 
3 1328 1337 1237 
3 1631 1639 1539 
3 1225 1328 1237 
3 1732 1740 1639 
3 1225 1124 1215 
3 1113 1124 1025 
3 1025 924 1012 
3 906 924 823 
3 1842 1844 1746 
3 1740 1842 1746 
3 708 804 823 
3 500 528 416 
3 473 500 397 
3 431 473 351 
3 555 431 515 
3 486 596 515 
3 596 486 568 
3 677 568 666 
3 761 762 666 
3 1218 1195 1118 
3 1218 1137 1235 
3 1165 1091 1195 
3 1257 1235 1154 
3 1165 1127 1052 
3 1282 1257 1182 
3 1282 1198 1293 
3 1314 1293 1217 
3 1314 1217 1229 
3 1229 1145 1239 
3 1024 1127 1096 
3 1247 1239 1149 
3 1247 1162 1258 
3 1048 980 1096 
3 1015 942 1048 
3 1269 1258 1172 
3 966 903 1015 
3 1276 1269 1178 
3 858 761 868 
3 966 868 903 
3 1183 1281 1276 
3 2314 2409 2327 
3 2396 2482 2409 
3 2550 2482 2463 
3 2550 2634 2631 
3 2752 2688 2704 
3 2806 2752 2771 
3 2806 2828 2851 
3 2874 2880 2851 
3 2634 2688 2631 
3 2863 2880 2895 
3 2877 2865 2857 
3 2899 2872 2869 
3 2872 2877 2857 
3 2869 2863 2895 
3 2327 2240 2232 
3 2159 2144 2240 
3 2906 2890 2926 
3 2896 2906 2924 
3 2890 2871 2908 
3 2889 2871 2864 
3 2868 2843 2896 
3 2843 2800 2772 
3 2739 2736 2772 
3 2865 2889 2864 
3 2736 2730 2764 
3 2776 2830 2764 
3 2845 2910 2830 
3 2910 2915 2945 
3 2064 2159 2072 
3 2943 2956 2945 
3 2943 2948 2956 
3 2692 2795 2694 
3 2626 2692 2627 
3 2790 2795 2885 
3 2867 2885 2941 
3 2941 2955 2932 
3 2620 2626 2560 
3 2551 2502 2489 
3 2473 2489 2414 
3 2551 2620 2560 
3 2439 2473 2397 
3 2361 2439 2397 
3 2278 2361 2311 
3 2278 2229 2188 
3 2094 2116 2188 
3 2116 2094 2020 
3 1940 2020 1934 
3 1941 1940 1844 
3 2948 2955 2964 
3 1499 1501 1402 
3 1590 1598 1499 
3 1590 1683 1691 
3 1501 1405 1402 
3 1781 1788 1691 
3 1880 1882 1788 
3 1882 1880 1974 
3 2064 2072 1974 
3 1400 1304 1405 
3 1400 1394 1298 
3 1394 1390 1292 
3 1390 1386 1290 
3 1382 1288 1386 
3 1377 1281 1283 
3 1382 1377 1283 
3 708 598 683 
3 487 577 598 
3 551 577 460 
3 528 551 439 
3 1440 1430 1529 
3 1631 1539 1529 
3 1328 1430 1337 
3 1631 1732 1639 
3 1328 1225 1316 
3 1838 1740 1732 
3 1124 1113 1215 
3 1316 1225 1215 
3 1113 1025 1012 
3 1012 924 906 
3 804 906 823 
3 1842 1941 1844 
3 1838 1842 1740 
3 804 708 788 
3 528 500 612 
3 584 500 473 
3 555 473 431 
3 632 555 515 
3 596 632 515 
3 677 596 568 
3 762 677 666 
3 858 762 761 
3 1195 1218 1296 
3 1218 1235 1318 
3 1275 1165 1195 
3 1257 1336 1235 
3 1238 1127 1165 
3 1257 1282 1361 
3 1381 1282 1293 
3 1396 1293 1314 
3 1327 1314 1229 
3 1327 1229 1239 
3 1127 1209 1096 
3 1335 1239 1247 
3 1347 1247 1258 
3 1164 1048 1096 
3 1125 1015 1048 
3 1359 1258 1269 
3 1087 966 1015 
3 1269 1276 1370 
3 948 858 868 
3 948 868 966 
3 1276 1281 1373 
3 2409 2421 2327 
3 2409 2482 2493 
3 2550 2566 2482 
3 2566 2550 2631 
3 2688 2752 2723 
3 2806 2779 2752 
3 2823 2806 2851 
3 2880 2850 2851 
3 2688 2657 2631 
3 2880 2863 2850 
3 2865 2844 2857 
3 2872 2849 2869 
3 2872 2857 2849 
3 2863 2869 2846 
3 2240 2327 2335 
3 2253 2159 2240 
3 2890 2906 2873 
3 2906 2896 2881 
3 2871 2890 2859 
3 2871 2847 2864 
3 2896 2843 2861 
3 2797 2843 2772 
3 2772 2736 2737 
3 2844 2865 2864 
3 2736 2764 2743 
3 2764 2830 2807 
3 2830 2910 2879 
3 2910 2945 2942 
3 2159 2167 2072 
3 2945 2956 2952 
3 2948 2964 2956 
3 2802 2795 2692 
3 2626 2691 2692 
3 2795 2901 2885 
3 2885 2949 2941 
3 2955 2941 2966 
3 2626 2620 2691 
3 2551 2489 2539 
3 2489 2473 2539 
3 2612 2620 2551 
3 2473 2439 2516 
3 2439 2361 2394 
3 2361 2278 2303 
3 2206 2278 2188 
3 2116 2206 2188 
3 2030 2116 2020 
3 2030 2020 1940 
3 1941 2030 1940 
3 2955 2970 2964 
3 1598 1501 1499 
3 1598 1590 1691 
3 1501 1500 1405 
3 1691 1788 1695 
3 1788 1882 1792 
3 1979 1882 1974 
3 2072 1979 1974 
3 1500 1400 1405 
3 1498 1394 1400 
3 1493 1390 1394 
3 1390 1485 1386 
3 1476 1382 1386 
3 1373 1281 1377 
3 1382 1473 1377 
3 598 577 683 
3 788 708 683 
3 667 577 551 
3 551 528 641 
3 1430 1515 1529 
3 1617 1631 1529 
3 1415 1430 1328 
3 1721 1732 1631 
3 1415 1328 1316 
3 1830 1838 1732 
3 1113 1200 1215 
3 1302 1316 1215 
3 1100 1113 1012 
3 997 1012 906 
3 804 896 906 
3 1941 1842 1936 
3 1842 1838 1936 
3 896 804 788 
3 500 584 612 
3 641 528 612 
3 555 584 473 
3 668 555 632 
3 709 632 596 
3 677 709 596 
3 779 677 762 
3 864 762 858 
3 1296 1218 1318 
3 1275 1195 1296 
3 1235 1336 1318 
3 1275 1238 1165 
3 1336 1257 1361 
3 1238 1209 1127 
3 1282 1381 1361 
3 1396 1381 1293 
3 1412 1396 1314 
3 1412 1314 1327 
3 1335 1327 1239 
3 1209 1164 1096 
3 1347 1335 1247 
3 1359 1347 1258 
3 1164 1125 1048 
3 1125 1087 1015 
3 1359 1269 1370 
3 1049 966 1087 
3 1370 1276 1373 
3 858 948 944 
3 1049 948 966 
3 2327 2421 2335 
3 2421 2409 2493 
3 2482 2566 2493 
3 2581 2566 2631 
3 2752 2779 2723 
3 2688 2723 2657 
3 2823 2779 2806 
3 2850 2823 2851 
3 2657 2581 2631 
3 2850 2863 2834 
3 2844 2831 2857 
3 2869 2849 2846 
3 2857 2831 2849 
3 2834 2863 2846 
3 2253 2240 2335 
3 2167 2159 2253 
3 2873 2906 2881 
3 2890 2873 2859 
3 2896 2861 2881 
3 2847 2871 2859 
3 2847 2844 2864 
3 2843 2797 2861 
3 2797 2772 2737 
3 2737 2736 2743 
3 2764 2807 2743 
3 2830 2879 2807 
3 2879 2910 2942 
3 2945 2952 2942 
3 2167 2074 2072 
3 2956 2963 2952 
3 2956 2964 2963 
3 2795 2802 2901 
3 2691 2802 2692 
3 2885 2901 2949 
3 2941 2949 2966 
3 2970 2955 2966 
3 2620 2689 2691 
3 2612 2551 2539 
3 2473 2516 2539 
3 2612 2689 2620 
3 2516 2439 2478 
3 2394 2361 2303 
3 2439 2394 2478 
3 2303 2278 2206 
3 2206 2116 2119 
3 2116 2030 2119 
3 2030 1941 2029 
3 2964 2970 2971 
3 1600 1501 1598 
3 1598 1691 1695 
3 1501 1600 1500 
3 1788 1792 1695 
3 1882 1887 1792 
3 1882 1979 1887 
3 2074 1979 2072 
3 1500 1498 1400 
3 1498 1493 1394 
3 1493 1485 1390 
3 1485 1476 1386 
3 1476 1473 1382 
3 1469 1373 1377 
3 1473 1469 1377 
3 577 667 683 
3 768 788 683 
3 667 551 641 
3 1515 1617 1529 
3 1430 1415 1515 
3 1721 1631 1617 
3 1721 1830 1732 
3 1403 1415 1316 
3 1931 1838 1830 
3 1200 1302 1215 
3 1200 1113 1100 
3 1302 1403 1316 
3 997 1100 1012 
3 896 997 906 
3 2029 1941 1936 
3 1838 1931 1936 
3 896 788 870 
3 584 689 612 
3 728 641 612 
3 668 584 555 
3 747 668 632 
3 709 747 632 
3 779 709 677 
3 864 779 762 
3 864 858 944 
3 1401 1296 1318 
3 1378 1275 1296 
3 1336 1420 1318 
3 1238 1275 1345 
3 1441 1336 1361 
3 1209 1238 1312 
3 1381 1464 1361 
3 1477 1381 1396 
3 1497 1396 1412 
3 1412 1327 1422 
3 1327 1335 1422 
3 1164 1209 1280 
3 1436 1335 1347 
3 1347 1359 1445 
3 1233 1125 1164 
3 1125 1197 1087 
3 1457 1359 1370 
3 1157 1049 1087 
3 1465 1370 1373 
3 948 1039 944 
3 1039 948 1049 
3 2421 2428 2335 
3 2511 2421 2493 
3 2566 2581 2493 
3 2779 2750 2723 
3 2723 2682 2657 
3 2779 2823 2789 
3 2823 2850 2819 
3 2603 2581 2657 
3 2850 2834 2819 
3 2831 2844 2824 
3 2849 2822 2846 
3 2831 2822 2849 
3 2834 2846 2815 
3 2344 2253 2335 
3 2262 2167 2253 
3 2856 2873 2881 
3 2859 2873 2840 
3 2881 2861 2855 
3 2847 2859 2829 
3 2844 2847 2824 
3 2861 2797 2821 
3 2797 2737 2754 
3 2722 2737 2743 
3 2743 2807 2760 
3 2807 2879 2833 
3 2879 2942 2904 
3 2952 2944 2942 
3 2167 2171 2074 
3 2952 2963 2950 
3 2964 2971 2963 
3 2802 2911 2901 
3 2805 2802 2691 
3 2901 2957 2949 
3 2949 2973 2966 
3 2979 2970 2966 
3 2689 2805 2691 
3 2597 2612 2539 
3 2516 2597 2539 
3 2689 2612 2672 
3 2565 2516 2478 
3 2394 2303 2297 
3 2394 2390 2478 
3 2207 2303 2206 
3 2207 2206 2119 
3 2119 2030 2029 
3 2970 2980 2971 
3 1600 1598 1695 
3 1500 1600 1597 
3 1792 1696 1695 
3 1887 1793 1792 
3 1979 1983 1887 
3 1979 2074 1983 
3 1498 1500 1597 
3 1493 1498 1591 
3 1485 1493 1588 
3 1476 1485 1579 
3 1473 1476 1573 
3 1469 1465 1373 
3 1473 1569 1469 
3 667 768 683 
3 788 768 870 
3 748 667 641 
3 1607 1617 1515 
3 1415 1502 1515 
3 1706 1721 1617 
3 1817 1830 1721 
3 1502 1415 1403 
3 1925 1931 1830 
3 1302 1200 1286 
3 1184 1200 1100 
3 1387 1403 1302 
3 1078 1100 997 
3 896 970 997 
3 2026 2029 1936 
3 1931 2026 1936 
3 970 896 870 
3 689 728 612 
3 689 584 668 
3 728 748 641 
3 772 668 747 
3 839 747 709 
3 839 709 779 
3 839 779 864 
3 949 864 944 
3 1401 1378 1296 
3 1420 1401 1318 
3 1275 1378 1345 
3 1420 1336 1441 
3 1312 1238 1345 
3 1464 1441 1361 
3 1280 1209 1312 
3 1477 1464 1381 
3 1497 1477 1396 
3 1511 1497 1412 
3 1511 1412 1422 
3 1335 1436 1422 
3 1233 1164 1280 
3 1436 1347 1445 
3 1359 1457 1445 
3 1233 1197 1125 
3 1197 1157 1087 
3 1465 1457 1370 
3 1139 1049 1157 
3 1039 1038 944 
3 1139 1039 1049 
3 2428 2344 2335 
3 2511 2428 2421 
3 2581 2511 2493 
3 2723 2750 2682 
3 2750 2779 2789 
3 2682 2603 2657 
3 2823 2819 2789 
3 2581 2603 2511 
3 2819 2834 2801 
3 2831 2824 2804 
3 2846 2822 2815 
3 2822 2831 2804 
3 2801 2834 2815 
3 2344 2262 2253 
3 2262 2171 2167 
3 2840 2873 2856 
3 2856 2881 2855 
3 2859 2840 2829 
3 2855 2861 2821 
3 2847 2829 2824 
3 2797 2754 2821 
3 2737 2722 2754 
3 2722 2743 2760 
3 2807 2833 2760 
3 2879 2904 2833 
3 2942 2944 2904 
3 2944 2952 2950 
3 2074 2171 2077 
3 2963 2967 2950 
3 2971 2967 2963 
3 2901 2911 2957 
3 2802 2917 2911 
3 2802 2805 2917 
3 2949 2957 2973 
3 2973 2979 2966 
3 2979 2980 2970 
3 2805 2689 2798 
3 2612 2597 2672 
3 2597 2516 2565 
3 2689 2672 2798 
3 2480 2565 2478 
3 2297 2303 2207 
3 2390 2394 2297 
3 2390 2480 2478 
3 2118 2207 2119 
3 2118 2119 2029 
3 2980 2974 2971 
3 1696 1600 1695 
3 1600 1696 1597 
3 1793 1696 1792 
3 1888 1793 1887 
3 1983 1888 1887 
3 2074 2077 1983 
3 1591 1498 1597 
3 1493 1591 1588 
3 1579 1485 1588 
3 1573 1476 1579 
3 1569 1473 1573 
3 1564 1465 1469 
3 1569 1564 1469 
3 748 768 667 
3 768 852 870 
3 1607 1706 1617 
3 1502 1607 1515 
3 1817 1721 1706 
3 1925 1830 1817 
3 1487 1502 1403 
3 1931 1925 2019 
3 1286 1200 1184 
3 1387 1302 1286 
3 1078 1184 1100 
3 1487 1403 1387 
3 970 1078 997 
3 2026 2118 2029 
3 2026 1931 2019 
3 955 970 870 
3 728 689 805 
3 772 689 668 
3 830 748 728 
3 860 772 747 
3 860 747 839 
3 839 864 949 
3 1038 949 944 
3 1481 1378 1401 
3 1420 1506 1401 
3 1378 1453 1345 
3 1522 1420 1441 
3 1416 1312 1345 
3 1543 1441 1464 
3 1384 1280 1312 
3 1567 1464 1477 
3 1580 1477 1497 
3 1511 1596 1497 
3 1521 1511 1422 
3 1436 1521 1422 
3 1342 1233 1280 
3 1534 1436 1445 
3 1457 1546 1445 
3 1309 1197 1233 
3 1274 1157 1197 
3 1557 1457 1465 
3 1240 1139 1157 
3 1038 1039 1129 
3 1129 1039 1139 
3 2344 2428 2441 
3 2428 2511 2530 
3 2750 2709 2682 
3 2750 2789 2757 
3 2682 2629 2603 
3 2819 2785 2789 
3 2511 2603 2530 
3 2819 2801 2785 
3 2824 2799 2804 
3 2815 2822 2791 
3 2822 2804 2791 
3 2784 2801 2815 
3 2262 2344 2351 
3 2171 2262 2266 
3 2840 2856 2827 
3 2839 2856 2855 
3 2840 2810 2829 
3 2825 2855 2821 
3 2829 2799 2824 
3 2821 2754 2768 
3 2754 2722 2703 
3 2722 2760 2707 
3 2760 2833 2767 
3 2833 2904 2837 
3 2944 2894 2904 
3 2935 2944 2950 
3 2171 2173 2077 
3 2950 2967 2947 
3 2974 2967 2971 
3 2957 2911 2960 
3 2911 2917 2960 
3 2805 2922 2917 
3 2957 2976 2973 
3 2987 2979 2973 
3 2980 2979 2989 
3 2922 2805 2798 
3 2597 2651 2672 
3 2651 2597 2565 
3 2672 2775 2798 
3 2565 2480 2571 
3 2205 2297 2207 
3 2390 2297 2293 
3 2480 2390 2383 
3 2118 2205 2207 
3 2980 2986 2974 
3 1696 1694 1597 
3 1696 1793 1694 
3 1888 1790 1793 
3 1983 1982 1888 
3 1983 2077 1982 
3 1694 1591 1597 
3 1591 1687 1588 
3 1680 1579 1588 
3 1670 1573 1579 
3 1666 1569 1573 
3 1564 1557 1465 
3 1661 1564 1569 
3 852 768 748 
3 852 955 870 
3 1706 1607 1686 
3 1585 1607 1502 
3 1786 1817 1706 
3 1925 1817 1928 
3 1585 1502 1487 
3 1925 2017 2019 
3 1263 1286 1184 
3 1387 1286 1371 
3 1184 1078 1158 
3 1487 1387 1468 
3 1078 970 1054 
3 2115 2118 2026 
3 2115 2026 2019 
3 970 955 1054 
3 689 772 805 
3 830 728 805 
3 852 748 830 
3 876 772 860 
3 860 839 946 
3 946 839 949 
3 1038 1043 949 
3 1453 1378 1481 
3 1506 1481 1401 
3 1506 1420 1522 
3 1453 1416 1345 
3 1543 1522 1441 
3 1416 1384 1312 
3 1567 1543 1464 
3 1384 1342 1280 
3 1580 1567 1477 
3 1596 1580 1497 
3 1596 1511 1611 
3 1611 1511 1521 
3 1521 1436 1534 
3 1342 1309 1233 
3 1546 1534 1445 
3 1546 1457 1557 
3 1309 1274 1197 
3 1274 1240 1157 
3 1240 1228 1139 
3 1132 1038 1129 
3 1228 1129 1139 
3 2428 2530 2441 
3 2344 2441 2351 
3 2682 2709 2629 
3 2750 2757 2709 
3 2789 2785 2757 
3 2603 2629 2530 
3 2785 2801 2770 
3 2799 2781 2804 
3 2784 2815 2791 
3 2804 2781 2791 
3 2801 2784 2770 
3 2266 2262 2351 
3 2171 2266 2173 
3 2827 2856 2839 
3 2810 2840 2827 
3 2825 2839 2855 
3 2810 2799 2829 
3 2825 2821 2768 
3 2754 2703 2768 
3 2722 2685 2703 
3 2760 2767 2707 
3 2685 2722 2707 
3 2833 2837 2767 
3 2904 2894 2837 
3 2944 2935 2894 
3 2935 2950 2947 
3 2173 2073 2077 
3 2967 2961 2947 
3 2967 2974 2961 
3 2976 2957 2960 
3 2917 2965 2960 
3 2917 2922 2965 
3 2976 2987 2973 
3 2979 2987 2989 
3 2980 2989 2986 
3 2898 2922 2798 
3 2672 2651 2775 
3 2651 2565 2571 
3 2775 2898 2798 
3 2571 2480 2475 
3 2297 2205 2293 
3 2383 2390 2293 
3 2480 2383 2475 
3 2205 2118 2115 
3 2986 2975 2974 
3 1793 1790 1694 
3 1888 1883 1790 
3 1982 1883 1888 
3 2077 2073 1982 
3 1694 1687 1591 
3 1687 1680 1588 
3 1680 1670 1579 
3 1670 1666 1573 
3 1666 1661 1569 
3 1564 1655 1557 
3 1655 1564 1661 
3 955 852 934 
3 1607 1585 1686 
3 1786 1706 1686 
3 1851 1817 1786 
3 1817 1851 1928 
3 2017 1925 1928 
3 1585 1487 1570 
3 2019 2017 2108 
3 1371 1286 1263 
3 1263 1184 1158 
3 1387 1371 1468 
3 1158 1078 1054 
3 1570 1487 1468 
3 2115 2019 2108 
3 1054 955 1036 
3 772 876 805 
3 911 830 805 
3 934 852 830 
3 876 860 962 
3 962 860 946 
3 1043 946 949 
3 1038 1132 1043 
3 1562 1453 1481 
3 1506 1586 1481 
3 1609 1506 1522 
3 1517 1416 1453 
3 1543 1624 1522 
3 1482 1384 1416 
3 1645 1543 1567 
3 1342 1384 1448 
3 1580 1662 1567 
3 1678 1580 1596 
3 1698 1596 1611 
3 1620 1611 1521 
3 1620 1521 1534 
3 1309 1342 1417 
3 1632 1534 1546 
3 1640 1546 1557 
3 1274 1309 1383 
3 1240 1274 1344 
3 1228 1240 1323 
3 1227 1132 1129 
3 1228 1227 1129 
3 2530 2540 2441 
3 2441 2447 2351 
3 2709 2643 2629 
3 2709 2757 2716 
3 2757 2785 2751 
3 2629 2540 2530 
3 2785 2770 2751 
3 2781 2799 2780 
3 2766 2784 2791 
3 2781 2766 2791 
3 2770 2784 2747 
3 2356 2266 2351 
3 2266 2264 2173 
3 2827 2839 2811 
3 2794 2810 2827 
3 2839 2825 2809 
3 2799 2810 2780 
3 2765 2825 2768 
3 2768 2703 2690 
3 2703 2685 2654 
3 2707 2767 2681 
3 2685 2707 2655 
3 2767 2837 2746 
3 2894 2808 2837 
3 2894 2935 2853 
3 2891 2935 2947 
3 2173 2169 2073 
3 2961 2934 2947 
3 2974 2975 2961 
3 2984 2976 2960 
3 2965 2984 2960 
3 2922 2958 2965 
3 2987 2976 2990 
3 2987 2996 2989 
3 2989 2994 2986 
3 2898 2958 2922 
3 2651 2667 2775 
3 2667 2651 2571 
3 2898 2775 2836 
3 2558 2571 2475 
3 2205 2202 2293 
3 2290 2383 2293 
3 2383 2377 2475 
3 2205 2115 2202 
3 2975 2986 2985 
3 1694 1790 1687 
3 1883 1785 1790 
3 1883 1982 1978 
3 1982 2073 1978 
3 1687 1785 1680 
3 1774 1670 1680 
3 1763 1666 1670 
3 1756 1661 1666 
3 1655 1640 1557 
3 1753 1655 1661 
3 955 934 1036 
3 1585 1667 1686 
3 1762 1786 1686 
3 1851 1786 1856 
3 1928 1851 1937 
3 2017 1928 2022 
3 1667 1585 1570 
3 2108 2017 2105 
3 1371 1263 1343 
3 1241 1263 1158 
3 1371 1446 1468 
3 1141 1158 1054 
3 1570 1468 1551 
3 2202 2115 2108 
3 1141 1054 1036 
3 876 911 805 
3 911 934 830 
3 988 876 962 
3 1046 962 946 
3 1046 946 1043 
3 1132 1138 1043 
3 1562 1517 1453 
3 1586 1562 1481 
3 1609 1586 1506 
3 1624 1609 1522 
3 1517 1482 1416 
3 1645 1624 1543 
3 1384 1482 1448 
3 1662 1645 1567 
3 1417 1342 1448 
3 1678 1662 1580 
3 1698 1678 1596 
3 1708 1698 1611 
3 1620 1708 1611 
3 1632 1620 1534 
3 1309 1417 1383 
3 1640 1632 1546 
3 1344 1274 1383 
3 1323 1240 1344 
3 1320 1228 1323 
3 1132 1227 1138 
3 1320 1227 1228 
3 2540 2447 2441 
3 2447 2356 2351 
3 2629 2643 2540 
3 2709 2716 2643 
3 2716 2757 2751 
3 2770 2729 2751 
3 2755 2781 2780 
3 2784 2766 2747 
3 2766 2781 2755 
3 2729 2770 2747 
3 2264 2266 2356 
3 2173 2264 2169 
3 2811 2839 2809 
3 2794 2827 2811 
3 2810 2794 2780 
3 2825 2765 2809 
3 2765 2768 2690 
3 2703 2654 2690 
3 2654 2685 2655 
3 2767 2746 2681 
3 2707 2681 2655 
3 2837 2808 2746 
3 2894 2853 2808 
3 2935 2891 2853 
3 2934 2891 2947 
3 2169 2071 2073 
3 2951 2934 2961 
3 2975 2951 2961 
3 2976 2984 2990 
3 2965 2983 2984 
3 2965 2958 2983 
3 2996 2987 2990 
3 2989 2996 2994 
3 2986 2994 2985 
3 2958 2898 2946 
3 2775 2667 2836 
3 2558 2667 2571 
3 2946 2898 2836 
3 2459 2558 2475 
3 2202 2290 2293 
3 2383 2290 2377 
3 2377 2459 2475 
3 2975 2985 2969 
3 1790 1785 1687 
3 1785 1883 1881 
3 1883 1978 1881 
3 2073 2071 1978 
3 1680 1785 1778 
3 1774 1763 1670 
3 1778 1774 1680 
3 1763 1756 1666 
3 1756 1753 1661 
3 1737 1640 1655 
3 1737 1655 1753 
3 1036 934 1016 
3 1667 1762 1686 
3 1786 1762 1856 
3 1937 1851 1856 
3 2022 1928 1937 
3 2105 2017 2022 
3 1653 1667 1570 
3 2198 2108 2105 
3 1263 1241 1343 
3 1446 1371 1343 
3 1141 1241 1158 
3 1468 1446 1551 
3 1653 1570 1551 
3 2198 2202 2108 
3 1120 1141 1036 
3 988 911 876 
3 934 911 1016 
3 1068 988 962 
3 1068 962 1046 
3 1138 1046 1043 
3 1638 1517 1562 
3 1669 1562 1586 
3 1697 1586 1609 
3 1624 1712 1609 
3 1482 1517 1576 
3 1624 1645 1726 
3 1482 1552 1448 
3 1749 1645 1662 
3 1519 1417 1448 
3 1662 1678 1761 
3 1776 1678 1698 
3 1798 1698 1708 
3 1719 1708 1620 
3 1632 1719 1620 
3 1417 1492 1383 
3 1632 1640 1729 
3 1454 1344 1383 
3 1424 1323 1344 
3 1413 1320 1323 
3 1227 1234 1138 
3 1227 1320 1324 
3 2540 2544 2447 
3 2447 2449 2356 
3 2643 2544 2540 
3 2643 2716 2639 
3 2702 2716 2751 
3 2729 2702 2751 
3 2761 2755 2780 
3 2766 2734 2747 
3 2766 2755 2734 
3 2717 2729 2747 
3 2350 2264 2356 
3 2264 2257 2169 
3 2788 2811 2809 
3 2777 2794 2811 
3 2794 2761 2780 
3 2809 2765 2758 
3 2765 2690 2674 
3 2690 2654 2637 
3 2654 2655 2616 
3 2681 2746 2652 
3 2681 2628 2655 
3 2746 2808 2698 
3 2808 2853 2748 
3 2853 2891 2792 
3 2891 2934 2835 
3 2169 2161 2071 
3 2934 2951 2886 
3 2975 2969 2951 
3 2984 2993 2990 
3 2983 2993 2984 
3 2983 2958 2972 
3 2999 2996 2990 
3 2996 2998 2994 
3 2985 2994 2991 
3 2958 2946 2972 
3 2667 2647 2836 
3 2647 2667 2558 
3 2946 2836 2783 
3 2558 2459 2538 
3 2290 2202 2198 
3 2377 2290 2283 
3 2459 2377 2365 
3 2969 2985 2978 
3 1874 1785 1881 
3 1978 1970 1881 
3 2071 1970 1978 
3 1785 1874 1778 
3 1774 1862 1763 
3 1778 1874 1774 
3 1857 1756 1763 
3 1849 1753 1756 
3 1640 1737 1729 
3 1839 1737 1753 
3 1120 1036 1016 
3 1762 1667 1752 
3 1762 1843 1856 
3 1937 1856 1935 
3 2021 2022 1937 
3 2106 2105 2022 
3 1667 1653 1752 
3 2196 2198 2105 
3 1343 1241 1322 
3 1427 1446 1343 
3 1241 1141 1221 
3 1446 1530 1551 
3 1630 1653 1551 
3 1141 1120 1221 
3 911 988 1016 
3 1068 1098 988 
3 1148 1068 1046 
3 1138 1148 1046 
3 1517 1638 1576 
3 1669 1638 1562 
3 1697 1669 1586 
3 1712 1697 1609 
3 1712 1624 1726 
3 1552 1482 1576 
3 1645 1749 1726 
3 1552 1519 1448 
3 1749 1662 1761 
3 1492 1417 1519 
3 1678 1776 1761 
3 1798 1776 1698 
3 1798 1708 1810 
3 1708 1719 1810 
3 1719 1632 1729 
3 1492 1454 1383 
3 1454 1424 1344 
3 1424 1413 1323 
3 1320 1413 1414 
3 1234 1148 1138 
3 1234 1227 1324 
3 1320 1414 1324 
3 2544 2449 2447 
3 2449 2350 2356 
3 2544 2643 2639 
3 2716 2702 2639 
3 2702 2729 2684 
3 2755 2761 2731 
3 2734 2717 2747 
3 2755 2731 2734 
3 2729 2717 2684 
3 2264 2350 2257 
3 2257 2161 2169 
3 2788 2777 2811 
3 2788 2809 2758 
3 2794 2777 2761 
3 2758 2765 2674 
3 2690 2637 2674 
3 2654 2616 2637 
3 2655 2628 2616 
3 2746 2698 2652 
3 2628 2681 2652 
3 2808 2748 2698 
3 2853 2792 2748 
3 2792 2891 2835 
3 2934 2886 2835 
3 2071 2161 2063 
3 2951 2939 2886 
3 2969 2939 2951 
3 2993 2999 2990 
3 2993 2983 2988 
3 2983 2972 2988 
3 2996 2999 2998 
3 2994 2998 2991 
3 2985 2991 2978 
3 2946 2892 2972 
3 2836 2647 2783 
3 2647 2558 2538 
3 2892 2946 2783 
3 2538 2459 2442 
3 2283 2290 2198 
3 2365 2377 2283 
3 2442 2459 2365 
3 2969 2978 2954 
3 1970 1874 1881 
3 1970 2071 2063 
3 1862 1857 1763 
3 1874 1862 1774 
3 1857 1849 1756 
3 1849 1839 1753 
3 1737 1831 1729 
3 1831 1737 1839 
3 1098 1120 1016 
3 1843 1762 1752 
3 1856 1843 1935 
3 2021 1937 1935 
3 2021 2106 2022 
3 2196 2105 2106 
3 1752 1653 1728 
3 2283 2198 2196 
3 1322 1241 1221 
3 1427 1343 1322 
3 1530 1446 1427 
3 1530 1630 1551 
3 1653 1630 1728 
3 1120 1201 1221 
3 988 1098 1016 
3 1177 1098 1068 
3 1177 1068 1148 
3 1638 1668 1576 
3 1764 1638 1669 
3 1697 1779 1669 
3 1800 1697 1712 
3 1812 1712 1726 
3 1651 1552 1576 
3 1749 1828 1726 
3 1623 1519 1552 
3 1845 1749 1761 
3 1601 1492 1519 
3 1776 1860 1761 
3 1879 1776 1798 
3 1897 1798 1810 
3 1719 1821 1810 
3 1821 1719 1729 
3 1492 1565 1454 
3 1524 1424 1454 
3 1509 1413 1424 
3 1413 1508 1414 
3 1234 1251 1148 
3 1338 1234 1324 
3 1414 1428 1324 
3 2544 2545 2449 
3 2350 2449 2445 
3 2544 2639 2545 
3 2702 2640 2639 
3 2640 2702 2684 
3 2731 2761 2741 
3 2710 2717 2734 
3 2731 2710 2734 
3 2717 2668 2684 
3 2350 2342 2257 
3 2161 2257 2244 
3 2777 2788 2749 
3 2788 2758 2726 
3 2761 2777 2741 
3 2664 2758 2674 
3 2674 2637 2608 
3 2637 2616 2578 
3 2616 2628 2570 
3 2652 2698 2600 
3 2628 2652 2583 
3 2748 2660 2698 
3 2792 2663 2748 
3 2724 2792 2835 
3 2835 2886 2769 
3 2161 2146 2063 
3 2886 2939 2817 
3 2939 2969 2954 
3 2999 2993 2995 
3 2995 2993 2988 
3 2972 2940 2988 
3 2999 2997 2998 
3 2998 2992 2991 
3 2991 2982 2978 
3 2972 2892 2940 
3 2647 2615 2783 
3 2647 2538 2615 
3 2892 2783 2719 
3 2538 2442 2498 
3 2280 2365 2283 
3 2442 2365 2376 
3 2978 2962 2954 
3 1970 1964 1874 
3 1964 1970 2063 
3 1862 1951 1857 
3 1874 1964 1862 
3 1948 1849 1857 
3 1849 1938 1839 
3 1831 1821 1729 
3 1929 1831 1839 
3 1098 1201 1120 
3 1843 1752 1829 
3 1935 1843 1924 
3 2016 2021 1935 
3 2106 2021 2104 
3 2196 2106 2193 
3 1829 1752 1728 
3 2280 2283 2196 
3 1306 1322 1221 
3 1409 1427 1322 
3 1530 1427 1512 
3 1614 1630 1530 
3 1728 1630 1714 
3 1201 1306 1221 
3 1177 1201 1098 
3 1251 1177 1148 
3 1668 1651 1576 
3 1760 1668 1638 
3 1764 1760 1638 
3 1779 1764 1669 
3 1800 1779 1697 
3 1812 1800 1712 
3 1828 1812 1726 
3 1651 1623 1552 
3 1828 1749 1845 
3 1623 1601 1519 
3 1860 1845 1761 
3 1492 1601 1565 
3 1879 1860 1776 
3 1897 1879 1798 
3 1913 1897 1810 
3 1821 1913 1810 
3 1565 1524 1454 
3 1524 1509 1424 
3 1509 1508 1413 
3 1508 1514 1414 
3 1338 1251 1234 
3 1428 1338 1324 
3 1514 1428 1414 
3 2449 2545 2445 
3 2342 2350 2445 
3 2639 2640 2545 
3 2640 2684 2621 
3 2708 2731 2741 
3 2717 2710 2668 
3 2710 2731 2708 
3 2684 2668 2621 
3 2257 2342 2244 
3 2146 2161 2244 
3 2749 2788 2726 
3 2777 2749 2741 
3 2758 2664 2726 
3 2664 2674 2608 
3 2637 2578 2608 
3 2616 2570 2578 
3 2570 2628 2583 
3 2698 2604 2600 
3 2652 2600 2583 
3 2698 2660 2604 
3 2748 2663 2660 
3 2792 2724 2663 
3 2724 2835 2769 
3 2886 2817 2769 
3 2146 2049 2063 
3 2817 2939 2862 
3 2939 2954 2862 
3 2999 2995 2997 
3 2953 2995 2988 
3 2940 2953 2988 
3 2998 2997 2992 
3 2991 2992 2982 
3 2982 2962 2978 
3 2940 2892 2719 
3 2783 2615 2719 
3 2615 2538 2498 
3 2442 2376 2498 
3 2365 2280 2376 
3 2962 2909 2954 
3 2049 1964 2063 
3 1951 1948 1857 
3 1964 1951 1862 
3 1849 1948 1938 
3 1938 1929 1839 
3 1821 1831 1927 
3 1927 1831 1929 
3 1843 1829 1924 
3 2016 1935 1924 
3 2104 2021 2016 
3 2193 2106 2104 
3 2280 2196 2193 
3 1829 1728 1814 
3 1306 1409 1322 
3 1427 1409 1512 
3 1614 1530 1512 
3 1630 1614 1714 
3 1814 1728 1714 
3 1306 1201 1284 
3 1201 1177 1284 
3 1284 1177 1251 
3 1751 1651 1668 
3 1760 1751 1668 
3 1764 1859 1760 
3 1870 1764 1779 
3 1779 1800 1885 
3 1898 1800 1812 
3 1828 1909 1812 
3 1725 1623 1651 
3 1930 1828 1845 
3 1601 1623 1705 
3 1845 1860 1945 
3 1601 1673 1565 
3 1957 1860 1879 
3 1975 1879 1897 
3 1998 1897 1913 
3 1913 1821 1927 
3 1621 1524 1565 
3 1604 1509 1524 
3 1508 1509 1593 
3 1603 1514 1508 
3 1369 1251 1338 
3 1449 1338 1428 
3 1514 1535 1428 
3 2545 2537 2445 
3 2432 2342 2445 
3 2545 2640 2537 
3 2640 2621 2537 
3 2714 2708 2741 
3 2710 2661 2668 
3 2661 2710 2708 
3 2668 2601 2621 
3 2342 2333 2244 
3 2235 2146 2244 
3 2670 2749 2726 
3 2749 2714 2741 
3 2726 2664 2635 
3 2579 2664 2608 
3 2608 2578 2535 
3 2578 2570 2515 
3 2570 2583 2514 
3 2600 2604 2529 
3 2583 2600 2526 
3 2604 2660 2593 
3 2660 2663 2593 
3 2724 2656 2663 
3 2656 2724 2769 
3 2817 2673 2769 
3 2146 2139 2049 
3 2711 2817 2862 
3 2954 2909 2862 
3 2997 2995 2968 
3 2995 2953 2968 
3 2733 2953 2940 
3 2992 2997 2981 
3 2982 2992 2977 
3 2982 2959 2962 
3 2733 2940 2719 
3 2615 2591 2719 
3 2591 2615 2498 
3 2376 2380 2498 
3 2376 2280 2282 
3 2962 2921 2909 
3 1964 2049 1951 
3 2041 1948 1951 
3 1948 2034 1938 
3 2023 1929 1938 
3 1990 1927 1929 
3 1924 1829 1908 
3 2007 2016 1924 
3 2097 2104 2016 
3 2189 2193 2104 
3 2282 2280 2193 
3 1908 1829 1814 
3 1388 1409 1306 
3 1409 1494 1512 
3 1614 1512 1602 
3 1614 1702 1714 
3 1802 1814 1714 
3 1388 1306 1284 
3 1369 1284 1251 
3 1751 1725 1651 
3 1847 1751 1760 
3 1859 1847 1760 
3 1870 1859 1764 
3 1870 1779 1885 
3 1800 1898 1885 
3 1909 1898 1812 
3 1930 1909 1828 
3 1623 1725 1705 
3 1930 1845 1945 
3 1673 1601 1705 
3 1860 1957 1945 
3 1673 1621 1565 
3 1975 1957 1879 
3 1998 1975 1897 
3 2025 1998 1913 
3 2025 1913 1927 
3 1604 1524 1621 
3 1509 1604 1593 
3 1603 1508 1593 
3 1514 1603 1619 
3 1449 1369 1338 
3 1535 1449 1428 
3 1535 1514 1619 
3 2537 2432 2445 
3 2342 2432 2333 
3 2621 2519 2537 
3 2708 2714 2649 
3 2668 2661 2601 
3 2661 2708 2649 
3 2601 2519 2621 
3 2333 2235 2244 
3 2235 2139 2146 
3 2714 2749 2670 
3 2670 2726 2635 
3 2664 2579 2635 
3 2579 2608 2535 
3 2578 2515 2535 
3 2570 2514 2515 
3 2583 2526 2514 
3 2529 2604 2518 
3 2600 2529 2526 
3 2604 2593 2518 
3 2663 2588 2593 
3 2663 2656 2588 
3 2673 2656 2769 
3 2817 2711 2673 
3 2049 2139 2041 
3 2762 2711 2862 
3 2909 2762 2862 
3 2997 2968 2981 
3 2968 2953 2740 
3 2953 2733 2740 
3 2992 2981 2977 
3 2959 2982 2977 
3 2962 2959 2921 
3 2591 2733 2719 
3 2479 2591 2498 
3 2380 2479 2498 
3 2380 2376 2282 
3 2909 2921 2813 
3 2049 2041 1951 
3 2041 2034 1948 
3 2034 2023 1938 
3 2023 1990 1929 
3 2025 1927 1990 
3 2007 1924 1908 
3 2097 2016 2007 
3 2097 2189 2104 
3 2189 2282 2193 
3 1901 1908 1814 
3 1494 1409 1388 
3 1512 1494 1602 
3 1702 1614 1602 
3 1702 1802 1714 
3 1802 1901 1814 
3 1388 1284 1369 
3 1825 1725 1751 
3 1847 1825 1751 
3 1847 1859 1947 
3 1859 1870 1955 
3 1969 1870 1885 
3 1898 1985 1885 
3 1997 1898 1909 
3 2014 1909 1930 
3 1725 1804 1705 
3 2028 1930 1945 
3 1791 1673 1705 
3 1957 2038 1945 
3 1673 1724 1621 
3 1957 1975 2052 
3 1975 1998 2075 
3 2103 1998 2025 
3 1692 1604 1621 
3 1604 1684 1593 
3 1682 1603 1593 
3 1603 1675 1619 
3 1470 1369 1449 
3 1566 1449 1535 
3 1663 1535 1619 
3 2519 2432 2537 
3 2432 2420 2333 
3 2649 2714 2636 
3 2661 2586 2601 
3 2586 2661 2649 
3 2519 2601 2503 
3 2321 2235 2333 
3 2235 2221 2139 
3 2714 2670 2636 
3 2670 2635 2584 
3 2579 2534 2635 
3 2496 2579 2535 
3 2515 2474 2535 
3 2515 2514 2457 
3 2526 2451 2514 
3 2446 2529 2518 
3 2526 2529 2456 
3 2593 2510 2518 
3 2588 2510 2593 
3 2588 2656 2590 
3 2656 2673 2590 
3 2711 2598 2673 
3 2139 2126 2041 
3 2762 2712 2711 
3 2762 2909 2813 
3 2968 2912 2981 
3 2968 2740 2720 
3 2733 2585 2740 
3 2981 2936 2977 
3 2930 2959 2977 
3 2959 2852 2921 
3 2733 2591 2585 
3 2591 2479 2585 
3 2479 2380 2375 
3 2380 2282 2279 
3 2921 2793 2813 
3 2126 2034 2041 
3 2023 2034 2113 
3 2093 1990 2023 
3 1990 2045 2025 
3 1995 2007 1908 
3 2097 2007 2091 
3 2189 2097 2184 
3 2279 2282 2189 
3 1995 1908 1901 
3 1470 1494 1388 
3 1494 1581 1602 
3 1689 1702 1602 
3 1802 1702 1797 
3 1802 1893 1901 
3 1470 1388 1369 
3 1804 1725 1825 
3 1932 1825 1847 
3 1859 1955 1947 
3 1932 1847 1947 
3 1870 1969 1955 
3 1985 1969 1885 
3 1997 1985 1898 
3 2014 1997 1909 
3 2028 2014 1930 
3 1804 1791 1705 
3 2038 2028 1945 
3 1724 1673 1791 
3 2038 1957 2052 
3 1724 1692 1621 
3 1975 2075 2052 
3 1998 2103 2075 
3 2128 2103 2025 
3 1604 1692 1684 
3 1684 1682 1593 
3 1603 1682 1675 
3 1675 1663 1619 
3 1470 1449 1566 
3 1663 1566 1535 
3 2432 2519 2420 
3 2420 2321 2333 
3 2556 2649 2636 
3 2601 2586 2503 
3 2586 2649 2556 
3 2519 2503 2420 
3 2321 2221 2235 
3 2139 2221 2126 
3 2670 2584 2636 
3 2635 2534 2584 
3 2579 2496 2534 
3 2474 2496 2535 
3 2474 2515 2457 
3 2514 2451 2457 
3 2451 2526 2456 
3 2529 2446 2456 
3 2433 2446 2518 
3 2510 2433 2518 
3 2510 2588 2508 
3 2588 2590 2508 
3 2673 2598 2590 
3 2598 2711 2609 
3 2711 2712 2609 
3 2712 2762 2813 
3 2981 2912 2936 
3 2912 2968 2720 
3 2720 2740 2576 
3 2740 2585 2576 
3 2936 2930 2977 
3 2959 2930 2852 
3 2921 2852 2793 
3 2479 2476 2585 
3 2380 2279 2375 
3 2476 2479 2375 
3 2793 2696 2813 
3 2034 2126 2113 
3 2093 2023 2113 
3 1990 2093 2045 
3 2128 2025 2045 
3 2091 2007 1995 
3 2184 2097 2091 
3 2279 2189 2184 
3 1988 1995 1901 
3 1494 1470 1581 
3 1581 1689 1602 
3 1702 1689 1797 
3 1893 1802 1797 
3 1893 1988 1901 
3 1905 1804 1825 
3 1932 1905 1825 
3 1955 2042 1947 
3 2031 1932 1947 
3 1969 2054 1955 
3 2070 1969 1985 
3 1985 1997 2081 
3 1997 2014 2098 
3 2112 2014 2028 
3 1791 1804 1891 
3 2123 2028 2038 
3 1791 1777 1724 
3 2132 2038 2052 
3 1692 1724 1777 
3 2075 2143 2052 
3 2103 2174 2075 
3 2200 2103 2128 
3 1692 1773 1684 
3 1770 1682 1684 
3 1682 1769 1675 
3 1772 1663 1675 
3 1581 1470 1566 
3 1663 1676 1566 
3 2420 2406 2321 
3 2523 2556 2636 
3 2586 2487 2503 
3 2487 2586 2556 
3 2420 2503 2406 
3 2221 2321 2307 
3 2126 2221 2209 
3 2584 2523 2636 
3 2534 2486 2584 
3 2534 2496 2444 
3 2496 2474 2412 
3 2398 2474 2457 
3 2457 2451 2388 
3 2384 2451 2456 
3 2456 2446 2378 
3 2446 2433 2363 
3 2433 2510 2427 
3 2427 2510 2508 
3 2590 2513 2508 
3 2598 2513 2590 
3 2598 2609 2506 
3 2609 2712 2623 
3 2696 2712 2813 
3 2912 2700 2936 
3 2912 2720 2700 
3 2573 2720 2576 
3 2585 2476 2576 
3 2697 2930 2936 
3 2930 2675 2852 
3 2852 2665 2793 
3 2279 2275 2375 
3 2476 2375 2369 
3 2646 2696 2793 
3 2126 2209 2113 
3 2185 2093 2113 
3 2093 2152 2045 
3 2152 2128 2045 
3 2080 2091 1995 
3 2179 2184 2091 
3 2275 2279 2184 
3 1988 2080 1995 
3 1689 1581 1676 
3 1797 1689 1784 
3 1884 1893 1797 
3 1981 1988 1893 
3 1804 1905 1891 
3 1932 2013 1905 
3 2042 2031 1947 
3 2054 2042 1955 
3 2013 1932 2031 
3 2070 2054 1969 
3 2070 1985 2081 
3 2081 1997 2098 
3 2014 2112 2098 
3 2123 2112 2028 
3 1876 1791 1891 
3 2132 2123 2038 
3 1791 1876 1777 
3 2143 2132 2052 
3 1773 1692 1777 
3 2174 2143 2075 
3 2103 2200 2174 
3 2224 2200 2128 
3 1773 1770 1684 
3 1769 1682 1770 
3 1769 1772 1675 
3 1775 1663 1772 
3 1676 1581 1566 
3 1663 1775 1676 
3 2321 2406 2307 
3 2556 2523 2458 
3 2503 2487 2406 
3 2487 2556 2458 
3 2221 2307 2209 
3 2486 2523 2584 
3 2486 2534 2444 
3 2496 2412 2444 
3 2474 2398 2412 
3 2398 2457 2388 
3 2451 2384 2388 
3 2384 2456 2378 
3 2446 2363 2378 
3 2433 2348 2363 
3 2433 2427 2348 
3 2425 2427 2508 
3 2513 2425 2508 
3 2598 2506 2513 
3 2609 2567 2506 
3 2712 2696 2623 
3 2567 2609 2623 
3 2700 2697 2936 
3 2720 2573 2700 
3 2471 2573 2576 
3 2476 2471 2576 
3 2697 2675 2930 
3 2675 2665 2852 
3 2665 2646 2793 
3 2375 2275 2369 
3 2471 2476 2369 
3 2696 2646 2611 
3 2209 2185 2113 
3 2185 2152 2093 
3 2224 2128 2152 
3 2080 2179 2091 
3 2275 2184 2179 
3 2076 2080 1988 
3 1784 1689 1676 
3 1884 1797 1784 
3 1981 1893 1884 
3 2076 1988 1981 
3 1905 1987 1891 
3 2013 1987 1905 
3 2042 2129 2031 
3 2054 2140 2042 
3 2117 2013 2031 
3 2054 2070 2157 
3 2168 2070 2081 
3 2182 2081 2098 
3 2112 2195 2098 
3 2112 2123 2208 
3 1968 1876 1891 
3 2123 2132 2218 
3 1876 1872 1777 
3 2132 2143 2223 
3 1872 1773 1777 
3 2237 2143 2174 
3 2200 2267 2174 
3 2295 2200 2224 
3 1773 1867 1770 
3 1866 1769 1770 
3 1772 1769 1869 
3 1873 1775 1772 
3 1775 1784 1676 
3 2406 2387 2307 
3 2523 2418 2458 
3 2487 2387 2406 
3 2487 2458 2387 
3 2307 2285 2209 
3 2523 2486 2418 
3 2486 2444 2395 
3 2412 2352 2444 
3 2398 2325 2412 
3 2398 2388 2310 
3 2388 2384 2305 
3 2384 2378 2298 
3 2363 2288 2378 
3 2363 2348 2276 
3 2427 2338 2348 
3 2427 2425 2338 
3 2513 2424 2425 
3 2513 2506 2424 
3 2567 2490 2506 
3 2696 2611 2623 
3 2548 2567 2623 
3 2569 2697 2700 
3 2573 2569 2700 
3 2573 2471 2469 
3 2675 2697 2559 
3 2675 2553 2665 
3 2665 2552 2646 
3 2275 2271 2369 
3 2364 2471 2369 
3 2646 2547 2611 
3 2285 2185 2209 
3 2252 2152 2185 
3 2224 2152 2252 
3 2080 2172 2179 
3 2271 2275 2179 
3 2172 2080 2076 
3 1878 1884 1784 
3 1981 1884 1972 
3 2076 1981 2069 
3 1987 1968 1891 
3 1987 2013 2092 
3 2129 2117 2031 
3 2140 2129 2042 
3 2140 2054 2157 
3 2013 2117 2092 
3 2070 2168 2157 
3 2182 2168 2081 
3 2195 2182 2098 
3 2195 2112 2208 
3 2208 2123 2218 
3 1963 1876 1968 
3 2132 2223 2218 
3 1876 1963 1872 
3 2223 2143 2237 
3 1773 1872 1867 
3 2267 2237 2174 
3 2295 2267 2200 
3 2322 2295 2224 
3 1867 1866 1770 
3 1869 1769 1866 
3 1873 1772 1869 
3 1878 1775 1873 
3 1775 1878 1784 
3 2387 2285 2307 
3 2418 2353 2458 
3 2458 2353 2387 
3 2418 2486 2395 
3 2444 2352 2395 
3 2325 2352 2412 
3 2325 2398 2310 
3 2388 2305 2310 
3 2384 2298 2305 
3 2378 2288 2298 
3 2288 2363 2276 
3 2348 2260 2276 
3 2338 2260 2348 
3 2338 2425 2336 
3 2425 2424 2336 
3 2506 2415 2424 
3 2506 2490 2415 
3 2567 2548 2490 
3 2611 2548 2623 
3 2697 2569 2559 
3 2569 2573 2469 
3 2471 2364 2469 
3 2553 2675 2559 
3 2665 2553 2552 
3 2646 2552 2547 
3 2271 2364 2369 
3 2547 2517 2611 
3 2285 2252 2185 
3 2322 2224 2252 
3 2172 2271 2179 
3 2172 2076 2165 
3 1884 1878 1972 
3 2069 1981 1972 
3 2165 2076 2069 
3 1987 2062 1968 
3 2062 1987 2092 
3 2217 2117 2129 
3 2230 2129 2140 
3 2239 2140 2157 
3 2117 2197 2092 
3 2168 2249 2157 
3 2260 2168 2182 
3 2195 2276 2182 
3 2288 2195 2208 
3 2298 2208 2218 
3 2058 1963 1968 
3 2223 2305 2218 
3 1963 1867 1872 
3 2310 2223 2237 
3 2267 2325 2237 
3 2352 2267 2295 
3 2295 2322 2395 
3 1866 1867 1960 
3 1962 1869 1866 
3 1965 1873 1869 
3 1878 1873 1967 
3 2387 2353 2285 
3 2353 2418 2322 
3 2322 2418 2395 
3 2352 2295 2395 
3 2352 2325 2267 
3 2325 2310 2237 
3 2310 2305 2223 
3 2305 2298 2218 
3 2298 2288 2208 
3 2195 2288 2276 
3 2276 2260 2182 
3 2260 2338 2249 
3 2249 2338 2336 
3 2424 2331 2336 
3 2424 2415 2331 
3 2490 2399 2415 
3 2490 2548 2470 
3 2517 2548 2611 
3 2569 2462 2559 
3 2569 2469 2462 
3 2469 2364 2360 
3 2553 2559 2455 
3 2553 2448 2552 
3 2552 2452 2547 
3 2364 2271 2265 
3 2547 2450 2517 
3 2285 2353 2252 
3 2353 2322 2252 
3 2271 2172 2265 
3 2265 2172 2165 
3 1972 1878 1967 
3 2065 2069 1972 
3 2165 2069 2163 
3 2062 2058 1968 
3 2176 2062 2092 
3 2197 2117 2217 
3 2230 2217 2129 
3 2239 2230 2140 
3 2249 2239 2157 
3 2197 2176 2092 
3 2260 2249 2168 
3 2058 2053 1963 
3 1960 1867 1963 
3 1962 1866 1960 
3 1962 1965 1869 
3 1873 1965 1967 
3 2239 2249 2336 
3 2331 2239 2336 
3 2331 2415 2318 
3 2415 2399 2318 
3 2399 2490 2470 
3 2548 2517 2470 
3 2559 2462 2455 
3 2462 2469 2360 
3 2364 2265 2360 
3 2448 2553 2455 
3 2552 2448 2452 
3 2547 2452 2450 
3 2517 2450 2419 
3 2265 2165 2259 
3 2065 1972 1967 
3 2163 2069 2065 
3 2259 2165 2163 
3 2135 2058 2062 
3 2176 2135 2062 
3 2299 2197 2217 
3 2217 2230 2318 
3 2331 2230 2239 
3 2176 2197 2277 
3 2053 1960 1963 
3 2148 2053 2058 
3 2055 1962 1960 
3 2057 1965 1962 
3 1965 2060 1967 
3 2230 2331 2318 
3 2399 2299 2318 
3 2372 2399 2470 
3 2517 2419 2470 
3 2462 2354 2455 
3 2354 2462 2360 
3 2360 2265 2259 
3 2448 2455 2347 
3 2452 2448 2345 
3 2452 2346 2450 
3 2419 2450 2339 
3 2060 2065 1967 
3 2158 2163 2065 
3 2255 2259 2163 
3 2135 2148 2058 
3 2135 2176 2227 
3 2197 2299 2277 
3 2299 2217 2318 
3 2176 2277 2227 
3 2053 2055 1960 
3 2148 2150 2053 
3 2055 2057 1962 
3 2057 2060 1965 
3 2399 2372 2299 
3 2419 2372 2470 
3 2455 2354 2347 
3 2354 2360 2259 
3 2448 2347 2345 
3 2346 2452 2345 
3 2450 2346 2339 
3 2419 2339 2329 
3 2060 2158 2065 
3 2158 2255 2163 
3 2354 2259 2255 
3 2148 2135 2227 
3 2299 2372 2277 
3 2277 2329 2227 
3 2053 2150 2055 
3 2245 2150 2148 
3 2151 2057 2055 
3 2154 2060 2057 
3 2419 2329 2372 
3 2347 2354 2255 
3 2347 2250 2345 
3 2247 2346 2345 
3 2339 2346 2246 
3 2339 2245 2329 
3 2158 2060 2154 
3 2158 2250 2255 
3 2245 2148 2227 
3 2372 2329 2277 
3 2329 2245 2227 
3 2150 2151 2055 
3 2150 2245 2246 
3 2151 2154 2057 
3 2250 2347 2255 
3 2250 2247 2345 
3 2346 2247 2246 
3 2245 2339 2246 
3 2158 2154 2250 
3 2151 2150 2246 
3 2154 2151 2247 
3 2250 2154 2247 
3 2247 2151 2246 

