# vtk DataFile Version 4.2
vtk output
ASCII
DATASET POLYDATA
POINTS 3016 float
-194.315 60.5124 95.8465 -193.66 60.8167 113.154 -193.453 58.4727 77.9535 
-193.338 69.5051 65.7454 -192.859 45.686 122.972 -192.468 44.4818 105.708 
-192.361 79.8637 87.6365 -192.182 33.1222 150.467 -192.152 61.2132 130.535 
-192.148 46.5972 140.227 -191.553 82.8306 71.5159 -191.452 20.793 161.216 
-191.434 32 133.261 -191.26 77.709 104.512 -191.169 34.0025 167.594 
-191.168 47.255 157.236 -191.048 42.9682 88.4572 -190.738 66.7164 48.3324 
-190.627 30.6089 116.058 -190.557 19.229 143.954 -190.172 53.9816 60.062 
-189.318 28.8365 98.9338 -189.31 7.28045 155.823 -189.17 17.6632 126.607 
-189.144 82.0006 54.4979 -188.864 40.6505 71.2236 -188.336 10.1973 173.786 
-188.16 75.9926 121.365 -188.142 60.8187 147.085 -188.008 63.9177 31.008 
-187.934 50.6865 42.9421 -187.929 4.63915 138.359 -187.906 15.7176 109.319 
-187.771 26.6855 81.88 -187.002 37.6103 54.204 -186.844 -8.89445 151.616 
-186.79 -4.79069 168.895 -186.781 3.43744 119.675 -186.583 13.3403 92.4231 
-186.449 24.0583 65.0675 -186.358 47.4668 26.0255 -186.173 -6.61176 128.372 
-186.13 79.4639 37.0244 -186.001 0.669714 102.878 -185.855 34.3835 37.4879 
-185.84 10.5988 75.806 -185.774 -15.7352 137.059 -185.653 20.152 176.865 
-185.627 -11.1357 112.92 -185.596 60.3649 13.8943 -185.41 -22.0949 122.752 
-185.381 20.9864 48.5044 -185.319 -2.43262 86.4283 -185.061 -15.0043 96.9818 
-184.983 7.55493 59.3238 -184.981 43.9911 9.18102 -184.938 31.3399 20.9161 
-184.871 -32.3895 132.977 -184.847 -25.7844 147.657 -184.793 -27.0307 107.519 
-184.616 -5.63226 70.0559 -184.423 -19.872 163.999 -184.42 17.9952 31.9936 
-184.33 -38.3753 118.146 -184.156 -18.5422 80.7105 -184.029 -31.1359 91.4296 
-184.012 74.3406 137.814 -183.862 4.47554 42.9402 -183.79 -43.1834 102.215 
-183.564 28.3247 4.40846 -183.475 -8.87607 53.7315 -183.465 45.9311 172.213 
-183.429 -47.8632 85.9754 -183.368 15.1681 15.656 -183.153 -35.0945 75.1814 
-183.131 -52.1042 69.9781 -183.097 -22.0711 64.4543 -182.989 1.58174 26.6274 
-182.97 30.1067 179.944 -182.922 -38.7988 59.0028 -182.817 -48.5991 129.141 
-182.782 -12.0052 37.4353 -182.782 -25.4443 48.2014 -182.765 40.6353 -7.26595 
-182.74 -41.7807 143.982 -182.523 56.1928 -2.56352 -182.422 75.9787 19.8031 
-182.389 -1.19422 10.445 -182.362 12.4632 -0.579 -182.174 -42.0131 42.6198 
-182.149 -14.9059 21.1383 -182.001 -28.5066 31.8305 -181.947 -54.2108 113.611 
-181.913 25.5849 -11.8984 -181.842 -55.5049 53.6477 -181.708 -34.3651 157.826 
-181.644 59.486 162.66 -181.247 93.4791 78.6961 -181.209 -59.4828 97.7873 
-181.192 91.8763 95.6687 -181.118 -3.47772 -5.6997 -180.964 -64.3919 81.803 
-180.837 -17.2 5.04256 -180.639 10.1342 -16.7193 -180.005 -30.9777 15.6637 
-179.942 37.7368 -23.4454 -179.813 93.7393 61.528 -179.504 23.5572 -27.8832 
-179.422 -44.6933 26.2098 -179.386 89.2677 112.3 -179.306 -68.2094 65.2249 
-179.199 71.8072 3.07226 -178.912 -58.2541 37.016 -178.561 52.0313 -18.7533 
-178.385 -15.8457 179.397 -178.359 -5.3214 -21.7683 -178.35 -0.45612 183.968 
-178.019 92.2954 44.3165 -177.95 -19.0832 -10.9781 -177.884 8.24088 -32.7473 
-177.096 71.7355 152.935 -176.709 -32.902 -0.354428 -176.281 -71.165 48.216 
-176.272 21.8419 -43.7274 -176.226 14.4251 187.708 -176.106 36.5545 -38.8375 
-175.882 86.1504 128.398 -175.235 -7.34797 -37.9536 -175.081 6.26924 -48.9132 
-175.065 67.1346 -13.156 -175.031 89.2079 27.2793 -175.012 47.7752 -35.1854 
-174.923 -46.6591 10.2094 -174.747 -29.5737 171.29 -174.242 -20.8586 -27.0549 
-174.006 -55.0553 140.006 -173.694 -61.8352 124.872 -173.59 -46.7041 153.762 
-173.295 -60.232 20.7657 -173.227 -37.8651 165.787 -173.033 -56.731 -366.131 
-172.978 -67.5088 109.233 -172.945 27.8683 188.444 -172.783 19.9656 -59.6936 
-172.605 -9.44456 -54.2491 -172.596 -34.4258 -16.3159 -172.57 -72.8176 93.4692 
-172.434 -40.3607 -371.276 -172.384 41.7934 183.561 -172.366 -43.0069 -356.399 
-172.268 -53.3557 -382.43 -172.151 -69.4257 -377.966 -172.092 85.5804 10.2633 
-171.999 4.16991 -65.1041 -171.982 -77.636 77.1564 -171.612 55.7225 175.869 
-171.535 37.4832 -53.518 -171.46 -22.8656 -43.3692 -171.34 -59.3187 -349.572 
-171.05 62.5672 -29.4632 -170.919 -72.5504 -360.835 -170.867 82.7613 143.612 
-170.751 -73.6401 31.5137 -170.626 -45.5537 -339.635 -170.58 -37.2289 -386.004 
-170.291 -25.4879 -368.904 -170.084 -48.0572 -5.73337 -170.019 -29.3175 -347.052 
-169.888 -11.5801 -70.5633 -169.873 -81.3975 60.2755 -169.312 17.8399 -75.7357 
-169.205 -36.0925 -32.548 -169.078 -24.9633 -59.7853 -169.032 -84.1726 -374.259 
-168.871 -31.7659 -329.927 -168.827 1.93423 -81.2924 -168.62 68.2111 166.816 
-168.557 -61.1544 -332.044 -168.301 80.937 -6.22213 -168.102 -21.3942 -387.953 
-168.066 -47.4424 -322.603 -167.595 34.4917 -69.7148 -167.273 -61.6819 4.67018 
-167.252 -13.7226 -86.8857 -167.144 57.5958 -45.966 -167.12 100.936 86.2475 
-167.099 -74.4511 -342.417 -167.081 -15.8352 -337.022 -167.016 -34.1778 -313.397 
-166.998 -13.2029 -354.574 -166.989 101.919 69.2949 -166.859 -65.2792 -393.094 
-166.789 -27.055 -76.2291 -166.741 -38.1004 -49.0194 -166.617 -80.5912 -389.351 
-166.425 98.9389 103.119 -166.163 -39.5635 -246.418 -166.157 -49.3807 -21.9757 
-166.127 101.736 52.2134 -165.733 -49.3152 -306.004 -165.728 -0.122301 -97.4047 
-165.664 -18.3852 -320.501 -165.65 15.681 -91.7096 -165.648 -9.69857 -373.994 
-165.631 -38.9068 -263.824 -165.289 -85.3775 42.799 -165.245 -36.1061 -297.208 
-165.126 -87.3114 -352.426 -165.052 -62.4998 -315.162 -165.037 -39.4868 -229.274 
-164.787 -25.1999 -255.05 -164.648 -25.2726 -237.874 -164.642 -40.2029 -65.5834 
-164.633 -53.7782 -238.227 -164.632 -15.759 -103.206 -164.621 -53.4199 -255.555 
-164.553 99.8316 35.2545 -164.526 95.9967 119.614 -164.519 -29.1594 -92.7121 
-164.512 -21.2888 -304.847 -164.468 -37.6607 -280.721 -164.387 76.2809 -22.6122 
-164.282 -24.4615 -272.083 -164.246 -9.86659 188.911 -164.207 -75.4984 14.9666 
-164.129 -98.3927 -371.752 -163.974 5.32967 193.874 -163.951 -50.8779 -289.557 
-163.738 -49.6049 -396.724 -163.699 78.8402 157.434 -163.684 -52.1716 -272.752 
-163.633 31.8488 -85.7522 -163.576 -75.6459 -324.515 -163.457 -23.0401 -288.704 
-163.372 -92.0007 -388.197 -163.273 -5.99239 -390.118 -163.225 52.0451 -62.7559 
-163.007 -23.7016 181.472 -162.997 -53.4869 -220.925 -162.976 -50.9758 -38.3522 
-162.851 -2.22504 -113.534 -162.843 -25.165 -220.854 -162.753 -39.0593 -212.046 
-162.599 -42.2745 -82.1656 -162.512 21.128 195.17 -162.503 -63.9951 -298.543 
-162.481 -62.8403 -11.5602 -162.251 -0.339133 -343.971 -162.201 96.8334 18.3354 
-162.19 -31.1307 -109.156 -162.04 13.3314 -107.599 -161.992 -17.7064 -119.531 
-161.751 2.30767 -361.128 -161.728 -2.38543 -327.215 -161.709 -11.3562 -246.707 
-161.666 -11.1892 -263.664 -161.549 -35.5771 171.958 -161.43 -67.5588 -247.646 
-161.318 35.9938 192.914 -161.298 92.0399 135.336 -161.206 -5.19797 -311.441 
-161.092 -66.5853 -264.91 -161.058 -10.3325 -280.342 -161.006 -8.97394 -296.691 
-160.99 -65.2492 -281.846 -160.851 -67.6608 -230.615 -160.821 -11.2378 -229.759 
-160.78 -54.8315 148.321 -160.769 -62.8351 134.076 -160.713 71.9366 -39.1124 
-160.672 -45.6651 161.064 -160.568 -69.8857 119.064 -160.544 -24.6271 -203.825 
-160.522 -88.3986 -333.587 -160.509 -52.8391 -54.9478 -160.504 -52.8158 -202.864 
-160.496 -44.2648 -98.7391 -160.484 -82.708 88.2181 -160.476 -38.1672 -194.47 
-160.391 50.5997 187.321 -160.34 -76.528 103.878 -160.181 -33.057 -125.681 
-160.177 -100.212 -357.21 -160.141 -88.1543 72.0391 -160.117 5.7212 -377.867 
-160.038 -76.7394 -307.765 -159.909 -4.31303 -129.696 -159.749 -19.6062 -135.88 
-159.599 28.8527 -101.601 -159.335 47.8657 -79.3438 -159.216 92.9678 1.59148 
-159.195 -19.1384 -399.872 -158.81 -63.9538 -27.9414 -158.76 -11.1061 -212.902 
-158.731 -67.2314 -211.687 -158.73 -54.9105 -71.6295 -158.702 -46.2694 -115.345 
-158.698 -76.5131 -1.42062 -158.657 11.0407 -123.502 -158.628 -34.6684 -142.321 
-158.609 -37.2556 -176.513 -158.576 -23.7351 -186.6 -158.523 -88.9882 25.2652 
-158.497 63.8925 179.289 -158.465 -92.1665 55.4133 -158.227 -51.9108 -184.205 
-158.187 -21.2674 -152.388 -158.045 -36.0802 -159.156 -157.97 -33.6084 -400.301 
-157.767 -22.7387 -169.306 -157.625 -78.0278 -291.083 -157.344 -6.33012 -145.853 
-157.329 1.85322 -272.365 -157.314 -48.173 -132.082 -157.272 1.88551 -255.51 
-157.003 -56.9617 -88.2912 -156.905 2.23359 -289.093 -156.836 -10.4204 -196.061 
-156.808 -50.96 -166.217 -156.787 -80.6889 -257.398 -156.744 -93.6885 38.9367 
-156.744 -81.34 -240.663 -156.656 87.5736 149.649 -156.656 -79.3977 -274.293 
-156.581 9.32832 -393.23 -156.539 67.1868 -55.5563 -156.507 2.03226 -238.707 
-156.499 -89.1696 -317.167 -156.437 -49.6437 -148.988 -156.271 -75.3789 -397.488 
-156.101 -66.3905 -192.057 -155.983 -100.735 -342.452 -155.861 14.429 -350.649 
-155.774 12.6352 -334.047 -155.772 -105.231 -384.93 -155.756 -8.18691 -162.31 
-155.724 6.38449 -303.565 -155.702 -65.3476 -44.4918 -155.65 88.4104 -14.9328 
-155.628 -9.47169 -179.136 -155.549 26.1426 -117.267 -155.477 8.81078 -139.528 
-155.389 -59.0493 -104.998 -155.383 -81.1838 -224.005 -155.189 44.3325 -95.4386 
-155.087 2.22323 -221.895 -155 16.9789 -366.869 -154.898 75.2713 169.918 
-154.437 11.4397 -317.106 -154.341 -61.2234 -121.792 -154.308 -110.982 -367.585 
-154.24 -77.0815 -17.7856 -154.195 -65.4801 -173.705 -153.869 -80.7799 -211.096 
-153.517 -4.00461 -402.702 -153.439 -67.0961 -61.1518 -153.436 -90.0808 8.65239 
-153.375 -62.9553 -138.777 -153.339 -90.205 -300.529 -153.246 2.60944 -205.211 
-153.116 -64.3345 -156.051 -152.993 62.9128 -72.4701 -152.703 108.323 77.3563 
-152.594 20.3667 -382.291 -152.567 6.47805 -155.548 -152.416 108.923 60.3481 
-152.372 106.728 94.2333 -152.355 -80.376 -198.188 -152.172 84.1198 -31.512 
-152.014 13.1885 -298.543 -151.916 23.6433 -133.022 -151.89 -69.1214 -77.8908 
-151.875 108.34 43.4108 -151.745 -101.142 -326.517 -151.726 -61.6137 -400.02 
-151.646 3.46669 -188.595 -151.574 84.546 160.056 -151.423 -91.5352 -283.735 
-151.252 4.49075 -171.885 -151.223 104.174 110.84 -151.166 13.6231 -281.285 
-150.924 13.823 -264.43 -150.847 40.9572 -111.072 -150.726 -92.9227 -267.02 
-150.588 -93.8948 -250.395 -150.52 -71.3062 -94.6462 -150.45 -77.8447 -34.2635 
-150.395 106.126 26.5864 -150.377 -79.5056 -180.444 -150.241 14.2404 -247.646 
-150.054 -112.061 -351.88 -149.916 12.5717 199.883 -149.844 -3.46343 195.8 
-149.567 -94.1916 -233.73 -149.533 -73.6275 -111.47 -149.49 -90.4643 -395.921 
-149.419 100.817 127.026 -149.233 14.7121 -230.929 -149.13 -17.8002 188.107 
-149.112 28.8092 200.434 -148.96 58.9204 -89.0611 -148.94 -75.7593 -128.535 
-148.862 -78.5065 -163.18 -148.858 -90.4633 -7.80046 -148.621 79.9828 -48.1513 
-148.468 -77.3469 -145.844 -148.418 44.3061 197.101 -148.373 21.006 -148.852 
-148.239 28.152 -356.861 -148.203 26.4921 -340.895 -148.2 -102 35.0744 
-148.168 102.871 9.83562 -148.15 23.7001 -396.594 -148.143 -30.5445 178.85 
-148.032 -97.5823 66.9791 -147.953 -93.9635 -217.426 -147.71 -101.669 -310.159 
-147.703 -91.7254 82.7487 -147.535 15.021 -214.267 -147.516 -100.696 50.7857 
-147.299 -41.9551 167.847 -147.293 -84.8922 98.1939 -147.265 25.2663 -324.227 
-147.259 -78.9002 -50.8569 -147.106 30.6169 -372.436 -147.09 -77.3493 113.144 
-146.963 58.5538 190.233 -146.945 -52.1227 155.477 -146.934 -69.3761 127.793 
-146.837 -61.1529 142.083 -146.673 38.0696 -126.614 -146.379 -93.5698 -201.814 
-146.329 96.0483 142.583 -146.228 -46.5827 -402.157 -146.188 10.9195 -405.295 
-146.002 15.6942 -197.748 -145.713 -103.024 18.645 -145.708 18.2779 -164.879 
-145.381 24.4217 -307.201 -145.357 -112.246 -336.042 -145.348 98.8762 -6.81479 
-145.337 -17.9043 -404.646 -145.192 -102.889 -293.413 -145.065 -80.5433 -67.5554 
-144.963 16.5701 -181.197 -144.925 -118.368 -379.042 -144.876 -93.0019 -186.189 
-144.794 75.9766 -65.3255 -144.776 71.4822 181.244 -144.654 54.9249 -104.967 
-144.616 33.7285 -387.535 -144.532 -90.4831 -24.1837 -143.798 -82.6993 -84.3348 
-143.772 24.4766 -290.136 -143.634 -104.222 -276.632 -143.448 -92.2117 -170.078 
-143.105 -105.413 -259.899 -143.068 -85.2344 -101.163 -142.913 90.6889 156.747 
-142.732 24.6369 -273.339 -142.675 35.3564 -142.069 -142.672 -91.2728 -153.231 
-142.634 -87.6993 -118.216 -142.541 -121.815 -362.126 -142.502 -89.7408 -135.686 
-142.349 -106.287 -243.244 -142.349 83.3871 169.14 -142.092 94.4419 -23.3378 
-142.057 -103.452 2.06869 -142.045 25.1871 -256.652 -141.296 25.903 -239.95 
-141.29 -106.116 -392.24 -141.027 -112.392 -319.913 -140.959 -106.46 -226.522 
-140.87 -74.4177 -399.284 -140.717 71.9944 -82.3044 -140.492 -90.5983 -40.6883 
-140.212 26.6318 -223.329 -140.128 51.9828 -120.405 -139.968 40.8076 -362.967 
-139.77 39.3201 -347.588 -139.377 26.4254 -408.377 -139.302 42.1771 -397.259 
-139.278 -106.146 -209.997 -139.247 90.8827 -40.1833 -139.241 32.0913 -157.819 
-139.179 42.8613 -378.982 -138.838 27.3027 -206.777 -138.72 37.836 -331.479 
-138.176 114.882 68.8443 -138.097 113.565 85.7582 -138.036 -103.362 -14.39 
-137.98 115.062 51.8587 -137.946 -3.12141 -407.665 -137.837 -122.149 -345.833 
-137.705 -113.269 -303.317 -137.643 -105.61 -193.689 -137.415 111.537 102.47 
-137.412 -91.5613 -57.3163 -137.33 27.9361 -190.331 -137.261 113.816 34.94 
-137.253 29.3287 -173.896 -137.101 36.349 -315.058 -136.75 -31.6279 -404.471 
-136.703 67.5617 -98.8379 -136.227 -104.947 -177.376 -136.102 19.8421 205.983 
-136.046 108.587 118.842 -135.97 3.25097 202.851 -135.808 111.287 18.1465 
-135.779 86.9381 -57.3706 -135.719 36.9376 205.535 -135.662 -93.3096 -74.114 
-135.625 -114.539 -286.436 -135.465 49.5795 -135.449 -135.353 -104.222 -160.819 
-135.167 35.3316 -298.586 -135.117 -109.87 45.2813 -135.1 -105.827 61.4402 
-135.063 -95.8938 -90.9428 -135.021 -11.8455 195.42 -134.866 -103.096 -143.351 
-134.849 -112.988 28.9705 -134.838 -98.6945 -107.884 -134.729 -100.24 77.2689 
-134.696 -116.124 -269.586 -134.685 52.8273 200.303 -134.671 -101.118 -125.371 
-134.499 -59.6069 -401.337 -134.192 -93.2599 92.6627 -134.08 104.332 134.784 
-134.028 -25.247 185.655 -134.007 -117.342 -252.876 -133.717 -85.5735 107.673 
-133.664 107.752 1.51342 -133.6 -102.657 -30.7248 -133.488 34.895 -282.103 
-133.393 -122.125 -329.555 -133.302 -37.4007 174.745 -133.251 -77.0066 122.081 
-133.143 66.7983 192.011 -132.992 -114.674 12.2437 -132.924 -68.1119 136.122 
-132.919 62.8765 -114.934 -132.906 -48.5459 162.573 -132.825 -58.8081 149.749 
-132.78 -117.999 -236.032 -132.648 -89.1945 -397.146 -132.399 34.9337 -265.544 
-132.021 42.2784 -411.167 -131.995 99.0372 149.959 -131.771 -128.221 -372.729 
-131.553 45.935 -150.861 -131.545 35.5753 -248.933 -131.199 53.9926 -385.469 
-131.089 82.6092 177.636 -131.045 103.616 -15.0507 -131.021 -117.933 -219.216 
-131 52.7675 -370.467 -130.704 36.5196 -232.385 -130.565 51.1549 -354.746 
-130.549 83.3402 -75.1692 -130.502 -119.444 -387.556 -130.477 92.6484 163.656 
-130.305 11.6745 -409.898 -130.049 -115.289 -4.50064 -129.731 37.5343 -215.855 
-129.569 -102.53 -47.2183 -129.541 -122.568 -313.126 -129.256 -117.475 -202.488 
-129.224 49.4831 -338.996 -129.184 -130.64 -355.741 -128.909 42.2593 -166.699 
-128.702 54.9365 -400.38 -128.615 -16.8899 -406.529 -128.397 38.2591 -199.418 
-128.304 99.6174 -31.682 -127.829 39.6537 -182.904 -127.73 -116.855 -185.799 
-127.269 47.5216 -323.094 -127.24 -44.9253 -403.093 -126.912 -123.786 -296.319 
-126.899 -103.49 -63.956 -126.674 -116.224 -168.965 -126.479 78.7464 -92.1312 
-126.154 -115.426 -151.722 -126.102 -105.895 -80.7833 -125.923 -114.562 -20.9516 
-125.89 -108.785 -97.6625 -125.808 -113.843 -133.265 -125.73 -111.503 -114.894 
-125.563 95.9767 -48.6037 -125.499 -125.751 -279.486 -125.353 45.8544 -306.93 
-124.808 -130.787 -339.204 -124.777 -127.548 -262.695 -124.59 -73.3863 -399.473 
-124.123 -103.571 -394.378 -123.815 73.651 -108.826 -123.619 -128.548 -245.809 
-123.489 120.397 60.4962 -123.476 119.7 77.4371 -123.364 44.6074 -290.723 
-123.349 57.7137 -414.381 -123.221 120.016 43.5164 -123.007 26.561 -412.364 
-122.917 118.245 94.216 -122.916 66.0478 -126.489 -122.675 27.7558 212.697 
-122.33 118.178 26.6255 -122.317 92.0585 -65.6461 -122.267 9.84999 210.027 
-121.971 46.5619 209.37 -121.928 115.446 110.717 -121.896 -118.868 39.2332 
-121.887 63.4212 -378.948 -121.833 -128.682 -228.904 -121.693 -113.974 55.4441 
-121.613 43.7601 -274.384 -121.577 64.011 -390.892 -121.468 -122.783 22.6304 
-121.422 -113.59 -37.2576 -121.392 59.6186 -143.445 -121.269 -108.047 71.3671 
-121.178 -5.86405 203.2 -120.95 -2.12859 -408.566 -120.91 -131.097 -322.657 
-120.862 115.339 9.88625 -120.767 61.7543 201.886 -120.719 61.7333 -363.328 
-120.713 -101.109 86.9213 -120.632 43.9493 -257.928 -120.535 111.483 126.786 
-120.132 -128.624 -211.927 -120.131 -93.458 102.108 -119.825 -124.871 5.70234 
-119.775 -19.9621 193.21 -119.679 74.7316 192.51 -119.637 44.7302 -241.42 
-119.533 -84.9737 116.734 -119.167 67.9487 -403.089 -119.114 -30.3889 -404.811 
-119.107 60.4178 -347.216 -119.06 106.586 142.316 -119.024 -75.8969 130.877 
-119.008 -32.8121 182.066 -118.96 54.7485 -159.476 -118.824 84.9446 182.192 
-118.76 111.399 -6.59759 -118.737 45.8132 -224.913 -118.726 -66.3643 144.624 
-118.666 -44.9105 170.3 -118.59 -56.0166 157.757 -118.361 -128.031 -194.991 
-118.288 -136.685 -365.809 -118.132 93.6918 170.391 -118.126 101.008 157.052 
-117.966 -129.504 -381.356 -117.806 -113.484 -53.8479 -117.748 46.9284 -208.485 
-117.69 -132.134 -306.188 -117.504 51.0218 -175.658 -117.314 -58.2061 -401.21 
-117.086 -127.485 -178.031 -117.06 48.3928 -192.037 -116.898 -125.306 -11.0972 
-116.729 58.0367 -331.301 -116.254 -126.72 -160.946 -116.251 107.138 -23.0483 
-116.25 -115.184 -70.7029 -116.054 -118.106 -87.5394 -115.98 -121.053 -104.489 
-115.973 -125.623 -142.445 -115.889 -123.627 -121.827 -115.823 -87.3691 -397.049 
-115.759 -134.247 -289.451 -115.716 41.0192 -414.944 -115.143 -138.104 -349.008 
-114.72 -136.577 -272.648 -114.473 55.5365 -315.578 -114.037 -116.117 -390.352 
-113.875 103.428 -39.687 -113.671 71.772 -390.054 -113.647 -138.153 -255.763 
-113.561 88.9824 -85.6499 -113.389 12.6305 -410.448 -112.344 -124.241 -27.4278 
-112.174 53.3812 -299.536 -112.065 -138.734 -238.756 -111.993 83.7539 -101.758 
-111.896 94.6555 -71.5062 -111.687 99.3502 -56.2442 -111.378 -15.6452 -406.555 
-111.369 -138.924 -332.555 -110.88 71.7259 -373.91 -110.384 -139.005 -221.656 
-110.213 78.075 -118.574 -110.082 51.7525 -283.358 -109.702 -43.5372 -402.821 
-109.356 54.4305 -416.324 -108.775 72.0523 -135.548 -108.725 69.7081 -356.756 
-108.676 16.7407 217.096 -108.58 50.9528 -267.039 -108.576 32.6076 217.63 
-108.558 -138.546 -204.483 -108.492 39.7133 216.444 -108.484 124.66 69.1859 
-108.407 124.483 52.221 -108.237 -127.386 32.7162 -108.186 -123.202 -43.8253 
-108.183 -140.017 -315.977 -108.094 -121.919 49.1214 -108.061 123.607 86.0748 
-107.956 123.606 35.2613 -107.881 -71.8753 -399.118 -107.753 0.177633 211.624 
-107.722 -131.585 15.9229 -107.646 -115.459 65.1542 -107.579 56.7209 210.366 
-107.463 51.2887 -250.52 -107.244 66.5495 -152.116 -107.217 121.229 102.725 
-107.067 -108.31 80.8773 -107.004 121.074 18.4772 -106.986 -137.968 -187.362 
-106.983 -100.86 -394.507 -106.719 70.7196 201.575 -106.646 67.7637 -415.544 
-106.425 52.1659 -233.977 -106.407 -100.721 96.2923 -106.227 117.359 118.985 
-106.163 -137.581 -170.361 -106.108 67.4164 -340.378 -106.056 27.3953 -412.194 
-106 -133.712 -1.00575 -105.981 -14.7425 201.932 -105.861 61.7272 -168.451 
-105.826 82.6449 190.735 -105.777 -123.922 -60.6432 -105.776 -141.91 -299.417 
-105.774 -92.5739 111.291 -105.655 -136.859 -154.059 -105.543 53.4477 -217.516 
-105.499 -134.784 -126.57 -105.465 117.495 1.96463 -105.439 -132.698 -111.073 
-105.435 -135.86 -139.69 -105.366 -138.784 -375.107 -105.224 -129.663 -94.2936 
-105.15 112.762 134.784 -105.147 -83.6861 125.75 -105.111 57.9995 -184.87 
-105.094 -126.375 -77.5041 -104.995 55.3122 -201.187 -104.879 92.5962 178.159 
-104.777 -28.5685 190.618 -104.706 -74.4159 139.897 -104.594 -144.172 -358.925 
-104.436 -64.3555 153.487 -104.399 107.484 150.146 -104.365 -41.4648 178.72 
-104.337 -53.3611 166.456 -104.32 100.897 164.718 -104.307 -144.506 -282.682 
-104.152 77.5084 -403.39 -103.751 -0.924118 -408.432 -103.431 113.417 -14.3559 
-103.152 64.6863 -324.387 -103.115 -146.824 -265.89 -102.837 -127.431 -386.012 
-102.283 -133.841 -17.6363 -101.867 -28.8596 -404.591 -101.824 -148.172 -248.78 
-101.286 -145.667 -342.41 -101.279 109.653 -30.8068 -100.576 77.118 -365.829 
-100.462 61.6157 -308.479 -100.158 -56.8936 -400.887 -100.097 -148.68 -231.54 
-99.7735 80.6461 -387.875 -99.464 105.859 -47.2437 -99.3591 97.3352 -78.4867 
-99.127 41.9302 -413.915 -98.9772 92.3922 -94.2443 -98.9291 -85.5141 -396.881 
-98.5569 101.797 -63.2704 -98.2483 -148.517 -214.142 -98.1096 -147.293 -326.083 
-97.906 58.7908 -292.464 -97.5803 -132.257 -33.8437 -97.4299 87.1483 -110.852 
-97.4024 -113.435 -391.568 -96.5122 -147.979 -196.792 -96.3134 13.9 -410.168 
-96.252 75.1894 -349.943 -95.9139 81.8487 -127.8 -95.8079 56.8096 -276.267 
-95.5272 -149.345 -309.616 -95.5148 -147.665 -179.668 -95.0487 -147.281 -163.264 
-94.9144 22.9981 223.692 -94.6889 -146.471 -147.882 -94.571 -145.298 -132.623 
-94.5612 6.5203 220.554 -94.4943 37.7849 222.464 -94.4354 76.53 -144.671 
-94.4144 56.1788 -259.908 -94.3959 -131.814 -50.6089 -94.3647 -143.573 -116.49 
-94.2292 -14.1297 -406.326 -94.1492 -129.201 42.3682 -94.0866 81.7242 -373.082 
-94.0025 -134.817 25.7053 -93.9826 -140.783 -100.538 -93.9166 -122.53 58.7058 
-93.9085 52.1216 217.886 -93.7085 -151.807 -292.986 -93.5786 -137.314 -84.0959 
-93.4067 -115.143 74.6384 -93.3592 56.9255 -243.246 -93.3058 -133.753 -67.472 
-93.2274 55.874 -415.287 -93.1722 71.2421 -161.206 -93.0863 126.825 44.0309 
-93.0541 127.373 60.9709 -93.0176 -138.792 8.90259 -92.9746 66.1251 209.894 
-92.8862 -9.638 212.073 -92.8213 -147.88 -368.832 -92.7825 127.245 77.9049 
-92.7019 -107.587 90.26 -92.5052 125.165 27.2057 -92.4416 -42.0784 -402.67 
-92.4376 58.1415 -226.613 -92.3507 -154.716 -276.284 -92.2883 66.7018 -177.586 
-92.221 125.293 94.7039 -92.039 78.8319 199.29 -92.0151 -99.6909 105.576 
-91.8235 72.5464 -334.054 -91.775 59.9491 -210.106 -91.5998 62.6135 -193.74 
-91.4543 121.946 10.6799 -91.411 121.76 111.161 -91.2616 -91.0736 120.38 
-91.1518 -156.909 -259.055 -91.1456 89.6222 186.678 -91.1159 -137.917 -381.402 
-90.9749 -24.6926 200.202 -90.941 -70.3829 -398.817 -90.6852 117.425 127.323 
-90.668 -82.2013 134.923 -90.6662 -151.362 -352.356 -90.3508 98.5576 172.802 
-90.2896 -72.7825 149.117 -90.2085 -62.557 162.942 -90.1166 -51.1278 175.879 
-90.1114 -38.4612 187.947 -90.0984 112.412 143.106 -90.0218 -98.8487 -394.759 
-90.0101 106.16 158.289 -89.9328 118.219 -5.64156 -89.9297 -140.21 -7.66974 
-89.6325 -158.013 -241.621 -89.571 71.3993 -414.366 -89.1873 28.7956 -411.803 
-88.4344 69.3278 -317.711 -88.1044 114.725 -21.9677 -87.7794 -158.265 -223.828 
-87.6593 81.2587 -359.04 -87.4473 -153.216 -336.141 -87.421 84.2892 -403.529 
-86.8841 -124.847 -388.161 -86.7117 0.688896 -408.099 -86.3537 111.21 -38.3517 
-85.8515 -157.793 -206.163 -85.3885 65.1365 -301.742 -85.294 -139.739 -23.7441 
-85.2224 107.421 -54.5478 -85.1504 99.3485 -86.24 -85.1325 103.621 -70.4112 
-84.7646 -155.686 -319.939 -84.7339 -27.32 -404.388 -84.5054 -157.335 -188.805 
-84.3485 87.7299 -385.396 -84.1734 94.6024 -102.742 -83.9086 -157.049 -172.005 
-83.5951 -156.534 -155.761 -83.172 -155.383 -139.634 -83.0811 -55.4735 -400.663 
-82.8309 -158.741 -303.605 -82.7789 61.7197 -285.682 -82.7382 -153.728 -123.133 
-82.6408 89.5987 -119.717 -82.4577 43.6704 -413.6 -82.2044 -151.185 -106.691 
-82.0036 -138.692 -40.5343 -81.9838 -83.8744 -396.646 -81.6692 79.0435 -344.653 
-81.3109 -147.281 -90.6246 -81.2248 -161.697 -286.963 -80.9888 84.3202 -136.773 
-80.9875 59.8867 -269.408 -80.7894 -111.381 -391.986 -80.6889 -143.288 -74.2313 
-80.616 13.7633 227.983 -80.5782 -139.936 -57.5687 -80.4685 -3.96029 223.121 
-80.2263 30.3898 227.97 -79.943 -164.556 -269.71 -79.925 -128.965 51.8128 
-79.8085 60.0859 -252.767 -79.7923 -121.366 68.1595 -79.6287 79.2676 -153.666 
-79.6255 46.3823 224.686 -79.5751 -135.529 34.989 -79.5188 -147.985 -375.789 
-79.4319 15.6799 -409.688 -79.4086 -155.708 -362.462 -78.9685 -113.788 83.9088 
-78.8591 -140.638 18.0134 -78.8569 60.9898 -235.981 -78.7838 61.0514 217.627 
-78.7208 -166.589 -252.069 -78.5954 74.1239 -170.177 -78.2857 -22.1769 211.001 
-78.1514 62.6762 -219.272 -78.1256 -106.104 99.3497 -77.9934 87.1786 -370.339 
-77.9236 69.5174 -186.431 -77.8731 128.055 52.8253 -77.7701 65.4045 -202.691 
-77.7606 127.139 36.0356 -77.7598 73.9812 207.385 -77.4865 128.007 69.6831 
-77.2997 -97.8444 114.466 -77.165 -12.4578 -406.02 -77.0512 124.794 19.4498 
-77.0054 -167.502 -233.754 -76.9333 85.3897 195.206 -76.9194 126.838 86.5106 
-76.8089 -144.026 1.4175 -76.6195 -89.4117 129.468 -76.5543 75.7561 -328.033 
-76.5521 58.6129 -414.952 -76.4536 -158.495 -346.486 -76.3935 -135.805 -384.25 
-76.3706 124.056 103.176 -76.2911 -35.6045 198.138 -76.2381 95.1377 181.483 
-76.1388 -80.5996 144.17 -76.0017 -71.2437 158.64 -75.917 121.58 3.1274 
-75.8704 -60.6655 172.371 -75.8248 119.955 119.521 -75.7838 -48.5622 185.209 
-75.6235 103.244 166.826 -75.4641 115.327 135.658 -75.3301 109.682 151.371 
-75.3254 -40.5705 -402.501 -75.0313 -167.409 -215.296 -74.881 89.2941 -396.579 
-74.3913 118.194 -13.085 -73.9936 -68.8765 -398.438 -73.7444 -160.925 -330.35 
-73.3092 -166.748 -197.738 -73.1584 -97.1445 -394.344 -72.8034 115.198 -29.42 
-72.7205 71.1722 -311.051 -72.3792 30.6852 -411.459 -72.3247 -166.236 -180.683 
-71.8523 85.0626 -356.111 -71.8452 -165.73 -163.951 -71.5041 -164.281 -314.221 
-71.4982 74.3206 -414.079 -71.4855 111.845 -45.7017 -71.328 -164.751 -147.32 
-71.1545 -122.918 -388.65 -70.9958 -145.112 -13.6945 -70.8059 108.239 -61.8737 
-70.7 -163.159 -130.614 -70.6804 104.49 -77.9791 -70.2635 100.168 -94.3038 
-69.9484 -160.689 -113.865 -69.8712 -168.048 -297.863 -69.7902 2.53212 -407.57 
-69.6969 66.2822 -295.24 -69.1066 95.5264 -111.144 -68.8983 -156.822 -97.37 
-68.3718 -171.189 -280.968 -68.0463 91.6183 -382.305 -67.9493 -144.329 -30.2654 
-67.6044 -25.7019 -404.12 -67.5547 -151.805 -81.2454 -67.4596 62.9913 -279.12 
-67.4595 -11.5968 228.89 -67.1977 90.4601 -128.434 -67.1629 -173.929 -263.502 
-66.9865 -144.956 -47.6433 -66.9765 -155.593 -371.881 -66.9166 -147.813 -64.6794 
-66.5877 -146.611 -379.713 -66.513 -22.4965 222.436 -66.3491 4.48419 231.574 
-66.3286 81.8716 -341.62 -66.2394 -126.929 61.2786 -66.0262 -53.853 -400.356 
-65.9882 62.1132 -262.474 -65.9038 45.6141 -413.141 -65.5823 -175.793 -243.873 
-65.3661 85.0721 -145.616 -65.3547 21.3805 231.197 -65.2809 -119.344 77.1316 
-65.0815 -82.4178 -396.091 -65.0063 62.3179 -245.51 -64.8906 86.4858 -406.15 
-64.7693 38.0279 229.168 -64.7169 -162.513 -357.912 -64.4047 63.6447 -228.523 
-64.2815 -111.751 92.7039 -64.281 -134.911 43.4335 -64.1964 -109.735 -391.672 
-64.1936 -35.3297 210.26 -64.1448 54.1785 224.386 -64.1188 79.8246 -162.448 
-63.8582 66.1366 -211.735 -63.7729 -176.51 -224.002 -63.6086 -140.857 26.1135 
-63.5534 69.9516 -195.201 -63.4654 74.7123 -178.947 -63.3774 -103.959 108.1 
-63.2728 68.5269 215.475 -63.2586 -144.798 9.06405 -62.8179 126.952 44.826 
-62.6182 127.299 61.5269 -62.5809 -95.8705 123.374 -62.5689 17.5733 -409.269 
-62.4302 125.709 28.2503 -62.3968 80.5027 203.547 -62.2881 -165.706 -341.144 
-62.0239 -46.7325 195.629 -62.003 126.189 78.2413 -61.9834 -87.5893 138.483 
-61.8416 -175.822 -206.374 -61.7691 -134.388 -384.816 -61.7072 -78.9552 153.385 
-61.6875 90.728 190.084 -61.591 -69.378 167.757 -61.5784 123.279 11.9658 
-61.3985 90.1634 -367.86 -61.3814 -58.2147 181.56 -61.3612 124.389 95.0039 
-61.104 99.139 175.341 -60.9197 120.998 111.555 -60.7071 105.941 159.853 
-60.6534 116.736 127.884 -60.5481 111.664 143.971 -60.4284 -174.925 -189.196 
-60.3505 120.411 -4.21617 -60.0722 -10.7999 -405.576 -59.9166 60.8828 -414.358 
-59.8712 -168.672 -324.855 -59.8657 76.3288 -319.665 -59.5389 -174.124 -172.271 
-58.8989 117.585 -20.429 -58.8149 -173.088 -155.37 -58.0918 -38.9503 -402.148 
-58.0532 -171.596 -138.451 -57.9529 92.4375 -393.72 -57.9108 -172.598 -308.772 
-57.5487 114.839 -36.7325 -57.0421 -168.98 -121.554 -57.0322 -67.3799 -398.112 
-56.6456 111.586 -53.0198 -56.4934 71.151 -304.397 -56.3393 -176.594 -292.459 
-56.3125 -95.8197 -393.831 -56.1149 107.984 -69.3744 -55.9483 -165.497 -104.735 
-55.8619 104.127 -85.7364 -55.6544 32.4986 -411.142 -55.5099 87.0879 -353.507 
-55.367 99.6542 -102.266 -55.0859 -121.969 -388.186 -54.9629 -179.869 -275.729 
-54.8112 -148.445 -379.22 -54.4866 -160.304 -88.3954 -54.2526 -36.2771 224.685 
-54.1381 94.6826 -119.225 -54.1094 76.7034 -413.107 -53.7866 -182.101 -259.87 
-53.7517 66.4987 -289.007 -53.3953 -131.354 54.1222 -53.3713 -21.1838 232.891 
-53.1096 -154.808 -72.1146 -52.7356 4.16185 -407.269 -52.709 -183.287 -246.729 
-52.3943 -162.461 -370.345 -52.3175 -150.333 -55.3257 -51.8913 -4.75492 235.015 
-51.8685 -147.741 -37.8072 -51.7998 63.6025 -272.694 -51.7802 -124.21 69.8825 
-51.4051 -184.052 -231.821 -51.1876 -147.13 -19.9465 -50.9558 93.6226 -380.263 
-50.7399 62.7247 -255.571 -50.7227 -48.7815 208.889 -50.6821 63.6111 -237.937 
-50.6161 83.7487 -339.892 -50.6144 11.9981 234.089 -50.4898 -116.865 85.5699 
-50.3016 -24.1529 -403.751 -50.2257 88.9469 -137.609 -50.218 65.5839 -220.75 
-49.6872 -183.859 -214.901 -49.6835 28.7916 232.058 -49.6052 -169.354 -354.286 
-49.4954 -109.52 101.255 -49.4488 -146.445 -1.55877 -49.4296 68.6673 -204.014 
-49.3732 47.4331 -412.745 -49.2121 45.5234 228.85 -48.9571 -52.4254 -399.959 
-48.7339 73.1609 -187.649 -48.6736 83.2899 -154.715 -48.5892 -101.854 116.711 
-48.5323 61.5283 222.8 -48.3723 78.1159 -171.3 -48.2121 -81.1792 -395.85 
-48.0504 -182.899 -197.74 -48.0356 -172.21 -335.991 -47.9999 -143.94 16.1194 
-47.9121 124.927 53.4392 -47.808 -93.8798 132.069 -47.7786 124.63 36.9678 
-47.7313 89.0533 -404.814 -47.7118 74.876 211.677 -47.6067 -108.904 -391.055 
-47.565 124.27 70.0084 -47.5226 -57.7821 191.715 -47.3497 -85.7846 147.294 
-47.1336 123.255 20.7416 -47.0756 -77.0435 162.22 -46.9185 122.687 86.616 
-46.9116 85.5478 198.168 -46.8618 -181.806 -180.726 -46.815 -67.2998 176.701 
-46.8036 80.2414 -327.175 -46.3903 120.41 103.308 -46.36 94.1476 183.42 
-46.3379 -135.182 -384.108 -46.1347 116.675 119.778 -46.1019 -139.541 32.6385 
-46.0895 121.308 4.61679 -46.0326 101.183 167.981 -45.9259 112.332 136.099 
-45.8942 107.138 152.175 -45.7679 -180.449 -163.7 -45.7224 -175.784 -319.696 
-45.6423 19.1496 -409.053 -44.7535 118.979 -11.5363 -44.7239 -178.81 -146.613 
-44.557 91.2703 -365.539 -43.805 -180.021 -303.569 -43.5325 -176.128 -129.57 
-43.3833 62.75 -413.894 -43.3794 116.402 -27.7306 -43.3084 75.7562 -313.001 
-42.6834 -9.26875 -405.188 -42.4546 -172.706 -112.707 -42.3604 113.252 -43.9782 
-42.2295 -184.001 -287.271 -42.0348 -134.146 47.2826 -41.7351 -48.957 227.972 
-41.6605 109.927 -60.4471 -41.4987 92.6142 -125.899 -41.2384 105.977 -76.8925 
-41.1875 101.71 -93.2843 -41.0036 -167.755 -95.9947 -40.9904 97.1501 -109.748 
-40.9556 -187.056 -271.239 -40.8345 -37.6041 -401.654 -40.7208 94.2821 -393.389 
-40.1626 70.6098 -298.724 -40.1166 -66.224 -397.715 -39.7041 -188.889 -256.038 
-39.6035 -94.88 -393.577 -39.5196 -161.893 -79.6157 -39.4586 -152.418 -378.27 
-39.2799 -32.6531 233.81 -39.206 -56.7286 217.291 -39.0646 34.0819 -410.734 
-39.0095 87.9098 -350.741 -38.9787 -122.079 -387.63 -38.699 -127.784 62.0909 
-38.28 -189.947 -240.292 -38.1505 -155.872 -63.1143 -37.5779 63.1081 -247.188 
-37.3316 77.7645 -412.741 -37.3029 66.3305 -283.471 -37.2403 64.6599 -229.59 
-37.0577 -150.96 -46.0975 -37.0467 -15.3954 235.876 -36.9739 -174.812 -347.279 
-36.8436 -121.16 77.8759 -36.7367 -190.218 -223.591 -36.1106 2.08103 236.106 
-36.0548 -148.108 -28.7097 -35.857 66.7347 -212.9 -35.7834 -167.55 -367.895 
-35.5903 -114.247 93.7468 -35.4063 5.62346 -406.846 -35.0843 19.2497 234.892 
-35.0262 -189.455 -206.554 -34.9182 63.6224 -267.265 -34.8941 -61.6031 202.572 
-34.8217 -146.595 -11.2773 -34.6301 70.3856 -196.419 -34.5747 -107.148 109.494 
-34.4847 84.2448 -336.74 -34.4641 36.2768 232.299 -33.8708 94.0067 -378.571 
-33.8106 53.0388 228.552 -33.6235 -99.5619 124.988 -33.5416 74.9757 -180.036 
-33.538 -188.086 -189.475 -33.415 -178.04 -330.867 -33.2061 121.978 45.46 
-33.1365 121.531 61.8219 -33.0918 68.2988 219.578 -33.0622 -144.61 6.0556 
-33.0057 48.9732 -412.481 -32.9318 79.6573 -163.493 -32.9245 -91.8097 140.45 
-32.7721 -22.791 -403.22 -32.7471 121.7 29.3141 -32.6994 120.306 78.2757 
-32.5737 -66.9266 186.192 -32.4488 -83.7973 155.74 -32.4273 84.4674 -147.146 
-32.3209 80.0716 206.22 -32.2266 -186.661 -172.326 -32.1671 -74.995 170.634 
-32.1579 118.427 94.8299 -31.8743 120.399 13.2804 -31.8492 -51.2969 -399.266 
-31.7849 88.9337 191.295 -31.7269 115.548 111.372 -31.5644 111.611 127.778 
-31.4567 107.199 144.047 -31.4498 96.087 175.851 -31.4365 -80.2578 -395.426 
-31.3285 102.103 160.066 -31.0592 -108.633 -390.714 -31.0119 -182.077 -314.619 
-30.9886 -184.834 -155.147 -30.9607 -136.668 -383.443 -30.9097 -141.051 22.7727 
-30.6986 89.3969 -406.84 -30.5793 118.796 -2.78549 -30.5513 79.981 -322.538 
-30.3023 89.1566 -131.853 -30.0066 62.9785 -252.763 -29.7425 -182.327 -137.978 
-29.6331 -175.227 -355.098 -29.0969 -186.29 -298.33 -29.0219 116.184 -18.7463 
-28.7218 20.589 -408.572 -28.4468 -178.632 -120.978 -28.4159 -135.847 38.5017 
-27.7967 113.18 -34.8721 -27.7831 91.4052 -362.965 -27.6404 93.3148 -116.68 
-27.4119 -189.919 -281.955 -27.2067 109.937 -51.2923 -27.1645 -174.163 -104.08 
-27.0935 75.069 -308.117 -26.95 63.9292 -413.735 -26.9386 97.5566 -100.55 
-26.8237 106.177 -67.7888 -26.7257 101.974 -84.2069 -26.2069 -59.7092 229.018 
-25.9152 -192.359 -265.642 -25.7491 -168.467 -87.334 -25.6901 -129.866 53.7707 
-25.5807 63.6779 -237.862 -24.8229 -8.00354 -404.895 -24.8152 -43.2161 233.6 
-24.3925 -193.545 -249.352 -24.2787 -161.72 -71.0247 -23.7562 69.8467 -293.467 
-23.6405 94.9085 -393.012 -23.4773 -36.5692 -401.1 -23.3847 -124.028 69.5013 
-23.2062 -65.3697 -397.198 -23.1751 -157.945 -376.057 -23.0344 -67.7274 214.059 
-23.0113 64.6927 -221.71 -22.9482 -94.4934 -393.103 -22.9249 -25.7832 234.858 
-22.8788 -194.1 -232.705 -22.843 -155.158 -54.5365 -22.7618 -122.568 -387.082 
-22.6861 35.4662 -410.401 -22.541 87.9223 -347.72 -22.3364 -179.276 -341.805 
-21.8231 -117.963 85.5618 -21.7978 -8.19658 235.93 -21.603 -150.037 -37.7066 
-21.2905 -193.751 -215.718 -21.1878 66.7599 -205.158 -20.8198 9.35802 236.331 
-20.6406 65.837 -278.038 -20.6189 -111.635 101.641 -20.5682 77.7796 -412.937 
-20.2783 -146.502 -20.7028 -19.9804 26.7142 235.286 -19.7294 -192.605 -198.63 
-19.6097 70.512 -188.712 -19.4692 -104.681 117.396 -19.3784 -69.6567 196.907 
-19.2697 43.7482 232.257 -18.6458 118.577 53.7414 -18.6402 -143.755 -3.75784 
-18.5647 60.221 226.71 -18.4784 -97.0433 132.796 -18.4645 118.916 37.5951 
-18.3936 117.815 70.0293 -18.318 -191.169 -181.492 -18.3019 74.8978 -172.197 
-18.2001 83.7755 -332.848 -18.1903 -182.834 -325.694 -17.9811 -171.674 -366.592 
-17.957 116.164 86.4132 -17.8716 118.264 21.5597 -17.8131 74.3086 214.166 
-17.7469 -89.3772 148.255 -17.4743 63.45 -262.277 -17.4657 113.947 102.883 
-17.4573 -73.6327 179.361 -17.3637 6.87465 -406.615 -17.3146 79.2092 -155.723 
-17.2164 110.624 119.338 -17.2025 83.9324 199.135 -17.1897 -81.3297 163.533 
-17.0233 106.656 135.663 -17.015 -189.416 -164.257 -16.9842 116.775 5.31002 
-16.9762 93.8007 -376.328 -16.9423 50.2934 -412.053 -16.883 91.0473 183.615 
-16.8602 102.089 151.808 -16.7851 96.8664 167.754 -16.6948 -140.462 12.8463 
-16.0694 83.5915 -139.643 -15.9162 -137.029 -382.892 -15.7521 -187.099 -146.958 
-15.7425 -186.946 -309.317 -15.4311 114.658 -10.5579 -15.1407 -21.8258 -402.897 
-14.7992 -50.6353 -398.922 -14.7023 -79.799 -395.082 -14.6819 -108.853 -390.152 
-14.6166 -136.161 29.0518 -14.4497 87.9146 -123.778 -14.4235 -183.692 -129.781 
-14.3545 79.1252 -318.077 -13.9996 62.9169 -246.566 -13.7668 -190.938 -292.789 
-13.7394 90.199 -406.609 -13.1497 111.668 -25.9471 -13.1446 92.3686 -107.746 
-13.0611 -179.007 -112.756 -12.514 96.8084 -91.5084 -12.4229 108.503 -42.1673 
-12.3457 -130.963 44.7987 -12.3195 105.21 -58.7169 -12.2871 101.189 -75.1357 
-12.1841 21.7558 -408.324 -11.9593 -179.41 -352.587 -11.8888 -193.614 -275.976 
-11.7303 -173.502 -95.9605 -11.334 -148.561 -379.276 -11.1122 91.0792 -359.966 
-10.9365 63.0246 -230.568 -10.8928 74.0769 -303.231 -10.7265 64.6924 -413.059 
-10.3684 -167.07 -79.4061 -10.1221 -194.842 -259.14 -10.0846 -125.653 60.6389 
-9.10765 -53.5084 231.887 -8.95744 -159.986 -63.1281 -8.95215 -70.4025 224.845 
-8.53285 -195.178 -242.252 -8.40489 -35.7528 233.47 -8.39238 63.8507 -214.224 
-8.20714 -120.421 76.8268 -7.58026 69.0729 -288.098 -7.51512 -153.156 -46.658 
-7.39242 -18.1537 234.596 -7.16743 36.6462 -409.943 -7.02307 -195.175 -225.274 
-6.97491 -123.347 -386.157 -6.74724 -114.994 93.1599 -6.69148 95.1411 -391.041 
-6.59568 -6.99556 -404.624 -6.52264 -0.584321 235.421 -6.44118 -74.1201 207.391 
-6.39457 -94.5263 -392.637 -6.32004 66.3066 -197.621 -6.31273 -65.075 -396.741 
-6.25951 -35.931 -400.62 -6.21767 -182.964 -336.985 -6.2134 -162.997 -373.894 
-6.12873 87.3835 -344.08 -6.08346 -147.338 -30.2267 -5.57693 16.8694 236.043 
-5.55387 -194.945 -208.217 -5.47771 -109.006 109.234 -4.77274 34.2142 235.078 
-4.56549 -143.175 -13.5906 -4.53651 70.2384 -181.089 -4.4318 65.3878 -272.469 
-4.27308 -101.678 124.665 -4.12867 -193.778 -191.099 -4.07006 51.1527 231.938 
-4.06135 116.006 45.6509 -4.05071 78.8008 -412.302 -3.98894 115.334 61.8461 
-3.95687 116.004 29.3353 -3.91984 114.603 12.9045 -3.67122 113.952 78.0973 
-3.37783 112.932 -3.38769 -3.33982 66.5552 223.479 -3.20931 -94.0896 140.037 
-3.2005 112.246 94.4805 -3.03591 74.3998 -164.523 -2.90975 -74.0877 188.488 
-2.89225 109.707 110.975 -2.86052 -139.461 2.97388 -2.76345 -192.142 -173.848 
-2.61683 106.361 127.361 -2.57875 79.2647 206.263 -2.48206 -186.649 -320.392 
-2.40868 102.267 143.574 -2.26562 86.5619 191.189 -2.25724 97.5811 159.624 
-2.18761 -86.2156 155.22 -2.1475 92.608 175.584 -1.90218 82.8954 -328.778 
-1.70491 78.4534 -148.093 -1.5121 -190.084 -156.429 -1.29231 63.2866 -256.551 
-1.28829 -78.7103 170.597 -1.25623 51.3534 -411.376 -1.00131 -135.781 19.4064 
-0.953887 22.4447 -408.016 -0.864225 -176.152 -363.722 -0.550248 -137.537 -381.956 
-0.415578 82.3524 -131.702 -0.229586 -187.257 -139.062 -0.102904 93.4999 -373.264 
-0.054189 -190.213 -303.649 0.79192 86.8854 -115.425 1.10733 -183.058 -121.868 
1.12593 -131.512 35.5156 1.62062 -109.434 -389.291 1.64534 62.4966 -240.306 
1.73173 91.578 -99.1714 1.86273 77.8803 -313.511 1.98766 -79.6937 -394.411 
2.14204 -193.188 -286.764 2.1704 -50.3191 -398.403 2.29388 96.3971 -82.9038 
2.38003 -21.1636 -402.339 2.43262 -177.479 -105.003 2.53533 100.816 -66.5096 
2.59151 8.03834 -406.151 2.73303 104.478 -49.9494 2.94256 92.2668 -405.62 
2.97947 107.413 -33.1536 3.33776 -126.993 51.577 3.69321 -171.228 -88.3735 
4.12669 -194.967 -269.662 4.45414 62.8664 -224.006 4.77662 -151.861 -377.731 
4.83016 110.352 -15.5199 4.97455 -164.212 -72.0404 5.19142 -181.905 -348.45 
5.28394 -122.279 67.8025 5.29094 65.8836 -412.426 5.29642 72.6656 -298.251 
5.58326 90.5452 -356.213 5.83304 -195.237 -252.478 6.30045 -156.965 -55.7588 
6.79147 64.0557 -207.302 6.7991 -75.7214 200.116 6.96916 -117.301 84.159 
7.20479 37.4951 -409.415 7.24028 -45.6091 231.605 7.33477 -195.316 -235.327 
7.4828 -27.8165 232.786 7.71603 -149.829 -39.5863 7.77867 -63.8347 228.923 
8.00802 -10.2461 233.925 8.29634 -76.5349 217.003 8.43054 -112.128 100.46 
8.56123 67.8543 -282.843 8.75797 7.16802 234.783 8.79837 -195.372 -218.154 
8.81305 112.322 3.33128 8.82279 -124.466 -385.047 8.85683 67.2707 -190.582 
9.35546 -144.261 -23.1582 9.62877 24.4768 235.199 9.77298 -105.731 116.237 
9.80444 113.867 20.3212 10.1678 -94.6919 -391.864 10.2015 95.3722 -388.24 
10.2145 -195.063 -200.954 10.2803 -185.521 -331.726 10.2809 114.532 37.0025 
10.2895 86.5935 -339.941 10.4257 41.6975 234.896 10.4596 -167.45 -372.22 
10.4876 -64.865 -396.148 10.5737 114.528 53.484 10.7303 71.731 -174.074 
10.8583 -35.5549 -399.999 10.8766 113.908 69.9083 11.031 -139.943 -6.66521 
11.0578 -98.3499 131.634 11.085 58.4276 231.394 11.209 -6.26846 -403.926 
11.2315 112.428 86.3846 11.5421 -193.599 -183.738 11.5611 110.181 102.882 
11.691 64.793 -266.859 11.8143 69.4547 221.439 11.8412 107.528 119.377 
12.1199 76.1272 211.968 12.1451 103.877 135.658 12.3471 99.8476 151.885 
12.3968 -90.4679 146.85 12.4312 75.8974 -157.453 12.4632 83.2317 198.636 
12.4897 94.9988 167.873 12.5073 80.9008 -412.016 12.5459 89.58 183.64 
12.8102 -136.19 9.8449 12.8116 -191.762 -166.243 13.4602 23.2486 -407.55 
13.5476 -188.481 -314.547 13.7253 -82.5316 161.641 13.9368 79.9964 -140.873 
14.0783 -189.251 -148.749 14.0972 52.3375 -410.856 14.4043 81.7871 -324.177 
14.6524 63.2947 -250.598 14.7518 -132.453 26.2279 15.1463 84.6604 -124.436 
15.157 -139.464 -380.644 15.3725 -185.704 -131.401 15.4373 -76.2436 176.856 
15.9815 -191.421 -297.465 16.1886 89.398 -108.112 16.6634 -180.917 -114.268 
16.7353 -178.404 -359.828 16.8594 -128.899 42.5586 16.9896 94.06 -91.7561 
17.0057 93.2282 -369.256 17.4363 63.322 -234.15 17.475 98.4601 -75.1951 
17.7337 102.647 -58.5419 17.8656 -174.851 -97.5672 17.8782 -74.5295 192.508 
17.9137 -110.17 -388.294 18.0346 76.4131 -308.656 18.2235 105.972 -41.7029 
18.3347 -194.023 -280.414 18.6105 -79.522 -393.815 18.8649 -124.862 58.8973 
19.0229 -168.116 -81.0947 19.1161 -50.0981 -397.661 19.2161 108.797 -24.5285 
19.6327 -20.7948 -401.636 19.8691 94.3127 -403.672 19.9457 64.3656 -217.518 
20.156 -195.1 -263.102 20.1946 -160.72 -64.8451 20.4513 8.77129 -405.44 
20.6298 -120.048 75.1905 21.076 -154.952 -376.383 21.2043 111.859 -6.89122 
21.4325 71.299 -293.15 21.4624 -153.662 -48.6253 21.5416 67.4293 -412.117 
21.5472 -75.7396 207.682 21.7679 -195.221 -245.764 22.0492 38.3058 -408.924 
22.0632 67.1582 -200.867 22.2077 -114.905 91.4953 22.3721 89.6751 -351.473 
22.6312 -183.322 -343.244 22.9651 113.946 10.6115 22.9894 -19.5612 232.12 
23.0284 -147.182 -32.388 23.1517 -37.1268 231.083 23.169 -195.237 -228.414 
23.3139 -2.22421 233.172 23.703 -109.391 107.529 23.8791 -54.8825 229.125 
23.9978 14.924 233.998 24.0931 70.9408 -184.269 24.1619 115.533 27.7607 
24.1902 -71.0976 222.436 24.5432 -195.018 -211.115 24.644 67.02 -277.31 
24.8153 116.204 44.6524 24.8318 -142.328 -15.9341 24.8407 31.9602 234.438 
25.1035 -126.408 -384.111 25.1246 -102.459 123.061 25.2566 115.893 61.4348 
25.5565 115.139 78.2269 25.6893 48.8209 234.053 25.8899 -194.234 -193.821 
25.8988 113.212 94.9399 26.0016 75.3192 -167.7 26.0657 -93.8266 -391.353 
26.2218 110.638 111.53 26.3901 63.7108 228.088 26.5314 107.432 128.016 
26.5584 -94.7636 138.389 26.6739 -138.589 0.61368 26.7793 103.679 144.41 
26.7923 85.4451 -334.999 26.8906 -186.189 -325.556 26.9142 72.9727 217.969 
27.0082 99.101 160.574 27.1256 -192.271 -176.376 27.1562 93.7808 176.451 
27.1662 80.4228 205.97 27.1922 95.9855 -385.257 27.2229 87.604 191.818 
27.2817 -64.7122 -395.462 27.6414 64.6732 -261.017 27.7114 79.8939 -151.121 
27.9056 -35.3908 -399.326 28.1134 -86.6519 153.512 28.393 -190.338 -158.726 
28.5163 -135.613 17.2538 28.5666 -169.681 -368.755 28.589 -5.83341 -403.21 
29.1372 84.7081 -134.633 29.2966 83.0785 -411.123 29.6562 -187.297 -141.199 
29.7297 -188.755 -308.011 29.7432 23.9358 -406.896 29.799 -79.0256 168.599 
30.0372 53.4976 -410.427 30.2878 89.6903 -118.191 30.3971 64.5162 -244.486 
30.5045 -132.556 33.8054 30.6843 80.3987 -319.138 30.9334 -183.17 -123.871 
31.2234 -142.052 -379.811 31.2409 94.3303 -101.629 31.9867 98.7489 -85.0225 
32.0817 -73.5832 184.915 32.125 -177.949 -106.871 32.2844 -191.613 -290.887 
32.3376 102.832 -68.0446 32.4035 -128.923 50.2725 32.7993 106.458 -51.0334 
32.9508 65.2847 -227.862 33.1989 -171.707 -90.2095 33.5379 109.742 -33.9763 
33.8081 -72.0142 195.809 34.2119 74.8867 -303.547 34.2307 -124.109 66.5136 
34.2391 -164.668 -73.8104 34.3139 -111.5 -387.897 34.5561 -194.091 -273.761 
34.7316 112.504 -16.7669 34.7329 92.4233 -362.374 35.0744 -79.2061 -393.31 
35.2254 67.4645 -211.22 35.2914 -157.502 -57.6377 35.8876 -118.674 82.6765 
36.0621 -50.0266 -396.988 36.196 -194.931 -256.349 36.2545 115.35 0.569372 
36.5511 -178.551 -353.517 36.5918 -150.979 -41.4389 36.5948 -157.39 -374.95 
36.7898 -20.6192 -401.157 36.8115 95.3068 -400.924 37.2952 70.824 -194.663 
37.5044 -112.889 98.6874 37.5113 69.9352 -287.753 37.5672 -70.8988 210.784 
37.6182 -194.95 -238.895 37.7465 117.467 17.9051 37.773 9.34095 -404.74 
37.797 -170.738 -366.887 38.0955 69.0135 -411.61 38.221 -11.2353 231.381 
38.2528 39.1111 -408.287 38.3402 -145.8 -25.0412 38.5211 5.78146 232.295 
38.5364 -28.3937 230.457 38.7912 119.112 35.1303 38.9016 -194.517 -221.456 
39.0505 -106.31 114.364 39.2145 22.6051 232.88 39.2203 88.5452 -345.823 
39.2854 75.0705 -178.189 39.3585 119.591 52.4103 39.6493 -45.6152 228.75 
39.7592 118.9 69.5925 40.0018 117.772 86.6687 40.0977 39.1477 233.377 
40.1341 -193.504 -204.066 40.2946 -142.313 -8.43609 40.3444 115.417 103.585 
40.3477 -62.5694 224.194 40.451 -182.244 -335.974 40.5447 -98.7972 129.829 
40.5867 66.5204 -271.535 40.7003 112.303 120.299 41.0031 108.624 136.883 
41.0097 55.3468 231.548 41.0661 -91.202 -391.451 41.2023 79.8697 -161.729 
41.2872 104.116 153.278 41.3326 -191.868 -186.642 41.5293 99.0793 169.44 
41.6603 67.8295 223.626 41.7161 92.9269 185.074 41.725 -129.289 -383.367 
41.9121 85.5535 199.734 41.9701 77.2827 212.836 42.054 -139.682 8.27828 
42.1308 -90.7495 144.986 42.5919 -190.103 -168.963 42.9423 84.7155 -145.278 
43.1587 96.5126 -385.471 43.2492 84.0329 -329.718 43.3883 65.4711 -254.933 
43.5638 -185 -318.368 43.8409 -82.4111 160.188 43.8972 -187.703 -151.303 
43.9795 -137.062 25.0329 44.0381 -64.6404 -394.953 44.4054 89.9467 -128.874 
44.9884 -35.3801 -398.862 45.1632 -184.227 -133.817 45.627 94.7751 -112.248 
45.7408 -73.771 176.322 45.7708 -5.5396 -402.644 45.8924 -133.68 41.6458 
45.9932 65.9066 -238.256 46.0493 -187.8 -301.053 46.0596 84.9075 -410.12 
46.2984 -102.74 -389.484 46.4122 -179.983 -116.49 46.4386 24.4194 -406.217 
46.4644 99.2813 -95.3866 46.5491 54.4551 -409.87 46.7892 103.56 -78.2407 
46.8812 78.6762 -313.963 46.9729 107.178 -60.73 47.3015 -144.517 -378.676 
47.4878 -174.384 -99.6102 47.7149 110.495 -43.5527 47.7966 -128.781 57.9057 
47.8334 94.4831 -371.784 48.3603 67.6768 -221.59 48.4321 -167.923 -83.0434 
48.5224 -191.069 -283.999 48.6 -66.5199 196.05 48.8177 113.489 -26.4485 
49.3 -160.818 -66.8058 49.5727 -123.006 73.949 50.1194 116.248 -9.27601 
50.2661 73.2788 -298.208 50.272 -154.174 -50.6621 50.512 70.5083 -205.024 
50.5916 -192.899 -266.781 51.153 -78.3238 -392.928 51.2077 -116.699 89.8214 
51.5841 119.015 7.88724 51.5943 -159.382 -372.828 51.7369 -148.763 -34.3679 
51.9101 91.2526 -356.325 51.9648 -193.129 -249.305 52.4689 -116.913 -386.447 
52.5996 74.1979 -188.527 52.8523 -109.756 105.372 52.8567 121.408 25.141 
52.9997 -50.1035 -396.655 53.2113 -192.875 -231.861 53.287 -2.83557 230.275 
53.3746 -62.691 212.002 53.4718 68.8082 -282.091 53.5795 -19.6819 229.601 
53.5951 122.914 42.592 53.6576 -171.348 -361.982 53.6647 -145.29 -17.7699 
53.6655 95.7881 -398.711 53.6766 13.7923 231.21 53.8818 -20.5194 -400.606 
53.9443 123.207 60.2251 54.208 122.287 77.7092 54.2928 -191.949 -214.4 
54.4057 120.605 95.0917 54.4652 -102.5 120.802 54.4668 30.156 231.625 
54.6206 9.57212 -404.123 54.6431 78.6236 -172.105 54.714 117.798 112.225 
54.7786 70.2843 -410.999 54.8219 39.6365 -407.617 54.9883 -36.5779 228.191 
55.1294 -177.155 -345.788 55.1353 114.099 129.062 55.3198 -190.219 -196.936 
55.4071 45.9713 231.365 55.4673 109.782 145.725 55.4997 -143.165 -0.928672 
55.7609 104.6 162.135 55.8934 86.944 -340.418 56.058 -94.401 135.97 
56.1002 98.4963 178.08 56.1654 -52.2721 224.095 56.2959 60.459 227.362 
56.3518 66.2228 -265.529 56.4745 91.0454 193.169 56.5355 -188.655 -179.301 
56.6051 83.4697 -155.732 56.757 82.379 206.939 56.8181 72.5606 218.873 
57.2325 -179.776 -328.303 57.4144 -141.088 15.9492 57.4629 -91.5401 -390.942 
57.7544 -85.8627 151.22 57.9126 -186.589 -161.651 58.3668 -131.951 -382.132 
58.4497 88.5861 -139.402 59.0529 66.1127 -248.743 59.2438 -183.69 -144.104 
59.4331 -138.018 32.6689 59.4768 -76.5596 166.645 59.533 -182.349 -310.902 
59.569 81.7345 -324.568 60.0859 96.0837 -383.004 60.0889 93.833 -123 
60.4822 -179.876 -126.695 60.6224 -64.3908 -394.54 61.1937 106.824 -70.7305 
61.2791 -66.6303 182.339 61.4069 98.4903 -106.239 61.416 -133.211 48.9964 
61.5112 67.4929 -232.02 61.5916 -175.145 -109.551 61.6545 110.533 -53.2785 
61.8135 102.695 -88.8283 61.9068 -185.4 -293.799 61.9769 -35.4897 -398.41 
62.5394 -169.201 -92.8657 62.7725 -5.39664 -401.98 62.8269 113.309 -36.1496 
62.8711 76.2077 -308.801 63.0518 24.5696 -405.758 63.0905 54.9896 -409.236 
63.1943 86.8749 -409.095 63.2679 -127.238 65.0126 63.4039 -162.802 -76.3741 
63.5197 -105.314 -388.648 63.6424 -146.95 -377.513 63.7075 69.5733 -215.353 
64.1365 -156.259 -60.1948 64.2 115.981 -19.0469 64.2649 -188.414 -276.748 
64.2904 -58.7016 198.114 64.669 93.0982 -367.353 64.9782 -120.492 80.7346 
65.0999 -150.834 -43.929 65.643 119.2 -2.08736 65.8172 72.6775 -198.814 
66.0298 -189.192 -259.484 66.095 70.9949 -292.747 66.6161 -113.184 96.1631 
66.792 -147.242 -27.4576 67.021 122.269 15.0193 67.2432 -189.38 -242.051 
67.5842 -78.3915 -392.497 67.8948 -161.308 -370.048 67.9279 -51.062 212.143 
67.9352 76.5182 -182.335 68.0829 124.783 32.3748 68.1851 -188.668 -224.633 
68.296 -105.633 111.454 68.3582 5.48004 229.183 68.4086 -11.0546 228.333 
68.6781 89.3124 -351.323 68.6901 126.145 49.9831 68.7105 -145.243 -10.6697 
68.9082 122.586 103.397 68.9097 21.7013 229.965 68.9823 -187.19 -207.125 
69.0384 125.061 85.5945 69.0575 126.157 67.7343 69.0645 119.583 120.824 
69.1741 67.0505 -276.289 69.3 -119.511 -385.198 69.5661 -27.5427 227.008 
69.5893 115.159 137.737 69.8532 37.3944 230.221 69.8948 -50.1911 -396.173 
69.9455 -97.6688 126.535 69.9654 -40.5997 221.553 70.0163 110.098 154.418 
70.04 -185.503 -189.629 70.0659 80.8135 -165.876 70.0701 -169.741 -354.959 
70.4225 104.113 170.744 70.7375 -143.769 6.26962 70.8135 51.9963 228.724 
70.9042 -20.5653 -399.897 70.9305 96.507 186.088 71.1288 95.2844 -395.846 
71.2212 39.529 -407.156 71.2682 9.4463 -403.49 71.2769 -173.242 -337.867 
71.4008 -183.645 -172.105 71.4052 87.7594 200.377 71.5611 -89.047 141.414 
71.6044 65.9351 223.43 71.6773 71.4052 -410.503 71.6828 77.615 213.065 
71.9816 65.8448 -259.392 72.1358 85.383 -149.442 72.2958 84.2665 -335.441 
72.7011 -175.513 -320.414 72.8744 -181.19 -154.621 72.9041 -141.531 23.1608 
73.1901 -79.9385 156.502 74.051 -92.558 -390.346 74.1432 90.3637 -133.127 
74.2063 -178.15 -137.195 74.563 66.2209 -242.488 74.7172 -178.145 -303.286 
74.7842 -134.305 -380.844 74.8231 -69.8631 171.214 75.0653 -137.247 39.6672 
75.3874 108.427 -62.717 75.4202 -174.035 -119.932 75.5906 78.7019 -319.604 
76.0433 95.1601 -116.723 76.406 103.827 -81.168 76.4637 -168.957 -102.984 
76.5153 111.933 -45.6437 76.6335 -59.2431 185.469 76.8522 67.6719 -225.704 
76.9398 -180.877 -286.243 77.0109 -131.122 55.6885 77.1243 93.8465 -379.358 
77.3461 -163.055 -86.3806 77.3601 -64.7168 -394.015 77.6638 99.097 -99.9241 
78.0705 -156.772 -70.1085 78.0979 114.731 -28.7305 78.5383 73.1707 -303.531 
78.7103 -151.062 -53.9545 78.8018 -124.112 71.3327 78.8884 70.1709 -209.126 
78.9109 -182.663 -269.094 79.0008 -35.6631 -397.639 79.2242 -49.1723 199.625 
79.2903 54.7521 -408.458 79.5344 -5.74085 -401.362 79.5432 24.1193 -405.092 
79.7083 117.713 -11.8754 79.7832 -147.226 -37.6643 79.9639 -106.926 -387.606 
80.1241 -149.632 -375.776 80.2694 -182.794 -251.867 80.4969 -116.535 86.6792 
81.0254 73.4733 -192.544 81.2169 89.0644 -407.843 81.2698 121.459 4.95176 
81.3628 -182.841 -234.544 81.3966 90.0542 -362.991 81.598 68.388 -287.154 
81.6708 -145.49 -20.9714 81.9834 -181.67 -217.178 82.1189 -108.774 101.881 
82.4705 -36.9754 213.269 82.5942 124.886 22.0098 82.8316 -180.182 -199.847 
82.8949 123.507 111.995 83.0154 -27.8773 218.404 83.1814 -2.40571 226.601 
83.1924 76.8867 -175.877 83.2856 119.901 129.422 83.4538 13.7239 227.604 
83.5243 127.658 39.3656 83.5603 -18.7792 223.54 83.7639 -100.626 116.856 
83.813 -161.529 -364.1 83.8264 -144.715 -4.03874 84.0218 114.566 146.132 
84.0901 -178.542 -182.535 84.2521 29.5757 228.057 84.3136 -79.4011 -391.909 
84.3445 128.416 56.9685 84.7315 108.679 162.565 84.8493 -165.894 -347.045 
84.8826 126.452 92.695 84.8966 65.7178 -270.096 84.9842 85.6118 -346.644 
85.0816 127.972 74.5255 85.2521 43.4335 227.735 85.3461 101.538 178.417 
85.3696 80.6781 -159.272 85.3753 -92.031 131.608 85.5831 -167.922 -329.649 
85.6168 -176.503 -165.235 85.6567 -121.488 -383.886 85.9667 93.0442 193.206 
86.1969 57.1719 225.334 86.2339 -143.272 12.9095 86.4079 82.669 206.229 
86.5958 71.1445 217.903 86.9152 -83.0037 146.223 86.9356 -50.7398 -395.443 
86.9839 -169.806 -312.406 87.0665 -173.905 -147.959 87.4352 38.764 -406.514 
87.5477 85.0751 -142.896 87.6472 105.022 -71.1782 87.7945 -20.8606 -399.079 
87.7979 64.8676 -252.981 87.9625 8.83593 -402.85 88.0126 71.6724 -409.532 
88.167 80.1074 -330.64 88.5244 -170.798 -130.685 88.5263 -73.2292 160.623 
88.6212 -139.946 29.6358 88.8239 92.5652 -392.115 89.0604 -172.176 -295.423 
89.5198 108.766 -54.6325 89.7989 89.6747 -126.6 89.8324 -166.632 -113.55 
90.0676 -62.445 174.488 90.0851 65.1676 -236.031 90.6087 -94.3094 -389.641 
90.7651 -134.34 45.859 90.8607 -161.427 -96.7563 90.8822 -173.925 -278.353 
91.1437 74.6111 -314.475 91.3271 -136.714 -379.306 91.6584 112.008 -38.1719 
91.6585 -50.7919 187.497 91.7012 -155.556 -80.3779 92.0581 66.6061 -219.289 
92.1637 94.0724 -110.36 92.327 -149.729 -64.1899 92.3472 -174.6 -261.251 
92.6612 -127.36 61.5819 92.7273 125.251 105.188 93.2122 -145.563 -47.961 
93.3379 -174.546 -244.105 93.5527 89.3043 -374.882 93.6089 115.111 -21.5386 
93.9438 69.0901 -202.686 93.965 -173.877 -226.998 94.0609 -38.8539 200.509 
94.1613 -143.742 -31.6773 94.2623 69.0692 -297.94 94.3624 -119.759 76.9843 
94.4142 -65.999 -393.156 94.571 54.0937 -407.718 94.6459 -172.686 -209.89 
94.9477 97.792 -94.3221 95.4445 118.853 -4.87389 95.7829 -171.322 -192.816 
95.9778 71.8059 -185.886 96.0195 -111.814 92.1204 96.1194 -36.1663 -396.763 
96.1451 23.1349 -404.31 96.1913 122.353 120.686 96.2389 -109.092 -386.445 
96.372 -143.425 -14.9269 96.3721 -151.931 -372.322 96.4232 -6.30291 -400.576 
96.4947 -25.0893 212.419 97.0781 122.817 11.8221 97.2833 -169.698 -175.739 
97.2901 85.0483 -358.226 97.5078 117.878 137.398 97.5895 -9.59273 220.444 
97.6173 -103.712 107.073 97.9159 -160.067 -338.118 98.0013 74.6835 -169.075 
98.0072 -158.229 -355.736 98.0452 6.5007 223.705 98.1502 65.1 -280.638 
98.2764 125.964 28.7902 98.4791 -161.372 -320.829 98.6052 112.082 153.799 
98.6893 101.066 -78.929 98.8759 -167.619 -158.673 98.9964 23.0763 225.54 
99.154 -143.044 2.01765 99.2077 -95.0691 121.72 99.2676 86.1066 -404.09 
99.3639 127.89 46.0598 99.4348 105.457 170.074 100.171 -162.826 -303.982 
100.286 78.448 -152.423 100.315 97.0401 184.869 100.447 80.0003 -341.899 
100.556 -165.213 -141.587 100.694 128.36 63.2437 100.708 45.1002 225.964 
100.763 -85.9217 136.074 101.009 87.5634 198.568 101.213 -81.3887 -391.077 
101.401 76.1759 210.738 101.458 62.3431 220.615 101.537 62.9737 -263.215 
101.891 -140.58 18.8246 101.972 -123.902 -382.582 101.984 104.591 -63.3394 
102.112 -162.006 -124.472 102.137 128.049 80.3643 102.285 -164.146 -287.288 
102.302 -76.2552 150.127 102.683 82.6418 -136.101 103.193 74.6312 -325.674 
103.221 69.5321 -407.932 103.452 -157.629 -107.596 103.705 62.3425 -246.215 
103.815 37.0179 -405.662 103.815 -65.8998 163.803 103.836 -165.02 -270.425 
104 126.42 97.1216 104.264 -52.2166 -394.507 104.317 -136.038 35.3453 
104.496 -152.284 -91.0398 104.734 -21.3014 -398.194 104.736 108.019 -47.329 
104.778 -165.276 -253.428 104.945 7.9525 -401.984 105.151 -54.3515 176.648 
105.238 86.3706 -386.885 105.32 -164.709 -236.455 105.321 87.0897 -119.979 
105.333 -146.487 -74.8104 105.419 62.8755 -229.407 105.723 -163.728 -219.634 
105.852 68.8336 -309.155 106.335 -129.6 51.3474 106.551 -162.516 -202.836 
106.584 -141.604 -58.3954 106.641 -41.9614 188.628 106.952 64.0349 -212.686 
107.05 -96.6927 -388.558 107.119 111.195 -31.0043 107.595 123.541 112.512 
107.664 -139.402 -42.1499 107.853 -139.185 -377.033 107.881 -161.114 -185.985 
107.923 -139.757 -26.2808 108.196 -122.259 66.9708 108.296 91.5273 -104.082 
108.482 65.5864 -195.851 108.726 -29.0625 200.251 109.122 82.5734 -369.936 
109.321 115.039 -14.558 109.453 -159.451 -169.161 109.768 -152.889 -328.533 
109.839 -114.28 82.1727 110.12 67.4863 -178.87 110.26 -154.105 -311.467 
110.296 119.815 128.424 110.332 -151.656 -345.904 110.374 50.8318 -406.643 
110.832 -15.4654 210.738 111.124 -149.74 -363.774 111.213 -140.332 -9.41531 
111.3 -157.61 -152.331 111.321 119.178 1.93505 111.484 -106.214 97.1618 
111.525 95.6637 -88.274 111.766 -68.3841 -392.299 111.995 -155.179 -294.854 
112.003 114.667 144.723 112.224 70.371 -162.035 112.241 77.8195 -353.378 
112.244 -111.735 -385.262 112.568 -0.692966 218.803 112.63 62.376 -290.574 
112.796 122.876 18.5286 113.014 -97.7313 111.742 113.139 21.6456 -403.353 
113.18 -155.256 -135.42 113.228 108.285 161.036 113.391 -37.2729 -395.941 
113.538 -6.81425 -399.74 113.783 15.9727 222.955 113.904 125.515 35.3554 
114.455 100.406 176.285 114.527 -88.6858 125.956 114.612 99.1301 -72.3724 
114.648 78.6469 -398.593 114.705 -139.452 7.39867 114.736 -136.078 -39.2183 
114.834 74.4349 -145.517 114.87 -151.846 -118.536 115.014 72.8774 -336.958 
115.327 34.9542 224.545 115.329 91.2555 190.002 115.389 126.93 52.3197 
115.823 59.3691 -273.072 115.953 -79.0665 139.707 115.954 80.9647 202.255 
116.021 -153.427 -280.02 116.231 -154.818 -262.551 116.242 52.9044 221.264 
116.296 -147.27 -101.986 116.367 68.1714 213.162 116.668 64.3873 -405.644 
116.7 -154.81 -245.574 116.706 67.3923 -320.517 116.741 -153.951 -228.79 
116.931 127.184 69.322 117.006 -152.789 -212.22 117.433 -141.922 -85.6274 
117.433 58.4068 -256.207 117.489 -135.995 24.1528 117.511 -68.924 153.149 
117.629 102.791 -56.4821 117.691 78.9182 -129.348 117.746 62.6246 -304.259 
117.892 -151.548 -195.717 118.053 -84.152 -390.117 118.565 125.916 86.1991 
118.767 -136.557 -69.2035 118.775 58.2475 -239.399 118.95 -58.0031 166.012 
119.257 -150.142 -179.135 119.755 -130.34 40.4614 119.961 58.4836 -222.585 
120.031 77.8051 -381.906 120.267 106.114 -40.2932 120.291 -46.0932 178.094 
120.551 123.605 102.791 120.838 -146.832 -301.412 120.856 -145.188 -318.741 
120.866 83.7379 -113.491 120.879 -127.009 -379.945 120.895 35.5276 -404.833 
120.98 -148.597 -162.552 121.034 59.0166 -205.698 121.667 -123.219 56.2512 
121.754 -33.4838 189.463 121.901 -144.112 -335.966 121.91 -21.6017 -397.776 
121.921 -135.138 -21.2234 121.948 59.6593 -188.658 122.039 -54.7589 -393.469 
122.188 6.9967 -401.299 122.293 -131.909 -51.9786 122.676 109.527 -23.9353 
122.962 120.282 118.923 123.057 -146.837 -145.997 123.132 -99.564 -387.553 
123.289 73.5445 -365.103 123.513 61.4164 -171.613 123.593 -115.769 71.8665 
123.638 -20.4008 200.03 123.771 -143.076 -353.166 124.025 88.0103 -97.5771 
124.501 -138.539 -368.643 125.079 113.713 -7.63406 125.105 115.99 135.101 
125.106 -144.286 -129.369 125.256 -107.693 86.9495 125.858 -6.80016 209.841 
126.094 64.869 -154.954 126.13 68.8454 -348.587 126.195 -135.344 -4.4116 
126.726 110.077 151.291 126.824 -140.498 -112.905 126.83 -99.5634 101.686 
127.093 117.747 8.77985 127.157 -114.613 -383.771 127.276 92.1831 -81.6872 
127.591 68.9804 -394.242 127.836 -142.796 -220.981 127.86 8.35424 217.2 
127.884 53.9073 -403.414 128.021 -141.614 -204.629 128.036 63.693 -331.909 
128.082 -143.688 -237.539 128.247 -90.8885 115.93 128.291 -143.698 -254.519 
128.32 102.805 166.915 128.344 -135.82 -96.5817 128.388 121.067 25.1019 
128.71 55.913 -299.305 128.911 59.0429 -315.436 128.956 -142.026 -272.34 
128.972 -140.431 -188.373 129.063 69.1474 -138.536 129.204 -71.732 -391.122 
129.297 53.5864 -282.85 129.312 25.5819 220.158 129.524 94.0457 181.356 
129.54 123.566 41.5256 129.63 -81.5404 129.557 129.791 -130.569 -80.2133 
129.946 20.5939 -402.688 130.118 -134.344 12.4119 130.217 84.2475 193.476 
130.297 95.8816 -65.6493 130.327 52.6296 -266.172 130.334 -128.513 -33.4482 
130.344 -139.021 -172.062 130.489 -37.1112 -395.531 130.526 43.3025 218.919 
130.642 -138.796 -291.017 130.784 -7.45975 -399.341 130.804 73.1794 204.119 
131.035 59.432 213.215 131.052 -71.6005 142.737 131.101 124.573 58.3417 
131.317 -136.92 -308.561 131.629 52.4029 -249.349 132.159 -137.451 -155.796 
132.187 -125.524 -63.4734 132.36 74.0906 -122.457 132.503 -135.675 -325.764 
132.522 -61.1553 155.564 132.596 123.959 75.2724 132.772 52.2304 -232.397 
132.847 -129.787 29.0768 132.962 99.2886 -49.4656 133.023 67.4454 -377.419 
133.564 52.0248 -215.383 133.853 51.7292 -198.255 134.032 -49.996 167.863 
134.136 121.994 92.0681 134.231 -135.409 -139.632 134.234 -87.4784 -388.921 
134.324 52.0251 -181.146 134.831 -123.085 45.1179 134.958 -135.091 -342.787 
135.533 102.772 -33.1783 135.57 -38.1931 179.649 135.712 78.784 -106.596 
135.893 62.8221 -360.524 135.962 119.243 108.608 136.2 -128.874 -16.5481 
136.326 -132.4 -123.43 136.342 54.3012 -164.179 136.51 36.0227 -402.054 
136.884 -116.035 61.009 137.215 -25.6502 190.389 137.517 -121.499 -45.8176 
137.821 -102.897 -385.89 138.002 106.431 -16.8278 138.029 115.56 124.884 
138.14 -128.308 -107.301 138.144 -133.774 -358.942 138.241 57.9431 -343.679 
138.597 -131.431 -212.91 138.854 -108.392 76.5276 138.87 43.9463 -400.652 
138.885 -130.378 -196.669 138.98 -132.37 -229.251 139.059 -12.5239 200.231 
139.09 83.2423 -90.7679 139.112 6.18964 -401.021 139.259 58.2672 -390.298 
139.306 -21.719 -397.502 139.347 58.0559 -147.555 139.427 -132.481 -246.024 
139.64 -123.372 -91.0858 139.734 -117.282 -380.421 139.767 -129.207 -180.714 
139.823 53.3953 -326.338 139.969 110.482 140.841 139.978 -131.474 -263.373 
140.059 -128.481 -372.097 140.194 49.621 -309.614 140.459 -59.4826 -392.23 
140.513 -100.323 91.4994 140.589 110.767 -0.578145 140.601 -129.417 -281.025 
140.796 47.0653 -293.073 140.986 -127.718 -164.939 141.074 -128.948 0.132647 
141.128 1.38533 208.768 141.319 -127.698 -298.489 141.454 -118.206 -74.6454 
141.711 45.2736 -276.255 141.779 103.995 156.553 141.919 -92.0887 105.881 
142.296 87.3117 -74.7572 142.618 -126.577 -315.625 142.69 -125.771 -149.26 
142.699 114.584 15.8034 142.717 62.6061 -131.255 142.941 17.1756 214.099 
143.27 -83.3267 119.633 143.282 44.7807 -259.304 143.322 117.834 31.563 
143.418 95.7515 171.652 143.902 -120.23 -28.6765 144.154 119.86 47.5189 
144.433 34.1927 214.738 144.504 55.6864 -373.479 144.572 -73.8449 132.701 
144.597 44.4131 -242.158 144.661 85.1726 186.075 144.745 -123.247 -133.533 
144.82 -113.945 -57.6403 144.923 -126.504 16.9109 144.954 -125.846 -332.574 
144.984 75.6077 194.566 145.062 42.2956 -190.338 145.099 90.8613 -58.5146 
145.164 50.6035 211.095 145.308 66.0427 203.057 145.375 43.5645 -224.869 
145.394 42.7811 -207.501 145.611 19.8277 -401.298 145.72 43.0545 -173.279 
145.951 -75.4906 -390.03 145.99 -63.9123 145.424 146.011 120.169 64.2607 
146.227 67.6061 -115.233 146.72 -119.603 -117.742 146.907 -35.2369 -395.538 
147.152 -120.77 33.3078 147.215 50.8965 -356.718 147.601 119.006 81.0527 
147.607 -53.6145 157.929 147.678 94.3683 -42.198 148.173 -8.08853 -399.372 
148.342 45.9105 -156.441 148.432 -115.11 -101.809 148.738 -125.259 -349.326 
148.87 -119.849 -204.277 149.092 -118.757 -187.837 149.152 116.919 97.729 
149.17 -120.627 -220.602 149.36 -42.5779 170.053 149.448 -120.236 -12.2427 
149.493 -114.493 49.503 149.604 -91.7051 -387.57 149.674 -120.99 -237.217 
149.682 72.3 -99.391 149.699 -117.504 -173.362 149.816 46.1266 -337.576 
150.064 -110.125 -85.6139 150.125 -111.519 -40.7166 150.14 -120.451 -254.184 
150.216 97.9521 -25.8376 150.218 41.9953 -319.815 150.308 33.9487 -397.274 
150.405 46.6149 -386.802 150.465 -119.116 -271.344 150.533 39.1525 -303.397 
150.732 -115.882 -159.323 150.746 -117.463 -288.539 150.913 113.807 114.092 
151.193 -30.9469 181.594 151.354 37.0157 -286.672 151.667 49.8653 -139.869 
151.695 -122.522 -364.572 151.762 -116.254 -305.579 151.883 -107.771 65.46 
152.126 -107.831 -383.542 152.252 -105.505 -69.1303 152.545 -113.544 -143.412 
152.695 -48.3138 -393.489 152.779 109.538 130.09 152.99 -18.3041 191.846 
152.998 35.6362 -269.379 153.029 102.102 -9.60414 153.034 76.6698 -83.4121 
153.425 -120.516 -372.338 153.864 -100.086 80.9781 154.016 -118.682 4.2432 
154.069 -115.627 -322.444 154.456 -110.271 -127.843 154.727 103.877 145.654 
154.777 -4.79273 200.638 154.823 31.4262 -182.127 154.885 34.9548 -251.979 
155.043 42.8394 -370.558 155.215 31.5224 -199.242 155.249 54.468 -123.566 
155.421 -92.2422 95.8173 155.815 106.245 6.79699 155.926 -110.344 -24.3355 
155.939 6.11141 -400.167 155.994 -102.239 -52.4573 156.017 34.0217 -234.367 
156.051 32.6606 -216.686 156.115 80.5185 -67.1918 156.125 32.9394 -165.074 
156.407 113.574 37.5985 156.434 9.87401 206.787 156.467 -106.023 -112.349 
156.69 -83.8291 109.77 156.735 96.5928 160.77 157.023 -22.2595 -397.597 
157.559 -115.191 20.8007 157.65 38.644 -354.978 157.837 -115.253 -339.181 
157.841 25.5225 209.49 157.862 114.866 53.4696 157.948 -107.563 -195.106 
158.027 -74.9468 123.177 158.04 -63.6765 -391.242 158.151 -105.962 -175.562 
158.195 -101.29 -96.5376 158.219 -108.336 -211.658 158.386 87.0811 175.467 
158.519 109.61 23.4218 158.75 59.3416 -107.458 158.789 41.7134 207.457 
158.817 -108.848 -228.22 158.823 84.0866 -50.8507 159.015 36.0599 -148.235 
159.082 36.0795 -344.018 159.262 73.8549 189.757 159.325 57.8543 201.232 
159.334 -108.621 -244.93 159.403 29.9179 -313.521 159.455 -65.874 135.995 
159.499 -103.461 -153.909 159.546 32.7936 -329.366 159.62 -107.826 -261.781 
159.684 -106.508 -278.697 159.729 27.9679 -297.093 159.807 -96.6137 -80.3373 
160.102 -105.201 -295.662 160.246 114.416 70.0325 160.77 33.0953 -383.508 
160.777 -110.524 37.2687 160.906 26.2451 -280.12 161.075 -56.6697 148.385 
161.099 -100.169 -36.1102 161.134 -100.459 -137.579 161.177 20.6437 -394.881 
161.297 -109.182 -8.1307 161.437 87.7818 -34.5406 161.496 -80.0828 -388.383 
162.043 64.0261 -91.453 162.067 -104.417 -312.454 162.08 113.201 86.5461 
162.149 -92.5529 -63.9804 162.259 39.9549 -131.587 162.502 -114.32 -356.246 
162.85 -46.9478 160.509 163.05 24.9753 -262.48 163.106 18.9803 -190.812 
163.248 19.5594 -173.586 163.329 -96.1126 -122.6 163.667 110.997 102.943 
163.879 -96.7508 -384.924 163.96 -105.084 53.6328 164.389 92.0679 -18.3523 
164.47 28.9891 -367.746 164.606 19.8575 -208.163 164.938 23.4147 -244.323 
165.022 -36.0918 172.848 165.125 -36.5731 -395.43 165.14 21.6516 -156.499 
165.263 68.0948 -75.2821 165.42 -91.1458 -107.498 165.434 107.614 119.038 
165.434 21.4592 -226.091 165.496 -103.888 -329.1 165.506 -94.3386 -185.321 
165.615 -92.6643 -165.856 165.653 -95.2824 -202.546 165.694 -110.468 -374.166 
165.847 44.5586 -115.232 165.929 -107.028 8.17096 165.989 -8.04929 -398.344 
165.989 -89.619 -47.6564 166.474 -98.409 -19.9927 166.536 -95.9013 -219.08 
166.559 25.3243 -352.862 166.565 -98.5208 69.6413 166.701 -90.38 -147.383 
166.9 -86.8369 -91.4933 167.045 -24.2188 184.136 167.16 -95.9393 -235.678 
167.222 17.2754 -307.27 167.312 102.837 134.61 167.493 96.4069 -2.0136 
167.54 -93.4601 -285.896 167.597 -95.5613 -252.242 167.628 15.6788 -290.624 
167.639 19.5681 -323.536 167.69 -94.7333 -268.97 167.717 22.4908 -338.85 
168.034 24.7575 -139.697 168.086 108.96 43.207 168.163 -87.0509 -131.146 
168.389 72.0975 -59.0998 168.412 -91.0973 85.2462 168.526 -82.6535 -75.2719 
168.689 -10.7334 193.187 168.734 -92.3387 -302.695 168.984 14.7184 -273.585 
169.303 49.6091 -98.9748 169.391 96.0958 149.35 169.535 5.69788 -182.072 
169.742 18.2371 -379.857 169.769 -83.214 99.7895 170.039 3.66782 199.849 
170.079 -103.43 -345.62 170.187 -103.775 24.6217 170.296 6.90416 -164.702 
170.561 5.74916 -199.581 170.723 100.412 14.701 170.837 -87.3579 -31.6141 
170.916 28.4109 -123.015 171.001 18.2587 202.987 171.01 -78.9981 -59.0663 
171.026 -52.1566 -392.712 171.169 -74.7523 113.761 171.174 75.8905 -42.7871 
171.267 -80.4891 -175.946 171.308 6.18036 -391.593 171.361 12.596 -255.213 
171.522 87.8738 163.949 171.534 -79.1394 -157.799 171.637 -81.5532 -193.268 
171.655 -96.5232 -4.00669 171.669 108.882 59.4378 171.774 -91.604 -319.248 
171.785 -78.455 -119.578 172.053 32.6671 202.863 172.094 -77.601 -139.687 
172.273 6.57565 -217.311 172.351 -82.1276 -209.989 172.4 9.2542 -147.601 
172.649 54.1335 -82.8363 172.693 14.3893 -364.255 172.721 -75.5274 -102.749 
172.849 48.3198 198.649 172.892 -66.3047 127.635 172.958 77.0234 177.826 
173.188 8.21511 -235.556 173.289 3.91564 -300.883 173.299 63.3847 190.076 
173.442 -82.4764 -226.48 173.638 3.03653 -284.206 173.823 -82.3132 -242.963 
173.852 5.69002 -317.465 173.865 -80.9359 -276.336 174.026 -99.3283 40.9917 
174.072 11.1794 -349.134 174.098 -81.921 -259.564 174.103 -68.7406 -388.878 
174.158 -79.7103 -293.058 174.185 -71.8962 -86.4675 174.299 -8.11107 -172.971 
174.306 80.3445 -26.644 174.381 -58.5699 139.489 174.388 108.204 75.3359 
174.474 33.4018 -106.416 174.527 8.31318 -333.65 174.696 -8.65523 -190.689 
174.716 -84.7759 -382.932 174.795 -76.0458 -42.9252 175.055 -102.768 -361.652 
175.057 4.30274 -250.972 175.116 12.1452 -130.881 175.196 2.42416 -267.123 
175.344 -66.2077 -167.601 175.529 -98.7618 -377.54 175.577 -67.2074 -184.528 
175.692 -65.1239 -150.133 175.692 102.593 32.4623 175.713 -85.0695 -15.6641 
175.734 -6.56798 -155.454 175.745 -91.0464 -335.753 175.818 -22.8365 -395.924 
175.886 58.3742 -66.6585 176.087 -50.7127 150.71 176.146 -68.2343 -70.2594 
176.171 -78.5713 -309.685 176.337 106.938 91.545 176.368 -64.4196 -131.675 
176.387 -8.75952 -208.673 176.558 -94.0854 12.033 176.565 -67.7896 -200.81 
176.996 -23.1322 -181.262 177.219 -62.7232 -114.167 177.43 2.88199 -375.825 
177.483 -52.4442 -177.391 177.498 -9.73002 -294.368 177.509 -22.1273 -163.428 
177.58 -94.0441 57.3029 177.602 84.917 -10.3652 177.648 -51.5069 -160.5 
177.664 -68.2002 -217.239 177.819 -4.62926 -138.581 177.84 38.5509 -89.9266 
177.878 -37.4608 -171.009 177.911 104.483 107.928 178.015 15.8264 -114.235 
178.037 -8.43255 -311.127 178.055 -66.4201 -283.566 178.095 -10.2858 -277.732 
178.41 -67.5314 -266.949 178.412 -59.9722 -97.5084 178.451 -8.81073 -226.599 
178.497 -41.2317 163.525 178.57 -53.0872 -193.197 178.645 -68.4031 -233.83 
178.649 -23.6286 -199.605 178.696 -68.1565 -250.3 178.704 -50.5241 -142.632 
178.811 -64.7933 -54.0829 178.839 -38.1957 -188.516 179.025 -65.1752 -300.19 
179.054 62.5046 -50.43 179.063 -36.2979 -153.205 179.095 -20.754 -145.859 
179.214 -73.3969 -27.048 179.223 100.951 123.08 179.372 -0.633242 -360.065 
179.38 -6.35326 -327.673 179.451 -10.624 -260.755 179.497 -77.6419 -326.267 
179.529 -9.31775 -387.228 179.674 -9.90963 -243.769 179.848 -90.1206 -352.336 
179.864 -3.78023 -344.024 179.898 -53.5559 -208.093 179.996 -49.1426 -125.166 
180.073 -23.6081 -287.889 180.289 -56.7552 -81.2294 180.347 -2.24629 -122.022 
180.396 -87.9337 73.4042 180.439 -51.566 -290.748 180.447 -82.4718 0.19851 
180.659 -24.0997 -218.866 180.702 -22.5962 -304.551 180.706 -35.0941 -135.67 
180.763 -52.7652 -274.124 181.01 -38.8535 -211.683 181.092 -29.9342 175.93 
181.134 -53.854 -224.243 181.139 21.7245 -97.0655 181.178 89.5625 6.10922 
181.18 -24.3368 -271.07 181.206 43.4078 -73.6064 181.219 -36.979 -297.819 
181.223 -47.0763 -108.409 181.341 -19.2854 -129.095 181.361 -38.0758 -281.087 
181.398 102.363 49.76 181.457 -63.9566 -316.871 181.572 -90.7382 28.2699 
181.6 95.4507 137.767 181.622 -53.5645 -257.485 181.832 -50.3843 -307.437 
181.866 -53.9068 -240.916 181.91 -80.9322 89.0483 182.133 -24.5758 -236.965 
182.134 -20.9905 -321.319 182.145 66.8025 -34.2154 182.172 -24.7531 -254.127 
182.252 -61.6067 -38.0956 182.398 -38.8617 -264.316 182.456 -33.5215 -118.951 
182.615 -53.372 -65.0373 182.621 -39.2438 -230.77 182.773 -44.2878 -91.9535 
182.806 -35.6864 -314.55 182.984 -39.2742 -247.516 183.029 -88.3027 -369.905 
183.044 -16.8203 186.195 183.108 -76.74 -342.977 183.122 0.679103 -105.637 
183.145 -39.3052 -390.558 183.346 -70.4695 -11.1529 183.433 -17.5689 -112.818 
183.523 -18.9587 -337.968 183.539 -73.3448 103.875 183.765 -12.7066 -371.184 
183.917 87.563 151.866 183.932 -31.3082 -102.527 184.158 -2.04569 193.554 
184.27 -49.0606 -324.177 184.271 47.8509 -57.2448 184.291 27.7827 -80.0432 
184.291 -16.2628 -354.654 184.376 -62.761 -333.639 184.618 93.1731 23.3294 
184.807 -34.0313 -331.298 184.885 15.7579 197.892 184.991 -41.2337 -75.7244 
185.164 -49.9135 -48.916 185.485 -15.5417 -96.7048 185.579 71.4965 -17.9853 
185.671 -65.392 118.842 185.801 -25.5561 -381.856 185.813 -79.6057 16.0247 
185.852 12.776 -85.9717 185.881 -58.4102 -22.2566 185.898 -28.5317 -86.2571 
185.932 37.5672 195.383 185.973 101.528 64.5613 186.129 -0.521362 -91.0629 
186.169 -73.0951 -377.374 186.188 78.0725 165.667 186.203 -86.647 44.4996 
186.25 -56.5869 -384.18 186.509 -75.2849 -360.146 186.542 -31.8485 -348.066 
186.819 -47.4779 -341.049 186.932 52.3346 188.477 187.11 66.248 178.4 
187.304 52.0205 -40.9746 187.461 32.657 -63.5102 187.464 -37.9577 -59.5702 
187.472 -61.3909 -350.593 187.568 -29.1555 -364.982 187.843 -67.3856 4.63933 
187.977 -46.4397 -32.9914 188.031 98.9067 109.956 188.047 -12.8983 -80.5565 
188.386 -25.5172 -70.0891 188.453 101.112 80.1516 188.644 -54.7159 138.14 
188.916 -45.4098 -357.898 188.947 94.1982 41.1268 189.118 17.4898 -69.3917 
189.264 2.45285 -74.9939 189.379 -59.2972 -367.74 189.393 -55.0164 -6.43252 
189.448 -42.726 -374.713 189.49 76.374 -1.61876 189.798 -34.4687 -43.4674 
190.088 -81.7136 60.7924 190.117 100.311 96.8159 190.409 36.8102 -47.2245 
190.733 56.4143 -24.7167 190.902 -9.8375 -64.4242 190.91 -22.2832 -53.9074 
190.967 -42.8579 -17.1763 191.042 94.7782 58.7434 191.372 -45.3775 152.676 
191.545 -76.3083 31.9654 191.669 94.2672 125.27 191.945 21.3557 -53.081 
192.186 5.81566 -58.8109 192.288 80.3793 15.4771 192.396 -30.8898 -27.5502 
192.616 -76.3102 77.1766 193.326 40.6872 -30.8941 193.39 -18.876 -37.773 
193.404 -6.56779 -48.1733 193.458 -64.1458 20.2227 193.502 -51.4446 9.33924 
193.838 -39.0378 -1.43377 194.226 -69.979 92.9149 194.368 60.7891 -8.12224 
194.433 -26.9764 -11.7061 194.472 -34.717 166.133 194.496 9.22247 -42.4863 
194.583 24.978 -36.7996 194.666 82.7513 33.1641 195.131 -15.198 -21.6987 
195.467 -3.17977 -31.8218 195.589 86.8541 139.013 196.11 88.0286 52.9256 
196.181 44.4588 -14.1242 196.351 -22.7295 3.98575 196.482 12.6146 -25.9985 
196.495 24.7698 192.219 196.53 -62.8254 107.976 196.659 -72.3868 48.0533 
196.696 -11.2337 -5.75102 196.732 28.4384 -20.1297 196.795 64.7717 8.98312 
196.921 0.315384 -15.3864 197.042 -34.9184 14.4007 197.858 8.83838 190.382 
197.864 67.8701 26.4442 197.888 -22.1713 177.887 197.937 15.8678 -9.18181 
197.993 77.0741 152.268 198.014 48.0492 3.11899 198.117 3.62454 1.26934 
198.152 93.3302 111.985 198.219 -47.5226 25.0394 198.237 31.6708 -2.84899 
198.296 -7.02554 185.313 198.329 -7.24321 10.5221 198.778 18.736 8.37885 
198.984 -60.3551 36.0303 198.991 51.5468 20.4426 199.07 -18.0238 19.6624 
199.116 34.8689 14.5457 199.34 70.2529 43.9213 199.559 91.9123 69.8605 
199.57 5.55012 19.5323 199.84 39.162 186.1 199.896 -67.5878 64.3208 
199.906 66.2905 165.249 199.97 -55.8268 124.075 200.125 54.513 37.6884 
200.193 21.6556 25.7942 200.27 -3.03674 26.8651 200.334 -30.2502 30.0891 
200.409 38.2208 31.6793 200.446 53.7547 176.896 200.969 -11.6236 34.198 
201.252 7.97994 37.3769 201.541 24.8634 42.9622 201.804 -42.9286 40.858 
201.845 92.5774 85.3066 201.959 -62.5706 80.5262 201.978 41.3703 48.8092 
202.162 -25.0486 45.6852 202.285 -6.33418 49.7348 202.417 57.6898 54.7902 
202.456 -55.6704 52.1451 202.807 11.4089 54.3848 202.978 74.7602 61.3392 
203.064 -47.5521 140.145 203.209 92.1227 98.6194 203.406 -37.8632 56.7499 
203.645 28.15 59.8891 203.819 -19.8084 61.4093 203.844 -56.6717 96.3875 
204.056 -50.4768 68.2332 204.089 84.8739 124.878 204.652 -1.95897 65.9523 
204.826 44.5763 65.6374 205.16 -32.5937 72.6854 205.798 14.9703 71.061 
205.807 -45.1623 84.1282 206.095 61.2176 71.5848 206.26 -14.9622 77.4878 
206.408 -38.0089 154.381 206.487 22.8915 182.221 206.663 -49.7482 111.943 
206.883 31.381 76.6521 206.898 74.5296 137.497 207.205 78.1044 77.6793 
207.393 -27.4576 88.8691 207.468 1.99993 82.4257 208.004 -39.4194 100.228 
208.128 81.5203 109.127 208.194 47.6692 82.3897 208.286 6.09832 177.91 
208.694 18.5022 87.8662 208.773 -24.4556 164.282 208.798 -10.5575 93.8384 
208.911 63.4112 150.079 209.303 -9.64489 172.155 209.655 63.7809 87.9964 
209.757 79.5048 93.5418 209.873 37.8939 172.959 209.905 51.377 162.021 
210.233 -22.5972 105.076 210.241 34.6798 93.4867 210.356 -43.1922 127.443 
210.521 5.9148 99.1625 211.262 70.5262 121.271 211.476 -33.938 116.197 
211.552 50.6908 99.1737 211.79 -36.5796 141.175 211.983 22.2019 104.742 
212.114 -6.14259 110.485 212.13 58.7224 133.317 212.24 66.5831 104.637 
212.379 20.3476 167.507 212.81 34.2682 156.696 212.902 38.3094 110.534 
212.909 46.8267 145.313 212.982 54.4298 116.21 213.015 -25.5465 149.069 
213.272 4.18982 162.173 213.323 42.3484 127.944 213.403 10.0911 116.147 
213.433 30.2662 139.59 213.441 -17.8511 121.64 213.448 26.2253 122.078 
213.493 17.5584 150.989 213.592 -11.2425 156.044 213.853 14.1375 133.599 
214.004 1.72973 145.13 214.036 -28.7068 132.449 214.247 -13.5749 138.937 
214.307 -1.81472 127.5 
POLYGONS 6028 24112
3 1110 1063 1149 
3 1063 1169 1149 
3 1149 1221 1110 
3 1063 1110 1005 
3 1169 1262 1149 
3 1075 1169 1063 
3 1110 1221 1194 
3 1149 1262 1221 
3 1082 1005 1110 
3 1063 1005 944 
3 1169 1278 1262 
3 969 1075 1063 
3 1075 1185 1169 
3 1221 1306 1194 
3 1082 1110 1194 
3 1221 1262 1332 
3 972 1005 1082 
3 944 1005 899 
3 944 969 1063 
3 1262 1278 1368 
3 1185 1278 1169 
3 987 1075 969 
3 1092 1185 1075 
3 1194 1306 1273 
3 1221 1332 1306 
3 1082 1194 1164 
3 1332 1262 1368 
3 1050 972 1082 
3 899 1005 972 
3 840 944 899 
3 867 969 944 
3 1368 1278 1387 
3 1292 1278 1185 
3 987 969 877 
3 1092 1075 987 
3 1201 1185 1092 
3 1273 1306 1385 
3 1164 1194 1273 
3 1306 1332 1416 
3 1164 1050 1082 
3 1451 1332 1368 
3 929 972 1050 
3 870 899 972 
3 840 899 795 
3 840 867 944 
3 877 969 867 
3 1387 1278 1292 
3 1368 1387 1471 
3 1292 1185 1201 
3 877 892 987 
3 987 995 1092 
3 1102 1201 1092 
3 1385 1306 1416 
3 1385 1350 1273 
3 1223 1164 1273 
3 1416 1332 1451 
3 1106 1050 1164 
3 1368 1471 1451 
3 929 1050 991 
3 870 972 929 
3 795 899 870 
3 840 795 733 
3 768 867 840 
3 877 867 777 
3 1399 1387 1292 
3 1387 1493 1471 
3 1201 1314 1292 
3 892 995 987 
3 789 892 877 
3 995 1102 1092 
3 1102 1216 1201 
3 1385 1416 1494 
3 1273 1350 1223 
3 1463 1350 1385 
3 1106 1164 1223 
3 1451 1524 1416 
3 991 1050 1106 
3 1451 1471 1559 
3 885 929 991 
3 812 870 929 
3 776 795 870 
3 733 795 701 
3 733 768 840 
3 777 867 768 
3 789 877 777 
3 1292 1314 1399 
3 1399 1493 1387 
3 1471 1493 1579 
3 1216 1314 1201 
3 903 995 892 
3 797 892 789 
3 995 1008 1102 
3 1107 1216 1102 
3 1416 1524 1494 
3 1385 1494 1463 
3 1223 1350 1293 
3 1406 1350 1463 
3 1106 1223 1184 
3 1451 1559 1524 
3 991 1106 1069 
3 1471 1579 1559 
3 885 991 962 
3 812 929 885 
3 776 870 812 
3 701 795 776 
3 701 642 733 
3 666 768 733 
3 768 679 777 
3 687 789 777 
3 1314 1424 1399 
3 1509 1493 1399 
3 1579 1493 1596 
3 1216 1339 1314 
3 903 892 797 
3 903 1008 995 
3 697 797 789 
3 1102 1008 1107 
3 1199 1216 1107 
3 1494 1524 1604 
3 1463 1494 1572 
3 1293 1350 1406 
3 1223 1293 1184 
3 1406 1463 1520 
3 1106 1184 1069 
3 1559 1638 1524 
3 991 1069 962 
3 1559 1579 1666 
3 962 872 885 
3 885 780 812 
3 694 776 812 
3 701 776 694 
3 733 642 666 
3 629 642 701 
3 666 679 768 
3 679 687 777 
3 697 789 687 
3 1399 1424 1509 
3 1339 1424 1314 
3 1596 1493 1509 
3 1579 1596 1681 
3 1264 1339 1216 
3 797 807 903 
3 912 1008 903 
3 703 797 697 
3 1008 1015 1107 
3 1107 1109 1199 
3 1264 1216 1199 
3 1524 1638 1604 
3 1494 1604 1572 
3 1463 1572 1520 
3 1371 1293 1406 
3 1184 1293 1260 
3 1481 1406 1520 
3 1069 1184 1137 
3 1666 1638 1559 
3 1069 1016 962 
3 1579 1681 1666 
3 872 780 885 
3 962 1016 872 
3 812 780 694 
3 629 701 694 
3 666 642 570 
3 560 642 629 
3 579 679 666 
3 593 687 679 
3 687 602 697 
3 1424 1539 1509 
3 1339 1454 1424 
3 1509 1619 1596 
3 1596 1702 1681 
3 1369 1339 1264 
3 807 912 903 
3 703 807 797 
3 912 1015 1008 
3 618 703 697 
3 1107 1015 1109 
3 1109 1202 1199 
3 1199 1287 1264 
3 1604 1638 1718 
3 1604 1687 1572 
3 1572 1645 1520 
3 1371 1406 1481 
3 1260 1293 1371 
3 1137 1184 1260 
3 1520 1588 1481 
3 1137 1016 1069 
3 1666 1750 1638 
3 1681 1773 1666 
3 765 780 872 
3 872 1016 975 
3 694 780 682 
3 629 694 615 
3 570 642 560 
3 579 666 570 
3 558 560 629 
3 593 679 579 
3 593 602 687 
3 697 602 618 
3 1509 1539 1619 
3 1424 1454 1539 
3 1369 1454 1339 
3 1596 1619 1702 
3 1702 1788 1681 
3 1264 1287 1369 
3 820 912 807 
3 720 807 703 
3 922 1015 912 
3 631 703 618 
3 1109 1015 1019 
3 1202 1287 1199 
3 1115 1202 1109 
3 1638 1750 1718 
3 1604 1718 1687 
3 1687 1645 1572 
3 1520 1645 1588 
3 1481 1429 1371 
3 1260 1371 1316 
3 1200 1137 1260 
3 1481 1588 1549 
3 1090 1016 1137 
3 1666 1773 1750 
3 1681 1788 1773 
3 765 872 865 
3 682 780 765 
3 975 1016 1090 
3 865 872 975 
3 615 694 682 
3 615 558 629 
3 560 480 570 
3 488 579 570 
3 558 479 560 
3 502 593 579 
3 516 602 593 
3 618 602 536 
3 1619 1539 1648 
3 1539 1454 1560 
3 1469 1454 1369 
3 1619 1731 1702 
3 1807 1788 1702 
3 1287 1386 1369 
3 720 820 807 
3 922 912 820 
3 631 720 703 
3 1019 1015 922 
3 548 631 618 
3 1115 1109 1019 
3 1202 1299 1287 
3 1210 1202 1115 
3 1718 1750 1834 
3 1687 1718 1797 
3 1687 1779 1645 
3 1588 1645 1699 
3 1371 1429 1316 
3 1549 1429 1481 
3 1260 1316 1200 
3 1200 1090 1137 
3 1549 1588 1657 
3 1773 1857 1750 
3 1773 1788 1875 
3 728 765 865 
3 682 765 640 
3 975 1090 1061 
3 865 975 945 
3 615 682 619 
3 554 558 615 
3 570 480 488 
3 479 480 560 
3 502 579 488 
3 486 479 558 
3 516 593 502 
3 536 602 516 
3 536 548 618 
3 1648 1539 1560 
3 1619 1648 1731 
3 1560 1454 1469 
3 1386 1469 1369 
3 1702 1731 1807 
3 1894 1788 1807 
3 1299 1386 1287 
3 729 820 720 
3 820 834 922 
3 638 720 631 
3 927 1019 922 
3 553 631 548 
3 1019 1026 1115 
3 1210 1299 1202 
3 1115 1121 1210 
3 1750 1857 1834 
3 1797 1718 1834 
3 1797 1779 1687 
3 1645 1779 1749 
3 1699 1645 1749 
3 1657 1588 1699 
3 1316 1429 1388 
3 1492 1429 1549 
3 1316 1279 1200 
3 1167 1090 1200 
3 1549 1657 1598 
3 1875 1857 1773 
3 1875 1788 1894 
3 728 865 822 
3 640 765 728 
3 682 640 619 
3 1061 1090 1167 
3 945 975 1061 
3 865 945 822 
3 619 554 615 
3 486 558 554 
3 488 480 409 
3 408 480 479 
3 488 422 502 
3 424 479 486 
3 438 516 502 
3 516 453 536 
3 459 548 536 
3 1560 1664 1648 
3 1648 1751 1731 
3 1469 1573 1560 
3 1386 1486 1469 
3 1731 1839 1807 
3 1807 1917 1894 
3 1299 1397 1386 
3 638 729 720 
3 729 834 820 
3 922 834 927 
3 553 638 631 
3 927 1026 1019 
3 469 553 548 
3 1026 1121 1115 
3 1210 1312 1299 
3 1121 1219 1210 
3 1834 1857 1946 
3 1834 1908 1797 
3 1888 1779 1797 
3 1749 1779 1858 
3 1699 1749 1812 
3 1657 1699 1766 
3 1388 1429 1492 
3 1388 1279 1316 
3 1598 1492 1549 
3 1200 1279 1167 
3 1598 1657 1708 
3 1961 1857 1875 
3 1875 1894 1976 
3 728 822 699 
3 603 640 728 
3 619 640 573 
3 1122 1061 1167 
3 1061 1009 945 
3 822 945 895 
3 573 554 619 
3 486 554 482 
3 409 480 408 
3 409 422 488 
3 408 479 424 
3 502 422 438 
3 450 424 486 
3 438 453 516 
3 536 453 459 
3 469 548 459 
3 1648 1664 1751 
3 1560 1573 1664 
3 1731 1751 1839 
3 1486 1573 1469 
3 1397 1486 1386 
3 1807 1839 1917 
3 1894 1917 1997 
3 1312 1397 1299 
3 638 649 729 
3 729 743 834 
3 834 841 927 
3 559 638 553 
3 932 1026 927 
3 470 553 469 
3 1029 1121 1026 
3 1219 1312 1210 
3 1121 1125 1219 
3 1946 1857 1961 
3 1946 1908 1834 
3 1797 1908 1888 
3 1858 1779 1888 
3 1749 1858 1812 
3 1699 1812 1766 
3 1657 1766 1708 
3 1388 1492 1456 
3 1351 1279 1388 
3 1558 1492 1598 
3 1167 1279 1233 
3 1598 1708 1662 
3 1875 1976 1961 
3 1894 1997 1976 
3 699 822 783 
3 699 603 728 
3 573 640 603 
3 1167 1233 1122 
3 1122 1009 1061 
3 945 1009 895 
3 783 822 895 
3 482 554 573 
3 486 482 450 
3 332 409 408 
3 333 422 409 
3 408 424 346 
3 438 422 348 
3 363 424 450 
3 369 453 438 
3 459 453 380 
3 469 459 381 
3 1664 1764 1751 
3 1664 1573 1677 
3 1751 1852 1839 
3 1486 1589 1573 
3 1397 1497 1486 
3 1839 1944 1917 
3 1917 2023 1997 
3 1312 1411 1397 
3 729 649 743 
3 559 649 638 
3 743 841 834 
3 841 932 927 
3 470 559 553 
3 932 1029 1026 
3 469 389 470 
3 1029 1125 1121 
3 1219 1320 1312 
3 1219 1125 1226 
3 1961 2049 1946 
3 1946 2024 1908 
3 1888 1908 1996 
3 1858 1888 1970 
3 1858 1934 1812 
3 1812 1878 1766 
3 1708 1766 1824 
3 1456 1492 1558 
3 1388 1456 1351 
3 1233 1279 1351 
3 1558 1598 1662 
3 1708 1771 1662 
3 1976 2064 1961 
3 1997 2083 1976 
3 699 783 676 
3 676 603 699 
3 573 603 549 
3 1122 1233 1193 
3 1081 1009 1122 
3 895 1009 970 
3 783 895 866 
3 549 482 573 
3 482 412 450 
3 408 346 332 
3 332 333 409 
3 348 422 333 
3 346 424 363 
3 348 369 438 
3 450 412 363 
3 380 453 369 
3 459 380 381 
3 381 389 469 
3 1751 1764 1852 
3 1677 1764 1664 
3 1573 1589 1677 
3 1839 1852 1944 
3 1497 1589 1486 
3 1411 1497 1397 
3 1917 1944 2023 
3 1997 2023 2111 
3 1312 1320 1411 
3 743 649 659 
3 566 649 559 
3 754 841 743 
3 841 842 932 
3 470 477 559 
3 932 930 1029 
3 470 389 397 
3 1030 1125 1029 
3 1226 1320 1219 
3 1226 1125 1129 
3 1946 2049 2024 
3 2064 2049 1961 
3 1908 2024 1996 
3 1888 1996 1970 
3 1970 1934 1858 
3 1812 1934 1878 
3 1766 1878 1824 
3 1824 1771 1708 
3 1456 1558 1500 
3 1456 1402 1351 
3 1351 1305 1233 
3 1662 1601 1558 
3 1662 1771 1710 
3 1976 2083 2064 
3 1997 2111 2083 
3 676 783 734 
3 549 603 676 
3 1233 1305 1193 
3 1122 1193 1081 
3 970 1009 1081 
3 866 895 970 
3 734 783 866 
3 481 482 549 
3 481 412 482 
3 332 346 252 
3 247 333 332 
3 348 333 253 
3 284 346 363 
3 336 369 348 
3 363 412 324 
3 316 380 369 
3 381 380 312 
3 314 389 381 
3 1764 1866 1852 
3 1780 1764 1677 
3 1589 1689 1677 
3 1944 1852 1954 
3 1602 1589 1497 
3 1411 1514 1497 
3 1944 2046 2023 
3 2023 2135 2111 
3 1411 1320 1423 
3 659 649 566 
3 754 743 659 
3 477 566 559 
3 754 842 841 
3 932 842 930 
3 397 477 470 
3 930 1030 1029 
3 397 389 326 
3 1129 1125 1030 
3 1331 1320 1226 
3 1129 1234 1226 
3 2024 2049 2126 
3 2064 2144 2049 
3 1996 2024 2103 
3 1970 1996 2077 
3 2053 1934 1970 
3 1878 1934 1993 
3 1824 1878 1942 
3 1877 1771 1824 
3 1558 1601 1500 
3 1500 1402 1456 
3 1351 1402 1305 
3 1662 1710 1601 
3 1710 1771 1825 
3 2064 2083 2166 
3 2111 2207 2083 
3 605 676 734 
3 605 549 676 
3 1193 1305 1269 
3 1193 1161 1081 
3 970 1081 1037 
3 866 970 918 
3 734 866 794 
3 481 549 605 
3 434 412 481 
3 252 346 284 
3 247 332 252 
3 253 333 247 
3 260 348 253 
3 284 363 324 
3 336 348 260 
3 316 369 336 
3 324 412 434 
3 312 380 316 
3 381 312 314 
3 326 389 314 
3 1852 1866 1954 
3 1780 1866 1764 
3 1677 1689 1780 
3 1602 1689 1589 
3 1954 2046 1944 
3 1497 1514 1602 
3 1423 1514 1411 
3 2023 2046 2135 
3 2135 2229 2111 
3 1423 1320 1331 
3 566 575 659 
3 754 659 664 
3 487 566 477 
3 752 842 754 
3 930 842 836 
3 418 477 397 
3 925 1030 930 
3 326 345 397 
3 1129 1030 1025 
3 1226 1234 1331 
3 1126 1234 1129 
3 2049 2144 2126 
3 2024 2126 2103 
3 2166 2144 2064 
3 2077 1996 2103 
3 1970 2077 2053 
3 1993 1934 2053 
3 1942 1878 1993 
3 1824 1942 1877 
3 1825 1771 1877 
3 1500 1601 1553 
3 1458 1402 1500 
3 1305 1402 1380 
3 1601 1710 1660 
3 1710 1825 1769 
3 2083 2207 2166 
3 2111 2229 2207 
3 605 734 685 
3 1269 1305 1380 
3 1269 1161 1193 
3 1081 1161 1037 
3 918 970 1037 
3 794 866 918 
3 685 734 794 
3 564 481 605 
3 434 481 564 
3 252 284 203 
3 252 189 247 
3 247 187 253 
3 201 260 253 
3 235 284 324 
3 263 336 260 
3 263 316 336 
3 354 324 434 
3 262 312 316 
3 314 312 255 
3 254 326 314 
3 1866 1967 1954 
3 1883 1866 1780 
3 1689 1790 1780 
3 1602 1700 1689 
3 1954 2059 2046 
3 1514 1615 1602 
3 1529 1514 1423 
3 2046 2147 2135 
3 2135 2244 2229 
3 1331 1438 1423 
3 659 575 664 
3 487 575 566 
3 754 664 752 
3 418 487 477 
3 836 842 752 
3 836 925 930 
3 345 418 397 
3 1025 1030 925 
3 266 345 326 
3 1025 1126 1129 
3 1234 1343 1331 
3 1126 1241 1234 
3 2126 2144 2225 
3 2103 2126 2204 
3 2166 2239 2144 
3 2103 2183 2077 
3 2053 2077 2160 
3 2053 2120 1993 
3 1993 2048 1942 
3 1942 1983 1877 
3 1935 1825 1877 
3 1553 1601 1660 
3 1500 1553 1458 
3 1380 1402 1458 
3 1660 1710 1769 
3 1769 1825 1876 
3 2166 2207 2249 
3 2207 2229 2322 
3 564 605 685 
3 1269 1380 1342 
3 1213 1161 1269 
3 1037 1161 1096 
3 1037 986 918 
3 794 918 874 
3 685 794 766 
3 564 493 434 
3 203 284 235 
3 203 189 252 
3 247 189 187 
3 253 187 201 
3 201 219 260 
3 235 324 354 
3 260 219 263 
3 262 316 263 
3 434 493 354 
3 255 312 262 
3 254 314 255 
3 254 266 326 
3 1954 1967 2059 
3 1883 1967 1866 
3 1780 1790 1883 
3 1689 1700 1790 
3 1615 1700 1602 
3 2046 2059 2147 
3 1529 1615 1514 
3 1438 1529 1423 
3 2135 2147 2244 
3 2229 2244 2332 
3 1331 1343 1438 
3 575 577 664 
3 499 575 487 
3 664 661 752 
3 435 487 418 
3 737 836 752 
3 823 925 836 
3 359 418 345 
3 1025 925 914 
3 266 293 345 
3 1011 1126 1025 
3 1241 1343 1234 
3 1114 1241 1126 
3 2144 2239 2225 
3 2204 2126 2225 
3 2103 2204 2183 
3 2166 2249 2239 
3 2077 2183 2160 
3 2160 2120 2053 
3 1993 2120 2048 
3 1942 2048 1983 
3 1877 1983 1935 
3 1876 1825 1935 
3 1553 1660 1592 
3 1458 1553 1479 
3 1479 1380 1458 
3 1706 1660 1769 
3 1876 1821 1769 
3 2207 2316 2249 
3 2322 2229 2332 
3 2322 2316 2207 
3 625 564 685 
3 1342 1380 1479 
3 1269 1342 1213 
3 1096 1161 1213 
3 1096 986 1037 
3 918 986 874 
3 766 794 874 
3 625 685 766 
3 625 493 564 
3 179 203 235 
3 165 189 203 
3 187 189 167 
3 201 187 174 
3 188 219 201 
3 354 291 235 
3 263 219 233 
3 233 262 263 
3 354 493 441 
3 262 222 255 
3 255 210 254 
3 211 266 254 
3 2059 1967 2069 
3 1979 1967 1883 
3 1790 1892 1883 
3 1790 1700 1800 
3 1615 1719 1700 
3 2147 2059 2164 
3 1630 1615 1529 
3 1438 1546 1529 
3 2244 2147 2254 
3 2244 2344 2332 
3 1438 1343 1452 
3 577 661 664 
3 499 577 575 
3 435 499 487 
3 752 661 737 
3 435 418 359 
3 823 836 737 
3 914 925 823 
3 293 359 345 
3 1011 1025 914 
3 241 293 266 
3 1114 1126 1011 
3 1356 1343 1241 
3 1263 1241 1114 
3 2225 2239 2309 
3 2225 2296 2204 
3 2183 2204 2283 
3 2239 2249 2317 
3 2160 2183 2259 
3 2160 2220 2120 
3 2048 2120 2145 
3 1983 2048 2086 
3 1935 1983 2042 
3 1935 1985 1876 
3 1592 1660 1706 
3 1479 1553 1592 
3 1769 1821 1706 
3 1876 1936 1821 
3 2249 2316 2317 
3 2322 2332 2412 
3 2322 2406 2316 
3 1407 1342 1479 
3 1213 1342 1288 
3 1096 1213 1170 
3 1060 986 1096 
3 874 986 937 
3 874 810 766 
3 766 692 625 
3 574 493 625 
3 235 291 179 
3 165 203 179 
3 167 189 165 
3 174 187 167 
3 174 188 201 
3 206 219 188 
3 441 291 354 
3 233 219 206 
3 233 222 262 
3 441 493 574 
3 222 210 255 
3 254 210 211 
3 241 266 211 
3 2069 1967 1979 
3 2164 2059 2069 
3 1883 1892 1979 
3 1800 1892 1790 
3 1700 1719 1800 
3 1630 1719 1615 
3 2254 2147 2164 
3 1546 1630 1529 
3 1452 1546 1438 
3 2254 2344 2244 
3 2332 2344 2422 
3 1452 1343 1356 
3 572 661 577 
3 501 577 499 
3 444 499 435 
3 661 646 737 
3 435 359 375 
3 737 721 823 
3 823 806 914 
3 317 359 293 
3 914 902 1011 
3 272 293 241 
3 997 1114 1011 
3 1356 1241 1263 
3 1114 1177 1263 
3 2309 2239 2317 
3 2225 2309 2296 
3 2204 2296 2283 
3 2183 2283 2259 
3 2259 2220 2160 
3 2120 2220 2145 
3 2048 2145 2086 
3 2042 1983 2086 
3 2042 1985 1935 
3 1876 1985 1936 
3 1592 1706 1655 
3 1479 1592 1535 
3 1706 1821 1762 
3 1821 1936 1873 
3 2317 2316 2401 
3 2332 2422 2412 
3 2412 2406 2322 
3 2316 2406 2401 
3 1407 1479 1535 
3 1288 1342 1407 
3 1213 1288 1170 
3 1096 1170 1060 
3 937 986 1060 
3 937 810 874 
3 766 810 692 
3 625 692 574 
3 179 291 308 
3 164 165 179 
3 165 149 167 
3 167 163 174 
3 180 188 174 
3 206 188 199 
3 308 291 441 
3 206 220 233 
3 220 222 233 
3 503 441 574 
3 204 210 222 
3 211 210 196 
3 209 241 211 
3 1979 2079 2069 
3 2069 2171 2164 
3 1892 1992 1979 
3 1902 1892 1800 
3 1800 1719 1822 
3 1736 1719 1630 
3 2254 2164 2258 
3 1546 1649 1630 
3 1452 1556 1546 
3 2351 2344 2254 
3 2422 2344 2430 
3 1356 1461 1452 
3 501 572 577 
3 572 646 661 
3 501 499 444 
3 444 435 375 
3 646 721 737 
3 375 359 317 
3 721 806 823 
3 806 902 914 
3 272 317 293 
3 1011 902 997 
3 241 242 272 
3 997 1089 1114 
3 1263 1366 1356 
3 1177 1274 1263 
3 1089 1177 1114 
3 2397 2309 2317 
3 2296 2309 2381 
3 2283 2296 2367 
3 2259 2283 2354 
3 2304 2220 2259 
3 2145 2220 2237 
3 2086 2145 2192 
3 2086 2148 2042 
3 2042 2094 1985 
3 1985 2047 1936 
3 1655 1706 1762 
3 1535 1592 1655 
3 1762 1821 1873 
3 1936 1984 1873 
3 2317 2401 2397 
3 2412 2422 2496 
3 2485 2406 2412 
3 2401 2406 2480 
3 1407 1535 1476 
3 1361 1288 1407 
3 1170 1288 1236 
3 1060 1170 1113 
3 1060 993 937 
3 937 883 810 
3 692 810 772 
3 574 692 641 
3 179 308 164 
3 147 165 164 
3 149 163 167 
3 147 149 165 
3 163 180 174 
3 199 188 180 
3 227 206 199 
3 503 308 441 
3 227 220 206 
3 204 222 220 
3 574 641 503 
3 196 210 204 
3 209 211 196 
3 209 242 241 
3 2079 2171 2069 
3 1979 1992 2079 
3 2164 2171 2258 
3 1902 1992 1892 
3 1800 1822 1902 
3 1822 1719 1736 
3 1630 1649 1736 
3 2258 2351 2254 
3 1556 1649 1546 
3 1452 1461 1556 
3 2430 2344 2351 
3 2422 2430 2507 
3 1366 1461 1356 
3 485 572 501 
3 552 646 572 
3 444 437 501 
3 375 378 444 
3 622 721 646 
3 317 339 375 
3 700 806 721 
3 796 902 806 
3 301 317 272 
3 997 902 894 
3 272 242 278 
3 988 1089 997 
3 1274 1366 1263 
3 1181 1274 1177 
3 1089 1181 1177 
3 2381 2309 2397 
3 2296 2381 2367 
3 2354 2283 2367 
3 2259 2354 2304 
3 2237 2220 2304 
3 2192 2145 2237 
3 2086 2192 2148 
3 2148 2094 2042 
3 1985 2094 2047 
3 1936 2047 1984 
3 1655 1762 1698 
3 1535 1655 1587 
3 1762 1873 1814 
3 1873 1984 1932 
3 2397 2401 2476 
3 2422 2507 2496 
3 2496 2485 2412 
3 2480 2406 2485 
3 2476 2401 2480 
3 1476 1535 1587 
3 1476 1361 1407 
3 1236 1288 1361 
3 1170 1236 1113 
3 1113 993 1060 
3 937 993 883 
3 810 883 772 
3 641 692 772 
3 164 308 228 
3 150 147 164 
3 158 163 149 
3 140 149 147 
3 177 180 163 
3 199 180 208 
3 199 245 227 
3 433 308 503 
3 230 220 227 
3 230 204 220 
3 503 641 580 
3 196 204 215 
3 213 209 196 
3 238 242 209 
3 2181 2171 2079 
3 2079 1992 2091 
3 2171 2269 2258 
3 2007 1992 1902 
3 1902 1822 1927 
3 1736 1842 1822 
3 1736 1649 1748 
3 2258 2355 2351 
3 1556 1656 1649 
3 1461 1562 1556 
3 2351 2441 2430 
3 2430 2516 2507 
3 1366 1465 1461 
3 501 437 485 
3 552 572 485 
3 552 622 646 
3 378 437 444 
3 339 378 375 
3 622 700 721 
3 301 339 317 
3 796 806 700 
3 894 902 796 
3 278 301 272 
3 988 997 894 
3 278 242 275 
3 1083 1089 988 
3 1373 1366 1274 
3 1280 1274 1181 
3 1083 1181 1089 
3 2397 2471 2381 
3 2367 2381 2452 
3 2367 2428 2354 
3 2354 2390 2304 
3 2237 2304 2307 
3 2307 2192 2237 
3 2192 2267 2148 
3 2148 2210 2094 
3 2047 2094 2158 
3 2047 2099 1984 
3 1762 1814 1698 
3 1587 1655 1698 
3 1814 1873 1932 
3 1932 1984 2045 
3 2476 2471 2397 
3 2496 2507 2575 
3 2560 2485 2496 
3 2480 2485 2554 
3 2476 2480 2548 
3 1476 1587 1530 
3 1413 1361 1476 
3 1236 1361 1294 
3 1113 1236 1183 
3 1067 993 1113 
3 883 993 960 
3 772 883 833 
3 641 772 698 
3 228 308 433 
3 164 228 150 
3 150 140 147 
3 158 149 140 
3 158 177 163 
3 208 180 177 
3 208 245 199 
3 227 245 264 
3 580 433 503 
3 264 230 227 
3 215 204 230 
3 580 641 698 
3 196 215 213 
3 238 209 213 
3 275 242 238 
3 2181 2079 2091 
3 2181 2269 2171 
3 2091 1992 2007 
3 2258 2269 2355 
3 1902 1927 2007 
3 1822 1842 1927 
3 1748 1842 1736 
3 1649 1656 1748 
3 2351 2355 2441 
3 1562 1656 1556 
3 1465 1562 1461 
3 2430 2441 2516 
3 2516 2585 2507 
3 1373 1465 1366 
3 485 437 407 
3 460 552 485 
3 514 622 552 
3 364 437 378 
3 335 378 339 
3 607 700 622 
3 309 339 301 
3 696 796 700 
3 894 796 791 
3 300 301 278 
3 886 988 894 
3 275 305 278 
3 983 1083 988 
3 1280 1373 1274 
3 1179 1280 1181 
3 1179 1181 1083 
3 2381 2471 2452 
3 2452 2428 2367 
3 2354 2428 2390 
3 2304 2390 2307 
3 2307 2267 2192 
3 2148 2267 2210 
3 2094 2210 2158 
3 2158 2099 2047 
3 1984 2099 2045 
3 1698 1814 1758 
3 1698 1650 1587 
3 1932 1871 1814 
3 1932 2045 1981 
3 2551 2471 2476 
3 2507 2585 2575 
3 2496 2575 2560 
3 2554 2485 2560 
3 2480 2554 2548 
3 2551 2476 2548 
3 1587 1650 1530 
3 1413 1476 1530 
3 1294 1361 1413 
3 1183 1236 1294 
3 1113 1183 1067 
3 960 993 1067 
3 833 883 960 
3 698 772 833 
3 374 228 433 
3 150 228 191 
3 151 140 150 
3 160 158 140 
3 186 177 158 
3 208 177 232 
3 285 245 208 
3 264 245 310 
3 528 433 580 
3 261 230 264 
3 261 215 230 
3 580 698 662 
3 213 215 257 
3 213 265 238 
3 294 275 238 
3 2091 2188 2181 
3 2275 2269 2181 
3 2091 2007 2108 
3 2355 2269 2356 
3 1927 2028 2007 
3 1927 1842 1945 
3 1851 1842 1748 
3 1748 1656 1757 
3 2355 2442 2441 
3 1663 1656 1562 
3 1567 1562 1465 
3 2441 2517 2516 
3 2516 2592 2585 
3 1470 1465 1373 
3 407 437 364 
3 460 485 407 
3 514 552 460 
3 514 607 622 
3 364 378 335 
3 335 339 309 
3 696 700 607 
3 300 309 301 
3 791 796 696 
3 886 894 791 
3 305 300 278 
3 886 983 988 
3 330 305 275 
3 1080 1083 983 
3 1375 1373 1280 
3 1282 1280 1179 
3 1179 1083 1080 
3 2452 2471 2527 
3 2508 2428 2452 
3 2390 2428 2478 
3 2307 2390 2384 
3 2372 2267 2307 
3 2210 2267 2328 
3 2158 2210 2277 
3 2214 2099 2158 
3 2045 2099 2155 
3 1814 1871 1758 
3 1698 1758 1650 
3 1981 1871 1932 
3 2045 2093 1981 
3 2551 2544 2471 
3 2575 2585 2648 
3 2560 2575 2627 
3 2554 2560 2615 
3 2548 2554 2610 
3 2548 2616 2551 
3 1530 1650 1585 
3 1530 1474 1413 
3 1294 1413 1362 
3 1247 1183 1294 
3 1067 1183 1124 
3 1007 960 1067 
3 833 960 890 
3 778 698 833 
3 374 433 528 
3 191 228 374 
3 151 150 191 
3 160 140 151 
3 160 186 158 
3 232 177 186 
3 232 285 208 
3 310 245 285 
3 264 310 323 
3 580 662 528 
3 264 323 261 
3 257 215 261 
3 662 698 778 
3 257 265 213 
3 238 265 294 
3 294 330 275 
3 2181 2188 2275 
3 2091 2108 2188 
3 2356 2269 2275 
3 2007 2028 2108 
3 2356 2442 2355 
3 1927 1945 2028 
3 1945 1842 1851 
3 1757 1851 1748 
3 1757 1656 1663 
3 2441 2442 2517 
3 1663 1562 1567 
3 1567 1465 1470 
3 2516 2517 2592 
3 2585 2592 2667 
3 1375 1470 1373 
3 364 341 407 
3 370 460 407 
3 430 514 460 
3 478 607 514 
3 311 364 335 
3 309 306 335 
3 598 696 607 
3 307 309 300 
3 791 696 689 
3 784 886 791 
3 318 300 305 
3 880 983 886 
3 352 305 330 
3 982 1080 983 
3 1375 1280 1282 
3 1178 1282 1179 
3 1179 1080 1178 
3 2471 2544 2527 
3 2452 2527 2508 
3 2478 2428 2508 
3 2384 2390 2478 
3 2307 2384 2372 
3 2328 2267 2372 
3 2277 2210 2328 
3 2158 2277 2214 
3 2155 2099 2214 
3 2155 2093 2045 
3 1758 1871 1803 
3 1650 1758 1692 
3 1922 1871 1981 
3 1981 2093 2039 
3 2618 2544 2551 
3 2585 2667 2648 
3 2575 2648 2627 
3 2560 2627 2615 
3 2554 2615 2610 
3 2610 2616 2548 
3 2551 2616 2618 
3 1585 1650 1692 
3 1585 1474 1530 
3 1413 1474 1362 
3 1362 1247 1294 
3 1124 1183 1247 
3 1007 1067 1124 
3 890 960 1007 
3 833 890 778 
3 474 374 528 
3 329 191 374 
3 194 151 191 
3 173 160 151 
3 207 186 160 
3 232 186 273 
3 327 285 232 
3 358 310 285 
3 323 310 377 
3 528 662 596 
3 261 323 319 
3 319 257 261 
3 715 662 778 
3 321 265 257 
3 294 265 343 
3 367 330 294 
3 2188 2284 2275 
3 2108 2203 2188 
3 2361 2356 2275 
3 2108 2028 2124 
3 2437 2442 2356 
3 1945 2043 2028 
3 1851 1952 1945 
3 1757 1859 1851 
3 1663 1760 1757 
3 2442 2509 2517 
3 1567 1669 1663 
3 1567 1470 1571 
3 2592 2517 2584 
3 2667 2592 2658 
3 1475 1470 1375 
3 407 341 370 
3 311 341 364 
3 430 460 370 
3 478 514 430 
3 543 607 478 
3 335 306 311 
3 307 306 309 
3 598 607 543 
3 689 696 598 
3 318 307 300 
3 791 689 784 
3 784 880 886 
3 318 305 352 
3 982 983 880 
3 352 330 388 
3 1078 1080 982 
3 1379 1375 1282 
3 1281 1282 1178 
3 1178 1080 1078 
3 2527 2544 2604 
3 2508 2527 2583 
3 2478 2508 2558 
3 2477 2384 2478 
3 2372 2384 2477 
3 2372 2443 2328 
3 2328 2389 2277 
3 2214 2277 2338 
3 2155 2214 2273 
3 2155 2213 2093 
3 1803 1871 1922 
3 1692 1758 1803 
3 1981 2039 1922 
3 2093 2152 2039 
3 2604 2544 2618 
3 2648 2667 2691 
3 2627 2648 2693 
3 2615 2627 2671 
3 2610 2615 2668 
3 2673 2616 2610 
3 2618 2616 2686 
3 1585 1692 1647 
3 1527 1474 1585 
3 1362 1474 1412 
3 1296 1247 1362 
3 1124 1247 1186 
3 1007 1124 1073 
3 964 890 1007 
3 778 890 850 
3 528 596 474 
3 329 374 474 
3 194 191 329 
3 173 151 194 
3 207 160 173 
3 273 186 207 
3 232 273 327 
3 358 285 327 
3 377 310 358 
3 383 323 377 
3 596 662 715 
3 319 323 383 
3 321 257 319 
3 778 850 715 
3 343 265 321 
3 353 294 343 
3 294 353 367 
3 388 330 367 
3 2275 2284 2361 
3 2188 2203 2284 
3 2124 2203 2108 
3 2361 2437 2356 
3 2028 2043 2124 
3 2437 2509 2442 
3 1952 2043 1945 
3 1859 1952 1851 
3 1757 1760 1859 
3 1669 1760 1663 
3 2517 2509 2584 
3 1571 1669 1567 
3 1571 1470 1475 
3 2658 2592 2584 
3 2732 2667 2658 
3 1379 1475 1375 
3 370 341 298 
3 286 341 311 
3 340 430 370 
3 430 382 478 
3 449 543 478 
3 311 306 287 
3 299 306 307 
3 598 543 504 
3 584 689 598 
3 328 307 318 
3 784 689 684 
3 782 880 784 
3 360 318 352 
3 881 982 880 
3 388 402 352 
3 1078 982 980 
3 1281 1379 1282 
3 1176 1281 1178 
3 1176 1178 1078 
3 2583 2527 2604 
3 2508 2583 2558 
3 2478 2558 2477 
3 2372 2477 2443 
3 2443 2389 2328 
3 2277 2389 2338 
3 2214 2338 2273 
3 2273 2213 2155 
3 2093 2213 2152 
3 1803 1922 1861 
3 1692 1803 1756 
3 1922 2039 1972 
3 2039 2152 2085 
3 2604 2618 2676 
3 2691 2667 2752 
3 2693 2648 2691 
3 2671 2627 2693 
3 2668 2615 2671 
3 2610 2668 2673 
3 2686 2616 2673 
3 2618 2686 2676 
3 1647 1692 1756 
3 1527 1585 1647 
3 1412 1474 1527 
3 1362 1412 1296 
3 1186 1247 1296 
3 1073 1124 1186 
3 1007 1073 964 
3 850 890 964 
3 474 596 547 
3 395 329 474 
3 395 194 329 
3 234 173 194 
3 225 207 173 
3 331 273 207 
3 327 273 373 
3 416 358 327 
3 358 442 377 
3 454 383 377 
3 674 596 715 
3 384 319 383 
3 321 319 384 
3 715 850 785 
3 393 343 321 
3 415 353 343 
3 431 367 353 
3 446 388 367 
3 2361 2284 2371 
3 2203 2295 2284 
3 2223 2203 2124 
3 2361 2444 2437 
3 2043 2143 2124 
3 2506 2509 2437 
3 1952 2056 2043 
3 1859 1962 1952 
3 1859 1760 1864 
3 1770 1760 1669 
3 2584 2509 2576 
3 1670 1669 1571 
3 1571 1475 1574 
3 2584 2637 2658 
3 2658 2709 2732 
3 2752 2667 2732 
3 1478 1475 1379 
3 298 341 286 
3 370 298 340 
3 311 287 286 
3 340 382 430 
3 382 449 478 
3 504 543 449 
3 287 306 299 
3 299 307 328 
3 584 598 504 
3 684 689 584 
3 360 328 318 
3 684 782 784 
3 881 880 782 
3 352 402 360 
3 980 982 881 
3 455 402 388 
3 980 1074 1078 
3 1378 1379 1281 
3 1276 1281 1176 
3 1078 1074 1176 
3 2662 2583 2604 
3 2558 2583 2631 
3 2477 2558 2564 
3 2443 2477 2564 
3 2514 2389 2443 
3 2338 2389 2456 
3 2338 2391 2273 
3 2273 2335 2213 
3 2152 2213 2276 
3 1922 1972 1861 
3 1803 1861 1756 
3 1972 2039 2085 
3 2152 2200 2085 
3 2662 2604 2676 
3 2749 2691 2752 
3 2693 2691 2749 
3 2671 2693 2729 
3 2668 2671 2716 
3 2668 2727 2673 
3 2686 2673 2748 
3 2676 2686 2754 
3 1647 1756 1688 
3 1527 1647 1582 
3 1472 1412 1527 
3 1296 1412 1363 
3 1253 1186 1296 
3 1073 1186 1130 
3 964 1073 1014 
3 850 964 898 
3 547 596 674 
3 395 474 547 
3 234 194 395 
3 225 173 234 
3 282 207 225 
3 331 207 282 
3 373 273 331 
3 327 373 416 
3 416 442 358 
3 377 442 454 
3 456 383 454 
3 785 674 715 
3 456 384 383 
3 393 321 384 
3 785 850 898 
3 415 343 393 
3 431 353 415 
3 446 367 431 
3 455 388 446 
3 2284 2295 2371 
3 2371 2444 2361 
3 2223 2295 2203 
3 2124 2143 2223 
3 2437 2444 2506 
3 2043 2056 2143 
3 2576 2509 2506 
3 1962 2056 1952 
3 1864 1962 1859 
3 1864 1760 1770 
3 1770 1669 1670 
3 2584 2576 2637 
3 1574 1670 1571 
3 1574 1475 1478 
3 2658 2637 2709 
3 2709 2763 2732 
3 2752 2732 2786 
3 1378 1478 1379 
3 240 298 286 
3 340 298 250 
3 286 287 251 
3 288 382 340 
3 344 449 382 
3 504 449 400 
3 281 287 299 
3 313 299 328 
3 504 475 584 
3 561 684 584 
3 357 328 360 
3 690 782 684 
3 786 881 782 
3 402 405 360 
3 980 881 879 
3 461 402 455 
3 976 1074 980 
3 1276 1378 1281 
3 1172 1276 1176 
3 1176 1074 1172 
3 2631 2583 2662 
3 2564 2558 2631 
3 2443 2564 2514 
3 2456 2389 2514 
3 2456 2391 2338 
3 2273 2391 2335 
3 2213 2335 2276 
3 2276 2200 2152 
3 1972 1899 1861 
3 1861 1792 1756 
3 2085 2018 1972 
3 2085 2200 2132 
3 2662 2676 2747 
3 2749 2752 2789 
3 2693 2749 2729 
3 2671 2729 2716 
3 2716 2727 2668 
3 2673 2727 2748 
3 2754 2686 2748 
3 2676 2754 2747 
3 1756 1792 1688 
3 1647 1688 1582 
3 1472 1527 1582 
3 1363 1412 1472 
3 1253 1296 1363 
3 1130 1186 1253 
3 1014 1073 1130 
3 898 964 1014 
3 547 674 597 
3 471 395 547 
3 334 234 395 
3 334 225 234 
3 350 282 225 
3 282 390 331 
3 439 373 331 
3 416 373 472 
3 495 442 416 
3 454 442 513 
3 525 456 454 
3 726 674 785 
3 465 384 456 
3 465 393 384 
3 785 898 860 
3 473 415 393 
3 483 431 415 
3 496 446 431 
3 505 455 446 
3 2371 2295 2392 
3 2371 2457 2444 
3 2320 2295 2223 
3 2143 2248 2223 
3 2444 2519 2506 
3 2143 2056 2162 
3 2506 2577 2576 
3 2070 2056 1962 
3 1864 1973 1962 
3 1770 1869 1864 
3 1770 1670 1772 
3 2576 2630 2637 
3 1674 1670 1574 
3 1574 1478 1575 
3 2637 2687 2709 
3 2732 2763 2786 
3 2736 2763 2709 
3 2752 2786 2789 
3 1480 1478 1378 
3 251 240 286 
3 250 298 240 
3 250 288 340 
3 251 287 281 
3 344 382 288 
3 400 449 344 
3 400 475 504 
3 281 299 313 
3 313 328 357 
3 475 561 584 
3 690 684 561 
3 360 405 357 
3 786 782 690 
3 879 881 786 
3 461 405 402 
3 976 980 879 
3 515 461 455 
3 1071 1074 976 
3 1276 1376 1378 
3 1172 1272 1276 
3 1172 1074 1071 
3 2631 2662 2714 
3 2564 2631 2647 
3 2564 2647 2514 
3 2456 2514 2600 
3 2456 2525 2391 
3 2335 2391 2450 
3 2335 2402 2276 
3 2321 2200 2276 
3 1861 1899 1792 
3 1972 2018 1899 
3 2085 2132 2018 
3 2200 2251 2132 
3 2662 2747 2714 
3 2772 2749 2789 
3 2729 2749 2772 
3 2716 2729 2757 
3 2716 2764 2727 
3 2748 2727 2787 
3 2754 2748 2805 
3 2747 2754 2814 
3 1688 1792 1735 
3 1688 1631 1582 
3 1472 1582 1519 
3 1472 1410 1363 
3 1300 1253 1363 
3 1130 1253 1188 
3 1130 1077 1014 
3 967 898 1014 
3 597 674 726 
3 597 471 547 
3 471 334 395 
3 350 225 334 
3 350 390 282 
3 390 439 331 
3 472 373 439 
3 495 416 472 
3 513 442 495 
3 454 513 525 
3 532 456 525 
3 785 860 726 
3 532 465 456 
3 473 393 465 
3 860 898 967 
3 483 415 473 
3 496 431 483 
3 505 446 496 
3 515 455 505 
3 2392 2295 2320 
3 2371 2392 2457 
3 2444 2457 2519 
3 2223 2248 2320 
3 2162 2248 2143 
3 2506 2519 2577 
3 2162 2056 2070 
3 2576 2577 2630 
3 1962 1973 2070 
3 1869 1973 1864 
3 1772 1869 1770 
3 1772 1670 1674 
3 2637 2630 2687 
3 1575 1674 1574 
3 1575 1478 1480 
3 2709 2687 2736 
3 2786 2763 2794 
3 2767 2763 2736 
3 2789 2786 2797 
3 1378 1376 1480 
3 214 240 251 
3 200 250 240 
3 202 288 250 
3 249 251 281 
3 231 344 288 
3 400 344 289 
3 361 475 400 
3 296 281 313 
3 349 313 357 
3 447 561 475 
3 561 610 690 
3 357 405 401 
3 691 786 690 
3 879 786 781 
3 464 405 461 
3 976 879 875 
3 521 461 515 
3 968 1071 976 
3 1272 1376 1276 
3 1168 1272 1172 
3 1172 1071 1168 
3 2647 2631 2714 
3 2514 2647 2600 
3 2600 2525 2456 
3 2391 2525 2450 
3 2493 2335 2450 
3 2276 2402 2321 
3 2335 2493 2402 
3 2321 2251 2200 
3 1899 1847 1792 
3 1899 2018 1951 
3 2132 2060 2018 
3 2132 2251 2172 
3 2714 2747 2807 
3 2772 2789 2791 
3 2729 2772 2757 
3 2757 2764 2716 
3 2727 2764 2787 
3 2748 2787 2805 
3 2754 2805 2814 
3 2747 2814 2807 
3 1792 1847 1735 
3 1735 1631 1688 
3 1582 1631 1519 
3 1472 1519 1410 
3 1363 1410 1300 
3 1188 1253 1300 
3 1188 1077 1130 
3 1014 1077 967 
3 726 680 597 
3 597 562 471 
3 445 334 471 
3 445 350 334 
3 463 390 350 
3 494 439 390 
3 472 439 537 
3 568 495 472 
3 581 513 495 
3 525 513 592 
3 595 532 525 
3 726 860 792 
3 546 465 532 
3 473 465 546 
3 860 967 904 
3 557 483 473 
3 569 496 483 
3 578 505 496 
3 515 505 583 
3 2320 2419 2392 
3 2392 2486 2457 
3 2457 2543 2519 
3 2320 2248 2347 
3 2265 2248 2162 
3 2519 2588 2577 
3 2070 2180 2162 
3 2577 2636 2630 
3 1973 2088 2070 
3 1963 1973 1869 
3 1862 1869 1772 
3 1774 1772 1674 
3 2630 2681 2687 
3 1575 1676 1674 
3 1480 1580 1575 
3 2736 2687 2712 
3 2794 2763 2767 
3 2786 2794 2797 
3 2740 2767 2736 
3 2789 2797 2791 
3 1376 1482 1480 
3 214 251 249 
3 200 240 214 
3 202 250 200 
3 231 288 202 
3 249 281 296 
3 289 344 231 
3 289 361 400 
3 447 475 361 
3 296 313 349 
3 349 357 401 
3 510 561 447 
3 690 610 691 
3 510 610 561 
3 401 405 464 
3 781 786 691 
3 875 879 781 
3 464 461 521 
3 875 968 976 
3 585 521 515 
3 1065 1071 968 
3 1372 1376 1272 
3 1168 1268 1272 
3 1168 1071 1065 
3 2647 2714 2751 
3 2600 2647 2751 
3 2702 2525 2600 
3 2450 2525 2587 
3 2450 2587 2493 
3 2402 2445 2321 
3 2493 2533 2402 
3 2360 2251 2321 
3 1951 1847 1899 
3 2018 2060 1951 
3 2172 2060 2132 
3 2172 2251 2282 
3 2714 2807 2751 
3 2772 2791 2777 
3 2757 2772 2777 
3 2774 2764 2757 
3 2787 2764 2796 
3 2787 2817 2805 
3 2814 2805 2837 
3 2814 2845 2807 
3 1735 1847 1767 
3 1684 1631 1735 
3 1631 1578 1519 
3 1519 1468 1410 
3 1300 1410 1364 
3 1300 1255 1188 
3 1139 1077 1188 
3 967 1077 1022 
3 597 680 562 
3 792 680 726 
3 471 562 445 
3 463 350 445 
3 494 390 463 
3 537 439 494 
3 472 537 568 
3 568 581 495 
3 592 513 581 
3 525 592 595 
3 599 532 595 
3 792 860 904 
3 599 546 532 
3 557 473 546 
3 904 967 1022 
3 569 483 557 
3 578 496 569 
3 583 505 578 
3 515 583 585 
3 2419 2486 2392 
3 2320 2347 2419 
3 2457 2486 2543 
3 2519 2543 2588 
3 2347 2248 2265 
3 2162 2180 2265 
3 2577 2588 2636 
3 2070 2088 2180 
3 2636 2681 2630 
3 1963 2088 1973 
3 1862 1963 1869 
3 1774 1862 1772 
3 1674 1676 1774 
3 2687 2681 2712 
3 1580 1676 1575 
3 1482 1580 1480 
3 2736 2712 2740 
3 2794 2767 2769 
3 2797 2794 2784 
3 2740 2734 2767 
3 2791 2797 2782 
3 1372 1482 1376 
3 218 214 249 
3 200 214 183 
3 175 202 200 
3 170 231 202 
3 276 249 296 
3 289 231 181 
3 236 361 289 
3 325 447 361 
3 342 296 349 
3 394 349 401 
3 404 510 447 
3 691 610 591 
3 591 610 510 
3 462 401 464 
3 691 681 781 
3 775 875 781 
3 527 464 521 
3 868 968 875 
3 585 589 521 
3 963 1065 968 
3 1268 1372 1272 
3 1162 1268 1168 
3 1168 1065 1162 
3 2751 2702 2600 
3 2587 2525 2702 
3 2587 2643 2493 
3 2321 2445 2360 
3 2402 2533 2445 
3 2493 2643 2533 
3 2282 2251 2360 
3 1951 1881 1847 
3 1951 2060 1988 
3 2096 2060 2172 
3 2172 2282 2205 
3 2807 2824 2751 
3 2777 2791 2766 
3 2757 2777 2774 
3 2796 2764 2774 
3 2787 2796 2817 
3 2805 2817 2837 
3 2837 2845 2814 
3 2807 2845 2824 
3 1847 1881 1767 
3 1735 1767 1684 
3 1684 1578 1631 
3 1519 1578 1468 
3 1410 1468 1364 
3 1364 1255 1300 
3 1188 1255 1139 
3 1022 1077 1139 
3 562 680 657 
3 770 680 792 
3 562 551 445 
3 445 551 463 
3 571 494 463 
3 594 537 494 
3 568 537 626 
3 660 581 568 
3 675 592 581 
3 595 592 678 
3 595 683 599 
3 904 873 792 
3 599 616 546 
3 546 616 557 
3 904 1022 978 
3 569 557 633 
3 653 578 569 
3 663 583 578 
3 585 583 667 
3 2510 2486 2419 
3 2419 2347 2448 
3 2543 2486 2572 
3 2588 2543 2619 
3 2347 2265 2366 
3 2180 2288 2265 
3 2636 2588 2660 
3 2088 2199 2180 
3 2700 2681 2636 
3 1963 2115 2088 
3 1959 1963 1862 
3 1774 1868 1862 
3 1676 1777 1774 
3 2712 2681 2717 
3 1679 1676 1580 
3 1586 1580 1482 
3 2712 2724 2740 
3 2769 2767 2755 
3 2784 2794 2769 
3 2782 2797 2784 
3 2767 2734 2755 
3 2740 2715 2734 
3 2766 2791 2782 
3 1488 1482 1372 
3 218 249 276 
3 183 214 218 
3 183 175 200 
3 170 202 175 
3 181 231 170 
3 276 296 342 
3 289 181 236 
3 325 361 236 
3 404 447 325 
3 342 349 394 
3 394 401 462 
3 484 510 404 
3 591 681 691 
3 484 591 510 
3 462 464 527 
3 781 681 775 
3 868 875 775 
3 521 589 527 
3 963 968 868 
3 672 589 585 
3 1059 1065 963 
3 1360 1372 1268 
3 1261 1268 1162 
3 1162 1065 1059 
3 2751 2824 2702 
3 2802 2587 2702 
3 2802 2643 2587 
3 2445 2467 2360 
3 2445 2533 2567 
3 2533 2643 2678 
3 2360 2376 2282 
3 1988 1881 1951 
3 1988 2060 2096 
3 2172 2205 2096 
3 2282 2302 2205 
3 2777 2766 2761 
3 2774 2777 2761 
3 2783 2796 2774 
3 2817 2796 2811 
3 2837 2817 2838 
3 2837 2853 2845 
3 2824 2845 2859 
3 1881 1799 1767 
3 1767 1799 1684 
3 1684 1623 1578 
3 1578 1513 1468 
3 1364 1468 1404 
3 1304 1255 1364 
3 1139 1255 1195 
3 1139 1084 1022 
3 657 680 770 
3 657 551 562 
3 792 873 770 
3 463 551 571 
3 571 594 494 
3 626 537 594 
3 568 626 660 
3 675 581 660 
3 678 592 675 
3 678 683 595 
3 599 683 688 
3 978 873 904 
3 688 616 599 
3 557 616 633 
3 1022 1084 978 
3 653 569 633 
3 663 578 653 
3 667 583 663 
3 667 672 585 
3 2448 2510 2419 
3 2572 2486 2510 
3 2448 2347 2366 
3 2543 2572 2619 
3 2588 2619 2660 
3 2265 2288 2366 
3 2180 2199 2288 
3 2700 2636 2660 
3 2115 2199 2088 
3 2717 2681 2700 
3 2044 2115 1963 
3 1862 1868 1959 
3 1959 2044 1963 
3 1777 1868 1774 
3 1679 1777 1676 
3 2712 2717 2724 
3 1586 1679 1580 
3 1488 1586 1482 
3 2724 2715 2740 
3 2769 2755 2721 
3 2784 2769 2735 
3 2782 2784 2737 
3 2755 2734 2711 
3 2734 2715 2696 
3 2766 2782 2730 
3 1488 1372 1360 
3 243 218 276 
3 192 183 218 
3 168 175 183 
3 170 175 153 
3 143 181 170 
3 315 276 342 
3 236 181 156 
3 184 325 236 
3 404 325 269 
3 385 342 394 
3 457 394 462 
3 368 484 404 
3 576 681 591 
3 576 591 484 
3 523 462 527 
3 775 681 668 
3 767 868 775 
3 527 589 590 
3 862 963 868 
3 673 589 672 
3 1059 963 953 
3 1261 1360 1268 
3 1155 1261 1162 
3 1059 1155 1162 
3 2702 2824 2802 
3 2835 2643 2802 
3 2360 2467 2376 
3 2567 2467 2445 
3 2567 2533 2678 
3 2678 2643 2835 
3 2282 2376 2302 
3 1988 1918 1881 
3 1988 2096 2032 
3 2096 2205 2137 
3 2302 2266 2205 
3 2766 2728 2761 
3 2783 2774 2761 
3 2811 2796 2783 
3 2838 2817 2811 
3 2838 2853 2837 
3 2845 2853 2859 
3 2824 2859 2802 
3 1881 1918 1799 
3 1684 1799 1742 
3 1578 1623 1513 
3 1684 1742 1623 
3 1468 1513 1404 
3 1364 1404 1304 
3 1195 1255 1304 
3 1139 1195 1084 
3 770 748 657 
3 654 551 657 
3 873 848 770 
3 571 551 654 
3 571 677 594 
3 693 626 594 
3 626 711 660 
3 660 740 675 
3 764 678 675 
3 769 683 678 
3 688 683 773 
3 978 947 873 
3 695 616 688 
3 633 616 695 
3 1084 1045 978 
3 705 653 633 
3 725 663 653 
3 667 663 732 
3 742 672 667 
3 2448 2539 2510 
3 2510 2598 2572 
3 2366 2469 2448 
3 2619 2572 2640 
3 2660 2619 2692 
3 2288 2388 2366 
3 2199 2303 2288 
3 2660 2722 2700 
3 2115 2219 2199 
3 2700 2744 2717 
3 2044 2138 2115 
3 1868 1965 1959 
3 1959 2055 2044 
3 1874 1868 1777 
3 1784 1777 1679 
3 2724 2717 2743 
3 1686 1679 1586 
3 1595 1586 1488 
3 2720 2715 2724 
3 2721 2755 2711 
3 2769 2721 2735 
3 2784 2735 2737 
3 2782 2737 2730 
3 2711 2734 2696 
3 2696 2715 2694 
3 2730 2728 2766 
3 1360 1434 1488 
3 315 243 276 
3 192 218 243 
3 168 183 192 
3 153 175 168 
3 143 170 153 
3 156 181 143 
3 315 342 385 
3 184 236 156 
3 269 325 184 
3 404 269 368 
3 385 394 457 
3 457 462 523 
3 368 467 484 
3 668 681 576 
3 467 576 484 
3 523 527 590 
3 775 668 767 
3 862 868 767 
3 590 589 673 
3 953 963 862 
3 672 744 673 
3 953 1049 1059 
3 1349 1360 1261 
3 1246 1261 1155 
3 1049 1155 1059 
3 2802 2859 2835 
3 2376 2467 2490 
3 2580 2467 2567 
3 2678 2688 2567 
3 2835 2832 2678 
3 2302 2376 2395 
3 2032 1918 1988 
3 2096 2137 2032 
3 2205 2266 2137 
3 2395 2266 2302 
3 2761 2728 2741 
3 2761 2741 2783 
3 2783 2779 2811 
3 2838 2811 2815 
3 2844 2853 2838 
3 2859 2853 2857 
3 1799 1918 1850 
3 1799 1850 1742 
3 1513 1623 1563 
3 1742 1668 1623 
3 1404 1513 1460 
3 1404 1357 1304 
3 1304 1258 1195 
3 1195 1152 1084 
3 657 748 654 
3 770 848 748 
3 947 848 873 
3 654 677 571 
3 677 693 594 
3 693 711 626 
3 660 711 740 
3 740 764 675 
3 769 678 764 
3 773 683 769 
3 779 688 773 
3 978 1045 947 
3 779 695 688 
3 633 695 705 
3 1084 1152 1045 
3 725 653 705 
3 732 663 725 
3 732 742 667 
3 747 672 742 
3 2510 2539 2598 
3 2448 2469 2539 
3 2572 2598 2640 
3 2366 2388 2469 
3 2619 2640 2692 
3 2660 2692 2722 
3 2288 2303 2388 
3 2219 2303 2199 
3 2700 2722 2744 
3 2138 2219 2115 
3 2717 2744 2743 
3 2055 2138 2044 
3 1965 2055 1959 
3 1874 1965 1868 
3 1784 1874 1777 
3 1686 1784 1679 
3 2724 2743 2720 
3 1595 1686 1586 
3 1512 1595 1488 
3 2694 2715 2720 
3 2721 2711 2659 
3 2735 2721 2670 
3 2737 2735 2672 
3 2730 2737 2677 
3 2711 2696 2651 
3 2696 2694 2646 
3 2674 2728 2730 
3 1434 1512 1488 
3 1349 1434 1360 
3 295 243 315 
3 212 192 243 
3 168 192 172 
3 144 153 168 
3 128 143 153 
3 123 156 143 
3 371 315 385 
3 156 131 184 
3 159 269 184 
3 368 269 221 
3 452 385 457 
3 519 457 523 
3 338 467 368 
3 556 668 576 
3 556 576 467 
3 590 588 523 
3 767 668 648 
3 745 862 767 
3 671 590 673 
3 843 953 862 
3 673 744 746 
3 747 744 672 
3 938 1049 953 
3 1246 1349 1261 
3 1143 1246 1155 
3 1143 1155 1049 
3 2835 2859 2857 
3 2490 2467 2580 
3 2395 2376 2490 
3 2567 2688 2580 
3 2832 2688 2678 
3 2835 2857 2832 
3 1956 1918 2032 
3 2032 2137 2065 
3 2137 2266 2176 
3 2400 2266 2395 
3 2741 2728 2679 
3 2741 2779 2783 
3 2811 2779 2815 
3 2838 2815 2844 
3 2857 2853 2844 
3 1850 1918 1956 
3 1742 1850 1775 
3 1623 1668 1563 
3 1513 1563 1460 
3 1742 1775 1668 
3 1460 1357 1404 
3 1304 1357 1258 
3 1195 1258 1152 
3 748 758 654 
3 848 829 748 
3 917 848 947 
3 654 758 677 
3 677 774 693 
3 693 788 711 
3 740 711 798 
3 740 817 764 
3 764 835 769 
3 846 773 769 
3 779 773 864 
3 947 1045 1002 
3 779 787 695 
3 695 787 705 
3 1045 1152 1086 
3 705 793 725 
3 799 732 725 
3 732 800 742 
3 742 802 747 
3 2539 2628 2598 
3 2469 2568 2539 
3 2598 2685 2640 
3 2469 2388 2498 
3 2640 2726 2692 
3 2722 2692 2759 
3 2388 2303 2415 
3 2219 2331 2303 
3 2744 2722 2776 
3 2138 2247 2219 
3 2743 2744 2765 
3 2156 2138 2055 
3 2066 2055 1965 
3 1975 1965 1874 
3 1885 1874 1784 
3 1787 1784 1686 
3 2720 2743 2738 
3 1694 1686 1595 
3 1606 1595 1512 
3 2694 2720 2697 
3 2659 2711 2651 
3 2670 2721 2659 
3 2735 2670 2672 
3 2737 2672 2677 
3 2730 2677 2674 
3 2651 2696 2646 
3 2646 2694 2650 
3 2679 2728 2674 
3 1432 1512 1434 
3 1432 1434 1349 
3 295 315 371 
3 212 243 295 
3 172 192 212 
3 144 168 172 
3 128 153 144 
3 123 143 128 
3 123 125 156 
3 371 385 452 
3 184 131 159 
3 125 131 156 
3 221 269 159 
3 338 368 221 
3 452 457 519 
3 523 588 519 
3 440 467 338 
3 648 668 556 
3 440 556 467 
3 671 588 590 
3 745 767 648 
3 843 862 745 
3 673 746 671 
3 843 938 953 
3 744 809 746 
3 803 744 747 
3 1038 1049 938 
3 1336 1349 1246 
3 1237 1246 1143 
3 1038 1143 1049 
3 2580 2597 2490 
3 2395 2490 2499 
3 2580 2688 2695 
3 2798 2688 2832 
3 2857 2836 2832 
3 1956 2032 2065 
3 2137 2176 2065 
3 2266 2289 2176 
3 2499 2400 2395 
3 2400 2289 2266 
3 2741 2679 2706 
3 2706 2779 2741 
3 2815 2779 2750 
3 2844 2815 2800 
3 2857 2844 2836 
3 1956 1882 1850 
3 1850 1882 1775 
3 1563 1668 1594 
3 1563 1487 1460 
3 1668 1775 1697 
3 1384 1357 1460 
3 1357 1297 1258 
3 1152 1258 1190 
3 748 829 758 
3 917 829 848 
3 1002 917 947 
3 758 774 677 
3 774 788 693 
3 711 788 798 
3 798 817 740 
3 817 835 764 
3 769 835 846 
3 864 773 846 
3 869 779 864 
3 1002 1045 1086 
3 869 787 779 
3 787 793 705 
3 1086 1152 1190 
3 725 793 799 
3 799 800 732 
3 800 802 742 
3 747 802 803 
3 2598 2628 2685 
3 2539 2568 2628 
3 2498 2568 2469 
3 2640 2685 2726 
3 2388 2415 2498 
3 2692 2726 2759 
3 2722 2759 2776 
3 2303 2331 2415 
3 2247 2331 2219 
3 2744 2776 2765 
3 2156 2247 2138 
3 2743 2765 2738 
3 2066 2156 2055 
3 1975 2066 1965 
3 1885 1975 1874 
3 1787 1885 1784 
3 1694 1787 1686 
3 2720 2738 2697 
3 1606 1694 1595 
3 1518 1606 1512 
3 2694 2697 2650 
3 2651 2596 2659 
3 2670 2659 2603 
3 2672 2670 2609 
3 2672 2614 2677 
3 2677 2617 2674 
3 2651 2646 2594 
3 2650 2595 2646 
3 2679 2674 2613 
3 1518 1512 1432 
3 1336 1432 1349 
3 355 295 371 
3 295 274 212 
3 212 193 172 
3 144 172 157 
3 127 128 144 
3 119 123 128 
3 107 125 123 
3 443 371 452 
3 159 131 113 
3 105 131 125 
3 129 221 159 
3 178 338 221 
3 519 512 452 
3 519 588 586 
3 290 440 338 
3 556 534 648 
3 440 534 556 
3 670 588 671 
3 627 745 648 
3 724 843 745 
3 746 749 671 
3 832 938 843 
3 809 814 746 
3 803 809 744 
3 1038 938 933 
3 1237 1336 1246 
3 1136 1237 1143 
3 1136 1143 1038 
3 2490 2597 2499 
3 2580 2695 2597 
3 2695 2688 2798 
3 2832 2836 2798 
3 2065 1989 1956 
3 2065 2176 2098 
3 2176 2289 2194 
3 2499 2487 2400 
3 2380 2289 2400 
3 2706 2679 2626 
3 2750 2779 2706 
3 2815 2750 2800 
3 2844 2800 2836 
3 1989 1882 1956 
3 1775 1882 1795 
3 1594 1668 1697 
3 1594 1487 1563 
3 1460 1487 1384 
3 1697 1775 1795 
3 1384 1297 1357 
3 1258 1297 1190 
3 829 853 758 
3 917 919 829 
3 1002 1000 917 
3 758 853 774 
3 774 871 788 
3 798 788 882 
3 798 891 817 
3 817 901 835 
3 835 910 846 
3 846 924 864 
3 864 939 869 
3 1086 1000 1002 
3 876 787 869 
3 876 793 787 
3 1190 1098 1086 
3 793 884 799 
3 887 800 799 
3 888 802 800 
3 803 802 889 
3 2685 2628 2723 
3 2628 2568 2661 
3 2589 2568 2498 
3 2685 2770 2726 
3 2415 2518 2498 
3 2759 2726 2801 
3 2759 2804 2776 
3 2415 2331 2438 
3 2353 2331 2247 
3 2776 2792 2765 
3 2260 2247 2156 
3 2765 2756 2738 
3 2173 2156 2066 
3 2078 2066 1975 
3 1986 1975 1885 
3 1891 1885 1787 
3 1794 1787 1694 
3 2738 2708 2697 
3 1705 1694 1606 
3 1616 1606 1518 
3 2650 2697 2657 
3 2659 2596 2603 
3 2594 2596 2651 
3 2609 2670 2603 
3 2609 2614 2672 
3 2677 2614 2617 
3 2674 2617 2613 
3 2646 2595 2594 
3 2606 2595 2650 
3 2626 2679 2613 
3 1431 1518 1432 
3 1431 1432 1336 
3 355 371 443 
3 355 274 295 
3 274 193 212 
3 172 193 157 
3 127 144 157 
3 119 128 127 
3 119 107 123 
3 105 125 107 
3 452 512 443 
3 113 131 105 
3 159 113 129 
3 178 221 129 
3 290 338 178 
3 586 512 519 
3 586 588 670 
3 411 440 290 
3 648 534 627 
3 411 534 440 
3 671 749 670 
3 724 745 627 
3 724 832 843 
3 746 814 749 
3 933 938 832 
3 896 814 809 
3 803 893 809 
3 1034 1038 933 
3 1328 1336 1237 
3 1229 1237 1136 
3 1034 1136 1038 
3 2597 2573 2499 
3 2695 2690 2597 
3 2798 2690 2695 
3 2836 2753 2798 
3 2065 2098 1989 
3 2176 2194 2098 
3 2194 2289 2287 
3 2400 2487 2380 
3 2499 2573 2487 
3 2287 2289 2380 
3 2706 2626 2654 
3 2654 2750 2706 
3 2800 2750 2701 
3 2836 2800 2753 
3 1900 1882 1989 
3 1795 1882 1900 
3 1697 1654 1594 
3 1594 1526 1487 
3 1384 1487 1415 
3 1795 1707 1697 
3 1415 1297 1384 
3 1190 1297 1211 
3 829 919 853 
3 1000 919 917 
3 853 871 774 
3 788 871 882 
3 882 891 798 
3 891 901 817 
3 901 910 835 
3 910 924 846 
3 864 924 939 
3 939 961 869 
3 1086 1098 1000 
3 869 961 876 
3 876 884 793 
3 1190 1211 1098 
3 799 884 887 
3 888 800 887 
3 889 802 888 
3 889 893 803 
3 2723 2628 2661 
3 2723 2770 2685 
3 2661 2568 2589 
3 2498 2518 2589 
3 2726 2770 2801 
3 2438 2518 2415 
3 2759 2801 2804 
3 2804 2792 2776 
3 2438 2331 2353 
3 2353 2247 2260 
3 2765 2792 2756 
3 2173 2260 2156 
3 2738 2756 2708 
3 2173 2066 2078 
3 2078 1975 1986 
3 1986 1885 1891 
3 1891 1787 1794 
3 1794 1694 1705 
3 2697 2708 2657 
3 1616 1705 1606 
3 1523 1616 1518 
3 2650 2657 2606 
3 2603 2596 2536 
3 2531 2596 2594 
3 2603 2541 2609 
3 2609 2547 2614 
3 2617 2614 2552 
3 2613 2617 2553 
3 2594 2595 2534 
3 2550 2595 2606 
3 2626 2613 2556 
3 1523 1518 1431 
3 1328 1431 1336 
3 423 355 443 
3 337 274 355 
3 239 193 274 
3 157 193 171 
3 134 127 157 
3 115 119 127 
3 103 107 119 
3 93 105 107 
3 443 512 498 
3 83 113 105 
3 129 113 85 
3 111 178 129 
3 152 290 178 
3 582 512 586 
3 669 586 670 
3 248 411 290 
3 627 534 509 
3 509 534 411 
3 670 749 753 
3 609 724 627 
3 724 714 832 
3 749 814 818 
3 824 933 832 
3 809 893 896 
3 900 814 896 
3 931 1034 933 
3 1229 1328 1237 
3 1134 1229 1136 
3 1134 1136 1034 
3 2690 2573 2597 
3 2798 2753 2690 
3 2098 2013 1989 
3 2098 2194 2109 
3 2287 2191 2194 
3 2487 2459 2380 
3 2487 2573 2459 
3 2380 2363 2287 
3 2626 2569 2654 
3 2701 2750 2654 
3 2753 2800 2701 
3 1989 2013 1900 
3 1900 1810 1795 
3 1594 1654 1526 
3 1697 1707 1654 
3 1487 1526 1415 
3 1810 1707 1795 
3 1334 1297 1415 
3 1211 1297 1334 
3 919 946 853 
3 1018 919 1000 
3 853 946 871 
3 871 965 882 
3 882 974 891 
3 985 901 891 
3 901 990 910 
3 910 998 924 
3 924 1010 939 
3 939 1027 961 
3 1000 1098 1018 
3 961 966 876 
3 966 884 876 
3 1211 1118 1098 
3 887 884 971 
3 887 973 888 
3 888 977 889 
3 981 893 889 
3 2723 2661 2773 
3 2813 2770 2723 
3 2661 2589 2703 
3 2518 2622 2589 
3 2801 2770 2826 
3 2438 2542 2518 
3 2801 2821 2804 
3 2809 2792 2804 
3 2353 2455 2438 
3 2260 2364 2353 
3 2756 2792 2775 
3 2279 2260 2173 
3 2708 2756 2713 
3 2184 2173 2078 
3 2089 2078 1986 
3 1891 1994 1986 
3 1897 1891 1794 
3 1705 1802 1794 
3 2657 2708 2655 
3 1714 1705 1616 
3 1620 1616 1523 
3 2606 2657 2621 
3 2536 2596 2531 
3 2536 2541 2603 
3 2594 2534 2531 
3 2609 2541 2547 
3 2614 2547 2552 
3 2617 2552 2553 
3 2613 2553 2556 
3 2534 2595 2550 
3 2563 2550 2606 
3 2556 2569 2626 
3 1428 1523 1431 
3 1428 1431 1328 
3 423 443 498 
3 337 355 423 
3 239 274 337 
3 171 193 239 
3 134 157 171 
3 115 127 134 
3 103 119 115 
3 93 107 103 
3 83 105 93 
3 498 512 582 
3 85 113 83 
3 129 85 111 
3 152 178 111 
3 248 290 152 
3 582 586 669 
3 670 753 669 
3 387 411 248 
3 609 627 509 
3 387 509 411 
3 753 749 818 
3 609 714 724 
3 832 714 824 
3 818 814 900 
3 931 933 824 
3 893 984 896 
3 896 989 900 
3 1035 1034 931 
3 1324 1328 1229 
3 1230 1229 1134 
3 1035 1134 1034 
3 2690 2634 2573 
3 2753 2634 2690 
3 2098 2109 2013 
3 2194 2191 2109 
3 2272 2191 2287 
3 2380 2459 2363 
3 2573 2528 2459 
3 2287 2363 2272 
3 2654 2569 2593 
3 2701 2654 2593 
3 2701 2634 2753 
3 2013 1928 1900 
3 1900 1928 1810 
3 1654 1569 1526 
3 1707 1695 1654 
3 1415 1526 1459 
3 1810 1695 1707 
3 1415 1459 1334 
3 1211 1334 1266 
3 1018 946 919 
3 946 965 871 
3 965 974 882 
3 891 974 985 
3 985 990 901 
3 990 998 910 
3 924 998 1010 
3 1010 1027 939 
3 1027 1044 961 
3 1098 1118 1018 
3 961 1044 966 
3 971 884 966 
3 1211 1266 1118 
3 971 973 887 
3 973 977 888 
3 889 977 981 
3 981 984 893 
3 2661 2703 2773 
3 2773 2813 2723 
3 2826 2770 2813 
3 2589 2622 2703 
3 2542 2622 2518 
3 2801 2826 2831 
3 2455 2542 2438 
3 2804 2821 2809 
3 2831 2821 2801 
3 2775 2792 2809 
3 2353 2364 2455 
3 2279 2364 2260 
3 2756 2775 2713 
3 2184 2279 2173 
3 2708 2713 2655 
3 2089 2184 2078 
3 1986 1994 2089 
3 1897 1994 1891 
3 1794 1802 1897 
3 1714 1802 1705 
3 2657 2655 2621 
3 1620 1714 1616 
3 1528 1620 1523 
3 2606 2621 2563 
3 2531 2460 2536 
3 2463 2541 2536 
3 2531 2534 2461 
3 2547 2541 2468 
3 2552 2547 2474 
3 2553 2552 2479 
3 2556 2553 2482 
3 2534 2550 2481 
3 2492 2550 2563 
3 2488 2569 2556 
3 1528 1523 1428 
3 1324 1428 1328 
3 498 476 423 
3 386 337 423 
3 292 239 337 
3 239 197 171 
3 171 145 134 
3 118 115 134 
3 103 115 100 
3 88 93 103 
3 83 93 69 
3 498 582 567 
3 55 85 83 
3 111 85 49 
3 86 152 111 
3 130 248 152 
3 658 582 669 
3 753 739 669 
3 248 216 387 
3 500 609 509 
3 500 509 387 
3 818 821 753 
3 604 714 609 
3 824 714 708 
3 900 905 818 
3 931 824 825 
3 984 989 896 
3 989 994 900 
3 935 1035 931 
3 1230 1324 1229 
3 1230 1134 1140 
3 1140 1134 1035 
3 2573 2634 2528 
3 2109 2021 2013 
3 2191 2107 2109 
3 2186 2191 2272 
3 2459 2435 2363 
3 2459 2528 2435 
3 2363 2348 2272 
3 2593 2569 2502 
3 2593 2634 2701 
3 2013 2021 1928 
3 1928 1827 1810 
3 1526 1569 1459 
3 1654 1695 1569 
3 1810 1827 1695 
3 1334 1459 1381 
3 1334 1381 1266 
3 1018 1040 946 
3 946 1040 965 
3 1062 974 965 
3 974 1070 985 
3 985 1076 990 
3 1085 998 990 
3 1010 998 1091 
3 1010 1104 1027 
3 1116 1044 1027 
3 1118 1040 1018 
3 966 1044 1058 
3 966 1058 971 
3 1266 1205 1118 
3 971 1064 973 
3 973 1066 977 
3 977 1068 981 
3 1072 984 981 
3 2773 2703 2812 
3 2773 2842 2813 
3 2813 2855 2826 
3 2703 2622 2742 
3 2645 2622 2542 
3 2831 2826 2856 
3 2566 2542 2455 
3 2809 2821 2828 
3 2849 2821 2831 
3 2775 2809 2795 
3 2364 2475 2455 
3 2377 2364 2279 
3 2775 2731 2713 
3 2290 2279 2184 
3 2713 2663 2655 
3 2197 2184 2089 
3 2089 1994 2101 
3 2002 1994 1897 
3 1897 1802 1903 
3 1809 1802 1714 
3 2621 2655 2578 
3 1720 1714 1620 
3 1625 1620 1528 
3 2621 2578 2563 
3 2536 2460 2463 
3 2531 2461 2460 
3 2468 2541 2463 
3 2461 2534 2470 
3 2474 2547 2468 
3 2479 2552 2474 
3 2482 2553 2479 
3 2488 2556 2482 
3 2481 2550 2492 
3 2470 2534 2481 
3 2492 2563 2503 
3 2502 2569 2488 
3 1430 1528 1428 
3 1430 1428 1324 
3 423 476 386 
3 567 476 498 
3 292 337 386 
3 292 197 239 
3 171 197 145 
3 134 145 118 
3 100 115 118 
3 100 88 103 
3 69 93 88 
3 55 83 69 
3 567 582 658 
3 49 85 55 
3 86 111 49 
3 130 152 86 
3 130 216 248 
3 739 658 669 
3 753 821 739 
3 387 216 372 
3 500 604 609 
3 372 500 387 
3 905 821 818 
3 708 714 604 
3 825 824 708 
3 900 994 905 
3 825 935 931 
3 1079 989 984 
3 1087 994 989 
3 1042 1035 935 
3 1329 1324 1230 
3 1140 1238 1230 
3 1042 1140 1035 
3 2528 2634 2593 
3 2109 2107 2021 
3 2186 2107 2191 
3 2272 2264 2186 
3 2435 2348 2363 
3 2528 2502 2435 
3 2348 2264 2272 
3 2593 2502 2528 
3 2021 1937 1928 
3 1937 1827 1928 
3 1459 1569 1490 
3 1569 1695 1605 
3 1695 1827 1729 
3 1381 1459 1490 
3 1381 1307 1266 
3 965 1040 1062 
3 1062 1070 974 
3 1070 1076 985 
3 1076 1085 990 
3 1091 998 1085 
3 1091 1097 1010 
3 1027 1104 1116 
3 1097 1104 1010 
3 1131 1044 1116 
3 1118 1132 1040 
3 1058 1044 1131 
3 1058 1064 971 
3 1118 1205 1132 
3 1266 1307 1205 
3 973 1064 1066 
3 1066 1068 977 
3 1068 1072 981 
3 1079 984 1072 
3 2703 2742 2812 
3 2773 2812 2842 
3 2842 2855 2813 
3 2826 2855 2856 
3 2742 2622 2645 
3 2645 2542 2566 
3 2831 2856 2849 
3 2475 2566 2455 
3 2828 2821 2849 
3 2809 2828 2795 
3 2795 2731 2775 
3 2377 2475 2364 
3 2290 2377 2279 
3 2713 2731 2663 
3 2197 2290 2184 
3 2655 2663 2590 
3 2101 2197 2089 
3 2101 1994 2002 
3 1903 2002 1897 
3 1903 1802 1809 
3 1809 1714 1720 
3 2655 2590 2578 
3 1720 1620 1625 
3 1531 1625 1528 
3 2563 2578 2503 
3 2463 2460 2382 
3 2460 2461 2385 
3 2463 2386 2468 
3 2461 2470 2396 
3 2393 2474 2468 
3 2479 2474 2399 
3 2482 2479 2405 
3 2488 2482 2410 
3 2417 2481 2492 
3 2470 2481 2407 
3 2492 2503 2432 
3 2416 2502 2488 
3 1531 1528 1430 
3 1329 1430 1324 
3 386 476 451 
3 535 476 567 
3 351 292 386 
3 246 197 292 
3 145 197 166 
3 118 145 121 
3 102 100 118 
3 87 88 100 
3 69 88 73 
3 55 69 56 
3 567 658 621 
3 40 49 55 
3 49 29 86 
3 42 130 86 
3 117 216 130 
3 739 710 658 
3 821 808 739 
3 372 216 198 
3 492 604 500 
3 492 500 372 
3 907 821 905 
3 708 604 600 
3 708 707 825 
3 994 1001 905 
3 825 830 935 
3 1087 989 1079 
3 1095 994 1087 
3 941 1042 935 
3 1238 1329 1230 
3 1145 1238 1140 
3 1042 1145 1140 
3 2021 2107 2030 
3 2113 2107 2186 
3 2186 2264 2189 
3 2435 2416 2348 
3 2435 2502 2416 
3 2348 2343 2264 
3 2021 2030 1937 
3 1845 1827 1937 
3 1490 1569 1605 
3 1695 1729 1605 
3 1729 1827 1845 
3 1381 1490 1414 
3 1414 1307 1381 
3 1040 1132 1062 
3 1160 1070 1062 
3 1165 1076 1070 
3 1173 1085 1076 
3 1091 1085 1182 
3 1091 1187 1097 
3 1116 1104 1207 
3 1197 1104 1097 
3 1116 1215 1131 
3 1131 1147 1058 
3 1058 1147 1064 
3 1205 1228 1132 
3 1205 1307 1228 
3 1064 1159 1066 
3 1066 1163 1068 
3 1068 1166 1072 
3 1072 1171 1079 
3 2812 2742 2841 
3 2842 2812 2864 
3 2873 2855 2842 
3 2856 2855 2874 
3 2742 2645 2788 
3 2682 2645 2566 
3 2856 2866 2849 
3 2582 2566 2475 
3 2850 2828 2849 
3 2795 2828 2819 
3 2795 2758 2731 
3 2497 2475 2377 
3 2404 2377 2290 
3 2663 2731 2680 
3 2197 2301 2290 
3 2590 2663 2607 
3 2208 2197 2101 
3 2112 2101 2002 
3 2010 2002 1903 
3 1809 1909 1903 
3 1720 1815 1809 
3 2578 2590 2522 
3 1720 1625 1722 
3 1626 1625 1531 
3 2503 2578 2522 
3 2382 2460 2385 
3 2382 2386 2463 
3 2385 2461 2396 
3 2468 2386 2393 
3 2396 2470 2407 
3 2399 2474 2393 
3 2405 2479 2399 
3 2410 2482 2405 
3 2488 2410 2416 
3 2432 2417 2492 
3 2407 2481 2417 
3 2432 2503 2449 
3 1433 1531 1430 
3 1433 1430 1329 
3 451 476 535 
3 386 451 351 
3 621 535 567 
3 246 292 351 
3 166 197 246 
3 121 145 166 
3 102 118 121 
3 87 100 102 
3 73 88 87 
3 56 69 73 
3 56 40 55 
3 658 710 621 
3 40 29 49 
3 86 29 42 
3 117 130 42 
3 198 216 117 
3 739 808 710 
3 907 808 821 
3 372 198 365 
3 600 604 492 
3 365 492 372 
3 905 1001 907 
3 600 707 708 
3 707 830 825 
3 1095 1001 994 
3 935 830 941 
3 1079 1180 1087 
3 1087 1189 1095 
3 1052 1042 941 
3 1335 1329 1238 
3 1245 1238 1145 
3 1052 1145 1042 
3 2030 2107 2113 
3 2186 2189 2113 
3 2264 2263 2189 
3 2416 2343 2348 
3 2343 2263 2264 
3 1937 2030 1947 
3 1937 1947 1845 
3 1490 1605 1522 
3 1605 1729 1639 
3 1752 1729 1845 
3 1490 1522 1414 
3 1333 1307 1414 
3 1062 1132 1160 
3 1165 1070 1160 
3 1173 1076 1165 
3 1182 1085 1173 
3 1182 1187 1091 
3 1187 1197 1097 
3 1207 1104 1197 
3 1207 1215 1116 
3 1215 1227 1131 
3 1131 1227 1147 
3 1147 1159 1064 
3 1132 1228 1160 
3 1228 1307 1333 
3 1159 1163 1066 
3 1163 1166 1068 
3 1072 1166 1171 
3 1171 1180 1079 
3 2841 2742 2788 
3 2812 2841 2864 
3 2842 2864 2873 
3 2874 2855 2873 
3 2874 2866 2856 
3 2788 2645 2682 
3 2682 2566 2582 
3 2849 2866 2850 
3 2497 2582 2475 
3 2819 2828 2850 
3 2819 2758 2795 
3 2731 2758 2680 
3 2404 2497 2377 
3 2301 2404 2290 
3 2663 2680 2607 
3 2208 2301 2197 
3 2535 2590 2607 
3 2208 2101 2112 
3 2112 2002 2010 
3 1903 1909 2010 
3 1815 1909 1809 
3 1722 1815 1720 
3 2522 2590 2535 
3 1722 1625 1626 
3 1626 1531 1536 
3 2503 2522 2449 
3 2382 2385 2308 
3 2305 2386 2382 
3 2385 2396 2319 
3 2393 2386 2310 
3 2396 2407 2334 
3 2399 2393 2312 
3 2399 2318 2405 
3 2405 2337 2410 
3 2410 2343 2416 
3 2359 2417 2432 
3 2407 2417 2345 
3 2432 2449 2370 
3 1536 1531 1433 
3 1433 1329 1335 
3 491 451 535 
3 351 451 403 
3 587 535 621 
3 351 297 246 
3 246 182 166 
3 132 121 166 
3 104 102 121 
3 87 102 90 
3 77 73 87 
3 73 62 56 
3 56 44 40 
3 621 710 686 
3 30 29 40 
3 42 29 17 
3 42 24 117 
3 106 198 117 
3 710 808 790 
3 897 808 907 
3 365 198 190 
3 489 600 492 
3 489 492 365 
3 907 1001 999 
3 601 707 600 
3 713 830 707 
3 1095 1099 1001 
3 941 830 837 
3 1180 1189 1087 
3 1189 1198 1095 
3 941 948 1052 
3 1245 1335 1238 
3 1150 1245 1145 
3 1150 1145 1052 
3 2030 2113 2040 
3 2189 2123 2113 
3 2189 2263 2201 
3 2343 2337 2263 
3 2030 2040 1947 
3 1845 1947 1856 
3 1605 1639 1522 
3 1639 1729 1752 
3 1856 1752 1845 
3 1414 1522 1445 
3 1414 1445 1333 
3 1160 1256 1165 
3 1165 1267 1173 
3 1173 1275 1182 
3 1284 1187 1182 
3 1187 1290 1197 
3 1207 1197 1302 
3 1207 1311 1215 
3 1215 1319 1227 
3 1227 1243 1147 
3 1147 1243 1159 
3 1160 1228 1256 
3 1256 1228 1333 
3 1159 1257 1163 
3 1265 1166 1163 
3 1171 1166 1270 
3 1171 1277 1180 
3 2865 2841 2788 
3 2864 2841 2878 
3 2873 2864 2889 
3 2874 2873 2888 
3 2880 2866 2874 
3 2788 2682 2822 
3 2719 2682 2582 
3 2850 2866 2867 
3 2612 2582 2497 
3 2819 2850 2843 
3 2793 2758 2819 
3 2680 2758 2705 
3 2512 2497 2404 
3 2418 2404 2301 
3 2607 2680 2624 
3 2315 2301 2208 
3 2607 2555 2535 
3 2112 2216 2208 
3 2010 2121 2112 
3 1909 2019 2010 
3 1915 1909 1815 
3 1816 1815 1722 
3 2535 2458 2522 
3 1723 1722 1626 
3 1536 1629 1626 
3 2522 2458 2449 
3 2308 2385 2319 
3 2382 2308 2305 
3 2310 2386 2305 
3 2319 2396 2334 
3 2312 2393 2310 
3 2334 2407 2345 
3 2312 2318 2399 
3 2405 2318 2337 
3 2410 2337 2343 
3 2359 2432 2370 
3 2345 2417 2359 
3 2370 2449 2379 
3 1433 1437 1536 
3 1335 1437 1433 
3 491 535 587 
3 403 451 491 
3 403 297 351 
3 587 621 686 
3 297 182 246 
3 166 182 132 
3 104 121 132 
3 90 102 104 
3 77 87 90 
3 77 62 73 
3 62 44 56 
3 40 44 30 
3 686 710 790 
3 17 29 30 
3 17 24 42 
3 117 24 106 
3 190 198 106 
3 790 808 897 
3 907 999 897 
3 190 362 365 
3 601 600 489 
3 365 362 489 
3 1001 1099 999 
3 713 707 601 
3 837 830 713 
3 1198 1099 1095 
3 837 948 941 
3 1180 1285 1189 
3 1291 1198 1189 
3 1052 948 1054 
3 1340 1335 1245 
3 1249 1245 1150 
3 1054 1150 1052 
3 2113 2123 2040 
3 2189 2201 2123 
3 2201 2263 2232 
3 2263 2337 2232 
3 1947 2040 1955 
3 1856 1947 1955 
3 1522 1639 1554 
3 1752 1659 1639 
3 1765 1752 1856 
3 1522 1554 1445 
3 1333 1445 1359 
3 1256 1267 1165 
3 1267 1275 1173 
3 1275 1284 1182 
3 1284 1290 1187 
3 1197 1290 1302 
3 1302 1311 1207 
3 1311 1319 1215 
3 1227 1319 1330 
3 1330 1243 1227 
3 1243 1257 1159 
3 1333 1359 1256 
3 1163 1257 1265 
3 1270 1166 1265 
3 1270 1277 1171 
3 1277 1285 1180 
3 2788 2822 2865 
3 2878 2841 2865 
3 2889 2864 2878 
3 2873 2889 2888 
3 2874 2888 2880 
3 2867 2866 2880 
3 2822 2682 2719 
3 2719 2582 2612 
3 2850 2867 2843 
3 2612 2497 2512 
3 2819 2843 2793 
3 2705 2758 2793 
3 2624 2680 2705 
3 2418 2512 2404 
3 2418 2301 2315 
3 2607 2624 2555 
3 2216 2315 2208 
3 2535 2555 2472 
3 2112 2121 2216 
3 2010 2019 2121 
3 1915 2019 1909 
3 1816 1915 1815 
3 1816 1722 1723 
3 2535 2472 2458 
3 1626 1629 1723 
3 1538 1629 1536 
3 2449 2458 2379 
3 2308 2319 2250 
3 2305 2308 2242 
3 2305 2240 2310 
3 2319 2334 2256 
3 2310 2238 2312 
3 2268 2334 2345 
3 2233 2318 2312 
3 2337 2318 2232 
3 2359 2370 2292 
3 2345 2359 2281 
3 2370 2379 2299 
3 1437 1538 1536 
3 1340 1437 1335 
3 565 491 587 
3 468 403 491 
3 356 297 403 
3 686 665 587 
3 224 182 297 
3 132 182 138 
3 108 104 132 
3 91 90 104 
3 81 77 90 
3 67 62 77 
3 51 44 62 
3 30 44 34 
3 686 790 771 
3 20 17 30 
3 3 24 17 
3 106 24 10 
3 97 190 106 
3 878 790 897 
3 999 992 897 
3 185 362 190 
3 490 601 489 
3 489 362 490 
3 1099 1101 999 
3 713 601 606 
3 713 722 837 
3 1198 1203 1099 
3 844 948 837 
3 1189 1285 1291 
3 1291 1303 1198 
3 1054 948 955 
3 1249 1340 1245 
3 1153 1249 1150 
3 1153 1150 1054 
3 2040 2123 2054 
3 2123 2201 2141 
3 2141 2201 2232 
3 2040 2054 1955 
3 1955 1870 1856 
3 1639 1659 1554 
3 1765 1659 1752 
3 1856 1870 1765 
3 1554 1464 1445 
3 1445 1464 1359 
3 1256 1359 1267 
3 1370 1275 1267 
3 1275 1382 1284 
3 1284 1390 1290 
3 1290 1395 1302 
3 1302 1403 1311 
3 1311 1419 1319 
3 1319 1426 1330 
3 1330 1348 1243 
3 1243 1348 1257 
3 1257 1358 1265 
3 1265 1367 1270 
3 1270 1374 1277 
3 1277 1383 1285 
3 2865 2822 2885 
3 2865 2895 2878 
3 2889 2878 2902 
3 2888 2889 2897 
3 2888 2892 2880 
3 2867 2880 2879 
3 2860 2822 2719 
3 2771 2719 2612 
3 2843 2867 2861 
3 2612 2512 2638 
3 2793 2843 2820 
3 2705 2793 2739 
3 2642 2624 2705 
3 2538 2512 2418 
3 2315 2423 2418 
3 2555 2624 2571 
3 2325 2315 2216 
3 2472 2555 2491 
3 2121 2228 2216 
3 2019 2128 2121 
3 2025 2019 1915 
3 1914 1915 1816 
3 1816 1723 1818 
3 2458 2472 2394 
3 1723 1629 1727 
3 1632 1629 1538 
3 2379 2458 2394 
3 2250 2319 2256 
3 2242 2308 2250 
3 2242 2240 2305 
3 2310 2240 2238 
3 2256 2334 2268 
3 2312 2238 2233 
3 2268 2345 2281 
3 2232 2318 2233 
3 2292 2370 2299 
3 2281 2359 2292 
3 2379 2314 2299 
3 1440 1538 1437 
3 1440 1437 1340 
3 587 665 565 
3 468 491 565 
3 356 403 468 
3 224 297 356 
3 771 665 686 
3 138 182 224 
3 132 138 108 
3 91 104 108 
3 91 81 90 
3 67 77 81 
3 51 62 67 
3 34 44 51 
3 34 20 30 
3 771 790 878 
3 3 17 20 
3 10 24 3 
3 10 97 106 
3 185 190 97 
3 897 992 878 
3 999 1101 992 
3 366 362 185 
3 606 601 490 
3 490 362 366 
3 1099 1203 1101 
3 606 722 713 
3 837 722 844 
3 1198 1303 1203 
3 955 948 844 
3 1285 1389 1291 
3 1393 1303 1291 
3 955 1056 1054 
3 1344 1340 1249 
3 1153 1250 1249 
3 1056 1153 1054 
3 2054 2123 2141 
3 2141 2232 2150 
3 1955 2054 1968 
3 1968 1870 1955 
3 1554 1659 1566 
3 1765 1673 1659 
3 1870 1782 1765 
3 1566 1464 1554 
3 1359 1464 1370 
3 1267 1359 1370 
3 1370 1382 1275 
3 1382 1390 1284 
3 1390 1395 1290 
3 1395 1403 1302 
3 1311 1403 1419 
3 1419 1426 1319 
3 1426 1442 1330 
3 1330 1442 1348 
3 1257 1348 1358 
3 1358 1367 1265 
3 1367 1374 1270 
3 1374 1383 1277 
3 1383 1389 1285 
3 2885 2822 2860 
3 2885 2895 2865 
3 2878 2895 2902 
3 2889 2902 2897 
3 2897 2892 2888 
3 2880 2892 2879 
3 2867 2879 2861 
3 2860 2719 2771 
3 2638 2771 2612 
3 2843 2861 2820 
3 2638 2512 2538 
3 2793 2820 2739 
3 2705 2739 2642 
3 2571 2624 2642 
3 2418 2423 2538 
3 2325 2423 2315 
3 2491 2555 2571 
3 2216 2228 2325 
3 2472 2491 2411 
3 2128 2228 2121 
3 2025 2128 2019 
3 1914 2025 1915 
3 1818 1914 1816 
3 1818 1723 1727 
3 2394 2472 2411 
3 1727 1629 1632 
3 1632 1538 1541 
3 2379 2394 2314 
3 2250 2256 2177 
3 2242 2250 2168 
3 2165 2240 2242 
3 2238 2240 2161 
3 2185 2256 2268 
3 2233 2238 2157 
3 2268 2281 2196 
3 2232 2233 2150 
3 2292 2299 2224 
3 2292 2211 2281 
3 2299 2314 2235 
3 1541 1538 1440 
3 1440 1340 1344 
3 565 665 635 
3 541 468 565 
3 436 356 468 
3 302 224 356 
3 735 665 771 
3 162 138 224 
3 108 138 112 
3 89 91 108 
3 82 81 91 
3 67 81 70 
3 54 51 67 
3 39 34 51 
3 25 20 34 
3 771 878 863 
3 2 3 20 
3 2 10 3 
3 6 97 10 
3 185 97 99 
3 878 992 979 
3 1101 1105 992 
3 185 195 366 
3 497 606 490 
3 497 490 366 
3 1101 1203 1209 
3 613 722 606 
3 844 722 731 
3 1303 1310 1203 
3 844 851 955 
3 1389 1393 1291 
3 1393 1400 1303 
3 958 1056 955 
3 1250 1344 1249 
3 1157 1250 1153 
3 1157 1153 1056 
3 2054 2141 2063 
3 2141 2150 2063 
3 2054 2063 1968 
3 1886 1870 1968 
3 1659 1673 1566 
3 1765 1782 1673 
3 1886 1782 1870 
3 1566 1473 1464 
3 1464 1473 1370 
3 1370 1473 1382 
3 1382 1485 1390 
3 1495 1395 1390 
3 1395 1502 1403 
3 1403 1511 1419 
3 1419 1521 1426 
3 1537 1442 1426 
3 1442 1453 1348 
3 1348 1453 1358 
3 1358 1462 1367 
3 1367 1466 1374 
3 1374 1477 1383 
3 1383 1484 1389 
3 2885 2860 2903 
3 2911 2895 2885 
3 2902 2895 2915 
3 2897 2902 2909 
3 2897 2904 2892 
3 2879 2892 2891 
3 2861 2879 2876 
3 2860 2771 2875 
3 2816 2771 2638 
3 2820 2861 2847 
3 2698 2638 2538 
3 2739 2820 2790 
3 2642 2739 2689 
3 2571 2642 2601 
3 2423 2520 2538 
3 2426 2423 2325 
3 2515 2491 2571 
3 2325 2228 2342 
3 2491 2433 2411 
3 2241 2228 2128 
3 2140 2128 2025 
3 2022 2025 1914 
3 1911 1914 1818 
3 1727 1823 1818 
3 2327 2394 2411 
3 1732 1727 1632 
3 1632 1541 1634 
3 2314 2394 2327 
3 2177 2256 2185 
3 2168 2250 2177 
3 2165 2242 2168 
3 2161 2240 2165 
3 2157 2238 2161 
3 2268 2196 2185 
3 2150 2233 2157 
3 2281 2211 2196 
3 2224 2299 2235 
3 2224 2211 2292 
3 2235 2314 2243 
3 1443 1541 1440 
3 1440 1344 1443 
3 635 665 735 
3 565 635 541 
3 436 468 541 
3 302 356 436 
3 162 224 302 
3 771 863 735 
3 112 138 162 
3 89 108 112 
3 82 91 89 
3 70 81 82 
3 70 54 67 
3 39 51 54 
3 25 34 39 
3 25 2 20 
3 878 979 863 
3 2 6 10 
3 99 97 6 
3 99 195 185 
3 992 1105 979 
3 1209 1105 1101 
3 195 379 366 
3 613 606 497 
3 366 379 497 
3 1203 1310 1209 
3 731 722 613 
3 731 851 844 
3 1303 1400 1310 
3 955 851 958 
3 1389 1489 1393 
3 1393 1496 1400 
3 1057 1056 958 
3 1347 1344 1250 
3 1251 1250 1157 
3 1057 1157 1056 
3 2063 2150 2072 
3 1968 2063 1980 
3 1968 1980 1886 
3 1566 1673 1581 
3 1782 1685 1673 
3 1886 1791 1782 
3 1566 1581 1473 
3 1473 1485 1382 
3 1485 1495 1390 
3 1495 1502 1395 
3 1502 1511 1403 
3 1511 1521 1419 
3 1426 1521 1537 
3 1552 1442 1537 
3 1552 1453 1442 
3 1453 1462 1358 
3 1462 1466 1367 
3 1466 1477 1374 
3 1477 1484 1383 
3 1484 1489 1389 
3 2903 2860 2875 
3 2911 2885 2903 
3 2915 2895 2911 
3 2909 2902 2915 
3 2909 2904 2897 
3 2892 2904 2891 
3 2879 2891 2876 
3 2861 2876 2847 
3 2875 2771 2816 
3 2816 2638 2698 
3 2820 2847 2790 
3 2698 2538 2620 
3 2739 2790 2689 
3 2642 2689 2601 
3 2571 2601 2515 
3 2538 2520 2620 
3 2426 2520 2423 
3 2342 2426 2325 
3 2515 2433 2491 
3 2342 2228 2241 
3 2411 2433 2346 
3 2140 2241 2128 
3 2022 2140 2025 
3 1911 2022 1914 
3 1823 1911 1818 
3 1732 1823 1727 
3 2411 2346 2327 
3 1634 1732 1632 
3 1634 1541 1543 
3 2243 2314 2327 
3 2177 2185 2102 
3 2177 2090 2168 
3 2087 2165 2168 
3 2080 2161 2165 
3 2157 2161 2076 
3 2185 2196 2116 
3 2150 2157 2072 
3 2196 2211 2127 
3 2235 2146 2224 
3 2139 2211 2224 
3 2235 2243 2154 
3 1543 1541 1443 
3 1443 1344 1347 
3 717 635 735 
3 541 635 620 
3 436 541 522 
3 410 302 436 
3 205 162 302 
3 735 863 826 
3 112 162 122 
3 94 89 112 
3 79 82 89 
3 76 70 82 
3 70 60 54 
3 39 54 45 
3 33 25 39 
3 16 2 25 
3 863 979 942 
3 0 6 2 
3 99 6 13 
3 109 195 99 
3 979 1105 1120 
3 1209 1218 1105 
3 217 379 195 
3 507 613 497 
3 497 379 507 
3 1209 1310 1317 
3 731 613 632 
3 750 851 731 
3 1400 1417 1310 
3 958 851 859 
3 1489 1496 1393 
3 1496 1504 1400 
3 959 1057 958 
3 1251 1347 1250 
3 1158 1251 1157 
3 1158 1157 1057 
3 2063 2072 1980 
3 1886 1980 1893 
3 1673 1685 1581 
3 1782 1791 1685 
3 1893 1791 1886 
3 1473 1581 1485 
3 1485 1590 1495 
3 1600 1502 1495 
3 1502 1610 1511 
3 1511 1618 1521 
3 1537 1521 1628 
3 1642 1552 1537 
3 1552 1557 1453 
3 1453 1557 1462 
3 1462 1564 1466 
3 1466 1568 1477 
3 1477 1576 1484 
3 1584 1489 1484 
3 2875 2907 2903 
3 2911 2903 2920 
3 2922 2915 2911 
3 2909 2915 2918 
3 2912 2904 2909 
3 2891 2904 2901 
3 2876 2891 2886 
3 2847 2876 2868 
3 2890 2875 2816 
3 2854 2816 2698 
3 2790 2847 2827 
3 2778 2698 2620 
3 2689 2790 2745 
3 2601 2689 2639 
3 2515 2601 2562 
3 2620 2520 2530 
3 2530 2520 2426 
3 2447 2426 2342 
3 2473 2433 2515 
3 2342 2241 2350 
3 2346 2433 2375 
3 2252 2241 2140 
3 2151 2140 2022 
3 2004 2022 1911 
3 1916 1911 1823 
3 1828 1823 1732 
3 2327 2346 2253 
3 1634 1733 1732 
3 1634 1543 1637 
3 2243 2327 2253 
3 2102 2185 2116 
3 2102 2090 2177 
3 2168 2090 2087 
3 2080 2165 2087 
3 2076 2161 2080 
3 2072 2157 2076 
3 2116 2196 2127 
3 2127 2211 2139 
3 2224 2146 2139 
3 2154 2146 2235 
3 2154 2243 2163 
3 1446 1543 1443 
3 1443 1347 1446 
3 735 826 717 
3 620 635 717 
3 522 541 620 
3 522 410 436 
3 320 302 410 
3 302 320 205 
3 122 162 205 
3 863 942 826 
3 94 112 122 
3 79 89 94 
3 76 82 79 
3 76 60 70 
3 54 60 45 
3 45 33 39 
3 33 16 25 
3 0 2 16 
3 979 1033 942 
3 13 6 0 
3 99 13 109 
3 217 195 109 
3 1105 1218 1120 
3 1033 979 1120 
3 1317 1218 1209 
3 396 379 217 
3 632 613 507 
3 507 379 396 
3 1310 1417 1317 
3 632 750 731 
3 859 851 750 
3 1400 1504 1417 
3 959 958 859 
3 1489 1591 1496 
3 1597 1504 1496 
3 1055 1057 959 
3 1353 1347 1251 
3 1254 1251 1158 
3 1055 1158 1057 
3 1980 2072 1990 
3 1980 1990 1893 
3 1581 1685 1590 
3 1685 1791 1693 
3 1798 1791 1893 
3 1581 1590 1485 
3 1590 1600 1495 
3 1600 1610 1502 
3 1610 1618 1511 
3 1521 1618 1628 
3 1537 1628 1642 
3 1642 1652 1552 
3 1552 1652 1557 
3 1557 1564 1462 
3 1564 1568 1466 
3 1568 1576 1477 
3 1484 1576 1584 
3 1584 1591 1489 
3 2903 2907 2920 
3 2890 2907 2875 
3 2911 2920 2922 
3 2918 2915 2922 
3 2918 2912 2909 
3 2901 2904 2912 
3 2891 2901 2886 
3 2876 2886 2868 
3 2847 2868 2827 
3 2890 2816 2854 
3 2854 2698 2778 
3 2745 2790 2827 
3 2778 2620 2653 
3 2689 2745 2639 
3 2562 2601 2639 
3 2515 2562 2473 
3 2653 2620 2530 
3 2530 2426 2447 
3 2350 2447 2342 
3 2375 2433 2473 
3 2350 2241 2252 
3 2346 2375 2278 
3 2252 2140 2151 
3 2074 2151 2022 
3 1916 2004 1911 
3 2074 2022 2004 
3 1828 1916 1823 
3 1732 1733 1828 
3 2253 2346 2278 
3 1637 1733 1634 
3 1637 1543 1544 
3 2243 2253 2163 
3 2102 2116 2031 
3 2016 2090 2102 
3 2087 2090 2003 
3 2087 1999 2080 
3 2076 2080 1995 
3 2072 2076 1990 
3 2116 2127 2041 
3 2127 2139 2050 
3 2139 2146 2057 
3 2062 2146 2154 
3 2154 2163 2068 
3 1544 1543 1446 
3 1446 1347 1353 
3 717 826 813 
3 620 717 709 
3 620 614 522 
3 517 410 522 
3 320 410 419 
3 304 205 320 
3 169 122 205 
3 942 921 826 
3 110 94 122 
3 75 79 94 
3 74 76 79 
3 64 60 76 
3 60 52 45 
3 45 38 33 
3 21 16 33 
3 0 16 5 
3 1033 921 942 
3 1 13 0 
3 109 13 27 
3 109 126 217 
3 1218 1232 1120 
3 1033 1120 1133 
3 1325 1218 1317 
3 259 396 217 
3 507 530 632 
3 396 530 507 
3 1317 1417 1422 
3 643 750 632 
3 859 750 760 
3 1504 1515 1417 
3 861 959 859 
3 1496 1591 1597 
3 1597 1608 1504 
3 959 957 1055 
3 1254 1353 1251 
3 1156 1254 1158 
3 1156 1158 1055 
3 1893 1990 1898 
3 1685 1693 1590 
3 1693 1791 1798 
3 1893 1898 1798 
3 1590 1693 1600 
3 1600 1704 1610 
3 1610 1715 1618 
3 1628 1618 1725 
3 1628 1738 1642 
3 1642 1747 1652 
3 1652 1658 1557 
3 1557 1658 1564 
3 1667 1568 1564 
3 1672 1576 1568 
3 1584 1576 1678 
3 1683 1591 1584 
3 2920 2907 2930 
3 2923 2907 2890 
3 2922 2920 2934 
3 2918 2922 2931 
3 2925 2912 2918 
3 2901 2912 2917 
3 2886 2901 2896 
3 2868 2886 2883 
3 2827 2868 2858 
3 2894 2890 2854 
3 2894 2854 2778 
3 2745 2827 2803 
3 2830 2778 2653 
3 2639 2745 2699 
3 2602 2562 2639 
3 2562 2513 2473 
3 2653 2530 2557 
3 2557 2530 2447 
3 2453 2447 2350 
3 2425 2375 2473 
3 2350 2252 2358 
3 2278 2375 2333 
3 2252 2151 2262 
3 2174 2151 2074 
3 2008 2004 1916 
3 2095 2074 2004 
3 1828 1920 1916 
3 1733 1831 1828 
3 2253 2278 2169 
3 1737 1733 1637 
3 1544 1641 1637 
3 2163 2253 2169 
3 2031 2116 2041 
3 2016 2102 2031 
3 2003 2090 2016 
3 2003 1999 2087 
3 2080 1999 1995 
3 2076 1995 1990 
3 2041 2127 2050 
3 2050 2139 2057 
3 2057 2146 2062 
3 2062 2154 2068 
3 2068 2163 2071 
3 1446 1448 1544 
3 1446 1353 1448 
3 826 921 813 
3 717 813 709 
3 620 709 614 
3 522 614 517 
3 419 410 517 
3 320 419 304 
3 169 205 304 
3 110 122 169 
3 75 94 110 
3 75 74 79 
3 74 64 76 
3 64 52 60 
3 45 52 38 
3 38 21 33 
3 5 16 21 
3 5 1 0 
3 1033 1028 921 
3 27 13 1 
3 27 126 109 
3 217 126 259 
3 1120 1232 1133 
3 1325 1232 1218 
3 1133 1028 1033 
3 1317 1422 1325 
3 259 432 396 
3 530 643 632 
3 432 530 396 
3 1417 1515 1422 
3 760 750 643 
3 760 861 859 
3 1504 1608 1515 
3 861 957 959 
3 1597 1591 1690 
3 1696 1608 1597 
3 1055 957 1053 
3 1354 1353 1254 
3 1156 1252 1254 
3 1053 1156 1055 
3 1990 1995 1898 
3 1798 1704 1693 
3 1898 1804 1798 
3 1693 1704 1600 
3 1704 1715 1610 
3 1618 1715 1725 
3 1725 1738 1628 
3 1738 1747 1642 
3 1747 1754 1652 
3 1652 1754 1658 
3 1564 1658 1667 
3 1667 1672 1568 
3 1678 1576 1672 
3 1584 1678 1683 
3 1690 1591 1683 
3 2930 2907 2923 
3 2934 2920 2930 
3 2923 2890 2894 
3 2931 2922 2934 
3 2931 2925 2918 
3 2917 2912 2925 
3 2896 2901 2917 
3 2886 2896 2883 
3 2868 2883 2858 
3 2827 2858 2803 
3 2778 2869 2894 
3 2745 2803 2699 
3 2684 2830 2653 
3 2830 2869 2778 
3 2699 2602 2639 
3 2602 2513 2562 
3 2473 2513 2425 
3 2653 2557 2684 
3 2557 2447 2453 
3 2358 2453 2350 
3 2333 2375 2425 
3 2358 2252 2262 
3 2222 2278 2333 
3 2262 2151 2174 
3 2174 2074 2095 
3 1916 1920 2008 
3 2095 2004 2008 
3 1831 1920 1828 
3 1737 1831 1733 
3 2169 2278 2175 
3 1637 1641 1737 
3 1548 1641 1544 
3 2163 2169 2071 
3 1948 2031 2041 
3 2016 2031 1938 
3 2003 2016 1926 
3 1913 1999 2003 
3 1995 1999 1904 
3 2041 2050 1953 
3 2050 2057 1960 
3 2057 2062 1964 
3 2062 2068 1971 
3 2068 2071 1974 
3 1448 1548 1544 
3 1448 1353 1354 
3 813 921 916 
3 709 813 811 
3 614 709 712 
3 517 614 617 
3 419 517 518 
3 419 414 304 
3 283 169 304 
3 154 110 169 
3 101 75 110 
3 72 74 75 
3 65 64 74 
3 53 52 64 
3 38 52 43 
3 32 21 38 
3 18 5 21 
3 5 4 1 
3 921 1028 916 
3 8 27 1 
3 66 126 27 
3 259 126 161 
3 1232 1259 1133 
3 1325 1355 1232 
3 1133 1154 1028 
3 1422 1441 1325 
3 322 432 259 
3 550 643 530 
3 550 530 432 
3 1422 1515 1532 
3 760 643 656 
3 763 861 760 
3 1515 1608 1621 
3 854 957 861 
3 1690 1696 1597 
3 1711 1608 1696 
3 1053 957 950 
3 1252 1354 1254 
3 1151 1252 1156 
3 1151 1156 1053 
3 1995 1904 1898 
3 1798 1804 1704 
3 1898 1904 1804 
3 1704 1804 1715 
3 1725 1715 1817 
3 1725 1829 1738 
3 1738 1841 1747 
3 1747 1849 1754 
3 1754 1759 1658 
3 1658 1759 1667 
3 1667 1768 1672 
3 1672 1776 1678 
3 1678 1781 1683 
3 1683 1785 1690 
3 2923 2945 2930 
3 2934 2930 2942 
3 2948 2923 2894 
3 2934 2938 2931 
3 2937 2925 2931 
3 2917 2925 2932 
3 2896 2917 2921 
3 2883 2896 2905 
3 2858 2883 2882 
3 2858 2846 2803 
3 2894 2869 2924 
3 2699 2803 2762 
3 2684 2851 2830 
3 2924 2869 2830 
3 2699 2652 2602 
3 2602 2565 2513 
3 2425 2513 2465 
3 2684 2557 2570 
3 2570 2557 2453 
3 2358 2462 2453 
3 2333 2425 2369 
3 2368 2358 2262 
3 2222 2333 2274 
3 2175 2278 2222 
3 2280 2262 2174 
3 2190 2174 2095 
3 2008 1920 2015 
3 2104 2095 2008 
3 1925 1920 1831 
3 1833 1831 1737 
3 2169 2175 2075 
3 1737 1641 1739 
3 1643 1641 1548 
3 2071 2169 2075 
3 1948 2041 1953 
3 1938 2031 1948 
3 1926 2016 1938 
3 1913 2003 1926 
3 1904 1999 1913 
3 1953 2050 1960 
3 1960 2057 1964 
3 1964 2062 1971 
3 1971 2068 1974 
3 1974 2071 1977 
3 1450 1548 1448 
3 1354 1450 1448 
3 813 916 811 
3 709 811 712 
3 614 712 617 
3 517 617 518 
3 518 414 419 
3 304 414 283 
3 283 154 169 
3 154 101 110 
3 101 72 75 
3 72 65 74 
3 53 64 65 
3 43 52 53 
3 43 32 38 
3 32 18 21 
3 18 4 5 
3 1 4 8 
3 1028 1021 916 
3 66 27 8 
3 161 126 66 
3 259 161 322 
3 1133 1259 1154 
3 1232 1355 1259 
3 1441 1355 1325 
3 1028 1154 1021 
3 1422 1532 1441 
3 458 432 322 
3 656 643 550 
3 550 432 458 
3 1532 1515 1621 
3 760 656 763 
3 763 854 861 
3 1621 1608 1711 
3 950 957 854 
3 1690 1789 1696 
3 1696 1796 1711 
3 1047 1053 950 
3 1352 1354 1252 
3 1248 1252 1151 
3 1047 1151 1053 
3 1804 1904 1817 
3 1715 1804 1817 
3 1817 1829 1725 
3 1829 1841 1738 
3 1841 1849 1747 
3 1849 1853 1754 
3 1754 1853 1759 
3 1759 1768 1667 
3 1768 1776 1672 
3 1776 1781 1678 
3 1781 1785 1683 
3 1690 1785 1789 
3 2930 2945 2942 
3 2948 2945 2923 
3 2942 2938 2934 
3 2894 2924 2948 
3 2931 2938 2937 
3 2937 2932 2925 
3 2921 2917 2932 
3 2905 2896 2921 
3 2882 2883 2905 
3 2882 2846 2858 
3 2803 2846 2762 
3 2762 2652 2699 
3 2851 2924 2830 
3 2707 2851 2684 
3 2602 2652 2565 
3 2513 2565 2465 
3 2425 2465 2369 
3 2707 2684 2570 
3 2453 2462 2570 
3 2368 2462 2358 
3 2333 2369 2274 
3 2368 2262 2280 
3 2222 2274 2178 
3 2178 2175 2222 
3 2280 2174 2190 
3 2190 2095 2104 
3 2015 1920 1925 
3 2104 2008 2015 
3 1925 1831 1833 
3 1739 1833 1737 
3 2075 2175 2082 
3 1739 1641 1643 
3 1643 1548 1550 
3 2071 2075 1977 
3 1948 1953 1853 
3 1938 1948 1849 
3 1926 1938 1841 
3 1913 1926 1829 
3 1817 1904 1913 
3 1953 1960 1860 
3 1960 1964 1867 
3 1964 1971 1872 
3 1971 1974 1880 
3 1974 1977 1884 
3 1550 1548 1450 
3 1352 1450 1354 
3 916 911 811 
3 811 815 712 
3 617 712 718 
3 617 623 518 
3 524 414 518 
3 283 414 417 
3 283 277 154 
3 146 101 154 
3 101 98 72 
3 68 65 72 
3 59 53 65 
3 48 43 53 
3 37 32 43 
3 32 23 18 
3 12 4 18 
3 8 4 9 
3 916 1021 911 
3 28 66 8 
3 66 120 161 
3 161 229 322 
3 1259 1271 1154 
3 1355 1365 1259 
3 1441 1457 1355 
3 1154 1174 1021 
3 1532 1551 1441 
3 376 458 322 
3 563 656 550 
3 563 550 458 
3 1621 1636 1532 
3 763 656 655 
3 755 854 763 
3 1711 1726 1621 
3 950 854 847 
3 1789 1796 1696 
3 1796 1811 1711 
3 940 1047 950 
3 1248 1352 1252 
3 1146 1248 1151 
3 1146 1151 1047 
3 1817 1913 1829 
3 1829 1926 1841 
3 1841 1938 1849 
3 1849 1948 1853 
3 1853 1860 1759 
3 1759 1860 1768 
3 1768 1867 1776 
3 1776 1872 1781 
3 1880 1785 1781 
3 1789 1785 1884 
3 2942 2945 2958 
3 2962 2945 2948 
3 2952 2938 2942 
3 2948 2924 2969 
3 2937 2938 2947 
3 2932 2937 2936 
3 2932 2936 2921 
3 2921 2933 2905 
3 2914 2882 2905 
3 2881 2846 2882 
3 2762 2846 2825 
3 2710 2652 2762 
3 2940 2924 2851 
3 2863 2851 2707 
3 2565 2652 2599 
3 2465 2565 2501 
3 2465 2408 2369 
3 2570 2579 2707 
3 2570 2462 2579 
3 2483 2462 2368 
3 2274 2369 2297 
3 2280 2378 2368 
3 2178 2274 2195 
3 2082 2175 2178 
3 2190 2291 2280 
3 2202 2190 2104 
3 1925 2020 2015 
3 2015 2114 2104 
3 1833 1929 1925 
3 1836 1833 1739 
3 2075 2082 1987 
3 1741 1739 1643 
3 1646 1643 1550 
3 1977 2075 1987 
3 1853 1953 1860 
3 1860 1960 1867 
3 1867 1964 1872 
3 1872 1971 1880 
3 1880 1974 1884 
3 1884 1977 1890 
3 1550 1450 1447 
3 1447 1450 1352 
3 811 911 815 
3 712 815 718 
3 718 623 617 
3 518 623 524 
3 417 414 524 
3 417 277 283 
3 277 146 154 
3 146 98 101 
3 98 68 72 
3 68 59 65 
3 59 48 53 
3 48 37 43 
3 37 23 32 
3 18 23 12 
3 9 4 12 
3 9 28 8 
3 911 1021 1006 
3 28 120 66 
3 120 229 161 
3 229 376 322 
3 1154 1271 1174 
3 1259 1365 1271 
3 1355 1457 1365 
3 1551 1457 1441 
3 1021 1174 1093 
3 1532 1636 1551 
3 376 466 458 
3 655 656 563 
3 458 466 563 
3 1726 1636 1621 
3 655 755 763 
3 847 854 755 
3 1711 1811 1726 
3 940 950 847 
3 1789 1890 1796 
3 1796 1896 1811 
3 1039 1047 940 
3 1345 1352 1248 
3 1146 1242 1248 
3 1039 1146 1047 
3 1860 1867 1768 
3 1867 1872 1776 
3 1781 1872 1880 
3 1884 1785 1880 
3 1884 1890 1789 
3 2958 2945 2962 
3 2952 2942 2958 
3 2948 2969 2962 
3 2947 2938 2952 
3 2969 2924 2940 
3 2944 2937 2947 
3 2936 2937 2944 
3 2921 2936 2933 
3 2905 2933 2914 
3 2881 2882 2914 
3 2825 2846 2881 
3 2762 2825 2710 
3 2599 2652 2710 
3 2940 2851 2863 
3 2725 2863 2707 
3 2565 2599 2501 
3 2465 2501 2408 
3 2369 2408 2297 
3 2707 2579 2725 
3 2579 2462 2483 
3 2368 2378 2483 
3 2274 2297 2195 
3 2291 2378 2280 
3 2097 2178 2195 
3 2097 2082 2178 
3 2202 2291 2190 
3 2104 2114 2202 
3 2020 2114 2015 
3 1929 2020 1925 
3 1836 1929 1833 
3 1741 1836 1739 
3 1987 2082 1998 
3 1646 1741 1643 
3 1547 1646 1550 
3 1977 1987 1890 
3 1547 1550 1447 
3 1447 1352 1345 
3 815 911 913 
3 815 819 718 
3 718 723 623 
3 623 630 524 
3 524 529 417 
3 421 277 417 
3 280 146 277 
3 141 98 146 
3 92 68 98 
3 63 59 68 
3 50 48 59 
3 41 37 48 
3 31 23 37 
3 23 19 12 
3 12 7 9 
3 9 15 28 
3 1021 1093 1006 
3 911 1006 913 
3 96 120 28 
3 176 229 120 
3 229 347 376 
3 1174 1271 1286 
3 1271 1365 1377 
3 1365 1457 1467 
3 1561 1457 1551 
3 1174 1196 1093 
3 1551 1636 1653 
3 347 466 376 
3 555 655 563 
3 466 555 563 
3 1745 1636 1726 
3 647 755 655 
3 847 755 738 
3 1811 1832 1726 
3 847 838 940 
3 1890 1896 1796 
3 1896 1910 1811 
3 934 1039 940 
3 1248 1242 1345 
3 1138 1242 1146 
3 1138 1146 1039 
3 2974 2958 2962 
3 2952 2958 2967 
3 2962 2969 2981 
3 2960 2947 2952 
3 2982 2969 2940 
3 2944 2947 2957 
3 2943 2936 2944 
3 2933 2936 2943 
3 2914 2933 2939 
3 2914 2919 2881 
3 2871 2825 2881 
3 2710 2825 2780 
3 2599 2710 2635 
3 2950 2940 2863 
3 2848 2863 2725 
3 2501 2599 2526 
3 2408 2501 2434 
3 2297 2408 2329 
3 2725 2579 2591 
3 2591 2579 2483 
3 2483 2378 2494 
3 2195 2297 2221 
3 2398 2378 2291 
3 2195 2118 2097 
3 1998 2082 2097 
3 2298 2291 2202 
3 2202 2114 2212 
3 2122 2114 2020 
3 2027 2020 1929 
3 1933 1929 1836 
3 1741 1840 1836 
3 1987 1998 1896 
3 1743 1741 1646 
3 1644 1646 1547 
3 1890 1987 1896 
3 1447 1444 1547 
3 1345 1444 1447 
3 815 913 819 
3 718 819 723 
3 623 723 630 
3 630 529 524 
3 417 529 421 
3 280 277 421 
3 280 141 146 
3 92 98 141 
3 63 68 92 
3 63 50 59 
3 50 41 48 
3 41 31 37 
3 31 19 23 
3 19 7 12 
3 7 15 9 
3 28 15 96 
3 1093 1103 1006 
3 913 1006 1013 
3 96 176 120 
3 176 347 229 
3 1286 1271 1377 
3 1286 1196 1174 
3 1377 1365 1467 
3 1467 1457 1561 
3 1653 1561 1551 
3 1093 1196 1103 
3 1653 1636 1745 
3 448 466 347 
3 647 655 555 
3 448 555 466 
3 1726 1832 1745 
3 738 755 647 
3 738 838 847 
3 1811 1910 1832 
3 940 838 934 
3 1896 1998 1910 
3 1032 1039 934 
3 1242 1337 1345 
3 1231 1242 1138 
3 1138 1039 1032 
3 2974 2962 2981 
3 2967 2958 2974 
3 2960 2952 2967 
3 2981 2969 2982 
3 2957 2947 2960 
3 2982 2940 2950 
3 2944 2957 2953 
3 2943 2944 2953 
3 2939 2933 2943 
3 2939 2919 2914 
3 2881 2919 2871 
3 2780 2825 2871 
3 2635 2710 2780 
3 2526 2599 2635 
3 2950 2863 2913 
3 2848 2725 2746 
3 2863 2848 2913 
3 2434 2501 2526 
3 2329 2408 2434 
3 2297 2329 2221 
3 2746 2725 2591 
3 2591 2483 2494 
3 2494 2378 2398 
3 2195 2221 2118 
3 2398 2291 2298 
3 2097 2118 2014 
3 2014 1998 2097 
3 2212 2298 2202 
3 2212 2114 2122 
3 2122 2020 2027 
3 2027 1929 1933 
3 1836 1840 1933 
3 1743 1840 1741 
3 1743 1646 1644 
3 1542 1644 1547 
3 1547 1444 1542 
3 1337 1444 1345 
3 913 920 819 
3 723 819 831 
3 723 730 630 
3 634 529 630 
3 421 529 533 
3 425 280 421 
3 271 141 280 
3 141 136 92 
3 92 80 63 
3 63 57 50 
3 50 46 41 
3 46 31 41 
3 22 19 31 
3 11 7 19 
3 14 15 7 
3 15 71 96 
3 1006 1103 1013 
3 1013 920 913 
3 155 176 96 
3 303 347 176 
3 1377 1391 1286 
3 1286 1295 1196 
3 1467 1483 1377 
3 1561 1570 1467 
3 1653 1665 1561 
3 1196 1206 1103 
3 1745 1755 1653 
3 303 448 347 
3 637 647 555 
3 540 555 448 
3 1745 1832 1846 
3 738 647 637 
3 727 838 738 
3 1910 1930 1832 
3 934 838 827 
3 1910 1998 2014 
3 1032 934 923 
3 1231 1337 1242 
3 1231 1138 1128 
3 1128 1138 1032 
3 2981 2991 2974 
3 2974 2986 2967 
3 2976 2960 2967 
3 2996 2981 2982 
3 2971 2957 2960 
3 2973 2982 2950 
3 2953 2957 2963 
3 2951 2943 2953 
3 2939 2943 2951 
3 2946 2919 2939 
3 2871 2919 2900 
3 2780 2871 2834 
3 2675 2635 2780 
3 2526 2635 2559 
3 2973 2950 2913 
3 2746 2872 2848 
3 2848 2872 2913 
3 2526 2451 2434 
3 2329 2434 2352 
3 2221 2329 2245 
3 2591 2611 2746 
3 2494 2611 2591 
3 2504 2494 2398 
3 2118 2221 2136 
3 2298 2413 2398 
3 2014 2118 2035 
3 2212 2313 2298 
3 2212 2122 2217 
3 2125 2122 2027 
3 1933 2033 2027 
3 1933 1840 1939 
3 1843 1840 1743 
3 1744 1743 1644 
3 1640 1644 1542 
3 1542 1444 1435 
3 1435 1444 1337 
3 819 920 831 
3 723 831 730 
3 630 730 634 
3 533 529 634 
3 421 533 425 
3 425 271 280 
3 271 136 141 
3 136 80 92 
3 80 57 63 
3 57 46 50 
3 35 31 46 
3 22 31 35 
3 22 11 19 
3 14 7 11 
3 14 71 15 
3 96 71 155 
3 1013 1103 1112 
3 1020 920 1013 
3 155 303 176 
3 1391 1295 1286 
3 1377 1483 1391 
3 1196 1295 1206 
3 1467 1570 1483 
3 1561 1665 1570 
3 1755 1665 1653 
3 1103 1206 1112 
3 1846 1755 1745 
3 426 448 303 
3 637 555 540 
3 540 448 426 
3 1832 1930 1846 
3 637 727 738 
3 827 838 727 
3 2014 1930 1910 
3 934 827 923 
3 1032 923 1024 
3 1326 1337 1231 
3 1128 1224 1231 
3 1024 1128 1032 
3 2974 2991 2986 
3 2996 2991 2981 
3 2967 2986 2976 
3 2971 2960 2976 
3 2996 2982 2973 
3 2963 2957 2971 
3 2959 2953 2963 
3 2951 2953 2959 
3 2951 2946 2939 
3 2900 2919 2946 
3 2834 2871 2900 
3 2780 2834 2675 
3 2559 2635 2675 
3 2526 2559 2451 
3 2973 2913 2956 
3 2781 2872 2746 
3 2913 2872 2956 
3 2434 2451 2352 
3 2329 2352 2245 
3 2221 2245 2136 
3 2746 2611 2781 
3 2504 2611 2494 
3 2398 2413 2504 
3 2118 2136 2035 
3 2313 2413 2298 
3 2014 2035 1930 
3 2217 2313 2212 
3 2217 2122 2125 
3 2033 2125 2027 
3 1939 2033 1933 
3 1939 1840 1843 
3 1843 1743 1744 
3 1744 1644 1640 
3 1640 1542 1540 
3 1542 1435 1540 
3 1326 1435 1337 
3 831 920 928 
3 730 831 839 
3 634 730 741 
3 634 639 533 
3 425 533 539 
3 428 271 425 
3 268 136 271 
3 135 80 136 
3 84 57 80 
3 58 46 57 
3 35 46 58 
3 36 22 35 
3 26 11 22 
3 47 14 11 
3 78 71 14 
3 71 148 155 
3 1013 1112 1020 
3 928 920 1020 
3 279 303 155 
3 1391 1398 1295 
3 1391 1483 1491 
3 1206 1295 1308 
3 1483 1570 1583 
3 1570 1665 1675 
3 1763 1665 1755 
3 1112 1206 1212 
3 1846 1854 1755 
3 279 426 303 
3 628 637 540 
3 540 426 526 
3 1930 1949 1846 
3 628 727 637 
3 719 827 727 
3 923 827 816 
3 1024 923 915 
3 1231 1224 1326 
3 1123 1224 1128 
3 1123 1128 1024 
3 2986 2991 2999 
3 3001 2991 2996 
3 2976 2986 2993 
3 2971 2976 2988 
3 2973 2989 2996 
3 2978 2963 2971 
3 2963 2970 2959 
3 2959 2955 2951 
3 2955 2946 2951 
3 2900 2946 2927 
3 2834 2900 2862 
3 2675 2834 2718 
3 2581 2559 2675 
3 2451 2559 2466 
3 2956 2989 2973 
3 2893 2872 2781 
3 2956 2872 2893 
3 2352 2451 2362 
3 2245 2352 2257 
3 2136 2245 2153 
3 2781 2611 2629 
3 2629 2611 2504 
3 2504 2413 2524 
3 2035 2136 2052 
3 2424 2413 2313 
3 1930 2035 1949 
3 2324 2313 2217 
3 2217 2125 2227 
3 2131 2125 2033 
3 2036 2033 1939 
3 1943 1939 1843 
3 1844 1843 1744 
3 1740 1744 1640 
3 1633 1640 1540 
3 1540 1435 1534 
3 1427 1435 1326 
3 831 928 839 
3 730 839 741 
3 741 639 634 
3 533 639 539 
3 425 539 428 
3 268 271 428 
3 268 135 136 
3 135 84 80 
3 84 58 57 
3 35 58 61 
3 36 35 61 
3 36 26 22 
3 47 11 26 
3 78 14 47 
3 78 148 71 
3 155 148 279 
3 1112 1119 1020 
3 928 1020 1031 
3 1295 1398 1308 
3 1491 1398 1391 
3 1483 1583 1491 
3 1212 1206 1308 
3 1570 1675 1583 
3 1675 1665 1763 
3 1755 1854 1763 
3 1112 1212 1119 
3 1846 1949 1854 
3 406 426 279 
3 526 628 540 
3 526 426 406 
3 719 727 628 
3 816 827 719 
3 923 816 915 
3 1017 1024 915 
3 1326 1224 1323 
3 1222 1224 1123 
3 1017 1123 1024 
3 2999 2991 3001 
3 2993 2986 2999 
3 2989 3001 2996 
3 2976 2993 2988 
3 2971 2988 2978 
3 2978 2970 2963 
3 2959 2970 2961 
3 2961 2955 2959 
3 2927 2946 2955 
3 2862 2900 2927 
3 2718 2834 2862 
3 2581 2675 2718 
3 2466 2559 2581 
3 2451 2466 2362 
3 2968 2989 2956 
3 2893 2781 2808 
3 2893 2968 2956 
3 2257 2352 2362 
3 2245 2257 2153 
3 2136 2153 2052 
3 2808 2781 2629 
3 2504 2524 2629 
3 2524 2413 2424 
3 2035 2052 1949 
3 2424 2313 2324 
3 2227 2324 2217 
3 2227 2125 2131 
3 2131 2033 2036 
3 2036 1939 1943 
3 1943 1843 1844 
3 1844 1744 1740 
3 1740 1640 1633 
3 1633 1540 1534 
3 1534 1435 1427 
3 1323 1427 1326 
3 839 928 936 
3 839 845 741 
3 741 751 639 
3 539 639 644 
3 428 539 542 
3 428 429 268 
3 267 135 268 
3 137 84 135 
3 95 58 84 
3 61 58 95 
3 61 114 36 
3 116 26 36 
3 124 47 26 
3 47 124 78 
3 142 148 78 
3 279 148 258 
3 1020 1119 1031 
3 928 1031 936 
3 1398 1405 1308 
3 1499 1398 1491 
3 1583 1593 1491 
3 1308 1315 1212 
3 1583 1675 1682 
3 1763 1778 1675 
3 1763 1854 1865 
3 1119 1212 1220 
3 1949 1958 1854 
3 258 406 279 
3 526 612 628 
3 526 406 511 
3 612 719 628 
3 706 816 719 
3 915 816 805 
3 915 909 1017 
3 1323 1224 1222 
3 1117 1222 1123 
3 1117 1123 1017 
3 2999 3001 3004 
3 3008 2993 2999 
3 2995 3001 2989 
3 2988 2993 3005 
3 2978 2988 2994 
3 2985 2970 2978 
3 2961 2970 2972 
3 2941 2955 2961 
3 2927 2955 2941 
3 2862 2927 2877 
3 2718 2862 2760 
3 2718 2605 2581 
3 2489 2466 2581 
3 2362 2466 2373 
3 2995 2989 2968 
3 2808 2910 2893 
3 2910 2968 2893 
3 2257 2362 2270 
3 2257 2167 2153 
3 2052 2153 2061 
3 2808 2629 2649 
3 2629 2524 2649 
3 2537 2524 2424 
3 1949 2052 1958 
3 2431 2424 2324 
3 2227 2330 2324 
3 2227 2131 2231 
3 2133 2131 2036 
3 2037 2036 1943 
3 1941 1943 1844 
3 1838 1844 1740 
3 1734 1740 1633 
3 1627 1633 1534 
3 1427 1525 1534 
3 1421 1427 1323 
3 839 936 845 
3 845 751 741 
3 639 751 644 
3 542 539 644 
3 428 542 429 
3 429 267 268 
3 137 135 267 
3 95 84 137 
3 95 139 61 
3 36 114 116 
3 133 114 61 
3 116 124 26 
3 78 124 142 
3 258 148 142 
3 1031 1119 1127 
3 1031 1036 936 
3 1308 1405 1315 
3 1499 1405 1398 
3 1491 1593 1499 
3 1583 1682 1593 
3 1212 1315 1220 
3 1675 1778 1682 
3 1865 1778 1763 
3 1854 1958 1865 
3 1119 1220 1127 
3 399 406 258 
3 511 612 526 
3 511 406 399 
3 706 719 612 
3 805 816 706 
3 805 909 915 
3 1017 909 1012 
3 1222 1318 1323 
3 1214 1222 1117 
3 1012 1117 1017 
3 3004 3001 2995 
3 2999 3004 3008 
3 3005 2993 3008 
3 2994 2988 3005 
3 2985 2978 2994 
3 2972 2970 2985 
3 2961 2972 2954 
3 2954 2941 2961 
3 2877 2927 2941 
3 2760 2862 2877 
3 2718 2760 2605 
3 2605 2489 2581 
3 2373 2466 2489 
3 2270 2362 2373 
3 2995 2968 2979 
3 2833 2910 2808 
3 2979 2968 2910 
3 2270 2167 2257 
3 2153 2167 2061 
3 2052 2061 1958 
3 2833 2808 2649 
3 2649 2524 2537 
3 2537 2424 2431 
3 2324 2330 2431 
3 2231 2330 2227 
3 2231 2131 2133 
3 2133 2036 2037 
3 2037 1943 1941 
3 1941 1844 1838 
3 1838 1740 1734 
3 1734 1633 1627 
3 1534 1525 1627 
3 1421 1525 1427 
3 1323 1318 1421 
3 845 936 943 
3 852 751 845 
3 644 751 757 
3 650 542 644 
3 429 542 545 
3 427 267 429 
3 267 270 137 
3 137 139 95 
3 61 139 133 
3 116 114 223 
3 237 114 133 
3 226 124 116 
3 142 124 244 
3 244 258 142 
3 1127 1036 1031 
3 936 1036 943 
3 1315 1405 1420 
3 1508 1405 1499 
3 1499 1593 1603 
3 1682 1691 1593 
3 1220 1315 1321 
3 1682 1778 1786 
3 1865 1879 1778 
3 1958 1969 1865 
3 1127 1220 1225 
3 399 258 244 
3 608 612 511 
3 399 506 511 
3 608 706 612 
3 704 805 706 
3 801 909 805 
3 1012 909 906 
3 1214 1318 1222 
3 1111 1214 1117 
3 1111 1117 1012 
3 3000 3004 2995 
3 3008 3004 3006 
3 3005 3008 3011 
3 3005 3015 2994 
3 3007 2985 2994 
3 2985 2990 2972 
3 2954 2972 2966 
3 2884 2941 2954 
3 2877 2941 2884 
3 2760 2877 2785 
3 2605 2760 2623 
3 2500 2489 2605 
3 2373 2489 2383 
3 2373 2285 2270 
3 3000 2995 2979 
3 2928 2910 2833 
3 2979 2910 2928 
3 2179 2167 2270 
3 2061 2167 2073 
3 1958 2061 1969 
3 2833 2649 2666 
3 2666 2649 2537 
3 2545 2537 2431 
3 2431 2330 2436 
3 2339 2330 2231 
3 2133 2236 2231 
3 2037 2134 2133 
3 2037 1941 2034 
3 1931 1941 1838 
3 1830 1838 1734 
3 1724 1734 1627 
3 1627 1525 1622 
3 1516 1525 1421 
3 1421 1318 1418 
3 852 845 943 
3 757 751 852 
3 644 757 650 
3 545 542 650 
3 545 427 429 
3 427 270 267 
3 270 139 137 
3 133 139 256 
3 223 114 237 
3 223 226 116 
3 256 237 133 
3 244 124 226 
3 1127 1135 1036 
3 943 1036 1043 
3 1420 1405 1508 
3 1315 1420 1321 
3 1499 1603 1508 
3 1593 1691 1603 
3 1682 1786 1691 
3 1220 1321 1225 
3 1778 1879 1786 
3 1865 1969 1879 
3 1225 1135 1127 
3 391 399 244 
3 506 608 511 
3 391 506 399 
3 704 706 608 
3 801 805 704 
3 906 909 801 
3 1004 1012 906 
3 1313 1318 1214 
3 1208 1214 1111 
3 1004 1111 1012 
3 3006 3004 3000 
3 3011 3008 3006 
3 3011 3015 3005 
3 2994 3015 3007 
3 3007 2990 2985 
3 2972 2990 2966 
3 2899 2954 2966 
3 2884 2954 2899 
3 2785 2877 2884 
3 2623 2760 2785 
3 2623 2500 2605 
3 2383 2489 2500 
3 2373 2383 2285 
3 2270 2285 2179 
3 3000 2979 2984 
3 2833 2840 2928 
3 2984 2979 2928 
3 2073 2167 2179 
3 1969 2061 2073 
3 2666 2840 2833 
3 2666 2537 2545 
3 2436 2545 2431 
3 2436 2330 2339 
3 2236 2339 2231 
3 2133 2134 2236 
3 2034 2134 2037 
3 2034 1941 1931 
3 1931 1838 1830 
3 1830 1734 1724 
3 1724 1627 1622 
3 1622 1525 1516 
3 1418 1516 1421 
3 1418 1318 1313 
3 951 852 943 
3 757 852 855 
3 650 757 759 
3 652 545 650 
3 544 427 545 
3 420 270 427 
3 256 139 270 
3 223 237 398 
3 392 226 223 
3 413 237 256 
3 244 226 391 
3 1036 1135 1043 
3 943 1043 951 
3 1420 1508 1517 
3 1420 1425 1321 
3 1508 1603 1612 
3 1603 1691 1701 
3 1786 1793 1691 
3 1225 1321 1327 
3 1786 1879 1889 
3 1879 1969 1978 
3 1235 1135 1225 
3 611 608 506 
3 508 506 391 
3 704 608 702 
3 702 801 704 
3 906 801 804 
3 908 1004 906 
3 1313 1214 1208 
3 1208 1111 1100 
3 1100 1111 1004 
3 2998 3006 3000 
3 3011 3006 3009 
3 3012 3015 3011 
3 3007 3015 3014 
3 3013 2990 3007 
3 2966 2990 2987 
3 2966 2929 2899 
3 2806 2884 2899 
3 2785 2884 2806 
3 2623 2785 2632 
3 2511 2500 2623 
3 2383 2500 2403 
3 2285 2383 2293 
3 2179 2285 2187 
3 2984 2998 3000 
3 2928 2840 2935 
3 2984 2928 2935 
3 2073 2179 2084 
3 1969 2073 1978 
3 2669 2840 2666 
3 2545 2669 2666 
3 2545 2436 2440 
3 2436 2339 2440 
3 2340 2339 2236 
3 2236 2134 2234 
3 2129 2134 2034 
3 2026 2034 1931 
3 1921 1931 1830 
3 1820 1830 1724 
3 1717 1724 1622 
3 1622 1516 1614 
3 1510 1516 1418 
3 1418 1313 1408 
3 855 852 951 
3 757 855 759 
3 650 759 652 
3 652 544 545 
3 544 420 427 
3 420 256 270 
3 398 237 413 
3 398 392 223 
3 391 226 392 
3 413 256 420 
3 1043 1135 1142 
3 951 1043 1046 
3 1508 1612 1517 
3 1420 1517 1425 
3 1321 1425 1327 
3 1603 1701 1612 
3 1691 1793 1701 
3 1889 1793 1786 
3 1225 1327 1235 
3 1879 1978 1889 
3 1142 1135 1235 
3 611 506 508 
3 702 608 611 
3 391 392 508 
3 804 801 702 
3 908 906 804 
3 908 996 1004 
3 1309 1313 1208 
3 1100 1204 1208 
3 1004 996 1100 
3 3009 3006 2998 
3 3012 3011 3009 
3 3014 3015 3012 
3 3013 3007 3014 
3 2987 2990 3013 
3 2966 2987 2929 
3 2899 2929 2823 
3 2806 2899 2823 
3 2632 2785 2806 
3 2511 2623 2632 
3 2403 2500 2511 
3 2293 2383 2403 
3 2187 2285 2293 
3 2084 2179 2187 
3 2983 2998 2984 
3 2935 2840 2839 
3 2935 2983 2984 
3 1978 2073 2084 
3 2839 2840 2669 
3 2546 2669 2545 
3 2440 2546 2545 
3 2440 2339 2340 
3 2234 2340 2236 
3 2234 2134 2129 
3 2129 2034 2026 
3 2026 1931 1921 
3 1820 1921 1830 
3 1820 1724 1717 
3 1717 1622 1614 
3 1614 1516 1510 
3 1408 1510 1418 
3 1408 1313 1309 
3 951 952 855 
3 855 856 759 
3 759 762 652 
3 651 544 652 
3 544 538 420 
3 413 531 398 
3 520 392 398 
3 420 538 413 
3 1046 1043 1142 
3 951 1046 952 
3 1517 1612 1624 
3 1425 1517 1533 
3 1327 1425 1436 
3 1701 1716 1612 
3 1701 1793 1801 
3 1895 1793 1889 
3 1235 1327 1338 
3 1889 1978 1991 
3 1142 1235 1240 
3 611 508 624 
3 716 702 611 
3 508 392 520 
3 716 804 702 
3 908 804 828 
3 1003 996 908 
3 1208 1204 1309 
3 1094 1204 1100 
3 1100 996 1094 
3 3009 2998 2997 
3 3012 3009 3003 
3 3014 3012 3010 
3 3013 3014 3002 
3 2992 2987 3013 
3 2929 2987 2949 
3 2823 2929 2852 
3 2644 2806 2823 
3 2632 2806 2644 
3 2511 2632 2523 
3 2403 2511 2414 
3 2300 2293 2403 
3 2187 2293 2198 
3 2092 2084 2187 
3 2997 2998 2983 
3 2839 2926 2935 
3 2926 2983 2935 
3 1978 2084 1991 
3 2839 2669 2664 
3 2664 2669 2546 
3 2439 2546 2440 
3 2439 2440 2340 
3 2336 2340 2234 
3 2226 2234 2129 
3 2017 2129 2026 
3 2017 2026 1921 
3 1820 1912 1921 
3 1717 1813 1820 
3 1712 1717 1614 
3 1614 1510 1611 
3 1506 1510 1408 
3 1401 1408 1309 
3 855 952 856 
3 856 762 759 
3 652 762 651 
3 651 538 544 
3 531 520 398 
3 538 531 413 
3 1142 1144 1046 
3 952 1046 1048 
3 1612 1716 1624 
3 1517 1624 1533 
3 1425 1533 1436 
3 1327 1436 1338 
3 1701 1801 1716 
3 1801 1793 1895 
3 1889 1991 1895 
3 1235 1338 1240 
3 1142 1240 1144 
3 508 520 624 
3 624 716 611 
3 828 804 716 
3 828 926 908 
3 908 926 1003 
3 1094 996 1003 
3 1309 1204 1301 
3 1191 1204 1094 
3 3009 2997 3003 
3 3010 3012 3003 
3 3002 3014 3010 
3 2992 3013 3002 
3 2949 2987 2992 
3 2852 2929 2949 
3 2852 2665 2823 
3 2823 2665 2644 
3 2523 2632 2644 
3 2414 2511 2523 
3 2403 2414 2300 
3 2198 2293 2300 
3 2187 2198 2092 
3 1991 2084 2092 
3 2997 2983 2965 
3 2829 2926 2839 
3 2965 2983 2926 
3 2829 2839 2664 
3 2664 2546 2540 
3 2540 2546 2439 
3 2439 2340 2336 
3 2336 2234 2226 
3 2226 2129 2117 
3 2117 2129 2017 
3 1921 1912 2017 
3 1813 1912 1820 
3 1712 1813 1717 
3 1614 1611 1712 
3 1611 1510 1506 
3 1401 1506 1408 
3 1301 1401 1309 
3 856 952 954 
3 857 762 856 
3 651 762 761 
3 645 538 651 
3 636 520 531 
3 645 531 538 
3 1046 1144 1048 
3 952 1048 954 
3 1716 1730 1624 
3 1624 1635 1533 
3 1436 1533 1545 
3 1338 1436 1449 
3 1716 1801 1819 
3 1895 1905 1801 
3 1895 1991 2000 
3 1240 1338 1346 
3 1144 1240 1244 
3 624 520 636 
3 736 716 624 
3 828 716 736 
3 849 926 828 
3 1003 926 1023 
3 1088 1094 1003 
3 1301 1204 1191 
3 1191 1094 1088 
3 3003 2997 2975 
3 3010 3003 2980 
3 3002 3010 2977 
3 3002 2964 2992 
3 2964 2949 2992 
3 2852 2949 2870 
3 2683 2665 2852 
3 2644 2665 2532 
3 2523 2644 2532 
3 2414 2523 2421 
3 2300 2414 2311 
3 2209 2198 2300 
3 2092 2198 2106 
3 1991 2092 2000 
3 2975 2997 2965 
3 2898 2926 2829 
3 2965 2926 2898 
3 2664 2656 2829 
3 2540 2656 2664 
3 2427 2540 2439 
3 2427 2439 2336 
3 2323 2336 2226 
3 2117 2215 2226 
3 2009 2117 2017 
3 2017 1912 2009 
3 1906 1912 1813 
3 1805 1813 1712 
3 1712 1611 1709 
3 1607 1611 1506 
3 1503 1506 1401 
3 1396 1401 1301 
3 856 954 857 
3 761 762 857 
3 651 761 645 
3 645 636 531 
3 1048 1144 1148 
3 954 1048 1051 
3 1624 1730 1635 
3 1819 1730 1716 
3 1533 1635 1545 
3 1436 1545 1449 
3 1338 1449 1346 
3 1801 1905 1819 
3 1895 2000 1905 
3 1240 1346 1244 
3 1144 1244 1148 
3 624 636 736 
3 849 828 736 
3 949 926 849 
3 1023 926 949 
3 1088 1003 1023 
3 1191 1289 1301 
3 1175 1191 1088 
3 3003 2975 2980 
3 2977 3010 2980 
3 2977 2964 3002 
3 2870 2949 2964 
3 2704 2852 2870 
3 2683 2852 2704 
3 2549 2665 2683 
3 2532 2665 2549 
3 2421 2523 2532 
3 2311 2414 2421 
3 2300 2311 2209 
3 2106 2198 2209 
3 2000 2092 2106 
3 2906 2975 2965 
3 2818 2898 2829 
3 2965 2898 2906 
3 2829 2656 2818 
3 2529 2656 2540 
3 2427 2529 2540 
3 2323 2427 2336 
3 2215 2323 2226 
3 2110 2215 2117 
3 2110 2117 2009 
3 2009 1912 1906 
3 1805 1906 1813 
3 1709 1805 1712 
3 1709 1611 1607 
3 1503 1607 1506 
3 1396 1503 1401 
3 1289 1396 1301 
3 857 954 956 
3 858 761 857 
3 645 761 756 
3 756 636 645 
3 1048 1148 1051 
3 954 1051 956 
3 1635 1730 1746 
3 1835 1730 1819 
3 1545 1635 1651 
3 1449 1545 1555 
3 1346 1449 1455 
3 1819 1905 1923 
3 1905 2000 2012 
3 1346 1341 1244 
3 1244 1239 1148 
3 736 636 756 
3 849 736 756 
3 858 949 849 
3 1041 1023 949 
3 1023 1108 1088 
3 1175 1289 1191 
3 1088 1108 1175 
3 2980 2975 2916 
3 2908 2977 2980 
3 2887 2964 2977 
3 2870 2964 2887 
3 2704 2870 2733 
3 2561 2683 2704 
3 2549 2683 2561 
3 2549 2429 2532 
3 2532 2429 2421 
3 2421 2326 2311 
3 2209 2311 2218 
3 2106 2209 2119 
3 2000 2106 2012 
3 2916 2975 2906 
3 2906 2898 2818 
3 2818 2656 2641 
3 2641 2656 2529 
3 2420 2529 2427 
3 2420 2427 2323 
3 2306 2323 2215 
3 2110 2206 2215 
3 2006 2110 2009 
3 2009 1906 2006 
3 1907 1906 1805 
3 1808 1805 1709 
3 1713 1709 1607 
3 1609 1607 1503 
3 1501 1503 1396 
3 1392 1396 1289 
3 956 858 857 
3 756 761 858 
3 1051 1148 1141 
3 956 1051 1041 
3 1746 1730 1835 
3 1651 1635 1746 
3 1819 1923 1835 
3 1545 1651 1555 
3 1449 1555 1455 
3 1346 1455 1341 
3 1905 2012 1923 
3 1341 1239 1244 
3 1148 1239 1141 
3 849 756 858 
3 956 949 858 
3 1041 949 956 
3 1041 1108 1023 
3 1283 1289 1175 
3 1175 1108 1192 
3 2980 2916 2908 
3 2887 2977 2908 
3 2733 2870 2887 
3 2574 2704 2733 
3 2574 2561 2704 
3 2549 2561 2446 
3 2446 2429 2549 
3 2421 2429 2326 
3 2311 2326 2218 
3 2119 2209 2218 
3 2106 2119 2012 
3 2916 2906 2810 
3 2810 2906 2818 
3 2818 2641 2633 
3 2641 2529 2521 
3 2521 2529 2420 
3 2306 2420 2323 
3 2215 2206 2306 
3 2105 2206 2110 
3 2006 2105 2110 
3 2006 1906 1907 
3 1808 1907 1805 
3 1808 1709 1713 
3 1609 1713 1607 
3 1609 1503 1501 
3 1392 1501 1396 
3 1392 1289 1283 
3 1041 1051 1141 
3 1746 1835 1848 
3 1651 1746 1753 
3 1923 1940 1835 
3 1555 1651 1661 
3 1455 1555 1565 
3 1455 1439 1341 
3 1923 2012 2029 
3 1322 1239 1341 
3 1141 1239 1217 
3 1141 1108 1041 
3 1192 1283 1175 
3 1192 1108 1217 
3 2908 2916 2799 
3 2908 2768 2887 
3 2887 2768 2733 
3 2733 2586 2574 
3 2454 2561 2574 
3 2446 2561 2454 
3 2341 2429 2446 
3 2326 2429 2341 
3 2218 2326 2230 
3 2218 2130 2119 
3 2012 2119 2029 
3 2799 2916 2810 
3 2810 2818 2633 
3 2633 2641 2521 
3 2409 2521 2420 
3 2409 2420 2306 
3 2206 2294 2306 
3 2193 2206 2105 
3 2011 2105 2006 
3 1907 2011 2006 
3 1919 1907 1808 
3 1808 1713 1826 
3 1721 1713 1609 
3 1501 1613 1609 
3 1392 1505 1501 
3 1283 1394 1392 
3 1835 1940 1848 
3 1753 1746 1848 
3 1651 1753 1661 
3 2029 1940 1923 
3 1555 1661 1565 
3 1565 1439 1455 
3 1341 1439 1322 
3 1217 1239 1322 
3 1217 1108 1141 
3 1192 1298 1283 
3 1217 1298 1192 
3 2799 2768 2908 
3 2733 2768 2586 
3 2574 2586 2464 
3 2464 2454 2574 
3 2349 2446 2454 
3 2341 2446 2349 
3 2230 2326 2341 
3 2230 2130 2218 
3 2119 2130 2029 
3 2799 2810 2625 
3 2625 2810 2633 
3 2633 2521 2505 
3 2505 2521 2409 
3 2306 2294 2409 
3 2193 2294 2206 
3 2100 2193 2105 
3 2100 2105 2011 
3 1919 2011 1907 
3 1826 1919 1808 
3 1826 1713 1721 
3 1613 1721 1609 
3 1505 1613 1501 
3 1394 1505 1392 
3 1298 1394 1283 
3 1848 1940 1950 
3 1848 1855 1753 
3 1661 1753 1761 
3 2038 1940 2029 
3 1661 1671 1565 
3 1565 1577 1439 
3 1322 1439 1409 
3 1217 1322 1298 
3 2608 2768 2799 
3 2586 2768 2608 
3 2464 2586 2484 
3 2357 2454 2464 
3 2349 2454 2357 
3 2246 2341 2349 
3 2230 2341 2246 
3 2142 2130 2230 
3 2029 2130 2038 
3 2799 2625 2608 
3 2505 2625 2633 
3 2387 2505 2409 
3 2409 2294 2387 
3 2286 2294 2193 
3 2182 2193 2100 
3 2100 2011 2005 
3 2005 2011 1919 
3 1826 1924 1919 
3 1721 1837 1826 
3 1613 1728 1721 
3 1505 1617 1613 
3 1507 1505 1394 
3 1409 1394 1298 
3 1950 1940 2038 
3 1848 1950 1855 
3 1753 1855 1761 
3 1661 1761 1671 
3 1671 1577 1565 
3 1439 1577 1498 
3 1409 1439 1498 
3 1298 1322 1409 
3 2484 2586 2608 
3 2365 2464 2484 
3 2357 2464 2365 
3 2255 2349 2357 
3 2246 2349 2255 
3 2230 2246 2142 
3 2038 2130 2142 
3 2608 2625 2495 
3 2495 2625 2505 
3 2495 2505 2387 
3 2387 2294 2286 
3 2286 2193 2182 
3 2081 2182 2100 
3 2100 2005 2001 
3 1919 1924 2005 
3 1837 1924 1826 
3 1721 1728 1837 
3 1617 1728 1613 
3 1507 1617 1505 
3 1507 1394 1409 
3 1950 2038 2051 
3 1950 1957 1855 
3 1855 1863 1761 
3 1671 1761 1783 
3 1680 1577 1671 
3 1498 1577 1599 
3 1409 1498 1507 
3 2484 2608 2495 
3 2365 2484 2374 
3 2261 2357 2365 
3 2255 2357 2261 
3 2149 2246 2255 
3 2142 2246 2149 
3 2038 2142 2051 
3 2374 2495 2387 
3 2286 2374 2387 
3 2286 2182 2271 
3 2100 2001 2081 
3 2081 2170 2182 
3 1924 2001 2005 
3 1901 1924 1837 
3 1837 1728 1806 
3 1617 1703 1728 
3 1507 1599 1617 
3 2051 1957 1950 
3 1855 1957 1863 
3 1761 1863 1783 
3 1671 1783 1680 
3 1599 1577 1680 
3 1498 1599 1507 
3 2484 2495 2374 
3 2271 2365 2374 
3 2261 2365 2271 
3 2261 2159 2255 
3 2255 2159 2149 
3 2051 2142 2149 
3 2271 2374 2286 
3 2182 2170 2271 
3 2081 2001 1982 
3 2067 2170 2081 
3 1901 2001 1924 
3 1837 1806 1901 
3 1728 1703 1806 
3 1599 1703 1617 
3 2058 1957 2051 
3 1863 1957 1966 
3 1783 1863 1887 
3 1783 1703 1680 
3 1680 1703 1599 
3 2271 2170 2261 
3 2170 2159 2261 
3 2149 2159 2058 
3 2051 2149 2058 
3 1982 2001 1901 
3 1982 2067 2081 
3 2067 2159 2170 
3 1806 1887 1901 
3 1806 1703 1783 
3 1966 1957 2058 
3 1863 1966 1887 
3 1783 1887 1806 
3 2058 2159 2067 
3 1887 1982 1901 
3 1966 2067 1982 
3 2058 2067 1966 
3 1887 1966 1982 

