# vtk DataFile Version 4.2
vtk output
ASCII
DATASET POLYDATA
POINTS 2986 float
-188.353 55.6591 73.4689 -188.269 65.1945 59.8298 -188.209 72.8978 77.3619 
-187.922 65.8173 93.433 -187.856 49.5746 93.4799 -187.686 44.3302 82.9445 
-186.942 33.985 94.1949 -186.938 60.5859 43.713 -186.869 80.5036 62.6455 
-186.737 75.9588 47.1679 -186.7 49.1309 56.1947 -186.497 38.2987 68.4977 
-186.293 58.3989 108.531 -186.26 41.5215 108.107 -186.119 27.6769 80.6081 
-185.693 24.9021 107.543 -185.633 17.5319 93.1265 -185.075 8.23966 106.563 
-185.058 44.5564 40.5714 -185.011 57.432 28.1723 -184.92 32.8376 53.1255 
-184.686 21.6474 65.5344 -184.642 74.9221 32.2588 -184.569 17.3413 148.596 
-184.552 1.21748 150.594 -184.368 24.8451 160.597 -184.334 10.8954 78.0858 
-184.273 16.517 121.296 -184.263 33.1728 121.974 -184.158 0.742902 90.978 
-184.119 0.170962 121.451 -184.061 -8.17702 105.626 -184.024 -7.92483 137.383 
-184.019 50.2019 122.597 -183.974 8.67858 135.673 -183.789 81.7733 92.4815 
-183.785 33.4784 149.269 -183.627 74.9153 108.007 -183.572 11.1019 163.06 
-183.526 25.0955 135.441 -183.522 40.6892 24.5227 -183.43 28.2292 37.3112 
-183.423 -16.246 122.955 -183.061 54.1671 12.3579 -182.988 16.3894 50.0302 
-182.859 41.7925 136.138 -182.516 5.09436 62.6693 -182.468 -24.3309 106.292 
-182.405 87.3687 76.8801 -182.241 -5.6802 75.3217 -182.227 -15.8814 88.6586 
-182.226 -15.093 153.899 -182.211 37.2216 8.15859 -182.143 -24.6701 139.565 
-182.086 24.0534 20.8415 -181.852 66.9661 122.725 -181.743 11.6912 33.9819 
-181.72 -32.7605 125.045 -181.68 87.9523 51.1815 -181.627 72.2453 17.1366 
-181.511 20.2996 3.86573 -181.329 51.0638 -3.75475 -181.3 33.8209 -8.32168 
-181.171 -0.090756 46.8953 -180.938 7.38504 17.1442 -180.802 -11.4856 59.6269 
-180.663 -39.649 109.839 -180.445 -22.4249 72.5158 -180.397 -38.0771 24.3736 
-180.323 16.6531 -12.976 -180.284 58.4647 136.84 -180.196 -33.3935 40.5633 
-180.19 84.6729 35.8159 -180.178 -4.865 30.7596 -180.177 -21.427 27.5807 
-180.176 -33.1892 85.5062 -180.158 49.534 150.683 -180.152 -45.2483 53.5512 
-180.083 -50.1898 37.3478 -180.03 -9.24334 13.9079 -180.02 3.32907 -0.353549 
-179.997 -25.7452 11.3538 -179.969 -16.7216 43.745 -179.861 -28.255 56.6002 
-179.711 -39.4663 69.5624 -179.574 -56.9665 66.6864 -179.56 91.6949 63.2598 
-179.484 39.107 163.266 -179.415 -3.70744 166.3 -179.343 -44.7347 96.494 
-179.139 68.1434 1.18958 -179.101 30.2649 -24.5766 -179.047 -50.5816 82.2423 
-178.998 -13.5797 -5.11 -178.891 -43.8126 -353.722 -178.825 47.1249 -19.8282 
-178.789 -26.8178 -358.759 -178.761 -0.327428 -17.8533 -178.741 -62.4717 50.5348 
-178.284 -29.298 -3.41774 -178.263 -42.0671 8.58896 -178.153 -30.7745 -342.358 
-178.039 13.1893 -29.432 -177.76 -54.4395 21.1602 -177.595 -47.7028 -336.932 
-177.322 -41.0466 141.001 -176.958 -34.3347 -326.298 -176.892 -17.2631 -23.2331 
-176.851 -39.7917 -370.43 -176.793 25.5333 171.739 -176.772 -60.7795 -347.737 
-176.491 -3.68442 -34.5205 -176.422 -31.2247 -13.6585 -176.376 -31.2509 156.056 
-176.251 -67.7126 79.765 -176.188 -14.0735 -346.11 -176.098 -56.608 -364.113 
-176.023 -17.7736 -330.468 -176.015 -55.1675 110.094 -175.903 -66.5781 34.1616 
-175.777 -47.8275 125.186 -175.711 63.7491 -14.6044 -175.497 26.6701 -40.5533 
-175.214 -60.4921 94.7353 -175.199 -50.6903 -320.902 -175.186 9.83199 -45.5551 
-175.159 -10.0101 -362.707 -175.047 -20.9077 -316.089 -174.749 -37.1657 -310.947 
-174.568 88.0529 104.814 -174.559 -45.1345 -5.70215 -174.513 43.3242 -35.4695 
-174.415 81.418 120.531 -174.17 -64.1236 -331.301 -174.028 -73.5248 -358.586 
-173.755 -22.884 -374.801 -173.752 -20.3428 -39.7382 -173.672 -73.3272 63.9425 
-173.659 -6.83354 -50.6999 -173.364 73.2399 135.6 -173.11 93.0098 88.8749 
-172.996 -23.8346 -301.445 -172.935 -57.7531 5.50389 -172.791 -33.9574 -29.0222 
-172.69 -2.06267 -332.42 -172.677 10.3377 176.02 -172.472 94.7417 41.546 
-172.367 90.1657 24.8306 -172.352 -39.6477 -295.409 -172.236 -4.6163 -321.3 
-172.207 -53.0498 -305.145 -172.186 64.0236 149.984 -172.104 23.29 -56.3161 
-172.088 1.96266 -349.616 -172.062 96.0261 73.5131 -171.96 -77.2278 -341.913 
-171.911 6.54682 -61.4631 -171.802 96.8034 57.6904 -171.802 -18.3714 167.932 
-171.782 -7.16993 -310.181 -171.478 -77.9145 47.476 -171.23 -68.5238 -372.873 
-171.196 59.5776 -29.9646 -171.092 53.393 163.021 -171.085 84.6066 8.17213 
-171.06 -69.7751 18.0152 -170.927 -26.3515 -285.905 -170.761 -47.7038 -19.509 
-170.683 -23.3463 -55.9021 -170.641 -66.3837 -315.114 -170.516 -9.93076 -66.7071 
-170.277 39.7999 -51.0298 -170.179 -41.5338 -279.468 -169.943 -10.7115 -292.683 
-169.647 6.40271 -366.838 -169.593 -28.3245 -269.72 -169.459 -36.742 -45.0997 
-169.31 -54.7526 -289.268 -169.244 -30.162 -253.351 -169.029 -43.2662 -263.197 
-168.739 -32.1719 -236.551 -168.633 -52.6492 -378.447 -168.557 -13.2479 -276.295 
-168.553 79.5023 -7.95446 -168.548 -45.2985 -246.537 -168.464 3.28599 -77.209 
-168.244 -83.3089 -371.952 -168.227 40.6031 173.63 -168.211 19.7266 -71.9883 
-168.066 -15.1679 -259.974 -167.887 -60.7896 -9.45303 -167.854 -16.9998 -243.516 
-167.811 -89.8486 -352.934 -167.799 -79.5751 -325.186 -167.775 -6.47089 -378.157 
-167.691 -26.1866 -71.9537 -167.613 9.21741 -318.801 -167.383 -56.2364 -273.019 
-167.382 -80.9383 30.9607 -167.372 13.3483 -336.783 -167.37 -50.3373 -34.6694 
-167.296 -13.058 -82.5621 -167.233 -48.4429 -228.978 -167.167 -67.9345 -299.154 
-167.151 -34.3217 -219.293 -167.026 -18.7147 -226.738 -166.7 5.0955 -300.252 
-166.673 55.8474 -45.3847 -166.474 -57.9583 -256.57 -166.41 -39.5205 -61.2526 
-166.184 -60.7278 123.119 -166.177 36.1783 -66.459 -166.11 17.5708 -354.243 
-165.813 -52.5471 138.373 -165.728 -67.2496 107.387 -165.658 1.88207 -283.12 
-165.556 -72.7197 2.34863 -165.452 -73.9395 91.9987 -165.447 -4.20706 177.634 
-165.13 0.139565 -93.0173 -165.125 -0.400408 -266.696 -164.92 74.7561 -23.604 
-164.817 -20.3084 -209.831 -164.793 -2.23651 -250.383 -164.743 -50.5398 -211.35 
-164.669 -29.1552 -87.8782 -164.611 -36.6553 -381.171 -164.602 16.331 -87.6109 
-164.591 -43.2767 153.259 -164.588 -35.7662 -202.011 -164.523 -63.4019 -238.153 
-164.516 -80.3564 76.4686 -164.354 -3.83806 -233.895 -164.334 -69.0515 -282.887 
-164.182 -15.9498 -98.2435 -163.965 -52.867 -50.6519 -163.865 26.0594 180.913 
-163.802 -63.7386 -24.5963 -163.79 -80.8133 -309.055 -163.689 -92.3025 -335.332 
-163.357 -42.2063 -77.2613 -163.208 -86.3258 60.3568 -163.02 22.4186 -370.749 
-162.95 -5.20982 -217.275 -162.898 -83.5584 14.9656 -162.769 92.2073 115.926 
-162.701 -70.3682 -266.524 -162.599 85.3656 131.823 -162.483 -21.428 -192.921 
-162.45 51.9717 -60.759 -162.397 -66.1285 -220.594 -162.354 32.3765 -82.0165 
-162.222 -71.3849 -250.302 -162.057 -51.3112 -193.9 -162.056 -2.68288 -108.368 
-161.965 97.4482 99.8039 -161.769 -31.4132 -103.426 -161.733 -36.6079 -184.803 
-161.719 -18.1252 -113.391 -161.446 76.4606 146.664 -161.346 13.0979 -103.143 
-161.28 24.2623 -324.452 -161.241 20.3302 -306.878 -160.949 100.854 83.5946 
-160.948 -6.40351 -200.606 -160.888 -90.6694 43.9115 -160.885 -98.2452 -369.427 
-160.806 -30.8187 165.977 -160.795 70.4604 -39.0823 -160.754 9.4732 -381.807 
-160.607 -44.6315 -93.1527 -160.57 28.249 -341.869 -160.564 -66.1999 -40.2714 
-160.52 -55.1336 -66.7028 -160.509 66.485 160.686 -160.483 -66.3593 -203.846 
-160.45 100.715 33.5588 -160.425 -67.8767 -381.492 -160.404 -81.7299 -292.779 
-160.392 16.6454 -289.756 -160.382 -76.4169 -13.6217 -160.299 102.678 67.3272 
-160.251 102.527 50.6015 -160.205 -101.396 -361.008 -159.908 -22.0847 -176.062 
-159.882 13.7578 -273.372 -159.878 -33.2401 -118.864 -159.779 -4.7917 -122.987 
-159.777 -19.8049 -128.365 -159.729 11.8799 -257.335 -159.635 97.2893 16.6633 
-159.314 10.4303 -241.118 -159.194 -93.3963 -318.94 -159.023 -36.6437 -167.641 
-159.003 -51.1904 -176.116 -158.984 28.8692 -97.6774 -158.926 -20.5473 -383.523 
-158.785 -7.39529 -184 -158.624 32.6347 -358.344 -158.558 9.24146 -224.777 
-158.355 92.9352 -0.051275 -158.339 -34.7609 -134.48 -158.321 -46.5054 -108.855 
-158.294 10.2586 -118.222 -158.292 -21.2137 -143.623 -158.226 -22.1062 -159.449 
-158.218 54.6751 172.642 -158.173 47.9963 -76.0652 -158.055 -85.9864 -1.16736 
-158.003 -82.6804 -276.448 -157.922 -36.0365 -150.606 -157.782 -93.7331 27.548 
-157.682 -6.4175 -137.323 -157.537 -65.9747 -185.988 -157.522 -57.3653 -82.6716 
-157.35 11.3592 184.272 -157.35 8.09374 -208.254 -157.157 -81.8771 -229.164 
-156.966 -103.968 -345.259 -156.965 -50.6644 -158.057 -156.905 -68.1861 -56.306 
-156.903 -83.7309 -260.013 -156.897 -48.1283 -124.602 -156.863 -83.6291 -244.236 
-156.739 -7.91591 -167.43 -156.564 -7.60028 -151.885 -156.537 66.7115 -54.4137 
-156.402 -49.5914 -140.682 -156.292 -81.2358 -213.28 -156.134 -79.6792 -29.8579 
-156.064 -65.5434 -175.119 -155.843 8.18869 -132.745 -155.772 88.0377 -16.1813 
-155.627 -17.0912 176.518 -155.526 6.97849 -191.717 -155.257 25.3886 -113.111 
-155.164 -93.8949 -302.779 -155.119 -59.3857 -98.5581 -154.727 -95.8591 11.3866 
-154.592 -65.112 -164.251 -154.585 41.3372 182.324 -154.471 37.833 -373.464 
-154.44 44.126 -91.601 -154.229 -80.7129 -197.519 -154.176 -51.2651 -383.464 
-154.03 -84.8324 -381.525 -153.859 34.7406 -312.659 -153.698 6.10832 -175.214 
-153.675 38.6162 -329.679 -153.667 6.65693 -145.913 -153.609 -61.1146 -114.421 
-153.587 -70.044 -72.2981 -153.558 30.7911 -295.946 -153.299 25.4155 -384.732 
-153.077 27.1674 -279.774 -153.069 -64.0163 -147.241 -152.971 5.95849 -159.309 
-152.963 -62.6595 -130.5 -152.609 -105.03 -328.883 -152.588 24.9799 -264.01 
-152.507 -81.2796 -45.9039 -152.497 42.4641 -346.179 -152.438 83.3983 -31.9348 
-152.436 -94.5781 -286.405 -152.407 62.7012 -69.7215 -152.114 -79.9524 -182.637 
-152.055 -76.6788 103.011 -151.976 22.4855 -128.39 -151.923 -68.7789 117.975 
-151.853 23.6227 -248.29 -151.802 -84.1847 87.8066 -151.778 -96.005 -4.30891 
-151.502 22.5506 -232.229 -151.48 -91.2186 72.2385 -151.387 -60.3104 132.712 
-151.268 -5.12064 -385.081 -151.135 21.7931 -215.897 -151.035 -72.0012 -88.314 
-150.902 -95.4791 -269.856 -150.817 40.3011 -107.219 -150.657 -97.3787 56.2684 
-150.325 -79.1033 -168.332 -150.31 -93.8208 -19.4172 -150.259 -96.1105 -253.554 
-150.239 -50.9114 147.005 -150.105 -96.1377 -237.569 -150.028 95.0589 126.417 
-149.851 20.557 -199.486 -149.692 -95.571 -221.62 -149.663 100.7 110.112 
-149.637 87.651 142.22 -149.61 47.2759 -361.459 -149.234 -73.7766 -104.31 
-149.124 -109.407 -368.292 -149.106 -102.134 39.9731 -149.06 26.8437 188.441 
-148.953 105.068 93.6977 -148.931 -2.2958 184.703 -148.928 -78.0282 -152.68 
-148.764 19.9737 -146.16 -148.693 78.5065 156.944 -148.687 -82.631 -62.035 
-148.686 -105.461 -312.612 -148.628 79.4715 -47.4319 -148.449 -94.7379 -205.862 
-148.394 19.5916 -182.919 -148.391 58.5825 -85.1125 -148.339 107.591 77.0181 
-148.296 -75.3776 -120.443 -148.212 -35.3299 -384.624 -148.114 -76.8 -136.715 
-148.047 -113.916 -354.483 -147.872 108.737 60.055 -147.725 -40.0274 160.389 
-147.706 108.411 43.0317 -147.649 19.1289 -166.427 -147.591 -105.783 23.6163 
-147.335 106.589 25.8314 -146.902 -94.335 -35.4681 -146.897 67.7393 170.056 
-146.831 36.6369 -122.773 -146.698 -93.7689 -190.334 -146.429 103.516 8.76783 
-145.44 -105.725 -296.239 -145.415 -83.9705 -78.1213 -145.406 -107.531 7.34033 
-145.193 -67.1936 -383.677 -145.015 48.4029 -317.894 -144.961 -98.9653 -378.928 
-144.945 44.2411 -301.56 -144.901 -92.7515 -174.739 -144.769 99.2453 -7.92697 
-144.701 39.8364 -285.558 -144.572 75.8607 -62.7693 -144.51 41.0586 -386.639 
-144.461 54.5834 -100.588 -144.454 52.2242 -334.416 -144.411 36.5067 -269.749 
-144.359 -115.57 -338.582 -144.32 52.6144 -374.93 -143.946 55.3908 181.234 
-143.812 -27.804 172.241 -143.764 -106.551 -279.696 -143.754 10.1954 -387.159 
-143.476 33.6565 -139.025 -143.349 -108.166 -8.81228 -143.278 -85.7028 -94.2786 
-143.229 -91.6018 -158.8 -143.129 55.7925 -350.507 -143.123 -95.1439 -51.6473 
-143.084 35.258 -254.569 -142.846 -107.445 -263.164 -142.428 -108.122 -246.725 
-142.16 -90.2694 -142.824 -142.158 94.4959 -24.0386 -142.105 34.6054 -239.365 
-141.996 33.8059 -223.424 -141.844 -87.2585 -110.506 -141.824 -108.284 -230.331 
-141.799 33.0528 -207.239 -141.638 12.4422 190.827 -141.624 -88.9112 -126.66 
-141.286 -19.7122 -385.884 -140.972 32.0304 -190.704 -140.833 -107.63 -214.088 
-140.618 72.0216 -78.12 -140.601 31.4793 -156.778 -140.523 -116.172 -322.263 
-140.512 31.4292 -174.028 -140.501 50.4276 -116.156 -140.066 -107.646 -24.9614 
-139.688 41.7036 189.984 -139.686 60.548 -364.843 -139.506 -96.0626 -67.8583 
-139.457 -106.717 -198.018 -138.932 90.3768 -39.7934 -138.594 -14.392 182.233 
-138.211 -50.7251 -384.216 -138.12 -93.6051 82.8163 -138.052 -101.145 67.4621 
-137.995 -85.6216 97.8798 -137.741 -105.646 -181.991 -137.606 -107.703 51.6644 
-137.481 -76.9218 112.356 -137.399 -116.378 -305.923 -136.817 -67.9093 126.626 
-136.752 103.215 120.002 -136.728 -112.841 35.4438 -136.715 96.9722 136.425 
-136.682 46.7131 -131.967 -136.593 67.799 -93.5208 -136.571 -97.2144 -84.0802 
-136.516 -120.862 -363.304 -136.399 -107.513 -41.1979 -136.239 107.96 103.424 
-136.198 -81.965 -382.533 -135.952 -104.486 -165.8 -135.925 89.0016 151.756 
-135.923 -117.143 19.1464 -135.755 -58.3257 140.573 -135.754 111.922 86.6996 
-135.437 25.2387 -388.587 -135.435 -117.079 -289.372 -135.164 86.8468 -55.2719 
-135.159 113.719 69.5317 -134.87 -120.231 2.53387 -134.869 47.1739 -275.055 
-134.803 114.498 52.3869 -134.72 60.8668 -322.894 -134.704 56.4373 -306.883 
-134.669 -98.7255 -100.453 -134.649 51.7094 -290.968 -134.551 -103.125 -149.505 
-134.545 79.5897 166.04 -134.53 -124.436 -348.105 -134.523 44.5806 -259.628 
-134.484 113.943 35.2132 -134.374 -118.108 -272.74 -134.331 56.0008 -386.934 
-134.057 -47.9994 153.929 -134.01 64.7678 -339.041 -133.873 -119.064 -256.141 
-133.807 -101.746 -133.17 -133.787 111.91 17.8986 -133.769 -4.46689 -386.835 
-133.768 27.0455 195.142 -133.759 -111.379 -375.475 -133.734 44.0117 -148.378 
-133.66 -100.321 -116.839 -133.35 -119.635 -239.58 -132.991 68.2161 -354.989 
-132.699 63.478 -109.004 -132.682 108.674 0.80164 -132.658 -107.762 -57.4592 
-132.637 -0.700641 190.336 -132.393 -119.444 -223.059 -132.309 68.444 178.763 
-132.241 -120.566 -14.2169 -131.773 42.4679 -165.174 -131.588 69.9136 -372.34 
-131.467 43.3864 -198.518 -131.366 42.5975 -181.929 -131.353 44.0508 -214.951 
-131.337 -125.96 -331.964 -131.25 -34.5969 -385.014 -131.113 -36.4836 166.297 
-131.036 -118.581 -206.629 -131.034 44.8487 -230.809 -130.987 83.7017 -70.4076 
-130.846 45.8923 -246.248 -130.708 104.152 -15.7065 -129.602 -117.673 -190.162 
-129.25 -108.263 -73.783 -128.967 55.6029 189.318 -128.938 -119.924 -30.6828 
-128.754 -65.4681 -383.704 -128.74 59.2074 -124.527 -128.312 -126.44 -315.545 
-128.03 99.7633 -31.7113 -127.731 -116.685 -173.382 -127.1 79.6956 -85.7954 
-127.018 -24.4282 177.513 -126.847 -109.615 -90.1778 -126.736 -95.9296 -380.596 
-126.692 40.01 -390.372 -126.193 12.5426 196.831 -126.051 -127.104 -298.916 
-125.972 -115.555 -156.474 -125.886 10.5372 -387.245 -125.344 -111.269 -106.648 
-125.339 55.8402 -140.497 -125.152 -119.391 -47.0067 -125.088 -114.215 -139.771 
-124.882 -112.921 -123.184 -124.856 95.8923 -47.5286 -124.715 -128.075 -282.181 
-124.614 53.0961 -264.665 -124.409 41.4602 197.249 -124.322 -102.716 77.4656 
-124.293 -129.362 -265.503 -124.278 -110.382 62.1346 -124.098 -94.4027 92.3684 
-124.053 -130.379 -248.835 -124.03 -123.573 30.5848 -124.025 -117.213 46.4527 
-123.978 -19.1389 -385.808 -123.625 57.3442 -280.558 -123.572 -128.451 14.1526 
-123.497 70.5695 -386.61 -123.49 -85.5726 106.809 -123.326 75.2562 -101.312 
-123.304 105.144 129.567 -123.262 -130.34 -232.135 -123.193 62.3765 -296.312 
-123.15 110.433 112.862 -123.108 67.4885 -311.981 -122.963 72.3137 -327.802 
-122.816 -131.034 -357.323 -122.768 114.836 96.0171 -122.73 53.3698 -156.78 
-122.724 98.1651 145.535 -122.712 -76.207 120.838 -122.268 -131.148 -2.82939 
-122.253 76.4769 -343.684 -122.243 118.018 78.9598 -122.177 -129.606 -215.504 
-122.026 -11.9517 187.298 -121.847 -123.417 -371.347 -121.714 -66.4865 134.528 
-121.637 119.397 61.6845 -121.632 -119.297 -63.3746 -121.609 -49.3965 -384.208 
-121.467 89.6461 160.462 -121.161 119.755 44.5598 -121.066 52.1739 -173.234 
-120.969 -128.401 -198.938 -120.925 79.7598 -359.236 -120.668 -134.029 -341.679 
-120.625 92.9987 -62.6328 -120.499 52.401 -189.825 -120.485 118.584 27.2976 
-120.223 -56.1143 147.627 -120.027 -126.968 -182.392 -119.937 -131.381 -19.8267 
-119.825 52.957 -206.333 -119.757 79.8666 174.432 -119.726 70.9519 -116.866 
-119.615 115.88 9.95129 -119.36 -79.8254 -382.32 -118.579 53.4712 -222.564 
-118.572 82.2065 -374.039 -118.534 -119.943 -79.7997 -118.376 112.281 -7.02676 
-118.34 26.4646 201.507 -117.987 -45.1359 160.129 -117.924 -135.589 -325.137 
-117.726 25.259 -387.722 -117.161 68.301 186.698 -117.116 -0.721389 195.112 
-116.935 54.7343 -238.436 -116.853 54.3233 -390.048 -116.47 -121.431 -96.3376 
-116.466 -130.415 -36.394 -116.35 -4.02293 -386.822 -116.314 -109.226 -378.63 
-116.245 107.846 -23.2947 -116.191 67.0863 -132.616 -115.639 89.9923 -77.17 
-115.627 -136.58 -308.373 -115.523 -123.363 -112.978 -115.338 -125.044 -129.69 
-115.009 -128.984 -162.295 -114.948 -126.732 -146.041 -114.736 -33.559 171.897 
-114.656 57.5796 -254.252 -114.304 -33.8014 -384.707 -114.275 -137.712 -291.495 
-113.68 -139.065 -274.682 -113.661 103.728 -39.3929 -113.608 -140.34 -257.94 
-113.552 55.0756 196.707 -113.35 -140.776 -241.1 -113.198 64.033 -148.637 
-112.937 -129.739 -52.8346 -112.605 -140.185 -224.275 -112.528 85.5714 -93.0535 
-112.468 61.4275 -270.146 -112.199 -64.0171 -383.396 -111.813 -134.151 -175.693 
-111.647 -138.831 -207.62 -111.3 83.0785 -385.533 -111.213 66.5782 -285.877 
-111.16 -136.988 -191.261 -111.103 11.6191 202.439 -111.093 99.7519 -55.6822 
-110.723 61.5559 -164.756 -110.512 -21.795 183.267 -110.495 72.1113 -301.423 
-110.421 -133.257 25.2297 -110.386 -126.749 41.1157 -110.285 -119.238 56.5196 
-110.195 -111.168 71.6689 -110.099 77.5421 -317.065 -110.057 -138.411 8.71411 
-110.025 -102.886 86.6203 -109.786 -129.833 -69.3508 -109.527 -93.5916 -380.823 
-109.507 111.789 121.843 -109.497 82.4719 -332.695 -109.486 -94.1089 101.11 
-109.392 116.731 104.973 -109.243 81.222 -108.725 -109.19 60.4365 -181.165 
-109.185 -134.561 -366.366 -109.131 105.894 138.408 -109.033 120.669 87.8899 
-108.79 -84.922 115.245 -108.762 -140.222 -8.51911 -108.761 40.6082 203.802 
-108.719 -140.883 -351.236 -108.467 39.5203 -389.417 -108.365 10.7681 -387.231 
-108.21 123.225 70.8232 -108.182 98.6383 154.091 -107.839 -75.1113 128.88 
-107.813 60.0618 -197.682 -107.787 87.0018 -348.391 -107.391 124.228 53.7186 
-107.323 89.5448 -363.163 -107.139 -130.789 -85.9177 -106.936 68.1587 -389.499 
-106.826 -18.5427 -385.462 -106.692 124.006 36.6118 -106.674 -64.9021 142.13 
-106.603 89.6873 168.68 -106.444 -11.5287 192.258 -106.404 60.4225 -214.274 
-106.299 -140.226 -25.5379 -106.285 -143.583 -334.636 -106.018 77.2612 -124.493 
-105.975 121.728 19.1256 -105.651 -132.847 -102.535 -105.319 -122.107 -376.143 
-105.145 91.0178 -377.086 -105.106 118.368 1.94667 -105.023 -135.033 -119.279 
-104.885 -54.2492 154.855 -104.785 -48.3267 -384.014 -104.523 79.4233 182.173 
-104.498 60.6641 -230.403 -104.236 -137.191 -135.605 -103.942 -145.352 -317.623 
-103.64 114.401 -14.654 -103.047 -139.126 -42.2027 -102.985 -140.093 -151.265 
-102.894 62.2679 -245.316 -102.87 25.5697 207.82 -102.775 73.6389 -140.254 
-102.671 -2.75504 199.475 -102.574 -146.844 -300.624 -102.56 -150.717 -249.872 
-102.532 -78.1082 -381.942 -102.406 -149.905 -266.836 -102.32 -150.449 -232.898 
-102.316 -43.1635 166.957 -102.219 -148.494 -283.737 -101.772 -142.965 -166.961 
-101.704 110.316 -31.0425 -101.672 -149.197 -216.081 -101.569 67.3892 193.823 
-101.154 -145.363 -183.039 -101.067 -147.322 -199.489 -100.967 64.4961 -259.353 
-100.918 99.7933 -66.5674 -100.119 94.5349 -84.0696 -99.9979 106.017 -47.8393 
-99.9801 70.7076 -156.279 -99.9065 -138.695 -58.7836 -99.7243 25.2522 -387.805 
-99.3213 -106.977 -379.285 -99.1095 68.9322 -275.141 -99.0916 53.877 -389.842 
-99.0361 -3.57757 -386.448 -98.659 -31.445 178.975 -97.7211 53.9193 203.295 
-97.6187 81.791 -387.913 -97.6092 74.6049 -290.953 -97.5924 89.887 -100.215 
-97.5442 68.0837 -172.383 -97.2772 -33.0216 -384.399 -97.2388 -139.353 -75.4031 
-96.8622 95.2362 -365.819 -96.5393 80.568 -306.406 -96.2247 -135.516 35.5967 
-96.0407 -127.567 50.806 -96.0165 -141.9 19.5469 -95.9998 -145.523 -360.48 
-95.9166 10.5437 208.617 -95.8988 -119.305 65.7719 -95.7533 66.6517 -188.877 
-95.6183 -110.709 80.5225 -95.5815 -145.696 2.61731 -95.5481 121.578 96.2641 
-95.4804 117.089 113.38 -95.4629 -141.317 -92.0833 -95.4161 86.1593 -322.047 
-95.3683 125.11 79.1075 -95.2887 -62.7363 -382.939 -95.2386 -102.087 95.0881 
-95.2214 112.07 130.292 -94.6948 -93.1259 109.378 -94.6915 86.037 -116.067 
-94.424 -143.871 -108.73 -94.4119 105.439 146.444 -94.3118 -147.507 -14.4899 
-94.0608 -134.694 -372.862 -94.0129 -83.7963 123.381 -93.972 65.8084 -205.481 
-93.9268 -18.3773 191.991 -93.8106 -146.567 -125.385 -93.3034 126.926 62.8863 
-93.1098 97.769 161.826 -93.0687 -73.8507 136.831 -92.9559 39.463 210.365 
-92.9433 91.7228 -337.793 -92.7233 -91.88 -380.668 -92.6823 -149.085 -141.545 
-92.4048 -151.333 -343.002 -92.2639 127.282 45.8709 -91.9049 -146.988 -31.4776 
-91.8773 65.4155 -222.299 -91.854 -151.548 -157.851 -91.8215 -63.6029 149.84 
-91.6347 125.937 28.3192 -91.539 81.9245 -131.789 -91.328 88.7861 176.252 
-91.3166 -160.45 -241.402 -91.2175 123.274 10.8587 -91.1254 -159.493 -224.342 
-91.0741 -153.724 -174.271 -90.969 -160.373 -258.476 -90.7805 -155.866 -190.807 
-90.7554 -157.78 -207.486 -90.7338 11.0248 -387.018 -90.6694 39.8223 -388.803 
-90.4685 -153.733 -326.272 -90.327 120.005 -5.97771 -90.2145 -159.305 -275.558 
-89.9476 68.3008 -389.753 -89.807 -52.9436 162.307 -89.7681 -157.84 -292.549 
-89.7087 65.9678 -239.777 -89.6011 -155.844 -309.4 -89.595 -18.0137 -384.996 
-89.468 93.7474 -381.339 -88.9864 78.1341 189.251 -88.9366 115.813 -22.5362 
-88.8701 -120.097 -377.094 -88.8379 -146.115 -48.1677 -88.4282 78.2192 -147.596 
-88.2468 67.8363 -251.495 -87.8589 -47.4998 -383.831 -87.8494 -4.04807 206.078 
-87.742 111.536 -39.4845 -87.2401 97.3004 -354.102 -87.1046 106.678 -57.0347 
-87.0404 24.2185 213.95 -86.8074 -41.61 174.74 -86.785 69.7047 -263.213 
-86.4176 101.709 -74.537 -86.3188 -146.595 -64.8159 -85.7827 66.0967 200.48 
-85.7789 75.5219 -163.614 -85.6825 -76.828 -381.538 -84.9935 97.127 -91.3751 
-84.7024 74.9587 -279.847 -84.614 -148.62 -81.5648 -83.5126 -151.456 -98.2675 
-83.2135 72.1804 -179.758 -83.0967 -29.8479 187.725 -83.0214 -155.212 -353.551 
-82.9226 -154.573 -114.997 -82.9006 81.2601 -295.763 -82.7111 -146.409 -368.652 
-82.7078 -105.44 -379.138 -82.6814 92.9609 -107.539 -82.4969 127.241 69.5233 
-82.1072 -157.218 -131.69 -82.0108 25.6663 -387.501 -81.9251 124.793 86.9872 
-81.818 52.6537 209.647 -81.7394 54.4084 -389.574 -81.5902 -3.22691 -385.973 
-81.5737 120.749 104.213 -81.4957 -135.105 44.8082 -81.3749 -159.622 -148.243 
-81.3639 -126.723 59.7109 -81.3236 -142.596 29.437 -81.3004 87.3885 -311.427 
-81.1782 116.385 121.38 -81.1004 82.479 -388.49 -81.0855 -118.175 74.4126 
-81.0734 69.9755 -196.301 -80.937 100.489 -368.869 -80.9058 -148.14 13.1997 
-80.7818 -161.944 -164.893 -80.7444 -109.205 88.7324 -80.5069 8.89514 215.115 
-80.4423 -151.036 -3.87208 -80.4003 110.49 137.84 -80.3735 -100.509 103.151 
-80.2115 -32.4248 -384.256 -80.0549 -163.833 -181.598 -79.8379 -91.3461 117.226 
-79.79 -165.958 -198.398 -79.7316 -167.794 -215.298 -79.7017 88.9066 -123.238 
-79.6702 -169.257 -232.425 -79.3095 103.608 153.721 -79.1961 -169.819 -249.666 
-79.1898 -82.0319 131.14 -79.0105 -152.21 -20.7927 -79.0083 69.2127 -213.187 
-78.6017 -17.5686 201.552 -78.3855 -61.7279 -382.392 -78.3717 -72.3353 144.712 
-78.3548 93.509 -327.343 -78.239 -169.411 -266.918 -78.2214 -132.838 -374.614 
-77.7518 96.0188 168.955 -77.0427 -62.4182 157.766 -76.9748 -168.35 -284.091 
-76.873 -152.151 -37.6462 -76.8389 37.778 215.752 -76.6894 68.6224 -230.673 
-76.4838 127.683 37.7166 -76.4123 126.081 20.0533 -76.2038 84.8656 -138.7 
-76.0751 123.303 2.84599 -75.9453 -90.7494 -380.565 -75.7864 -166.761 -301.084 
-75.7626 86.8492 183.053 -75.3215 119.957 -13.9455 -75.2164 -161.62 -333.684 
-75.1313 128.001 56.2156 -74.8332 -51.9477 170.263 -74.5454 -152.39 -54.374 
-74.4981 -160.222 -348.799 -74.4337 116.074 -30.8892 -74.409 -164.303 -317.808 
-74.1691 69.9627 -249.982 -73.7694 111.878 -48.1543 -73.3304 40.3512 -388.05 
-73.2413 99.2756 -345.222 -73.2377 -6.22952 213.648 -73.2275 76.3738 195.656 
-73.2262 11.4045 -386.794 -73.1443 81.3639 -154.52 -73.1312 96.1787 -382.742 
-72.9034 107.287 -65.4588 -72.7414 69.0217 -389.727 -72.6616 -154.005 -71.1497 
-72.5532 -118.835 -377.095 -72.3632 -17.5461 -384.706 -71.931 -41.0588 183.34 
-71.8415 102.851 -82.4416 -71.8366 73.8721 -268.231 -71.6213 -157.176 -87.8896 
-71.4998 -156.198 -363.316 -71.1993 -161.063 -104.462 -70.8829 22.2792 218.573 
-70.8747 -46.6853 -383.539 -70.6806 -164.175 -121.397 -70.5006 77.7491 -170.558 
-70.306 98.4102 -99.0124 -70.2537 101.775 -353.976 -70.146 -166.923 -138.209 
-69.8614 64.4486 206.358 -69.5653 79.9068 -284.761 -69.5115 -169.244 -155.04 
-68.9776 126.085 76.9932 -68.9174 -171.398 -171.885 -68.8578 -30.5698 197.329 
-68.8261 -75.8523 -381.333 -68.3703 -173.367 -188.817 -68.1501 -175.483 -205.831 
-68.11 74.194 -186.91 -67.9814 94.0637 -115.034 -67.8798 122.873 94.6392 
-67.7324 -177.019 -222.965 -67.4146 86.5115 -300.596 -67.2963 -144.691 -371.689 
-67.2194 119.017 111.883 -67.0997 -178.042 -240.247 -66.4147 -133.373 53.4512 
-66.3858 114.175 128.65 -66.313 -124.682 67.9763 -66.2801 -141.303 38.3673 
-66.0953 -178.341 -257.638 -66.0438 -104.565 -378.989 -65.9857 -115.976 82.3733 
-65.9227 72.0018 -203.724 -65.9094 -147.898 22.649 -65.759 -107.044 96.6222 
-65.6079 -152.148 6.09283 -65.526 50.4608 214.031 -65.4372 -98.1431 110.845 
-65.3781 107.881 144.806 -65.0491 -20.3018 210.862 -65.0363 -89.1084 124.968 
-64.9472 6.5651 220.726 -64.9048 -154.346 -10.7868 -64.7728 26.0903 -387.217 
-64.7171 92.6892 -316.408 -64.5448 -80.0753 139.044 -64.5262 55.0117 -388.831 
-64.4595 104.723 -369.749 -64.4389 -177.684 -274.985 -64.3206 -2.83435 -385.63 
-64.3044 83.8993 -388.3 -63.9713 101.181 160.581 -63.7033 -70.7653 152.692 
-63.6204 70.9072 -221.195 -63.6071 -155.387 -27.5204 -63.3318 90.3277 -129.527 
-63.1724 -31.8063 -384.083 -63.1441 -166.915 -339.863 -62.5714 -176.541 -292.29 
-62.2643 -132.215 -374.871 -62.199 -60.8977 165.591 -62.1247 93.3274 175.416 
-61.7906 -156.119 -44.208 -61.5091 -60.8634 -381.994 -61.2978 124.8 11.8168 
-61.2571 126.351 29.289 -61.2518 70.7526 -239.095 -61.0186 122.377 -5.29775 
-60.5304 119.359 -22.2822 -60.4364 98.4355 -333.356 -60.4242 -164.202 -356.409 
-60.3744 127.083 47.2027 -60.1517 -51.1423 178.69 -60.1418 35.3229 218.446 
-60.0959 -157.907 -61.0255 -59.9669 84.214 189.14 -59.9251 115.632 -39.3607 
-59.8755 -173.967 -309.352 -59.8404 86.4039 -145.04 -59.2575 111.76 -56.5793 
-59.1794 -90.006 -380.47 -59.0121 -161.18 -77.708 -58.8021 72.6646 -257.079 
-58.6409 -8.92993 221.519 -58.5064 107.338 -73.609 -58.4564 -165.41 -94.1788 
-58.0715 -42.1104 192.753 -58.0594 -169.254 -110.963 -57.9402 -172.976 -127.897 
-57.4136 -175.621 -144.827 -57.4107 102.884 -90.346 -57.2741 82.3447 -161.128 
-57.2604 74.1267 201.09 -56.9894 -34.4938 207.864 -56.9177 126.115 66.4097 
-56.8102 -177.928 -161.724 -56.474 77.5626 -273.798 -56.3267 -180.041 -178.734 
-56.2726 97.5344 -382.508 -56.2164 -118.687 -376.889 -56.2104 40.8267 -387.531 
-56.1537 -182.348 -195.969 -56.1532 -172.262 -327.342 -56.0868 11.7883 -386.573 
-56.02 98.0755 -106.866 -55.8333 69.9036 -388.97 -55.6767 -184.045 -213.201 
-55.2736 -153.536 -369.045 -55.2607 -17.0793 -384.451 -54.9506 77.9427 -177.315 
-54.8037 -185.068 -230.522 -54.4422 123.322 84.6797 -54.4097 19.8347 221.719 
-54.2083 104.114 -352.554 -54.0656 84.1229 -289.724 -53.9436 -46.0252 -382.991 
-53.7223 -185.786 -247.903 -53.5877 62.1558 210.889 -53.5457 119.672 101.873 
-52.7373 74.3978 -193.927 -52.5546 115.578 118.823 -52.5027 -24.4068 221.009 
-52.0814 -185.665 -265.328 -51.9743 -75.1176 -381.204 -51.4854 110.448 135.302 
-51.3255 90.5452 -305.589 -51.0841 -130.257 61.3019 -51.0076 -138.367 46.5578 
-50.9725 -121.82 75.7528 -50.9638 -113.142 90.0835 -50.812 -104.347 104.33 
-50.7497 -145.419 31.1932 -50.6928 -95.7476 118.738 -50.533 72.3121 -211.046 
-50.4877 -86.9407 133.019 -50.4026 -150.711 15.1113 -50.1778 104.467 151.294 
-50.132 -154.169 -1.39042 -50.0094 -78.0306 147.126 -49.9392 -171.177 -346.624 
-49.7562 -184.448 -282.667 -49.4799 -104.238 -378.684 -49.4262 -155.957 -17.9848 
-48.9868 -68.7633 160.59 -48.9486 47.864 217.118 -48.5775 4.27918 224.461 
-48.3727 97.7725 166.79 -48.3366 71.538 -228.429 -48.1655 -157.173 -34.5846 
-47.7097 26.5024 -387.075 -47.6648 96.3828 -321.531 -47.6183 84.5799 -387.631 
-47.5669 55.6934 -387.888 -47.4465 106.046 -370.153 -47.426 -59.3174 173.685 
-47.2432 -2.43838 -385.118 -46.899 -182.227 -299.822 -46.8175 -133.895 -374.303 
-46.6881 -159.278 -51.3098 -46.6807 -46.8391 203.401 -46.4359 122.858 3.56431 
-46.3761 -52.1332 188.005 -46.355 124.528 20.7981 -46.3437 90.0769 181.614 
-46.2654 -40.1536 218.716 -46.1794 120.753 -13.5805 -46.1212 -31.3371 -383.882 
-46.0376 72.4267 -245.936 -45.7839 117.836 -30.6281 -45.7242 125.138 38.3438 
-45.6494 -163.015 -67.9196 -45.404 90.2856 -134.684 -45.3348 114.534 -47.7458 
-45.0025 -167.628 -84.2577 -44.8095 110.531 -64.7445 -44.7451 -165.171 -363.629 
-44.7445 -172.414 -100.78 -44.6585 -176.924 -117.545 -44.5727 -60.2629 -381.679 
-44.3447 -180.192 -134.567 -44.062 106.047 -81.4569 -43.9508 81.3197 194.973 
-43.9379 124.684 56.3624 -43.8175 -182.898 -151.501 -43.7456 95.7495 -115.9 
-43.5507 85.4594 -151.209 -43.5353 75.2722 -263.123 -43.4897 -179.617 -317.275 
-43.4724 -185.612 -168.491 -43.392 32.5919 220.663 -43.026 -187.489 -185.717 
-42.9773 101.284 -97.9952 -42.8122 101.639 -338.374 -42.7805 -189.559 -203.116 
-42.6244 -11.3868 225.23 -42.3727 -89.548 -380.211 -42.0737 -190.812 -220.534 
-41.5579 122.849 74.4686 -41.5011 80.4184 -167.383 -41.2247 72.6991 205.461 
-41.0199 80.9759 -279.105 -41 -191.881 -237.878 -40.1694 119.645 91.7104 
-39.844 -118.766 -376.442 -39.4932 -192.075 -255.213 -39.4436 76.078 -183.865 
-39.3594 98.2722 -382.768 -39.2254 41.33 -387.249 -39.1102 70.517 -388.276 
-39.1005 -177.399 -335.474 -39.0622 115.829 108.671 -39.0509 12.1817 -386.192 
-38.2248 -16.6865 -384.276 -38.2108 87.4218 -294.778 -37.8719 111.47 125.311 
-37.6202 -149.549 -371.127 -37.5716 17.0362 223.825 -37.4059 60.3589 214.188 
-37.3654 72.9194 -200.717 -37.3192 -191.22 -272.539 -37.0365 105.9 -355.184 
-36.95 -27.1338 224.979 -36.8878 -45.5827 -382.497 -36.4666 106.341 141.592 
-36.1894 -93.0941 126.675 -36.1256 -101.629 112.206 -36.0898 -52.2812 214.023 
-36.0706 -84.4891 141.118 -35.986 -109.877 97.6004 -35.8996 -118.309 83.1844 
-35.7752 -134.185 54.0367 -35.7044 -126.307 68.6484 -35.6029 -141.551 39.0484 
-35.4948 -75.6622 155.209 -35.3279 -147.534 23.4093 -35.2514 71.5301 -217.9 
-35.1137 -152.09 7.26985 -35.0471 -74.7408 -381.038 -34.8422 -154.752 -9.13741 
-34.8279 -56.7105 198.832 -34.7738 100.628 157.567 -34.7646 93.6096 -310.385 
-34.598 -189.413 -289.707 -34.5226 -66.9872 168.918 -34.4085 -174.495 -353.391 
-34.0286 -156.794 -25.5445 -33.7214 -60.1261 183.346 -33.1096 71.6856 -235.191 
-32.8545 -159.274 -42.145 -32.7994 -103.934 -378.246 -32.7436 94.1072 173.052 
-32.4291 45.3252 219.329 -31.8634 -162.836 -58.7376 -31.7473 1.35125 225.417 
-31.707 120.663 -4.70501 -31.6778 122.101 12.347 -31.4778 118.227 -21.6468 
-31.2248 -186.418 -306.702 -31.2068 122.715 29.5964 -31.1757 -167.967 -74.8239 
-31.1051 115.514 -38.6372 -30.8922 85.0224 -387.585 -30.8711 -173.554 -91.026 
-30.8072 56.2143 -387.364 -30.7642 73.1559 -252.393 -30.748 112.093 -55.6326 
-30.7335 26.9162 -386.875 -30.7012 -178.511 -107.604 -30.6036 98.8719 -326.137 
-30.5167 -41.5335 222.989 -30.4547 -182.578 -124.505 -30.3466 107.737 -72.3377 
-30.33 -133.439 -373.999 -30.3048 86.3059 188.053 -30.2372 107.488 -371.897 
-30.224 -2.05171 -384.708 -30.1379 -185.932 -141.455 -29.9693 122.537 47.0152 
-29.7416 -188.931 -158.404 -29.6237 102.946 -88.8573 -29.5521 92.5329 -123.23 
-29.4861 87.0449 -140.577 -29.2412 -191.092 -175.524 -29.0697 -30.9326 -383.6 
-28.9009 97.8833 -105.47 -28.8408 -192.993 -192.822 -28.515 121.285 64.3824 
-28.4339 -194.69 -210.231 -28.2366 77.6649 -268.727 -27.9247 81.8392 -157.108 
-27.8476 -164.728 -366.739 -27.5556 -195.778 -227.638 -27.5171 -59.9523 -381.418 
-27.4657 -183.445 -324.408 -27.0923 118.851 81.5629 -26.5951 29.6051 222.645 
-26.4418 74.6846 204.602 -26.1006 -196.267 -244.879 -26.0725 76.8147 -173.556 
-25.9071 -14.3557 224.982 -25.7559 103.258 -341.911 -25.7505 115.454 98.4533 
-25.5398 -89.1435 -379.693 -25.3739 83.8266 -284.143 -24.7462 -54.7255 221.957 
-24.3902 111.61 115.14 -24.3535 -195.856 -262.113 -24.1525 72.9356 -190.279 
-24.036 -61.9495 209.691 -23.21 -118.405 -376.036 -22.9896 -180.519 -341.911 
-22.9748 107.224 131.633 -22.569 70.7805 -387.585 -22.4142 98.3253 -383.275 
-22.3976 41.7381 -387.1 -22.1388 90.0506 -299.395 -22.1132 70.8399 -207.336 
-22.0898 12.6036 -385.531 -22.0304 -194.679 -279.174 -21.866 -89.9758 134.569 
-21.7026 -98.5586 119.998 -21.6609 -81.4321 149.066 -21.4991 -63.7532 193.973 
-21.4314 59.0674 216.42 -21.366 -106.781 105.337 -21.3118 102.271 147.818 
-21.221 -16.2987 -384.092 -21.0554 -72.931 163.365 -21.0014 -114.682 90.6007 
-20.7018 -148.525 -371.342 -20.6595 13.7229 224.625 -20.5908 -122.096 75.7619 
-20.528 -66.4711 178.256 -20.5076 -129.381 60.9893 -20.4889 -136.522 46.147 
-20.2916 -142.79 30.8882 -20.2083 -29.9155 224.413 -20.1528 -147.964 15.1208 
-20.0413 70.2661 -224.508 -19.9162 -151.708 -1.00545 -19.8464 -45.198 -382.045 
-19.8367 106.84 -357.805 -19.5792 -154.533 -17.1683 -19.3483 96.6151 163.773 
-19.076 -192.084 -296.1 -18.7084 -157.709 -33.5643 -18.339 95.7619 -314.531 
-18.1169 -74.3481 -380.778 -17.8594 -161.717 -49.9118 -17.7952 71.6546 -241.693 
-17.5924 -175.82 -358.245 -17.16 -166.776 -65.9755 -17.107 119.565 4.0148 
-17.0898 117.767 -12.7782 -16.9381 90.0485 179.422 -16.8621 115.149 -29.6137 
-16.7541 120.485 20.9154 -16.658 111.85 -46.4209 -16.6489 -172.476 -81.9465 
-16.4527 108.163 -63.1435 -16.3537 -177.853 -98.2936 -16.1543 103.527 -79.561 
-16.1311 -182.522 -114.974 -15.9473 -103.54 -377.805 -15.8823 120.177 37.8986 
-15.8793 42.5231 221.556 -15.8521 -186.825 -131.682 -15.5533 -188.682 -313.075 
-15.5396 98.3599 -95.9168 -15.4726 -190.152 -148.577 -15.3857 74.6764 -258.365 
-15.0754 -45.6137 222.85 -15.0254 93.2823 -112.583 -15.0117 -193.095 -165.487 
-14.9877 87.8797 -129.704 -14.865 -2.19131 224.719 -14.6312 119.273 54.8816 
-14.5881 -195.143 -182.704 -14.371 84.958 -387.036 -14.2029 56.4382 -387.197 
-14.1936 82.4079 -146.428 -14.1586 -196.797 -200.06 -13.9198 82.1175 194.811 
-13.899 100.379 -329.737 -13.8768 27.3198 -386.296 -13.6202 -132.958 -373.802 
-13.5147 117.484 71.7651 -13.5124 -197.654 -217.415 -13.2399 -1.64901 -384.37 
-12.8826 107.037 -373.462 -12.6291 77.2545 -162.944 -12.5396 79.9454 -273.905 
-12.3487 -197.855 -234.664 -12.2401 114.68 88.5074 -12.0238 -30.517 -383.095 
-11.6173 -61.5969 219.856 -11.4622 -185.629 -330.097 -10.8983 111.279 105.083 
-10.8688 -197.844 -251.713 -10.8264 73.061 -179.733 -10.6557 -162.924 -367.886 
-10.5361 -59.5468 -381.215 -10.0935 71.6956 209.536 -9.82957 26.2222 224.133 
-9.69932 -68.0311 204.53 -9.55691 86.1546 -288.751 -9.47748 107.405 121.507 
-9.16762 -17.9919 224.033 -9.01032 -197.391 -268.699 -8.83924 70.3251 -196.754 
-8.60678 104.286 -345.091 -8.59471 -88.7039 -379.156 -7.86482 103.284 137.877 
-7.57443 -86.1251 142.17 -7.398 -68.6572 188.496 -7.38332 -94.845 127.645 
-7.37725 -77.7627 156.941 -6.95018 -103.327 113.058 -6.90285 -70.9442 172.29 
-6.74956 69.0945 -213.806 -6.69372 -195.778 -285.445 -6.49916 -182.338 -346.652 
-6.41923 -111.198 98.2596 -6.37226 -117.921 -375.799 -6.11721 92.0956 -303.317 
-6.0986 70.8822 -387.226 -6.02523 98.6094 153.995 -5.89113 -118.138 83.1531 
-5.80584 98.0932 -383.09 -5.70947 42.0249 -386.741 -5.49943 -124.913 68.0717 
-5.29326 -131.503 53.0496 -5.22297 -137.667 37.9297 -5.22059 -143.053 22.4812 
-5.19072 13.0493 -384.703 -5.18739 56.3142 219.347 -5.08326 -147.548 6.61969 
-4.79936 -151.327 -9.34898 -4.58787 69.8225 -230.988 -4.30147 -155.037 -25.4749 
-4.15381 -15.8567 -383.856 -3.82878 10.0449 224.386 -3.79242 93.1918 169.967 
-3.7788 -33.9958 222.942 -3.65794 -147.536 -371.346 -3.59199 -159.248 -41.6519 
-3.57429 -192.834 -301.997 -2.95495 -164.301 -57.6352 -2.80135 -44.772 -381.682 
-2.6215 116.76 -4.12307 -2.56833 114.358 -20.7764 -2.48566 111.176 -37.3936 
-2.47656 107.6 -53.9896 -2.42303 103.537 -70.4084 -2.39414 106.857 -360.341 
-2.38278 -169.939 -73.501 -2.33602 118.144 12.4515 -2.24594 72.0784 -247.999 
-2.11683 98.7617 -86.6031 -2.077 97.2721 -317.846 -1.95697 -175.585 -89.5661 
-1.71037 118.351 29.1129 -1.65736 -180.828 -105.953 -1.48346 93.6471 -102.898 
-1.40506 -185.655 -122.499 -1.10707 -73.8962 -380.462 -1.04887 86.7568 185.689 
-1.02536 -189.884 -139.088 -0.83627 88.5556 -119.368 -0.626292 117.734 45.7535 
-0.593464 -193.226 -155.891 -0.378492 -174.49 -361.261 -0.101716 -195.632 -172.879 
-0.095913 83.6484 -136.117 0.137472 -189.513 -318.481 0.304892 -197.384 -190.14 
0.485194 76.5746 -264.032 0.612526 116.442 62.3952 0.795507 39.1626 223.333 
0.856374 -198.116 -207.425 0.859393 -50.466 221.594 0.917784 -103.045 -377.449 
1.11882 78.4475 -152.594 1.68667 -198.28 -224.581 1.74551 114.308 78.9995 
2.06631 85.041 -386.504 2.11728 -6.0453 223.485 2.32561 78.9311 200.922 
2.37106 56.6217 -386.983 2.7367 101.577 -332.724 2.7637 74.2273 -169.249 
2.8608 -198.318 -241.502 2.89106 27.6895 -385.304 3.04951 111.628 95.5137 
3.3463 -132.276 -373.715 3.39295 82.3778 -278.882 3.56281 106.471 -372.814 
3.59497 -65.5205 213.761 3.74867 -1.20134 -384.166 4.36717 -198.284 -258.315 
4.4022 108.384 111.9 4.60397 70.9605 -186.215 4.83331 -186.62 -334.449 
5.04027 -30.0325 -382.62 5.86428 104.779 128.191 6.12971 -197.687 -274.891 
6.26316 68.3767 214.768 6.36585 88.1334 -292.754 6.39469 -70.9981 199.623 
6.5156 -160.757 -368.456 6.52396 -59.0351 -381.012 6.6014 -81.9061 149.659 
6.67324 69.1194 -203.191 6.7275 -74.0293 165.007 6.8476 -90.5439 134.994 
6.97134 22.5252 223.971 7.00698 -70.2505 181.985 7.3818 -99.2575 120.553 
7.50364 100.799 144.388 7.76243 -22.0625 222.447 8.01212 -107.504 105.954 
8.37434 -88.1659 -378.811 8.52643 -195.574 -290.999 8.64688 -114.65 90.8884 
8.68737 105.37 -348.366 8.806 69.1971 -220.195 9.21398 -121.236 75.6745 
9.45119 96.4343 160.42 9.64516 -127.537 60.3951 9.88558 93.6523 -306.268 
9.99364 -133.633 45.2221 10.0277 -143.873 14.2617 10.071 -139.207 29.9206 
10.1513 -147.912 -1.65482 10.1845 98.2744 -382.262 10.3599 -182.383 -350.075 
10.4438 71.0796 -387.044 10.5137 -151.682 -17.6935 10.533 -117.273 -375.533 
10.9216 42.3002 -385.888 10.9516 -156.141 -33.7446 11.0585 70.3447 -237.334 
11.4266 -161.246 -49.6794 11.5643 52.3715 222.235 11.652 104.382 -61.7358 
11.6825 13.426 -384.279 11.6892 100.023 -77.8823 11.779 108.442 -45.4506 
11.8586 -166.721 -65.5449 11.8726 111.542 -28.9171 11.8887 91.0904 176.309 
11.9211 -192.586 -306.994 11.9405 114.559 -12.3599 12.1012 116.678 4.1468 
12.1119 95.3759 -94.0247 12.3176 -172.485 -81.3642 12.658 117.661 20.5611 
12.7935 -178.164 -97.3569 12.8294 106.691 -366.755 12.8574 -15.3428 -383.58 
12.9846 90.6395 -110.316 12.9933 -38.3073 221.673 13.0031 6.26199 222.965 
13.1483 -183.464 -113.631 13.312 -145.824 -371.493 13.5012 -188.035 -130.09 
13.5445 117.559 36.98 13.6658 73.9942 -253.97 13.9318 -192.026 -146.659 
14.0229 86.3518 -126.72 14.2558 -44.2029 -381.394 14.2768 98.5086 -320.538 
14.4014 -194.74 -163.499 14.6958 116.91 53.4552 14.8469 -196.787 -180.52 
14.8961 84.544 191.765 15.1615 81.5218 -143.011 15.3374 -197.904 -197.662 
15.9051 -198.263 -214.756 15.9086 -73.3046 -380.01 15.9826 115.296 69.9199 
16.2788 -189.538 -322.699 16.5595 79.3733 -269.789 16.5973 77.2513 -159.446 
16.8015 -172.533 -362.884 16.8213 -198.338 -231.648 17.27 113.404 86.3974 
17.2998 -54.8652 219.633 17.6079 35.2284 223.253 17.8651 -102.456 -377.293 
18.0379 -198.361 -248.336 18.2747 73.5949 -176.058 18.4815 85.5014 -386.376 
18.5016 110.933 102.784 18.5989 76.4142 206.541 18.9417 56.8245 -386.466 
19.0661 -9.97015 222.01 19.4708 -198.065 -264.822 19.6108 28.0098 -384.512 
19.6665 102.777 -335.874 19.8215 85.3707 -285.333 19.8498 107.726 119.025 
20.1967 70.9629 -192.864 20.2045 -68.58 210.409 20.2798 -131.034 -373.608 
20.5718 -71.4897 173.424 20.5977 -77.6215 157.115 20.6822 -0.715879 -384.062 
20.8857 -70.7816 191.569 21.0053 -85.965 142.188 21.1489 -196.824 -280.581 
21.2996 104.224 135.169 21.5384 -185.838 -337.795 21.6516 -94.6589 127.753 
22.0336 -29.4037 -382.068 22.096 106.911 -360.696 22.2698 70.1572 -209.673 
22.3925 -103.253 113.401 22.8099 90.0155 -296.686 22.938 100.482 151.268 
23.1189 64.142 218.385 23.1332 -111.056 98.6816 23.2788 -158.304 -368.719 
23.5499 -58.3939 -380.767 23.6929 18.773 222.403 23.8354 -118.126 83.6341 
24.0545 -194.384 -295.996 24.4442 70.7445 -226.568 24.4473 -124.816 68.4473 
24.9796 95.6937 167.014 24.9798 -26.2255 221.326 25.0678 -130.993 53.12 
25.2278 -145.95 6.37929 25.2388 -136.926 37.7985 25.2916 -141.935 22.233 
25.3257 -149.587 -9.66681 25.3923 -87.5343 -378.468 25.7391 -153.473 -25.7782 
25.7982 94.6603 -308.04 25.8442 103.569 -70.0709 25.9639 99.1239 -86.0986 
25.977 107.748 -53.9403 26.024 -158.283 -41.7602 26.2357 111.157 -37.5456 
26.3063 -163.652 -57.5958 26.3209 99.5974 -382.467 26.3294 106.597 -352.421 
26.4901 114.005 -21.0004 26.5575 94.7342 -102.249 26.6344 -169.132 -73.4183 
26.6637 116.816 -4.47432 26.8505 72.4809 -243.484 26.9443 71.3166 -386.673 
27.0424 118.364 12.0349 27.1038 -174.9 -89.201 27.4362 -179.93 -352.35 
27.4994 42.5568 -384.897 27.558 89.8948 182.388 27.6362 -180.542 -105.143 
27.6419 90.4883 -118.358 27.7805 -116.761 -375.356 27.807 119.213 28.3502 
27.8451 -191.381 -311.218 28.0486 -185.217 -121.472 28.4442 -189.288 -137.946 
28.4989 47.762 222.257 28.5249 13.8362 -384.182 28.8277 119.066 44.6965 
28.8694 -192.697 -154.573 28.949 86.2041 -134.366 29.2943 -195.047 -171.412 
29.6469 76.6095 -260.013 29.655 -143.516 -371.622 29.7066 -196.552 -188.37 
29.7957 2.50741 221.632 29.8131 -14.7513 -383.175 30.0177 118.088 61.138 
30.2279 -42.6047 219.988 30.249 -197.673 -205.242 30.4145 82.0665 -150.466 
30.6367 99.7567 -323.363 30.8967 82.5256 197.057 30.9949 -197.806 -222.087 
31.2851 -43.5092 -381.197 31.3011 116.815 77.5851 31.953 -198.052 -238.811 
32.0072 78.0586 -166.598 32.4669 -187.889 -325.927 32.5168 114.964 94.0518 
32.9099 82.1925 -276.383 32.9247 -72.5621 -379.464 33.121 -197.983 -255.252 
33.6897 -169.404 -363.467 33.7779 74.6448 -182.96 33.8095 112.199 110.327 
34.3859 -197.147 -271.264 34.3919 31.2425 221.877 34.3941 108.365 -370.517 
34.513 -73.3946 164.441 34.5136 -68.536 181.379 34.8263 -59.6509 214.899 
34.8924 85.811 -385.983 35.0124 72.9356 210.329 35.0437 -101.939 -377.177 
35.054 -66.8762 199.586 35.1227 -81.4657 149.387 35.1654 108.81 126.435 
35.4293 57.0421 -385.553 35.8406 72.4018 -199.378 35.9121 -89.9689 134.915 
35.9592 -13.7879 220.825 36.2747 -195.223 -286.25 36.2981 28.2908 -384.229 
36.5059 104.066 -339.26 36.624 105.201 142.459 36.7459 -98.5034 120.572 
37.0684 89.2325 -293.84 37.232 -129.765 -373.392 37.5852 -106.97 106.226 
37.6115 -0.155987 -383.78 37.9006 71.8972 -216.02 37.9487 -183.595 -339.82 
38.3744 -114.843 91.5633 38.3771 100.661 158.159 38.9756 -28.6972 -381.657 
39.0887 -122.131 76.5715 39.4848 -155.453 -369.029 39.5097 -192.169 -300.776 
39.8093 103.889 -78.795 39.8096 -129.233 61.4563 39.8231 59.3567 218.912 
39.9472 107.921 -62.734 40.0956 72.3062 -232.804 40.149 99.4595 -94.7017 
40.1579 -135.8 46.1777 40.2739 -149.463 -1.27929 40.2992 -141.486 30.6389 
40.3167 -145.955 14.7815 40.3434 111.618 -46.4593 40.4752 15.0257 221.164 
40.4825 -152.336 -17.518 40.4909 95.1848 173.399 40.546 -57.612 -380.498 
40.6919 -156.03 -33.7232 40.7228 114.712 -29.9628 40.8269 -160.485 -49.7459 
41.048 -165.857 -65.5537 41.0612 117.714 -13.4499 41.0886 95.112 -110.573 
41.4346 -171.389 -81.3261 41.4494 119.931 3.15988 41.8906 95.7883 -310.757 
42.0095 -176.869 -97.1484 42.0608 121.403 19.5767 42.1688 -30.3461 219.583 
42.3691 91.0155 -126.314 42.4663 -86.8156 -378.192 42.5126 -181.779 -113.237 
42.6533 74.4459 -249.624 42.837 99.713 -382.586 42.8667 122.235 35.9453 
42.9544 -186.073 -129.542 43.1303 88.7943 188.012 43.2663 71.4605 -385.941 
43.2781 107.622 -355.446 43.3426 -189.771 -145.985 43.6385 -188.5 -314.935 
43.6526 -192.393 -162.692 43.9426 121.878 52.402 44.0465 -177.245 -352.964 
44.0551 42.7249 -384.39 44.0709 -194.325 -179.463 44.0921 86.9338 -141.983 
44.2682 -139.087 -371.962 44.6288 -195.585 -196.192 45.1273 120.901 68.8605 
45.1864 -196.157 -212.9 45.2585 43.4203 221.032 45.3447 14.2611 -384.005 
45.6132 78.6273 -266.097 45.7903 83.0155 -157.717 45.9392 -117.347 -374.909 
45.9777 -196.584 -229.64 46.3423 119.519 85.3478 46.6016 -1.16216 220.156 
46.702 80.2903 201.467 46.769 -14.02 -382.388 46.9814 -196.727 -246.134 
47.0438 100.784 -326.696 47.0938 -46.7194 216.65 47.5316 79.2587 -173.585 
47.7486 117.305 101.803 47.9649 -196.125 -262.4 48.244 -42.6866 -381.067 
48.3316 -63.1309 187.631 48.3662 -68.1573 170.954 48.7742 -184.25 -328.44 
49.0498 -59.5571 205.624 49.0921 -194.723 -278.057 49.1096 114.207 118.026 
49.1674 -76.4601 156.226 49.1867 84.6583 -282.615 49.5549 75.9701 -189.5 
49.8642 -71.7047 -379.007 50.0433 -166.714 -363.66 50.1256 -85.0465 141.957 
50.4734 110.384 134.011 50.9441 -191.944 -291.829 51.0638 -93.4949 127.624 
51.118 85.6283 -385.52 51.1578 27.3862 220.492 51.1779 69.025 212.269 
51.2082 108.316 -371.308 51.5692 74.0137 -205.712 51.7657 57.0772 -384.668 
52.0072 -102.075 113.38 52.0525 105.725 149.7 52.2966 -101.309 -376.874 
52.8227 105.078 -342.32 52.8979 -110.427 98.9516 52.9245 -17.5478 219.003 
53.0337 28.5642 -384.118 53.442 90.9372 -298.952 53.5608 73.6863 -222.209 
53.6529 -118.512 84.3008 53.6658 -180.294 -339.208 53.8098 100.402 164.995 
53.9015 107.776 -71.5394 54.013 -188.346 -304.755 54.0158 103.432 -87.2786 
54.3069 111.523 -55.3892 54.346 -126.468 69.515 54.5579 0.522716 -383 
54.7266 98.9971 -103.053 54.8552 114.93 -39.0003 54.9301 -134.016 54.4923 
55.1401 -151.953 -368.996 55.1891 -152.926 -9.13919 55.2037 -140.764 39.1236 
55.2431 -146.148 23.351 55.2468 -150.048 7.1836 55.3785 -155.305 -25.5358 
55.3815 117.839 -22.4756 55.3865 -158.11 -41.8984 55.455 -162.212 -58.0186 
55.7237 74.1727 -238.891 55.7977 -167.369 -73.8055 55.8377 94.7845 -118.631 
55.8468 120.705 -5.93219 55.9269 94.1578 179.541 55.9465 -27.8863 -381.362 
56.298 54.9599 218.488 56.3603 -172.716 -89.5243 56.4287 123.086 10.5365 
56.8949 -177.639 -105.44 57.1216 124.415 27.007 57.262 11.4065 219.576 
57.3388 -181.951 -121.61 57.4728 -56.6973 -380.21 57.5015 90.496 -133.914 
57.7763 -185.928 -137.884 57.9456 125.108 43.517 58.0728 -188.918 -154.317 
58.144 96.5955 -314.78 58.2887 -190.688 -170.93 58.3961 76.2948 -255.547 
58.6329 86.7876 192.882 58.8425 -192.103 -187.543 59.0443 -34.1982 217.066 
59.0646 124.686 60.051 59.2264 -135.007 -372.18 59.2448 99.0741 -382.222 
59.3335 -192.743 -204.189 59.4123 -85.852 -377.897 59.4499 -183.824 -318.302 
59.57 86.6948 -149.195 59.5723 71.345 -385.025 59.9199 -193.18 -220.864 
59.9265 107.549 -357.231 60.1106 -174.126 -351.925 60.3175 123.723 76.588 
60.6596 42.8002 -384.228 60.797 -193.832 -237.451 61.5523 82.7809 -164.457 
61.5905 80.614 -271.906 61.6391 -55.0396 192.251 61.6657 -193.877 -253.912 
61.6954 122.111 93.1826 61.828 -61.4015 176.474 61.9201 39.4706 219.095 
62.0985 -48.2648 208.194 62.2367 -192.646 -270.022 62.2547 77.3593 204.408 
62.2909 14.7941 -383.452 62.5396 -190.128 -284.762 63.0469 -70.2137 162.325 
63.2389 -116.439 -374.605 63.2757 101.429 -330.611 63.3155 119.155 109.588 
63.3852 -4.66337 218.504 63.5001 79.0865 -179.95 63.581 -188.188 -292.826 
63.7341 -13.1893 -381.629 64.182 -79.1696 148.427 64.6451 115.543 125.765 
65.158 -41.7808 -380.906 65.286 -87.855 134.333 65.404 86.2201 -287.997 
65.4454 76.2747 -195.871 65.9934 111.08 141.625 66.0551 -163.549 -363.036 
66.3558 -96.5202 120.17 66.7238 -70.6698 -378.708 67.143 65.57 213.408 
67.2208 85.1636 -384.729 67.2932 74.7175 -212.034 67.3044 -105.205 105.887 
67.5503 105.394 156.981 67.8965 23.748 218.597 68.0522 106.882 -370.615 
68.139 -113.793 91.4647 68.168 105.908 -79.7928 68.1809 -176.633 -335.741 
68.2256 57.0268 -384.297 68.294 109.948 -64.0666 68.46 -183.534 -305.99 
68.5821 101.477 -95.3326 68.8746 105.251 -346.292 68.8865 -122.422 77.0182 
68.924 113.575 -47.8727 69.1941 98.9297 171.764 69.1955 74.3847 -228.468 
69.1986 -100.211 -376.512 69.3354 -20.7669 216.034 69.343 96.9481 -110.858 
69.5542 -130.682 62.3218 69.6034 116.891 -31.4942 69.7219 91.94 -303.829 
69.8735 -158.883 -50.4689 69.8794 28.8822 -383.722 69.9529 -162.84 -66.5998 
70.0175 -156.704 -34.0215 70.0592 -155.307 -17.4553 70.0808 -138.412 47.274 
70.1701 -153.249 -0.903945 70.2206 120.109 -15.049 70.2634 -149.99 15.5724 
70.3064 -145.205 31.7391 70.4245 -167.553 -82.4427 70.6561 92.7034 -126.118 
70.8708 123.135 1.38916 70.9134 -148.674 -369.295 70.9909 -172.299 -98.2688 
71.3245 91.3008 185.676 71.4006 74.7976 -244.999 71.4443 -176.465 -114.308 
71.566 1.33797 -382.022 71.5916 125.364 17.904 71.939 -180.309 -130.439 
72.1613 -183.375 -146.748 72.2394 126.995 34.4594 72.257 -185.35 -163.079 
72.6176 -186.752 -179.364 72.6722 50.8845 217.121 72.8914 -26.9965 -381.181 
72.9303 88.8257 -140.918 73.165 -187.708 -195.912 73.2205 127.348 51.0671 
73.6116 -35.6881 208.797 73.6452 -188.246 -212.596 73.8704 84.0907 194.419 
74.0114 7.96352 217.884 74.124 -44.8133 195.123 74.1927 -183.998 -294.056 
74.1982 77.2968 -261.408 74.2212 -188.696 -229.32 74.3215 -55.7208 -379.881 
74.3484 96.8463 -319.557 74.5154 126.975 67.7095 74.9902 -189.279 -245.944 
75.0971 -53.0703 180.819 75.142 -131.426 -372.391 75.1804 106.412 -361.348 
75.2097 -186.594 -279.025 75.2365 98.68 -381.811 75.4434 -188.853 -262.694 
75.5905 84.7554 -155.549 75.6261 71.1352 -384.348 75.664 -177.508 -320.069 
75.9632 125.883 84.4146 76.0301 -169.775 -350.103 76.1376 -84.6888 -377.703 
76.4163 76.8806 203.162 76.5989 -62.5074 167.421 77.4259 43.0213 -383.989 
77.512 123.396 101.042 77.5874 81.6507 -277.466 77.7784 80.6927 -170.499 
78.0252 -72.1732 154.204 78.6164 35.7367 217.35 79.0517 119.586 117.44 
79.2148 101.072 -335.545 79.2403 15.4639 -382.508 79.3668 -81.4527 140.613 
79.522 77.556 -186.207 79.8484 -7.74298 215.868 80.0418 -114.359 -374.473 
80.4027 115.199 133.51 80.5445 -90.4268 126.625 80.6869 -12.3698 -381.299 
81.1529 75.2034 -202.261 81.5331 86.8332 -293.226 81.5428 -99.2688 112.458 
81.637 109.894 149.112 82.0003 -40.864 -380.62 82.4747 106.796 -72.2231 
82.4829 -177.642 -305.598 82.4999 -108.144 98.2313 82.5429 -159.905 -362.52 
82.7701 102.4 -87.5236 82.7854 85.1431 -384.07 82.79 110.807 -56.5274 
82.8307 74.0133 -218.459 82.8839 62.3068 212.534 82.9796 103.461 164.157 
83.0499 97.6449 -102.935 83.3273 -116.938 83.9039 83.3859 93.2968 -118.556 
83.5089 -69.6179 -378.503 83.6332 114.551 -40.3852 83.7513 -170.351 -334.325 
83.9145 -157.805 -59.5578 83.9905 104.217 -351.841 84.0334 -161.404 -75.7096 
84.0918 -125.587 69.4285 84.2897 -22.4599 209.23 84.3146 -155.885 -43.0572 
84.4295 118.019 -24.0947 84.4657 -165.801 -91.672 84.4877 89.067 -133.721 
84.5415 95.5511 178.6 84.5697 20.2697 216.238 84.6994 57.1175 -384.036 
84.7109 73.5967 -234.804 84.7552 -155.388 -26.3577 84.774 -133.896 54.682 
84.9721 -154.465 -9.58522 85.0026 -169.793 -107.622 85.2616 121.545 -7.79236 
85.2688 -152.324 7.19793 85.2879 -141.863 39.599 85.3891 -148.483 23.7691 
85.4594 -173.217 -123.678 85.7131 -176.003 -139.828 85.8185 91.7699 -308.978 
85.886 -178.094 -155.967 86.0157 -98.5985 -376.262 86.0812 -179.434 -172.124 
86.1877 124.755 8.64442 86.2088 -33.9812 197.301 86.2987 -178.816 -289.897 
86.3396 -180.48 -188.266 86.7927 -181.322 -204.769 86.7971 85.6046 192.208 
86.8372 29.5628 -382.994 86.8832 127.254 25.2581 87.0487 74.5471 -251.098 
87.1332 -181.801 -221.595 87.151 -181.314 -272.678 87.2316 104.414 -368.834 
87.2478 -144.768 -369.48 87.4852 -182.248 -238.451 87.6845 -182.462 -255.313 
87.7497 128.172 41.9367 88.1002 -43.8041 184.565 88.528 2.04757 -381.418 
88.9387 128.377 58.6248 89.3874 47.8348 215.475 89.6882 98.1613 -381.543 
89.7706 -26.1167 -380.978 89.9077 -53.9305 172.002 89.9644 77.2244 -267.146 
90.2298 95.8573 -324.945 90.3717 127.693 75.3933 90.4041 -170.086 -318.713 
90.506 4.80231 214.299 90.7588 73.006 203.843 91.0692 -54.7523 -379.348 
91.5902 -64.1189 159.321 91.6402 -128.047 -372.291 91.6871 71.335 -383.902 
91.8916 125.872 92.1786 91.9556 -163.613 -347.821 92.2542 84.2899 -144.71 
92.6184 80.3225 -160.608 92.8968 -83.4497 -377.675 93.1165 -74.0036 146.283 
93.3387 122.714 108.806 93.5062 81.2085 -282.99 93.6941 76.9492 -176.481 
94.2038 43.7152 -383.431 94.5424 -83.6527 132.846 94.6854 99.4422 -341.209 
94.7961 118.558 125.272 95.0991 74.5577 -192.585 95.4398 32.6168 214.918 
95.5173 -10.0451 209.056 95.6751 -92.7404 118.865 95.9045 -169.975 -303.03 
95.9808 113.292 141.211 96.1011 88.2581 -126.493 96.2129 16.3083 -381.716 
96.5363 72.8085 -208.721 96.5518 106.748 -64.9865 96.7209 -101.88 104.825 
96.7781 -173.218 -282.934 96.8266 -111.799 -374.317 97.0178 106.949 156.542 
97.1837 -154.685 -69.1505 97.1863 92.6247 -110.212 97.2723 -158.42 -85.374 
97.3101 110.795 -49.181 97.369 102.286 -79.7372 97.4468 85.7238 -298.725 
97.5557 97.3511 -94.6021 97.6079 -11.5678 -381.146 97.6468 -110.77 90.5797 
97.671 -162.303 -101.44 97.7955 -152.657 -52.5935 98.0787 -174.45 -264.985 
98.1047 99.4276 171.106 98.1188 -165.591 -117.466 98.1602 85.4191 -383.202 
98.177 71.8418 -224.941 98.3506 -167.788 -133.514 98.3667 -22.7312 199.142 
98.3924 114.598 -33.0049 98.4824 -119.436 76.1241 98.4984 -162.786 -331.622 
98.6738 -152.807 -35.8257 98.7351 -39.9974 -379.879 98.736 -169.094 -149.512 
98.841 60.233 210.191 98.9878 -174.39 -248.069 98.993 101.249 -358.001 
99.0749 90.2788 184.762 99.1366 -171.365 -181.425 99.141 -172.317 -197.663 
99.1487 -154.807 -360.452 99.2244 -172.992 -214.33 99.2675 -127.895 61.4623 
99.2682 -173.812 -231.216 99.2852 -170.376 -165.354 99.4436 118.375 -16.7902 
99.6231 -153.309 -18.9672 99.9213 -136.153 46.5793 100.1 71.6284 -241.124 
100.166 -152.326 -1.95257 100.232 -68.5725 -378.329 100.417 -143.813 31.1597 
100.506 -149.546 14.9746 100.534 122.21 -0.535302 100.663 -33.539 187.601 
100.908 -169.159 -288.18 101.267 58.0063 -383.533 101.422 17.4021 212.977 
101.471 125.453 15.9518 101.543 89.6618 -314.553 102.294 98.6843 -374.743 
102.315 127.241 32.6603 102.509 72.677 -257.188 102.859 -44.4299 175.931 
102.869 -96.4483 -376.36 103.472 127.996 49.3814 103.742 30.5051 -382.084 
103.953 -140.749 -368.747 104.229 -161.782 -315.572 104.856 127.911 66.2187 
104.866 -55.2309 163.953 105.452 2.80936 -381.207 105.471 75.1438 -273.023 
105.627 92.9521 -330.614 105.771 -167.492 -273.597 106.092 45.4716 212.604 
106.249 126.351 83.0275 106.423 72.0627 200.463 106.559 -25.3744 -380.323 
106.604 2.55212 208.781 106.624 -65.6431 151.459 106.93 -155.609 -344.472 
107.441 77.3982 -150.383 107.667 124 99.8472 107.671 74.0352 -166.516 
107.699 -53.8981 -378.687 107.895 72.3766 -382.644 108.248 -75.7496 138.496 
108.355 -124.529 -372.118 108.436 -166.304 -257.525 108.6 81.4616 -134.001 
108.667 71.7654 -182.773 108.958 78.6503 -288.749 109.057 120.637 116.592 
109.16 -160.78 -299.589 109.464 -159.507 -127.973 109.487 -160.814 -143.989 
109.604 -85.3924 124.967 109.607 -153.856 -95.5147 109.619 95.1751 -346.934 
109.655 -81.891 -377.579 109.658 -157.1 -111.763 109.749 -150.657 -79.1258 
109.945 -165.144 -241.077 110.092 70.2924 -199.018 110.159 115.389 132.737 
110.303 -10.7543 200.738 110.351 -148.251 -62.564 110.405 -163.861 -224.419 
110.453 105.465 -57.7791 110.528 -162.605 -207.58 110.815 -94.8317 111.145 
110.881 -161.79 -191.038 110.903 85.889 -117.46 110.914 44.7559 -382.503 
111.119 100.955 -72.5324 111.134 109.219 148.402 111.288 82.9392 189.778 
111.593 69.0489 -215.246 111.594 -147.925 -45.8001 111.698 -160.696 -174.792 
111.817 -103.785 96.9235 111.856 109.7 -41.827 112.041 101.94 163.333 
112.375 30.3331 211.818 112.435 93.197 177.265 112.476 -153.943 -327.996 
112.706 -112.421 82.4582 112.754 82.3249 -304.449 112.85 -158.994 -158.319 
112.871 90.4662 -101.246 113.113 -22.6974 190.397 113.135 94.6415 -363.647 
113.163 17.2255 -381.361 113.254 -149.303 -28.9788 113.257 68.2419 -231.396 
113.297 113.824 -25.729 113.367 -159.625 -283.573 113.472 87.0712 -378.529 
113.53 -120.894 67.8369 113.586 -108.734 -374.517 114.209 -129.029 52.9336 
114.499 -10.9131 -380.739 114.55 117.72 -9.52828 114.665 -149.832 -11.9496 
114.842 -136.872 37.6767 115.218 68.237 -247.405 115.233 -148.248 -357.324 
115.314 95.3562 -85.2436 115.362 -143.766 21.8601 115.404 -39.3809 -378.908 
115.464 -148.15 5.19393 115.514 59.8707 205.829 115.595 -34.2184 179.476 
115.675 121.327 6.80934 116.442 85.2757 -320.33 116.699 124.096 23.3722 
116.832 -67.5749 -378.091 116.916 -158.147 -267.453 117.285 -152.114 -311.575 
117.575 59.1489 -382.612 117.62 69.2084 -263.234 117.718 125.429 40.0844 
117.807 -45.5099 168.02 118.102 15.015 209.683 118.489 -152.45 -139.246 
119.087 125.937 56.9009 119.306 -156.345 -251.144 119.739 -150.001 -122.63 
119.844 -93.5954 -376.258 119.86 -56.4878 156.148 120.008 87.4453 -336.353 
120.419 71.2197 -278.861 120.457 125.356 73.7492 120.513 31.5123 -381.567 
120.589 -135.752 -367.378 120.668 -154.646 -234.613 120.67 -147.508 -106.061 
120.845 68.9823 -156.539 121.102 -144.764 -89.5467 121.233 -146.743 -340.398 
121.241 -152.903 -217.951 121.464 66.7286 -172.893 121.545 -150.494 -295.148 
121.579 72.7477 -140.412 121.643 -66.9647 143.62 121.723 -151.431 -201.224 
121.773 123.342 90.5915 121.837 98.9617 -66.8315 121.941 -142.645 -72.8956 
122.02 73.2984 194.48 122.354 0.92812 202.753 122.416 3.64796 -380.996 
122.629 44.1515 208.596 122.686 -150.12 -184.675 122.893 65.4409 -189.288 
123.022 120.174 107.271 123.244 -77.065 130.571 123.301 88.279 -352.345 
123.349 -141.593 -56.1824 123.368 -24.8893 -379.355 123.594 73.9243 -379.993 
123.782 74.1479 -294.545 123.998 77.4307 -124.321 124.094 -148.337 -167.916 
124.171 -53.5634 -378.24 124.222 115.944 123.743 124.408 103.241 -50.5614 
124.446 64.4298 -205.563 124.609 -86.8133 117.033 124.954 -120.266 -371.915 
125.247 -148.975 -278.711 125.288 110.31 139.757 125.403 84.7992 182.504 
125.405 -142.577 -39.4338 125.531 -11.7164 193.42 125.733 -143.948 -323.625 
125.749 85.225 -368.155 125.792 -96.051 103.035 126.043 103.333 155.037 
126.064 63.5335 -221.8 126.39 94.97 169.428 126.44 107.601 -34.4828 
126.611 -145.032 -150.676 126.69 -104.598 88.5074 126.767 -79.2846 -377.327 
126.779 82.1016 -108.228 127.127 76.9081 -310.258 127.356 45.9204 -381.861 
127.561 -113.025 73.855 127.766 62.9179 -237.908 127.894 -144.446 -22.6544 
128.064 111.617 -18.3207 128.189 -120.912 58.8571 128.216 -23.6632 182.934 
128.258 -147.312 -262.094 128.373 28.1451 207.559 128.541 -141.979 -133.706 
128.92 -128.712 43.6212 129.39 115.335 -2.05816 129.654 62.791 -253.808 
129.689 -141.404 -306.995 129.755 -136.002 27.9312 129.815 -144.841 -5.47886 
129.898 86.7771 -92.0426 130.024 -139.493 -352.754 130.025 -139.474 -116.945 
130.063 18.1502 -381.209 130.214 78.9623 -326.059 130.262 -145.372 -245.399 
130.331 -141.854 11.5784 130.505 -104.956 -374.677 130.625 118.786 14.2692 
130.683 -35.5171 172.069 131.334 -143.319 -228.569 131.349 -137.168 -100.177 
131.431 -10.3191 -379.924 131.695 121.157 30.8087 131.85 63.4155 -269.467 
132.011 -141.342 -211.805 132.112 -39.1263 -378.418 132.375 -68.7649 -377.626 
132.381 61.4557 199.032 132.468 -135.028 -83.4625 132.779 -139.672 -195.012 
132.852 -46.6987 160.433 132.895 122.246 47.5514 133.105 59.6746 -163.155 
133.112 80.1708 -341.764 133.352 60.275 -380.742 133.356 -139.441 -290.435 
133.368 91.1005 -75.4883 133.596 62.826 -146.919 133.608 13.2677 203.283 
133.66 -137.792 -178.279 133.81 -133.572 -66.7359 134.233 122.189 64.3768 
134.4 58.3482 -179.58 134.421 65.0616 -284.99 134.834 -57.5881 148.341 
134.906 -136.655 -335.733 135.122 -135.408 -161.455 135.474 120.843 81.1774 
135.827 67.3503 -131.204 135.964 -133.892 -50.06 135.98 79.7908 -357.115 
136.154 57.527 -195.931 136.439 95.4559 -59.1327 136.548 -137.715 -273.75 
136.592 -67.9363 135.789 136.76 118.454 97.8637 136.797 -129.352 -364.053 
136.982 -132.91 -144.542 137.014 32.4235 -381.331 137.147 73.7245 -372.347 
137.464 67.5196 -300.545 137.521 41.2014 203.847 137.534 74.6593 187.091 
137.737 -0.613791 196.046 137.757 56.5903 -212.252 137.924 -88.6133 -376.08 
137.932 114.681 114.365 138.093 -77.8918 122.537 138.51 -133.075 -318.932 
138.562 71.9808 -115.412 138.778 -135.729 -33.5415 138.8 99.6661 -42.9392 
138.862 -130.526 -127.703 139.098 109.91 130.535 139.192 -135.895 -256.855 
139.346 4.22398 -380.613 139.361 -87.2768 108.698 139.393 55.8153 -228.522 
139.814 85.9602 174.713 139.96 103.396 146.036 140.264 69.6037 -316.135 
140.322 -24.4687 -378.739 140.345 95.5857 160.919 140.387 -128.239 -110.92 
140.443 -96.1631 94.4143 140.698 -53.8267 -378.067 140.831 103.778 -26.8026 
140.98 -133.786 -239.713 141.024 -13.6076 186.796 141.147 55.2306 -244.554 
141.255 -104.335 79.5939 141.578 -130.14 -302.223 141.658 76.6029 -99.3941 
141.727 -137.36 -16.7524 141.831 -126.073 -94.1091 141.901 -131.435 -222.691 
141.903 -115.64 -371.777 141.922 -112.093 64.5111 142.531 -129.234 -205.731 
142.536 -119.537 49.201 142.627 107.866 -10.7003 142.762 71.2912 -331.616 
142.889 54.961 -260.331 143.159 46.4318 -380.594 143.183 -127.287 -188.819 
143.216 -126.675 33.5454 143.231 -124.236 -77.2842 143.695 51.7623 198.571 
143.778 -25.9297 176.526 143.818 25.9856 201.712 143.852 -136.991 0.332933 
143.885 -132.874 17.3421 143.988 -125.223 -171.971 144.108 111.718 5.47208 
144.157 51.6637 -153.708 144.202 -129.466 -347.876 144.486 -127.91 -285.41 
144.493 49.5015 -169.994 144.878 81.2452 -83.2667 144.935 71.6362 -347.079 
145.008 -123.64 -60.561 145.009 55.6395 -275.879 145.407 -122.985 -155.146 
145.409 115.051 21.7838 146.039 55.6426 -137.866 146.155 -37.6947 165.488 
146.378 48.6455 -186.322 146.413 117.049 38.3089 146.666 18.6612 -380.95 
147.024 -120.575 -138.29 147.153 -125.964 -268.618 147.16 69.795 -361.863 
147.401 57.2612 -291.338 147.51 60.1006 -374.996 147.696 117.678 55.0411 
147.806 -125 -44.1636 147.816 85.8101 -67.1774 147.905 -100.617 -374.365 
148.007 -125.678 -330.754 148.17 -48.4594 153.435 148.383 48.0361 -202.677 
148.446 -9.83006 -379.408 148.495 -118.181 -121.469 148.608 60.1293 -122.246 
148.639 -69.6064 -377.021 148.897 117.048 71.8023 148.979 63.5366 190.151 
149.113 -38.9744 -378.294 149.249 11.231 196.944 149.625 -123.785 -251.361 
149.864 -58.543 140.891 149.946 59.1659 -306.841 150.102 -115.972 -104.685 
150.104 115.185 88.4434 150.11 47.2593 -219.041 150.479 90.2274 -51.0296 
150.557 -121.534 -314.047 151.065 -127.023 -27.7933 151.311 112.428 104.792 
151.415 -68.4886 127.97 151.443 -121.28 -233.961 151.648 64.8032 -106.522 
151.745 -114.075 -87.8525 151.83 46.6115 -235.341 152.082 -118.674 -216.759 
152.231 60.9105 -322.323 152.351 75.257 178.871 152.358 108.26 120.801 
152.542 38.6713 197.777 152.547 -118.315 -297.208 152.566 -116.497 -199.636 
152.676 -77.8483 114.201 152.817 -121.464 -359.761 152.82 32.7153 -380.015 
152.834 94.4013 -34.8874 153.022 -114.464 -182.559 153.381 45.8732 -251.337 
153.456 102.674 136.475 153.565 -3.03953 190.125 153.622 -112.842 -71.1034 
153.754 39.697 -160.447 153.756 62.2425 -337.691 153.784 -86.75 99.98 
153.877 -112.191 -165.728 153.912 86.0057 165.9 154.072 -127.979 -11.114 
154.081 95.1402 151.54 154.098 62.8523 -352.526 154.649 -95.0026 85.245 
154.65 -115.965 -280.258 154.758 42.815 -144.385 154.896 69.6129 -90.6431 
154.896 -109.883 -148.896 154.93 38.2768 -176.758 155.014 45.5892 -267.038 
155.13 98.722 -18.876 155.292 -102.667 70.0668 155.556 -125.861 5.72549 
155.591 -109.492 54.4745 155.86 -116.079 38.7397 155.895 -113.072 -54.5902 
155.981 -107.533 -132.011 156.026 -121.822 22.5253 156.053 4.68491 -380.403 
156.843 -16.3477 181.012 156.871 -84.9908 -375.494 156.981 46.3617 -282.543 
157.136 103.191 -2.95286 157.161 37.7117 -193.153 157.167 47.0272 -128.732 
157.287 -113.62 -262.914 157.44 -24.2546 -378.77 157.455 -105.204 -115.192 
157.705 -118.16 -342.646 157.809 -54.0016 -377.842 157.93 46.3942 -376 
158.178 74.4045 -74.6865 158.307 -115.149 -38.6001 158.695 107.081 13.1811 
158.973 47.7045 -298.031 158.979 -103.01 -98.3843 159.054 55.9521 -362.27 
159.109 51.0102 191.098 159.23 37.0398 -209.549 159.313 -110.342 -368.896 
159.55 -28.9414 170.962 159.716 23.8733 195.611 159.966 110.138 29.4809 
160.097 51.4437 -113.109 160.139 -110.112 -244.764 160.155 -113.511 -325.735 
160.903 -101.304 -81.5638 160.97 111.7 46.0164 161.052 49.3483 -313.594 
161.096 78.9898 -58.6048 161.121 36.3659 -225.917 161.259 -107.435 -227.509 
161.364 -109.179 -309.106 161.634 -116.744 -22.4788 161.662 -102.876 -193.373 
161.675 -40.0344 159.38 161.762 -104.958 -210.478 161.855 -100.76 -176.298 
162.064 112.058 62.5288 162.322 -98.4765 -159.399 162.33 -106.007 -292.065 
162.387 50.8325 -329.055 162.39 27.1092 -167.144 162.456 29.4112 -150.917 
162.595 52.3012 -344.415 162.698 35.5891 -242.25 162.838 19.169 -379.704 
163.085 -96.1874 -142.551 163.181 111.049 78.8514 163.329 56.3508 -97.4059 
163.44 -50.0748 146.803 163.477 -100.337 -64.8316 163.77 -103.77 -274.846 
163.847 83.5774 -42.5411 163.874 63.3033 181.641 164.013 34.7147 -258.218 
164.12 -93.8583 -125.687 164.206 32.8886 -134.951 164.229 109.096 94.8672 
164.238 26.1228 -183.517 164.571 -116.457 -5.94058 164.753 106.068 110.494 
164.839 -59.3 133.651 165.242 8.87017 191.175 165.366 -91.354 -108.861 
165.419 -9.59338 -379.757 165.525 34.5816 -274.016 165.972 -68.2952 119.928 
166 100.939 126.105 166.096 -98.218 -371.074 166.131 -113.763 10.7782 
166.298 44.3714 -365.335 166.349 -100.315 -48.2983 166.436 -39.1474 -378.222 
166.446 -69.8629 -376.03 166.473 88.0981 -26.5515 166.577 25.4639 -199.987 
166.731 75.0095 169.883 166.797 61.168 -81.5333 166.801 36.8031 -119.277 
166.866 -76.8034 105.507 166.921 -89.1265 -92.0549 167.137 32.8311 -374.656 
167.155 35.2516 -289.63 167.19 -109.774 -354.096 167.204 94.0624 141.466 
167.211 -104.888 -33.565 167.213 -109.623 27.3623 167.598 85.3103 156.122 
167.647 -84.9589 90.754 167.86 -104.628 43.6873 168.089 -92.3232 75.4519 
168.35 -99.1087 59.8454 168.46 37.2929 191.314 168.774 24.827 -216.428 
168.941 -96.5168 -254.734 168.958 36.7633 -305.324 168.976 15.5311 -157.496 
169.023 -86.4344 -169.894 169.095 93.001 -10.8601 169.142 -88.4619 -186.89 
169.259 -84.1726 -153.011 169.442 -5.74144 184.615 169.546 -87.4067 -75.2415 
169.759 -90.4639 -203.912 169.775 42.2261 -352.048 169.778 -94.3945 -237.678 
169.799 -104.958 -337.446 169.878 13.8597 -173.872 169.91 -81.8237 -136.182 
169.936 18.2262 -141.29 170.023 41.3617 -103.626 170.053 65.926 -65.5172 
170.056 -92.4881 -220.847 170.359 23.847 -232.889 170.426 38.4627 -321.111 
170.453 -96.0874 -303.727 170.536 -100.019 -320.713 170.658 40.1784 -336.704 
170.705 -93.3142 -286.415 170.783 -105.281 -17.3736 170.935 -79.3711 -119.371 
171.182 97.5922 5.02858 171.27 -91.7745 -269.273 171.894 12.8162 -190.311 
171.929 21.4938 -125.314 171.94 23.1211 -249.214 172.224 -90.7895 -44.2515 
172.327 -76.9177 -102.602 172.603 5.15981 -378.446 172.735 101.344 21.1798 
172.749 -19.5418 176.122 172.826 22.1027 -265.366 173.039 70.681 -49.4369 
173.247 -98.8929 -364.558 173.435 -84.862 -57.8862 173.476 46.4658 -87.8072 
173.573 -103.626 -0.913702 173.865 104.028 37.4572 174.077 -85.261 -372.145 
174.102 1.1283 -164.127 174.108 21.9287 -281.373 174.133 -71.4942 -163.457 
174.167 3.27879 -147.711 174.312 -74.6909 -85.8204 174.312 -69.2214 -146.631 
174.478 12.145 -206.771 174.703 -73.6231 -180.327 174.784 50.5328 183.607 
174.787 -93.0511 -28.6601 174.801 -24.3295 -378.884 174.875 25.2338 -109.597 
174.982 105.467 53.7347 175.086 -66.857 -129.862 175.127 104.049 99.1565 
175.232 -31.7688 165.38 175.436 -55.0562 -376.463 175.449 -0.397209 -180.625 
175.556 22.9414 -297.394 175.569 -75.4902 -197.289 175.652 22.1401 189.123 
175.669 31.6189 -361.396 175.827 -100.724 15.5975 175.859 6.05322 -131.496 
176.171 105.679 69.5001 176.188 75.8489 -33.6051 176.291 11.1879 -223.299 
176.507 -77.2903 -214.182 176.555 -64.4702 -113.142 176.735 51.3964 -71.6977 
176.921 -78.928 -230.99 176.99 -56.0184 -157.031 177.001 -80.1207 -264.001 
177.002 -11.8445 -154.226 177.022 -79.9614 -247.657 177.048 19.4038 -371.859 
177.067 25.1267 -313.745 177.108 -80.2779 -280.52 177.156 -41.9895 152.956 
177.21 -72.6423 -69.0112 177.289 104.582 84.7095 177.314 99.192 114.925 
177.498 -53.8122 -140.291 177.566 -82.3278 -297.864 177.607 -13.766 -170.801 
177.616 29.2457 -345.793 177.734 -58.1868 -173.785 177.76 10.1214 -239.783 
177.908 27.1936 -329.878 177.911 -1.39624 -197.103 177.978 -9.48816 -137.806 
178.051 -97.1084 32.1463 178.098 -81.2638 -40.2048 178.136 -91.8901 -12.441 
178.14 -62.005 -96.4424 178.149 29.8982 -93.7384 178.163 9.03938 -115.524 
178.484 -50.7642 139.596 178.499 -95.6144 -349.384 178.504 -27.1657 -160.788 
178.536 -40.5242 -150.6 178.632 -85.6412 -315.232 178.735 9.11742 -256.295 
178.862 -25.0018 -144.175 178.865 -42.6133 -167.303 178.944 63.2397 173.205 
179.111 -51.5367 -123.632 179.204 -60.1026 -190.616 179.306 81.0366 -17.9816 
179.379 -58.7777 125.759 179.513 -90.3276 -332.371 179.575 -15.2973 -187.302 
179.581 -92.9371 48.6675 179.595 92.431 130.549 179.667 8.21075 -272.631 
179.785 -29.0294 -177.403 179.801 -38.2899 -133.995 179.964 56.5985 -55.5586 
180.009 -66.8606 111.402 180.083 -6.81531 -121.529 180.271 -2.43557 -213.541 
180.286 -87.6806 64.8924 180.339 -59.7095 -79.7688 180.393 -74.4429 96.3588 
180.437 -44.5043 -183.954 180.55 -22.5912 -127.733 180.623 -81.6119 80.9055 
180.633 -61.892 -207.43 180.656 74.3432 159.923 180.67 84.1673 145.639 
180.79 -70.2119 -52.0482 180.804 8.06091 -288.976 180.818 -49.1252 -107.014 
180.935 6.63271 184.969 181.244 12.397 -99.6565 181.362 -79.6854 -23.784 
181.444 -89.7579 3.84567 181.524 -3.71198 -230.118 181.525 35.5005 -77.4744 
181.62 -35.9057 -117.458 181.627 -65.7742 -257.736 181.631 -66.4764 -274.447 
181.695 -63.541 -224.274 181.824 -64.8694 -241.051 181.827 -30.698 -193.937 
182.1 85.8401 -2.25757 182.11 -16.582 -203.757 182.359 10.5042 -306.112 
182.377 -67.8413 -291.602 182.385 -46.2586 -200.678 182.498 -4.94721 -246.747 
182.693 -20.0938 -111.353 182.703 -9.36488 -376.957 182.707 -46.6798 -90.4309 
182.777 17.4654 -356.236 182.791 -4.09161 -105.501 183.217 -5.95828 -263.37 
183.282 61.685 -39.6602 183.359 -70.7178 -371.082 183.438 -57.5364 -63.2016 
183.738 -33.4464 -100.982 183.802 13.8639 -323.465 183.905 -17.9045 -220.361 
183.947 89.9906 13.7823 183.953 36.0241 183.554 184.008 15.7617 -339.937 
184.09 -47.9491 -217.398 184.091 -39.9905 -376.418 184.15 -67.5488 -35.2316 
184.187 -32.1971 -210.543 184.192 -6.69767 -279.965 184.366 -70.0671 -308.863 
184.572 -51.3876 -267.948 184.607 16.0618 -83.829 184.687 41.4355 -60.9924 
184.825 -77.6167 -7.6694 184.842 -84.7014 -360.882 184.856 -19.2097 -237.108 
184.897 -49.3822 -234.218 184.979 -50.4939 -251.09 185.046 -87.0128 20.2073 
185.195 93.5324 29.9208 185.33 4.77964 -367.267 185.332 -8.37891 178.921 
185.334 -44.3694 -73.958 185.402 -17.5379 -95.1647 185.456 -52.6128 -284.857 
185.467 -33.6447 -227.289 185.529 -20.2833 -253.883 185.706 -1.23267 -89.5085 
185.715 -21.2958 -270.613 185.888 97.7163 102.398 186.139 -30.9903 -84.6053 
186.149 -35.858 -261.035 186.25 -7.35477 -296.189 186.266 -34.858 -244.141 
186.537 -36.9586 -277.768 186.645 -73.1634 -326.175 186.65 -55.1251 -46.6383 
186.804 66.9806 -24.021 186.916 96.7824 45.8805 186.955 -80.5196 -344.437 
186.997 -22.301 -287.16 187.204 -65.1077 -19.0592 187.326 0.483123 -316.936 
187.34 -54.1382 -301.713 187.943 21.4858 -67.405 188.111 46.6743 -45.0658 
188.139 -21.8951 169.566 188.224 -14.9355 -79.0942 188.268 -83.9023 36.6585 
188.282 -38.2246 -294.408 188.467 -41.9545 -57.6899 188.745 3.0479 -350.687 
188.96 -28.5358 -68.47 188.963 1.45226 -73.6863 189.007 -75.2113 8.47633 
189.036 98.7204 61.3435 189.078 1.78116 -333.757 189.343 -11.2368 -310.634 
189.348 -52.4309 -30.333 189.536 49.3038 174.236 189.79 -23.9193 -303.22 
190.016 -55.8748 -318.344 190.054 98.8254 75.4538 190.057 71.922 -8.37179 
190.289 -80.1561 53.134 190.592 -62.5034 -2.91513 190.69 -33.034 158.117 
190.703 30.9257 -49.8974 190.731 -39.9286 -310.786 190.772 -55.5345 -368.449 
190.794 20.2923 181.143 190.877 -68.2991 -340.481 190.911 90.1085 118.517 
191.063 -24.9791 -372.086 191.137 -39.5076 -41.5249 191.241 51.5415 -29.1011 
191.329 -12.5233 -63.1254 191.398 -12.1712 -326.656 191.561 17.6117 -53.7313 
191.568 -75.5725 69.7842 191.655 -69.7232 -357.156 191.728 75.856 7.76855 
191.8 -10.5509 -361.875 191.823 -49.6135 -14.2367 191.862 3.42949 -57.9752 
191.895 -26.1548 -52.4645 192.055 79.4644 23.7711 192.19 -42.4356 145.383 
192.214 -69.6708 85.9933 192.359 61.4494 162.119 192.391 -25.8593 -319.051 
192.608 -11.6825 -343.85 192.703 81.9365 133.846 192.798 -63.3527 101.757 
192.82 -55.1129 -334.76 192.869 -49.5935 131.334 193.197 -36.7108 -25.4745 
193.262 72.441 148.473 193.33 -40.8654 -327.306 193.477 -72.6371 24.5974 
193.49 -10.346 -47.1294 193.535 35.6537 -33.8108 193.601 -56.6483 117.051 
193.625 83.1429 39.6684 193.726 -23.6721 -36.3979 193.88 95.2362 89.2369 
194.012 56.1156 -13.2818 194.16 5.35339 -42.2631 194.174 20.1067 -38.1047 
194.201 -26.2321 -335.881 194.456 -46.7155 1.78303 194.551 -54.5105 -351.868 
194.601 -59.7484 13.0047 194.721 -33.7258 -9.4135 194.85 -25.6272 -353.764 
195.109 -40.338 -344.437 195.126 -7.86369 -31.3232 195.211 39.7683 -17.7312 
195.216 63.6312 18.6306 195.22 -20.8427 -20.4646 195.266 60.0697 2.67621 
195.569 7.90935 -26.5891 195.648 23.666 -22.1072 195.736 -40.2485 -362.971 
195.736 4.64522 176.494 195.826 66.9982 34.7021 195.97 43.646 -1.82403 
195.975 -4.93189 -15.5687 196.036 -17.7752 -4.54921 196.096 85.7324 55.2521 
196.115 47.3741 13.8992 196.133 27.285 -6.25401 196.158 11.125 -10.8484 
196.357 -30.6336 6.5829 196.387 -69.2508 40.935 196.433 50.8524 29.9453 
196.549 -1.62544 0.265572 196.669 30.8884 9.58866 196.797 14.6131 4.98883 
196.824 34.588 25.3689 197.056 -14.4061 11.4216 197.352 -43.5915 17.748 
197.449 38.0397 41.4848 197.594 1.93181 16.1653 197.693 54.115 46.0326 
197.708 18.2038 20.8734 197.727 21.8907 36.9054 197.755 70.0993 50.5634 
198.168 33.8379 173.039 198.173 -27.1456 22.6325 198.281 -56.6047 29.0544 
198.37 -10.6987 27.4939 198.386 5.6427 32.2551 198.522 -65.7078 57.3299 
198.927 88.6288 71.9221 199.055 -60.6089 73.5166 199.32 25.6284 53.0497 
199.322 -6.85159 43.5792 199.361 -23.3359 38.7885 199.38 9.4892 48.3566 
199.483 -9.76482 169.154 199.545 86.4999 104.934 199.546 -39.9811 33.8671 
199.795 41.5925 57.6407 200.072 -52.9421 45.3853 200.396 57.5693 62.1232 
200.52 -36.0776 50.0105 200.534 -19.3003 54.8147 200.642 45.9967 161.112 
200.751 73.2047 66.9639 200.933 -2.70193 59.5856 201.129 -55.7946 89.9625 
201.246 -48.8943 61.5115 201.475 13.6716 64.3521 201.899 -21.4932 158.917 
201.981 17.5918 168.537 202.028 -31.8349 65.9504 202.123 29.703 69.0537 
202.382 77.9506 120.258 202.436 57.6251 148.46 202.57 -14.8493 70.7645 
202.695 45.4606 73.584 202.788 -44.3405 77.3864 202.79 67.959 134.646 
203.106 79.847 88.3707 203.188 1.89152 75.5857 203.48 61.5716 78.8518 
203.711 -31.0212 147.851 204.03 18.3372 80.2648 204.139 -26.9694 81.9773 
204.417 -43.9605 120.667 204.692 34.3478 84.8456 204.794 -50.2514 105.562 
204.835 -38.8518 135.593 204.966 -9.87646 86.8118 205.263 3.35726 161.58 
205.268 29.7174 157.817 205.33 65.4106 90.2421 205.35 50.2052 88.6964 
205.444 -39.1141 93.3471 205.646 6.93185 91.5569 205.915 71.5554 105.053 
206.419 40.9991 145.401 206.467 23.4855 96.1579 206.713 -21.6006 98.0361 
206.717 39.6427 100.46 206.777 51.7949 132.46 207.069 62.1548 119.189 
207.152 13.9706 152.103 207.176 -8.9424 152.966 207.228 55.7294 103.574 
207.52 -4.52306 102.946 207.73 12.3217 107.823 207.73 45.6561 116.3 
207.794 29.1182 112.395 207.794 24.6531 141.005 207.861 35.2916 128.785 
207.937 -20.1664 143.526 207.976 -33.4087 109.286 208.221 18.3649 124.266 
208.42 0.6166 144.101 208.467 8.11166 135.514 208.771 -23.8103 134.403 
208.897 1.23481 119.34 209.287 -15.918 114.287 209.318 -10.269 132.253 
209.606 -27.4543 125.28 
POLYGONS 5968 23872
3 2094 2134 2174 
3 2174 2134 2247 
3 2182 2094 2174 
3 2134 2094 2012 
3 2247 2134 2209 
3 2270 2174 2247 
3 2182 2174 2270 
3 2079 2094 2182 
3 2094 1989 2012 
3 2134 2012 2035 
3 2134 2091 2209 
3 2247 2209 2319 
3 2354 2270 2247 
3 2278 2182 2270 
3 2182 2180 2079 
3 2079 1989 2094 
3 2012 1989 1902 
3 2012 1941 2035 
3 2134 2035 2091 
3 2209 2091 2132 
3 2319 2209 2250 
3 2247 2319 2354 
3 2370 2270 2354 
3 2278 2270 2370 
3 2278 2180 2182 
3 2079 2180 2066 
3 1973 1989 2079 
3 1902 1989 1879 
3 1919 2012 1902 
3 2035 1941 1972 
3 2012 1919 1941 
3 2091 2035 1972 
3 2132 2091 2026 
3 2250 2209 2132 
3 2250 2353 2319 
3 2319 2438 2354 
3 2370 2354 2458 
3 2374 2278 2370 
3 2276 2180 2278 
3 2066 2180 2173 
3 2066 1973 2079 
3 1879 1989 1973 
3 1879 1798 1902 
3 1902 1815 1919 
3 1941 1862 1972 
3 1841 1941 1919 
3 2026 2091 1972 
3 2026 2054 2132 
3 2250 2132 2181 
3 2319 2353 2399 
3 2293 2353 2250 
3 2354 2438 2458 
3 2399 2438 2319 
3 2370 2458 2476 
3 2476 2374 2370 
3 2276 2278 2374 
3 2173 2180 2276 
3 2058 2066 2173 
3 1962 1973 2066 
3 1879 1973 1866 
3 1798 1815 1902 
3 1879 1775 1798 
3 1815 1841 1919 
3 1972 1862 1912 
3 1841 1862 1941 
3 1972 1912 2026 
3 2132 2054 2181 
3 1948 2054 2026 
3 2250 2181 2293 
3 2399 2353 2460 
3 2401 2353 2293 
3 2458 2438 2551 
3 2514 2438 2399 
3 2476 2458 2574 
3 2478 2374 2476 
3 2371 2276 2374 
3 2269 2173 2276 
3 2058 2173 2162 
3 2058 1962 2066 
3 1866 1973 1962 
3 1866 1775 1879 
3 1711 1815 1798 
3 1798 1775 1690 
3 1815 1734 1841 
3 1912 1862 1800 
3 1760 1862 1841 
3 2026 1912 1948 
3 2181 2054 2114 
3 1990 2054 1948 
3 2293 2181 2221 
3 2460 2353 2401 
3 2399 2460 2514 
3 2293 2330 2401 
3 2551 2438 2514 
3 2574 2458 2551 
3 2585 2476 2574 
3 2478 2476 2585 
3 2371 2374 2478 
3 2269 2276 2371 
3 2162 2173 2269 
3 2162 2052 2058 
3 1956 1962 2058 
3 1866 1962 1858 
3 1765 1775 1866 
3 1690 1711 1798 
3 1711 1734 1815 
3 1690 1775 1672 
3 1734 1760 1841 
3 1800 1862 1760 
3 1800 1838 1912 
3 1912 1838 1948 
3 2114 2054 1990 
3 2181 2114 2221 
3 1948 1867 1990 
3 2221 2330 2293 
3 2518 2460 2401 
3 2514 2460 2590 
3 2401 2330 2440 
3 2551 2514 2645 
3 2702 2574 2551 
3 2574 2725 2585 
3 2582 2478 2585 
3 2478 2469 2371 
3 2365 2269 2371 
3 2263 2162 2269 
3 2058 2052 1956 
3 2150 2052 2162 
3 1858 1962 1956 
3 1858 1765 1866 
3 1672 1775 1765 
3 1690 1606 1711 
3 1711 1630 1734 
3 1672 1578 1690 
3 1734 1651 1760 
3 1760 1679 1800 
3 1726 1838 1800 
3 1948 1838 1867 
3 1990 2034 2114 
3 2221 2114 2136 
3 1990 1867 1920 
3 2248 2330 2221 
3 2440 2518 2401 
3 2590 2460 2518 
3 2514 2590 2645 
3 2330 2355 2440 
3 2702 2551 2645 
3 2702 2725 2574 
3 2585 2725 2726 
3 2582 2585 2726 
3 2582 2469 2478 
3 2371 2469 2365 
3 2263 2269 2365 
3 2263 2150 2162 
3 2052 1949 1956 
3 2046 2052 2150 
3 1956 1853 1858 
3 1755 1765 1858 
3 1765 1663 1672 
3 1606 1630 1711 
3 1578 1606 1690 
3 1630 1651 1734 
3 1568 1578 1672 
3 1651 1679 1760 
3 1800 1679 1726 
3 1759 1838 1726 
3 1867 1838 1759 
3 2114 2034 2136 
3 1920 2034 1990 
3 2221 2136 2248 
3 1867 1805 1920 
3 2248 2355 2330 
3 2560 2518 2440 
3 2590 2518 2657 
3 2645 2590 2761 
3 2440 2355 2470 
3 2645 2818 2702 
3 2848 2725 2702 
3 2726 2725 2856 
3 2710 2582 2726 
3 2565 2469 2582 
3 2365 2469 2459 
3 2358 2263 2365 
3 2253 2150 2263 
3 1956 1949 1853 
3 2046 1949 2052 
3 2046 2150 2140 
3 1858 1853 1755 
3 1755 1663 1765 
3 1672 1663 1568 
3 1606 1524 1630 
3 1499 1606 1578 
3 1630 1543 1651 
3 1568 1476 1578 
3 1651 1569 1679 
3 1679 1614 1726 
3 1726 1645 1759 
3 1759 1805 1867 
3 2136 2034 2055 
3 1954 2034 1920 
3 2248 2136 2163 
3 1805 1848 1920 
3 2272 2355 2248 
3 2560 2440 2470 
3 2657 2518 2560 
3 2761 2590 2657 
3 2761 2818 2645 
3 2470 2355 2380 
3 2702 2818 2848 
3 2856 2725 2848 
3 2726 2856 2851 
3 2726 2851 2710 
3 2565 2582 2710 
3 2459 2469 2565 
3 2358 2365 2459 
3 2358 2253 2263 
3 2140 2150 2253 
3 1949 1847 1853 
3 1944 1949 2046 
3 2046 2140 2040 
3 1853 1748 1755 
3 1655 1663 1755 
3 1568 1663 1560 
3 1524 1543 1630 
3 1499 1524 1606 
3 1578 1476 1499 
3 1651 1543 1569 
3 1467 1476 1568 
3 1569 1614 1679 
3 1614 1645 1726 
3 1645 1688 1759 
3 1759 1688 1805 
3 2055 2034 1954 
3 2136 2055 2163 
3 1920 1848 1954 
3 2248 2163 2272 
3 1733 1848 1805 
3 2380 2355 2272 
3 2560 2470 2599 
3 2560 2730 2657 
3 2761 2657 2829 
3 2907 2818 2761 
3 2470 2380 2496 
3 2848 2818 2927 
3 2938 2856 2848 
3 2851 2856 2942 
3 2710 2851 2831 
3 2678 2565 2710 
3 2558 2459 2565 
3 2358 2459 2450 
3 2347 2253 2358 
3 2244 2140 2253 
3 1847 1748 1853 
3 1944 1847 1949 
3 2040 1944 2046 
3 2040 2140 2133 
3 1755 1748 1655 
3 1560 1663 1655 
3 1560 1467 1568 
3 1436 1543 1524 
3 1499 1415 1524 
3 1499 1476 1391 
3 1569 1543 1455 
3 1375 1476 1467 
3 1569 1492 1614 
3 1537 1645 1614 
3 1573 1688 1645 
3 1805 1688 1733 
3 1954 1984 2055 
3 2163 2055 2084 
3 1954 1848 1882 
3 2163 2188 2272 
3 1769 1848 1733 
3 2272 2291 2380 
3 2599 2470 2496 
3 2599 2730 2560 
3 2657 2730 2829 
3 2829 2907 2761 
3 2927 2818 2907 
3 2496 2380 2400 
3 2938 2848 2927 
3 2942 2856 2938 
3 2937 2851 2942 
3 2831 2851 2937 
3 2831 2678 2710 
3 2558 2565 2678 
3 2450 2459 2558 
3 2450 2347 2358 
3 2244 2253 2347 
3 2133 2140 2244 
3 1740 1748 1847 
3 1836 1847 1944 
3 1938 1944 2040 
3 2032 2040 2133 
3 1655 1748 1643 
3 1550 1560 1655 
3 1453 1467 1560 
3 1415 1436 1524 
3 1455 1543 1436 
3 1391 1415 1499 
3 1391 1476 1375 
3 1455 1492 1569 
3 1375 1467 1361 
3 1614 1492 1537 
3 1573 1645 1537 
3 1573 1623 1688 
3 1688 1623 1733 
3 2055 1984 2084 
3 1954 1882 1984 
3 2084 2188 2163 
3 1882 1848 1769 
3 2272 2188 2291 
3 1733 1659 1769 
3 2380 2291 2400 
3 2599 2496 2628 
3 2780 2730 2599 
3 2829 2730 2883 
3 2829 2934 2907 
3 2927 2907 2955 
3 2496 2400 2517 
3 2927 2961 2938 
3 2965 2942 2938 
3 2937 2942 2966 
3 2920 2831 2937 
3 2788 2678 2831 
3 2651 2558 2678 
3 2450 2558 2555 
3 2445 2347 2450 
3 2339 2244 2347 
3 2230 2133 2244 
3 1740 1847 1836 
3 1643 1748 1740 
3 1938 1836 1944 
3 2032 1938 2040 
3 2126 2032 2133 
3 1550 1655 1643 
3 1550 1453 1560 
3 1361 1467 1453 
3 1415 1331 1436 
3 1436 1351 1455 
3 1391 1303 1415 
3 1375 1292 1391 
3 1455 1384 1492 
3 1274 1375 1361 
3 1492 1427 1537 
3 1537 1464 1573 
3 1573 1511 1623 
3 1733 1623 1659 
3 1984 2008 2084 
3 1882 1917 1984 
3 2084 2111 2188 
3 1882 1769 1817 
3 2291 2188 2210 
3 1769 1659 1703 
3 2400 2291 2310 
3 2496 2517 2628 
3 2628 2780 2599 
3 2883 2730 2780 
3 2829 2883 2934 
3 2907 2934 2955 
3 2927 2955 2961 
3 2517 2400 2417 
3 2961 2965 2938 
3 2966 2942 2965 
3 2960 2937 2966 
3 2920 2937 2960 
3 2788 2831 2920 
3 2651 2678 2788 
3 2555 2558 2651 
3 2555 2445 2450 
3 2339 2347 2445 
3 2230 2244 2339 
3 2126 2133 2230 
3 1740 1836 1732 
3 1637 1643 1740 
3 1829 1836 1938 
3 2032 1927 1938 
3 2025 2032 2126 
3 1643 1542 1550 
3 1449 1453 1550 
3 1355 1361 1453 
3 1331 1351 1436 
3 1415 1303 1331 
3 1351 1384 1455 
3 1292 1303 1391 
3 1274 1292 1375 
3 1384 1427 1492 
3 1260 1274 1361 
3 1537 1427 1464 
3 1464 1511 1573 
3 1511 1545 1623 
3 1623 1545 1659 
3 2084 2008 2111 
3 1984 1917 2008 
3 1817 1917 1882 
3 2188 2111 2210 
3 1769 1703 1817 
3 2310 2291 2210 
3 1659 1579 1703 
3 2400 2310 2417 
3 2628 2517 2652 
3 2628 2805 2780 
3 2883 2780 2919 
3 2934 2883 2954 
3 2955 2934 2967 
3 2961 2955 2974 
3 2517 2417 2532 
3 2975 2965 2961 
3 2966 2965 2972 
3 2960 2966 2969 
3 2943 2920 2960 
3 2864 2788 2920 
3 2788 2677 2651 
3 2651 2677 2555 
3 2545 2445 2555 
3 2437 2339 2445 
3 2339 2333 2230 
3 2126 2230 2223 
3 1732 1836 1829 
3 1637 1740 1732 
3 1637 1542 1643 
3 1938 1927 1829 
3 2025 1927 2032 
3 2122 2025 2126 
3 1542 1449 1550 
3 1355 1453 1449 
3 1260 1361 1355 
3 1331 1245 1351 
3 1303 1222 1331 
3 1272 1384 1351 
3 1199 1303 1292 
3 1189 1292 1274 
3 1314 1427 1384 
3 1172 1274 1260 
3 1464 1427 1352 
3 1390 1511 1464 
3 1435 1545 1511 
3 1659 1545 1579 
3 2111 2008 2023 
3 2008 1917 1921 
3 1817 1839 1917 
3 2210 2111 2120 
3 1703 1738 1817 
3 2210 2220 2310 
3 1703 1579 1626 
3 2310 2322 2417 
3 2652 2517 2532 
3 2652 2805 2628 
3 2780 2805 2919 
3 2954 2883 2919 
3 2967 2934 2954 
3 2955 2967 2974 
3 2975 2961 2974 
3 2417 2431 2532 
3 2972 2965 2975 
3 2969 2966 2972 
3 2960 2969 2956 
3 2943 2960 2956 
3 2864 2920 2943 
3 2864 2677 2788 
3 2555 2677 2545 
3 2437 2445 2545 
3 2437 2333 2339 
3 2230 2333 2223 
3 2122 2126 2223 
3 1829 1724 1732 
3 1732 1633 1637 
3 1535 1542 1637 
3 1829 1927 1818 
3 1916 1927 2025 
3 2022 2025 2122 
3 1442 1449 1542 
3 1355 1449 1346 
3 1254 1260 1355 
3 1351 1245 1272 
3 1222 1245 1331 
3 1199 1222 1303 
3 1314 1384 1272 
3 1189 1199 1292 
3 1172 1189 1274 
3 1352 1427 1314 
3 1163 1172 1260 
3 1464 1352 1390 
3 1435 1511 1390 
3 1435 1468 1545 
3 1545 1468 1579 
3 2023 2008 1921 
3 2120 2111 2023 
3 1917 1839 1921 
3 1817 1738 1839 
3 2120 2220 2210 
3 1626 1738 1703 
3 2310 2220 2322 
3 1579 1510 1626 
3 2417 2322 2431 
3 2652 2532 2675 
3 2825 2805 2652 
3 2919 2805 2933 
3 2954 2919 2968 
3 2967 2954 2979 
3 2974 2967 2980 
3 2974 2978 2975 
3 2431 2547 2532 
3 2972 2975 2973 
3 2964 2969 2972 
3 2956 2969 2957 
3 2943 2956 2945 
3 2913 2864 2943 
3 2821 2677 2864 
3 2545 2677 2661 
3 2545 2535 2437 
3 2426 2333 2437 
3 2223 2333 2323 
3 2219 2122 2223 
3 1724 1633 1732 
3 1818 1724 1829 
3 1633 1535 1637 
3 1442 1542 1535 
3 1818 1927 1916 
3 2022 1916 2025 
3 2118 2022 2122 
3 1346 1449 1442 
3 1346 1254 1355 
3 1163 1260 1254 
3 1245 1166 1272 
3 1130 1245 1222 
3 1112 1222 1199 
3 1272 1200 1314 
3 1095 1199 1189 
3 1085 1189 1172 
3 1314 1244 1352 
3 1163 1073 1172 
3 1352 1279 1390 
3 1390 1324 1435 
3 1435 1356 1468 
3 1579 1468 1510 
3 1921 1929 2023 
3 2120 2023 2029 
3 1921 1839 1834 
3 1839 1738 1746 
3 2127 2220 2120 
3 1649 1738 1626 
3 2322 2220 2227 
3 1626 1510 1536 
3 2431 2322 2336 
3 2532 2547 2675 
3 2825 2652 2675 
3 2933 2805 2825 
3 2968 2919 2933 
3 2979 2954 2968 
3 2980 2967 2979 
3 2980 2978 2974 
3 2975 2978 2973 
3 2442 2547 2431 
3 2972 2973 2964 
3 2957 2969 2964 
3 2945 2956 2957 
3 2928 2943 2945 
3 2913 2943 2928 
3 2821 2864 2913 
3 2661 2677 2821 
3 2661 2535 2545 
3 2437 2535 2426 
3 2323 2333 2426 
3 2219 2223 2323 
3 2118 2122 2219 
3 1625 1633 1724 
3 1818 1717 1724 
3 1529 1535 1633 
3 1535 1433 1442 
3 1818 1916 1810 
3 1909 1916 2022 
3 2118 2014 2022 
3 1342 1346 1442 
3 1250 1254 1346 
3 1159 1163 1254 
3 1166 1200 1272 
3 1148 1166 1245 
3 1130 1222 1112 
3 1130 1148 1245 
3 1095 1112 1199 
3 1314 1200 1244 
3 1085 1095 1189 
3 1172 1073 1085 
3 1244 1279 1352 
3 1069 1073 1163 
3 1390 1279 1324 
3 1324 1356 1435 
3 1468 1356 1392 
3 1510 1468 1392 
3 2023 1929 2029 
3 1834 1929 1921 
3 2120 2029 2127 
3 1834 1839 1746 
3 1746 1738 1649 
3 2227 2220 2127 
3 1626 1536 1649 
3 2336 2322 2227 
3 1510 1429 1536 
3 2431 2336 2442 
3 2675 2547 2694 
3 2675 2846 2825 
3 2933 2825 2946 
3 2933 2976 2968 
3 2968 2984 2979 
3 2979 2984 2980 
3 2982 2978 2980 
3 2973 2978 2971 
3 2559 2547 2442 
3 2964 2973 2962 
3 2964 2950 2957 
3 2940 2945 2957 
3 2928 2945 2924 
3 2928 2888 2913 
3 2814 2821 2913 
3 2814 2661 2821 
3 2649 2535 2661 
3 2426 2535 2524 
3 2419 2323 2426 
3 2314 2219 2323 
3 2213 2118 2219 
3 1724 1717 1625 
3 1529 1633 1625 
3 1810 1717 1818 
3 1529 1433 1535 
3 1442 1433 1342 
3 1810 1916 1909 
3 2022 2014 1909 
3 2115 2014 2118 
3 1250 1346 1342 
3 1250 1159 1254 
3 1159 1069 1163 
3 1093 1200 1166 
3 1066 1166 1148 
3 1024 1130 1112 
3 1041 1148 1130 
3 1010 1112 1095 
3 1244 1200 1138 
3 1000 1095 1085 
3 1073 987 1085 
3 1244 1165 1279 
3 975 1073 1069 
3 1279 1202 1324 
3 1248 1356 1324 
3 1392 1356 1285 
3 1510 1392 1429 
3 2029 1929 1942 
3 1834 1837 1929 
3 2127 2029 2037 
3 1746 1743 1834 
3 1746 1649 1653 
3 2227 2127 2137 
3 1536 1552 1649 
3 2336 2227 2242 
3 1536 1429 1446 
3 2442 2336 2346 
3 2694 2547 2559 
3 2694 2846 2675 
3 2825 2846 2946 
3 2946 2976 2933 
3 2968 2976 2984 
3 2980 2984 2982 
3 2971 2978 2982 
3 2962 2973 2971 
3 2451 2559 2442 
3 2964 2962 2950 
3 2957 2950 2940 
3 2924 2945 2940 
3 2906 2928 2924 
3 2913 2888 2814 
3 2906 2888 2928 
3 2649 2661 2814 
3 2524 2535 2649 
3 2419 2426 2524 
3 2314 2323 2419 
3 2213 2219 2314 
3 2115 2118 2213 
3 1625 1717 1616 
3 1522 1529 1625 
3 1709 1717 1810 
3 1426 1433 1529 
3 1342 1433 1335 
3 1810 1909 1804 
3 1909 2014 1906 
3 2007 2014 2115 
3 1243 1250 1342 
3 1250 1151 1159 
3 1067 1069 1159 
3 1093 1166 1066 
3 1138 1200 1093 
3 1066 1148 1041 
3 1010 1024 1112 
3 1024 1041 1130 
3 1000 1010 1095 
3 1138 1165 1244 
3 1085 987 1000 
3 975 987 1073 
3 1279 1165 1202 
3 1069 972 975 
3 1324 1202 1248 
3 1285 1356 1248 
3 1320 1392 1285 
3 1429 1392 1320 
3 1929 1837 1942 
3 2037 2029 1942 
3 1834 1743 1837 
3 2127 2037 2137 
3 1653 1743 1746 
3 1649 1552 1653 
3 2227 2137 2242 
3 1446 1552 1536 
3 2336 2242 2346 
3 1446 1429 1344 
3 2451 2442 2346 
3 2694 2559 2706 
3 2854 2846 2694 
3 2946 2846 2952 
3 2981 2976 2946 
3 2981 2984 2976 
3 2984 2983 2982 
3 2971 2982 2970 
3 2971 2959 2962 
3 2564 2559 2451 
3 2950 2962 2947 
3 2940 2950 2936 
3 2924 2940 2922 
3 2906 2924 2903 
3 2888 2797 2814 
3 2862 2888 2906 
3 2814 2797 2649 
3 2635 2524 2649 
3 2419 2524 2519 
3 2415 2314 2419 
3 2309 2213 2314 
3 2213 2211 2115 
3 1616 1717 1709 
3 1625 1616 1522 
3 1426 1529 1522 
3 1804 1709 1810 
3 1335 1433 1426 
3 1335 1243 1342 
3 1804 1909 1906 
3 1906 2014 2007 
3 2007 2115 2110 
3 1243 1151 1250 
3 1159 1151 1067 
3 1067 972 1069 
3 985 1093 1066 
3 1093 1022 1138 
3 1041 957 1066 
3 921 1024 1010 
3 935 1041 1024 
3 909 1010 1000 
3 1138 1061 1165 
3 1000 987 898 
3 889 987 975 
3 1202 1165 1094 
3 975 972 879 
3 1248 1202 1143 
3 1248 1170 1285 
3 1285 1218 1320 
3 1429 1320 1344 
3 1942 1837 1844 
3 2037 1942 1947 
3 1837 1743 1744 
3 2037 2045 2137 
3 1648 1743 1653 
3 1653 1552 1557 
3 2242 2137 2144 
3 1457 1552 1446 
3 2346 2242 2254 
3 1446 1344 1353 
3 2359 2451 2346 
3 2706 2559 2564 
3 2706 2854 2694 
3 2952 2846 2854 
3 2946 2952 2981 
3 2984 2981 2985 
3 2982 2983 2970 
3 2984 2985 2983 
3 2970 2959 2971 
3 2962 2959 2947 
3 2451 2463 2564 
3 2936 2950 2947 
3 2922 2940 2936 
3 2903 2924 2922 
3 2884 2906 2903 
3 2862 2797 2888 
3 2862 2906 2884 
3 2649 2797 2635 
3 2519 2524 2635 
3 2519 2415 2419 
3 2309 2314 2415 
3 2309 2211 2213 
3 2115 2211 2110 
3 1610 1616 1709 
3 1522 1616 1515 
3 1426 1522 1418 
3 1702 1709 1804 
3 1325 1335 1426 
3 1235 1243 1335 
3 1802 1804 1906 
3 1899 1906 2007 
3 2007 2110 1997 
3 1146 1151 1243 
3 1067 1151 1060 
3 968 972 1067 
3 1066 957 985 
3 985 1022 1093 
3 1022 1061 1138 
3 935 957 1041 
3 909 921 1010 
3 921 935 1024 
3 898 909 1000 
3 1165 1061 1094 
3 898 987 889 
3 879 889 975 
3 1143 1202 1094 
3 879 972 873 
3 1248 1143 1170 
3 1285 1170 1218 
3 1218 1253 1320 
3 1320 1253 1344 
3 1844 1837 1744 
3 1942 1844 1947 
3 1947 2045 2037 
3 1744 1743 1648 
3 2137 2045 2144 
3 1653 1557 1648 
3 1557 1552 1457 
3 2242 2144 2254 
3 1353 1457 1446 
3 2254 2359 2346 
3 1344 1257 1353 
3 2359 2463 2451 
3 2715 2706 2564 
3 2861 2854 2706 
3 2952 2854 2949 
3 2981 2952 2985 
3 2970 2983 2963 
3 2983 2985 2977 
3 2953 2959 2970 
3 2947 2959 2944 
3 2564 2463 2577 
3 2932 2936 2947 
3 2922 2936 2915 
3 2903 2922 2901 
3 2884 2903 2894 
3 2778 2797 2862 
3 2845 2862 2884 
3 2635 2797 2778 
3 2627 2519 2635 
3 2510 2415 2519 
3 2405 2309 2415 
3 2296 2211 2309 
3 2110 2211 2200 
3 1610 1709 1702 
3 1515 1616 1610 
3 1522 1515 1418 
3 1418 1325 1426 
3 1802 1702 1804 
3 1325 1235 1335 
3 1146 1243 1235 
3 1802 1906 1899 
3 1997 1899 2007 
3 1997 2110 2102 
3 1060 1151 1146 
3 1060 968 1067 
3 873 972 968 
3 985 957 870 
3 913 1022 985 
3 950 1061 1022 
3 851 957 935 
3 815 921 909 
3 835 935 921 
3 898 801 909 
3 1094 1061 990 
3 898 889 793 
3 789 889 879 
3 1094 1032 1143 
3 879 873 783 
3 1143 1070 1170 
3 1218 1170 1113 
3 1175 1253 1218 
3 1344 1253 1257 
3 1744 1749 1844 
3 1947 1844 1852 
3 1952 2045 1947 
3 1744 1648 1647 
3 2144 2045 2050 
3 1557 1554 1648 
3 1557 1457 1465 
3 2254 2144 2154 
3 1363 1457 1353 
3 2266 2359 2254 
3 1353 1257 1271 
3 2359 2368 2463 
3 2564 2577 2715 
3 2861 2706 2715 
3 2949 2854 2861 
3 2985 2952 2949 
3 2963 2983 2977 
3 2970 2963 2953 
3 2977 2985 2949 
3 2944 2959 2953 
3 2947 2944 2932 
3 2577 2463 2474 
3 2915 2936 2932 
3 2901 2922 2915 
3 2894 2903 2901 
3 2877 2884 2894 
3 2778 2862 2845 
3 2845 2884 2877 
3 2627 2635 2778 
3 2510 2519 2627 
3 2405 2415 2510 
3 2296 2309 2405 
3 2200 2211 2296 
3 2102 2110 2200 
3 1602 1610 1702 
3 1505 1515 1610 
3 1418 1515 1410 
3 1313 1325 1418 
3 1699 1702 1802 
3 1325 1226 1235 
3 1131 1146 1235 
3 1797 1802 1899 
3 1894 1899 1997 
3 1986 1997 2102 
3 1043 1060 1146 
3 960 968 1060 
3 873 968 869 
3 870 957 851 
3 870 913 985 
3 950 1022 913 
3 990 1061 950 
3 835 851 935 
3 909 801 815 
3 815 835 921 
3 793 801 898 
3 990 1032 1094 
3 793 889 789 
3 879 783 789 
3 1032 1070 1143 
3 873 782 783 
3 1170 1070 1113 
3 1218 1113 1175 
3 1257 1253 1175 
3 1844 1749 1852 
3 1647 1749 1744 
3 1947 1852 1952 
3 2050 2045 1952 
3 1648 1554 1647 
3 2144 2050 2154 
3 1465 1554 1557 
3 1465 1457 1363 
3 2254 2154 2266 
3 1353 1271 1363 
3 2266 2368 2359 
3 1271 1257 1188 
3 2463 2368 2474 
3 2715 2577 2720 
3 2852 2861 2715 
3 2861 2951 2949 
3 2958 2963 2977 
3 2953 2963 2948 
3 2949 2951 2977 
3 2944 2953 2939 
3 2932 2944 2929 
3 2577 2474 2586 
3 2918 2915 2932 
3 2901 2915 2905 
3 2894 2901 2898 
3 2877 2894 2889 
3 2760 2778 2845 
3 2840 2845 2877 
3 2760 2627 2778 
3 2510 2627 2619 
3 2499 2405 2510 
3 2405 2392 2296 
3 2296 2289 2200 
3 2102 2200 2193 
3 1602 1702 1699 
3 1505 1610 1602 
3 1410 1515 1505 
3 1313 1418 1410 
3 1313 1226 1325 
3 1797 1699 1802 
3 1235 1226 1131 
3 1131 1043 1146 
3 1894 1797 1899 
3 1986 1894 1997 
3 1986 2102 2085 
3 960 1060 1043 
3 869 968 960 
3 869 782 873 
3 764 870 851 
3 803 913 870 
3 846 950 913 
3 887 990 950 
3 749 851 835 
3 815 801 714 
3 728 835 815 
3 703 801 793 
3 990 934 1032 
3 694 793 789 
3 783 687 789 
3 988 1070 1032 
3 782 690 783 
3 1113 1070 1042 
3 1113 1108 1175 
3 1257 1175 1188 
3 1852 1749 1754 
3 1654 1749 1647 
3 1952 1852 1855 
3 1952 1957 2050 
3 1647 1554 1555 
3 2050 2056 2154 
3 1465 1462 1554 
3 1363 1367 1465 
3 2154 2168 2266 
3 1271 1281 1363 
3 2266 2275 2368 
3 1271 1188 1195 
3 2368 2376 2474 
3 2720 2577 2586 
3 2715 2720 2852 
3 2852 2951 2861 
3 2977 2951 2958 
3 2948 2963 2958 
3 2939 2953 2948 
3 2929 2944 2939 
3 2932 2929 2918 
3 2586 2474 2480 
3 2905 2915 2918 
3 2898 2901 2905 
3 2889 2894 2898 
3 2879 2877 2889 
3 2840 2760 2845 
3 2840 2877 2879 
3 2619 2627 2760 
3 2499 2510 2619 
3 2499 2392 2405 
3 2392 2289 2296 
3 2200 2289 2193 
3 2085 2102 2193 
3 1602 1699 1599 
3 1602 1502 1505 
3 1505 1405 1410 
3 1305 1313 1410 
3 1207 1226 1313 
3 1696 1699 1797 
3 1131 1226 1118 
3 1020 1043 1131 
3 1791 1797 1894 
3 1885 1894 1986 
3 1978 1986 2085 
3 924 960 1043 
3 866 869 960 
3 786 782 869 
3 749 764 851 
3 764 803 870 
3 803 846 913 
3 846 887 950 
3 887 934 990 
3 728 749 835 
3 714 801 703 
3 714 728 815 
3 694 703 793 
3 1032 934 988 
3 789 687 694 
3 783 690 687 
3 1042 1070 988 
3 695 690 782 
3 1042 1108 1113 
3 1175 1108 1188 
3 1754 1749 1654 
3 1852 1754 1855 
3 1647 1555 1654 
3 1855 1957 1952 
3 2050 1957 2056 
3 1554 1462 1555 
3 2154 2056 2168 
3 1465 1367 1462 
3 1363 1281 1367 
3 2266 2168 2275 
3 1195 1281 1271 
3 2368 2275 2376 
3 1188 1110 1195 
3 2474 2376 2480 
3 2720 2586 2723 
3 2852 2720 2847 
3 2930 2951 2852 
3 2958 2951 2930 
3 2948 2958 2941 
3 2948 2935 2939 
3 2939 2926 2929 
3 2918 2929 2916 
3 2588 2586 2480 
3 2905 2918 2911 
3 2898 2905 2904 
3 2889 2898 2896 
3 2879 2889 2885 
3 2742 2760 2840 
3 2822 2840 2879 
3 2742 2619 2760 
3 2499 2619 2596 
3 2487 2392 2499 
3 2378 2289 2392 
3 2193 2289 2279 
3 2193 2179 2085 
3 1599 1699 1696 
3 1599 1502 1602 
3 1502 1405 1505 
3 1410 1405 1305 
3 1207 1313 1305 
3 1118 1226 1207 
3 1791 1696 1797 
3 1131 1118 1020 
3 924 1043 1020 
3 1885 1791 1894 
3 1978 1885 1986 
3 2070 1978 2085 
3 924 866 960 
3 786 869 866 
3 695 782 786 
3 660 764 749 
3 698 803 764 
3 736 846 803 
3 777 887 846 
3 842 934 887 
3 637 749 728 
3 612 714 703 
3 625 728 714 
3 600 703 694 
3 988 934 903 
3 694 687 591 
3 687 690 594 
3 1042 988 962 
3 598 690 695 
3 1035 1108 1042 
3 1188 1108 1110 
3 1658 1754 1654 
3 1855 1754 1757 
3 1654 1555 1558 
3 1860 1957 1855 
3 2056 1957 1961 
3 1555 1462 1460 
3 2168 2056 2063 
3 1462 1367 1365 
3 1367 1281 1276 
3 2275 2168 2178 
3 1195 1192 1281 
3 2376 2275 2281 
3 1195 1110 1103 
3 2480 2376 2382 
3 2723 2586 2588 
3 2847 2720 2723 
3 2847 2930 2852 
3 2958 2930 2941 
3 2941 2935 2948 
3 2939 2935 2926 
3 2929 2926 2916 
3 2918 2916 2911 
3 2480 2488 2588 
3 2904 2905 2911 
3 2896 2898 2904 
3 2885 2889 2896 
3 2865 2879 2885 
3 2742 2840 2822 
3 2822 2879 2865 
3 2596 2619 2742 
3 2487 2499 2596 
3 2378 2392 2487 
3 2279 2289 2378 
3 2279 2179 2193 
3 2085 2179 2070 
3 1696 1596 1599 
3 1501 1502 1599 
3 1398 1405 1502 
3 1305 1405 1301 
3 1204 1207 1305 
3 1111 1118 1207 
3 1693 1696 1791 
3 1020 1118 1014 
3 915 924 1020 
3 1783 1791 1885 
3 1878 1885 1978 
3 2070 1970 1978 
3 800 866 924 
3 786 866 800 
3 702 695 786 
3 637 660 749 
3 660 698 764 
3 698 736 803 
3 777 846 736 
3 842 887 777 
3 903 934 842 
3 625 637 728 
3 612 703 600 
3 625 714 612 
3 694 591 600 
3 962 988 903 
3 591 687 594 
3 594 690 598 
3 1035 1042 962 
3 604 598 695 
3 1110 1108 1035 
3 1654 1558 1658 
3 1757 1754 1658 
3 1855 1757 1860 
3 1558 1555 1460 
3 1961 1957 1860 
3 2063 2056 1961 
3 1462 1365 1460 
3 2168 2063 2178 
3 1367 1276 1365 
3 1281 1192 1276 
3 2275 2178 2281 
3 1103 1192 1195 
3 2382 2376 2281 
3 1103 1110 1021 
3 2382 2488 2480 
3 2718 2723 2588 
3 2723 2838 2847 
3 2914 2930 2847 
3 2941 2930 2914 
3 2941 2931 2935 
3 2926 2935 2925 
3 2916 2926 2917 
3 2911 2916 2910 
3 2588 2488 2589 
3 2911 2902 2904 
3 2904 2897 2896 
3 2885 2896 2890 
3 2876 2865 2885 
3 2822 2705 2742 
3 2796 2822 2865 
3 2742 2705 2596 
3 2596 2572 2487 
3 2466 2378 2487 
3 2363 2279 2378 
3 2264 2179 2279 
3 2070 2179 2166 
3 1596 1501 1599 
3 1693 1596 1696 
3 1398 1502 1501 
3 1301 1405 1398 
3 1305 1301 1204 
3 1111 1207 1204 
3 1014 1118 1111 
3 1693 1791 1783 
3 915 1020 1014 
3 808 924 915 
3 1783 1885 1878 
3 1978 1970 1878 
3 2062 1970 2070 
3 800 924 808 
3 702 786 800 
3 604 695 702 
3 553 660 637 
3 660 577 698 
3 633 736 698 
3 673 777 736 
3 738 842 777 
3 842 798 903 
3 536 637 625 
3 600 497 612 
3 612 513 625 
3 591 488 600 
3 962 903 859 
3 486 591 594 
3 594 598 494 
3 1035 962 944 
3 500 598 604 
3 1110 1035 1021 
3 1658 1558 1562 
3 1658 1664 1757 
3 1860 1757 1764 
3 1463 1558 1460 
3 1961 1860 1865 
3 1966 2063 1961 
3 1460 1365 1362 
3 2178 2063 2075 
3 1365 1276 1270 
3 1276 1192 1182 
3 2281 2178 2184 
3 1103 1092 1192 
3 2281 2286 2382 
3 1103 1021 1009 
3 2389 2488 2382 
3 2718 2588 2589 
3 2718 2838 2723 
3 2847 2838 2914 
3 2941 2914 2931 
3 2935 2931 2925 
3 2917 2926 2925 
3 2916 2917 2910 
3 2910 2902 2911 
3 2589 2488 2490 
3 2904 2902 2897 
3 2896 2897 2890 
3 2885 2890 2876 
3 2834 2865 2876 
3 2796 2705 2822 
3 2834 2796 2865 
3 2705 2572 2596 
3 2487 2572 2466 
3 2363 2378 2466 
3 2363 2264 2279 
3 2166 2179 2264 
3 2062 2070 2166 
3 1498 1501 1596 
3 1592 1596 1693 
3 1399 1398 1501 
3 1302 1301 1398 
3 1204 1301 1203 
3 1109 1111 1204 
3 1013 1014 1111 
3 1693 1783 1687 
3 916 915 1014 
3 808 915 813 
3 1779 1783 1878 
3 1878 1970 1873 
3 1964 1970 2062 
3 707 800 808 
3 707 702 800 
3 604 702 609 
3 553 637 536 
3 553 577 660 
3 698 577 633 
3 633 673 736 
3 738 777 673 
3 738 798 842 
3 903 798 859 
3 625 513 536 
3 497 513 612 
3 488 497 600 
3 486 488 591 
3 944 962 859 
3 486 594 494 
3 494 598 500 
3 1021 1035 944 
3 604 504 500 
3 1562 1558 1463 
3 1658 1562 1664 
3 1757 1664 1764 
3 1865 1860 1764 
3 1362 1463 1460 
3 1865 1966 1961 
3 2075 2063 1966 
3 1362 1365 1270 
3 2184 2178 2075 
3 1270 1276 1182 
3 1192 1092 1182 
3 2281 2184 2286 
3 1009 1092 1103 
3 2382 2286 2389 
3 1021 925 1009 
3 2490 2488 2389 
3 2709 2718 2589 
3 2823 2838 2718 
3 2914 2838 2912 
3 2931 2914 2912 
3 2925 2931 2923 
3 2925 2921 2917 
3 2910 2917 2908 
3 2899 2902 2910 
3 2589 2490 2587 
3 2897 2902 2895 
3 2897 2891 2890 
3 2890 2881 2876 
3 2834 2876 2860 
3 2662 2705 2796 
3 2754 2796 2834 
3 2662 2572 2705 
3 2466 2572 2550 
3 2466 2447 2363 
3 2344 2264 2363 
3 2166 2264 2245 
3 2166 2172 2062 
3 1498 1596 1592 
3 1399 1501 1498 
3 1687 1592 1693 
3 1302 1398 1399 
3 1203 1301 1302 
3 1203 1109 1204 
3 1109 1013 1111 
3 916 1014 1013 
3 1687 1783 1779 
3 813 915 916 
3 813 712 808 
3 1779 1878 1873 
3 1873 1970 1964 
3 1964 2062 2071 
3 808 712 707 
3 609 702 707 
3 609 504 604 
3 536 440 553 
3 471 577 553 
3 633 577 525 
3 565 673 633 
3 738 673 638 
3 715 798 738 
3 859 798 763 
3 536 513 419 
3 400 513 497 
3 390 497 488 
3 386 488 486 
3 944 859 847 
3 494 389 486 
3 396 494 500 
3 944 925 1021 
3 500 504 407 
3 1562 1463 1466 
3 1664 1562 1566 
3 1764 1664 1667 
3 1865 1764 1768 
3 1362 1364 1463 
3 1869 1966 1865 
3 2075 1966 1975 
3 1270 1268 1362 
3 2184 2075 2086 
3 1270 1182 1176 
3 1182 1092 1087 
3 2286 2184 2196 
3 1001 1092 1009 
3 2389 2286 2290 
3 1009 925 910 
3 2389 2391 2490 
3 2589 2587 2709 
3 2823 2718 2709 
3 2912 2838 2823 
3 2931 2912 2923 
3 2923 2921 2925 
3 2917 2921 2908 
3 2910 2908 2899 
3 2895 2902 2899 
3 2587 2490 2491 
3 2895 2891 2897 
3 2890 2891 2881 
3 2876 2881 2860 
3 2804 2834 2860 
3 2754 2662 2796 
3 2754 2834 2804 
3 2550 2572 2662 
3 2550 2447 2466 
3 2363 2447 2344 
3 2245 2264 2344 
3 2245 2172 2166 
3 2062 2172 2071 
3 1592 1496 1498 
3 1400 1399 1498 
3 1590 1592 1687 
3 1304 1302 1399 
3 1302 1205 1203 
3 1114 1109 1203 
3 1016 1013 1109 
3 916 1013 918 
3 1687 1779 1680 
3 813 916 817 
3 720 712 813 
3 1776 1779 1873 
3 1870 1873 1964 
3 1964 2071 1968 
3 707 712 613 
3 613 609 707 
3 507 504 609 
3 553 440 471 
3 419 440 536 
3 525 577 471 
3 525 565 633 
3 638 673 565 
3 638 715 738 
3 676 798 715 
3 763 798 676 
3 859 763 847 
3 419 513 400 
3 400 497 390 
3 390 488 386 
3 486 389 386 
3 847 925 944 
3 396 389 494 
3 407 396 500 
3 407 504 412 
3 1463 1364 1466 
3 1566 1562 1466 
3 1667 1664 1566 
3 1764 1667 1768 
3 1768 1869 1865 
3 1362 1268 1364 
3 1975 1966 1869 
3 2086 2075 1975 
3 1176 1268 1270 
3 2196 2184 2086 
3 1176 1182 1087 
3 1087 1092 1001 
3 2290 2286 2196 
3 1001 1009 910 
3 2290 2391 2389 
3 910 925 829 
3 2490 2391 2491 
3 2709 2587 2688 
3 2823 2709 2807 
3 2893 2912 2823 
3 2923 2912 2893 
3 2909 2921 2923 
3 2908 2921 2900 
3 2899 2908 2892 
3 2895 2899 2887 
3 2491 2584 2587 
3 2895 2886 2891 
3 2891 2880 2881 
3 2860 2881 2867 
3 2804 2860 2826 
3 2630 2662 2754 
3 2714 2754 2804 
3 2630 2550 2662 
3 2526 2447 2550 
3 2344 2447 2428 
3 2328 2245 2344 
3 2205 2172 2245 
3 2071 2172 2205 
3 1498 1496 1400 
3 1590 1496 1592 
3 1304 1399 1400 
3 1680 1590 1687 
3 1304 1205 1302 
3 1203 1205 1114 
3 1016 1109 1114 
3 918 1013 1016 
3 817 916 918 
3 1680 1779 1776 
3 817 720 813 
3 620 712 720 
3 1776 1873 1870 
3 1968 1870 1964 
3 1968 2071 2073 
3 613 712 620 
3 613 507 609 
3 412 504 507 
3 471 440 340 
3 306 440 419 
3 395 525 471 
3 460 565 525 
3 638 565 534 
3 606 715 638 
3 676 715 606 
3 653 763 676 
3 847 763 744 
3 274 419 400 
3 400 390 259 
3 247 390 386 
3 386 389 245 
3 829 925 847 
3 255 389 396 
3 407 263 396 
3 412 281 407 
3 1466 1364 1366 
3 1566 1466 1469 
3 1667 1566 1570 
3 1667 1671 1768 
3 1768 1773 1869 
3 1364 1268 1269 
3 1975 1869 1877 
3 2086 1975 1983 
3 1173 1268 1176 
3 2086 2099 2196 
3 1176 1087 1083 
3 1087 1001 994 
3 2196 2198 2290 
3 910 905 1001 
3 2290 2295 2391 
3 829 812 910 
3 2491 2391 2397 
3 2587 2584 2688 
3 2807 2709 2688 
3 2807 2893 2823 
3 2923 2893 2909 
3 2900 2921 2909 
3 2892 2908 2900 
3 2899 2892 2887 
3 2887 2886 2895 
3 2494 2584 2491 
3 2891 2886 2880 
3 2881 2880 2867 
3 2860 2867 2826 
3 2771 2804 2826 
3 2714 2630 2754 
3 2771 2714 2804 
3 2526 2550 2630 
3 2428 2447 2526 
3 2328 2344 2428 
3 2205 2245 2328 
3 2071 2205 2073 
3 1400 1496 1401 
3 1493 1496 1590 
3 1400 1306 1304 
3 1680 1588 1590 
3 1209 1205 1304 
3 1114 1205 1117 
3 1017 1016 1114 
3 1016 922 918 
3 817 918 826 
3 1677 1680 1776 
3 724 720 817 
3 620 720 627 
3 1776 1870 1778 
3 1875 1870 1968 
3 1974 1968 2073 
3 516 613 620 
3 516 507 613 
3 412 507 414 
3 340 440 306 
3 471 340 395 
3 274 306 419 
3 460 525 395 
3 534 565 460 
3 534 606 638 
3 676 606 561 
3 653 676 561 
3 744 763 653 
3 829 847 744 
3 274 400 259 
3 259 390 247 
3 247 386 245 
3 245 389 255 
3 396 263 255 
3 281 263 407 
3 282 281 412 
3 1366 1364 1269 
3 1469 1466 1366 
3 1570 1566 1469 
3 1667 1570 1671 
3 1768 1671 1773 
3 1869 1773 1877 
3 1269 1268 1173 
3 1975 1877 1983 
3 1983 2099 2086 
3 1176 1083 1173 
3 2196 2099 2198 
3 1083 1087 994 
3 1001 905 994 
3 2290 2198 2295 
3 910 812 905 
3 2391 2295 2397 
3 726 812 829 
3 2494 2491 2397 
3 2688 2584 2659 
3 2807 2688 2777 
3 2858 2893 2807 
3 2909 2893 2858 
3 2900 2909 2871 
3 2900 2869 2892 
3 2892 2872 2887 
3 2887 2878 2886 
3 2567 2584 2494 
3 2880 2886 2875 
3 2867 2880 2866 
3 2826 2867 2837 
3 2803 2771 2826 
3 2609 2630 2714 
3 2666 2714 2771 
3 2526 2630 2609 
3 2428 2526 2508 
3 2428 2410 2328 
3 2301 2205 2328 
3 2073 2205 2187 
3 1401 1496 1493 
3 1401 1306 1400 
3 1588 1493 1590 
3 1306 1209 1304 
3 1677 1588 1680 
3 1117 1205 1209 
3 1117 1017 1114 
3 1017 922 1016 
3 918 922 826 
3 817 826 724 
3 1778 1677 1776 
3 627 720 724 
3 627 523 620 
3 1778 1870 1875 
3 1875 1968 1974 
3 2073 2068 1974 
3 620 523 516 
3 414 507 516 
3 282 412 414 
3 187 340 306 
3 395 340 236 
3 163 306 274 
3 315 460 395 
3 397 534 460 
3 476 606 534 
3 561 606 476 
3 561 545 653 
3 653 634 744 
3 829 744 726 
3 151 274 259 
3 139 259 247 
3 132 247 245 
3 129 245 255 
3 255 263 140 
3 154 263 281 
3 157 281 282 
3 1366 1269 1273 
3 1366 1371 1469 
3 1570 1469 1472 
3 1671 1570 1574 
3 1773 1671 1674 
3 1877 1773 1780 
3 1269 1173 1174 
3 1983 1877 1884 
3 1994 2099 1983 
3 1173 1083 1081 
3 2198 2099 2104 
3 994 989 1083 
3 994 905 900 
3 2295 2198 2202 
3 905 812 802 
3 2397 2295 2299 
3 713 812 726 
3 2397 2403 2494 
3 2659 2584 2567 
3 2777 2688 2659 
3 2807 2777 2858 
3 2909 2858 2871 
3 2871 2869 2900 
3 2892 2869 2872 
3 2887 2872 2878 
3 2886 2878 2875 
3 2489 2567 2494 
3 2880 2875 2866 
3 2837 2867 2866 
3 2803 2826 2837 
3 2735 2771 2803 
3 2609 2714 2666 
3 2735 2666 2771 
3 2526 2609 2508 
3 2508 2410 2428 
3 2410 2301 2328 
3 2187 2205 2301 
3 2187 2068 2073 
3 1401 1493 1402 
3 1308 1306 1401 
3 1495 1493 1588 
3 1214 1209 1306 
3 1589 1588 1677 
3 1117 1209 1121 
3 1117 1025 1017 
3 928 922 1017 
3 826 922 836 
3 826 732 724 
3 1682 1677 1778 
3 632 627 724 
3 532 523 627 
3 1782 1778 1875 
3 1883 1875 1974 
3 1974 2068 1976 
3 523 417 516 
3 516 417 414 
3 276 282 414 
3 187 306 163 
3 236 340 187 
3 315 395 236 
3 151 163 274 
3 397 460 315 
3 476 534 397 
3 476 441 561 
3 653 545 634 
3 441 545 561 
3 744 634 726 
3 139 151 259 
3 132 139 247 
3 129 132 245 
3 140 129 255 
3 140 263 154 
3 154 281 157 
3 146 157 282 
3 1273 1269 1174 
3 1273 1371 1366 
3 1469 1371 1472 
3 1574 1570 1472 
3 1674 1671 1574 
3 1773 1674 1780 
3 1877 1780 1884 
3 1173 1081 1174 
3 1983 1884 1994 
3 2104 2099 1994 
3 1083 989 1081 
3 2198 2104 2202 
3 900 989 994 
3 900 905 802 
3 2299 2295 2202 
3 802 812 713 
3 2397 2299 2403 
3 713 726 621 
3 2494 2403 2489 
3 2659 2567 2634 
3 2777 2659 2733 
3 2858 2777 2813 
3 2871 2858 2813 
3 2871 2824 2869 
3 2869 2842 2872 
3 2878 2872 2855 
3 2875 2878 2863 
3 2557 2567 2489 
3 2866 2875 2859 
3 2866 2843 2837 
3 2837 2843 2803 
3 2803 2770 2735 
3 2575 2609 2666 
3 2633 2666 2735 
3 2508 2609 2575 
3 2483 2410 2508 
3 2384 2301 2410 
3 2187 2301 2283 
3 2170 2068 2187 
3 1402 1493 1495 
3 1401 1402 1308 
3 1214 1306 1308 
3 1495 1588 1589 
3 1121 1209 1214 
3 1682 1589 1677 
3 1121 1025 1117 
3 1025 928 1017 
3 836 922 928 
3 836 732 826 
3 732 632 724 
3 1682 1778 1782 
3 532 627 632 
3 422 523 532 
3 1782 1875 1883 
3 1974 1976 1883 
3 1976 2068 2059 
3 422 417 523 
3 414 417 276 
3 146 282 276 
3 163 87 187 
3 187 109 236 
3 145 315 236 
3 76 163 151 
3 218 397 315 
3 333 476 397 
3 333 441 476 
3 634 545 519 
3 413 545 441 
3 726 634 621 
3 70 151 139 
3 55 139 132 
3 129 37 132 
3 35 129 140 
3 48 140 154 
3 157 86 154 
3 146 58 157 
3 1273 1174 1177 
3 1277 1371 1273 
3 1472 1371 1376 
3 1472 1475 1574 
3 1674 1574 1577 
3 1674 1678 1780 
3 1884 1780 1784 
3 1174 1081 1079 
3 1994 1884 1892 
3 1999 2104 1994 
3 1081 989 986 
3 2202 2104 2108 
3 893 989 900 
3 900 802 796 
3 2202 2206 2299 
3 704 802 713 
3 2403 2299 2307 
3 713 621 608 
3 2489 2403 2402 
3 2634 2567 2557 
3 2733 2659 2634 
3 2813 2777 2733 
3 2813 2824 2871 
3 2869 2824 2842 
3 2872 2842 2855 
3 2878 2855 2863 
3 2875 2863 2859 
3 2489 2477 2557 
3 2859 2843 2866 
3 2803 2843 2812 
3 2770 2692 2735 
3 2812 2770 2803 
3 2633 2575 2666 
3 2735 2692 2633 
3 2508 2575 2483 
3 2384 2410 2483 
3 2283 2301 2384 
3 2170 2187 2283 
3 2059 2068 2170 
3 1407 1402 1495 
3 1308 1402 1310 
3 1220 1214 1308 
3 1503 1495 1589 
3 1121 1214 1123 
3 1597 1589 1682 
3 1028 1025 1121 
3 931 928 1025 
3 843 836 928 
3 747 732 836 
3 645 632 732 
3 1782 1697 1682 
3 550 532 632 
3 431 422 532 
3 1796 1782 1883 
3 1883 1976 1898 
3 1988 1976 2059 
3 290 417 422 
3 276 417 290 
3 147 146 276 
3 87 109 187 
3 76 87 163 
3 236 109 145 
3 218 315 145 
3 76 151 70 
3 333 397 218 
3 267 441 333 
3 519 545 413 
3 621 634 519 
3 413 441 267 
3 55 70 139 
3 132 37 55 
3 35 37 129 
3 48 35 140 
3 154 86 48 
3 58 86 157 
3 72 58 146 
3 1174 1079 1177 
3 1273 1177 1277 
3 1376 1371 1277 
3 1472 1376 1475 
3 1574 1475 1577 
3 1577 1678 1674 
3 1780 1678 1784 
3 1884 1784 1892 
3 1079 1081 986 
3 1994 1892 1999 
3 2108 2104 1999 
3 986 989 893 
3 2108 2206 2202 
3 900 796 893 
3 796 802 704 
3 2299 2206 2307 
3 704 713 608 
3 2403 2307 2402 
3 621 499 608 
3 2402 2477 2489 
3 2557 2617 2634 
3 2634 2690 2733 
3 2733 2772 2813 
3 2772 2824 2813 
3 2842 2824 2800 
3 2855 2842 2817 
3 2863 2855 2833 
3 2859 2863 2844 
3 2557 2477 2530 
3 2835 2843 2859 
3 2812 2843 2835 
3 2731 2692 2770 
3 2786 2770 2812 
3 2633 2546 2575 
3 2692 2608 2633 
3 2575 2546 2483 
3 2483 2453 2384 
3 2361 2283 2384 
3 2170 2283 2260 
3 2147 2059 2170 
3 1407 1495 1503 
3 1310 1402 1407 
3 1308 1310 1220 
3 1123 1214 1220 
3 1503 1589 1597 
3 1123 1028 1121 
3 1682 1697 1597 
3 931 1025 1028 
3 843 928 931 
3 747 836 843 
3 645 732 747 
3 550 632 645 
3 1796 1697 1782 
3 431 532 550 
3 300 422 431 
3 1883 1898 1796 
3 1898 1976 1988 
3 1988 2059 2042 
3 300 290 422 
3 290 147 276 
3 147 72 146 
3 25 109 87 
3 36 87 76 
3 145 109 38 
3 88 218 145 
3 70 45 76 
3 333 218 158 
3 158 267 333 
3 384 519 413 
3 621 519 499 
3 413 267 228 
3 33 70 55 
3 55 37 12 
3 3 37 35 
3 2 35 48 
3 48 86 8 
3 8 86 58 
3 9 58 72 
3 1079 1078 1177 
3 1177 1178 1277 
3 1280 1376 1277 
3 1475 1376 1379 
3 1577 1475 1477 
3 1580 1678 1577 
3 1784 1678 1683 
3 1892 1784 1787 
3 983 1079 986 
3 1999 1892 1896 
3 1999 2000 2108 
3 986 893 890 
3 2109 2206 2108 
3 893 796 790 
3 696 796 704 
3 2307 2206 2208 
3 704 608 601 
3 2402 2307 2300 
3 608 499 485 
3 2385 2477 2402 
3 2617 2690 2634 
3 2530 2617 2557 
3 2733 2690 2772 
3 2800 2824 2772 
3 2817 2842 2800 
3 2833 2855 2817 
3 2844 2863 2833 
3 2859 2844 2835 
3 2530 2477 2449 
3 2812 2835 2806 
3 2731 2770 2786 
3 2648 2692 2731 
3 2812 2806 2786 
3 2608 2546 2633 
3 2648 2608 2692 
3 2546 2453 2483 
3 2384 2453 2361 
3 2260 2283 2361 
3 2170 2260 2147 
3 2042 2059 2147 
3 1503 1412 1407 
3 1317 1310 1407 
3 1220 1310 1228 
3 1220 1129 1123 
3 1509 1503 1597 
3 1033 1028 1123 
3 1597 1697 1608 
3 939 931 1028 
3 845 843 931 
3 747 843 755 
3 658 645 747 
3 550 645 558 
3 1704 1697 1796 
3 431 550 454 
3 332 300 431 
3 1796 1898 1808 
3 1914 1898 1988 
3 1914 1988 2042 
3 164 290 300 
3 164 147 290 
3 22 72 147 
3 36 25 87 
3 38 109 25 
3 45 36 76 
3 38 88 145 
3 158 218 88 
3 33 45 70 
3 113 267 158 
3 384 413 228 
3 499 519 384 
3 228 267 113 
3 33 55 12 
3 12 37 3 
3 2 3 35 
3 2 48 8 
3 8 58 9 
3 9 72 22 
3 1177 1078 1178 
3 983 1078 1079 
3 1277 1178 1280 
3 1379 1376 1280 
3 1477 1475 1379 
3 1477 1580 1577 
3 1683 1678 1580 
3 1787 1784 1683 
3 1896 1892 1787 
3 986 890 983 
3 1896 2000 1999 
3 2108 2000 2109 
3 890 893 790 
3 2208 2206 2109 
3 790 796 696 
3 696 704 601 
3 2300 2307 2208 
3 601 608 485 
3 2402 2300 2385 
3 485 499 374 
3 2449 2477 2385 
3 2646 2690 2617 
3 2583 2617 2530 
3 2772 2690 2732 
3 2800 2772 2732 
3 2817 2800 2765 
3 2817 2795 2833 
3 2844 2833 2809 
3 2835 2844 2811 
3 2449 2509 2530 
3 2835 2811 2806 
3 2786 2752 2731 
3 2693 2648 2731 
3 2806 2782 2786 
3 2520 2546 2608 
3 2576 2608 2648 
3 2520 2453 2546 
3 2361 2453 2435 
3 2340 2260 2361 
3 2147 2260 2241 
3 2139 2042 2147 
3 1407 1412 1317 
3 1509 1412 1503 
3 1228 1310 1317 
3 1228 1129 1220 
3 1123 1129 1033 
3 1509 1597 1608 
3 939 1028 1033 
3 1608 1697 1704 
3 845 931 939 
3 755 843 845 
3 658 747 755 
3 558 645 658 
3 454 550 558 
3 1796 1808 1704 
3 454 332 431 
3 183 300 332 
3 1808 1898 1914 
3 1935 1914 2042 
3 164 300 183 
3 59 147 164 
3 59 22 147 
3 23 25 36 
3 38 25 23 
3 39 36 45 
3 24 88 38 
3 158 88 51 
3 28 45 33 
3 51 113 158 
3 213 384 228 
3 374 499 384 
3 228 113 105 
3 13 33 12 
3 12 3 4 
3 0 3 2 
3 1 2 8 
3 9 1 8 
3 9 22 7 
3 1178 1078 1077 
3 980 1078 983 
3 1280 1178 1180 
3 1280 1282 1379 
3 1379 1380 1477 
3 1479 1580 1477 
3 1683 1580 1582 
3 1787 1683 1685 
3 1896 1787 1788 
3 983 890 886 
3 1896 1895 2000 
3 2109 2000 1998 
3 890 790 788 
3 2106 2208 2109 
3 790 696 689 
3 601 589 696 
3 2300 2208 2201 
3 485 483 601 
3 2385 2300 2288 
3 485 374 368 
3 2449 2385 2362 
3 2646 2617 2583 
3 2732 2690 2646 
3 2530 2509 2583 
3 2765 2800 2732 
3 2765 2795 2817 
3 2833 2795 2809 
3 2844 2809 2811 
3 2449 2427 2509 
3 2806 2811 2789 
3 2731 2752 2693 
3 2786 2782 2752 
3 2622 2648 2693 
3 2789 2782 2806 
3 2520 2608 2576 
3 2622 2576 2648 
3 2435 2453 2520 
3 2435 2340 2361 
3 2241 2260 2340 
3 2139 2147 2241 
3 2043 2042 2139 
3 1317 1412 1321 
3 1417 1412 1509 
3 1233 1228 1317 
3 1140 1129 1228 
3 1033 1129 1039 
3 1518 1509 1608 
3 945 939 1033 
3 1618 1608 1704 
3 849 845 939 
3 753 755 845 
3 674 658 755 
3 574 558 658 
3 454 558 475 
3 1704 1808 1721 
3 362 332 454 
3 183 332 221 
3 1824 1808 1914 
3 1935 2042 2043 
3 1824 1914 1935 
3 183 90 164 
3 164 90 59 
3 19 22 59 
3 23 36 39 
3 23 24 38 
3 28 39 45 
3 51 88 24 
3 13 28 33 
3 53 113 51 
3 228 105 213 
3 213 374 384 
3 105 113 53 
3 12 4 13 
3 4 3 0 
3 0 2 1 
3 7 1 9 
3 7 22 19 
3 1077 1078 980 
3 1180 1178 1077 
3 983 886 980 
3 1280 1180 1282 
3 1282 1380 1379 
3 1477 1380 1479 
3 1582 1580 1479 
3 1683 1582 1685 
3 1788 1787 1685 
3 1788 1895 1896 
3 886 890 788 
3 2000 1895 1998 
3 2106 2109 1998 
3 790 689 788 
3 2201 2208 2106 
3 696 589 689 
3 483 589 601 
3 2300 2201 2288 
3 368 483 485 
3 2385 2288 2362 
3 368 374 210 
3 2362 2427 2449 
3 2646 2583 2624 
3 2689 2732 2646 
3 2583 2509 2569 
3 2765 2732 2689 
3 2727 2795 2765 
3 2809 2795 2756 
3 2811 2809 2781 
3 2509 2427 2492 
3 2811 2781 2789 
3 2693 2752 2716 
3 2752 2782 2748 
3 2660 2622 2693 
3 2789 2757 2782 
3 2576 2501 2520 
3 2554 2576 2622 
3 2520 2501 2435 
3 2416 2340 2435 
3 2241 2340 2329 
3 2139 2241 2235 
3 2043 2139 2141 
3 1321 1412 1417 
3 1233 1317 1321 
3 1417 1509 1518 
3 1233 1140 1228 
3 1039 1129 1140 
3 945 1033 1039 
3 1518 1608 1618 
3 849 939 945 
3 1704 1721 1618 
3 753 845 849 
3 674 755 753 
3 574 658 674 
3 475 558 574 
3 362 454 475 
3 1721 1808 1824 
3 221 332 362 
3 221 121 183 
3 1946 1935 2043 
3 1832 1824 1935 
3 121 90 183 
3 59 90 43 
3 59 43 19 
3 23 39 34 
3 34 24 23 
3 27 39 28 
3 24 32 51 
3 15 28 13 
3 51 32 53 
3 213 105 120 
3 210 374 213 
3 57 105 53 
3 4 6 13 
3 0 5 4 
3 10 0 1 
3 10 1 7 
3 19 18 7 
3 1077 980 976 
3 1077 1075 1180 
3 886 881 980 
3 1282 1180 1179 
3 1283 1380 1282 
3 1479 1380 1381 
3 1582 1479 1481 
3 1685 1582 1583 
3 1788 1685 1686 
3 1788 1789 1895 
3 788 780 886 
3 1998 1895 1893 
3 1998 1995 2106 
3 689 684 788 
3 2106 2103 2201 
3 689 589 581 
3 480 589 483 
3 2288 2201 2191 
3 366 483 368 
3 2362 2288 2271 
3 210 214 368 
3 2362 2341 2427 
3 2624 2583 2569 
3 2646 2624 2689 
3 2569 2509 2492 
3 2765 2689 2727 
3 2756 2795 2727 
3 2809 2756 2781 
3 2492 2427 2412 
3 2781 2750 2789 
3 2752 2748 2716 
3 2693 2716 2660 
3 2782 2757 2748 
3 2607 2622 2660 
3 2789 2750 2757 
3 2554 2501 2576 
3 2607 2554 2622 
3 2501 2416 2435 
3 2329 2340 2416 
3 2235 2241 2329 
3 2141 2139 2235 
3 2048 2043 2141 
3 1417 1323 1321 
3 1321 1229 1233 
3 1422 1417 1518 
3 1133 1140 1233 
3 1053 1039 1140 
3 1039 954 945 
3 1618 1525 1518 
3 849 945 854 
3 1618 1721 1628 
3 754 753 849 
3 618 674 753 
3 574 674 618 
3 503 475 574 
3 362 475 403 
3 1729 1721 1824 
3 268 221 362 
3 162 121 221 
3 1946 2043 2048 
3 1832 1935 1946 
3 1729 1824 1832 
3 121 61 90 
3 90 61 43 
3 43 40 19 
3 34 39 27 
3 34 32 24 
3 27 28 15 
3 6 15 13 
3 53 32 42 
3 120 105 57 
3 210 213 120 
3 53 42 57 
3 4 5 6 
3 11 5 0 
3 11 0 10 
3 7 18 10 
3 40 18 19 
3 980 881 976 
3 976 1075 1077 
3 1180 1075 1179 
3 886 780 881 
3 1282 1179 1283 
3 1381 1380 1283 
3 1481 1479 1381 
3 1582 1481 1583 
3 1685 1583 1686 
3 1686 1789 1788 
3 1895 1789 1893 
3 788 684 780 
3 1998 1893 1995 
3 2106 1995 2103 
3 581 684 689 
3 2201 2103 2191 
3 581 589 480 
3 480 483 366 
3 2288 2191 2271 
3 368 214 366 
3 2271 2341 2362 
3 210 118 214 
3 2427 2341 2412 
3 2632 2624 2569 
3 2689 2624 2632 
3 2492 2548 2569 
3 2727 2689 2632 
3 2676 2756 2727 
3 2781 2756 2719 
3 2471 2492 2412 
3 2719 2750 2781 
3 2716 2748 2722 
3 2660 2716 2687 
3 2757 2736 2748 
3 2640 2607 2660 
3 2757 2750 2729 
3 2482 2501 2554 
3 2540 2554 2607 
3 2482 2416 2501 
3 2329 2416 2406 
3 2329 2324 2235 
3 2239 2141 2235 
3 2048 2141 2148 
3 1323 1229 1321 
3 1422 1323 1417 
3 1233 1229 1133 
3 1518 1525 1422 
3 1053 1140 1133 
3 1053 954 1039 
3 945 954 854 
3 1628 1525 1618 
3 854 754 849 
3 1628 1721 1729 
3 647 753 754 
3 647 618 753 
3 503 574 618 
3 403 475 503 
3 268 362 403 
3 162 221 268 
3 162 95 121 
3 1953 1946 2048 
3 1832 1946 1849 
3 1739 1729 1832 
3 95 61 121 
3 61 52 43 
3 52 40 43 
3 30 34 27 
3 30 32 34 
3 17 27 15 
3 16 15 6 
3 42 32 30 
3 57 66 120 
3 120 118 210 
3 57 42 47 
3 6 5 14 
3 14 5 11 
3 20 11 10 
3 10 18 20 
3 41 18 40 
3 976 881 876 
3 974 1075 976 
3 1179 1075 1076 
3 881 780 778 
3 1283 1179 1181 
3 1284 1381 1283 
3 1481 1381 1382 
3 1583 1481 1480 
3 1686 1583 1581 
3 1684 1789 1686 
3 1893 1789 1786 
3 780 684 681 
3 1995 1893 1891 
3 2103 1995 1993 
3 578 684 581 
3 2191 2103 2088 
3 581 480 478 
3 370 480 366 
3 2271 2191 2176 
3 366 214 217 
3 2271 2256 2341 
3 214 118 123 
3 2412 2341 2332 
3 2569 2548 2632 
3 2471 2548 2492 
3 2727 2632 2676 
3 2719 2756 2676 
3 2471 2412 2398 
3 2719 2691 2750 
3 2748 2736 2722 
3 2716 2722 2687 
3 2660 2687 2640 
3 2757 2729 2736 
3 2594 2607 2640 
3 2750 2691 2729 
3 2540 2482 2554 
3 2594 2540 2607 
3 2406 2416 2482 
3 2406 2324 2329 
3 2235 2324 2239 
3 2148 2141 2239 
3 2053 2048 2148 
3 1230 1229 1323 
3 1329 1323 1422 
3 1133 1229 1120 
3 1422 1525 1431 
3 1133 967 1053 
3 967 954 1053 
3 854 954 865 
3 1532 1525 1628 
3 767 754 854 
3 1628 1729 1635 
3 647 754 665 
3 548 618 647 
3 548 503 618 
3 403 503 433 
3 326 268 403 
3 207 162 268 
3 131 95 162 
3 1953 2048 2053 
3 1849 1946 1953 
3 1849 1739 1832 
3 1635 1729 1739 
3 62 61 95 
3 62 52 61 
3 54 40 52 
3 17 30 27 
3 17 15 16 
3 16 6 14 
3 31 42 30 
3 66 118 120 
3 47 66 57 
3 47 42 31 
3 21 14 11 
3 21 11 20 
3 20 18 41 
3 41 40 54 
3 876 881 778 
3 976 876 974 
3 1076 1075 974 
3 1181 1179 1076 
3 780 681 778 
3 1284 1283 1181 
3 1382 1381 1284 
3 1480 1481 1382 
3 1581 1583 1480 
3 1686 1581 1684 
3 1786 1789 1684 
3 1891 1893 1786 
3 681 684 578 
3 1993 1995 1891 
3 2088 2103 1993 
3 581 478 578 
3 2191 2088 2176 
3 478 480 370 
3 217 370 366 
3 2176 2256 2271 
3 217 214 123 
3 2341 2256 2332 
3 123 118 89 
3 2398 2412 2332 
3 2632 2548 2600 
3 2523 2548 2471 
3 2632 2600 2676 
3 2676 2641 2719 
3 2454 2471 2398 
3 2719 2641 2691 
3 2722 2736 2713 
3 2687 2722 2700 
3 2640 2687 2670 
3 2736 2729 2703 
3 2637 2594 2640 
3 2729 2691 2665 
3 2472 2482 2540 
3 2539 2540 2594 
3 2406 2482 2472 
3 2409 2324 2406 
3 2239 2324 2334 
3 2148 2239 2252 
3 2053 2148 2161 
3 1230 1323 1329 
3 1120 1229 1230 
3 1431 1329 1422 
3 1120 1004 1133 
3 1431 1525 1532 
3 1004 967 1133 
3 865 954 967 
3 767 854 865 
3 1628 1635 1532 
3 665 754 767 
3 647 665 560 
3 560 548 647 
3 433 503 548 
3 403 433 326 
3 207 268 326 
3 207 131 162 
3 131 91 95 
3 2053 1959 1953 
3 1953 1857 1849 
3 1849 1751 1739 
3 1642 1635 1739 
3 95 91 62 
3 60 52 62 
3 54 52 60 
3 17 31 30 
3 29 17 16 
3 14 26 16 
3 89 118 66 
3 89 66 47 
3 50 47 31 
3 21 26 14 
3 44 21 20 
3 41 44 20 
3 56 41 54 
3 774 876 778 
3 974 876 874 
3 1076 974 977 
3 1181 1076 1080 
3 778 681 680 
3 1183 1284 1181 
3 1382 1284 1286 
3 1480 1382 1385 
3 1482 1581 1480 
3 1684 1581 1584 
3 1684 1689 1786 
3 1891 1786 1790 
3 580 681 578 
3 1993 1891 1890 
3 1985 2088 1993 
3 578 478 479 
3 2176 2088 2077 
3 373 478 370 
3 217 231 370 
3 2164 2256 2176 
3 217 123 114 
3 2332 2256 2246 
3 92 123 89 
3 2332 2320 2398 
3 2600 2548 2523 
3 2523 2471 2454 
3 2676 2600 2641 
3 2398 2386 2454 
3 2691 2641 2625 
3 2736 2703 2713 
3 2722 2713 2700 
3 2670 2687 2700 
3 2640 2670 2637 
3 2729 2665 2703 
3 2605 2594 2637 
3 2691 2625 2665 
3 2472 2540 2539 
3 2539 2594 2605 
3 2406 2472 2409 
3 2334 2324 2409 
3 2252 2239 2334 
3 2161 2148 2252 
3 2053 2161 2061 
3 1238 1230 1329 
3 1120 1230 1134 
3 1339 1329 1431 
3 1027 1004 1120 
3 1532 1439 1431 
3 896 967 1004 
3 865 967 896 
3 865 791 767 
3 1532 1635 1540 
3 691 665 767 
3 665 590 560 
3 560 465 548 
3 548 465 433 
3 433 364 326 
3 249 207 326 
3 171 131 207 
3 122 91 131 
3 1953 1959 1857 
3 2061 1959 2053 
3 1857 1751 1849 
3 1751 1642 1739 
3 1540 1635 1642 
3 91 69 62 
3 62 69 60 
3 60 64 54 
3 29 31 17 
3 16 26 29 
3 89 47 75 
3 50 31 29 
3 75 47 50 
3 46 26 21 
3 44 46 21 
3 56 44 41 
3 54 64 56 
3 774 778 680 
3 874 876 774 
3 977 974 874 
3 1076 977 1080 
3 1080 1183 1181 
3 680 681 580 
3 1286 1284 1183 
3 1385 1382 1286 
3 1482 1480 1385 
3 1584 1581 1482 
3 1584 1689 1684 
3 1786 1689 1790 
3 1891 1790 1890 
3 578 479 580 
3 1985 1993 1890 
3 2077 2088 1985 
3 479 478 373 
3 2164 2176 2077 
3 370 231 373 
3 114 231 217 
3 2246 2256 2164 
3 114 123 92 
3 2332 2246 2320 
3 92 89 75 
3 2320 2386 2398 
3 2578 2600 2523 
3 2523 2454 2512 
3 2641 2600 2578 
3 2454 2386 2444 
3 2625 2641 2578 
3 2713 2703 2679 
3 2700 2713 2697 
3 2670 2700 2696 
3 2637 2670 2681 
3 2703 2665 2650 
3 2605 2637 2654 
3 2665 2625 2618 
3 2485 2472 2539 
3 2556 2539 2605 
3 2409 2472 2485 
3 2418 2334 2409 
3 2252 2334 2343 
3 2161 2252 2265 
3 2061 2161 2175 
3 1339 1238 1329 
3 1134 1230 1238 
3 1120 1134 1027 
3 1431 1439 1339 
3 917 1004 1027 
3 1540 1439 1532 
3 917 896 1004 
3 896 791 865 
3 767 791 691 
3 691 590 665 
3 560 590 490 
3 490 465 560 
3 465 364 433 
3 326 364 249 
3 249 171 207 
3 171 122 131 
3 122 102 91 
3 1857 1959 1864 
3 1971 1959 2061 
3 1762 1751 1857 
3 1657 1642 1751 
3 1551 1540 1642 
3 102 69 91 
3 69 80 60 
3 80 64 60 
3 29 26 49 
3 49 50 29 
3 75 50 67 
3 49 26 46 
3 63 46 44 
3 63 44 56 
3 64 73 56 
3 774 680 679 
3 874 774 773 
3 977 874 877 
3 1080 977 982 
3 1084 1183 1080 
3 680 580 584 
3 1286 1183 1185 
3 1385 1286 1288 
3 1482 1385 1386 
3 1482 1486 1584 
3 1586 1689 1584 
3 1790 1689 1692 
3 1890 1790 1792 
3 580 479 482 
3 1887 1985 1890 
3 2077 1985 1980 
3 380 479 373 
3 2164 2077 2067 
3 373 231 241 
3 137 231 114 
3 2246 2164 2159 
3 85 114 92 
3 2320 2246 2236 
3 84 92 75 
3 2312 2386 2320 
3 2578 2523 2512 
3 2512 2454 2444 
3 2444 2386 2375 
3 2561 2625 2578 
3 2703 2650 2679 
3 2697 2713 2679 
3 2700 2697 2696 
3 2670 2696 2681 
3 2637 2681 2654 
3 2665 2618 2650 
3 2605 2654 2621 
3 2618 2625 2561 
3 2485 2539 2556 
3 2556 2605 2621 
3 2409 2485 2418 
3 2343 2334 2418 
3 2265 2252 2343 
3 2175 2161 2265 
3 2082 2061 2175 
3 1247 1238 1339 
3 1147 1134 1238 
3 1027 1134 1040 
3 1339 1439 1348 
3 937 917 1027 
3 1450 1439 1540 
3 814 896 917 
3 814 791 896 
3 691 791 719 
3 626 590 691 
3 490 590 531 
3 406 465 490 
3 406 364 465 
3 364 307 249 
3 249 211 171 
3 152 122 171 
3 125 102 122 
3 1864 1959 1971 
3 1864 1762 1857 
3 1971 2061 2082 
3 1657 1751 1762 
3 1551 1642 1657 
3 1450 1540 1551 
3 97 69 102 
3 97 80 69 
3 80 79 64 
3 67 50 49 
3 75 67 84 
3 65 49 46 
3 65 46 63 
3 56 73 63 
3 79 73 64 
3 680 584 679 
3 774 679 773 
3 877 874 773 
3 982 977 877 
3 1080 982 1084 
3 1185 1183 1084 
3 584 580 482 
3 1288 1286 1185 
3 1386 1385 1288 
3 1386 1486 1482 
3 1584 1486 1586 
3 1692 1689 1586 
3 1790 1692 1792 
3 1890 1792 1887 
3 482 479 380 
3 1980 1985 1887 
3 2077 1980 2067 
3 241 380 373 
3 2159 2164 2067 
3 241 231 137 
3 137 114 85 
3 2246 2159 2236 
3 85 92 84 
3 2320 2236 2312 
3 2375 2386 2312 
3 2578 2512 2561 
3 2512 2444 2504 
3 2444 2375 2434 
3 2679 2650 2642 
3 2668 2697 2679 
3 2696 2697 2701 
3 2681 2696 2712 
3 2654 2681 2708 
3 2650 2618 2606 
3 2621 2654 2686 
3 2561 2553 2618 
3 2500 2485 2556 
3 2573 2556 2621 
3 2418 2485 2500 
3 2343 2418 2432 
3 2265 2343 2356 
3 2175 2265 2277 
3 2082 2175 2192 
3 1339 1348 1247 
3 1147 1238 1247 
3 1040 1134 1147 
3 937 1027 1040 
3 1348 1439 1450 
3 839 917 937 
3 839 814 917 
3 719 791 814 
3 691 719 626 
3 531 590 626 
3 490 531 435 
3 435 406 490 
3 406 307 364 
3 307 211 249 
3 211 152 171 
3 152 125 122 
3 111 102 125 
3 1880 1864 1971 
3 1772 1762 1864 
3 1992 1971 2082 
3 1657 1762 1669 
3 1565 1551 1657 
3 1461 1450 1551 
3 97 102 111 
3 97 93 80 
3 93 79 80 
3 65 67 49 
3 84 67 83 
3 82 65 63 
3 63 73 82 
3 79 74 73 
3 584 583 679 
3 773 679 678 
3 773 775 877 
3 982 877 884 
3 1084 982 984 
3 1185 1084 1086 
3 482 487 584 
3 1187 1288 1185 
3 1288 1291 1386 
3 1388 1486 1386 
3 1586 1486 1489 
3 1591 1692 1586 
3 1792 1692 1694 
3 1887 1792 1793 
3 482 380 394 
3 1980 1887 1889 
3 2067 1980 1982 
3 265 380 241 
3 2067 2069 2159 
3 137 160 241 
3 85 98 137 
3 2236 2159 2155 
3 77 85 84 
3 2312 2236 2234 
3 2375 2312 2303 
3 2561 2512 2504 
3 2504 2444 2434 
3 2434 2375 2364 
3 2650 2606 2642 
3 2679 2642 2668 
3 2701 2697 2668 
3 2696 2701 2712 
3 2681 2712 2708 
3 2654 2708 2686 
3 2618 2553 2606 
3 2621 2686 2643 
3 2504 2553 2561 
3 2500 2556 2573 
3 2573 2621 2643 
3 2432 2418 2500 
3 2356 2343 2432 
3 2277 2265 2356 
3 2192 2175 2277 
3 2105 2082 2192 
3 1247 1348 1256 
3 1247 1154 1147 
3 1058 1040 1147 
3 953 937 1040 
3 1358 1348 1450 
3 852 839 937 
3 737 814 839 
3 737 719 814 
3 626 719 646 
3 556 531 626 
3 531 469 435 
3 435 342 406 
3 342 307 406 
3 251 211 307 
3 188 152 211 
3 156 125 152 
3 125 138 111 
3 1992 1880 1971 
3 1772 1864 1880 
3 1669 1762 1772 
3 1992 2082 2105 
3 1565 1657 1669 
3 1461 1551 1565 
3 1358 1450 1461 
3 111 107 97 
3 107 93 97 
3 81 79 93 
3 83 67 65 
3 84 83 77 
3 82 83 65 
3 73 74 82 
3 81 74 79 
3 679 583 678 
3 487 583 584 
3 678 775 773 
3 877 775 884 
3 984 982 884 
3 1086 1084 984 
3 1187 1185 1086 
3 482 394 487 
3 1187 1291 1288 
3 1386 1291 1388 
3 1489 1486 1388 
3 1586 1489 1591 
3 1694 1692 1591 
3 1793 1792 1694 
3 1887 1793 1889 
3 394 380 265 
3 1982 1980 1889 
3 1982 2069 2067 
3 160 265 241 
3 2159 2069 2155 
3 98 160 137 
3 77 98 85 
3 2234 2236 2155 
3 2312 2234 2303 
3 2375 2303 2364 
3 2493 2504 2434 
3 2421 2434 2364 
3 2642 2606 2598 
3 2668 2642 2639 
3 2701 2668 2683 
3 2701 2721 2712 
3 2708 2712 2741 
3 2686 2708 2743 
3 2606 2553 2544 
3 2643 2686 2717 
3 2493 2553 2504 
3 2515 2500 2573 
3 2591 2573 2643 
3 2432 2500 2515 
3 2356 2432 2446 
3 2277 2356 2369 
3 2192 2277 2287 
3 2203 2105 2192 
3 1256 1348 1358 
3 1256 1154 1247 
3 1147 1154 1058 
3 953 1040 1058 
3 852 937 953 
3 756 839 852 
3 756 737 839 
3 646 719 737 
3 556 626 646 
3 556 469 531 
3 435 469 379 
3 379 342 435 
3 342 251 307 
3 251 188 211 
3 188 156 152 
3 156 138 125 
3 138 136 111 
3 1903 1880 1992 
3 1880 1794 1772 
3 1772 1681 1669 
3 2015 1992 2105 
3 1669 1576 1565 
3 1474 1461 1565 
3 1368 1358 1461 
3 111 136 107 
3 112 93 107 
3 93 99 81 
3 77 83 71 
3 71 83 82 
3 74 71 82 
3 68 74 81 
3 678 583 587 
3 498 583 487 
3 683 775 678 
3 884 775 781 
3 984 884 888 
3 1086 984 991 
3 1187 1086 1091 
3 487 394 416 
3 1194 1291 1187 
3 1388 1291 1294 
3 1489 1388 1394 
3 1489 1491 1591 
3 1694 1591 1593 
3 1793 1694 1695 
3 1793 1795 1889 
3 394 265 311 
3 1982 1889 1897 
3 1987 2069 1982 
3 198 265 160 
3 2155 2069 2076 
3 119 160 98 
3 78 98 77 
3 2234 2155 2158 
3 2234 2225 2303 
3 2303 2294 2364 
3 2421 2493 2434 
3 2364 2349 2421 
3 2606 2544 2598 
3 2642 2598 2639 
3 2668 2639 2683 
3 2683 2721 2701 
3 2712 2721 2741 
3 2743 2708 2741 
3 2686 2743 2717 
3 2544 2553 2493 
3 2643 2717 2663 
3 2515 2573 2591 
3 2591 2643 2663 
3 2446 2432 2515 
3 2369 2356 2446 
3 2287 2277 2369 
3 2203 2192 2287 
3 2119 2105 2203 
3 1265 1256 1358 
3 1167 1154 1256 
3 1058 1154 1068 
3 966 953 1058 
3 852 953 858 
3 756 852 768 
3 662 737 756 
3 662 646 737 
3 570 556 646 
3 489 469 556 
3 469 420 379 
3 379 295 342 
3 295 251 342 
3 227 188 251 
3 185 156 188 
3 170 138 156 
3 168 136 138 
3 1903 1992 2015 
3 1903 1794 1880 
3 1772 1794 1681 
3 1681 1576 1669 
3 2015 2105 2119 
3 1565 1576 1474 
3 1368 1461 1474 
3 1368 1265 1358 
3 136 143 107 
3 107 143 112 
3 112 99 93 
3 81 99 100 
3 77 71 78 
3 68 71 74 
3 100 68 81 
3 587 583 498 
3 587 683 678 
3 498 487 416 
3 781 775 683 
3 888 884 781 
3 984 888 991 
3 1091 1086 991 
3 1091 1194 1187 
3 416 394 311 
3 1294 1291 1194 
3 1394 1388 1294 
3 1489 1394 1491 
3 1591 1491 1593 
3 1694 1593 1695 
3 1695 1795 1793 
3 1889 1795 1897 
3 311 265 198 
3 1987 1982 1897 
3 2076 2069 1987 
3 198 160 119 
3 2155 2076 2158 
3 119 98 78 
3 2158 2225 2234 
3 2303 2225 2294 
3 2364 2294 2349 
3 2421 2484 2493 
3 2421 2349 2414 
3 2598 2544 2536 
3 2639 2598 2595 
3 2683 2639 2644 
3 2704 2721 2683 
3 2741 2721 2746 
3 2741 2766 2743 
3 2717 2743 2759 
3 2493 2484 2544 
3 2663 2717 2734 
3 2527 2515 2591 
3 2591 2663 2611 
3 2446 2515 2527 
3 2369 2446 2455 
3 2287 2369 2381 
3 2203 2287 2297 
3 2119 2203 2218 
3 1167 1256 1265 
3 1068 1154 1167 
3 966 1058 1068 
3 858 953 966 
3 768 852 858 
3 768 675 756 
3 756 675 662 
3 570 646 662 
3 489 556 570 
3 489 420 469 
3 379 420 335 
3 335 295 379 
3 227 251 295 
3 227 185 188 
3 170 156 185 
3 168 138 170 
3 168 176 136 
3 1923 1903 2015 
3 1814 1794 1903 
3 1681 1794 1707 
3 1600 1576 1681 
3 2030 2015 2119 
3 1474 1576 1490 
3 1387 1368 1474 
3 1287 1265 1368 
3 176 143 136 
3 112 143 167 
3 130 99 112 
3 100 99 130 
3 78 71 68 
3 100 103 68 
3 587 498 505 
3 602 683 587 
3 498 416 425 
3 781 683 697 
3 781 794 888 
3 991 888 901 
3 1091 991 1003 
3 1097 1194 1091 
3 338 416 311 
3 1294 1194 1197 
3 1297 1394 1294 
3 1491 1394 1396 
3 1593 1491 1497 
3 1695 1593 1598 
3 1698 1795 1695 
3 1897 1795 1801 
3 311 198 244 
3 1901 1987 1897 
3 1996 2076 1987 
3 165 198 119 
3 2158 2076 2080 
3 103 119 78 
3 2152 2225 2158 
3 2294 2225 2222 
3 2349 2294 2280 
3 2421 2414 2484 
3 2414 2349 2338 
3 2544 2484 2536 
3 2598 2536 2595 
3 2639 2595 2644 
3 2683 2644 2704 
3 2746 2721 2704 
3 2746 2766 2741 
3 2743 2766 2759 
3 2717 2759 2734 
3 2663 2734 2684 
3 2527 2591 2611 
3 2611 2663 2684 
3 2455 2446 2527 
3 2381 2369 2455 
3 2297 2287 2381 
3 2218 2203 2297 
3 2129 2119 2218 
3 1167 1265 1184 
3 1167 1082 1068 
3 981 966 1068 
3 858 966 882 
3 768 858 779 
3 692 675 768 
3 675 599 662 
3 662 599 570 
3 527 489 570 
3 444 420 489 
3 335 420 367 
3 335 260 295 
3 260 227 295 
3 219 185 227 
3 170 185 201 
3 195 168 170 
3 209 176 168 
3 1923 2015 2030 
3 1923 1814 1903 
3 1707 1794 1814 
3 1600 1681 1707 
3 1490 1576 1600 
3 2030 2119 2129 
3 1387 1474 1490 
3 1387 1287 1368 
3 1184 1265 1287 
3 200 143 176 
3 167 143 200 
3 167 130 112 
3 130 142 100 
3 103 78 68 
3 100 142 103 
3 505 498 425 
3 587 505 602 
3 697 683 602 
3 425 416 338 
3 697 794 781 
3 888 794 901 
3 1003 991 901 
3 1097 1091 1003 
3 1197 1194 1097 
3 338 311 244 
3 1297 1294 1197 
3 1396 1394 1297 
3 1497 1491 1396 
3 1598 1593 1497 
3 1598 1698 1695 
3 1801 1795 1698 
3 1897 1801 1901 
3 244 198 165 
3 1996 1987 1901 
3 2080 2076 1996 
3 165 119 103 
3 2158 2080 2152 
3 2222 2225 2152 
3 2280 2294 2222 
3 2338 2349 2280 
3 2484 2414 2475 
3 2404 2414 2338 
3 2536 2484 2475 
3 2595 2536 2534 
3 2644 2595 2597 
3 2704 2644 2656 
3 2746 2704 2724 
3 2746 2763 2766 
3 2759 2766 2784 
3 2734 2759 2774 
3 2684 2734 2747 
3 2611 2542 2527 
3 2684 2623 2611 
3 2527 2542 2455 
3 2381 2455 2468 
3 2381 2394 2297 
3 2218 2297 2315 
3 2129 2218 2229 
3 1184 1082 1167 
3 1068 1082 981 
3 882 966 981 
3 779 858 882 
3 779 692 768 
3 614 675 692 
3 614 599 675 
3 570 599 527 
3 527 444 489 
3 367 420 444 
3 367 303 335 
3 303 260 335 
3 219 227 260 
3 201 185 219 
3 170 201 195 
3 195 209 168 
3 235 176 209 
3 1945 1923 2030 
3 1833 1814 1923 
3 1728 1707 1814 
3 1600 1707 1620 
3 1516 1490 1600 
3 2047 2030 2129 
3 1406 1387 1490 
3 1298 1287 1387 
3 1184 1287 1196 
3 235 200 176 
3 200 237 167 
3 167 190 130 
3 190 142 130 
3 142 165 103 
3 505 425 445 
3 602 505 537 
3 602 623 697 
3 371 425 338 
3 717 794 697 
3 901 794 809 
3 1003 901 912 
3 1097 1003 1011 
3 1097 1107 1197 
3 244 308 338 
3 1197 1201 1297 
3 1396 1297 1300 
3 1396 1404 1497 
3 1598 1497 1504 
3 1603 1698 1598 
3 1801 1698 1701 
3 1901 1801 1803 
3 244 165 216 
3 1996 1901 1904 
3 1996 2001 2080 
3 2152 2080 2083 
3 2152 2153 2222 
3 2280 2222 2186 
3 2338 2280 2261 
3 2475 2414 2404 
3 2404 2338 2331 
3 2536 2475 2534 
3 2595 2534 2597 
3 2656 2644 2597 
3 2704 2656 2724 
3 2746 2724 2763 
3 2766 2763 2784 
3 2774 2759 2784 
3 2747 2734 2774 
3 2747 2699 2684 
3 2623 2542 2611 
3 2684 2699 2623 
3 2455 2542 2468 
3 2468 2394 2381 
3 2297 2394 2315 
3 2229 2218 2315 
3 2149 2129 2229 
3 1096 1082 1184 
3 1082 1002 981 
3 981 902 882 
3 882 797 779 
3 705 692 779 
3 614 692 619 
3 538 599 614 
3 527 599 538 
3 466 444 527 
3 399 367 444 
3 331 303 367 
3 254 260 303 
3 219 260 254 
3 234 201 219 
3 201 225 195 
3 240 209 195 
3 273 235 209 
3 1945 2030 2047 
3 1833 1923 1945 
3 1728 1814 1833 
3 1620 1707 1728 
3 1516 1600 1620 
3 1406 1490 1516 
3 2047 2129 2149 
3 1406 1298 1387 
3 1196 1287 1298 
3 1096 1184 1196 
3 272 200 235 
3 237 190 167 
3 272 237 200 
3 190 216 142 
3 216 165 142 
3 445 425 371 
3 537 505 445 
3 537 623 602 
3 697 623 717 
3 338 308 371 
3 809 794 717 
3 912 901 809 
3 1011 1003 912 
3 1011 1107 1097 
3 1197 1107 1201 
3 216 308 244 
3 1297 1201 1300 
3 1300 1404 1396 
3 1497 1404 1504 
3 1504 1603 1598 
3 1701 1698 1603 
3 1801 1701 1803 
3 1904 1901 1803 
3 1996 1904 2001 
3 2080 2001 2083 
3 2083 2153 2152 
3 2222 2153 2186 
3 2261 2280 2186 
3 2338 2261 2331 
3 2467 2475 2404 
3 2331 2396 2404 
3 2534 2475 2467 
3 2597 2534 2531 
3 2597 2601 2656 
3 2724 2656 2664 
3 2763 2724 2739 
3 2784 2763 2775 
3 2784 2792 2774 
3 2774 2785 2747 
3 2753 2699 2747 
3 2552 2542 2623 
3 2623 2699 2629 
3 2468 2542 2552 
3 2486 2394 2468 
3 2315 2394 2413 
3 2315 2335 2229 
3 2229 2259 2149 
3 1096 1002 1082 
3 981 1002 902 
3 902 797 882 
3 779 797 705 
3 619 692 705 
3 619 541 614 
3 541 538 614 
3 527 538 466 
3 399 444 466 
3 399 331 367 
3 287 303 331 
3 254 303 287 
3 234 219 254 
3 234 225 201 
3 195 225 240 
3 273 209 240 
3 320 235 273 
3 1960 1945 2047 
3 1856 1833 1945 
3 1750 1728 1833 
3 1728 1638 1620 
3 1531 1516 1620 
3 1425 1406 1516 
3 2072 2047 2149 
3 1319 1298 1406 
3 1196 1298 1213 
3 1116 1096 1196 
3 272 235 320 
3 280 190 237 
3 329 237 272 
3 280 216 190 
3 382 445 371 
3 537 445 470 
3 537 554 623 
3 717 623 642 
3 371 308 382 
3 717 733 809 
3 912 809 838 
3 1011 912 926 
3 1023 1107 1011 
3 1201 1107 1119 
3 280 308 216 
3 1300 1201 1208 
3 1307 1404 1300 
3 1504 1404 1409 
3 1506 1603 1504 
3 1701 1603 1607 
3 1803 1701 1706 
3 1904 1803 1806 
3 2001 1904 1907 
3 2001 2002 2083 
3 2090 2153 2083 
3 2186 2153 2090 
3 2261 2186 2177 
3 2331 2261 2251 
3 2396 2467 2404 
3 2321 2396 2331 
3 2534 2467 2531 
3 2531 2601 2597 
3 2656 2601 2664 
3 2724 2664 2739 
3 2763 2739 2775 
3 2784 2775 2792 
3 2774 2792 2785 
3 2747 2785 2753 
3 2711 2699 2753 
3 2552 2623 2629 
3 2629 2699 2711 
3 2552 2486 2468 
3 2413 2394 2486 
3 2315 2413 2335 
3 2229 2335 2259 
3 2149 2259 2185 
3 1015 1002 1096 
3 902 1002 914 
3 810 797 902 
3 705 797 716 
3 705 624 619 
3 540 541 619 
3 541 468 538 
3 538 468 466 
3 415 399 466 
3 349 331 399 
3 312 287 331 
3 254 287 258 
3 258 234 254 
3 256 225 234 
3 240 225 270 
3 314 273 240 
3 320 273 351 
3 1960 2047 2072 
3 1856 1945 1960 
3 1750 1833 1856 
3 1750 1638 1728 
3 1620 1638 1531 
3 1425 1516 1531 
3 1319 1406 1425 
3 2072 2149 2185 
3 1213 1298 1319 
3 1116 1196 1213 
3 1015 1096 1116 
3 360 272 320 
3 280 237 329 
3 360 329 272 
3 470 445 382 
3 470 554 537 
3 623 554 642 
3 717 642 733 
3 382 308 280 
3 809 733 838 
3 926 912 838 
3 926 1023 1011 
3 1119 1107 1023 
3 1208 1201 1119 
3 1307 1300 1208 
3 1409 1404 1307 
3 1506 1504 1409 
3 1607 1603 1506 
3 1706 1701 1607 
3 1806 1803 1706 
3 1904 1806 1907 
3 1907 2002 2001 
3 2083 2002 2090 
3 2186 2090 2101 
3 2186 2101 2177 
3 2251 2261 2177 
3 2331 2251 2321 
3 2462 2467 2396 
3 2390 2396 2321 
3 2531 2467 2462 
3 2533 2601 2531 
3 2664 2601 2610 
3 2739 2664 2667 
3 2775 2739 2740 
3 2792 2775 2776 
3 2785 2792 2790 
3 2753 2785 2787 
3 2767 2711 2753 
3 2629 2563 2552 
3 2629 2711 2638 
3 2563 2486 2552 
3 2413 2486 2498 
3 2335 2413 2424 
3 2259 2335 2352 
3 2185 2259 2284 
3 914 1002 1015 
3 902 914 810 
3 716 797 810 
3 716 624 705 
3 619 624 540 
3 463 541 540 
3 463 468 541 
3 466 468 415 
3 356 399 415 
3 356 349 399 
3 312 331 349 
3 288 287 312 
3 258 287 288 
3 256 234 258 
3 270 225 256 
3 270 314 240 
3 351 273 314 
3 401 320 351 
3 2003 1960 2072 
3 1856 1960 1886 
3 1771 1750 1856 
3 1665 1638 1750 
3 1531 1638 1549 
3 1531 1444 1425 
3 1319 1425 1340 
3 2185 2116 2072 
3 1237 1213 1319 
3 1135 1116 1213 
3 1116 1031 1015 
3 401 360 320 
3 329 382 280 
3 360 418 329 
3 470 382 418 
3 493 554 470 
3 642 554 571 
3 733 642 663 
3 838 733 757 
3 850 926 838 
3 941 1023 926 
3 1030 1119 1023 
3 1208 1119 1122 
3 1208 1211 1307 
3 1307 1309 1409 
3 1506 1409 1411 
3 1512 1607 1506 
3 1706 1607 1612 
3 1806 1706 1710 
3 1806 1809 1907 
3 1908 2002 1907 
3 2090 2002 2004 
3 2101 2090 2004 
3 2177 2101 2095 
3 2251 2177 2169 
3 2321 2251 2243 
3 2462 2396 2390 
3 2316 2390 2321 
3 2531 2462 2533 
3 2610 2601 2533 
3 2667 2664 2610 
3 2740 2739 2667 
3 2775 2740 2776 
3 2792 2776 2790 
3 2785 2790 2787 
3 2753 2787 2767 
3 2728 2711 2767 
3 2638 2563 2629 
3 2638 2711 2728 
3 2498 2486 2563 
3 2424 2413 2498 
3 2352 2335 2424 
3 2284 2259 2352 
3 2212 2185 2284 
3 930 914 1015 
3 810 914 831 
3 716 810 729 
3 629 624 716 
3 624 542 540 
3 459 463 540 
3 405 468 463 
3 415 468 405 
3 347 356 415 
3 325 349 356 
3 325 312 349 
3 288 312 304 
3 288 286 258 
3 258 286 256 
3 302 270 256 
3 337 314 270 
3 351 314 377 
3 424 401 351 
3 2072 2116 2003 
3 1886 1960 2003 
3 1886 1771 1856 
3 1665 1750 1771 
3 1549 1638 1665 
3 1549 1444 1531 
3 1425 1444 1340 
3 1340 1237 1319 
3 2212 2116 2185 
3 1135 1213 1237 
3 1135 1031 1116 
3 1015 1031 930 
3 401 449 360 
3 418 382 329 
3 449 418 360 
3 493 470 418 
3 571 554 493 
3 663 642 571 
3 757 733 663 
3 850 838 757 
3 850 941 926 
3 1030 1023 941 
3 1122 1119 1030 
3 1122 1211 1208 
3 1307 1211 1309 
3 1409 1309 1411 
3 1512 1506 1411 
3 1612 1607 1512 
3 1710 1706 1612 
3 1710 1809 1806 
3 1907 1809 1908 
3 2004 2002 1908 
3 2006 2101 2004 
3 2095 2101 2006 
3 2177 2095 2169 
3 2243 2251 2169 
3 2316 2321 2243 
3 2462 2390 2456 
3 2387 2390 2316 
3 2533 2462 2456 
3 2610 2533 2528 
3 2667 2610 2603 
3 2740 2667 2671 
3 2776 2740 2737 
3 2790 2776 2769 
3 2790 2793 2787 
3 2787 2799 2767 
3 2767 2791 2728 
3 2580 2563 2638 
3 2655 2638 2728 
3 2498 2563 2580 
3 2424 2498 2511 
3 2352 2424 2443 
3 2284 2352 2372 
3 2212 2284 2305 
3 831 914 930 
3 729 810 831 
3 629 716 729 
3 629 542 624 
3 540 542 459 
3 387 463 459 
3 387 405 463 
3 415 405 347 
3 347 324 356 
3 356 324 325 
3 304 312 325 
3 301 288 304 
3 301 286 288 
3 256 286 302 
3 337 270 302 
3 377 314 337 
3 424 351 377 
3 424 473 401 
3 2003 2116 2031 
3 1926 1886 2003 
3 1812 1771 1886 
3 1771 1700 1665 
3 1665 1567 1549 
3 1456 1444 1549 
3 1340 1444 1354 
3 1340 1252 1237 
3 2130 2116 2212 
3 1149 1135 1237 
3 1045 1031 1135 
3 930 1031 946 
3 473 449 401 
3 493 418 449 
3 493 533 571 
3 663 571 610 
3 663 685 757 
3 757 770 850 
3 856 941 850 
3 1030 941 947 
3 1122 1030 1034 
3 1125 1211 1122 
3 1309 1211 1216 
3 1411 1309 1311 
3 1512 1411 1413 
3 1612 1512 1514 
3 1710 1612 1613 
3 1714 1809 1710 
3 1908 1809 1811 
3 1908 1910 2004 
3 2004 1910 2006 
3 2006 2010 2095 
3 2169 2095 2096 
3 2243 2169 2167 
3 2316 2243 2238 
3 2456 2390 2387 
3 2387 2316 2311 
3 2528 2533 2456 
3 2610 2528 2603 
3 2667 2603 2671 
3 2737 2740 2671 
3 2776 2737 2769 
3 2769 2793 2790 
3 2787 2793 2799 
3 2767 2799 2791 
3 2728 2791 2744 
3 2655 2580 2638 
3 2728 2744 2655 
3 2511 2498 2580 
3 2443 2424 2511 
3 2372 2352 2443 
3 2284 2372 2305 
3 2228 2212 2305 
3 930 840 831 
3 735 729 831 
3 639 629 729 
3 547 542 629 
3 459 542 456 
3 459 376 387 
3 334 405 387 
3 347 405 334 
3 297 324 347 
3 325 324 305 
3 305 304 325 
3 310 301 304 
3 322 286 301 
3 302 286 322 
3 302 350 337 
3 392 377 337 
3 446 424 377 
3 491 473 424 
3 2031 2116 2130 
3 1926 2003 2031 
3 1812 1886 1926 
3 1812 1700 1771 
3 1665 1700 1587 
3 1567 1456 1549 
3 1587 1567 1665 
3 1354 1444 1456 
3 1354 1252 1340 
3 1237 1252 1149 
3 2130 2212 2228 
3 1045 1135 1149 
3 946 1031 1045 
3 848 930 946 
3 533 449 473 
3 493 449 533 
3 571 533 610 
3 610 685 663 
3 757 685 770 
3 850 770 856 
3 947 941 856 
3 1034 1030 947 
3 1125 1122 1034 
3 1216 1211 1125 
3 1311 1309 1216 
3 1413 1411 1311 
3 1514 1512 1413 
3 1613 1612 1514 
3 1714 1710 1613 
3 1811 1809 1714 
3 1908 1811 1910 
3 2006 1910 1911 
3 2095 2010 2096 
3 1911 2010 2006 
3 2167 2169 2096 
3 2238 2243 2167 
3 2311 2316 2238 
3 2456 2387 2452 
3 2379 2387 2311 
3 2456 2452 2528 
3 2528 2521 2603 
3 2603 2592 2671 
3 2737 2671 2669 
3 2737 2738 2769 
3 2769 2783 2793 
3 2799 2793 2808 
3 2791 2799 2819 
3 2744 2791 2801 
3 2593 2580 2655 
3 2655 2744 2673 
3 2511 2580 2593 
3 2443 2511 2525 
3 2372 2443 2457 
3 2305 2372 2393 
3 2228 2305 2325 
3 735 831 840 
3 840 930 848 
3 639 729 735 
3 639 547 629 
3 456 542 547 
3 456 376 459 
3 387 376 316 
3 316 334 387 
3 334 297 347 
3 284 324 297 
3 305 324 284 
3 310 304 305 
3 327 301 310 
3 322 301 327 
3 322 350 302 
3 337 350 392 
3 446 377 392 
3 491 424 446 
3 552 473 491 
3 2051 2031 2130 
3 2031 1950 1926 
3 1812 1926 1846 
3 1737 1700 1812 
3 1587 1700 1629 
3 1478 1456 1567 
3 1478 1567 1587 
3 1354 1456 1373 
3 1264 1252 1354 
3 1149 1252 1162 
3 2156 2130 2228 
3 1063 1045 1149 
3 958 946 1045 
3 848 946 855 
3 552 533 473 
3 610 533 552 
3 631 685 610 
3 770 685 709 
3 856 770 784 
3 947 856 857 
3 949 1034 947 
3 1034 1036 1125 
3 1216 1125 1126 
3 1311 1216 1219 
3 1413 1311 1315 
3 1514 1413 1416 
3 1613 1514 1517 
3 1714 1613 1617 
3 1716 1811 1714 
3 1910 1811 1813 
3 1911 1910 1813 
3 2096 2010 2011 
3 1915 2010 1911 
3 2096 2098 2167 
3 2238 2167 2165 
3 2311 2238 2233 
3 2452 2387 2379 
3 2379 2311 2306 
3 2528 2452 2521 
3 2603 2521 2592 
3 2671 2592 2669 
3 2669 2738 2737 
3 2769 2738 2783 
3 2793 2783 2808 
3 2799 2808 2819 
3 2816 2791 2819 
3 2801 2791 2816 
3 2744 2801 2758 
3 2673 2593 2655 
3 2673 2744 2758 
3 2525 2511 2593 
3 2457 2443 2525 
3 2393 2372 2457 
3 2305 2393 2325 
3 2255 2228 2325 
3 840 752 735 
3 848 752 840 
3 735 654 639 
3 549 547 639 
3 547 455 456 
3 372 376 456 
3 316 376 299 
3 316 264 334 
3 264 297 334 
3 284 297 248 
3 293 305 284 
3 293 310 305 
3 319 327 310 
3 327 357 322 
3 357 350 322 
3 392 350 408 
3 457 446 392 
3 510 491 446 
3 491 562 552 
3 2051 2130 2156 
3 2051 1950 2031 
3 1926 1950 1846 
3 1737 1812 1846 
3 1629 1700 1737 
3 1520 1587 1629 
3 1373 1456 1478 
3 1520 1478 1587 
3 1264 1354 1373 
3 1162 1252 1264 
3 1063 1149 1162 
3 2156 2228 2255 
3 958 1045 1063 
3 855 946 958 
3 760 848 855 
3 610 552 631 
3 709 685 631 
3 784 770 709 
3 857 856 784 
3 949 947 857 
3 949 1036 1034 
3 1125 1036 1126 
3 1219 1216 1126 
3 1315 1311 1219 
3 1416 1413 1315 
3 1517 1514 1416 
3 1617 1613 1517 
3 1714 1617 1716 
3 1813 1811 1716 
3 1911 1813 1816 
3 2011 2010 1915 
3 2011 2098 2096 
3 1915 1911 1816 
3 2167 2098 2165 
3 2233 2238 2165 
3 2306 2311 2233 
3 2441 2452 2379 
3 2366 2379 2306 
3 2521 2452 2441 
3 2592 2521 2502 
3 2669 2592 2620 
3 2669 2674 2738 
3 2783 2738 2745 
3 2808 2783 2802 
3 2819 2808 2827 
3 2849 2816 2819 
3 2801 2816 2836 
3 2758 2801 2815 
3 2612 2593 2673 
3 2673 2758 2685 
3 2612 2525 2593 
3 2457 2525 2538 
3 2473 2393 2457 
3 2325 2393 2411 
3 2325 2342 2255 
3 735 752 654 
3 760 752 848 
3 639 654 549 
3 549 455 547 
3 456 455 372 
3 299 376 372 
3 243 316 299 
3 243 264 316 
3 248 297 264 
3 257 284 248 
3 257 293 284 
3 319 310 293 
3 355 327 319 
3 355 357 327 
3 408 350 357 
3 457 392 408 
3 510 446 457 
3 510 562 491 
3 552 562 631 
3 2156 2093 2051 
3 1981 1950 2051 
3 1846 1950 1876 
3 1846 1767 1737 
3 1737 1662 1629 
3 1548 1520 1629 
3 1373 1478 1408 
3 1408 1478 1520 
3 1295 1264 1373 
3 1162 1264 1190 
3 1074 1063 1162 
3 2255 2189 2156 
3 970 958 1063 
3 862 855 958 
3 855 766 760 
3 709 631 641 
3 784 709 721 
3 857 784 792 
3 949 857 861 
3 952 1036 949 
3 1126 1036 1037 
3 1219 1126 1128 
3 1225 1315 1219 
3 1416 1315 1318 
3 1517 1416 1419 
3 1617 1517 1521 
3 1716 1617 1619 
3 1813 1716 1720 
3 1816 1813 1720 
3 1915 1918 2011 
3 2011 2016 2098 
3 1915 1816 1821 
3 2165 2098 2100 
3 2233 2165 2160 
3 2306 2233 2224 
3 2441 2379 2366 
3 2366 2306 2292 
3 2502 2521 2441 
3 2592 2502 2549 
3 2620 2592 2549 
3 2669 2620 2674 
3 2738 2674 2745 
3 2783 2745 2802 
3 2827 2808 2802 
3 2819 2827 2849 
3 2836 2816 2849 
3 2815 2801 2836 
3 2762 2758 2815 
3 2612 2673 2685 
3 2685 2758 2762 
3 2538 2525 2612 
3 2538 2473 2457 
3 2411 2393 2473 
3 2325 2411 2342 
3 2255 2342 2274 
3 654 752 666 
3 666 752 760 
3 549 654 576 
3 450 455 549 
3 372 455 369 
3 372 291 299 
3 232 243 299 
3 222 264 243 
3 222 248 264 
3 248 229 257 
3 294 293 257 
3 294 319 293 
3 319 339 355 
3 410 357 355 
3 408 357 410 
3 408 461 457 
3 457 528 510 
3 569 562 510 
3 631 562 641 
3 2051 2093 1981 
3 2189 2093 2156 
3 1876 1950 1981 
3 1876 1767 1846 
3 1767 1662 1737 
3 1629 1662 1548 
3 1438 1520 1548 
3 1295 1373 1408 
3 1438 1408 1520 
3 1190 1264 1295 
3 1074 1162 1190 
3 970 1063 1074 
3 2274 2189 2255 
3 862 958 970 
3 862 766 855 
3 760 766 671 
3 721 709 641 
3 792 784 721 
3 861 857 792 
3 952 949 861 
3 1037 1036 952 
3 1128 1126 1037 
3 1219 1128 1225 
3 1318 1315 1225 
3 1416 1318 1419 
3 1517 1419 1521 
3 1619 1617 1521 
3 1720 1716 1619 
3 1816 1720 1723 
3 2011 1918 2016 
3 1821 1918 1915 
3 2098 2016 2100 
3 1821 1816 1723 
3 2160 2165 2100 
3 2224 2233 2160 
3 2292 2306 2224 
3 2366 2422 2441 
3 2366 2292 2345 
3 2422 2502 2441 
3 2549 2502 2481 
3 2616 2620 2549 
3 2674 2620 2616 
3 2745 2674 2680 
3 2802 2745 2768 
3 2802 2820 2827 
3 2849 2827 2857 
3 2836 2849 2868 
3 2815 2836 2850 
3 2815 2810 2762 
3 2615 2612 2685 
3 2762 2682 2685 
3 2538 2612 2615 
3 2541 2473 2538 
3 2411 2473 2479 
3 2342 2411 2423 
3 2274 2342 2351 
3 576 654 666 
3 671 666 760 
3 576 515 549 
3 515 450 549 
3 369 455 450 
3 369 291 372 
3 299 291 232 
3 205 243 232 
3 205 222 243 
3 222 229 248 
3 229 253 257 
3 257 253 294 
3 294 339 319 
3 355 339 398 
3 398 410 355 
3 410 461 408 
3 457 461 528 
3 510 528 569 
3 641 562 569 
3 1981 2093 2018 
3 2117 2093 2189 
3 1981 1931 1876 
3 1827 1767 1876 
3 1713 1662 1767 
3 1548 1662 1595 
3 1473 1438 1548 
3 1332 1295 1408 
3 1332 1408 1438 
3 1295 1217 1190 
3 1190 1099 1074 
3 993 970 1074 
3 2274 2195 2189 
3 862 970 878 
3 772 766 862 
3 671 766 677 
3 721 641 649 
3 792 721 725 
3 861 792 799 
3 861 867 952 
3 1037 952 956 
3 1037 1038 1128 
3 1225 1128 1132 
3 1318 1225 1227 
3 1419 1318 1322 
3 1521 1419 1421 
3 1619 1521 1523 
3 1619 1622 1720 
3 1720 1622 1723 
3 2016 1918 1924 
3 1826 1918 1821 
3 2100 2016 2020 
3 1723 1725 1821 
3 2160 2100 2092 
3 2160 2146 2224 
3 2292 2224 2215 
3 2345 2422 2366 
3 2345 2292 2268 
3 2481 2502 2422 
3 2481 2537 2549 
3 2549 2537 2616 
3 2680 2674 2616 
3 2745 2680 2768 
3 2768 2820 2802 
3 2827 2820 2857 
3 2849 2857 2868 
3 2850 2836 2868 
3 2815 2850 2810 
3 2762 2810 2751 
3 2685 2682 2615 
3 2751 2682 2762 
3 2615 2541 2538 
3 2479 2473 2541 
3 2423 2411 2479 
3 2351 2342 2423 
3 2258 2274 2351 
3 576 666 586 
3 586 666 671 
3 506 515 576 
3 437 450 515 
3 359 369 450 
3 289 291 369 
3 291 223 232 
3 191 205 232 
3 204 222 205 
3 204 229 222 
3 224 253 229 
3 294 253 313 
3 294 330 339 
3 398 339 381 
3 453 410 398 
3 453 461 410 
3 528 461 522 
3 569 528 573 
3 649 641 569 
3 2018 2093 2117 
3 2018 1931 1981 
3 2189 2195 2117 
3 1876 1931 1827 
3 1713 1767 1827 
3 1595 1662 1713 
3 1473 1548 1595 
3 1359 1438 1473 
3 1332 1217 1295 
3 1359 1332 1438 
3 1190 1217 1099 
3 1099 993 1074 
3 878 970 993 
3 2258 2195 2274 
3 878 772 862 
3 677 766 772 
3 677 593 671 
3 725 721 649 
3 799 792 725 
3 799 867 861 
3 952 867 956 
3 956 1038 1037 
3 1128 1038 1132 
3 1227 1225 1132 
3 1322 1318 1227 
3 1421 1419 1322 
3 1523 1521 1421 
3 1523 1622 1619 
3 1723 1622 1627 
3 1924 1918 1826 
3 2020 2016 1924 
3 1725 1826 1821 
3 2100 2020 2092 
3 1723 1627 1725 
3 2092 2146 2160 
3 2224 2146 2215 
3 2268 2292 2215 
3 2408 2422 2345 
3 2327 2345 2268 
3 2481 2422 2408 
3 2461 2537 2481 
3 2616 2537 2613 
3 2616 2613 2680 
3 2768 2680 2698 
3 2794 2820 2768 
3 2857 2820 2853 
3 2868 2857 2874 
3 2850 2868 2873 
3 2810 2850 2841 
3 2751 2810 2779 
3 2615 2682 2602 
3 2658 2682 2751 
3 2602 2541 2615 
3 2479 2541 2513 
3 2423 2479 2513 
3 2351 2423 2425 
3 2258 2351 2326 
3 506 576 586 
3 593 586 671 
3 506 437 515 
3 359 450 437 
3 289 369 359 
3 289 223 291 
3 232 223 191 
3 180 205 191 
3 204 205 180 
3 224 229 204 
3 275 253 224 
3 313 253 275 
3 330 294 313 
3 381 339 330 
3 398 381 447 
3 453 398 447 
3 522 461 453 
3 573 528 522 
3 649 569 573 
3 2018 2117 2027 
3 1868 1931 2018 
3 2117 2195 2081 
3 1827 1931 1868 
3 1761 1713 1827 
3 1595 1713 1646 
3 1564 1473 1595 
3 1403 1359 1473 
3 1249 1217 1332 
3 1359 1249 1332 
3 1099 1217 1141 
3 1018 993 1099 
3 906 878 993 
3 2143 2195 2258 
3 785 772 878 
3 677 772 682 
3 595 593 677 
3 725 649 650 
3 799 725 730 
3 806 867 799 
3 956 867 875 
3 959 1038 956 
3 1132 1038 1044 
3 1132 1137 1227 
3 1231 1322 1227 
3 1421 1322 1326 
3 1421 1424 1523 
3 1526 1622 1523 
3 1627 1622 1526 
3 1924 1826 1831 
3 2020 1924 1928 
3 1731 1826 1725 
3 2020 2021 2092 
3 1725 1627 1631 
3 2078 2146 2092 
3 2215 2146 2131 
3 2268 2215 2194 
3 2408 2345 2327 
3 2268 2240 2327 
3 2461 2481 2408 
3 2529 2537 2461 
3 2613 2537 2529 
3 2680 2613 2698 
3 2768 2698 2794 
3 2853 2820 2794 
3 2874 2857 2853 
3 2868 2874 2873 
3 2841 2850 2873 
3 2779 2810 2841 
3 2779 2672 2751 
3 2602 2682 2658 
3 2672 2658 2751 
3 2513 2541 2602 
3 2423 2513 2425 
3 2326 2351 2425 
3 2326 2217 2258 
3 511 506 586 
3 511 586 593 
3 432 437 506 
3 354 359 437 
3 289 359 285 
3 220 223 289 
3 191 223 189 
3 178 180 191 
3 180 202 204 
3 202 224 204 
3 275 224 250 
3 343 313 275 
3 365 330 313 
3 365 381 330 
3 447 381 430 
3 447 512 453 
3 512 522 453 
3 573 522 572 
3 650 649 573 
3 2027 2117 2081 
3 1933 2018 2027 
3 1933 1868 2018 
3 2081 2195 2143 
3 1827 1868 1761 
3 1646 1713 1761 
3 1646 1564 1595 
3 1564 1403 1473 
3 1290 1359 1403 
3 1141 1217 1249 
3 1290 1249 1359 
3 1018 1099 1141 
3 906 993 1018 
3 785 878 906 
3 2217 2143 2258 
3 682 772 785 
3 595 677 682 
3 509 593 595 
3 730 725 650 
3 799 730 806 
3 875 867 806 
3 875 959 956 
3 1044 1038 959 
3 1044 1137 1132 
3 1227 1137 1231 
3 1326 1322 1231 
3 1326 1424 1421 
3 1523 1424 1526 
3 1627 1526 1527 
3 1831 1826 1731 
3 1928 1924 1831 
3 1928 2021 2020 
3 1731 1725 1631 
3 2092 2021 2078 
3 1631 1627 1527 
3 2131 2146 2078 
3 2215 2131 2194 
3 2194 2240 2268 
3 2383 2408 2327 
3 2327 2240 2298 
3 2461 2408 2383 
3 2529 2461 2448 
3 2614 2613 2529 
3 2698 2613 2614 
3 2794 2698 2707 
3 2853 2794 2830 
3 2870 2874 2853 
3 2873 2874 2882 
3 2873 2832 2841 
3 2779 2841 2749 
3 2626 2672 2779 
3 2602 2658 2568 
3 2579 2658 2672 
3 2568 2513 2602 
3 2425 2513 2507 
3 2425 2395 2326 
3 2285 2217 2326 
3 432 506 511 
3 511 593 509 
3 354 437 432 
3 285 359 354 
3 220 289 285 
3 189 223 220 
3 178 191 189 
3 184 180 178 
3 184 202 180 
3 250 224 202 
3 275 250 328 
3 328 343 275 
3 365 313 343 
3 430 381 365 
3 447 430 496 
3 496 512 447 
3 572 522 512 
3 572 650 573 
3 2027 2081 1969 
3 1969 1933 2027 
3 1820 1868 1933 
3 2081 2143 2039 
3 1761 1868 1820 
3 1708 1646 1761 
3 1507 1564 1646 
3 1507 1403 1564 
3 1403 1338 1290 
3 1141 1249 1169 
3 1169 1249 1290 
3 1062 1018 1141 
3 933 906 1018 
3 804 785 906 
3 2113 2143 2217 
3 785 688 682 
3 596 595 682 
3 508 509 595 
3 650 652 730 
3 730 734 806 
3 875 806 811 
3 885 959 875 
3 1044 959 961 
3 1046 1137 1044 
3 1231 1137 1139 
3 1326 1231 1234 
3 1330 1424 1326 
3 1526 1424 1428 
3 1527 1526 1428 
3 1831 1731 1736 
3 1928 1831 1835 
3 1934 2021 1928 
3 1731 1631 1634 
3 2078 2021 2017 
3 1534 1631 1527 
3 2131 2078 2064 
3 2194 2131 2112 
3 2151 2240 2194 
3 2383 2327 2298 
3 2298 2240 2216 
3 2448 2461 2383 
3 2522 2529 2448 
3 2614 2529 2522 
3 2707 2698 2614 
3 2794 2707 2798 
3 2830 2794 2798 
3 2870 2853 2830 
3 2882 2874 2870 
3 2882 2832 2873 
3 2841 2832 2749 
3 2749 2626 2779 
3 2543 2672 2626 
3 2568 2658 2579 
3 2579 2672 2543 
3 2507 2513 2568 
3 2425 2507 2395 
3 2326 2395 2285 
3 2171 2217 2285 
3 429 432 511 
3 429 511 509 
3 432 352 354 
3 354 279 285 
3 285 215 220 
3 182 189 220 
3 175 178 189 
3 179 184 178 
3 230 202 184 
3 230 250 202 
3 328 250 317 
3 404 343 328 
3 421 365 343 
3 421 430 365 
3 496 430 481 
3 567 512 496 
3 572 512 567 
3 572 652 650 
3 2081 2039 1969 
3 1969 1863 1933 
3 1933 1863 1820 
3 2039 2143 2113 
3 1708 1761 1820 
3 1708 1594 1646 
3 1646 1594 1507 
3 1403 1507 1445 
3 1290 1338 1223 
3 1445 1338 1403 
3 1062 1141 1169 
3 1223 1169 1290 
3 933 1018 1062 
3 804 906 933 
3 804 688 785 
3 2113 2217 2171 
3 682 688 596 
3 508 595 596 
3 427 509 508 
3 730 652 734 
3 806 734 811 
3 811 885 875 
3 961 959 885 
3 1046 1044 961 
3 1139 1137 1046 
3 1234 1231 1139 
3 1234 1330 1326 
3 1428 1424 1330 
3 1527 1428 1432 
3 1736 1731 1634 
3 1835 1831 1736 
3 1934 1928 1835 
3 2017 2021 1934 
3 1634 1631 1534 
3 2078 2017 2064 
3 1432 1534 1527 
3 2112 2131 2064 
3 2151 2194 2112 
3 2216 2240 2151 
3 2383 2298 2360 
3 2298 2216 2273 
3 2448 2383 2360 
3 2522 2448 2430 
3 2614 2522 2604 
3 2707 2614 2604 
3 2798 2707 2695 
3 2830 2798 2839 
3 2870 2830 2839 
3 2882 2870 2828 
3 2764 2832 2882 
3 2749 2832 2647 
3 2562 2626 2749 
3 2543 2626 2495 
3 2568 2579 2507 
3 2465 2579 2543 
3 2395 2507 2465 
3 2285 2395 2350 
3 2171 2285 2231 
3 429 352 432 
3 427 429 509 
3 352 279 354 
3 279 215 285 
3 220 215 182 
3 175 189 182 
3 179 178 175 
3 208 184 179 
3 208 230 184 
3 317 250 230 
3 328 317 388 
3 388 404 328 
3 404 421 343 
3 481 430 421 
3 481 559 496 
3 496 559 567 
3 567 652 572 
3 1969 2039 1936 
3 1936 1863 1969 
3 1863 1758 1820 
3 1991 2039 2113 
3 1820 1758 1708 
3 1650 1594 1708 
3 1594 1483 1507 
3 1483 1445 1507 
3 1223 1338 1262 
3 1377 1338 1445 
3 1169 1102 1062 
3 1223 1102 1169 
3 955 933 1062 
3 804 933 844 
3 706 688 804 
3 2171 2049 2113 
3 596 688 603 
3 596 520 508 
3 508 436 427 
3 734 652 651 
3 811 734 746 
3 819 885 811 
3 961 885 892 
3 1046 961 964 
3 1139 1046 1050 
3 1139 1142 1234 
3 1236 1330 1234 
3 1428 1330 1336 
3 1432 1428 1336 
3 1634 1640 1736 
3 1736 1741 1835 
3 1934 1835 1840 
3 1934 1932 2017 
3 1634 1534 1539 
3 2064 2017 2009 
3 1440 1534 1432 
3 2112 2064 2057 
3 2112 2057 2151 
3 2125 2216 2151 
3 2360 2298 2273 
3 2273 2216 2183 
3 2430 2448 2360 
3 2505 2522 2430 
3 2604 2522 2505 
3 2707 2604 2695 
3 2773 2798 2695 
3 2839 2798 2773 
3 2870 2839 2828 
3 2764 2882 2828 
3 2647 2832 2764 
3 2562 2749 2647 
3 2495 2626 2562 
3 2420 2543 2495 
3 2507 2579 2465 
3 2465 2543 2420 
3 2350 2395 2465 
3 2231 2285 2350 
3 2231 2123 2171 
3 346 352 429 
3 427 346 429 
3 262 279 352 
3 206 215 279 
3 182 215 173 
3 175 182 166 
3 172 179 175 
3 208 179 197 
3 252 230 208 
3 323 317 230 
3 388 317 385 
3 464 404 388 
3 474 421 404 
3 474 481 421 
3 551 559 481 
3 567 559 651 
3 651 652 567 
3 1936 2039 1991 
3 1825 1863 1936 
3 1825 1758 1863 
3 2049 1991 2113 
3 1708 1758 1650 
3 1541 1594 1650 
3 1541 1483 1594 
3 1377 1445 1483 
3 1262 1338 1377 
3 1262 1155 1223 
3 1062 1102 996 
3 1155 1102 1223 
3 955 1062 996 
3 844 933 955 
3 844 706 804 
3 603 688 706 
3 2123 2049 2171 
3 603 520 596 
3 520 436 508 
3 427 436 348 
3 746 734 651 
3 811 746 819 
3 892 885 819 
3 964 961 892 
3 1050 1046 964 
3 1050 1142 1139 
3 1234 1142 1236 
3 1336 1330 1236 
3 1432 1336 1341 
3 1736 1640 1741 
3 1539 1640 1634 
3 1835 1741 1840 
3 1840 1932 1934 
3 2017 1932 2009 
3 1539 1534 1440 
3 2064 2009 2057 
3 1440 1432 1341 
3 2151 2057 2125 
3 2183 2216 2125 
3 2337 2360 2273 
3 2237 2273 2183 
3 2430 2360 2337 
3 2505 2430 2407 
3 2604 2505 2581 
3 2695 2604 2581 
3 2695 2631 2773 
3 2839 2773 2755 
3 2828 2839 2755 
3 2764 2828 2653 
3 2647 2764 2570 
3 2562 2647 2503 
3 2433 2495 2562 
3 2420 2495 2367 
3 2350 2465 2420 
3 2231 2350 2304 
3 2190 2123 2231 
3 262 352 346 
3 348 346 427 
3 206 279 262 
3 173 215 206 
3 166 182 173 
3 166 172 175 
3 197 179 172 
3 246 208 197 
3 246 252 208 
3 323 230 252 
3 385 317 323 
3 458 388 385 
3 458 464 388 
3 464 474 404 
3 551 481 474 
3 622 559 551 
3 651 559 622 
3 1991 1872 1936 
3 1872 1825 1936 
3 1712 1758 1825 
3 1943 1991 2049 
3 1650 1758 1712 
3 1601 1541 1650 
3 1434 1483 1541 
3 1377 1483 1434 
3 1327 1262 1377 
3 1210 1155 1262 
3 996 1102 1047 
3 1047 1102 1155 
3 996 883 955 
3 955 883 844 
3 771 706 844 
3 616 603 706 
3 2013 2049 2123 
3 530 520 603 
3 448 436 520 
3 348 436 361 
3 668 746 651 
3 819 746 750 
3 892 819 821 
3 964 892 894 
3 1050 964 965 
3 1055 1142 1050 
3 1236 1142 1145 
3 1336 1236 1240 
3 1341 1336 1240 
3 1741 1640 1644 
3 1546 1640 1539 
3 1840 1741 1747 
3 1843 1932 1840 
3 2009 1932 1922 
3 1539 1440 1448 
3 2057 2009 1965 
3 1440 1341 1347 
3 2125 2057 2033 
3 2183 2125 2087 
3 2337 2273 2237 
3 2237 2183 2138 
3 2407 2430 2337 
3 2464 2505 2407 
3 2581 2505 2464 
3 2695 2581 2631 
3 2631 2636 2773 
3 2773 2636 2755 
3 2828 2755 2653 
3 2570 2764 2653 
3 2503 2647 2570 
3 2503 2433 2562 
3 2367 2495 2433 
3 2304 2420 2367 
3 2304 2350 2420 
3 2231 2304 2190 
3 2060 2123 2190 
3 261 262 346 
3 261 346 348 
3 196 206 262 
3 173 206 159 
3 166 173 141 
3 166 148 172 
3 177 197 172 
3 233 246 197 
3 321 252 246 
3 321 323 252 
3 383 385 323 
3 452 458 385 
3 535 464 458 
3 546 474 464 
3 546 551 474 
3 615 622 551 
3 622 668 651 
3 1943 1872 1991 
3 1763 1825 1872 
3 1763 1712 1825 
3 2013 1943 2049 
3 1712 1601 1650 
3 1485 1541 1601 
3 1434 1541 1485 
3 1327 1377 1434 
3 1210 1262 1327 
3 1100 1155 1210 
3 1047 938 996 
3 1047 1155 1100 
3 938 883 996 
3 844 883 771 
3 708 706 771 
3 616 706 708 
3 530 603 616 
3 2013 2123 2060 
3 448 520 530 
3 361 436 448 
3 271 348 361 
3 750 746 668 
3 821 819 750 
3 894 892 821 
3 965 964 894 
3 1055 1050 965 
3 1145 1142 1055 
3 1240 1236 1145 
3 1341 1240 1246 
3 1644 1640 1546 
3 1747 1741 1644 
3 1546 1539 1448 
3 1843 1840 1747 
3 1922 1932 1843 
3 2009 1922 1965 
3 1448 1440 1347 
3 2033 2057 1965 
3 1347 1341 1246 
3 2087 2125 2033 
3 2138 2183 2087 
3 2337 2237 2302 
3 2204 2237 2138 
3 2407 2337 2302 
3 2407 2348 2464 
3 2464 2516 2581 
3 2581 2516 2631 
3 2566 2636 2631 
3 2755 2636 2571 
3 2653 2755 2571 
3 2653 2506 2570 
3 2503 2570 2439 
3 2373 2433 2503 
3 2367 2433 2313 
3 2249 2304 2367 
3 2190 2304 2249 
3 2060 2190 2128 
3 196 262 261 
3 271 261 348 
3 159 206 196 
3 141 173 159 
3 141 148 166 
3 172 148 177 
3 233 197 177 
3 309 246 233 
3 309 321 246 
3 383 323 321 
3 452 385 383 
3 529 458 452 
3 529 535 458 
3 535 546 464 
3 615 551 546 
3 672 622 615 
3 672 668 622 
3 1830 1872 1943 
3 1763 1872 1830 
3 1656 1712 1763 
3 1888 1943 2013 
3 1656 1601 1712 
3 1485 1601 1544 
3 1374 1434 1485 
3 1374 1327 1434 
3 1261 1210 1327 
3 1157 1100 1210 
3 999 938 1047 
3 1047 1100 999 
3 834 883 938 
3 771 883 834 
3 708 771 723 
3 630 616 708 
3 530 616 539 
3 1951 2013 2060 
3 472 448 530 
3 448 391 361 
3 298 271 361 
3 750 668 672 
3 750 751 821 
3 894 821 822 
3 965 894 895 
3 965 969 1055 
3 1145 1055 1059 
3 1240 1145 1150 
3 1246 1240 1150 
3 1559 1644 1546 
3 1747 1644 1660 
3 1448 1454 1546 
3 1756 1843 1747 
3 1850 1922 1843 
3 1965 1922 1874 
3 1448 1347 1357 
3 2033 1965 1937 
3 1347 1246 1255 
3 2087 2033 1979 
3 2138 2087 2041 
3 2302 2237 2204 
3 2204 2138 2097 
3 2302 2348 2407 
3 2464 2348 2388 
3 2388 2516 2464 
3 2631 2516 2566 
3 2497 2636 2566 
3 2571 2636 2497 
3 2571 2506 2653 
3 2570 2506 2439 
3 2439 2373 2503 
3 2313 2433 2373 
3 2367 2313 2249 
3 2128 2190 2249 
3 2024 2060 2128 
3 199 196 261 
3 199 261 271 
3 196 149 159 
3 159 127 141 
3 128 148 141 
3 177 148 150 
3 203 233 177 
3 278 309 233 
3 378 321 309 
3 378 383 321 
3 451 452 383 
3 521 529 452 
3 529 592 535 
3 605 546 535 
3 615 546 605 
3 669 672 615 
3 1830 1943 1888 
3 1719 1763 1830 
3 1719 1656 1763 
3 1951 1888 2013 
3 1544 1601 1656 
3 1437 1485 1544 
3 1437 1374 1485 
3 1261 1327 1374 
3 1157 1210 1261 
3 1054 1100 1157 
3 880 938 999 
3 999 1100 1054 
3 834 938 880 
3 723 771 834 
3 723 630 708 
3 539 616 630 
3 472 530 539 
3 2024 1951 2060 
3 472 391 448 
3 361 391 298 
3 212 271 298 
3 672 751 750 
3 821 751 822 
3 895 894 822 
3 895 969 965 
3 1055 969 1059 
3 1150 1145 1059 
3 1150 1153 1246 
3 1546 1454 1559 
3 1660 1644 1559 
3 1747 1660 1756 
3 1448 1357 1454 
3 1850 1843 1756 
3 1874 1922 1850 
3 1965 1874 1937 
3 1357 1347 1255 
3 2033 1937 1979 
3 1246 1153 1255 
3 2087 1979 2041 
3 2097 2138 2041 
3 2302 2204 2232 
3 2204 2097 2124 
3 2232 2348 2302 
3 2388 2348 2267 
3 2429 2516 2388 
3 2566 2516 2429 
3 2566 2429 2497 
3 2571 2497 2436 
3 2571 2436 2506 
3 2439 2506 2377 
3 2317 2373 2439 
3 2313 2373 2257 
3 2249 2313 2199 
3 2199 2128 2249 
3 2024 2128 2074 
3 144 196 199 
3 212 199 271 
3 149 127 159 
3 149 196 144 
3 141 127 128 
3 150 148 128 
3 203 177 150 
3 278 233 203 
3 278 363 309 
3 309 363 378 
3 451 383 378 
3 521 452 451 
3 582 529 521 
3 535 592 605 
3 582 592 529 
3 605 669 615 
3 669 751 672 
3 1770 1830 1888 
3 1719 1830 1770 
3 1605 1656 1719 
3 1951 1842 1888 
3 1605 1544 1656 
3 1488 1437 1544 
3 1328 1374 1437 
3 1328 1261 1374 
3 1157 1261 1212 
3 1101 1054 1157 
3 880 999 940 
3 940 999 1054 
3 834 880 765 
3 834 765 723 
3 670 630 723 
3 539 630 588 
3 439 472 539 
3 2024 1905 1951 
3 439 391 472 
3 298 391 341 
3 242 212 298 
3 822 751 748 
3 895 822 818 
3 897 969 895 
3 1059 969 973 
3 1150 1059 1065 
3 1065 1153 1150 
3 1454 1471 1559 
3 1575 1660 1559 
3 1756 1660 1676 
3 1454 1357 1369 
3 1756 1777 1850 
3 1777 1874 1850 
3 1937 1874 1823 
3 1255 1267 1357 
3 1979 1937 1871 
3 1255 1153 1168 
3 2041 1979 1939 
3 2041 1967 2097 
3 2204 2124 2232 
3 2097 2019 2124 
3 2267 2348 2232 
3 2308 2388 2267 
3 2429 2388 2308 
3 2497 2429 2357 
3 2497 2357 2436 
3 2506 2436 2377 
3 2439 2377 2317 
3 2257 2373 2317 
3 2199 2313 2257 
3 2074 2128 2199 
3 1958 2024 2074 
3 153 144 199 
3 153 199 212 
3 117 127 149 
3 117 149 144 
3 128 127 106 
3 128 124 150 
3 169 203 150 
3 238 278 203 
3 336 363 278 
3 378 363 442 
3 442 451 378 
3 517 521 451 
3 582 521 579 
3 605 592 664 
3 661 592 582 
3 664 669 605 
3 748 751 669 
3 1888 1842 1770 
3 1770 1661 1719 
3 1661 1605 1719 
3 1905 1842 1951 
3 1488 1544 1605 
3 1378 1437 1488 
3 1378 1328 1437 
3 1212 1261 1328 
3 1212 1101 1157 
3 995 1054 1101 
3 828 880 940 
3 940 1054 995 
3 765 880 828 
3 765 670 723 
3 588 630 670 
3 539 588 518 
3 439 539 518 
3 1958 1905 2024 
3 341 391 439 
3 298 341 242 
3 174 212 242 
3 822 748 818 
3 897 895 818 
3 973 969 897 
3 1059 973 1065 
3 1071 1153 1065 
3 1471 1575 1559 
3 1454 1369 1471 
3 1676 1660 1575 
3 1676 1777 1756 
3 1357 1267 1369 
3 1823 1874 1777 
3 1937 1823 1871 
3 1168 1267 1255 
3 1939 1979 1871 
3 1168 1153 1071 
3 1939 1967 2041 
3 2097 1967 2019 
3 2232 2124 2145 
3 2124 2019 2038 
3 2145 2267 2232 
3 2197 2308 2267 
3 2357 2429 2308 
3 2436 2357 2318 
3 2436 2318 2377 
3 2317 2377 2262 
3 2257 2317 2207 
3 2199 2257 2135 
3 2135 2074 2199 
3 2074 2028 1958 
3 115 144 153 
3 153 212 174 
3 106 127 117 
3 117 144 115 
3 106 124 128 
3 150 124 169 
3 238 203 169 
3 336 278 238 
3 423 363 336 
3 442 363 423 
3 517 451 442 
3 579 521 517 
3 579 659 582 
3 664 592 661 
3 659 661 582 
3 664 748 669 
3 1842 1727 1770 
3 1727 1661 1770 
3 1547 1605 1661 
3 1781 1842 1905 
3 1547 1488 1605 
3 1441 1378 1488 
3 1263 1328 1378 
3 1212 1328 1263 
3 1156 1101 1212 
3 995 1101 1049 
3 828 940 871 
3 871 940 995 
3 828 710 765 
3 710 670 765 
3 710 588 670 
3 518 588 640 
3 518 434 439 
3 1851 1905 1958 
3 434 341 439 
3 242 341 353 
3 269 174 242 
3 818 748 743 
3 897 818 816 
3 899 973 897 
3 1065 973 978 
3 1071 1065 978 
3 1471 1500 1575 
3 1471 1369 1395 
3 1575 1611 1676 
3 1715 1777 1676 
3 1369 1267 1293 
3 1823 1777 1715 
3 1871 1823 1745 
3 1191 1267 1168 
3 1939 1871 1828 
3 1168 1071 1089 
3 1939 1859 1967 
3 2019 1967 1900 
3 2145 2124 2038 
3 2038 2019 1930 
3 2145 2197 2267 
3 2226 2308 2197 
3 2357 2308 2226 
3 2318 2357 2282 
3 2377 2318 2262 
3 2317 2262 2207 
3 2257 2207 2135 
3 2135 2028 2074 
3 1958 2028 1913 
3 126 115 153 
3 153 174 126 
3 101 106 117 
3 101 117 115 
3 104 124 106 
3 169 124 133 
3 169 193 238 
3 238 292 336 
3 423 336 402 
3 502 442 423 
3 502 517 442 
3 579 517 575 
3 657 659 579 
3 743 664 661 
3 740 661 659 
3 743 748 664 
3 1781 1727 1842 
3 1615 1661 1727 
3 1615 1547 1661 
3 1851 1781 1905 
3 1441 1488 1547 
3 1333 1378 1441 
3 1333 1263 1378 
3 1263 1156 1212 
3 1049 1101 1156 
3 932 995 1049 
3 828 871 761 
3 932 871 995 
3 761 710 828 
3 640 588 710 
3 640 564 518 
3 564 434 518 
3 1913 1851 1958 
3 353 341 434 
3 353 269 242 
3 194 174 269 
3 816 818 743 
3 816 899 897 
3 978 973 899 
3 978 997 1071 
3 1575 1500 1611 
3 1395 1500 1471 
3 1369 1293 1395 
3 1676 1611 1715 
3 1293 1267 1191 
3 1745 1823 1715 
3 1871 1745 1774 
3 1191 1168 1089 
3 1871 1774 1828 
3 1828 1859 1939 
3 1071 997 1089 
3 1967 1859 1900 
3 1930 2019 1900 
3 2065 2145 2038 
3 2038 1930 1955 
3 2065 2197 2145 
3 2226 2197 2121 
3 2282 2357 2226 
3 2214 2318 2282 
3 2262 2318 2214 
3 2207 2262 2142 
3 2135 2207 2089 
3 2089 2028 2135 
3 2028 1963 1913 
3 96 115 126 
3 126 174 194 
3 104 106 101 
3 96 101 115 
3 133 124 104 
3 133 193 169 
3 193 292 238 
3 336 292 402 
3 484 423 402 
3 484 502 423 
3 575 517 502 
3 657 579 575 
3 742 659 657 
3 740 743 661 
3 742 740 659 
3 1668 1727 1781 
3 1668 1615 1727 
3 1494 1547 1615 
3 1735 1781 1851 
3 1494 1441 1547 
3 1383 1333 1441 
3 1215 1263 1333 
3 1215 1156 1263 
3 1049 1156 1098 
3 992 932 1049 
3 761 871 824 
3 824 871 932 
3 640 710 761 
3 640 700 564 
3 501 434 564 
3 1799 1851 1913 
3 353 434 501 
3 443 269 353 
3 269 375 194 
3 816 743 740 
3 820 899 816 
3 978 899 907 
3 907 997 978 
3 1611 1500 1530 
3 1423 1500 1395 
3 1395 1293 1316 
3 1715 1611 1636 
3 1206 1293 1191 
3 1636 1745 1715 
3 1774 1745 1670 
3 1191 1089 1105 
3 1828 1774 1718 
3 1753 1859 1828 
3 1089 997 1007 
3 1900 1859 1785 
3 1900 1819 1930 
3 1955 2065 2038 
3 1955 1930 1845 
3 2121 2197 2065 
3 2226 2121 2157 
3 2157 2282 2226 
3 2214 2282 2157 
3 2262 2214 2142 
3 2207 2142 2089 
3 2089 1963 2028 
3 1913 1963 1854 
3 126 135 96 
3 194 135 126 
3 104 101 94 
3 94 101 96 
3 110 133 104 
3 155 193 133 
3 239 292 193 
3 402 292 358 
3 402 467 484 
3 566 502 484 
3 566 575 502 
3 656 657 575 
3 657 745 742 
3 820 740 742 
3 1735 1668 1781 
3 1556 1615 1668 
3 1556 1494 1615 
3 1735 1851 1799 
3 1383 1441 1494 
3 1266 1333 1383 
3 1266 1215 1333 
3 1098 1156 1215 
3 992 1049 1098 
3 868 932 992 
3 824 700 761 
3 824 932 868 
3 761 700 640 
3 564 700 636 
3 636 501 564 
3 1913 1854 1799 
3 443 353 501 
3 443 375 269 
3 375 296 194 
3 820 816 740 
3 907 899 820 
3 911 997 907 
3 1530 1500 1423 
3 1636 1611 1530 
3 1395 1316 1423 
3 1316 1293 1206 
3 1105 1206 1191 
3 1670 1745 1636 
3 1718 1774 1670 
3 1089 1007 1105 
3 1753 1828 1718 
3 1785 1859 1753 
3 1007 997 911 
3 1785 1819 1900 
3 1930 1819 1845 
3 2005 2065 1955 
3 1955 1845 1881 
3 2005 2121 2065 
3 2157 2121 2044 
3 2107 2214 2157 
3 2142 2214 2107 
3 2089 2142 2036 
3 2036 1963 2089 
3 1963 1925 1854 
3 96 135 108 
3 296 135 194 
3 94 110 104 
3 108 94 96 
3 110 155 133 
3 239 193 155 
3 358 292 239 
3 358 467 402 
3 484 467 557 
3 566 484 557 
3 566 656 575 
3 656 745 657 
3 742 745 827 
3 827 820 742 
3 1624 1668 1735 
3 1624 1556 1668 
3 1447 1494 1556 
3 1799 1673 1735 
3 1447 1383 1494 
3 1337 1266 1383 
3 1160 1215 1266 
3 1098 1215 1160 
3 1052 992 1098 
3 868 992 936 
3 758 700 824 
3 868 758 824 
3 636 700 758 
3 568 501 636 
3 1854 1742 1799 
3 443 501 568 
3 524 375 443 
3 462 296 375 
3 907 820 827 
3 827 911 907 
3 1530 1423 1451 
3 1561 1636 1530 
3 1423 1316 1345 
3 1316 1206 1242 
3 1136 1206 1105 
3 1670 1636 1561 
3 1670 1604 1718 
3 1105 1007 1026 
3 1718 1641 1753 
3 1753 1675 1785 
3 1007 911 920 
3 1785 1722 1819 
3 1845 1819 1730 
3 2005 1955 1881 
3 1881 1845 1766 
3 2044 2121 2005 
3 2157 2044 2107 
3 2142 2107 2036 
3 2036 1925 1963 
3 1854 1925 1807 
3 108 135 226 
3 226 135 296 
3 116 110 94 
3 116 94 108 
3 134 155 110 
3 192 239 155 
3 358 239 318 
3 438 467 358 
3 557 467 543 
3 566 557 648 
3 648 656 566 
3 739 745 656 
3 827 745 830 
3 1673 1624 1735 
3 1508 1556 1624 
3 1508 1447 1556 
3 1742 1673 1799 
3 1337 1383 1447 
3 1224 1266 1337 
3 1224 1160 1266 
3 1098 1160 1052 
3 936 992 1052 
3 936 823 868 
3 868 823 758 
3 701 636 758 
3 568 636 701 
3 1854 1807 1742 
3 568 524 443 
3 462 375 524 
3 409 296 462 
3 830 911 827 
3 1451 1423 1345 
3 1451 1561 1530 
3 1345 1316 1242 
3 1242 1206 1136 
3 1136 1105 1026 
3 1670 1561 1604 
3 1718 1604 1641 
3 1026 1007 920 
3 1753 1641 1675 
3 1785 1675 1722 
3 920 911 830 
3 1819 1722 1730 
3 1766 1845 1730 
3 2005 1881 1940 
3 1881 1766 1822 
3 1940 2044 2005 
3 2107 2044 1977 
3 2107 1977 2036 
3 2036 1977 1925 
3 1807 1925 1861 
3 226 181 108 
3 226 296 409 
3 134 110 116 
3 108 181 116 
3 192 155 134 
3 318 239 192 
3 438 358 318 
3 543 467 438 
3 543 635 557 
3 557 635 648 
3 648 739 656 
3 830 745 739 
3 1563 1624 1673 
3 1563 1508 1624 
3 1389 1447 1508 
3 1632 1673 1742 
3 1389 1337 1447 
3 1224 1337 1275 
3 1104 1160 1224 
3 1052 1160 1104 
3 998 936 1052 
3 872 823 936 
3 758 823 701 
3 643 568 701 
3 1807 1691 1742 
3 643 524 568 
3 585 462 524 
3 409 462 544 
3 1345 1370 1451 
3 1484 1561 1451 
3 1345 1242 1259 
3 1158 1242 1136 
3 1026 1051 1136 
3 1604 1561 1484 
3 1641 1604 1533 
3 920 929 1026 
3 1675 1641 1571 
3 1722 1675 1621 
3 920 830 832 
3 1730 1722 1666 
3 1652 1766 1730 
3 1940 1881 1822 
3 1822 1766 1705 
3 1977 2044 1940 
3 1925 1977 1861 
3 1752 1807 1861 
3 344 181 226 
3 409 344 226 
3 161 134 116 
3 116 181 161 
3 186 192 134 
3 318 192 283 
3 411 438 318 
3 514 543 438 
3 617 635 543 
3 648 635 731 
3 731 739 648 
3 832 830 739 
3 1632 1563 1673 
3 1452 1508 1563 
3 1452 1389 1508 
3 1742 1691 1632 
3 1275 1337 1389 
3 1224 1275 1161 
3 1104 1224 1161 
3 998 1052 1104 
3 998 872 936 
3 872 762 823 
3 823 762 701 
3 701 762 643 
3 1752 1691 1807 
3 643 585 524 
3 544 462 585 
3 544 477 409 
3 1451 1370 1484 
3 1345 1259 1370 
3 1259 1242 1158 
3 1136 1051 1158 
3 929 1051 1026 
3 1533 1604 1484 
3 1571 1641 1533 
3 920 832 929 
3 1675 1571 1621 
3 1666 1722 1621 
3 1730 1666 1609 
3 1730 1609 1652 
3 1705 1766 1652 
3 1861 1940 1822 
3 1752 1822 1705 
3 1861 1977 1940 
3 1861 1822 1752 
3 344 277 181 
3 477 344 409 
3 186 134 161 
3 181 277 161 
3 266 192 186 
3 283 192 266 
3 411 318 283 
3 514 438 411 
3 617 543 514 
3 718 635 617 
3 731 635 718 
3 832 739 731 
3 1632 1519 1563 
3 1563 1519 1452 
3 1343 1389 1452 
3 1632 1691 1572 
3 1343 1275 1389 
3 1161 1275 1232 
3 1057 1104 1161 
3 1057 998 1104 
3 998 943 872 
3 833 762 872 
3 762 711 643 
3 1639 1691 1752 
3 711 585 643 
3 655 544 585 
3 611 477 544 
3 1484 1370 1420 
3 1370 1259 1299 
3 1193 1259 1158 
3 1158 1051 1088 
3 923 1051 929 
3 1484 1420 1533 
3 1571 1533 1458 
3 929 832 825 
3 1621 1571 1513 
3 1621 1553 1666 
3 1666 1553 1609 
3 1609 1538 1652 
3 1705 1652 1585 
3 1752 1705 1639 
3 426 277 344 
3 426 344 477 
3 161 277 186 
3 266 186 345 
3 393 283 266 
3 411 283 393 
3 492 514 411 
3 597 617 514 
3 617 699 718 
3 718 825 731 
3 825 832 731 
3 1572 1519 1632 
3 1519 1397 1452 
3 1452 1397 1343 
3 1572 1691 1639 
3 1232 1275 1343 
3 1232 1115 1161 
3 1115 1057 1161 
3 1057 943 998 
3 943 833 872 
3 833 711 762 
3 655 585 711 
3 611 544 655 
3 555 477 611 
3 1420 1370 1299 
3 1299 1259 1193 
3 1193 1158 1088 
3 1088 1051 1006 
3 923 929 825 
3 1006 1051 923 
3 1533 1420 1458 
3 1513 1571 1458 
3 1513 1553 1621 
3 1609 1553 1487 
3 1652 1538 1585 
3 1487 1538 1609 
3 1639 1705 1585 
3 345 277 426 
3 426 477 555 
3 186 277 345 
3 428 266 345 
3 428 393 266 
3 393 492 411 
3 597 514 492 
3 597 699 617 
3 699 807 718 
3 807 825 718 
3 1572 1459 1519 
3 1519 1459 1397 
3 1343 1397 1289 
3 1572 1639 1528 
3 1343 1289 1232 
3 1232 1171 1115 
3 1115 1005 1057 
3 1005 943 1057 
3 891 833 943 
3 769 711 833 
3 655 711 769 
3 727 611 655 
3 611 667 555 
3 1349 1420 1299 
3 1299 1193 1239 
3 1124 1193 1088 
3 1006 1019 1088 
3 923 825 807 
3 1006 923 927 
3 1458 1420 1349 
3 1458 1393 1513 
3 1443 1553 1513 
3 1487 1553 1443 
3 1585 1538 1470 
3 1430 1538 1487 
3 1639 1585 1528 
3 495 345 426 
3 495 426 555 
3 495 428 345 
3 526 393 428 
3 526 492 393 
3 607 597 492 
3 693 699 597 
3 776 807 699 
3 1528 1459 1572 
3 1459 1350 1397 
3 1397 1350 1289 
3 1289 1171 1232 
3 1171 1064 1115 
3 1115 1064 1005 
3 1005 891 943 
3 891 769 833 
3 769 727 655 
3 727 667 611 
3 555 667 628 
3 1299 1239 1349 
3 1239 1193 1124 
3 1088 1019 1124 
3 927 1019 1006 
3 923 807 927 
3 1458 1349 1393 
3 1513 1393 1443 
3 1487 1443 1372 
3 1470 1538 1430 
3 1585 1470 1528 
3 1430 1487 1372 
3 628 495 555 
3 563 428 495 
3 526 428 563 
3 607 492 526 
3 693 597 607 
3 776 699 693 
3 860 807 776 
3 1414 1459 1528 
3 1414 1350 1459 
3 1289 1350 1241 
3 1289 1241 1171 
3 1171 1127 1064 
3 1064 951 1005 
3 1005 951 891 
3 841 769 891 
3 841 727 769 
3 787 667 727 
3 628 667 741 
3 1349 1239 1278 
3 1239 1124 1164 
3 1124 1019 1056 
3 948 1019 927 
3 927 807 860 
3 1393 1349 1278 
3 1443 1393 1334 
3 1443 1334 1372 
3 1470 1430 1360 
3 1528 1470 1414 
3 1312 1430 1372 
3 628 563 495 
3 644 526 563 
3 644 607 526 
3 693 607 722 
3 795 776 693 
3 776 863 860 
3 1296 1350 1414 
3 1241 1350 1296 
3 1241 1127 1171 
3 1127 1012 1064 
3 1012 951 1064 
3 951 841 891 
3 787 727 841 
3 741 667 787 
3 686 628 741 
3 1278 1239 1164 
3 1164 1124 1056 
3 1056 1019 948 
3 948 927 860 
3 1393 1278 1334 
3 1372 1334 1258 
3 1360 1430 1312 
3 1470 1360 1414 
3 1258 1312 1372 
3 686 563 628 
3 686 644 563 
3 722 607 644 
3 722 795 693 
3 795 863 776 
3 860 863 948 
3 1414 1360 1296 
3 1296 1186 1241 
3 1241 1186 1127 
3 1072 1012 1127 
3 904 951 1012 
3 904 841 951 
3 787 841 904 
3 853 741 787 
3 805 686 741 
3 1278 1164 1221 
3 1106 1164 1056 
3 1056 948 971 
3 1334 1278 1221 
3 1258 1334 1221 
3 1312 1251 1360 
3 1258 1198 1312 
3 759 644 686 
3 759 722 644 
3 722 837 795 
3 908 863 795 
3 948 863 971 
3 1360 1251 1296 
3 1296 1251 1186 
3 1186 1072 1127 
3 1072 963 1012 
3 1012 963 904 
3 904 853 787 
3 853 805 741 
3 805 759 686 
3 1221 1164 1106 
3 1106 1056 971 
3 1221 1152 1258 
3 1312 1198 1251 
3 1258 1152 1198 
3 759 837 722 
3 795 837 908 
3 971 863 908 
3 1251 1144 1186 
3 1186 1144 1072 
3 1072 1029 963 
3 963 853 904 
3 919 805 853 
3 805 864 759 
3 1106 1152 1221 
3 1106 971 1008 
3 1198 1144 1251 
3 1198 1152 1090 
3 864 837 759 
3 908 837 942 
3 1008 971 908 
3 1072 1144 1029 
3 963 1029 919 
3 919 853 963 
3 919 864 805 
3 1048 1152 1106 
3 1106 1008 1048 
3 1090 1144 1198 
3 1090 1152 1048 
3 942 837 864 
3 908 942 1008 
3 1029 1144 1090 
3 1029 979 919 
3 979 864 919 
3 1008 942 1048 
3 1090 1048 979 
3 979 942 864 
3 1090 979 1029 
3 1048 942 979 

