# vtk DataFile Version 4.2
vtk output
ASCII
DATASET POLYDATA
POINTS 3000 float
-184.293 -28.5077 -339.533 -183.816 -31.2763 -322.368 -183.66 -15.7052 -330.062 
-183.336 -44.6021 -331.253 -182.941 -17.851 -312.796 -182.773 59.7783 64.4925 
-182.745 -13.3782 -347.58 -182.438 -0.470155 -337.29 -182.257 66.4494 79.1329 
-182.125 74.9626 65.5387 -182.03 -32.9118 -305.185 -181.988 68.7742 51.0348 
-181.943 50.9286 78.4263 -181.681 53.4348 49.7559 -181.618 44.1487 63.62 
-181.607 -2.71349 -319.926 -181.586 -41.3428 -347.587 -181.405 -46.7532 -314.482 
-181.303 35.1875 77.6383 -181.22 -19.2991 -295.76 -181.099 -55.0783 -337.803 
-181.028 62.7675 36.0091 -180.843 42.511 92.4831 -180.598 -4.50226 -302.932 
-180.53 58.4759 93.1099 -180.451 26.3924 91.5732 -180.352 37.8802 49.2167 
-180.34 28.4743 63.0361 -180.272 47.3864 35.1589 -180.124 19.2353 76.7504 
-179.995 56.7221 20.51 -179.52 10.2013 90.4345 -179.462 41.8722 21.8613 
-179.406 77.7561 38.1208 -179.389 31.9524 35.3634 -179.254 81.4946 79.0408 
-179.249 36.8567 9.90626 -179.248 -34.2407 -288.343 -179.221 22.1696 48.7955 
-179.172 -26.5352 -355.806 -179.034 12.595 62.2401 -179.03 33.908 106.38 
-179.025 17.6258 105.355 -178.993 72.2772 22.7008 -178.968 30.9729 -4.23797 
-178.922 26.1195 21.7616 -178.851 3.22076 75.7157 -178.823 1.46935 103.982 
-178.793 49.4798 2.44785 -178.748 20.0863 7.65484 -178.735 -5.96249 89.0624 
-178.677 50.2675 107.109 -178.669 12.2383 -326.387 -178.64 13.912 -7.15756 
-178.628 82.7069 52.9071 -178.598 16.2492 135.068 -178.522 -51.3352 27.9025 
-178.434 24.7632 -19.4782 -178.407 74.1989 92.9906 -178.391 -40.9066 14.4712 
-178.39 -62.7413 -324.222 -178.349 -6.31146 -286.135 -178.349 23.6099 151.027 
-178.343 -48.3792 -297.595 -178.31 -20.29 -279.298 -178.308 -0.092257 133.968 
-178.269 -67.9988 -344.989 -178.254 7.80827 -22.392 -178.233 -14.6713 102.329 
-178.227 6.1191 150.593 -178.211 15.9365 34.6463 -178.144 -30.3423 1.17512 
-178.06 14.3627 -343.122 -178.03 10.2476 -309.6 -177.951 6.01391 47.7504 
-177.927 32.9752 135.806 -177.899 -19.6802 -11.9078 -177.895 -7.11197 117.735 
-177.883 42.1232 -15.5218 -177.86 -2.93113 -9.64719 -177.853 66.3906 6.45968 
-177.82 8.93657 119.306 -177.724 -3.65314 61.0173 -177.72 -44.3297 43.1349 
-177.717 -54.7836 -355.842 -177.691 9.64533 20.2463 -177.661 25.1918 120.463 
-177.648 -34.2377 29.683 -177.646 3.32926 5.48461 -177.567 -8.95872 -24.877 
-177.534 -13.1096 74.3936 -177.497 -15.7304 131.885 -177.481 -13.5044 3.28733 
-177.448 -61.4069 41.4541 -177.425 -23.9517 16.3819 -177.369 1.34045 -353.325 
-177.298 -22.2118 87.5638 -177.297 -54.0425 56.658 -177.287 -23.0518 115.739 
-177.234 -47.1937 -0.92991 -177.226 66.8341 107.327 -177.119 -36.3788 -14.1232 
-177.013 -0.523975 33.1608 -176.875 -7.06815 18.3438 -176.803 87.0895 65.48 
-176.768 -30.8367 100.748 -176.738 -10.5169 46.3019 -176.714 -57.7972 12.4733 
-176.696 18.676 -34.8014 -176.694 41.6679 121.096 -176.688 -17.3081 31.4184 
-176.611 -9.66438 148.746 -176.601 -37.0729 58.0836 -176.6 -27.3285 44.6795 
-176.545 -29.6743 72.8782 -176.539 -20.261 59.5837 -176.42 -25.5281 -27.1732 
-176.38 -34.9716 -271.916 -176.377 -46.3751 71.4914 -176.372 7.91897 -293.001 
-176.356 1.88404 -37.6069 -176.226 -38.6272 86.1267 -176.126 35.5747 -31.5682 
-175.93 59.3995 -10.9444 -175.835 -30.8613 129.386 -175.81 -6.98144 -269.982 
-175.677 -38.8085 114.003 -175.601 -68.3842 26.0087 -175.591 -20.4118 -263.109 
-175.409 -14.6994 -40.1024 -175.399 -63.3219 -306.757 -175.245 -49.1337 -280.439 
-175.163 -62.8577 70.2235 -174.971 -47.0221 99.4634 -174.84 -55.035 84.9807 
-174.727 49.9352 135.754 -174.696 58.3359 121.15 -174.493 -34.2312 136.28 
-174.477 -70.4434 55.0872 -174.148 5.78098 -276.395 -174.058 -24.0496 146.34 
-173.729 -35.1456 -254.864 -173.679 52.413 -27.6658 -173.654 12.7611 -49.9406 
-173.647 27.0881 -331.77 -173.539 40.5616 150.295 -173.523 24.9564 -315.696 
-173.492 -19.8776 -246.663 -173.4 -52.7608 -16.216 -173.358 -41.9108 -29.3432 
-173.341 -3.77483 -52.7264 -173.287 29.419 -46.9201 -173.24 86.7984 26.5509 
-173.203 -78.0922 -332.186 -173.053 90.9937 41.9282 -173.021 -71.7592 -312.271 
-172.994 -4.93911 -254.871 -172.92 -31.0158 -42.3361 -172.709 81.7502 10.5753 
-172.684 22.4418 -299.411 -172.562 -11.1993 -360.389 -172.501 -50.0809 -262.85 
-172.43 -34.1235 -238.137 -172.198 -63.2599 -2.77183 -172.099 -20.1036 -55.2854 
-172.02 -63.8915 -289.295 -171.96 -19.0751 -230.207 -171.836 2.89563 -259.093 
-171.729 -39.8216 -360.903 -171.724 -83.0449 -351.171 -171.648 -44.7515 126.364 
-171.541 -77.5546 39.6671 -171.355 28.6797 -347.094 -171.117 75.62 -6.0768 
-171.018 81.9901 105.49 -170.986 -32.4461 -221.771 -170.935 87.677 89.9587 
-170.934 -4.82043 -238.434 -170.852 15.3657 -357.96 -170.784 46.0021 -43.2401 
-170.763 -49.536 -245.573 -170.625 19.6411 -283.157 -170.594 92.7989 74.8721 
-170.561 -54.0238 112.73 -170.467 -68.9607 -361.717 -170.399 94.267 57.7057 
-170.377 -73.5437 10.8198 -170.172 7.13232 -65.127 -170.141 -18.1139 -213.623 
-169.918 12.7565 163.955 -169.913 -9.14354 -68.0285 -169.649 23.5265 -61.9138 
-169.637 -47.6352 -229.017 -169.336 -62.2963 98.2957 -169.282 -31.2451 -205.042 
-169.133 74.3588 119.943 -169.082 -35.983 -57.3789 -169.068 -4.44052 -221.866 
-169.024 -46.9003 -44.4689 -168.851 -45.5203 -212.802 -168.607 68.6926 -22.7863 
-168.567 -25.0916 -70.367 -168.55 -57.7394 -31.4973 -168.52 -65.742 -270.012 
-168.499 16.8011 -266.385 -168.475 -4.30475 162.983 -168.407 -70.2843 83.6371 
-168.226 30.0847 163.265 -167.914 65.9503 134.269 -167.377 -17.7644 -196.816 
-167.278 -77.7913 68.5732 -167.267 39.3989 -321.303 -167.246 -68.2877 -18.1253 
-167.198 39.994 -58.186 -167.175 11.7628 -247.841 -166.971 -83.0065 24.4814 
-166.929 -42.8615 -196.878 -166.844 36.6895 -305.455 -166.744 -79.7751 -299.921 
-166.729 -4.02857 -205.207 -166.719 1.68746 -80.7455 -166.594 -65.7704 -252.202 
-166.476 -86.4758 -319.609 -166.47 41.4031 -336.773 -166.466 -14.2664 -83.8124 
-166.238 56.5864 148.261 -166.135 -63.3638 -235.804 -165.945 17.7714 -77.102 
-165.901 -61.1277 -219.44 -165.723 62.0222 -38.5886 -165.523 -75.805 -281.075 
-165.489 33.5836 -289.543 -165.378 9.7665 -230.318 -165.366 -92.4156 -337.694 
-165.362 -36.3421 147.377 -165.311 -24.3164 -364.807 -165.273 -40.4837 -72.4394 
-165.193 -78.4791 -4.43974 -164.984 -29.6435 -85.7281 -164.926 -51.4235 -59.6577 
-164.831 -37.4937 -183.092 -164.74 -84.5988 53.3183 -164.708 -58.4192 -203.336 
-164.447 2.06025 -363.56 -164.446 -27.7328 -181.494 -164.157 -62.4507 -47.0692 
-164.061 -17.9718 -179.895 -163.761 42.9399 -350.484 -163.739 -3.65688 -189.378 
-163.725 9.79311 -213.151 -163.546 34.0113 -73.1764 -163.508 -20.7645 159.528 
-163.388 -46.8041 136.992 -163.367 -52.9915 -365.109 -163.29 30.4708 -273.399 
-163.256 -3.50725 -97.003 -163.007 -19.0825 -100.458 -162.994 29.1436 -360.183 
-162.914 -55.0159 -187.77 -162.786 -73.2869 -34.0762 -162.634 46.2771 161.105 
-162.541 55.9539 -53.6302 -162.431 94.2715 16.3233 -162.367 12.231 -92.8498 
-162.165 98.0976 32.5367 -162.15 -34.0544 -167.783 -161.977 -88.0103 9.53576 
-161.744 89.2269 -0.033087 -161.601 -33.8742 -101.164 -161.501 -44.7554 -87.6731 
-161.122 27.4624 -256.607 -161.07 10.0029 -196.327 -161.059 -55.694 123.933 
-161.009 -90.7803 38.331 -160.992 -83.5135 -19.6703 -160.953 100.323 49.4013 
-160.848 -76.8545 -225.484 -160.811 -17.2703 -163.17 -160.668 -51.3567 -172.29 
-160.668 -55.5895 -74.9277 -160.644 -74.1719 -209.343 -160.627 -79.4361 -241.693 
-160.53 -3.13798 -173.793 -160.239 -8.18169 -113.836 -160.227 -81.8655 -257.895 
-160.156 83.0704 -16.5596 -160.033 28.108 -88.4305 -160.025 99.8939 67.1273 
-160.013 -96.1848 -354.874 -159.927 93.1302 100.187 -159.899 97.0625 83.8725 
-159.834 -84.9466 -273.562 -159.816 -36.3549 -110.51 -159.812 -23.9109 -118.811 
-159.642 24.5814 -239.209 -159.514 -89.352 -289.646 -159.43 -31.4957 -151.657 
-159.413 -70.9925 -193.372 -159.378 -66.6572 -62.7926 -159.351 -64.4559 109.98 
-159.144 50.4737 -311.294 -159.099 7.31531 -109.037 -159.041 53.508 -327.011 
-158.98 49.7851 -68.6102 -158.915 87.2356 115.77 -158.841 -82.0482 -364.36 
-158.69 -94.5464 -307.317 -158.635 -47.8246 -156.491 -158.476 -15.3848 -146.693 
-158.457 47.1051 -295.529 -158.416 -48.3486 -101.609 -158.386 10.3425 -182.423 
-158.365 -7.30811 -365.085 -158.362 -12.233 -130.383 -158.347 -27.9988 -135.595 
-158.243 23.2155 -221.77 -158.181 56.0513 -342.871 -158.149 -93.2491 -5.17276 
-158.042 -40.052 -125.076 -157.961 76.792 -32.6643 -157.888 -72.9342 95.7156 
-157.689 -2.01767 -157.928 -157.635 -77.8331 -50.5527 -157.564 -67.5736 -177.507 
-157.497 -43.9828 -140.784 -157.271 79.5371 130.595 -157.118 -100.154 -324.723 
-157.084 3.20704 -125.4 -157.075 -96.5658 23.4613 -156.82 -88.0506 -34.4691 
-156.805 19.4449 171.936 -156.801 43.7043 -279.867 -156.473 -81.133 81.2651 
-156.44 22.622 -104.082 -156.438 -59.3849 -90.0282 -156.385 -36.9191 -366.011 
-156.338 43.1351 -361.499 -156.335 0.004332 -141.627 -156.18 -51.8053 -115.297 
-156.175 2.69974 171.591 -156.174 23.0379 -204.291 -155.845 10.9432 -169.288 
-155.824 -63.7166 -161.681 -155.656 70.5879 144.682 -155.516 43.737 -83.6756 
-155.293 70.6992 -48.0613 -154.785 -88.9523 66.6968 -154.775 -59.6505 -145.907 
-154.744 -55.5681 -130.231 -154.711 -33.0068 155.44 -154.678 -97.9941 -19.1326 
-154.587 13.9378 -364.564 -154.427 40.4074 -263.832 -154.323 35.5182 170.649 
-154.302 -70.2913 -78.3496 -154.2 -105.58 -341.725 -154.16 -89.4351 -215.013 
-154.149 -90.1332 -42.3076 -154.129 -92.0286 -231.122 -153.841 -86.6072 -198.874 
-153.66 17.9167 -120.26 -153.52 -102.243 8.76697 -153.309 12.2427 -153.107 
-153.242 -62.9233 -104.674 -153.141 -65.5532 -366.371 -153.107 23.3096 -185.565 
-153.015 60.5317 157.402 -152.989 -94.7113 -247.278 -152.852 -83.1941 -182.755 
-152.707 14.5161 -136.78 -152.531 37.6391 -247.209 -152.436 37.9862 -99.068 
-152.366 64.6749 -63.277 -152.317 -96.1457 52.0089 -152.101 -13.573 168.347 
-151.879 -81.5757 -67.0182 -151.849 -97.0696 -263.327 -151.78 -44.2166 145.602 
-151.55 -99.2451 -279.013 -151.466 -79.2132 -166.856 -151.277 -66.6155 -119.652 
-151.106 35.9973 -230.305 -150.771 -101.857 -32.3884 -150.576 -74.9685 -150.976 
-150.523 -70.772 -135.177 -150.522 -102.997 -295.294 -150.273 59.8614 -301.313 
-150.265 63.7658 -317.148 -150.238 -107.602 -5.80724 -150.008 -73.6411 -93.6176 
-149.936 100.255 7.07595 -149.909 104.032 23.9373 -149.705 -20.1163 -366.667 
-149.695 67.6325 -333.003 -149.67 24.1614 -165.743 -149.665 -53.8621 133.459 
-149.616 32.7445 -114.841 -149.4 56.1027 -361.395 -149.366 -102.838 37.2346 
-149.294 35.1469 -213.137 -149.259 58.5563 -78.4306 -149.228 95.1855 -9.42262 
-149.166 105.706 41.3297 -148.99 -93.1479 -56.5512 -148.981 56.17 -285.809 
-148.503 -107.715 -311.895 -148.485 105.802 58.8807 -148.102 50.0994 168.224 
-147.97 104.295 76.1391 -147.778 28.4629 -131.332 -147.765 89.4512 -25.6156 
-147.697 -63.1636 120.225 -147.526 25.5162 -148.359 -147.512 69.6392 -348.753 
-147.471 101.302 92.9557 -147.123 28.5634 -365.375 -147 35.1133 -195.586 
-146.922 -49.2273 -366.888 -146.895 -77.1364 -108.896 -146.682 97.0077 109.389 
-146.663 -84.4688 -82.567 -146.558 -109.502 22.4663 -146.476 52.8054 -270.321 
-146.452 -112.181 -20.1271 -146.45 -107.859 -357.759 -146.339 52.7515 -93.7656 
-146.017 -112.715 -328.304 -146.009 -101.382 -204.256 -145.923 -97.8971 -188.076 
-145.914 -72.3904 106.643 -145.913 -104.365 -220.447 -145.889 83.7477 -41.5117 
-145.743 -104.869 -46.3116 -145.47 -92.9734 -364.908 -145.425 90.9577 125.161 
-145.403 -94.0073 -171.975 -145.27 -81.1383 -124.432 -145.227 -27.6266 161.973 
-144.789 -107.311 -236.672 -144.776 -89.7313 -156 -144.69 -85.3944 -140.144 
-144.511 -81.5287 92.8798 -144.324 49.071 -254.429 -144.169 35.6001 -177.262 
-144.081 -115.959 7.68755 -143.93 83.3712 140.244 -143.7 47.226 -109.296 
-143.548 -2.51104 -366.538 -143.538 77.9446 -57.0311 -143.17 -95.7228 -71.7008 
-143.154 -90.2959 78.8909 -143.074 -109.503 -267.82 -142.921 25.4916 178.264 
-142.766 9.74286 177.755 -142.669 46.8124 -238.055 -142.348 -87.4892 -97.9147 
-142.211 -111.418 -283.423 -141.99 -111.458 -253.26 -141.704 36.4554 -159.413 
-141.661 -115.754 -34.6258 -141.598 -77.0375 -366.822 -141.552 73.7388 153.747 
-141.486 -98.636 64.7465 -141.391 42.266 -125.219 -141.339 66.135 -361.499 
-141.159 -117.099 -344.415 -141.022 67.0505 -291.148 -140.965 72.0441 -72.4272 
-140.94 71.5626 -306.945 -140.832 45.845 -221.579 -140.782 -121.389 -7.17319 
-140.667 76.2348 -322.897 -140.535 -32.8231 -366.912 -140.487 38.5032 -141.971 
-140.129 -39.4562 152.878 -140.076 42.9833 -365.766 -140.024 40.2324 176.603 
-139.928 -115.376 -299.401 -139.921 -6.07647 174.814 -139.764 -107.151 -60.885 
-139.523 -91.0393 -113.469 -139.324 -106.392 50.3108 -139.083 79.8275 -338.922 
-139.052 45.8714 -204.756 -138.404 63.2045 165.494 -138.397 66.256 -87.8578 
-138.056 -95.1038 -129.189 -137.912 -98.0167 -86.8824 -137.499 -50.0398 141.782 
-137.345 -99.2852 -145.066 -137.247 -107.7 -177.12 -137.14 -119.749 -315.182 
-137.128 -103.55 -161.054 -137.105 65.2378 -276.662 -137.071 -113.972 35.7463 
-137.05 14.1013 -366.682 -137.043 -111.597 -193.268 -137.038 109.078 15.5506 
-136.913 46.2188 -187.518 -136.853 105.424 -1.46895 -136.755 111.11 32.9734 
-136.647 -115.303 -209.457 -136.446 -61.0515 -366.993 -136.329 -125.595 -22.1391 
-136.276 111.667 50.4544 -136.152 60.8105 -103.448 -136.032 100.481 -17.9763 
-135.791 -118.203 -49.3996 -135.651 110.853 67.923 -135.626 -118.649 -225.766 
-135.586 80.0837 -354.365 -135.535 -60.0975 129.497 -135.185 -121.646 21.1374 
-134.912 60.4845 -261.06 -134.867 108.699 85.1224 -134.812 95.242 -34.1931 
-134.758 -119.91 -271.486 -134.604 46.8976 -169.91 -134.601 -20.5823 168.449 
-133.824 -16.3387 -366.973 -133.824 55.4802 -119.132 -133.788 104.888 101.947 
-133.751 -108.906 -75.7842 -133.727 -100.769 -102.344 -133.677 -70.0745 116.636 
-133.6 52.7272 175.135 -133.452 -124.256 -330.735 -133.322 56.7759 -244.992 
-133.221 89.7513 -50.1662 -133.201 57.4145 -365.121 -133.012 -122.834 -242.312 
-132.964 -128.534 6.20258 -132.694 100.098 118.308 -132.654 48.2227 -152.369 
-132.314 50.9879 -135.344 -132.176 -79.9742 103.522 -131.806 55.0015 -228.884 
-131.731 -102.689 -365.246 -131.664 -117.162 -358.858 -131.612 -123.317 -287.277 
-131.293 84.2224 -65.9159 -131.24 77.1129 -296.375 -131.217 93.6745 133.97 
-130.968 -104.215 -118.076 -130.918 -44.8963 -367.042 -130.856 -89.5632 90.105 
-130.855 -128.502 -37.1762 -130.741 82.726 -312.273 -130.139 29.7042 -366.856 
-129.563 -133.966 -9.02721 -129.538 87.4204 -328.331 -129.426 -98.7408 76.4488 
-129.417 55.1845 -213.212 -129.41 -119.829 -64.3907 -129.351 -108.129 -133.965 
-129.344 -87.4356 -366.843 -129.325 85.46 148.778 -129.298 16.4685 183.702 
-129.014 72.8577 -280.967 -128.966 -33.4332 159.744 -128.961 31.3987 183.76 
-128.913 78.373 -81.394 -128.418 -126.915 -302.606 -128.409 -112.182 -150.014 
-128.255 -110.74 -91.097 -127.973 -128.108 -259.42 -127.942 91.2296 -344.859 
-127.898 -116.334 -166.071 -127.803 -107.499 62.4707 -127.587 55.7318 -196.844 
-127.409 -120.411 -182.158 -127.199 1.24958 181.082 -127.083 0.128097 -366.991 
-127.053 72.0276 -363.722 -126.94 -127.208 -346.2 -126.828 75.6423 162.18 
-126.791 -124.468 -198.309 -126.761 72.8231 -96.9813 -125.987 -115.964 48.2681 
-125.944 -128.164 -214.521 -125.919 44.1796 182.91 -125.758 56.3216 -179.832 
-125.357 -72.1663 -367.032 -125.255 -45.0424 149.487 -124.845 67.4895 -112.709 
-124.813 -137.655 -24.4179 -124.701 -131.072 -317.747 -124.566 -130.287 -52.463 
-124.563 -28.7935 -367.031 -124.319 -124.391 33.9015 -124.126 -113.33 -106.74 
-124.005 57.2523 -162.613 -123.991 -131.897 -230.855 -123.895 113.763 7.07168 
-123.868 116.236 24.3853 -123.823 -131.768 -275.439 -123.676 64.7324 173.582 
-123.497 117.177 41.7766 -123.417 109.811 -9.82476 -123.416 44.9429 -366.689 
-123.256 -121.145 -79.6668 -123.248 62.5873 -128.742 -123.078 72.3515 -267.811 
-123.071 -55.9156 138.08 -122.941 -13.1846 174.941 -122.852 59.0635 -145.429 
-122.825 116.653 59.2653 -122.768 -132.658 19.3347 -122.607 67.0382 -251.575 
-122.514 104.926 -26.351 -121.957 115.073 76.7433 -121.863 88.1391 -359.593 
-121.725 63.4626 -235.405 -121.561 61.2262 -218.769 -121.508 99.7583 -42.7264 
-121.498 -116.682 -122.672 -121.221 -66.5456 125.972 -120.923 80.4777 -285.272 
-120.79 112.01 93.8256 -120.519 -56.3959 -367.047 -120.486 -139.656 4.29101 
-120.416 87.2393 -301.279 -120.363 -136.426 -247.538 -120.267 16.0235 -367.036 
-120.234 -134.73 -290.32 -120.072 94.5788 -58.7338 -119.789 -120.437 -138.694 
-119.636 -77.1118 113.461 -119.629 -134.738 -332.923 -119.562 107.853 110.594 
-119.509 53.0542 182.571 -119.021 92.657 -317.246 -118.917 -139.718 -39.9766 
-118.64 -124.342 -154.798 -118.32 102.541 126.937 -118.256 89.1628 -74.484 
-118.234 -87.4412 100.594 -117.969 -111.549 -365.218 -117.931 -131.439 -67.8757 
-117.901 -122.863 -95.2373 -117.752 -128.507 -170.892 -117.713 -26.7397 166.781 
-117.695 -12.8548 -367.044 -117.218 97.3534 -333.283 -117.164 -144.842 -11.2114 
-117.027 -132.816 -186.975 -117.024 -125.846 -359.52 -116.954 60.2598 -366.142 
-116.761 -97.1553 87.3421 -116.61 95.5166 142.514 -116.477 -96.6883 -366.759 
-116.402 38.3661 188.634 -116.281 83.6236 -90.1274 -116.262 -138.009 -305.047 
-116.09 23.4948 189.729 -116.068 -140.168 -263.744 -115.993 -136.795 -203.168 
-115.328 -106.561 73.7897 -115.077 -40.5149 -367.05 -114.596 64.2882 -189.298 
-114.558 64.6977 -206.49 -114.55 78.2427 -105.889 -114.536 -140.53 -219.39 
-114.474 8.67621 187.742 -114.374 86.6702 157.023 -114.121 -125.468 -111.133 
-113.892 -115.784 59.9902 -113.736 99.9128 -349.513 -113.702 65.1584 -172.308 
-113.479 -81.9221 -367.034 -113.417 -39.392 157.178 -113.333 31.8456 -366.954 
-113.244 73.3678 -121.944 -112.753 66.4939 -155.255 -112.576 69.3023 -138.385 
-112.472 -124.877 46.0073 -112.362 -147.653 -27.0079 -112.359 -136.866 -348.247 
-112.247 -143.126 -278.752 -112.06 -140.863 -55.6866 -111.863 -144.41 -235.758 
-111.799 76.4613 170.109 -111.782 -132.571 -83.5186 -111.573 -141.613 -319.843 
-111.556 -128.723 -127.187 -111.067 -133.829 31.7816 -111.003 -5.96171 182.285 
-110.853 75.9737 -364.291 -110.673 2.68824 -367.049 -110.583 -51.2495 146.585 
-110.447 68.0199 -225.286 -110.372 120.162 15.6772 -110.216 117.228 -1.4136 
-110.107 121.594 32.8934 -109.839 76.1528 -258.106 -109.792 -132.424 -143.293 
-109.749 71.2821 -241.955 -109.685 -67.5985 -367.053 -109.613 113.098 -18.2227 
-109.547 121.655 50.185 -109.508 -142.29 17.1468 -109.265 82.7011 -274.443 
-109.044 64.357 181.193 -108.931 89.5196 -290.429 -108.821 108.263 -34.8234 
-108.711 120.351 67.6994 -108.588 -62.32 134.994 -108.555 -24.7189 -367.051 
-108.464 -136.408 -159.376 -108.262 -145.682 -292.827 -108.041 -148.305 -252.121 
-107.9 95.6355 -306.046 -107.766 103.258 -51.0435 -107.583 117.932 85.0827 
-107.384 -140.608 -175.486 -107.289 -149.097 1.94554 -106.938 -134.395 -99.4159 
-106.826 -73.3249 122.9 -106.708 47.5251 -366.464 -106.31 -19.9414 174.425 
-106.237 -144.792 -191.655 -106.223 97.829 -66.9139 -106.214 114.357 102.087 
-106.157 101.175 -321.61 -106.133 -148.574 -42.9803 -105.833 50.1249 190.019 
-105.496 -144.743 -335.096 -105.238 -84.1004 110.492 -105.061 -141.996 -71.6757 
-104.874 -51.996 -367.052 -104.824 -148.814 -207.849 -104.82 109.671 118.768 
-104.769 -121.035 -365.535 -104.76 91.9004 -360.434 -104.676 92.7259 -82.7971 
-104.048 -153.547 -13.8156 -103.983 -151.532 -267.887 -103.966 33.643 194.349 
-103.798 -105.513 -366.871 -103.721 -94.3228 97.597 -103.609 -137.097 -115.537 
-103.603 -148.527 -306.873 -103.402 105.967 -337.151 -103.383 18.2223 -367.01 
-103.325 103.582 134.904 -103.202 87.6071 -98.6915 -102.763 -152.531 -224.075 
-102.372 -104.049 84.307 -102.037 82.7557 -114.773 -101.954 17.1536 194.361 
-101.805 -33.4886 165.211 -101.674 -135.239 -362.439 -101.328 -9.6297 -367.051 
-101.291 78.4553 -131.14 -101.245 71.6014 -181.654 -101.17 -140.467 -131.686 
-101.162 95.7788 150.232 -101.121 72.6041 -164.639 -101.053 -113.669 70.8221 
-101.02 -89.9538 -367.032 -101.011 74.9192 -147.776 -100.456 70.7629 -198.716 
-100.304 63.322 -365.117 -99.7747 -123.357 57.2192 -99.6672 -156.355 -240.377 
-99.5598 -154.783 -29.8839 -99.4076 -143.294 -87.6881 -99.3952 -154.218 -283.496 
-99.3476 -144.253 -147.787 -99.3148 -36.059 -367.051 -99.0818 1.42949 190.661 
-98.8197 71.9745 -215.57 -98.6653 86.4164 164.417 -98.5611 -132.922 43.2926 
-98.3809 -46.271 155.115 -98.3391 -78.6919 -367.052 -97.9613 -151.383 -321.625 
-97.9464 -148.347 -163.888 -97.4161 106.029 -352.057 -97.2643 -142.127 29.1262 
-97.2281 -146.442 -350.98 -97.2131 74.2817 -232.114 -97.0343 -150.533 -59.7025 
-96.6531 -152.472 -180.057 -96.6373 78.3279 -248.152 -96.6007 34.2788 -366.683 
-96.3487 122.61 6.94094 -96.3008 83.9785 -264.218 -96.2373 90.3833 -279.834 
-96.2309 -155.721 -292.892 -96.2291 75.4803 177.378 -96.2163 124.557 23.9303 
-96.0849 96.4414 -295.157 -96.0831 119.268 -9.92182 -96.0362 -57.9721 144.021 
-95.7562 125.098 41.0114 -95.6815 -159.713 -256.661 -95.612 -150.417 14.3793 
-95.5069 115.034 -26.5872 -95.403 -145.386 -103.789 -95.2998 -133.017 -366.201 
-95.1265 124.283 58.3138 -95.0242 -13.2668 183.499 -94.9326 -156.328 -196.283 
-94.7416 110.519 -43.0083 -94.6541 -154.465 -45.7036 -94.5109 61.4628 188.667 
-94.4635 -64.0206 -367.053 -94.4129 102.507 -310.081 -94.1086 122.303 75.717 
-94.1039 -69.1314 132.181 -94.0172 79.4347 -363.752 -93.5824 105.553 -59.1308 
-93.4316 4.8172 -367.017 -93.4003 45.1504 196.85 -93.3581 -156.786 -0.927139 
-93.1099 -160.203 -212.433 -92.7142 119.284 92.8863 -92.5314 -148.45 -119.972 
-92.5078 -20.7466 -367.053 -92.3085 -79.9799 119.924 -92.1971 100.281 -75.0646 
-91.8323 107.767 -324.582 -91.4925 -115.178 -367.089 -91.1568 115.071 109.72 
-90.9128 95.2089 -91.0275 -90.8281 28.8098 200.572 -90.7917 -162.634 -273.497 
-90.7882 -153.882 -337.037 -90.6866 -151.497 -75.9624 -90.6747 -164.058 -228.624 
-90.6722 -90.4673 107.28 -90.5511 -158.229 -308.19 -90.3905 -27.6463 174.336 
-90.222 -151.961 -136.113 -90.0693 50.2451 -365.349 -89.8818 -159.652 -17.0012 
-89.8778 90.4408 -107.171 -89.5336 109.758 126.191 -89.4223 -47.5357 -367.051 
-89.2544 -100.605 94.2979 -89.0629 86.0534 -123.561 -88.8505 -98.0501 -367.047 
-88.5347 82.0615 -140.102 -88.3938 -155.758 -152.246 -88.1566 78.8357 -156.806 
-87.9153 -110.461 81.0047 -87.7457 76.8023 -173.755 -87.6576 95.9329 -361.173 
-87.6343 102.867 142.073 -87.6252 12.2142 199.39 -87.5281 111.486 -338.443 
-87.1568 -167.561 -244.944 -86.9542 75.6438 -190.742 -86.7574 -159.656 -168.432 
-86.6442 -120.298 67.5176 -86.4344 -41.263 164.002 -86.3803 -152.889 -92.0537 
-86.313 20.5439 -366.795 -86.1003 -159.914 -33.0523 -86.0314 68.5908 186.253 
-85.5027 75.1145 -207.312 -85.4442 -130.107 53.7925 -85.0041 94.6523 157.203 
-85.0033 -163.49 -184.652 -84.2478 -139.764 39.8599 -84.2276 -158.882 -48.5747 
-84.2262 -77.9174 -367.052 -84.1891 76.0017 -222.834 -83.9517 -160.349 -323.191 
-83.8308 -31.182 -367.052 -83.8225 -165.269 -293.083 -83.7851 -5.79998 193.899 
-83.6415 66.2038 -364.314 -83.5954 -53.4926 153.167 -83.3716 96.0625 -284.469 
-83.2897 -155.772 -108.24 -83.2579 -143.249 -365.88 -83.223 55.2708 196.251 
-83.1374 78.8338 -238.202 -83.1261 -167.468 -200.841 -82.8419 -148.947 25.7512 
-82.7609 102.179 -299.239 -82.6925 -8.81647 -367.04 -82.6203 83.942 -254.038 
-82.4898 -170.532 -261.713 -82.35 90.1204 -269.632 -82.0017 123.329 -1.83809 
-81.9798 125.932 14.9295 -81.6717 -155.519 -353.203 -81.6591 119.865 -18.4416 
-81.6569 127.13 31.8001 -81.5648 85.9125 171.472 -81.5196 -64.8789 141.62 
-81.1643 126.935 48.706 -81.1638 115.977 -34.9151 -80.9978 -156.773 10.9448 
-80.879 -171.122 -216.96 -80.8583 -159.367 -124.386 -80.7162 109.868 -352.181 
-80.5003 125.338 65.9594 -80.3608 -158.792 -64.4081 -80.3107 111.598 -51.1083 
-80.1022 -125.456 -367.086 -79.9033 108.163 -313.478 -79.8911 40.5984 202.397 
-79.8625 36.8038 -365.881 -79.6256 -75.7362 129.37 -79.3345 -21.8256 184.965 
-79.2413 106.667 -67.137 -79.2027 122.665 83.1503 -79.0704 -59.7162 -367.052 
-78.7692 -163.019 -140.55 -78.401 -161.825 -4.70826 -78.1135 101.662 -83.1877 
-77.7979 -86.13 116.673 -77.7504 -174.495 -233.169 -77.5766 118.846 100.101 
-77.5518 75.7187 183.839 -77.1742 82.3255 -363.654 -77.0932 96.801 -99.2953 
-77.0109 -108.143 -367.04 -76.9536 -167.089 -309.622 -76.8162 26.1403 204.563 
-76.8001 -166.666 -156.75 -76.6746 -172.977 -278.898 -76.4441 -159.489 -80.4159 
-76.371 92.7361 -115.798 -76.2331 112.538 -326.491 -76.0894 -96.2815 103.708 
-75.9883 -161.96 -338.209 -75.82 113.944 116.645 -75.6317 88.2055 -132.229 
-75.5898 6.64987 -366.895 -75.0291 -163.275 -20.8509 -74.9942 84.0921 -148.767 
-74.896 -170.419 -172.962 -74.8486 15.6909 205.505 -74.6273 -106.372 90.5774 
-74.6069 -36.868 173.496 -74.3278 80.8798 -165.676 -73.9168 108.104 132.909 
-73.8771 -42.7431 -367.052 -73.6571 -177.56 -249.639 -73.4931 52.8277 -364.488 
-73.4117 78.9353 -182.917 -73.3369 -90.3839 -367.047 -73.3226 -116.325 77.2051 
-73.1377 -161.871 -96.5842 -72.6932 -173.915 -189.221 -72.5592 64.7494 194.133 
-72.406 1.26705 203.717 -72.0894 -126.167 63.6133 -72.0549 77.7988 -200.145 
-71.6893 114.983 -337.972 -71.6207 -163.908 -37.0139 -71.5648 101.19 148.84 
-71.5325 100.281 -288.288 -71.3229 -49.1158 162.503 -70.8447 -135.897 49.7145 
-70.7454 98.5592 -360.831 -70.711 -165.707 -112.686 -70.5004 78.0742 -219.136 
-70.4385 -177.596 -205.404 -69.8784 -174.384 -295.855 -69.7949 79.1966 -227.723 
-69.5909 -168.372 -324.611 -69.5378 -145.481 35.8854 -69.4182 -13.1337 198.727 
-69.3999 23.1632 -366.151 -68.9268 -60.6077 150.999 -68.8207 51.5524 202.696 
-68.7979 -25.4728 -367.041 -68.7537 82.7272 -243.056 -68.5824 -163.928 -52.9409 
-68.5387 -169.512 -128.874 -68.4398 -72.296 -367.052 -68.3438 -180.159 -266.233 
-68.2413 107.336 -303.842 -67.9031 93.2705 163.867 -67.847 -154.242 21.7324 
-67.8221 -150.349 -362.825 -67.6372 -180.817 -221.593 -67.586 125.386 5.98822 
-67.4776 88.9665 -259.112 -67.4497 122.737 -10.5441 -67.4398 126.856 22.5967 
-67.3672 -134.568 -366.293 -67.1088 119.842 -26.9192 -67.1075 127.523 39.2371 
-67.0846 68.7582 -364.03 -66.9584 -71.5192 138.876 -66.6614 126.663 55.9383 
-66.5105 -173.139 -145.099 -66.4579 116.339 -43.0668 -66.2666 -24.5431 191.957 
-65.8739 -162.832 -352.417 -65.7223 111.987 -59.0717 -65.6944 124.442 73.0434 
-65.6058 -160.666 6.62804 -65.3354 -164.496 -68.9399 -64.9845 -81.8445 126.123 
-64.9763 -118.06 -366.886 -64.9079 36.9491 205.97 -64.8076 107.022 -75.1109 
-64.4368 -7.13575 -366.937 -64.3999 -176.669 -161.351 -64.2569 -183.973 -237.808 
-64.2204 84.4373 177.731 -64.1639 121.105 90.0622 -64.0359 113.239 -351.562 
-63.8885 102.008 -91.1698 -63.7416 96.2958 -275.632 -63.2528 39.1643 -364.669 
-63.2054 -54.9544 -367.052 -63.1308 97.6827 -107.581 -63.091 -91.734 112.979 
-62.9729 -34.1606 183.623 -62.859 -164.29 -9.27612 -62.5629 113.717 -320.941 
-62.5101 -174.76 -311.38 -62.3735 93.2191 -124.08 -62.3434 116.916 106.792 
-62.1813 -166.656 -85.0855 -62.1253 23.5708 208.587 -62.1226 -180.104 -177.58 
-61.9217 -181.887 -282.37 -61.6695 88.8424 -140.604 -61.5939 -101.169 -367.008 
-61.3349 -101.685 99.7751 -61.1113 -169.286 -338.942 -60.8853 84.4575 -157.274 
-60.6264 84.7782 -363.319 -60.4282 73.8339 189.795 -60.4076 111.767 123.193 
-59.9809 81.2744 -174.703 -59.9675 9.04422 210.337 -59.8947 -111.708 86.4559 
-59.8429 -166.207 -25.4214 -59.6373 -186.687 -254.141 -59.6199 -183.312 -193.846 
-59.4841 -170.213 -101.225 -59.3461 -45.4805 172.46 -58.7592 -6.94938 210.376 
-58.7326 9.60117 -366.382 -58.6912 79.7208 -192.141 -58.627 -121.513 72.9518 
-58.1938 105.74 139.38 -58.0724 -38.0721 -367.042 -57.7554 104.531 -292.432 
-57.3593 -174.492 -117.337 -57.3514 -131.241 59.2 -57.3203 -84.0369 -367.046 
-57.1305 79.1021 -210.09 -57.0522 -21.9676 205.173 -56.9318 54.9167 -364.099 
-56.8762 -186.443 -210.104 -56.6746 61.4111 199.686 -56.6305 -166.835 -41.6082 
-56.4855 -56.5693 160.542 -55.9682 -140.821 45.349 -55.3036 -178.273 -133.59 
-55.2964 80.7702 -229.665 -55.2341 117.863 -336.813 -55.1487 -174.898 -326.651 
-55.1447 98.7901 155.205 -54.902 -181.954 -298.168 -54.5989 -143.526 -364.369 
-54.3007 -149.9 31.4676 -54.1875 -67.2716 148.334 -53.9078 101.219 -359.95 
-53.8106 -159.143 -360.433 -53.7577 -189.308 -226.422 -53.4621 -167.505 -57.7146 
-53.4125 86.1876 -247.654 -53.2558 125.499 13.3584 -53.2449 126.264 29.7315 
-53.2275 -20.6563 -366.985 -53.1956 -34.3153 195.745 -53.1148 -181.728 -149.834 
-53.0057 123.992 -2.92765 -52.9818 126.148 46.1411 -52.9408 47.0659 205.578 
-52.9085 -188.927 -269.162 -52.9046 -127.726 -366.003 -52.8804 110.898 -308.266 
-52.7528 121.891 -19.0803 -52.7076 25.8971 -364.994 -52.3781 -67.1258 -367.052 
-52.2969 124.879 62.8047 -52.2667 -157.535 16.947 -52.1944 119.154 -34.7398 
-52.1184 -77.531 135.575 -51.6473 115.731 -50.5663 -51.6283 90.9348 170.2 
-51.0755 111.331 -66.5639 -50.9379 93.1199 -264.273 -50.9253 122.04 79.7461 
-50.8831 -185.122 -166.095 -50.5497 70.6132 -363.922 -50.3861 -169.553 -73.8783 
-50.3272 106.021 -82.6762 -50.1408 -191.869 -242.845 -50.0563 -87.303 122.333 
-49.7804 -162.713 1.52782 -49.621 -111.747 -366.765 -49.5635 101.254 -98.9657 
-49.4958 32.4907 209.151 -49.4079 -171.485 -346.57 -49.1307 118.459 96.6072 
-48.8667 96.95 -115.565 -48.4505 -188.307 -182.373 -48.3406 -44.2284 183.914 
-48.1479 81.6724 183.962 -48.1426 -97.0661 108.97 -48.1035 91.7789 -131.876 
-47.9295 -3.65228 -366.482 -47.6547 -181.206 -313.946 -47.5674 -173.109 -90.0185 
-47.3164 87.2467 -148.526 -47.294 -50.3571 -367.037 -47.105 114.002 113.144 
-47.091 -166.078 -14.3972 -47.0335 100.427 -280.672 -46.9612 17.461 212.044 
-46.6186 115.57 -350.835 -46.5514 41.5022 -364.174 -46.4777 83.2062 -165.605 
-46.4674 -106.801 95.498 -45.9835 -188.784 -284.493 -45.9654 -95.4053 -367.011 
-45.6336 -191.066 -198.684 -45.4826 115.651 -322.454 -45.3836 -193.462 -259.329 
-45.2824 80.4696 -183.003 -45.2427 -177.481 -106.126 -45.095 -116.421 81.9035 
-45.0469 1.29846 213.597 -44.9572 108.714 129.366 -44.5574 70.9278 196.651 
-44.5509 -34.1037 209.527 -44.5317 -53.6875 171.009 -44.266 -15.8483 213.8 
-44.174 -167.31 -30.6301 -43.9933 86.7549 -363.03 -43.8039 -125.972 68.1928 
-43.7673 79.1269 -200.399 -43.2295 -181.741 -122.303 -42.5805 -193.819 -215.074 
-42.5011 107.199 -296.779 -42.3854 -135.435 54.3999 -42.3264 102.814 145.506 
-42.2633 -33.5073 -366.989 -42.1227 12.7365 -365.159 -41.9907 79.6586 -218.469 
-41.9275 -151.869 -363.507 -41.6474 -63.3993 158.095 -41.4395 -137.069 -364.851 
-41.419 -79.0315 -367.051 -41.1274 -185.351 -138.559 -41.1049 -168.414 -46.859 
-40.8198 -179.844 -330.25 -40.7343 -144.395 40.4071 -40.5859 57.3141 204.486 
-40.2303 56.7558 -364.013 -39.8899 124.995 36.0755 -39.8818 83.4566 -236.412 
-39.6616 -46.6058 197.665 -39.5292 124.914 20.0094 -39.3559 124.265 52.5487 
-39.2991 -196.236 -231.553 -39.2573 95.9606 161.227 -39.2117 -73.2695 145.09 
-39.1187 -167.372 -357.573 -39.1092 -188.002 -300.498 -38.8116 -188.638 -154.775 
-38.7688 -152.526 26.2285 -38.4255 124.161 4.30085 -38.3903 -122.182 -366.021 
-38.2587 113.2 -313.485 -38.1069 -170.464 -63.0568 -37.9946 122.082 69.3194 
-37.9156 122.673 -11.6779 -37.5766 89.5981 -253.249 -37.5376 120.15 -27.0939 
-37.2479 117.535 -41.4174 -37.065 -16.7528 -366.582 -37.0149 -82.8704 131.704 
-36.9208 113.668 -57.1133 -36.8189 102.767 -359.86 -36.8078 42.313 208.616 
-36.6879 118.479 -335.42 -36.5034 109.092 -73.5053 -36.4844 -62.6036 -367.05 
-36.4345 -158.746 11.2883 -36.4279 -191.847 -170.996 -36.2265 118.691 86.1353 
-35.99 28.6316 -364.237 -35.9624 88.0186 176.098 -35.9542 103.751 -89.7651 
-35.5476 -197.372 -248.373 -35.2501 99.043 -106.302 -35.0827 -174.014 -79.1996 
-34.9588 -92.3835 118.153 -34.6931 96.537 -269.385 -34.5363 94.1535 -122.866 
-34.4863 -106.578 -366.767 -34.1638 114.956 102.821 -33.9131 -163.281 -4.21765 
-33.8492 26.8477 211.867 -33.8111 71.8781 -363.684 -33.7875 88.8639 -139.343 
-33.7841 -194.55 -187.295 -33.6931 -53.7498 183.182 -33.3259 -196.774 -268.041 
-33.106 -101.872 104.488 -32.9089 84.2783 -156.144 -32.5997 -177.35 -345.671 
-32.5136 -178.516 -95.361 -32.4014 79.0911 190.134 -32.2289 -186.548 -316.719 
-31.9298 110.305 119.145 -31.8968 80.7003 -173.401 -31.5431 -111.245 90.7129 
-31.4634 -0.317575 -365.56 -31.4032 10.5816 213.95 -31.3665 -46.1505 -367.008 
-31.2733 -165.631 -20.2879 -31.0447 103.336 -285.245 -30.7867 -196.803 -203.71 
-30.4859 78.5371 -190.782 -30.3989 -182.998 -111.485 -30.1923 -120.526 76.8964 
-30.1921 -90.6916 -366.994 -29.7256 43.8804 -364.055 -29.7134 -6.49456 214.612 
-29.5326 -60.6284 168.552 -29.4906 -49.0313 210.132 -29.4797 105.316 135.327 
-29.2593 -143.646 -364.412 -29.1969 -25.5704 214.976 -29.0287 116.29 -350.943 
-28.7932 -129.702 63.0582 -28.7497 -194.221 -286.396 -28.7439 78.167 -208.247 
-28.4613 67.2465 201.338 -28.415 -157.394 -362.888 -28.3984 -167.582 -36.4194 
-28.3943 -187.195 -127.578 -27.9214 -133.407 -364.935 -27.8684 123.696 25.4272 
-27.5821 -198.925 -220.19 -27.1675 -138.52 49.0383 -27.09 87.3146 -362.582 
-26.9819 123.067 42.0352 -26.9287 109.383 -301.073 -26.7137 99.8752 151.44 
-26.696 80.6344 -225.607 -26.5074 -69.2122 154.77 -26.2011 -29.6044 -366.68 
-26.1717 -190.636 -143.749 -25.7001 121.27 58.6956 -25.5576 -170.021 -52.548 
-25.4608 -74.6552 -367.042 -25.4288 15.8 -364.317 -25.3458 -146.557 34.8114 
-24.7476 -184.225 -332.481 -24.412 52.3811 207.409 -24.3381 85.7882 -242.482 
-24.24 123.08 11.142 -23.9928 -199.931 -236.823 -23.9771 -78.414 141.117 
-23.7683 -57.3243 195.962 -23.7666 -193.778 -159.918 -23.7118 93.4312 167.185 
-23.6994 118.284 75.6448 -23.5699 -117.904 -365.885 -23.5057 58.4395 -363.919 
-23.1906 -153.44 20.1714 -22.7567 114.957 -317.605 -22.7475 -170.519 -358.568 
-22.6228 117.634 -35.8759 -22.4677 -192.114 -302.598 -22.4499 115.509 -46.1882 
-22.4462 -173.521 -68.6687 -22.3306 110.964 -63.4012 -22.2361 119.948 -21.1186 
-22.0676 105.747 -80.0322 -21.7777 -87.7461 127.398 -21.7554 92.4248 -258.571 
-21.615 100.618 -96.5548 -21.5976 114.855 92.329 -21.2257 -196.548 -176.056 
-21.1079 121.994 -4.04698 -21.0015 95.2411 -113.184 -20.9173 36.8387 211.131 
-20.8227 -158.735 4.96448 -20.7339 -13.2254 -365.827 -20.5111 -58.5251 -367.048 
-20.3794 -200.229 -254.065 -20.3393 89.9017 -129.759 -20.2499 86.0765 182.077 
-19.8198 103.012 -359.975 -19.8159 -97.2673 113.722 -19.5508 84.7654 -146.479 
-19.3823 -177.539 -85.1441 -19.3004 110.926 108.728 -19.0723 -102.198 -366.718 
-19.0582 -145.186 -364.021 -19.0215 99.3096 -274.189 -19.0007 31.6007 -364.056 
-18.6997 118.88 -335.819 -18.579 80.3158 -163.529 -18.4446 -198.512 -192.394 
-18.266 -162.507 -10.6484 -18.1239 20.606 213.285 -18.0601 -106.406 99.7166 
-17.9918 -61.2613 180.342 -17.2329 77.6299 -180.815 -17.1613 -182.438 -101.211 
-17.1348 122.23 14.1149 -17.0873 72.9699 -363.301 -16.7482 106.761 124.927 
-16.743 -199.835 -271.98 -16.5724 -115.335 85.6233 -16.4766 -180.705 -347.755 
-16.4492 76.5046 195.551 -16.153 3.77951 213.845 -15.7119 -189.603 -318.945 
-15.571 -165.175 -26.5012 -15.5212 76.7265 -198.119 -15.4565 -200.257 -208.884 
-15.451 105.507 -289.534 -15.327 -42.3239 -366.89 -15.1747 -124.014 71.4703 
-15.1495 -186.843 -117.227 -14.9537 121.681 31.3938 -14.8751 -13.3225 213.887 
-14.8513 2.90474 -364.652 -14.4755 -86.5255 -367.005 -14.0923 -66.0524 164.882 
-14.0752 102.349 141.142 -14.0255 -29.7821 213.876 -13.6619 -132.528 57.3241 
-13.4883 78.2679 -215.17 -13.3674 120.181 48.2665 -13.0861 -190.896 -133.211 
-13.05 -43.7043 213.503 -13.0205 -129.853 -364.744 -12.6876 46.4068 -363.976 
-12.6557 -167.732 -42.4618 -12.6493 -157.964 -363.227 -12.2999 63.193 205.061 
-12.0093 -200.961 -225.38 -11.9503 -140.67 43.1098 -11.6876 116.601 -351.544 
-11.613 -197.127 -288.899 -11.4262 117.621 65.1361 -11.304 111.218 -305.048 
-11.2062 82.1779 -231.972 -11.2051 97.3836 157.185 -11.1327 -73.7661 150.512 
-10.8826 -58.3559 206.586 -10.8328 -194.377 -149.252 -10.3024 87.7547 -361.733 
-10.0396 -147.894 28.636 -9.94351 -26.084 -366.053 -9.74627 -171.264 -58.4911 
-9.56189 -70.6948 -367.04 -9.13993 114.651 81.9252 -8.64218 -82.7062 136.507 
-8.60456 87.9428 -248.127 -8.49542 18.9395 -364.129 -8.38995 -201.192 -242.093 
-8.31978 -186.666 -334.517 -8.29709 -197.129 -165.28 -8.27012 47.742 210.016 
-8.24261 -114.107 -365.937 -7.92826 90.9407 172.582 -7.91104 -153.817 13.7014 
-7.91071 107.218 -69.563 -7.8232 112.501 -52.1038 -7.7488 101.805 -86.3597 
-7.42147 116.446 -32.3078 -7.35333 96.292 -103.028 -6.91972 59.5834 -363.557 
-6.85617 90.3653 -119.584 -6.83273 116.028 -320.925 -6.77647 -171.509 -359.296 
-6.73504 111.315 98.4184 -6.50669 -92.0276 122.593 -6.17809 -175.386 -75.1471 
-6.17771 85.0895 -136.496 -6.1748 119.079 -14.0064 -6.0598 -64.3175 192.073 
-5.89423 94.7218 -263.518 -5.75621 -194.211 -305.02 -5.61674 -199.483 -181.261 
-5.51211 -158.369 -1.5943 -5.17264 80.6186 -153.547 -4.96267 31.3129 212.116 
-4.62042 -101.487 108.667 -4.60779 -201.065 -259.049 -4.46457 -54.7673 -366.952 
-4.28232 120.472 3.63775 -4.25803 83.6432 187.219 -4.23621 -9.99826 -364.602 
-4.14291 107.909 114.671 -3.88493 77.2955 -170.832 -3.78319 101.291 -278.447 
-3.6499 -180.433 -91.4547 -3.46645 -142.349 -364.122 -3.44987 -98.352 -366.699 
-2.95042 -110.351 94.3589 -2.93185 102.867 -359.955 -2.77125 -200.826 -197.524 
-2.71386 -162.03 -16.9353 -2.68464 14.5531 212.672 -2.4214 120.422 20.9285 
-2.2332 75.6625 -188.214 -1.79123 -65.6143 176.083 -1.75219 34.7929 -364.031 
-1.72437 -185.412 -107.416 -1.51482 118.489 -337.174 -1.47567 -118.789 79.9991 
-1.37695 104.302 130.791 -1.05073 -2.21785 212.785 -0.718027 119.555 37.9816 
-0.55715 73.5988 -362.374 -0.316045 107.158 -293.505 -0.283521 -181.091 -348.776 
-0.267257 73.6394 200.148 -0.240872 75.9211 -205.204 -0.103494 -200.177 -275.831 
-0.061617 -126.949 65.5774 0.23124 -189.418 -123.442 0.238724 -18.566 212.822 
0.278316 -164.946 -32.3726 0.336557 -201.275 -213.9 0.8892 -38.7809 -366.305 
0.91965 -191.052 -321.273 1.29596 117.54 54.9415 1.3547 100.213 146.885 
1.43255 -135.022 51.2328 1.47641 -82.7123 -366.98 1.51584 -69.5541 160.421 
1.96269 6.09102 -364.156 1.98023 78.7542 -221.763 2.05407 -34.0904 212.347 
2.33477 -193.29 -139.275 2.58568 -126.323 -364.709 3.05819 -142.605 36.8318 
3.22724 -168.208 -48.3169 3.44283 115.07 71.7499 3.76193 -201.348 -230.424 
4.06422 59.259 208.582 4.07069 112.494 -308.708 4.16954 -156.039 -363.265 
4.31953 -77.2601 145.627 4.44827 94.9924 162.527 4.52514 83.7801 -237.77 
4.55472 -49.7486 210.786 4.7034 -196.431 -155.099 4.80141 -149.169 22.0332 
5.16987 -197.826 -292.022 5.38276 116.167 -352.038 5.39446 50.9047 -363.696 
5.8704 112.335 88.3408 6.38069 88.0852 -361.018 6.45554 -22.7533 -364.808 
6.48901 -66.9748 -366.993 6.53467 103.492 -76.3252 6.6204 98.0542 -92.9512 
6.6559 109.207 -59.4435 6.68219 -154.632 6.87195 6.74132 -86.3558 131.343 
7.00717 92.2269 -109.722 7.0863 113.594 -41.5426 7.37236 -201.365 -246.959 
7.3807 -199.028 -170.838 7.56884 90.0882 -253.233 7.62789 86.6332 -126.498 
7.6517 -110.599 -365.737 7.65787 -172.288 -65.3492 7.88221 42.7997 211.488 
7.9076 -63.4044 203.676 8.01421 88.817 177.687 8.0536 116.728 -23.7361 
8.18782 -187.245 -336.712 8.39524 82.1515 -143.693 8.39694 109.558 104.699 
8.4298 57.8891 -363.235 8.45331 102.552 -281.457 8.71559 22.2068 -364.043 
8.7645 -169.969 -359.214 8.80975 -95.871 117.152 8.93148 116.867 -324.004 
9.12628 -158.926 -8.27267 9.35508 119.176 -6.30757 9.62969 78.662 -160.987 
10.2141 -200.639 -186.696 10.2945 -177.395 -82.0919 10.6322 -105.282 103.046 
10.8391 120.022 10.9486 10.8766 25.9304 211.876 11.0295 -194.584 -308.011 
11.1304 106.775 120.835 11.157 76.0527 -178.419 11.4504 -67.2611 187.725 
11.5032 -201.141 -263.384 11.7727 -51.2188 -366.496 11.966 81.2209 192.132 
12.0099 -182.609 -98.2029 12.2013 -113.98 88.6086 12.4234 119.901 28.0081 
12.4663 -6.80599 -364.108 12.5543 97.0756 -268.482 12.6396 -94.9073 -366.66 
12.6727 -139.227 -364.102 12.9185 9.18663 211.937 13.0188 75.6289 -195.403 
13.0772 -201.185 -202.806 13.5281 -162.057 -22.022 13.6548 -122.114 74.0514 
13.6796 -187.024 -114.275 13.8666 103.101 -359.782 13.9261 103.178 136.749 
14.0299 108.599 -296.785 14.0592 -67.1251 171.097 14.2746 118.808 45.0283 
14.3512 -7.23345 212.063 14.9349 119.441 -339.055 14.9771 -129.971 59.5398 
15.2188 77.2646 -211.843 15.4975 -191.123 -130.192 15.5611 72.9979 -361.886 
15.6066 -180.797 -351.159 15.8427 -165.349 -37.2388 16.047 -23.0061 211.79 
16.091 38.836 -363.836 16.1493 -201.38 -218.931 16.2607 70.2958 204.569 
16.2842 -199.845 -279.498 16.2954 116.948 61.8119 16.3123 -137.949 45.1226 
16.6335 -168.859 -53.1055 16.8753 98.7473 152.529 16.9079 -72.1184 155.013 
17.165 -35.3822 -365.223 17.5808 -194.634 -145.923 17.5955 -145.133 30.3548 
17.6236 80.734 -227.602 17.6308 -191.294 -323.921 17.6392 -79.2492 -366.865 
18.4145 -123.044 -364.602 18.421 -156.796 -1.55894 18.5021 114.751 78.4848 
18.5074 -38.7361 210.743 18.6265 -151.175 14.9196 19.0224 113.783 -311.644 
19.023 9.29166 -364.055 19.5088 -201.382 -235.173 19.6823 -80.4692 139.971 
20.0347 -197.437 -161.464 20.2621 93.4789 167.903 20.5733 54.4416 210.478 
20.6047 86.1141 -242.743 20.9143 112.343 94.9693 21.0378 101.67 -83.8458 
21.0931 96.4112 -100.712 21.1162 -168.45 -360.405 21.2 107.145 -67.0869 
21.5633 90.8479 -117.495 21.5736 112.225 -50.0707 21.6644 -197.155 -295.306 
22.1977 -89.9581 125.458 22.2216 -53.4598 207.213 22.2253 85.9615 -134.359 
22.3079 116.06 -32.9293 22.3353 115.945 -352.74 22.5889 104.155 -284.456 
22.7957 87.7937 -360.925 22.8006 -199.457 -177.002 22.8121 -63.5455 -366.598 
23.0513 -19.5461 -364.279 23.0711 -152.797 -363.686 23.209 81.9459 -151.479 
23.2179 -201.267 -251.449 23.315 118.677 -15.8172 23.4622 110.005 111.284 
23.6645 -107.272 -365.733 23.8479 55.7668 -362.758 24.0995 86.8595 182.804 
24.1551 37.5503 211.269 24.2309 -99.6627 111.351 24.4814 120.481 1.25095 
24.5801 78.6435 -168.649 24.6766 -186.417 -339.045 24.7054 117.693 -326.275 
24.7886 92.5045 -257.552 25.7662 -63.937 199.073 25.8422 -200.471 -192.523 
25.8676 121.204 18.3001 25.9136 -108.94 97.1221 26.1327 25.5202 -363.913 
26.2364 106.801 127.22 26.3305 76.8341 -185.872 26.5857 -178.919 -89.5064 
26.7345 -65.0014 181.618 26.8888 -173.919 -73.8632 27.1575 20.5728 211.2 
27.373 -117.611 82.6123 27.434 120.939 35.2719 27.5179 -200.569 -267.304 
27.6069 -183.859 -105.537 27.6845 -193.815 -310.871 28.0333 -47.93 -365.65 
28.3812 78.5548 196.768 28.3925 77.6527 -202.442 28.4702 109.92 -299.462 
28.7028 -125.877 68.0641 28.8258 -91.5468 -366.488 28.8835 -67.6926 164.758 
28.9263 -188.275 -121.528 29.0192 -201.053 -208.037 29.069 -136.028 -364.124 
29.1803 102.808 143.02 29.2277 119.795 52.1153 29.3021 -3.67423 -364.064 
29.4677 -169.841 -58.7377 29.6685 4.063 211.265 29.8171 -11.7701 211.369 
29.8647 -134.074 53.6463 30.1841 -166.353 -42.2216 30.4597 -192.321 -137.392 
30.5273 -162.863 -25.905 30.6796 102.31 -359.101 30.7325 -159.47 -9.33309 
30.7453 79.5569 -217.612 30.8283 -142.04 39.019 31.0908 99.3351 -272.437 
31.1346 -178.022 -352.098 31.2027 118.258 68.8014 31.3806 119.603 -340.341 
31.4589 -148.982 23.7929 31.6579 -154.8 7.79692 31.7778 72.2459 -361.352 
31.9657 -27.5857 210.625 32.1216 -201.236 -223.764 32.3077 -195.4 -153.136 
32.4635 -198.582 -282.685 32.5085 98.0036 158.302 32.9726 65.95 206.9 
33.3619 116.315 85.3634 33.411 83.132 -231.565 33.5114 -32.3606 -364.478 
33.6592 41.7857 -363.086 33.9335 -74.9922 147.842 34.0295 -75.9038 -366.642 
34.2332 -189.673 -326.081 34.3048 114.71 -313.865 34.5299 -119.915 -364.489 
34.6351 -197.606 -168.601 35.3281 -200.966 -239.966 35.3678 101.352 -92.1908 
35.462 96.1335 -108.975 35.509 -43.84 208.313 35.6212 106.425 -75.33 
35.7747 -165.06 -361.065 35.7994 113.896 101.769 35.9845 91.1791 -125.629 
36.0198 111.633 -58.6063 36.1108 12.2025 -364.008 36.1782 92.2445 172.945 
36.4219 -84.1545 133.055 36.5945 116.048 -41.9167 36.7797 86.7048 -142.407 
36.9556 49.345 209.843 37.0456 88.3912 -246.562 37.4226 119.037 -25.0326 
37.4686 -199.009 -183.813 37.7003 105.504 -287.33 37.9275 82.7329 -159.344 
38.0115 -195.399 -297.855 38.1969 -93.8109 119.077 38.4002 121.13 -8.10651 
38.4628 110.934 118.015 39.0462 -60.4339 -365.636 39.1023 -200.002 -255.625 
39.1601 114.842 -352.793 39.4566 87.2112 -360.78 39.475 122.777 8.73796 
39.5335 -16.6352 -364.113 39.5659 79.8265 -176.475 39.8101 -103.541 105.167 
39.8744 -58.7195 192.983 39.897 -104.074 -365.455 40.1656 -62.4152 174.675 
40.2142 -148.803 -363.793 40.257 84.934 186.797 40.3427 -68.1425 159.118 
40.5815 32.2626 209.84 40.6543 118.198 -327.951 40.8004 123.486 25.671 
40.9176 -183.709 -340.448 41.1206 57.4028 -361.755 41.2615 -112.723 90.8681 
41.3132 107.23 134.057 41.6194 78.9285 -193.42 41.7663 -199.544 -197.926 
42.0231 94.5559 -261.29 42.3319 122.973 42.5202 42.5025 -180.308 -97.1712 
42.5251 -121.78 76.5928 42.6632 -175.423 -81.3982 43.0328 -184.703 -113.206 
43.4528 -198.822 -270.406 43.4535 28.1382 -363.466 43.6843 110.835 -301.819 
43.7035 -130.454 62.192 43.8091 -171.02 -65.6292 43.8168 79.8994 -208.321 
43.9582 -188.92 -129.168 43.9982 122.05 59.2197 44.0132 -15.7934 209.801 
44.0956 -191.313 -312.872 44.1779 -45.0783 -364.576 44.3633 15.1856 209.691 
44.4785 -167.56 -49.0771 44.4831 -138.972 47.6155 44.6077 102.651 149.206 
44.8269 74.9856 199.104 44.9221 -164.791 -32.2054 45.002 -146.969 32.8235 
45.1164 -199.899 -213.177 45.124 -192.437 -145.043 45.2728 -153.681 17.3305 
45.2998 -88.3933 -366.224 45.326 -132.62 -364.068 45.3301 -161.969 -15.4084 
45.4394 -158.535 1.10436 45.676 81.402 -218.851 45.9327 120.583 75.7845 
46.091 -1.06146 -364.04 46.5453 -195.069 -160.81 46.7975 -174.648 -353.391 
47.5033 101.695 -359.295 47.8415 100.79 -275.616 47.8868 -199.645 -229.077 
47.9252 -31.759 208.195 47.9507 119.23 -341.489 48.0664 97.6813 162.974 
48.1692 118.27 92.242 48.4304 -196.801 -176.171 48.5614 -195.96 -285.093 
48.6587 72.5507 -361.105 49.1749 84.7698 -235.109 49.3418 60.7324 206.422 
49.4366 -1.99909 209.529 49.6866 100.822 -100.51 49.7702 -29.6995 -364.124 
49.871 95.9781 -117.14 49.9079 115.378 -316.02 49.9653 105.568 -83.7274 
50.4374 110.307 -67.0709 50.4545 -72.9564 -365.851 50.4735 91.1613 -133.567 
50.6004 -186.184 -327.463 50.6814 115.404 108.661 50.7748 -116.688 -364.433 
50.8302 43.5685 -362.116 51.0483 115.114 -50.5086 51.1452 -198.875 -244.725 
51.4081 87.0702 -150.232 51.458 -46.685 200.795 51.4627 -160.801 -362.117 
51.7308 118.738 -33.934 52.0167 91.5131 176.425 52.0185 -78.4518 139.829 
52.0285 -54.7762 183.489 52.0571 -69.3723 153.221 52.3848 -61.0191 167.154 
52.5228 121.411 -17.2406 52.7831 83.5777 -167.121 52.843 -87.8773 126.089 
52.8584 -197.103 -189.886 53.1676 14.5399 -363.836 53.2428 43.9193 208.328 
53.3715 123.733 -0.56186 53.4961 106.399 -289.877 53.5122 111.702 125.027 
53.5345 89.8804 -250.169 54.0803 -97.5815 112.313 54.1823 -192.169 -299.766 
54.4342 125.339 16.2261 54.7107 80.8443 -184.238 54.8832 -198.054 -259.03 
55.1574 -57.7411 -364.644 55.388 -107.218 98.434 55.719 125.85 33.031 
56.0039 114.667 -353.287 56.0423 -144.868 -363.869 56.0774 -14.3509 -364.047 
56.1593 87.2425 -360.687 56.4664 83.0573 189.489 56.4884 -100.908 -365.112 
56.5724 -116.825 84.4772 56.9205 118.577 -330.27 56.9593 107.021 141.308 
57.0959 125.522 49.7195 57.2004 -179.901 -341.792 57.2729 26.7704 208.658 
57.5246 80.5693 -203.241 57.6899 -126.141 70.3112 57.7127 -176.151 -89.2773 
57.7569 -180.594 -105.287 57.9656 -184.258 -121.425 58.1963 -171.764 -73.1872 
58.2208 58.7143 -361.222 58.5398 -135.243 55.9328 58.5492 95.6712 -264.252 
58.5685 -188.001 -137.347 58.6405 -196.559 -202.888 58.7101 124.67 66.2679 
58.7439 -19.9157 208.378 58.9045 -168.477 -56.6517 59.0751 -143.865 41.389 
59.2129 -195.787 -272.595 59.3118 -190.881 -153.22 59.3305 111.467 -304.1 
59.4453 -151.442 26.3449 59.4712 -166.067 -39.7384 59.6667 -157.744 10.7008 
59.8118 -164.14 -22.5852 59.8259 -161.651 -5.69431 60.0661 102.508 152.66 
60.1132 -193.113 -168.623 60.2705 -42.6074 -364.168 60.2827 -195.091 -184.689 
60.292 -187.435 -314.28 60.5437 29.9658 -362.56 60.6066 -196.593 -218.851 
60.6882 122.749 82.6724 61.166 -128.975 -364.091 61.2546 82.4978 -222.808 
61.2723 71.0843 200.216 61.6823 9.69167 208.767 62.237 -85.4875 -365.271 
62.825 -170.291 -355.243 62.8901 1.02923 -363.895 62.9949 119.981 99.0428 
63.173 97.9942 164.011 63.2237 -196.193 -234.454 63.3658 -35.4121 202.328 
63.8295 101.464 -278.178 63.9755 -45.7983 188.903 64.0633 101.327 -359.041 
64.1042 -52.5591 172.996 64.1772 99.0723 -108.334 64.3405 103.557 -91.7577 
64.3625 -191.892 -286.982 64.4451 94.4379 -124.725 64.7572 117.932 -343.851 
64.8555 108.151 -75.1939 65.0396 90.2061 -141.198 65.2006 85.9618 -238.839 
65.4925 112.875 -58.8278 65.5333 73.6126 -360.924 65.6704 55.5687 205.743 
65.721 116.397 115.328 65.834 -61.6649 159.133 66.014 115.47 -318.276 
66.1217 -27.5125 -364.057 66.156 117.2 -42.5116 66.1818 86.5279 -157.891 
66.6764 -71.7426 146.037 66.7602 -181.591 -328.663 66.8328 120.617 -26.081 
66.9965 -195.289 -249.781 67.0671 -70.39 -364.675 67.1344 -113.289 -364.194 
67.1978 -156.426 -362.333 67.5009 -81.5068 132.537 67.5222 -7.4473 207.805 
67.5622 123.62 -9.58641 67.7859 83.2222 -174.815 67.914 45.0862 -361.387 
67.9141 90.2476 178.385 68.3982 126.125 7.00041 68.576 -91.3462 118.927 
69.1282 111.643 131.691 69.2952 106.834 -292.317 69.4306 127.617 23.6603 
69.6126 90.4379 -253.007 69.6655 38.491 206.938 69.6667 -101.231 105.333 
69.9898 -187.245 -301.258 70.1179 16.3657 -363.28 70.2848 -193.237 -260.982 
70.2993 81.1719 -192.624 70.5737 127.97 40.2789 70.7181 -110.946 91.5489 
70.9383 -55.5464 -364.159 71.4014 -140.521 -363.817 71.812 -120.697 77.6176 
71.9209 127.553 56.7536 72.1418 -178.952 -114.076 72.165 -175.154 -97.763 
72.2199 -182.231 -130.43 72.4764 111.964 -353.235 72.5006 -171.374 -81.4171 
72.505 -185.144 -146.387 72.6211 88.061 -360.186 72.6503 -12.3805 -363.982 
72.7412 -191.063 -192.693 72.7464 -130.291 63.5299 72.8043 79.7806 190.804 
72.8288 -187.612 -161.595 72.9128 -189.367 -176.253 73.1739 -168.141 -64.9576 
73.2306 -174.576 -342.851 73.2977 -23.5758 202.901 73.3346 -191.57 -209.132 
73.4563 -139.692 49.3496 73.4569 117.952 -332.287 73.573 -191.185 -272.183 
73.6093 126.192 73.0092 73.6161 81.4569 -211.021 73.7109 -97.8598 -364.428 
73.7628 105.191 149.391 73.7812 21.4028 207.242 73.897 -148.27 34.737 
74.0189 -166.293 -48.0877 74.1083 -155.49 19.3803 74.1851 -160.84 3.35318 
74.2861 -163.72 -13.2102 74.4183 -35.74 190.705 74.4699 -165.213 -30.791 
74.5088 95.9064 -266.673 75.1622 -191.547 -224.856 75.2852 60.1092 -361 
75.4974 111.418 -306.515 75.619 123.998 89.1619 76.0289 -181.859 -315.416 
76.0678 -40.6514 -364.066 76.134 -44.5118 177.05 77.0752 -125.333 -364.01 
77.1458 83.1861 -227.667 77.5632 31.552 -361.752 77.641 66.4822 200.008 
78.0663 120.641 105.328 78.1422 -190.873 -239.86 78.4913 95.787 -115.658 
78.6355 100.344 -99.3727 78.6544 4.23044 206.677 78.8673 -164.888 -354.977 
78.8733 91.5809 -131.933 79.0215 96.7695 166.2 79.0759 -185.977 -287.877 
79.15 104.878 -83.0565 79.7088 101.144 -280.68 79.7126 87.6464 -148.356 
79.7559 2.91619 -363.608 79.7962 -53.0014 164.27 79.8707 109.546 -66.8122 
80.008 101.196 -358.086 80.5591 -82.8435 -364.31 80.5751 114.361 -50.7334 
80.9139 -63.818 151.372 81.0262 86.2007 -241.861 81.0905 84.5644 -165.124 
81.1869 116.201 121.351 81.2447 118.493 -34.5675 81.9278 122.079 -18.2738 
81.9771 -74.236 138.329 82.097 50.1487 204.463 82.2857 -174.813 -329.267 
82.3475 -25.6657 -364.01 82.353 74.9757 -360.417 82.4072 114.301 -320.678 
82.524 -188.724 -255.112 82.6062 116.559 -347.436 82.6444 125.192 -1.88139 
82.7751 -151.156 -362.394 82.9507 -84.3575 124.935 83.1387 -12.1312 202.126 
83.2119 81.9469 -182.194 83.4865 127.539 14.5756 83.6333 -110.282 -364.089 
83.933 -94.5093 111.512 84.0868 -38.5621 178.785 84.2042 87.3079 179.966 
84.4018 128.843 30.9776 84.7754 -180.339 -301.877 84.9339 -104.562 98.0003 
84.9652 -26.3043 192.215 85.0497 46.6422 -361.11 85.0786 106.088 -295.068 
85.2551 110.336 137.689 85.3569 89.9055 -255.308 85.5049 128.942 47.3694 
85.5407 -53.9546 -364.058 85.5897 -183.54 -183.395 85.6372 -182.122 -168.12 
85.6778 -175.636 -123.71 85.7261 -178.597 -140.521 85.7718 -180.883 -156.232 
85.7738 -172.14 -106.97 85.885 -184.631 -199.871 85.9332 32.9571 204.825 
85.9444 -114.468 84.2558 86.0951 80.5293 -199.842 86.2372 -168.782 -90.4794 
86.7983 -185.045 -215.96 86.8869 127.999 63.4813 86.9222 -124.276 70.3078 
86.9818 -135.771 -363.51 87.0727 -184.394 -272.44 87.1437 -166.107 -73.9345 
87.1784 18.1198 -362.44 87.7899 -134.009 56.205 88.2099 -164.456 -21.3429 
88.2101 -163.015 -4.15352 88.4199 -164.586 -57.2091 88.4422 -143.474 42.0571 
88.5763 126.367 79.2443 88.5898 -158.615 11.8453 88.6064 -184.699 -231.28 
88.6857 -151.92 27.3223 88.8403 89.3596 -358.984 88.8983 -167.715 -343.032 
89.239 -164.553 -39.892 89.2497 -10.5484 -363.778 89.3436 75.7441 191.46 
89.386 -67.774 -364.097 89.5779 81.0503 -217.126 90.0152 15.9091 204.304 
90.0409 115.593 -334.31 90.2147 102.956 153.957 90.4685 94.7221 -269.139 
90.6411 123.657 95.0569 90.954 -173.606 -315.513 91.4401 -95.4357 -364.096 
91.4541 109.641 -309.441 91.719 -39.036 -364.028 92.4771 61.7386 -360.67 
92.5758 -178.633 -287.884 92.6178 91.4242 -122.611 92.7021 95.8958 -106.531 
93.0859 82.2998 -231.983 93.1268 87.4562 -138.757 93.2552 100.504 -90.5182 
93.3313 119.584 110.829 93.348 -122.126 -363.963 93.8542 -181.756 -244.38 
94.0017 105.032 -74.4715 94.0646 -0.891172 200.921 94.2795 83.9068 -155.209 
94.3442 61.2982 200.137 94.6526 102.929 -357.048 94.7328 33.258 -361.327 
94.8379 109.851 -58.5066 94.8582 -159.086 -355.565 95.3356 -55.1165 156.03 
95.3382 -42.6501 168.59 95.4438 93.9126 168.474 95.5737 99.4893 -283.655 
95.6647 114.808 -42.642 96.0742 -16.0407 192.553 96.1058 81.2912 -171.872 
96.2736 -66.1695 143.36 96.3075 -29.3337 181.115 96.3707 118.852 -26.523 
96.4732 84.5005 -243.929 96.6419 4.67257 -362.905 96.9594 -179.594 -259.224 
97.0041 114.376 126.557 97.0624 122.528 -10.3251 97.2313 -76.7202 130.302 
97.3715 -166.587 -329.126 97.625 -174.72 -174.429 97.6493 -144.375 -361.755 
97.6938 -176.017 -191.184 97.7354 125.42 5.9313 98.0046 -172.739 -152.354 
98.1456 -87.1999 117.15 98.1754 -176.766 -207.525 98.2165 -170.256 -134.261 
98.3307 44.1702 202.571 98.4198 -167.361 -117.014 98.4582 127.586 22.0773 
98.5562 -24.0537 -363.85 98.6342 -177.071 -274.036 98.6407 79.4831 -188.894 
98.7365 111.604 -323.442 98.9413 -177.035 -223.272 99.0009 -164.279 -100.231 
99.0709 -97.4218 103.801 99.1116 114.443 -347.807 99.1293 -171.595 -301.113 
99.3387 128.614 38.2521 99.5085 76.736 -359.558 99.7214 -177.167 -239.54 
100.01 -80.733 -364.073 100.037 103.794 -298.238 100.075 -107.648 90.3669 
100.271 -162.102 -83.516 100.359 -107.737 -364.026 100.47 128.335 54.3279 
100.497 -52.6073 -364.047 100.645 -162.961 -29.311 100.679 83.2811 181.04 
101.045 -117.598 76.5674 101.106 87.7037 -257.633 101.377 -162.837 -12.2394 
101.549 107.801 142.096 101.781 127.023 69.751 101.928 -127.33 62.5052 
101.932 78.8624 -206.126 102.099 -160.955 -66.9355 102.223 26.9738 202.474 
102.421 48.4222 -360.916 102.609 -160.167 3.81528 102.761 -137.16 48.3351 
103.143 -154.208 19.2267 103.287 -146.614 34.1437 103.401 124.913 84.7394 
103.967 -159.841 -342.641 104.184 19.7723 -361.577 104.496 -161.003 -50.312 
104.577 -132.546 -363.153 105.565 91.627 -357.77 105.575 78.5595 -223.184 
105.606 121.591 100.173 105.742 -164.187 -314.08 105.78 10.0675 199.405 
105.878 -8.90058 -363.165 105.897 -169.455 -286.043 105.918 70.2767 191.362 
106.197 85.3914 -129.092 106.287 89.7338 -113.204 106.754 99.6765 156.854 
106.799 111.743 -337.623 106.918 94.6352 -97.4665 106.978 81.724 -145.21 
106.981 106.482 -312.771 107.119 91.7238 -272.358 107.288 97.0974 -286.273 
107.666 -37.7383 -363.945 107.812 99.3465 -81.7099 108.038 -5.55281 192.755 
108.454 79.7246 -233.571 108.603 79.078 -161.695 108.679 -93.4596 -364.048 
108.75 -166.049 -182.95 108.759 -66.1179 -364.053 108.792 104.127 -65.9422 
108.835 -164.603 -165.115 108.852 116.942 115.48 108.918 -167.17 -199.613 
109.064 -19.5793 182.827 109.136 -150.486 -355.387 109.241 -167.974 -215.643 
109.297 -32.8171 171.588 109.319 -168.84 -231.802 109.326 -162.769 -145.699 
109.439 -45.598 159.795 109.463 -169.789 -249.771 109.742 -160.59 -35.368 
109.851 109.342 -50.232 109.904 -119.537 -363.673 109.933 63.6311 -360.084 
109.958 -160.592 -127.686 110.179 105.136 -352.637 110.393 -57.3704 147.6 
110.538 54.8811 198.05 110.628 -157.903 -110.534 110.74 114.004 -34.3381 
110.921 77.0643 -178.332 110.97 -167.63 -269.786 111.259 -136.437 -360.759 
111.332 80.8897 -243.958 111.342 -68.5406 135.081 111.412 117.971 -18.2709 
111.63 -157.62 -328.109 111.952 34.9173 -361.069 111.969 89.9077 169.939 
112.108 121.452 -2.11222 112.169 -156.108 -93.6669 112.289 -79.4156 122.314 
112.666 124.218 13.9372 112.984 111.11 130.46 113.043 -161.439 -297.741 
113.2 -89.9118 109.237 113.316 126.184 29.7881 113.445 6.22891 -361.852 
113.682 -160.097 -20.0746 113.944 75.6474 -195.174 114.072 -100.003 95.7629 
114.162 100.242 -301.672 114.2 126.704 45.8332 114.335 -155.196 -76.9595 
114.539 37.7432 200.035 114.859 -22.8136 -363.46 114.969 107.321 -326.847 
115.077 -110.077 82.1164 115.116 -164.379 -255.308 115.191 125.761 61.2693 
115.885 -119.73 68.0167 116.004 -158.698 -4.89096 116.318 124.252 74.8011 
116.618 -51.5051 -364.024 116.666 -129.342 53.6856 117.024 -105.849 -363.945 
117.076 77.8717 181.164 117.225 -79.3335 -364.054 117.285 -154.471 10.2853 
117.291 79.1658 -358.561 117.403 -155.193 -60.4062 117.486 -139.078 39.4392 
117.486 74.8572 -212.167 117.517 83.7038 -260.623 117.693 -147.672 25.1306 
117.865 103.792 144.913 117.928 -150.633 -341.515 117.948 20.8037 198.489 
118.083 121.875 89.4824 118.161 -161.222 -240.522 118.725 -158.932 -281.557 
118.981 81.8218 -119.356 119.046 77.7161 -135.184 119.094 -159.24 -224.484 
119.154 -156.5 -192.224 119.231 -153.639 -157.191 119.256 -155.31 -175.191 
119.379 -157.804 -208.567 119.648 -153.998 -310.52 119.868 50.2487 -360.467 
119.885 86.8941 -103.9 120.085 -152.033 -138.807 120.124 93.5108 -289.613 
120.236 74.6523 -151.396 120.27 4.97878 192.516 120.625 118.046 104.474 
121.144 92.1411 -88.4988 121.178 21.2383 -361.185 121.22 -150.181 -121.254 
121.532 74.4105 -230.009 121.719 101.419 -316.882 121.816 63.9654 189.818 
121.868 -155.482 -44.3142 121.949 -9.52904 184.016 122.273 97.2104 -73.0024 
122.366 -141.083 -353.092 122.378 -7.62408 -362.171 122.447 105.468 -342.056 
122.53 72.8278 -167.818 122.892 -23.0875 173.956 122.922 94.7536 -354.679 
122.933 -156.223 -265.517 122.941 -148.546 -104.201 123.174 94.891 158.388 
123.453 -36.0811 163.1 123.457 102.355 -57.413 123.776 -129.399 -360.574 
123.898 -36.7733 -363.826 124.084 -48.3706 151.405 124.327 112.914 118.905 
124.55 107.365 -41.6675 124.601 -147.731 -326.822 125.121 -117.625 -362.858 
125.16 -59.9196 139.27 125.312 -147.8 -87.3252 125.394 71.1463 -184.343 
125.421 111.788 -25.7338 125.464 -65.094 -364.041 125.598 -92.1534 -364.036 
125.944 -155.467 -27.9195 125.989 48.1575 194.628 126.069 -153.469 -249.856 
126.213 115.668 -9.6517 126.269 -150.394 -291.944 126.292 -71.1054 126.885 
126.36 85.7271 -277.118 126.787 119.026 6.40283 127.152 75.8318 -248 
127.195 -81.7694 114.068 127.236 121.704 22.2679 127.833 123.096 37.8612 
127.936 65.9939 -359.141 127.996 -147.377 -70.5596 128.045 -92.0126 100.809 
128.049 -150.823 -234.104 128.28 84.146 170.279 128.371 94.8411 -306.019 
128.645 122.845 53.8889 128.804 69.9369 -201 128.896 -101.843 87.0692 
128.897 -143.729 -167.936 128.9 106.543 132.947 129.038 -142.114 -150.037 
129.084 -148.368 -218.146 129.183 -145.171 -185.278 129.291 -146.579 -202.022 
129.303 36.5954 -360.888 129.422 -154.535 -11.0127 129.563 121.597 66.1598 
129.695 -111.478 73.03 129.782 31.3328 195.253 130.19 7.42516 -361.289 
130.303 -140.723 -132.221 130.439 -120.87 58.6172 130.451 -144.296 -312.022 
130.48 120.35 78.4306 130.591 -152.727 -1.73663 130.628 -147.466 -276.203 
130.855 72.6598 -125.247 130.891 -140.443 -339.345 131.063 -130.11 43.9242 
131.187 68.8187 -141.117 131.221 -21.8016 -362.75 131.646 -139.087 29.2531 
131.763 -147.088 14.2795 131.79 77.5277 -109.888 132.336 -148.032 -53.8852 
132.344 68.6251 -217.922 132.369 -139.467 -114.968 132.459 117.514 93.5649 
132.581 15.296 191.686 132.862 71.371 179.904 132.99 66.3493 -157.27 
133.081 -50.6559 -363.917 133.276 -104.812 -363.82 133.433 83.1399 -94.771 
133.447 96.761 -325.005 134.104 -78.4208 -364.039 134.132 98.6644 146.355 
134.137 -144.618 -260.392 134.167 77.286 -264.744 134.561 -141.242 -299.654 
134.78 0.134763 185.054 134.944 -138.594 -98.0534 134.99 88.5032 -79.514 
135.292 86.8038 -293.828 135.41 81.8213 -354.861 135.484 113.359 107.482 
135.915 64.9677 -173.583 136.358 93.8302 -64.0998 136.399 -13.9295 176.396 
136.672 -141.9 -244.697 136.755 68.1558 -235.271 136.801 -131.774 -350.695 
136.867 57.0239 186.628 137.129 -148.707 -36.7376 137.187 -137.116 -325.075 
137.353 -27.0847 166.286 137.36 93.6981 -342.481 137.529 52.2693 -360.067 
137.64 -138.25 -81.2299 137.654 98.9405 -48.4864 138.003 -39.5092 155.135 
138.265 -132.032 -161.048 138.314 22.6658 -361.049 138.342 -138.312 -286.032 
138.346 -139.246 -228.713 138.578 -130.368 -143.326 138.761 -133.372 -178.797 
138.771 103.899 -32.7533 138.849 -6.62758 -361.54 138.857 -51.3215 143.323 
139.069 63.2295 -189.961 139.206 -136.68 -212.538 139.247 -134.784 -196.03 
139.348 89.0114 158.704 139.351 -118.917 -361.829 139.607 107.84 120.673 
139.857 108.48 -16.8528 140.015 -62.582 131.155 140.23 -129.01 -125.887 
140.298 -35.9912 -363.384 140.665 41.3759 189.412 140.709 112.481 -0.82805 
140.883 -138.703 -64.572 141.054 -73.1482 118.413 141.066 115.612 15.1481 
141.434 -147.885 -19.1787 141.458 117.91 31.0772 141.834 -135.442 -271.013 
141.843 -83.3483 105.238 141.858 86.856 -310.324 141.921 62.4225 -130.947 
141.973 118.607 47.1151 142.018 -133.364 -310.681 142.154 -64.4081 -364.013 
142.226 68.1783 -252.531 142.34 78.2478 -281.499 142.506 -91.5142 -364.01 
142.583 61.8483 -206.465 142.623 66.8957 -115.53 142.701 -127.769 -108.797 
142.706 59.0993 -146.765 142.708 117.57 65.4606 142.714 -93.1961 91.6299 
143.267 -102.425 77.4443 143.822 -111.356 62.9604 143.991 77.4885 169.298 
144.165 115.513 83.0551 144.232 25.5764 188.591 144.305 -144.114 -0.285513 
144.334 -120.401 48.1355 144.606 -129.889 -337.249 144.617 72.6205 -100.557 
144.654 -128.991 32.9196 144.674 100.798 133.762 144.753 -132.533 -255.535 
144.892 -137.094 17.2323 145.087 57.0818 -162.842 145.743 -127.125 -91.914 
145.748 -139.513 -47.552 145.889 68.1919 -356.064 145.914 -129.616 -296.571 
146.272 60.3476 -223.149 146.483 112.372 96.96 146.517 78.1493 -85.4662 
146.912 38.4396 -360.858 146.912 8.5738 -361.15 147.086 -120.042 -154.396 
147.146 -129.843 -239.785 147.344 86.1295 -327.66 147.368 9.94796 184.667 
147.523 -21.0282 -362.196 147.805 -118.348 -136.867 147.814 64.2043 177.417 
147.876 -121.472 -172.382 148.21 55.3759 -178.985 148.211 83.5331 -70.2081 
148.656 -127.114 -223.7 148.914 78.1999 -297.673 149.039 -127.62 -75.3612 
149.104 -122.494 -190.435 149.119 68.7729 -269.302 149.316 -126.176 -281.861 
149.373 -124.554 -207.296 149.585 -50.0579 -363.831 149.612 -116.729 -119.697 
149.709 -4.82132 178.179 149.734 -125.969 -322.732 149.883 89.0972 -54.8645 
149.897 108.098 108.437 149.911 -105.451 -363.201 150.1 92.0096 146.227 
150.526 81.3845 -344.598 150.629 -138.984 -30.2446 150.661 59.4147 -240.022 
151.035 -77.9864 -363.957 151.131 94.2117 -39.2135 151.251 -18.7688 169.677 
151.417 50.0348 182.381 151.767 53.7355 -195.211 151.836 51.2581 -136.251 
152.085 -31.3699 159.136 152.092 -120.072 -353.702 152.144 55.2101 -120.735 
152.337 -128.806 -58.9968 152.389 -123.08 -266.522 152.401 -115.283 -102.695 
152.666 99.4735 -23.5698 152.735 -43.182 147.563 152.852 48.1156 -152.079 
153.583 -121.618 -307.93 153.732 -54.329 135.419 153.897 60.2972 -105.549 
153.922 104.292 -7.74769 154.404 -136.613 -12.9549 154.504 76.847 -314.094 
154.596 108.214 8.21708 154.63 102.089 120.653 154.641 -64.3521 122.43 
154.868 81.5123 157.487 154.964 -120.061 -250.963 155.07 111.389 24.2085 
155.228 -5.81795 -361.506 155.328 113.237 40.3786 155.351 35.4423 183.988 
155.397 24.1191 -361 155.444 52.1508 -211.57 155.446 113.319 57.0631 
155.457 -107.856 -147.829 155.523 -74.1441 109.265 155.597 112.338 73.952 
155.609 45.9781 -168.041 155.644 54.3289 -358.078 155.685 68.9577 -285.352 
155.897 58.9252 -256.837 156.098 -109.189 -165.997 156.172 -83.6732 95.5917 
156.23 -114.135 -85.7251 156.368 -131.988 4.26223 156.396 66.0593 -90.6988 
156.455 -35.4333 -363.141 156.543 -105.878 -130.668 156.705 -92.8988 81.5316 
156.778 -117.387 -292.861 156.834 -117.504 36.6028 156.995 -125.376 20.874 
157.03 -101.346 66.9543 157.044 -109.473 52.0545 157.217 -117.303 -235.143 
157.25 -119.563 -334.647 157.274 109.743 88.931 157.448 -128.796 -41.9581 
158.352 -103.798 -113.569 158.531 71.6095 -75.634 158.542 -109.417 -185.343 
158.604 -114.505 -218.963 158.692 69.6586 167.075 158.723 -116.6 -70.0779 
158.946 -64.0043 -363.829 159.124 50.4366 -228.037 159.127 -111.653 -202.534 
159.363 20.1095 182.608 159.401 74.4267 -330.887 159.486 44.3957 -184.035 
159.546 -113.547 -277.527 159.659 -91.9493 -363.482 159.988 38.6772 -141.171 
160.392 42.6666 -125.6 160.412 94.1022 133.126 160.747 77.4873 -60.5682 
161.163 67.5647 -301.688 161.192 67.5843 -347.166 161.372 35.6331 -157.036 
161.396 -114.343 -319.866 161.533 -101.569 -96.4 161.749 58.457 -273.133 
161.768 -114.763 -344.159 161.966 56.3791 173.881 162.043 47.3294 -110.347 
162.087 -127.087 -25.234 162.139 -110.111 -262.009 162.21 -117.576 -54.0717 
162.589 -97.5956 -158.389 162.655 83.1165 -45.2347 162.731 4.75709 178.424 
163.054 48.9562 -244.621 163.1 -95.0071 -141.513 163.436 -20.4396 -362.251 
163.463 42.7481 -200.172 163.625 102.763 106.497 163.752 9.52891 -361.246 
164.147 -92.5639 -124.526 164.226 39.6258 -359.204 164.292 -109.233 -304.438 
164.304 -106.989 -246.398 164.494 88.6436 -29.7285 164.509 52.6997 -95.3973 
164.87 -107.888 -66.4314 164.974 -106.555 -356.801 165 -10.1254 172.254 
165.12 33.7746 -172.959 165.324 84.4463 144.718 165.424 43.9212 177.014 
165.579 -124.029 -8.53919 166.051 -49.8413 -363.545 166.181 65.2293 -318.066 
166.189 -23.5951 163.137 166.215 94.198 -14.1859 166.262 -104.068 -230.413 
166.485 -89.9013 -107.37 166.538 40.5073 -216.484 166.594 -98.3844 -78.9513 
166.616 106.75 83.2155 166.672 -104.302 -288.721 166.737 -35.5728 151.962 
167.088 -118.929 8.1104 167.119 25.4748 -145.931 167.138 58.2723 -80.5057 
167.188 57.5583 -289.451 167.19 29.2713 -130.231 167.279 -100.967 -214.198 
167.392 -94.5443 -181.457 167.422 -116.512 -37.4355 167.455 99.1073 1.59826 
167.474 -46.5814 139.818 167.586 107.865 67.0493 167.65 47.7156 -261.051 
167.684 -97.8805 -197.776 167.773 -112.323 24.5185 167.825 -77.8958 -363.027 
168.2 103.143 17.5865 168.368 107.647 50.4313 168.426 -89.1289 -167.224 
168.5 -56.2573 126.829 168.509 33.5404 -114.795 168.539 -108.174 -332.13 
168.572 106.23 33.7815 168.631 -105.361 40.2905 168.794 -100.219 -273.158 
168.984 -84.4841 -152.028 169.086 -64.9705 113.217 169.202 31.919 -188.934 
169.267 73.195 155.25 169.28 22.6997 -161.832 169.464 -73.7995 99.3447 
169.479 -98.1855 55.648 169.542 -81.4072 -135.413 169.725 -82.3791 85.1094 
169.75 64.1388 -65.5689 169.798 -90.5686 70.5894 169.915 95.2089 119.204 
169.942 -86.5974 -90.2448 169.981 38.4971 -232.783 170.031 30.2691 177.575 
170.5 61.4576 -334.575 170.675 -78.505 -118.612 170.776 -105.212 -49.6204 
170.865 38.4136 -99.7119 170.871 -96.5505 -257.605 171.088 53.4851 -349.899 
171.107 23.947 -359.669 171.58 -113.858 -21.0948 171.742 -5.4513 -361.927 
172.106 -101.511 -316.258 172.145 -35.0962 -362.73 172.311 15.1888 -134.665 
172.341 55.5776 -305.844 172.364 60.8662 164.05 172.405 70.28 -50.5877 
172.412 102.324 92.4001 172.592 46.5668 -277.212 172.593 11.5485 -150.509 
172.667 -93.2559 -241.809 172.906 29.8671 -205.073 172.909 -94.575 -61.9364 
173.157 20.5043 -177.717 173.203 -75.3564 -101.82 173.231 19.1165 -119.098 
173.356 36.5642 -249.235 173.757 43.8043 -84.8298 173.833 -70.2421 -146.28 
173.904 -74.3648 -162.158 173.99 -95.346 -300.19 174.049 -90.0588 -225.686 
174.194 -102.047 -344.967 174.205 -79.1025 -177.343 174.335 -109.943 -4.64424 
174.34 -67.0785 -129.816 174.566 76.0463 -35.2589 174.584 -83.1574 -193.305 
174.737 -86.7037 -209.489 174.77 -83.4616 -73.7433 174.882 15.2598 175.905 
175.118 86.3286 131.084 175.215 8.67179 -166.451 175.307 -90.4394 -284.555 
175.572 -102.88 -33.5019 175.573 23.6447 -103.811 175.822 -92.6376 -358.161 
175.843 27.3466 -221.313 175.849 -63.7586 -362.676 175.877 -63.9441 -113.324 
176.079 0.780623 -138.965 176.112 -104.589 11.789 176.309 -72.0849 -85.4463 
176.627 4.33931 -123.264 176.667 49.5439 -69.9422 176.73 52.182 -321.939 
176.818 -2.77839 -154.941 176.842 -86.1271 -268.921 177.099 -55.4102 -140.961 
177.127 82.2436 -20.047 177.196 18.2166 -193.707 177.349 -59.2218 -157.1 
177.407 44.8048 -293.479 177.482 34.9251 -265.411 177.612 42.7512 170.286 
177.814 -52.3169 -124.754 177.904 37.5945 -352.257 177.97 -98.7401 27.7284 
178.028 -91.4135 -45.6477 178.095 102.188 77.2645 178.15 -0.145843 172.062 
178.33 -82.3194 -253.186 178.361 -60.604 -97.0781 178.389 -63.6317 -172.746 
178.462 -14.0662 -143.281 178.486 8.43038 -107.805 178.523 28.6667 -88.8349 
178.558 24.8832 -237.614 178.675 -20.0732 -362.614 178.74 -10.5711 -127.423 
178.805 87.5603 -4.34733 178.905 95.7309 104.635 179 -99.2646 -17.1995 
179.201 6.10876 -182.347 179.268 75.4348 142.26 179.508 -67.834 -188.684 
179.516 -43.9738 -152.153 179.516 -40.612 -136.152 179.556 -94.424 -328.855 
179.606 46.8094 -337.727 179.655 -48.9556 -108.674 179.723 92.1228 11.6117 
179.795 -5.81814 -170.883 179.798 -78.795 -237.277 179.842 -17.5378 -159.294 
179.868 -80.1064 -57.6504 179.899 -28.9687 -147.659 179.946 -6.85682 -111.764 
179.984 -92.8039 43.4071 180.012 101.049 60.8868 180.041 -25.5416 -131.697 
180.078 -14.7488 165.167 180.132 55.8124 -55.2151 180.167 -37.2747 -120.191 
180.3 -71.6002 -204.981 180.362 96.3439 27.7054 180.429 15.6086 -209.861 
180.488 -75.2938 -221.168 180.798 -27.8428 155.619 180.853 -48.0766 -168.077 
180.88 -22.0565 -115.912 181 99.5546 44.1563 181.044 -32.6335 -163.624 
181.074 -38.9261 144.061 181.089 -68.7042 -69.4341 181.197 -86.1328 58.6953 
181.409 13.1365 -92.6248 181.456 -86.9272 -311.449 181.513 22.4312 -253.863 
181.63 34.1507 -73.8862 181.742 33.2211 -281.511 181.805 -94.9509 -0.968593 
181.86 42.1219 -309.711 181.912 -47.9473 131.085 181.925 -57.1278 -81.1434 
181.995 -87.8706 -29.5914 182.026 -79.3789 73.9169 182.252 -80.9792 -295.694 
182.269 -33.7286 -104.408 182.46 63.7411 152.636 182.481 -49.3006 -362.025 
182.525 -71.9061 88.8128 182.558 -52.1942 -184.097 182.567 12.6975 -226.172 
182.586 -45.4629 -92.8319 182.589 -20.8836 -175.173 182.726 -2.59189 -96.4025 
182.733 -75.9353 -280.292 182.749 -56.3099 117.406 182.79 -64.0966 103.367 
182.973 3.41386 -198.322 183.02 62.0664 -40.1881 183.168 -18.227 -100.338 
183.295 -8.89358 -186.785 183.437 21.9141 -356.099 183.467 8.2682 -360.044 
183.49 -36.4724 -179.543 183.574 -71.3881 -264.59 184.05 -56.0652 -200.37 
184.123 -67.2951 -248.786 184.198 -76.3137 -41.6565 184.536 -89.822 14.933 
184.563 87.432 116.78 184.577 18.2939 -77.5551 184.635 -77.6889 -358.173 
184.656 67.5307 -24.7007 184.667 -59.7941 -216.654 184.955 9.88942 -242.422 
184.982 26.2482 170.08 184.992 20.6308 -269.909 185.001 -63.5407 -232.836 
185.004 40.0731 -59.057 185.005 -88.1851 -344.76 185.037 -83.8236 -13.5298 
185.072 -29.8122 -88.7704 185.081 51.0333 161.013 185.159 0.277242 -214.609 
185.226 37.7757 -325.833 185.346 -24.4557 -191.338 185.71 -40.2537 -195.858 
185.738 -64.7773 -53.5926 185.852 31.0278 -297.485 186.029 2.17209 -81.192 
186.155 -41.5017 -77.1293 186.16 -53.1702 -65.3991 186.249 -13.9155 -84.9371 
186.436 -12.1179 -202.978 186.536 95.454 88.909 186.744 31.6166 -342.023 
186.827 -82.9984 -333.281 186.928 -2.89168 -230.927 187.131 -43.9458 -212.209 
187.327 -33.8509 -360.206 187.357 73.4228 -9.35632 187.466 -72.2134 -25.8216 
187.502 7.16618 -258.461 187.742 -84.7494 30.5942 187.757 -27.9706 -207.675 
187.872 -51.4535 -244.528 187.919 -47.6446 -228.446 187.96 -15.5162 -219.347 
187.971 -55.6227 -260.374 188.056 82.2895 22.6386 188.061 23.867 -62.5427 
188.081 -60.3392 -276.073 188.187 46.0728 -44.0915 188.264 -79.2921 2.22676 
188.332 76.6479 128.412 188.463 -65.7341 -291.522 188.534 78.1961 6.56205 
188.607 -25.4385 -73.3479 188.634 -6.07719 -247.125 188.649 -77.8118 -321.801 
188.736 18.773 -285.671 188.848 -71.3652 -306.629 189.11 11.2841 166.823 
189.124 86.534 38.8797 189.163 -60.4949 -37.8955 189.2 -31.553 -223.966 
189.204 -18.9374 -235.635 189.273 7.36496 -66.0326 189.3 -35.1788 -240.194 
189.481 27.7499 -313.44 189.673 -9.10171 -69.6733 189.761 93.5445 72.1831 
189.832 90.1225 55.3792 189.899 -37.0349 -61.6061 189.954 -78.8717 46.0718 
190.001 -48.7574 -49.8074 190.072 -7.1096 -360.283 190.084 51.7572 -28.727 
190.264 -67.8782 -10.1655 190.284 -39.1808 -256.179 190.346 5.34675 -274.123 
190.409 -62.0086 -356.198 190.422 -22.5424 -251.776 190.585 29.4836 -47.4305 
191.042 -9.35985 -263.101 191.104 56.856 -13.1625 191.427 64.7561 139.326 
191.533 66.1734 18.4941 191.684 -44.0379 -271.938 191.712 -3.5438 161.648 
191.787 -56.0611 -22.2734 191.791 -20.6524 -57.9419 191.858 70.5846 34.5512 
191.898 12.7013 -50.7588 191.961 -74.3285 17.7805 191.964 -73.3624 61.6529 
192.004 23.0082 -329.373 192.018 86.3805 101.125 192.074 61.7393 2.55223 
192.095 -4.06858 -54.3314 192.095 34.9609 -32.1066 192.214 16.5524 -301.219 
192.236 -73.3346 -345.168 192.248 -66.9254 76.7238 192.405 39.965 -16.6669 
192.6 44.7027 -1.03079 192.617 -44.1478 -34.2387 192.623 -32.3055 -46.0817 
192.684 49.3696 14.6928 192.691 -49.6228 -287.507 192.759 -26.8908 -267.664 
192.831 16.6014 -345.47 192.832 54.0227 30.5949 192.942 32.43 10.9682 
192.983 -21.4337 -358.733 193.01 38.1238 159.049 193.159 27.7734 -4.64758 
193.226 37.2244 26.72 193.292 -17.4606 154.415 193.315 52.0818 148.861 
193.363 18.0583 -35.4598 193.38 -62.9481 5.38128 193.418 -29.8081 145.628 
193.438 4.52457 -289.306 193.49 23.1099 -20.0862 193.621 20.4483 22.9341 
193.781 74.9904 50.6575 193.792 -15.7934 -42.5137 193.823 15.6119 7.28491 
193.885 -55.4442 -302.643 193.918 1.02015 -38.972 194.106 -51.3331 -6.80331 
194.257 58.6179 46.5335 194.436 11.0413 -8.15857 194.452 -16.1021 -279.535 
194.511 42.0048 42.5362 194.513 -27.6028 -30.6672 194.585 25.3475 38.6403 
194.626 -67.6871 -331.766 194.639 -39.5528 -18.7961 194.677 8.8274 34.8452 
194.73 3.81 19.2105 194.734 -61.4518 -317.432 194.833 -33.0943 -283.58 
194.84 6.1268 -23.5724 194.865 -61.402 91.8591 195.177 -10.8798 -27.0936 
195.26 -54.3479 106.718 195.291 -69.2108 33.3397 195.306 12.9314 -316.674 
195.325 -37.9083 135 195.338 -1.0324 3.69322 195.436 -7.72381 31.1242 
195.467 -5.93469 -11.6953 195.49 -46.7158 121.113 195.505 -22.7362 -15.235 
195.608 -34.6042 -3.38944 195.754 -12.7888 15.5975 195.776 -17.7949 0.143288 
195.855 -46.2502 8.689 195.942 83.2021 84.0103 196.115 -8.79224 -292.42 
196.155 23.469 157.084 196.189 79.4943 66.8643 196.247 -29.5157 12.0559 
196.305 -2.55529 46.6303 196.314 -46.2654 -354.614 196.405 75.8265 113.255 
196.484 1.96245 -304.465 196.49 -24.2407 27.6051 196.576 30.3534 54.3245 
196.586 -39.161 -298.962 196.644 46.7776 58.3972 196.652 13.9307 50.3597 
196.671 -63.4062 48.8738 196.71 1.31264 -347.779 196.723 -19.0451 43.0609 
196.782 63.1393 62.6053 196.882 -57.9385 20.8202 196.957 7.67794 -332.27 
197.005 -35.5687 39.6952 197.013 -40.9921 24.1743 197.243 63.2052 124.121 
197.394 -23.1289 -295.439 197.537 -52.3143 36.4238 197.613 -58.1207 64.1149 
197.618 -30.0971 -350.899 197.793 -46.8829 51.7319 197.972 -57.2001 -343.354 
198.054 -13.8481 58.3069 198.087 -30.3517 54.8205 198.11 -14.5001 -348.381 
198.121 50.3844 134.4 198.147 -45.2208 -313.959 198.258 2.59893 61.9992 
198.268 67.5513 79.1416 198.374 18.977 65.9884 198.405 51.4383 74.5872 
198.43 35.2753 70.1591 198.484 71.7682 96.1413 198.537 37.0171 144.777 
198.589 8.69973 152.525 198.836 -51.2767 -328.688 198.886 -2.46775 -319.713 
199.168 -41.6453 66.6985 199.183 -13.0699 -307.581 199.294 -52.6769 78.7746 
199.521 -8.76088 73.4921 199.554 -25.1457 69.8945 199.587 39.85 86.3633 
199.699 -28.9207 -310.66 199.749 -8.06855 -334.652 199.77 23.7751 81.7846 
199.818 7.53606 77.4625 199.909 55.8662 91.1083 200.2 -5.66551 146.603 
200.394 -40.7051 -340.279 200.449 60.0571 107.886 200.622 -34.8075 -325.583 
200.785 -24.3058 -337.239 200.802 -18.4697 -322.563 200.943 47.61 118.972 
200.949 21.5785 141.175 201.151 -36.3836 81.3548 201.242 34.807 129.793 
201.25 -19.9018 140.11 201.261 -20.1148 84.7611 201.316 44.0831 102.665 
201.447 -3.9676 88.6297 201.636 28.1569 97.6922 201.687 12.1749 92.945 
202.104 -47.1985 93.7654 202.518 31.9341 113.829 202.612 -34.3629 123.242 
202.791 6.73232 136.095 203.028 19.3965 124.95 203.229 -40.3157 108.516 
203.258 -30.9042 95.9166 203.379 16.204 108.72 203.426 0.353739 103.781 
203.538 -15.4914 99.2877 203.782 -8.27641 130.346 203.944 -23.0531 125.242 
204.342 4.01128 119.602 204.557 -11.6207 114.66 204.78 -25.9628 110.722 

POLYGONS 5996 23984
3 602 558 493 
3 493 558 466 
3 602 617 558 
3 602 493 513 
3 558 541 466 
3 404 493 466 
3 617 541 558 
3 701 617 602 
3 513 493 422 
3 608 602 513 
3 541 468 466 
3 493 404 422 
3 386 404 466 
3 541 617 621 
3 701 703 617 
3 694 701 602 
3 513 422 442 
3 694 602 608 
3 608 513 527 
3 468 386 466 
3 541 547 468 
3 404 331 422 
3 404 386 309 
3 617 703 621 
3 547 541 621 
3 703 701 788 
3 694 787 701 
3 442 422 352 
3 513 442 527 
3 696 694 608 
3 612 608 527 
3 468 387 386 
3 547 471 468 
3 422 331 352 
3 331 404 309 
3 386 300 309 
3 703 711 621 
3 631 547 621 
3 701 787 788 
3 792 703 788 
3 787 694 784 
3 442 352 370 
3 527 442 454 
3 784 694 696 
3 612 696 608 
3 536 612 527 
3 386 387 300 
3 468 471 387 
3 547 550 471 
3 352 331 254 
3 231 331 309 
3 309 300 217 
3 711 631 621 
3 711 703 792 
3 631 550 547 
3 787 886 788 
3 875 792 788 
3 884 787 784 
3 370 352 270 
3 442 370 454 
3 536 527 454 
3 781 784 696 
3 696 612 690 
3 613 612 536 
3 387 302 300 
3 387 471 393 
3 550 482 471 
3 331 231 254 
3 270 352 254 
3 231 309 217 
3 300 211 217 
3 723 631 711 
3 808 711 792 
3 631 643 550 
3 886 875 788 
3 884 886 787 
3 792 875 882 
3 879 884 784 
3 370 270 294 
3 370 381 454 
3 469 536 454 
3 879 784 781 
3 781 696 690 
3 612 613 690 
3 613 536 552 
3 300 302 211 
3 302 387 393 
3 471 482 393 
3 482 550 566 
3 231 181 254 
3 204 270 254 
3 231 217 159 
3 211 146 217 
3 723 643 631 
3 808 723 711 
3 808 792 882 
3 550 643 566 
3 886 1012 875 
3 886 884 984 
3 875 957 882 
3 884 879 973 
3 294 270 214 
3 381 370 294 
3 381 469 454 
3 552 536 469 
3 879 781 868 
3 771 781 690 
3 613 660 690 
3 613 552 660 
3 302 223 211 
3 316 302 393 
3 482 413 393 
3 510 482 566 
3 181 204 254 
3 181 231 159 
3 270 204 214 
3 217 146 159 
3 146 211 144 
3 723 742 643 
3 822 723 808 
3 904 808 882 
3 643 667 566 
3 1012 957 875 
3 1012 886 984 
3 984 884 973 
3 957 978 882 
3 879 965 973 
3 232 294 214 
3 381 294 315 
3 469 381 399 
3 552 469 483 
3 781 771 868 
3 965 879 868 
3 660 771 690 
3 552 569 660 
3 211 223 144 
3 316 223 302 
3 413 316 393 
3 413 482 510 
3 510 566 611 
3 181 139 204 
3 181 159 119 
3 204 167 214 
3 159 146 73 
3 52 146 144 
3 643 742 667 
3 822 742 723 
3 822 808 904 
3 978 904 882 
3 566 667 611 
3 957 1012 1049 
3 1096 1012 984 
3 1074 984 973 
3 978 957 1049 
3 973 965 1062 
3 315 294 232 
3 177 232 214 
3 399 381 315 
3 483 469 399 
3 569 552 483 
3 771 861 868 
3 962 965 868 
3 761 771 660 
3 660 569 659 
3 223 172 144 
3 223 316 247 
3 316 413 397 
3 413 510 464 
3 573 510 611 
3 204 139 167 
3 181 119 139 
3 119 159 73 
3 167 156 214 
3 146 52 73 
3 72 52 144 
3 667 742 778 
3 742 822 851 
3 822 904 928 
3 904 978 1019 
3 611 667 733 
3 1049 1012 1123 
3 1012 1096 1123 
3 1074 1096 984 
3 1074 973 1062 
3 1085 978 1049 
3 965 962 1062 
3 315 232 249 
3 232 177 197 
3 156 177 214 
3 399 315 340 
3 416 483 399 
3 569 483 498 
3 861 962 868 
3 861 771 761 
3 761 660 659 
3 569 581 659 
3 172 72 144 
3 172 223 247 
3 247 316 336 
3 413 464 397 
3 316 397 336 
3 464 510 573 
3 687 573 611 
3 167 139 125 
3 139 119 61 
3 23 119 73 
3 156 167 125 
3 52 15 73 
3 52 72 7 
3 742 851 778 
3 667 778 733 
3 851 822 928 
3 928 904 1019 
3 978 1085 1019 
3 687 611 733 
3 1149 1049 1123 
3 1123 1096 1204 
3 1096 1074 1183 
3 1166 1074 1062 
3 1149 1085 1049 
3 962 1053 1062 
3 249 232 197 
3 340 315 249 
3 197 177 166 
3 177 156 147 
3 416 399 340 
3 483 416 498 
3 581 569 498 
3 953 962 861 
3 853 861 761 
3 754 761 659 
3 581 668 659 
3 72 172 178 
3 172 247 257 
3 247 336 257 
3 397 464 529 
3 336 397 475 
3 464 573 529 
3 573 687 647 
3 139 61 125 
3 119 23 61 
3 15 23 73 
3 156 125 128 
3 15 52 7 
3 72 95 7 
3 851 899 778 
3 778 848 733 
3 954 851 928 
3 954 928 1019 
3 1085 1132 1019 
3 811 687 733 
3 1228 1149 1123 
3 1096 1183 1204 
3 1228 1123 1204 
3 1074 1166 1183 
3 1154 1166 1062 
3 1085 1149 1179 
3 1053 1154 1062 
3 962 953 1053 
3 219 249 197 
3 340 249 271 
3 177 147 166 
3 188 197 166 
3 156 128 147 
3 365 416 340 
3 498 416 443 
3 517 581 498 
3 953 861 853 
3 754 853 761 
3 668 754 659 
3 591 668 581 
3 172 257 178 
3 95 72 178 
3 336 415 257 
3 397 529 475 
3 415 336 475 
3 573 647 529 
3 647 687 762 
3 61 64 125 
3 23 19 61 
3 23 15 4 
3 125 64 128 
3 2 15 7 
3 95 6 7 
3 778 899 848 
3 851 954 899 
3 848 811 733 
3 1063 954 1019 
3 1132 1063 1019 
3 1132 1085 1179 
3 687 811 762 
3 1255 1149 1228 
3 1183 1289 1204 
3 1228 1204 1309 
3 1183 1166 1268 
3 1166 1154 1257 
3 1149 1255 1179 
3 1154 1053 1146 
3 1053 953 1045 
3 249 219 271 
3 188 219 197 
3 365 340 271 
3 166 147 162 
3 175 188 166 
3 147 128 141 
3 416 365 443 
3 517 498 443 
3 517 591 581 
3 945 953 853 
3 847 853 754 
3 668 757 754 
3 673 668 591 
3 178 257 351 
3 243 95 178 
3 257 415 351 
3 529 599 475 
3 415 475 548 
3 529 647 599 
3 718 647 762 
3 19 64 61 
3 19 23 4 
3 15 2 4 
3 64 117 128 
3 6 2 7 
3 95 160 6 
3 848 899 960 
3 899 954 1010 
3 811 848 919 
3 954 1063 1010 
3 1063 1132 1191 
3 1191 1132 1179 
3 811 873 762 
3 1255 1228 1332 
3 1204 1289 1309 
3 1289 1183 1268 
3 1332 1228 1309 
3 1268 1166 1257 
3 1154 1244 1257 
3 1255 1279 1179 
3 1053 1045 1146 
3 1244 1154 1146 
3 953 945 1045 
3 219 248 271 
3 219 188 209 
3 311 365 271 
3 147 141 162 
3 175 166 162 
3 188 175 194 
3 128 117 141 
3 443 365 394 
3 458 517 443 
3 591 517 533 
3 847 945 853 
3 757 847 754 
3 673 757 668 
3 605 673 591 
3 243 178 351 
3 243 160 95 
3 351 415 495 
3 475 599 548 
3 415 548 495 
3 647 718 599 
3 718 762 835 
3 64 19 37 
3 10 19 4 
3 2 1 4 
3 117 64 37 
3 2 6 0 
3 6 160 39 
3 899 1010 960 
3 848 960 919 
3 811 919 873 
3 1010 1063 1125 
3 1063 1191 1125 
3 1279 1191 1179 
3 762 873 835 
3 1255 1332 1358 
3 1309 1289 1395 
3 1371 1289 1268 
3 1332 1309 1409 
3 1268 1257 1359 
3 1257 1244 1344 
3 1279 1255 1358 
3 1045 1134 1146 
3 1230 1244 1146 
3 945 1035 1045 
3 248 311 271 
3 248 219 209 
3 209 188 194 
3 365 311 341 
3 162 141 180 
3 192 175 162 
3 175 199 194 
3 141 117 161 
3 365 341 394 
3 458 443 394 
3 533 517 458 
3 605 591 533 
3 945 847 940 
3 845 847 757 
3 760 757 673 
3 674 673 605 
3 243 351 447 
3 160 243 312 
3 351 495 447 
3 548 599 671 
3 548 623 495 
3 599 718 671 
3 785 718 835 
3 19 10 37 
3 1 10 4 
3 2 0 1 
3 117 37 131 
3 0 6 39 
3 39 160 235 
3 1010 1070 960 
3 960 1032 919 
3 873 919 990 
3 1070 1010 1125 
3 1125 1191 1241 
3 1191 1279 1311 
3 873 944 835 
3 1332 1429 1358 
3 1289 1371 1395 
3 1409 1309 1395 
3 1371 1268 1359 
3 1429 1332 1409 
3 1359 1257 1344 
3 1244 1330 1344 
3 1387 1279 1358 
3 1134 1230 1146 
3 1035 1134 1045 
3 1244 1230 1330 
3 1035 945 940 
3 311 248 282 
3 248 209 246 
3 244 209 194 
3 341 311 282 
3 180 141 161 
3 192 162 180 
3 199 175 192 
3 194 199 216 
3 117 131 161 
3 341 362 394 
3 412 458 394 
3 533 458 473 
3 534 605 533 
3 847 845 940 
3 760 845 757 
3 674 760 673 
3 674 605 601 
3 312 243 447 
3 160 312 235 
3 495 572 447 
3 623 548 671 
3 623 572 495 
3 718 785 671 
3 906 785 835 
3 10 63 37 
3 17 10 1 
3 1 0 3 
3 37 63 131 
3 16 0 39 
3 168 39 235 
3 960 1070 1032 
3 919 1032 990 
3 944 873 990 
3 1070 1125 1189 
3 1191 1311 1241 
3 1125 1241 1189 
3 1279 1387 1311 
3 944 906 835 
3 1429 1456 1358 
3 1371 1480 1395 
3 1409 1395 1516 
3 1460 1371 1359 
3 1429 1409 1492 
3 1447 1359 1344 
3 1330 1432 1344 
3 1456 1387 1358 
3 1230 1134 1222 
3 1134 1035 1127 
3 1230 1318 1330 
3 1031 1035 940 
3 248 246 282 
3 246 209 244 
3 244 194 216 
3 321 341 282 
3 221 180 161 
3 226 192 180 
3 199 192 228 
3 199 242 216 
3 131 203 161 
3 362 412 394 
3 362 341 321 
3 458 412 473 
3 534 533 473 
3 601 605 534 
3 845 935 940 
3 843 845 760 
3 753 760 674 
3 674 601 672 
3 392 312 447 
3 312 392 235 
3 447 572 519 
3 623 671 743 
3 572 623 688 
3 671 785 743 
3 785 906 858 
3 10 17 63 
3 17 1 3 
3 0 16 3 
3 131 63 165 
3 168 16 39 
3 335 168 235 
3 1032 1070 1144 
3 990 1032 1099 
3 1055 944 990 
3 1144 1070 1189 
3 1311 1355 1241 
3 1241 1302 1189 
3 1387 1423 1311 
3 906 944 1013 
3 1456 1429 1527 
3 1395 1480 1516 
3 1371 1460 1480 
3 1492 1409 1516 
3 1447 1460 1359 
3 1429 1492 1527 
3 1432 1447 1344 
3 1330 1419 1432 
3 1387 1456 1496 
3 1134 1127 1222 
3 1318 1230 1222 
3 1127 1035 1031 
3 1330 1318 1419 
3 935 1031 940 
3 246 277 282 
3 265 246 244 
3 244 216 240 
3 277 321 282 
3 221 226 180 
3 203 221 161 
3 192 226 228 
3 242 199 228 
3 216 242 258 
3 203 131 165 
3 362 369 412 
3 362 321 337 
3 412 409 473 
3 534 473 463 
3 520 601 534 
3 845 843 935 
3 843 760 753 
3 753 674 672 
3 601 584 672 
3 392 447 519 
3 392 335 235 
3 572 642 519 
3 623 743 688 
3 642 572 688 
3 785 858 743 
3 858 906 969 
3 63 17 130 
3 60 17 3 
3 16 20 3 
3 63 130 165 
3 16 168 84 
3 168 335 253 
3 1032 1144 1099 
3 1055 990 1099 
3 944 1055 1013 
3 1253 1144 1189 
3 1355 1302 1241 
3 1423 1355 1311 
3 1302 1253 1189 
3 1423 1387 1496 
3 906 1013 969 
3 1559 1456 1527 
3 1516 1480 1599 
3 1480 1460 1566 
3 1580 1492 1516 
3 1460 1447 1551 
3 1492 1580 1527 
3 1447 1432 1533 
3 1432 1419 1520 
3 1456 1559 1496 
3 1222 1127 1216 
3 1318 1222 1312 
3 1119 1127 1031 
3 1318 1408 1419 
3 1027 1031 935 
3 277 246 265 
3 265 244 240 
3 240 216 258 
3 308 321 277 
3 226 221 281 
3 221 203 284 
3 228 226 276 
3 242 228 280 
3 242 297 258 
3 203 165 230 
3 412 369 409 
3 369 362 337 
3 321 308 337 
3 473 409 463 
3 520 534 463 
3 584 601 520 
3 843 932 935 
3 841 843 753 
3 748 753 672 
3 584 661 672 
3 472 392 519 
3 335 392 472 
3 519 642 588 
3 743 813 688 
3 752 642 688 
3 858 813 743 
3 858 969 933 
3 17 60 130 
3 20 60 3 
3 20 16 84 
3 165 130 218 
3 168 253 84 
3 253 335 417 
3 1144 1210 1099 
3 1055 1099 1164 
3 1013 1055 1126 
3 1144 1253 1210 
3 1302 1355 1414 
3 1355 1423 1465 
3 1253 1302 1364 
3 1531 1423 1496 
3 969 1013 1087 
3 1619 1559 1527 
3 1599 1480 1566 
3 1516 1599 1640 
3 1460 1551 1566 
3 1580 1516 1640 
3 1447 1533 1551 
3 1580 1619 1527 
3 1432 1520 1533 
3 1520 1419 1507 
3 1559 1598 1496 
3 1127 1119 1216 
3 1222 1216 1312 
3 1408 1318 1312 
3 1027 1119 1031 
3 1419 1408 1507 
3 932 1027 935 
3 277 265 296 
3 265 240 278 
3 240 258 278 
3 308 277 296 
3 281 221 284 
3 226 281 276 
3 203 291 284 
3 280 228 276 
3 242 280 297 
3 297 323 258 
3 165 218 230 
3 291 203 230 
3 409 369 360 
3 327 369 337 
3 337 308 313 
3 409 396 463 
3 446 520 463 
3 505 584 520 
3 843 841 932 
3 841 753 748 
3 661 748 672 
3 661 584 577 
3 472 519 588 
3 335 472 417 
3 642 707 588 
3 813 752 688 
3 642 752 707 
3 813 858 933 
3 969 1044 933 
3 60 155 130 
3 60 20 66 
3 20 84 66 
3 130 155 218 
3 84 253 184 
3 364 253 417 
3 1099 1210 1164 
3 1126 1055 1164 
3 1013 1126 1087 
3 1210 1253 1321 
3 1414 1355 1465 
3 1302 1414 1364 
3 1423 1531 1465 
3 1321 1253 1364 
3 1598 1531 1496 
3 969 1087 1044 
3 1660 1559 1619 
3 1678 1599 1566 
3 1640 1599 1710 
3 1566 1551 1654 
3 1681 1580 1640 
3 1551 1533 1638 
3 1619 1580 1681 
3 1520 1618 1533 
3 1606 1520 1507 
3 1598 1559 1660 
3 1119 1211 1216 
3 1216 1304 1312 
3 1399 1408 1312 
3 1115 1119 1027 
3 1507 1408 1499 
3 1021 1027 932 
3 296 265 307 
3 265 278 307 
3 258 323 278 
3 314 308 296 
3 367 281 284 
3 281 358 276 
3 291 376 284 
3 356 280 276 
3 280 359 297 
3 323 297 368 
3 218 295 230 
3 295 291 230 
3 360 369 327 
3 396 409 360 
3 327 337 313 
3 308 314 313 
3 396 446 463 
3 505 520 446 
3 584 505 577 
3 841 927 932 
3 837 841 748 
3 745 748 661 
3 652 661 577 
3 472 588 544 
3 472 544 417 
3 588 707 658 
3 752 813 883 
3 707 752 819 
3 883 813 933 
3 933 1044 1005 
3 60 153 155 
3 60 66 153 
3 84 184 66 
3 155 222 218 
3 253 364 184 
3 364 417 502 
3 1210 1277 1164 
3 1234 1126 1164 
3 1126 1197 1087 
3 1210 1321 1277 
3 1414 1465 1525 
3 1414 1468 1364 
3 1465 1531 1579 
3 1321 1364 1428 
3 1643 1531 1598 
3 1044 1087 1153 
3 1660 1619 1718 
3 1599 1678 1710 
3 1678 1566 1654 
3 1747 1640 1710 
3 1654 1551 1638 
3 1747 1681 1640 
3 1533 1618 1638 
3 1718 1619 1681 
3 1618 1520 1606 
3 1606 1507 1596 
3 1702 1598 1660 
3 1211 1304 1216 
3 1115 1211 1119 
3 1304 1399 1312 
3 1408 1399 1499 
3 1021 1115 1027 
3 1507 1499 1596 
3 927 1021 932 
3 324 296 307 
3 307 278 342 
3 278 323 342 
3 314 296 324 
3 358 281 367 
3 376 367 284 
3 358 356 276 
3 376 291 378 
3 359 280 356 
3 297 359 368 
3 323 368 379 
3 295 218 306 
3 291 295 378 
3 301 360 327 
3 396 360 333 
3 283 327 313 
3 314 293 313 
3 396 371 446 
3 425 505 446 
3 577 505 485 
3 927 841 837 
3 745 837 748 
3 652 745 661 
3 561 652 577 
3 544 588 658 
3 417 544 502 
3 707 769 658 
3 752 883 819 
3 707 819 769 
3 883 933 1005 
3 1044 1116 1005 
3 155 153 222 
3 66 169 153 
3 66 184 169 
3 218 222 306 
3 184 364 305 
3 364 502 460 
3 1277 1234 1164 
3 1126 1234 1197 
3 1087 1197 1153 
3 1321 1385 1277 
3 1465 1579 1525 
3 1468 1414 1525 
3 1364 1468 1428 
3 1531 1643 1579 
3 1385 1321 1428 
3 1702 1643 1598 
3 1116 1044 1153 
3 1762 1660 1718 
3 1678 1791 1710 
3 1756 1678 1654 
3 1747 1710 1820 
3 1741 1654 1638 
3 1681 1747 1789 
3 1618 1721 1638 
3 1718 1681 1789 
3 1618 1606 1708 
3 1693 1606 1596 
3 1702 1660 1762 
3 1304 1211 1300 
3 1205 1211 1115 
3 1399 1304 1392 
3 1399 1489 1499 
3 1115 1021 1110 
3 1596 1499 1586 
3 1015 1021 927 
3 324 307 347 
3 347 307 342 
3 342 323 379 
3 318 314 324 
3 358 367 438 
3 367 376 457 
3 356 358 430 
3 451 376 378 
3 359 356 427 
3 368 359 428 
3 379 368 435 
3 385 295 306 
3 295 385 378 
3 360 301 333 
3 301 327 283 
3 371 396 333 
3 293 283 313 
3 293 314 318 
3 371 425 446 
3 505 425 485 
3 561 577 485 
3 920 927 837 
3 745 825 837 
3 734 745 652 
3 635 652 561 
3 619 544 658 
3 544 619 502 
3 658 769 729 
3 819 883 870 
3 769 819 870 
3 883 1005 972 
3 1116 1077 1005 
3 153 233 222 
3 153 169 233 
3 184 305 169 
3 222 326 306 
3 305 364 460 
3 502 582 460 
3 1349 1234 1277 
3 1234 1310 1197 
3 1153 1197 1264 
3 1385 1349 1277 
3 1525 1579 1636 
3 1581 1468 1525 
3 1468 1535 1428 
3 1579 1643 1689 
3 1491 1385 1428 
3 1643 1702 1750 
3 1116 1153 1224 
3 1762 1718 1829 
3 1710 1791 1820 
3 1678 1756 1791 
3 1741 1756 1654 
3 1854 1747 1820 
3 1721 1741 1638 
3 1789 1747 1854 
3 1618 1708 1721 
3 1829 1718 1789 
3 1708 1606 1693 
3 1682 1693 1596 
3 1807 1702 1762 
3 1211 1205 1300 
3 1304 1300 1392 
3 1205 1115 1110 
3 1489 1399 1392 
3 1499 1489 1586 
3 1021 1015 1110 
3 1682 1596 1586 
3 920 1015 927 
3 348 324 347 
3 347 342 383 
3 383 342 379 
3 348 318 324 
3 438 367 457 
3 358 438 430 
3 376 451 457 
3 356 430 427 
3 451 378 456 
3 428 359 427 
3 368 428 435 
3 439 379 435 
3 405 385 306 
3 378 385 456 
3 333 301 263 
3 255 301 283 
3 286 371 333 
3 293 256 283 
3 292 293 318 
3 344 425 371 
3 425 400 485 
3 467 561 485 
3 825 920 837 
3 734 825 745 
3 635 734 652 
3 540 635 561 
3 619 658 729 
3 502 619 582 
3 769 839 729 
3 883 972 870 
3 839 769 870 
3 1005 1077 972 
3 1077 1116 1186 
3 222 233 326 
3 169 288 233 
3 169 305 288 
3 326 405 306 
3 305 460 433 
3 460 582 555 
3 1234 1349 1310 
3 1197 1310 1264 
3 1224 1153 1264 
3 1349 1385 1466 
3 1579 1689 1636 
3 1581 1525 1636 
3 1535 1468 1581 
3 1535 1491 1428 
3 1689 1643 1750 
3 1385 1491 1466 
3 1702 1807 1750 
3 1116 1224 1186 
3 1871 1762 1829 
3 1791 1893 1820 
3 1791 1756 1865 
3 1756 1741 1844 
3 1854 1820 1938 
3 1741 1721 1812 
3 1891 1789 1854 
3 1721 1708 1812 
3 1891 1829 1789 
3 1708 1693 1795 
3 1693 1682 1783 
3 1807 1762 1871 
3 1300 1205 1294 
3 1300 1386 1392 
3 1201 1205 1110 
3 1481 1489 1392 
3 1489 1577 1586 
3 1015 1106 1110 
3 1676 1682 1586 
3 1011 1015 920 
3 384 348 347 
3 384 347 383 
3 439 383 379 
3 318 348 338 
3 438 457 530 
3 430 438 509 
3 457 451 516 
3 427 430 501 
3 516 451 456 
3 428 427 496 
3 428 490 435 
3 492 439 435 
3 385 405 477 
3 385 477 456 
3 263 301 255 
3 286 333 263 
3 256 255 283 
3 286 344 371 
3 256 293 268 
3 268 293 292 
3 292 318 338 
3 400 425 344 
3 400 467 485 
3 467 540 561 
3 914 920 825 
3 821 825 734 
3 721 734 635 
3 625 635 540 
3 619 729 697 
3 619 697 582 
3 839 807 729 
3 870 972 942 
3 839 870 942 
3 972 1077 1048 
3 1152 1077 1186 
3 233 355 326 
3 288 355 233 
3 305 433 288 
3 426 405 326 
3 433 460 555 
3 582 669 555 
3 1310 1349 1421 
3 1310 1372 1264 
3 1338 1224 1264 
3 1349 1466 1421 
3 1689 1746 1636 
3 1690 1581 1636 
3 1646 1535 1581 
3 1491 1535 1591 
3 1800 1689 1750 
3 1466 1491 1591 
3 1807 1862 1750 
3 1224 1297 1186 
3 1941 1871 1829 
3 1820 1893 1938 
3 1893 1791 1865 
3 1865 1756 1844 
3 1844 1741 1812 
3 1960 1854 1938 
3 1960 1891 1854 
3 1708 1795 1812 
3 1891 1941 1829 
3 1795 1693 1783 
3 1682 1773 1783 
3 1924 1807 1871 
3 1205 1201 1294 
3 1386 1300 1294 
3 1386 1481 1392 
3 1106 1201 1110 
3 1489 1481 1577 
3 1577 1676 1586 
3 1011 1106 1015 
3 1682 1676 1773 
3 914 1011 920 
3 380 348 384 
3 440 384 383 
3 439 440 383 
3 348 380 338 
3 530 457 565 
3 438 530 509 
3 501 430 509 
3 457 516 565 
3 496 427 501 
3 539 516 456 
3 490 428 496 
3 490 492 435 
3 439 492 489 
3 405 491 477 
3 477 539 456 
3 220 263 255 
3 227 286 263 
3 255 256 224 
3 344 286 250 
3 256 268 238 
3 268 292 310 
3 310 292 338 
3 303 400 344 
3 372 467 400 
3 540 467 448 
3 821 914 825 
3 721 821 734 
3 625 721 635 
3 625 540 528 
3 729 807 697 
3 582 697 669 
3 807 839 911 
3 972 1048 942 
3 911 839 942 
3 1077 1152 1048 
3 1259 1152 1186 
3 355 426 326 
3 424 355 288 
3 433 424 288 
3 405 426 491 
3 433 555 537 
3 555 669 650 
3 1372 1310 1421 
3 1372 1338 1264 
3 1224 1338 1297 
3 1466 1539 1421 
3 1746 1690 1636 
3 1800 1746 1689 
3 1646 1581 1690 
3 1535 1646 1591 
3 1862 1800 1750 
3 1466 1591 1539 
3 1862 1807 1924 
3 1297 1259 1186 
3 1871 1941 1979 
3 1893 1999 1938 
3 1969 1893 1865 
3 1947 1865 1844 
3 1844 1812 1927 
3 1960 1938 2039 
3 1997 1891 1960 
3 1812 1795 1899 
3 1941 1891 1997 
3 1795 1783 1885 
3 1773 1874 1783 
3 1924 1871 1979 
3 1201 1290 1294 
3 1384 1386 1294 
3 1386 1476 1481 
3 1201 1106 1199 
3 1481 1572 1577 
3 1676 1577 1670 
3 1101 1106 1011 
3 1773 1676 1766 
3 1004 1011 914 
3 380 384 436 
3 436 384 440 
3 440 439 489 
3 338 380 363 
3 530 565 622 
3 530 592 509 
3 579 501 509 
3 516 595 565 
3 576 496 501 
3 516 539 595 
3 570 490 496 
3 492 490 567 
3 489 492 563 
3 477 491 562 
3 477 562 539 
3 227 263 220 
3 220 255 224 
3 250 286 227 
3 224 256 238 
3 303 344 250 
3 238 268 269 
3 269 268 310 
3 310 338 363 
3 372 400 303 
3 448 467 372 
3 540 448 528 
3 909 914 821 
3 721 812 821 
3 712 721 625 
3 614 625 528 
3 807 775 697 
3 697 775 669 
3 807 911 867 
3 942 1048 1014 
3 911 942 1014 
3 1048 1152 1120 
3 1152 1259 1226 
3 355 465 426 
3 355 424 465 
3 424 433 537 
3 491 426 526 
3 555 650 537 
3 669 759 650 
3 1493 1372 1421 
3 1372 1446 1338 
3 1297 1338 1406 
3 1539 1493 1421 
3 1690 1746 1803 
3 1746 1800 1856 
3 1646 1690 1755 
3 1591 1646 1705 
3 1909 1800 1862 
3 1539 1591 1656 
3 1862 1924 1981 
3 1259 1297 1366 
3 1979 1941 2043 
3 1938 1999 2039 
3 1893 1969 1999 
3 1969 1865 1947 
3 1947 1844 1927 
3 1812 1899 1927 
3 2066 1960 2039 
3 1997 1960 2066 
3 1899 1795 1885 
3 2043 1941 1997 
3 1783 1874 1885 
3 1874 1773 1864 
3 2037 1924 1979 
3 1290 1384 1294 
3 1290 1201 1199 
3 1476 1386 1384 
3 1476 1572 1481 
3 1106 1101 1199 
3 1577 1572 1670 
3 1676 1670 1766 
3 1004 1101 1011 
3 1864 1773 1766 
3 909 1004 914 
3 380 436 418 
3 436 440 486 
3 486 440 489 
3 363 380 418 
3 565 655 622 
3 592 530 622 
3 592 579 509 
3 579 576 501 
3 565 595 655 
3 576 570 496 
3 539 624 595 
3 567 490 570 
3 563 492 567 
3 554 489 563 
3 491 586 562 
3 539 562 624 
3 187 227 220 
3 190 220 224 
3 250 227 191 
3 201 224 238 
3 213 303 250 
3 236 238 269 
3 269 310 334 
3 334 310 363 
3 261 372 303 
3 345 448 372 
3 448 431 528 
3 812 909 821 
3 812 721 712 
3 712 625 614 
3 515 614 528 
3 775 807 867 
3 669 775 759 
3 911 976 867 
3 1048 1120 1014 
3 976 911 1014 
3 1120 1152 1226 
3 1259 1333 1226 
3 426 465 526 
3 424 538 465 
3 538 424 537 
3 586 491 526 
3 650 637 537 
3 650 759 738 
3 1372 1493 1446 
3 1338 1446 1406 
3 1297 1406 1366 
3 1493 1539 1604 
3 1746 1856 1803 
3 1755 1690 1803 
3 1800 1909 1856 
3 1646 1755 1705 
3 1591 1705 1656 
3 1909 1862 1981 
3 1539 1656 1604 
3 1924 2037 1981 
3 1333 1259 1366 
3 2094 1979 2043 
3 2039 1999 2113 
3 1999 1969 2073 
3 1969 1947 2049 
3 1947 1927 2035 
3 1927 1899 2011 
3 2146 2066 2039 
3 2104 1997 2066 
3 1986 1899 1885 
3 2043 1997 2104 
3 1885 1874 1970 
3 1874 1864 1961 
3 2037 1979 2094 
3 1290 1382 1384 
3 1290 1199 1287 
3 1476 1384 1472 
3 1572 1476 1569 
3 1101 1192 1199 
3 1572 1665 1670 
3 1670 1761 1766 
3 1095 1101 1004 
3 1861 1864 1766 
3 1004 909 997 
3 436 480 418 
3 480 436 486 
3 486 489 554 
3 389 363 418 
3 622 655 710 
3 592 622 680 
3 579 592 662 
3 576 579 656 
3 595 678 655 
3 570 576 645 
3 595 624 678 
3 567 570 640 
3 563 567 633 
3 554 563 626 
3 562 586 653 
3 624 562 653 
3 191 227 187 
3 187 220 190 
3 201 190 224 
3 213 250 191 
3 201 238 236 
3 261 303 213 
3 279 236 269 
3 279 269 334 
3 389 334 363 
3 345 372 261 
3 431 448 345 
3 431 515 528 
3 909 812 902 
3 812 712 804 
3 704 712 614 
3 515 609 614 
3 775 867 759 
3 976 946 867 
3 1120 1088 1014 
3 1088 976 1014 
3 1120 1226 1193 
3 1226 1333 1298 
3 465 574 526 
3 465 538 574 
3 637 538 537 
3 628 586 526 
3 637 650 738 
3 759 842 738 
3 1493 1560 1446 
3 1446 1515 1406 
3 1406 1469 1366 
3 1493 1604 1560 
3 1856 1912 1803 
3 1755 1803 1867 
3 1909 1965 1856 
3 1705 1755 1818 
3 1656 1705 1770 
3 1965 1909 1981 
3 1604 1656 1717 
3 2037 2098 1981 
3 1333 1366 1439 
3 2094 2043 2145 
3 1999 2073 2113 
3 2146 2039 2113 
3 2073 1969 2049 
3 1947 2035 2049 
3 2035 1927 2011 
3 1899 1986 2011 
3 2147 2066 2146 
3 2104 2066 2147 
3 1986 1885 1970 
3 2145 2043 2104 
3 1874 1961 1970 
3 1961 1864 1956 
3 2142 2037 2094 
3 1384 1382 1472 
3 1382 1290 1287 
3 1199 1192 1287 
3 1569 1476 1472 
3 1572 1569 1665 
3 1192 1101 1095 
3 1665 1761 1670 
3 1761 1861 1766 
3 1095 1004 997 
3 1864 1861 1956 
3 997 909 902 
3 480 455 418 
3 480 486 543 
3 486 554 543 
3 455 389 418 
3 655 736 710 
3 680 622 710 
3 662 592 680 
3 656 579 662 
3 576 656 645 
3 678 736 655 
3 640 570 645 
3 624 709 678 
3 567 640 633 
3 626 563 633 
3 615 554 626 
3 586 683 653 
3 709 624 653 
3 191 187 143 
3 150 187 190 
3 201 164 190 
3 151 213 191 
3 196 201 236 
3 179 261 213 
3 279 239 236 
3 354 279 334 
3 389 354 334 
3 229 345 261 
3 319 431 345 
3 410 515 431 
3 902 812 804 
3 804 712 704 
3 609 704 614 
3 515 506 609 
3 867 842 759 
3 946 842 867 
3 976 1052 946 
3 1088 1120 1193 
3 976 1088 1052 
3 1226 1298 1193 
3 1333 1403 1298 
3 574 628 526 
3 538 646 574 
3 538 637 646 
3 586 628 683 
3 732 637 738 
3 842 823 738 
3 1560 1515 1446 
3 1515 1469 1406 
3 1366 1469 1439 
3 1560 1604 1672 
3 1803 1912 1867 
3 1965 1912 1856 
3 1755 1867 1818 
3 1705 1818 1770 
3 1717 1656 1770 
3 2059 1965 1981 
3 1604 1717 1672 
3 2098 2059 1981 
3 2142 2098 2037 
3 1403 1333 1439 
3 2204 2094 2145 
3 2073 2181 2113 
3 2221 2146 2113 
3 2151 2073 2049 
3 2035 2132 2049 
3 2035 2011 2118 
3 1986 2093 2011 
3 2240 2147 2146 
3 2104 2147 2199 
3 1986 1970 2069 
3 2145 2104 2199 
3 1970 1961 2057 
3 1961 1956 2050 
3 2142 2094 2204 
3 1382 1471 1472 
3 1380 1382 1287 
3 1192 1285 1287 
3 1569 1472 1568 
3 1569 1664 1665 
3 1188 1192 1095 
3 1665 1759 1761 
3 1861 1761 1858 
3 1093 1095 997 
3 1861 1952 1956 
3 994 997 902 
3 455 480 523 
3 523 480 543 
3 543 554 615 
3 420 389 455 
3 736 796 710 
3 680 710 764 
3 662 680 746 
3 656 662 730 
3 645 656 720 
3 767 736 678 
3 640 645 714 
3 709 767 678 
3 640 708 633 
3 695 626 633 
3 615 626 684 
3 653 683 741 
3 709 653 741 
3 187 150 143 
3 151 191 143 
3 164 150 190 
3 164 201 196 
3 179 213 151 
3 239 196 236 
3 229 261 179 
3 239 279 298 
3 298 279 354 
3 354 389 420 
3 319 345 229 
3 410 431 319 
3 506 515 410 
3 895 902 804 
3 798 804 704 
3 698 704 609 
3 506 598 609 
3 842 946 921 
3 946 1052 1028 
3 1088 1193 1158 
3 1052 1088 1158 
3 1193 1298 1263 
3 1298 1403 1368 
3 574 677 628 
3 574 646 677 
3 637 732 646 
3 628 726 683 
3 823 732 738 
3 823 842 921 
3 1515 1560 1628 
3 1515 1584 1469 
3 1469 1548 1439 
3 1560 1672 1628 
3 1867 1912 1978 
3 1912 1965 2029 
3 1867 1940 1818 
3 1818 1886 1770 
3 1717 1770 1840 
3 1965 2059 2029 
3 1672 1717 1786 
3 2059 2098 2173 
3 2098 2142 2173 
3 1510 1403 1439 
3 2204 2145 2248 
3 2181 2221 2113 
3 2073 2151 2181 
3 2283 2146 2221 
3 2132 2151 2049 
3 2132 2035 2118 
3 2011 2093 2118 
3 2093 1986 2069 
3 2147 2240 2199 
3 2240 2146 2283 
3 1970 2057 2069 
3 2248 2145 2199 
3 2057 1961 2050 
3 2050 1956 2047 
3 2255 2142 2204 
3 1472 1471 1568 
3 1382 1380 1471 
3 1285 1380 1287 
3 1192 1188 1285 
3 1664 1569 1568 
3 1665 1664 1759 
3 1188 1095 1093 
3 1761 1759 1858 
3 1861 1858 1952 
3 994 1093 997 
3 1956 1952 2047 
3 895 994 902 
3 455 523 487 
3 590 523 543 
3 590 543 615 
3 420 455 487 
3 710 796 764 
3 796 736 827 
3 746 680 764 
3 730 662 746 
3 720 656 730 
3 645 720 714 
3 736 767 827 
3 708 640 714 
3 709 789 767 
3 708 695 633 
3 684 626 695 
3 665 615 684 
3 683 776 741 
3 789 709 741 
3 150 120 143 
3 108 151 143 
3 150 164 129 
3 157 164 196 
3 179 151 122 
3 198 196 239 
3 142 229 179 
3 239 298 245 
3 298 354 375 
3 354 420 375 
3 200 319 229 
3 285 410 319 
3 401 506 410 
3 798 895 804 
3 698 798 704 
3 598 698 609 
3 499 598 506 
3 946 1028 921 
3 1052 1130 1028 
3 1193 1263 1158 
3 1130 1052 1158 
3 1263 1298 1368 
3 1403 1470 1368 
3 628 677 726 
3 646 751 677 
3 646 732 751 
3 726 776 683 
3 732 823 800 
3 823 921 903 
3 1515 1628 1584 
3 1469 1584 1548 
3 1548 1510 1439 
3 1628 1672 1743 
3 1912 2029 1978 
3 1940 1867 1978 
3 1940 1886 1818 
3 1770 1886 1840 
3 1717 1840 1786 
3 2029 2059 2131 
3 1743 1672 1786 
3 2059 2173 2131 
3 2173 2142 2255 
3 1403 1510 1470 
3 2334 2204 2248 
3 2221 2181 2285 
3 2247 2181 2151 
3 2283 2221 2338 
3 2151 2132 2247 
3 2220 2132 2118 
3 2118 2093 2197 
3 2093 2069 2178 
3 2240 2294 2199 
3 2240 2283 2343 
3 2057 2152 2069 
3 2294 2248 2199 
3 2057 2050 2144 
3 2139 2050 2047 
3 2255 2204 2334 
3 1568 1471 1571 
3 1471 1380 1473 
3 1380 1285 1381 
3 1285 1188 1283 
3 1667 1664 1568 
3 1664 1763 1759 
3 1185 1188 1093 
3 1858 1759 1859 
3 1858 1953 1952 
3 994 1091 1093 
3 1952 2048 2047 
3 988 994 895 
3 523 564 487 
3 523 590 564 
3 590 615 665 
3 449 420 487 
3 764 796 852 
3 796 827 885 
3 830 746 764 
3 730 746 816 
3 720 730 803 
3 714 720 783 
3 767 871 827 
3 777 708 714 
3 767 789 871 
3 695 708 768 
3 684 695 755 
3 665 684 740 
3 741 776 832 
3 789 741 832 
3 120 108 143 
3 120 150 129 
3 151 108 122 
3 129 164 157 
3 157 196 198 
3 142 179 122 
3 198 239 245 
3 200 229 142 
3 298 322 245 
3 322 298 375 
3 420 449 375 
3 285 319 200 
3 401 410 285 
3 401 499 506 
3 890 895 798 
3 698 793 798 
3 698 598 692 
3 598 499 593 
3 921 1028 1002 
3 1028 1130 1105 
3 1263 1233 1158 
3 1233 1130 1158 
3 1339 1263 1368 
3 1368 1470 1444 
3 677 780 726 
3 677 751 780 
3 732 800 751 
3 828 776 726 
3 800 823 903 
3 903 921 1002 
3 1584 1628 1692 
3 1584 1655 1548 
3 1616 1510 1548 
3 1628 1743 1692 
3 1978 2029 2101 
3 2045 1940 1978 
3 1886 1940 1996 
3 1886 1948 1840 
3 1840 1897 1786 
3 2029 2131 2101 
3 1743 1786 1849 
3 2131 2173 2258 
3 2173 2255 2258 
3 1510 1583 1470 
3 2294 2334 2248 
3 2285 2181 2247 
3 2338 2221 2285 
3 2283 2338 2395 
3 2132 2220 2247 
3 2220 2118 2197 
3 2197 2093 2178 
3 2069 2152 2178 
3 2294 2240 2343 
3 2343 2283 2395 
3 2152 2057 2144 
3 2050 2139 2144 
3 2139 2047 2140 
3 2255 2334 2356 
3 1471 1473 1571 
3 1667 1568 1571 
3 1380 1381 1473 
3 1285 1283 1381 
3 1283 1188 1185 
3 1664 1667 1763 
3 1759 1763 1859 
3 1091 1185 1093 
3 1953 1858 1859 
3 1953 2048 1952 
3 994 988 1091 
3 2047 2048 2140 
3 890 988 895 
3 564 522 487 
3 564 590 639 
3 590 665 639 
3 522 449 487 
3 796 885 852 
3 830 764 852 
3 827 925 885 
3 746 830 816 
3 803 730 816 
3 783 720 803 
3 777 714 783 
3 827 871 925 
3 768 708 777 
3 789 832 871 
3 755 695 768 
3 740 684 755 
3 665 740 716 
3 776 869 832 
3 67 108 120 
3 89 120 129 
3 122 108 57 
3 116 129 157 
3 149 157 198 
3 78 142 122 
3 202 198 245 
3 123 200 142 
3 322 259 245 
3 403 322 375 
3 449 403 375 
3 285 200 173 
3 267 401 285 
3 499 401 390 
3 793 890 798 
3 793 698 692 
3 598 593 692 
3 499 497 593 
3 1028 1105 1002 
3 1130 1206 1105 
3 1339 1233 1263 
3 1130 1233 1206 
3 1339 1368 1444 
3 1470 1553 1444 
3 780 828 726 
3 780 751 877 
3 751 800 877 
3 776 828 869 
3 800 903 877 
3 903 1002 987 
3 1584 1692 1655 
3 1655 1616 1548 
3 1510 1616 1583 
3 1743 1802 1692 
3 2045 1978 2101 
3 1940 2045 1996 
3 1886 1996 1948 
3 1948 1897 1840 
3 1786 1897 1849 
3 2131 2217 2101 
3 1802 1743 1849 
3 2217 2131 2258 
3 2258 2255 2356 
3 1470 1583 1553 
3 2334 2294 2389 
3 2285 2247 2350 
3 2338 2285 2394 
3 2338 2440 2395 
3 2247 2220 2325 
3 2296 2220 2197 
3 2197 2178 2273 
3 2178 2152 2256 
3 2389 2294 2343 
3 2437 2343 2395 
3 2152 2144 2241 
3 2144 2139 2230 
3 2139 2140 2229 
3 2334 2428 2356 
3 1473 1573 1571 
3 1667 1571 1671 
3 1381 1477 1473 
3 1381 1283 1383 
3 1281 1283 1185 
3 1763 1667 1764 
3 1763 1863 1859 
3 1091 1184 1185 
3 1953 1859 1959 
3 1953 2051 2048 
3 988 1086 1091 
3 2140 2048 2143 
3 985 988 890 
3 522 564 600 
3 600 564 639 
3 639 665 716 
3 449 522 479 
3 852 885 943 
3 830 852 916 
3 885 925 977 
3 816 830 897 
3 880 803 816 
3 783 803 864 
3 854 777 783 
3 871 964 925 
3 768 777 844 
3 832 922 871 
3 755 768 834 
3 740 755 818 
3 716 740 799 
3 869 922 832 
3 108 67 57 
3 89 67 120 
3 116 89 129 
3 78 122 57 
3 116 157 149 
3 202 149 198 
3 123 142 78 
3 259 202 245 
3 200 123 173 
3 329 259 322 
3 322 403 357 
3 403 449 479 
3 267 285 173 
3 390 401 267 
3 499 390 497 
3 887 890 793 
3 786 793 692 
3 593 691 692 
3 497 594 593 
3 1002 1105 1084 
3 1206 1178 1105 
3 1339 1307 1233 
3 1233 1307 1206 
3 1412 1339 1444 
3 1553 1517 1444 
3 828 780 889 
3 889 780 877 
3 828 930 869 
3 903 987 877 
3 1002 1084 987 
3 1692 1760 1655 
3 1616 1655 1726 
3 1583 1616 1687 
3 1802 1760 1692 
3 2171 2045 2101 
3 1996 2045 2121 
3 1996 2060 1948 
3 1897 1948 2019 
3 1849 1897 1962 
3 2217 2171 2101 
3 1802 1849 1913 
3 2344 2217 2258 
3 2344 2258 2356 
3 1553 1583 1658 
3 2428 2334 2389 
3 2247 2325 2350 
3 2394 2285 2350 
3 2440 2338 2394 
3 2395 2440 2492 
3 2220 2296 2325 
3 2296 2197 2273 
3 2273 2178 2256 
3 2152 2241 2256 
3 2389 2343 2437 
3 2437 2395 2492 
3 2241 2144 2230 
3 2230 2139 2229 
3 2140 2238 2229 
3 2356 2428 2451 
3 1571 1573 1671 
3 1473 1477 1573 
3 1764 1667 1671 
3 1477 1381 1383 
3 1283 1281 1383 
3 1184 1281 1185 
3 1763 1764 1863 
3 1859 1863 1959 
3 1086 1184 1091 
3 2051 1953 1959 
3 2048 2051 2143 
3 985 1086 988 
3 2140 2143 2238 
3 887 985 890 
3 553 522 600 
3 600 639 682 
3 682 639 716 
3 522 553 479 
3 885 977 943 
3 852 943 916 
3 897 830 916 
3 925 1026 977 
3 880 816 897 
3 803 880 864 
3 854 783 864 
3 844 777 854 
3 925 964 1026 
3 871 922 964 
3 834 768 844 
3 818 755 834 
3 740 818 799 
3 716 799 766 
3 922 869 966 
3 67 53 57 
3 67 89 79 
3 89 116 76 
3 44 78 57 
3 101 116 149 
3 202 148 149 
3 48 123 78 
3 202 259 212 
3 123 80 173 
3 274 259 329 
3 329 322 357 
3 403 432 357 
3 432 403 479 
3 158 267 173 
3 390 267 262 
3 497 390 391 
3 786 887 793 
3 691 786 692 
3 594 691 593 
3 594 497 500 
3 1105 1178 1084 
3 1178 1206 1276 
3 1307 1339 1412 
3 1206 1307 1276 
3 1517 1412 1444 
3 1517 1553 1621 
3 828 889 930 
3 981 889 877 
3 869 930 966 
3 987 981 877 
3 987 1084 1067 
3 1655 1760 1726 
3 1616 1726 1687 
3 1583 1687 1658 
3 1802 1872 1760 
3 2045 2171 2121 
3 1996 2121 2060 
3 1948 2060 2019 
3 1897 2019 1962 
3 1849 1962 1913 
3 2171 2217 2289 
3 1872 1802 1913 
3 2217 2344 2289 
3 2344 2356 2451 
3 1621 1553 1658 
3 2428 2389 2474 
3 2325 2421 2350 
3 2394 2350 2453 
3 2493 2440 2394 
3 2440 2534 2492 
3 2325 2296 2397 
3 2296 2273 2370 
3 2273 2256 2346 
3 2256 2241 2330 
3 2474 2389 2437 
3 2529 2437 2492 
3 2241 2230 2319 
3 2230 2229 2316 
3 2238 2323 2229 
3 2428 2521 2451 
3 1671 1573 1675 
3 1573 1477 1578 
3 1764 1671 1771 
3 1487 1477 1383 
3 1281 1286 1383 
3 1281 1184 1286 
3 1764 1866 1863 
3 1863 1964 1959 
3 1182 1184 1086 
3 2051 1959 2055 
3 2051 2149 2143 
3 1086 985 1080 
3 2238 2143 2244 
3 985 887 983 
3 553 600 638 
3 600 682 638 
3 682 716 766 
3 553 507 479 
3 943 977 1039 
3 916 943 1007 
3 897 916 982 
3 1026 1083 977 
3 963 880 897 
3 864 880 949 
3 854 864 936 
3 844 854 924 
3 964 1066 1026 
3 922 1020 964 
3 834 844 912 
3 818 834 898 
3 818 876 799 
3 766 799 857 
3 922 966 1020 
3 53 44 57 
3 53 67 79 
3 79 89 76 
3 116 101 76 
3 48 78 44 
3 148 101 149 
3 148 202 212 
3 80 123 48 
3 259 274 212 
3 80 158 173 
3 274 329 350 
3 329 357 382 
3 357 432 382 
3 507 432 479 
3 267 158 262 
3 391 390 262 
3 500 497 391 
3 887 786 888 
3 786 691 791 
3 693 691 594 
3 594 500 597 
3 1084 1178 1157 
3 1249 1178 1276 
3 1377 1307 1412 
3 1307 1377 1276 
3 1412 1517 1482 
3 1517 1621 1590 
3 889 996 930 
3 889 981 996 
3 930 1030 966 
3 981 987 1067 
3 1067 1084 1157 
3 1726 1760 1837 
3 1687 1726 1797 
3 1687 1765 1658 
3 1760 1872 1837 
3 2121 2171 2237 
3 2060 2121 2185 
3 2019 2060 2128 
3 1962 2019 2074 
3 1913 1962 2032 
3 2237 2171 2289 
3 1872 1913 1977 
3 2344 2419 2289 
3 2419 2344 2451 
3 1737 1621 1658 
3 2521 2428 2474 
3 2350 2421 2453 
3 2421 2325 2397 
3 2493 2394 2453 
3 2534 2440 2493 
3 2534 2577 2492 
3 2296 2370 2397 
3 2370 2273 2346 
3 2346 2256 2330 
3 2241 2319 2330 
3 2474 2437 2529 
3 2577 2529 2492 
3 2319 2230 2316 
3 2229 2323 2316 
3 2333 2323 2238 
3 2521 2530 2451 
3 1573 1578 1675 
3 1671 1675 1771 
3 1477 1487 1578 
3 1866 1764 1771 
3 1393 1487 1383 
3 1286 1393 1383 
3 1184 1182 1286 
3 1866 1964 1863 
3 1959 1964 2055 
3 1182 1086 1080 
3 2149 2051 2055 
3 2143 2149 2244 
3 1080 985 983 
3 2333 2238 2244 
3 983 887 888 
3 587 553 638 
3 638 682 728 
3 728 682 766 
3 507 553 587 
3 977 1083 1039 
3 943 1039 1007 
3 916 1007 982 
3 963 897 982 
3 1129 1083 1026 
3 880 963 949 
3 936 864 949 
3 924 854 936 
3 844 924 912 
3 1066 1129 1026 
3 964 1020 1066 
3 898 834 912 
3 876 818 898 
3 799 876 857 
3 829 766 857 
3 966 1064 1020 
3 53 49 44 
3 88 53 79 
3 92 79 76 
3 101 71 76 
3 36 48 44 
3 101 148 99 
3 163 148 212 
3 30 80 48 
3 212 274 237 
3 43 158 80 
3 350 329 382 
3 317 274 350 
3 382 432 459 
3 432 507 459 
3 158 152 262 
3 391 262 264 
3 402 500 391 
3 786 791 888 
3 791 691 693 
3 693 594 597 
3 597 500 504 
3 1178 1249 1157 
3 1348 1249 1276 
3 1377 1412 1482 
3 1377 1348 1276 
3 1482 1517 1590 
3 1621 1696 1590 
3 930 996 1030 
3 981 1071 996 
3 966 1030 1064 
3 1071 981 1067 
3 1155 1067 1157 
3 1726 1837 1797 
3 1687 1797 1765 
3 1765 1737 1658 
3 1837 1872 1944 
3 2121 2237 2185 
3 2060 2185 2128 
3 2019 2128 2074 
3 1962 2074 2032 
3 1913 2032 1977 
3 2237 2289 2357 
3 1872 1977 1944 
3 2289 2419 2357 
3 2530 2419 2451 
3 1621 1737 1696 
3 2521 2474 2564 
3 2453 2421 2518 
3 2421 2397 2485 
3 2493 2453 2544 
3 2534 2493 2585 
3 2577 2534 2629 
3 2370 2458 2397 
3 2434 2370 2346 
3 2416 2346 2330 
3 2319 2400 2330 
3 2474 2529 2564 
3 2625 2529 2577 
3 2390 2319 2316 
3 2316 2323 2398 
3 2323 2333 2411 
3 2530 2521 2613 
3 1578 1679 1675 
3 1675 1776 1771 
3 1487 1588 1578 
3 1873 1866 1771 
3 1393 1498 1487 
3 1293 1393 1286 
3 1182 1293 1286 
3 1964 1866 1967 
3 1964 2061 2055 
3 1177 1182 1080 
3 2156 2149 2055 
3 2149 2252 2244 
3 1075 1080 983 
3 2342 2333 2244 
3 986 983 888 
3 679 587 638 
3 679 638 728 
3 829 728 766 
3 546 507 587 
3 1039 1083 1133 
3 1039 1102 1007 
3 1007 1072 982 
3 1056 963 982 
3 1083 1129 1214 
3 963 1040 949 
3 936 949 1025 
3 1006 924 936 
3 924 993 912 
3 1174 1129 1066 
3 1020 1117 1066 
3 898 912 975 
3 876 898 961 
3 876 948 857 
3 829 857 926 
3 1020 1064 1117 
3 49 36 44 
3 88 49 53 
3 92 88 79 
3 71 92 76 
3 71 101 99 
3 32 48 36 
3 99 148 163 
3 163 212 237 
3 43 80 30 
3 32 30 48 
3 274 317 237 
3 152 158 43 
3 423 350 382 
3 388 317 350 
3 423 382 459 
3 507 546 459 
3 262 152 264 
3 402 391 264 
3 500 402 504 
3 791 891 888 
3 795 791 693 
3 699 693 597 
3 606 597 504 
3 1249 1239 1157 
3 1249 1348 1308 
3 1377 1482 1450 
3 1377 1450 1348 
3 1482 1590 1554 
3 1590 1696 1661 
3 996 1108 1030 
3 996 1071 1108 
3 1030 1108 1064 
3 1155 1071 1067 
3 1239 1155 1157 
3 1837 1902 1797 
3 1765 1797 1879 
3 1737 1765 1847 
3 1837 1944 1902 
3 2185 2237 2304 
3 2128 2185 2245 
3 2128 2195 2074 
3 2074 2136 2032 
3 1977 2032 2091 
3 2237 2357 2304 
3 1944 1977 2044 
3 2419 2491 2357 
3 2419 2530 2491 
3 1696 1737 1805 
3 2613 2521 2564 
3 2421 2485 2518 
3 2544 2453 2518 
3 2397 2458 2485 
3 2493 2544 2585 
3 2629 2534 2585 
3 2673 2577 2629 
3 2434 2458 2370 
3 2416 2434 2346 
3 2400 2416 2330 
3 2390 2400 2319 
3 2529 2625 2564 
3 2625 2577 2673 
3 2390 2316 2398 
3 2323 2411 2398 
3 2411 2333 2423 
3 2618 2530 2613 
3 1679 1776 1675 
3 1588 1679 1578 
3 1776 1873 1771 
3 1487 1498 1588 
3 1866 1873 1967 
3 1393 1404 1498 
3 1404 1393 1293 
3 1293 1182 1177 
3 1964 1967 2061 
3 2061 2156 2055 
3 1075 1177 1080 
3 2156 2252 2149 
3 2252 2342 2244 
3 986 1075 983 
3 2333 2342 2423 
3 891 986 888 
3 587 679 632 
3 679 728 782 
3 728 829 782 
3 546 587 632 
3 1083 1214 1133 
3 1102 1039 1133 
3 1102 1072 1007 
3 1072 1056 982 
3 1040 963 1056 
3 1214 1129 1243 
3 949 1040 1025 
3 1006 936 1025 
3 993 924 1006 
3 912 993 975 
3 1129 1174 1243 
3 1117 1174 1066 
3 961 898 975 
3 948 876 961 
3 857 948 926 
3 901 829 926 
3 1064 1161 1117 
3 36 49 45 
3 85 49 88 
3 88 92 103 
3 94 92 71 
3 59 71 99 
3 32 36 45 
3 99 163 107 
3 186 163 237 
3 21 43 30 
3 28 30 32 
3 237 317 266 
3 33 152 43 
3 423 388 350 
3 361 317 388 
3 503 423 459 
3 546 503 459 
3 152 154 264 
3 275 402 264 
3 402 406 504 
3 795 891 791 
3 699 795 693 
3 606 699 597 
3 508 606 504 
3 1239 1249 1308 
3 1348 1411 1308 
3 1450 1482 1554 
3 1348 1450 1411 
3 1554 1590 1661 
3 1661 1696 1769 
3 1071 1173 1108 
3 1108 1161 1064 
3 1071 1155 1173 
3 1155 1239 1246 
3 1797 1902 1879 
3 1765 1879 1847 
3 1737 1847 1805 
3 1902 1944 2001 
3 2185 2304 2245 
3 2128 2245 2195 
3 2195 2136 2074 
3 2032 2136 2091 
3 1977 2091 2044 
3 2304 2357 2424 
3 1944 2044 2001 
3 2357 2491 2424 
3 2491 2530 2618 
3 1696 1805 1769 
3 2666 2613 2564 
3 2518 2485 2569 
3 2544 2518 2611 
3 2485 2458 2547 
3 2544 2637 2585 
3 2674 2629 2585 
3 2673 2629 2731 
3 2458 2434 2522 
3 2434 2416 2490 
3 2416 2400 2468 
3 2400 2390 2459 
3 2625 2666 2564 
3 2733 2625 2673 
3 2462 2390 2398 
3 2411 2471 2398 
3 2411 2423 2498 
3 2700 2618 2613 
3 1679 1782 1776 
3 1679 1588 1685 
3 1873 1776 1877 
3 1588 1498 1595 
3 1873 1972 1967 
3 1498 1404 1503 
3 1320 1404 1293 
3 1269 1293 1177 
3 2061 1967 2067 
3 2156 2061 2169 
3 1168 1177 1075 
3 2252 2156 2263 
3 2342 2252 2347 
3 1076 1075 986 
3 2342 2435 2423 
3 891 989 986 
3 679 724 632 
3 724 679 782 
3 782 829 901 
3 585 546 632 
3 1214 1200 1133 
3 1200 1102 1133 
3 1072 1102 1170 
3 1056 1072 1148 
3 1040 1056 1131 
3 1214 1243 1323 
3 1025 1040 1111 
3 1098 1006 1025 
3 993 1006 1079 
3 993 1061 975 
3 1174 1282 1243 
3 1220 1174 1117 
3 1050 961 975 
3 948 961 1041 
3 926 948 1023 
3 1000 901 926 
3 1161 1220 1117 
3 49 85 45 
3 85 88 103 
3 92 94 103 
3 94 71 59 
3 59 99 107 
3 34 32 45 
3 163 186 107 
3 186 237 266 
3 33 43 21 
3 28 21 30 
3 34 28 32 
3 317 361 266 
3 152 33 154 
3 388 423 470 
3 361 388 444 
3 470 423 503 
3 503 546 585 
3 154 275 264 
3 406 402 275 
3 406 508 504 
3 894 891 795 
3 801 795 699 
3 699 606 705 
3 606 508 610 
3 1239 1308 1246 
3 1308 1411 1351 
3 1450 1554 1518 
3 1411 1450 1518 
3 1554 1661 1625 
3 1738 1661 1769 
3 1108 1173 1217 
3 1108 1217 1161 
3 1155 1246 1173 
3 1902 2034 1879 
3 1879 1966 1847 
3 1847 1928 1805 
3 2034 1902 2001 
3 2245 2304 2362 
3 2245 2309 2195 
3 2136 2195 2254 
3 2136 2203 2091 
3 2091 2148 2044 
3 2304 2424 2362 
3 2001 2044 2109 
3 2491 2551 2424 
3 2551 2491 2618 
3 1805 1880 1769 
3 2700 2613 2666 
3 2569 2485 2547 
3 2518 2569 2611 
3 2637 2544 2611 
3 2458 2522 2547 
3 2637 2674 2585 
3 2629 2674 2731 
3 2782 2673 2731 
3 2434 2490 2522 
3 2416 2468 2490 
3 2468 2400 2459 
3 2390 2462 2459 
3 2733 2666 2625 
3 2782 2733 2673 
3 2471 2462 2398 
3 2471 2411 2498 
3 2498 2423 2512 
3 2677 2618 2700 
3 1776 1782 1877 
3 1679 1685 1782 
3 1588 1595 1685 
3 1873 1877 1972 
3 1498 1503 1595 
3 1967 1972 2067 
3 1404 1418 1503 
3 1404 1320 1418 
3 1269 1320 1293 
3 1168 1269 1177 
3 2061 2067 2169 
3 2263 2156 2169 
3 1076 1168 1075 
3 2252 2263 2347 
3 2435 2342 2347 
3 989 1076 986 
3 2423 2435 2512 
3 894 989 891 
3 724 676 632 
3 805 724 782 
3 866 782 901 
3 676 585 632 
3 1200 1214 1299 
3 1102 1200 1170 
3 1148 1072 1170 
3 1056 1148 1131 
3 1040 1131 1111 
3 1243 1356 1323 
3 1214 1323 1299 
3 1098 1025 1111 
3 1006 1098 1079 
3 1061 993 1079 
3 1061 1050 975 
3 1282 1356 1243 
3 1220 1282 1174 
3 961 1050 1041 
3 1023 948 1041 
3 1000 926 1023 
3 901 1000 974 
3 1220 1161 1266 
3 85 70 45 
3 102 85 103 
3 94 110 103 
3 87 94 59 
3 56 59 107 
3 70 34 45 
3 186 127 107 
3 215 186 266 
3 11 33 21 
3 13 21 28 
3 26 28 34 
3 361 328 266 
3 154 33 54 
3 444 388 470 
3 421 361 444 
3 470 503 549 
3 549 503 585 
3 185 275 154 
3 406 275 287 
3 406 408 508 
3 801 894 795 
3 801 699 705 
3 705 606 610 
3 508 514 610 
3 1246 1308 1351 
3 1411 1457 1351 
3 1518 1554 1625 
3 1457 1411 1518 
3 1661 1738 1625 
3 1843 1738 1769 
3 1173 1280 1217 
3 1161 1217 1266 
3 1246 1280 1173 
3 1879 2034 1966 
3 1966 1928 1847 
3 1805 1928 1880 
3 2034 2001 2109 
3 2309 2245 2362 
3 2195 2309 2254 
3 2136 2254 2203 
3 2091 2203 2148 
3 2044 2148 2109 
3 2424 2484 2362 
3 2551 2484 2424 
3 2551 2618 2677 
3 1880 1843 1769 
3 2778 2700 2666 
3 2569 2547 2632 
3 2611 2569 2658 
3 2688 2637 2611 
3 2522 2600 2547 
3 2637 2729 2674 
3 2674 2770 2731 
3 2782 2731 2814 
3 2522 2490 2559 
3 2490 2468 2531 
3 2468 2459 2525 
3 2462 2526 2459 
3 2778 2666 2733 
3 2823 2733 2782 
3 2462 2471 2537 
3 2555 2471 2498 
3 2576 2498 2512 
3 2677 2700 2789 
3 1877 1782 1884 
3 1782 1685 1788 
3 1595 1691 1685 
3 1972 1877 1973 
3 1595 1503 1602 
3 1972 2072 2067 
3 1503 1418 1514 
3 1418 1320 1336 
3 1320 1269 1250 
3 1269 1168 1250 
3 2067 2177 2169 
3 2268 2263 2169 
3 1165 1168 1076 
3 2263 2359 2347 
3 2447 2435 2347 
3 989 1081 1076 
3 2435 2528 2512 
3 992 989 894 
3 676 724 765 
3 765 724 805 
3 805 782 866 
3 866 901 974 
3 644 585 676 
3 1270 1200 1299 
3 1200 1270 1170 
3 1148 1170 1251 
3 1131 1148 1229 
3 1131 1212 1111 
3 1323 1356 1433 
3 1323 1402 1299 
3 1195 1098 1111 
3 1079 1098 1175 
3 1159 1061 1079 
3 1050 1061 1147 
3 1282 1396 1356 
3 1282 1220 1328 
3 1041 1050 1135 
3 1023 1041 1118 
3 1100 1000 1023 
3 974 1000 1073 
3 1220 1266 1328 
3 102 70 85 
3 110 102 103 
3 110 94 87 
3 56 87 59 
3 127 56 107 
3 38 34 70 
3 215 127 186 
3 328 215 266 
3 54 33 11 
3 13 11 21 
3 13 28 26 
3 26 34 38 
3 421 328 361 
3 185 154 54 
3 444 470 531 
3 421 444 512 
3 531 470 549 
3 549 585 644 
3 275 185 287 
3 408 406 287 
3 408 514 508 
3 900 894 801 
3 809 801 705 
3 713 705 610 
3 514 618 610 
3 1280 1246 1351 
3 1457 1388 1351 
3 1585 1518 1625 
3 1585 1457 1518 
3 1625 1738 1698 
3 1738 1843 1801 
3 1217 1280 1325 
3 1266 1217 1325 
3 1966 2034 2103 
3 2042 1928 1966 
3 1880 1928 1988 
3 2034 2109 2155 
3 2425 2309 2362 
3 2309 2368 2254 
3 2254 2320 2203 
3 2203 2265 2148 
3 2148 2211 2109 
3 2484 2425 2362 
3 2484 2551 2619 
3 2619 2551 2677 
3 1946 1843 1880 
3 2700 2778 2789 
3 2547 2600 2632 
3 2658 2569 2632 
3 2688 2611 2658 
3 2729 2637 2688 
3 2600 2522 2559 
3 2674 2729 2770 
3 2731 2770 2814 
3 2855 2782 2814 
3 2559 2490 2531 
3 2468 2525 2531 
3 2459 2526 2525 
3 2526 2462 2537 
3 2778 2733 2823 
3 2823 2782 2855 
3 2537 2471 2555 
3 2576 2555 2498 
3 2607 2576 2512 
3 2755 2677 2789 
3 1782 1788 1884 
3 1877 1884 1973 
3 1685 1691 1788 
3 1691 1595 1602 
3 1972 1973 2072 
3 1503 1514 1602 
3 2072 2177 2067 
3 1418 1427 1514 
3 1320 1250 1336 
3 1418 1336 1427 
3 1250 1168 1165 
3 2177 2268 2169 
3 2263 2268 2359 
3 1081 1165 1076 
3 2359 2447 2347 
3 2435 2447 2528 
3 992 1081 989 
3 2528 2607 2512 
3 900 992 894 
3 676 765 735 
3 765 805 859 
3 859 805 866 
3 955 866 974 
3 644 676 735 
3 1270 1299 1373 
3 1170 1270 1251 
3 1229 1148 1251 
3 1131 1229 1212 
3 1212 1195 1111 
3 1356 1464 1433 
3 1402 1323 1433 
3 1299 1402 1373 
3 1098 1195 1175 
3 1159 1079 1175 
3 1147 1061 1159 
3 1050 1147 1135 
3 1356 1396 1464 
3 1396 1282 1328 
3 1118 1041 1135 
3 1100 1023 1118 
3 1000 1100 1073 
3 1058 974 1073 
3 1266 1374 1328 
3 70 102 74 
3 110 106 102 
3 110 87 113 
3 83 87 56 
3 93 56 127 
3 38 70 74 
3 127 215 171 
3 273 215 328 
3 9 54 11 
3 5 11 13 
3 14 13 26 
3 27 26 38 
3 398 328 421 
3 104 185 54 
3 512 444 531 
3 494 421 512 
3 620 531 549 
3 620 549 644 
3 185 182 287 
3 290 408 287 
3 514 408 414 
3 809 900 801 
3 713 809 705 
3 618 713 610 
3 521 618 514 
3 1388 1280 1351 
3 1388 1457 1494 
3 1585 1625 1698 
3 1457 1585 1494 
3 1738 1801 1698 
3 1843 1903 1801 
3 1280 1388 1325 
3 1266 1325 1374 
3 2034 2155 2103 
3 2042 1966 2103 
3 1928 2042 1988 
3 1946 1880 1988 
3 2109 2211 2155 
3 2309 2425 2368 
3 2368 2320 2254 
3 2320 2265 2203 
3 2148 2265 2211 
3 2425 2484 2549 
3 2484 2619 2549 
3 2619 2677 2755 
3 1946 1903 1843 
3 2789 2778 2850 
3 2600 2671 2632 
3 2717 2658 2632 
3 2744 2688 2658 
3 2768 2729 2688 
3 2600 2559 2634 
3 2770 2729 2796 
3 2814 2770 2834 
3 2855 2814 2877 
3 2559 2531 2602 
3 2531 2525 2575 
3 2525 2526 2578 
3 2526 2537 2593 
3 2850 2778 2823 
3 2823 2855 2903 
3 2537 2555 2616 
3 2555 2576 2638 
3 2576 2607 2665 
3 2755 2789 2865 
3 1884 1788 1888 
3 1973 1884 1982 
3 1691 1794 1788 
3 1691 1602 1703 
3 2072 1973 2077 
3 1514 1612 1602 
3 2177 2072 2183 
3 1514 1427 1529 
3 1250 1254 1336 
3 1336 1345 1427 
3 1254 1250 1165 
3 2268 2177 2274 
3 2359 2268 2367 
3 1081 1169 1165 
3 2359 2455 2447 
3 2447 2542 2528 
3 1089 1081 992 
3 2528 2627 2607 
3 998 992 900 
3 735 765 836 
3 765 859 836 
3 955 859 866 
3 1058 955 974 
3 715 644 735 
3 1353 1270 1373 
3 1270 1353 1251 
3 1331 1229 1251 
3 1212 1229 1313 
3 1195 1212 1292 
3 1464 1542 1433 
3 1402 1433 1509 
3 1373 1402 1478 
3 1175 1195 1273 
3 1260 1159 1175 
3 1147 1159 1248 
3 1135 1147 1231 
3 1396 1505 1464 
3 1440 1396 1328 
3 1118 1135 1218 
3 1202 1100 1118 
3 1100 1180 1073 
3 1058 1073 1160 
3 1374 1440 1328 
3 102 106 74 
3 106 110 113 
3 87 83 113 
3 83 56 93 
3 93 127 171 
3 40 38 74 
3 215 273 171 
3 273 328 398 
3 9 104 54 
3 5 9 11 
3 14 5 13 
3 27 14 26 
3 27 38 40 
3 494 398 421 
3 182 185 104 
3 607 512 531 
3 589 494 512 
3 607 531 620 
3 620 644 715 
3 182 290 287 
3 408 290 414 
3 521 514 414 
3 809 910 900 
3 817 809 713 
3 618 722 713 
3 521 629 618 
3 1430 1388 1494 
3 1668 1585 1698 
3 1585 1570 1494 
3 1698 1801 1775 
3 1801 1903 1881 
3 1388 1430 1325 
3 1325 1430 1374 
3 2155 2215 2103 
3 2042 2103 2153 
3 2042 2107 1988 
3 2053 1946 1988 
3 2155 2211 2275 
3 2368 2425 2481 
3 2320 2368 2430 
3 2320 2379 2265 
3 2211 2265 2331 
3 2481 2425 2549 
3 2549 2619 2756 
3 2619 2755 2756 
3 1903 1946 2016 
3 2789 2850 2865 
3 2671 2717 2632 
3 2671 2600 2634 
3 2717 2744 2658 
3 2768 2688 2744 
3 2729 2768 2796 
3 2634 2559 2602 
3 2770 2796 2834 
3 2877 2814 2834 
3 2922 2855 2877 
3 2531 2575 2602 
3 2575 2525 2578 
3 2526 2593 2578 
3 2593 2537 2616 
3 2850 2823 2903 
3 2903 2855 2922 
3 2555 2638 2616 
3 2638 2576 2665 
3 2607 2713 2665 
3 2756 2755 2865 
3 1788 1794 1888 
3 1884 1888 1982 
3 1973 1982 2077 
3 1794 1691 1703 
3 1602 1612 1703 
3 2183 2072 2077 
3 1612 1514 1529 
3 2177 2183 2274 
3 1427 1441 1529 
3 1336 1254 1345 
3 1345 1441 1427 
3 1169 1254 1165 
3 2367 2268 2274 
3 2359 2367 2455 
3 1081 1089 1169 
3 2447 2455 2542 
3 2528 2542 2627 
3 998 1089 992 
3 2607 2627 2713 
3 910 998 900 
3 815 735 836 
3 836 859 934 
3 859 955 934 
3 1038 955 1058 
3 815 715 735 
3 1353 1373 1454 
3 1353 1331 1251 
3 1229 1331 1313 
3 1212 1313 1292 
3 1195 1292 1273 
3 1433 1542 1509 
3 1542 1464 1574 
3 1402 1509 1478 
3 1373 1478 1454 
3 1260 1175 1273 
3 1248 1159 1260 
3 1147 1248 1231 
3 1218 1135 1231 
3 1464 1505 1574 
3 1505 1396 1440 
3 1202 1118 1218 
3 1180 1100 1202 
3 1073 1180 1160 
3 1143 1058 1160 
3 1374 1488 1440 
3 106 82 74 
3 115 106 113 
3 83 112 113 
3 97 83 93 
3 138 93 171 
3 82 40 74 
3 273 241 171 
3 373 273 398 
3 104 9 35 
3 9 5 8 
3 5 14 12 
3 18 14 27 
3 29 27 40 
3 481 398 494 
3 182 104 35 
3 589 512 607 
3 578 494 589 
3 700 607 620 
3 700 620 715 
3 176 290 182 
3 290 289 414 
3 419 521 414 
3 910 809 817 
3 722 817 713 
3 629 722 618 
3 532 629 521 
3 1430 1494 1536 
3 1570 1585 1668 
3 1668 1698 1775 
3 1494 1570 1536 
3 1801 1881 1775 
3 1881 1903 1983 
3 1430 1488 1374 
3 2103 2215 2153 
3 2215 2155 2275 
3 2042 2153 2107 
3 2107 2053 1988 
3 1946 2053 2016 
3 2211 2331 2275 
3 2368 2481 2430 
3 2320 2430 2379 
3 2265 2379 2331 
3 2481 2549 2621 
3 2549 2756 2621 
3 1903 2016 1983 
3 2850 2933 2865 
3 2717 2671 2751 
3 2671 2634 2694 
3 2744 2717 2777 
3 2768 2744 2791 
3 2768 2812 2796 
3 2634 2602 2653 
3 2834 2796 2838 
3 2888 2877 2834 
3 2922 2877 2915 
3 2575 2630 2602 
3 2575 2578 2624 
3 2593 2636 2578 
3 2593 2616 2656 
3 2933 2850 2903 
3 2957 2903 2922 
3 2638 2687 2616 
3 2638 2665 2730 
3 2665 2713 2772 
3 2756 2865 2929 
3 1794 1892 1888 
3 1982 1888 1987 
3 1982 2083 2077 
3 1799 1794 1703 
3 1612 1711 1703 
3 2187 2183 2077 
3 1627 1612 1529 
3 2183 2280 2274 
3 1441 1543 1529 
3 1254 1261 1345 
3 1357 1441 1345 
3 1169 1261 1254 
3 2367 2274 2376 
3 2455 2367 2466 
3 1089 1181 1169 
3 2455 2554 2542 
3 2542 2647 2627 
3 1097 1089 998 
3 2627 2752 2713 
3 1009 998 910 
3 913 815 836 
3 913 836 934 
3 955 1038 934 
3 1143 1038 1058 
3 797 715 815 
3 1438 1353 1454 
3 1331 1353 1438 
3 1313 1331 1415 
3 1292 1313 1397 
3 1273 1292 1375 
3 1509 1542 1613 
3 1650 1542 1574 
3 1509 1587 1478 
3 1478 1561 1454 
3 1363 1260 1273 
3 1248 1260 1346 
3 1248 1335 1231 
3 1319 1218 1231 
3 1505 1615 1574 
3 1552 1505 1440 
3 1202 1218 1305 
3 1180 1202 1284 
3 1180 1262 1160 
3 1247 1143 1160 
3 1488 1552 1440 
3 82 106 115 
3 112 115 113 
3 112 83 97 
3 97 93 138 
3 241 138 171 
3 46 40 82 
3 273 373 241 
3 481 373 398 
3 35 9 8 
3 8 5 12 
3 14 18 12 
3 18 27 29 
3 29 40 46 
3 578 481 494 
3 176 182 35 
3 589 607 685 
3 675 578 589 
3 685 607 700 
3 797 700 715 
3 289 290 176 
3 289 419 414 
3 532 521 419 
3 917 910 817 
3 722 824 817 
3 731 722 629 
3 532 634 629 
3 1488 1430 1536 
3 1570 1668 1641 
3 1668 1775 1745 
3 1570 1641 1536 
3 1775 1881 1848 
3 1955 1881 1983 
3 2153 2215 2276 
3 2335 2215 2275 
3 2107 2153 2213 
3 2170 2053 2107 
3 2053 2130 2016 
3 2331 2393 2275 
3 2481 2546 2430 
3 2379 2430 2499 
3 2379 2443 2331 
3 2546 2481 2621 
3 2621 2756 2830 
3 2016 2081 1983 
3 2865 2933 2929 
3 2751 2671 2694 
3 2777 2717 2751 
3 2694 2634 2653 
3 2744 2777 2791 
3 2812 2768 2791 
3 2796 2812 2838 
3 2602 2630 2653 
3 2888 2834 2838 
3 2888 2915 2877 
3 2959 2922 2915 
3 2630 2575 2624 
3 2578 2636 2624 
3 2636 2593 2656 
3 2616 2687 2656 
3 2933 2903 2957 
3 2959 2957 2922 
3 2687 2638 2730 
3 2730 2665 2772 
3 2713 2806 2772 
3 2830 2756 2929 
3 1888 1892 1987 
3 1794 1799 1892 
3 1982 1987 2083 
3 2083 2187 2077 
3 1711 1799 1703 
3 1612 1627 1711 
3 2183 2187 2280 
3 1543 1627 1529 
3 2274 2280 2376 
3 1543 1441 1453 
3 1261 1357 1345 
3 1441 1357 1453 
3 1181 1261 1169 
3 2466 2367 2376 
3 2455 2466 2554 
3 1089 1097 1181 
3 2542 2554 2647 
3 2627 2647 2752 
3 1009 1097 998 
3 2713 2752 2806 
3 917 1009 910 
3 896 815 913 
3 1018 913 934 
3 1038 1018 934 
3 1143 1122 1038 
3 896 797 815 
3 1540 1438 1454 
3 1331 1438 1415 
3 1313 1415 1397 
3 1292 1397 1375 
3 1363 1273 1375 
3 1542 1650 1613 
3 1587 1509 1613 
3 1650 1574 1683 
3 1587 1561 1478 
3 1561 1540 1454 
3 1260 1363 1346 
3 1335 1248 1346 
3 1335 1319 1231 
3 1218 1319 1305 
3 1574 1615 1683 
3 1505 1552 1615 
3 1284 1202 1305 
3 1262 1180 1284 
3 1262 1247 1160 
3 1227 1143 1247 
3 1552 1488 1597 
3 90 82 115 
3 112 114 115 
3 118 112 97 
3 132 97 138 
3 210 138 241 
3 46 82 90 
3 373 346 241 
3 373 481 462 
3 58 35 8 
3 24 8 12 
3 18 22 12 
3 25 18 29 
3 29 46 31 
3 568 481 578 
3 58 176 35 
3 675 589 685 
3 578 675 666 
3 779 685 700 
3 779 700 797 
3 289 176 174 
3 289 304 419 
3 434 532 419 
3 824 917 817 
3 731 824 722 
3 634 731 629 
3 634 532 542 
3 1597 1488 1536 
3 1641 1668 1745 
3 1775 1848 1745 
3 1641 1597 1536 
3 1881 1955 1848 
3 1955 1983 2062 
3 2215 2335 2276 
3 2153 2276 2213 
3 2393 2335 2275 
3 2170 2107 2213 
3 2130 2053 2170 
3 2016 2130 2081 
3 2443 2393 2331 
3 2430 2546 2499 
3 2379 2499 2443 
3 2689 2546 2621 
3 2689 2621 2830 
3 1983 2081 2062 
3 2929 2933 2965 
3 2754 2751 2694 
3 2777 2751 2787 
3 2694 2653 2703 
3 2777 2801 2791 
3 2812 2791 2820 
3 2812 2836 2838 
3 2630 2667 2653 
3 2864 2888 2838 
3 2888 2937 2915 
3 2937 2959 2915 
3 2630 2624 2661 
3 2636 2664 2624 
3 2636 2656 2686 
3 2687 2727 2656 
3 2965 2933 2957 
3 2974 2957 2959 
3 2687 2730 2764 
3 2804 2730 2772 
3 2806 2837 2772 
3 2945 2830 2929 
3 1892 1992 1987 
3 1799 1900 1892 
3 1987 2090 2083 
3 2187 2083 2190 
3 1711 1809 1799 
3 1627 1723 1711 
3 2187 2284 2280 
3 1543 1642 1627 
3 2280 2381 2376 
3 1556 1543 1453 
3 1261 1275 1357 
3 1357 1369 1453 
3 1275 1261 1181 
3 2472 2466 2376 
3 2466 2566 2554 
3 1097 1196 1181 
3 2554 2670 2647 
3 2647 2766 2752 
3 1009 1109 1097 
3 2806 2752 2831 
3 1022 1009 917 
3 999 896 913 
3 999 913 1018 
3 1122 1018 1038 
3 1227 1122 1143 
3 896 881 797 
3 1438 1540 1521 
3 1415 1438 1521 
3 1397 1415 1500 
3 1375 1397 1479 
3 1462 1363 1375 
3 1613 1650 1716 
3 1688 1587 1613 
3 1650 1683 1754 
3 1561 1587 1663 
3 1561 1648 1540 
3 1363 1449 1346 
3 1435 1335 1346 
3 1319 1335 1422 
3 1319 1410 1305 
3 1615 1725 1683 
3 1552 1659 1615 
3 1391 1284 1305 
3 1262 1284 1367 
3 1262 1350 1247 
3 1227 1247 1329 
3 1552 1597 1659 
3 114 90 115 
3 114 112 118 
3 132 118 97 
3 132 138 210 
3 346 210 241 
3 50 46 90 
3 346 373 462 
3 481 568 462 
3 24 58 8 
3 22 24 12 
3 22 18 25 
3 25 29 31 
3 31 46 50 
3 568 578 666 
3 176 58 174 
3 773 675 685 
3 675 763 666 
3 773 685 779 
3 881 779 797 
3 304 289 174 
3 304 434 419 
3 542 532 434 
3 824 931 917 
3 838 824 731 
3 731 634 744 
3 634 542 649 
3 1704 1641 1745 
3 1848 1810 1745 
3 1597 1641 1704 
3 1955 1920 1848 
3 2030 1955 2062 
3 2335 2396 2276 
3 2276 2332 2213 
3 2454 2335 2393 
3 2270 2170 2213 
3 2130 2170 2264 
3 2130 2180 2081 
3 2393 2443 2517 
3 2499 2546 2623 
3 2443 2499 2563 
3 2546 2689 2623 
3 2689 2830 2868 
3 2081 2161 2062 
3 2945 2929 2965 
3 2787 2751 2754 
3 2754 2694 2703 
3 2801 2777 2787 
3 2653 2667 2703 
3 2791 2801 2820 
3 2836 2812 2820 
3 2836 2864 2838 
3 2667 2630 2661 
3 2888 2864 2897 
3 2937 2888 2897 
3 2964 2959 2937 
3 2624 2664 2661 
3 2664 2636 2686 
3 2656 2727 2686 
3 2687 2764 2727 
3 2965 2957 2974 
3 2964 2974 2959 
3 2764 2730 2804 
3 2837 2804 2772 
3 2806 2854 2837 
3 2830 2945 2868 
3 1992 2090 1987 
3 1892 1900 1992 
3 1799 1809 1900 
3 2083 2090 2190 
3 2284 2187 2190 
3 1711 1723 1809 
3 1627 1642 1723 
3 2280 2284 2381 
3 1543 1556 1642 
3 2381 2472 2376 
3 1467 1556 1453 
3 1275 1369 1357 
3 1369 1467 1453 
3 1196 1275 1181 
3 2472 2566 2466 
3 2554 2566 2670 
3 1109 1196 1097 
3 2670 2766 2647 
3 2752 2766 2831 
3 1022 1109 1009 
3 2854 2806 2831 
3 931 1022 917 
3 896 999 980 
3 1104 999 1018 
3 1104 1018 1122 
3 1227 1208 1122 
3 881 896 980 
3 1540 1624 1521 
3 1500 1415 1521 
3 1397 1500 1479 
3 1462 1375 1479 
3 1449 1363 1462 
3 1650 1754 1716 
3 1688 1613 1716 
3 1587 1688 1663 
3 1683 1793 1754 
3 1648 1561 1663 
3 1540 1648 1624 
3 1449 1435 1346 
3 1422 1335 1435 
3 1319 1422 1410 
3 1410 1391 1305 
3 1725 1793 1683 
3 1615 1659 1725 
3 1284 1391 1367 
3 1350 1262 1367 
3 1247 1350 1329 
3 1314 1227 1329 
3 1597 1704 1659 
3 90 114 96 
3 114 118 121 
3 134 118 132 
3 206 132 210 
3 332 210 346 
3 50 90 96 
3 450 346 462 
3 568 551 462 
3 100 58 24 
3 24 22 51 
3 41 22 25 
3 42 25 31 
3 47 31 50 
3 657 568 666 
3 58 100 174 
3 763 675 773 
3 763 758 666 
3 773 779 865 
3 865 779 881 
3 195 304 174 
3 325 434 304 
3 445 542 434 
3 838 931 824 
3 838 731 744 
3 744 634 649 
3 649 542 556 
3 1810 1704 1745 
3 1920 1810 1848 
3 1955 2030 1920 
3 2127 2030 2062 
3 2276 2396 2332 
3 2335 2454 2396 
3 2332 2270 2213 
3 2454 2393 2517 
3 2170 2270 2264 
3 2180 2130 2264 
3 2081 2180 2161 
3 2517 2443 2563 
3 2499 2623 2563 
3 2689 2793 2623 
3 2793 2689 2868 
3 2161 2127 2062 
3 2973 2945 2965 
3 2787 2754 2779 
3 2754 2703 2746 
3 2798 2801 2787 
3 2667 2705 2703 
3 2820 2801 2819 
3 2822 2836 2820 
3 2864 2836 2833 
3 2667 2661 2685 
3 2864 2842 2897 
3 2925 2937 2897 
3 2964 2937 2925 
3 2661 2664 2690 
3 2708 2664 2686 
3 2727 2747 2686 
3 2727 2764 2783 
3 2973 2965 2974 
3 2964 2972 2974 
3 2764 2804 2821 
3 2804 2837 2847 
3 2837 2854 2874 
3 2945 2940 2868 
3 1992 2100 2090 
3 1900 2000 1992 
3 1900 1809 1905 
3 2090 2194 2190 
3 2287 2284 2190 
3 1723 1823 1809 
3 1642 1742 1723 
3 2284 2384 2381 
3 1642 1556 1653 
3 2475 2472 2381 
3 1556 1467 1567 
3 1275 1291 1369 
3 1389 1467 1369 
3 1291 1275 1196 
3 2566 2472 2582 
3 2670 2566 2691 
3 1207 1196 1109 
3 2670 2794 2766 
3 2766 2839 2831 
3 1109 1022 1121 
3 2858 2854 2831 
3 1022 931 1034 
3 980 999 1090 
3 999 1104 1090 
3 1208 1104 1122 
3 1208 1227 1314 
3 967 881 980 
3 1521 1624 1601 
3 1500 1521 1601 
3 1500 1582 1479 
3 1563 1462 1479 
3 1449 1462 1549 
3 1754 1827 1716 
3 1796 1688 1716 
3 1663 1688 1772 
3 1793 1860 1754 
3 1648 1663 1748 
3 1624 1648 1734 
3 1435 1449 1534 
3 1422 1435 1524 
3 1410 1422 1512 
3 1391 1410 1501 
3 1793 1725 1839 
3 1725 1659 1767 
3 1367 1391 1483 
3 1452 1350 1367 
3 1329 1350 1437 
3 1416 1314 1329 
3 1659 1704 1767 
3 96 114 121 
3 118 134 121 
3 206 134 132 
3 332 206 210 
3 450 332 346 
3 68 50 96 
3 551 450 462 
3 657 551 568 
3 100 24 51 
3 22 41 51 
3 42 41 25 
3 47 42 31 
3 68 47 50 
3 758 657 666 
3 100 195 174 
3 763 773 862 
3 855 758 763 
3 773 865 862 
3 865 881 967 
3 325 304 195 
3 445 434 325 
3 542 445 556 
3 941 931 838 
3 849 838 744 
3 756 744 649 
3 649 556 664 
3 1704 1810 1767 
3 1810 1920 1876 
3 1920 2030 1976 
3 2030 2127 2079 
3 2396 2449 2332 
3 2396 2454 2524 
3 2374 2270 2332 
3 2454 2517 2588 
3 2270 2374 2264 
3 2180 2264 2253 
3 2161 2180 2253 
3 2659 2517 2563 
3 2623 2741 2563 
3 2793 2741 2623 
3 2940 2793 2868 
3 2127 2161 2224 
3 2940 2945 2973 
3 2754 2746 2779 
3 2798 2787 2779 
3 2703 2705 2746 
3 2801 2798 2819 
3 2705 2667 2685 
3 2822 2820 2819 
3 2833 2836 2822 
3 2842 2864 2833 
3 2685 2661 2690 
3 2842 2863 2897 
3 2863 2925 2897 
3 2947 2964 2925 
3 2664 2708 2690 
3 2747 2708 2686 
3 2727 2783 2747 
3 2783 2764 2821 
3 2972 2973 2974 
3 2972 2964 2947 
3 2821 2804 2847 
3 2837 2874 2847 
3 2854 2878 2874 
3 2090 2100 2194 
3 1992 2000 2100 
3 2000 1900 1905 
3 1809 1823 1905 
3 2194 2287 2190 
3 2284 2287 2384 
3 1723 1742 1823 
3 1642 1653 1742 
3 2384 2475 2381 
3 1653 1556 1567 
3 2472 2475 2582 
3 1467 1490 1567 
3 1291 1389 1369 
3 1467 1389 1490 
3 1207 1291 1196 
3 2566 2582 2691 
3 2794 2670 2691 
3 1207 1109 1121 
3 2766 2794 2839 
3 2839 2858 2831 
3 1121 1022 1034 
3 2854 2858 2878 
3 931 941 1034 
3 1068 980 1090 
3 1090 1104 1194 
3 1104 1208 1194 
3 1296 1208 1314 
3 1068 967 980 
3 1601 1624 1709 
3 1500 1601 1582 
3 1582 1563 1479 
3 1462 1563 1549 
3 1449 1549 1534 
3 1827 1796 1716 
3 1860 1827 1754 
3 1688 1796 1772 
3 1663 1772 1748 
3 1860 1793 1896 
3 1734 1648 1748 
3 1624 1734 1709 
3 1435 1534 1524 
3 1512 1422 1524 
3 1501 1410 1512 
3 1391 1501 1483 
3 1725 1767 1839 
3 1793 1839 1896 
3 1452 1367 1483 
3 1350 1452 1437 
3 1416 1329 1437 
3 1398 1314 1416 
3 105 96 121 
3 134 133 121 
3 193 134 206 
3 206 332 320 
3 441 332 450 
3 105 68 96 
3 545 450 551 
3 648 551 657 
3 136 100 51 
3 41 109 51 
3 86 41 42 
3 81 42 47 
3 77 47 68 
3 747 657 758 
3 195 100 136 
3 855 763 862 
3 758 855 846 
3 865 959 862 
3 959 865 967 
3 208 325 195 
3 445 325 343 
3 445 461 556 
3 849 941 838 
3 849 744 756 
3 756 649 664 
3 556 575 664 
3 1810 1876 1767 
3 1920 1976 1876 
3 1976 2030 2079 
3 2127 2184 2079 
3 2449 2374 2332 
3 2396 2524 2449 
3 2454 2588 2524 
3 2517 2659 2588 
3 2264 2374 2351 
3 2264 2351 2253 
3 2224 2161 2253 
3 2741 2659 2563 
3 2741 2793 2920 
3 2793 2940 2920 
3 2127 2224 2184 
3 2940 2973 2970 
3 2779 2746 2757 
3 2780 2798 2779 
3 2746 2705 2723 
3 2798 2792 2819 
3 2705 2685 2707 
3 2800 2822 2819 
3 2833 2822 2799 
3 2842 2833 2802 
3 2711 2685 2690 
3 2863 2842 2805 
3 2863 2883 2925 
3 2883 2947 2925 
3 2690 2708 2721 
3 2708 2747 2753 
3 2747 2783 2786 
3 2824 2783 2821 
3 2973 2972 2970 
3 2956 2972 2947 
3 2853 2821 2847 
3 2874 2884 2847 
3 2874 2878 2898 
3 2194 2100 2200 
3 2000 2108 2100 
3 2000 1905 2014 
3 1823 1926 1905 
3 2194 2288 2287 
3 2287 2386 2384 
3 1742 1842 1823 
3 1653 1752 1742 
3 2480 2475 2384 
3 1669 1653 1567 
3 2475 2589 2582 
3 1490 1589 1567 
3 1389 1291 1306 
3 1389 1407 1490 
3 1291 1207 1306 
3 2582 2702 2691 
3 2810 2794 2691 
3 1207 1121 1221 
3 2794 2852 2839 
3 2839 2859 2858 
3 1138 1121 1034 
3 2878 2858 2870 
3 1034 941 1047 
3 1176 1068 1090 
3 1176 1090 1194 
3 1208 1296 1194 
3 1398 1296 1314 
3 1060 967 1068 
3 1601 1709 1680 
3 1582 1601 1680 
3 1563 1582 1662 
3 1549 1563 1649 
3 1549 1634 1534 
3 1827 1898 1796 
3 1827 1860 1925 
3 1796 1878 1772 
3 1772 1852 1748 
3 1958 1860 1896 
3 1841 1734 1748 
3 1709 1734 1822 
3 1524 1534 1623 
3 1614 1512 1524 
3 1501 1512 1607 
3 1501 1609 1483 
3 1767 1876 1839 
3 1839 1943 1896 
3 1545 1452 1483 
3 1452 1537 1437 
3 1522 1416 1437 
3 1497 1398 1416 
3 133 105 121 
3 134 193 133 
3 193 206 320 
3 332 441 320 
3 545 441 450 
3 98 68 105 
3 648 545 551 
3 747 648 657 
3 109 136 51 
3 41 86 109 
3 86 42 81 
3 77 81 47 
3 98 77 68 
3 747 758 846 
3 208 195 136 
3 952 855 862 
3 855 947 846 
3 959 952 862 
3 1060 959 967 
3 325 208 343 
3 461 445 343 
3 461 575 556 
3 849 956 941 
3 863 849 756 
3 772 756 664 
3 664 575 681 
3 1876 1976 1943 
3 1976 2079 2041 
3 2079 2184 2134 
3 2374 2449 2461 
3 2449 2524 2557 
3 2524 2588 2657 
3 2588 2659 2765 
3 2374 2461 2351 
3 2351 2317 2253 
3 2317 2224 2253 
3 2659 2741 2835 
3 2741 2920 2835 
3 2920 2940 2970 
3 2184 2224 2269 
3 2757 2746 2723 
3 2780 2779 2757 
3 2792 2798 2780 
3 2705 2707 2723 
3 2792 2800 2819 
3 2685 2711 2707 
3 2799 2822 2800 
3 2833 2799 2802 
3 2805 2842 2802 
3 2711 2690 2721 
3 2809 2863 2805 
3 2883 2863 2809 
3 2896 2947 2883 
3 2708 2753 2721 
3 2747 2786 2753 
3 2783 2824 2786 
3 2853 2824 2821 
3 2972 2956 2970 
3 2956 2947 2896 
3 2884 2853 2847 
3 2874 2898 2884 
3 2878 2887 2898 
3 2100 2108 2200 
3 2288 2194 2200 
3 2108 2000 2014 
3 1905 1926 2014 
3 1823 1842 1926 
3 2287 2288 2386 
3 2386 2480 2384 
3 1742 1752 1842 
3 1669 1752 1653 
3 2475 2480 2589 
3 1589 1669 1567 
3 2582 2589 2702 
3 1506 1589 1490 
3 1389 1306 1407 
3 1407 1506 1490 
3 1306 1207 1221 
3 2702 2810 2691 
3 2794 2810 2852 
3 1221 1121 1138 
3 2839 2852 2859 
3 2858 2859 2870 
3 1138 1034 1047 
3 2878 2870 2887 
3 941 956 1047 
3 1162 1068 1176 
3 1278 1176 1194 
3 1296 1278 1194 
3 1379 1296 1398 
3 1162 1060 1068 
3 1680 1709 1785 
3 1662 1582 1680 
3 1563 1662 1649 
3 1549 1649 1634 
3 1534 1634 1623 
3 1796 1898 1878 
3 1898 1827 1925 
3 1860 1958 1925 
3 1878 1852 1772 
3 1852 1841 1748 
3 1993 1958 1896 
3 1734 1841 1822 
3 1785 1709 1822 
3 1614 1524 1623 
3 1607 1512 1614 
3 1609 1501 1607 
3 1483 1609 1629 
3 1876 1943 1839 
3 1943 1993 1896 
3 1537 1452 1545 
3 1545 1483 1629 
3 1537 1522 1437 
3 1522 1497 1416 
3 1474 1398 1497 
3 126 105 133 
3 193 183 133 
3 299 193 320 
3 441 429 320 
3 441 545 535 
3 126 98 105 
3 545 648 636 
3 739 648 747 
3 135 136 109 
3 86 75 109 
3 55 86 81 
3 77 65 81 
3 91 77 98 
3 840 747 846 
3 135 208 136 
3 947 855 952 
3 947 938 846 
3 1051 952 959 
3 1051 959 1060 
3 208 225 343 
3 366 461 343 
3 575 461 484 
3 956 849 863 
3 772 863 756 
3 772 664 681 
3 575 596 681 
3 1976 2041 1943 
3 2041 2079 2134 
3 2184 2236 2134 
3 2461 2449 2557 
3 2524 2657 2557 
3 2588 2765 2657 
3 2765 2659 2835 
3 2461 2410 2351 
3 2410 2317 2351 
3 2224 2317 2269 
3 2835 2920 2942 
3 2920 2970 2942 
3 2236 2184 2269 
3 2757 2723 2720 
3 2743 2780 2757 
3 2792 2780 2759 
3 2707 2697 2723 
3 2800 2792 2767 
3 2707 2711 2698 
3 2799 2800 2771 
3 2799 2760 2802 
3 2758 2805 2802 
3 2714 2711 2721 
3 2748 2809 2805 
3 2815 2883 2809 
3 2896 2883 2815 
3 2753 2739 2721 
3 2786 2775 2753 
3 2786 2824 2811 
3 2824 2853 2845 
3 2970 2956 2942 
3 2892 2956 2896 
3 2853 2884 2881 
3 2884 2898 2900 
3 2898 2887 2907 
3 2108 2207 2200 
3 2295 2288 2200 
3 2116 2108 2014 
3 1926 2025 2014 
3 1842 1942 1926 
3 2386 2288 2391 
3 2386 2482 2480 
3 1752 1850 1842 
3 1752 1669 1768 
3 2480 2595 2589 
3 1589 1686 1669 
3 2589 2716 2702 
3 1506 1605 1589 
3 1306 1322 1407 
3 1425 1506 1407 
3 1306 1221 1322 
3 2702 2803 2810 
3 2810 2841 2852 
3 1221 1138 1238 
3 2852 2862 2859 
3 2859 2867 2870 
3 1151 1138 1047 
3 2870 2882 2887 
3 1047 956 1065 
3 1265 1162 1176 
3 1265 1176 1278 
3 1296 1379 1278 
3 1474 1379 1398 
3 1150 1060 1162 
3 1753 1680 1785 
3 1753 1662 1680 
3 1649 1662 1744 
3 1634 1649 1735 
3 1623 1634 1722 
3 1980 1878 1898 
3 1980 1898 1925 
3 1958 2017 1925 
3 1852 1878 1951 
3 1841 1852 1939 
3 1958 1993 2046 
3 1822 1841 1922 
3 1785 1822 1838 
3 1614 1623 1715 
3 1607 1614 1712 
3 1609 1607 1714 
3 1609 1720 1629 
3 2041 1993 1943 
3 1633 1537 1545 
3 1633 1545 1629 
3 1522 1537 1635 
3 1637 1497 1522 
3 1474 1497 1555 
3 183 126 133 
3 183 193 299 
3 429 299 320 
3 429 441 535 
3 535 545 636 
3 126 124 98 
3 648 739 636 
3 739 747 840 
3 75 135 109 
3 75 86 55 
3 65 55 81 
3 65 77 91 
3 124 91 98 
3 938 840 846 
3 225 208 135 
3 1046 947 952 
3 1037 938 947 
3 1046 952 1051 
3 1150 1051 1060 
3 225 366 343 
3 461 366 484 
3 575 484 596 
3 956 863 979 
3 863 772 892 
3 790 772 681 
3 596 702 681 
3 2099 2041 2134 
3 2236 2192 2134 
3 2535 2461 2557 
3 2557 2657 2643 
3 2657 2765 2773 
3 2765 2835 2856 
3 2461 2508 2410 
3 2317 2410 2354 
3 2317 2354 2269 
3 2835 2942 2856 
3 2236 2269 2312 
3 2723 2697 2720 
3 2743 2757 2720 
3 2780 2743 2759 
3 2767 2792 2759 
3 2697 2707 2698 
3 2771 2800 2767 
3 2711 2714 2698 
3 2799 2771 2760 
3 2760 2758 2802 
3 2758 2748 2805 
3 2739 2714 2721 
3 2748 2738 2809 
3 2738 2815 2809 
3 2813 2896 2815 
3 2753 2775 2739 
3 2775 2786 2811 
3 2811 2824 2845 
3 2853 2881 2845 
3 2956 2892 2942 
3 2892 2896 2813 
3 2884 2900 2881 
3 2898 2907 2900 
3 2887 2905 2907 
3 2207 2295 2200 
3 2108 2116 2207 
3 2288 2295 2391 
3 2025 2116 2014 
3 1926 1942 2025 
3 1842 1850 1942 
3 2482 2386 2391 
3 2480 2482 2595 
3 1752 1768 1850 
3 1669 1686 1768 
3 2589 2595 2716 
3 1589 1605 1686 
3 2702 2716 2803 
3 1506 1526 1605 
3 1322 1425 1407 
3 1526 1506 1425 
3 1322 1221 1238 
3 2810 2803 2841 
3 2852 2841 2862 
3 1238 1138 1151 
3 2859 2862 2867 
3 2867 2882 2870 
3 1151 1047 1065 
3 2882 2905 2887 
3 1065 956 979 
3 1252 1162 1265 
3 1365 1265 1278 
3 1379 1365 1278 
3 1474 1463 1379 
3 1252 1150 1162 
3 1753 1785 1838 
3 1662 1753 1744 
3 1649 1744 1735 
3 1634 1735 1722 
3 1715 1623 1722 
3 1878 1980 1951 
3 2017 1980 1925 
3 2017 1958 2046 
3 1852 1951 1939 
3 1841 1939 1922 
3 1993 2099 2046 
3 1914 1822 1922 
3 1822 1914 1838 
3 1614 1715 1712 
3 1714 1607 1712 
3 1720 1609 1714 
3 1720 1728 1629 
3 2099 1993 2041 
3 1537 1633 1635 
3 1728 1633 1629 
3 1637 1522 1635 
3 1555 1497 1637 
3 1558 1474 1555 
3 170 126 183 
3 272 183 299 
3 411 299 429 
3 524 429 535 
3 627 535 636 
3 124 126 170 
3 739 727 636 
3 831 739 840 
3 145 135 75 
3 62 75 55 
3 69 55 65 
3 111 65 91 
3 91 124 140 
3 938 929 840 
3 225 135 145 
3 1046 1037 947 
3 1029 938 1037 
3 1046 1051 1145 
3 1145 1051 1150 
3 366 225 260 
3 484 366 407 
3 596 484 525 
3 979 863 892 
3 772 790 892 
3 702 790 681 
3 702 596 630 
3 2192 2099 2134 
3 2192 2236 2281 
3 2461 2535 2508 
3 2535 2557 2643 
3 2657 2773 2643 
3 2773 2765 2856 
3 2410 2508 2446 
3 2354 2410 2446 
3 2269 2354 2312 
3 2942 2892 2856 
3 2339 2236 2312 
3 2697 2672 2720 
3 2684 2743 2720 
3 2743 2696 2759 
3 2715 2767 2759 
3 2697 2698 2669 
3 2771 2767 2718 
3 2698 2714 2676 
3 2760 2771 2704 
3 2682 2758 2760 
3 2748 2758 2668 
3 2714 2739 2701 
3 2738 2748 2654 
3 2738 2728 2815 
3 2728 2813 2815 
3 2739 2775 2745 
3 2784 2775 2811 
3 2827 2811 2845 
3 2845 2881 2861 
3 2790 2892 2813 
3 2900 2890 2881 
3 2907 2909 2900 
3 2905 2912 2907 
3 2207 2306 2295 
3 2116 2210 2207 
3 2295 2401 2391 
3 2025 2126 2116 
3 1942 2040 2025 
3 1850 1950 1942 
3 2486 2482 2391 
3 2595 2482 2590 
3 1768 1869 1850 
3 1686 1790 1768 
3 2716 2595 2722 
3 1686 1605 1707 
3 2803 2716 2817 
3 1526 1626 1605 
3 1322 1341 1425 
3 1442 1526 1425 
3 1322 1238 1341 
3 2841 2803 2846 
3 2841 2866 2862 
3 1238 1151 1256 
3 2862 2871 2867 
3 2879 2882 2867 
3 1171 1151 1065 
3 2882 2895 2905 
3 1094 1065 979 
3 1354 1252 1265 
3 1354 1265 1365 
3 1463 1365 1379 
3 1463 1474 1558 
3 1242 1150 1252 
3 1753 1838 1836 
3 1744 1753 1836 
3 1735 1744 1828 
3 1722 1735 1821 
3 1816 1715 1722 
3 1980 2054 1951 
3 1980 2017 2075 
3 2017 2046 2092 
3 1951 2027 1939 
3 1939 2013 1922 
3 2099 2137 2046 
3 2008 1914 1922 
3 1914 1918 1838 
3 1712 1715 1815 
3 1814 1714 1712 
3 1817 1720 1714 
3 1728 1720 1825 
3 1635 1633 1732 
3 1732 1633 1728 
3 1739 1637 1635 
3 1555 1637 1645 
3 1558 1555 1645 
3 272 170 183 
3 411 272 299 
3 524 411 429 
3 627 524 535 
3 727 627 636 
3 137 124 170 
3 831 727 739 
3 929 831 840 
3 145 75 62 
3 62 55 69 
3 69 65 111 
3 111 91 140 
3 140 124 137 
3 1029 929 938 
3 260 225 145 
3 1037 1046 1136 
3 1029 1037 1128 
3 1046 1145 1136 
3 1242 1145 1150 
3 366 260 407 
3 525 484 407 
3 630 596 525 
3 1008 979 892 
3 790 918 892 
3 790 702 806 
3 702 630 725 
3 2099 2192 2137 
3 2236 2339 2281 
3 2228 2192 2281 
3 2508 2535 2594 
3 2535 2643 2594 
3 2773 2699 2643 
3 2790 2773 2856 
3 2508 2532 2446 
3 2392 2354 2446 
3 2354 2392 2312 
3 2892 2790 2856 
3 2392 2339 2312 
3 2672 2684 2720 
3 2672 2697 2669 
3 2696 2743 2684 
3 2696 2715 2759 
3 2767 2715 2718 
3 2669 2698 2676 
3 2704 2771 2718 
3 2714 2701 2676 
3 2682 2760 2704 
3 2668 2758 2682 
3 2654 2748 2668 
3 2739 2745 2701 
3 2738 2654 2641 
3 2728 2738 2641 
3 2699 2813 2728 
3 2775 2784 2745 
3 2784 2811 2827 
3 2827 2845 2861 
3 2881 2890 2861 
3 2699 2790 2813 
3 2909 2890 2900 
3 2912 2909 2907 
3 2905 2911 2912 
3 2401 2295 2306 
3 2207 2210 2306 
3 2116 2126 2210 
3 2401 2486 2391 
3 2025 2040 2126 
3 1942 1950 2040 
3 1850 1869 1950 
3 2482 2486 2590 
3 2595 2590 2722 
3 1790 1869 1768 
3 1790 1686 1707 
3 2817 2716 2722 
3 1605 1626 1707 
3 2803 2817 2846 
3 1626 1526 1546 
3 1341 1442 1425 
3 1526 1442 1546 
3 1341 1238 1256 
3 2866 2841 2846 
3 2866 2871 2862 
3 1256 1151 1171 
3 2871 2879 2867 
3 2882 2879 2895 
3 1171 1065 1094 
3 2905 2895 2911 
3 1008 1094 979 
3 1343 1252 1354 
3 1451 1354 1365 
3 1451 1365 1463 
3 1550 1463 1558 
3 1343 1242 1252 
3 1838 1918 1836 
3 1828 1744 1836 
3 1735 1828 1821 
3 1816 1722 1821 
3 1715 1816 1815 
3 1951 2054 2027 
3 1980 2075 2054 
3 2075 2017 2092 
3 2046 2137 2092 
3 1939 2027 2013 
3 2013 2008 1922 
3 1914 2008 2002 
3 1918 1914 2002 
3 1814 1712 1815 
3 1817 1714 1814 
3 1720 1817 1825 
3 1831 1728 1825 
3 1739 1635 1732 
3 1831 1732 1728 
3 1739 1740 1637 
3 1637 1740 1645 
3 1644 1558 1645 
3 272 252 170 
3 395 272 411 
3 511 411 524 
3 616 524 627 
3 717 627 727 
3 252 137 170 
3 820 727 831 
3 915 831 929 
3 145 62 207 
3 189 62 69 
3 205 69 111 
3 251 111 140 
3 234 140 137 
3 1016 929 1029 
3 260 145 207 
3 1128 1037 1136 
3 1114 1029 1128 
3 1145 1232 1136 
3 1232 1145 1242 
3 407 260 353 
3 476 525 407 
3 580 630 525 
3 918 1008 892 
3 860 918 790 
3 806 702 725 
3 790 806 860 
3 630 651 725 
3 2137 2192 2228 
3 2339 2363 2281 
3 2315 2228 2281 
3 2508 2594 2532 
3 2643 2699 2594 
3 2699 2773 2790 
3 2446 2532 2469 
3 2392 2446 2469 
3 2339 2392 2420 
3 2684 2672 2640 
3 2639 2672 2669 
3 2696 2684 2644 
3 2715 2696 2648 
3 2718 2715 2649 
3 2669 2676 2646 
3 2704 2718 2642 
3 2701 2660 2676 
3 2682 2704 2631 
3 2668 2682 2617 
3 2654 2668 2597 
3 2701 2745 2683 
3 2654 2572 2641 
3 2622 2728 2641 
3 2699 2728 2622 
3 2745 2784 2735 
3 2785 2784 2827 
3 2829 2827 2861 
3 2890 2860 2861 
3 2890 2909 2893 
3 2910 2909 2912 
3 2911 2918 2912 
3 2401 2306 2313 
3 2306 2210 2313 
3 2126 2226 2210 
3 2486 2401 2489 
3 2040 2133 2126 
3 2040 1950 2052 
3 1950 1869 1971 
3 2486 2584 2590 
3 2590 2710 2722 
3 1869 1790 1890 
3 1808 1790 1707 
3 2826 2817 2722 
3 1707 1626 1730 
3 2817 2880 2846 
3 1651 1626 1546 
3 1442 1341 1360 
3 1546 1442 1459 
3 1360 1341 1256 
3 2886 2866 2846 
3 2866 2889 2871 
3 1274 1256 1171 
3 2879 2871 2891 
3 2879 2894 2895 
3 1198 1171 1094 
3 2895 2906 2911 
3 1008 1113 1094 
3 1343 1354 1443 
3 1443 1354 1451 
3 1550 1451 1463 
3 1644 1550 1558 
3 1242 1343 1334 
3 1836 1918 1917 
3 1828 1836 1917 
3 1821 1828 1911 
3 1908 1816 1821 
3 1816 1906 1815 
3 2054 2102 2027 
3 2075 2167 2054 
3 2179 2075 2092 
3 2137 2179 2092 
3 2027 2095 2013 
3 2013 2086 2008 
3 2008 2082 2002 
3 1918 2002 2003 
3 1907 1814 1815 
3 1910 1817 1814 
3 1817 1919 1825 
3 1932 1831 1825 
3 1833 1739 1732 
3 1833 1732 1831 
3 1740 1739 1834 
3 1740 1736 1645 
3 1736 1644 1645 
3 252 272 395 
3 395 411 511 
3 511 524 616 
3 616 627 717 
3 717 727 820 
3 252 234 137 
3 820 831 915 
3 1016 915 929 
3 62 189 207 
3 205 189 69 
3 251 205 111 
3 234 251 140 
3 1016 1029 1114 
3 353 260 207 
3 1223 1128 1136 
3 1215 1114 1128 
3 1232 1223 1136 
3 1232 1242 1334 
3 476 407 353 
3 476 580 525 
3 651 630 580 
3 1008 918 1033 
3 918 860 950 
3 814 806 725 
3 878 860 806 
3 651 737 725 
3 2137 2228 2179 
3 2363 2315 2281 
3 2339 2420 2363 
3 2228 2315 2259 
3 2594 2622 2532 
3 2594 2699 2622 
3 2532 2552 2469 
3 2392 2469 2420 
3 2672 2639 2640 
3 2644 2684 2640 
3 2639 2669 2646 
3 2648 2696 2644 
3 2715 2648 2649 
3 2642 2718 2649 
3 2676 2660 2646 
3 2704 2642 2631 
3 2701 2683 2660 
3 2617 2682 2631 
3 2597 2668 2617 
3 2572 2654 2597 
3 2745 2735 2683 
3 2572 2552 2641 
3 2552 2622 2641 
3 2784 2785 2735 
3 2785 2827 2829 
3 2860 2829 2861 
3 2890 2893 2860 
3 2909 2910 2893 
3 2918 2910 2912 
3 2923 2918 2911 
3 2406 2401 2313 
3 2210 2226 2313 
3 2126 2133 2226 
3 2401 2406 2489 
3 2584 2486 2489 
3 2040 2052 2133 
3 1950 1971 2052 
3 1869 1890 1971 
3 2584 2710 2590 
3 2710 2826 2722 
3 1790 1808 1890 
3 1808 1707 1730 
3 2826 2880 2817 
3 1626 1651 1730 
3 2880 2886 2846 
3 1651 1546 1564 
3 1442 1360 1459 
3 1546 1459 1564 
3 1360 1256 1274 
3 2866 2886 2889 
3 2871 2889 2891 
3 1274 1171 1198 
3 2894 2879 2891 
3 2894 2906 2895 
3 1113 1198 1094 
3 2906 2923 2911 
3 1113 1008 1033 
3 1434 1343 1443 
3 1443 1451 1544 
3 1451 1550 1544 
3 1550 1644 1639 
3 1343 1434 1334 
3 1918 2003 1917 
3 1828 1917 1911 
3 1908 1821 1911 
3 1906 1816 1908 
3 1906 1907 1815 
3 2027 2102 2095 
3 2054 2167 2102 
3 2179 2167 2075 
3 2013 2095 2086 
3 2008 2086 2082 
3 2002 2082 2080 
3 2002 2080 2003 
3 1910 1814 1907 
3 1919 1817 1910 
3 1919 1932 1825 
3 1932 1937 1831 
3 1834 1739 1833 
3 1937 1833 1831 
3 1740 1834 1832 
3 1736 1740 1832 
3 1644 1736 1733 
3 252 395 377 
3 488 395 511 
3 603 511 616 
3 706 616 717 
3 810 717 820 
3 234 252 377 
3 907 820 915 
3 1016 1001 915 
3 189 330 207 
3 339 189 205 
3 205 251 374 
3 251 234 349 
3 1016 1114 1103 
3 330 353 207 
3 1215 1128 1223 
3 1114 1215 1203 
3 1324 1223 1232 
3 1324 1232 1334 
3 452 476 353 
3 580 476 560 
3 651 580 560 
3 1033 918 950 
3 860 878 950 
3 814 878 806 
3 737 814 725 
3 737 651 654 
3 2228 2259 2179 
3 2315 2363 2387 
3 2420 2441 2363 
3 2259 2315 2337 
3 2622 2552 2532 
3 2469 2552 2502 
3 2469 2502 2420 
3 2639 2598 2640 
3 2591 2644 2640 
3 2639 2646 2605 
3 2580 2648 2644 
3 2648 2586 2649 
3 2579 2642 2649 
3 2660 2614 2646 
3 2642 2567 2631 
3 2660 2683 2635 
3 2553 2617 2631 
3 2597 2617 2539 
3 2572 2597 2523 
3 2735 2663 2683 
3 2552 2572 2502 
3 2735 2785 2725 
3 2785 2829 2781 
3 2829 2860 2818 
3 2860 2893 2844 
3 2893 2910 2885 
3 2910 2918 2913 
3 2918 2923 2935 
3 2327 2406 2313 
3 2226 2327 2313 
3 2226 2133 2243 
3 2406 2509 2489 
3 2584 2489 2571 
3 2133 2052 2158 
3 1971 2076 2052 
3 1971 1890 1998 
3 2584 2680 2710 
3 2826 2710 2825 
3 1890 1808 1929 
3 1835 1808 1730 
3 2826 2917 2880 
3 1651 1751 1730 
3 2886 2880 2931 
3 1673 1651 1564 
3 1360 1378 1459 
3 1459 1486 1564 
3 1378 1360 1274 
3 2889 2886 2926 
3 2889 2924 2891 
3 1274 1198 1301 
3 2927 2894 2891 
3 2906 2894 2919 
3 1219 1198 1113 
3 2906 2930 2923 
3 1113 1033 1139 
3 1434 1443 1532 
3 1532 1443 1544 
3 1544 1550 1639 
3 1639 1644 1733 
3 1434 1424 1334 
3 2003 2006 1917 
3 1917 2006 1911 
3 2005 1908 1911 
3 1906 1908 2004 
3 1906 2007 1907 
3 2102 2164 2095 
3 2102 2167 2164 
3 2167 2179 2206 
3 2095 2162 2086 
3 2086 2159 2082 
3 2082 2154 2080 
3 2080 2084 2003 
3 2012 1910 1907 
3 2018 1919 1910 
3 1932 1919 2023 
3 1937 1932 2031 
3 1935 1834 1833 
3 1935 1833 1937 
3 1834 1934 1832 
3 1830 1736 1832 
3 1733 1736 1830 
3 395 488 377 
3 488 511 603 
3 603 616 706 
3 810 706 717 
3 907 810 820 
3 349 234 377 
3 1001 907 915 
3 1001 1016 1103 
3 330 189 339 
3 339 205 374 
3 251 437 374 
3 437 251 349 
3 1103 1114 1203 
3 330 452 353 
3 1316 1215 1223 
3 1203 1215 1303 
3 1316 1223 1324 
3 1424 1324 1334 
3 476 452 560 
3 651 560 654 
3 1033 950 1057 
3 950 878 971 
3 905 878 814 
3 814 737 826 
3 749 737 654 
3 2179 2259 2206 
3 2363 2441 2387 
3 2315 2387 2337 
3 2502 2441 2420 
3 2279 2259 2337 
3 2598 2591 2640 
3 2598 2639 2605 
3 2591 2580 2644 
3 2646 2614 2605 
3 2586 2648 2580 
3 2586 2579 2649 
3 2567 2642 2579 
3 2614 2660 2635 
3 2567 2553 2631 
3 2683 2663 2635 
3 2617 2553 2539 
3 2523 2597 2539 
3 2502 2572 2523 
3 2663 2735 2725 
3 2785 2781 2725 
3 2781 2829 2818 
3 2860 2844 2818 
3 2893 2885 2844 
3 2910 2913 2885 
3 2918 2935 2913 
3 2923 2934 2935 
3 2422 2406 2327 
3 2226 2243 2327 
3 2133 2158 2243 
3 2489 2509 2571 
3 2406 2422 2509 
3 2584 2571 2680 
3 2052 2076 2158 
3 2076 1971 1998 
3 1890 1929 1998 
3 2710 2680 2825 
3 2917 2826 2825 
3 1929 1808 1835 
3 1751 1835 1730 
3 2880 2917 2931 
3 1751 1651 1673 
3 2886 2931 2926 
3 1592 1673 1564 
3 1378 1486 1459 
3 1486 1592 1564 
3 1378 1274 1301 
3 2924 2889 2926 
3 2924 2927 2891 
3 1198 1219 1301 
3 2894 2927 2919 
3 2906 2919 2930 
3 1219 1113 1139 
3 2923 2930 2934 
3 1139 1033 1057 
3 1523 1434 1532 
3 1632 1532 1544 
3 1632 1544 1639 
3 1729 1639 1733 
3 1424 1434 1523 
3 2084 2006 2003 
3 2006 2005 1911 
3 1908 2005 2004 
3 2007 1906 2004 
3 2007 2012 1907 
3 2095 2164 2162 
3 2164 2167 2227 
3 2167 2206 2227 
3 2162 2159 2086 
3 2082 2159 2154 
3 2080 2154 2157 
3 2080 2157 2084 
3 2018 1910 2012 
3 2023 1919 2018 
3 2031 1932 2023 
3 1937 2031 2021 
3 1935 1934 1834 
3 1935 1937 2021 
3 1934 1933 1832 
3 1933 1830 1832 
3 1826 1733 1830 
3 377 488 474 
3 488 603 583 
3 603 706 689 
3 706 810 794 
3 893 810 907 
3 349 377 474 
3 1001 991 907 
3 1092 1001 1103 
3 453 330 339 
3 478 339 374 
3 374 437 518 
3 437 349 474 
3 1187 1103 1203 
3 452 330 453 
3 1215 1316 1303 
3 1288 1203 1303 
3 1316 1324 1413 
3 1413 1324 1424 
3 452 557 560 
3 560 557 654 
3 950 971 1057 
3 878 905 971 
3 905 814 826 
3 826 737 749 
3 663 749 654 
3 2259 2279 2206 
3 2441 2464 2387 
3 2387 2414 2337 
3 2441 2502 2523 
3 2349 2279 2337 
3 2591 2598 2541 
3 2598 2605 2545 
3 2580 2591 2494 
3 2614 2550 2605 
3 2586 2580 2513 
3 2579 2586 2519 
3 2567 2579 2514 
3 2568 2614 2635 
3 2553 2567 2507 
3 2663 2610 2635 
3 2553 2479 2539 
3 2464 2523 2539 
3 2663 2725 2650 
3 2781 2706 2725 
3 2761 2781 2818 
3 2844 2795 2818 
3 2885 2832 2844 
3 2885 2913 2875 
3 2913 2935 2932 
3 2934 2938 2935 
3 2422 2327 2345 
3 2327 2243 2345 
3 2158 2267 2243 
3 2509 2628 2571 
3 2422 2448 2509 
3 2571 2628 2680 
3 2076 2191 2158 
3 2115 2076 1998 
3 1998 1929 2038 
3 2680 2788 2825 
3 2914 2917 2825 
3 1929 1835 1851 
3 1835 1751 1851 
3 2917 2949 2931 
3 1751 1673 1777 
3 2931 2951 2926 
3 1673 1592 1699 
3 1486 1378 1405 
3 1592 1486 1511 
3 1405 1378 1301 
3 2952 2924 2926 
3 2927 2924 2950 
3 1301 1219 1326 
3 2927 2948 2919 
3 2919 2943 2930 
3 1219 1139 1245 
3 2930 2944 2934 
3 1163 1139 1057 
3 1620 1523 1532 
3 1620 1532 1632 
3 1729 1632 1639 
3 1826 1729 1733 
3 1513 1424 1523 
3 2005 2006 2084 
3 2005 2087 2004 
3 2089 2007 2004 
3 2096 2012 2007 
3 2164 2231 2162 
3 2231 2164 2227 
3 2206 2279 2227 
3 2159 2162 2235 
3 2159 2232 2154 
3 2154 2234 2157 
3 2157 2165 2084 
3 2106 2018 2012 
3 2119 2023 2018 
3 2129 2031 2023 
3 2031 2110 2021 
3 2022 1934 1935 
3 2022 1935 2021 
3 2026 1933 1934 
3 1933 1931 1830 
3 1931 1826 1830 
3 474 488 583 
3 583 603 689 
3 689 706 794 
3 810 893 794 
3 991 893 907 
3 1001 1092 991 
3 1187 1092 1103 
3 453 339 478 
3 478 374 518 
3 518 437 559 
3 437 474 559 
3 1288 1187 1203 
3 557 452 453 
3 1303 1316 1401 
3 1390 1288 1303 
3 1316 1413 1401 
3 1413 1424 1513 
3 557 663 654 
3 1057 971 1082 
3 971 905 1003 
3 923 905 826 
3 826 749 850 
3 749 663 770 
3 2464 2414 2387 
3 2464 2441 2523 
3 2414 2349 2337 
3 2279 2349 2292 
3 2541 2598 2545 
3 2591 2541 2494 
3 2605 2550 2545 
3 2513 2580 2494 
3 2550 2614 2568 
3 2586 2513 2519 
3 2514 2579 2519 
3 2507 2567 2514 
3 2610 2568 2635 
3 2479 2553 2507 
3 2610 2663 2650 
3 2479 2464 2539 
3 2725 2706 2650 
3 2781 2761 2706 
3 2795 2761 2818 
3 2832 2795 2844 
3 2885 2875 2832 
3 2913 2932 2875 
3 2935 2938 2932 
3 2941 2938 2934 
3 2448 2422 2345 
3 2243 2267 2345 
3 2158 2191 2267 
3 2548 2628 2509 
3 2448 2548 2509 
3 2628 2788 2680 
3 2076 2115 2191 
3 2115 1998 2038 
3 1929 1957 2038 
3 2788 2914 2825 
3 2917 2914 2949 
3 1957 1929 1851 
3 1851 1751 1777 
3 2949 2951 2931 
3 1673 1699 1777 
3 2951 2952 2926 
3 1699 1592 1617 
3 1486 1405 1511 
3 1592 1511 1617 
3 1405 1301 1326 
3 2950 2924 2952 
3 2948 2927 2950 
3 1219 1245 1326 
3 2919 2948 2943 
3 2943 2944 2930 
3 1139 1163 1245 
3 2944 2941 2934 
3 1163 1057 1082 
3 1611 1523 1620 
3 1719 1620 1632 
3 1719 1632 1729 
3 1826 1819 1729 
3 1611 1513 1523 
3 2005 2084 2087 
3 2087 2089 2004 
3 2089 2096 2007 
3 2106 2012 2096 
3 2162 2231 2235 
3 2292 2231 2227 
3 2279 2292 2227 
3 2232 2159 2235 
3 2154 2232 2234 
3 2234 2233 2157 
3 2084 2165 2087 
3 2157 2233 2165 
3 2119 2018 2106 
3 2129 2023 2119 
3 2168 2031 2129 
3 2110 2114 2021 
3 2168 2110 2031 
3 2026 1934 2022 
3 2114 2022 2021 
3 2028 1933 2026 
3 1933 2028 1931 
3 1923 1826 1931 
3 559 474 583 
3 670 583 689 
3 774 689 794 
3 893 874 794 
3 970 893 991 
3 991 1092 1069 
3 1092 1187 1172 
3 571 453 478 
3 604 478 518 
3 641 518 559 
3 1187 1288 1271 
3 557 453 571 
3 1390 1303 1401 
3 1370 1288 1390 
3 1413 1502 1401 
3 1502 1413 1513 
3 663 557 571 
3 971 1003 1082 
3 1003 905 923 
3 923 826 850 
3 850 749 770 
3 770 663 686 
3 2464 2479 2414 
3 2349 2414 2427 
3 2292 2349 2364 
3 2487 2541 2545 
3 2541 2487 2494 
3 2550 2500 2545 
3 2433 2513 2494 
3 2550 2568 2511 
3 2519 2513 2439 
3 2442 2514 2519 
3 2507 2514 2436 
3 2568 2610 2533 
3 2479 2507 2427 
3 2570 2610 2650 
3 2650 2706 2633 
3 2706 2761 2679 
3 2761 2795 2736 
3 2795 2832 2774 
3 2832 2875 2807 
3 2932 2848 2875 
3 2938 2902 2932 
3 2938 2941 2928 
3 2375 2448 2345 
3 2267 2375 2345 
3 2267 2191 2299 
3 2628 2548 2692 
3 2448 2476 2548 
3 2788 2628 2692 
3 2191 2115 2223 
3 2115 2038 2141 
3 1957 2065 2038 
3 2914 2788 2851 
3 2949 2914 2953 
3 1887 1957 1851 
3 1887 1851 1777 
3 2949 2968 2951 
3 1699 1804 1777 
3 2951 2963 2952 
3 1699 1617 1731 
3 1511 1405 1431 
3 1617 1511 1541 
3 1431 1405 1326 
3 2966 2950 2952 
3 2967 2948 2950 
3 1245 1352 1326 
3 2948 2961 2943 
3 2943 2962 2944 
3 1245 1163 1267 
3 2941 2944 2958 
3 1163 1082 1190 
3 1713 1611 1620 
3 1719 1713 1620 
3 1819 1719 1729 
3 1826 1923 1819 
3 1611 1603 1513 
3 2172 2089 2087 
3 2176 2096 2089 
3 2188 2106 2096 
3 2231 2301 2235 
3 2231 2292 2301 
3 2303 2232 2235 
3 2232 2302 2234 
3 2298 2233 2234 
3 2165 2172 2087 
3 2233 2239 2165 
3 2201 2119 2106 
3 2129 2119 2218 
3 2250 2168 2129 
3 2114 2110 2196 
3 2110 2168 2196 
3 2122 2026 2022 
3 2122 2022 2114 
3 2124 2028 2026 
3 2028 2024 1931 
3 2024 1923 1931 
3 559 583 670 
3 774 670 689 
3 874 774 794 
3 893 970 874 
3 970 991 1069 
3 1069 1092 1172 
3 1172 1187 1271 
3 571 478 604 
3 641 604 518 
3 641 559 670 
3 1288 1370 1271 
3 1495 1390 1401 
3 1475 1370 1390 
3 1502 1495 1401 
3 1603 1502 1513 
3 663 571 686 
3 1003 1107 1082 
3 1003 923 1024 
3 937 923 850 
3 872 850 770 
3 770 686 802 
3 2414 2479 2427 
3 2349 2427 2364 
3 2292 2364 2301 
3 2500 2487 2545 
3 2494 2487 2426 
3 2550 2511 2500 
3 2513 2433 2439 
3 2433 2494 2426 
3 2511 2568 2533 
3 2442 2519 2439 
3 2436 2514 2442 
3 2507 2436 2427 
3 2610 2570 2533 
3 2570 2650 2633 
3 2706 2679 2633 
3 2761 2736 2679 
3 2795 2774 2736 
3 2774 2832 2807 
3 2875 2848 2807 
3 2932 2902 2848 
3 2938 2928 2902 
3 2941 2939 2928 
3 2476 2448 2375 
3 2267 2299 2375 
3 2191 2223 2299 
3 2548 2609 2692 
3 2548 2476 2609 
3 2788 2692 2851 
3 2115 2141 2223 
3 2038 2065 2141 
3 1957 1991 2065 
3 2914 2851 2953 
3 2968 2949 2953 
3 1957 1887 1991 
3 1804 1887 1777 
3 2968 2963 2951 
3 1804 1699 1731 
3 2963 2966 2952 
3 1731 1617 1652 
3 1511 1431 1541 
3 1652 1617 1541 
3 1352 1431 1326 
3 2966 2967 2950 
3 2948 2967 2961 
3 1352 1245 1267 
3 2961 2962 2943 
3 2944 2962 2958 
3 1267 1163 1190 
3 2939 2941 2958 
3 1082 1107 1190 
3 1706 1611 1713 
3 1813 1713 1719 
3 1813 1719 1819 
3 1923 1915 1819 
3 1611 1706 1603 
3 2172 2176 2089 
3 2176 2188 2096 
3 2201 2106 2188 
3 2301 2303 2235 
3 2232 2303 2302 
3 2302 2298 2234 
3 2300 2233 2298 
3 2239 2172 2165 
3 2233 2300 2239 
3 2119 2201 2218 
3 2250 2129 2218 
3 2168 2250 2277 
3 2209 2114 2196 
3 2196 2168 2277 
3 2122 2124 2026 
3 2122 2114 2209 
3 2125 2028 2124 
3 2024 2028 2125 
3 2020 1923 2024 
3 750 670 774 
3 856 774 874 
3 970 958 874 
3 1059 970 1069 
3 1156 1069 1172 
3 1258 1172 1271 
3 686 571 604 
3 604 641 719 
3 750 641 670 
3 1370 1361 1271 
3 1475 1390 1495 
3 1458 1370 1475 
3 1495 1502 1594 
3 1594 1502 1603 
3 1107 1003 1024 
3 1024 923 937 
3 951 937 850 
3 872 951 850 
3 872 770 802 
3 802 686 719 
3 2427 2436 2364 
3 2364 2371 2301 
3 2487 2500 2431 
3 2426 2487 2431 
3 2500 2511 2444 
3 2433 2366 2439 
3 2361 2433 2426 
3 2511 2533 2465 
3 2372 2442 2439 
3 2436 2442 2371 
3 2533 2570 2496 
3 2556 2570 2633 
3 2679 2615 2633 
3 2736 2655 2679 
3 2736 2774 2693 
3 2732 2774 2807 
3 2848 2762 2807 
3 2848 2902 2797 
3 2928 2828 2902 
3 2939 2849 2928 
3 2413 2476 2375 
3 2299 2413 2375 
3 2299 2223 2336 
3 2692 2609 2763 
3 2476 2527 2609 
3 2692 2763 2851 
3 2223 2141 2261 
3 2141 2065 2186 
3 2065 1991 2111 
3 2851 2921 2953 
3 2971 2968 2953 
3 1991 1887 1916 
3 1887 1804 1916 
3 2963 2968 2981 
3 1804 1731 1845 
3 2966 2963 2983 
3 1757 1731 1652 
3 1541 1431 1455 
3 1565 1652 1541 
3 1431 1352 1455 
3 2966 2984 2967 
3 2967 2982 2961 
3 1352 1267 1376 
3 2962 2961 2980 
3 2962 2977 2958 
3 1267 1190 1295 
3 2960 2939 2958 
3 1190 1107 1209 
3 1806 1706 1713 
3 1806 1713 1813 
3 1915 1813 1819 
3 2020 1915 1923 
3 1706 1694 1603 
3 2246 2176 2172 
3 2176 2260 2188 
3 2272 2201 2188 
3 2371 2303 2301 
3 2303 2372 2302 
3 2302 2366 2298 
3 2361 2300 2298 
3 2246 2172 2239 
3 2300 2310 2239 
3 2201 2290 2218 
3 2324 2250 2218 
3 2250 2353 2277 
3 2305 2209 2196 
3 2305 2196 2277 
3 2124 2122 2216 
3 2122 2209 2216 
3 2222 2125 2124 
3 2123 2024 2125 
3 2123 2020 2024 
3 856 750 774 
3 958 856 874 
3 970 1059 958 
3 1156 1059 1069 
3 1258 1156 1172 
3 1361 1258 1271 
3 686 604 719 
3 641 750 719 
3 1458 1361 1370 
3 1575 1475 1495 
3 1562 1458 1475 
3 1575 1495 1594 
3 1694 1594 1603 
3 1124 1107 1024 
3 1024 937 1036 
3 1036 937 951 
3 951 872 968 
3 872 802 908 
3 802 719 833 
3 2436 2371 2364 
3 2500 2444 2431 
3 2426 2431 2365 
3 2444 2511 2465 
3 2366 2372 2439 
3 2366 2433 2361 
3 2361 2426 2365 
3 2465 2533 2496 
3 2442 2372 2371 
3 2570 2516 2496 
3 2570 2556 2516 
3 2615 2556 2633 
3 2655 2615 2679 
3 2655 2736 2693 
3 2774 2732 2693 
3 2762 2732 2807 
3 2848 2797 2762 
3 2902 2828 2797 
3 2849 2828 2928 
3 2939 2857 2849 
3 2476 2413 2527 
3 2299 2336 2413 
3 2223 2261 2336 
3 2609 2652 2763 
3 2609 2527 2652 
3 2763 2921 2851 
3 2141 2186 2261 
3 2065 2111 2186 
3 2111 1991 2033 
3 2921 2971 2953 
3 2968 2971 2981 
3 1991 1916 2033 
3 1916 1804 1845 
3 2963 2981 2983 
3 1731 1757 1845 
3 2984 2966 2983 
3 1677 1757 1652 
3 1565 1541 1455 
3 1565 1677 1652 
3 1352 1376 1455 
3 2967 2984 2982 
3 2961 2982 2980 
3 1376 1267 1295 
3 2977 2962 2980 
3 2977 2960 2958 
3 1295 1190 1209 
3 2960 2857 2939 
3 1107 1124 1209 
3 1706 1806 1798 
3 1806 1813 1904 
3 1813 1915 1904 
3 2015 1915 2020 
3 1694 1706 1798 
3 2260 2176 2246 
3 2260 2272 2188 
3 2272 2290 2201 
3 2371 2372 2303 
3 2372 2366 2302 
3 2366 2361 2298 
3 2361 2365 2300 
3 2310 2246 2239 
3 2365 2310 2300 
3 2290 2324 2218 
3 2324 2353 2250 
3 2353 2385 2277 
3 2314 2209 2305 
3 2385 2305 2277 
3 2222 2124 2216 
3 2209 2314 2216 
3 2125 2222 2219 
3 2123 2125 2219 
3 2020 2123 2117 
3 833 750 856 
3 939 856 958 
3 1059 1042 958 
3 1059 1156 1141 
3 1236 1156 1258 
3 1340 1258 1361 
3 719 750 833 
3 1445 1361 1458 
3 1562 1475 1575 
3 1547 1458 1562 
3 1684 1575 1594 
3 1684 1594 1694 
3 1124 1024 1036 
3 1036 951 1043 
3 968 872 908 
3 951 968 1043 
3 908 802 833 
3 2431 2444 2378 
3 2365 2431 2378 
3 2444 2465 2399 
3 2417 2465 2496 
3 2516 2438 2496 
3 2556 2540 2516 
3 2615 2540 2556 
3 2615 2655 2581 
3 2655 2693 2620 
3 2693 2732 2645 
3 2732 2762 2662 
3 2797 2678 2762 
3 2828 2709 2797 
3 2828 2849 2726 
3 2857 2737 2849 
3 2413 2450 2527 
3 2413 2336 2450 
3 2336 2261 2373 
3 2652 2808 2763 
3 2527 2560 2652 
3 2808 2921 2763 
3 2261 2186 2293 
3 2111 2214 2186 
3 2138 2111 2033 
3 2971 2921 2936 
3 2971 2975 2981 
3 2033 1916 1949 
3 1949 1916 1845 
3 2981 2986 2983 
3 1757 1868 1845 
3 2992 2984 2983 
3 1787 1757 1677 
3 1484 1565 1455 
3 1677 1565 1593 
3 1376 1484 1455 
3 2984 2993 2982 
3 2982 2994 2980 
3 1400 1376 1295 
3 2991 2977 2980 
3 2977 2985 2960 
3 1295 1209 1315 
3 2960 2899 2857 
3 1124 1225 1209 
3 1798 1806 1901 
3 1901 1806 1904 
3 1915 2015 1904 
3 2015 2020 2117 
3 1792 1694 1798 
3 2326 2260 2246 
3 2272 2260 2341 
3 2272 2358 2290 
3 2310 2326 2246 
3 2310 2365 2378 
3 2324 2290 2382 
3 2353 2324 2418 
3 2353 2452 2385 
3 2314 2305 2408 
3 2408 2305 2385 
3 2322 2222 2216 
3 2314 2322 2216 
3 2222 2321 2219 
3 2212 2123 2219 
3 2123 2212 2117 
3 939 833 856 
3 1042 939 958 
3 1042 1059 1141 
3 1156 1236 1141 
3 1340 1236 1258 
3 1445 1340 1361 
3 1547 1445 1458 
3 1674 1562 1575 
3 1547 1562 1657 
3 1684 1674 1575 
3 1792 1684 1694 
3 1124 1036 1137 
3 1137 1036 1043 
3 995 968 908 
3 1043 968 1054 
3 908 833 939 
3 2444 2399 2378 
3 2465 2417 2399 
3 2438 2417 2496 
3 2463 2438 2516 
3 2540 2463 2516 
3 2615 2581 2540 
3 2655 2620 2581 
3 2620 2693 2645 
3 2732 2662 2645 
3 2762 2678 2662 
3 2797 2709 2678 
3 2828 2726 2709 
3 2849 2737 2726 
3 2857 2742 2737 
3 2527 2450 2560 
3 2336 2373 2450 
3 2261 2293 2373 
3 2652 2695 2808 
3 2652 2560 2695 
3 2921 2808 2936 
3 2186 2214 2293 
3 2214 2111 2138 
3 2138 2033 2058 
3 2975 2971 2936 
3 2975 2986 2981 
3 2033 1949 2058 
3 1868 1949 1845 
3 2986 2992 2983 
3 1787 1868 1757 
3 2992 2993 2984 
3 1787 1677 1701 
3 1565 1484 1593 
3 1701 1677 1593 
3 1484 1376 1400 
3 2982 2993 2994 
3 2994 2991 2980 
3 1400 1295 1315 
3 2991 2985 2977 
3 2985 2899 2960 
3 1209 1225 1315 
3 2857 2899 2742 
3 1225 1124 1137 
3 1895 1798 1901 
3 2010 1901 1904 
3 2015 2010 1904 
3 2112 2015 2117 
3 1895 1792 1798 
3 2260 2326 2341 
3 2358 2272 2341 
3 2290 2358 2382 
3 2326 2310 2378 
3 2418 2324 2382 
3 2452 2353 2418 
3 2452 2473 2385 
3 2322 2314 2408 
3 2473 2408 2385 
3 2222 2322 2321 
3 2321 2318 2219 
3 2318 2212 2219 
3 2212 2208 2117 
3 1017 939 1042 
3 1112 1042 1141 
3 1236 1213 1141 
3 1236 1340 1317 
3 1420 1340 1445 
3 1528 1445 1547 
3 1657 1562 1674 
3 1622 1547 1657 
3 1674 1684 1784 
3 1684 1792 1784 
3 1142 1137 1043 
3 1054 968 995 
3 995 908 1017 
3 1142 1043 1054 
3 1017 908 939 
3 2399 2326 2378 
3 2417 2341 2399 
3 2358 2417 2438 
3 2438 2463 2382 
3 2463 2540 2510 
3 2540 2581 2510 
3 2581 2620 2538 
3 2620 2645 2562 
3 2662 2574 2645 
3 2678 2587 2662 
3 2678 2709 2596 
3 2709 2726 2604 
3 2737 2608 2726 
3 2742 2606 2737 
3 2450 2478 2560 
3 2450 2373 2478 
3 2373 2293 2405 
3 2808 2695 2840 
3 2560 2601 2695 
3 2808 2840 2936 
3 2214 2329 2293 
3 2214 2138 2249 
3 2175 2138 2058 
3 2975 2936 2946 
3 2986 2975 2978 
3 1949 1975 2058 
3 1868 1975 1949 
3 2986 2989 2992 
3 1868 1787 1894 
3 2992 2997 2993 
3 1787 1701 1811 
3 1593 1484 1504 
3 1610 1701 1593 
3 1484 1400 1504 
3 2993 2998 2994 
3 2999 2991 2994 
3 1417 1400 1315 
3 2991 2990 2985 
3 2985 2901 2899 
3 1225 1327 1315 
3 2899 2750 2742 
3 1225 1137 1235 
3 1994 1895 1901 
3 1994 1901 2010 
3 2010 2015 2112 
3 2208 2112 2117 
3 1889 1792 1895 
3 2341 2326 2399 
3 2417 2358 2341 
3 2358 2438 2382 
3 2463 2418 2382 
3 2452 2418 2510 
3 2473 2452 2538 
3 2415 2322 2408 
3 2473 2497 2408 
3 2322 2415 2321 
3 2412 2318 2321 
3 2318 2311 2212 
3 2311 2208 2212 
3 1112 1017 1042 
3 1213 1112 1141 
3 1213 1236 1317 
3 1340 1420 1317 
3 1528 1420 1445 
3 1528 1547 1622 
3 1778 1657 1674 
3 1700 1622 1657 
3 1778 1674 1784 
3 1792 1889 1784 
3 1235 1137 1142 
3 1078 1054 995 
3 1078 995 1017 
3 1142 1054 1140 
3 2418 2463 2510 
3 2581 2538 2510 
3 2538 2620 2562 
3 2645 2574 2562 
3 2587 2574 2662 
3 2678 2596 2587 
3 2709 2604 2596 
3 2726 2608 2604 
3 2737 2606 2608 
3 2742 2603 2606 
3 2560 2478 2601 
3 2373 2405 2478 
3 2293 2329 2405 
3 2695 2740 2840 
3 2695 2601 2740 
3 2936 2840 2946 
3 2329 2214 2249 
3 2249 2138 2175 
3 2175 2058 2088 
3 2975 2946 2978 
3 2989 2986 2978 
3 2058 1975 2088 
3 1868 1894 1975 
3 2992 2989 2997 
3 1894 1787 1811 
3 2997 2998 2993 
3 1811 1701 1727 
3 1610 1593 1504 
3 1701 1610 1727 
3 1504 1400 1417 
3 2998 2999 2994 
3 2991 2999 2990 
3 1327 1417 1315 
3 2990 2901 2985 
3 2901 2750 2899 
3 1327 1225 1235 
3 2750 2603 2742 
3 1994 1989 1895 
3 2105 1994 2010 
3 2105 2010 2112 
3 2208 2205 2112 
3 1989 1889 1895 
3 2538 2452 2510 
3 2473 2538 2562 
3 2497 2415 2408 
3 2497 2473 2562 
3 2415 2412 2321 
3 2409 2318 2412 
3 2409 2311 2318 
3 2208 2311 2307 
3 1112 1078 1017 
3 1167 1112 1213 
3 1272 1213 1317 
3 1420 1394 1317 
3 1508 1420 1528 
3 1608 1528 1622 
3 1778 1780 1657 
3 1700 1697 1622 
3 1780 1700 1657 
3 1882 1778 1784 
3 1889 1882 1784 
3 1235 1142 1240 
3 1054 1078 1140 
3 1240 1142 1140 
3 2574 2497 2562 
3 2587 2504 2574 
3 2596 2503 2587 
3 2596 2604 2506 
3 2608 2505 2604 
3 2606 2501 2608 
3 2603 2495 2606 
3 2478 2515 2601 
3 2405 2515 2478 
3 2405 2329 2432 
3 2840 2740 2873 
3 2740 2601 2626 
3 2840 2873 2946 
3 2329 2249 2352 
3 2249 2175 2278 
3 2202 2175 2088 
3 2946 2954 2978 
3 2976 2989 2978 
3 2088 1975 2009 
3 1975 1894 2009 
3 2989 2988 2997 
3 1930 1894 1811 
3 2997 2995 2998 
3 1846 1811 1727 
3 1610 1504 1519 
3 1727 1610 1630 
3 1504 1417 1519 
3 2999 2998 2996 
3 2990 2999 2987 
3 1417 1327 1426 
3 2990 2908 2901 
3 2750 2901 2749 
3 1327 1235 1337 
3 2750 2599 2603 
3 2097 1989 1994 
3 2097 1994 2105 
3 2205 2105 2112 
3 2205 2208 2307 
3 1984 1889 1989 
3 2504 2415 2497 
3 2504 2412 2415 
3 2503 2409 2412 
3 2409 2404 2311 
3 2311 2404 2307 
3 1167 1078 1112 
3 1272 1167 1213 
3 1394 1272 1317 
3 1508 1394 1420 
3 1508 1528 1608 
3 1697 1608 1622 
3 1875 1780 1778 
3 1700 1781 1697 
3 1700 1780 1781 
3 1882 1875 1778 
3 1984 1882 1889 
3 1235 1240 1337 
3 1078 1167 1140 
3 1237 1240 1140 
3 2574 2504 2497 
3 2587 2503 2504 
3 2503 2596 2506 
3 2604 2505 2506 
3 2608 2501 2505 
3 2606 2495 2501 
3 2603 2488 2495 
3 2601 2515 2626 
3 2405 2432 2515 
3 2329 2352 2432 
3 2740 2776 2873 
3 2776 2740 2626 
3 2873 2954 2946 
3 2352 2249 2278 
3 2278 2175 2202 
3 2202 2088 2120 
3 2954 2976 2978 
3 2989 2976 2988 
3 2120 2088 2009 
3 1894 1930 2009 
3 2988 2995 2997 
3 1846 1930 1811 
3 2998 2995 2996 
3 1846 1727 1758 
3 1610 1519 1630 
3 1758 1727 1630 
3 1519 1417 1426 
3 2999 2996 2987 
3 2908 2990 2987 
3 1426 1327 1337 
3 2901 2908 2749 
3 2599 2750 2749 
3 2599 2488 2603 
3 1989 2097 2085 
3 2198 2097 2105 
3 2205 2198 2105 
3 2297 2205 2307 
3 1984 1989 2085 
3 2503 2412 2504 
3 2409 2503 2506 
3 2404 2409 2506 
3 2404 2403 2307 
3 1237 1167 1272 
3 1272 1394 1362 
3 1394 1508 1485 
3 1600 1508 1608 
3 1695 1608 1697 
3 1870 1780 1875 
3 1781 1779 1697 
3 1780 1870 1781 
3 1882 1974 1875 
3 1984 1974 1882 
3 1240 1342 1337 
3 1167 1237 1140 
3 1240 1237 1347 
3 2505 2404 2506 
3 2501 2403 2505 
3 2495 2402 2501 
3 2488 2388 2495 
3 2515 2536 2626 
3 2515 2432 2536 
3 2432 2352 2457 
3 2873 2776 2869 
3 2675 2776 2626 
3 2954 2873 2869 
3 2352 2278 2380 
3 2278 2202 2308 
3 2225 2202 2120 
3 2954 2916 2976 
3 2976 2955 2988 
3 2120 2009 2036 
3 2009 1930 2036 
3 2988 2969 2995 
3 1930 1846 1954 
3 2995 2979 2996 
3 1883 1846 1758 
3 1519 1530 1630 
3 1758 1630 1631 
3 1530 1519 1426 
3 2996 2904 2987 
3 2904 2908 2987 
3 1436 1426 1337 
3 2908 2734 2749 
3 2592 2599 2749 
3 2488 2599 2477 
3 2097 2193 2085 
3 2193 2097 2198 
3 2297 2198 2205 
3 2403 2297 2307 
3 2078 1984 2085 
3 2403 2404 2505 
3 1237 1272 1362 
3 1362 1394 1485 
3 1508 1600 1485 
3 1695 1600 1608 
3 1779 1695 1697 
3 1968 1870 1875 
3 1857 1779 1781 
3 1870 1857 1781 
3 1974 1968 1875 
3 1974 1984 2078 
3 1342 1436 1337 
3 1342 1240 1347 
3 1347 1237 1362 
3 2402 2403 2501 
3 2495 2388 2402 
3 2388 2488 2383 
3 2536 2675 2626 
3 2432 2457 2536 
3 2352 2380 2457 
3 2776 2675 2869 
3 2916 2954 2869 
3 2380 2278 2308 
3 2202 2225 2308 
3 2225 2120 2135 
3 2916 2955 2976 
3 2955 2969 2988 
3 2120 2036 2135 
3 2036 1930 1954 
3 2995 2969 2979 
3 1846 1883 1954 
3 2979 2904 2996 
3 1883 1758 1824 
3 1530 1631 1630 
3 1631 1724 1758 
3 1436 1530 1426 
3 2734 2908 2904 
3 2734 2592 2749 
3 2599 2592 2477 
3 2383 2488 2477 
3 2193 2189 2085 
3 2291 2193 2198 
3 2297 2291 2198 
3 2403 2402 2297 
3 2189 2078 2085 
3 1461 1362 1485 
3 1600 1576 1485 
3 1576 1600 1695 
3 1779 1774 1695 
3 1963 1870 1968 
3 1855 1779 1857 
3 1963 1857 1870 
3 1974 2070 1968 
3 2070 1974 2078 
3 1436 1342 1448 
3 1448 1342 1347 
3 1461 1347 1362 
3 2388 2291 2402 
3 2388 2383 2286 
3 2561 2675 2536 
3 2457 2561 2536 
3 2380 2483 2457 
3 2675 2769 2869 
3 2769 2916 2869 
3 2407 2380 2308 
3 2225 2328 2308 
3 2242 2225 2135 
3 2916 2816 2955 
3 2955 2843 2969 
3 2135 2036 2056 
3 2056 2036 1954 
3 2969 2872 2979 
3 1883 1985 1954 
3 2979 2876 2904 
3 1758 1724 1824 
3 1921 1883 1824 
3 1631 1530 1538 
3 1724 1631 1647 
3 1530 1436 1538 
3 2734 2904 2724 
3 2592 2734 2583 
3 2592 2470 2477 
3 2377 2383 2477 
3 2193 2286 2189 
3 2193 2291 2286 
3 2402 2291 2297 
3 2182 2078 2189 
3 1576 1461 1485 
3 1666 1576 1695 
3 1774 1666 1695 
3 1855 1774 1779 
3 2063 1963 1968 
3 1945 1855 1857 
3 1945 1857 1963 
3 2070 2063 1968 
3 2182 2070 2078 
3 1538 1436 1448 
3 1448 1347 1461 
3 2291 2388 2286 
3 2383 2282 2286 
3 2675 2561 2612 
3 2483 2561 2457 
3 2483 2380 2407 
3 2769 2675 2612 
3 2769 2816 2916 
3 2328 2407 2308 
3 2328 2225 2242 
3 2150 2242 2135 
3 2955 2816 2843 
3 2969 2843 2872 
3 2150 2135 2056 
3 1985 2056 1954 
3 2872 2876 2979 
3 1985 1883 1921 
3 2904 2876 2724 
3 1724 1749 1824 
3 1921 1824 1853 
3 1647 1631 1538 
3 1724 1647 1749 
3 2734 2724 2583 
3 2470 2592 2583 
3 2470 2377 2477 
3 2377 2282 2383 
3 2286 2282 2189 
3 2282 2182 2189 
3 1576 1557 1461 
3 1666 1557 1576 
3 1749 1666 1774 
3 1774 1855 1853 
3 2063 2064 1963 
3 1936 1855 1945 
3 2064 1945 1963 
3 2070 2174 2063 
3 2174 2070 2182 
3 1557 1538 1448 
3 1557 1448 1461 
3 2561 2483 2612 
3 2483 2407 2520 
3 2651 2769 2612 
3 2769 2651 2816 
3 2429 2407 2328 
3 2328 2242 2340 
3 2242 2150 2251 
3 2816 2681 2843 
3 2843 2712 2872 
3 2068 2150 2056 
3 1985 2068 2056 
3 2719 2876 2872 
3 1985 1921 1995 
3 2876 2719 2724 
3 1824 1749 1853 
3 1936 1921 1853 
3 1647 1538 1557 
3 1749 1647 1666 
3 2724 2573 2583 
3 2467 2470 2583 
3 2470 2369 2377 
3 2377 2271 2282 
3 2271 2182 2282 
3 1647 1557 1666 
3 1749 1774 1853 
3 1855 1936 1853 
3 2166 2064 2063 
3 1936 1945 1990 
3 1990 1945 2064 
3 2174 2166 2063 
3 2271 2174 2182 
3 2612 2483 2520 
3 2407 2429 2520 
3 2651 2612 2520 
3 2651 2681 2816 
3 2429 2328 2340 
3 2340 2242 2251 
3 2251 2150 2160 
3 2843 2681 2712 
3 2712 2719 2872 
3 2150 2068 2160 
3 2068 1985 1995 
3 1921 1936 1995 
3 2719 2573 2724 
3 2573 2467 2583 
3 2470 2467 2369 
3 2377 2369 2271 
3 2166 2163 2064 
3 1995 1936 1990 
3 2071 1990 2064 
3 2266 2166 2174 
3 2266 2174 2271 
3 2429 2543 2520 
3 2543 2651 2520 
3 2543 2681 2651 
3 2445 2429 2340 
3 2348 2340 2251 
3 2251 2160 2257 
3 2712 2681 2558 
3 2719 2712 2565 
3 2068 2071 2160 
3 2071 2068 1995 
3 2573 2719 2565 
3 2573 2460 2467 
3 2467 2360 2369 
3 2369 2266 2271 
3 2163 2071 2064 
3 2163 2166 2262 
3 2071 1995 1990 
3 2166 2266 2262 
3 2543 2429 2445 
3 2681 2543 2558 
3 2348 2445 2340 
3 2348 2251 2257 
3 2160 2163 2257 
3 2712 2558 2565 
3 2071 2163 2160 
3 2460 2573 2565 
3 2460 2360 2467 
3 2369 2360 2266 
3 2257 2163 2262 
3 2266 2360 2262 
3 2543 2445 2558 
3 2456 2445 2348 
3 2355 2348 2257 
3 2558 2456 2565 
3 2456 2460 2565 
3 2360 2460 2355 
3 2355 2257 2262 
3 2360 2355 2262 
3 2445 2456 2558 
3 2456 2348 2355 
3 2460 2456 2355 

