# vtk DataFile Version 4.2
vtk output
ASCII
DATASET POLYDATA
POINTS 2974 float
-190.178 -11.7144 -315.928 -189.805 -15.8692 -299.73 -189.756 -28.0314 -311.87 
-189.51 0.393672 -303.964 -188.783 4.79786 -319.739 -188.662 -3.64765 -288.258 
-188.624 -23.7799 -328.134 -187.961 -40.1712 -324.021 -187.809 -31.6644 -295.394 
-187.689 -6.89972 -332.319 -187.51 -19.5193 -283.692 -187.038 12.5367 -292.588 
-186.869 16.6563 -307.779 -186.827 -43.6744 -307.68 -185.805 -7.29281 -272.656 
-185.671 21.3421 -323.067 -185.428 8.40648 -277.526 -184.362 -55.525 -319.647 
-184.339 -34.9007 -279.205 -184.236 -35.6104 -339.119 -183.971 -22.7776 -267.795 
-183.885 10.0879 -335.261 -183.728 -52.0734 -335.588 -183.438 -46.7775 -291.307 
-182.708 28.8872 -296.368 -182.45 4.76261 -262.338 -182.265 -10.5751 -256.976 
-182.116 32.4726 -311.227 -182.091 25.0925 -281.569 -181.356 -58.3625 -303.356 
-181.04 -18.7491 -341.874 -180.69 -37.9596 -263.098 -180.618 20.1264 -267.626 
-180.461 -25.8096 -251.78 -180.187 -67.0744 -330.996 -179.526 -49.8041 -275.012 
-179.387 37.5442 -325.214 -179.061 1.62657 -246.81 -178.985 -13.4595 -241.068 
-178.039 -69.5881 -314.8 -177.742 16.4442 -252.776 -177.725 26.454 -336.746 
-177.643 -28.6832 -235.568 -177.574 -41.0241 -246.933 -177.556 -61.3056 -287.117 
-176.911 -63.8719 -345.853 -176.67 -58.2758 16.4259 -176.655 -58.8786 33.0555 
-176.635 43.7667 -301.158 -176.519 -16.1211 -224.894 -176.43 71.8311 43.6047 
-176.311 -44.0097 24.7395 -176.218 -1.0239 -230.92 -176.138 70.2859 60.4324 
-176.133 -43.6167 8.21196 -176.115 56.0512 51.4276 -176.108 -1.82183 -343.827 
-176.107 -52.8855 -258.823 -175.983 57.1235 34.7312 -175.929 47.4586 -314.754 
-175.868 29.0267 0.004293 -175.859 14.4716 -8.6572 -175.85 41.8265 42.7048 
-175.848 -14.6158 -8.39631 -175.842 -29.0488 -0.009203 -175.837 42.6138 26.0522 
-175.836 -0.125315 0.103899 -175.833 42.8907 9.28118 -175.825 54.2718 67.951 
-175.824 -29.4661 -16.8345 -175.823 28.4017 17.3936 -175.815 14.2234 8.66941 
-175.808 40.364 59.3615 -175.782 -0.371622 -17.0248 -175.756 -29.2736 16.5305 
-175.71 -14.6368 8.47383 -175.699 57.2369 18.0678 -175.662 29.4516 -17.8541 
-175.654 43.7382 -8.53745 -175.649 -15.2399 -25.3469 -175.615 -44.7274 41.2502 
-175.609 14.1156 -26.0586 -175.565 27.5903 34.1534 -175.518 -43.8125 -8.43399 
-175.431 72.2652 26.6603 -175.383 26.4318 50.7891 -175.377 42.4244 -285.228 
-175.362 -0.472982 16.9458 -175.343 38.5702 75.9121 -175.322 56.6439 1.30987 
-175.286 13.5349 25.5556 -175.194 -59.3824 49.1441 -175.183 24.9205 67.4192 
-175.155 -1.14272 -34.2309 -175.152 29.6415 -260.028 -175.133 -29.9649 33.0808 
-175.12 -31.4585 -219.261 -175.034 -46.9123 -347.846 -174.936 -30.2524 -33.6256 
-174.864 -58.0533 -0.050656 -174.837 -15.2549 25.0368 -174.717 -44.4856 -25.112 
-174.65 52.0564 84.3698 -174.594 13.6687 -237.254 -174.57 67.7897 76.9618 
-174.561 -45.5624 57.4238 -174.549 -44.0619 -230.777 -174.522 -72.4188 -298.93 
-174.448 23.1939 84.1096 -174.361 -16.2593 -42.3062 -174.354 28.7894 -35.2873 
-174.331 12.5556 42.1883 -174.226 -30.8555 49.6672 -174.147 11.2472 58.8502 
-174.132 -18.5664 -208.497 -174.128 -1.34078 33.5891 -174.109 45.1571 -27.5589 
-174.085 13.1373 -43.1583 -174.054 9.68557 75.597 -174.008 36.561 92.5224 
-173.923 71.0095 9.81849 -173.834 57.192 -16.7307 -173.822 -72.7509 24.8384 
-173.802 86.3021 53.01 -173.773 -3.4167 -214.843 -173.771 -16.1962 41.6609 
-173.713 -60.3727 63.8994 -173.56 -64.2335 -270.992 -173.496 -77.926 -341.456 
-173.466 -31.8851 66.2829 -173.463 7.99707 92.3924 -173.413 -2.45203 50.2425 
-173.402 4.42377 125.74 -173.389 -58.6038 -16.5246 -173.38 21.3519 100.918 
-173.27 -3.81172 66.9896 -173.264 -17.3019 58.3394 -173.229 -73.1617 41.4708 
-173.185 -80.3684 -325.824 -173.16 -46.7385 73.3334 -173.15 17.8993 134.233 
-173.131 19.6267 117.74 -173.07 -5.40233 83.8167 -173.064 6.25987 109.155 
-173.05 -2.27664 -51.0125 -173.024 34.4862 109.415 -173.013 49.6038 100.882 
-173.003 -18.6277 75.1799 -172.963 -9.08244 117.398 -172.953 -33.3602 82.9582 
-172.946 -7.1848 100.64 -172.942 -56.1222 -242.662 -172.872 -20.3967 92.0113 
-172.665 -33.9896 -202.411 -172.556 -72.1596 8.40846 -172.553 -22.4777 108.674 
-172.456 65.01 93.3143 -172.428 32.6635 126.317 -172.422 69.4989 -6.98759 
-172.331 -31.3986 -50.2751 -172.282 87.0328 35.5181 -172.137 -35.682 99.5775 
-172.122 54.0116 -326.378 -172.118 -45.4756 -41.5922 -172.064 83.5081 69.8384 
-171.834 -46.9726 -214.171 -171.766 11.3244 -221.419 -171.765 -10.9621 133.525 
-171.684 -48.7677 89.5235 -171.606 47.1433 117.869 -171.572 -20.707 -191.589 
-171.522 42.0501 -268.328 -171.475 27.4705 -244.288 -171.466 -17.4877 -58.9286 
-171.399 -24.5837 125.113 -171.389 -5.57668 -198.48 -171.322 2.9862 141.27 
-171.265 27.304 -52.1945 -171.235 -61.9349 79.2487 -170.982 56.186 -308.603 
-170.786 -30.3907 -347.765 -170.72 -59.4893 -32.7351 -170.68 11.7643 -59.6765 
-170.566 -75.3338 -283.102 -170.562 43.1914 -44.5751 -170.467 -72.2262 -7.7735 
-170.464 65.443 -22.6499 -170.301 61.9987 109.637 -170.037 -83.0976 -310.623 
-170.003 -67.4755 -254.947 -169.998 -59.4655 -226.375 -169.997 42.5574 -336.963 
-169.949 -73.7699 59.8708 -169.687 30.6553 142.853 -169.575 -37.921 115.721 
-169.564 79.9905 86.3335 -169.542 9.26725 -205.436 -169.479 -3.59211 -67.4281 
-169.471 14.0774 -343.039 -169.443 -35.7484 -184.611 -169.366 85.1854 18.4389 
-169.194 -49.0099 -196.254 -169.137 16.2127 148.786 -169.088 -7.37848 -181.586 
-168.993 55.9707 -292.666 -168.491 -32.7472 -66.5899 -168.455 44.8342 134.431 
-168.358 25.3194 -228.524 -168.236 -46.754 -57.8177 -168.112 -73.0925 -23.6889 
-167.904 -22.2906 -174.201 -167.451 -51.4794 105.703 -167.374 7.41827 -189.111 
-167.271 -18.8917 -75.2211 -167.218 59.8219 -37.3885 -167.217 82.8745 1.50282 
-167.176 -76.3494 -348.515 -167.148 40.8652 -252.069 -167.118 -62.5415 -209.573 
-167.059 -71.1504 -238.764 -167.051 -60.7168 -48.8265 -166.698 58.629 125.796 
-166.556 -88.5369 -337.308 -166.45 -78.3226 -267.283 -166.424 25.3192 -68.3209 
-166.309 -85.1332 33.4269 -166.293 -25.7693 141.389 -166.287 -84.978 17.2512 
-166.274 76.2208 102.372 -166.206 -85.8801 -295.207 -166.205 9.95669 -75.8689 
-165.847 -85.2913 1.3345 -165.676 23.4048 -212.654 -165.652 -14.3049 -347.758 
-165.635 55.613 -276.15 -165.333 -73.7446 70.8407 -165.314 -50.02 -177.223 
-165.298 40.7206 -60.8393 -165.197 67.1974 -318.55 -165.158 -11.0009 147.982 
-165.115 -8.84541 -164.936 -165.092 -74.5337 -39.5754 -165.086 -5.36323 -83.7078 
-165.084 2.7301 153.074 -164.82 -36.9602 -166.654 -164.593 -63.1169 94.1616 
-164.407 5.75789 -172.687 -164.325 -62.4474 -188.971 -164.234 -86.1692 -14.3439 
-164.23 79.9532 -14.7723 -164.185 -38.6299 130.664 -164.112 -34.4378 -82.9606 
-164.028 -74.8709 -222.644 -163.842 -92.5305 -322.639 -163.729 -48.1501 -73.926 
-163.656 -59.4656 -351.996 -163.651 60.2908 -334.732 -163.519 21.737 -196.744 
-163.487 -23.3793 -157.289 -163.468 38.6026 -236.25 -163.181 -84.7937 50.3351 
-162.975 -20.7771 -91.6037 -162.974 29.8666 -342.727 -162.857 -81.8167 -251.311 
-162.814 68.1498 -301.468 -162.621 72.2961 118.295 -162.513 -61.9328 -64.7705 
-162.306 95.8369 62.0328 -162.228 -72.7221 -199.88 -162.006 -87.882 -29.9264 
-162.002 97.0867 44.7854 -161.904 -88.616 -279.691 -161.805 7.81636 -92.0815 
-161.532 54.1101 -259.936 -161.506 -9.5276 -148.805 -161.46 55.7941 -53.0472 
-161.405 20.1215 -180.559 -161.302 -7.43219 -100.219 -161.254 93.0157 79.048 
-161.199 22.9116 -84.1988 -161.093 40.9436 149.628 -160.946 -75.7141 -55.3451 
-160.889 4.59424 -156.579 -160.803 -23.2985 -141.01 -160.736 -37.231 -149.43 
-160.716 -73.7194 81.8105 -160.682 75.4318 -30.1592 -160.478 -51.1565 -158.561 
-160.467 -95.7541 -307.633 -160.34 -22.7808 -108.702 -160.319 -36.4545 -99.9686 
-160.249 36.5629 -220.383 -160.172 96.1796 27.6428 -160.163 54.4746 140.729 
-160.107 26.07 156.249 -159.957 -80.3793 -208.67 -159.83 -23.4181 -125.101 
-159.787 -85.7524 -235.405 -159.745 -9.47842 -132.811 -159.642 -64.1807 -169.424 
-159.509 1.49988 -346.708 -159.459 -8.92492 -116.616 -159.385 -49.8204 -90.5514 
-159.366 37.8631 -76.49 -159.354 -42.6073 -351.27 -159.145 68.0585 -284.566 
-159.028 -98.5402 -4.65781 -159.018 -50.585 119.166 -158.948 -97.5064 10.6167 
-158.736 -36.2964 -132.901 -158.631 88.7379 95.3419 -158.582 -89.3945 -45.5754 
-158.57 18.6458 -164.438 -158.531 5.78253 -108.329 -158.369 4.17145 -140.616 
-158.162 -39.0974 -118.013 -158.128 -75.4291 -181.934 -158.112 -91.9128 -263.894 
-158.082 -100.279 -20.0846 -158.04 94.2147 10.7296 -157.777 35.1123 -204.656 
-157.709 -96.5526 25.7801 -157.53 51.6713 -244.152 -157.48 4.51418 -124.563 
-157.462 -48.803 -140.745 -157.415 -89.8931 -349.777 -157.387 -62.9513 -80.809 
-157.36 66.9178 132.746 -157.123 9.78181 159.138 -157.013 20.527 -100.245 
-157.006 -99.9465 -336.245 -156.414 -98.4269 -292.208 -156.348 75.027 -328.961 
-156.252 -83.9939 67.8841 -156.23 70.8035 -45.4579 -156.214 -90.2011 -220.255 
-156.125 -52.3009 -108.299 -156.068 33.8254 -188.698 -155.893 52.5269 -68.8628 
-155.84 45.6995 -341.653 -155.731 79.0986 -311.537 -155.719 17.7211 -148.522 
-155.668 91.903 -5.90761 -155.592 -76.3686 -71.0667 -155.507 -102.576 -35.6206 
-155.403 -85.6195 -194.192 -155.088 -94.7967 41.3004 -155.063 -64.6539 -149.56 
-155.036 66.6232 -268.119 -154.934 -61.6295 107.374 -154.617 -95.716 -248.164 
-154.601 -6.89252 157.577 -154.509 83.8598 111.021 -154.471 18.6259 -116.394 
-154.4 -56.9017 -128.338 -154.379 17.7572 -132.53 -154.264 35.0178 -92.334 
-154.235 -26.7553 -349.928 -154.216 32.3663 -172.498 -153.958 -21.8738 152.071 
-153.716 -104.464 -320.553 -153.676 -89.957 -61.1431 -153.556 49.0955 -228.568 
-153.399 17.0432 -345.536 -153.187 -64.6235 -97.656 -152.942 -72.7823 -353.114 
-152.484 -111.446 -9.65085 -152.456 -101.447 -276.613 -152.421 -36.0344 143.168 
-152.252 87.9983 -21.8536 -152.147 -79.1052 -161.666 -152.135 79.5445 -294.04 
-151.975 -95.171 -205.957 -151.609 31.0213 -156.505 -151.514 -103.827 -51.2262 
-151.37 -99.994 -232.688 -151.308 -110.231 4.87318 -150.968 66.6271 -60.9891 
-150.847 32.6302 -108.358 -150.84 -114.523 -25.0649 -150.804 -67.5625 -115.763 
-150.646 -71.962 95.4472 -150.556 78.2391 125.63 -150.525 64.1106 -252.25 
-150.522 49.1114 -84.3956 -150.491 60.8274 144.971 -150.447 47.2323 -212.893 
-150.445 -89.5724 -177.273 -150.199 -77.0963 -87.0417 -150.194 -72.1687 -136.311 
-150.192 49.1617 154.494 -150.098 -107.659 -304.95 -150.075 -93.611 57.1864 
-149.911 30.6827 -140.547 -149.397 31.1174 -124.501 -149.396 62.236 -340.172 
-148.958 -105.049 -260.956 -148.901 35.3607 160.941 -148.865 -47.4411 131.11 
-148.758 -11.0361 -348.828 -148.585 103.708 53.7654 -148.571 83.8455 -37.446 
-148.292 46.1517 -197.261 -148.226 -55.8613 -352.772 -148.169 101.705 70.7166 
-148 104.256 36.8062 -147.922 88.497 -322.797 -147.659 78.4063 -276.996 
-147.616 -90.1259 -76.5609 -147.614 -104.478 -217.881 -147.447 -116.684 -40.6982 
-147.368 -111.656 18.1586 -147.157 -99.3228 -190.753 -147.047 45.0967 -181.131 
-146.99 98.4971 87.4734 -146.946 32.5099 -344.579 -146.69 19.6581 164.323 
-146.617 103.362 19.948 -146.474 -78.9261 -103.84 -146.357 -82.0539 83.0051 
-146.356 -101.849 -348.9 -146.128 -110.486 -289.403 -146.093 61.1533 -236.767 
-146.078 71.3799 138.775 -146.07 46.109 -100.312 -146.025 -107.247 33.5303 
-145.903 -111.397 -334.302 -145.804 -120.416 1.1831 -145.64 43.7284 -164.755 
-145.592 -109.233 -245.446 -145.445 -103.704 -66.4253 -145.34 62.6938 -76.5829 
-145.051 -125.368 -14.0365 -144.915 101.73 3.22898 -144.459 -82.1792 -121.717 
-144.355 94.2 103.644 -144.12 78.9664 -338.049 -144.051 -58.1689 119.231 
-144.031 79.2964 -52.7975 -144.029 89.8073 -304.823 -143.898 42.9402 -148.671 
-143.645 -87.0649 -140.754 -143.609 44.0926 -116.477 -143.556 -94.2703 -159.343 
-143.507 1.48453 164.194 -143.394 -102.658 47.4272 -143.168 43.1491 -132.614 
-143.163 -39.5416 -351.482 -143.011 -108.78 -203.297 -142.988 4.45548 -347.339 
-142.897 75.9765 -260.637 -142.788 -128.787 -29.6242 -142.663 -115.722 -318.023 
-142.479 -113.865 -273.838 -142.406 98.8119 -13.1273 -142.232 -90.7731 -92.3959 
-142.226 58.6665 -221.425 -142.2 -113.609 -230.258 -142.2 -117.245 -56.0942 
-142.136 -85.636 -353.767 -142.048 63.9721 149.186 -141.326 -92.0478 71.1445 
-141.263 -103.386 -175.145 -140.89 -15.0586 159.319 -140.851 88.6262 118.892 
-140.552 59.0509 -92.1299 -140.429 48.1069 -343.333 -140.041 55.5137 156.509 
-139.704 -68.7213 107.483 -139.685 89.211 -287.49 -139.24 57.0854 -206.017 
-139.224 94.861 -29.0188 -139.199 -119.065 -302.322 -139.14 -117.847 -258.404 
-138.941 -103.42 -81.6341 -138.905 -29.2012 151.493 -138.868 75.1213 -68.3838 
-138.491 -92.6026 -109.073 -138.227 -130.171 -45.357 -138.007 72.7059 -245.052 
-137.882 -117.719 -215.577 -137.831 -23.6088 -350.121 -137.521 -112.519 -188.8 
-137.518 56.5478 -190.397 -137.433 44.2 163.89 -137.275 -68.7177 -353.225 
-137.265 82.0055 133.06 -136.932 -134.11 -2.27029 -136.898 19.8254 -346.171 
-136.869 -126.957 12.2121 -136.859 56.0107 -108.164 -136.776 55.5501 -173.899 
-136.502 -96.2104 -126.283 -136.451 92.8739 -333.162 -136.136 54.1724 -157.042 
-136.098 -41.7192 141.148 -135.997 99.1679 -316.347 -135.856 -116.649 -71.2522 
-135.855 -101.997 59.517 -135.841 -122.202 -243.048 -135.755 90.742 -44.7185 
-135.621 -138.982 -17.7336 -135.587 -122.378 -286.709 -135.538 54.0138 -140.618 
-135.491 54.578 -124.418 -135.477 -78.9564 95.7122 -135.269 -119.88 28.2798 
-135.262 -101.493 -143.42 -135.221 29.7 168.264 -134.595 -113.172 -346.771 
-134.537 86.8652 -269.895 -134.491 110.681 45.7048 -134.415 109.252 62.5004 
-134.006 64.076 -342.085 -133.883 -121.887 -331.329 -133.866 110.728 28.865 
-133.8 73.8693 145.974 -133.731 -108.343 -159.787 -133.698 106.578 79.2848 
-133.582 71.1515 -83.9736 -133.553 69.546 -229.844 -133.372 -103.788 -97.3298 
-132.778 -121.46 -201.495 -132.745 109.659 12.0837 -132.499 14.4128 169.992 
-132.362 -141.737 -33.8223 -132.273 -8.05332 -348.708 -132.235 -52.3326 -352.465 
-132.228 -53.134 129.894 -132.212 -126.136 -271.304 -132.16 103.009 95.8888 
-132.057 -129.807 -60.7257 -131.953 -112.207 46.545 -131.865 -126.305 -228.104 
-131.658 99.1318 -300.085 -131.452 86.0915 -59.9823 -131.191 107.653 -4.5435 
-131.157 -97.9924 -354.134 -131.137 -126.523 -315.364 -130.931 -116.47 -174.725 
-130.853 -89.1113 83.9299 -130.595 35.2118 -344.985 -130.526 64.2907 156.517 
-130.034 1.78316 168.286 -129.759 67.1304 -214.796 -129.624 -105.776 -113.653 
-129.522 98.0954 111.771 -129.403 83.6442 -253.487 -129.235 67.5308 -99.8584 
-129.013 -130.326 -256.019 -128.92 -115.7 -86.24 -128.859 104.26 -20.767 
-128.146 -64.1228 118.453 -128.058 -8.23153 165.101 -127.944 -121.802 35.6603 
-127.904 -130.225 -299.648 -127.689 79.5024 -340.411 -127.228 -109.483 -130.185 
-127.22 -142.201 -49.78 -127.103 105.293 -329.031 -127.103 52.8937 165.273 
-127.079 66.168 -199.548 -126.987 -130.098 -213.675 -126.91 -125.011 -188.258 
-126.893 65.1526 -116.16 -126.866 63.5481 -148.724 -126.803 -36.3336 -351.084 
-126.704 97.5719 -283.113 -126.519 -139.561 9.21714 -126.509 64.0515 -132.366 
-126.476 -131.077 23.1977 -126.47 7.3737 -347.313 -126.44 91.9857 126.894 
-126.334 -81.3263 -353.699 -126.278 81.7859 -75.3776 -126.142 100.429 -36.6624 
-126.039 -99.4556 72.1047 -125.957 -146.465 -5.60142 -125.653 -21.7397 158.718 
-125.428 -114.925 -146.073 -125.38 -134.602 -240.867 -125.206 -128.534 -75.7684 
-125.12 66.2395 -184.15 -124.512 -133.961 -284.141 -124.275 79.7807 -238.315 
-124.181 66.3917 -167.998 -124.17 50.6679 -343.77 -124.007 -74.8221 107 
-123.922 -151.022 -21.6162 -123.91 39.5523 171.37 -123.359 -116.018 -101.815 
-123.309 84.5121 141.085 -123.152 95.5518 -272.22 -123.023 -121.467 -161.284 
-123.008 108.865 -312.16 -122.983 -34.6557 149.675 -122.605 -124.185 -343.628 
-122.43 96.1874 -51.7186 -121.811 -110.312 59.4471 -121.643 -132.122 -328.269 
-121.568 -133.616 -200.582 -121.415 -137.962 -268.941 -121.313 -64.9889 -353.08 
-121.312 -20.6142 -349.824 -120.877 24.8919 174.388 -120.821 -138.51 -226.112 
-120.814 93.4165 -338.857 -120.635 -140.913 -65.065 -120.531 78.3667 -91.7578 
-120.457 22.7744 -346.201 -120.44 115.69 54.3236 -120.329 74.8144 153.84 
-120.298 116.537 37.4418 -120.112 113.773 71.0973 -120.086 -129.12 -175.61 
-119.953 76.4731 -223.484 -119.951 -118.502 -117.9 -119.938 -110.095 -353.193 
-119.801 -85.4001 95.6095 -119.8 -152.62 -37.9051 -119.737 -46.7539 139.294 
-119.735 116.064 20.6203 -119.601 93.5317 -261.327 -119.129 -136.888 -312.658 
-119.122 110.611 87.8163 -118.823 114.471 3.92069 -118.614 -121.45 46.1205 
-118.428 -127.508 -90.7152 -118.402 107.164 -296.272 -118.34 -142.245 -253.886 
-118.14 91.8111 -66.2312 -117.778 10.3728 173.681 -117.624 111.928 -12.6329 
-117.474 66.0443 -342.243 -117.435 -122.405 -133.868 -117.031 75.1734 -108.242 
-117.02 106.236 104.282 -116.983 63.5309 164.767 -116.636 71.9106 -140.377 
-116.451 74.5437 -208.712 -116.184 73.1241 -124.294 -116.179 -132.163 33.2811 
-116.083 -141.049 -297.05 -116.05 -58.4042 128.527 -116.019 -48.9493 -352.048 
-115.927 -137.036 -189.118 -115.72 108.561 -28.756 -115.672 -5.0897 -348.319 
-115.414 -142.176 -212.248 -115.409 -93.8154 -354.256 -115.285 -95.8605 83.9367 
-115.194 -2.06061 170.616 -115.079 102.355 -335.08 -114.962 -142.02 20.1873 
-114.904 -127.954 -148.656 -114.426 100.795 120.166 -114.416 89.3136 -246.636 
-114.41 -150.673 6.14518 -114.391 -146.478 -238.994 -114.278 -152.156 -53.6952 
-114.127 38.1194 -344.768 -113.788 50.3284 173.418 -113.759 74.0591 -193.536 
-113.652 104.99 -282.079 -113.652 87.1454 -81.7937 -113.506 -139.174 -79.862 
-113.45 -128.259 -106.28 -113.446 -157.521 -9.25161 -113.09 -145.16 -281.563 
-112.709 -14.5905 165.336 -112.562 104.891 -43.9091 -112.231 -134.481 -162.994 
-112.135 -69.7116 117.511 -111.7 93.7344 135.276 -111.593 114.127 -327.76 
-111.145 74.782 -178.461 -110.961 -106.8 71.7689 -110.877 80.8714 -340.85 
-110.766 -135.387 -340.189 -110.494 -161.017 -25.611 -110.47 -77.5533 -353.426 
-110.457 -33.2067 -350.606 -110.279 -149.38 -266.575 -110.159 35.4803 178.745 
-110.098 -130.949 -122.131 -109.949 -27.4612 157.536 -109.895 10.3528 -347.098 
-109.708 85.2077 -232.227 -109.586 -145.882 -199.541 -109.488 115.196 -307.233 
-109.444 -142.424 -325.659 -109.228 -150.339 -224.511 -109.048 -122.743 -351.723 
-109.036 -141.444 -177.072 -108.924 101.97 -268.719 -108.782 84.8631 149.297 
-108.32 76.2301 -163.606 -108.152 -80.7017 106.376 -107.792 -150.466 -68.8729 
-107.512 -118.118 58.4861 -107.478 53.4354 -343.635 -107.372 -138.535 -94.9744 
-107.338 -135.056 -137.515 -107.196 -153.62 -252.01 -106.893 -147.24 -310.048 
-106.743 -39.8739 147.93 -106.643 19.7412 180.475 -106.243 121.307 45.8609 
-106.153 121.452 28.9549 -106.112 74.342 162.006 -106.056 119.799 62.7297 
-106.024 77.8484 -148.411 -105.917 -161.757 -41.847 -105.718 120.01 12.1304 
-105.676 81.8392 -217.73 -105.534 117.177 79.5916 -105.492 -148.541 -191.926 
-105.213 -61.5122 -352.79 -105.175 117.89 -4.60525 -105.155 103.428 -55.5831 
-105.093 85.1551 -100.883 -104.996 79.7225 -132.545 -104.753 -17.6237 -349.232 
-104.67 -130.27 44.4124 -104.639 96.5547 -71.692 -104.547 81.8951 -116.655 
-104.465 114.826 -21.1747 -104.454 -106.226 -354.743 -104.397 94.3301 -338.582 
-104.212 -151.776 -294.456 -104.212 90.5232 -86.6324 -104.2 112.9 -292.031 
-104.066 113.247 96.3166 -104.021 -140.974 -150.954 -103.969 98.1513 -254.844 
-103.917 119.605 -314.966 -103.909 -91.3877 94.9485 -103.663 25.7195 -345.72 
-103.589 110.893 -37.534 -103.439 5.2298 178.273 -103.439 -51.9733 137.874 
-103.096 61.9779 172.826 -102.914 -139.852 -110.514 -102.753 -157.748 -237.622 
-102.698 -154.56 -209.583 -102.666 -141.82 30.6788 -102.308 80.2233 -202.957 
-101.662 -151.841 17.1536 -101.585 107.862 112.712 -101.56 -156.15 -278.991 
-101.336 -149.146 -83.8717 -100.9 68.6119 -342.08 -100.849 -160.365 2.55579 
-100.761 -147.444 -164.688 -100.396 -7.76982 173.058 -100.108 -160.449 -57.3565 
-99.9406 -63.707 127.362 -99.8863 -142.921 -126.12 -99.7334 47.6599 181.084 
-99.7099 -45.7034 -351.511 -99.6763 -102.153 83.0789 -99.5487 -90.0442 -353.901 
-99.5037 79.9854 -187.675 -99.2347 93.3682 -241.376 -99.1336 101.381 128.498 
-99.1179 107.92 -334.809 -99.0886 -166.124 -13.28 -99.0816 -2.13068 -347.825 
-99.0432 -146.681 -338.251 -98.9393 -160.285 -264.243 -98.7925 110.077 -277.971 
-98.189 -135.418 -350.324 -97.6137 -154.142 -178.956 -97.2743 -20.7877 165.849 
-97.2565 -161.702 -223.279 -97.2305 41.0319 -344.507 -97.0954 -147.1 -141.136 
-97.0888 -152.572 -323.032 -96.8743 80.8804 -172.256 -96.6625 93.3419 143.422 
-96.1209 -149.25 -99.1676 -96.0251 -75.0842 116.48 -95.9304 -113.397 70.4212 
-95.86 30.7057 185.744 -95.606 119.461 -301.711 -95.5878 -164.358 -250.32 
-95.5466 -168.521 -29.6028 -94.8476 88.9641 -227.145 -94.6565 82.2407 -156.795 
-94.6196 -157.437 -307.223 -94.4185 -74.0541 -353.223 -94.3739 -160.359 -193.782 
-94.2063 83.9723 157.267 -94.1212 83.2438 -340.417 -94.0641 -30.1081 -350.137 
-94.0042 -158.771 -72.5451 -93.9569 -33.2635 156.833 -93.7477 -119.005 -355.053 
-93.7379 119.979 -327.592 -93.6843 106.125 -264.476 -93.1371 13.3266 -346.835 
-93.1329 84.1013 -140.967 -92.8541 -125.363 56.9621 -92.3418 -162.382 -291.587 
-92.2933 -151.076 -114.707 -92.229 86.715 -125.057 -92.2061 105.511 -63.0302 
-92.1715 14.0897 186.12 -91.9626 -85.9953 105.165 -91.9095 111.464 -46.6701 
-91.879 124.541 20.151 -91.8185 122.524 3.3453 -91.7982 125.049 37.0489 
-91.7129 99.2455 -78.6314 -91.6948 89.6505 -109.306 -91.6834 116.43 -30.0614 
-91.6573 119.972 -13.3952 -91.6328 72.8779 169.678 -91.5667 124.032 54.0053 
-91.511 93.9207 -93.9437 -91.2241 121.745 70.9123 -90.9574 85.6735 -212.632 
-90.723 56.3308 -343.269 -90.708 -168.453 -237.253 -90.6884 -168.372 -45.5641 
-90.681 -166.102 -208.845 -90.5242 -45.5487 147.147 -90.4195 118.294 87.7464 
-90.0013 -139.201 41.0622 -89.97 -166.7 -276.14 -89.8293 -153.939 -130.769 
-89.5571 -156.048 -149.299 -89.0202 116.985 -287.829 -88.9924 -58.2208 -352.405 
-88.6989 101.283 -250.853 -88.6925 59.8845 180.191 -88.6742 -0.53532 182.031 
-88.6481 -102.499 -354.501 -88.5761 113.69 104.351 -88.2895 -14.5984 -348.87 
-88.2683 -157.814 -87.7283 -88.1606 97.9033 -338.076 -88.1518 -150.276 27.3692 
-87.9524 -96.7434 93.518 -87.746 84.3758 -197.48 -87.6838 -160.746 -165.286 
-87.6609 -170.452 -261.651 -87.1385 -159.672 13.4109 -87.1161 -57.4716 136.97 
-86.8683 28.6327 -345.299 -86.8464 124.822 -313.219 -86.8011 -147.42 -349.529 
-86.3359 -156.384 -335.495 -86.3179 107.542 120.574 -86.0799 -171.538 -223.516 
-86.0459 -167.611 -1.51452 -85.2563 -14.1163 175.289 -85.1801 -166.197 -180.454 
-85.1792 -166.833 -60.9332 -84.9033 84.2822 -181.71 -84.7635 43.1259 188.401 
-84.4684 -162.029 -319.742 -84.1274 -107.716 81.4332 -84.0672 71.5156 -341.66 
-84.0611 100.194 136.084 -83.9648 -158.641 -103.265 -83.9408 95.8669 -236.995 
-83.6372 -68.9317 126.178 -83.5486 -86.5337 -353.562 -83.5175 -172.294 -17.4184 
-83.4065 -42.5833 -351.103 -83.3884 113.313 -274.335 -82.9634 -131.699 -355.668 
-82.7007 112.402 -334.324 -82.5757 85.1415 -165.728 -82.497 0.845142 -347.483 
-82.384 -171.348 -195.364 -82.34 -167.238 -303.755 -81.8837 92.2215 150.999 
-81.6989 -27.1514 166.918 -81.0763 -118.633 69.5529 -80.968 -161.099 -119.045 
-80.7157 86.7263 -149.625 -80.5077 23.9032 192.125 -80.463 44.0014 -344.184 
-80.2442 -172.587 -287.973 -79.8307 -79.9824 114.916 -79.7237 91.2183 -222.518 
-79.6761 -173.724 -33.5467 -79.5522 123.302 -298.031 -79.5395 -165.444 -76.2149 
-79.4888 82.5038 164.639 -79.4587 89.4676 -133.598 -79.3996 -175.677 -210.482 
-79.174 -164.073 -135.566 -78.7713 -128.197 59.2233 -78.6584 92.5364 -117.746 
-78.5312 106.493 -70.9467 -78.4557 112.219 -55.0847 -78.2593 100.996 -86.5471 
-78.2191 96.1376 -102.066 -78.2076 -70.7148 -353.003 -78.1431 -39.523 157.33 
-78.0975 108.681 -260.558 -78.0102 116.83 -38.6529 -77.9254 -176.635 -272.126 
-77.814 -114.957 -355.185 -77.7767 120.906 -22.0807 -77.7204 123.754 -5.4487 
-77.7028 -27.0754 -350.044 -77.6795 -178.716 -239.187 -77.5864 86.6493 -339.707 
-77.535 125.865 11.2933 -77.4375 7.53445 191.401 -77.2701 126.784 28.1068 
-77.254 -168.003 -151.788 -77.0095 126.219 45.0808 -76.8876 71.0053 176.781 
-76.8619 124.948 -325.09 -76.7981 -136.771 49.1767 -76.7382 124.492 61.9879 
-76.4709 16.2565 -346.448 -76.3799 -179.506 -255.749 -76.1636 121.37 78.7298 
-75.946 -90.7956 103.314 -75.937 87.4959 -207.776 -75.9296 -179.242 -225.627 
-75.0826 -172.445 -167.44 -74.8869 -172.941 -49.1964 -74.8325 117.378 95.3737 
-74.7737 -165.442 -91.7384 -74.6388 -51.4023 147.02 -74.6229 -147.162 36.6747 
-74.3129 -157.995 -347.305 -73.9945 59.3456 -342.767 -73.8623 -7.35479 186.159 
-73.582 56.9677 186.754 -73.5346 -165.53 -331.724 -73.1831 112.4 111.764 
-73.0871 103.192 -246.698 -73.058 119.695 -284.165 -72.9919 -156.981 23.5072 
-72.8207 86.3811 -192.167 -72.7665 -176.867 -182.901 -72.7074 -55.0893 -352.166 
-72.6895 -99.0086 -353.927 -72.1852 -101.631 91.5545 -72.0707 -171.074 -315.836 
-71.9062 101.948 -337.41 -71.8918 -11.6317 -348.643 -71.7242 -143.814 -355.767 
-71.5673 -167.768 -107.429 -71.4947 -165.801 9.39625 -71.1621 106.036 127.899 
-71.105 -62.9632 136.249 -70.3267 -21.083 178.205 -70.2782 -180.792 -198.335 
-70.1965 31.5914 -344.962 -70.1539 86.8874 -175.714 -70.0714 128.19 -309.432 
-70.0298 41.5763 193.12 -69.8283 -171.964 -64.6631 -69.5228 -172.55 -5.7009 
-69.1186 98.8953 143.416 -69.1067 -170.751 -123.373 -69.0315 -177.466 -298.935 
-68.9697 -112.2 79.8184 -68.4538 97.1733 -232.675 -68.1108 88.1804 -158.817 
-67.9168 32.8367 194.934 -67.7778 -183.876 -213.837 -67.5398 74.7556 -340.928 
-67.4174 -73.9454 124.779 -67.4044 -83.2172 -353.311 -67.3397 115.14 -270.489 
-67.0771 -39.5796 -350.975 -66.9892 90.653 158.068 -66.8821 -127.396 -355.907 
-66.8376 -174.349 -139.492 -66.482 90.384 -142.217 -66.4793 -182.568 -281.789 
-66.4741 -175.637 -21.7 -66.4694 -33.6853 168.482 -66.242 -122.463 68.6643 
-66.2286 117.045 -333.118 -66.0023 3.78601 -347.305 -65.8833 -186.084 -229.755 
-65.4022 93.4495 -126.184 -65.3735 -185.517 -264.46 -64.9659 -171.345 -80.3499 
-64.914 16.674 196.634 -64.854 -187.086 -246.936 -64.6336 97.0933 -110.5 
-64.5975 80.7837 171.653 -64.5744 -178.402 -155.319 -64.4168 91.9434 -218.108 
-64.3718 106.667 -79.1289 -64.3465 101.501 -94.7738 -64.2965 111.99 -63.3932 
-63.8992 116.849 -47.2464 -63.8285 46.9879 -343.767 -63.7779 -132.451 57.5136 
-63.755 -84.5917 112.94 -63.5966 120.745 -30.797 -63.4086 123.804 -14.1779 
-63.1692 126.014 2.53568 -63.1464 125.648 -294.858 -62.8224 127.384 19.2511 
-62.7779 -176.408 -37.5515 -62.6097 -45.5621 157.788 -62.4908 127.303 36.0835 
-62.4158 0.190408 196.802 -62.2943 -182.205 -171.01 -62.2667 125.716 52.9577 
-62.0655 109.514 -256.727 -61.9746 -67.5755 -352.991 -61.8146 68.8976 183.448 
-61.7531 -111.452 -354.635 -61.6929 123.102 69.6094 -61.5309 -167.27 -342.892 
-61.4316 90.2515 -338.921 -61.4068 -173.825 -327.288 -61.3677 -142.598 45.4417 
-61.3485 -24.1299 -350.046 -61.2411 -173.108 -96.1064 -60.9029 -178.655 -311.223 
-60.8416 88.4873 -203.041 -60.7106 119.565 86.1209 -60.0464 -95.3788 101.062 
-60.0184 128.984 -322.252 -59.913 -185.778 -186.776 -59.8809 19.1558 -345.981 
-59.7932 -155.17 -354.397 -59.5754 -15.331 191.293 -59.4259 115.359 102.52 
-59.207 -152.466 32.665 -58.8514 -57.0143 146.586 -58.386 -175.982 -53.3517 
-58.3303 -176.084 -111.778 -58.2632 54.4854 191.492 -57.9663 87.7011 -187.144 
-57.8686 110.094 118.752 -57.6596 -188.86 -202.638 -57.4973 62.4462 -342.258 
-57.3111 -161.784 19.2144 -57.2354 103.528 -242.59 -56.8117 120.917 -280.884 
-56.6899 -105.957 89.1264 -56.5785 -95.7439 -353.508 -56.4081 -52.0902 -352.184 
-56.07 103.753 134.7 -56.0081 -29.4778 181.881 -55.9722 -179.748 -127.59 
-55.6835 -139.57 -356.337 -55.6281 105.706 -336.447 -55.5707 -191.223 -218.881 
-55.5127 -8.74969 -348.27 -55.4431 88.4324 -169.564 -55.1744 -68.1396 135.074 
-55.1182 41.0619 195.632 -55.026 -169.535 4.82121 -54.1424 -192.748 -235.995 
-54.1234 96.8987 150.059 -53.9794 -175.5 -69.2449 -53.7209 -116.321 77.4802 
-53.5941 34.5248 -344.63 -53.401 90.0808 -151.129 -53.3797 -183.206 -143.667 
-53.1594 129.881 -306.727 -53.1587 -192.873 -254.681 -52.8361 96.9945 -228.427 
-52.7016 -190.995 -273.192 -52.3985 -174.323 -10.6657 -52.2342 -187.993 -290.188 
-52.1537 26.2228 198.759 -51.9825 88.8115 164.738 -51.96 93.0148 -134.763 
-51.4393 -41.0542 170.172 -51.435 -78.5947 122.877 -51.2786 77.9921 -340.259 
-51.2146 -80.0993 -353.259 -51.1311 115.369 -266.944 -51.0108 -186.907 -159.544 
-50.9862 -126.635 65.874 -50.9623 96.7286 -118.937 -50.7975 -184.604 -306.002 
-50.7972 -123.819 -355.548 -50.7545 -36.6698 -350.815 -50.3651 101.01 -103.174 
-50.1116 105.689 -87.4023 -50.0841 -176.813 -85.0689 -49.9552 -180.91 -321.974 
-49.9232 111.038 -71.7154 -49.6089 116.31 -55.8468 -49.5443 79.09 178.4 
-49.4996 6.64512 -347.029 -49.4767 120.415 -331.219 -49.4766 9.77784 201.72 
-49.289 120.14 -39.4836 -49.232 -175.407 -337.517 -49.1425 -176.928 -26.5082 
-49.0659 123.135 -22.8444 -48.8917 91.3348 -213.763 -48.8307 125.247 -6.22674 
-48.7177 -190.306 -175.474 -48.491 126.593 10.426 -48.3746 -136.911 53.865 
-48.1014 126.951 27.0974 -47.8547 -166.424 -351.278 -47.8547 125.749 43.8193 
-47.8315 -89.0534 110.552 -47.4017 123.624 60.46 -47.2915 49.9638 -343.387 
-47.1683 -6.97524 201.709 -47.0916 -51.8187 157.881 -46.8734 -179.686 -100.707 
-46.5147 120.728 76.9155 -46.5085 -193.273 -191.485 -46.4197 125.799 -292.065 
-46.3274 66.2366 188.739 -46.0389 -23.8257 198.318 -45.941 109.287 -252.804 
-45.8307 -146.91 41.31 -45.734 -64.6426 -352.971 -45.7036 88.5131 -198.394 
-45.679 -108.193 -353.974 -45.5863 -177.211 -42.4561 -45.3667 116.764 93.136 
-45.1666 93.4996 -338.151 -45.0022 -21.2898 -349.521 -44.5 -195.561 -207.611 
-44.3748 -99.6381 98.363 -44.3419 -183.45 -116.286 -44.2472 -151.909 -356.635 
-44.0495 112.455 109.398 -43.6003 -156.138 28.0727 -43.312 22.0131 -345.68 
-43.1314 87.5138 -182.681 -43.1258 -62.5574 145.576 -42.8281 130.611 -319.396 
-42.7548 51.2855 194.81 -42.7227 -197.26 -223.964 -42.6217 107.216 125.509 
-42.1211 -40.1033 185.292 -41.889 -177.683 -58.4638 -41.8023 -187.17 -132.246 
-41.427 -198.182 -241.023 -41.298 102.737 -238.545 -41.2256 -109.923 86.143 
-41.2247 -164.483 14.2133 -41.0733 65.4553 -341.671 -40.9802 101.513 141.272 
-40.7845 -197.81 -253.283 -40.4402 88.264 -161.765 -40.4105 -92.6072 -353.375 
-40.3338 120.596 -277.751 -40.1421 -197.438 -265.544 -40.118 -49.1926 -351.852 
-39.7371 -136.442 -356.207 -39.5173 -194.726 -282.453 -39.4734 36.0132 198.561 
-39.2948 -73.0286 133.159 -39.1142 -190.431 -148.373 -39.0964 -5.92181 -348.011 
-39.0577 108.87 -335.425 -39.0191 94.793 156.524 -38.7627 -191.434 -298.874 
-38.5338 90.7804 -143.318 -38.499 -170.831 -0.661488 -38.3383 -178.917 -74.3513 
-38.3085 -120.167 74.1254 -37.8048 -187.176 -315.048 -37.2777 94.2229 -127.266 
-37.1355 96.0199 -224.195 -37.0782 37.3824 -344.339 -36.9126 -182.482 -331.129 
-36.7859 86.7654 171.106 -36.681 -193.585 -164.46 -36.44 -49.0052 170.911 
-36.3767 98.8315 -111.476 -36.3043 19.9347 201.813 -35.9609 129.558 -303.897 
-35.86 -176.545 -346.75 -35.8409 103.366 -95.5636 -35.6207 -83.1215 120.391 
-35.5498 108.698 -79.8887 -35.5127 -130.462 61.9994 -35.4105 -174.648 -16.2625 
-35.2227 114.321 -64.1902 -35.0131 -77.1973 -353.237 -34.9632 -181.354 -90.0441 
-34.9388 80.946 -339.581 -34.8791 118.781 -48.0611 -34.8338 114.697 -263.426 
-34.8181 -120.789 -354.72 -34.634 -196.751 -180.437 -34.6074 121.932 -31.5866 
-34.4428 -33.8516 -350.468 -34.427 124.178 -15.0162 -34.1829 125.373 1.56142 
-34.0155 76.3516 184.07 -33.8383 125.651 18.113 -33.5116 124.869 34.6773 
-33.4892 90.3531 -209.303 -33.4371 2.96177 203.682 -33.1991 -164.99 -356.983 
-33.0584 123.193 51.186 -33.0282 9.44135 -346.849 -32.7926 -140.383 49.4438 
-32.5681 123.158 -329.507 -32.5537 -198.835 -196.551 -32.3599 120.847 67.6361 
-32.2066 -176.285 -32.1634 -32.1608 -42.2263 199.542 -32.1424 -93.3916 107.799 
-32.1041 -185.171 -105.523 -31.6294 -58.1749 157.101 -31.3272 117.532 83.861 
-31.327 -13.8625 204.005 -30.8321 52.8356 -342.959 -30.7665 -200.679 -212.634 
-30.7563 -29.2956 201.95 -30.6937 86.9079 -194.054 -30.5881 62.3298 192.726 
-30.1793 -149.772 36.4118 -30.1597 113.673 99.9717 -29.8225 108.275 -248.993 
-29.6716 125.328 -289.228 -29.6673 -105.261 -353.568 -29.4783 -188.956 -121.356 
-29.4611 -61.7607 -352.709 -29.1593 -201.594 -228.75 -29.0368 -177.43 -48.1214 
-28.8245 109.434 116.018 -28.8157 -103.647 95.2029 -28.7489 96.387 -337.396 
-28.6578 -18.5152 -349.143 -28.637 -149.707 -357.28 -28.4615 85.5694 -178.699 
-28.0273 -202.086 -244.486 -27.828 -158.152 22.7245 -27.7604 -50.4279 185.267 
-27.5513 104.692 131.969 -27.4181 -67.7821 143.703 -27.2561 -201.814 -259.549 
-27.0586 46.7046 197.542 -26.8424 24.7995 -345.536 -26.81 -192.583 -137.447 
-26.7112 85.8872 -165.018 -26.524 -200.034 -274.944 -25.8689 -197.163 -290.925 
-25.8644 -179.122 -64.0062 -25.8038 99.2853 147.592 -25.7511 131.531 -316.558 
-25.7359 -113.648 82.5976 -25.4132 101.226 -234.607 -25.2311 -165.307 8.43088 
-25.2005 87.3878 -151.411 -25.0825 -193.099 -306.994 -24.712 68.2661 -340.963 
-24.3222 -89.8702 -353.328 -24.2523 -195.799 -153.646 -24.2061 -188.716 -323.138 
-23.9315 -133.883 -355.678 -23.8925 -46.4145 -351.428 -23.885 119.84 -274.593 
-23.7566 92.6994 162.782 -23.7539 90.3449 -135.573 -23.6966 30.5337 200.557 
-23.5217 -77.5018 130.454 -23.1952 -183.97 -339.371 -23.0671 -33.0529 203.655 
-22.7935 -123.526 70.0328 -22.7452 -3.21275 -347.707 -22.6825 -181.691 -79.7765 
-22.6079 94.619 -119.605 -22.3286 111.692 -334.423 -22.1711 -170.218 -6.71868 
-22.029 -177.826 -356.086 -22.0006 -198.462 -169.816 -21.7933 99.6054 -103.693 
-21.6103 -56.9083 170.305 -21.428 94.2082 -220.031 -21.3449 84.4395 177.202 
-21.294 105.037 -87.9025 -20.872 110.949 -72.3367 -20.6781 40.1371 -343.901 
-20.4172 13.965 202.417 -20.4077 116.166 -56.5444 -20.1212 119.974 -40.3034 
-19.992 -201.153 -185.878 -19.9511 122.512 -23.8603 -19.9422 -87.3838 117.327 
-19.9232 -133.389 57.3657 -19.6734 -185.252 -95.3851 -19.66 124.028 -7.37104 
-19.3827 124.526 9.12236 -19.3779 -49.8441 198.261 -19.0742 129.194 -301.169 
-19.0688 123.758 25.5874 -18.9761 -118.187 -354.158 -18.9003 -173.439 -22.3068 
-18.8726 -74.4807 -353.192 -18.6231 122.489 41.9925 -18.6069 113.728 -259.928 
-18.5338 83.617 -338.84 -18.3249 72.783 188.949 -18.2892 -31.1473 -350.176 
-18.1576 88.7001 -204.811 -18.0765 -202.518 -202.007 -18.0626 120.357 58.3462 
-17.6405 -163.598 -358.831 -17.2486 117.569 74.5434 -17.166 -3.17198 203.4 
-17.0436 -142.896 44.4029 -16.8593 -189.243 -111.031 -16.671 12.1112 -346.585 
-16.5235 -97.5509 104.463 -16.4029 -203.557 -218.133 -16.1896 114.227 90.5769 
-16.0266 -63.9181 155.268 -15.7951 -175.708 -38.1365 -15.7647 125.968 -327.91 
-15.64 85.2333 -189.433 -14.9871 -203.953 -234.163 -14.9789 110.549 106.528 
-14.8864 57.9199 195.924 -14.4995 55.4962 -342.148 -14.3488 -151.74 31.1085 
-14.2284 -193.241 -126.846 -13.9137 -204.085 -250.169 -13.7794 106.843 122.423 
-13.7606 107.026 -245.298 -13.7474 -102.684 -353.446 -13.7022 -20.6768 203.572 
-13.5967 84.0116 -174.041 -13.3932 -59.1375 -352.48 -13.2924 -107.474 91.4785 
-13.1368 -147.397 -356.737 -13.0659 -203.285 -266.151 -12.9869 124.329 -286.254 
-12.9094 -177.853 -53.9697 -12.8611 -57.7891 184.007 -12.527 -15.8754 -348.888 
-12.4406 102.617 138.229 -12.3611 -201.142 -282.185 -12.2173 98.9454 -336.653 
-11.899 84.4665 -159.369 -11.7077 -159.214 17.0649 -11.6814 -197.892 -298.21 
-11.6125 -196.69 -143.056 -11.5424 -72.1901 140.678 -11.4478 41.9196 199.717 
-10.9964 -193.929 -314.202 -10.5777 96.9426 153.589 -10.5353 27.3801 -344.851 
-10.3613 86.5181 -143.961 -10.1508 -117.186 78.534 -10.1431 -189.496 -330.247 
-9.92227 -180.418 -69.7962 -9.51687 99.6412 -230.656 -9.11755 -199.425 -159.391 
-8.97763 90.3411 -128.012 -8.93982 -184.621 -346.061 -8.83384 -165.374 2.55069 
-8.64793 131.906 -313.579 -8.4049 90.4439 168.782 -8.36975 -87.3374 -353.309 
-8.35384 70.7928 -340.105 -8.2684 -131.477 -355.114 -8.11112 -38.6076 202.33 
-7.99545 -43.8821 -351.016 -7.98867 25.3164 201.276 -7.92244 95.1516 -112.017 
-7.75611 -81.4782 126.826 -7.4495 118.798 -271.341 -7.19428 100.778 -96.0915 
-7.10496 -126.667 65.4996 -7.00896 -183.844 -85.4927 -6.9724 -202.038 -175.621 
-6.58507 -0.64368 -347.362 -6.56905 106.72 -80.5435 -6.16542 -178.269 -359.522 
-5.96286 112.524 -64.965 -5.84599 92.6497 -215.471 -5.8362 81.5108 182.638 
-5.69927 -169.698 -12.6138 -5.62949 117.252 -48.9215 -5.60452 114.365 -333.71 
-5.41164 120.444 -32.6138 -5.2583 122.418 -16.2469 -5.23722 -62.1502 167.816 
-4.97219 -203.748 -191.845 -4.92387 123.293 0.149443 -4.57676 123.024 16.5625 
-4.49224 8.3952 201.922 -4.37378 42.6912 -343.25 -4.2866 -91.4713 113.67 
-4.169 121.867 32.8904 -4.14327 -136.122 52.4869 -4.12651 -187.689 -101.189 
-3.69746 119.918 49.1387 -3.1742 -115.801 -353.778 -3.11789 -204.15 -208.116 
-3.06742 117.496 65.3187 -2.99753 -71.9906 -353.129 -2.87493 86.9883 -199.955 
-2.71777 68.4905 192.432 -2.71544 -53.8719 195.631 -2.62282 -172.998 -28.2782 
-2.50865 -161.374 -358.702 -2.45079 -28.6497 -349.914 -2.31174 112.534 -256.502 
-2.17665 128.07 -298.077 -2.13286 114.897 81.3884 -2.08994 85.9792 -338.107 
-1.5777 -204.512 -224.349 -1.34082 -191.882 -116.887 -1.16943 -145.267 39.3727 
-1.01802 111.852 97.301 -0.921023 -101.4 100.547 -0.683934 -8.71262 202.387 
-0.518146 84.0942 -184.189 -0.464522 14.5809 -346.122 -0.274456 -204.561 -240.548 
0.158681 108.308 113.058 0.192325 -175.506 -44.1597 0.507805 -67.3619 151.449 
0.641196 53.1694 198.062 0.784998 -204.382 -256.765 1.20309 128.294 -325.861 
1.29227 104.847 128.766 1.34415 -195.745 -132.908 1.41742 83.5621 -168.49 
1.63814 -203.285 -272.951 1.77127 -153.438 25.7812 1.80484 57.9197 -341.321 
2.08869 -100.294 -353.363 2.13945 -144.934 -356.041 2.24693 105.445 -241.777 
2.33836 -111.082 87.3064 2.34599 -201.024 -289.05 2.39411 -56.7226 -352.321 
2.70192 100.564 144.296 2.99992 -198.009 -305.055 3.02485 -177.963 -59.9909 
3.09132 84.4369 -152.877 3.42972 -13.4991 -348.38 3.66165 123.245 -283.207 
3.66176 -193.739 -320.788 3.895 -198.741 -149.2 3.9048 -26.1375 202.248 
4.15886 36.7935 200.426 4.29035 -189.377 -336.608 4.29116 -61.5609 181.043 
4.39269 101.327 -335.987 4.46056 -75.3443 136.349 4.60704 87.3815 -136.961 
4.63138 94.9785 159.529 4.72267 -160.345 11.6636 5.53464 -120.611 74.1433 
5.73312 29.7516 -344.239 5.83359 -181.297 -75.7312 5.85793 91.5364 -120.786 
6.10971 -183.527 -346.123 6.24499 -201.433 -165.599 6.27572 97.5148 -226.519 
6.86891 96.7594 -104.736 6.89336 88.2734 174.583 7.32927 -129.07 -354.349 
7.41114 -84.9308 -353.282 7.61702 -165.877 -3.15677 7.62316 102.609 -88.9227 
7.74948 -41.5714 -350.752 7.80114 20.004 201.155 7.92908 -177.676 -355.637 
7.99248 -85.1522 122.632 8.05718 73.0973 -339.548 8.32039 130.387 -310.243 
8.38677 -203.594 -181.952 8.41249 108.406 -73.3336 8.66406 -129.928 60.9672 
8.69866 -185.19 -91.4424 8.91506 -42.8197 200.44 8.96091 114.077 -57.5666 
8.99744 117.996 -41.265 9.09063 117.664 -268.25 9.10941 120.749 -24.966 
9.37137 122.501 -8.68172 9.50619 1.63616 -347.145 9.59814 78.0492 187.424 
9.76649 90.392 -210.647 9.79063 122.873 7.67257 10.266 122.183 23.9792 
10.341 -204.437 -198.369 10.5584 -170.031 -18.5433 10.7439 120.486 40.1741 
11.124 116.69 -332.833 11.1495 -62.4068 178.888 11.2707 118.38 56.2988 
11.3795 -95.0762 109.426 11.5128 -189.28 -107.187 11.5998 3.16508 201.476 
11.7982 -139.127 47.7476 11.9349 44.9637 -342.555 12.0265 116.065 72.3567 
12.0456 -204.518 -214.767 12.4145 -57.1279 193.848 12.4662 -158.693 -358.042 
12.4778 85.3091 -194.761 12.5679 -69.7041 -353.022 12.6897 -113.376 -353.511 
12.7542 64.1143 195.628 13.0175 113.613 88.3275 13.361 -173.247 -34.2156 
13.3773 -26.4254 -349.516 13.4457 -64.3719 162.327 13.5325 -204.569 -231.111 
13.925 111.311 -253.556 14.0851 110.656 104.176 14.2451 -193.038 -123.162 
14.4227 88.2568 -337.537 14.6369 83.9394 -178.47 14.6581 127.306 -295.267 
14.6919 -104.947 96.214 14.8193 -204.501 -247.414 14.9414 -147.92 34.4336 
15.1075 107.169 119.752 15.739 16.7639 -345.574 15.9027 -204.093 -263.696 
15.9639 -13.848 201.738 15.9971 -175.547 -50.0771 16.1175 48.1116 198.652 
16.2075 103.548 135.107 16.481 84.2112 -162.424 16.766 -202.562 -279.875 
16.8652 -69.3576 146.106 16.9326 -196.607 -139.414 17.479 -200.265 -295.918 
17.4892 -142.355 -355.358 17.7689 -54.5625 -352.052 17.8329 98.8202 150.361 
17.8503 -97.9485 -353.324 17.9805 -114.568 82.9691 18.0449 104.156 -238.995 
18.0575 -155.994 20.8258 18.0804 -196.913 -311.731 18.1156 86.11 -146.372 
18.1625 60.1447 -340.802 18.1633 129.38 -323.27 18.5097 -192.338 -327.019 
18.6992 -178.243 -65.9562 18.7834 -187.373 -342.806 19.3877 -11.3644 -348.096 
19.4364 -199.733 -155.755 19.5748 89.5201 -130.202 19.7706 31.5409 199.675 
19.8232 93.1342 165.48 20.2415 -78.4753 131.491 20.2816 122.352 -280.244 
20.7839 94.2982 -114.092 20.8104 -30.5099 201.271 21.0283 -162.608 6.40278 
21.0698 103.525 -335.372 21.2327 -124.053 69.7568 21.466 -181.757 -81.7762 
21.7732 -202.285 -172.208 21.8295 99.6544 -98.0257 21.9059 95.9549 -222.342 
21.9809 31.8786 -343.798 22.1145 85.4007 179.873 22.6046 -172.925 -355.877 
22.7658 -82.7562 -353.232 22.7832 105.206 -82.194 23.118 -126.603 -353.85 
23.3089 -39.4987 -350.562 23.5802 119.68 -33.7994 23.6106 -88.466 118.058 
23.62 110.876 -66.44 23.6328 122.066 -17.4047 23.6534 14.8876 200.336 
23.7521 116.153 -50.3105 23.8257 -167.584 -8.69092 23.8999 -203.955 -188.713 
23.9758 123.424 -1.12471 24.2804 -185.907 -97.5521 24.4834 75.2387 -338.821 
24.529 123.332 15.206 24.532 -133.501 56.5555 24.95 74.3993 191.581 
25.1274 122.027 31.4603 25.2335 130.854 -307.902 25.32 88.6914 -205.016 
25.4569 -46.4234 199.065 25.5774 116.678 -265.422 25.5985 3.73803 -346.932 
25.6984 120.347 47.604 25.7375 -204.057 -205.243 26.2959 118.403 63.6588 
26.5555 -171.239 -24.2132 26.9788 -98.4449 104.863 27.0426 116.172 79.6481 
27.087 -189.945 -113.457 27.4252 -204.336 -221.735 27.5295 -155.945 -356.775 
27.5895 -67.6814 -352.806 27.7529 84.9923 -188.851 27.8205 -142.835 43.3803 
27.8679 -58.4428 188.205 27.9101 -1.80254 200.917 27.9802 113.656 95.5806 
28.0352 118.828 -331.882 28.0615 59.366 197.81 28.2396 46.966 -341.948 
28.3725 -61.4895 171.961 28.8832 -111.097 -353.381 28.9192 -204.153 -238.167 
28.9327 110.5 111.364 29.1616 -173.889 -40.0105 29.1876 -24.4276 -349.391 
29.7055 84.9537 -172.423 29.8442 106.886 126.609 29.8461 -193.757 -129.583 
29.8526 -65.2132 155.64 30.0222 110.186 -251.241 30.2249 -203.929 -254.559 
30.3253 -108.28 91.6613 31.0111 -183.408 -345.92 31.0715 90.4598 -336.798 
31.1144 102.479 141.764 31.146 -151.706 29.9375 31.2876 -202.908 -270.873 
31.4899 126.866 -292.627 31.4912 86.0277 -156.143 31.5834 42.8404 198.555 
31.7373 -176.046 -55.9863 31.9321 18.7825 -345.289 32.1358 -200.853 -287.06 
32.4774 -196.869 -146.027 32.6378 -72.2546 140.451 32.6538 -18.4264 201.137 
32.7364 -197.776 -302.979 32.7767 97.1274 156.624 32.905 -52.6457 -351.696 
32.9538 -189.093 -332.956 32.9866 -193.543 -318.414 33.0697 88.7367 -139.937 
33.2745 -140.079 -354.764 33.347 103.534 -237.639 33.544 -95.8533 -353.292 
33.6849 -118.172 78.6231 34.2103 -159.433 15.9354 34.3366 -178.641 -72.0043 
34.4633 62.0907 -340.125 34.4838 92.9406 -123.8 34.8944 90.378 170.912 
34.985 -199.624 -162.557 35.2325 131.381 -321.912 35.3213 -9.40311 -347.896 
35.4893 26.4509 198.996 35.7767 97.8095 -107.718 35.891 97.9435 -225.932 
35.9067 -81.5828 126.456 36.9749 103.13 -91.7201 37.026 121.546 -277.454 
37.0414 -128.066 65.6543 37.0518 -182.221 -87.9148 37.0938 -165.605 1.29391 
37.3038 -80.9056 -353.197 37.3853 81.588 183.679 37.4068 -201.99 -179.153 
37.6218 -34.3577 199.887 37.889 121.903 -26.2676 37.9694 105.88 -334.568 
38.0821 123.875 -9.84623 38.094 -171.542 -353.898 38.1013 108.557 -75.9137 
38.2031 92.7813 -213.708 38.257 33.7936 -343.379 38.2877 118.961 -43.1276 
38.6167 125.086 6.50663 38.6817 -37.6438 -350.429 38.8193 114.218 -59.9553 
39.2285 -91.6457 113.181 39.278 124.488 22.8767 39.4292 -124.453 -353.529 
39.4623 -202.881 -195.796 39.7025 10.0284 199.415 39.7911 -186.115 -103.834 
39.8798 -169.95 -13.9412 39.9546 123.192 39.161 40.126 69.052 193.185 
40.4382 -137.787 52.5439 40.5754 121.572 55.3368 40.6282 88.5534 -198.791 
40.9374 77.2324 -338.172 41.1913 119.638 71.3875 41.2924 -203.053 -212.396 
41.6913 -48.5679 193.6 41.7017 5.57926 -346.313 41.8532 117.112 87.2235 
42.0422 -55.3249 179.917 42.0594 115.558 -262.795 42.115 -65.9199 -352.64 
42.3814 131.06 -305.913 42.4091 -173.044 -29.7462 42.6086 -101.696 100.078 
42.621 -189.965 -119.956 42.6715 113.956 103.028 42.7881 86.7486 -182.585 
42.9325 -59.2292 163.642 42.9709 -203.07 -228.97 43.1265 -153.751 -356.066 
43.2414 53.5654 196.943 43.5229 110.422 118.706 43.88 -147.238 39.1944 
44.4083 106.231 134.055 44.4133 48.7824 -341.432 44.4238 -6.5542 199.866 
44.4939 -202.797 -245.489 44.6843 87.0342 -166.167 44.8698 -22.6265 -349.237 
44.9221 -174.78 -45.8374 45.1665 -65.7737 148.585 45.2147 121.481 -330.939 
45.3956 -193.409 -136.331 45.5689 100.906 148.931 45.6499 -109.012 -353.3 
45.7192 108.885 -248.92 45.7449 -202.049 -261.928 45.893 -183.885 -339.636 
46.0327 -111.771 87.1186 46.3699 88.9844 -149.863 46.6914 -200.41 -278.284 
47.0769 37.6366 197.992 47.1151 94.3364 163.02 47.1161 -156.03 25.6667 
47.2246 -197.594 -294.42 47.3651 -176.237 -62.0383 47.5166 -189.256 -325.253 
47.536 -193.719 -310.097 47.6892 92.4772 -336.06 47.7766 -50.9429 -351.468 
47.9133 92.6338 -133.761 47.9661 -195.862 -152.992 48.1015 20.5348 -344.476 
48.1989 -74.5347 134.498 48.4172 126.221 -290.119 48.548 102.47 -235.647 
49.0106 -94.0219 -353.268 49.2937 -137.986 -354.22 49.431 -22.5227 199.082 
49.4386 96.702 -117.606 49.476 -122.123 74.4019 49.9316 -178.866 -78.1666 
50.0478 86.5526 175.27 50.0945 -163.421 11.4868 50.5137 -198.393 -169.605 
50.6894 63.8164 -339.592 50.9442 101.443 -101.549 51.0267 96.5829 -222.748 
51.2073 -79.3108 -353.147 51.2268 -7.69354 -347.625 51.3728 21.6722 198.437 
51.5159 -84.3852 121.069 51.9916 -167.313 -354.566 52.1142 124.055 -18.5163 
52.3146 76.493 186.167 52.357 121.16 -35.4067 52.4225 106.486 -85.607 
52.581 -182.074 -94.275 52.675 125.957 -2.08873 52.8064 -199.727 -186.329 
52.9449 -168.985 -3.56407 52.9679 132.471 -320.074 52.9859 -132.238 61.4416 
53.3117 126.824 14.3242 53.483 91.7085 -208.364 53.7504 111.656 -69.7441 
53.7561 120.16 -274.436 53.7761 -36.7292 194.524 53.9458 117.173 -53.2604 
54.0296 126.443 30.7433 54.1019 -35.9777 -350.214 54.3839 35.4517 -342.593 
54.6937 125.245 47.1127 54.7136 63.2715 193.419 54.7766 107.997 -333.578 
54.8542 -45.5605 184.302 54.8874 -200.34 -203.082 54.9077 -94.5437 108.048 
55.3113 123.516 63.3702 55.3508 -185.499 -110.488 55.5376 -51.4673 170.495 
55.7235 -172.494 -19.2904 55.7994 88.7702 -192.57 55.9208 121.083 79.4491 
55.9866 5.44387 198.533 56.0349 -122.461 -353.386 56.5012 -142.075 48.2601 
56.5441 117.848 95.3122 56.6272 -64.3336 -352.479 56.7882 -200.42 -219.804 
57.1571 -93.1051 -353.265 57.2842 113.802 111.009 57.3499 78.8294 -337.524 
57.3797 -58.0145 155.634 57.6947 -176.705 -346.363 57.7252 7.18773 -345.736 
57.7998 88.0802 -176.206 57.977 109.598 126.574 58.0567 113.606 -259.811 
58.0721 -188.585 -126.902 58.2086 48.3032 196.071 58.2319 -174.303 -35.5556 
58.3517 -104.818 95.2294 58.5009 -200.334 -236.445 58.553 104.55 141.926 
58.6938 97.7683 156.708 58.8292 -151.685 -354.779 59.4511 130.15 -303.029 
59.5854 89.3368 -159.833 59.9649 -199.977 -253.028 59.9657 -151.631 34.9707 
60.485 -66.9408 141.875 60.5184 50.3015 -340.863 60.6383 -21.0374 -348.943 
60.6799 -191.136 -143.492 60.6899 -174.883 -51.9182 61.0026 -198.609 -269.494 
61.0044 -183.214 -332.989 61.1821 -11.1084 197.716 61.2398 91.9743 -143.589 
61.3137 107.122 -245.859 61.6891 -196.385 -285.846 61.8332 -192.629 -301.856 
61.8343 -115.153 82.4875 61.8959 -188.223 -317.631 62.6437 123.186 -329.318 
62.7079 32.9639 197.146 62.8979 95.5775 -127.437 63.0528 -160.283 21.4015 
63.1301 -176.121 -68.2761 63.1692 -49.3969 -351.053 63.1728 -193.113 -160.214 
63.7115 -106.947 -353.144 63.7884 -76.8149 128.631 63.8933 100.636 -232.218 
64.1924 94.024 -335.398 64.2158 22.0682 -344.097 64.5476 99.1519 -111.166 
64.9887 -77.8363 -353.025 65.1733 124.407 -286.598 65.4189 -125.636 69.7941 
65.4993 -177.99 -84.7252 65.5738 -26.1534 192.481 65.6087 -136.109 -353.667 
65.7287 -195.013 -176.946 65.8274 -167.316 6.79339 66.0187 122.857 -27.219 
66.2766 103.742 -95.1181 66.3163 94.8559 -217.895 66.5145 70.4793 187.105 
66.5369 82.4037 178.55 66.578 125.8 -10.7276 66.6038 -33.4898 183.988 
66.9336 65.1251 -338.931 67.1782 -86.9281 115.595 67.246 -6.19129 -347.184 
67.3693 127.789 5.76016 67.4445 -164.904 -351.629 67.4644 17.3698 197.359 
67.6338 -40.8263 175.495 67.8908 -195.727 -193.755 68.0438 -180.359 -101.154 
68.0786 108.513 -79.2281 68.1375 128.734 22.2503 68.6234 91.1658 -202.34 
68.6613 -171.796 -8.8518 68.8117 128.414 38.7889 68.9913 118.782 -46.175 
69.0214 -135.993 56.8837 69.0359 58.1219 192.717 69.4641 126.872 55.2278 
69.4659 92.5839 164.881 69.5862 -48.8486 161.625 69.6348 113.612 -63.5059 
69.9015 -34.4711 -349.985 69.919 -196.079 -210.533 70.069 117.788 -271.066 
70.0854 124.643 71.5616 70.2809 130.431 -315.185 70.5281 -182.853 -117.631 
70.5464 36.848 -342.188 70.6228 -97.3507 102.958 70.6405 121.795 87.7132 
70.7995 89.4635 -186.089 71.2263 117.608 103.621 71.5095 -174.471 -25.0207 
71.5925 109.599 -332.733 71.72 101.051 150.142 71.7605 112.839 119.326 
71.9049 -196.235 -227.331 72.1262 107.668 134.801 72.1567 -62.8715 -352.077 
72.3649 1.37212 196.574 72.4975 -91.5451 -353.113 72.6589 -146.021 43.775 
72.7315 -58.4514 148.449 72.7858 89.0711 -169.667 72.964 -120.667 -352.95 
73.0773 -185.256 -134.188 73.1839 -175.08 -340.911 73.4611 -195.879 -243.963 
73.5559 44.2481 194.797 73.7361 80.0197 -336.885 73.8798 8.62382 -345.349 
73.9401 111.112 -256.368 74.1021 -107.723 90.2843 74.1349 -175.004 -41.6549 
74.5799 90.8248 -153.342 74.7538 -149.8 -353.152 74.9089 -195.317 -260.599 
75.4315 -180.944 -325.692 75.5128 -187.073 -150.887 75.5464 -193.023 -277.096 
75.7755 -185.815 -309.619 75.8255 -190.045 -293.389 75.9123 -155.225 30.5704 
76.0555 -68.7057 135.685 76.2835 93.2547 -137.069 76.5048 127.564 -298.554 
76.6755 -19.618 -348.509 76.7575 104.563 -242.232 76.7585 51.511 -340.299 
76.826 -14.6012 191.392 76.9282 -174.628 -58.4598 77.7191 -118.087 77.5627 
78.0017 96.346 -120.787 78.0107 -188.578 -167.693 78.5267 29.1347 195.341 
78.8571 -163.518 16.5702 79.0785 97.6992 -227.718 79.1381 -47.9708 -350.866 
79.1673 -174.641 -75.102 79.2364 65.9711 188.209 79.3462 120.602 -35.8134 
79.3984 -28.0599 179.701 79.4079 -78.9888 122.928 79.7376 99.9753 -104.492 
79.9202 124.596 -326.667 80.058 124.305 -19.1389 80.2406 -189.383 -184.518 
80.4835 23.4034 -343.537 80.578 -76.4114 -352.92 80.6289 76.1774 181.792 
80.6924 95.15 -334.783 80.8499 -175.135 -91.7479 81.0188 -105.242 -352.423 
81.1605 127.048 -2.72394 81.4023 93.0545 -212.056 81.4142 -128.501 64.7171 
81.6031 104.177 -88.3488 81.7576 -169.765 1.42095 81.8319 -38.6263 166.765 
81.8496 121.382 -282.704 82.1057 -134.382 -353.112 82.1936 128.869 13.7252 
82.3546 -189.922 -201.313 82.5377 86.278 171.194 82.7635 -162.91 -347.832 
82.815 -89.2587 110.279 82.8651 -176.536 -108.397 83.0576 129.689 30.2692 
83.4096 66.1843 -338.371 83.4452 -4.84096 -346.701 83.4631 13.7492 194.876 
83.7081 108.951 -72.6718 83.7611 90.0402 -195.876 83.7673 128.67 46.846 
83.8562 54.9777 191.899 84.2937 -190.131 -218.061 84.3761 126.946 63.3769 
84.7027 -173.756 -14.5455 84.9064 124.681 79.8199 84.954 -49.0827 154.199 
85.047 -138.918 51.9046 85.052 95.5967 157.932 85.0688 -178.288 -125.004 
85.4149 120.978 96.0461 85.8353 116.236 111.965 85.9424 88.9683 -179.501 
86.014 113.911 -57.2514 86.0175 -33.1095 -349.699 86.0943 103.713 143.124 
86.1289 -190.203 -234.726 86.1541 114.587 -267.283 86.2131 110.379 127.551 
86.2947 -99.6722 97.7736 86.8419 38.0727 -341.704 87.4084 -172.122 -334.022 
87.4942 -180.098 -141.679 87.5144 -189.505 -251.402 87.5746 -175.34 -31.2672 
87.7504 128.46 -310.828 87.8672 88.9199 -163.059 88.0574 -1.74253 191.232 
88.141 -61.4794 -352.01 88.2574 110.878 -332.276 88.2701 -59.8318 142.019 
88.4603 -187.875 -268.062 88.5008 -177.182 -317.531 88.5641 -148.741 39.1432 
89.0187 -90.0616 -352.788 89.1345 -185.648 -284.668 89.1384 -182.176 -301.116 
89.1517 117.977 -42.2784 89.1843 40.9093 192.884 89.4505 107.882 -252.604 
89.6444 90.3983 -146.701 89.685 -181.046 -158.507 89.8901 -109.986 85.061 
89.9284 -118.774 -351.832 90.238 9.91909 -344.886 90.2427 80.8968 -336.416 
90.7843 -148.275 -352.623 91.1822 -15.6194 182.373 91.2218 92.2056 -130.255 
91.566 -70.4121 129.772 91.847 -157.741 25.5726 91.8533 100.835 -237.99 
92.0895 -174.152 -49.2618 92.1112 -181.958 -175.341 92.2585 65.4564 186.222 
92.8164 94.8742 -113.767 92.8595 121.283 -27.3636 92.9173 -18.3449 -348.021 
93.2524 52.626 -339.694 93.5752 -171.652 -66.0677 93.6637 -120.26 72.1654 
93.7069 123.999 -294.292 93.949 -27.7438 170.957 94.0886 -182.113 -192.199 
94.1703 94.3167 -222.244 94.5034 -170.43 -82.5443 94.5506 124.734 -11.1732 
94.5585 25.9915 192.971 94.6309 98.7578 -97.4259 94.8587 -165.033 10.8861 
94.9214 -80.748 117.429 95.2932 -46.6501 -350.796 95.3984 -170.064 -99.2122 
95.8751 77.5533 176.867 95.9486 -182.272 -208.902 95.9606 126.977 5.196 
96.4627 90.0348 -205.907 96.7035 103.172 -81.4007 96.8206 24.6396 -343.106 
96.9084 -75.0512 -352.914 96.9118 -170.774 -115.88 97.1441 -39.0855 159.236 
97.1463 128.488 21.6763 97.2184 95.7394 -334.418 97.2438 -130.573 59.3623 
97.3977 124.473 -324.195 97.6205 -182.244 -225.506 97.753 -160.906 -343.69 
97.8013 -103.53 -351.798 97.8862 -170.824 -4.56993 98.0773 128.932 38.2888 
98.184 117.161 -278.656 98.3425 -91.088 105.033 98.3641 87.6577 164.893 
98.4205 -132.382 -352.16 98.6555 -171.565 -132.62 98.699 127.593 54.8897 
98.9067 87.7284 -189.378 98.9345 52.8299 189.303 99.1561 -182.173 -242.041 
99.1987 125.481 71.4647 99.2712 108.084 -65.9423 99.4454 10.7725 190.622 
99.6554 122.438 87.9403 99.7978 -3.60575 -346.25 100.017 118.338 104.241 
100.056 -167.874 -325.13 100.067 67.1858 -337.916 100.096 -181.043 -258.625 
100.245 97.4577 151.442 100.255 112.806 120.178 100.376 -50.1178 147.6 
100.43 -173.414 -21.0984 100.58 -172.172 -308.336 100.665 -172.499 -149.372 
100.854 -140.622 46.6362 100.854 105.74 136.262 100.964 -179.45 -275.275 
101.072 86.8165 -172.764 101.133 -176.467 -291.863 101.883 110.322 -263.537 
101.928 -101.264 92.3508 102.169 113.123 -50.8392 102.326 -31.8809 -349.373 
102.67 -172.679 -166.228 102.975 86.9825 -156.278 103.019 -173.029 -38.5168 
103.06 -3.60059 183.782 103.303 39.2381 -341.094 103.577 -61.0776 136.038 
104.363 -150.047 33.6481 104.433 -60.2073 -352.183 104.452 87.6648 -139.832 
104.47 111.231 -330.812 104.482 102.98 -248.805 104.9 124.238 -306.978 
105.006 116.884 -35.3526 105.031 -172.986 -183.09 105.084 38.6253 190.427 
105.69 -111.326 79.3718 105.748 -88.6232 -352.725 105.951 89.3287 -123.35 
106.076 -16.5364 174.188 106.236 -145.878 -351.245 106.431 -116.967 -351.179 
106.439 65.522 182.417 106.514 95.6288 -233.478 106.591 11.1208 -344.392 
106.872 -71.6794 124.221 106.924 -172.631 -199.943 106.975 81.6916 -336.193 
107.394 120.462 -19.4925 107.614 92.1938 -106.865 107.763 -158.769 19.8046 
108.507 -164.008 -90.1421 108.717 -162.897 -106.811 108.811 89.3619 -216.593 
108.873 -172.532 -216.611 108.946 -165.96 -73.8046 109.037 96.5285 -90.1266 
109.202 -28.449 163.466 109.257 123.253 -3.32193 109.281 -17.1745 -347.591 
109.336 -168.561 -57.9605 109.416 -121.416 66.4972 109.575 -162.683 -123.539 
109.969 118.187 -290.598 110.01 53.7998 -339.149 110.1 -172.757 -232.887 
110.219 -82.0232 112.119 110.461 23.7212 189.099 110.561 -154.836 -342.827 
110.682 -172.857 -248.961 110.735 125.072 13.0377 110.735 -162.526 -140.308 
110.955 77.8018 171.851 110.991 -166.064 4.98063 111.232 -158.766 -331.081 
111.259 -170.597 -42.8707 111.358 85.8085 -199.546 111.362 -162.538 -314.89 
111.488 101.212 -74.3233 111.573 -166.156 -298.441 111.609 -172.218 -265.362 
111.661 -45.4765 -350.685 111.943 -169.896 -281.933 111.985 126.335 29.5414 
112.35 -39.938 152.638 112.373 -162.53 -157.092 112.734 -131.234 53.5715 
112.83 126.022 46.1691 113.176 25.8152 -342.464 113.38 124.466 62.791 
113.44 -169.82 -11.2912 113.476 -73.8619 -352.942 113.648 96.04 -334.349 
113.729 -91.9977 99.5122 113.743 122.082 79.3569 113.856 111.363 -275.139 
113.923 118.598 95.8064 113.943 113.771 112.059 113.972 88.4006 159.453 
113.986 -170.852 -27.7911 114.036 84.2008 -182.579 114.171 51.9995 185.385 
114.371 -130.306 -351.166 114.375 120.919 -319.474 114.4 -102.104 -351.652 
114.457 106.062 -59.0458 114.566 -162.456 -173.938 114.768 8.89849 184.337 
115.428 -51.2001 141.736 115.875 106.394 129.309 116.037 -140.619 40.6759 
116.117 97.706 145.402 116.169 -2.44675 -345.824 116.196 83.0653 -165.822 
116.855 104.077 -260.112 116.928 68.4127 -337.72 117.013 -162.043 -190.875 
117.395 110.752 -43.6036 117.541 82.6909 -149.304 117.572 -101.944 86.4386 
118.165 -4.8625 176.538 118.61 -61.9912 130.576 118.706 -30.7937 -349.043 
118.772 82.8069 -132.898 118.82 96.535 -245.231 119.638 -149.443 27.2418 
119.737 110.238 -330.185 119.887 -161.21 -208.055 119.891 40.4876 -340.681 
119.957 114.67 -27.802 120.272 -153.352 -114.473 120.336 -164.544 -254.69 
120.356 84.2715 -116.553 120.583 -152.452 -131.162 120.606 37.1915 185.786 
120.818 65.1559 177.127 120.892 -154.938 -97.823 120.91 89.2541 -228.611 
120.988 -59.1483 -352.056 120.995 -143.104 -347.676 121.043 117.519 -303.204 
121.256 -162.473 -271.364 121.35 -17.6259 167.249 121.454 -159.614 -287.934 
121.609 -156.312 -304.336 121.633 -151.935 -147.896 121.781 -111.525 73.007 
121.872 -72.3573 118.962 121.948 -152.973 -320.178 122.133 117.873 -11.7855 
122.404 -87.5256 -352.749 122.414 -149.539 -335.167 122.447 -160.373 -224.973 
122.605 -157.505 -81.4654 122.633 87.2991 -100.29 122.639 -115.471 -350.629 
122.727 93.5062 -82.3837 122.876 12.2972 -343.833 122.936 83.5128 -210.198 
123.269 -157.797 13.2332 123.311 -151.375 -164.7 123.841 83.0323 -335.797 
123.929 120.281 4.40343 124.194 -164.906 -50.8566 124.464 -29.6727 157.26 
124.594 -160.657 -65.4813 125.119 -159.133 -241.992 125.297 110.75 -287.328 
125.336 121.763 20.7789 125.378 -82.4644 106.785 125.523 80.3963 -192.813 
125.626 -16.0894 -347.229 125.726 22.0602 183.134 125.845 -166.166 -35.0716 
125.884 -150.912 -181.604 125.925 98.0857 -67.0851 125.98 76.9705 166.449 
126.169 -163.551 -2.31018 126.431 122.295 37.3014 126.519 -120.752 59.4392 
126.539 107.995 119.338 126.915 55.2561 -338.98 127.048 -165.852 -18.8307 
127.076 -130.195 47.5767 127.205 121.47 53.9403 127.47 113.142 103.396 
127.487 -41.1555 146.942 127.727 119.959 70.5718 127.863 117.282 87.1106 
128.135 -44.5282 -350.338 128.822 103.919 -271.963 128.871 -150.158 -198.655 
129.168 102.972 -51.7336 129.176 50.9476 179.752 129.212 -91.8955 93.4915 
129.357 -154.8 -260.435 129.429 -128.362 -348.351 129.579 78.0818 -175.05 
129.598 97.0556 -332.451 129.655 27.0911 -341.979 129.853 87.0454 153.595 
129.92 7.36709 177.91 130.211 -72.9658 -352.885 130.266 114.051 -317.798 
130.328 -138.681 34.1149 130.339 -51.8378 136.414 130.378 76.6216 -158.648 
130.44 -142.459 -121.967 130.442 -152.184 -277.194 130.672 -141.252 -138.58 
130.92 -101.183 -351.634 131.032 -149.271 -293.693 131.075 96.4552 -257.095 
131.195 75.6294 -142.273 131.277 -144.244 -105.463 131.721 -149.096 -215.648 
131.736 77.4969 -189.572 131.815 -146.304 -309.925 131.872 -140.487 -155.301 
131.931 85.7299 -89.3994 132.029 107.302 -36.0633 132.23 75.638 -125.97 
132.515 -1.31113 -345.406 132.614 89.3637 -242.632 132.718 -142.908 -325.499 
132.738 -157.59 -61.2608 132.85 -138.041 -339.071 133.264 95.3736 139.599 
133.323 -61.9735 125.452 133.627 -6.47446 170.567 133.876 -147.039 -89.0906 
134.013 -101.241 79.7456 134.036 70.2267 -337.229 134.055 -139.776 -172.103 
134.09 -146.925 20.1933 134.233 80.8426 -220.916 134.413 -147.683 -232.634 
134.457 110.702 -20.1539 134.584 76.8957 -110.143 134.853 77.1539 -203.77 
135.102 -29.8337 -348.56 135.455 35.6406 179.453 135.575 109.19 -300.725 
135.756 63.6495 171.02 136.109 89.0342 -74.6411 136.662 113.834 -4.1603 
136.712 -72.0407 113.749 136.741 42.02 -340.558 136.909 -158.985 -44.1729 
136.926 -145.984 -249.592 136.971 -139.177 -188.941 137.069 -19.5719 161.872 
137.531 101.208 125.724 137.618 -58.3966 -351.786 137.716 -154.187 5.53088 
138.416 116.193 12.042 138.489 -149.51 -72.303 138.569 -114.675 -349.115 
138.67 -143.787 -266.459 138.928 -127.972 42.0966 139.261 13.5717 -343.543 
139.275 -86.9764 -352.709 139.368 -159.903 -27.3931 139.412 78.0537 -95.7145 
139.427 -130.487 -129.238 139.611 -109.636 65.5676 139.691 117.37 28.4433 
139.754 -158.562 -10.5524 139.785 101.802 -284.265 139.795 -141.206 -283.106 
139.834 93.6416 -59.4604 139.881 -138.407 -205.767 140.074 -129.344 -145.786 
140.122 106.313 110.659 140.127 -31.7888 152.012 140.226 -132.349 -112.882 
140.481 -81.6449 100.918 140.574 85.1493 -333.907 140.637 117.241 45.0093 
140.749 20.3226 177.054 141.06 -138.571 -299.826 141.251 74.9896 160.159 
141.405 110.791 94.7288 141.409 116.203 61.6754 141.755 114.11 78.3039 
141.828 -128.596 -162.466 141.951 -15.0132 -346.833 142.248 -137.339 -222.467 
142.413 105.781 -316.766 142.678 -134.921 -96.6354 142.74 94.5919 -269.142 
142.799 -42.8068 141.557 142.882 -135.295 -317.803 142.994 67.3613 -151.482 
143.016 97.1768 -326.817 143.085 68.9698 -167.641 143.245 98.283 -44.0839 
143.315 -135.339 27.4029 143.333 66.4548 -135.23 143.411 -126.686 -342.313 
143.755 49.0357 173.131 143.764 -133.097 -328.066 143.791 70.1687 -183.332 
144.178 57.2396 -338.761 144.482 87.8177 -254.71 144.493 -128.046 -179.159 
144.531 -136.023 -239.198 144.687 -43.7516 -349.906 144.703 66.7618 -119.132 
144.881 -90.4722 87.1556 144.883 79.5958 -81.7546 145.036 -51.5213 132.334 
145.184 81.2108 -240.628 145.247 70.4436 -198.198 145.419 5.66484 172.422 
145.511 84.3337 146.885 145.687 75.9672 -227.444 145.738 72.1014 -213.246 
145.823 -149.935 -53.7264 145.832 -117.076 50.5294 146.193 102.244 -28.4033 
146.363 28.5711 -341.81 146.497 -134.347 -255.91 147.073 -72.4551 -352.754 
147.141 -137.347 -80.2376 147.414 -127.529 -195.735 147.535 -142.451 12.6003 
147.714 -101.281 -350.712 147.78 68.0066 -103.642 147.811 101.759 -304.021 
147.898 -118.079 -136.274 147.918 -61.1817 120.873 147.937 -119.469 -119.934 
148.13 -132.229 -272.575 148.744 105.788 -12.5736 148.793 -0.097589 -345.06 
149.115 83.2239 -66.7699 149.19 91.8641 132.682 149.366 -117.342 -152.764 
149.54 -8.6682 165.796 149.587 -121.492 -103.826 149.64 -129.86 -289.401 
149.703 -150.944 -36.5901 149.757 -98.502 72.9445 149.948 -126.785 -212.297 
150.267 33.7487 173.236 150.393 61.3681 164.085 150.473 97.7829 -295.105 
150.695 -148.112 -3.01342 150.921 108.898 3.39219 151.23 -123.686 35.1877 
151.404 -70.7544 108.252 151.426 72.8657 -335.746 151.441 -28.9443 -348.08 
151.696 -150.976 -19.5177 151.892 -116.822 -169.339 151.968 -127.082 -307.966 
152.138 -125.695 -228.866 152.256 97.9179 117.745 152.532 69.619 -88.9132 
152.607 111.127 19.5962 153.16 -22.2723 157.218 153.18 -138.68 -62.8656 
153.261 87.7722 -51.6008 153.327 56.0152 -144.388 153.567 -124.073 -87.8995 
153.6 90.9579 -280.862 153.691 55.5457 -128.181 153.706 111.954 36.0429 
153.959 96.3069 -318.139 153.964 43.887 -340.212 154.18 -124.31 -245.474 
154.313 103.083 102.187 154.316 -57.7811 -351.29 154.367 -114.841 -345.435 
154.514 57.8987 -160.415 154.614 111.439 52.7001 154.627 -105.625 58.226 
154.797 -116.439 -185.766 154.817 86.0406 -328.472 154.894 -122.952 -329.331 
155.151 59.6702 -176.357 155.248 109.912 69.4097 155.294 107.094 86.0014 
155.409 -79.3372 94.6691 155.471 56.2759 -112.093 155.585 84.1529 -266.554 
155.7 -106.748 -126.976 155.751 -129.876 19.8506 155.754 14.9643 -343.452 
155.852 72.0333 152.699 155.92 61.2911 -192.055 156.089 -122.659 -262.056 
156.114 -34.9894 146.023 156.115 18.6119 171.561 156.199 -86.974 -352.313 
156.347 63.2027 -207.509 156.356 -108.144 -111.007 156.427 -105.725 -143.174 
156.613 71.2182 -237.65 156.636 77.6725 -252.129 156.719 66.4695 -222.679 
157.089 92.1837 -36.3018 157.175 72.1361 -73.9341 157.273 -115.766 -202.158 
157.813 -120.65 -278.697 158.097 -140.196 -45.8717 158.106 -13.869 -346.458 
158.176 46.7708 166.301 158.587 -105.115 -159.586 158.941 -110.07 -95.2909 
159.148 -125.909 -71.5991 159.193 -111.787 42.927 159.195 58.0178 -96.5624 
159.524 -49.5033 129.762 159.532 -135.384 4.28542 159.586 -114.99 -218.595 
159.598 -86.9114 80.2825 159.951 -118.223 -296.148 159.954 92.1275 -305.877 
160.215 80.6869 139.327 160.335 96.2199 -20.7511 161.054 -42.9397 -349.541 
161.081 -140.643 -28.8966 161.088 3.61275 167.223 161.406 -139.008 -12.1841 
161.497 -104.737 -175.891 161.579 -113.821 -235.068 161.957 43.9051 -137.21 
161.996 59.8887 -337.077 162.025 76.0283 -58.8073 162.381 -59.7375 115.863 
162.477 43.7709 -120.874 162.906 99.9954 -5.09078 163.052 -115.405 -315.287 
163.126 45.3755 -153.276 163.264 -117.187 27.2419 163.372 30.2895 -341.809 
163.381 -95.2056 -118.204 163.45 -112.425 -251.544 163.466 -112.263 -79.7095 
163.518 -94.1146 -133.777 163.565 85.7455 -292.456 163.837 -71.9973 -352.199 
163.838 -93.7547 65.556 163.914 87.7423 124.751 163.976 60.3533 -81.3378 
164.223 -104.256 -192.161 164.402 -127.617 -54.9809 164.438 -96.3932 -103.014 
164.668 58.5509 156.763 164.74 -101.967 -347.617 164.784 45.0075 -104.635 
164.833 47.278 -169.19 164.838 103.125 10.8253 164.842 -93.2039 -149.951 
164.962 31.8225 166.698 165.017 1.26304 -344.896 165.152 -110.612 -268.051 
165.724 -10.7747 160.657 165.782 -110.81 -333.22 165.805 79.1219 -278.353 
165.83 49.3718 -185.193 165.843 84.4486 -318.875 166.069 -68.2514 102.209 
166.201 105.009 27.0912 166.356 73.7116 -329.565 166.504 51.9545 -201.174 
166.611 -103.604 -208.458 166.653 54.8567 -217.141 166.786 93.9076 109.534 
166.831 65.8084 -248.944 166.853 72.6053 -263.821 166.911 59.6465 -233.16 
166.974 -122.104 11.3878 167.007 80.5871 -43.7746 167.108 -108.449 -284.895 
167.189 105.469 43.6611 167.202 -92.4118 -166.205 167.319 -27.9135 -347.641 
167.556 -98.0733 -87.7297 167.571 -99.4445 50.2328 168.033 -128.492 -38.2747 
168.178 104.762 60.4302 168.344 98.9788 93.6187 168.493 -102.599 -224.799 
168.8 -114.03 -63.8285 168.825 30.8653 -129.979 168.927 102.844 77.2224 
168.952 47.2962 -88.8891 168.962 63.4368 -66.0059 169.356 -125.818 -4.88962 
169.458 -24.3195 151.142 169.574 31.8447 -146.253 169.646 67.9855 144.605 
169.655 -82.7689 -110.474 169.67 -127.882 -21.5614 169.69 -81.9579 -124.233 
169.834 -75.7271 87.8962 169.959 31.3447 -113.41 170.06 -106.23 -302.468 
170.221 -80.8 -140.208 170.29 -91.9549 -182.391 170.338 -101.512 -241.071 
170.724 -57.0272 -350.559 170.79 16.9568 164.5 170.908 -104.31 34.5171 
170.981 84.59 -28.298 170.986 -83.7751 -96.6833 171.674 33.6732 -162.23 
171.735 79.5284 -305.087 171.808 -100.022 -257.383 171.899 -37.2561 138.812 
172.059 -79.7464 -156.601 172.089 -99.7254 -72.2335 172.253 46.5611 -339.551 
172.302 44.3904 159.113 172.347 -86.2737 -349.47 172.385 16.4926 -343.414 
172.701 33.1375 -96.8969 172.793 -91.3144 -198.591 173.147 -115.211 -47.3679 
173.264 -103.16 -320.146 173.28 -81.9066 72.844 173.614 -98.0895 -273.839 
173.673 -108.377 18.4504 173.693 35.8456 -178.227 173.853 -48.6681 124.186 
173.976 50.1194 -73.342 174.021 -12.6547 -346.094 174.107 17.6758 -139.274 
174.111 75.6038 131.165 174.186 88.3772 -12.739 174.45 -67.9713 -130.232 
174.452 -85.2392 -80.7962 174.538 17.3113 -122.693 174.555 67.2732 -50.8515 
174.667 -69.299 -110.577 174.853 -90.5033 -214.796 174.864 -78.9426 -172.834 
174.969 73.08 -290.746 175.319 38.2306 -194.276 175.477 -66.7069 -146.987 
175.704 53.2419 -244.579 175.893 -115.294 -30.892 175.902 -97.7229 -337.046 
175.917 18.1863 -105.746 176.031 19.1739 -155.415 176.139 40.9042 -210.482 
176.204 92.292 2.71418 176.241 -112.069 2.1598 176.273 59.878 -260.715 
176.336 66.3811 -275.836 176.358 2.38398 160.052 176.412 -87.2733 57.456 
176.429 -96.2335 -290.607 176.455 -89.4941 -230.99 176.621 44.8648 -226.843 
176.657 71.2035 -318.208 176.682 -101.121 -56.2932 176.75 -114.122 -14.3412 
176.773 -70.6993 -90.7347 176.812 -57.2324 109.817 176.938 -41.7337 -348.803 
177.286 95.5116 18.3908 177.339 35.9144 -80.9214 177.435 60.3855 -330.005 
177.697 3.30029 -132.169 177.935 82.4229 116.49 177.94 -88.523 -247.024 
177.944 -54.848 -119.877 177.945 -65.6042 -163.309 177.948 -78.2663 -188.968 
178.079 54.8097 148.638 178.13 30.0099 158.165 178.287 -53.5916 -137.268 
178.29 97.3154 34.6228 178.336 3.11615 -115.294 178.621 -91.4185 41.5588 
178.881 4.4977 -148.554 178.902 21.2908 -171.369 179.183 -86.7213 -65.2393 
179.302 -56.1084 -101.348 179.383 20.7906 -88.8786 179.513 53.1189 -57.9712 
179.523 97.6596 51.2986 179.658 -94.08 -307.615 179.76 -87.2587 -263.079 
179.82 71.1131 -35.4582 179.985 -52.2692 -153.756 180.06 -11.3786 -125.003 
180.097 -70.9571 -350.195 180.15 -94.6694 25.3903 180.22 -77.3513 -205.147 
180.243 -40.1951 -127.496 180.311 -64.68 95.3642 180.411 -101.755 -40.0567 
180.453 88.6135 100.995 180.458 4.56841 -97.9156 180.535 -10.3645 -141.67 
180.553 96.0084 68.0961 180.724 -41.1999 -109.98 180.829 -38.8234 -144.195 
180.839 -72.2335 -74.2995 180.894 -25.2759 -134.633 180.91 32.1249 -340.63 
181.078 2.65299 -344.539 181.131 -11.4964 -107.892 181.134 93.3441 84.7639 
181.146 -26.2967 -117.704 181.268 23.4969 -187.385 181.358 -64.644 -179.461 
181.65 -11.1076 152.479 181.711 6.2508 -164.596 181.776 65.6479 -303.811 
181.995 -97.7879 9.22495 182.034 -76.5667 -221.236 182.051 -23.9202 -151.109 
182.053 -101.214 -23.6669 182.209 62.1233 135.97 182.219 -85.597 -279.202 
182.274 40.3421 -239.946 182.286 -57.6504 -83.8975 182.501 38.5986 -65.2749 
182.532 -99.9213 -7.21652 182.706 -26.341 -346.483 182.815 -8.83432 -157.83 
182.881 -51.0039 -169.961 183.03 73.6568 -19.2673 183.033 -90.7005 -324.359 
183.089 25.6091 -203.437 183.092 -26.658 -100.57 183.106 -37.4547 -160.494 
183.144 -42.4432 -92.8441 183.179 -70.6862 80.2767 183.219 -75.7894 -237.165 
183.259 -87.5311 -49.2535 183.643 16.4551 154.447 184.003 41.2968 149.786 
184.032 46.4069 -256.813 184.225 58.9268 -288.562 184.271 28.2937 -219.978 
184.3 -9.21753 -90.004 184.402 -63.5071 -195.689 184.405 23.871 -72.7449 
184.455 -24.4889 142.451 184.593 8.25125 -180.618 184.623 8.36521 -80.3945 
184.847 81.0227 11.2356 184.898 75.5662 -2.78632 184.901 -75.4069 -252.799 
184.915 52.4569 -272.858 185.112 56.2592 -42.4695 185.114 85.1241 26.0185 
185.258 -22.3729 -167.232 185.327 -73.2361 -58.4164 185.381 -83.8082 -295.515 
185.412 -75.4159 64.6029 185.782 -87.467 -32.9637 185.796 -83.8952 -341.473 
185.812 -7.07017 -173.898 185.942 -37.2998 130.545 186.296 -58.815 -67.578 
186.346 -55.2745 -348.073 186.394 -62.0805 -211.99 186.413 -27.9053 -84.4941 
186.43 56.7771 -317.18 186.433 68.6287 122.279 186.499 -35.9649 -176.674 
186.51 -49.6722 -186.15 186.532 -44.2285 -76.6933 186.728 86.6882 42.2122 
186.804 73.9386 15.9478 186.874 -86.6891 -16.5966 186.91 -46.9635 117.151 
186.944 10.3812 -196.712 187.071 40.977 -49.4669 187.105 28.9115 -235.585 
187.154 -79.1687 48.4991 187.161 -74.2635 -268.493 187.495 -81.7065 32.2611 
187.533 -85.4363 -0.250713 187.651 -18.7716 -79.2594 187.731 46.3691 -331.059 
187.736 47.9894 139.26 187.749 -83.763 16.0255 188.043 58.3534 -26.1521 
188.11 -60.5596 -228.221 188.115 86.1696 58.9178 188.268 73.5199 33.5224 
188.351 59.3052 -9.28447 188.467 -20.582 -183.354 188.477 -81.5401 -312.039 
188.504 12.601 -212.969 188.531 -4.18224 -71.4755 188.538 -73.4326 -42.3145 
188.603 25.9442 -56.7623 188.612 4.21162 147.447 188.643 -5.07313 -190.028 
188.701 -63.0431 -242.67 188.734 59.8332 7.7947 188.758 30.6385 146.763 
188.89 17.9662 -341.53 188.932 10.8815 -64.0477 188.972 -47.8894 -202.551 
189.325 60.0359 24.9701 189.54 84.2504 75.3645 189.664 32.4625 -252.574 
189.681 -11.2599 -344.121 189.705 -34.2635 -192.909 189.711 74.983 107.156 
189.715 -30.8948 -69.6057 189.78 42.847 -33.1846 189.922 44.9208 0.16119 
190.038 -59.2192 -51.5053 190.038 45.6609 16.9127 190.056 44.0324 -16.5476 
190.057 -53.6218 102.227 190.107 -72.9605 -25.9565 190.119 -72.643 -284.353 
190.379 -44.8377 -60.5279 190.428 80.4826 91.5001 190.53 15.1961 -229.555 
190.57 73.637 50.312 190.575 53.1354 125.953 190.644 -2.99197 -206.27 
190.672 -62.6407 -258.084 190.763 30.8221 9.15522 190.816 50.7219 -301.786 
190.882 -18.6413 -199.615 190.952 46.2994 33.6456 190.973 29.9071 -7.42345 
191.064 -45.4921 -219.127 191.131 60.3688 41.9395 191.177 -72.1437 -9.62726 
191.181 31.6826 25.6612 191.272 -16.9869 -62.3912 191.325 27.643 -40.4911 
191.565 28.8876 -23.959 191.598 37.7167 -269.484 191.607 -2.42606 -55.0952 
191.683 -32.1185 -209.339 191.709 12.4835 -47.8024 191.847 43.901 -285.613 
191.931 -77.8944 -327.896 192.065 16.8482 17.8677 192.126 15.8943 1.45259 
192.126 -58.9332 -35.2515 192.163 -52.5273 -247.001 192.265 -39.5169 -346.328 
192.324 -71.0263 6.50249 192.33 -0.395388 -222.603 192.373 -8.0541 138.797 
192.374 14.8663 -14.9726 192.378 72.9358 66.8827 192.39 19.8836 139.823 
192.647 36.8621 131.462 192.712 -30.5058 -53.3173 192.712 13.7772 -31.4027 
192.765 32.488 42.2201 192.808 -16.3143 -216.002 192.827 17.7207 34.2733 
192.876 60.5051 58.8428 192.956 -59.2792 87.0542 192.973 46.8798 50.4308 
193.018 1.87669 10.1912 193.061 0.848022 -6.12674 193.1 -44.7405 -44.3408 
193.114 58.3274 111.625 193.151 -1.24344 -38.7769 193.152 -69.7868 22.6643 
193.263 -70.6343 -300.173 193.294 -41.8942 -236.015 193.327 -0.17788 -22.4435 
193.357 2.90434 26.5165 193.357 -58.2691 -18.9684 193.404 -16.0294 -46.0682 
193.506 18.04 -247.423 193.568 -61.1393 -273.715 193.575 -63.2038 71.1814 
193.623 -65.8411 54.9383 193.653 -13.1775 2.61855 193.706 -29.4603 -225.842 
193.77 -68.1981 38.7529 193.803 -12.102 18.8794 193.922 70.5193 82.9648 
193.969 -14.1885 -13.6119 194.166 -68.14 -341.155 194.401 41.7064 116.848 
194.405 62.605 95.6799 194.41 -15.1213 -29.8289 194.453 -44.1582 -28.1353 
194.527 -29.9881 -37.1487 194.593 60.9657 76.4646 194.6 -57.4218 -2.80132 
194.604 47.3743 67.4828 194.624 3.86239 42.8237 194.626 33.1403 58.8104 
194.63 18.6237 50.661 194.761 -27.1433 11.3837 194.786 -10.9742 35.1188 
194.802 -28.2332 -4.77808 194.9 -21.2687 128.184 194.945 2.51677 -238.977 
195.02 -13.4128 -232.296 195.068 -26.0023 27.5597 195.071 -29.1928 -20.9431 
195.072 8.72342 131.767 195.178 -43.303 -11.9564 195.293 25.2346 123.843 
195.399 -56.3473 13.1951 195.469 -49.7095 -263.103 195.592 -42.3038 4.15217 
195.598 41.6596 -315.454 195.706 -41.1149 20.2236 195.741 45.8064 101.502 
195.807 -9.9197 51.3166 195.883 47.6647 84.8109 195.907 -54.984 29.2234 
195.925 -24.7633 43.6747 195.938 -68.4133 -316.361 195.968 4.67528 59.1169 
196.023 -39.7846 36.3005 196.068 -26.1276 -242.229 196.149 19.1277 67.0428 
196.193 33.4189 75.5979 196.324 -53.3581 45.2566 196.327 22.6197 -265.603 
196.378 -38.238 -252.477 196.552 29.5883 108.385 196.683 3.55304 -340.554 
196.687 -58.9302 -289.291 196.768 -23.5353 59.7659 196.824 -24.1185 -342.218 
196.847 -38.3126 52.2547 196.881 -9.04066 67.5619 196.938 -34.5614 118.244 
196.986 -42.8409 108.468 197.071 32.506 92.2611 197.097 -2.90446 123.113 
197.281 5.13797 75.3588 197.293 13.5384 115.851 197.346 -51.4509 61.1191 
197.457 -63.6841 -331.572 197.68 28.0509 -282.238 197.739 -10.2637 -247.956 
197.797 19.1199 83.5748 197.849 -46.0337 92.7951 197.92 31.0974 -327.365 
198.113 -36.668 68.0839 198.119 34.9782 -298.712 198.132 17.3811 100 
198.251 -48.9384 76.9883 198.255 -22.3782 75.7986 198.44 -11.8168 116.103 
198.494 -8.54779 83.8171 198.571 4.85658 91.7738 198.633 2.37894 107.871 
198.737 -47.1949 -278.742 198.88 7.16082 -260.938 199.143 -22.9043 -257.856 
199.377 -34.9262 83.8192 199.489 -8.94829 100.139 199.509 -35.1788 -268.204 
199.739 -21.3195 109.408 199.793 -56.5827 -304.783 199.976 -50.7084 -337.234 
200.016 -21.5023 92.1577 200.101 -7.38499 -261.306 200.439 -33.5191 100.09 
201.257 18.3869 -333.447 201.484 -54.1508 -320.692 201.581 11.8949 -278.508 
201.884 -44.2765 -294.112 201.966 -19.606 -272.505 202.381 -35.5313 -336.151 
202.408 -9.88841 -335.774 202.428 23.7142 -311.606 202.469 17.429 -294.96 
202.605 -3.98541 -275.327 202.607 -31.9106 -283.45 204.324 -41.5275 -309.614 
204.405 -38.8335 -324.791 204.774 -15.8367 -287.49 204.867 0.464734 -291.269 
205.145 4.19111 -327.332 205.529 -28.6269 -298.968 205.531 -23.8902 -329.904 
206.345 3.96913 -308.689 206.718 -26.0501 -314.786 206.798 -10.4715 -320.635 
206.906 -12.5278 -303.862 
POLYGONS 5944 23776
3 696 585 565 
3 585 494 565 
3 585 696 675 
3 565 711 696 
3 494 503 565 
3 494 585 491 
3 675 696 778 
3 582 585 675 
3 788 696 711 
3 565 638 711 
3 565 503 569 
3 494 440 503 
3 585 582 491 
3 428 494 491 
3 778 696 788 
3 762 675 778 
3 662 582 675 
3 801 788 711 
3 638 721 711 
3 638 565 569 
3 503 504 569 
3 440 446 503 
3 428 440 494 
3 582 483 491 
3 413 428 491 
3 874 778 788 
3 662 675 762 
3 762 778 859 
3 561 582 662 
3 788 801 882 
3 721 801 711 
3 638 640 721 
3 638 569 640 
3 504 564 569 
3 503 446 504 
3 440 393 446 
3 428 373 440 
3 483 413 491 
3 582 561 483 
3 413 358 428 
3 778 874 859 
3 874 788 882 
3 746 662 762 
3 844 762 859 
3 639 561 662 
3 801 892 882 
3 801 721 805 
3 640 725 721 
3 569 564 640 
3 504 490 564 
3 446 442 504 
3 393 394 446 
3 373 393 440 
3 358 373 428 
3 402 413 483 
3 561 470 483 
3 337 358 413 
3 874 958 859 
3 874 882 968 
3 639 662 746 
3 844 746 762 
3 942 844 859 
3 561 639 544 
3 882 892 979 
3 892 801 805 
3 721 725 805 
3 635 725 640 
3 564 635 640 
3 564 490 548 
3 442 490 504 
3 446 394 442 
3 393 355 394 
3 373 341 393 
3 358 312 373 
3 402 337 413 
3 470 402 483 
3 470 561 544 
3 337 276 358 
3 958 942 859 
3 958 874 968 
3 968 882 979 
3 714 639 746 
3 844 821 746 
3 925 844 942 
3 639 615 544 
3 892 987 979 
3 892 805 896 
3 805 725 814 
3 720 725 635 
3 564 548 635 
3 490 465 548 
3 442 424 490 
3 394 378 442 
3 355 353 394 
3 341 355 393 
3 312 341 373 
3 276 312 358 
3 320 337 402 
3 386 402 470 
3 456 470 544 
3 257 276 337 
3 958 1040 942 
3 958 968 1057 
3 1066 968 979 
3 615 639 714 
3 821 714 746 
3 821 844 925 
3 1026 925 942 
3 615 520 544 
3 979 987 1076 
3 892 896 987 
3 805 814 896 
3 725 720 814 
3 720 635 608 
3 635 548 608 
3 465 519 548 
3 490 424 465 
3 378 424 442 
3 394 353 378 
3 353 355 323 
3 341 314 355 
3 312 282 341 
3 276 246 312 
3 320 257 337 
3 386 320 402 
3 456 386 470 
3 520 456 544 
3 276 257 212 
3 1040 1026 942 
3 1040 958 1057 
3 1057 968 1066 
3 1066 979 1076 
3 687 615 714 
3 821 787 714 
3 887 821 925 
3 995 925 1026 
3 584 520 615 
3 987 1084 1076 
3 987 896 992 
3 814 900 896 
3 720 819 814 
3 720 608 730 
3 548 519 608 
3 431 519 465 
3 424 384 465 
3 378 356 424 
3 353 329 378 
3 355 314 323 
3 313 353 323 
3 282 314 341 
3 246 282 312 
3 246 276 212 
3 232 257 320 
3 320 386 291 
3 362 386 456 
3 422 456 520 
3 257 196 212 
3 1026 1040 1124 
3 1137 1040 1057 
3 1057 1066 1153 
3 1167 1066 1076 
3 687 584 615 
3 787 687 714 
3 787 821 887 
3 887 925 995 
3 995 1026 1102 
3 584 479 520 
3 1076 1084 1172 
3 1084 987 992 
3 896 900 992 
3 819 900 814 
3 819 720 730 
3 608 664 730 
3 519 574 608 
3 519 431 476 
3 384 431 465 
3 424 356 384 
3 329 356 378 
3 313 329 353 
3 314 298 323 
3 301 313 323 
3 314 282 274 
3 282 246 240 
3 203 246 212 
3 257 232 196 
3 232 320 291 
3 386 362 291 
3 422 362 456 
3 479 422 520 
3 212 196 175 
3 1124 1040 1137 
3 1026 1124 1102 
3 1137 1057 1153 
3 1066 1167 1153 
3 1167 1076 1172 
3 584 687 656 
3 763 687 787 
3 866 787 887 
3 967 887 995 
3 1070 995 1102 
3 547 479 584 
3 1084 1179 1172 
3 1088 1084 992 
3 900 997 992 
3 900 819 899 
3 813 819 730 
3 664 724 730 
3 574 664 608 
3 519 476 574 
3 431 377 476 
3 338 431 384 
3 356 303 384 
3 356 329 279 
3 329 313 272 
3 298 301 323 
3 298 314 274 
3 301 277 313 
3 274 282 240 
3 246 203 240 
3 203 212 175 
3 232 166 196 
3 207 232 291 
3 362 259 291 
3 322 362 422 
3 479 383 422 
3 196 124 175 
3 1124 1137 1222 
3 1124 1203 1102 
3 1137 1153 1238 
3 1167 1257 1153 
3 1167 1172 1267 
3 656 687 763 
3 547 584 656 
3 866 763 787 
3 967 866 887 
3 967 995 1070 
3 1173 1070 1102 
3 450 479 547 
3 1172 1179 1275 
3 1084 1088 1179 
3 997 1088 992 
3 900 899 997 
3 819 813 899 
3 724 813 730 
3 724 664 630 
3 664 574 630 
3 476 535 574 
3 476 377 438 
3 338 377 431 
3 303 338 384 
3 303 356 279 
3 329 272 279 
3 313 277 272 
3 301 298 296 
3 298 274 283 
3 277 301 289 
3 274 240 258 
3 240 203 210 
3 170 203 175 
3 166 124 196 
3 207 166 232 
3 259 207 291 
3 322 259 362 
3 383 322 422 
3 450 383 479 
3 175 124 114 
3 1222 1137 1238 
3 1203 1124 1222 
3 1203 1173 1102 
3 1238 1153 1248 
3 1153 1257 1248 
3 1257 1167 1267 
3 1172 1275 1267 
3 734 656 763 
3 547 656 622 
3 834 763 866 
3 939 866 967 
3 967 1070 1045 
3 1070 1173 1147 
3 510 450 547 
3 1179 1280 1275 
3 1179 1088 1183 
3 1088 997 1089 
3 997 899 996 
3 813 897 899 
3 813 724 806 
3 724 630 719 
3 574 535 630 
3 476 438 535 
3 377 334 438 
3 338 275 377 
3 303 237 338 
3 224 303 279 
3 272 230 279 
3 277 242 272 
3 298 283 296 
3 289 301 296 
3 283 274 258 
3 261 277 289 
3 258 240 210 
3 203 170 210 
3 170 175 114 
3 166 52 124 
3 103 166 207 
3 172 207 259 
3 217 259 322 
3 273 322 383 
3 348 383 450 
3 124 49 114 
3 1323 1222 1238 
3 1308 1203 1222 
3 1173 1203 1282 
3 1335 1238 1248 
3 1257 1347 1248 
3 1356 1257 1267 
3 1275 1362 1267 
3 656 734 622 
3 734 763 834 
3 510 547 622 
3 834 866 939 
3 939 967 1045 
3 1045 1070 1147 
3 1173 1255 1147 
3 450 510 407 
3 1280 1373 1275 
3 1179 1183 1280 
3 1183 1088 1089 
3 997 996 1089 
3 899 897 996 
3 897 813 806 
3 724 719 806 
3 630 597 719 
3 535 597 630 
3 535 438 500 
3 438 334 401 
3 275 334 377 
3 237 275 338 
3 224 237 303 
3 230 224 279 
3 242 230 272 
3 277 261 242 
3 296 283 309 
3 289 296 315 
3 283 258 284 
3 261 289 290 
3 258 210 244 
3 210 170 199 
3 153 170 114 
3 124 52 49 
3 166 103 52 
3 172 103 207 
3 217 172 259 
3 273 217 322 
3 348 273 383 
3 348 450 407 
3 49 96 114 
3 1323 1308 1222 
3 1335 1323 1238 
3 1203 1308 1282 
3 1255 1173 1282 
3 1347 1335 1248 
3 1347 1257 1356 
3 1362 1356 1267 
3 1373 1362 1275 
3 734 694 622 
3 799 734 834 
3 510 622 592 
3 834 939 903 
3 1014 939 1045 
3 1121 1045 1147 
3 1255 1226 1147 
3 510 469 407 
3 1280 1376 1373 
3 1280 1183 1284 
3 1185 1183 1089 
3 996 1092 1089 
3 897 998 996 
3 897 806 898 
3 719 809 806 
3 597 670 719 
3 597 535 500 
3 438 401 500 
3 334 286 401 
3 334 275 214 
3 275 237 184 
3 224 177 237 
3 224 230 182 
3 242 197 230 
3 261 213 242 
3 309 283 284 
3 296 309 315 
3 290 289 315 
3 258 244 284 
3 251 261 290 
3 244 210 199 
3 170 153 199 
3 96 153 114 
3 52 38 49 
3 103 37 52 
3 40 103 172 
3 217 94 172 
3 217 273 171 
3 273 348 234 
3 305 348 407 
3 49 42 96 
3 1308 1323 1406 
3 1323 1335 1422 
3 1308 1384 1282 
3 1360 1255 1282 
3 1433 1335 1347 
3 1347 1356 1446 
3 1356 1362 1457 
3 1362 1373 1463 
3 694 592 622 
3 799 694 734 
3 799 834 903 
3 592 567 510 
3 939 1014 903 
3 1121 1014 1045 
3 1226 1121 1147 
3 1226 1255 1332 
3 469 371 407 
3 469 510 567 
3 1373 1376 1467 
3 1376 1280 1284 
3 1183 1185 1284 
3 1092 1185 1089 
3 996 998 1092 
3 998 897 898 
3 806 809 898 
3 719 738 809 
3 670 738 719 
3 597 575 670 
3 575 597 500 
3 401 471 500 
3 401 286 369 
3 286 334 214 
3 275 184 214 
3 237 177 184 
3 177 224 182 
3 230 197 182 
3 213 197 242 
3 213 261 251 
3 324 309 284 
3 309 324 315 
3 336 290 315 
3 244 287 284 
3 251 290 302 
3 236 244 199 
3 153 201 199 
3 153 96 165 
3 49 38 42 
3 52 37 38 
3 40 37 103 
3 94 40 172 
3 94 217 171 
3 171 273 234 
3 348 305 234 
3 371 305 407 
3 96 42 106 
3 1406 1323 1422 
3 1384 1308 1406 
3 1335 1433 1422 
3 1384 1360 1282 
3 1332 1255 1360 
3 1433 1347 1446 
3 1446 1356 1457 
3 1457 1362 1463 
3 1373 1467 1463 
3 663 592 694 
3 694 799 770 
3 871 799 903 
3 592 663 567 
3 903 1014 974 
3 1081 1014 1121 
3 1193 1121 1226 
3 1304 1226 1332 
3 439 371 469 
3 534 469 567 
3 1376 1472 1467 
3 1376 1284 1381 
3 1185 1285 1284 
3 1092 1188 1185 
3 1092 998 1093 
3 998 898 999 
3 809 904 898 
3 738 815 809 
3 670 646 738 
3 575 646 670 
3 471 575 500 
3 471 401 369 
3 286 249 369 
3 186 286 214 
3 184 116 214 
3 177 110 184 
3 117 177 182 
3 197 144 182 
3 213 173 197 
3 213 251 205 
3 287 324 284 
3 315 324 354 
3 290 336 302 
3 336 315 354 
3 236 287 244 
3 254 251 302 
3 201 236 199 
3 153 165 201 
3 96 106 165 
3 42 38 33 
3 37 26 38 
3 25 37 40 
3 40 94 32 
3 94 171 32 
3 86 171 234 
3 305 204 234 
3 371 264 305 
3 106 42 43 
3 1406 1422 1509 
3 1384 1406 1491 
3 1422 1433 1522 
3 1360 1384 1466 
3 1439 1332 1360 
3 1433 1446 1534 
3 1446 1457 1547 
3 1457 1463 1555 
3 1463 1467 1560 
3 663 694 770 
3 799 871 770 
3 871 903 974 
3 663 628 567 
3 1014 1081 974 
3 1081 1121 1193 
3 1193 1226 1304 
3 1412 1304 1332 
3 439 340 371 
3 439 469 534 
3 628 534 567 
3 1467 1472 1567 
3 1472 1376 1381 
3 1284 1285 1381 
3 1185 1188 1285 
3 1092 1093 1188 
3 1093 998 999 
3 898 904 999 
3 815 904 809 
3 726 815 738 
3 646 726 738 
3 575 551 646 
3 471 551 575 
3 454 471 369 
3 249 342 369 
3 249 286 186 
3 116 186 214 
3 110 116 184 
3 177 117 110 
3 144 117 182 
3 173 144 197 
3 173 213 205 
3 205 251 254 
3 324 287 347 
3 324 347 354 
3 336 364 302 
3 380 336 354 
3 287 236 299 
3 326 254 302 
3 236 201 247 
3 201 165 218 
3 165 106 190 
3 38 26 33 
3 42 33 43 
3 37 25 26 
3 25 40 32 
3 171 28 32 
3 28 171 86 
3 204 86 234 
3 264 204 305 
3 371 340 264 
3 106 43 151 
3 1422 1522 1509 
3 1491 1406 1509 
3 1466 1384 1491 
3 1522 1433 1534 
3 1439 1360 1466 
3 1439 1412 1332 
3 1534 1446 1547 
3 1547 1457 1555 
3 1463 1560 1555 
3 1560 1467 1567 
3 731 663 770 
3 871 832 770 
3 940 871 974 
3 731 628 663 
3 1081 1046 974 
3 1155 1081 1193 
3 1265 1193 1304 
3 1375 1304 1412 
3 406 340 439 
3 439 534 496 
3 594 534 628 
3 1472 1573 1567 
3 1472 1381 1480 
3 1285 1383 1381 
3 1285 1188 1288 
3 1188 1093 1192 
3 1098 1093 999 
3 904 1003 999 
3 904 815 907 
3 816 815 726 
3 646 632 726 
3 551 632 646 
3 471 454 551 
3 342 454 369 
3 249 215 342 
3 158 249 186 
3 116 121 186 
3 77 116 110 
3 117 81 110 
3 144 93 117 
3 109 144 173 
3 159 173 205 
3 208 205 254 
3 347 287 299 
3 354 347 389 
3 364 326 302 
3 364 336 380 
3 380 354 389 
3 299 236 247 
3 326 266 254 
3 201 218 247 
3 165 190 218 
3 190 106 151 
3 26 20 33 
3 33 31 43 
3 25 14 26 
3 16 25 32 
3 28 16 32 
3 24 28 86 
3 204 48 86 
3 179 204 264 
3 340 238 264 
3 43 57 151 
3 1509 1522 1606 
3 1592 1491 1509 
3 1568 1466 1491 
3 1620 1522 1534 
3 1544 1439 1466 
3 1439 1518 1412 
3 1534 1547 1633 
3 1646 1547 1555 
3 1555 1560 1654 
3 1660 1560 1567 
3 832 731 770 
3 832 871 940 
3 1046 940 974 
3 689 628 731 
3 1081 1155 1046 
3 1265 1155 1193 
3 1375 1265 1304 
3 1486 1375 1412 
3 340 406 332 
3 406 439 496 
3 534 594 496 
3 689 594 628 
3 1567 1573 1663 
3 1573 1472 1480 
3 1381 1383 1480 
3 1285 1288 1383 
3 1188 1192 1288 
3 1093 1098 1192 
3 1003 1098 999 
3 904 907 1003 
3 815 816 907 
3 718 816 726 
3 632 718 726 
3 551 536 632 
3 551 454 536 
3 454 342 433 
3 215 319 342 
3 158 215 249 
3 121 158 186 
3 78 121 116 
3 77 78 116 
3 81 77 110 
3 117 93 81 
3 144 109 93 
3 109 173 159 
3 208 159 205 
3 266 208 254 
3 347 299 370 
3 389 347 370 
3 388 326 364 
3 364 380 418 
3 434 380 389 
3 299 247 316 
3 266 326 343 
3 247 218 268 
3 218 190 252 
3 219 190 151 
3 33 20 31 
3 26 14 20 
3 43 31 57 
3 16 14 25 
3 11 16 28 
3 24 11 28 
3 48 24 86 
3 204 179 48 
3 238 179 264 
3 238 340 332 
3 151 57 189 
3 1522 1620 1606 
3 1592 1509 1606 
3 1592 1568 1491 
3 1568 1544 1466 
3 1620 1534 1633 
3 1518 1439 1544 
3 1518 1486 1412 
3 1633 1547 1646 
3 1646 1555 1654 
3 1560 1660 1654 
3 1660 1567 1663 
3 784 731 832 
3 889 832 940 
3 1006 940 1046 
3 784 689 731 
3 1155 1118 1046 
3 1155 1265 1227 
3 1340 1265 1375 
3 1448 1375 1486 
3 406 436 332 
3 493 406 496 
3 594 559 496 
3 674 594 689 
3 1573 1676 1663 
3 1578 1573 1480 
3 1383 1484 1480 
3 1383 1288 1387 
3 1192 1289 1288 
3 1192 1098 1196 
3 1098 1003 1101 
3 907 1004 1003 
3 816 908 907 
3 816 718 811 
3 718 632 625 
3 632 536 625 
3 536 454 433 
3 342 319 433 
3 215 200 319 
3 158 120 215 
3 121 89 158 
3 78 89 121 
3 78 77 60 
3 61 77 81 
3 93 73 81 
3 109 79 93 
3 98 109 159 
3 208 163 159 
3 220 208 266 
3 299 316 370 
3 389 370 441 
3 326 388 343 
3 388 364 418 
3 418 380 434 
3 434 389 441 
3 247 268 316 
3 266 343 281 
3 218 295 268 
3 190 219 252 
3 218 252 295 
3 219 151 189 
3 20 18 31 
3 14 10 20 
3 31 35 57 
3 16 5 14 
3 5 16 11 
3 12 11 24 
3 27 24 48 
3 179 59 48 
3 179 238 162 
3 256 238 332 
3 57 127 189 
3 1620 1709 1606 
3 1694 1592 1606 
3 1568 1592 1677 
3 1544 1568 1648 
3 1620 1633 1720 
3 1518 1544 1624 
3 1486 1518 1594 
3 1633 1646 1732 
3 1743 1646 1654 
3 1660 1752 1654 
3 1660 1663 1759 
3 784 832 889 
3 889 940 1006 
3 1118 1006 1046 
3 689 784 735 
3 1118 1155 1227 
3 1265 1340 1227 
3 1340 1375 1448 
3 1448 1486 1559 
3 436 395 332 
3 436 406 493 
3 559 493 496 
3 559 594 674 
3 674 689 735 
3 1676 1769 1663 
3 1573 1578 1676 
3 1484 1578 1480 
3 1383 1387 1484 
3 1288 1289 1387 
3 1289 1192 1196 
3 1098 1101 1196 
3 1003 1004 1101 
3 907 908 1004 
3 908 816 811 
3 718 713 811 
3 713 718 625 
3 536 523 625 
3 523 536 433 
3 319 417 433 
3 200 292 319 
3 120 200 215 
3 89 120 158 
3 78 67 89 
3 77 61 60 
3 67 78 60 
3 73 61 81 
3 79 73 93 
3 79 109 98 
3 163 98 159 
3 163 208 220 
3 220 266 281 
3 316 387 370 
3 441 370 443 
3 343 388 408 
3 455 388 418 
3 477 418 434 
3 492 434 441 
3 316 268 345 
3 343 361 281 
3 268 295 345 
3 252 219 297 
3 295 252 335 
3 219 189 263 
3 31 18 35 
3 20 10 18 
3 14 5 10 
3 57 35 127 
3 3 5 11 
3 12 3 11 
3 27 12 24 
3 59 27 48 
3 59 179 162 
3 162 238 256 
3 395 256 332 
3 127 223 189 
3 1709 1694 1606 
3 1709 1620 1720 
3 1677 1592 1694 
3 1661 1568 1677 
3 1568 1661 1648 
3 1624 1544 1648 
3 1720 1633 1732 
3 1594 1518 1624 
3 1559 1486 1594 
3 1646 1743 1732 
3 1752 1743 1654 
3 1752 1660 1759 
3 1663 1769 1759 
3 850 784 889 
3 959 889 1006 
3 1118 1068 1006 
3 784 850 735 
3 1181 1118 1227 
3 1340 1298 1227 
3 1413 1340 1448 
3 1523 1448 1559 
3 395 436 513 
3 556 436 493 
3 493 559 606 
3 559 674 652 
3 674 735 798 
3 1769 1676 1778 
3 1578 1682 1676 
3 1484 1581 1578 
3 1484 1387 1485 
3 1387 1289 1389 
3 1289 1196 1291 
3 1101 1198 1196 
3 1101 1004 1103 
3 908 1005 1004 
3 912 908 811 
3 713 810 811 
3 621 713 625 
3 523 621 625 
3 417 523 433 
3 319 292 417 
3 200 160 292 
3 120 84 200 
3 89 76 120 
3 67 76 89 
3 61 71 60 
3 70 67 60 
3 66 61 73 
3 79 63 73 
3 69 79 98 
3 163 101 98 
3 181 163 220 
3 241 220 281 
3 370 387 443 
3 387 316 345 
3 507 441 443 
3 388 455 408 
3 361 343 408 
3 477 455 418 
3 492 477 434 
3 507 492 441 
3 361 311 281 
3 295 372 345 
3 219 263 297 
3 252 297 335 
3 372 295 335 
3 189 223 263 
3 18 23 35 
3 10 8 18 
3 5 1 10 
3 35 44 127 
3 1 5 3 
3 4 3 12 
3 27 15 12 
3 27 59 36 
3 36 59 162 
3 191 162 256 
3 395 339 256 
3 183 223 127 
3 1694 1709 1795 
3 1809 1709 1720 
3 1677 1694 1777 
3 1661 1677 1760 
3 1661 1748 1648 
3 1624 1648 1728 
3 1821 1720 1732 
3 1702 1594 1624 
3 1664 1559 1594 
3 1743 1832 1732 
3 1743 1752 1840 
3 1850 1752 1759 
3 1759 1769 1860 
3 959 850 889 
3 1068 959 1006 
3 1118 1181 1068 
3 735 850 798 
3 1298 1181 1227 
3 1298 1340 1413 
3 1413 1448 1523 
3 1632 1523 1559 
3 436 556 513 
3 466 395 513 
3 556 493 606 
3 559 652 606 
3 652 674 765 
3 765 674 798 
3 1676 1682 1778 
3 1875 1769 1778 
3 1578 1581 1682 
3 1581 1484 1485 
3 1387 1389 1485 
3 1289 1291 1389 
3 1196 1198 1291 
3 1101 1103 1198 
3 1004 1005 1103 
3 908 912 1005 
3 810 912 811 
3 713 708 810 
3 621 708 713 
3 621 523 515 
3 523 417 515 
3 292 405 417 
3 160 270 292 
3 84 160 200 
3 76 84 120 
3 76 67 65 
3 71 70 60 
3 61 66 71 
3 67 70 65 
3 63 66 73 
3 69 63 79 
3 101 69 98 
3 101 163 181 
3 181 220 241 
3 311 241 281 
3 387 462 443 
3 412 387 345 
3 517 507 443 
3 408 455 474 
3 430 361 408 
3 455 477 521 
3 477 492 545 
3 492 507 557 
3 311 361 374 
3 372 412 345 
3 263 350 297 
3 297 375 335 
3 409 372 335 
3 223 317 263 
3 35 23 44 
3 18 8 23 
3 10 1 8 
3 44 183 127 
3 0 1 3 
3 4 0 3 
3 15 4 12 
3 15 27 36 
3 36 162 191 
3 339 191 256 
3 466 339 395 
3 271 223 183 
3 1795 1709 1809 
3 1777 1694 1795 
3 1821 1809 1720 
3 1677 1777 1760 
3 1748 1661 1760 
3 1648 1748 1728 
3 1702 1624 1728 
3 1832 1821 1732 
3 1664 1594 1702 
3 1664 1632 1559 
3 1832 1743 1840 
3 1752 1850 1840 
3 1850 1759 1860 
3 1769 1875 1860 
3 918 850 959 
3 1029 959 1068 
3 1181 1139 1068 
3 850 918 798 
3 1253 1181 1298 
3 1298 1413 1365 
3 1478 1413 1523 
3 1591 1523 1632 
3 556 633 513 
3 466 513 586 
3 677 556 606 
3 652 728 606 
3 728 652 765 
3 873 765 798 
3 1682 1781 1778 
3 1886 1875 1778 
3 1581 1679 1682 
3 1576 1581 1485 
3 1389 1487 1485 
3 1389 1291 1390 
3 1198 1295 1291 
3 1103 1199 1198 
3 1005 1105 1103 
3 912 1007 1005 
3 914 912 810 
3 708 812 810 
3 621 612 708 
3 612 621 515 
3 417 405 515 
3 292 270 405 
3 270 160 123 
3 160 84 50 
3 84 76 58 
3 58 76 65 
3 71 90 70 
3 66 87 71 
3 70 82 65 
3 66 63 75 
3 63 69 64 
3 83 69 101 
3 101 181 133 
3 209 181 241 
3 269 241 311 
3 462 517 443 
3 387 412 462 
3 507 517 579 
3 455 521 474 
3 430 408 474 
3 361 430 374 
3 521 477 545 
3 492 557 545 
3 507 579 557 
3 344 311 374 
3 412 372 448 
3 350 375 297 
3 317 350 263 
3 375 409 335 
3 372 409 448 
3 223 271 317 
3 23 29 44 
3 8 13 23 
3 1 2 8 
3 44 107 183 
3 1 0 2 
3 9 0 4 
3 15 21 4 
3 41 15 36 
3 41 36 191 
3 339 262 191 
3 415 339 466 
3 229 271 183 
3 1795 1809 1896 
3 1777 1795 1877 
3 1809 1821 1909 
3 1777 1861 1760 
3 1847 1748 1760 
3 1728 1748 1833 
3 1811 1702 1728 
3 1821 1832 1920 
3 1779 1664 1702 
3 1747 1632 1664 
3 1930 1832 1840 
3 1850 1938 1840 
3 1949 1850 1860 
3 1860 1875 1962 
3 918 959 1029 
3 1139 1029 1068 
3 1139 1181 1253 
3 918 873 798 
3 1253 1298 1365 
3 1413 1478 1365 
3 1591 1478 1523 
3 1704 1591 1632 
3 513 633 586 
3 633 556 677 
3 541 466 586 
3 728 677 606 
3 728 765 841 
3 765 873 841 
3 1781 1886 1778 
3 1682 1679 1781 
3 1875 1886 1977 
3 1581 1576 1679 
3 1487 1576 1485 
3 1487 1389 1390 
3 1291 1295 1390 
3 1198 1199 1295 
3 1103 1105 1199 
3 1005 1007 1105 
3 912 914 1007 
3 812 914 810 
3 812 708 707 
3 708 612 707 
3 511 612 515 
3 405 511 515 
3 270 400 405 
3 160 50 123 
3 267 270 123 
3 84 58 50 
3 62 58 65 
3 70 90 82 
3 87 90 71 
3 87 66 75 
3 82 62 65 
3 75 63 64 
3 69 83 64 
3 83 101 133 
3 181 209 133 
3 209 241 269 
3 269 311 344 
3 462 539 517 
3 462 412 482 
3 579 517 593 
3 474 521 550 
3 497 430 474 
3 430 458 374 
3 521 545 590 
3 545 557 616 
3 579 634 557 
3 410 344 374 
3 412 448 482 
3 375 350 429 
3 317 396 350 
3 409 375 457 
3 448 409 480 
3 317 271 367 
3 29 107 44 
3 13 29 23 
3 8 2 13 
3 107 229 183 
3 2 0 6 
3 0 9 6 
3 21 9 4 
3 21 15 41 
3 262 41 191 
3 262 339 415 
3 415 466 541 
3 331 271 229 
3 1896 1809 1909 
3 1877 1795 1896 
3 1861 1777 1877 
3 1821 1920 1909 
3 1861 1847 1760 
3 1748 1847 1833 
3 1811 1728 1833 
3 1811 1779 1702 
3 1920 1832 1930 
3 1747 1664 1779 
3 1747 1704 1632 
3 1938 1930 1840 
3 1938 1850 1949 
3 1949 1860 1962 
3 1875 1977 1962 
3 984 918 1029 
3 1096 1029 1139 
3 1209 1139 1253 
3 984 873 918 
3 1322 1253 1365 
3 1478 1430 1365 
3 1549 1478 1591 
3 1657 1591 1704 
3 633 700 586 
3 751 633 677 
3 660 541 586 
3 793 677 728 
3 793 728 841 
3 873 948 841 
3 1886 1781 1880 
3 1679 1768 1781 
3 1977 1886 1992 
3 1679 1576 1672 
3 1576 1487 1579 
3 1487 1390 1488 
3 1295 1393 1390 
3 1199 1296 1295 
3 1105 1201 1199 
3 1007 1107 1105 
3 914 1010 1007 
3 914 812 916 
3 818 812 707 
3 612 610 707 
3 511 610 612 
3 400 511 405 
3 270 267 400 
3 50 53 123 
3 164 267 123 
3 58 55 50 
3 62 55 58 
3 90 111 82 
3 87 115 90 
3 100 87 75 
3 85 62 82 
3 74 75 64 
3 83 54 64 
3 99 83 133 
3 209 185 133 
3 248 209 269 
3 269 344 318 
3 517 539 593 
3 539 462 482 
3 654 579 593 
3 521 590 550 
3 497 474 550 
3 458 430 497 
3 458 410 374 
3 590 545 616 
3 557 634 616 
3 634 579 654 
3 379 344 410 
3 482 448 522 
3 350 396 429 
3 375 429 457 
3 396 317 367 
3 480 409 457 
3 448 480 522 
3 271 331 367 
3 29 39 107 
3 13 17 29 
3 2 7 13 
3 107 188 229 
3 2 6 7 
3 9 30 6 
3 9 21 56 
3 21 41 198 
3 41 262 198 
3 363 262 415 
3 488 415 541 
3 288 331 229 
3 1991 1896 1909 
3 1978 1877 1896 
3 1960 1861 1877 
3 1909 1920 2005 
3 1847 1861 1942 
3 1833 1847 1933 
3 1917 1811 1833 
3 1779 1811 1889 
3 1920 1930 2019 
3 1852 1747 1779 
3 1704 1747 1820 
3 1930 1938 2027 
3 1938 1949 2034 
3 2047 1949 1962 
3 1962 1977 2056 
3 1096 984 1029 
3 1209 1096 1139 
3 1322 1209 1253 
3 948 873 984 
3 1430 1322 1365 
3 1549 1430 1478 
3 1657 1549 1591 
3 1774 1657 1704 
3 700 660 586 
3 700 633 751 
3 751 677 793 
3 609 541 660 
3 911 793 841 
3 948 911 841 
3 1781 1768 1880 
3 1886 1880 1992 
3 1768 1679 1672 
3 1977 1992 2080 
3 1576 1579 1672 
3 1487 1488 1579 
3 1390 1393 1488 
3 1296 1393 1295 
3 1199 1201 1296 
3 1105 1107 1201 
3 1007 1010 1107 
3 1010 914 916 
3 812 818 916 
3 710 818 707 
3 610 710 707 
3 511 512 610 
3 511 400 512 
3 267 404 400 
3 53 164 123 
3 55 53 50 
3 164 278 267 
3 55 62 72 
3 111 85 82 
3 90 115 111 
3 87 100 115 
3 74 100 75 
3 62 85 72 
3 54 74 64 
3 54 83 99 
3 185 99 133 
3 185 209 248 
3 248 269 318 
3 344 379 318 
3 539 614 593 
3 539 482 563 
3 671 654 593 
3 590 627 550 
3 581 497 550 
3 458 497 531 
3 410 458 478 
3 666 590 616 
3 634 684 616 
3 634 654 702 
3 379 410 451 
3 482 522 563 
3 396 473 429 
3 429 499 457 
3 453 396 367 
3 480 457 533 
3 522 480 562 
3 331 421 367 
3 39 188 107 
3 17 39 29 
3 7 17 13 
3 188 288 229 
3 6 19 7 
3 6 30 19 
3 30 9 56 
3 56 21 198 
3 262 363 198 
3 363 415 488 
3 609 488 541 
3 331 288 391 
3 1991 1978 1896 
3 1991 1909 2005 
3 1978 1960 1877 
3 1861 1960 1942 
3 2005 1920 2019 
3 1847 1942 1933 
3 1917 1833 1933 
3 1889 1811 1917 
3 1852 1779 1889 
3 1930 2027 2019 
3 1747 1852 1820 
3 1774 1704 1820 
3 2027 1938 2034 
3 1949 2047 2034 
3 2047 1962 2056 
3 1977 2080 2056 
3 1054 984 1096 
3 1096 1209 1164 
3 1322 1276 1209 
3 948 984 1054 
3 1388 1322 1430 
3 1497 1430 1549 
3 1611 1549 1657 
3 1724 1657 1774 
3 660 700 775 
3 700 751 822 
3 863 751 793 
3 737 609 660 
3 863 793 911 
3 911 948 1020 
3 1880 1768 1859 
3 1880 2016 1992 
3 1766 1768 1672 
3 2080 1992 2101 
3 1579 1674 1672 
3 1488 1584 1579 
3 1393 1492 1488 
3 1393 1296 1394 
3 1201 1299 1296 
3 1107 1202 1201 
3 1010 1109 1107 
3 1013 1010 916 
3 818 920 916 
3 820 818 710 
3 610 613 710 
3 610 512 613 
3 400 404 512 
3 267 278 404 
3 53 104 164 
3 55 68 53 
3 164 195 278 
3 68 55 72 
3 111 113 85 
3 115 131 111 
3 100 125 115 
3 95 100 74 
3 85 92 72 
3 74 54 51 
3 46 54 99 
3 185 154 99 
3 185 248 231 
3 306 248 318 
3 379 366 318 
3 614 671 593 
3 539 563 614 
3 654 671 733 
3 627 581 550 
3 666 627 590 
3 531 497 581 
3 458 531 478 
3 451 410 478 
3 684 666 616 
3 684 634 702 
3 702 654 733 
3 432 379 451 
3 563 522 600 
3 473 499 429 
3 396 453 473 
3 457 499 533 
3 421 453 367 
3 480 533 562 
3 600 522 562 
3 421 331 391 
3 39 138 188 
3 17 34 39 
3 22 17 7 
3 188 253 288 
3 19 22 7 
3 30 180 19 
3 30 56 233 
3 300 56 198 
3 363 300 198 
3 363 488 449 
3 571 488 609 
3 288 360 391 
3 1978 1991 2076 
3 2097 1991 2005 
3 1960 1978 2055 
3 1960 2043 1942 
3 2104 2005 2019 
3 1933 1942 2030 
3 2018 1917 1933 
3 1996 1889 1917 
3 1965 1852 1889 
3 2019 2027 2111 
3 1852 1931 1820 
3 1891 1774 1820 
3 2120 2027 2034 
3 2047 2131 2034 
3 2138 2047 2056 
3 2080 2160 2056 
3 1054 1096 1164 
3 1209 1276 1164 
3 1276 1322 1388 
3 1020 948 1054 
3 1388 1430 1497 
3 1611 1497 1549 
3 1611 1657 1724 
3 1724 1774 1838 
3 700 822 775 
3 737 660 775 
3 822 751 863 
3 686 609 737 
3 971 863 911 
3 971 911 1020 
3 1768 1766 1859 
3 1946 1880 1859 
3 1992 2016 2101 
3 1880 1946 2016 
3 1674 1766 1672 
3 2187 2080 2101 
3 1584 1674 1579 
3 1492 1584 1488 
3 1492 1393 1394 
3 1296 1299 1394 
3 1201 1202 1299 
3 1107 1109 1202 
3 1010 1013 1109 
3 920 1013 916 
3 818 820 920 
3 715 820 710 
3 613 715 710 
3 512 518 613 
3 404 518 512 
3 278 414 404 
3 104 195 164 
3 68 104 53 
3 278 195 310 
3 88 68 72 
3 113 92 85 
3 131 113 111 
3 125 131 115 
3 125 100 95 
3 95 74 51 
3 92 88 72 
3 51 54 46 
3 154 46 99 
3 154 185 231 
3 231 248 306 
3 366 306 318 
3 366 379 432 
3 671 614 693 
3 563 645 614 
3 733 671 753 
3 581 627 665 
3 627 666 701 
3 531 581 607 
3 531 558 478 
3 525 451 478 
3 666 684 742 
3 684 702 757 
3 702 733 776 
3 501 432 451 
3 645 563 600 
3 499 473 549 
3 453 529 473 
3 499 580 533 
3 453 421 502 
3 533 605 562 
3 600 562 648 
3 472 421 391 
3 138 253 188 
3 34 138 39 
3 22 34 17 
3 253 360 288 
3 97 22 19 
3 180 97 19 
3 180 30 233 
3 233 56 300 
3 300 363 449 
3 488 571 449 
3 571 609 686 
3 360 452 391 
3 2076 1991 2097 
3 2055 1978 2076 
3 2104 2097 2005 
3 2043 1960 2055 
3 1942 2043 2030 
3 2104 2019 2111 
3 2018 1933 2030 
3 1996 1917 2018 
3 1996 1965 1889 
3 1965 1931 1852 
3 2027 2120 2111 
3 1931 1891 1820 
3 1838 1774 1891 
3 2131 2120 2034 
3 2131 2047 2138 
3 2160 2138 2056 
3 2080 2187 2160 
3 1128 1054 1164 
3 1164 1276 1235 
3 1276 1388 1346 
3 1020 1054 1128 
3 1455 1388 1497 
3 1497 1611 1563 
3 1673 1611 1724 
3 1787 1724 1838 
3 822 884 775 
3 849 737 775 
3 822 863 934 
3 686 737 800 
3 934 863 971 
3 1079 971 1020 
3 1766 1864 1859 
3 1951 1946 1859 
3 2016 2115 2101 
3 2016 1946 2035 
3 1674 1771 1766 
3 2187 2101 2199 
3 1584 1680 1674 
3 1584 1492 1587 
3 1492 1394 1493 
3 1299 1398 1394 
3 1299 1202 1303 
3 1202 1109 1206 
3 1013 1111 1109 
3 1013 920 1018 
3 820 923 920 
3 820 715 827 
3 624 715 613 
3 518 624 613 
3 414 518 404 
3 414 278 310 
3 104 156 195 
3 68 102 104 
3 195 228 310 
3 88 102 68 
3 113 118 92 
3 131 135 113 
3 125 136 131 
3 125 95 112 
3 80 95 51 
3 92 108 88 
3 47 51 46 
3 46 154 122 
3 227 154 231 
3 308 231 306 
3 366 376 306 
3 427 366 432 
3 614 645 693 
3 671 693 753 
3 733 753 831 
3 665 627 701 
3 581 665 607 
3 666 742 701 
3 558 531 607 
3 558 525 478 
3 525 501 451 
3 742 684 757 
3 702 776 757 
3 776 733 831 
3 487 432 501 
3 645 600 688 
3 473 529 549 
3 499 549 580 
3 529 453 502 
3 580 605 533 
3 421 472 502 
3 562 605 648 
3 688 600 648 
3 452 472 391 
3 222 253 138 
3 34 128 138 
3 34 22 45 
3 360 253 330 
3 22 97 45 
3 97 180 304 
3 180 233 357 
3 233 300 399 
3 399 300 449 
3 449 571 526 
3 647 571 686 
3 360 426 452 
3 2076 2097 2182 
3 2158 2055 2076 
3 2097 2104 2195 
3 2043 2055 2135 
3 2043 2125 2030 
3 2104 2111 2200 
3 2113 2018 2030 
3 2099 1996 2018 
3 1965 1996 2070 
3 1931 1965 2040 
3 2120 2205 2111 
3 1891 1931 2004 
3 1950 1838 1891 
3 2120 2131 2214 
3 2131 2138 2236 
3 2138 2160 2238 
3 2160 2187 2257 
3 1128 1164 1235 
3 1235 1276 1346 
3 1388 1455 1346 
3 1079 1020 1128 
3 1455 1497 1563 
3 1611 1673 1563 
3 1673 1724 1787 
3 1787 1838 1899 
3 884 849 775 
3 884 822 934 
3 737 849 800 
3 686 800 767 
3 934 971 1043 
3 971 1079 1043 
3 1864 1951 1859 
3 1766 1771 1864 
3 1946 1951 2035 
3 2101 2115 2199 
3 2115 2016 2035 
3 1674 1680 1771 
3 2274 2187 2199 
3 1680 1584 1587 
3 1587 1492 1493 
3 1394 1398 1493 
3 1299 1303 1398 
3 1202 1206 1303 
3 1109 1111 1206 
3 1111 1013 1018 
3 920 923 1018 
3 923 820 827 
3 715 732 827 
3 715 624 732 
3 518 530 624 
3 414 530 518 
3 435 414 310 
3 156 228 195 
3 102 156 104 
3 228 352 310 
3 119 102 88 
3 118 108 92 
3 135 118 113 
3 136 135 131 
3 136 125 112 
3 112 95 80 
3 80 51 47 
3 108 119 88 
3 47 46 122 
3 154 227 122 
3 308 227 231 
3 376 308 306 
3 376 366 427 
3 487 427 432 
3 693 645 716 
3 753 693 772 
3 753 845 831 
3 750 665 701 
3 607 665 698 
3 701 742 780 
3 659 558 607 
3 525 558 619 
3 501 525 588 
3 804 742 757 
3 757 776 830 
3 830 776 831 
3 487 501 577 
3 645 688 716 
3 529 601 549 
3 580 549 629 
3 529 502 583 
3 580 658 605 
3 502 472 555 
3 605 691 648 
3 688 648 744 
3 472 452 538 
3 253 222 330 
3 128 222 138 
3 128 34 45 
3 426 360 330 
3 97 255 45 
3 304 180 357 
3 255 97 304 
3 357 233 399 
3 399 449 526 
3 571 647 526 
3 647 686 767 
3 452 426 514 
3 2182 2097 2195 
3 2158 2076 2182 
3 2055 2158 2135 
3 2195 2104 2200 
3 2125 2043 2135 
3 2125 2113 2030 
3 2111 2205 2200 
3 2113 2099 2018 
3 1996 2099 2070 
3 2040 1965 2070 
3 1931 2040 2004 
3 2205 2120 2214 
3 1950 1891 2004 
3 1899 1838 1950 
3 2214 2131 2236 
3 2138 2238 2236 
3 2160 2257 2238 
3 2187 2274 2257 
3 1128 1235 1191 
3 1305 1235 1346 
3 1455 1415 1346 
3 1079 1128 1191 
3 1521 1455 1563 
3 1673 1628 1563 
3 1741 1673 1787 
3 1787 1899 1848 
3 849 884 957 
3 884 934 1000 
3 800 849 921 
3 800 875 767 
3 1000 934 1043 
3 1043 1079 1150 
3 1864 1959 1951 
3 1771 1869 1864 
3 1951 2045 2035 
3 2115 2211 2199 
3 2130 2115 2035 
3 1680 1776 1771 
3 2302 2274 2199 
3 1680 1587 1684 
3 1590 1587 1493 
3 1398 1496 1493 
3 1303 1401 1398 
3 1206 1310 1303 
3 1111 1211 1206 
3 1111 1018 1116 
3 923 1027 1018 
3 923 827 929 
3 732 838 827 
3 624 636 732 
3 530 636 624 
3 414 435 530 
3 352 435 310 
3 156 187 228 
3 102 146 156 
3 265 352 228 
3 119 146 102 
3 108 118 130 
3 135 142 118 
3 135 136 147 
3 136 112 129 
3 112 80 105 
3 91 80 47 
3 119 108 134 
3 137 47 122 
3 227 225 122 
3 321 227 308 
3 308 376 411 
3 376 427 411 
3 427 487 489 
3 693 716 772 
3 845 753 772 
3 845 915 831 
3 665 750 698 
3 750 701 780 
3 659 607 698 
3 742 804 780 
3 619 558 659 
3 588 525 619 
3 577 501 588 
3 804 757 830 
3 894 830 831 
3 487 577 568 
3 716 688 744 
3 549 601 629 
3 601 529 583 
3 658 580 629 
3 502 555 583 
3 605 658 691 
3 555 472 538 
3 648 691 744 
3 452 514 538 
3 222 325 330 
3 222 128 216 
3 128 45 216 
3 420 426 330 
3 45 255 216 
3 447 304 357 
3 255 304 403 
3 357 399 481 
3 481 399 526 
3 647 603 526 
3 647 767 722 
3 426 509 514 
3 2279 2182 2195 
3 2158 2182 2252 
3 2135 2158 2240 
3 2288 2195 2200 
3 2219 2125 2135 
3 2113 2125 2206 
3 2205 2295 2200 
3 2099 2113 2196 
3 2070 2099 2177 
3 2040 2070 2145 
3 2004 2040 2114 
3 2205 2214 2303 
3 2064 1950 2004 
3 1899 1950 2008 
3 2320 2214 2236 
3 2236 2238 2301 
3 2238 2257 2326 
3 2257 2274 2352 
3 1191 1235 1305 
3 1415 1305 1346 
3 1521 1415 1455 
3 1150 1079 1191 
3 1628 1521 1563 
3 1741 1628 1673 
3 1741 1787 1848 
3 1848 1899 1956 
3 957 884 1000 
3 849 957 921 
3 875 800 921 
3 767 875 839 
3 1000 1043 1112 
3 1112 1043 1150 
3 1951 1959 2045 
3 1864 1869 1959 
3 1771 1776 1869 
3 2045 2130 2035 
3 2211 2302 2199 
3 2115 2130 2211 
3 1680 1684 1776 
3 2302 2378 2274 
3 1587 1590 1684 
3 1496 1590 1493 
3 1401 1496 1398 
3 1303 1310 1401 
3 1211 1310 1206 
3 1211 1111 1116 
3 1018 1027 1116 
3 923 929 1027 
3 827 838 929 
3 748 838 732 
3 636 748 732 
3 636 530 546 
3 530 435 546 
3 352 464 435 
3 187 265 228 
3 146 187 156 
3 265 382 352 
3 146 119 145 
3 118 142 130 
3 108 130 134 
3 142 135 147 
3 136 129 147 
3 129 112 105 
3 80 91 105 
3 91 47 137 
3 119 134 145 
3 225 137 122 
3 225 227 321 
3 321 308 411 
3 411 427 489 
3 489 487 568 
3 716 791 772 
3 857 845 772 
3 915 894 831 
3 915 845 927 
3 750 795 698 
3 840 750 780 
3 755 659 698 
3 804 865 780 
3 619 659 712 
3 588 619 679 
3 667 577 588 
3 881 804 830 
3 894 881 830 
3 577 657 568 
3 791 716 744 
3 629 601 682 
3 668 601 583 
3 703 658 629 
3 555 642 583 
3 691 658 743 
3 623 555 538 
3 691 774 744 
3 514 599 538 
3 325 420 330 
3 325 222 216 
3 420 509 426 
3 255 365 216 
3 304 447 403 
3 447 357 481 
3 365 255 403 
3 603 481 526 
3 603 647 722 
3 722 767 839 
3 509 596 514 
3 2252 2182 2279 
3 2288 2279 2195 
3 2240 2158 2252 
3 2219 2135 2240 
3 2295 2288 2200 
3 2206 2125 2219 
3 2196 2113 2206 
3 2295 2205 2303 
3 2177 2099 2196 
3 2145 2070 2177 
3 2040 2145 2114 
3 2064 2004 2114 
3 2214 2320 2303 
3 2008 1950 2064 
3 1899 2008 1956 
3 2320 2236 2345 
3 2238 2326 2301 
3 2236 2301 2345 
3 2257 2352 2326 
3 2274 2378 2352 
3 1259 1191 1305 
3 1415 1368 1305 
3 1415 1521 1477 
3 1259 1150 1191 
3 1521 1628 1586 
3 1695 1628 1741 
3 1805 1741 1848 
3 1915 1848 1956 
3 957 1000 1065 
3 957 1031 921 
3 985 875 921 
3 875 949 839 
3 1065 1000 1112 
3 1112 1150 1219 
3 1959 2054 2045 
3 1869 1967 1959 
3 1776 1876 1869 
3 2045 2140 2130 
3 2302 2211 2319 
3 2211 2130 2231 
3 1684 1782 1776 
3 2378 2302 2402 
3 1590 1690 1684 
3 1590 1496 1596 
3 1499 1496 1401 
3 1310 1404 1401 
3 1211 1312 1310 
3 1217 1211 1116 
3 1027 1127 1116 
3 929 1034 1027 
3 838 938 929 
3 748 853 838 
3 748 636 655 
3 636 546 655 
3 435 464 546 
3 352 382 464 
3 187 221 265 
3 187 146 169 
3 382 265 327 
3 146 145 169 
3 142 150 130 
3 130 143 134 
3 142 147 152 
3 129 149 147 
3 129 105 139 
3 105 91 126 
3 91 137 192 
3 134 141 145 
3 137 225 260 
3 225 321 346 
3 321 411 425 
3 506 411 489 
3 570 489 568 
3 791 857 772 
3 845 857 927 
3 894 915 978 
3 994 915 927 
3 795 755 698 
3 795 750 840 
3 865 840 780 
3 712 659 755 
3 865 804 881 
3 679 619 712 
3 667 588 679 
3 657 577 667 
3 964 881 894 
3 657 653 568 
3 825 791 744 
3 601 668 682 
3 703 629 682 
3 642 668 583 
3 658 703 743 
3 555 623 642 
3 691 743 774 
3 599 623 538 
3 774 825 744 
3 514 596 599 
3 459 420 325 
3 365 325 216 
3 420 537 509 
3 403 447 527 
3 447 481 566 
3 365 403 485 
3 481 603 566 
3 681 603 722 
3 794 722 839 
3 596 509 617 
3 2298 2252 2279 
3 2279 2288 2377 
3 2321 2240 2252 
3 2317 2219 2240 
3 2288 2295 2375 
3 2305 2206 2219 
3 2196 2206 2294 
3 2380 2295 2303 
3 2272 2177 2196 
3 2249 2145 2177 
3 2114 2145 2222 
3 2064 2114 2185 
3 2303 2320 2390 
3 2112 2008 2064 
3 2008 2062 1956 
3 2410 2320 2345 
3 2326 2392 2301 
3 2301 2392 2345 
3 2352 2418 2326 
3 2352 2378 2445 
3 1368 1259 1305 
3 1368 1415 1477 
3 1477 1521 1586 
3 1150 1259 1219 
3 1628 1695 1586 
3 1695 1741 1805 
3 1805 1848 1915 
3 2024 1915 1956 
3 1031 957 1065 
3 1031 985 921 
3 949 875 985 
3 949 909 839 
3 1065 1112 1174 
3 1174 1112 1219 
3 2045 2054 2140 
3 1959 1967 2054 
3 1869 1876 1967 
3 1776 1782 1876 
3 2130 2140 2231 
3 2211 2231 2319 
3 2402 2302 2319 
3 1684 1690 1782 
3 2378 2402 2484 
3 1590 1596 1690 
3 1496 1499 1596 
3 1404 1499 1401 
3 1310 1312 1404 
3 1312 1211 1217 
3 1127 1217 1116 
3 1034 1127 1027 
3 929 938 1034 
3 838 853 938 
3 748 764 853 
3 764 748 655 
3 546 572 655 
3 464 572 546 
3 382 486 464 
3 265 221 327 
3 221 187 169 
3 423 382 327 
3 145 157 169 
3 150 143 130 
3 150 142 152 
3 143 141 134 
3 147 149 152 
3 149 129 139 
3 139 105 126 
3 126 91 192 
3 192 137 260 
3 141 157 145 
3 225 346 260 
3 346 321 425 
3 411 506 425 
3 570 506 489 
3 653 570 568 
3 857 791 876 
3 857 943 927 
3 978 915 994 
3 964 894 978 
3 1012 994 927 
3 795 858 755 
3 795 840 890 
3 840 865 930 
3 824 712 755 
3 865 881 951 
3 679 712 786 
3 667 679 766 
3 657 667 752 
3 881 964 951 
3 653 657 747 
3 791 825 876 
3 668 749 682 
3 769 703 682 
3 668 642 729 
3 743 703 785 
3 642 623 704 
3 774 743 823 
3 599 690 623 
3 825 774 854 
3 599 596 678 
3 420 459 537 
3 365 459 325 
3 509 537 617 
3 527 447 566 
3 485 403 527 
3 459 365 485 
3 603 681 566 
3 794 681 722 
3 909 794 839 
3 692 596 617 
3 2298 2321 2252 
3 2298 2279 2384 
3 2377 2288 2375 
3 2384 2279 2377 
3 2317 2240 2321 
3 2305 2219 2317 
3 2375 2295 2380 
3 2294 2206 2305 
3 2272 2196 2294 
3 2380 2303 2390 
3 2272 2249 2177 
3 2145 2249 2222 
3 2185 2114 2222 
3 2112 2064 2185 
3 2320 2410 2390 
3 2008 2112 2062 
3 2062 2024 1956 
3 2410 2345 2441 
3 2418 2392 2326 
3 2345 2392 2441 
3 2352 2445 2418 
3 2445 2378 2484 
3 1327 1259 1368 
3 1436 1368 1477 
3 1548 1477 1586 
3 1219 1259 1327 
3 1586 1695 1653 
3 1758 1695 1805 
3 1866 1805 1915 
3 2024 1974 1915 
3 1031 1065 1136 
3 1031 1095 985 
3 1056 949 985 
3 909 949 1023 
3 1136 1065 1174 
3 1286 1174 1219 
3 2054 2152 2140 
3 1967 2061 2054 
3 1876 1973 1967 
3 1782 1879 1876 
3 2140 2244 2231 
3 2231 2327 2319 
3 2416 2402 2319 
3 1690 1785 1782 
3 2402 2503 2484 
3 1596 1693 1690 
3 1499 1598 1596 
3 1404 1505 1499 
3 1312 1414 1404 
3 1312 1217 1319 
3 1217 1127 1225 
3 1134 1127 1034 
3 938 1041 1034 
3 853 953 938 
3 764 864 853 
3 673 764 655 
3 572 673 655 
3 464 486 572 
3 382 423 486 
3 221 293 327 
3 206 221 169 
3 385 423 327 
3 157 206 169 
3 143 150 148 
3 155 150 152 
3 141 143 132 
3 149 161 152 
3 168 149 139 
3 139 126 178 
3 235 126 192 
3 333 192 260 
3 157 141 140 
3 260 346 392 
3 445 346 425 
3 506 532 425 
3 506 570 554 
3 570 653 641 
3 943 857 876 
3 943 1012 927 
3 978 994 1067 
3 1052 964 978 
3 994 1012 1082 
3 858 824 755 
3 858 795 890 
3 890 840 930 
3 930 865 951 
3 712 824 786 
3 766 679 786 
3 667 766 752 
3 747 657 752 
3 964 1038 951 
3 653 747 745 
3 876 825 893 
3 749 769 682 
3 668 729 749 
3 703 769 785 
3 642 704 729 
3 743 785 823 
3 623 690 704 
3 774 823 854 
3 690 599 678 
3 825 854 893 
3 596 692 678 
3 537 459 573 
3 617 537 649 
3 644 527 566 
3 485 527 602 
3 573 459 485 
3 681 644 566 
3 759 681 794 
3 794 909 870 
3 692 617 727 
3 2321 2298 2395 
3 2395 2298 2384 
3 2377 2375 2457 
3 2384 2377 2463 
3 2399 2317 2321 
3 2394 2305 2317 
3 2446 2375 2380 
3 2386 2294 2305 
3 2372 2272 2294 
3 2449 2380 2390 
3 2249 2272 2350 
3 2249 2324 2222 
3 2285 2185 2222 
3 2208 2112 2185 
3 2390 2410 2467 
3 2112 2174 2062 
3 2024 2062 2129 
3 2495 2410 2441 
3 2392 2418 2485 
3 2392 2485 2441 
3 2418 2445 2512 
3 2445 2484 2557 
3 1327 1368 1436 
3 1436 1477 1548 
3 1548 1586 1653 
3 1286 1219 1327 
3 1653 1695 1758 
3 1758 1805 1866 
3 1974 1866 1915 
3 1974 2024 2086 
3 1095 1031 1136 
3 1095 1056 985 
3 949 1056 1023 
3 909 1023 975 
3 1136 1174 1246 
3 1174 1286 1246 
3 2140 2152 2244 
3 2054 2061 2152 
3 1967 1973 2061 
3 1876 1879 1973 
3 1782 1785 1879 
3 2231 2244 2327 
3 2327 2416 2319 
3 2402 2416 2503 
3 1690 1693 1785 
3 2484 2503 2589 
3 1596 1598 1693 
3 1499 1505 1598 
3 1414 1505 1404 
3 1312 1319 1414 
3 1319 1217 1225 
3 1127 1134 1225 
3 1041 1134 1034 
3 938 953 1041 
3 853 864 953 
3 764 779 864 
3 673 779 764 
3 572 591 673 
3 486 591 572 
3 423 516 486 
3 293 385 327 
3 206 293 221 
3 385 460 423 
3 206 157 193 
3 150 155 148 
3 132 143 148 
3 161 155 152 
3 140 141 132 
3 161 149 168 
3 168 139 178 
3 126 235 178 
3 235 192 333 
3 333 260 392 
3 157 140 193 
3 346 445 392 
3 532 445 425 
3 532 506 554 
3 570 641 554 
3 641 653 745 
3 956 943 876 
3 943 1030 1012 
3 1067 994 1082 
3 1052 978 1067 
3 964 1052 1038 
3 1012 1104 1082 
3 824 858 928 
3 858 890 961 
3 890 930 989 
3 930 951 1024 
3 824 888 786 
3 869 766 786 
3 752 766 855 
3 747 752 847 
3 951 1038 1024 
3 747 842 745 
3 956 876 893 
3 769 749 829 
3 749 729 803 
3 785 769 846 
3 729 704 789 
3 922 823 785 
3 704 690 777 
3 823 910 854 
3 768 690 678 
3 854 926 893 
3 692 771 678 
3 537 573 649 
3 617 649 727 
3 527 644 602 
3 573 485 602 
3 759 644 681 
3 759 794 870 
3 870 909 975 
3 797 692 727 
3 2399 2321 2395 
3 2395 2384 2473 
3 2375 2446 2457 
3 2463 2377 2457 
3 2473 2384 2463 
3 2317 2399 2398 
3 2386 2305 2394 
3 2317 2398 2394 
3 2449 2446 2380 
3 2386 2372 2294 
3 2350 2272 2372 
3 2449 2390 2467 
3 2324 2249 2350 
3 2324 2285 2222 
3 2285 2208 2185 
3 2174 2112 2208 
3 2410 2495 2467 
3 2062 2174 2129 
3 2024 2129 2086 
3 2528 2495 2441 
3 2418 2512 2485 
3 2485 2528 2441 
3 2512 2445 2557 
3 2484 2589 2557 
3 1396 1327 1436 
3 1504 1436 1548 
3 1613 1548 1653 
3 1286 1327 1396 
3 1717 1653 1758 
3 1825 1758 1866 
3 1866 1974 1934 
3 2037 1974 2086 
3 1207 1095 1136 
3 1095 1163 1056 
3 1023 1056 1129 
3 1023 1087 975 
3 1207 1136 1246 
3 1246 1286 1355 
3 2152 2250 2244 
3 2061 2165 2152 
3 1973 2069 2061 
3 1973 1879 1979 
3 1879 1785 1883 
3 2244 2337 2327 
3 2416 2327 2431 
3 2416 2515 2503 
3 1693 1791 1785 
3 2503 2614 2589 
3 1598 1696 1693 
3 1505 1601 1598 
3 1505 1414 1513 
3 1319 1419 1414 
3 1325 1319 1225 
3 1134 1233 1225 
3 1134 1041 1142 
3 953 1050 1041 
3 864 963 953 
3 779 878 864 
3 779 673 695 
3 673 591 695 
3 516 591 486 
3 460 516 423 
3 385 293 390 
3 206 280 293 
3 460 385 390 
3 280 206 193 
3 155 174 148 
3 167 132 148 
3 155 161 194 
3 140 132 176 
3 161 168 211 
3 245 168 178 
3 235 285 178 
3 333 285 235 
3 461 333 392 
3 193 140 202 
3 445 498 392 
3 498 445 532 
3 626 532 554 
3 641 626 554 
3 723 641 745 
3 943 956 1030 
3 1012 1030 1104 
3 1067 1082 1162 
3 1052 1067 1145 
3 1038 1052 1132 
3 1082 1104 1177 
3 928 858 961 
3 888 824 928 
3 961 890 989 
3 989 930 1024 
3 888 869 786 
3 766 869 855 
3 847 752 855 
3 842 747 847 
3 1038 1115 1024 
3 745 842 828 
3 956 893 970 
3 749 803 829 
3 769 829 846 
3 729 789 803 
3 785 846 922 
3 704 777 789 
3 922 910 823 
3 690 768 777 
3 910 926 854 
3 771 768 678 
3 893 926 970 
3 692 797 771 
3 649 573 680 
3 727 649 761 
3 644 717 602 
3 573 602 680 
3 759 717 644 
3 833 759 870 
3 944 870 975 
3 797 727 837 
3 2399 2395 2478 
3 2478 2395 2473 
3 2446 2517 2457 
3 2463 2457 2535 
3 2544 2473 2463 
3 2398 2399 2483 
3 2386 2394 2482 
3 2481 2394 2398 
3 2446 2449 2510 
3 2372 2386 2468 
3 2448 2350 2372 
3 2449 2467 2514 
3 2324 2350 2429 
3 2370 2285 2324 
3 2280 2208 2285 
3 2174 2208 2280 
3 2495 2534 2467 
3 2129 2174 2243 
3 2129 2197 2086 
3 2495 2528 2571 
3 2485 2512 2572 
3 2485 2572 2528 
3 2618 2512 2557 
3 2589 2670 2557 
3 1396 1436 1504 
3 1613 1504 1548 
3 1613 1653 1717 
3 1355 1286 1396 
3 1717 1758 1825 
3 1825 1866 1934 
3 1934 1974 2037 
3 2146 2037 2086 
3 1163 1095 1207 
3 1056 1163 1129 
3 1023 1129 1087 
3 1087 1049 975 
3 1316 1207 1246 
3 1316 1246 1355 
3 2244 2250 2337 
3 2152 2165 2250 
3 2069 2165 2061 
3 2069 1973 1979 
3 1879 1883 1979 
3 1785 1791 1883 
3 2327 2337 2431 
3 2515 2416 2431 
3 2515 2614 2503 
3 1693 1696 1791 
3 2614 2710 2589 
3 1598 1601 1696 
3 1505 1513 1601 
3 1414 1419 1513 
3 1325 1419 1319 
3 1233 1325 1225 
3 1134 1142 1233 
3 1041 1050 1142 
3 953 963 1050 
3 878 963 864 
3 779 792 878 
3 792 779 695 
3 591 611 695 
3 591 516 611 
3 516 460 542 
3 293 280 390 
3 390 467 460 
3 280 193 294 
3 174 167 148 
3 174 155 194 
3 176 132 167 
3 194 161 211 
3 140 176 202 
3 211 168 245 
3 285 245 178 
3 285 333 419 
3 419 333 461 
3 498 461 392 
3 193 202 294 
3 598 498 532 
3 598 532 626 
3 626 641 723 
3 723 745 828 
3 1030 956 1042 
3 1104 1030 1117 
3 1082 1177 1162 
3 1145 1067 1162 
3 1132 1052 1145 
3 1115 1038 1132 
3 1104 1195 1177 
3 928 961 1037 
3 888 928 1008 
3 961 989 1063 
3 1090 989 1024 
3 869 888 981 
3 869 962 855 
3 847 855 952 
3 941 842 847 
3 1115 1090 1024 
3 842 932 828 
3 956 970 1042 
3 829 803 885 
3 829 905 846 
3 789 877 803 
3 905 922 846 
3 789 777 861 
3 910 922 991 
3 777 768 852 
3 926 910 986 
3 768 771 851 
3 926 986 970 
3 771 797 872 
3 649 680 761 
3 727 761 837 
3 602 717 680 
3 759 833 717 
3 833 870 944 
3 1049 944 975 
3 906 797 837 
3 2483 2399 2478 
3 2478 2473 2549 
3 2457 2517 2535 
3 2517 2446 2510 
3 2544 2463 2535 
3 2473 2544 2549 
3 2481 2398 2483 
3 2394 2481 2482 
3 2468 2386 2482 
3 2510 2449 2514 
3 2448 2372 2468 
3 2350 2448 2429 
3 2467 2534 2514 
3 2411 2324 2429 
3 2376 2285 2370 
3 2370 2324 2411 
3 2280 2285 2376 
3 2243 2174 2280 
3 2534 2495 2571 
3 2197 2129 2243 
3 2197 2146 2086 
3 2571 2528 2610 
3 2512 2618 2572 
3 2528 2572 2610 
3 2670 2618 2557 
3 2710 2670 2589 
3 1461 1396 1504 
3 1613 1569 1504 
3 1678 1613 1717 
3 1355 1396 1461 
3 1784 1717 1825 
3 1893 1825 1934 
3 1999 1934 2037 
3 2037 2146 2107 
3 1163 1207 1273 
3 1129 1163 1236 
3 1087 1129 1197 
3 1049 1087 1157 
3 1207 1316 1273 
3 1423 1316 1355 
3 2250 2348 2337 
3 2165 2260 2250 
3 2165 2069 2169 
3 2069 1979 2075 
3 1883 1982 1979 
3 1791 1890 1883 
3 2337 2442 2431 
3 2536 2515 2431 
3 2515 2631 2614 
3 1696 1796 1791 
3 2614 2731 2710 
3 1601 1700 1696 
3 1513 1610 1601 
3 1419 1519 1513 
3 1419 1325 1425 
3 1325 1233 1331 
3 1142 1242 1233 
3 1050 1151 1142 
3 1050 963 1062 
3 963 878 976 
3 878 792 891 
3 709 792 695 
3 611 709 695 
3 516 542 611 
3 460 467 542 
3 390 280 397 
3 484 467 390 
3 397 280 294 
3 226 167 174 
3 174 194 250 
3 176 167 239 
3 194 211 307 
3 176 243 202 
3 211 245 349 
3 245 285 381 
3 381 285 419 
3 540 419 461 
3 461 498 576 
3 202 328 294 
3 498 598 576 
3 598 626 699 
3 626 723 699 
3 802 723 828 
3 1117 1030 1042 
3 1104 1117 1195 
3 1162 1177 1261 
3 1247 1145 1162 
3 1132 1145 1229 
3 1115 1132 1215 
3 1177 1195 1279 
3 1037 961 1063 
3 1008 928 1037 
3 888 1008 981 
3 989 1090 1063 
3 962 869 981 
3 855 962 952 
3 941 847 952 
3 932 842 941 
3 1090 1115 1190 
3 828 932 919 
3 970 1055 1042 
3 803 877 885 
3 905 829 885 
3 877 789 861 
3 922 905 988 
3 861 777 852 
3 922 988 991 
3 986 910 991 
3 768 851 852 
3 771 872 851 
3 986 1055 970 
3 872 797 906 
3 761 680 790 
3 761 868 837 
3 680 717 790 
3 717 833 790 
3 901 833 944 
3 1049 1015 944 
3 906 837 945 
3 2551 2483 2478 
3 2551 2478 2549 
3 2535 2517 2591 
3 2517 2510 2575 
3 2608 2544 2535 
3 2549 2544 2623 
3 2481 2483 2555 
3 2481 2553 2482 
3 2554 2468 2482 
3 2510 2514 2569 
3 2543 2448 2468 
3 2448 2524 2429 
3 2534 2581 2514 
3 2501 2411 2429 
3 2376 2370 2451 
3 2370 2411 2451 
3 2359 2280 2376 
3 2243 2280 2359 
3 2534 2571 2601 
3 2197 2243 2314 
3 2146 2197 2263 
3 2647 2571 2610 
3 2572 2618 2666 
3 2572 2666 2610 
3 2618 2670 2734 
3 2710 2768 2670 
3 1569 1461 1504 
3 1569 1613 1678 
3 1678 1717 1784 
3 1423 1355 1461 
3 1893 1784 1825 
3 1893 1934 1999 
3 1999 2037 2107 
3 2107 2146 2210 
3 1236 1163 1273 
3 1129 1236 1197 
3 1087 1197 1157 
3 1123 1049 1157 
3 1273 1316 1380 
3 1316 1423 1380 
3 2348 2442 2337 
3 2250 2260 2348 
3 2165 2169 2260 
3 2169 2069 2075 
3 1979 1982 2075 
3 1883 1890 1982 
3 1791 1796 1890 
3 2442 2536 2431 
3 2515 2536 2631 
3 2614 2631 2731 
3 1696 1700 1796 
3 2710 2731 2772 
3 1601 1610 1700 
3 1513 1519 1610 
3 1519 1419 1425 
3 1325 1331 1425 
3 1233 1242 1331 
3 1142 1151 1242 
3 1050 1062 1151 
3 963 976 1062 
3 976 878 891 
3 792 817 891 
3 792 709 817 
3 611 637 709 
3 542 637 611 
3 467 560 542 
3 484 390 397 
3 560 467 484 
3 416 397 294 
3 167 226 239 
3 226 174 250 
3 194 307 250 
3 243 176 239 
3 307 211 349 
3 243 328 202 
3 349 245 381 
3 381 419 505 
3 419 540 505 
3 540 461 576 
3 328 416 294 
3 576 598 676 
3 676 598 699 
3 723 802 699 
3 802 828 919 
3 1130 1117 1042 
3 1117 1210 1195 
3 1177 1279 1261 
3 1247 1162 1261 
3 1229 1145 1247 
3 1132 1229 1215 
3 1190 1115 1215 
3 1195 1290 1279 
3 1037 1063 1144 
3 1008 1037 1126 
3 981 1008 1100 
3 1063 1090 1169 
3 1072 962 981 
3 952 962 1060 
3 1044 941 952 
3 932 941 1035 
3 1169 1090 1190 
3 932 1022 919 
3 1055 1130 1042 
3 885 877 965 
3 905 885 980 
3 877 861 947 
3 988 905 980 
3 861 852 937 
3 991 988 1069 
3 1061 986 991 
3 851 933 852 
3 851 872 950 
3 986 1061 1055 
3 872 906 977 
3 868 761 790 
3 837 868 945 
3 833 901 790 
3 1015 901 944 
3 1015 1049 1123 
3 1017 906 945 
3 2555 2483 2551 
3 2630 2551 2549 
3 2517 2575 2591 
3 2608 2535 2591 
3 2575 2510 2569 
3 2544 2608 2623 
3 2630 2549 2623 
3 2553 2481 2555 
3 2553 2554 2482 
3 2543 2468 2554 
3 2514 2581 2569 
3 2524 2448 2543 
3 2524 2501 2429 
3 2581 2534 2601 
3 2451 2411 2501 
3 2461 2376 2451 
3 2359 2376 2461 
3 2314 2243 2359 
3 2571 2647 2601 
3 2263 2197 2314 
3 2146 2263 2210 
3 2705 2647 2610 
3 2618 2734 2666 
3 2666 2705 2610 
3 2670 2768 2734 
3 2768 2710 2772 
3 1569 1528 1461 
3 1569 1678 1636 
3 1745 1678 1784 
3 1528 1423 1461 
3 1784 1893 1849 
3 1953 1893 1999 
3 2057 1999 2107 
3 2170 2107 2210 
3 1343 1236 1273 
3 1236 1307 1197 
3 1197 1264 1157 
3 1230 1123 1157 
3 1343 1273 1380 
3 1423 1489 1380 
3 2450 2442 2348 
3 2260 2360 2348 
3 2169 2266 2260 
3 2171 2169 2075 
3 1982 2079 2075 
3 1890 1984 1982 
3 1796 1895 1890 
3 2442 2547 2536 
3 2536 2646 2631 
3 2631 2730 2731 
3 1700 1800 1796 
3 2731 2782 2772 
3 1610 1708 1700 
3 1610 1519 1617 
3 1519 1425 1527 
3 1331 1431 1425 
3 1242 1344 1331 
3 1151 1252 1242 
3 1062 1165 1151 
3 976 1075 1062 
3 993 976 891 
3 817 917 891 
3 709 741 817 
3 709 637 741 
3 542 560 637 
3 508 484 397 
3 560 484 589 
3 416 508 397 
3 239 226 359 
3 226 250 368 
3 307 398 250 
3 351 243 239 
3 437 307 349 
3 351 328 243 
3 349 381 468 
3 468 381 505 
3 505 540 618 
3 650 540 576 
3 416 328 444 
3 650 576 676 
3 782 676 699 
3 802 782 699 
3 895 802 919 
3 1117 1130 1210 
3 1195 1210 1290 
3 1279 1361 1261 
3 1350 1247 1261 
3 1329 1229 1247 
3 1215 1229 1315 
3 1294 1190 1215 
3 1290 1379 1279 
3 1144 1063 1169 
3 1126 1037 1144 
3 1008 1126 1100 
3 1072 981 1100 
3 962 1072 1060 
3 1044 952 1060 
3 1035 941 1044 
3 1022 932 1035 
3 1169 1190 1274 
3 1022 1001 919 
3 1055 1141 1130 
3 877 947 965 
3 885 965 980 
3 861 937 947 
3 988 980 1071 
3 852 933 937 
3 988 1071 1069 
3 1061 991 1069 
3 851 950 933 
3 950 872 977 
3 1055 1061 1141 
3 977 906 1017 
3 901 868 790 
3 868 973 945 
3 973 901 1015 
3 1080 1015 1123 
3 1048 1017 945 
3 2555 2551 2639 
3 2551 2630 2639 
3 2575 2629 2591 
3 2662 2608 2591 
3 2612 2575 2569 
3 2608 2692 2623 
3 2712 2630 2623 
3 2625 2553 2555 
3 2633 2554 2553 
3 2634 2543 2554 
3 2581 2617 2569 
3 2524 2543 2622 
3 2592 2501 2524 
3 2628 2581 2601 
3 2545 2451 2501 
3 2461 2451 2545 
3 2359 2461 2434 
3 2314 2359 2434 
3 2601 2647 2665 
3 2263 2314 2385 
3 2263 2329 2210 
3 2647 2705 2726 
3 2666 2734 2758 
3 2666 2758 2705 
3 2734 2768 2794 
3 2798 2768 2772 
3 1528 1569 1636 
3 1636 1678 1745 
3 1745 1784 1849 
3 1489 1423 1528 
3 1849 1893 1953 
3 2057 1953 1999 
3 2170 2057 2107 
3 2281 2170 2210 
3 1343 1307 1236 
3 1307 1264 1197 
3 1264 1230 1157 
3 1123 1230 1189 
3 1343 1380 1447 
3 1380 1489 1447 
3 2442 2450 2547 
3 2360 2450 2348 
3 2260 2266 2360 
3 2169 2171 2266 
3 2079 2171 2075 
3 1984 2079 1982 
3 1890 1895 1984 
3 1800 1895 1796 
3 2536 2547 2646 
3 2631 2646 2730 
3 2731 2730 2754 
3 1700 1708 1800 
3 2782 2795 2772 
3 2782 2731 2754 
3 1708 1610 1617 
3 1519 1527 1617 
3 1425 1431 1527 
3 1331 1344 1431 
3 1242 1252 1344 
3 1151 1165 1252 
3 1075 1165 1062 
3 976 993 1075 
3 917 993 891 
3 817 835 917 
3 741 835 817 
3 741 637 661 
3 637 560 661 
3 589 484 508 
3 560 589 661 
3 508 416 524 
3 359 226 368 
3 351 239 359 
3 250 398 368 
3 398 307 437 
3 437 349 468 
3 328 351 444 
3 468 505 587 
3 540 650 618 
3 587 505 618 
3 416 444 524 
3 650 676 760 
3 760 676 782 
3 782 802 880 
3 880 802 895 
3 1001 895 919 
3 1130 1220 1210 
3 1210 1309 1290 
3 1361 1350 1261 
3 1379 1361 1279 
3 1329 1247 1350 
3 1229 1329 1315 
3 1294 1215 1315 
3 1190 1294 1274 
3 1290 1392 1379 
3 1144 1169 1251 
3 1126 1144 1232 
3 1126 1212 1100 
3 1187 1072 1100 
3 1072 1168 1060 
3 1149 1044 1060 
3 1035 1044 1135 
3 1022 1035 1122 
3 1251 1169 1274 
3 1001 1022 1106 
3 1141 1220 1130 
3 965 947 1025 
3 965 1073 980 
3 947 937 1021 
3 980 1073 1071 
3 937 933 1019 
3 1069 1071 1156 
3 1146 1061 1069 
3 933 950 1032 
3 950 977 1053 
3 1061 1146 1141 
3 977 1017 1086 
3 868 901 973 
3 973 1048 945 
3 973 1015 1080 
3 1080 1123 1189 
3 1017 1048 1125 
3 2625 2555 2639 
3 2630 2723 2639 
3 2629 2662 2591 
3 2629 2575 2612 
3 2692 2608 2662 
3 2617 2612 2569 
3 2692 2712 2623 
3 2723 2630 2712 
3 2633 2553 2625 
3 2634 2554 2633 
3 2622 2543 2634 
3 2617 2581 2628 
3 2592 2524 2622 
3 2545 2501 2592 
3 2628 2601 2665 
3 2548 2461 2545 
3 2461 2548 2434 
3 2385 2314 2434 
3 2647 2726 2665 
3 2329 2263 2385 
3 2329 2281 2210 
3 2705 2778 2726 
3 2734 2794 2758 
3 2705 2758 2778 
3 2768 2798 2794 
3 2795 2798 2772 
3 1595 1528 1636 
3 1699 1636 1745 
3 1808 1745 1849 
3 1489 1528 1595 
3 1916 1849 1953 
3 1953 2057 2023 
3 2126 2057 2170 
3 2239 2170 2281 
3 1307 1343 1411 
3 1264 1307 1371 
3 1230 1264 1336 
3 1230 1302 1189 
3 1343 1447 1411 
3 1447 1489 1553 
3 2450 2559 2547 
3 2360 2458 2450 
3 2266 2365 2360 
3 2266 2171 2269 
3 2079 2176 2171 
3 1984 2082 2079 
3 1895 1989 1984 
3 1800 1897 1895 
3 2547 2658 2646 
3 2646 2735 2730 
3 2730 2735 2754 
3 1800 1708 1804 
3 2795 2782 2797 
3 2782 2754 2787 
3 1714 1708 1617 
3 1527 1621 1617 
3 1431 1533 1527 
3 1344 1443 1431 
3 1252 1354 1344 
3 1165 1266 1252 
3 1075 1176 1165 
3 993 1094 1075 
3 993 917 1016 
3 835 936 917 
3 741 758 835 
3 758 741 661 
3 589 508 604 
3 589 683 661 
3 604 508 524 
3 475 359 368 
3 463 351 359 
3 398 495 368 
3 398 437 528 
3 437 468 552 
3 351 463 444 
3 552 468 587 
3 618 650 736 
3 587 618 697 
3 524 444 543 
3 650 760 736 
3 760 782 862 
3 782 880 862 
3 983 880 895 
3 983 895 1001 
3 1210 1220 1309 
3 1290 1309 1392 
3 1350 1361 1450 
3 1379 1465 1361 
3 1329 1350 1432 
3 1315 1329 1417 
3 1400 1294 1315 
3 1274 1294 1378 
3 1379 1392 1479 
3 1232 1144 1251 
3 1212 1126 1232 
3 1212 1187 1100 
3 1168 1072 1187 
3 1168 1149 1060 
3 1135 1044 1149 
3 1122 1035 1135 
3 1106 1022 1122 
3 1359 1251 1274 
3 1083 1001 1106 
3 1220 1141 1231 
3 947 1021 1025 
3 965 1025 1085 
3 1073 965 1085 
3 937 1019 1021 
3 1073 1159 1071 
3 933 1032 1019 
3 1071 1159 1156 
3 1069 1156 1152 
3 1146 1069 1152 
3 1032 950 1053 
3 977 1086 1053 
3 1141 1146 1231 
3 1086 1017 1125 
3 1048 973 1080 
3 1154 1080 1189 
3 1125 1048 1154 
3 2703 2625 2639 
3 2723 2759 2639 
3 2695 2662 2629 
3 2629 2612 2661 
3 2692 2662 2728 
3 2649 2612 2617 
3 2712 2692 2757 
3 2723 2712 2775 
3 2721 2633 2625 
3 2634 2633 2733 
3 2722 2622 2634 
3 2617 2628 2659 
3 2696 2592 2622 
3 2545 2592 2640 
3 2628 2665 2680 
3 2548 2545 2640 
3 2548 2511 2434 
3 2511 2385 2434 
3 2665 2726 2729 
3 2329 2385 2452 
3 2281 2329 2403 
3 2778 2785 2726 
3 2758 2794 2819 
3 2778 2758 2819 
3 2794 2798 2820 
3 2798 2795 2813 
3 1595 1636 1699 
3 1699 1745 1808 
3 1808 1849 1916 
3 1489 1595 1553 
3 1916 1953 2023 
3 2057 2126 2023 
3 2126 2170 2239 
3 2342 2239 2281 
3 1371 1307 1411 
3 1336 1264 1371 
3 1302 1230 1336 
3 1302 1260 1189 
3 1411 1447 1515 
3 1447 1553 1515 
3 2547 2559 2658 
3 2450 2458 2559 
3 2360 2365 2458 
3 2365 2266 2269 
3 2171 2176 2269 
3 2079 2082 2176 
3 1984 1989 2082 
3 1895 1897 1989 
3 1897 1800 1804 
3 2658 2735 2646 
3 2735 2771 2754 
3 1708 1714 1804 
3 2797 2782 2787 
3 2795 2797 2809 
3 2754 2771 2787 
3 1621 1714 1617 
3 1527 1533 1621 
3 1443 1533 1431 
3 1354 1443 1344 
3 1252 1266 1354 
3 1165 1176 1266 
3 1075 1094 1176 
3 1094 993 1016 
3 917 936 1016 
3 835 860 936 
3 758 860 835 
3 683 758 661 
3 683 589 604 
3 631 604 524 
3 463 359 475 
3 495 475 368 
3 495 398 528 
3 528 437 552 
3 444 463 553 
3 672 552 587 
3 697 618 736 
3 672 587 697 
3 444 553 543 
3 631 524 543 
3 736 760 843 
3 843 760 862 
3 880 966 862 
3 880 983 966 
3 983 1001 1083 
3 1309 1220 1318 
3 1392 1309 1403 
3 1361 1465 1450 
3 1350 1450 1432 
3 1465 1379 1479 
3 1417 1329 1432 
3 1400 1315 1417 
3 1294 1400 1378 
3 1359 1274 1378 
3 1479 1392 1494 
3 1232 1251 1341 
3 1212 1232 1321 
3 1187 1212 1301 
3 1168 1187 1277 
3 1149 1168 1256 
3 1135 1149 1240 
3 1122 1135 1224 
3 1106 1122 1208 
3 1251 1359 1341 
3 1083 1106 1186 
3 1220 1231 1318 
3 1021 1091 1025 
3 1025 1091 1085 
3 1166 1073 1085 
3 1019 1099 1021 
3 1159 1073 1166 
3 1019 1032 1108 
3 1159 1249 1156 
3 1156 1244 1152 
3 1239 1146 1152 
3 1133 1032 1053 
3 1086 1158 1053 
3 1146 1239 1231 
3 1086 1125 1194 
3 1048 1080 1154 
3 1260 1154 1189 
3 1125 1154 1228 
3 2703 2721 2625 
3 2759 2703 2639 
3 2804 2759 2723 
3 2662 2695 2728 
3 2695 2629 2661 
3 2612 2649 2661 
3 2757 2692 2728 
3 2649 2617 2659 
3 2775 2712 2757 
3 2804 2723 2775 
3 2633 2721 2733 
3 2722 2634 2733 
3 2696 2622 2722 
3 2628 2680 2659 
3 2592 2696 2640 
3 2680 2665 2729 
3 2648 2548 2640 
3 2511 2548 2648 
3 2385 2511 2452 
3 2726 2785 2729 
3 2403 2329 2452 
3 2342 2281 2403 
3 2778 2824 2785 
3 2794 2820 2819 
3 2824 2778 2819 
3 2798 2813 2820 
3 2795 2809 2813 
3 1595 1699 1658 
3 1762 1699 1808 
3 1868 1808 1916 
3 1553 1595 1658 
3 1975 1916 2023 
3 2126 2083 2023 
3 2126 2239 2194 
3 2239 2342 2304 
3 1473 1371 1411 
3 1336 1371 1442 
3 1302 1336 1405 
3 1260 1302 1367 
3 1473 1411 1515 
3 1515 1553 1619 
3 2559 2667 2658 
3 2458 2565 2559 
3 2458 2365 2464 
3 2366 2365 2269 
3 2269 2176 2270 
3 2082 2178 2176 
3 1989 2084 2082 
3 1897 1990 1989 
3 1901 1897 1804 
3 2735 2658 2753 
3 2735 2753 2771 
3 1714 1810 1804 
3 2797 2787 2812 
3 2797 2817 2809 
3 2771 2815 2787 
3 1716 1714 1621 
3 1533 1629 1621 
3 1533 1443 1541 
3 1443 1354 1458 
3 1266 1366 1354 
3 1176 1283 1266 
3 1094 1200 1176 
3 1094 1016 1119 
3 936 1039 1016 
3 860 960 936 
3 860 758 783 
3 758 683 783 
3 683 604 706 
3 706 604 631 
3 463 475 578 
3 475 495 595 
3 620 495 528 
3 643 528 552 
3 553 463 578 
3 643 552 672 
3 808 697 736 
3 781 672 697 
3 553 651 543 
3 651 631 543 
3 808 736 843 
3 946 843 862 
3 966 946 862 
3 966 983 1064 
3 1064 983 1083 
3 1309 1318 1403 
3 1392 1403 1494 
3 1450 1465 1554 
3 1432 1450 1537 
3 1465 1479 1566 
3 1417 1432 1520 
3 1400 1417 1501 
3 1400 1482 1378 
3 1359 1378 1462 
3 1479 1494 1583 
3 1321 1232 1341 
3 1301 1212 1321 
3 1277 1187 1301 
3 1256 1168 1277 
3 1240 1149 1256 
3 1224 1135 1240 
3 1208 1122 1224 
3 1106 1208 1186 
3 1359 1445 1341 
3 1170 1083 1186 
3 1318 1231 1324 
3 1099 1091 1021 
3 1085 1091 1171 
3 1166 1085 1171 
3 1099 1019 1108 
3 1159 1166 1250 
3 1032 1133 1108 
3 1249 1244 1156 
3 1159 1250 1249 
3 1244 1239 1152 
3 1158 1133 1053 
3 1158 1086 1194 
3 1231 1239 1324 
3 1194 1125 1228 
3 1154 1260 1228 
3 2789 2721 2703 
3 2789 2703 2759 
3 2759 2804 2859 
3 2695 2742 2728 
3 2695 2661 2708 
3 2661 2649 2681 
3 2780 2757 2728 
3 2672 2649 2659 
3 2807 2775 2757 
3 2833 2804 2775 
3 2721 2821 2733 
3 2825 2722 2733 
3 2810 2696 2722 
3 2680 2689 2659 
3 2640 2696 2748 
3 2680 2729 2724 
3 2648 2640 2748 
3 2597 2511 2648 
3 2452 2511 2597 
3 2785 2776 2729 
3 2403 2452 2519 
3 2342 2403 2471 
3 2785 2824 2822 
3 2820 2840 2819 
3 2840 2824 2819 
3 2820 2813 2835 
3 2813 2809 2828 
3 1699 1762 1658 
3 1868 1762 1808 
3 1975 1868 1916 
3 1553 1658 1619 
3 2083 1975 2023 
3 2083 2126 2194 
3 2194 2239 2304 
3 2342 2417 2304 
3 1371 1473 1442 
3 1405 1336 1442 
3 1302 1405 1367 
3 1333 1260 1367 
3 1575 1473 1515 
3 1575 1515 1619 
3 2658 2667 2753 
3 2559 2565 2667 
3 2565 2458 2464 
3 2365 2366 2464 
3 2366 2269 2270 
3 2176 2178 2270 
3 2082 2084 2178 
3 1989 1990 2084 
3 1897 1901 1990 
3 1810 1901 1804 
3 2753 2805 2771 
3 1716 1810 1714 
3 2787 2815 2812 
3 2817 2797 2812 
3 2809 2817 2827 
3 2771 2805 2815 
3 1629 1716 1621 
3 1629 1533 1541 
3 1443 1458 1541 
3 1354 1366 1458 
3 1266 1283 1366 
3 1176 1200 1283 
3 1200 1094 1119 
3 1016 1039 1119 
3 936 960 1039 
3 960 860 969 
3 860 783 883 
3 783 683 706 
3 739 706 631 
3 475 595 578 
3 495 620 595 
3 643 620 528 
3 669 553 578 
3 643 672 756 
3 808 781 697 
3 756 672 781 
3 651 553 669 
3 739 631 651 
3 808 843 924 
3 843 946 924 
3 946 966 1047 
3 1047 966 1064 
3 1064 1083 1170 
3 1318 1416 1403 
3 1403 1506 1494 
3 1465 1566 1554 
3 1450 1554 1537 
3 1432 1537 1520 
3 1566 1479 1583 
3 1501 1417 1520 
3 1482 1400 1501 
3 1378 1482 1462 
3 1445 1359 1462 
3 1494 1597 1583 
3 1321 1341 1426 
3 1301 1321 1409 
3 1277 1301 1386 
3 1256 1277 1364 
3 1240 1256 1348 
3 1224 1240 1328 
3 1208 1224 1314 
3 1186 1208 1293 
3 1341 1445 1426 
3 1272 1170 1186 
3 1416 1318 1324 
3 1091 1099 1175 
3 1091 1175 1171 
3 1258 1166 1171 
3 1099 1108 1182 
3 1250 1166 1258 
3 1108 1133 1205 
3 1244 1249 1339 
3 1249 1250 1345 
3 1239 1244 1330 
3 1133 1158 1237 
3 1158 1194 1263 
3 1239 1330 1324 
3 1194 1228 1300 
3 1228 1260 1333 
3 2821 2721 2789 
3 2789 2759 2859 
3 2859 2804 2885 
3 2742 2780 2728 
3 2742 2695 2708 
3 2661 2681 2708 
3 2681 2649 2672 
3 2780 2807 2757 
3 2689 2672 2659 
3 2833 2775 2807 
3 2804 2833 2885 
3 2821 2825 2733 
3 2810 2722 2825 
3 2696 2810 2748 
3 2689 2680 2724 
3 2729 2776 2724 
3 2765 2648 2748 
3 2597 2648 2765 
3 2519 2452 2597 
3 2776 2785 2822 
3 2471 2403 2519 
3 2417 2342 2471 
3 2824 2851 2822 
3 2820 2835 2840 
3 2824 2840 2851 
3 2813 2828 2835 
3 2828 2809 2827 
3 1762 1721 1658 
3 1762 1868 1826 
3 1868 1975 1932 
3 1658 1721 1619 
3 2036 1975 2083 
3 2141 2083 2194 
3 2253 2194 2304 
3 2417 2368 2304 
3 1473 1540 1442 
3 1510 1405 1442 
3 1405 1470 1367 
3 1333 1367 1437 
3 1540 1473 1575 
3 1681 1575 1619 
3 2667 2770 2753 
3 2565 2682 2667 
3 2570 2565 2464 
3 2366 2465 2464 
3 2366 2270 2364 
3 2178 2267 2270 
3 2084 2179 2178 
3 2084 1990 2089 
3 1901 1997 1990 
3 1901 1810 1903 
3 2753 2770 2805 
3 1810 1716 1817 
3 2815 2846 2812 
3 2841 2817 2812 
3 2817 2843 2827 
3 2805 2844 2815 
3 1716 1629 1726 
3 1629 1541 1642 
3 1458 1557 1541 
3 1366 1468 1458 
3 1283 1385 1366 
3 1200 1306 1283 
3 1200 1119 1223 
3 1039 1140 1119 
3 1039 960 1059 
3 860 883 969 
3 960 969 1059 
3 883 783 807 
3 783 706 807 
3 706 739 807 
3 595 685 578 
3 595 620 705 
3 620 643 740 
3 685 669 578 
3 740 643 756 
3 781 808 886 
3 756 781 867 
3 651 669 754 
3 739 651 754 
3 886 808 924 
3 946 1028 924 
3 1028 946 1047 
3 1047 1064 1148 
3 1148 1064 1170 
3 1416 1506 1403 
3 1506 1597 1494 
3 1554 1566 1656 
3 1554 1638 1537 
3 1520 1537 1622 
3 1670 1566 1583 
3 1501 1520 1602 
3 1585 1482 1501 
3 1482 1565 1462 
3 1551 1445 1462 
3 1597 1686 1583 
3 1321 1426 1409 
3 1386 1301 1409 
3 1364 1277 1386 
3 1348 1256 1364 
3 1328 1240 1348 
3 1224 1328 1314 
3 1293 1208 1314 
3 1272 1186 1293 
3 1426 1445 1531 
3 1272 1254 1170 
3 1416 1324 1424 
3 1175 1099 1182 
3 1175 1262 1171 
3 1262 1258 1171 
3 1108 1205 1182 
3 1250 1258 1349 
3 1205 1133 1237 
3 1249 1345 1339 
3 1244 1339 1330 
3 1250 1349 1345 
3 1158 1263 1237 
3 1263 1194 1300 
3 1324 1330 1424 
3 1300 1228 1333 
3 2821 2789 2909 
3 2909 2789 2859 
3 2941 2859 2885 
3 2773 2780 2742 
3 2736 2742 2708 
3 2681 2699 2708 
3 2681 2672 2686 
3 2811 2807 2780 
3 2672 2689 2691 
3 2842 2833 2807 
3 2833 2886 2885 
3 2926 2825 2821 
3 2932 2810 2825 
3 2810 2895 2748 
3 2713 2689 2724 
3 2724 2776 2764 
3 2895 2765 2748 
3 2687 2597 2765 
3 2687 2519 2597 
3 2818 2776 2822 
3 2471 2519 2600 
3 2417 2471 2539 
3 2851 2858 2822 
3 2840 2835 2855 
3 2840 2855 2851 
3 2828 2848 2835 
3 2847 2828 2827 
3 1721 1762 1826 
3 1826 1868 1932 
3 1975 2036 1932 
3 1721 1681 1619 
3 2036 2083 2141 
3 2253 2141 2194 
3 2368 2253 2304 
3 2368 2417 2489 
3 1540 1510 1442 
3 1470 1405 1510 
3 1367 1470 1437 
3 1402 1333 1437 
3 1540 1575 1643 
3 1575 1681 1643 
3 2667 2682 2770 
3 2565 2570 2682 
3 2465 2570 2464 
3 2366 2364 2465 
3 2270 2267 2364 
3 2178 2179 2267 
3 2179 2084 2089 
3 1990 1997 2089 
3 1997 1901 1903 
3 1810 1817 1903 
3 2770 2836 2805 
3 1716 1726 1817 
3 2846 2841 2812 
3 2815 2844 2846 
3 2817 2841 2843 
3 2843 2856 2827 
3 2805 2836 2844 
3 1629 1642 1726 
3 1541 1557 1642 
3 1468 1557 1458 
3 1385 1468 1366 
3 1283 1306 1385 
3 1306 1200 1223 
3 1119 1140 1223 
3 1039 1059 1140 
3 883 990 969 
3 969 1074 1059 
3 883 807 913 
3 807 739 836 
3 685 595 705 
3 705 620 740 
3 669 685 773 
3 740 756 848 
3 867 781 886 
3 848 756 867 
3 754 669 773 
3 836 739 754 
3 1002 886 924 
3 1028 1002 924 
3 1028 1047 1131 
3 1131 1047 1148 
3 1254 1148 1170 
3 1416 1517 1506 
3 1506 1603 1597 
3 1566 1670 1656 
3 1554 1656 1638 
3 1537 1638 1622 
3 1602 1520 1622 
3 1686 1670 1583 
3 1585 1501 1602 
3 1565 1482 1585 
3 1565 1551 1462 
3 1445 1551 1531 
3 1597 1697 1686 
3 1426 1514 1409 
3 1386 1409 1495 
3 1471 1364 1386 
3 1348 1364 1459 
3 1328 1348 1435 
3 1314 1328 1418 
3 1399 1293 1314 
3 1272 1293 1377 
3 1514 1426 1531 
3 1254 1272 1357 
3 1517 1416 1424 
3 1270 1175 1182 
3 1175 1270 1262 
3 1258 1262 1353 
3 1205 1278 1182 
3 1349 1258 1353 
3 1311 1205 1237 
3 1339 1345 1434 
3 1330 1339 1429 
3 1345 1349 1441 
3 1263 1338 1237 
3 1369 1263 1300 
3 1330 1429 1424 
3 1300 1333 1402 
3 2926 2821 2909 
3 2941 2909 2859 
3 2927 2941 2885 
3 2811 2780 2773 
3 2773 2742 2736 
3 2699 2736 2708 
3 2699 2681 2686 
3 2686 2672 2691 
3 2842 2807 2811 
3 2689 2713 2691 
3 2833 2842 2886 
3 2886 2927 2885 
3 2932 2825 2926 
3 2895 2810 2932 
3 2747 2713 2724 
3 2776 2818 2764 
3 2747 2724 2764 
3 2765 2895 2930 
3 2687 2765 2930 
3 2600 2519 2687 
3 2858 2818 2822 
3 2539 2471 2600 
3 2489 2417 2539 
3 2851 2872 2858 
3 2835 2848 2855 
3 2855 2872 2851 
3 2828 2847 2848 
3 2856 2847 2827 
3 1721 1826 1783 
3 1826 1932 1887 
3 1932 2036 1993 
3 1681 1721 1783 
3 2102 2036 2141 
3 2253 2204 2141 
3 2253 2368 2322 
3 2368 2489 2435 
3 1510 1540 1605 
3 1470 1510 1572 
3 1470 1542 1437 
3 1511 1402 1437 
3 1605 1540 1643 
3 1681 1742 1643 
3 2682 2788 2770 
3 2570 2690 2682 
3 2566 2570 2465 
3 2364 2454 2465 
3 2267 2355 2364 
3 2179 2262 2267 
3 2179 2089 2191 
3 1997 2095 2089 
3 1997 1903 1994 
3 1903 1817 1900 
3 2770 2788 2836 
3 1817 1726 1818 
3 2879 2841 2846 
3 2844 2877 2846 
3 2841 2880 2843 
3 2856 2843 2878 
3 2836 2875 2844 
3 1642 1735 1726 
3 1557 1655 1642 
3 1557 1468 1570 
3 1385 1490 1468 
3 1306 1407 1385 
3 1326 1306 1223 
3 1140 1245 1223 
3 1140 1059 1160 
3 990 1074 969 
3 990 883 913 
3 1059 1074 1160 
3 807 836 913 
3 796 685 705 
3 705 740 826 
3 773 685 796 
3 740 848 826 
3 867 886 972 
3 848 867 954 
3 856 754 773 
3 836 754 856 
3 972 886 1002 
3 1002 1028 1110 
3 1028 1131 1110 
3 1131 1148 1234 
3 1148 1254 1234 
3 1506 1517 1603 
3 1597 1603 1697 
3 1656 1670 1757 
3 1638 1656 1744 
3 1622 1638 1725 
3 1707 1602 1622 
3 1670 1686 1772 
3 1688 1585 1602 
3 1565 1585 1666 
3 1551 1565 1652 
3 1551 1635 1531 
3 1697 1789 1686 
3 1409 1514 1495 
3 1471 1386 1495 
3 1364 1471 1459 
3 1435 1348 1459 
3 1418 1328 1435 
3 1399 1314 1418 
3 1293 1399 1377 
3 1357 1272 1377 
3 1618 1514 1531 
3 1337 1254 1357 
3 1517 1424 1525 
3 1278 1270 1182 
3 1262 1270 1358 
3 1262 1358 1353 
3 1311 1278 1205 
3 1349 1353 1444 
3 1338 1311 1237 
3 1345 1441 1434 
3 1429 1339 1434 
3 1441 1349 1444 
3 1338 1263 1369 
3 1369 1300 1402 
3 1424 1429 1525 
3 2926 2909 2954 
3 2909 2941 2954 
3 2941 2927 2950 
3 2791 2811 2773 
3 2750 2773 2736 
3 2714 2736 2699 
3 2684 2699 2686 
3 2686 2691 2676 
3 2842 2811 2823 
3 2713 2683 2691 
3 2886 2842 2864 
3 2927 2886 2905 
3 2932 2926 2960 
3 2959 2895 2932 
3 2713 2747 2715 
3 2818 2793 2764 
3 2793 2747 2764 
3 2895 2959 2930 
3 2784 2687 2930 
3 2600 2687 2784 
3 2858 2839 2818 
3 2539 2600 2688 
3 2489 2539 2611 
3 2872 2874 2858 
3 2855 2848 2868 
3 2872 2855 2868 
3 2847 2863 2848 
3 2847 2856 2866 
3 1826 1887 1783 
3 1887 1932 1993 
3 2036 2102 1993 
3 1742 1681 1783 
3 2204 2102 2141 
3 2204 2253 2322 
3 2322 2368 2435 
3 2489 2561 2435 
3 1572 1510 1605 
3 1542 1470 1572 
3 1542 1511 1437 
3 1402 1511 1469 
3 1703 1605 1643 
3 1742 1703 1643 
3 2682 2690 2788 
3 2570 2566 2690 
3 2454 2566 2465 
3 2364 2355 2454 
3 2267 2262 2355 
3 2179 2191 2262 
3 2089 2095 2191 
3 1997 1994 2095 
3 1903 1900 1994 
3 1817 1818 1900 
3 2788 2867 2836 
3 1726 1735 1818 
3 2880 2841 2879 
3 2877 2879 2846 
3 2875 2877 2844 
3 2843 2880 2878 
3 2882 2856 2878 
3 2867 2875 2836 
3 1655 1735 1642 
3 1655 1557 1570 
3 1468 1490 1570 
3 1385 1407 1490 
3 1306 1326 1407 
3 1245 1326 1223 
3 1140 1160 1245 
3 1074 990 1097 
3 990 913 1011 
3 1074 1180 1160 
3 913 836 935 
3 796 705 826 
3 773 796 879 
3 826 848 931 
3 867 972 954 
3 931 848 954 
3 856 773 879 
3 836 856 935 
3 972 1002 1078 
3 1078 1002 1110 
3 1110 1131 1214 
3 1214 1131 1234 
3 1254 1337 1234 
3 1603 1517 1616 
3 1697 1603 1711 
3 1670 1772 1757 
3 1656 1757 1744 
3 1638 1744 1725 
3 1707 1622 1725 
3 1707 1688 1602 
3 1686 1789 1772 
3 1585 1688 1666 
3 1652 1565 1666 
3 1635 1551 1652 
3 1635 1618 1531 
3 1789 1697 1802 
3 1514 1599 1495 
3 1582 1471 1495 
3 1471 1562 1459 
3 1435 1459 1545 
3 1418 1435 1526 
3 1399 1418 1503 
3 1399 1481 1377 
3 1357 1377 1460 
3 1599 1514 1618 
3 1440 1337 1357 
3 1616 1517 1525 
3 1270 1278 1363 
3 1270 1363 1358 
3 1358 1449 1353 
3 1278 1311 1382 
3 1353 1449 1444 
3 1311 1338 1410 
3 1441 1535 1434 
3 1529 1429 1434 
3 1538 1441 1444 
3 1338 1369 1438 
3 1369 1402 1469 
3 1429 1529 1525 
3 2960 2926 2954 
3 2954 2941 2961 
3 2927 2942 2950 
3 2961 2941 2950 
3 2823 2811 2791 
3 2791 2773 2750 
3 2714 2750 2736 
3 2714 2699 2684 
3 2684 2686 2676 
3 2691 2683 2676 
3 2864 2842 2823 
3 2683 2713 2715 
3 2886 2864 2905 
3 2942 2927 2905 
3 2959 2932 2960 
3 2747 2752 2715 
3 2818 2839 2793 
3 2752 2747 2793 
3 2930 2959 2952 
3 2930 2952 2784 
3 2688 2600 2784 
3 2858 2874 2839 
3 2611 2539 2688 
3 2561 2489 2611 
3 2874 2872 2888 
3 2848 2863 2868 
3 2872 2868 2888 
3 2863 2847 2866 
3 2856 2882 2866 
3 1887 1843 1783 
3 1887 1993 1943 
3 1993 2102 2050 
3 1843 1742 1783 
3 2102 2204 2163 
3 2271 2204 2322 
3 2389 2322 2435 
3 2561 2504 2435 
3 1572 1605 1668 
3 1542 1572 1649 
3 1511 1542 1615 
3 1469 1511 1574 
3 1668 1605 1703 
3 1703 1742 1801 
3 2690 2803 2788 
3 2566 2679 2690 
3 2566 2454 2552 
3 2355 2440 2454 
3 2262 2334 2355 
3 2262 2191 2334 
3 2095 2193 2191 
3 1994 2088 2095 
3 1900 1987 1994 
3 1900 1818 1884 
3 2788 2803 2867 
3 1884 1818 1735 
3 2906 2880 2879 
3 2877 2907 2879 
3 2875 2899 2877 
3 2880 2903 2878 
3 2898 2882 2878 
3 2871 2875 2867 
3 1735 1655 1755 
3 1655 1570 1669 
3 1490 1589 1570 
3 1490 1407 1512 
3 1407 1326 1428 
3 1352 1326 1245 
3 1245 1160 1268 
3 990 1011 1097 
3 1180 1074 1097 
3 1011 913 935 
3 1160 1180 1268 
3 796 826 902 
3 879 796 902 
3 902 826 931 
3 954 972 1058 
3 931 954 1036 
3 955 856 879 
3 856 955 935 
3 1058 972 1078 
3 1078 1110 1184 
3 1184 1110 1214 
3 1214 1234 1317 
3 1234 1337 1317 
3 1603 1616 1711 
3 1802 1697 1711 
3 1757 1772 1857 
3 1744 1757 1844 
3 1725 1744 1827 
3 1812 1707 1725 
3 1688 1707 1792 
3 1772 1789 1873 
3 1666 1688 1770 
3 1652 1666 1754 
3 1635 1652 1738 
3 1618 1635 1722 
3 1888 1789 1802 
3 1599 1582 1495 
3 1562 1471 1582 
3 1459 1562 1545 
3 1526 1435 1545 
3 1503 1418 1526 
3 1481 1399 1503 
3 1377 1481 1460 
3 1440 1357 1460 
3 1599 1618 1705 
3 1420 1337 1440 
3 1625 1616 1525 
3 1363 1278 1382 
3 1363 1453 1358 
3 1453 1449 1358 
3 1382 1311 1410 
3 1449 1546 1444 
3 1410 1338 1438 
3 1535 1529 1434 
3 1441 1538 1535 
3 1546 1538 1444 
3 1438 1369 1469 
3 1529 1625 1525 
3 2966 2960 2954 
3 2966 2954 2961 
3 2942 2956 2950 
3 2956 2961 2950 
3 2786 2823 2791 
3 2751 2791 2750 
3 2750 2714 2709 
3 2714 2684 2671 
3 2657 2684 2676 
3 2683 2652 2676 
3 2864 2823 2814 
3 2683 2715 2664 
3 2864 2854 2905 
3 2910 2942 2905 
3 2970 2959 2960 
3 2752 2704 2715 
3 2793 2839 2802 
3 2752 2793 2802 
3 2959 2967 2952 
3 2912 2784 2952 
3 2688 2784 2912 
3 2874 2849 2839 
3 2611 2688 2790 
3 2561 2611 2707 
3 2873 2874 2888 
3 2863 2883 2868 
3 2868 2883 2888 
3 2881 2863 2866 
3 2882 2887 2866 
3 1843 1887 1943 
3 1993 2050 1943 
3 2050 2102 2163 
3 1742 1843 1801 
3 2163 2204 2271 
3 2271 2322 2389 
3 2504 2389 2435 
3 2504 2561 2645 
3 1572 1668 1649 
3 1615 1542 1649 
3 1511 1615 1574 
3 1539 1469 1574 
3 1668 1703 1761 
3 1761 1703 1801 
3 2690 2679 2803 
3 2679 2566 2552 
3 2454 2440 2552 
3 2355 2334 2440 
3 2191 2309 2334 
3 2191 2193 2309 
3 2095 2088 2193 
3 1994 1987 2088 
3 1987 1900 1884 
3 2803 2871 2867 
3 1735 1755 1884 
3 2906 2903 2880 
3 2907 2906 2879 
3 2877 2899 2907 
3 2875 2871 2899 
3 2903 2898 2878 
3 2901 2882 2898 
3 1755 1655 1669 
3 1570 1589 1669 
3 1490 1512 1589 
3 1407 1428 1512 
3 1326 1352 1428 
3 1352 1245 1268 
3 1011 1113 1097 
3 1180 1097 1204 
3 1011 935 1033 
3 1268 1180 1287 
3 982 879 902 
3 1009 902 931 
3 1036 954 1058 
3 1009 931 1036 
3 982 955 879 
3 935 955 1033 
3 1161 1058 1078 
3 1161 1078 1184 
3 1184 1214 1292 
3 1292 1214 1317 
3 1317 1337 1420 
3 1616 1719 1711 
3 1816 1802 1711 
3 1772 1873 1857 
3 1844 1757 1857 
3 1744 1844 1827 
3 1812 1725 1827 
3 1707 1812 1792 
3 1770 1688 1792 
3 1789 1888 1873 
3 1754 1666 1770 
3 1652 1754 1738 
3 1722 1635 1738 
3 1705 1618 1722 
3 1902 1888 1802 
3 1582 1599 1689 
3 1667 1562 1582 
3 1562 1651 1545 
3 1526 1545 1630 
3 1607 1503 1526 
3 1481 1503 1588 
3 1460 1481 1564 
3 1543 1440 1460 
3 1599 1705 1689 
3 1420 1440 1524 
3 1625 1719 1616 
3 1464 1363 1382 
3 1363 1464 1453 
3 1449 1453 1550 
3 1475 1382 1410 
3 1449 1550 1546 
3 1410 1438 1508 
3 1529 1535 1631 
3 1535 1538 1637 
3 1538 1546 1641 
3 1438 1469 1539 
3 1529 1631 1625 
3 2966 2970 2960 
3 2965 2966 2961 
3 2945 2956 2942 
3 2956 2965 2961 
3 2823 2786 2814 
3 2786 2791 2751 
3 2751 2750 2709 
3 2709 2714 2671 
3 2671 2684 2657 
3 2652 2657 2676 
3 2652 2683 2664 
3 2854 2864 2814 
3 2715 2704 2664 
3 2854 2910 2905 
3 2945 2942 2910 
3 2967 2959 2970 
3 2752 2744 2704 
3 2839 2849 2802 
3 2744 2752 2802 
3 2967 2912 2952 
3 2688 2912 2790 
3 2874 2873 2849 
3 2707 2611 2790 
3 2561 2707 2645 
3 2890 2873 2888 
3 2863 2881 2883 
3 2883 2890 2888 
3 2887 2881 2866 
3 2882 2901 2887 
3 1843 1943 1904 
3 1943 2050 2007 
3 2050 2163 2110 
3 1801 1843 1904 
3 2163 2271 2220 
3 2335 2271 2389 
3 2389 2504 2455 
3 2586 2504 2645 
3 1649 1668 1749 
3 1727 1615 1649 
3 1574 1615 1685 
3 1647 1539 1574 
3 1749 1668 1761 
3 1851 1761 1801 
3 2679 2792 2803 
3 2650 2679 2552 
3 2440 2527 2552 
3 2334 2419 2440 
3 2334 2309 2419 
3 2193 2282 2309 
3 2088 2180 2193 
3 1987 2072 2088 
3 1969 1987 1884 
3 2803 2792 2871 
3 1755 1863 1884 
3 2906 2922 2903 
3 2928 2906 2907 
3 2899 2920 2907 
3 2899 2871 2897 
3 2903 2917 2898 
3 2914 2901 2898 
3 1755 1669 1767 
3 1589 1691 1669 
3 1512 1612 1589 
3 1428 1532 1512 
3 1352 1452 1428 
3 1372 1352 1268 
3 1097 1113 1204 
3 1113 1011 1033 
3 1180 1204 1287 
3 1372 1268 1287 
3 1009 982 902 
3 1036 1058 1138 
3 1114 1009 1036 
3 1051 955 982 
3 955 1051 1033 
3 1058 1161 1138 
3 1161 1184 1269 
3 1269 1184 1292 
3 1292 1317 1397 
3 1397 1317 1420 
3 1719 1816 1711 
3 1816 1902 1802 
3 1873 1952 1857 
3 1939 1844 1857 
3 1844 1924 1827 
3 1911 1812 1827 
3 1792 1812 1892 
3 1770 1792 1874 
3 1873 1888 1968 
3 1854 1754 1770 
3 1754 1842 1738 
3 1828 1722 1738 
3 1705 1722 1814 
3 1888 1902 1981 
3 1667 1582 1689 
3 1651 1562 1667 
3 1545 1651 1630 
3 1607 1526 1630 
3 1503 1607 1588 
3 1564 1481 1588 
3 1543 1460 1564 
3 1524 1440 1543 
3 1705 1794 1689 
3 1500 1420 1524 
3 1719 1625 1729 
3 1475 1464 1382 
3 1552 1453 1464 
3 1550 1453 1552 
3 1475 1410 1508 
3 1546 1550 1645 
3 1508 1438 1539 
3 1631 1535 1637 
3 1538 1641 1637 
3 1641 1546 1645 
3 1625 1631 1729 
3 2973 2970 2966 
3 2973 2966 2965 
3 2962 2956 2945 
3 2962 2965 2956 
3 2786 2746 2814 
3 2786 2751 2725 
3 2693 2751 2709 
3 2653 2709 2671 
3 2624 2671 2657 
3 2652 2615 2657 
3 2619 2652 2664 
3 2769 2854 2814 
3 2704 2643 2664 
3 2830 2910 2854 
3 2945 2910 2893 
3 2972 2967 2970 
3 2744 2685 2704 
3 2849 2796 2802 
3 2796 2744 2802 
3 2967 2958 2912 
3 2912 2958 2790 
3 2849 2873 2829 
3 2915 2707 2790 
3 2645 2707 2831 
3 2890 2857 2873 
3 2881 2894 2883 
3 2894 2890 2883 
3 2881 2887 2896 
3 2901 2904 2887 
3 1904 1943 2007 
3 2050 2110 2007 
3 2110 2163 2220 
3 1851 1801 1904 
3 2220 2271 2335 
3 2335 2389 2455 
3 2504 2586 2455 
3 2586 2645 2745 
3 1727 1649 1749 
3 1615 1727 1685 
3 1647 1574 1685 
3 1539 1647 1604 
3 1749 1761 1803 
3 1761 1851 1803 
3 2679 2650 2792 
3 2527 2650 2552 
3 2440 2419 2527 
3 2309 2397 2419 
3 2309 2282 2397 
3 2193 2180 2282 
3 2088 2072 2180 
3 1987 1969 2072 
3 1863 1969 1884 
3 2792 2850 2871 
3 1863 1755 1767 
3 2922 2917 2903 
3 2928 2922 2906 
3 2920 2928 2907 
3 2920 2899 2897 
3 2871 2850 2897 
3 2917 2914 2898 
3 2914 2916 2901 
3 1669 1691 1767 
3 1612 1691 1589 
3 1532 1612 1512 
3 1452 1532 1428 
3 1352 1372 1452 
3 1204 1113 1218 
3 1113 1033 1120 
3 1287 1204 1313 
3 1395 1372 1287 
3 982 1009 1077 
3 1114 1036 1138 
3 1077 1009 1114 
3 1051 982 1077 
3 1033 1051 1120 
3 1138 1161 1243 
3 1243 1161 1269 
3 1269 1292 1374 
3 1374 1292 1397 
3 1397 1420 1500 
3 1816 1719 1822 
3 1902 1816 1913 
3 1952 1939 1857 
3 1952 1873 1968 
3 1844 1939 1924 
3 1924 1911 1827 
3 1812 1911 1892 
3 1792 1892 1874 
3 1854 1770 1874 
3 1888 1981 1968 
3 1842 1754 1854 
3 1842 1828 1738 
3 1722 1828 1814 
3 1794 1705 1814 
3 1902 1995 1981 
3 1773 1667 1689 
3 1651 1667 1756 
3 1651 1736 1630 
3 1715 1607 1630 
3 1607 1692 1588 
3 1665 1564 1588 
3 1650 1543 1564 
3 1524 1543 1626 
3 1794 1773 1689 
3 1500 1524 1600 
3 1719 1729 1822 
3 1464 1475 1552 
3 1550 1552 1644 
3 1475 1508 1571 
3 1550 1644 1645 
3 1508 1539 1604 
3 1733 1631 1637 
3 1641 1737 1637 
3 1740 1641 1645 
3 1631 1733 1729 
3 2972 2970 2973 
3 2968 2973 2965 
3 2962 2945 2940 
3 2968 2965 2962 
3 2746 2769 2814 
3 2746 2786 2725 
3 2751 2693 2725 
3 2653 2693 2709 
3 2653 2671 2624 
3 2615 2624 2657 
3 2615 2652 2619 
3 2643 2619 2664 
3 2830 2854 2769 
3 2704 2685 2643 
3 2910 2830 2893 
3 2940 2945 2893 
3 2958 2967 2972 
3 2744 2737 2685 
3 2796 2849 2829 
3 2796 2737 2744 
3 2958 2915 2790 
3 2873 2857 2829 
3 2707 2915 2831 
3 2745 2645 2831 
3 2890 2876 2857 
3 2881 2896 2894 
3 2894 2876 2890 
3 2887 2904 2896 
3 2901 2916 2904 
3 1904 2007 1954 
3 2110 2058 2007 
3 2110 2220 2173 
3 1851 1904 1954 
3 2220 2335 2284 
3 2405 2335 2455 
3 2455 2586 2525 
3 2673 2586 2745 
3 1727 1749 1845 
3 1727 1798 1685 
3 1750 1647 1685 
3 1647 1712 1604 
3 1845 1749 1803 
3 1851 1906 1803 
3 2650 2749 2792 
3 2613 2650 2527 
3 2419 2502 2527 
3 2397 2502 2419 
3 2282 2363 2397 
3 2180 2258 2282 
3 2180 2072 2154 
3 1969 2052 2072 
3 1863 1955 1969 
3 2792 2749 2850 
3 1862 1863 1767 
3 2917 2922 2937 
3 2928 2938 2922 
3 2920 2933 2928 
3 2920 2897 2911 
3 2850 2870 2897 
3 2917 2935 2914 
3 2916 2914 2931 
3 1691 1786 1767 
3 1691 1612 1713 
3 1612 1532 1634 
3 1532 1452 1556 
3 1452 1372 1474 
3 1113 1120 1218 
3 1204 1218 1313 
3 1395 1287 1313 
3 1372 1395 1474 
3 1216 1114 1138 
3 1077 1114 1178 
3 1143 1051 1077 
3 1051 1143 1120 
3 1216 1138 1243 
3 1351 1243 1269 
3 1351 1269 1374 
3 1374 1397 1476 
3 1476 1397 1500 
3 1913 1816 1822 
3 1902 1913 1995 
3 1939 1952 2032 
3 1952 1968 2042 
3 1924 1939 2020 
3 1911 1924 2001 
3 1911 1988 1892 
3 1874 1892 1972 
3 1854 1874 1957 
3 1968 1981 2053 
3 1842 1854 1944 
3 1828 1842 1936 
3 1814 1828 1919 
3 1794 1814 1898 
3 1995 2065 1981 
3 1756 1667 1773 
3 1736 1651 1756 
3 1736 1715 1630 
3 1692 1607 1715 
3 1692 1665 1588 
3 1665 1650 1564 
3 1543 1650 1626 
3 1600 1524 1626 
3 1773 1794 1878 
3 1577 1500 1600 
3 1729 1829 1822 
3 1552 1475 1571 
3 1644 1552 1627 
3 1571 1508 1604 
3 1644 1739 1645 
3 1737 1733 1637 
3 1737 1641 1740 
3 1739 1740 1645 
3 1733 1829 1729 
3 2971 2972 2973 
3 2971 2973 2968 
3 2955 2962 2940 
3 2955 2968 2962 
3 2698 2769 2746 
3 2675 2746 2725 
3 2693 2654 2725 
3 2693 2653 2621 
3 2595 2653 2624 
3 2583 2624 2615 
3 2579 2615 2619 
3 2643 2590 2619 
3 2781 2830 2769 
3 2685 2616 2643 
3 2830 2808 2893 
3 2860 2940 2893 
3 2969 2958 2972 
3 2685 2737 2663 
3 2777 2796 2829 
3 2796 2777 2737 
3 2915 2958 2969 
3 2857 2800 2829 
3 2831 2915 2957 
3 2948 2745 2831 
3 2857 2876 2816 
3 2896 2892 2894 
3 2892 2876 2894 
3 2904 2900 2896 
3 2916 2908 2904 
3 2007 2058 1954 
3 2058 2110 2173 
3 2173 2220 2284 
3 1906 1851 1954 
3 2335 2405 2284 
3 2405 2455 2525 
3 2586 2673 2525 
3 2673 2745 2869 
3 1798 1727 1845 
3 1798 1750 1685 
3 1712 1647 1750 
3 1712 1675 1604 
3 1906 1845 1803 
3 2650 2613 2749 
3 2502 2613 2527 
3 2472 2502 2397 
3 2363 2472 2397 
3 2258 2363 2282 
3 2180 2154 2258 
3 2072 2052 2154 
3 1969 1955 2052 
3 1863 1862 1955 
3 2749 2806 2850 
3 1786 1862 1767 
3 2922 2938 2937 
3 2935 2917 2937 
3 2933 2938 2928 
3 2933 2920 2911 
3 2897 2870 2911 
3 2850 2806 2870 
3 2914 2935 2931 
3 2916 2931 2924 
3 1786 1691 1713 
3 1612 1634 1713 
3 1532 1556 1634 
3 1452 1474 1556 
3 1120 1221 1218 
3 1218 1334 1313 
3 1421 1395 1313 
3 1474 1395 1502 
3 1114 1216 1178 
3 1143 1077 1178 
3 1143 1221 1120 
3 1320 1216 1243 
3 1351 1320 1243 
3 1456 1351 1374 
3 1456 1374 1476 
3 1577 1476 1500 
3 1913 1822 1922 
3 1913 2002 1995 
3 1952 2042 2032 
3 2020 1939 2032 
3 1968 2053 2042 
3 1924 2020 2001 
3 1988 1911 2001 
3 1892 1988 1972 
3 1957 1874 1972 
3 1854 1957 1944 
3 1981 2065 2053 
3 1936 1842 1944 
3 1828 1936 1919 
3 1898 1814 1919 
3 1878 1794 1898 
3 2065 1995 2078 
3 1756 1773 1858 
3 1736 1756 1841 
3 1715 1736 1823 
3 1692 1715 1799 
3 1665 1692 1775 
3 1650 1665 1753 
3 1650 1731 1626 
3 1600 1626 1706 
3 1858 1773 1878 
3 1683 1577 1600 
3 1822 1829 1922 
3 1552 1571 1627 
3 1730 1644 1627 
3 1675 1571 1604 
3 1644 1730 1739 
3 1733 1737 1834 
3 1737 1740 1835 
3 1740 1739 1837 
3 1733 1834 1829 
3 2969 2972 2971 
3 2963 2971 2968 
3 2913 2955 2940 
3 2955 2963 2968 
3 2717 2769 2698 
3 2675 2698 2746 
3 2654 2675 2725 
3 2654 2693 2621 
3 2621 2653 2595 
3 2583 2595 2624 
3 2579 2583 2615 
3 2577 2579 2619 
3 2590 2577 2619 
3 2616 2590 2643 
3 2781 2808 2830 
3 2717 2781 2769 
3 2685 2663 2616 
3 2808 2860 2893 
3 2860 2913 2940 
3 2737 2718 2663 
3 2800 2777 2829 
3 2777 2718 2737 
3 2915 2969 2957 
3 2857 2816 2800 
3 2948 2831 2957 
3 2745 2948 2869 
3 2876 2832 2816 
3 2896 2900 2892 
3 2876 2892 2832 
3 2904 2908 2900 
3 2908 2916 2924 
3 2058 2013 1954 
3 2058 2173 2119 
3 2173 2284 2232 
3 2013 1906 1954 
3 2405 2343 2284 
3 2477 2405 2525 
3 2673 2599 2525 
3 2741 2673 2869 
3 1798 1845 1910 
3 1750 1798 1856 
3 1819 1712 1750 
3 1675 1712 1765 
3 1906 1958 1845 
3 2749 2613 2701 
3 2502 2576 2613 
3 2472 2576 2502 
3 2363 2428 2472 
3 2325 2363 2258 
3 2154 2217 2258 
3 2052 2124 2154 
3 1955 2033 2052 
3 1862 1945 1955 
3 2806 2749 2701 
3 1786 1882 1862 
3 2938 2944 2937 
3 2949 2935 2937 
3 2938 2933 2939 
3 2923 2933 2911 
3 2870 2891 2911 
3 2806 2838 2870 
3 2935 2943 2931 
3 2931 2934 2924 
3 1786 1713 1813 
3 1634 1734 1713 
3 1556 1659 1634 
3 1474 1580 1556 
3 1221 1334 1218 
3 1334 1421 1313 
3 1502 1395 1421 
3 1474 1502 1580 
3 1216 1281 1178 
3 1241 1143 1178 
3 1143 1213 1221 
3 1320 1281 1216 
3 1427 1320 1351 
3 1427 1351 1456 
3 1558 1456 1476 
3 1577 1558 1476 
3 2002 1913 1922 
3 1995 2002 2078 
3 2032 2042 2116 
3 2103 2020 2032 
3 2053 2128 2042 
3 2020 2093 2001 
3 1988 2001 2074 
3 1972 1988 2059 
3 1957 1972 2051 
3 1944 1957 2044 
3 2053 2065 2136 
3 1936 1944 2038 
3 1936 2031 1919 
3 2003 1898 1919 
3 1983 1878 1898 
3 2065 2078 2147 
3 1841 1756 1858 
3 1823 1736 1841 
3 1715 1823 1799 
3 1775 1692 1799 
3 1753 1665 1775 
3 1731 1650 1753 
3 1626 1731 1706 
3 1683 1600 1706 
3 1858 1878 1963 
3 1577 1683 1662 
3 1829 1925 1922 
3 1571 1675 1627 
3 1675 1730 1627 
3 1739 1730 1830 
3 1834 1737 1835 
3 1835 1740 1837 
3 1739 1830 1837 
3 1829 1834 1925 
3 2964 2969 2971 
3 2964 2971 2963 
3 2955 2913 2947 
3 2963 2955 2947 
3 2638 2717 2698 
3 2620 2698 2675 
3 2602 2675 2654 
3 2584 2654 2621 
3 2560 2621 2595 
3 2595 2583 2537 
3 2523 2583 2579 
3 2577 2520 2579 
3 2531 2577 2590 
3 2616 2562 2590 
3 2808 2781 2732 
3 2781 2717 2732 
3 2663 2596 2616 
3 2761 2860 2808 
3 2913 2860 2801 
3 2718 2641 2663 
3 2777 2800 2740 
3 2718 2777 2740 
3 2969 2964 2957 
3 2816 2755 2800 
3 2964 2948 2957 
3 2869 2948 2925 
3 2832 2763 2816 
3 2900 2852 2892 
3 2892 2852 2832 
3 2900 2908 2865 
3 2862 2908 2924 
3 2013 2058 2119 
3 2119 2173 2232 
3 2284 2343 2232 
3 1958 1906 2013 
3 2343 2405 2477 
3 2599 2477 2525 
3 2599 2673 2741 
3 2741 2869 2826 
3 1845 1958 1910 
3 1856 1798 1910 
3 1819 1750 1856 
3 1712 1819 1765 
3 1675 1765 1807 
3 2613 2576 2701 
3 2532 2576 2472 
3 2428 2532 2472 
3 2363 2325 2428 
3 2217 2325 2258 
3 2124 2217 2154 
3 2052 2033 2124 
3 1955 1945 2033 
3 1862 1882 1945 
3 2766 2806 2701 
3 1882 1786 1813 
3 2944 2949 2937 
3 2938 2939 2944 
3 2949 2943 2935 
3 2933 2923 2939 
3 2891 2923 2911 
3 2838 2891 2870 
3 2766 2838 2806 
3 2943 2934 2931 
3 2934 2861 2924 
3 1713 1734 1813 
3 1634 1659 1734 
3 1556 1580 1659 
3 1334 1221 1271 
3 1421 1334 1451 
3 1502 1421 1530 
3 1580 1502 1609 
3 1281 1241 1178 
3 1213 1143 1241 
3 1221 1213 1271 
3 1281 1320 1391 
3 1391 1320 1427 
3 1536 1427 1456 
3 1558 1536 1456 
3 1558 1577 1662 
3 2010 2002 1922 
3 2002 2087 2078 
3 2042 2128 2116 
3 2103 2032 2116 
3 2020 2103 2093 
3 2128 2053 2136 
3 2001 2093 2074 
3 2059 1988 2074 
3 2051 1972 2059 
3 1957 2051 2044 
3 1944 2044 2038 
3 2065 2147 2136 
3 2031 1936 2038 
3 2031 2003 1919 
3 1983 1898 2003 
3 1963 1878 1983 
3 2078 2151 2147 
3 1841 1858 1941 
3 1823 1841 1928 
3 1823 1907 1799 
3 1881 1775 1799 
3 1753 1775 1853 
3 1731 1753 1836 
3 1706 1731 1815 
3 1790 1683 1706 
3 1941 1858 1963 
3 1683 1764 1662 
3 1925 2010 1922 
3 1730 1675 1807 
3 1730 1807 1830 
3 1834 1835 1927 
3 1926 1835 1837 
3 1830 1923 1837 
3 1834 1927 1925 
3 2953 2964 2963 
3 2913 2853 2947 
3 2953 2963 2947 
3 2638 2651 2717 
3 2620 2638 2698 
3 2620 2675 2602 
3 2584 2602 2654 
3 2560 2584 2621 
3 2560 2595 2537 
3 2583 2523 2537 
3 2520 2523 2579 
3 2520 2577 2531 
3 2562 2531 2590 
3 2596 2562 2616 
3 2761 2808 2732 
3 2717 2651 2732 
3 2641 2596 2663 
3 2860 2761 2801 
3 2853 2913 2801 
3 2718 2678 2641 
3 2800 2755 2740 
3 2678 2718 2740 
3 2816 2763 2755 
3 2948 2964 2953 
3 2948 2953 2925 
3 2826 2869 2925 
3 2832 2767 2763 
3 2852 2900 2865 
3 2852 2767 2832 
3 2908 2862 2865 
3 2861 2862 2924 
3 2067 2013 2119 
3 2186 2119 2232 
3 2232 2343 2292 
3 1958 2013 2067 
3 2409 2343 2477 
3 2477 2599 2533 
3 2599 2741 2627 
3 2711 2741 2826 
3 1910 1958 2022 
3 1966 1856 1910 
3 1921 1819 1856 
3 1765 1819 1870 
3 1807 1765 1870 
3 2576 2655 2701 
3 2655 2576 2532 
3 2532 2428 2490 
3 2428 2325 2382 
3 2325 2217 2275 
3 2124 2183 2217 
3 2033 2077 2124 
3 2033 1945 1980 
3 1945 1882 1980 
3 2655 2766 2701 
3 1914 1882 1813 
3 2946 2949 2944 
3 2939 2936 2944 
3 2949 2951 2943 
3 2939 2923 2921 
3 2891 2889 2923 
3 2838 2837 2891 
3 2766 2783 2838 
3 2943 2929 2934 
3 2861 2934 2845 
3 1734 1839 1813 
3 1659 1763 1734 
3 1580 1687 1659 
3 1370 1334 1271 
3 1334 1370 1451 
3 1421 1451 1530 
3 1609 1502 1530 
3 1580 1609 1687 
3 1342 1241 1281 
3 1213 1241 1297 
3 1271 1213 1297 
3 1342 1281 1391 
3 1516 1391 1427 
3 1536 1516 1427 
3 1536 1558 1639 
3 1639 1558 1662 
3 2002 2010 2087 
3 2078 2087 2151 
3 2128 2198 2116 
3 2103 2116 2188 
3 2093 2103 2167 
3 2128 2136 2209 
3 2074 2093 2153 
3 2059 2074 2144 
3 2051 2059 2134 
3 2051 2133 2044 
3 2044 2137 2038 
3 2147 2234 2136 
3 2142 2031 2038 
3 2105 2003 2031 
3 2091 1983 2003 
3 1963 1983 2068 
3 2147 2151 2248 
3 1928 1841 1941 
3 1907 1823 1928 
3 1907 1881 1799 
3 1775 1881 1853 
3 1836 1753 1853 
3 1731 1836 1815 
3 1790 1706 1815 
3 1764 1683 1790 
3 1941 1963 2048 
3 1764 1746 1662 
3 2014 2010 1925 
3 1830 1807 1912 
3 1927 1835 1926 
3 1923 1926 1837 
3 1923 1830 1912 
3 1927 2014 1925 
3 2853 2902 2947 
3 2902 2953 2947 
3 2585 2651 2638 
3 2567 2638 2620 
3 2550 2620 2602 
3 2529 2602 2584 
3 2508 2584 2560 
3 2491 2560 2537 
3 2523 2480 2537 
3 2523 2520 2469 
3 2479 2520 2531 
3 2562 2492 2531 
3 2596 2522 2562 
3 2669 2761 2732 
3 2651 2669 2732 
3 2641 2568 2596 
3 2761 2702 2801 
3 2738 2853 2801 
3 2678 2603 2641 
3 2755 2700 2740 
3 2700 2678 2740 
3 2763 2706 2755 
3 2953 2902 2925 
3 2902 2826 2925 
3 2767 2697 2763 
3 2762 2852 2865 
3 2852 2762 2767 
3 2862 2760 2865 
3 2861 2739 2862 
3 2067 2119 2186 
3 2186 2232 2292 
3 2343 2409 2292 
3 1958 2067 2022 
3 2409 2477 2533 
3 2599 2627 2533 
3 2627 2741 2711 
3 2711 2826 2774 
3 1966 1910 2022 
3 1966 1921 1856 
3 1819 1921 1870 
3 1807 1870 1912 
3 2655 2532 2598 
3 2490 2428 2382 
3 2532 2490 2598 
3 2325 2275 2382 
3 2217 2183 2275 
3 2077 2183 2124 
3 2077 2033 1980 
3 1882 1914 1980 
3 2655 2720 2766 
3 1839 1914 1813 
3 2946 2951 2949 
3 2936 2946 2944 
3 2936 2939 2921 
3 2951 2929 2943 
3 2923 2889 2921 
3 2837 2889 2891 
3 2783 2837 2838 
3 2720 2783 2766 
3 2934 2929 2845 
3 2861 2845 2716 
3 1734 1763 1839 
3 1687 1763 1659 
3 1370 1271 1297 
3 1451 1370 1483 
3 1530 1451 1561 
3 1640 1609 1530 
3 1687 1609 1718 
3 1241 1342 1297 
3 1454 1342 1391 
3 1391 1516 1498 
3 1516 1536 1623 
3 1536 1639 1623 
3 1746 1639 1662 
3 2087 2010 2096 
3 2087 2162 2151 
3 2116 2198 2188 
3 2198 2128 2209 
3 2167 2103 2188 
3 2093 2167 2153 
3 2136 2234 2209 
3 2144 2074 2153 
3 2059 2144 2134 
3 2133 2051 2134 
3 2133 2137 2044 
3 2137 2142 2038 
3 2234 2147 2248 
3 2157 2031 2142 
3 2091 2003 2105 
3 2157 2105 2031 
3 2068 1983 2091 
3 2048 1963 2068 
3 2151 2213 2248 
3 1928 1941 2029 
3 1907 1928 2012 
3 1881 1907 1986 
3 1853 1881 1961 
3 1937 1836 1853 
3 1815 1836 1918 
3 1790 1815 1894 
3 1867 1764 1790 
3 2029 1941 2048 
3 1846 1746 1764 
3 2010 2014 2096 
3 1927 1926 2015 
3 1923 2011 1926 
3 2000 1923 1912 
3 2014 1927 2015 
3 2902 2853 2774 
3 2593 2651 2585 
3 2567 2585 2638 
3 2550 2567 2620 
3 2529 2550 2602 
3 2508 2529 2584 
3 2508 2560 2491 
3 2480 2491 2537 
3 2480 2523 2469 
3 2520 2479 2469 
3 2492 2479 2531 
3 2522 2492 2562 
3 2568 2522 2596 
3 2761 2669 2702 
3 2593 2669 2651 
3 2603 2568 2641 
3 2702 2738 2801 
3 2853 2738 2774 
3 2603 2678 2626 
3 2706 2700 2755 
3 2678 2700 2626 
3 2763 2697 2706 
3 2826 2902 2774 
3 2767 2674 2697 
3 2760 2762 2865 
3 2762 2674 2767 
3 2739 2760 2862 
3 2739 2861 2716 
3 2123 2067 2186 
3 2237 2186 2292 
3 2409 2339 2292 
3 2067 2123 2022 
3 2456 2409 2533 
3 2533 2627 2542 
3 2604 2627 2711 
3 2668 2711 2774 
3 1966 2022 2073 
3 1921 1966 2025 
3 1921 1970 1870 
3 1870 1970 1912 
3 2655 2598 2720 
3 2490 2382 2427 
3 2598 2490 2538 
3 2275 2323 2382 
3 2183 2216 2275 
3 2077 2117 2183 
3 2017 2077 1980 
3 1914 2017 1980 
3 1940 1914 1839 
3 2946 2918 2951 
3 2936 2884 2946 
3 2884 2936 2921 
3 2929 2951 2919 
3 2889 2834 2921 
3 2837 2779 2889 
3 2783 2719 2837 
3 2783 2720 2656 
3 2929 2799 2845 
3 2845 2677 2716 
3 1763 1871 1839 
3 1797 1763 1687 
3 1408 1370 1297 
3 1370 1408 1483 
3 1451 1483 1561 
3 1640 1530 1561 
3 1609 1640 1718 
3 1797 1687 1718 
3 1342 1408 1297 
3 1408 1342 1454 
3 1454 1391 1498 
3 1498 1516 1614 
3 1614 1516 1623 
3 1639 1723 1623 
3 1723 1639 1746 
3 2162 2087 2096 
3 2151 2162 2213 
3 2198 2256 2188 
3 2273 2198 2209 
3 2242 2167 2188 
3 2167 2227 2153 
3 2234 2297 2209 
3 2215 2144 2153 
3 2134 2144 2212 
3 2218 2133 2134 
3 2137 2133 2235 
3 2142 2137 2247 
3 2234 2248 2318 
3 2157 2142 2245 
3 2091 2105 2181 
3 2105 2157 2181 
3 2068 2091 2172 
3 2048 2068 2155 
3 2213 2277 2248 
3 1928 2029 2012 
3 1986 1907 2012 
3 1881 1986 1961 
3 1937 1853 1961 
3 1836 1937 1918 
3 1894 1815 1918 
3 1867 1790 1894 
3 1846 1764 1867 
3 2029 2048 2132 
3 1846 1824 1746 
3 2014 2098 2096 
3 1926 2011 2015 
3 2011 1923 2000 
3 1970 2000 1912 
3 2098 2014 2015 
3 2521 2593 2585 
3 2509 2585 2567 
3 2498 2567 2550 
3 2486 2550 2529 
3 2529 2508 2460 
3 2437 2508 2491 
3 2480 2420 2491 
3 2412 2480 2469 
3 2479 2414 2469 
3 2422 2479 2492 
3 2522 2447 2492 
3 2568 2493 2522 
3 2702 2669 2606 
3 2669 2593 2606 
3 2603 2530 2568 
3 2637 2738 2702 
3 2738 2668 2774 
3 2564 2603 2626 
3 2642 2700 2706 
3 2700 2642 2626 
3 2706 2697 2632 
3 2697 2674 2607 
3 2762 2760 2660 
3 2762 2660 2674 
3 2739 2636 2760 
3 2739 2716 2605 
3 2123 2186 2237 
3 2339 2237 2292 
3 2339 2409 2456 
3 2022 2123 2073 
3 2456 2533 2542 
3 2627 2604 2542 
3 2668 2604 2711 
3 2025 1966 2073 
3 1970 1921 2025 
3 2720 2598 2656 
3 2382 2323 2427 
3 2490 2427 2538 
3 2598 2538 2656 
3 2216 2323 2275 
3 2117 2216 2183 
3 2077 2017 2117 
3 1914 1940 2017 
3 1871 1940 1839 
3 2951 2918 2919 
3 2884 2918 2946 
3 2834 2884 2921 
3 2799 2929 2919 
3 2779 2834 2889 
3 2719 2779 2837 
3 2719 2783 2656 
3 2799 2677 2845 
3 2677 2580 2716 
3 1763 1797 1871 
3 1483 1408 1507 
3 1483 1593 1561 
3 1671 1640 1561 
3 1640 1751 1718 
3 1831 1797 1718 
3 1408 1454 1507 
3 1507 1454 1498 
3 1608 1498 1614 
3 1710 1614 1623 
3 1723 1710 1623 
3 1824 1723 1746 
3 2162 2096 2164 
3 2162 2223 2213 
3 2256 2242 2188 
3 2256 2198 2273 
3 2297 2273 2209 
3 2167 2242 2227 
3 2227 2215 2153 
3 2297 2234 2318 
3 2144 2215 2212 
3 2218 2134 2212 
3 2235 2133 2218 
3 2247 2137 2235 
3 2142 2247 2245 
3 2248 2331 2318 
3 2255 2157 2245 
3 2172 2091 2181 
3 2157 2255 2181 
3 2155 2068 2172 
3 2132 2048 2155 
3 2248 2277 2331 
3 2223 2277 2213 
3 2029 2109 2012 
3 2094 1986 2012 
3 1961 1986 2063 
3 1937 1961 2039 
3 1918 1937 2021 
3 1998 1894 1918 
3 1867 1894 1971 
3 1948 1846 1867 
3 2109 2029 2132 
3 1824 1846 1929 
3 2096 2098 2164 
3 2011 2092 2015 
3 2011 2000 2085 
3 2000 1970 2066 
3 2092 2098 2015 
3 2521 2540 2593 
3 2509 2521 2585 
3 2498 2509 2567 
3 2486 2498 2550 
3 2486 2529 2460 
3 2508 2437 2460 
3 2420 2437 2491 
3 2420 2480 2412 
3 2414 2412 2469 
3 2479 2422 2414 
3 2447 2422 2492 
3 2522 2493 2447 
3 2530 2493 2568 
3 2637 2702 2606 
3 2593 2540 2606 
3 2564 2530 2603 
3 2668 2738 2637 
3 2578 2564 2626 
3 2642 2706 2632 
3 2642 2578 2626 
3 2697 2607 2632 
3 2674 2588 2607 
3 2760 2636 2660 
3 2660 2588 2674 
3 2636 2739 2605 
3 2716 2580 2605 
3 2123 2237 2184 
3 2278 2237 2339 
3 2381 2339 2456 
3 2073 2123 2184 
3 2462 2456 2542 
3 2542 2604 2516 
3 2604 2668 2582 
3 2025 2073 2122 
3 1970 2025 2066 
3 2323 2361 2427 
3 2427 2476 2538 
3 2538 2587 2656 
3 2216 2254 2323 
3 2216 2117 2149 
3 2017 2046 2117 
3 1940 2046 2017 
3 1871 1976 1940 
3 2918 2756 2919 
3 2918 2884 2743 
3 2834 2727 2884 
3 2756 2799 2919 
3 2779 2694 2834 
3 2719 2635 2779 
3 2587 2719 2656 
3 2677 2799 2644 
3 2580 2677 2546 
3 1871 1797 1905 
3 1593 1483 1507 
3 1593 1671 1561 
3 1640 1671 1751 
3 1751 1831 1718 
3 1905 1797 1831 
3 1608 1507 1498 
3 1608 1614 1701 
3 1614 1710 1701 
3 1806 1710 1723 
3 1824 1806 1723 
3 2223 2162 2164 
3 2242 2256 2315 
3 2256 2273 2332 
3 2273 2297 2353 
3 2227 2242 2300 
3 2215 2227 2291 
3 2369 2297 2318 
3 2212 2215 2289 
3 2296 2218 2212 
3 2235 2218 2312 
3 2247 2235 2338 
3 2247 2307 2245 
3 2331 2388 2318 
3 2255 2245 2330 
3 2264 2172 2181 
3 2255 2264 2181 
3 2259 2155 2172 
3 2241 2132 2155 
3 2277 2340 2331 
3 2223 2290 2277 
3 2109 2094 2012 
3 1986 2094 2063 
3 2039 1961 2063 
3 2021 1937 2039 
3 1998 1918 2021 
3 1894 1998 1971 
3 1948 1867 1971 
3 1929 1846 1948 
3 2207 2109 2132 
3 1824 1929 1908 
3 2098 2161 2164 
3 2092 2011 2085 
3 2000 2066 2085 
3 2092 2161 2098 
3 2540 2521 2474 
3 2453 2521 2509 
3 2439 2509 2498 
3 2426 2498 2486 
3 2407 2486 2460 
3 2437 2387 2460 
3 2367 2437 2420 
3 2354 2420 2412 
3 2346 2412 2414 
3 2422 2357 2414 
3 2447 2371 2422 
3 2493 2406 2447 
3 2530 2444 2493 
3 2558 2637 2606 
3 2540 2558 2606 
3 2564 2488 2530 
3 2582 2668 2637 
3 2578 2505 2564 
3 2573 2642 2632 
3 2642 2573 2578 
3 2607 2556 2632 
3 2588 2518 2607 
3 2636 2563 2660 
3 2563 2588 2660 
3 2526 2636 2605 
3 2580 2499 2605 
3 2237 2278 2184 
3 2278 2339 2381 
3 2381 2456 2462 
3 2122 2073 2184 
3 2462 2542 2516 
3 2604 2582 2516 
3 2025 2122 2066 
3 2361 2476 2427 
3 2323 2254 2361 
3 2476 2587 2538 
3 2254 2216 2149 
3 2117 2046 2149 
3 1940 1976 2046 
3 1871 1905 1976 
3 2918 2743 2756 
3 2884 2727 2743 
3 2834 2694 2727 
3 2799 2756 2644 
3 2635 2694 2779 
3 2587 2635 2719 
3 2677 2644 2546 
3 2466 2580 2546 
3 1593 1507 1608 
3 1671 1593 1698 
3 1751 1671 1780 
3 1831 1751 1855 
3 1905 1831 1935 
3 1698 1608 1701 
3 1710 1793 1701 
3 1806 1793 1710 
3 1806 1824 1908 
3 2225 2223 2164 
3 2256 2332 2315 
3 2242 2315 2300 
3 2332 2273 2353 
3 2297 2369 2353 
3 2291 2227 2300 
3 2215 2291 2289 
3 2388 2369 2318 
3 2296 2212 2289 
3 2218 2296 2312 
3 2338 2235 2312 
3 2307 2247 2338 
3 2245 2307 2330 
3 2404 2388 2331 
3 2344 2255 2330 
3 2264 2259 2172 
3 2264 2255 2344 
3 2259 2241 2155 
3 2207 2132 2241 
3 2340 2404 2331 
3 2277 2290 2340 
3 2223 2225 2290 
3 2094 2109 2192 
3 2063 2094 2168 
3 2143 2039 2063 
3 2118 2021 2039 
3 2100 1998 2021 
3 1998 2071 1971 
3 2049 1948 1971 
3 1929 1948 2028 
3 2192 2109 2207 
3 1929 2009 1908 
3 2161 2225 2164 
3 2159 2092 2085 
3 2066 2156 2085 
3 2092 2159 2161 
3 2521 2453 2474 
3 2487 2540 2474 
3 2439 2453 2509 
3 2426 2439 2498 
3 2407 2426 2486 
3 2387 2407 2460 
3 2367 2387 2437 
3 2367 2420 2354 
3 2346 2354 2412 
3 2357 2346 2414 
3 2371 2357 2422 
3 2406 2371 2447 
3 2493 2444 2406 
3 2488 2444 2530 
3 2582 2637 2558 
3 2487 2558 2540 
3 2505 2488 2564 
3 2507 2505 2578 
3 2556 2573 2632 
3 2573 2507 2578 
3 2518 2556 2607 
3 2588 2494 2518 
3 2636 2526 2563 
3 2563 2494 2588 
3 2499 2526 2605 
3 2580 2466 2499 
3 2278 2221 2184 
3 2278 2381 2308 
3 2383 2381 2462 
3 2221 2122 2184 
3 2438 2462 2516 
3 2582 2500 2516 
3 2066 2122 2150 
3 2476 2361 2396 
3 2361 2254 2283 
3 2587 2476 2506 
3 2189 2254 2149 
3 2046 2081 2149 
3 2046 1976 2081 
3 1976 1905 2006 
3 2743 2609 2756 
3 2727 2594 2743 
3 2694 2574 2727 
3 2756 2609 2644 
3 2635 2541 2694 
3 2635 2587 2506 
3 2644 2513 2546 
3 2433 2466 2546 
3 1698 1593 1608 
3 1671 1698 1780 
3 1855 1751 1780 
3 1831 1855 1935 
3 2006 1905 1935 
3 1788 1698 1701 
3 1793 1788 1701 
3 1793 1806 1885 
3 1885 1806 1908 
3 2315 2332 2387 
3 2315 2367 2300 
3 2407 2332 2353 
3 2369 2426 2353 
3 2291 2300 2354 
3 2291 2346 2289 
3 2369 2388 2439 
3 2357 2296 2289 
3 2312 2296 2371 
3 2338 2312 2406 
3 2307 2338 2400 
3 2307 2400 2330 
3 2388 2404 2453 
3 2424 2344 2330 
3 2259 2264 2349 
3 2349 2264 2344 
3 2241 2259 2336 
3 2207 2241 2316 
3 2415 2404 2340 
3 2290 2351 2340 
3 2225 2293 2290 
3 2094 2192 2168 
3 2143 2063 2168 
3 2143 2118 2039 
3 2118 2100 2021 
3 2071 1998 2100 
3 2071 2049 1971 
3 2028 1948 2049 
3 2009 1929 2028 
3 2192 2207 2286 
3 2009 1985 1908 
3 2225 2161 2226 
3 2156 2159 2085 
3 2156 2066 2150 
3 2161 2159 2226 
3 2453 2404 2474 
3 2415 2487 2474 
3 2388 2453 2439 
3 2369 2439 2426 
3 2426 2407 2353 
3 2332 2407 2387 
3 2367 2315 2387 
3 2300 2367 2354 
3 2346 2291 2354 
3 2346 2357 2289 
3 2296 2357 2371 
3 2406 2312 2371 
3 2444 2338 2406 
3 2488 2400 2444 
3 2500 2582 2558 
3 2487 2500 2558 
3 2505 2424 2488 
3 2507 2436 2505 
3 2573 2556 2497 
3 2507 2573 2497 
3 2518 2470 2556 
3 2494 2432 2518 
3 2526 2459 2563 
3 2459 2494 2563 
3 2499 2425 2526 
3 2466 2391 2499 
3 2221 2278 2308 
3 2381 2383 2308 
3 2438 2383 2462 
3 2122 2221 2150 
3 2500 2438 2516 
3 2396 2361 2283 
3 2476 2396 2506 
3 2254 2189 2283 
3 2081 2189 2149 
3 2081 1976 2006 
3 2594 2609 2743 
3 2727 2574 2594 
3 2541 2574 2694 
3 2609 2513 2644 
3 2541 2635 2506 
3 2513 2433 2546 
3 2433 2358 2466 
3 1780 1698 1788 
3 1855 1780 1865 
3 1855 1947 1935 
3 2026 2006 1935 
3 1788 1793 1872 
3 1872 1793 1885 
3 1985 1885 1908 
3 2400 2338 2444 
3 2400 2424 2330 
3 2436 2344 2424 
3 2336 2259 2349 
3 2436 2349 2344 
3 2316 2241 2336 
3 2286 2207 2316 
3 2404 2415 2474 
3 2351 2415 2340 
3 2293 2351 2290 
3 2293 2225 2226 
3 2192 2265 2168 
3 2143 2168 2261 
3 2228 2118 2143 
3 2100 2118 2201 
3 2071 2100 2175 
3 2049 2071 2148 
3 2028 2049 2127 
3 2009 2028 2108 
3 2265 2192 2286 
3 1985 2009 2090 
3 2156 2230 2159 
3 2233 2156 2150 
3 2159 2230 2226 
3 2487 2415 2423 
3 2424 2400 2488 
3 2500 2487 2423 
3 2436 2424 2505 
3 2430 2436 2507 
3 2556 2470 2497 
3 2430 2507 2497 
3 2518 2432 2470 
3 2494 2401 2432 
3 2526 2425 2459 
3 2459 2401 2494 
3 2391 2425 2499 
3 2466 2358 2391 
3 2233 2221 2308 
3 2383 2306 2308 
3 2374 2383 2438 
3 2221 2233 2150 
3 2438 2500 2423 
3 2396 2283 2311 
3 2396 2421 2506 
3 2189 2202 2283 
3 2081 2106 2189 
3 2106 2081 2006 
3 2609 2594 2496 
3 2574 2475 2594 
3 2574 2541 2443 
3 2609 2496 2513 
3 2421 2541 2506 
3 2413 2433 2513 
3 2328 2358 2433 
3 1865 1780 1788 
3 1947 1855 1865 
3 1947 2026 1935 
3 2026 2106 2006 
3 1865 1788 1872 
3 1964 1872 1885 
3 1964 1885 1985 
3 2336 2349 2430 
3 2349 2436 2430 
3 2316 2336 2408 
3 2286 2316 2379 
3 2415 2351 2423 
3 2293 2362 2351 
3 2299 2293 2226 
3 2168 2265 2261 
3 2228 2143 2261 
3 2201 2118 2228 
3 2100 2201 2175 
3 2148 2071 2175 
3 2127 2049 2148 
3 2108 2028 2127 
3 2090 2009 2108 
3 2265 2286 2341 
3 2060 1985 2090 
3 2156 2233 2230 
3 2230 2299 2226 
3 2470 2408 2497 
3 2408 2430 2497 
3 2432 2379 2470 
3 2432 2401 2341 
3 2425 2347 2459 
3 2459 2347 2401 
3 2391 2313 2425 
3 2358 2276 2391 
3 2306 2233 2308 
3 2306 2383 2374 
3 2362 2374 2438 
3 2362 2438 2423 
3 2283 2202 2311 
3 2421 2396 2311 
3 2189 2106 2202 
3 2594 2475 2496 
3 2475 2574 2443 
3 2541 2421 2443 
3 2496 2413 2513 
3 2413 2328 2433 
3 2358 2328 2251 
3 1947 1865 1872 
3 2026 1947 2041 
3 2106 2026 2121 
3 1947 1872 1964 
3 1964 1985 2060 
3 2336 2430 2408 
3 2379 2316 2408 
3 2286 2379 2341 
3 2351 2362 2423 
3 2299 2362 2293 
3 2261 2265 2341 
3 2347 2228 2261 
3 2313 2201 2228 
3 2201 2276 2175 
3 2251 2148 2175 
3 2229 2127 2148 
3 2203 2108 2127 
3 2190 2090 2108 
3 2166 2060 2090 
3 2230 2233 2306 
3 2230 2306 2299 
3 2470 2379 2408 
3 2379 2432 2341 
3 2401 2261 2341 
3 2425 2313 2347 
3 2401 2347 2261 
3 2276 2313 2391 
3 2358 2251 2276 
3 2299 2306 2374 
3 2362 2299 2374 
3 2202 2224 2311 
3 2421 2311 2333 
3 2202 2106 2121 
3 2475 2373 2496 
3 2356 2475 2443 
3 2421 2333 2443 
3 2413 2496 2393 
3 2413 2310 2328 
3 2328 2229 2251 
3 2041 1947 1964 
3 2026 2041 2121 
3 2041 1964 2060 
3 2313 2228 2347 
3 2313 2276 2201 
3 2276 2251 2175 
3 2251 2229 2148 
3 2229 2203 2127 
3 2203 2190 2108 
3 2166 2090 2190 
3 2166 2139 2060 
3 2311 2224 2333 
3 2224 2202 2121 
3 2496 2373 2393 
3 2475 2356 2373 
3 2333 2356 2443 
3 2310 2413 2393 
3 2310 2229 2328 
3 2041 2139 2121 
3 2139 2041 2060 
3 2310 2203 2229 
3 2203 2287 2190 
3 2268 2166 2190 
3 2246 2139 2166 
3 2224 2246 2333 
3 2139 2224 2121 
3 2373 2287 2393 
3 2356 2268 2373 
3 2246 2356 2333 
3 2287 2310 2393 
3 2203 2310 2287 
3 2287 2268 2190 
3 2246 2166 2268 
3 2224 2139 2246 
3 2373 2268 2287 
3 2356 2246 2268 

