# vtk DataFile Version 4.2
vtk output
ASCII
DATASET POLYDATA
POINTS 2992 float
-181.321 32.8898 152.843 -180.779 48.3271 114.751 -180.671 55.7185 88.741 
-180.292 42.9896 140.932 -180.267 56.9666 104.077 -180.241 44.1686 98.9544 
-180.048 36.8917 125.464 -180.04 26.5074 136.787 -180.018 53.6593 73.8053 
-179.68 51.9292 129.746 -179.632 16.1234 147.822 -179.537 32.6349 109.972 
-179.445 65.9088 108.95 -179.418 68.027 79.6542 -179.105 41.4634 83.882 
-179.013 66.1545 64.1623 -178.711 21.5881 121.341 -178.568 68.141 94.9959 
-178.474 51.097 58.6285 -178.472 20.7855 162.805 -178.295 29.3599 94.7308 
-178.138 10.8457 132.481 -178.125 60.9932 121.955 -177.694 17.5334 105.941 
-177.6 38.5823 68.9738 -177.592 5.096 157.446 -177.304 0.145388 143.255 
-177.043 25.9179 79.7142 -176.995 63.3917 48.6562 -176.961 6.28938 117.101 
-176.93 48.1416 43.3635 -176.688 13.8746 90.6534 -176.63 35.6035 53.7441 
-176.559 -4.85448 128.157 -176.371 2.06732 101.838 -176.266 22.8494 64.4419 
-176.13 -9.50743 113.076 -175.934 10.2171 75.4891 -175.894 -15.9025 139.388 
-175.868 -10.257 153.723 -175.801 -21.0956 124.55 -175.779 -1.816 86.6397 
-175.767 32.3974 38.5055 -175.61 -13.6839 97.9343 -175.55 19.7315 49.1579 
-175.213 44.8069 28.0136 -175.152 -25.5871 109.406 -175.113 7.02673 60.2032 
-174.637 -5.32871 71.4611 -174.584 60.1226 33.1985 -174.229 -17.3809 82.7513 
-174.186 47.9137 154.414 -174.111 28.962 23.1611 -174.064 -32.6229 136.793 
-173.998 -29.5292 94.0541 -173.935 16.4956 33.8697 -173.72 36.437 166.031 
-173.555 -5.88524 166.322 -173.55 57.8623 142.141 -173.492 -37.4436 121.285 
-173.396 4.08493 44.8508 -173.311 8.17472 170.856 -172.787 66.5251 129.518 
-172.688 -8.29461 56.1675 -172.542 40.9781 12.5064 -172.266 -25.9368 151.247 
-172.235 73.474 116.701 -172.215 -41.4468 105.672 -172.068 -20.3839 67.5316 
-171.908 -32.8032 78.7075 -171.792 78.3917 71.3494 -171.725 77.775 102.44 
-171.189 25.2623 7.79142 -171.168 76.9902 55.3755 -171.016 -45.0565 90.0256 
-170.959 78.3071 87.0919 -170.803 13.2458 18.6783 -170.782 56.1407 17.9822 
-170.093 1.10818 29.6146 -170.017 -35.3259 63.1864 -169.97 -22.9286 52.0297 
-169.881 -10.9035 40.7374 -169.768 -47.988 74.2769 -169.755 -18.4089 164.211 
-169.534 22.9744 174.796 -168.547 74.0078 39.819 -168.35 37.2464 -2.58586 
-167.949 -37.3999 47.655 -167.492 -50.1839 58.6281 -167.353 -25.1752 36.4959 
-167.255 9.93518 3.48589 -166.903 -2.04649 14.2894 -166.875 21.8329 -7.22984 
-166.792 -13.7859 25.2589 -166.522 52.0976 2.97043 -165.397 -5.09799 175.591 
-165.31 -15.5066 172.895 -165.309 70.253 24.4765 -165.008 -46.209 132.795 
-164.581 -50.6985 117.042 -164.398 -59.5167 85.9528 -164.395 -55.2627 101.499 
-164.332 61.1654 153.423 -164.044 50.2964 165.567 -163.894 -38.5482 32.4532 
-163.588 -27.1371 21.1644 -163.542 -51.3694 43.343 -163.541 -62.5003 70.0572 
-163.525 70.015 139.759 -163.437 -39.2816 147.5 -163.31 -16.9808 9.70111 
-163.308 -5.20083 -1.03655 -162.973 6.67061 -11.5753 -162.806 33.413 -17.1061 
-162.394 77.1751 125.583 -161.948 9.312 180.39 -161.942 37.7892 176.12 
-161.659 18.4363 -22.0125 -161.397 48.0378 -11.5967 -161.302 82.511 110.976 
-161.181 65.8695 9.60679 -160.62 -64.1239 54.3795 -160.577 -30.1711 160.442 
-160.542 85.305 95.5959 -160.237 -52.4929 -367.208 -160.084 86.1584 79.7725 
-160.062 -66.5718 -359.34 -159.556 -52.5403 -350.563 -159.547 86.2099 63.8524 
-159.276 -38.1301 17.7687 -159.103 -38.4415 -358 -158.9 -8.27597 -16.2796 
-158.816 3.52401 -26.7932 -158.454 -51.3729 28.3608 -158.402 85.0231 48.0242 
-158.32 29.957 -32.0519 -157.862 -38.1574 -374.525 -157.842 -20.1001 -5.63521 
-157.679 15.236 -37.2403 -157.625 -66.3379 -342.844 -157.587 -38.3049 -341.796 
-157.447 -80.6105 -367.546 -157.344 -52.2874 -334.363 -157.255 61.8342 -5.32033 
-157.031 -66.4252 -375.85 -156.96 -18.9938 171.789 -156.829 44.3482 -26.379 
-156.481 -32.7218 4.87491 -156.471 -80.4156 -351.199 -156.45 23.7667 183.263 
-156.366 82.2098 32.3511 -156.364 -24.2118 -364.899 -156.163 -64.4483 39.0755 
-155.76 -24.4591 -348.978 -155.51 -38.1643 -325.701 -155.5 0.524421 -42.2616 
-155.276 -11.1342 -31.7291 -154.713 -65.827 -326.609 -154.657 26.7914 -47.3321 
-154.554 -51.8802 -318.206 -154.431 12.203 -52.7034 -154.338 -24.2636 -333.093 
-153.835 -52.0689 -382.528 -153.767 -23.6225 -381.122 -153.759 -22.7394 -21.1128 
-153.65 78.5548 16.9388 -153.185 -50.4178 13.7126 -153.181 41.0003 -41.5323 
-153.085 57.9859 -20.136 -152.977 -79.499 -335.055 -152.942 62.6472 163.548 
-152.929 -38.0596 -309.649 -152.906 -65.668 96.4639 -152.904 -70.1194 81.1557 
-152.836 -93.9926 -359.451 -152.824 -5.07389 181.02 -152.674 72.2902 150.214 
-152.59 -2.36895 -57.8218 -152.332 -13.9151 -47.3173 -152.306 -59.9268 111.348 
-152.26 -73.6137 65.61 -152.028 -24.1889 -316.981 -151.911 -92.9209 -373.953 
-151.8 -54.3044 126.383 -151.737 80.063 135.528 -151.728 51.1687 174.886 
-151.715 -51.6333 -302.153 -151.684 -10.8641 -355.239 -151.46 -34.7435 -10.6597 
-151.396 -65.1652 -310.656 -151.348 9.24574 -68.2497 -151.338 -63.9995 23.9629 
-151.283 -10.1353 -370.956 -151.097 23.7113 -62.8171 -150.876 -25.2883 -36.7564 
-150.79 -10.9565 -339.675 -150.714 -47.4057 140.948 -150.629 86.0366 120.454 
-150.407 -38.0392 -293.528 -150.38 74.5031 1.81228 -150.347 -75.6309 49.9047 
-150.037 -5.35775 -73.5426 -149.977 -16.691 -63.0557 -149.95 -80.0625 -381.053 
-149.664 -37.8056 -389.221 -149.66 -78.6321 -319.156 -149.58 -24.4465 -300.946 
-149.459 -92.7717 -343.613 -149.43 89.9536 104.754 -149.345 37.784 -56.875 
-149.224 54.3337 -35.0657 -148.927 -10.7607 -323.972 -148.87 -49.0475 -0.836867 
-148.782 -51.4947 -286.262 -148.702 -39.1765 154.265 -148.552 92.0721 88.8637 
-148.411 38.0187 184.185 -148.338 -27.6756 -52.4337 -148.291 -36.5724 -26.231 
-148.261 9.7078 186.374 -148.016 -64.6431 -294.86 -147.968 -38.1563 -277.596 
-147.922 5.88363 -83.9795 -147.854 93.1315 72.8755 -147.763 -19.9503 -79.1024 
-147.703 -8.93256 -89.7403 -147.563 20.5649 -78.4729 -147.342 -24.6117 -284.934 
-147.338 -76.3064 34.1601 -147.009 -10.9121 -308.093 -147.005 93.2879 56.8589 
-146.95 -8.94676 -385.843 -146.893 70.5305 -13.184 -146.745 -38.2472 -261.446 
-146.645 -51.44 -270.279 -146.554 -63.0269 8.91159 -146.313 -30.2273 -68.2782 
-146.165 1.8409 -360.781 -146.041 -28.8656 166.049 -145.948 -77.6113 -303.412 
-145.789 -91.34 -327.863 -145.789 1.4508 -345.384 -145.701 -51.5187 -254.134 
-145.688 91.8601 40.9139 -145.647 -24.7592 -268.939 -145.643 -38.4926 -41.8519 
-145.573 50.8642 -50.1743 -145.445 -24.5737 -95.7976 -145.374 -12.6332 -105.871 
-145.366 2.3818 -99.9206 -145.348 34.6571 -72.4005 -145.338 -64.336 -278.98 
-145.315 -65.4627 -385.884 -145.257 -38.2724 -245.438 -145.171 -48.878 -15.9763 
-145.104 3.46657 -376.273 -144.962 -105.095 -368.898 -144.532 -11.0414 -292.333 
-144.473 -24.8492 -252.92 -144.416 -51.653 -237.987 -144.288 -33.833 -84.5511 
-144.189 2.0838 -330.189 -144.172 -38.174 -229.507 -143.955 17.0952 -94.0217 
-143.899 89.3118 25.1191 -143.663 -64.1524 -262.987 -143.615 -40.1226 -57.4451 
-143.461 -27.9174 -111.957 -143.341 -24.7724 -237.014 -143.252 66.7363 -28.1181 
-143.208 -104.812 -352.739 -143.139 -51.4163 -222.534 -143.021 -75.7385 18.8118 
-143 -0.904328 -115.767 -142.952 -15.7381 -121.756 -142.821 -17.32 176.83 
-142.654 -11.1238 -276.556 -142.586 -23.0103 -392.725 -142.511 -76.8315 -287.557 
-142.486 -64.4512 -246.767 -142.289 -49.7652 -31.4133 -142.281 24.0083 189.79 
-142.271 -62.2788 -6.16636 -142.241 -41.4878 -72.948 -142.236 -37.8616 -214.034 
-142.186 1.58786 -314.637 -142.111 -90.1298 -311.957 -141.949 -40.7063 -87.5126 
-141.717 -30.5963 -127.944 -141.639 85.9817 9.57175 -141.589 47.3912 -65.3577 
-141.524 -41.0391 -102.549 -141.51 31.6252 -88.1623 -141.443 -64.5843 -230.925 
-141.387 -94.8342 -381.603 -141.325 -24.791 -221.003 -141.313 -11.5179 -260.617 
-141.015 13.7641 -109.725 -140.804 -50.9302 -207.567 -140.74 -18.3635 -137.568 
-140.712 73.4121 159.939 -140.506 -43.1488 -118.378 -140.423 -79.371 75.8177 
-140.397 -76.411 -271.671 -140.297 -37.427 -198.261 -140.267 -11.6613 -244.564 
-140.237 63.0617 172.423 -140.221 -103.421 -336.695 -140.173 -83.2628 60.4044 
-140.168 12.7787 -350.482 -140.109 -32.82 -143.832 -140.086 1.16429 -299.192 
-140.075 81.8411 145.641 -140.047 -3.89068 -131.374 -139.974 -50.9474 -390.078 
-139.956 -74.0643 90.7583 -139.928 -50.6779 -46.9522 -139.898 14.3266 -365.979 
-139.704 63.077 -43.0809 -139.619 -24.4547 -204.784 -139.284 -64.1893 -215.545 
-139.256 -45.1169 -134.341 -139.252 -76.6208 -255.6 -139.167 -67.715 105.233 
-139.128 4.54014 -391.017 -139.121 -50.34 -193.676 -139.046 88.6581 130.384 
-139.045 -85.6785 44.6703 -138.988 -34.647 -159.696 -138.946 -36.0875 -175.464 
-138.93 -75.0296 3.52581 -138.912 -3.90116 185.293 -138.905 -20.6019 -153.438 
-138.82 -11.7891 -228.507 -138.675 -61.9216 -21.3957 -138.653 -88.868 -296.198 
-138.546 16.7702 -382.106 -138.473 81.7387 -5.48913 -138.363 -51.5284 -62.4462 
-138.305 51.1647 183.04 -138.213 -61.0244 119.496 -138.187 -49.5701 -180.279 
-138.181 -46.8756 -150.183 -138.121 -23.7834 -186.895 -138.092 10.5421 -125.248 
-137.989 -22.4761 -169.59 -137.89 93.5433 114.511 -137.879 -76.8526 -239.563 
-137.734 -48.4317 -165.652 -137.7 -6.53942 -147.075 -137.666 28.2753 -103.736 
-137.642 44.5423 -81.2019 -137.598 -52.2494 -77.7947 -137.58 2.04553 -284.195 
-137.486 -53.4106 -93.2227 -137.433 -11.5391 -212.335 -137.181 -53.9692 133.545 
-137.116 -86.9305 28.8657 -137.091 -63.67 -200.778 -136.994 -55.2671 -109.008 
-136.808 96.6617 98.3133 -136.378 16.9467 -337.296 -136.37 -57.254 -124.931 
-136.233 -101.479 -320.829 -136.176 13.517 -320.761 -136.17 59.3711 -58.0582 
-135.984 1.68226 -268.439 -135.945 98.5317 82.1635 -135.935 -79.1607 -385.719 
-135.762 -61.9584 -36.8568 -135.722 -62.8821 -186.303 -135.693 -8.87513 -162.906 
-135.683 -88.1107 -280.306 -135.674 -76.9152 -223.614 -135.654 -45.8868 146.845 
-135.641 -11.367 -195.866 -135.352 -58.9967 -140.856 -135.312 77.8579 -20.5324 
-135.198 7.51565 -140.683 -135.125 99.4594 65.9916 -135.081 1.22099 -252.38 
-134.998 -61.9036 -171.68 -134.973 -10.4789 -179.17 -134.884 -74.2073 -11.6784 
-134.865 -60.5544 -156.531 -134.665 11.8795 -305.075 -134.312 24.7973 -119.049 
-134.296 37.9517 191.188 -134.252 -9.02703 -395.413 -134.179 10.1366 191.513 
-134.115 -86.959 13.2306 -134.103 0.921164 -236.221 -134.099 99.2382 49.8455 
-134.07 -88.127 -264.292 -133.814 -36.9804 -393.531 -133.708 -36.6624 159.189 
-133.677 23.6648 -355.081 -133.363 -62.2189 -52.3938 -133.349 -113.551 -362.691 
-133.334 -76.5572 -208.129 -133.089 9.64131 -288.609 -132.946 55.7025 -73.0832 
-132.851 98.0242 33.789 -132.85 26.946 -370.93 -132.804 0.702633 -220.143 
-132.767 -100.102 -304.878 -132.763 41.9981 -97.4888 -132.74 -88.4719 -248.203 
-132.326 4.62883 -156.131 -132.074 49.3186 -85.8126 -132.021 -62.911 -68.0581 
-132.01 74.0989 -35.5379 -131.982 -113.582 -346.214 -131.72 -64.4251 -83.7793 
-131.629 -75.8793 -193.04 -131.566 -66.4682 -99.6557 -131.454 17.3729 -396.787 
-131.383 -73.5273 -27.093 -131.34 -68.6997 -115.611 -131.278 -26.3503 170.541 
-131.196 0.666563 -204.082 -131.146 -106.572 -376.783 -131.082 21.3523 -134.254 
-131.05 95.5569 18.0388 -130.891 29.9101 -386.634 -130.722 -70.6802 -131.597 
-130.573 -74.9674 -178.153 -130.513 -86.2942 -2.21344 -130.418 2.30814 -171.868 
-130.415 -64.3076 -388.76 -130.299 -88.8531 -231.833 -130.116 1.02821 -187.929 
-130.09 -73.7994 -163.012 -130.063 -72.3195 -147.404 -129.85 -99.1313 -289.069 
-128.862 38.635 -112.927 -128.782 70.547 -50.5732 -128.762 -111.849 -329.889 
-128.598 17.2371 -293.023 -128.474 91.6087 2.71913 -128.391 14.3112 -276.316 
-128.355 -15.0039 180.835 -128.127 -72.9201 -42.6059 -128.085 23.9876 195.904 
-127.939 73.7905 168.835 -127.924 18.0265 -149.442 -127.869 26.7083 -327.113 
-127.767 -98.8789 -273.112 -127.762 82.7857 155.167 -127.756 -92.1254 54.7521 
-127.754 22.5901 -310.848 -127.745 -88.8354 -215.767 -127.719 -87.9754 70.1356 
-127.478 -95.3588 39.0926 -127.44 13.2289 -260.243 -127.06 -82.4524 85.0191 
-126.948 62.9114 180.665 -126.888 90.0533 140.255 -126.858 31.6302 -343.795 
-126.693 12.539 -244.079 -126.506 54.0949 -90.4233 -126.344 -93.1401 -382.921 
-126.337 -22.9812 -396.075 -126.303 -85.0402 -17.5747 -126.177 -99.0567 -257.005 
-126.123 -96.9277 23.2196 -126.018 -75.709 99.3012 -125.896 -88.2507 -200.21 
-125.848 66.8999 -65.543 -125.797 35.8458 -359.97 -125.77 95.9111 124.342 
-125.722 11.9711 -227.971 -125.656 87.6197 -12.4225 -125.62 -73.0097 -58.3697 
-125.27 -110.233 -313.84 -125.239 34.7135 -127.881 -124.859 -68.5023 113.293 
-124.813 14.8192 -164.686 -124.738 -2.54335 189.727 -124.699 100.112 108.08 
-124.673 3.77048 -398.441 -124.671 -74.3652 -74.3511 -124.574 11.7882 -212.051 
-124.561 39.419 -375.72 -124.484 -50.2161 -391.708 -124.43 -87.2813 -185.01 
-124.415 50.7254 190.455 -124.363 -76.5824 -90.4298 -124.334 -79.2192 -106.485 
-124.267 -97.6694 7.35986 -124.159 30.9298 -401.613 -124.111 -81.5589 -122.459 
-123.955 -99.586 -240.488 -123.804 102.895 91.6517 -123.696 -61.0602 127.053 
-123.682 -86.173 -169.76 -123.597 -83.3538 -138.365 -123.465 11.8323 -196.133 
-123.423 62.187 -79.8358 -123.371 12.7174 -180.283 -123.357 -84.8512 -154.193 
-123 42.9625 -391.762 -122.985 104.583 75.2906 -122.708 83.7138 -27.4842 
-122.548 -83.8575 -33.1124 -122.281 -52.7928 140.172 -122.22 -109.158 -297.943 
-121.98 105.043 59.0603 -121.948 31.004 -142.809 -121.058 51.5394 -106.743 
-121.033 -120.686 -356.015 -121.03 -96.869 -8.30697 -120.9 104.636 42.7645 
-120.809 -78.286 -386.396 -120.643 -43.9256 152.688 -120.554 -100.372 -223.569 
-120.207 10.4743 196.983 -120.171 37.4579 197.885 -120.015 -108.785 -282.01 
-119.714 80.1247 -42.5739 -119.622 -115.702 -371.132 -119.489 -120.614 -339.24 
-119.431 103.172 26.797 -119.032 -82.7893 -48.7651 -118.761 -34.3975 164.53 
-118.737 34.1934 -316.883 -118.55 38.94 -332.95 -118.532 27.2266 -157.643 
-118.529 29.5629 -300.407 -118.393 -99.7584 -207.692 -118.391 -108.796 -265.948 
-118.128 26.0732 -284.055 -117.659 -36.5944 -394.091 -117.593 43.5335 -349.075 
-117.582 -9.82548 -398.251 -117.565 24.0072 -267.99 -117.411 47.317 -121.442 
-117.207 99.9024 11.3293 -116.99 22.8758 -251.782 -116.926 -83.3902 -64.908 
-116.919 -108.786 -249.821 -116.876 -98.6876 -192.247 -116.828 76.6116 -57.5926 
-116.756 22.2284 -235.699 -116.715 -106.805 -377.536 -116.589 -119.269 -322.917 
-116.531 -24.0774 175.5 -116.507 -94.6746 -23.7041 -116.475 17.0054 -402.066 
-116.358 47.4764 -364.843 -116.188 21.9534 -219.795 -116.1 44.9024 -406.796 
-116.086 -85.7508 -81.2966 -115.972 24.1417 -172.777 -115.823 -97.5252 -176.81 
-115.82 -88.8899 -97.6342 -115.775 -91.5284 -113.677 -115.576 -93.5186 -129.572 
-115.405 -95.111 -145.423 -115.394 21.8725 -204.005 -115.364 -96.3304 -161.222 
-115.287 -104.155 32.9897 -115.221 -100.709 48.7794 -115.183 -64.005 -389.155 
-115.124 22.4139 -188.282 -114.938 -106.64 17.0595 -114.824 51.2488 -380.535 
-114.728 96.0125 -3.93833 -114.706 82.8211 163.805 -114.647 -95.9286 64.1568 
-114.522 73.0989 176.858 -114.307 43.2482 -136.112 -114.285 72.505 -72.2634 
-114.149 90.8171 149.38 -114.061 23.7528 201.903 -113.924 -90.2079 79.0446 
-113.883 -13.0224 185.57 -113.548 -118.123 -306.966 -113.282 -107.26 1.10265 
-113.174 97.0323 133.979 -113.147 61.9275 188.075 -113.136 67.6704 -86.0885 
-112.925 -83.6104 93.4402 -112.773 -110.499 -231.974 -112.474 -92.7572 -39.3387 
-112.174 102.071 117.828 -112.105 92.0116 -19.097 -111.975 55.0889 -396.278 
-111.747 -76.3847 107.461 -111.282 105.873 101.361 -111.138 -92.6752 -382.759 
-111.101 -117.606 -291.076 -111.09 39.2063 -150.803 -110.957 63.0261 -100.187 
-110.654 -1.53958 194.842 -110.495 -68.7671 121.178 -110.478 108.489 84.8589 
-110.318 49.7237 197.176 -109.978 -105.598 -14.672 -109.692 -23.4141 -396.281 
-109.583 109.798 68.3628 -109.422 -117.648 -275.063 -109.331 -110.278 -215.289 
-109.312 88.0749 -34.1372 -109.245 -115.689 -244.266 -109.235 -91.8381 -55.2959 
-109.146 -60.6777 134.509 -109.139 -50.2683 -391.351 -108.894 3.23649 -400.777 
-108.522 44.4972 -322.419 -108.43 109.774 51.9921 -108.406 -117.632 -258.986 
-108.339 -127.166 -348.737 -108.268 39.7444 -306.401 -108.143 35.4396 -165.512 
-108.036 58.7552 -114.679 -107.836 -109.048 -199.746 -107.662 30.1627 -405.749 
-107.652 49.165 -338.305 -107.589 -51.9176 147.27 -107.379 -93.7573 -72.0707 
-107.348 -122.421 -365.497 -107.097 108.905 35.7817 -107.051 36.2646 -290.888 
-106.822 53.9417 -353.891 -106.76 -107.797 -184.193 -106.634 -126.947 -332.185 
-106.501 84.4721 -49.186 -106.308 10.5583 202.582 -106.303 32.7091 -180.621 
-106.244 -102.72 -121.021 -106.243 -105.77 -152.684 -106.243 -104.397 -136.833 
-106.233 -106.702 -168.512 -106.201 -100.692 -105.205 -106.184 -97.9861 -89.1501 
-106.078 36.4699 204.312 -105.812 -42.5481 159.255 -105.802 30.5848 -227.314 
-105.755 -102.739 -30.0378 -105.712 30.8886 -243.25 -105.673 33.6166 -275.502 
-105.636 31.2327 -196 -105.605 30.6623 -211.597 -105.523 31.6517 -259.389 
-105.504 -77.8264 -386.059 -105.491 57.1781 -408.729 -105.249 106.645 20.0475 
-105.193 57.9508 -369.507 -105.175 54.4568 -129.18 -103.993 -32.6717 170.578 
-103.896 -125.887 -316.067 -103.841 80.6811 -63.9894 -103.13 62.0156 -385.053 
-103.05 -112.551 26.5277 -102.984 102.854 4.74281 -102.856 -115.07 10.5459 
-102.524 -108.521 42.3261 -102.237 50.3085 -143.715 -102.066 -100.434 -45.615 
-101.958 -22.3977 181.295 -101.863 76.5997 -78.4218 -101.826 -36.998 -393.386 
-101.821 -106.876 -378.254 -101.753 -103.517 57.8403 -101.391 -125.46 -300.22 
-101.354 -10.3855 -398.394 -101.229 -115.024 -5.4481 -101.169 81.8029 171.792 
-100.919 90.4259 157.962 -100.767 71.8391 184.389 -100.645 -97.4193 72.8366 
-100.622 98.9204 -10.4812 -100.465 -63.9024 -388.648 -100.454 -121.993 -238.371 
-100.171 97.2138 143.083 -100.059 16.3287 -403.225 -100.037 22.669 208.066 
-99.9198 -100.037 -61.7278 -99.8326 72.344 -92.7481 -99.6628 -90.9584 87.4337 
-99.6059 -11.7735 191.386 -99.5154 -125.625 -284.289 -99.2915 46.0817 -158.235 
-99.2367 102.576 127.397 -99.1732 60.6833 195.025 -99.1477 -120.117 -222.883 
-98.7828 64.6709 -400.057 -98.6512 42.862 -408.518 -98.6392 -83.9706 101.567 
-98.5459 -125.785 -268.235 -98.3915 -125.065 -252.346 -98.3654 107.123 111.1 
-98.3086 -112.625 -21.1563 -97.9944 94.6347 -25.4885 -97.8426 -118.596 -207.361 
-97.5429 48.0277 -311.94 -97.5217 110.469 94.4812 -97.4827 -76.5511 115.455 
-97.394 68.2429 -107.241 -97.0486 43.6665 -296.262 -96.9452 52.9261 -327.691 
-96.8791 -0.990097 200.866 -96.8674 42.4067 -172.939 -96.7284 -117.161 -191.757 
-96.6965 112.831 77.8675 -96.6236 48.242 203.774 -96.1975 -116.083 -176.01 
-96.1893 -114.229 -144.318 -96.1423 -112.831 -128.449 -96.1206 -115.189 -160.177 
-96.1201 -68.6894 129.071 -96.0415 -111.15 -112.696 -95.9314 58.1508 -343.255 
-95.738 -109.106 -97.0025 -95.6684 113.541 61.2944 -95.4647 -91.7015 -382.597 
-95.4224 -133.089 -341.394 -95.3903 39.9002 -188.037 -95.3451 90.8395 -40.4867 
-95.187 -129.493 -357.512 -94.9723 -106.837 -81.4045 -94.7852 64.0897 -121.753 
-94.7612 -109.413 -36.4442 -94.6427 62.8641 -358.718 -94.5592 38.344 -203.359 
-94.5486 -60.1925 142.193 -94.2979 113.143 45.0187 -94.2069 37.7187 -218.937 
-94.1201 -50.5701 -390.726 -93.8376 37.4478 -234.658 -93.7943 -23.9151 -395.502 
-93.3153 -132.484 -325.159 -93.1963 37.6703 -250.646 -92.8818 -51.1838 154.76 
-92.866 10.1794 208.739 -92.7698 -106.025 -66.7959 -92.7485 86.8893 -55.2852 
-92.6717 2.63015 -400.709 -92.6714 111.402 29.0581 -92.6714 66.8772 -374.175 
-92.5425 39.3506 -266.883 -92.1361 59.9468 -136.286 -92.1118 -106.896 -51.7578 
-91.8083 -118.94 -370.983 -91.491 42.8327 -283.23 -91.2758 -41.4414 166.46 
-91.006 -132.24 -309.384 -91.0029 29.1509 -405.761 -90.7124 108.098 13.5414 
-90.4644 83.4419 -70.0687 -90.1196 -119.785 19.9448 -90.0268 34.1282 211.402 
-89.7578 -121.458 3.87797 -89.7396 56.1793 -409.588 -89.6347 -115.713 35.7174 
-89.6206 -77.4612 -385.538 -89.4905 -31.348 177.494 -89.3929 70.2006 -389.703 
-89.3138 55.5311 -150.647 -89.0584 -132.784 -293.586 -88.7959 -110.464 51.2083 
-88.5256 104.135 -1.68287 -88.3986 -120.749 -12.0703 -88.2796 79.8822 -84.7605 
-88.0148 -129.467 -230.452 -87.7858 -131.618 -245.562 -87.7395 -104.412 66.3061 
-87.7159 -133.371 -277.652 -87.7001 -21.2404 188.046 -87.4568 -133.121 -261.268 
-87.4155 80.2051 179.543 -87.2883 88.7788 166.006 -87.2263 -127.717 -214.991 
-86.8816 69.9518 191.559 -86.7508 49.453 -301.313 -86.7352 95.9581 151.419 
-86.7137 51.4706 -165.243 -86.5603 -97.8562 81.0879 -86.4444 -37.3943 -392.672 
-86.3168 -64.0026 -388.016 -86.2648 -126.065 -199.368 -86.1445 99.8599 -16.7 
-85.992 -11.1092 198.41 -85.9813 21.3157 214.33 -85.9706 -104.906 -378.687 
-85.965 75.8955 -99.3638 -85.9616 101.747 136.235 -85.8801 -117.861 -27.5277 
-85.7007 58.2999 201.669 -85.6196 55.0517 -317.278 -85.6166 -122.133 -136.06 
-85.586 -124.704 -183.593 -85.557 -120.726 -120.186 -85.4667 -123.02 -151.915 
-85.4133 -90.8317 95.3701 -85.3774 -10.92 -397.747 -85.3676 -123.729 -167.771 
-85.2051 -118.743 -104.478 -85.1441 106.598 120.447 -84.6233 47.9456 -179.976 
-84.5043 -116.296 -88.9632 -84.4615 60.5031 -332.834 -84.3287 45.8475 209.51 
-84.2981 -83.6062 109.381 -84.2833 110.421 103.996 -83.9396 -0.573528 207.87 
-83.7557 15.6357 -402.765 -83.5911 95.8754 -31.6907 -83.589 72.0214 -114.055 
-83.4099 113.487 87.463 -83.4039 -113.868 -73.4959 -83.1822 45.3192 -195.037 
-83.1244 -114.323 -42.6444 -83.0359 -76.1024 123.308 -83 65.6549 -348.255 
-82.9875 -136.505 -350.181 -82.8312 68.5391 -403.635 -82.4424 115.509 70.9155 
-82.3483 -112.696 -58.0816 -82.1888 43.5986 -210.402 -82.0775 -138.043 -334.179 
-82.0634 41.9729 -407.227 -81.602 10.5111 214.128 -81.4944 42.7293 -226.022 
-81.4644 -68.1423 137.118 -81.3534 70.3686 -363.489 -81.2455 115.549 54.4759 
-81.1532 67.9446 -128.698 -81.0631 92.0191 -46.6142 -80.9534 -128.641 -364.136 
-80.6222 42.1255 -241.77 -80.1406 -77.4354 -385.081 -80.0967 -138.105 -318.551 
-80.0095 -59.5969 150.391 -79.8062 114.269 38.3141 -79.6155 42.9739 -257.854 
-79.2429 -50.8877 -390.005 -78.7042 88.7585 -61.5496 -78.6774 -50.2803 162.694 
-78.4988 73.6624 -378.796 -78.4659 63.628 -142.971 -78.2525 -90.8263 -382.398 
-78.2285 45.5271 -274.206 -78.2086 -24.3697 -394.788 -78.1267 -138.971 -302.87 
-78.0806 111.66 22.5257 -77.1018 -40.2669 174.29 -76.6843 -125.133 12.8625 
-76.6134 2.02535 -400.006 -76.5424 -140.145 -287.126 -76.5062 -138.336 -238.166 
-76.4651 85.6099 -76.4998 -76.4588 -121.903 28.8026 -76.3864 -116.601 -373.029 
-76.3339 -126.36 -3.1018 -76.2774 -140.007 -254.137 -76.2064 -136.532 -222.622 
-76.1636 107.953 7.15141 -75.8893 49.9212 -290.914 -75.7332 -116.94 44.4037 
-75.6496 59.3171 -157.287 -75.5932 -140.873 -270.999 -75.5664 -134.797 -206.976 
-75.5179 -30.0606 185.428 -75.0439 -124.845 -18.9002 -74.8647 -133.167 -191.199 
-74.7986 28.4978 -404.71 -74.7268 -129.623 -127.799 -74.7161 -110.939 59.6053 
-74.6937 -130.698 -143.694 -74.4643 -131.247 -159.565 -74.4513 -131.925 -175.393 
-74.4319 -127.857 -111.945 -74.2725 -20.2395 196.473 -74.1989 81.9206 -91.3336 
-74.0373 103.696 -7.94264 -73.8951 55.2526 -307.18 -73.7647 74.5548 -393.571 
-73.7522 55.3809 -407.953 -73.6945 -125.22 -96.3084 -73.4843 77.2354 186.864 
-73.4728 -104.152 74.3633 -73.3629 86.2893 173.79 -73.3451 -10.52 207.31 
-73.3201 55.37 -171.877 -73.1461 66.5609 198.359 -73.0182 -121.449 -34.2342 
-73.0121 93.5465 159.561 -72.5951 -122.166 -80.8729 -72.5679 28.8664 217.527 
-72.5653 61.0959 -322.633 -72.5414 54.7574 207.87 -72.4428 -64.3372 -387.383 
-72.4111 99.5227 144.573 -72.3253 41.7422 214.351 -72.3245 1.19401 215.285 
-72.2142 -97.1263 88.8518 -71.9978 78.2939 -106.187 -71.8599 14.7625 217.533 
-71.6801 104.574 129.159 -71.638 99.6895 -22.9607 -71.5928 -119.581 -65.3552 
-71.4529 51.8 -186.679 -71.4311 -118.999 -49.6715 -71.2014 -37.8637 -392.028 
-71.0707 -90.0167 103.015 -71.0383 66.4977 -338.047 -70.898 108.728 113.196 
-70.1167 -142.145 -342.775 -70.0231 111.892 96.8591 -69.9969 48.9549 -201.766 
-69.7879 -82.834 117.294 -69.7741 74.3672 -120.94 -69.5261 -11.4646 -396.974 
-69.5177 -103.733 -378.599 -69.3692 -137.407 -357.094 -69.3098 71.716 -353.194 
-69.1113 96.16 -37.9474 -69.0696 114.249 80.4925 -68.901 47.0182 -217.237 
-68.8364 -143.068 -327.763 -68.3952 -75.3949 131.615 -67.9899 115.596 64.0269 
-67.9172 45.7347 -232.857 -67.6666 15.0242 -401.823 -67.2251 69.8714 -135.284 
-67.1803 -67.5265 145.577 -66.9088 -144.132 -312.219 -66.8481 75.692 -368.261 
-66.8105 45.4947 -248.707 -66.7725 115.122 47.6932 -66.6257 92.8882 -52.9243 
-66.5787 -77.6815 -384.532 -66.3195 -126.736 -367.236 -66.0301 41.4453 -406.332 
-66.0163 67.3605 -404.053 -65.993 -58.7502 158.652 -65.5019 47.0239 -264.866 
-65.3748 113.497 31.6115 -65.3284 -146.388 -246.265 -65.2178 -145.042 -230.289 
-65.1622 -145.649 -296.506 -64.7537 -143.256 -214.564 -64.5958 -49.0409 171.005 
-64.381 -51.3478 -389.352 -64.3361 89.8931 -67.9518 -64.1234 65.7524 -149.225 
-64.0105 -141.501 -198.81 -63.8896 50.31 -281.164 -63.7617 110.414 15.9429 
-63.498 -39.0173 183.131 -63.4738 -140.043 -183.028 -63.4681 -147.249 -280.81 
-63.4676 -137.798 -135.458 -63.4493 -138.725 -151.359 -63.3019 -139.217 -167.222 
-63.2775 78.1994 -382.777 -63.2118 -136.245 -119.565 -62.972 -20.4021 207.27 
-62.9685 -128.989 5.52188 -62.9119 -29.6437 195.271 -62.8588 -126.246 21.3697 
-62.5576 -24.9982 -394.148 -62.5376 -133.735 -103.785 -62.4923 -129.03 -10.3957 
-62.3302 -121.893 37.1033 -62.276 -148.615 -264.911 -62.2073 86.8079 -83.0825 
-61.993 54.7752 -297.365 -61.8834 106.397 0.689634 -61.4333 -116.358 52.4768 
-61.3335 -126.902 -26.0435 -61.3295 -130.171 -88.2532 -61.3208 61.4916 -163.46 
-61.1997 -8.45482 217.803 -60.9417 -115.458 -373.404 -60.6133 1.44383 -399 
-60.483 -90.8326 -381.672 -60.4333 60.3465 -312.797 -60.315 -109.899 67.3972 
-60.2979 -126.718 -72.9512 -60.1262 83.1024 -98.0949 -60.0938 -124.601 -41.5892 
-59.7443 102.623 -14.4509 -59.7194 -124.306 -57.4031 -59.6826 73.0845 193.832 
-59.5963 62.4517 205.074 -59.522 82.5182 181.226 -59.4463 50.0088 213.875 
-59.266 6.23566 220.091 -59.2392 57.4624 -178.121 -59.1397 90.3045 167.44 
-59.1195 35.8838 218.268 -59.1194 21.238 219.852 -59.0727 -103.026 82.0361 
-58.8375 65.8217 -328.205 -58.7805 27.8762 -403.797 -58.6548 96.3309 152.678 
-58.2507 -150.942 -251.476 -58.1758 79.2602 -113.055 -58.0619 101.434 137.42 
-57.8339 -95.9723 96.4322 -57.763 -64.7806 -386.696 -57.7474 54.6509 -406.795 
-57.558 53.7361 -193.027 -57.5109 76.9581 -396.798 -57.3588 105.732 121.857 
-57.2842 99.3209 -29.542 -57.1146 -146.852 -336.748 -57.0964 71.1476 -343.329 
-56.6103 109.151 105.916 -56.5305 -88.8947 110.884 -56.3845 -144.079 -350.058 
-56.2083 50.6733 -208.322 -56.0892 74.8539 -127.76 -55.7666 111.631 89.6957 
-55.6923 -38.5024 -391.44 -55.6709 -148.387 -321.73 -55.2455 -81.7667 125.407 
-55.1398 -152.261 -237.524 -55.0937 48.6413 -223.871 -54.8341 75.5792 -358.199 
-54.8129 113.266 73.3628 -54.4495 -135.53 -361.303 -54.3763 96.2589 -44.3349 
-54.1761 -74.5015 139.724 -53.9812 47.5669 -239.641 -53.9732 -151.251 -222.143 
-53.9262 -20.6022 219.261 -53.7505 113.727 57.0314 -53.6958 -150.04 -306.034 
-53.6164 -12.1414 -396.229 -53.4398 -103.728 -377.822 -53.288 70.1036 -141.835 
-53.1934 -31.1758 207.491 -53.1038 -66.481 153.678 -53.0147 -149.46 -206.434 
-52.804 47.9326 -255.607 -52.6169 112.767 40.8337 -52.2873 -147.804 -190.697 
-51.962 -57.2462 166.974 -51.9121 -146.702 -174.911 -51.8611 -152.053 -290.295 
-51.8506 -146.069 -159.066 -51.8263 93.1534 -59.2536 -51.8237 -39.6249 194.251 
-51.7233 79.0047 -372.32 -51.7194 -145.14 -143.167 -51.6723 14.3302 -400.99 
-51.476 -143.762 -127.254 -51.4409 50.1613 -271.701 -51.3819 -47.8514 180.515 
-51.3217 110.872 24.8553 -51.2045 -78.166 -383.902 -50.8148 -141.373 -111.409 
-50.6025 -126.574 -366.59 -50.1723 40.9184 -405.629 -49.8834 67.6137 -405.467 
-49.8429 53.9533 -287.77 -49.7999 107.866 9.23768 -49.7376 -137.64 -95.9423 
-49.7359 90.1663 -74.4651 -49.6423 -154.457 -274.713 -49.0085 -128.814 13.6684 
-48.9797 -130.65 -2.15325 -48.9535 -52.0382 -388.826 -48.6439 -125.11 29.3613 
-48.5525 -133.419 -80.6223 -48.5514 -129.8 -18.0108 -48.1498 58.7964 -303.383 
-47.9824 104.675 -6.19782 -47.9258 -120.132 44.8208 -47.8945 -128.033 -33.7611 
-47.8498 86.5351 -89.6492 -47.8257 66.2936 -154.121 -47.6867 -129.522 -65.3152 
-47.6523 80.792 -385.405 -47.4618 -127.52 -49.6188 -47.0704 -156.878 -259.653 
-46.9431 -114.353 59.9516 -46.7556 -117.618 -371.877 -46.7255 -25.734 -393.448 
-46.675 -3.22335 223.881 -46.5255 64.4397 -318.573 -46.369 -18.4214 223.328 
-46.2578 61.5107 -169.07 -46.109 82.4661 -104.754 -46.0455 57.1457 211.563 
-46.0119 12.4021 222.249 -45.9633 68.2388 200.697 -45.9158 43.1919 218.181 
-45.8563 101.507 -21.5153 -45.8516 27.9942 220.572 -45.7903 -108.016 74.8209 
-45.7361 77.7885 188.278 -45.6621 -32.7984 220.641 -45.3654 85.7782 174.746 
-44.8864 92.1203 160.278 -44.844 -158.397 -244.817 -44.7697 -149.18 -345.816 
-44.7507 69.6027 -333.759 -44.7468 -151.67 -331.659 -44.7356 57.5286 -184.003 
-44.6651 -91.3504 -380.845 -44.6123 0.689722 -398.28 -44.5682 78.1881 -119.908 
-44.5244 -101.42 89.5968 -44.4273 97.1485 145.255 -43.8803 101.482 129.925 
-43.4091 53.7898 -199.194 -43.2623 -94.5172 104.175 -43.2455 105.019 114.306 
-43.2 -42.5775 207.628 -43.1227 73.2326 -134.92 -42.9179 -158.157 -229.678 
-42.8989 27.2339 -403.055 -42.6658 74.1984 -348.563 -42.5643 107.813 98.4279 
-42.5447 -153.553 -316.082 -42.3257 98.485 -35.9726 -42.2909 -65.5427 -386.035 
-42.1941 50.778 -214.742 -42.025 -87.5667 118.746 -41.9563 54.4331 -407.025 
-41.863 78.9441 -398.118 -41.7553 109.799 82.3294 -41.6888 -156.833 -214.08 
-41.0595 49.0163 -230.512 -40.926 -80.5769 133.283 -40.8606 110.711 66.1243 
-40.8112 -154.997 -198.418 -40.3278 -155.766 -300.104 -40.2471 -153.653 -182.651 
-40.1731 -130.853 -364.96 -40.1448 -49.1398 192.6 -39.9489 48.5267 -246.404 
-39.9324 -39.3541 -390.82 -39.9196 -73.172 147.742 -39.9084 -152.628 -166.826 
-39.8928 110.649 49.9121 -39.727 77.846 -362.697 -39.5885 -151.578 -150.955 
-39.1667 -150.089 -135.043 -38.9447 -64.7603 161.765 -38.8038 109.575 33.8237 
-38.7621 95.3633 -50.2322 -38.6967 49.7095 -262.449 -38.6086 -143.243 -356.137 
-38.5711 -147.873 -119.189 -38.5281 -56.1772 176.705 -38.2583 -104.315 -376.9 
-38.1922 -158.324 -284.333 -37.6561 -144.366 -103.629 -37.6241 -12.965 -395.685 
-37.5142 107.799 17.9264 -37.3057 52.7208 -278.435 -36.8057 92.203 -65.5366 
-36.5623 80.1189 -374.592 -36.5603 -139.788 -88.392 -36.0287 105.316 2.21045 
-35.8468 57.0385 -294.146 -35.728 -78.9164 -383.226 -35.7061 13.5775 -400.254 
-35.6182 -135.12 -73.1537 -35.1113 88.6794 -80.8798 -35.0355 -161.162 -268.526 
-35.0221 -129.538 5.60033 -35.001 -130.385 -10.1433 -34.9564 -131.051 -57.7871 
-34.8725 -129.267 -26.0192 -34.8579 -126.467 21.261 -34.8014 -129.231 -41.9366 
-34.5585 -152.955 -342.906 -34.4862 102.505 -13.5742 -34.4679 -44.5571 221.815 
-34.3741 40.424 -405.168 -34.3174 -122.386 36.7867 -34.2106 68.5004 -406.515 
-34.151 62.4018 -309.383 -33.6465 84.3817 -96.0981 -33.4644 -29.3615 226.562 
-33.4351 -117.413 52.1074 -33.2805 -13.3752 226.575 -33.2059 -52.9485 -388.172 
-32.7773 99.4735 -29.2604 -32.7002 2.87241 224.825 -32.5622 -163.06 -252.996 
-32.5401 81.2702 -385.24 -32.3972 79.6723 -111.285 -32.392 50.3587 216.632 
-32.387 18.9695 222.903 -32.3463 67.7859 -324.394 -32.3225 34.8598 220.679 
-32.3131 -111.808 67.2694 -32.2789 63.0248 207.463 -32.1473 64.4516 -159.107 
-32.0205 72.7721 195.26 -31.7162 -156.393 -326.956 -31.6704 80.6885 181.736 
-31.5281 74.9176 -126.731 -31.4567 60.1259 -174.709 -31.4522 69.6452 -142.64 
-31.2621 87.1309 167.48 -31.1466 -52.8955 206.178 -31.109 -105.805 82.2996 
-31.0654 -119.565 -370.535 -30.8202 -163.247 -237.589 -30.8099 92.3039 152.723 
-30.7903 -26.6889 -392.831 -30.4107 96.5996 137.61 -30.3562 55.9803 -189.936 
-30.2426 72.4081 -339.293 -29.9333 100.226 122.233 -29.9052 -99.3955 97.1065 
-29.4494 -162.454 -222.025 -29.3972 -91.8239 -380.121 -29.3865 103.196 106.653 
-29.2437 52.2581 -205.354 -29.0057 -158.574 -310.475 -28.758 105.525 90.8851 
-28.7208 -92.7233 111.734 -28.6435 -161.085 -206.311 -28.6114 -0.207064 -397.665 
-28.1485 49.7318 -221.127 -28.0849 -159.478 -190.545 -28.071 106.861 74.8998 
-27.7721 76.4089 -353.336 -27.5594 -158.191 -174.685 -27.5143 -86.0888 126.483 
-27.2593 107.308 58.8181 -27.1581 -160.82 -294.488 -27.0583 26.5635 -402.452 
-27.0235 48.7348 -237.11 -27.005 -156.771 -158.796 -26.5883 -57.7412 188.13 
-26.5795 -66.4076 -385.246 -26.515 -155.394 -142.887 -26.435 -79.0545 141.152 
-26.2619 107.239 42.7286 -26.2252 54.1821 -406.879 -26.1612 79.662 -397.879 
-25.8881 49.2808 -253.153 -25.858 -153.152 -127.053 -25.7871 -134.928 -362.526 
-25.4805 -71.3634 155.688 -25.1165 106.361 26.7265 -25.0194 -149.835 -111.423 
-24.8475 -63.6095 170.761 -24.6177 51.4785 -269.25 -24.1236 -145.648 -96.0782 
-24.0056 -40.4528 -390.053 -23.8692 104.472 10.8336 -23.7654 -163.667 -278.206 
-23.5736 -104.162 -376.345 -23.4052 -148.402 -353.358 -23.2919 55.1323 -285.11 
-23.2247 -140.615 -80.9649 -23.2169 96.1323 -39.4343 -23.1963 92.8483 -56.0742 
-23.1098 80.299 -370.185 -22.5824 101.984 -5.3029 -22.4696 -135.598 -65.7915 
-22.0024 88.9231 -71.6315 -21.9473 -131.422 -50.3302 -21.8903 99.2514 -21.8407 
-21.7265 60.175 -300.47 -21.6723 -129.262 -34.4941 -21.6696 -14.0776 -394.948 
-21.5153 -128.763 -18.5225 -21.3454 -128.232 -2.67922 -21.0616 -126.163 12.9159 
-20.7917 84.7064 -87 -20.6325 -40.5663 226.733 -20.6245 -55.2166 219.485 
-20.5867 -156.972 -339.784 -20.5763 -122.913 28.4839 -20.1769 -79.5392 -382.573 
-19.9746 -23.7793 227.726 -19.8508 65.5817 -315.377 -19.8128 -118.977 43.9567 
-19.8074 12.6878 -399.496 -19.7744 80.2532 -102.358 -19.6682 -6.85111 226.946 
-19.3726 -114.099 -372.352 -19.3194 -165.794 -261.498 -19.2133 9.63621 225.277 
-18.9462 25.9864 223.152 -18.9257 75.5679 -117.749 -18.8401 42.2503 220.21 
-18.7467 -114.137 59.3209 -18.6861 56.912 213.639 -18.5678 39.7952 -404.488 
-18.55 68.7122 -406.129 -18.4928 70.596 -133.386 -18.3571 67.7169 202.275 
-18.2652 65.7334 -149.166 -17.9903 75.7028 188.828 -17.9319 -60.6391 201.594 
-17.8582 61.3748 -164.928 -17.7712 70.556 -330.291 -17.6388 82.1259 174.633 
-17.6165 -108.869 74.515 -17.4975 81.75 -384.245 -17.4492 -166.211 -245.878 
-17.3453 -160.598 -320.774 -17.3248 -53.9907 -387.392 -17.2302 87.4595 160.053 
-17.0929 57.1417 -180.44 -16.8496 91.8093 145.071 -16.5095 95.4001 129.876 
-16.4654 -103.207 89.5726 -16.2093 -165.763 -230.29 -16.185 52.9205 -195.844 
-16.1047 98.4692 114.518 -15.636 101.055 99.0145 -15.6095 -164.414 -289.586 
-15.5442 -162.515 -304.344 -15.5182 -164.875 -214.576 -15.3376 74.9784 -344.724 
-15.2996 -97.0286 104.397 -15.1965 49.856 -211.579 -15.189 -125.637 -366.977 
-15.1122 102.913 83.3227 -15.0677 -163.212 -198.775 -14.8345 -27.9229 -392.022 
-14.5815 -161.919 -182.86 -14.4962 103.901 67.4694 -14.1901 -92.2592 -379.351 
-14.1409 48.6681 -227.61 -14.0886 -90.7227 119.223 -14.0318 -160.438 -166.923 
-13.7385 104.105 51.5468 -13.4181 -158.82 -151 -13.0338 48.7149 -243.7 
-12.8148 -83.9492 133.937 -12.772 103.979 35.5783 -12.7674 -156.8 -135.121 
-12.6412 -1.34377 -396.937 -12.2565 78.3319 -357.461 -11.9954 -153.794 -119.447 
-11.9038 50.3666 -259.909 -11.7812 -76.6172 148.495 -11.6377 102.878 19.6045 
-11.6057 -138.935 -360.347 -11.1909 25.7434 -401.609 -11.1775 -149.848 -104.03 
-10.856 -68.9023 163.284 -10.8 -67.3332 -384.577 -10.6589 53.5175 -275.867 
-10.635 79.3336 -397.624 -10.5798 -64.3292 179.893 -10.4239 53.5239 -406.212 
-10.3493 -144.911 -88.8585 -10.3042 100.597 3.33643 -9.66132 -139.639 -73.7524 
-9.23849 57.7888 -291.439 -9.17376 -134.555 -58.6436 -9.12714 92.1473 -46.3649 
-9.11582 98.3476 -13.2239 -9.03474 95.3439 -29.8202 -8.98269 -104.06 -375.669 
-8.74416 -130.43 -43.1952 -8.74371 -151.945 -351.278 -8.57359 88.5349 -62.3337 
-8.38773 80.6434 -369.312 -8.36767 -127.875 -27.3235 -8.08892 -126.414 -11.326 
-8.04472 -41.6077 -389.313 -7.6953 84.3776 -77.8621 -7.60152 -124.899 4.49683 
-7.52174 -64.285 196.065 -7.40015 63.1231 -306.374 -7.01614 -122.448 20.0564 
-6.89656 -49.6681 223.882 -6.87409 80.0068 -93.2779 -6.86626 -33.3595 226.519 
-6.52413 -62.9586 213.624 -6.49608 -16.6014 227.025 -6.44243 -158.461 -339.747 
-6.2679 -119.4 35.5676 -6.1987 0.322997 226.97 -6.1205 75.5334 -108.696 
-5.76269 16.9195 225.736 -5.67333 -15.3491 -394.138 -5.51914 33.5405 223.278 
-5.48057 71.1153 -124.205 -5.27367 68.4894 -321.289 -5.24016 -115.416 51.0198 
-5.23028 49.6128 218.936 -4.9561 66.4461 -139.731 -4.68828 62.2131 209.134 
-4.55272 -80.4037 -381.572 -4.55096 -161.801 -327.969 -4.48065 -116.072 -371.019 
-4.40356 61.9936 -155.255 -4.30947 70.9041 196.082 -4.12829 -110.785 66.3158 
-3.9929 77.4745 181.926 -3.94629 -167.236 -269.694 -3.84128 11.5787 -398.816 
-3.75845 57.9864 -170.85 -3.6256 82.9891 167.426 -3.5426 -166.628 -284.532 
-3.22295 87.5358 152.627 -3.20312 -167.309 -254.315 -3.13929 -163.531 -313.46 
-2.99578 53.9523 -186.46 -2.97782 -105.763 81.5302 -2.86134 91.1866 137.53 
-2.77791 67.6754 -406.187 -2.76858 73.3696 -336.453 -2.76243 39.0313 -403.717 
-2.66127 -165.175 -298.911 -2.53139 94.3206 122.289 -2.40759 82.0735 -385.171 
-2.39216 -167.023 -238.783 -2.19937 96.9712 106.939 -2.12293 50.4063 -202.141 
-1.87547 -166.109 -223.091 -1.85371 -100.438 96.6007 -1.84348 99.1638 91.4736 
-1.56527 -164.919 -207.257 -1.42809 100.734 75.8694 -1.40366 -55.1354 -386.401 
-1.22455 -163.793 -191.286 -1.18205 48.8049 -218.13 -0.899902 101.652 60.1316 
-0.739754 -162.353 -175.318 -0.656535 -94.5931 111.549 -0.240796 101.817 44.3139 
-0.237015 -128.844 -365.025 -0.200363 -160.964 -159.301 -0.18494 48.5668 -234.304 
0.465719 -159.117 -143.429 0.554621 101.487 28.4784 0.584409 -88.0371 126.244 
0.869727 49.5447 -250.435 1.04959 77.8289 -352.915 1.13916 -93.092 -378.188 
1.19866 -156.482 -127.652 1.20298 -29.169 -391.257 1.69425 99.8093 12.3053 
1.7779 -80.9385 140.694 1.97263 -152.798 -112.219 1.99877 52.0162 -266.501 
2.72731 -148.281 -96.9749 2.77464 -73.3799 155.126 3.28425 -142.277 -358.561 
3.38632 55.561 -282.273 3.39072 -142.926 -81.9553 3.41929 -2.66501 -396.112 
3.73725 -66.9997 170.677 3.79007 -137.592 -66.8698 4.17525 -132.543 -51.6894 
4.25848 97.6149 -4.88124 4.60448 -128.482 -36.1068 4.80743 91.8395 -37.5483 
4.84412 24.6749 -400.793 4.86698 95.0892 -21.2779 4.91706 77.9718 -400.41 
5.02357 -66.3106 188.057 5.03199 -125.679 -20.1204 5.05028 -68.4959 -383.555 
5.12142 88.3178 -53.4328 5.14003 60.2041 -297.478 5.36426 52.6587 -405.737 
5.63276 -123.805 -4.13369 5.66598 84.4626 -69.0567 6.16371 -154.562 -349.686 
6.19913 -105.835 -374.328 6.27025 81.2044 -370.862 6.31546 80.1061 -84.489 
6.43563 -122.004 11.5539 6.76272 -25.4188 225.274 6.80964 -8.68825 225.849 
6.88446 -67.3014 205.46 6.88702 -41.9988 223.869 7.00629 76.1297 -100.008 
7.11609 8.09667 226.007 7.21199 65.7634 -312.283 7.26655 -119.467 27.111 
7.30769 -58.1901 219.268 7.52479 24.7255 225.287 7.67071 72.1379 -115.529 
7.95427 41.3641 223.128 7.98111 -42.8469 -388.295 8.11094 -160.545 -337.019 
8.23374 -116.295 42.557 8.32055 68.0403 -131.007 8.73073 56.279 216.367 
9.00077 63.8261 -146.388 9.30185 -112.425 57.9524 9.35521 66.4289 203.749 
9.57995 71.0321 -327.219 9.62788 73.7265 189.779 9.69679 -163.546 -322.939 
9.69843 59.8377 -161.755 10.0548 79.601 175.308 10.3387 56.2566 -177.351 
10.4252 -16.6864 -393.252 10.4292 84.5354 160.575 10.4502 -107.853 73.2122 
10.5259 -164.867 -308.269 10.7375 -166.239 -293.372 10.7616 -118.81 -369.259 
10.8194 -167.347 -278.311 10.9507 88.5693 145.566 11.0415 52.6293 -193.016 
11.0759 -167.495 -262.934 11.1451 -81.6289 -380.675 11.3283 92.1831 130.401 
11.5095 -167.1 -247.402 11.5956 -103.096 88.4299 11.6138 94.99 115.108 
11.8433 -166.269 -231.681 11.8475 97.2122 99.6636 11.8546 49.8728 -208.873 
12.0285 -165.268 -215.83 12.0972 99.0745 84.1741 12.2548 -164.449 -199.829 
12.2755 82.7991 -387.006 12.3503 100.46 68.5977 12.3535 10.178 -398.002 
12.5612 75.5674 -342.57 12.6046 -163.289 -183.792 12.7112 101.251 52.9008 
12.7289 48.9552 -224.991 12.7517 -97.8451 103.504 13.0166 101.12 37.2326 
13.0707 65.793 -406.238 13.0825 100.35 21.6195 13.1121 -161.815 -167.761 
13.1992 38.0746 -403.103 13.6828 49.3659 -241.114 13.7338 -160.432 -151.787 
13.9144 -91.7143 118.272 14.4505 -158.096 -136.027 14.564 -56.528 -385.464 
14.7549 -131.961 -363.193 14.7693 50.8404 -257.182 15.0384 -84.8917 132.787 
15.1955 -154.855 -120.541 15.9407 -150.763 -105.28 16.0535 -77.5041 147.114 
16.0774 53.5361 -273.067 16.2529 79.1328 -358.531 16.5779 -145.963 -90.1738 
16.6488 -94.8665 -377.419 17.0013 -140.641 -75.1595 17.0412 -70.4517 161.695 
17.2516 -135.026 -60.1763 17.3149 -30.5629 -390.338 17.5838 -129.953 -44.8753 
17.6877 57.503 -288.507 17.9646 -66.222 177.994 18.1796 -126.245 -29.081 
18.2767 -145.165 -356.504 18.836 -123.88 -12.9434 18.9533 90.0848 -45.2626 
19.0316 93.5437 -29.4667 19.1862 86.8168 -61.0572 19.5635 96.294 -13.7347 
19.634 -4.14025 -395.229 19.6398 62.5651 -303.441 19.7385 -122.27 2.98165 
19.7581 82.5765 -76.471 19.884 -0.516755 224.345 19.9107 -66.9408 195.77 
20.0529 -17.329 223.952 20.203 78.1905 -400.968 20.2415 16.0224 224.54 
20.3731 78.8747 -92.0236 20.6755 98.7569 1.49821 20.6766 -120.613 18.6763 
20.7331 82.0173 -374.038 20.7817 -33.6948 222.951 20.8797 -155.848 -346.425 
20.9244 32.4993 224.292 20.9895 75.1743 -107.517 21.0566 -69.9272 -382.698 
21.163 23.2424 -399.89 21.2046 51.8327 -405.185 21.5648 -108.354 -373 
21.6241 -49.9844 220.491 21.6641 -118.26 34.2644 21.7088 71.1925 -122.871 
21.8503 67.8699 -318.292 21.9103 48.6835 221.628 22.0483 -64.303 211.999 
22.4506 67.5198 -138.241 22.5527 -161.27 -332.621 22.7069 -115.059 49.7294 
22.7971 61.6708 211.859 23.1667 70.4527 198.074 23.1723 63.8154 -153.54 
23.5312 77.1992 183.738 23.7329 -163.809 -317.901 23.7829 60.0287 -168.863 
23.8979 -110.664 65.0031 24.0408 82.8372 169.07 24.0708 -44.3552 -387.238 
24.1878 -164.882 -302.634 24.3321 72.9533 -333.165 24.3491 56.2468 -184.235 
24.4654 87.6094 154.169 24.5665 100.963 15.0187 24.5836 -166.448 -287.301 
24.907 91.7433 139.061 24.9147 52.9914 -199.992 24.9315 -167.244 -271.763 
25.0001 -105.897 80.1361 25.2868 -167.394 -256.091 25.3272 95.2831 123.77 
25.5425 97.8136 108.269 25.5529 -166.768 -240.267 25.6241 50.7346 -215.88 
25.6348 99.9797 92.7183 25.6604 -165.448 -224.357 25.6991 102.189 30.2004 
25.7253 -164.454 -208.363 25.7697 101.555 77.1163 25.8094 102.58 61.4575 
25.9317 -121.577 -367.434 25.9371 102.81 45.7418 25.9643 -163.393 -192.295 
26.1504 -100.67 95.1548 26.3773 -161.896 -176.254 26.5019 50.2326 -231.929 
26.6119 -18.2111 -392.355 26.9742 -160.642 -160.228 27.0838 82.9627 -388.281 
27.1062 -83.3657 -380.044 27.1559 77.1274 -348.426 27.2681 -94.9793 110.018 
27.5089 50.7783 -247.939 27.6794 -158.674 -144.421 28.2855 -88.3257 124.518 
28.444 -156.169 -128.898 28.5958 65.8106 -405.931 28.7482 52.0145 -263.819 
28.8484 8.43678 -397.041 29.189 -152.655 -113.648 29.2518 -81.4808 138.974 
29.4519 36.9356 -402.185 29.7984 -134.878 -361.249 29.8453 -148.268 -98.544 
30.1096 -74.1367 153.249 30.111 80.3991 -363.928 30.2435 54.7959 -279.46 
30.31 -143.552 -83.4516 30.5504 -138.032 -68.5179 30.762 -58.1249 -384.44 
30.7983 -132.493 -53.4745 30.8609 -67.5983 168.157 31.3148 -128.178 -37.9506 
31.9938 -125.658 -21.9016 32.0206 59.2825 -294.654 32.1016 -64.3389 184.679 
32.2986 -97.2288 -376.414 32.6867 90.5009 -53.4214 32.7416 93.7553 -37.6845 
32.7946 -124.087 -5.70883 32.8996 7.24156 222.768 33.0143 86.8672 -69.0384 
33.0637 -147.676 -353.835 33.0882 -9.28821 222.321 33.3484 96.8264 -22.1688 
33.4468 83.612 -84.6635 33.554 23.5051 223.032 33.5731 -32.2098 -389.427 
33.7779 -122.875 10.254 33.8377 82.5326 -379.034 34.0477 79.9312 -100.11 
34.059 64.5708 -309.518 34.2634 -25.3844 221.465 34.5754 99.7092 -6.97073 
34.6849 39.5525 222.526 34.8695 -121.256 26.027 34.8723 75.9749 -115.322 
35.1007 -63.7253 201.042 35.2534 78.9521 -400.717 35.4382 -156.501 -341.784 
35.5662 -41.1725 219.713 35.823 72.227 -130.473 35.9925 -5.88848 -394.281 
36.0412 54.5124 217.763 36.0427 -118.623 41.6662 36.2954 69.7504 -324.406 
36.4148 102.315 7.89546 36.5932 66.3255 206.268 36.6206 68.459 -145.669 
36.7545 -161.074 -327.363 36.8645 74.8186 192.401 36.9842 51.6019 -404.493 
36.9888 -110.878 -371.546 37.0346 -56.348 213.894 37.2087 64.4324 -160.829 
37.2529 81.766 178.044 37.2856 -71.7476 -381.72 37.3317 -114.328 56.923 
37.3482 -162.618 -311.924 37.6361 60.3967 -176.018 37.7809 87.5204 163.261 
37.8359 -163.932 -296.3 37.9442 104.218 23.015 37.9939 56.7224 -191.398 
38.0523 20.936 -398.942 38.2159 92.2965 148.15 38.3781 -165.544 -280.614 
38.475 -109.32 71.9408 38.5119 53.7671 -207.07 38.5628 96.5153 132.833 
38.715 74.5056 -339.349 38.7947 105.309 38.4743 38.8448 -166.624 -264.798 
38.8468 99.8501 117.309 39.0047 105.625 54.243 39.0083 102.215 101.602 
39.0773 104.132 85.8524 39.0783 105.296 70.0194 39.1219 -166.318 -248.836 
39.2423 -164.003 -216.85 39.267 51.7908 -222.88 39.2887 -162.998 -200.762 
39.2921 -165.522 -232.837 39.58 -103.896 86.8345 39.6023 -161.545 -184.708 
40.1362 -160.066 -168.687 40.2478 51.1215 -238.791 40.3395 -46.2412 -386.382 
40.6815 -98.1522 101.607 40.8379 -158.511 -152.784 41.0952 78.699 -354.621 
41.197 -124.347 -365.64 41.4424 51.3724 -254.658 41.6357 -156.539 -137.218 
41.7134 -91.5988 116.041 42.4114 -153.582 -122.06 42.6054 -84.8122 130.387 
42.8516 52.9183 -270.348 42.9351 -85.7407 -378.762 43.0143 -20.0692 -391.395 
43.1199 -149.894 -107.025 43.3658 81.9199 -370.061 43.4757 -77.6342 144.555 
43.4962 83.0894 -388.436 43.6786 -145.737 -91.9163 43.9575 -140.598 -76.978 
44.0676 -135.029 -62.0587 44.0809 66.8135 -405.604 44.0852 -70.2329 158.77 
44.4575 56.0682 -285.843 44.462 -130.534 -46.7694 44.7685 -63.4963 173.452 
44.9246 -137.862 -359.345 45.1592 -127.683 -31.0816 45.4693 6.27109 -396.093 
45.8528 -1.33256 220.667 45.8614 -126.393 -14.797 46.1722 14.4515 221.159 
46.2575 94.2791 -45.9801 46.309 90.8363 -61.6379 46.3523 61.0451 -300.846 
46.5334 87.8307 -77.3724 46.5405 -59.4126 188.713 46.5951 34.3213 -401.084 
46.6553 -125.585 1.61623 46.6623 97.4867 -30.3744 46.9935 84.1472 -92.859 
47.009 -17.1239 219.738 47.0135 -60.1797 -383.488 47.1972 30.1336 221.264 
47.5845 100.381 -14.9634 47.8275 -124.327 17.6235 47.9534 80.1154 -107.904 
48.0189 -99.7836 -374.906 48.0981 -150.179 -350.429 48.4099 66.2678 -315.742 
48.6131 -32.7592 218.133 48.7693 45.5351 219.586 48.9192 103.285 0.271143 
49.1722 -122.051 33.4479 49.5101 76.46 -122.654 49.6428 -55.3039 203.04 
49.7533 -156.639 -336.362 49.8814 59.8622 212.699 49.8889 -34.2578 -388.489 
50.3034 71.2423 200.758 50.4569 -158.909 -320.859 50.4591 105.813 15.5603 
50.4663 72.684 -137.721 50.5005 -46.8517 213.625 50.5015 80.0431 186.942 
50.5526 -118.219 48.7561 50.625 71.372 -330.642 50.7837 -160.021 -305.12 
50.8454 68.5008 -152.892 50.9787 87.1691 172.498 51.0485 64.0781 -167.998 
51.2257 59.9519 -183.185 51.3912 -161.89 -289.276 51.4241 92.948 157.473 
51.4857 56.3371 -198.572 51.5651 107.903 31.0354 51.7675 97.8166 142.125 
51.901 -113.076 63.7259 51.9508 80.4997 -399.036 51.9749 53.4173 -404.245 
52.0179 -163.474 -273.428 52.0299 101.854 126.537 52.0659 53.632 -214.108 
52.135 108.97 46.8336 52.2436 104.823 110.72 52.3001 107.245 94.8398 
52.3408 109.237 62.8122 52.352 108.801 78.8821 52.4148 -161.013 -209.258 
52.521 -164.279 -257.405 52.534 -113.629 -369.846 52.575 -7.97873 -393.166 
52.607 -163.466 -241.329 52.6168 -162.413 -225.278 52.6887 -160.114 -193.16 
52.8478 76.0149 -345.72 52.944 51.9079 -229.764 53.1053 -107.343 78.4711 
53.1436 -158.65 -177.112 53.1502 -74.2714 -380.61 53.7965 -156.991 -161.202 
54.069 51.2333 -245.52 54.2249 -101.127 93.0199 54.64 -155.356 -145.529 
54.9201 18.3216 -397.766 55.0008 80.0436 -360.974 55.2512 -94.3779 107.317 
55.375 51.7567 -261.266 55.4609 -152.91 -130.441 55.6295 82.6613 -391.471 
56.2236 -149.933 -115.761 56.2402 -87.7496 121.649 56.473 82.9967 -376.542 
56.5118 45.347 -402.629 56.5632 -48.4636 -385.417 56.6267 -127.207 -363.787 
56.9171 53.8176 -276.872 56.9796 -146.707 -100.67 57.0491 -80.5234 135.693 
57.3775 -142.023 -85.714 57.3834 -136.358 -70.9647 57.6054 -131.569 -55.9378 
57.691 -73.0877 149.654 58.1566 -65.1925 163.4 58.2677 -128.492 -40.4823 
58.7056 57.6589 -292.114 58.7182 -88.6063 -377.538 58.7354 6.67606 218.89 
58.9216 -57.6548 177.302 59.1338 -127.67 -24.4844 59.407 -8.78251 217.802 
59.463 -22.2884 -390.446 59.549 21.1121 219.48 59.654 -127.638 -7.63612 
59.7146 90.2219 -69.9038 59.7802 94.0081 -54.178 59.8278 86.8754 -85.6268 
60.0504 97.1566 -38.4922 60.1196 -140.536 -356.445 60.2146 68.8657 -405.282 
60.4196 82.6192 -100.808 60.537 -127.059 8.92226 60.6758 62.4992 -307.087 
60.7519 100.055 -22.9403 60.8534 -51.5198 191.913 61.0074 -24.2105 215.713 
61.1345 36.1954 219.596 61.8399 103.117 -7.55508 62.0187 4.12738 -394.874 
62.0201 -124.918 24.8687 62.5836 -150.314 -344.658 62.7693 67.5683 -322.001 
62.8518 51.4627 216.805 62.9235 -62.7276 -382.557 62.9293 -40.179 209.301 
63.1716 106.133 7.83016 63.305 -153.571 -329.276 63.6034 -155.044 -313.578 
63.6246 -121.477 40.317 63.6617 -102.797 -373.357 63.6802 65.3812 207.815 
63.8569 -156.406 -297.741 63.8604 76.5107 195.104 64.2123 85.4341 181.295 
64.2211 30.3655 -399.657 64.2471 78.8641 -114.217 64.3342 109.264 23.3217 
64.5185 -157.952 -281.725 64.6549 61.7135 -174.922 64.6626 57.6503 -190.156 
64.686 92.5711 166.664 64.8014 66.1265 -159.79 64.9575 54.4844 -205.53 
64.9591 72.6042 -336.926 65.0657 70.7889 -144.613 65.1005 98.2411 151.395 
65.141 -116.416 55.3 65.1455 -159.229 -265.78 65.2007 -157.358 -217.667 
65.2049 -156.151 -201.654 65.2116 111.554 39.133 65.2683 74.8786 -129.151 
65.3475 -158.512 -233.727 65.3939 102.961 135.753 65.474 -159.53 -249.729 
65.5818 112.767 55.2681 65.5845 106.681 119.898 65.6263 52.2467 -220.951 
65.6451 -155.096 -185.602 65.7649 109.441 103.919 65.7876 112.93 71.6303 
65.7961 111.732 87.8457 66.0738 -36.5764 -387.709 66.3185 -153.696 -169.659 
66.5367 -110.598 70.0333 66.6115 50.9025 -236.569 66.971 56.0082 -404.049 
67.039 76.6849 -352.218 67.1381 -152.095 -153.902 67.2445 80.3175 -397.054 
67.7538 -104.076 84.4639 67.8027 50.6401 -252.267 68.0757 -150.271 -138.641 
68.1134 -116.495 -367.91 68.8222 -97.1508 98.6769 68.9067 -10.1054 -392.092 
68.9405 -77.1463 -379.625 68.9472 80.5253 -367.687 68.9895 -148.126 -124.511 
69.2539 82.3106 -383.844 69.2559 51.6947 -267.947 69.7989 -90.0216 112.744 
69.8869 -145.668 -110.014 70.4187 -141.61 -95.0677 70.6006 -136.406 -80.2109 
70.6258 -131.375 -65.3248 70.6811 -82.8365 126.748 70.9772 54.6094 -283.385 
71.1801 -127.899 -50.0813 71.2842 16.2805 -396.642 71.4036 -75.3746 140.58 
71.6649 83.8468 -94.3583 71.8551 0.144254 215.878 71.9245 -129.916 -361.121 
71.9501 -67.5934 154.197 72.1979 -58.7942 167.189 72.2322 16.0142 217.229 
72.3275 -126.755 -34.5352 72.4494 -50.954 -384.647 72.4912 87.8991 -78.2324 
72.5382 -49.9184 180.257 72.9042 -15.1175 213.376 72.9292 58.7844 -298.508 
72.9515 92.1091 -62.397 73.1299 25.9464 217.831 73.1992 -128.187 -0.43824 
73.302 -127.518 -18.2211 73.389 42.7004 -401.453 73.4023 95.4681 -46.521 
73.9741 98.4276 -30.8358 74.0682 -41.5691 194.457 74.2445 -29.5974 206.86 
74.3224 -91.6023 -376.104 74.6536 -127.215 15.8998 74.9114 -141.906 -351.408 
74.9332 101.802 -15.4173 74.9687 63.2934 -313.56 75.1906 41.6007 217.514 
75.637 -24.429 -389.477 76.0081 105.398 -0.011541 76.0099 -149.037 -321.595 
76.0393 -150.202 -305.687 76.1903 -147.786 -337.166 76.3738 -123.694 31.5185 
76.473 -151.531 -289.769 76.6167 71.2848 -404.34 76.7198 57.1096 212.781 
77.0353 -152.668 -273.819 77.0866 68.1269 -328.576 77.1141 -150.608 -210.016 
77.1893 70.4671 202.083 77.1971 109.155 15.4515 77.2223 -151.902 -226.014 
77.3002 -149.31 -194.053 77.462 -152.911 -241.918 77.4857 81.2805 188.996 
77.6423 -153.587 -257.868 77.7188 54.3106 -196.997 77.7489 57.6521 -181.686 
77.9554 -148.142 -178.148 78.0312 90.0136 175.061 78.1428 -119.146 46.6721 
78.1464 61.8602 -166.514 78.1872 51.6924 -212.295 78.2273 112.26 31.2018 
78.2939 2.18291 -393.816 78.6039 97.0217 160.29 78.6502 -65.4134 -381.57 
78.7053 66.3974 -151.358 78.8853 -146.938 -162.213 78.9238 114.398 47.3087 
79.016 102.641 144.908 79.0651 49.8944 -227.752 79.1018 72.6621 -343.75 
79.2183 107.017 129.033 79.255 -105.745 -371.502 79.2974 115.426 63.8482 
79.3689 110.346 112.954 79.4528 114.959 80.4355 79.4996 113.045 96.8678 
79.5522 70.969 -136.02 79.7107 -113.312 61.3645 79.9702 -145.517 -146.49 
80.1333 49.1686 -243.376 80.3913 28.6324 -398.735 80.6086 75.2856 -120.337 
80.9322 76.3608 -359.348 81.088 -106.646 75.7469 81.1159 -143.937 -132.336 
81.4568 49.3402 -259.066 81.7996 79.6295 -391.88 82.085 78.813 -375.482 
82.0963 -142.477 -120.234 82.1806 -38.8414 -386.714 82.1973 79.6319 -104.11 
82.277 -99.6026 89.9211 82.5085 55.974 -402.815 82.8809 -139.367 -105.227 
83.1128 51.3326 -274.647 83.2037 -134.889 -90.1227 83.312 -129.819 -75.1182 
83.3463 -92.239 103.912 83.5413 -119.673 -365.648 83.6517 -125.69 -59.9284 
84.227 84.0074 -87.0667 84.2442 -84.7839 117.793 84.6295 -80.0351 -378.45 
84.6579 -5.57652 211.218 84.781 -123.597 -44.7334 84.7965 11.2656 214.257 
84.8919 -127.293 -10.0116 85.0135 54.6566 -290.038 85.0144 -77.1753 131.528 
85.1545 -12.0754 -391.116 85.3807 88.3592 -70.6449 85.6529 -69.3364 145.074 
85.8501 -51.0745 170.203 85.9028 -41.4115 182.528 85.949 -19.5321 205.181 
85.9804 -60.7794 158.076 86.188 92.2972 -54.65 86.2256 -31.3617 194.667 
86.7097 -127.523 6.43598 86.7818 -132.532 -357.597 86.911 95.7636 -38.8843 
87.0739 58.562 -305.29 87.1147 30.3846 216.023 87.2653 -124.317 -29.8579 
87.4371 14.6612 -395.699 87.8215 99.4086 -23.2834 87.9018 -143.619 -313.115 
87.9587 -144.476 -297.317 88.2921 -142.258 -202.348 88.3309 -143.749 -218.205 
88.3539 -145.281 -281.501 88.4427 -53.3711 -383.631 88.5372 -144.958 -234.028 
88.5642 -143.024 -328.827 88.761 -125.216 22.2874 88.7699 -145.936 -265.657 
88.8055 -145.836 -249.818 88.8114 -141.158 -186.52 88.8344 103.51 -7.92527 
88.8696 -140.879 -344.373 89.0957 41.5504 -400.39 89.1408 62.7559 -320.485 
89.6331 63.0118 207.478 89.742 -140.201 -170.621 90.0262 -94.6089 -374.646 
90.0486 107.744 7.48378 90.0521 46.1647 214.907 90.3168 52.737 -188.479 
90.4311 75.3008 195.678 90.6212 50.2878 -203.753 90.6973 -120.83 37.634 
90.8002 56.2944 -173.238 91.0273 -139.201 -154.748 91.0695 -125.768 -15.3962 
91.1659 66.9945 -335.721 91.2512 85.5547 182.552 91.2725 111.131 23.2091 
91.3636 48.2335 -218.987 91.5881 60.5644 -158.073 91.8875 -26.4137 -388.333 
92.1487 93.7463 168.471 92.1717 71.2922 -400.42 92.2152 113.981 39.2482 
92.4425 47.3896 -234.531 92.5358 -115.416 52.5041 92.6987 65.1118 -142.945 
92.7622 100.28 153.518 92.7815 115.841 55.6454 92.787 -137.781 -136.877 
92.9374 70.8423 -351.251 93.0765 115.934 72.3551 93.0827 105.552 138.002 
93.2041 109.572 121.925 93.2704 114.943 89.206 93.2738 112.639 105.668 
93.5864 46.8858 -250.181 94.0567 -108.791 66.8185 94.1439 73.6014 -367.371 
94.198 69.7215 -127.744 94.5097 -135.201 -116.687 94.5223 0.583093 -392.878 
94.5424 -68.0657 -380.541 94.6072 74.9835 -384.013 94.7448 -108.977 -369.445 
94.9965 47.7019 -265.851 95.2146 -131.53 -100.519 95.4352 -126.884 -85.1809 
95.4523 -101.722 81.0479 95.6761 -122.35 -69.9631 95.7733 74.1635 -112.233 
96.0078 3.58454 210.025 96.1702 27.3794 -397.672 96.6365 -119.434 -54.7439 
96.691 -94.4897 95.1534 96.7831 49.9971 -281.451 96.807 -126.151 -2.2159 
97.0771 78.7065 -96.062 97.3792 -9.65548 204.378 97.6686 83.631 -79.1829 
97.6852 55.0941 -401.206 97.7402 -86.8547 108.996 97.8484 18.5955 212.825 
98.2939 88.108 -62.7613 98.2944 -21.3605 194.908 98.3764 -40.919 -385.41 
98.5547 -78.9514 122.629 98.7155 -122.816 -362.553 98.7421 -32.1034 184.063 
98.8449 53.0521 -297.134 98.9711 -119.568 -39.9821 98.9734 -134.629 -210.4 
99.0335 55.5834 209.963 99.1914 -136.114 -226.077 99.1923 -70.7675 136.032 
99.1979 -42.6259 172.915 99.2426 -133.451 -194.678 99.2748 -137.38 -304.35 
99.3105 92.1361 -46.9508 99.4248 -137.632 -288.795 99.4501 -137.279 -241.717 
99.6003 -52.8585 161.415 99.6169 -62.2337 149.119 99.7414 -137.886 -273.154 
99.7925 -137.936 -257.44 99.7982 -137.233 -319.924 100.045 -132.568 -178.916 
100.216 -124.941 12.8627 100.368 96.1072 -31.2959 100.391 -83.0145 -377.259 
100.784 -136.47 -335.592 100.94 56.6062 -312.621 100.981 -133.064 -351.088 
101.235 -131.674 -163.147 101.471 -13.6292 -390.113 101.493 100.241 -15.7526 
102.224 -121.437 -25.4767 102.311 33.2411 214.046 102.553 67.9158 200.864 
102.703 -121.588 28.232 102.745 104.734 -0.361568 102.797 47.2555 -195.266 
102.855 60.2562 -328.037 102.882 49.8116 -180.042 102.911 -130.669 -146.961 
103.448 45.3905 -210.416 103.488 13.3883 -394.798 103.621 53.4122 -164.867 
104.066 108.581 15.2397 104.15 79.3782 189.037 104.217 40.4701 -399.054 
104.487 44.133 -225.667 104.579 63.7666 -343.525 104.591 -55.6018 -382.332 
104.85 -116.441 43.1964 104.88 57.7435 -149.88 104.919 66.4997 -392.064 
105.027 -129.124 -128.829 105.275 111.821 31.1751 105.495 88.6905 175.782 
105.704 43.8715 -241.248 105.705 -97.9574 -373.344 105.848 66.7341 -359.431 
106.124 114.168 47.4305 106.246 68.2677 -375.696 106.384 96.0999 161.404 
106.419 -123.071 -11.1436 106.561 62.4786 -134.956 106.613 -126.584 -111.341 
106.626 115.193 63.9903 106.692 -110.099 57.7378 106.754 43.5912 -256.911 
106.865 102.074 146.294 106.877 114.791 80.8198 106.963 -122.369 -95.4777 
107.076 113.133 97.7907 107.107 106.818 130.609 107.165 110.444 114.39 
107.326 -117.994 -79.9856 107.367 1.13243 205.264 108.136 46.5375 211.009 
108.173 44.7361 -272.587 108.175 -27.9571 -387.195 108.298 -114.353 -64.5929 
108.32 -103.287 72.0459 108.42 67.1654 -119.93 109.551 -125.311 -202.594 
109.64 -126.686 -218.166 109.781 -96.1964 86.2322 109.969 46.453 -288.709 
109.985 -11.3066 196.298 110.009 -124.337 -186.974 110.11 -128.062 -233.753 
110.224 -130.2 -295.581 110.308 82.7481 -70.7935 110.316 71.6775 -104.606 
110.358 -112.409 -367.624 110.516 -130.605 -310.91 110.527 -129.214 -249.284 
110.563 -123.046 3.3916 110.601 -70.6481 -379.418 110.619 -129.967 -280.34 
110.757 -113.093 -49.3041 110.779 -129.688 -264.877 110.793 -0.548505 -391.985 
110.817 21.6621 210.773 111.006 -88.7166 100.195 111.045 -123.539 -171.427 
111.123 87.3187 -54.7372 111.398 -22.6768 186.098 111.503 53.4875 -395.994 
111.558 26.0833 -396.551 111.939 -80.6985 113.816 111.953 -130.64 -326.451 
112.007 49.175 -304.933 112.008 76.2728 -88.8186 112.267 -33.5669 175.463 
112.435 91.3704 -39.091 112.572 -72.1597 127.065 112.675 -122.775 -155.866 
112.891 -44.1474 164.425 112.987 -63.2585 139.991 113.058 59.3042 204.171 
113.163 -54.1426 152.621 113.517 -114.608 -34.9289 113.591 -129.637 -342.174 
113.634 -124.805 -357.713 113.693 95.5738 -23.5616 113.94 -120.826 18.3983 
114.001 52.4877 -320.71 114.247 42.2769 -186.667 114.613 -121.604 -139.498 
114.72 45.1767 -171.623 114.722 40.5661 -201.843 114.758 -42.692 -384.376 
114.976 100.062 -8.15195 115.538 -117.759 -21.3315 115.683 55.5354 -336.287 
115.751 39.3488 -216.912 115.998 49.0865 -156.713 116.196 -86.1758 -375.981 
116.342 71.3186 194.269 116.489 104.413 7.32742 116.519 -116.322 33.4031 
116.536 60.2104 -383.454 116.784 -119.879 -122.262 116.985 38.644 -232.263 
116.991 10.3444 205.929 117.003 58.1614 -352.071 117.312 35.212 210.054 
117.487 60.2557 -367.867 117.535 -116.317 -106.042 117.808 -14.4191 -389.28 
117.827 53.6684 -141.943 117.96 78.4358 -75.9669 117.975 108.204 23.058 
118.07 38.3034 -247.801 118.13 -112.415 -90.2948 118.229 38.858 -396.161 
118.385 81.5535 182.121 118.79 -110.379 48.0362 118.955 -108.485 -74.6623 
119.16 110.717 39.2864 119.242 38.5286 -263.516 119.61 12.4227 -394.353 
119.705 90.0759 168.546 119.871 112.282 55.6759 119.883 -112.065 -32.6334 
119.96 -117.123 -210.29 119.968 -115.847 -194.802 119.987 58.3788 -127.195 
120.008 -119.01 -6.6766 120.243 112.576 72.2541 120.404 96.9335 153.887 
120.478 -118.563 -225.812 120.497 111.767 89.1115 120.645 39.5472 -279.413 
120.652 -114.959 -179.328 120.712 109.787 106.007 120.719 102.394 138.49 
120.799 106.69 122.503 120.808 -103.987 62.5962 120.893 -1.29645 198.844 
120.894 -122.829 -301.951 120.949 -105.714 -59.0605 121.157 -119.779 -241.311 
121.166 -58.1836 -381.319 121.355 -101.475 -371.436 121.803 -120.436 -256.869 
121.892 -121.272 -287.487 121.936 -114.16 -164.223 122.021 81.7741 -61.9361 
122.05 -120.735 -272.317 122.228 40.9222 -296.801 122.237 -123.399 -317.186 
122.312 63.0872 -112.381 122.406 49.2635 -391.433 122.541 -97.1418 76.9327 
122.786 48.7332 205.48 123.502 -12.8725 188.948 123.688 -113.27 -149.159 
123.956 85.8112 -46.6255 123.985 -89.7652 91.0096 124.191 43.8453 -313.66 
124.299 -118.278 8.22076 124.421 -28.3729 -386.673 124.663 -123.779 -332.838 
124.693 67.6444 -97.3386 124.832 33.6022 -193.122 124.87 35.8401 -178.062 
124.982 22.8311 207.076 125.116 -81.7947 104.796 125.126 -24.2276 178.594 
125.43 89.5126 -31.0427 125.481 -115.28 -363.729 125.591 -105.008 -43.479 
125.592 -111.571 -132.881 125.722 46.4333 -329.372 125.819 32.5734 -208.266 
125.861 -73.2528 118.143 125.981 39.1814 -163.228 126.044 -35.0181 167.593 
126.38 -64.3217 131.167 126.6 -45.4638 156.132 126.654 -55.1064 143.849 
126.784 -122.804 -348.965 126.939 93.9733 -15.6253 126.955 -73.9945 -378.023 
127.117 -108.975 -116.51 127.121 48.8355 -345.283 127.128 31.9726 -223.319 
127.138 51.4453 -377.711 127.144 61.3118 197.459 127.18 -112.575 -17.201 
127.343 -0.851585 -391.672 127.451 25.7958 -395.089 127.508 -114.593 22.9816 
127.618 43.305 -148.581 127.904 -105.601 -100.677 127.94 71.4817 -82.7526 
128.108 50.4057 -361.716 128.493 31.606 -238.717 128.545 -101.782 -84.9462 
128.602 98.3744 -0.231145 129.556 31.345 -254.237 129.743 -98.1511 -69.2402 
129.938 -107.128 -202.439 129.983 47.9338 -134.004 130.055 -105.941 -186.976 
130.064 -109.133 37.6763 130.25 102.459 15.2692 130.445 72.6404 187.071 
130.464 31.3916 -269.846 130.48 -108.678 -217.877 130.646 9.99443 201.294 
130.896 -104.97 -171.762 131.277 -109.85 -233.381 131.586 74.785 -68.4705 
131.625 39.6505 -388.898 131.638 -115.313 -307.887 131.642 32.203 -286.262 
131.645 -113.405 -293.644 131.776 -45.3881 -383.406 131.793 105.719 31.2421 
131.818 36.4582 204.951 132.156 -104.007 -157.859 132.183 -110.505 -248.964 
132.19 -89.8545 -374.389 132.578 -103.237 52.3886 132.603 52.7484 -119.322 
132.689 82.5114 174.816 132.77 -104.828 -27.9323 132.778 107.839 47.497 
132.917 -96.208 -53.5899 132.959 -112.578 -2.26988 133.042 -110.635 -264.624 
133.309 108.752 63.8543 133.482 34.3683 -307.464 133.607 -102.465 -143.092 
133.612 108.551 80.3662 133.681 -110.479 -280.216 133.788 90.4533 160.913 
133.857 107.544 97.1216 133.994 25.493 -184.404 134.124 105.265 113.991 
134.172 96.5931 145.898 134.179 -14.1225 -389.463 134.256 101.547 130.28 
134.291 -116.064 -323.191 134.42 78.5634 -53.6475 134.587 24.0235 -199.552 
134.696 28.3175 -169.474 134.752 -96.812 66.9902 134.79 36.6918 -322.957 
134.955 -2.56137 192.916 135.12 57.4356 -104.429 135.419 -100.408 -126.841 
135.455 39.2408 -338.121 135.607 41.6403 -353.65 135.926 23.3986 -214.693 
136.363 82.2033 -38.2589 136.385 31.9873 -154.777 136.427 -97.2787 -110.903 
136.516 -89.7658 81.3242 136.659 13.4315 -393.033 137.062 -110.143 12.156 
137.278 -93.9907 -95.1941 137.284 49.8997 199.24 137.314 -105.191 -368.199 
137.483 23.1381 -229.807 137.522 -116.677 -338.962 137.872 -14.6929 182.928 
137.881 61.7321 -89.6441 137.904 38.9554 -374.805 137.986 -82.231 95.4593 
138.046 -90.3189 -79.461 138.055 -107.771 -297.728 138.112 -62.3818 -379.861 
138.214 86.4744 -22.9209 138.385 -95.4336 -38.0569 138.548 36.3481 -140.237 
138.847 22.9248 -245.153 139.01 -74.0851 109.232 139.096 -96.428 -194.535 
139.13 22.948 201.861 139.293 -26.1864 171.836 139.312 -95.1448 -178.866 
139.412 -114.718 -355.183 139.472 -97.8168 -209.994 139.66 -65.1916 122.472 
139.678 22.6639 -260.608 139.745 -104.432 -12.5719 139.804 -87.1489 -63.6744 
139.992 -36.8634 160.372 140.003 -105.613 26.499 140.025 90.8042 -7.60649 
140.058 -26.8045 -387.045 140.154 -56.1958 135.565 140.263 -93.9828 -164.049 
140.339 -46.8522 148.268 140.38 -99.1797 -225.5 140.39 22.8304 -275.674 
140.913 65.4951 -75.0139 140.991 -92.8317 -153.379 141.187 40.9819 -125.619 
141.223 27.4423 -386.189 141.29 23.2737 -289.899 141.44 -99.7731 -241.114 
141.555 62.2371 190.722 141.936 95.0316 7.79323 142.176 34.306 -361.769 
142.196 24.2164 -302.453 142.274 -99.8771 -256.77 142.346 14.5971 -190.775 
142.408 16.654 -175.655 142.459 -107.303 -313.658 142.765 -77.7719 -376.507 
142.822 -90.9201 -137.115 142.923 -99.3538 -272.501 143.16 -100.502 41.3827 
143.252 25.8824 -317.052 143.332 13.5693 -206.034 143.538 69.2296 -60.1538 
143.666 98.8584 23.4418 143.698 45.6178 -110.758 143.703 19.8837 -160.786 
143.802 31.042 -347.05 143.911 -85.5398 -48.0745 143.925 28.1737 -332.12 
144.086 -88.1912 -121.051 144.648 72.8768 179.561 144.834 -102.769 1.98924 
144.894 9.37417 196.08 144.921 13.1383 -221.245 144.954 -84.9767 -105.247 
145.033 101.712 39.4728 145.079 -98.6162 -288.544 145.1 -94.6959 -22.5835 
145.161 -38.7639 -384.781 145.769 23.7563 -146.099 145.794 -81.5195 -89.4904 
145.948 103.506 55.6502 145.955 73.1783 -45.1235 146.045 0.777887 -390.636 
146.056 36.7448 198.855 146.077 -108.167 -328.993 146.106 -94.874 56.3496 
146.21 50.0799 -95.8361 146.398 12.9157 -236.438 146.459 104.09 71.8871 
146.591 81.9911 166.773 146.709 -84.5449 -185.628 146.76 103.86 88.2479 
146.92 -78.1818 -73.7879 146.931 -85.9537 -201.83 146.999 102.568 104.845 
147.296 99.601 121.48 147.347 -82.8904 -167.655 147.365 12.6013 -251.881 
147.402 89.3351 152.583 147.525 95.1253 137.477 147.836 25.0187 -371.579 
147.839 -93.2566 -371.161 147.855 -87.3948 -217.565 147.915 12.2809 -267.308 
148.139 28.0677 -131.441 148.194 -99.7616 14.6742 148.222 77.3363 -29.9726 
148.398 -88.5406 71.0896 148.421 -97.9582 -304.435 148.517 -80.5662 -147.889 
148.719 12.4944 -282.397 148.805 4.27856 -181.862 149.008 54.2179 -81.0831 
149.028 -88.2191 -233.248 149.324 -84.2862 -32.5873 149.401 -75.5733 -58.1366 
149.403 2.83991 -197.23 149.475 6.79516 -166.692 149.721 -108.173 -344.611 
149.751 13.2586 -296.903 149.755 -3.56079 188.139 149.775 -13.0202 -388.89 
149.899 -51.4876 -382.275 150.102 -78.0205 -131.213 150.216 -88.5261 -248.946 
150.3 -81.6808 85.6119 150.326 81.6002 -14.7284 150.63 2.00679 -212.63 
150.716 32.5981 -116.627 150.72 14.4543 -311.226 150.782 -88.1271 -264.634 
150.88 21.7792 -356.548 151.132 10.236 -151.752 151.449 -75.1397 -115.211 
151.532 14.6067 -382.671 151.58 -73.8319 99.7469 151.677 16.4048 -326.098 
151.684 58.2767 -66.296 151.703 50.1825 192.819 151.726 -105.066 -360.649 
151.8 -87.3228 -280.452 151.899 -92.8045 -4.49296 151.905 18.8458 -341.317 
152.096 -95.7387 29.6379 152.439 85.9367 0.567757 152.507 1.7733 -227.967 
152.59 -71.9277 -99.4381 152.607 -65.4505 113.555 152.656 -73.1719 -192.732 
152.765 -71.5269 -175.391 152.841 -98.3713 -319.238 153.103 37.2315 -101.632 
153.109 22.8607 196.278 153.179 -29.0264 165.667 153.253 -16.2661 178.11 
153.337 -56.8582 127.132 153.352 14.1716 -136.918 153.486 1.50758 -243.328 
153.509 -74.655 -209.214 153.533 -69.568 -157.845 153.537 -73.7842 -42.757 
153.538 -68.6419 -83.7856 153.734 -8.64338 -188.268 153.786 -65.9386 -378.51 
153.812 1.10316 -258.931 153.834 -6.65542 -172.737 153.868 -39.0485 153.464 
153.937 -48.1982 140.6 154.287 62.4042 -51.4017 154.297 0.865727 -274.506 
154.304 -87.0686 -295.915 154.611 90.2259 16.0018 154.663 -75.751 -225.325 
154.774 -67.1129 -141.008 154.833 -9.8057 -203.872 154.975 -65.6832 -68.2916 
155.135 -3.78457 -157.489 155.282 -90.7247 6.31331 155.399 -82.6467 -16.1858 
155.535 1.32134 -289.809 155.611 41.6262 -86.6885 155.741 -26.6324 -387.124 
155.798 -76.2376 -241.186 155.811 -90.916 44.8193 155.812 18.4911 -122.109 
155.855 62.082 183.36 156.405 -59.6688 -183.872 156.425 93.8583 31.7152 
156.438 -64.3494 -124.951 156.645 -10.3262 -219.437 156.66 2.27097 -304.748 
156.722 11.5583 -366.671 156.73 -76.1424 -256.892 156.783 -57.8672 -167.099 
156.875 66.654 -36.4658 157.009 -98.8585 -334.272 157.08 -20.2961 -179.059 
157.088 -61.2657 -200.572 157.099 -0.227513 -142.36 157.099 -75.367 -272.702 
157.555 -87.0283 -310.036 157.596 -21.9786 -194.872 157.64 -63.2624 -53.0035 
157.805 96.4784 47.6282 157.808 -55.6229 -150.641 157.811 -61.3781 -109.332 
157.851 -81.1628 -373.99 157.895 -17.9709 -163.405 158.026 3.90122 -319.73 
158.199 23.1258 -107.094 158.29 -10.568 -234.982 158.31 -62.5911 -217.05 
158.421 -71.8485 -26.9326 158.482 -45.9773 -176.375 158.494 -11.099 -266.314 
158.547 45.9893 -71.9762 158.597 -10.7809 -250.541 158.665 72.3064 171.692 
158.665 -88.6448 17.1196 158.728 8.67087 -350.938 158.838 98.2649 63.6209 
158.862 -32.1037 -169.664 158.882 -47.6168 -192.688 158.906 -75.0609 -288.194 
158.915 -33.9597 -185.629 158.916 6.08727 -335.245 158.957 -22.949 -210.736 
159.013 -58.3631 -93.7445 159.169 -85.6168 60.0186 159.248 -43.9671 -160.11 
159.302 3.76958 -127.358 159.333 9.1042 191.165 159.372 71.0643 -21.4946 
159.381 -63.3339 -233.274 159.443 -11.0128 -282.022 159.451 99.0517 79.6766 
159.53 -14.8919 -147.929 159.657 98.5977 95.8806 159.665 -52.9783 -134.61 
159.772 -35.4826 -201.717 159.798 -55.3095 -78.4653 159.844 96.6282 112.231 
159.951 -49.0284 -209.006 160.168 -29.5279 -153.867 160.177 36.7639 192.938 
160.182 80.901 158.37 160.261 92.8734 128.438 160.436 -63.4883 -249.261 
160.516 27.9118 -91.9485 160.59 87.566 143.9 160.634 -23.4028 -226.563 
160.664 -41.2602 -144.189 160.733 -10.5123 -297.56 160.763 -62.9192 -265.159 
161.05 -97.9954 -349.998 161.08 0.640918 -377.244 161.12 -36.4275 -217.94 
161.163 -50.0436 -225.427 161.194 -50.037 -119.13 161.217 50.2278 -57.1579 
161.271 -74.7907 -301.932 161.401 -60.992 -37.4938 161.475 -87.2494 -324.179 
161.501 -11.2233 -132.675 161.51 8.12259 -112.327 161.579 -23.6381 -242.276 
161.648 -23.6428 -258.029 161.678 -52.7911 -63.3098 161.748 -39.9703 -384.334 
161.77 -12.4461 -385.995 161.828 -62.4869 -281.497 161.845 -79.7109 75.1181 
161.85 75.6386 -6.494 161.947 -23.681 -273.957 161.962 -26.31 -138.365 
162.061 -92.6201 -364.661 162.142 -50.3 -241.552 162.198 -36.8797 -233.978 
162.27 -79.4558 3.66027 162.508 -38.1301 -128.759 162.559 -9.17315 -312.922 
162.685 -47.1608 -103.788 162.765 -50.1415 -257.471 162.793 -22.8154 170.112 
162.954 -36.9232 -249.774 163.073 -49.6885 -273.572 163.133 -36.7257 -265.707 
163.222 -23.342 -289.834 163.266 -84.6127 32.638 163.282 32.4585 -77.0039 
163.453 -72.4687 89.6081 163.472 -44.3834 -88.584 163.559 -7.22021 -117.56 
163.655 13.1963 -97.0393 163.791 54.4143 -42.274 163.862 -22.7994 -123.129 
163.885 -2.3623 -360.944 164 -69.0344 -9.44088 164.142 -36.5024 -281.847 
164.212 -7.24455 -328.607 164.274 -35.0556 -113.623 164.314 -50.1853 -48.0369 
164.411 80.222 8.6762 164.416 -74.6879 -314.746 164.817 -64.7282 103.952 
164.82 -42.1699 -73.6143 164.832 -4.92908 -344.647 164.909 -61.886 -300.942 
165.047 -49.1956 -290.14 165.322 -22.3841 -305.615 165.487 -2.81832 -102.453 
165.5 -4.07747 183.941 165.651 -32.306 -98.5828 165.681 -19.2359 -108.005 
165.696 49.6812 185.601 165.744 -58.2182 -21.2252 165.823 -86.9156 -339.19 
165.962 -35.7551 -298.07 166.122 18.279 -81.6959 166.128 -57.0112 118.246 
166.305 36.8535 -62.2923 166.34 -54.4921 -380.19 166.564 -32.3529 159.1 
166.795 -31.2789 -84.0083 166.813 -39.5391 -58.5757 166.838 -68.5265 -373.282 
166.841 59.0467 -27.564 166.876 84.5117 24.0907 166.987 22.7665 191.006 
167.185 -49.1184 132.43 167.193 -20.9052 -321.567 167.513 -41.1783 146.303 
167.574 3.59193 -86.4535 167.594 -14.7544 -92.5658 167.679 -48.3447 -307.612 
167.793 -47.3747 -32.3528 167.806 -76.0713 20.1666 167.901 -80.4336 48.0697 
168.071 -13.91 -371.19 168.123 -74.2722 -329.246 168.456 -29.1002 -69.1824 
168.593 -34.5791 -314.424 168.713 -61.1498 -319.546 168.86 -19.2731 -79.9977 
168.939 88.1301 39.7997 168.951 -18.989 -337.834 169.07 22.7043 -66.809 
169.114 41.1111 -47.5136 169.338 -16.5613 -354.37 169.499 -26.6997 -380.425 
169.523 -65.6982 7.78536 169.599 63.6846 -12.7567 169.679 -36.546 -43.2316 
169.716 -85.2408 -354.142 169.768 61.0943 175.536 170.061 -5.62214 -75.5628 
170.118 8.62968 -71.1308 170.178 -54.7902 -4.3479 170.584 90.978 55.6129 
170.724 -25.8795 -54.0221 170.868 -79.8899 -366.743 170.967 -47.1583 -324.596 
170.985 -15.4805 -64.7975 171.06 -33.042 -330.91 171.24 -43.8676 -16.0328 
171.373 -15.58 174.619 171.715 92.8474 71.3887 171.76 -75.6448 63.4974 
171.963 -73.1795 -343.896 172.014 45.5399 -32.7906 172.089 26.9909 -52.0556 
172.093 -60.0738 -334.77 172.184 93.4606 87.1923 172.211 92.5985 103.133 
172.301 71.0682 163.326 172.377 68.4046 2.08926 172.406 89.6568 119.142 
172.556 -1.34443 -60.4353 172.657 -33.084 -27.4134 172.782 -31.0054 -347.515 
172.914 -28.6244 -364.514 172.996 12.6909 -56.1845 173.041 85.0477 134.685 
173.25 78.989 149.479 173.536 -11.7311 -49.581 173.559 -72.6883 35.4809 
173.568 -22.3666 -38.6029 173.602 -45.5072 -340.876 173.798 36.1478 186.371 
173.937 8.44859 186.438 174 -41.4144 -373.717 174.173 -69.4652 78.6855 
174.649 -40.2193 0.008101 174.767 31.2036 -37.2485 174.907 -70.4055 -359.485 
174.957 50.1692 -18.106 175.02 -58.013 -350.257 175.029 2.38127 -45.2833 
175.03 -51.2939 11.6459 175.143 -29.3593 -11.5805 175.241 73.0002 17.0871 
175.293 -43.4386 -357.236 175.499 16.642 -41.259 175.557 -62.5159 23.2506 
175.653 -56.117 -366.685 175.889 -18.7228 -23.0065 175.922 -8.11073 -34.234 
176.208 -62.7632 93.4386 177.303 6.27275 -30.2401 177.477 -25.1555 164.355 
177.69 35.6873 -22.5818 177.706 -25.4572 3.87144 177.738 54.8967 -3.37723 
177.776 -14.7546 -7.63165 177.932 -4.21705 -19.0226 177.935 -55.4274 108.023 
178.04 20.9317 -26.467 178.295 77.3977 32.2981 178.535 -36.4396 15.3851 
178.584 -68.6932 50.8659 179.355 10.5154 -15.3182 179.465 48.5465 178.164 
179.72 0.016765 -3.97772 179.969 -10.5473 7.47653 180.009 59.4121 11.5675 
180.128 -47.6782 26.8042 180.229 40.3292 -7.88868 180.233 22.0378 184.78 
180.252 25.4005 -11.7162 180.409 -48.9333 122.932 180.749 -34.3639 152.138 
180.928 14.9935 -0.50975 181.001 -21.2914 18.9118 181.107 -58.8753 38.4486 
181.24 -4.07564 178.594 181.277 81.4474 47.7455 181.493 4.52812 10.8637 
181.552 -41.9993 137.757 181.698 30.0106 3.0737 181.877 -63.1979 66.3817 
181.902 44.9045 6.97966 182.497 19.6561 14.2114 182.532 63.7807 26.5262 
182.738 -6.04524 22.2522 182.742 -32.1769 30.3107 182.936 58.97 166.853 
183.196 84.7403 63.4394 183.444 34.6781 17.8023 183.762 49.4501 21.8141 
184.128 9.2298 25.4144 184.298 -56.8389 81.4374 184.339 86.7685 79.0201 
184.364 85.7282 110.039 184.409 -43.2412 41.807 184.52 -16.6806 33.6255 
184.59 87.3558 94.4028 184.757 81.5437 125.234 184.814 68.2502 153.907 
184.935 -54.0622 53.7184 185.206 75.6467 139.85 185.227 24.4058 28.6705 
185.87 -1.26012 36.7143 185.928 67.871 41.6845 185.954 39.3593 32.4241 
186.13 -50.03 96.0678 186.184 -27.4067 45.0714 186.305 53.8771 36.6465 
186.823 14.0997 39.768 186.853 34.7343 179.126 187.411 -47.9609 68.874 
187.447 -37.9881 56.7354 187.45 -11.7712 48.1326 187.517 29.3013 42.9809 
187.837 -14.9463 168.554 188.279 8.84351 179.215 188.433 44.1513 46.6881 
188.49 3.72368 51.0666 188.855 -22.1641 59.7211 189.134 -41.7248 83.8028 
189.338 19.151 53.8267 189.661 -32.278 71.5437 189.754 -44.1934 110.865 
189.781 71.2526 57.1896 189.951 56.1865 53.0652 190.257 -6.59238 62.4555 
190.339 34.7343 56.2605 191.284 20.5643 176.999 191.577 -16.7006 74.1667 
191.587 8.88522 64.7252 191.666 48.6956 60.4258 192.095 -35.7872 98.4609 
192.207 -26.5017 86.1714 192.492 45.9864 169.711 192.553 24.6221 66.6467 
192.565 -24.6858 156.32 193.028 74.6868 72.2563 193.275 -1.24971 76.3044 
193.355 -38.3838 125.773 193.381 41.2046 67.7864 194.136 58.4269 68.9431 
194.222 -11.1421 88.4344 194.293 55.0404 156.626 194.622 14.3846 77.917 
194.703 79.3855 101.381 194.719 76.2242 115.925 194.762 -31.7833 141.204 
194.994 78.2132 86.9356 195.212 -20.7886 100.659 195.413 63.5319 143.304 
195.551 30.2885 79.3736 195.68 -0.679439 169.368 195.778 70.9839 129.827 
195.902 4.33391 90.0667 196.013 -30.1196 113.025 196.699 46.3538 80.9088 
196.991 30.4933 169.297 197.132 -5.3572 102.55 197.268 20.1309 91.3574 
197.582 62.4913 82.9795 198.499 35.9711 92.6852 198.518 10.3721 103.788 
198.571 14.8384 168.099 198.789 -14.9177 115.109 199.317 -24.0301 127.904 
199.384 71.1288 109.152 199.465 67.3335 96.4249 199.546 39.6174 157.138 
199.762 51.7732 94.2214 199.927 26.2164 104.779 199.948 -9.94474 157.273 
200.366 0.892569 116.394 200.703 48.1667 144.102 201.217 -17.6106 142.919 
201.233 41.9969 105.878 201.304 23.2846 156.294 201.681 16.843 117.096 
201.756 6.75429 156.185 201.789 -8.47382 129.374 201.812 63.938 119.373 
201.882 57.3652 107.153 202.01 56.3885 131.422 202.456 31.8488 143.71 
202.595 32.8139 117.857 202.958 7.84883 130.006 203.041 48.6206 118.718 
203.11 15.2052 143.187 203.169 -1.2541 143.344 203.179 40.2682 130.843 
203.238 23.9453 130.296 
POLYGONS 5980 23920
3 1134 1024 1056 
3 1024 934 1056 
3 1134 1056 1081 
3 1148 1024 1134 
3 1056 934 976 
3 1024 916 934 
3 1081 1056 976 
3 1206 1134 1081 
3 1134 1244 1148 
3 1148 1013 1024 
3 934 854 976 
3 916 830 934 
3 1013 916 1024 
3 976 1033 1081 
3 1081 1151 1206 
3 1206 1244 1134 
3 1148 1244 1255 
3 1100 1013 1148 
3 976 854 915 
3 830 854 934 
3 916 816 830 
3 1013 909 916 
3 1033 1151 1081 
3 976 915 1033 
3 1151 1254 1206 
3 1322 1244 1206 
3 1255 1244 1344 
3 1255 1173 1148 
3 1148 1173 1100 
3 1100 1009 1013 
3 854 785 915 
3 744 854 830 
3 816 720 830 
3 909 816 916 
3 1009 909 1013 
3 1033 1104 1151 
3 915 978 1033 
3 1206 1254 1284 
3 1151 1216 1254 
3 1284 1322 1206 
3 1344 1244 1322 
3 1344 1363 1255 
3 1275 1173 1255 
3 1100 1173 1102 
3 1102 1009 1100 
3 915 785 842 
3 744 785 854 
3 830 720 744 
3 717 720 816 
3 909 821 816 
3 1009 921 909 
3 1104 1216 1151 
3 1033 978 1104 
3 842 978 915 
3 1254 1361 1284 
3 1216 1328 1254 
3 1284 1394 1322 
3 1431 1344 1322 
3 1363 1275 1255 
3 1344 1448 1363 
3 1198 1173 1275 
3 1102 1173 1198 
3 1018 1009 1102 
3 785 716 842 
3 663 785 744 
3 744 720 621 
3 821 717 816 
3 612 720 717 
3 921 821 909 
3 1018 921 1009 
3 1104 1162 1216 
3 1104 978 1054 
3 933 978 842 
3 1361 1394 1284 
3 1254 1328 1361 
3 1216 1277 1328 
3 1322 1394 1431 
3 1431 1448 1344 
3 1363 1379 1275 
3 1448 1469 1363 
3 1275 1305 1198 
3 1198 1119 1102 
3 1102 1119 1018 
3 716 756 842 
3 663 716 785 
3 744 621 663 
3 621 720 612 
3 821 732 717 
3 717 626 612 
3 921 833 821 
3 1018 928 921 
3 1162 1277 1216 
3 1054 1162 1104 
3 1054 978 933 
3 842 832 933 
3 1470 1394 1361 
3 1328 1439 1361 
3 1328 1277 1392 
3 1431 1394 1505 
3 1431 1539 1448 
3 1379 1305 1275 
3 1363 1469 1379 
3 1557 1469 1448 
3 1305 1219 1198 
3 1198 1219 1119 
3 1119 1031 1018 
3 756 832 842 
3 645 756 716 
3 590 716 663 
3 621 544 663 
3 612 510 621 
3 732 626 717 
3 833 732 821 
3 612 626 521 
3 928 833 921 
3 1031 928 1018 
3 1236 1277 1162 
3 1121 1162 1054 
3 933 1003 1054 
3 933 832 893 
3 1361 1439 1470 
3 1505 1394 1470 
3 1392 1439 1328 
3 1277 1348 1392 
3 1505 1539 1431 
3 1448 1539 1557 
3 1379 1393 1305 
3 1379 1469 1487 
3 1557 1577 1469 
3 1317 1219 1305 
3 1119 1219 1132 
3 1132 1031 1119 
3 780 832 756 
3 645 716 590 
3 645 673 756 
3 663 544 590 
3 520 544 621 
3 621 510 520 
3 612 521 510 
3 732 651 626 
3 747 732 833 
3 626 545 521 
3 928 845 833 
3 942 928 1031 
3 1236 1162 1121 
3 1236 1348 1277 
3 1003 1121 1054 
3 893 1003 933 
3 893 832 780 
3 1470 1439 1548 
3 1470 1583 1505 
3 1510 1439 1392 
3 1392 1348 1463 
3 1623 1539 1505 
3 1557 1539 1645 
3 1393 1406 1305 
3 1487 1393 1379 
3 1469 1577 1487 
3 1665 1577 1557 
3 1305 1406 1317 
3 1317 1231 1219 
3 1219 1231 1132 
3 1132 1043 1031 
3 756 673 780 
3 590 513 645 
3 645 563 673 
3 544 461 590 
3 421 544 520 
3 510 398 520 
3 521 412 510 
3 651 545 626 
3 747 651 732 
3 845 747 833 
3 545 437 521 
3 942 845 928 
3 1031 1043 942 
3 1121 1184 1236 
3 1306 1348 1236 
3 1003 1066 1121 
3 893 945 1003 
3 780 837 893 
3 1548 1439 1510 
3 1548 1583 1470 
3 1505 1583 1623 
3 1392 1463 1510 
3 1463 1348 1424 
3 1645 1539 1623 
3 1645 1665 1557 
3 1496 1406 1393 
3 1487 1496 1393 
3 1577 1591 1487 
3 1682 1577 1665 
3 1406 1413 1317 
3 1317 1316 1231 
3 1132 1231 1152 
3 1152 1043 1132 
3 780 673 729 
3 513 563 645 
3 590 461 513 
3 563 607 673 
3 421 461 544 
3 520 398 421 
3 412 398 510 
3 521 437 412 
3 651 577 545 
3 665 651 747 
3 845 760 747 
3 474 437 545 
3 942 850 845 
3 1043 953 942 
3 1184 1306 1236 
3 1121 1066 1184 
3 1424 1348 1306 
3 1003 945 1066 
3 837 945 893 
3 729 837 780 
3 1510 1632 1548 
3 1659 1583 1548 
3 1583 1695 1623 
3 1463 1580 1510 
3 1424 1538 1463 
3 1623 1734 1645 
3 1645 1755 1665 
3 1496 1503 1406 
3 1487 1591 1496 
3 1682 1591 1577 
3 1682 1665 1777 
3 1317 1413 1316 
3 1406 1503 1413 
3 1231 1316 1253 
3 1152 1231 1253 
3 1152 1063 1043 
3 673 607 729 
3 513 429 563 
3 461 368 513 
3 563 484 607 
3 294 461 421 
3 398 256 421 
3 412 270 398 
3 437 307 412 
3 545 577 474 
3 665 577 651 
3 760 665 747 
3 845 850 760 
3 363 437 474 
3 953 850 942 
3 1043 1063 953 
3 1184 1251 1306 
3 1066 1137 1184 
3 1306 1368 1424 
3 1066 945 1017 
3 905 945 837 
3 779 837 729 
3 1632 1659 1548 
3 1510 1580 1632 
3 1659 1695 1583 
3 1623 1695 1734 
3 1463 1538 1580 
3 1424 1486 1538 
3 1734 1755 1645 
3 1665 1755 1777 
3 1496 1597 1503 
3 1591 1597 1496 
3 1692 1591 1682 
3 1777 1785 1682 
3 1316 1413 1403 
3 1503 1504 1413 
3 1253 1316 1403 
3 1253 1166 1152 
3 1166 1063 1152 
3 607 662 729 
3 429 484 563 
3 368 429 513 
3 294 368 461 
3 484 532 607 
3 421 256 294 
3 398 270 256 
3 412 307 270 
3 363 307 437 
3 474 577 506 
3 591 577 665 
3 760 682 665 
3 760 850 768 
3 474 405 363 
3 862 850 953 
3 1063 967 953 
3 1251 1368 1306 
3 1137 1251 1184 
3 1017 1137 1066 
3 1424 1368 1486 
3 1017 945 905 
3 905 837 779 
3 729 662 779 
3 1632 1741 1659 
3 1580 1699 1632 
3 1776 1695 1659 
3 1695 1819 1734 
3 1538 1652 1580 
3 1486 1601 1538 
3 1734 1844 1755 
3 1755 1867 1777 
3 1503 1597 1602 
3 1692 1597 1591 
3 1682 1785 1692 
3 1777 1879 1785 
3 1413 1504 1403 
3 1602 1504 1503 
3 1403 1399 1253 
3 1253 1285 1166 
3 1079 1063 1166 
3 607 532 662 
3 429 314 484 
3 368 252 429 
3 294 203 368 
3 394 532 484 
3 256 182 294 
3 256 270 174 
3 270 307 207 
3 240 307 363 
3 506 577 591 
3 506 405 474 
3 682 591 665 
3 768 682 760 
3 768 850 862 
3 405 286 363 
3 953 967 862 
3 1079 967 1063 
3 1325 1368 1251 
3 1137 1209 1251 
3 1017 1082 1137 
3 1486 1368 1441 
3 905 963 1017 
3 779 844 905 
3 779 662 731 
3 1741 1776 1659 
3 1632 1699 1741 
3 1580 1652 1699 
3 1776 1819 1695 
3 1819 1844 1734 
3 1538 1601 1652 
3 1486 1552 1601 
3 1844 1867 1755 
3 1867 1879 1777 
3 1597 1701 1602 
3 1692 1701 1597 
3 1785 1789 1692 
3 1785 1879 1885 
3 1403 1504 1506 
3 1607 1504 1602 
3 1399 1285 1253 
3 1403 1506 1399 
3 1166 1285 1187 
3 1166 1187 1079 
3 662 532 599 
3 484 314 394 
3 252 314 429 
3 203 252 368 
3 294 182 203 
3 462 532 394 
3 174 182 256 
3 174 270 207 
3 207 307 240 
3 363 286 240 
3 591 518 506 
3 434 405 506 
3 682 601 591 
3 768 690 682 
3 862 770 768 
3 335 286 405 
3 862 967 856 
3 999 967 1079 
3 1251 1209 1325 
3 1441 1368 1325 
3 1082 1209 1137 
3 963 1082 1017 
3 1441 1552 1486 
3 905 844 963 
3 731 844 779 
3 662 599 731 
3 1855 1776 1741 
3 1699 1828 1741 
3 1652 1771 1699 
3 1776 1888 1819 
3 1932 1844 1819 
3 1601 1730 1652 
3 1601 1552 1670 
3 1952 1867 1844 
3 1973 1879 1867 
3 1701 1704 1602 
3 1692 1789 1701 
3 1885 1789 1785 
3 1885 1879 1981 
3 1506 1504 1607 
3 1602 1704 1607 
3 1405 1285 1399 
3 1506 1509 1399 
3 1285 1304 1187 
3 1079 1187 1099 
3 599 532 462 
3 394 314 204 
3 252 162 314 
3 144 252 203 
3 203 182 141 
3 394 277 462 
3 141 182 174 
3 207 148 174 
3 240 169 207 
3 240 286 205 
3 518 434 506 
3 591 601 518 
3 335 405 434 
3 690 601 682 
3 770 690 768 
3 862 856 770 
3 239 286 335 
3 967 940 856 
3 1099 999 1079 
3 999 940 967 
3 1209 1268 1325 
3 1384 1441 1325 
3 1154 1209 1082 
3 963 1032 1082 
3 1500 1552 1441 
3 963 844 914 
3 731 796 844 
3 731 599 666 
3 1741 1828 1855 
3 1855 1888 1776 
3 1699 1771 1828 
3 1652 1730 1771 
3 1888 1932 1819 
3 1932 1952 1844 
3 1670 1730 1601 
3 1670 1552 1629 
3 1973 1867 1952 
3 1981 1879 1973 
3 1796 1704 1701 
3 1701 1789 1796 
3 1886 1789 1885 
3 1981 1979 1885 
3 1607 1610 1506 
3 1704 1709 1607 
3 1399 1509 1405 
3 1405 1304 1285 
3 1506 1610 1509 
3 1187 1304 1207 
3 1187 1207 1099 
3 534 599 462 
3 314 162 204 
3 204 277 394 
3 144 162 252 
3 144 203 141 
3 462 277 388 
3 174 148 141 
3 169 148 207 
3 240 205 169 
3 205 286 239 
3 518 447 434 
3 518 601 530 
3 434 372 335 
3 611 601 690 
3 770 691 690 
3 856 766 770 
3 335 278 239 
3 940 851 856 
3 1099 1020 999 
3 1020 940 999 
3 1325 1268 1384 
3 1154 1268 1209 
3 1500 1441 1384 
3 1082 1032 1154 
3 914 1032 963 
3 1629 1552 1500 
3 844 796 914 
3 666 796 731 
3 666 599 534 
3 1828 1935 1855 
3 1971 1888 1855 
3 1828 1771 1882 
3 1730 1843 1771 
3 2014 1932 1888 
3 2041 1952 1932 
3 1670 1787 1730 
3 1629 1742 1670 
3 1952 2062 1973 
3 1973 2082 1981 
3 1796 1801 1704 
3 1796 1789 1886 
3 1885 1979 1886 
3 1981 2076 1979 
3 1607 1709 1610 
3 1704 1801 1709 
3 1405 1509 1512 
3 1416 1304 1405 
3 1610 1612 1509 
3 1207 1304 1312 
3 1099 1207 1115 
3 462 388 534 
3 204 162 136 
3 163 277 204 
3 124 162 144 
3 126 144 141 
3 388 277 231 
3 141 148 126 
3 139 148 169 
3 169 205 157 
3 205 239 189 
3 447 372 434 
3 530 447 518 
3 530 601 611 
3 372 278 335 
3 691 611 690 
3 770 766 691 
3 856 851 766 
3 239 278 220 
3 941 851 940 
3 1115 1020 1099 
3 941 940 1020 
3 1384 1268 1338 
3 1154 1223 1268 
3 1384 1451 1500 
3 1032 1105 1154 
3 977 1032 914 
3 1500 1563 1629 
3 796 849 914 
3 738 796 666 
3 666 534 608 
3 1935 1971 1855 
3 1882 1935 1828 
3 2014 1888 1971 
3 1771 1843 1882 
3 1730 1787 1843 
3 2014 2041 1932 
3 2041 2062 1952 
3 1670 1742 1787 
3 1685 1742 1629 
3 2062 2082 1973 
3 1981 2082 2076 
3 1890 1801 1796 
3 1796 1886 1890 
3 1979 1980 1886 
3 2076 2069 1979 
3 1610 1709 1715 
3 1801 1809 1709 
3 1509 1612 1512 
3 1405 1512 1416 
3 1312 1304 1416 
3 1715 1612 1610 
3 1215 1207 1312 
3 1115 1207 1215 
3 388 480 534 
3 136 162 124 
3 204 136 163 
3 231 277 163 
3 126 124 144 
3 388 231 324 
3 126 148 139 
3 169 157 139 
3 205 189 157 
3 189 239 220 
3 447 393 372 
3 530 464 447 
3 611 540 530 
3 372 303 278 
3 604 611 691 
3 766 674 691 
3 766 851 765 
3 220 278 251 
3 857 851 941 
3 1115 1028 1020 
3 1028 941 1020 
3 1268 1223 1338 
3 1338 1451 1384 
3 1105 1223 1154 
3 1451 1563 1500 
3 977 1105 1032 
3 914 849 977 
3 1629 1563 1685 
3 738 849 796 
3 608 738 666 
3 534 480 608 
3 2045 1971 1935 
3 1882 2006 1935 
3 1971 2087 2014 
3 1882 1843 1957 
3 1843 1787 1921 
3 2014 2126 2041 
3 2149 2062 2041 
3 1787 1742 1860 
3 1685 1820 1742 
3 2174 2082 2062 
3 2076 2082 2172 
3 1896 1801 1890 
3 1886 1980 1890 
3 1979 2069 1980 
3 2076 2167 2069 
3 1709 1809 1715 
3 1896 1809 1801 
3 1512 1612 1615 
3 1512 1515 1416 
3 1312 1416 1419 
3 1715 1721 1612 
3 1215 1312 1318 
3 1215 1127 1115 
3 388 324 480 
3 124 130 136 
3 136 151 163 
3 163 192 231 
3 126 127 124 
3 231 255 324 
3 139 127 126 
3 157 142 139 
3 189 159 157 
3 220 186 189 
3 393 303 372 
3 447 464 393 
3 540 464 530 
3 604 540 611 
3 278 303 251 
3 691 674 604 
3 765 674 766 
3 765 851 857 
3 220 251 213 
3 941 943 857 
3 1127 1028 1115 
3 1028 943 941 
3 1223 1281 1338 
3 1338 1400 1451 
3 1105 1163 1223 
3 1451 1523 1563 
3 1049 1105 977 
3 977 849 925 
3 1563 1641 1685 
3 807 849 738 
3 608 676 738 
3 480 548 608 
3 2006 2045 1935 
3 2045 2087 1971 
3 1957 2006 1882 
3 2087 2126 2014 
3 1957 1843 1921 
3 1921 1787 1860 
3 2041 2126 2149 
3 2174 2062 2149 
3 1742 1820 1860 
3 1757 1820 1685 
3 2172 2082 2174 
3 2172 2167 2076 
3 1890 1983 1896 
3 1980 1983 1890 
3 2069 2070 1980 
3 2167 2159 2069 
3 1715 1809 1818 
3 1896 1906 1809 
3 1612 1721 1615 
3 1615 1515 1512 
3 1416 1515 1419 
3 1312 1419 1318 
3 1715 1818 1721 
3 1222 1215 1318 
3 1222 1127 1215 
3 324 416 480 
3 130 151 136 
3 124 127 130 
3 163 151 192 
3 192 255 231 
3 324 255 336 
3 139 142 127 
3 157 159 142 
3 186 159 189 
3 213 186 220 
3 393 322 303 
3 393 464 407 
3 492 464 540 
3 604 583 540 
3 303 265 251 
3 674 583 604 
3 765 686 674 
3 857 773 765 
3 251 234 213 
3 857 943 863 
3 1037 1028 1127 
3 1037 943 1028 
3 1338 1281 1400 
3 1163 1281 1223 
3 1400 1523 1451 
3 1049 1163 1105 
3 1523 1641 1563 
3 925 1049 977 
3 925 849 807 
3 1685 1641 1757 
3 738 676 807 
3 608 548 676 
3 416 548 480 
3 2124 2045 2006 
3 2171 2087 2045 
3 1957 2074 2006 
3 2203 2126 2087 
3 1921 2032 1957 
3 1860 1977 1921 
3 2149 2126 2238 
3 2149 2268 2174 
3 1820 1934 1860 
3 1757 1877 1820 
3 2174 2267 2172 
3 2172 2255 2167 
3 1983 1986 1896 
3 1980 2070 1983 
3 2159 2070 2069 
3 2167 2239 2159 
3 1809 1906 1818 
3 1896 1986 1906 
3 1615 1721 1725 
3 1618 1515 1615 
3 1419 1515 1518 
3 1419 1422 1318 
3 1721 1818 1821 
3 1318 1324 1222 
3 1131 1127 1222 
3 336 416 324 
3 130 153 151 
3 127 140 130 
3 151 187 192 
3 192 237 255 
3 255 317 336 
3 127 142 140 
3 142 159 154 
3 171 159 186 
3 213 198 186 
3 322 265 303 
3 407 322 393 
3 407 464 492 
3 540 583 492 
3 265 234 251 
3 686 583 674 
3 773 686 765 
3 863 773 857 
3 234 221 213 
3 863 943 948 
3 1037 1127 1131 
3 948 943 1037 
3 1281 1345 1400 
3 1232 1281 1163 
3 1400 1458 1523 
3 1049 1116 1163 
3 1523 1581 1641 
3 925 997 1049 
3 807 867 925 
3 1641 1707 1757 
3 807 676 748 
3 676 548 617 
3 416 490 548 
3 2006 2074 2124 
3 2171 2045 2124 
3 2171 2203 2087 
3 2032 2074 1957 
3 2238 2126 2203 
3 1921 1977 2032 
3 1934 1977 1860 
3 2238 2268 2149 
3 2268 2267 2174 
3 1820 1877 1934 
3 1757 1833 1877 
3 2172 2267 2255 
3 2255 2239 2167 
3 1983 2073 1986 
3 2070 2073 1983 
3 2159 2161 2070 
3 2239 2235 2159 
3 1818 1906 1913 
3 1906 1986 1995 
3 1721 1821 1725 
3 1615 1725 1618 
3 1518 1515 1618 
3 1518 1422 1419 
3 1318 1422 1324 
3 1818 1913 1821 
3 1222 1324 1225 
3 1225 1131 1222 
3 336 424 416 
3 151 153 187 
3 140 153 130 
3 187 237 192 
3 255 237 317 
3 336 317 403 
3 140 142 154 
3 154 159 171 
3 186 198 171 
3 213 221 198 
3 322 279 265 
3 407 347 322 
3 492 430 407 
3 492 583 515 
3 265 242 234 
3 602 583 686 
3 773 695 686 
3 863 781 773 
3 233 221 234 
3 948 866 863 
3 1131 1040 1037 
3 1037 1040 948 
3 1400 1345 1458 
3 1232 1345 1281 
3 1163 1116 1232 
3 1458 1581 1523 
3 997 1116 1049 
3 1581 1707 1641 
3 867 997 925 
3 748 867 807 
3 1757 1707 1833 
3 748 676 617 
3 548 490 617 
3 424 490 416 
3 2074 2195 2124 
3 2124 2242 2171 
3 2282 2203 2171 
3 2147 2074 2032 
3 2238 2203 2329 
3 1977 2102 2032 
3 2052 1977 1934 
3 2238 2356 2268 
3 2367 2267 2268 
3 1934 1877 2004 
3 1833 1948 1877 
3 2255 2267 2348 
3 2255 2336 2239 
3 1986 2073 2078 
3 2070 2161 2073 
3 2235 2161 2159 
3 2239 2325 2235 
3 1913 1906 1995 
3 1995 1986 2078 
3 1821 1822 1725 
3 1725 1722 1618 
3 1618 1620 1518 
3 1518 1520 1422 
3 1422 1425 1324 
3 1913 1911 1821 
3 1324 1326 1225 
3 1225 1133 1131 
3 403 424 336 
3 187 153 195 
3 161 153 140 
3 187 241 237 
3 317 237 309 
3 317 396 403 
3 140 154 161 
3 171 181 154 
3 198 206 171 
3 198 221 227 
3 279 242 265 
3 347 279 322 
3 430 347 407 
3 515 430 492 
3 515 583 602 
3 234 242 233 
3 686 695 602 
3 781 695 773 
3 866 781 863 
3 233 244 221 
3 948 952 866 
3 1133 1040 1131 
3 1040 952 948 
3 1458 1345 1412 
3 1292 1345 1232 
3 1116 1176 1232 
3 1458 1533 1581 
3 997 1057 1116 
3 1581 1644 1707 
3 935 997 867 
3 822 867 748 
3 1707 1766 1833 
3 617 688 748 
3 617 490 551 
3 501 490 424 
3 2195 2242 2124 
3 2147 2195 2074 
3 2171 2242 2282 
3 2329 2203 2282 
3 2032 2102 2147 
3 2329 2356 2238 
3 2052 2102 1977 
3 2052 1934 2004 
3 2268 2356 2367 
3 2348 2267 2367 
3 1877 1948 2004 
3 1833 1893 1948 
3 2348 2336 2255 
3 2336 2325 2239 
3 2078 2073 2165 
3 2073 2161 2165 
3 2243 2161 2235 
3 2325 2331 2235 
3 1913 1995 1993 
3 2078 2079 1995 
3 1725 1822 1722 
3 1821 1911 1822 
3 1618 1722 1620 
3 1518 1620 1520 
3 1422 1520 1425 
3 1425 1326 1324 
3 1993 1911 1913 
3 1225 1326 1228 
3 1225 1228 1133 
3 403 483 424 
3 195 153 161 
3 195 241 187 
3 237 241 309 
3 309 396 317 
3 403 396 469 
3 154 181 161 
3 171 206 181 
3 198 227 206 
3 221 244 227 
3 279 259 242 
3 347 293 279 
3 430 373 347 
3 515 451 430 
3 515 602 529 
3 242 253 233 
3 602 695 616 
3 704 695 781 
3 866 792 781 
3 258 244 233 
3 866 952 872 
3 1042 1040 1133 
3 1042 952 1040 
3 1412 1345 1292 
3 1412 1533 1458 
3 1232 1176 1292 
3 1057 1176 1116 
3 1533 1644 1581 
3 935 1057 997 
3 1644 1766 1707 
3 935 867 822 
3 748 688 822 
3 1833 1766 1893 
3 551 688 617 
3 551 490 501 
3 424 483 501 
3 2328 2242 2195 
3 2276 2195 2147 
3 2242 2369 2282 
3 2282 2409 2329 
3 2147 2102 2224 
3 2450 2356 2329 
3 2176 2102 2052 
3 2004 2123 2052 
3 2367 2356 2469 
3 2452 2348 2367 
3 2004 1948 2067 
3 1893 2023 1948 
3 2430 2336 2348 
3 2401 2325 2336 
3 2165 2166 2078 
3 2165 2161 2243 
3 2235 2331 2243 
3 2403 2331 2325 
3 1995 2079 1993 
3 2078 2166 2079 
3 1822 1817 1722 
3 1911 1907 1822 
3 1722 1724 1620 
3 1620 1625 1520 
3 1520 1525 1425 
3 1425 1428 1326 
3 1993 1991 1911 
3 1326 1331 1228 
3 1133 1228 1139 
3 403 469 483 
3 161 211 195 
3 195 261 241 
3 241 361 309 
3 309 361 396 
3 469 396 458 
3 181 211 161 
3 206 229 181 
3 227 257 206 
3 244 276 227 
3 259 253 242 
3 293 259 279 
3 373 293 347 
3 451 373 430 
3 529 451 515 
3 529 602 616 
3 233 253 258 
3 616 695 704 
3 792 704 781 
3 872 792 866 
3 296 244 258 
3 872 952 956 
3 1133 1139 1042 
3 956 952 1042 
3 1352 1412 1292 
3 1466 1533 1412 
3 1292 1176 1240 
3 1124 1176 1057 
3 1582 1644 1533 
3 1004 1057 935 
3 1694 1766 1644 
3 822 879 935 
3 688 754 822 
3 1893 1766 1842 
3 551 646 688 
3 501 587 551 
3 483 566 501 
3 2328 2195 2276 
3 2328 2369 2242 
3 2147 2224 2276 
3 2282 2369 2409 
3 2329 2409 2450 
3 2224 2102 2176 
3 2469 2356 2450 
3 2052 2123 2176 
3 2067 2123 2004 
3 2469 2452 2367 
3 2452 2430 2348 
3 1948 2023 2067 
3 1966 2023 1893 
3 2430 2401 2336 
3 2403 2325 2401 
3 2245 2166 2165 
3 2243 2245 2165 
3 2331 2334 2243 
3 2403 2422 2331 
3 2079 2075 1993 
3 2166 2162 2079 
3 1722 1817 1724 
3 1822 1907 1817 
3 1911 1991 1907 
3 1620 1724 1625 
3 1625 1525 1520 
3 1425 1525 1428 
3 1326 1428 1331 
3 1993 2075 1991 
3 1228 1331 1234 
3 1139 1228 1234 
3 483 469 549 
3 211 261 195 
3 261 361 241 
3 396 361 458 
3 458 533 469 
3 181 229 211 
3 206 257 229 
3 227 276 257 
3 296 276 244 
3 262 253 259 
3 293 271 259 
3 373 320 293 
3 451 399 373 
3 467 451 529 
3 616 541 529 
3 253 268 258 
3 704 625 616 
3 792 707 704 
3 872 797 792 
3 258 305 296 
3 956 871 872 
3 1139 1044 1042 
3 1044 956 1042 
3 1292 1240 1352 
3 1352 1466 1412 
3 1582 1533 1466 
3 1240 1176 1124 
3 1124 1057 1004 
3 1694 1644 1582 
3 935 879 1004 
3 1694 1808 1766 
3 754 879 822 
3 646 754 688 
3 1766 1808 1842 
3 1966 1893 1842 
3 551 587 646 
3 566 587 501 
3 483 549 566 
3 2276 2404 2328 
3 2328 2459 2369 
3 2276 2224 2347 
3 2369 2498 2409 
3 2409 2544 2450 
3 2294 2224 2176 
3 2582 2469 2450 
3 2123 2246 2176 
3 2067 2188 2123 
3 2469 2561 2452 
3 2452 2527 2430 
3 2023 2134 2067 
3 1966 2083 2023 
3 2497 2401 2430 
3 2401 2458 2403 
3 2245 2240 2166 
3 2243 2334 2245 
3 2331 2422 2334 
3 2458 2422 2403 
3 2079 2162 2075 
3 2240 2162 2166 
3 1817 1823 1724 
3 1907 1908 1817 
3 1991 1988 1907 
3 1724 1727 1625 
3 1625 1627 1525 
3 1428 1525 1532 
3 1428 1432 1331 
3 2075 2072 1991 
3 1234 1331 1333 
3 1234 1142 1139 
3 469 533 549 
3 285 261 211 
3 364 361 261 
3 458 361 446 
3 458 526 533 
3 211 229 285 
3 257 311 229 
3 276 353 257 
3 366 276 296 
3 259 271 262 
3 262 268 253 
3 320 271 293 
3 399 320 373 
3 467 399 451 
3 541 467 529 
3 625 541 616 
3 268 305 258 
3 707 625 704 
3 797 707 792 
3 871 797 872 
3 305 380 296 
3 955 871 956 
3 1142 1044 1139 
3 1044 955 956 
3 1240 1293 1352 
3 1352 1410 1466 
3 1466 1530 1582 
3 1124 1178 1240 
3 1004 1058 1124 
3 1582 1639 1694 
3 879 936 1004 
3 1750 1808 1694 
3 754 817 879 
3 646 687 754 
3 1842 1808 1925 
3 1842 1925 1966 
3 646 587 687 
3 566 653 587 
3 549 648 566 
3 2404 2459 2328 
3 2347 2404 2276 
3 2459 2498 2369 
3 2347 2224 2294 
3 2409 2498 2544 
3 2450 2544 2582 
3 2176 2246 2294 
3 2582 2561 2469 
3 2123 2188 2246 
3 2067 2134 2188 
3 2561 2527 2452 
3 2527 2497 2430 
3 2083 2134 2023 
3 2035 2083 1966 
3 2497 2458 2401 
3 2245 2330 2240 
3 2245 2334 2330 
3 2334 2422 2417 
3 2458 2518 2422 
3 2162 2155 2075 
3 2240 2234 2162 
3 1823 1727 1724 
3 1817 1908 1823 
3 1907 1988 1908 
3 1991 2072 1988 
3 1625 1727 1627 
3 1525 1627 1532 
3 1532 1432 1428 
3 1331 1432 1333 
3 2075 2155 2072 
3 1333 1237 1234 
3 1234 1237 1142 
3 533 624 549 
3 364 261 285 
3 446 361 364 
3 446 526 458 
3 533 526 618 
3 229 311 285 
3 257 353 311 
3 366 353 276 
3 296 380 366 
3 271 284 262 
3 262 295 268 
3 320 298 271 
3 399 358 320 
3 414 399 467 
3 541 485 467 
3 625 554 541 
3 268 333 305 
3 707 633 625 
3 797 710 707 
3 794 797 871 
3 305 391 380 
3 870 871 955 
3 1142 1048 1044 
3 1048 955 1044 
3 1293 1410 1352 
3 1178 1293 1240 
3 1410 1530 1466 
3 1582 1530 1639 
3 1124 1058 1178 
3 936 1058 1004 
3 1694 1639 1750 
3 879 817 936 
3 1868 1808 1750 
3 754 687 817 
3 1925 1808 1868 
3 1925 2035 1966 
3 587 653 687 
3 648 653 566 
3 549 624 648 
3 2565 2459 2404 
3 2478 2404 2347 
3 2606 2498 2459 
3 2347 2294 2428 
3 2544 2498 2649 
3 2582 2544 2718 
3 2246 2376 2294 
3 2697 2561 2582 
3 2246 2188 2306 
3 2188 2134 2253 
3 2561 2638 2527 
3 2527 2593 2497 
3 2192 2134 2083 
3 2142 2083 2035 
3 2551 2458 2497 
3 2330 2327 2240 
3 2330 2334 2417 
3 2422 2500 2417 
3 2518 2500 2422 
3 2551 2518 2458 
3 2162 2234 2155 
3 2327 2234 2240 
3 1827 1727 1823 
3 1908 1917 1823 
3 1988 1992 1908 
3 2072 2071 1988 
3 1727 1728 1627 
3 1532 1627 1630 
3 1535 1432 1532 
3 1333 1432 1434 
3 2072 2155 2153 
3 1333 1337 1237 
3 1142 1237 1143 
3 618 624 533 
3 285 385 364 
3 364 450 446 
3 525 526 446 
3 526 609 618 
3 311 385 285 
3 311 353 400 
3 366 440 353 
3 366 380 454 
3 284 295 262 
3 298 284 271 
3 295 333 268 
3 358 298 320 
3 414 358 399 
3 485 414 467 
3 554 485 541 
3 633 554 625 
3 333 391 305 
3 710 633 707 
3 794 710 797 
3 870 794 871 
3 391 459 380 
3 955 954 870 
3 1143 1048 1142 
3 1048 954 955 
3 1293 1350 1410 
3 1241 1293 1178 
3 1460 1530 1410 
3 1639 1530 1570 
3 1178 1058 1125 
3 936 1006 1058 
3 1639 1681 1750 
3 817 878 936 
3 1807 1868 1750 
3 817 687 758 
3 1868 1984 1925 
3 1925 1984 2035 
3 687 653 758 
3 740 653 648 
3 648 624 724 
3 2565 2404 2520 
3 2606 2459 2565 
3 2428 2478 2347 
3 2520 2404 2478 
3 2649 2498 2606 
3 2294 2376 2428 
3 2718 2544 2649 
3 2718 2697 2582 
3 2306 2376 2246 
3 2697 2638 2561 
3 2306 2188 2253 
3 2253 2134 2192 
3 2638 2593 2527 
3 2593 2551 2497 
3 2192 2083 2142 
3 2035 2104 2142 
3 2330 2408 2327 
3 2417 2408 2330 
3 2500 2494 2417 
3 2518 2583 2500 
3 2551 2613 2518 
3 2155 2234 2229 
3 2316 2234 2327 
3 1823 1917 1827 
3 1827 1728 1727 
3 1908 1992 1917 
3 1988 2071 1992 
3 2072 2153 2071 
3 1627 1728 1630 
3 1532 1630 1535 
3 1434 1432 1535 
3 1434 1337 1333 
3 2155 2229 2153 
3 1237 1337 1243 
3 1143 1237 1243 
3 713 624 618 
3 364 385 450 
3 450 525 446 
3 525 609 526 
3 609 701 618 
3 438 385 311 
3 440 400 353 
3 311 400 438 
3 454 440 366 
3 380 459 454 
3 284 319 295 
3 304 284 298 
3 295 355 333 
3 358 325 298 
3 370 358 414 
3 426 414 485 
3 554 495 485 
3 560 554 633 
3 333 404 391 
3 710 631 633 
3 794 708 710 
3 870 791 794 
3 391 471 459 
3 870 954 868 
3 1050 1048 1143 
3 1050 954 1048 
3 1410 1350 1460 
3 1241 1350 1293 
3 1125 1241 1178 
3 1570 1530 1460 
3 1570 1681 1639 
3 1058 1006 1125 
3 936 878 1006 
3 1750 1681 1807 
3 758 878 817 
3 1807 1928 1868 
3 1868 1928 1984 
3 1984 2104 2035 
3 758 653 740 
3 648 724 740 
3 724 624 713 
3 2520 2711 2565 
3 2565 2764 2606 
3 2428 2564 2478 
3 2478 2624 2520 
3 2606 2768 2649 
3 2428 2376 2525 
3 2649 2803 2718 
3 2718 2796 2697 
3 2306 2446 2376 
3 2759 2638 2697 
3 2253 2377 2306 
3 2300 2253 2192 
3 2638 2705 2593 
3 2593 2643 2551 
3 2142 2252 2192 
3 2142 2104 2198 
3 2408 2398 2327 
3 2417 2494 2408 
3 2573 2494 2500 
3 2500 2583 2573 
3 2613 2583 2518 
3 2643 2613 2551 
3 2229 2234 2316 
3 2327 2398 2316 
3 1917 1922 1827 
3 1827 1829 1728 
3 1992 1998 1917 
3 2071 2080 1992 
3 2153 2158 2071 
3 1728 1732 1630 
3 1535 1630 1636 
3 1535 1537 1434 
3 1440 1337 1434 
3 2229 2228 2153 
3 1243 1337 1340 
3 1149 1143 1243 
3 618 701 713 
3 450 385 438 
3 450 528 525 
3 613 609 525 
3 696 701 609 
3 400 440 438 
3 454 535 440 
3 459 538 454 
3 319 355 295 
3 304 319 284 
3 298 325 304 
3 355 404 333 
3 370 325 358 
3 426 370 414 
3 495 426 485 
3 560 495 554 
3 631 560 633 
3 404 471 391 
3 708 631 710 
3 791 708 794 
3 868 791 870 
3 471 543 459 
3 868 954 958 
3 1149 1050 1143 
3 958 954 1050 
3 1460 1350 1415 
3 1303 1350 1241 
3 1125 1188 1241 
3 1570 1460 1521 
3 1631 1681 1570 
3 1006 1077 1125 
3 1006 878 957 
3 1681 1746 1807 
3 758 840 878 
3 1807 1838 1928 
3 1928 2029 1984 
3 1984 2029 2104 
3 740 840 758 
3 724 826 740 
3 713 815 724 
3 2711 2764 2565 
3 2624 2711 2520 
3 2606 2764 2768 
3 2564 2624 2478 
3 2428 2525 2564 
3 2768 2803 2649 
3 2376 2446 2525 
3 2718 2803 2796 
3 2796 2759 2697 
3 2306 2377 2446 
3 2759 2705 2638 
3 2300 2377 2253 
3 2192 2252 2300 
3 2705 2643 2593 
3 2142 2198 2252 
3 2198 2104 2125 
3 2408 2489 2398 
3 2408 2494 2489 
3 2573 2567 2494 
3 2573 2583 2642 
3 2666 2583 2613 
3 2703 2613 2643 
3 2316 2310 2229 
3 2316 2398 2395 
3 1827 1922 1829 
3 1998 1922 1917 
3 1728 1829 1732 
3 1992 2080 1998 
3 2071 2158 2080 
3 2153 2228 2158 
3 1630 1732 1636 
3 1636 1537 1535 
3 1434 1537 1440 
3 1340 1337 1440 
3 2310 2228 2229 
3 1243 1340 1247 
3 1247 1149 1243 
3 713 701 802 
3 438 528 450 
3 525 528 613 
3 696 609 613 
3 696 790 701 
3 438 440 531 
3 440 535 531 
3 454 538 535 
3 459 543 538 
3 319 375 355 
3 343 319 304 
3 341 304 325 
3 355 420 404 
3 341 325 370 
3 426 381 370 
3 495 432 426 
3 500 495 560 
3 631 558 560 
3 404 482 471 
3 708 632 631 
3 791 709 708 
3 868 793 791 
3 471 550 543 
3 958 873 868 
3 1149 1055 1050 
3 1055 958 1050 
3 1415 1350 1303 
3 1460 1415 1521 
3 1188 1303 1241 
3 1125 1077 1188 
3 1521 1631 1570 
3 1631 1746 1681 
3 957 1077 1006 
3 878 840 957 
3 1807 1746 1838 
3 1838 1938 1928 
3 1938 2029 1928 
3 2104 2029 2125 
3 826 840 740 
3 724 815 826 
3 713 802 815 
3 2833 2764 2711 
3 2624 2792 2711 
3 2768 2764 2847 
3 2712 2624 2564 
3 2525 2712 2564 
3 2837 2803 2768 
3 2525 2446 2577 
3 2796 2803 2837 
3 2796 2811 2759 
3 2377 2487 2446 
3 2782 2705 2759 
3 2300 2400 2377 
3 2300 2252 2338 
3 2746 2643 2705 
3 2198 2286 2252 
3 2125 2206 2198 
3 2489 2482 2398 
3 2494 2567 2489 
3 2635 2567 2573 
3 2642 2583 2666 
3 2642 2635 2573 
3 2666 2613 2703 
3 2703 2643 2746 
3 2395 2310 2316 
3 2398 2482 2395 
3 1922 1927 1829 
3 2008 1922 1998 
3 1732 1829 1832 
3 1998 2080 2086 
3 2080 2158 2168 
3 2158 2228 2233 
3 1732 1736 1636 
3 1636 1638 1537 
3 1440 1537 1542 
3 1440 1444 1340 
3 2311 2228 2310 
3 1340 1346 1247 
3 1153 1149 1247 
3 701 790 802 
3 531 528 438 
3 613 528 623 
3 613 700 696 
3 696 775 790 
3 535 641 531 
3 538 644 535 
3 543 640 538 
3 375 420 355 
3 343 375 319 
3 304 329 343 
3 304 341 329 
3 420 482 404 
3 381 341 370 
3 432 381 426 
3 500 432 495 
3 558 500 560 
3 632 558 631 
3 482 550 471 
3 708 709 632 
3 793 709 791 
3 868 873 793 
3 550 638 543 
3 964 873 958 
3 1153 1055 1149 
3 1055 964 958 
3 1303 1365 1415 
3 1415 1471 1521 
3 1188 1260 1303 
3 1077 1158 1188 
3 1575 1631 1521 
3 1672 1746 1631 
3 1047 1077 957 
3 957 840 929 
3 1838 1746 1841 
3 1838 1841 1938 
3 2030 2029 1938 
3 2125 2029 2030 
3 929 840 826 
3 815 917 826 
3 815 802 907 
3 2711 2792 2833 
3 2847 2764 2833 
3 2712 2792 2624 
3 2847 2837 2768 
3 2525 2698 2712 
3 2446 2487 2577 
3 2577 2698 2525 
3 2837 2811 2796 
3 2759 2811 2782 
3 2377 2400 2487 
3 2746 2705 2782 
3 2338 2400 2300 
3 2252 2286 2338 
3 2198 2206 2286 
3 2125 2120 2206 
3 2489 2556 2482 
3 2489 2567 2556 
3 2625 2567 2635 
3 2666 2713 2642 
3 2642 2696 2635 
3 2703 2750 2666 
3 2746 2750 2703 
3 2395 2388 2310 
3 2482 2470 2395 
3 1829 1927 1832 
3 2008 1927 1922 
3 1998 2086 2008 
3 1832 1736 1732 
3 2086 2080 2168 
3 2168 2158 2233 
3 2233 2228 2311 
3 1636 1736 1638 
3 1537 1638 1542 
3 1440 1542 1444 
3 1340 1444 1346 
3 2310 2388 2311 
3 1346 1250 1247 
3 1247 1250 1153 
3 802 790 891 
3 623 528 531 
3 623 700 613 
3 700 775 696 
3 775 877 790 
3 531 641 623 
3 535 644 641 
3 538 640 644 
3 543 638 640 
3 431 420 375 
3 382 375 343 
3 343 329 345 
3 348 329 341 
3 420 497 482 
3 348 341 381 
3 432 384 381 
3 433 432 500 
3 558 496 500 
3 632 557 558 
3 559 550 482 
3 632 709 630 
3 712 709 793 
3 873 798 793 
3 550 643 638 
3 880 873 964 
3 1061 1055 1153 
3 1061 964 1055 
3 1365 1471 1415 
3 1303 1260 1365 
3 1521 1471 1575 
3 1158 1260 1188 
3 1047 1158 1077 
3 1575 1672 1631 
3 1744 1746 1672 
3 957 929 1047 
3 1841 1746 1744 
3 1841 1936 1938 
3 1938 1936 2030 
3 2030 2120 2125 
3 826 917 929 
3 815 907 917 
3 907 802 891 
3 2833 2792 2823 
3 2833 2844 2847 
3 2781 2792 2712 
3 2847 2839 2837 
3 2712 2698 2781 
3 2577 2487 2543 
3 2634 2698 2577 
3 2839 2811 2837 
3 2782 2811 2814 
3 2400 2455 2487 
3 2785 2746 2782 
3 2373 2400 2338 
3 2286 2373 2338 
3 2206 2292 2286 
3 2120 2204 2206 
3 2556 2545 2482 
3 2556 2567 2625 
3 2625 2635 2690 
3 2642 2713 2696 
3 2750 2713 2666 
3 2635 2696 2690 
3 2785 2750 2746 
3 2395 2470 2388 
3 2545 2470 2482 
3 1927 1931 1832 
3 2021 1927 2008 
3 2086 2095 2008 
3 1837 1736 1832 
3 2168 2175 2086 
3 2233 2249 2168 
3 2311 2319 2233 
3 1736 1738 1638 
3 1638 1642 1542 
3 1542 1543 1444 
3 1444 1446 1346 
3 2388 2390 2311 
3 1353 1250 1346 
3 1153 1250 1159 
3 790 877 891 
3 623 745 700 
3 745 775 700 
3 859 877 775 
3 641 745 623 
3 644 741 641 
3 644 640 733 
3 640 638 730 
3 431 375 382 
3 431 497 420 
3 345 382 343 
3 345 329 328 
3 328 329 348 
3 482 497 559 
3 384 348 381 
3 433 384 432 
3 496 433 500 
3 557 496 558 
3 630 557 632 
3 559 643 550 
3 630 709 712 
3 798 712 793 
3 880 798 873 
3 643 728 638 
3 973 880 964 
3 1153 1159 1061 
3 973 964 1061 
3 1365 1438 1471 
3 1260 1339 1365 
3 1575 1471 1546 
3 1141 1260 1158 
3 1141 1158 1047 
3 1575 1648 1672 
3 1672 1648 1744 
3 929 1022 1047 
3 1841 1744 1834 
3 1834 1936 1841 
3 2030 1936 2025 
3 2030 2025 2120 
3 917 1022 929 
3 907 1010 917 
3 891 996 907 
3 2823 2792 2781 
3 2823 2844 2833 
3 2844 2839 2847 
3 2781 2698 2739 
3 2487 2455 2543 
3 2634 2577 2543 
3 2739 2698 2634 
3 2814 2811 2839 
3 2814 2785 2782 
3 2373 2455 2400 
3 2286 2292 2373 
3 2206 2204 2292 
3 2112 2204 2120 
3 2556 2615 2545 
3 2625 2615 2556 
3 2690 2676 2625 
3 2696 2713 2728 
3 2751 2713 2750 
3 2690 2696 2725 
3 2777 2750 2785 
3 2470 2465 2388 
3 2545 2536 2470 
3 1832 1931 1837 
3 2021 1931 1927 
3 2008 2095 2021 
3 2086 2175 2095 
3 1837 1738 1736 
3 2168 2249 2175 
3 2319 2249 2233 
3 2311 2390 2319 
3 1638 1738 1642 
3 1542 1642 1543 
3 1444 1543 1446 
3 1346 1446 1353 
3 2465 2390 2388 
3 1257 1250 1353 
3 1159 1250 1257 
3 891 877 979 
3 859 775 745 
3 859 969 877 
3 641 741 745 
3 733 741 644 
3 733 640 730 
3 638 728 730 
3 382 428 431 
3 499 497 431 
3 345 371 382 
3 328 332 345 
3 342 328 348 
3 559 497 564 
3 384 342 348 
3 433 376 384 
3 496 425 433 
3 557 491 496 
3 556 557 630 
3 559 642 643 
3 630 712 634 
3 714 712 798 
3 801 798 880 
3 725 728 643 
3 889 880 973 
3 1159 1068 1061 
3 1068 973 1061 
3 1471 1438 1546 
3 1339 1438 1365 
3 1227 1339 1260 
3 1546 1648 1575 
3 1141 1227 1260 
3 1047 1022 1141 
3 1744 1648 1733 
3 1744 1733 1834 
3 1926 1936 1834 
3 2025 1936 1926 
3 2025 2112 2120 
3 917 1010 1022 
3 996 1010 907 
3 891 979 996 
3 2781 2791 2823 
3 2823 2822 2844 
3 2844 2830 2839 
3 2739 2791 2781 
3 2543 2455 2492 
3 2543 2574 2634 
3 2634 2662 2739 
3 2839 2830 2814 
3 2814 2804 2785 
3 2373 2382 2455 
3 2373 2292 2382 
3 2292 2204 2290 
3 2194 2204 2112 
3 2615 2601 2545 
3 2625 2676 2615 
3 2719 2676 2690 
3 2728 2713 2751 
3 2725 2696 2728 
3 2777 2751 2750 
3 2725 2719 2690 
3 2785 2804 2777 
3 2470 2536 2465 
3 2601 2536 2545 
3 1837 1931 1937 
3 2021 2027 1931 
3 2021 2095 2111 
3 2095 2175 2186 
3 1839 1738 1837 
3 2249 2261 2175 
3 2319 2332 2249 
3 2390 2397 2319 
3 1642 1738 1743 
3 1642 1646 1543 
3 1543 1547 1446 
3 1446 1450 1353 
3 2465 2468 2390 
3 1353 1355 1257 
3 1164 1159 1257 
3 877 969 979 
3 745 843 859 
3 859 949 969 
3 741 843 745 
3 733 836 741 
3 730 831 733 
3 728 824 730 
3 428 499 431 
3 382 371 428 
3 564 497 499 
3 332 371 345 
3 310 332 328 
3 342 310 328 
3 564 642 559 
3 376 342 384 
3 425 376 433 
3 491 425 496 
3 556 491 557 
3 634 556 630 
3 643 642 725 
3 634 712 714 
3 801 714 798 
3 889 801 880 
3 725 820 728 
3 889 973 981 
3 1164 1068 1159 
3 981 973 1068 
3 1546 1438 1524 
3 1339 1319 1438 
3 1227 1319 1339 
3 1633 1648 1546 
3 1117 1227 1141 
3 1141 1022 1117 
3 1733 1648 1633 
3 1733 1824 1834 
3 1834 1824 1926 
3 1926 2012 2025 
3 2025 2012 2112 
3 1022 1010 1117 
3 1101 1010 996 
3 979 1084 996 
3 2791 2822 2823 
3 2822 2830 2844 
3 2739 2749 2791 
3 2455 2440 2492 
3 2492 2574 2543 
3 2574 2662 2634 
3 2662 2749 2739 
3 2830 2804 2814 
3 2455 2382 2440 
3 2382 2292 2290 
3 2290 2204 2194 
3 2112 2097 2194 
3 2615 2654 2601 
3 2615 2676 2654 
3 2700 2676 2719 
3 2728 2751 2741 
3 2728 2729 2725 
3 2760 2751 2777 
3 2727 2719 2725 
3 2777 2804 2784 
3 2465 2536 2533 
3 2601 2591 2536 
3 1931 2027 1937 
3 1837 1937 1839 
3 2111 2027 2021 
3 2095 2186 2111 
3 2175 2261 2186 
3 1743 1738 1839 
3 2249 2332 2261 
3 2319 2397 2332 
3 2390 2468 2397 
3 1743 1646 1642 
3 1543 1646 1547 
3 1446 1547 1450 
3 1450 1355 1353 
3 2533 2468 2465 
3 1257 1355 1262 
3 1262 1164 1257 
3 979 969 1070 
3 843 949 859 
3 949 1059 969 
3 836 843 741 
3 733 831 836 
3 730 824 831 
3 728 820 824 
3 428 477 499 
3 428 371 408 
3 499 553 564 
3 349 371 332 
3 299 332 310 
3 321 310 342 
3 629 642 564 
3 376 321 342 
3 425 362 376 
3 418 425 491 
3 488 491 556 
3 634 555 556 
3 725 642 718 
3 714 635 634 
3 721 714 801 
3 811 801 889 
3 812 820 725 
3 889 981 902 
3 1076 1068 1164 
3 1076 981 1068 
3 1438 1411 1524 
3 1546 1524 1633 
3 1319 1411 1438 
3 1212 1319 1227 
3 1212 1227 1117 
3 1633 1713 1733 
3 1713 1824 1733 
3 1926 1824 1902 
3 1926 1902 2012 
3 2012 2097 2112 
3 1117 1010 1101 
3 996 1084 1101 
3 1070 1084 979 
3 2791 2788 2822 
3 2806 2830 2822 
3 2749 2788 2791 
3 2440 2508 2492 
3 2492 2508 2574 
3 2574 2585 2662 
3 2668 2749 2662 
3 2806 2804 2830 
3 2440 2382 2371 
3 2371 2382 2290 
3 2290 2194 2279 
3 2097 2184 2194 
3 2654 2640 2601 
3 2654 2676 2700 
3 2719 2720 2700 
3 2741 2751 2760 
3 2741 2729 2728 
3 2729 2727 2725 
3 2784 2760 2777 
3 2727 2720 2719 
3 2784 2804 2806 
3 2536 2591 2533 
3 2640 2591 2601 
3 2027 2031 1937 
3 1839 1937 1941 
3 2111 2031 2027 
3 2186 2199 2111 
3 2261 2273 2186 
3 1743 1839 1846 
3 2332 2342 2261 
3 2397 2407 2332 
3 2468 2480 2397 
3 1747 1646 1743 
3 1547 1646 1650 
3 1450 1547 1549 
3 1453 1355 1450 
3 2533 2539 2468 
3 1355 1357 1262 
3 1169 1164 1262 
3 969 1059 1070 
3 938 949 843 
3 949 1051 1059 
3 938 843 836 
3 831 930 836 
3 824 924 831 
3 820 920 824 
3 499 477 553 
3 408 477 428 
3 408 371 349 
3 553 629 564 
3 349 332 299 
3 288 299 310 
3 321 288 310 
3 718 642 629 
3 362 321 376 
3 418 362 425 
3 488 418 491 
3 555 488 556 
3 634 635 555 
3 718 812 725 
3 721 635 714 
3 811 721 801 
3 902 811 889 
3 812 911 820 
3 902 981 985 
3 1169 1076 1164 
3 985 981 1076 
3 1411 1494 1524 
3 1524 1603 1633 
3 1300 1411 1319 
3 1212 1300 1319 
3 1117 1101 1212 
3 1633 1603 1713 
3 1795 1824 1713 
3 1902 1824 1795 
3 1902 1987 2012 
3 2012 1987 2097 
3 1084 1192 1101 
3 1070 1179 1084 
3 2822 2788 2806 
3 2749 2742 2788 
3 2440 2439 2508 
3 2508 2585 2574 
3 2662 2585 2668 
3 2668 2742 2749 
3 2371 2439 2440 
3 2290 2279 2371 
3 2194 2184 2279 
3 2084 2184 2097 
3 2654 2685 2640 
3 2700 2685 2654 
3 2700 2720 2699 
3 2730 2741 2760 
3 2716 2729 2741 
3 2729 2709 2727 
3 2784 2752 2760 
3 2708 2720 2727 
3 2773 2784 2806 
3 2533 2591 2592 
3 2629 2591 2640 
3 1937 2031 1941 
3 1846 1839 1941 
3 2111 2122 2031 
3 2111 2199 2122 
3 2186 2273 2199 
3 2261 2342 2273 
3 1846 1747 1743 
3 2332 2407 2342 
3 2397 2480 2407 
3 2468 2539 2480 
3 1650 1646 1747 
3 1549 1547 1650 
3 1453 1450 1549 
3 1453 1357 1355 
3 2592 2539 2533 
3 1262 1357 1264 
3 1264 1169 1262 
3 1070 1059 1161 
3 938 1051 949 
3 1059 1051 1156 
3 836 930 938 
3 831 924 930 
3 824 920 924 
3 820 911 920 
3 477 527 553 
3 408 445 477 
3 349 378 408 
3 553 614 629 
3 299 313 349 
3 288 274 299 
3 301 288 321 
3 629 703 718 
3 301 321 362 
3 359 362 418 
3 415 418 488 
3 487 488 555 
3 555 635 552 
3 718 800 812 
3 620 635 721 
3 736 721 811 
3 819 811 902 
3 903 911 812 
3 902 985 904 
3 1078 1076 1169 
3 1078 985 1076 
3 1524 1494 1603 
3 1387 1494 1411 
3 1387 1411 1300 
3 1212 1192 1300 
3 1101 1192 1212 
3 1603 1688 1713 
3 1713 1688 1795 
3 1795 1880 1902 
3 1902 1880 1987 
3 2097 1987 2084 
3 1179 1192 1084 
3 1070 1161 1179 
3 2806 2788 2773 
3 2788 2742 2773 
3 2439 2510 2508 
3 2508 2510 2585 
3 2668 2585 2579 
3 2651 2742 2668 
3 2371 2359 2439 
3 2279 2359 2371 
3 2184 2271 2279 
3 2173 2184 2084 
3 2685 2665 2640 
3 2699 2685 2700 
3 2699 2720 2693 
3 2760 2752 2730 
3 2730 2716 2741 
3 2716 2709 2729 
3 2709 2708 2727 
3 2773 2752 2784 
3 2693 2720 2708 
3 2592 2591 2629 
3 2640 2665 2629 
3 2031 2036 1941 
3 1941 1942 1846 
3 2031 2122 2036 
3 2199 2210 2122 
3 2273 2287 2199 
3 2342 2358 2273 
3 1848 1747 1846 
3 2342 2407 2420 
3 2480 2485 2407 
3 2480 2539 2485 
3 1747 1748 1650 
3 1650 1651 1549 
3 1551 1453 1549 
3 1454 1357 1453 
3 2592 2602 2539 
3 1264 1357 1362 
3 1172 1169 1264 
3 1161 1059 1156 
3 1038 1051 938 
3 1156 1051 1147 
3 938 930 1038 
3 930 924 1027 
3 920 1021 924 
3 911 1014 920 
3 553 527 614 
3 445 527 477 
3 378 445 408 
3 313 378 349 
3 629 614 703 
3 274 313 299 
3 267 274 288 
3 267 288 301 
3 703 800 718 
3 359 301 362 
3 415 359 418 
3 487 415 488 
3 552 487 555 
3 552 635 620 
3 800 903 812 
3 620 721 736 
3 819 736 811 
3 819 902 904 
3 1005 911 903 
3 904 985 983 
3 1172 1078 1169 
3 983 985 1078 
3 1494 1587 1603 
3 1387 1480 1494 
3 1387 1300 1279 
3 1300 1192 1279 
3 1603 1587 1688 
3 1688 1778 1795 
3 1795 1778 1880 
3 1987 1880 1975 
3 1987 1975 2084 
3 1279 1192 1179 
3 1179 1161 1266 
3 2773 2742 2723 
3 2435 2510 2439 
3 2585 2510 2579 
3 2579 2651 2668 
3 2723 2742 2651 
3 2439 2359 2435 
3 2279 2271 2359 
3 2173 2271 2184 
3 2173 2084 2064 
3 2682 2665 2685 
3 2682 2685 2699 
3 2693 2669 2699 
3 2730 2752 2695 
3 2677 2716 2730 
3 2657 2709 2716 
3 2659 2708 2709 
3 2723 2752 2773 
3 2708 2653 2693 
3 2629 2636 2592 
3 2629 2665 2656 
3 1941 2036 1942 
3 1846 1942 1848 
3 2122 2128 2036 
3 2122 2210 2128 
3 2199 2287 2210 
3 2273 2358 2287 
3 2420 2358 2342 
3 1848 1748 1747 
3 2407 2485 2420 
3 2539 2552 2485 
3 1650 1748 1651 
3 1651 1551 1549 
3 1551 1454 1453 
3 1362 1357 1454 
3 2539 2602 2552 
3 2592 2636 2602 
3 1267 1264 1362 
3 1267 1172 1264 
3 1161 1156 1256 
3 1147 1051 1038 
3 1147 1249 1156 
3 1038 930 1027 
3 924 1021 1027 
3 920 1014 1021 
3 1005 1014 911 
3 614 527 592 
3 445 508 527 
3 422 445 378 
3 313 344 378 
3 614 683 703 
3 274 273 313 
3 248 274 267 
3 291 267 301 
3 703 777 800 
3 291 301 359 
3 354 359 415 
3 487 413 415 
3 481 487 552 
3 620 539 552 
3 800 885 903 
3 678 620 736 
3 819 743 736 
3 904 813 819 
3 991 1005 903 
3 904 983 887 
3 1073 1078 1172 
3 1073 983 1078 
3 1494 1480 1587 
3 1372 1480 1387 
3 1279 1372 1387 
3 1688 1587 1674 
3 1688 1674 1778 
3 1778 1871 1880 
3 1880 1871 1975 
3 2084 1975 2064 
3 1179 1266 1279 
3 1161 1256 1266 
3 2435 2502 2510 
3 2510 2502 2579 
3 2572 2651 2579 
3 2651 2633 2723 
3 2359 2345 2435 
3 2271 2345 2359 
3 2256 2271 2173 
3 2151 2173 2064 
3 2667 2665 2682 
3 2699 2669 2682 
3 2632 2669 2693 
3 2695 2752 2723 
3 2695 2677 2730 
3 2677 2657 2716 
3 2657 2659 2709 
3 2659 2653 2708 
3 2653 2632 2693 
3 2656 2636 2629 
3 2656 2665 2667 
3 2036 2038 1942 
3 1848 1942 1943 
3 2036 2128 2038 
3 2128 2210 2216 
3 2210 2287 2293 
3 2287 2358 2370 
3 2420 2438 2358 
3 1849 1748 1848 
3 2485 2499 2420 
3 2485 2552 2499 
3 1651 1748 1749 
3 1651 1653 1551 
3 1553 1454 1551 
3 1362 1454 1456 
3 2602 2616 2552 
3 2636 2647 2602 
3 1362 1366 1267 
3 1170 1172 1267 
3 1156 1249 1256 
3 1038 1136 1147 
3 1147 1242 1249 
3 1038 1027 1136 
3 1027 1021 1128 
3 1014 1122 1021 
3 1110 1014 1005 
3 527 508 592 
3 592 683 614 
3 422 508 445 
3 344 422 378 
3 273 344 313 
3 683 777 703 
3 248 273 274 
3 247 248 267 
3 247 267 291 
3 777 885 800 
3 354 291 359 
3 415 413 354 
3 481 413 487 
3 539 481 552 
3 605 539 620 
3 903 885 991 
3 736 743 678 
3 605 620 678 
3 813 743 819 
3 887 813 904 
3 991 1103 1005 
3 887 983 972 
3 1170 1073 1172 
3 972 983 1073 
3 1587 1480 1564 
3 1372 1465 1480 
3 1266 1372 1279 
3 1674 1587 1564 
3 1674 1763 1778 
3 1778 1763 1871 
3 1975 1871 1961 
3 2064 1975 1961 
3 1256 1356 1266 
3 2435 2419 2502 
3 2579 2502 2572 
3 2572 2633 2651 
3 2633 2695 2723 
3 2345 2419 2435 
3 2256 2345 2271 
3 2151 2256 2173 
3 2151 2064 2050 
3 2682 2644 2667 
3 2682 2669 2644 
3 2632 2617 2669 
3 2622 2677 2695 
3 2612 2657 2677 
3 2607 2659 2657 
3 2600 2653 2659 
3 2588 2632 2653 
3 2672 2636 2656 
3 2667 2664 2656 
3 1942 2038 1943 
3 1943 1849 1848 
3 2038 2128 2129 
3 2216 2210 2293 
3 2129 2128 2216 
3 2293 2287 2370 
3 2358 2438 2370 
3 2420 2499 2438 
3 1749 1748 1849 
3 2499 2552 2566 
3 1651 1749 1653 
3 1653 1553 1551 
3 1456 1454 1553 
3 1456 1366 1362 
3 2552 2616 2566 
3 2602 2647 2616 
3 2672 2647 2636 
3 1267 1366 1269 
3 1269 1170 1267 
3 1249 1349 1256 
3 1136 1242 1147 
3 1249 1242 1341 
3 1027 1128 1136 
3 1021 1122 1128 
3 1110 1122 1014 
3 1005 1103 1110 
3 508 571 592 
3 592 658 683 
3 422 475 508 
3 344 386 422 
3 273 297 344 
3 683 759 777 
3 249 273 248 
3 247 225 248 
3 287 247 291 
3 777 861 885 
3 287 291 354 
3 413 352 354 
3 410 413 481 
3 539 473 481 
3 605 523 539 
3 885 974 991 
3 678 743 659 
3 659 605 678 
3 723 743 813 
3 788 813 887 
3 991 1086 1103 
3 972 865 887 
3 1069 1073 1170 
3 972 1073 1069 
3 1480 1465 1564 
3 1372 1356 1465 
3 1266 1356 1372 
3 1564 1657 1674 
3 1657 1763 1674 
3 1871 1763 1854 
3 1871 1854 1961 
3 2050 2064 1961 
3 1256 1349 1356 
3 2419 2493 2502 
3 2502 2493 2572 
3 2562 2633 2572 
3 2633 2622 2695 
3 2345 2335 2419 
3 2256 2335 2345 
3 2151 2231 2256 
3 2050 2137 2151 
3 2644 2639 2667 
3 2669 2617 2644 
3 2570 2617 2632 
3 2622 2612 2677 
3 2612 2607 2657 
3 2607 2600 2659 
3 2588 2653 2600 
3 2588 2570 2632 
3 2656 2664 2672 
3 2639 2664 2667 
3 2038 2039 1943 
3 1943 1944 1849 
3 2129 2039 2038 
3 2293 2299 2216 
3 2216 2220 2129 
3 2370 2380 2293 
3 2370 2438 2444 
3 2438 2499 2511 
3 1849 1850 1749 
3 2511 2499 2566 
3 1749 1753 1653 
3 1653 1655 1553 
3 1556 1456 1553 
3 1462 1366 1456 
3 2616 2631 2566 
3 2647 2681 2616 
3 2694 2647 2672 
3 1269 1366 1367 
3 1269 1168 1170 
3 1249 1341 1349 
3 1233 1242 1136 
3 1242 1334 1341 
3 1136 1128 1233 
3 1128 1122 1224 
3 1110 1218 1122 
3 1103 1211 1110 
3 592 571 658 
3 475 571 508 
3 658 759 683 
3 386 475 422 
3 297 386 344 
3 249 297 273 
3 759 861 777 
3 248 225 249 
3 224 225 247 
3 287 260 247 
3 861 974 885 
3 354 352 287 
3 410 352 413 
3 473 410 481 
3 539 523 473 
3 584 523 605 
3 974 1086 991 
3 659 743 723 
3 584 605 659 
3 788 723 813 
3 887 865 788 
3 1086 1201 1103 
3 965 865 972 
3 1170 1168 1069 
3 965 972 1069 
3 1564 1465 1554 
3 1465 1356 1449 
3 1554 1657 1564 
3 1752 1763 1657 
3 1854 1763 1752 
3 1961 1854 1946 
3 2050 1961 1946 
3 1356 1349 1449 
3 2419 2402 2493 
3 2572 2493 2562 
3 2562 2622 2633 
3 2335 2402 2419 
3 2231 2335 2256 
3 2137 2231 2151 
3 2050 2037 2137 
3 2644 2605 2639 
3 2644 2617 2605 
3 2570 2559 2617 
3 2622 2553 2612 
3 2612 2546 2607 
3 2540 2600 2607 
3 2530 2588 2600 
3 2515 2570 2588 
3 2664 2686 2672 
3 2650 2664 2639 
3 1943 2039 1944 
3 1944 1850 1849 
3 2131 2039 2129 
3 2216 2299 2220 
3 2293 2380 2299 
3 2129 2220 2131 
3 2370 2444 2380 
3 2444 2438 2511 
3 1749 1850 1753 
3 2566 2576 2511 
3 1653 1753 1655 
3 1553 1655 1556 
3 1556 1462 1456 
3 1367 1366 1462 
3 2566 2631 2576 
3 2616 2681 2631 
3 2694 2681 2647 
3 2672 2686 2694 
3 1269 1367 1270 
3 1270 1168 1269 
3 1349 1341 1445 
3 1233 1334 1242 
3 1341 1334 1437 
3 1128 1224 1233 
3 1122 1218 1224 
3 1211 1218 1110 
3 1103 1201 1211 
3 658 571 649 
3 536 571 475 
3 658 742 759 
3 386 435 475 
3 350 386 297 
3 263 297 249 
3 759 841 861 
3 249 225 222 
3 247 260 224 
3 201 225 224 
3 283 260 287 
3 861 947 974 
3 352 283 287 
3 338 352 410 
3 397 410 473 
3 473 523 442 
3 504 523 584 
3 974 1075 1086 
3 659 723 639 
3 639 584 659 
3 693 723 788 
3 865 763 788 
3 1086 1196 1201 
3 855 865 965 
3 1069 1168 1065 
3 1065 965 1069 
3 1554 1465 1449 
3 1554 1649 1657 
3 1649 1752 1657 
3 1752 1845 1854 
3 1854 1845 1946 
3 1946 2037 2050 
3 1449 1349 1445 
3 2402 2488 2493 
3 2493 2488 2562 
3 2562 2553 2622 
3 2335 2318 2402 
3 2231 2318 2335 
3 2223 2231 2137 
3 2037 2127 2137 
3 2605 2608 2639 
3 2617 2559 2605 
3 2503 2559 2570 
3 2612 2553 2546 
3 2546 2540 2607 
3 2540 2530 2600 
3 2530 2515 2588 
3 2503 2570 2515 
3 2650 2686 2664 
3 2639 2608 2650 
3 1944 2039 2042 
3 1947 1850 1944 
3 2042 2039 2131 
3 2220 2299 2303 
3 2380 2384 2299 
3 2131 2220 2225 
3 2444 2448 2380 
3 2444 2511 2516 
3 1753 1850 1853 
3 2511 2576 2516 
3 1753 1756 1655 
3 1655 1656 1556 
3 1556 1558 1462 
3 1462 1467 1367 
3 2576 2631 2648 
3 2681 2701 2631 
3 2694 2722 2681 
3 2686 2717 2694 
3 1270 1367 1370 
3 1167 1168 1270 
3 1341 1437 1445 
3 1329 1334 1233 
3 1437 1334 1433 
3 1224 1329 1233 
3 1224 1218 1321 
3 1211 1313 1218 
3 1201 1308 1211 
3 649 571 536 
3 649 742 658 
3 475 435 536 
3 742 841 759 
3 350 435 386 
3 263 350 297 
3 222 263 249 
3 861 841 947 
3 222 225 201 
3 224 260 236 
3 201 224 202 
3 236 260 283 
3 947 1075 974 
3 338 283 352 
3 338 410 397 
3 442 397 473 
3 442 523 504 
3 504 584 547 
3 1075 1196 1086 
3 639 723 693 
3 547 584 639 
3 788 763 693 
3 855 763 865 
3 1196 1299 1201 
3 965 960 855 
3 1065 1168 1167 
3 1065 960 965 
3 1449 1545 1554 
3 1554 1545 1649 
3 1649 1740 1752 
3 1740 1845 1752 
3 1845 1939 1946 
3 1946 1939 2037 
3 1445 1545 1449 
3 2483 2488 2402 
3 2488 2553 2562 
3 2402 2318 2394 
3 2223 2318 2231 
3 2137 2127 2223 
3 2037 2028 2127 
3 2605 2554 2608 
3 2605 2559 2554 
3 2495 2559 2503 
3 2546 2553 2483 
3 2472 2540 2546 
3 2463 2530 2540 
3 2451 2515 2530 
3 2515 2441 2503 
3 2679 2686 2650 
3 2608 2619 2650 
3 1944 2042 1947 
3 1853 1850 1947 
3 2131 2135 2042 
3 2299 2384 2303 
3 2220 2303 2225 
3 2448 2384 2380 
3 2225 2135 2131 
3 2516 2448 2444 
3 1753 1853 1756 
3 2576 2589 2516 
3 1655 1756 1656 
3 1656 1558 1556 
3 1462 1558 1467 
3 1367 1467 1370 
3 2631 2701 2648 
3 2648 2589 2576 
3 2681 2722 2701 
3 2694 2717 2722 
3 2679 2717 2686 
3 1270 1370 1271 
3 1271 1167 1270 
3 1445 1437 1540 
3 1433 1334 1329 
3 1433 1534 1437 
3 1224 1321 1329 
3 1218 1313 1321 
3 1211 1308 1313 
3 1201 1299 1308 
3 536 615 649 
3 649 722 742 
3 536 435 509 
3 742 828 841 
3 406 435 350 
3 292 350 263 
3 222 226 263 
3 841 926 947 
3 201 190 222 
3 224 236 202 
3 202 177 201 
3 266 236 283 
3 947 1034 1075 
3 266 283 338 
3 397 316 338 
3 369 397 442 
3 504 417 442 
3 547 463 504 
3 1075 1202 1196 
3 598 639 693 
3 598 547 639 
3 763 667 693 
3 753 763 855 
3 1196 1296 1299 
3 855 960 848 
3 1065 1167 1064 
3 1064 960 1065 
3 1545 1640 1649 
3 1649 1640 1740 
3 1836 1845 1740 
3 1836 1939 1845 
3 2037 1939 2028 
3 1445 1540 1545 
3 2483 2402 2394 
3 2483 2553 2488 
3 2394 2318 2305 
3 2305 2318 2223 
3 2127 2213 2223 
3 2028 2118 2127 
3 2554 2560 2608 
3 2554 2559 2495 
3 2503 2432 2495 
3 2483 2472 2546 
3 2472 2463 2540 
3 2463 2451 2530 
3 2451 2441 2515 
3 2441 2432 2503 
3 2650 2619 2679 
3 2608 2560 2619 
3 2042 2047 1947 
3 1956 1853 1947 
3 2042 2135 2047 
3 2303 2384 2387 
3 2225 2303 2326 
3 2457 2384 2448 
3 2244 2135 2225 
3 2516 2522 2448 
3 1756 1853 1858 
3 2516 2589 2522 
3 1656 1756 1759 
3 1662 1558 1656 
3 1467 1558 1565 
3 1370 1467 1473 
3 2701 2724 2648 
3 2648 2670 2589 
3 2722 2743 2701 
3 2717 2738 2722 
3 2706 2717 2679 
3 1271 1370 1373 
3 1171 1167 1271 
3 1437 1534 1540 
3 1329 1426 1433 
3 1433 1527 1534 
3 1321 1426 1329 
3 1321 1313 1418 
3 1313 1308 1407 
3 1308 1299 1401 
3 649 615 722 
3 509 615 536 
3 722 828 742 
3 509 435 406 
3 828 926 841 
3 292 406 350 
3 263 226 292 
3 190 226 222 
3 926 1034 947 
3 177 190 201 
3 202 236 217 
3 178 177 202 
3 217 236 266 
3 1034 1114 1075 
3 338 316 266 
3 369 316 397 
3 417 369 442 
3 463 417 504 
3 511 463 547 
3 1202 1296 1196 
3 1075 1114 1202 
3 693 667 598 
3 511 547 598 
3 753 667 763 
3 753 855 848 
3 1299 1296 1395 
3 848 960 962 
3 1064 1167 1171 
3 962 960 1064 
3 1545 1540 1640 
3 1740 1640 1735 
3 1740 1735 1836 
3 1836 1930 1939 
3 1939 1930 2028 
3 2394 2472 2483 
3 2305 2386 2394 
3 2223 2213 2305 
3 2127 2118 2213 
3 2028 2022 2118 
3 2554 2496 2560 
3 2495 2496 2554 
3 2432 2425 2495 
3 2386 2463 2472 
3 2383 2451 2463 
3 2372 2441 2451 
3 2360 2432 2441 
3 2619 2641 2679 
3 2560 2575 2619 
3 1947 2047 1956 
3 1858 1853 1956 
3 2047 2135 2152 
3 2387 2384 2457 
3 2303 2387 2326 
3 2225 2326 2244 
3 2448 2522 2457 
3 2152 2135 2244 
3 1756 1858 1759 
3 2589 2604 2522 
3 1656 1759 1662 
3 1565 1558 1662 
3 1473 1467 1565 
3 1373 1370 1473 
3 2648 2724 2670 
3 2701 2743 2724 
3 2589 2670 2604 
3 2722 2738 2743 
3 2706 2738 2717 
3 2679 2641 2706 
3 1271 1373 1276 
3 1171 1271 1276 
3 1540 1534 1635 
3 1433 1426 1527 
3 1534 1527 1628 
3 1321 1418 1426 
3 1418 1313 1407 
3 1308 1401 1407 
3 1401 1299 1395 
3 722 615 699 
3 593 615 509 
3 809 828 722 
3 460 509 406 
3 828 913 926 
3 292 351 406 
3 292 226 250 
3 193 226 190 
3 926 1015 1034 
3 160 190 177 
3 178 202 217 
3 155 177 178 
3 266 245 217 
3 1015 1114 1034 
3 316 245 266 
3 280 316 369 
3 334 369 417 
3 383 417 463 
3 427 463 511 
3 1294 1296 1202 
3 1202 1114 1200 
3 598 667 578 
3 511 598 578 
3 656 667 753 
3 848 751 753 
3 1395 1296 1390 
3 962 853 848 
3 1067 1064 1171 
3 962 1064 1067 
3 1640 1540 1635 
3 1735 1640 1635 
3 1735 1830 1836 
3 1830 1930 1836 
3 1930 2022 2028 
3 2394 2386 2472 
3 2305 2298 2386 
3 2213 2298 2305 
3 2118 2202 2213 
3 2118 2022 2106 
3 2496 2507 2560 
3 2495 2425 2496 
3 2350 2425 2432 
3 2386 2383 2463 
3 2383 2372 2451 
3 2360 2441 2372 
3 2350 2432 2360 
3 2619 2575 2641 
3 2560 2507 2575 
3 1956 2047 2066 
3 1858 1956 1965 
3 2066 2047 2152 
3 2457 2474 2387 
3 2326 2387 2415 
3 2244 2326 2357 
3 2457 2522 2535 
3 2152 2244 2266 
3 1759 1858 1862 
3 2522 2604 2535 
3 1662 1759 1767 
3 1565 1662 1671 
3 1473 1565 1574 
3 1473 1481 1373 
3 2670 2724 2734 
3 2724 2743 2755 
3 2670 2683 2604 
3 2743 2738 2756 
3 2735 2738 2706 
3 2641 2673 2706 
3 1276 1373 1380 
3 1177 1171 1276 
3 1534 1628 1635 
3 1426 1517 1527 
3 1527 1616 1628 
3 1426 1418 1517 
3 1508 1418 1407 
3 1407 1401 1499 
3 1497 1401 1395 
3 699 615 593 
3 699 809 722 
3 460 593 509 
3 809 913 828 
3 406 409 460 
3 913 1015 926 
3 406 351 409 
3 250 351 292 
3 250 226 193 
3 160 193 190 
3 160 177 155 
3 194 178 217 
3 178 156 155 
3 217 245 194 
3 1015 1106 1114 
3 280 245 316 
3 280 369 334 
3 334 417 383 
3 383 463 427 
3 511 489 427 
3 1294 1202 1200 
3 1390 1296 1294 
3 1114 1106 1200 
3 578 667 656 
3 578 489 511 
3 751 656 753 
3 853 751 848 
3 1390 1491 1395 
3 966 853 962 
3 1177 1067 1171 
3 966 962 1067 
3 1635 1729 1735 
3 1735 1729 1830 
3 1830 1924 1930 
3 1930 1924 2022 
3 2386 2298 2383 
3 2213 2202 2298 
3 2106 2202 2118 
3 2106 2022 2011 
3 2433 2507 2496 
3 2496 2425 2433 
3 2350 2351 2425 
3 2288 2372 2383 
3 2280 2360 2372 
3 2275 2350 2360 
3 2641 2575 2599 
3 2575 2507 2521 
3 1956 2066 1965 
3 1858 1965 1862 
3 2178 2066 2152 
3 2387 2474 2415 
3 2535 2474 2457 
3 2326 2415 2357 
3 2244 2357 2266 
3 2152 2266 2178 
3 1759 1862 1767 
3 2604 2618 2535 
3 1662 1767 1671 
3 1565 1671 1574 
3 1574 1481 1473 
3 1373 1481 1380 
3 2734 2724 2755 
3 2734 2683 2670 
3 2755 2743 2756 
3 2604 2683 2618 
3 2756 2738 2735 
3 2706 2673 2735 
3 2599 2673 2641 
3 1380 1280 1276 
3 1276 1280 1177 
3 1628 1729 1635 
3 1527 1517 1616 
3 1616 1723 1628 
3 1517 1418 1508 
3 1407 1499 1508 
3 1499 1401 1497 
3 1395 1491 1497 
3 593 679 699 
3 699 786 809 
3 581 593 460 
3 809 898 913 
3 460 409 401 
3 913 1000 1015 
3 409 351 401 
3 290 351 250 
3 250 193 209 
3 158 193 160 
3 138 160 155 
3 194 156 178 
3 155 156 132 
3 194 245 218 
3 1000 1106 1015 
3 218 245 280 
3 334 254 280 
3 383 282 334 
3 427 330 383 
3 489 390 427 
3 1200 1288 1294 
3 1294 1386 1390 
3 1106 1189 1200 
3 578 656 565 
3 565 489 578 
3 654 656 751 
3 755 751 853 
3 1489 1491 1390 
3 860 853 966 
3 1072 1067 1177 
3 966 1067 1072 
3 1729 1825 1830 
3 1830 1825 1924 
3 2022 1924 2011 
3 2383 2298 2288 
3 2298 2202 2288 
3 2193 2202 2106 
3 2011 2100 2106 
3 2443 2507 2433 
3 2425 2351 2433 
3 2272 2351 2350 
3 2288 2280 2372 
3 2280 2275 2360 
3 2275 2272 2350 
3 2575 2521 2599 
3 2521 2507 2443 
3 1965 2066 2096 
3 1965 1964 1862 
3 2096 2066 2178 
3 2474 2509 2415 
3 2535 2558 2474 
3 2415 2461 2357 
3 2266 2357 2309 
3 2266 2278 2178 
3 1767 1862 1870 
3 2535 2618 2558 
3 1671 1767 1774 
3 1671 1678 1574 
3 1585 1481 1574 
3 1380 1481 1488 
3 2755 2766 2734 
3 2748 2683 2734 
3 2756 2776 2755 
3 2683 2710 2618 
3 2756 2735 2753 
3 2673 2707 2735 
3 2599 2627 2673 
3 1388 1280 1380 
3 1177 1280 1182 
3 1628 1723 1729 
3 1517 1609 1616 
3 1711 1723 1616 
3 1508 1609 1517 
3 1508 1499 1604 
3 1497 1598 1499 
3 1497 1491 1595 
3 699 679 786 
3 581 679 593 
3 786 898 809 
3 460 498 581 
3 898 1000 913 
3 401 498 460 
3 401 351 290 
3 209 290 250 
3 209 193 158 
3 138 158 160 
3 132 138 155 
3 164 156 194 
3 132 156 131 
3 218 164 194 
3 1000 1087 1106 
3 254 218 280 
3 282 254 334 
3 330 282 383 
3 427 390 330 
3 465 390 489 
3 1288 1386 1294 
3 1189 1288 1200 
3 1390 1386 1489 
3 1087 1189 1106 
3 565 656 654 
3 465 489 565 
3 654 751 755 
3 860 755 853 
3 1489 1590 1491 
3 971 860 966 
3 1072 1177 1182 
3 971 966 1072 
3 1729 1723 1825 
3 1825 1916 1924 
3 1924 1916 2011 
3 2288 2202 2193 
3 2106 2100 2193 
3 2011 2002 2100 
3 2362 2443 2433 
3 2433 2351 2362 
3 2272 2274 2351 
3 2193 2280 2288 
3 2187 2275 2280 
3 2183 2272 2275 
3 2599 2521 2547 
3 2521 2443 2462 
3 1965 2096 2049 
3 1862 1964 1870 
3 2049 1964 1965 
3 2096 2178 2208 
3 2415 2509 2461 
3 2474 2558 2509 
3 2357 2461 2413 
3 2309 2357 2413 
3 2309 2278 2266 
3 2178 2278 2208 
3 1767 1870 1774 
3 2558 2618 2645 
3 1671 1774 1678 
3 1574 1678 1585 
3 1488 1481 1585 
3 1380 1488 1388 
3 2734 2766 2748 
3 2755 2776 2766 
3 2748 2710 2683 
3 2753 2776 2756 
3 2618 2710 2645 
3 2735 2707 2753 
3 2627 2707 2673 
3 2547 2627 2599 
3 1290 1280 1388 
3 1182 1280 1290 
3 1616 1609 1711 
3 1711 1811 1723 
3 1604 1609 1508 
3 1499 1598 1604 
3 1497 1595 1598 
3 1491 1590 1595 
3 679 764 786 
3 581 661 679 
3 875 898 786 
3 498 572 581 
3 898 982 1000 
3 468 498 401 
3 401 290 365 
3 246 290 209 
3 167 209 158 
3 135 158 138 
3 117 138 132 
3 131 156 164 
3 132 131 112 
3 188 164 218 
3 982 1087 1000 
3 188 218 254 
3 212 254 282 
3 235 282 330 
3 330 390 272 
3 357 390 465 
3 1382 1386 1288 
3 1282 1288 1189 
3 1489 1386 1484 
3 1087 1180 1189 
3 561 565 654 
3 561 465 565 
3 657 654 755 
3 860 761 755 
3 1489 1586 1590 
3 869 860 971 
3 1072 1182 1080 
3 1080 971 1072 
3 1723 1811 1825 
3 1825 1811 1916 
3 1916 2002 2011 
3 2100 2187 2193 
3 2100 2002 2092 
3 2362 2379 2443 
3 2351 2274 2362 
3 2185 2274 2272 
3 2193 2187 2280 
3 2187 2183 2275 
3 2183 2185 2272 
3 2547 2521 2462 
3 2443 2379 2462 
3 2049 2096 2138 
3 1870 1964 1972 
3 2061 1964 2049 
3 2096 2208 2138 
3 2461 2509 2557 
3 2509 2558 2603 
3 2461 2519 2413 
3 2413 2375 2309 
3 2309 2375 2278 
3 2208 2278 2313 
3 1774 1870 1878 
3 2603 2558 2645 
3 1678 1774 1782 
3 1585 1678 1687 
3 1592 1488 1585 
3 1388 1488 1492 
3 2766 2783 2748 
3 2766 2776 2786 
3 2748 2767 2710 
3 2753 2775 2776 
3 2710 2744 2645 
3 2753 2707 2736 
3 2627 2652 2707 
3 2547 2571 2627 
3 1290 1388 1397 
3 1182 1290 1194 
3 1609 1706 1711 
3 1803 1811 1711 
3 1604 1706 1609 
3 1604 1598 1702 
3 1598 1595 1697 
3 1595 1590 1691 
3 786 764 875 
3 661 764 679 
3 572 661 581 
3 875 982 898 
3 468 572 498 
3 365 468 401 
3 365 290 246 
3 167 246 209 
3 135 167 158 
3 117 135 138 
3 112 117 132 
3 137 131 164 
3 131 111 112 
3 137 164 188 
3 982 1074 1087 
3 188 254 212 
3 235 212 282 
3 272 235 330 
3 272 390 357 
3 453 357 465 
3 1382 1288 1282 
3 1484 1386 1382 
3 1189 1180 1282 
3 1484 1586 1489 
3 1074 1180 1087 
3 657 561 654 
3 453 465 561 
3 761 657 755 
3 869 761 860 
3 1590 1586 1684 
3 980 869 971 
3 1080 1182 1194 
3 1080 980 971 
3 1811 1901 1916 
3 1916 1901 2002 
3 2100 2092 2187 
3 2092 2002 1996 
3 2281 2379 2362 
3 2362 2274 2281 
3 2189 2274 2185 
3 2092 2183 2187 
3 2090 2185 2183 
3 2462 2486 2547 
3 2462 2379 2389 
3 2049 2138 2061 
3 1972 1964 2061 
3 1870 1972 1878 
3 2138 2208 2241 
3 2557 2509 2603 
3 2461 2557 2519 
3 2519 2473 2413 
3 2413 2473 2375 
3 2278 2375 2313 
3 2208 2313 2241 
3 1774 1878 1782 
3 2645 2704 2603 
3 1678 1782 1687 
3 1585 1687 1592 
3 1492 1488 1592 
3 1388 1492 1397 
3 2748 2783 2767 
3 2786 2783 2766 
3 2786 2776 2798 
3 2710 2767 2744 
3 2776 2775 2798 
3 2736 2775 2753 
3 2645 2744 2704 
3 2707 2652 2736 
3 2571 2652 2627 
3 2547 2486 2571 
3 1397 1302 1290 
3 1290 1302 1194 
3 1711 1706 1803 
3 1803 1901 1811 
3 1604 1702 1706 
3 1598 1697 1702 
3 1595 1691 1697 
3 1590 1684 1691 
3 875 764 852 
3 750 764 661 
3 652 661 572 
3 968 982 875 
3 542 572 468 
3 436 468 365 
3 246 318 365 
3 210 246 167 
3 146 167 135 
3 113 135 117 
3 92 117 112 
3 137 111 131 
3 112 111 90 
3 147 137 188 
3 968 1074 982 
3 188 212 147 
3 166 212 235 
3 191 235 272 
3 272 357 228 
3 327 357 453 
3 1282 1375 1382 
3 1382 1478 1484 
3 1282 1180 1272 
3 1579 1586 1484 
3 1074 1165 1180 
3 657 562 561 
3 562 453 561 
3 664 657 761 
3 767 761 869 
3 1684 1586 1679 
3 882 869 980 
3 1194 1094 1080 
3 1094 980 1080 
3 2002 1901 1996 
3 2092 1996 2090 
3 2281 2295 2379 
3 2281 2274 2189 
3 2185 2094 2189 
3 2092 2090 2183 
3 2090 2094 2185 
3 2389 2486 2462 
3 2379 2295 2389 
3 2138 2169 2061 
3 1972 2061 2077 
3 1878 1972 1982 
3 2241 2169 2138 
3 2603 2655 2557 
3 2557 2621 2519 
3 2584 2473 2519 
3 2375 2473 2416 
3 2313 2375 2416 
3 2313 2346 2241 
3 1782 1878 1887 
3 2704 2655 2603 
3 1687 1782 1794 
3 1592 1687 1700 
3 1592 1599 1492 
3 1397 1492 1502 
3 2783 2802 2767 
3 2805 2783 2786 
3 2786 2798 2805 
3 2767 2795 2744 
3 2798 2775 2799 
3 2761 2775 2736 
3 2744 2778 2704 
3 2736 2652 2691 
3 2594 2652 2571 
3 2486 2506 2571 
3 1408 1302 1397 
3 1194 1302 1205 
3 1706 1800 1803 
3 1898 1901 1803 
3 1706 1702 1800 
3 1702 1697 1799 
3 1697 1691 1797 
3 1691 1684 1791 
3 852 764 750 
3 852 968 875 
3 652 750 661 
3 652 572 542 
3 436 542 468 
3 365 318 436 
3 210 318 246 
3 146 210 167 
3 146 135 113 
3 113 117 92 
3 112 90 92 
3 110 111 137 
3 90 111 91 
3 147 110 137 
3 1062 1074 968 
3 147 212 166 
3 191 166 235 
3 228 191 272 
3 228 357 327 
3 449 327 453 
3 1375 1478 1382 
3 1272 1375 1282 
3 1484 1478 1579 
3 1180 1165 1272 
3 1679 1586 1579 
3 1062 1165 1074 
3 664 562 657 
3 449 453 562 
3 664 761 767 
3 882 767 869 
3 1679 1783 1684 
3 882 980 995 
3 1205 1094 1194 
3 995 980 1094 
3 1996 1901 1898 
3 1996 1997 2090 
3 2197 2295 2281 
3 2189 2197 2281 
3 2189 2094 2101 
3 1997 2094 2090 
3 2389 2411 2486 
3 2295 2312 2389 
3 2061 2169 2077 
3 1972 2077 1982 
3 1878 1982 1887 
3 2270 2169 2241 
3 2557 2655 2621 
3 2519 2621 2584 
3 2513 2473 2584 
3 2416 2473 2513 
3 2416 2346 2313 
3 2241 2346 2270 
3 1782 1887 1794 
3 2704 2758 2655 
3 1700 1687 1794 
3 1700 1599 1592 
3 1492 1599 1502 
3 1397 1502 1408 
3 2767 2802 2795 
3 2805 2802 2783 
3 2798 2820 2805 
3 2744 2795 2778 
3 2799 2775 2761 
3 2798 2799 2820 
3 2736 2691 2761 
3 2704 2778 2758 
3 2691 2652 2594 
3 2571 2506 2594 
3 2486 2411 2506 
3 1311 1302 1408 
3 1205 1302 1311 
3 1803 1800 1898 
3 1702 1799 1800 
3 1697 1797 1799 
3 1797 1691 1791 
3 1684 1783 1791 
3 852 750 838 
3 852 946 968 
3 737 750 652 
3 542 627 652 
3 519 542 436 
3 436 318 411 
3 269 318 210 
3 168 210 146 
3 113 118 146 
3 92 86 113 
3 90 72 92 
3 91 111 110 
3 76 90 91 
3 147 105 110 
3 946 1062 968 
3 166 129 147 
3 133 166 191 
3 152 191 228 
3 327 200 228 
3 308 327 449 
3 1375 1472 1478 
3 1369 1375 1272 
3 1478 1572 1579 
3 1272 1165 1263 
3 1579 1673 1679 
3 1157 1165 1062 
3 569 562 664 
3 569 449 562 
3 671 664 767 
3 778 767 882 
3 1775 1783 1679 
3 995 897 882 
3 1205 1107 1094 
3 1094 1107 995 
3 1898 1997 1996 
3 2197 2209 2295 
3 2101 2197 2189 
3 2101 2094 2001 
3 2001 2094 1997 
3 2312 2411 2389 
3 2209 2312 2295 
3 2077 2169 2181 
3 1982 2077 2093 
3 1887 1982 2000 
3 2181 2169 2270 
3 2655 2740 2621 
3 2621 2721 2584 
3 2513 2584 2620 
3 2416 2513 2447 
3 2447 2346 2416 
3 2346 2378 2270 
3 1794 1887 1905 
3 2655 2758 2740 
3 1794 1806 1700 
3 1710 1599 1700 
3 1502 1599 1611 
3 1408 1502 1513 
3 2802 2829 2795 
3 2805 2827 2802 
3 2820 2827 2805 
3 2795 2821 2778 
3 2761 2789 2799 
3 2799 2824 2820 
3 2691 2732 2761 
3 2758 2778 2807 
3 2594 2623 2691 
3 2506 2529 2594 
3 2411 2437 2506 
3 1420 1311 1408 
3 1205 1311 1214 
3 1898 1800 1897 
3 1800 1799 1897 
3 1799 1797 1900 
3 1903 1797 1791 
3 1791 1783 1910 
3 838 750 737 
3 838 946 852 
3 652 627 737 
3 519 627 542 
3 411 519 436 
3 411 318 269 
3 168 269 210 
3 118 168 146 
3 86 118 113 
3 92 72 86 
3 76 72 90 
3 110 93 91 
3 91 78 76 
3 105 93 110 
3 129 105 147 
3 946 1045 1062 
3 133 129 166 
3 152 133 191 
3 228 200 152 
3 308 200 327 
3 452 308 449 
3 1472 1572 1478 
3 1369 1472 1375 
3 1272 1263 1369 
3 1572 1673 1579 
3 1263 1165 1157 
3 1679 1673 1775 
3 1062 1045 1157 
3 671 569 664 
3 452 449 569 
3 778 671 767 
3 882 897 778 
3 1775 1894 1783 
3 1002 897 995 
3 1214 1107 1205 
3 1107 1002 995 
3 1898 1897 1997 
3 2197 2108 2209 
3 2101 2108 2197 
3 2001 2007 2101 
3 1897 2001 1997 
3 2312 2337 2411 
3 2209 2227 2312 
3 2077 2181 2093 
3 1982 2093 2000 
3 1887 2000 1905 
3 2181 2270 2285 
3 2621 2740 2721 
3 2721 2620 2584 
3 2620 2548 2513 
3 2513 2548 2447 
3 2447 2378 2346 
3 2270 2378 2285 
3 1905 1806 1794 
3 2758 2800 2740 
3 1700 1806 1710 
3 1611 1599 1710 
3 1502 1611 1513 
3 1513 1420 1408 
3 2795 2829 2821 
3 2802 2827 2829 
3 2840 2827 2820 
3 2778 2821 2807 
3 2799 2789 2824 
3 2761 2732 2789 
3 2820 2824 2840 
3 2691 2623 2732 
3 2807 2800 2758 
3 2594 2529 2623 
3 2506 2437 2529 
3 2411 2337 2437 
3 1320 1311 1420 
3 1214 1311 1320 
3 1799 1900 1897 
3 1900 1797 1903 
3 1791 1910 1903 
3 1783 1894 1910 
3 737 829 838 
3 932 946 838 
3 627 719 737 
3 603 627 519 
3 503 519 411 
3 377 411 269 
3 232 269 168 
3 143 168 118 
3 94 118 86 
3 72 64 86 
3 52 72 76 
3 93 78 91 
3 78 55 76 
3 89 93 105 
3 104 105 129 
3 932 1045 946 
3 104 129 133 
3 152 106 133 
3 152 200 121 
3 180 200 308 
3 302 308 452 
3 1566 1572 1472 
3 1468 1472 1369 
3 1263 1364 1369 
3 1572 1668 1673 
3 1259 1263 1157 
3 1775 1673 1769 
3 1045 1146 1157 
3 575 569 671 
3 452 569 575 
3 680 671 778 
3 778 897 795 
3 1869 1894 1775 
3 906 897 1002 
3 1111 1107 1214 
3 1111 1002 1107 
3 2108 2121 2209 
3 2007 2108 2101 
3 2001 1900 2007 
3 1897 1900 2001 
3 2227 2337 2312 
3 2121 2227 2209 
3 2093 2181 2196 
3 2000 2093 2107 
3 1905 2000 2020 
3 2181 2285 2196 
3 2740 2793 2721 
3 2620 2721 2661 
3 2620 2661 2548 
3 2447 2548 2476 
3 2447 2476 2378 
3 2378 2391 2285 
3 1905 1923 1806 
3 2740 2800 2793 
3 1710 1806 1826 
3 1726 1611 1710 
3 1513 1611 1626 
3 1513 1528 1420 
3 2829 2848 2821 
3 2829 2827 2849 
3 2849 2827 2840 
3 2807 2821 2842 
3 2789 2813 2824 
3 2732 2763 2789 
3 2840 2824 2845 
3 2623 2658 2732 
3 2807 2835 2800 
3 2529 2555 2623 
3 2437 2454 2529 
3 2337 2349 2437 
3 1429 1320 1420 
3 1214 1320 1221 
3 2007 1900 1903 
3 1903 1910 2019 
3 1910 1894 2024 
3 838 829 932 
3 719 829 737 
3 603 719 627 
3 603 519 503 
3 377 503 411 
3 232 377 269 
3 143 232 168 
3 94 143 118 
3 86 64 94 
3 52 64 72 
3 76 55 52 
3 81 78 93 
3 60 55 78 
3 89 105 104 
3 81 93 89 
3 1025 1045 932 
3 133 106 104 
3 121 106 152 
3 121 200 180 
3 302 180 308 
3 455 302 452 
3 1566 1472 1468 
3 1566 1668 1572 
3 1369 1364 1468 
3 1259 1364 1263 
3 1673 1668 1769 
3 1157 1146 1259 
3 1775 1769 1869 
3 1025 1146 1045 
3 680 575 671 
3 455 452 575 
3 795 680 778 
3 795 897 906 
3 1950 1894 1869 
3 906 1002 1012 
3 1111 1214 1221 
3 1012 1002 1111 
3 2019 2121 2108 
3 2007 2019 2108 
3 2227 2237 2337 
3 2121 2132 2227 
3 2093 2196 2107 
3 2000 2107 2020 
3 2020 1923 1905 
3 2285 2302 2196 
3 2721 2793 2779 
3 2661 2721 2779 
3 2548 2661 2586 
3 2548 2586 2476 
3 2378 2476 2391 
3 2285 2391 2302 
3 1806 1923 1826 
3 2800 2841 2793 
3 1710 1826 1726 
3 1626 1611 1726 
3 1626 1528 1513 
3 1420 1528 1429 
3 2821 2848 2842 
3 2849 2848 2829 
3 2840 2851 2849 
3 2842 2835 2807 
3 2824 2813 2845 
3 2789 2763 2813 
3 2658 2763 2732 
3 2840 2845 2851 
3 2623 2555 2658 
3 2800 2835 2841 
3 2529 2454 2555 
3 2437 2349 2454 
3 2237 2349 2337 
3 1429 1330 1320 
3 1320 1330 1221 
3 1903 2019 2007 
3 1910 2024 2019 
3 1894 2033 2024 
3 829 918 932 
3 808 829 719 
3 694 719 603 
3 503 586 603 
3 472 503 377 
3 337 377 232 
3 199 232 143 
3 120 143 94 
3 94 64 77 
3 45 64 52 
3 55 42 52 
3 60 78 81 
3 44 55 60 
3 87 89 104 
3 80 81 89 
3 918 1025 932 
3 106 87 104 
3 88 106 121 
3 180 107 121 
3 173 180 302 
3 455 315 302 
3 1468 1561 1566 
3 1566 1664 1668 
3 1364 1464 1468 
3 1358 1364 1259 
3 1668 1764 1769 
3 1259 1146 1258 
3 1869 1769 1865 
3 1120 1146 1025 
3 680 582 575 
3 575 582 455 
3 795 689 680 
3 906 804 795 
3 1865 1950 1869 
3 1950 2033 1894 
3 1012 912 906 
3 1123 1111 1221 
3 1123 1012 1111 
3 2019 2024 2121 
3 2227 2132 2237 
3 2024 2132 2121 
3 2107 2196 2212 
3 2107 2119 2020 
3 2026 1923 2020 
3 2196 2302 2212 
3 2779 2793 2846 
3 2731 2661 2779 
3 2586 2661 2731 
3 2476 2586 2501 
3 2476 2501 2391 
3 2302 2391 2410 
3 1826 1923 1929 
3 2793 2841 2846 
3 1726 1826 1831 
3 1726 1731 1626 
3 1634 1528 1626 
3 1429 1528 1536 
3 2848 2856 2842 
3 2857 2848 2849 
3 2849 2851 2857 
3 2854 2835 2842 
3 2813 2836 2845 
3 2813 2763 2790 
3 2702 2763 2658 
3 2851 2845 2859 
3 2658 2555 2580 
3 2841 2835 2861 
3 2454 2484 2555 
3 2349 2381 2454 
3 2237 2257 2349 
3 1436 1330 1429 
3 1221 1330 1229 
3 2024 2033 2132 
3 808 918 829 
3 694 808 719 
3 603 586 694 
3 472 586 503 
3 337 472 377 
3 199 337 232 
3 120 199 143 
3 77 120 94 
3 77 64 45 
3 42 45 52 
3 44 42 55 
3 63 60 81 
3 47 44 60 
3 80 89 87 
3 63 81 80 
3 1008 1025 918 
3 88 87 106 
3 107 88 121 
3 173 107 180 
3 315 173 302 
3 466 315 455 
3 1561 1664 1566 
3 1464 1561 1468 
3 1664 1764 1668 
3 1358 1464 1364 
3 1258 1358 1259 
3 1769 1764 1865 
3 1258 1146 1120 
3 1120 1025 1008 
3 689 582 680 
3 455 582 466 
3 804 689 795 
3 906 912 804 
3 1958 1950 1865 
3 2043 2033 1950 
3 1019 912 1012 
3 1221 1229 1123 
3 1019 1012 1123 
3 2132 2139 2237 
3 2107 2212 2119 
3 2020 2119 2026 
3 1929 1923 2026 
3 2302 2323 2212 
3 2779 2846 2828 
3 2731 2779 2828 
3 2731 2626 2586 
3 2586 2626 2501 
3 2391 2501 2410 
3 2410 2323 2302 
3 1831 1826 1929 
3 2841 2868 2846 
3 1726 1831 1731 
3 1626 1731 1634 
3 1536 1528 1634 
3 1436 1429 1536 
3 2842 2856 2854 
3 2857 2856 2848 
3 2851 2863 2857 
3 2861 2835 2854 
3 2845 2836 2859 
3 2813 2790 2836 
3 2790 2763 2702 
3 2658 2580 2702 
3 2851 2859 2863 
3 2555 2484 2580 
3 2861 2868 2841 
3 2454 2381 2484 
3 2349 2257 2381 
3 2237 2139 2257 
3 1335 1330 1436 
3 1229 1330 1335 
3 2033 2139 2132 
3 901 918 808 
3 782 808 694 
3 586 672 694 
3 567 586 472 
3 439 472 337 
3 289 337 199 
3 165 199 120 
3 97 120 77 
3 45 49 77 
3 30 45 42 
3 32 42 44 
3 47 60 63 
3 35 44 47 
3 80 87 79 
3 80 68 63 
3 901 1008 918 
3 79 87 88 
3 82 88 107 
3 100 107 173 
3 172 173 315 
3 323 315 466 
3 1660 1664 1561 
3 1559 1561 1464 
3 1664 1762 1764 
3 1358 1457 1464 
3 1258 1360 1358 
3 1865 1764 1863 
3 1120 1185 1258 
3 1008 1092 1120 
3 588 582 689 
3 466 582 588 
3 804 698 689 
3 804 912 814 
3 1865 1863 1958 
3 2043 1950 1958 
3 2043 2139 2033 
3 922 912 1019 
3 1229 1129 1123 
3 1123 1129 1019 
3 2212 2226 2119 
3 2119 2130 2026 
3 1929 2026 2034 
3 2212 2323 2226 
3 2846 2876 2828 
3 2780 2731 2828 
3 2780 2626 2731 
3 2501 2626 2528 
3 2410 2501 2528 
3 2434 2323 2410 
3 1933 1831 1929 
3 2846 2868 2876 
3 1831 1835 1731 
3 1731 1737 1634 
3 1634 1637 1536 
3 1536 1541 1436 
3 2854 2856 2866 
3 2857 2865 2856 
3 2863 2865 2857 
3 2854 2875 2861 
3 2836 2853 2859 
3 2790 2812 2836 
3 2702 2737 2790 
3 2580 2611 2702 
3 2859 2871 2863 
3 2484 2504 2580 
3 2861 2887 2868 
3 2381 2399 2484 
3 2381 2257 2296 
3 2257 2139 2141 
3 1436 1443 1335 
3 1335 1238 1229 
3 782 901 808 
3 672 782 694 
3 567 672 586 
3 439 567 472 
3 289 439 337 
3 165 289 199 
3 97 165 120 
3 77 49 97 
3 30 49 45 
3 32 30 42 
3 35 32 44 
3 48 47 63 
3 37 35 47 
3 79 68 80 
3 63 68 48 
3 984 1008 901 
3 82 79 88 
3 82 107 100 
3 100 173 172 
3 323 172 315 
3 476 323 466 
3 1660 1561 1559 
3 1660 1762 1664 
3 1464 1457 1559 
3 1764 1762 1863 
3 1358 1360 1457 
3 1265 1360 1258 
3 1185 1265 1258 
3 1092 1185 1120 
3 984 1092 1008 
3 689 698 588 
3 476 466 588 
3 814 698 804 
3 814 912 922 
3 1863 1962 1958 
3 1958 2053 2043 
3 2141 2139 2043 
3 1026 922 1019 
3 1229 1238 1129 
3 1129 1026 1019 
3 2226 2130 2119 
3 2026 2130 2034 
3 1929 2034 1933 
3 2323 2339 2226 
3 2828 2876 2862 
3 2828 2862 2780 
3 2671 2626 2780 
3 2528 2626 2671 
3 2434 2410 2528 
3 2434 2339 2323 
3 1933 1835 1831 
3 2876 2868 2896 
3 1835 1737 1731 
3 1634 1737 1637 
3 1536 1637 1541 
3 1541 1443 1436 
3 2856 2865 2866 
3 2854 2866 2875 
3 2874 2865 2863 
3 2875 2887 2861 
3 2859 2853 2871 
3 2812 2853 2836 
3 2790 2737 2812 
3 2702 2611 2737 
3 2580 2504 2611 
3 2863 2871 2874 
3 2484 2399 2504 
3 2868 2887 2896 
3 2296 2399 2381 
3 2257 2236 2296 
3 2141 2236 2257 
3 1443 1342 1335 
3 1335 1342 1238 
3 876 901 782 
3 672 762 782 
3 655 672 567 
3 537 567 439 
3 423 439 289 
3 165 264 289 
3 97 150 165 
3 49 85 97 
3 28 49 30 
3 18 30 32 
3 24 32 35 
3 48 37 47 
3 27 35 37 
3 69 68 79 
3 48 68 50 
3 876 984 901 
3 69 79 82 
3 74 82 100 
3 100 172 101 
3 179 172 323 
3 340 323 476 
3 1559 1661 1660 
3 1761 1762 1660 
3 1457 1560 1559 
3 1863 1762 1864 
3 1360 1459 1457 
3 1359 1360 1265 
3 1174 1265 1185 
3 1174 1185 1092 
3 1071 1092 984 
3 698 595 588 
3 588 595 476 
3 711 698 814 
3 814 922 825 
3 1958 1962 2053 
3 1863 1864 1962 
3 2043 2053 2141 
3 927 922 1026 
3 1129 1238 1138 
3 1129 1138 1026 
3 2230 2130 2226 
3 2034 2130 2136 
3 1933 2034 2040 
3 2226 2339 2230 
3 2862 2876 2901 
3 2862 2810 2780 
3 2780 2810 2671 
3 2671 2550 2528 
3 2528 2550 2434 
3 2434 2445 2339 
3 1933 1940 1835 
3 2876 2896 2901 
3 1835 1840 1737 
3 1637 1737 1739 
3 1637 1643 1541 
3 1541 1544 1443 
3 2866 2865 2879 
3 2875 2866 2886 
3 2879 2865 2874 
3 2875 2897 2887 
3 2853 2869 2871 
3 2838 2853 2812 
3 2737 2769 2812 
3 2611 2637 2737 
3 2611 2504 2524 
3 2874 2871 2881 
3 2399 2431 2504 
3 2896 2887 2908 
3 2296 2333 2399 
3 2296 2236 2333 
3 2145 2236 2141 
3 1447 1342 1443 
3 1238 1342 1245 
3 762 876 782 
3 655 762 672 
3 537 655 567 
3 423 537 439 
3 264 423 289 
3 150 264 165 
3 97 85 150 
3 28 85 49 
3 18 28 30 
3 24 18 32 
3 24 35 27 
3 48 41 37 
3 31 27 37 
3 50 68 69 
3 50 41 48 
3 970 984 876 
3 74 69 82 
3 101 74 100 
3 101 172 179 
3 340 179 323 
3 494 340 476 
3 1661 1761 1660 
3 1560 1661 1559 
3 1864 1762 1761 
3 1457 1459 1560 
3 1359 1459 1360 
3 1261 1359 1265 
3 1261 1265 1174 
3 1071 1174 1092 
3 970 1071 984 
3 711 595 698 
3 595 494 476 
3 825 711 814 
3 825 922 927 
3 1962 2059 2053 
3 1962 1864 1967 
3 2141 2053 2145 
3 1036 927 1026 
3 1138 1238 1245 
3 1026 1138 1036 
3 2136 2130 2230 
3 2034 2136 2040 
3 2040 1940 1933 
3 2339 2344 2230 
3 2862 2901 2882 
3 2882 2810 2862 
3 2671 2810 2714 
3 2671 2714 2550 
3 2434 2550 2445 
3 2339 2445 2344 
3 1940 1840 1835 
3 2901 2896 2913 
3 1737 1840 1739 
3 1739 1643 1637 
3 1643 1544 1541 
3 1443 1544 1447 
3 2866 2879 2886 
3 2886 2897 2875 
3 2879 2874 2884 
3 2887 2897 2908 
3 2871 2869 2881 
3 2838 2869 2853 
3 2812 2769 2838 
3 2737 2637 2769 
3 2524 2637 2611 
3 2504 2431 2524 
3 2874 2881 2884 
3 2399 2333 2431 
3 2896 2908 2913 
3 2333 2236 2250 
3 2250 2236 2145 
3 1347 1342 1447 
3 1245 1342 1347 
3 858 876 762 
3 749 762 655 
3 647 655 537 
3 522 537 423 
3 402 423 264 
3 150 243 264 
3 150 85 134 
3 73 85 28 
3 15 28 18 
3 8 18 24 
3 24 27 14 
3 37 41 31 
3 20 27 31 
3 54 50 69 
3 43 41 50 
3 858 970 876 
3 54 69 74 
3 101 67 74 
3 179 99 101 
3 183 179 340 
3 356 340 494 
3 1768 1761 1661 
3 1560 1667 1661 
3 1866 1864 1761 
3 1459 1562 1560 
3 1455 1459 1359 
3 1354 1359 1261 
3 1160 1261 1174 
3 1160 1174 1071 
3 1060 1071 970 
3 606 595 711 
3 606 494 595 
3 726 711 825 
3 927 834 825 
3 2053 2059 2145 
3 1962 1967 2059 
3 1967 1864 1866 
3 1036 937 927 
3 1245 1144 1138 
3 1138 1144 1036 
3 2230 2248 2136 
3 2040 2136 2143 
3 2044 1940 2040 
3 2230 2344 2248 
3 2901 2912 2882 
3 2834 2810 2882 
3 2714 2810 2834 
3 2550 2714 2568 
3 2550 2568 2445 
3 2445 2456 2344 
3 1940 1945 1840 
3 2913 2912 2901 
3 1840 1847 1739 
3 1745 1643 1739 
3 1647 1544 1643 
3 1447 1544 1550 
3 2879 2892 2886 
3 2904 2897 2886 
3 2879 2884 2892 
3 2908 2897 2914 
3 2881 2869 2883 
3 2838 2855 2869 
3 2769 2794 2838 
3 2637 2675 2769 
3 2549 2637 2524 
3 2431 2442 2524 
3 2884 2881 2890 
3 2431 2333 2343 
3 2908 2920 2913 
3 2343 2333 2250 
3 2145 2160 2250 
3 1447 1452 1347 
3 1347 1248 1245 
3 749 858 762 
3 647 749 655 
3 522 647 537 
3 402 522 423 
3 264 243 402 
3 134 243 150 
3 134 85 73 
3 15 73 28 
3 15 18 8 
3 14 8 24 
3 14 27 20 
3 31 41 34 
3 23 20 31 
3 43 50 54 
3 34 41 43 
3 950 970 858 
3 74 67 54 
3 99 67 101 
3 183 99 179 
3 183 340 356 
3 505 356 494 
3 1661 1667 1768 
3 1866 1761 1768 
3 1562 1667 1560 
3 1455 1562 1459 
3 1455 1359 1354 
3 1354 1261 1252 
3 1252 1261 1160 
3 1060 1160 1071 
3 1060 970 950 
3 726 606 711 
3 505 494 606 
3 825 834 726 
3 927 937 834 
3 2145 2059 2160 
3 2059 1967 2063 
3 1968 1967 1866 
3 1036 1041 937 
3 1245 1248 1144 
3 1144 1041 1036 
3 2136 2248 2143 
3 2040 2143 2044 
3 2044 1945 1940 
3 2344 2353 2248 
3 2882 2912 2893 
3 2834 2882 2893 
3 2834 2733 2714 
3 2714 2733 2568 
3 2445 2568 2456 
3 2344 2456 2353 
3 1840 1945 1847 
3 2923 2912 2913 
3 1739 1847 1745 
3 1647 1643 1745 
3 1550 1544 1647 
3 1447 1550 1452 
3 2886 2892 2904 
3 2914 2897 2904 
3 2892 2884 2903 
3 2908 2914 2920 
3 2869 2855 2883 
3 2881 2883 2890 
3 2838 2794 2855 
3 2769 2675 2794 
3 2549 2675 2637 
3 2524 2442 2549 
3 2343 2442 2431 
3 2884 2890 2903 
3 2913 2920 2923 
3 2250 2259 2343 
3 2250 2160 2259 
3 1452 1351 1347 
3 1347 1351 1248 
3 846 858 749 
3 739 749 647 
3 522 622 647 
3 512 522 402 
3 402 243 392 
3 230 243 134 
3 134 73 128 
3 70 73 15 
3 8 13 15 
3 2 8 14 
3 14 20 5 
3 34 23 31 
3 11 20 23 
3 46 43 54 
3 43 36 34 
3 950 858 846 
3 54 67 46 
3 59 67 99 
3 98 99 183 
3 183 356 196 
3 374 356 505 
3 1768 1667 1773 
3 1872 1866 1768 
3 1676 1667 1562 
3 1573 1562 1455 
3 1354 1442 1455 
3 1252 1343 1354 
3 1252 1160 1155 
3 1155 1160 1060 
3 1053 1060 950 
3 619 606 726 
3 505 606 619 
3 834 734 726 
3 834 937 839 
3 2160 2059 2063 
3 2063 1967 1968 
3 1968 1866 1872 
3 1041 944 937 
3 1248 1150 1144 
3 1144 1150 1041 
3 2143 2248 2254 
3 2044 2143 2148 
3 2051 1945 2044 
3 2248 2353 2254 
3 2893 2912 2921 
3 2893 2850 2834 
3 2834 2850 2733 
3 2568 2733 2578 
3 2568 2578 2456 
3 2353 2456 2464 
3 1847 1945 1949 
3 2921 2912 2923 
3 1745 1847 1851 
3 1647 1745 1751 
3 1647 1654 1550 
3 1550 1555 1452 
3 2892 2910 2904 
3 2914 2904 2919 
3 2903 2910 2892 
3 2920 2914 2927 
3 2883 2855 2867 
3 2890 2883 2891 
3 2855 2794 2818 
3 2794 2675 2715 
3 2549 2569 2675 
3 2549 2442 2460 
3 2355 2442 2343 
3 2903 2890 2906 
3 2920 2930 2923 
3 2259 2355 2343 
3 2259 2160 2170 
3 1452 1461 1351 
3 1248 1351 1235 
3 739 846 749 
3 647 622 739 
3 512 622 522 
3 512 402 392 
3 392 243 230 
3 230 134 128 
3 128 73 70 
3 15 13 70 
3 2 13 8 
3 5 2 14 
3 5 20 11 
3 29 23 34 
3 16 11 23 
3 46 36 43 
3 36 29 34 
3 846 939 950 
3 46 67 59 
3 59 99 98 
3 196 98 183 
3 196 356 374 
3 374 505 514 
3 1773 1667 1676 
3 1768 1773 1872 
3 1676 1562 1573 
3 1442 1573 1455 
3 1343 1442 1354 
3 1246 1343 1252 
3 1246 1252 1155 
3 1155 1060 1053 
3 950 939 1053 
3 726 734 619 
3 514 505 619 
3 839 734 834 
3 937 944 839 
3 2170 2160 2063 
3 2068 2063 1968 
3 1968 1872 1974 
3 1041 1052 944 
3 1235 1150 1248 
3 1150 1052 1041 
3 2143 2254 2148 
3 2148 2051 2044 
3 1949 1945 2051 
3 2254 2353 2361 
3 2893 2921 2907 
3 2907 2850 2893 
3 2733 2850 2747 
3 2733 2747 2578 
3 2456 2578 2464 
3 2361 2353 2464 
3 1851 1847 1949 
3 2923 2934 2921 
3 1745 1851 1751 
3 1751 1654 1647 
3 1654 1555 1550 
3 1452 1555 1461 
3 2904 2910 2919 
3 2914 2919 2927 
3 2915 2910 2903 
3 2920 2927 2930 
3 2867 2855 2818 
3 2883 2867 2891 
3 2890 2891 2906 
3 2818 2794 2715 
3 2675 2569 2715 
3 2549 2460 2569 
3 2460 2442 2355 
3 2903 2906 2915 
3 2923 2930 2934 
3 2259 2269 2355 
3 2259 2170 2269 
3 1461 1371 1351 
3 1351 1371 1235 
3 835 846 739 
3 739 622 727 
3 610 622 512 
3 507 512 392 
3 379 392 230 
3 128 223 230 
3 125 128 70 
3 70 13 75 
3 17 13 2 
3 4 2 5 
3 5 11 1 
3 16 23 29 
3 6 11 16 
3 40 36 46 
3 36 33 29 
3 835 939 846 
3 40 46 59 
3 53 59 98 
3 196 109 98 
3 214 196 374 
3 374 514 395 
3 1781 1773 1676 
3 1872 1773 1876 
3 1689 1676 1573 
3 1531 1573 1442 
3 1435 1442 1343 
3 1336 1343 1246 
3 1145 1246 1155 
3 1145 1155 1053 
3 939 1039 1053 
3 619 734 637 
3 637 514 619 
3 839 746 734 
3 944 847 839 
3 2068 2170 2063 
3 1968 1974 2068 
3 1872 1876 1974 
3 1052 951 944 
3 1235 1135 1150 
3 1150 1135 1052 
3 2148 2254 2260 
3 2148 2156 2051 
3 2051 2054 1949 
3 2254 2361 2260 
3 2907 2921 2933 
3 2907 2858 2850 
3 2850 2858 2747 
3 2578 2747 2590 
3 2578 2590 2464 
3 2464 2471 2361 
3 1949 1953 1851 
3 2921 2934 2933 
3 1851 1852 1751 
3 1754 1654 1751 
3 1658 1555 1654 
3 1461 1555 1568 
3 2919 2910 2922 
3 2919 2931 2927 
3 2922 2910 2915 
3 2927 2939 2930 
3 2843 2867 2818 
3 2891 2867 2885 
3 2906 2891 2909 
3 2818 2715 2745 
3 2715 2569 2587 
3 2569 2460 2477 
3 2368 2460 2355 
3 2915 2906 2918 
3 2934 2930 2943 
3 2355 2269 2368 
3 2269 2170 2177 
3 1461 1476 1371 
3 1371 1298 1235 
3 835 739 727 
3 727 622 610 
3 507 610 512 
3 507 392 379 
3 230 223 379 
3 125 223 128 
3 70 75 125 
3 75 13 17 
3 4 17 2 
3 4 5 1 
3 1 11 6 
3 16 29 21 
3 7 6 16 
3 40 33 36 
3 29 33 21 
3 931 939 835 
3 53 40 59 
3 98 109 53 
3 214 109 196 
3 214 374 395 
3 395 514 524 
3 1781 1676 1689 
3 1876 1773 1781 
3 1689 1573 1606 
3 1531 1442 1435 
3 1573 1531 1606 
3 1435 1343 1336 
3 1336 1246 1239 
3 1239 1246 1145 
3 1053 1039 1145 
3 931 1039 939 
3 734 746 637 
3 524 514 637 
3 847 746 839 
3 944 951 847 
3 2177 2170 2068 
3 2068 1974 2081 
3 1974 1876 1978 
3 1046 951 1052 
3 1235 1204 1135 
3 1052 1135 1046 
3 2260 2156 2148 
3 2051 2156 2054 
3 1949 2054 1953 
3 2361 2364 2260 
3 2924 2907 2933 
3 2924 2858 2907 
3 2747 2858 2762 
3 2590 2747 2762 
3 2464 2590 2471 
3 2361 2471 2364 
3 1953 1852 1851 
3 2933 2934 2950 
3 1852 1754 1751 
3 1658 1654 1754 
3 1568 1555 1658 
3 1461 1568 1476 
3 2922 2931 2919 
3 2927 2931 2939 
3 2922 2915 2928 
3 2930 2939 2943 
3 2843 2818 2745 
3 2885 2867 2843 
3 2891 2885 2909 
3 2906 2909 2918 
3 2715 2587 2745 
3 2569 2477 2587 
3 2477 2460 2368 
3 2915 2918 2928 
3 2934 2943 2950 
3 2368 2269 2277 
3 2269 2177 2277 
3 1476 1377 1371 
3 1235 1298 1204 
3 1371 1377 1298 
3 827 835 727 
3 715 727 610 
3 600 610 507 
3 379 502 507 
3 379 223 367 
3 215 223 125 
3 125 75 123 
3 71 75 17 
3 12 17 4 
3 1 12 4 
3 1 6 9 
3 21 7 16 
3 3 6 7 
3 38 33 40 
3 21 33 26 
3 827 931 835 
3 53 38 40 
3 53 109 65 
3 122 109 214 
3 395 238 214 
3 524 419 395 
3 1790 1781 1689 
3 1884 1876 1781 
3 1705 1689 1606 
3 1529 1531 1435 
3 1606 1531 1619 
3 1430 1435 1336 
3 1239 1332 1336 
3 1145 1140 1239 
3 1145 1039 1140 
3 1030 1039 931 
3 637 746 650 
3 650 524 637 
3 757 746 847 
3 951 864 847 
3 2081 2177 2068 
3 2081 1974 1978 
3 1978 1876 1884 
3 1046 961 951 
3 1204 1113 1135 
3 1135 1113 1046 
3 2263 2156 2260 
3 2156 2164 2054 
3 2054 2058 1953 
3 2260 2364 2263 
3 2933 2956 2924 
3 2872 2858 2924 
3 2762 2858 2872 
3 2762 2598 2590 
3 2590 2598 2471 
3 2364 2471 2479 
3 1953 1954 1852 
3 2933 2950 2956 
3 1852 1857 1754 
3 1754 1765 1658 
3 1658 1680 1568 
3 1568 1589 1476 
3 2922 2936 2931 
3 2939 2931 2945 
3 2928 2936 2922 
3 2943 2939 2955 
3 2843 2745 2770 
3 2843 2860 2885 
3 2885 2905 2909 
3 2909 2926 2918 
3 2745 2587 2614 
3 2587 2477 2491 
3 2368 2385 2477 
3 2928 2918 2932 
3 2950 2943 2959 
3 2277 2385 2368 
3 2277 2177 2182 
3 1476 1482 1377 
3 1298 1274 1204 
3 1377 1274 1298 
3 827 727 715 
3 715 610 600 
3 507 502 600 
3 367 502 379 
3 367 223 215 
3 125 123 215 
3 123 75 71 
3 71 17 12 
3 22 12 1 
3 9 6 3 
3 1 9 22 
3 10 7 21 
3 3 7 0 
3 26 33 38 
3 10 21 26 
3 923 931 827 
3 65 38 53 
3 65 109 122 
3 238 122 214 
3 419 238 395 
3 524 546 419 
3 1790 1689 1705 
3 1884 1781 1790 
3 1705 1606 1619 
3 1529 1435 1430 
3 1619 1531 1529 
3 1332 1430 1336 
3 1230 1332 1239 
3 1239 1140 1230 
3 1140 1039 1030 
3 1030 931 923 
3 650 746 757 
3 650 546 524 
3 847 864 757 
3 961 864 951 
3 2182 2177 2081 
3 1978 2088 2081 
3 1978 1884 1990 
3 1035 961 1046 
3 1204 1175 1113 
3 1046 1113 1035 
3 2263 2164 2156 
3 2054 2164 2058 
3 1953 2058 1954 
3 2263 2364 2366 
3 2924 2956 2940 
3 2924 2940 2872 
3 2762 2872 2772 
3 2772 2598 2762 
3 2471 2598 2479 
3 2366 2364 2479 
3 1954 1857 1852 
3 2956 2950 2965 
3 1857 1765 1754 
3 1658 1765 1680 
3 1680 1589 1568 
3 1589 1482 1476 
3 2931 2936 2945 
3 2939 2945 2955 
3 2941 2936 2928 
3 2943 2955 2959 
3 2745 2614 2770 
3 2770 2860 2843 
3 2885 2860 2905 
3 2909 2905 2926 
3 2918 2926 2932 
3 2587 2491 2614 
3 2477 2385 2491 
3 2941 2928 2932 
3 2950 2959 2965 
3 2284 2385 2277 
3 2277 2182 2284 
3 1377 1482 1374 
3 1274 1175 1204 
3 1377 1374 1274 
3 818 827 715 
3 705 715 600 
3 600 502 596 
3 493 502 367 
3 360 367 215 
3 215 123 208 
3 119 123 71 
3 66 71 12 
3 66 12 22 
3 58 9 3 
3 9 62 22 
3 0 7 10 
3 51 3 0 
3 39 26 38 
3 10 26 25 
3 818 923 827 
3 39 38 65 
3 122 83 65 
3 145 122 238 
3 275 238 419 
3 419 546 441 
3 1804 1790 1705 
3 1895 1884 1790 
3 1714 1705 1619 
3 1526 1529 1430 
3 1619 1529 1624 
3 1427 1430 1332 
3 1327 1332 1230 
3 1230 1140 1130 
3 1130 1140 1030 
3 1023 1030 923 
3 757 660 650 
3 660 546 650 
3 864 769 757 
3 874 864 961 
3 2088 2182 2081 
3 1990 2088 1978 
3 1990 1884 1895 
3 1035 959 961 
3 1175 1096 1113 
3 1113 1096 1035 
3 2263 2265 2164 
3 2058 2164 2163 
3 1954 2058 2055 
3 2366 2265 2263 
3 2940 2956 2966 
3 2872 2940 2880 
3 2772 2872 2880 
3 2610 2598 2772 
3 2479 2598 2610 
3 2366 2479 2481 
3 1954 1959 1857 
3 2956 2965 2966 
3 1857 1873 1765 
3 1680 1765 1784 
3 1680 1696 1589 
3 1584 1482 1589 
3 2945 2936 2952 
3 2955 2945 2960 
3 2952 2936 2941 
3 2959 2955 2963 
3 2770 2614 2630 
3 2787 2860 2770 
3 2905 2860 2878 
3 2926 2905 2925 
3 2942 2932 2926 
3 2614 2491 2505 
3 2491 2385 2392 
3 2932 2942 2941 
3 2959 2973 2965 
3 2392 2385 2284 
3 2284 2182 2190 
3 1374 1482 1477 
3 1274 1273 1175 
3 1374 1273 1274 
3 818 715 705 
3 705 600 596 
3 596 502 493 
3 493 367 360 
3 360 215 208 
3 208 123 119 
3 119 71 66 
3 62 66 22 
3 58 3 51 
3 58 62 9 
3 19 0 10 
3 56 51 0 
3 25 26 39 
3 25 19 10 
3 919 923 818 
3 65 83 39 
3 145 83 122 
3 145 238 275 
3 419 441 275 
3 441 546 576 
3 1804 1705 1714 
3 1895 1790 1804 
3 1714 1619 1624 
3 1526 1430 1427 
3 1624 1529 1526 
3 1427 1332 1327 
3 1327 1230 1226 
3 1226 1230 1130 
3 1130 1030 1023 
3 1023 923 919 
3 757 769 660 
3 576 546 660 
3 874 769 864 
3 961 959 874 
3 2190 2182 2088 
3 2099 2088 1990 
3 2003 1990 1895 
3 1035 1029 959 
3 1181 1096 1175 
3 1096 1029 1035 
3 2164 2265 2163 
3 2058 2163 2055 
3 2055 1959 1954 
3 2366 2365 2265 
3 2940 2966 2948 
3 2880 2940 2948 
3 2774 2772 2880 
3 2774 2610 2772 
3 2479 2610 2481 
3 2366 2481 2365 
3 1959 1873 1857 
3 2965 2980 2966 
3 1765 1873 1784 
3 1784 1696 1680 
3 1696 1584 1589 
3 1477 1482 1584 
3 2960 2945 2952 
3 2955 2960 2963 
3 2952 2941 2957 
3 2959 2963 2973 
3 2614 2505 2630 
3 2787 2770 2630 
3 2878 2860 2787 
3 2925 2905 2878 
3 2942 2926 2925 
3 2505 2491 2392 
3 2941 2942 2957 
3 2965 2973 2980 
3 2392 2284 2297 
3 2297 2284 2190 
3 1477 1376 1374 
3 1175 1273 1181 
3 1374 1376 1273 
3 810 818 705 
3 596 697 705 
3 589 596 493 
3 479 493 360 
3 346 360 208 
3 208 119 197 
3 114 119 66 
3 114 66 62 
3 51 102 58 
3 108 62 58 
3 56 0 19 
3 56 103 51 
3 57 25 39 
3 61 19 25 
3 919 818 810 
3 39 83 57 
3 145 96 83 
3 275 175 145 
3 441 331 275 
3 478 441 576 
3 1812 1804 1714 
3 1909 1895 1804 
3 1624 1717 1714 
3 1522 1526 1427 
3 1624 1526 1622 
3 1423 1427 1327 
3 1323 1327 1226 
3 1226 1130 1126 
3 1126 1130 1023 
3 919 1016 1023 
3 769 681 660 
3 660 681 576 
3 783 769 874 
3 959 884 874 
3 2190 2088 2099 
3 2099 1990 2003 
3 2003 1895 1909 
3 1029 975 959 
3 1181 1085 1096 
3 1096 1085 1029 
3 2163 2265 2262 
3 2055 2163 2157 
3 2055 2056 1959 
3 2265 2365 2262 
3 2966 2975 2948 
3 2880 2948 2873 
3 2880 2873 2774 
3 2609 2610 2774 
3 2481 2610 2609 
3 2365 2481 2475 
3 1959 1969 1873 
3 2980 2975 2966 
3 1873 1883 1784 
3 1784 1792 1696 
3 1696 1683 1584 
3 1584 1576 1477 
3 2952 2962 2960 
3 2963 2960 2971 
3 2957 2962 2952 
3 2973 2963 2978 
3 2630 2505 2517 
3 2646 2787 2630 
3 2878 2787 2801 
3 2925 2878 2889 
3 2925 2938 2942 
3 2505 2392 2405 
3 2957 2942 2961 
3 2980 2973 2986 
3 2392 2297 2405 
3 2297 2190 2200 
3 1477 1474 1376 
3 1181 1273 1278 
3 1273 1376 1278 
3 705 697 810 
3 589 697 596 
3 589 493 479 
3 479 360 346 
3 346 208 197 
3 197 119 114 
3 114 62 108 
3 102 108 58 
3 103 102 51 
3 84 56 19 
3 116 103 56 
3 61 25 57 
3 84 19 61 
3 910 919 810 
3 57 83 96 
3 96 145 95 
3 145 175 95 
3 331 175 275 
3 478 331 441 
3 576 594 478 
3 1714 1717 1812 
3 1909 1804 1812 
3 1622 1717 1624 
3 1522 1427 1423 
3 1622 1526 1522 
3 1423 1327 1323 
3 1323 1226 1220 
3 1220 1226 1126 
3 1016 1126 1023 
3 910 1016 919 
3 783 681 769 
3 681 594 576 
3 874 884 783 
3 959 975 884 
3 2190 2099 2200 
3 2105 2099 2003 
3 2009 2003 1909 
3 1085 975 1029 
3 1181 1183 1085 
3 2163 2262 2157 
3 2157 2056 2055 
3 2056 1969 1959 
3 2262 2365 2363 
3 2948 2975 2937 
3 2948 2937 2873 
3 2774 2873 2765 
3 2609 2774 2765 
3 2481 2609 2475 
3 2365 2475 2363 
3 1873 1969 1883 
3 2980 2989 2975 
3 1784 1883 1792 
3 1792 1683 1696 
3 1683 1576 1584 
3 1576 1474 1477 
3 2960 2962 2971 
3 2963 2971 2978 
3 2957 2970 2962 
3 2973 2978 2986 
3 2517 2505 2405 
3 2630 2517 2646 
3 2801 2787 2646 
3 2889 2878 2801 
3 2889 2938 2925 
3 2942 2938 2961 
3 2961 2970 2957 
3 2980 2986 2989 
3 2405 2297 2304 
3 2297 2200 2304 
3 1474 1378 1376 
3 1278 1183 1181 
3 1376 1378 1278 
3 810 697 805 
3 589 692 697 
3 479 585 589 
3 470 479 346 
3 197 326 346 
3 184 197 114 
3 184 114 108 
3 102 176 108 
3 170 102 103 
3 116 56 84 
3 185 103 116 
3 95 61 57 
3 84 61 115 
3 810 805 910 
3 96 95 57 
3 95 175 115 
3 219 175 331 
3 389 331 478 
3 594 516 478 
3 1812 1717 1815 
3 1914 1909 1812 
3 1720 1717 1622 
3 1522 1423 1519 
3 1621 1622 1522 
3 1421 1423 1323 
3 1323 1220 1315 
3 1220 1126 1118 
3 1118 1126 1016 
3 1011 1016 910 
3 783 702 681 
3 702 594 681 
3 884 806 783 
3 975 896 884 
3 2200 2099 2105 
3 2105 2003 2009 
3 2009 1909 1914 
3 1085 1083 975 
3 1183 1083 1085 
3 2157 2262 2258 
3 2157 2150 2056 
3 2060 1969 2056 
3 2262 2363 2258 
3 2937 2975 2972 
3 2873 2937 2852 
3 2765 2873 2852 
3 2609 2765 2596 
3 2475 2609 2596 
3 2363 2475 2467 
3 1883 1969 1970 
3 2975 2989 2972 
3 1883 1779 1792 
3 1792 1779 1683 
3 1675 1576 1683 
3 1569 1474 1576 
3 2971 2962 2976 
3 2978 2971 2985 
3 2962 2970 2976 
3 2986 2978 2991 
3 2405 2414 2517 
3 2517 2523 2646 
3 2663 2801 2646 
3 2889 2801 2809 
3 2894 2938 2889 
3 2961 2938 2949 
3 2961 2968 2970 
3 2989 2986 2988 
3 2405 2304 2414 
3 2304 2200 2205 
3 1475 1378 1474 
3 1283 1183 1278 
3 1278 1378 1283 
3 697 692 805 
3 585 692 589 
3 470 585 479 
3 346 326 470 
3 184 326 197 
3 108 176 184 
3 170 176 102 
3 185 170 103 
3 149 116 84 
3 216 185 116 
3 115 61 95 
3 115 149 84 
3 910 805 908 
3 115 175 219 
3 219 331 389 
3 478 516 389 
3 628 516 594 
3 1815 1717 1720 
3 1914 1812 1815 
3 1720 1622 1621 
3 1519 1423 1421 
3 1522 1519 1621 
3 1315 1421 1323 
3 1315 1220 1217 
3 1217 1220 1118 
3 1118 1016 1011 
3 908 1011 910 
3 806 702 783 
3 628 594 702 
3 884 896 806 
3 975 990 896 
3 2205 2200 2105 
3 2105 2009 2110 
3 2015 2009 1914 
3 975 1083 990 
3 1183 1186 1083 
3 2258 2150 2157 
3 2056 2150 2060 
3 1970 1969 2060 
3 2258 2363 2354 
3 2937 2972 2916 
3 2852 2937 2916 
3 2852 2726 2765 
3 2765 2726 2596 
3 2475 2596 2467 
3 2363 2467 2354 
3 1970 1874 1883 
3 2972 2989 2979 
3 1874 1779 1883 
3 1683 1779 1675 
3 1569 1576 1675 
3 1475 1474 1569 
3 2971 2976 2985 
3 2978 2985 2991 
3 2976 2970 2982 
3 2986 2991 2988 
3 2517 2414 2523 
3 2646 2523 2663 
3 2809 2801 2663 
3 2889 2809 2894 
3 2949 2938 2894 
3 2961 2949 2968 
3 2970 2968 2982 
3 2989 2988 2979 
3 2414 2304 2308 
3 2304 2205 2308 
3 1381 1378 1475 
3 1283 1186 1183 
3 1283 1378 1381 
3 805 692 799 
3 684 692 585 
3 579 585 470 
3 470 326 457 
3 312 326 184 
3 176 312 184 
3 300 176 170 
3 306 170 185 
3 216 116 149 
3 339 185 216 
3 219 149 115 
3 805 799 908 
3 389 281 219 
3 389 516 443 
3 574 516 628 
3 1816 1815 1720 
3 1919 1914 1815 
3 1719 1720 1621 
3 1516 1519 1421 
3 1621 1519 1617 
3 1417 1421 1315 
3 1314 1315 1217 
3 1112 1217 1118 
3 1118 1011 1112 
3 1007 1011 908 
3 735 702 806 
3 628 702 735 
3 896 823 806 
3 990 899 896 
3 2205 2105 2110 
3 2110 2009 2015 
3 2015 1914 1919 
3 1083 1089 990 
3 1186 1089 1083 
3 2251 2150 2258 
3 2060 2150 2146 
3 2060 2057 1970 
3 2251 2258 2354 
3 2916 2972 2953 
3 2852 2916 2808 
3 2808 2726 2852 
3 2596 2726 2597 
3 2467 2596 2597 
3 2354 2467 2453 
3 1960 1874 1970 
3 2972 2979 2953 
3 1874 1770 1779 
3 1779 1770 1675 
3 1675 1666 1569 
3 1569 1567 1475 
3 2985 2976 2987 
3 2991 2985 2990 
3 2976 2982 2987 
3 2988 2991 2984 
3 2414 2418 2523 
3 2663 2523 2531 
3 2678 2809 2663 
3 2894 2809 2815 
3 2898 2949 2894 
3 2968 2949 2946 
3 2982 2968 2967 
3 2979 2988 2977 
3 2308 2418 2414 
3 2308 2205 2211 
3 1475 1479 1381 
3 1286 1186 1283 
3 1283 1381 1286 
3 799 692 684 
3 684 585 579 
3 579 470 457 
3 457 326 312 
3 300 312 176 
3 306 300 170 
3 339 306 185 
3 281 216 149 
3 387 339 216 
3 281 149 219 
3 908 799 900 
3 443 281 389 
3 443 516 574 
3 677 574 628 
3 1816 1720 1719 
3 1919 1815 1816 
3 1621 1617 1719 
3 1516 1421 1417 
3 1617 1519 1516 
3 1417 1315 1314 
3 1314 1217 1213 
3 1213 1217 1112 
3 1112 1011 1007 
3 900 1007 908 
3 823 735 806 
3 735 677 628 
3 896 899 823 
3 990 994 899 
3 2211 2205 2110 
3 2113 2110 2015 
3 2017 2015 1919 
3 990 1089 994 
3 1191 1089 1186 
3 2146 2150 2251 
3 2146 2057 2060 
3 2057 1960 1970 
3 2354 2341 2251 
3 2877 2916 2953 
3 2808 2916 2877 
3 2597 2726 2808 
3 2467 2597 2453 
3 2354 2453 2341 
3 1960 1859 1874 
3 2953 2979 2964 
3 1859 1770 1874 
3 1770 1666 1675 
3 1666 1567 1569 
3 1475 1567 1479 
3 2985 2987 2990 
3 2984 2991 2990 
3 2987 2982 2981 
3 2977 2988 2984 
3 2523 2418 2531 
3 2663 2531 2678 
3 2815 2809 2678 
3 2894 2815 2898 
3 2946 2949 2898 
3 2967 2968 2946 
3 2981 2982 2967 
3 2964 2979 2977 
3 2314 2418 2308 
3 2308 2211 2314 
3 1381 1479 1383 
3 1191 1186 1286 
3 1381 1383 1286 
3 787 799 684 
3 675 684 579 
3 573 579 457 
3 457 312 448 
3 448 312 300 
3 444 300 306 
3 339 456 306 
3 387 216 281 
3 486 339 387 
3 900 799 787 
3 443 387 281 
3 574 517 443 
3 677 636 574 
3 1814 1816 1719 
3 1919 1816 1920 
3 1719 1617 1718 
3 1514 1516 1417 
3 1614 1617 1516 
3 1417 1314 1414 
3 1310 1314 1213 
3 1109 1213 1112 
3 1109 1112 1007 
3 1001 1007 900 
3 823 784 735 
3 735 784 677 
3 899 784 823 
3 994 890 899 
3 2211 2110 2113 
3 2113 2015 2017 
3 1920 2017 1919 
3 994 1089 1093 
3 1093 1089 1191 
3 2251 2232 2146 
3 2146 2140 2057 
3 2057 2046 1960 
3 2341 2232 2251 
3 2877 2953 2917 
3 2754 2808 2877 
3 2597 2808 2754 
3 2597 2563 2453 
3 2453 2436 2341 
3 1960 1951 1859 
3 2953 2964 2917 
3 1859 1758 1770 
3 1770 1758 1666 
3 1663 1567 1666 
3 1479 1567 1571 
3 2990 2987 2983 
3 2984 2990 2974 
3 2987 2981 2983 
3 2977 2984 2969 
3 2531 2418 2421 
3 2531 2534 2678 
3 2678 2680 2815 
3 2815 2816 2898 
3 2946 2898 2895 
3 2967 2946 2947 
3 2947 2981 2967 
3 2964 2977 2958 
3 2421 2418 2314 
3 2314 2211 2215 
3 1383 1479 1483 
3 1286 1287 1191 
3 1383 1287 1286 
3 787 684 675 
3 675 579 573 
3 573 457 448 
3 444 448 300 
3 306 456 444 
3 486 456 339 
3 387 517 486 
3 894 900 787 
3 443 517 387 
3 636 517 574 
3 752 636 677 
3 1814 1719 1718 
3 1920 1816 1814 
3 1718 1617 1614 
3 1417 1414 1514 
3 1614 1516 1514 
3 1414 1314 1310 
3 1310 1213 1210 
3 1210 1213 1109 
3 1109 1007 1001 
3 894 1001 900 
3 677 784 752 
3 890 784 899 
3 994 993 890 
3 2215 2211 2113 
3 2017 2116 2113 
3 2018 2017 1920 
3 1093 993 994 
3 1191 1193 1093 
3 2146 2232 2140 
3 2140 2046 2057 
3 1960 2046 1951 
3 2324 2232 2341 
3 2917 2832 2877 
3 2877 2832 2754 
3 2597 2754 2563 
3 2453 2563 2436 
3 2341 2436 2324 
3 1951 1856 1859 
3 2964 2929 2917 
3 1856 1758 1859 
3 1666 1758 1663 
3 1571 1567 1663 
3 1479 1571 1483 
3 2990 2983 2974 
3 2984 2974 2969 
3 2983 2981 2954 
3 2977 2969 2958 
3 2421 2534 2531 
3 2678 2534 2680 
3 2815 2680 2816 
3 2898 2816 2895 
3 2947 2946 2895 
3 2954 2981 2947 
3 2958 2929 2964 
3 2314 2317 2421 
3 2215 2317 2314 
3 1483 1385 1383 
3 1191 1287 1193 
3 1385 1287 1383 
3 776 787 675 
3 669 675 573 
3 568 573 448 
3 568 448 444 
3 456 570 444 
3 580 456 486 
3 517 597 486 
3 894 787 776 
3 636 597 517 
3 752 706 636 
3 1718 1813 1814 
3 1920 1814 1918 
3 1716 1718 1614 
3 1514 1414 1511 
3 1613 1614 1514 
3 1409 1414 1310 
3 1309 1310 1210 
3 1108 1210 1109 
3 1001 1108 1109 
3 894 998 1001 
3 752 784 890 
3 890 993 895 
3 2113 2116 2215 
3 2018 2116 2017 
3 2018 1920 1918 
3 1093 1091 993 
3 1193 1091 1093 
3 2232 2221 2140 
3 2140 2133 2046 
3 2046 2048 1951 
3 2324 2221 2232 
3 2870 2832 2917 
3 2754 2832 2674 
3 2563 2754 2674 
3 2436 2563 2514 
3 2436 2396 2324 
3 1951 1955 1856 
3 2917 2929 2870 
3 1760 1758 1856 
3 1663 1758 1760 
3 1663 1669 1571 
3 1571 1578 1483 
3 2983 2951 2974 
3 2969 2974 2944 
3 2954 2951 2983 
3 2969 2935 2958 
3 2421 2424 2534 
3 2680 2534 2537 
3 2816 2680 2684 
3 2895 2816 2819 
3 2947 2895 2899 
3 2947 2899 2954 
3 2911 2929 2958 
3 2421 2317 2424 
3 2217 2317 2215 
3 1483 1485 1385 
3 1287 1289 1193 
3 1385 1289 1287 
3 776 675 669 
3 669 573 568 
3 444 570 568 
3 580 570 456 
3 486 597 580 
3 888 894 776 
3 706 597 636 
3 752 803 706 
3 1814 1813 1918 
3 1716 1813 1718 
3 1716 1614 1613 
3 1511 1414 1409 
3 1613 1514 1511 
3 1409 1310 1309 
3 1208 1309 1210 
3 1208 1210 1108 
3 998 1108 1001 
3 888 998 894 
3 890 895 752 
3 993 989 895 
3 2215 2116 2217 
3 2117 2116 2018 
3 2016 2018 1918 
3 993 1091 989 
3 1193 1190 1091 
3 2221 2133 2140 
3 2133 2048 2046 
3 1951 2048 1955 
3 2324 2289 2221 
3 2771 2832 2870 
3 2674 2832 2771 
3 2563 2674 2514 
3 2514 2396 2436 
3 2396 2289 2324 
3 1955 1861 1856 
3 2870 2929 2911 
3 1856 1861 1760 
3 1760 1669 1663 
3 1669 1578 1571 
3 1578 1485 1483 
3 2974 2951 2944 
3 2944 2935 2969 
3 2902 2951 2954 
3 2958 2935 2911 
3 2534 2424 2537 
3 2680 2537 2684 
3 2819 2816 2684 
3 2895 2819 2899 
3 2954 2899 2902 
3 2424 2317 2320 
3 2320 2317 2217 
3 1385 1485 1389 
3 1289 1190 1193 
3 1385 1389 1289 
3 772 776 669 
3 669 568 668 
3 568 570 668 
3 670 570 580 
3 597 685 580 
3 888 776 772 
3 706 685 597 
3 803 789 706 
3 895 803 752 
3 1918 1813 1915 
3 1810 1813 1716 
3 1712 1716 1613 
3 1511 1409 1507 
3 1608 1613 1511 
3 1404 1409 1309 
3 1307 1309 1208 
3 1208 1108 1098 
3 1098 1108 998 
3 992 998 888 
3 989 892 895 
3 2217 2116 2117 
3 2117 2018 2016 
3 2016 1918 1915 
3 1091 1088 989 
3 1190 1088 1091 
3 2221 2144 2133 
3 2133 2144 2048 
3 1955 2048 1963 
3 2289 2247 2221 
3 2870 2831 2771 
3 2674 2771 2595 
3 2514 2674 2595 
3 2466 2396 2514 
3 2396 2352 2289 
3 1955 1963 1861 
3 2870 2911 2831 
3 1760 1861 1772 
3 1772 1669 1760 
3 1669 1677 1578 
3 1588 1485 1578 
3 2944 2951 2900 
3 2888 2935 2944 
3 2900 2951 2902 
3 2935 2864 2911 
3 2537 2424 2426 
3 2684 2537 2538 
3 2689 2819 2684 
3 2899 2819 2825 
3 2899 2825 2902 
3 2426 2424 2320 
3 2320 2217 2219 
3 1485 1490 1389 
3 1289 1291 1190 
3 1389 1291 1289 
3 668 772 669 
3 668 570 670 
3 685 670 580 
3 772 883 888 
3 789 685 706 
3 892 789 803 
3 892 803 895 
3 1915 1813 1810 
3 1810 1716 1712 
3 1712 1613 1608 
3 1507 1409 1404 
3 1511 1507 1608 
3 1404 1309 1307 
3 1307 1208 1203 
3 1203 1208 1098 
3 1098 998 992 
3 888 883 992 
3 989 987 892 
3 2219 2217 2117 
3 2115 2117 2016 
3 2016 1915 2013 
3 989 1088 987 
3 1190 1195 1088 
3 2247 2144 2221 
3 2144 2065 2048 
3 2048 2065 1963 
3 2289 2352 2247 
3 2771 2831 2687 
3 2771 2687 2595 
3 2595 2466 2514 
3 2466 2352 2396 
3 1963 1875 1861 
3 2911 2864 2831 
3 1861 1875 1772 
3 1772 1677 1669 
3 1677 1588 1578 
3 1588 1490 1485 
3 2944 2900 2888 
3 2888 2864 2935 
3 2902 2826 2900 
3 2538 2537 2426 
3 2684 2538 2689 
3 2825 2819 2689 
3 2902 2825 2826 
3 2320 2322 2426 
3 2219 2322 2320 
3 1490 1391 1389 
3 1291 1195 1190 
3 1389 1391 1291 
3 668 771 772 
3 670 771 668 
3 774 670 685 
3 771 883 772 
3 789 774 685 
3 886 789 892 
3 1915 1810 1912 
3 1805 1810 1712 
3 1708 1712 1608 
3 1501 1507 1404 
3 1608 1507 1605 
3 1402 1404 1307 
3 1203 1301 1307 
3 1203 1098 1097 
3 1097 1098 992 
3 992 883 988 
3 987 886 892 
3 2219 2117 2115 
3 2013 2115 2016 
3 2013 1915 1912 
3 1088 1090 987 
3 1195 1090 1088 
3 2179 2144 2247 
3 2179 2065 2144 
3 1963 2065 1976 
3 2247 2352 2291 
3 2831 2757 2687 
3 2687 2526 2595 
3 2595 2526 2466 
3 2406 2352 2466 
3 1963 1976 1875 
3 2831 2864 2757 
3 1875 1780 1772 
3 1772 1780 1677 
3 1677 1686 1588 
3 1593 1490 1588 
3 2888 2900 2817 
3 2797 2864 2888 
3 2900 2826 2817 
3 2538 2426 2429 
3 2689 2538 2542 
3 2692 2825 2689 
3 2826 2825 2692 
3 2426 2322 2429 
3 2218 2322 2219 
3 1493 1391 1490 
3 1291 1295 1195 
3 1391 1295 1291 
3 774 771 670 
3 881 883 771 
3 886 774 789 
3 1912 1810 1805 
3 1805 1712 1708 
3 1608 1605 1708 
3 1501 1404 1402 
3 1605 1507 1501 
3 1301 1402 1307 
3 1199 1301 1203 
3 1097 1199 1203 
3 1097 992 988 
3 988 883 881 
3 987 986 886 
3 2218 2219 2115 
3 2114 2115 2013 
3 2013 1912 2010 
3 1090 986 987 
3 1195 1197 1090 
3 2179 2247 2291 
3 2089 2065 2179 
3 1976 2065 2089 
3 2291 2352 2406 
3 2757 2581 2687 
3 2581 2526 2687 
3 2466 2526 2406 
3 1976 1881 1875 
3 2757 2864 2797 
3 1875 1881 1780 
3 1780 1686 1677 
3 1686 1593 1588 
3 1493 1490 1593 
3 2888 2817 2797 
3 2826 2688 2817 
3 2542 2538 2429 
3 2692 2689 2542 
3 2692 2688 2826 
3 2429 2322 2321 
3 2321 2322 2218 
3 1493 1396 1391 
3 1295 1197 1195 
3 1391 1396 1295 
3 881 771 774 
3 881 774 886 
3 1904 1912 1805 
3 1802 1805 1708 
3 1708 1605 1703 
3 1498 1501 1402 
3 1600 1605 1501 
3 1398 1402 1301 
3 1297 1301 1199 
3 1095 1199 1097 
3 988 1095 1097 
3 881 986 988 
3 886 986 881 
3 2218 2115 2114 
3 2013 2010 2114 
3 2010 1912 1904 
3 1090 1095 986 
3 1197 1095 1090 
3 2291 2222 2179 
3 2222 2089 2179 
3 2089 1985 1976 
3 2406 2340 2291 
3 2757 2628 2581 
3 2449 2526 2581 
3 2406 2526 2449 
3 1976 1985 1881 
3 2797 2628 2757 
3 1780 1881 1786 
3 1780 1786 1686 
3 1686 1690 1593 
3 1593 1594 1493 
3 2797 2817 2660 
3 2817 2688 2660 
3 2429 2427 2542 
3 2692 2542 2541 
3 2541 2688 2692 
3 2321 2427 2429 
3 2321 2218 2214 
3 1493 1495 1396 
3 1295 1297 1197 
3 1396 1297 1295 
3 1904 1805 1802 
3 1802 1708 1703 
3 1703 1605 1600 
3 1498 1402 1398 
3 1600 1501 1498 
3 1398 1301 1297 
3 1297 1199 1197 
3 1197 1199 1095 
3 986 1095 988 
3 2214 2218 2114 
3 2114 2010 2109 
3 2005 2010 1904 
3 2291 2340 2222 
3 2222 2154 2089 
3 2089 2085 1985 
3 2449 2340 2406 
3 2581 2628 2490 
3 2581 2490 2449 
3 1881 1985 1889 
3 2797 2660 2628 
3 1786 1881 1889 
3 1786 1690 1686 
3 1593 1690 1594 
3 1594 1495 1493 
3 2660 2688 2532 
3 2542 2427 2541 
3 2532 2688 2541 
3 2315 2427 2321 
3 2315 2321 2214 
3 1495 1398 1396 
3 1396 1398 1297 
3 1802 1899 1904 
3 1798 1802 1703 
3 1698 1703 1600 
3 1495 1498 1398 
3 1600 1498 1596 
3 2109 2214 2114 
3 2109 2010 2005 
3 1904 1899 2005 
3 2222 2340 2264 
3 2154 2085 2089 
3 2264 2154 2222 
3 2085 1989 1985 
3 2374 2340 2449 
3 2628 2512 2490 
3 2449 2490 2374 
3 1985 1989 1889 
3 2628 2660 2512 
3 1788 1786 1889 
3 1788 1690 1786 
3 1594 1690 1693 
3 1596 1495 1594 
3 2660 2532 2512 
3 2541 2427 2423 
3 2541 2423 2532 
3 2423 2427 2315 
3 2315 2214 2207 
3 1798 1899 1802 
3 1798 1703 1698 
3 1596 1698 1600 
3 1596 1498 1495 
3 2207 2214 2109 
3 2103 2109 2005 
3 2005 1899 1999 
3 2264 2340 2374 
3 2180 2085 2154 
3 2180 2154 2264 
3 2091 1989 2085 
3 2490 2512 2393 
3 2490 2393 2374 
3 1889 1989 1891 
3 1788 1889 1891 
3 1693 1690 1788 
3 1693 1596 1594 
3 2512 2532 2412 
3 2532 2423 2412 
3 2423 2315 2307 
3 2307 2315 2207 
3 1892 1899 1798 
3 1793 1798 1698 
3 1693 1698 1596 
3 2207 2109 2103 
3 2103 2005 1999 
3 1999 1899 1892 
3 2374 2283 2264 
3 2091 2085 2180 
3 2264 2283 2180 
3 1994 1989 2091 
3 2512 2412 2393 
3 2393 2283 2374 
3 1891 1989 1994 
3 1891 1793 1788 
3 1788 1793 1693 
3 2412 2423 2307 
3 2201 2307 2207 
3 1892 1798 1793 
3 1793 1698 1693 
3 2207 2103 2201 
3 2098 2103 1999 
3 1994 1999 1892 
3 2180 2191 2091 
3 2283 2191 2180 
3 2091 2098 1994 
3 2393 2412 2301 
3 2393 2301 2283 
3 1994 1892 1891 
3 1892 1793 1891 
3 2412 2307 2301 
3 2301 2307 2201 
3 2201 2103 2098 
3 2098 1999 1994 
3 2091 2191 2098 
3 2301 2191 2283 
3 2201 2191 2301 
3 2098 2191 2201 

