# vtk DataFile Version 4.2
vtk output
ASCII
DATASET POLYDATA
POINTS 3009 float
-174.586 48.8499 91.832 -174.481 60.3567 67.6792 -174.364 47.3644 76.5202 
-174.24 50.2667 107.013 -174.196 61.9797 83.2242 -173.937 36.5874 100.998 
-173.702 34.7906 85.8021 -173.558 38.35 116.124 -173.422 62.629 98.6346 
-173.422 45.5543 61.2374 -173.216 26.9779 126.361 -173.072 57.6531 52.0456 
-173.005 24.6969 110.545 -172.961 29.9498 142.234 -172.956 32.8929 70.5613 
-172.914 40.3293 131.485 -172.892 22.6148 95.306 -172.72 13.1881 120.549 
-172.687 15.9243 136.805 -172.573 10.7361 104.986 -172.477 20.3778 80.0548 
-172.374 -0.661693 114.72 -172.289 2.2975 130.407 -172.195 8.22752 89.6931 
-171.995 -11.5279 124.186 -171.971 -3.658 99.4552 -171.915 52.4835 122.135 
-171.817 62.373 113.142 -171.796 -15.1596 109.176 -171.728 43.5581 45.4779 
-171.534 30.9239 55.2698 -171.158 18.1448 64.9143 -171.071 -26.1805 118.758 
-171.034 -7.86958 139.761 -170.986 5.12962 146.96 -170.952 5.63457 74.6254 
-170.887 55.7183 35.9008 -170.826 -6.58842 84.5023 -170.78 72.1092 59.1475 
-170.573 19.2075 152.779 -170.532 -18.4854 94.491 -170.314 -21.2448 132.814 
-170.151 -30.0847 104.3 -169.957 74.3398 74.9543 -169.715 68.8962 43.3562 
-169.648 41.9649 29.5145 -169.552 28.8514 39.8652 -169.318 44.2647 145.614 
-169.266 52.8 134.096 -169.193 16.0844 49.8283 -168.985 -9.3933 69.6075 
-168.949 3.30453 59.6451 -168.877 -21.6843 79.6613 -168.4 -33.5347 89.7183 
-167.983 74.2345 90.4848 -167.825 -16.7677 147.543 -167.806 -40.9464 114.879 
-167.601 26.7428 24.2897 -167.453 -24.6651 64.6925 -167.439 13.7278 34.5237 
-167.403 -27.703 140.579 -167.385 -11.8161 54.6114 -167.33 0.935561 44.5491 
-167.243 40.4512 13.2286 -167.226 -36.9362 74.9098 -167.171 55.6988 18.2241 
-167.017 -34.667 128.293 -166.962 34.0084 156.481 -166.88 66.9505 26.9154 
-166.878 -44.8743 100.153 -166.584 -40.0992 59.8841 -166.575 -27.2639 49.6394 
-166.555 -14.4789 39.4713 -166.553 -5.83317 155.664 -166.424 73.187 105.551 
-166.197 -1.61554 29.3336 -166.025 24.6036 8.58625 -166.02 11.3351 19.1541 
-165.747 -36.909 -345.017 -165.644 -29.6145 34.2851 -165.544 -51.9545 -339.179 
-165.501 -16.94 24.1934 -165.411 -48.2734 85.3161 -165.322 -42.3942 44.5124 
-164.997 -38.083 -329.913 -164.989 -50.399 -354.046 -164.946 7.88411 161.637 
-164.844 37.6556 -2.3783 -164.834 -52.1054 70.4537 -164.661 -4.14286 14.1089 
-164.495 69.7216 119.184 -164.461 8.74153 3.81585 -164.073 -23.6302 -336.292 
-164.066 21.6355 -6.79024 -163.877 -22.0083 -350.935 -163.855 -55.2425 55.0467 
-163.597 -65.5541 -348.05 -163.456 -52.527 -323.758 -163.376 53.7715 1.86212 
-163.235 -31.7816 18.9948 -163.172 -34.7953 -359.233 -163.106 -19.258 8.96704 
-163.013 -38.7007 -314.303 -162.896 -6.67618 -1.15081 -162.868 -24.4238 -321.052 
-162.756 6.00901 -11.5091 -162.74 64.6539 131.686 -162.603 -44.3403 29.1453 
-162.343 -66.1052 -332.64 -161.732 57.3018 143.944 -161.647 34.2112 -17.3685 
-161.551 81.3715 51.1662 -161.4 22.7552 165.815 -161.345 18.5498 -21.94 
-161.255 -9.5452 -343.051 -160.991 -57.0804 39.4583 -160.715 83.119 66.8229 
-160.713 -24.6134 -305.248 -160.704 78.1455 35.6469 -160.566 -10.5725 -328.339 
-160.56 -52.6658 -308.025 -160.136 -19.7925 -364.268 -160.093 -9.00094 -16.3289 
-160.064 -7.54259 -356.297 -159.931 -21.3748 -6.19726 -159.8 -38.7136 -297.695 
-159.653 3.33987 -26.6304 -159.646 49.9866 -12.8805 -159.555 48.4179 156.367 
-159.476 -46.6924 124.704 -159.38 -39.5101 138.06 -159.295 -52.8464 110.689 
-159.292 -63.5929 -361.954 -159.259 -78.999 -341.164 -159.214 -33.6844 3.9321 
-159.146 -29.8456 149.645 -159.12 -66.094 -317.448 -159.072 82.9684 82.308 
-158.997 -10.7038 -313.043 -158.926 -57.4937 96.0062 -158.906 -78.5015 -356.391 
-158.696 74.2985 20.5732 -158.118 -61.3683 81.1079 -158.065 -17.862 158.694 
-158.054 -46.0136 14.0663 -157.815 -47.8143 -366.69 -157.688 -65.6792 66.0935 
-157.657 30.7996 -32.106 -157.654 15.6026 -36.8574 -157.652 68.8328 6.92094 
-157.5 -24.6739 -289.093 -157.447 81.7914 97.4818 -157.107 3.48009 -350.292 
-156.88 2.62383 -336.183 -156.741 -11.1313 -31.6487 -156.479 -10.7855 -297.505 
-156.309 -23.2474 -21.3629 -156.277 0.856983 -41.9068 -156.24 -79.0451 -326.093 
-156.181 -58.3179 24.3514 -156.151 -68.7093 50.5644 -156.049 -4.08885 166.544 
-156.047 -52.4033 -288.113 -155.871 -38.7107 -279.799 -155.87 -65.8983 -302.539 
-155.67 79.2646 112.165 -155.543 2.53887 -321.098 -155.365 45.9471 -27.2583 
-155.022 -35.3683 -11.1175 -155.014 7.64121 -361.246 -154.943 37.5732 166.513 
-154.235 12.7559 -51.9246 -154.231 64.5221 -7.52026 -154.143 -24.9541 -272.474 
-153.928 27.5598 -46.8882 -153.817 -91.0367 -349.316 -153.687 75.1055 126.078 
-153.511 2.74078 -305.805 -153.499 -13.4167 -47.1115 -153.376 -11.141 -281.741 
-153.229 -1.73419 -57.1705 -153.206 -32.2663 -369.058 -153.073 -47.4047 -0.814132 
-153.032 13.5905 -345.711 -152.896 -25.086 -36.8659 -152.895 -65.6221 -290.086 
-152.82 10.7093 171.597 -152.675 -38.6901 -263.142 -152.674 -70.2672 35.0861 
-152.443 -78.7356 -311.362 -152.272 -52.2348 -269.792 -151.834 69.0855 139.581 
-151.564 -91.1574 -334.688 -151.482 42.2611 -41.8326 -151.419 -37.042 -26.5031 
-151.346 -3.8034 -370.451 -151.157 -25.0914 -256.578 -151.149 -59.5914 9.4411 
-150.867 9.95517 -67.0638 -150.839 15.2187 -329.587 -150.581 -15.7813 -62.4741 
-150.564 -38.5626 -247.777 -150.556 2.41618 -290.525 -150.445 60.311 -21.9147 
-150.277 -11.5906 -265.821 -150.239 24.4501 -61.7694 -150.037 60.9274 152.562 
-149.985 -52.1023 -254.369 -149.981 -90.0273 -364.202 -149.922 -65.4061 -276.185 
-149.84 -4.41243 -72.4515 -149.761 -26.9901 -52.3748 -149.681 -17.1652 -371.879 
-149.417 87.9662 43.5766 -149.228 -38.2911 -232.467 -149.223 -24.9411 -241.186 
-149.175 -78.4153 -297.025 -149.085 -48.9301 -16.0944 -149.078 89.5661 58.929 
-148.974 15.3966 -314.181 -148.912 85.1249 28.3692 -148.902 -75.3111 -367.618 
-148.734 21.8992 -358.793 -148.624 -51.9226 -239.19 -148.408 -38.6251 -42.2574 
-148.264 -71.5146 19.9288 -148.152 89.8894 74.2833 -147.958 25.7502 174.309 
-147.914 -18.488 -77.9303 -147.877 38.9016 -56.5445 -147.846 -11.6663 -250.094 
-147.797 -90.8697 -320.155 -147.753 -54.7446 119.697 -147.747 -65.4152 -261.077 
-147.743 -47.2371 133.106 -147.625 6.91915 -82.3518 -147.62 81.4761 13.4396 
-147.513 1.73186 -274.988 -147.427 -24.6247 -225.831 -147.358 -38.3366 145.752 
-147.35 -60.8598 105.568 -147.281 -28.9755 -67.7945 -147.156 -71.9722 76.6629 
-147.125 24.3262 -348.552 -147.089 -77.0152 61.6907 -147.069 -51.5233 -223.925 
-147.037 -66.392 91.1186 -146.971 -37.8172 -217.208 -146.903 -7.83123 -87.9749 
-146.856 21.3278 -76.7836 -146.815 89.1279 89.4903 -146.787 -59.8111 -370.127 
-146.719 56.2448 -36.3503 -146.689 -60.9316 -5.7292 -146.681 -27.8192 157.205 
-146.598 51.3825 164.38 -146.397 15.3738 -298.976 -146.265 12.9734 -371.545 
-146.17 -78.1773 -282.962 -145.962 -11.4743 -234.614 -145.911 -50.5001 -31.9068 
-145.831 -65.188 -246.055 -145.812 -80.3458 46.2623 -145.637 77.2389 -1.15243 
-145.534 -40.1497 -57.8225 -145.516 26.7532 -338.312 -145.367 87.2625 104.388 
-145.25 -30.6453 -82.9158 -145.146 -23.1701 -94.0894 -145.052 -15.1272 166.241 
-145.036 -24.2541 -210.554 -144.913 -101.849 -343.382 -144.784 1.24775 -259.205 
-144.556 -100.524 -356.962 -144.486 -64.9004 -230.923 -144.452 -11.3345 -103.424 
-144.389 3.51169 -97.5266 -144.359 -50.8791 -208.673 -144.289 -37.3402 -201.871 
-144.027 35.4785 -71.1961 -143.966 -90.3321 -305.521 -143.943 -72.956 4.81221 
-143.938 -44.0837 -372.66 -143.805 -11.2152 -219.274 -143.649 -78.0645 -268.331 
-143.596 83.8499 118.975 -143.4 -41.5236 -73.1019 -143.353 27.5542 -322.818 
-143.269 18.0243 -91.7842 -143.261 14.6923 -283.684 -143.168 52.5164 -50.9217 
-143.128 -51.6779 -47.8892 -143.086 -26.357 -109.65 -143.013 -62.3286 -21.329 
-142.883 72.9611 -15.6559 -142.853 -82.2921 30.893 -142.561 -23.7962 -195.134 
-142.5 -1.14175 173.56 -142.482 -14.3093 -118.548 -142.43 1.16572 -243.472 
-142.386 -64.1956 -215.697 -142.362 -36.3552 -186.362 -142.137 -41.6518 -87.8015 
-142.058 -50.0374 -193.209 -141.871 28.6656 -371.111 -141.861 0.265736 -112.64 
-141.763 -77.981 -253.323 -141.702 79.0557 133.396 -141.575 -101.807 -329.32 
-141.235 -28.9582 -124.939 -141.196 -40.9308 -101.893 -141.184 40.3406 174.045 
-141.146 -11.0243 -203.905 -141.037 35.7402 -357.587 -140.897 -90.0974 -290.935 
-140.723 27.4759 -307.581 -140.663 -17.1436 -133.691 -140.442 -52.5829 -63.4184 
-140.342 -22.7366 -179.76 -140.339 -28.7076 -373.814 -140.324 32.0949 -85.9631 
-140.316 1.29004 -228.048 -140.298 -35.0421 -171.013 -140.146 13.7526 -268.206 
-140.083 -77.7092 -238.163 -140.067 -74.3291 -10.6465 -139.941 -48.7333 -177.764 
-139.928 -41.576 -116.538 -139.828 -31.2693 -140.256 -139.758 -63.493 -37.9254 
-139.742 -2.83049 -127.609 -139.681 -63.2959 -200.288 -139.662 72.3325 147.333 
-139.659 68.9162 -30.2045 -139.568 14.4919 -106.606 -139.505 -33.2914 -155.604 
-139.328 -84.1565 15.6462 -139.293 49.0567 -65.4676 -139.193 -19.4661 -148.989 
-138.995 -21.345 -164.379 -138.817 13.4925 178.288 -138.745 -10.5254 -188.539 
-138.705 -53.291 -78.6157 -138.688 38.2333 -344.716 -138.646 -43.275 -131.65 
-138.582 -47.1114 -162.339 -138.226 -77.1142 -222.949 -138.15 -89.9377 -276.236 
-138.085 -45.2427 -146.97 -137.811 1.38573 -212.777 -137.731 -101.477 -314.613 
-137.687 -53.6663 -93.5404 -137.588 26.862 -292.354 -137.546 -62.113 -184.749 
-137.501 -5.73463 -142.532 -137.287 13.1229 -252.668 -137.139 11.2414 -121.614 
-137.116 -13.6241 -374.933 -136.995 63.8401 160.18 -136.989 94.0518 36.0281 
-136.919 -9.40362 -173.217 -136.865 95.6331 51.3135 -136.753 28.5674 -100.73 
-136.719 -63.9617 -54.0301 -136.66 -54.4564 -108.468 -136.564 39.1674 -331.071 
-136.44 91.4348 20.8365 -136.341 64.9946 -44.7861 -136.297 -7.94943 -157.784 
-136.283 96.2489 66.6167 -136.263 -75.5585 -27.8732 -136.19 -86.018 0.621804 
-136.147 -60.6263 -169.28 -135.812 -55.6399 -123.382 -135.787 -89.737 -261.143 
-135.684 -76.1231 -207.559 -135.65 45.6077 -80.1001 -135.557 1.3376 -375.882 
-135.403 -98.906 -363.394 -135.311 43.1238 -372.321 -135.296 1.53723 -197.426 
-135.284 -81.3823 71.9538 -135.274 -58.9174 -153.873 -135.272 -86.8127 57.1115 
-135.258 95.7266 81.7947 -135.189 -57.1576 -138.52 -135.188 -53.4011 127.373 
-135.175 -85.6438 -367.608 -135.172 87.9442 5.88543 -135.103 -61.0919 113.97 
-135.046 -107.329 -353.058 -134.97 -44.7344 140.21 -134.876 12.9713 -237.105 
-134.833 -74.8782 86.3186 -134.805 -67.9726 100.141 -134.644 7.92265 -136.415 
-134.341 -64.3712 -69.4161 -134.266 -35.0292 152.171 -134.233 25.7456 -277.072 
-134.212 -90.7217 41.8744 -134.174 -100.862 -299.781 -134.153 39.0855 -316.414 
-134.019 94.2115 96.6033 -133.949 -89.5664 -245.864 -133.824 -70.7005 -370.394 
-133.636 28.269 180.473 -133.599 -75.0159 -191.968 -133.404 24.8217 -115.472 
-133.236 2.08785 -182.074 -133.218 -110.321 -339.33 -133.139 83.7765 -8.79965 
-133.049 -87.2613 -13.673 -133.046 16.6506 -377.714 -132.985 -24.1549 162.758 
-132.883 -64.8829 -84.67 -132.834 53.8627 171.383 -132.628 61.3486 -59.2458 
-132.627 4.97569 -151.228 -132.579 91.623 111.333 -132.488 12.9758 -221.714 
-132.362 -75.8814 -45.3587 -132.321 -89.2498 -230.441 -132.173 48.7425 -354.932 
-132.172 3.1009 -166.592 -132.128 -93.8293 26.7094 -131.999 -73.5893 -176.42 
-131.933 -65.9021 -99.8288 -131.904 41.7998 -94.6953 -131.822 -55.2238 -372.173 
-131.29 -100.69 -284.883 -131.213 -67.2824 -115.014 -131.08 -72.0554 -160.915 
-131.027 -11.5514 171.549 -130.949 24.5483 -261.758 -130.868 87.8243 126.28 
-130.735 38.1774 -301.24 -130.729 -68.8027 -130.181 -130.626 -70.395 -145.479 
-130.584 79.742 -23.4029 -130.36 21.199 -130.189 -130.313 -87.7285 -25.2762 
-130.201 -96.7384 11.801 -130.17 -88.357 -214.987 -130.06 12.9979 -206.474 
-129.974 -111.008 -324.45 -129.455 49.9796 -340.535 -129.352 -75.6337 -60.6761 
-129.325 -39.7349 -373.96 -128.855 82.259 140.965 -128.843 -100.579 -269.641 
-128.758 57.8767 -73.7459 -128.475 1.93599 178.945 -128.373 38.0041 -109.349 
-128.34 31.0368 -380.036 -128.019 17.8164 -144.947 -128.013 13.2466 -191.061 
-127.983 -87.1985 -199.352 -127.933 23.6863 -246.358 -127.703 75.9249 -38.0284 
-127.555 -98.5117 -2.45332 -127.293 -87.6813 -37.5902 -127.058 -75.6814 -75.8282 
-126.925 36.7391 -286.016 -126.901 13.8251 -175.471 -126.856 42.7229 180.15 
-126.846 -100.541 -254.13 -126.751 50.0866 -325.743 -126.743 53.9591 -376.465 
-126.685 15.1706 -160.017 -126.445 -110.771 -309.122 -126.413 74.9703 154.713 
-126.248 -24.4841 -374.97 -126.246 -85.8273 -183.68 -125.924 -76.6162 -91.1742 
-125.493 23.504 -230.928 -125.314 54.2989 -88.4387 -125.198 -84.3973 -168.033 
-125.107 -100.361 -238.484 -125.106 -78.0145 -106.383 -124.971 33.9212 -123.814 
-124.878 -99.3987 -15.7859 -124.827 16.3872 184.041 -124.782 57.4808 -365.223 
-124.665 -82.8916 -152.482 -124.649 -79.6348 -121.65 -124.516 72.3876 -52.6189 
-124.458 99.9385 28.502 -124.436 101.591 43.8943 -124.367 -81.2169 -136.998 
-123.992 102.286 59.2801 -123.77 97.0146 13.2916 -123.743 -87.0591 -52.1215 
-123.474 -9.62039 -376.591 -123.352 35.0333 -270.813 -123.349 -99.8501 -222.737 
-123.294 48.8797 -310.39 -123.254 -110.345 -294.008 -123.237 66.1032 167.065 
-123.184 23.6052 -215.576 -123.159 101.894 74.4757 -122.997 -90.0809 67.076 
-122.928 -95.9538 52.3699 -122.545 -59.5936 121.796 -122.528 -83.1392 81.4682 
-122.409 -50.8582 134.502 -122.372 -100.973 37.5467 -122.371 93.2152 -1.6557 
-122.332 -67.8139 108.753 -122.294 -113.761 -350.25 -122.218 -75.6169 95.3339 
-122.204 30.0544 -138.408 -122.102 -102.55 -362.856 -122.101 100.559 88.9674 
-121.922 59.3352 -351.441 -121.806 -95.7499 -365.709 -121.712 -41.4112 146.584 
-121.666 50.3195 -103.022 -121.551 -105.29 22.6355 -121.508 -99.1682 -29.3355 
-121.02 -86.6098 -67.2384 -121.009 23.6546 -200.253 -121.007 43.6211 -382.18 
-120.988 5.03919 -377.941 -120.957 -98.6187 -206.831 -120.837 98.4046 103.358 
-120.705 -118.102 -335.379 -120.7 -81.1863 -368.859 -120.645 -110.28 -278.775 
-120.615 -31.3386 157.61 -120.601 68.9132 -67.0315 -120.388 26.6956 -153.265 
-120.257 88.9434 -16.3154 -119.963 33.5841 -255.54 -119.904 -108.426 8.03126 
-119.876 23.8978 -184.51 -119.671 24.4375 -168.618 -119.439 31.0354 186.256 
-119.331 95.2297 118.375 -119.1 -97.2902 -190.905 -119.071 -65.7995 -370.986 
-119.055 47.1565 -294.97 -118.994 59.6099 -336.607 -118.994 -86.8835 -82.4326 
-118.936 -20.6089 167.62 -118.589 -110.391 -263.128 -118.486 46.2327 -117.535 
-118.476 56.1278 177.63 -117.883 85.1544 -30.9997 -117.786 -87.9895 -97.6965 
-117.78 -95.8235 -175.14 -117.766 -110.414 -6.37403 -117.634 -119.221 -319.174 
-117.567 90.7527 133.67 -117.518 -98.0305 -43.6449 -117.185 -89.5665 -112.953 
-117.141 -8.39236 176.577 -117.099 -94.3596 -159.491 -117.06 -50.3697 -372.497 
-117.054 32.7563 -240.186 -116.969 19.5538 -379.713 -116.871 -110.45 -247.209 
-116.816 64.8972 -375.866 -116.814 -91.1677 -128.326 -116.738 -92.7319 -143.911 
-116.625 65.1691 -81.5115 -115.338 84.5625 148.236 -115.292 41.7881 -131.875 
-115.204 58.8991 -320.149 -115.086 -110.086 -231.208 -114.958 81.6446 -45.5676 
-114.939 44.8549 -279.839 -114.886 -110.425 -20.8528 -114.728 4.86923 184.273 
-114.612 -35.0638 -374.049 -114.597 32.5796 -224.815 -114.454 -119.119 -303.429 
-114.216 67.561 -362.568 -114.01 -97.1948 -58.4864 -113.135 61.3401 -96.1387 
-113.064 37.8448 -146.557 -112.986 -109.221 -214.888 -112.51 76.8352 161.514 
-112.44 45.1276 185.995 -112.355 54.2134 -383.977 -112.35 32.7414 -209.561 
-111.997 33.4966 -380.753 -111.814 -19.9591 -375.395 -111.782 -119.119 -288.103 
-111.655 34.6366 -161.676 -111.559 106.715 36.7315 -111.438 -96.7285 -73.7982 
-111.368 104.461 21.2099 -111.232 78.5299 -59.9177 -111.217 107.495 52.4139 
-111.2 42.6931 -264.695 -111.12 68.224 -348.293 -111.046 32.9403 -177.473 
-110.928 33.1381 -193.986 -110.839 -107.903 -198.365 -110.811 18.9304 189.45 
-110.639 101.165 5.91085 -110.63 -108.73 -35.2909 -110.525 107.367 68.4383 
-110.519 56.7531 -303.906 -110.512 -104.795 47.5972 -110.432 -98.3512 62.1077 
-110.383 -110.619 32.9611 -110.119 57.3441 -110.818 -110.037 -91.1036 76.4857 
-109.791 -57.3913 129.584 -109.747 106.272 80.9201 -109.738 -66.4461 117.092 
-109.626 -97.2456 -89.0489 -109.604 -83.2593 90.5092 -109.59 -75.2008 104.126 
-109.569 -115.157 18.1651 -109.493 -119.246 -272.648 -109.485 -120.59 -347.149 
-109.427 -106.525 -182.278 -109.295 97.0903 -9.10811 -109.288 -48.154 141.586 
-108.966 -108.689 -359.848 -108.834 -5.41195 -377.11 -108.745 -98.6299 -104.332 
-108.693 67.8365 173.095 -108.672 104.473 94.4968 -108.637 -105.06 -166.497 
-108.427 -38.3304 152.794 -108.375 -100.409 -119.629 -108.175 -103.46 -150.869 
-108.102 -101.926 -135.217 -108.076 -118.491 3.25038 -107.82 41.0946 -249.439 
-107.807 -119.648 -256.589 -107.784 -92.4039 -366.538 -107.77 -125.605 -330.412 
-107.356 92.9792 -23.9076 -107.298 101.495 109.832 -107.289 67.9041 -332.561 
-107.26 52.9138 -125.341 -106.962 74.8187 -74.2272 -106.916 -107.445 -50.0152 
-106.433 -28.6589 163.142 -106.318 -76.1639 -369.511 -106.073 54.0949 -288.782 
-106.022 -119.482 -240.146 -105.851 74.3968 -373.423 -105.798 -119.684 -11.8223 
-105.658 97.432 125.527 -105.44 33.0642 192.024 -105.156 9.0175 -378.674 
-104.894 -17.8696 173.093 -104.884 40.2306 -234.102 -104.812 89.248 -38.449 
-104.794 -126.653 -313.33 -104.642 48.3445 -139.831 -104.48 -60.6772 -371.345 
-104.219 44.388 -381.366 -103.906 -118.732 -223.445 -103.772 57.84 183.093 
-103.607 92.0654 140.64 -103.47 -106.344 -64.9205 -103.4 -5.91925 182.124 
-103.187 71.1912 -88.8372 -103.058 44.4832 -154.691 -102.894 75.7392 -359.887 
-102.637 -118.798 -26.7311 -102.417 40.1323 -218.854 -102.288 -45.3689 -372.728 
-102.207 41.5126 -170.009 -102.206 -126.936 -297.575 -102.165 65.7609 -382.929 
-101.891 51.1511 -273.848 -101.774 -117.619 -206.277 -101.408 65.3298 -312.364 
-101.14 -106.101 -80.3106 -101.078 85.3963 154.819 -100.967 86.0747 -52.474 
-100.894 7.04658 189.7 -100.863 23.5304 -380.055 -100.555 40.7808 -203.582 
-100.214 -116.376 -189.561 -100.161 67.0538 -103.758 -99.9533 -127.355 -282.104 
-99.855 -107.196 -95.6456 -99.6902 -30.2584 -374.27 -99.6376 41.5659 -187.921 
-99.3859 -109.001 -110.97 -99.3024 -115.014 -173.494 -99.2788 75.8131 -345.203 
-99.0191 -110.629 -126.547 -98.9608 -117.089 -41.5551 -98.8126 -113.48 -157.847 
-98.7406 -112.018 -142.224 -98.193 46.7174 191.516 -98.1441 -127.848 -266.386 
-98.0526 109.936 29.7887 -98.0302 48.5625 -258.762 -97.8973 77.5153 167.389 
-97.8625 111.263 45.98 -97.7795 107.359 14.1036 -97.7076 -112.951 42.5679 
-97.6517 -106.11 56.9574 -97.634 62.7368 -118.528 -97.4866 -118.971 27.9729 
-97.2894 -98.6658 71.2833 -97.2861 -55.131 137.537 -97.2814 111.362 63.3848 
-97.2458 -64.397 125.356 -97.1139 20.549 195.51 -97.0778 103.756 -1.28693 
-96.9221 -73.5805 112.647 -96.9208 -90.6671 85.39 -96.8991 -45.2984 149 
-96.7341 -82.3149 99.2446 -96.7301 -123.808 13.0386 -96.6859 -15.4807 -375.809 
-96.6326 62.4775 -297.493 -96.5645 -127.807 -343.262 -96.542 38.5388 -380.987 
-96.4897 -128.215 -250.114 -96.269 -116.795 -356.639 -96.2189 82.8995 -66.1681 
-96.1526 109.648 83.564 -95.9274 99.6354 -16.4703 -95.6379 74.7962 -331.611 
-95.4548 -127.2 -2.24638 -95.257 -115.34 -56.4039 -95.2454 58.0518 -133.058 
-95.0306 -35.7982 159.643 -94.993 -102.134 -363.881 -94.8326 106.796 100.568 
-94.6542 46.8352 -243.499 -94.413 -127.71 -232.568 -94.407 -132.579 -324.131 
-94.3028 95.4895 -31.4443 -94.0689 80.0484 -373.861 -93.9791 68.8307 178.291 
-93.605 53.7145 -147.732 -93.5438 -86.3657 -367.664 -93.5095 46.7267 -177.296 
-93.3657 103.016 116.872 -93.2269 -0.919627 -377.416 -92.9584 49.9726 -162.594 
-92.8599 -127.235 -17.617 -92.4934 -114.83 -71.5029 -92.3292 79.25 -80.7669 
-92.1701 58.949 -282.93 -92.1534 -126.669 -214.499 -92.1358 -26.4323 169.585 
-91.9483 91.617 -46.1354 -91.8839 -133.639 -307.34 -91.8014 -70.6086 -369.912 
-91.7924 46.2522 -228.156 -91.7212 54.1813 -383.117 -91.6861 72.6354 -319.312 
-91.4777 98.0757 132.42 -91.4051 34.4827 197.875 -90.8999 -15.7813 179.59 
-90.8326 -115.553 -86.8323 -90.509 82.1175 -356.716 -90.3669 -125.384 -197.269 
-89.9625 -117.082 -102.182 -89.8555 -134.393 -291.613 -89.703 -55.1634 -371.497 
-89.6405 -118.881 -117.835 -89.6266 -125.597 -32.6888 -89.6094 -4.02009 188.766 
-89.4634 46.5238 -212.895 -89.4538 59.1274 187.677 -89.3151 75.2933 -96.0984 
-89.2646 -124.173 -180.643 -89.1755 13.6977 -378.735 -89.121 92.1348 147.29 
-89.0596 -120.23 -133.507 -88.7879 -122.966 -164.707 -88.7837 -121.572 -149.132 
-88.2618 -135.331 -276.029 -87.9426 55.4159 -268.178 -87.483 47.6299 -197.869 
-87.2671 8.49816 196.382 -87.2601 -40.0709 -372.952 -87.0144 69.7078 -305.988 
-86.7879 81.7365 -341.693 -86.7002 70.9448 -111.288 -86.6297 -136.095 -260.249 
-86.2065 85.0596 161.225 -86.1739 -123.638 -47.6968 -85.5326 -41.7969 157.193 
-85.5071 -52.1571 145.788 -85.0444 70.0517 -381.815 -85.0055 -61.9787 133.761 
-84.86 -136.268 -243.832 -84.718 28.5123 -380.067 -84.5215 -120.385 37.2169 
-84.5021 -113.201 51.6021 -84.4895 66.3993 -126.145 -84.4318 -25.2867 -374.49 
-84.4305 -71.2365 121.156 -84.3999 50.2236 -184.186 -84.2974 -105.584 65.7936 
-84.2571 111.346 22.7497 -84.2398 -126.728 22.5919 -84.1672 113.161 39.2368 
-84.11 52.5179 -253.053 -84.0647 84.9583 -365.907 -84.0238 -97.5418 79.8912 
-83.8735 108.397 7.09691 -83.8589 -125.451 -354.292 -83.8476 47.9794 196.33 
-83.8293 -80.1357 107.901 -83.8122 -88.9821 93.929 -83.8079 -134.794 -340.569 
-83.7795 113.628 56.4465 -83.3373 -131.358 7.41142 -83.2328 104.786 -8.35095 
-83.1413 21.8857 201.269 -83.1295 -122.479 -62.806 -83.0409 54.0672 -169.997 
-83.0121 112.552 74.1495 -82.9565 -136.874 -332.65 -82.9358 61.8623 -140.798 
-82.8434 77.0489 173.842 -82.5119 57.7988 -155.441 -82.415 -135.568 -223.302 
-82.3964 66.1013 -291.882 -82.3876 100.851 -23.7554 -82.349 -111.12 -361.801 
-82.3083 79.2755 -327.922 -82.2168 90.9444 -56.0389 -81.9648 110.475 91.2129 
-81.461 96.6858 -39.1558 -81.3979 -133.389 -8.15031 -81.2572 -123.105 -78.0158 
-81.1345 -10.7052 -376.021 -81.026 86.1272 -71.8783 -81.0226 -139.313 -317.061 
-80.8202 50.8571 -237.636 -80.7736 -95.6255 -365.946 -80.6976 106.95 107.732 
-80.2417 -134.277 -204.095 -80.0192 -124.373 -93.3921 -80.0058 70.7795 181.393 
-79.892 43.6001 -381.368 -79.5331 -126.193 -109.046 -79.1244 -140.539 -301.187 
-79.0971 -79.9776 -368.51 -79.0929 -127.925 -124.708 -79.0347 102.613 123.715 
-78.8675 -132.84 -187.758 -78.8531 -132.612 -23.523 -78.8177 84.3021 -373.44 
-78.6588 -129.435 -140.333 -78.4617 82.0262 -87.3347 -78.1969 -130.609 -155.919 
-78.1913 86.1528 -352.069 -78.0805 -131.666 -171.631 -78.0321 50.9155 -222.2 
-77.8409 61.7973 -277.663 -77.8251 -141.904 -285.559 -77.545 75.9867 -314.246 
-77.4306 -25.0462 176.867 -77.347 3.81282 -377.518 -77.2444 -13.9153 186.992 
-77.0741 -64.5931 -370.02 -76.9519 97.1754 138.925 -76.8437 35.7646 202.669 
-76.4596 -143.072 -269.908 -76.3381 -37.061 166.158 -75.9559 -130.731 -38.7381 
-75.8848 -2.22548 195.764 -75.6414 51.4595 -206.984 -75.4563 77.7039 -103.228 
-75.1798 60.2461 191.761 -74.8815 -143.835 -254.162 -74.6909 -49.4846 -371.626 
-74.56 59.1588 -382.673 -74.1974 -49.1578 154.578 -74.107 90.7045 153.848 
-73.6168 53.1341 -192.16 -73.592 57.9442 -262.905 -73.266 18.4319 -378.838 
-73.2002 -59.124 142.449 -73.1456 10.1177 202.604 -73.1348 84.8032 -337.708 
-73.107 -144.028 -238.162 -73.0173 -129.157 -54.0022 -72.6004 72.2281 -300.763 
-72.5512 73.3929 -118.964 -72.2805 56.4576 -177.508 -72.2507 -68.4369 129.863 
-71.9747 -34.6888 -373.145 -71.4806 -143.675 -224.768 -71.3563 68.795 -133.711 
-71.2787 60.0476 -162.879 -71.1983 -77.4302 116.704 -71.1808 -119.757 45.8988 
-71.131 -111.925 60.0829 -71.106 -133.107 -351.824 -70.9568 64.1864 -148.279 
-70.9048 -103.647 74.1737 -70.8411 -129.181 -69.3145 -70.8322 87.8819 -361.404 
-70.8093 -126.697 31.4035 -70.7825 -140.925 -339.134 -70.6431 -95.116 88.3942 
-70.5634 -86.1996 102.951 -70.327 113.197 31.7619 -70.2981 81.9719 170.33 
-70.173 110.84 15.6894 -70.1648 114.153 48.4544 -69.9827 -132.538 16.5188 
-69.8382 107.792 0.023566 -69.8279 54.8899 -247.465 -69.8127 -119.62 -358.916 
-69.7696 -142.898 -210.488 -69.6703 113.614 65.3641 -69.4534 -130.442 -84.6517 
-69.4435 -144.124 -325.78 -69.3931 104.39 -15.5042 -69.1957 49.1226 200.611 
-68.9382 -132.547 -100.239 -68.9316 -20.3246 -374.655 -68.9286 100.801 -31.0929 
-68.8444 33.2238 -380.059 -68.8375 111.995 82.1476 -68.6868 75.0383 -381.458 
-68.5477 -134.711 -115.867 -68.3698 96.5488 -46.5974 -68.3327 -136.398 1.11676 
-68.2857 91.7083 -62.5999 -68.2142 -141.609 -194.396 -68.1652 -104.497 -363.519 
-68.1568 -136.64 -131.455 -68.1507 23.5504 205.735 -68.1212 81.5759 -323.771 
-67.8601 67.9587 -286.938 -67.8193 109.079 98.5339 -67.7969 -145.736 -310.613 
-67.592 -138.057 -147.073 -67.3638 87.431 -78.128 -67.2409 -140.225 -178.48 
-67.0981 -138.999 -162.721 -66.6886 53.71 -231.615 -66.6629 -147.433 -294.984 
-66.4537 -89.1195 -366.864 -66.4378 105.334 114.575 -66.4162 -137.298 -14.4792 
-65.7304 -149.055 -279.36 -65.7242 83.188 -93.712 -65.5178 70.8626 185.004 
-65.5137 -6.1082 -376.152 -65.0247 -13.5343 196.661 -64.8173 -24.1498 186.081 
-64.5821 -73.7933 -368.785 -64.5814 -150.36 -263.613 -64.5398 100.458 130.092 
-64.3989 88.7117 -348.061 -64.3408 -135.971 -29.8634 -64.0526 48.231 -381.278 
-63.8685 -35.0948 174.923 -63.7284 53.9395 -215.954 -63.327 63.3378 -272.925 
-63.0942 -151.057 -247.865 -62.9803 77.6627 -310.081 -62.8398 88.0322 -372.707 
-62.7324 -46.0166 163.42 -62.6651 -1.23582 204.094 -62.2856 -58.6532 -370.314 
-61.9213 94.6938 145.388 -61.9113 -134.265 -45.0758 -61.7026 8.08655 -377.462 
-61.6205 55.0134 -200.694 -61.6029 37.2293 205.706 -61.557 -56.1834 151.41 
-60.9914 -151.273 -232.261 -60.4014 60.69 195.551 -60.2223 -65.534 138.828 
-60.2102 57.5946 -185.68 -59.703 -133.791 -60.5396 -59.6666 78.9046 -111.618 
-59.5057 -43.8747 -371.871 -59.2058 60.9666 -170.758 -59.2027 59.1162 -258.21 
-58.9648 63.4024 -382.298 -58.8163 -74.403 125.756 -58.8091 -150.958 -216.969 
-58.7191 86.3604 -334.004 -58.5598 65.0396 -156.023 -58.4386 11.9626 208.099 
-58.3732 69.5953 -141.375 -58.3563 87.713 161.3 -58.3453 74.2829 -126.849 
-58.213 -135.102 -75.9123 -58.0189 73.343 -296.311 -58.0009 -140.167 -348.505 
-57.77 -117.497 54.022 -57.7485 -109.295 68.1518 -57.7115 -147.469 -335.174 
-57.6748 -83.142 112.123 -57.6377 22.5566 -378.763 -57.6118 -137.471 -91.4718 
-57.4831 -100.715 82.5522 -57.3646 -140.258 -106.979 -57.3276 -125.043 39.7615 
-57.2783 -91.9976 97.3905 -57.1969 -127.62 -355.928 -57.1018 -149.951 -201.058 
-57.0002 -142.682 -122.561 -56.5236 -144.656 -138.155 -56.5123 -29.5696 -373.296 
-56.3702 -131.569 25.0901 -56.366 111.582 24.0754 -56.3244 112.986 40.1569 
-56.252 109.276 8.27981 -56.1629 -150.048 -319.966 -56.1541 113.121 56.5075 
-56.0843 -148.462 -185.245 -56.0088 106.548 -7.36346 -56.0077 -146.002 -153.856 
-55.7741 91.1622 -359.073 -55.7557 -147.08 -169.579 -55.7083 103.427 -22.9043 
-55.6736 -113.116 -360.701 -55.6577 111.999 73.1019 -55.4323 56.4187 -241.785 
-55.3633 99.921 -38.3951 -55.122 96.0529 -53.8841 -55.0742 -151.9 -304.33 
-55.0232 91.818 -69.2505 -54.9419 -136.56 9.98449 -54.8948 87.5572 -84.5076 
-54.7662 109.641 89.4608 -54.7353 78.9892 176.629 -54.3711 -153.94 -288.694 
-54.3555 83.2065 -99.6301 -54.1846 -24.8577 197.502 -53.9679 -98.0832 -364.507 
-53.9486 50.0679 203.245 -53.6943 -13.6898 207.285 -53.6726 -155.731 -272.954 
-53.5947 106.471 105.442 -53.4097 -16.0003 -374.657 -53.3641 82.5269 -320.016 
-53.3074 -138.35 -5.56683 -53.2933 37.3317 -380.075 -53.1856 68.6175 -282.484 
-53.1465 77.9975 -379.626 -53.0537 -34.5754 185.64 -52.6895 -156.892 -257.14 
-52.5026 25.546 208.335 -52.2359 55.737 -225.016 -52.1245 -82.9396 -367.385 
-52.023 102.325 121.037 -51.7023 -138.371 -21.1386 -51.3257 -43.5251 172.927 
-51.2461 -157.352 -241.256 -50.8958 69.5115 188.964 -50.0758 -2.43823 -375.913 
-49.9751 -137.4 -36.639 -49.9564 -53.1505 160.577 -49.9232 -67.8719 -369.041 
-49.7166 56.1486 -209.161 -49.4386 89.8779 -344.858 -49.1298 97.1044 136.824 
-48.9004 -0.039391 211.056 -48.8949 -157.529 -224.975 -48.7562 63.8642 -268.553 
-48.6009 52.2652 -381.329 -48.3937 -62.4857 148.053 -48.1326 78.2042 -306.121 
-48.0242 -136.858 -51.8739 -47.9603 57.761 -193.899 -47.2005 -52.9184 -370.629 
-47.0037 90.3568 -371.184 -46.7771 60.615 -178.808 -46.6695 -71.3739 135.062 
-46.4989 57.8297 198.755 -46.3998 -138.023 -67.2561 -46.3663 11.6418 -377.323 
-45.9351 38.9036 207.375 -45.8002 64.4456 -163.951 -45.5858 -157.459 -208.062 
-45.5146 -140.635 -82.7025 -45.2784 -143.896 -98.2083 -45.1809 68.7901 -149.149 
-45.1801 -26.8564 210.562 -45.0944 -147.165 -113.666 -45.0557 -79.914 121.651 
-45.0292 90.8931 152.834 -44.9351 -147.205 -344.038 -44.8276 59.8109 -254.03 
-44.7569 -149.877 -129.245 -44.7469 73.1339 -134.378 -44.539 -37.0684 198.592 
-44.5315 -105.981 76.1411 -44.4942 -135.577 -353.012 -44.4701 -114.28 61.7239 
-44.3366 -153.335 -329.556 -44.2753 -151.864 -144.951 -44.2581 -97.4165 91.1768 
-44.2553 77.8581 -119.902 -44.2361 -156.196 -192.068 -44.1802 -38.0998 -372.016 
-43.9463 -122.01 47.5438 -43.9402 -153.386 -160.72 -43.8651 -88.3915 107.217 
-43.8606 -154.681 -176.428 -43.8074 86.7388 -330.555 -43.4738 82.2362 -105.484 
-43.4614 67.1479 -381.391 -43.2412 -121.493 -358.062 -43.1334 -155.411 -313.695 
-43.0872 73.4002 -292.218 -42.9817 13.8427 211.39 -42.9022 -128.842 33.0765 
-42.6606 109.451 16.4101 -42.6232 110.666 32.2057 -42.5279 -157.693 -297.957 
-42.5276 86.535 -91.0776 -42.5091 107.746 0.724564 -42.4797 84.3012 167.821 
-42.4739 111.07 48.1403 -42.301 105.26 -14.8828 -42.2962 26.2168 -378.797 
-42.2464 110.721 64.2288 -42.0862 102.009 -30.3388 -42.0146 -159.978 -282.204 
-42.0051 90.6596 -76.2011 -41.9321 98.5634 -45.7717 -41.8658 94.8197 -61.0884 
-41.7191 108.861 80.4583 -41.5915 -134.219 18.2217 -41.5653 -106.886 -362.167 
-41.5257 -44.0055 184.481 -41.4859 -161.716 -266.401 -41.1792 -24.8823 -373.253 
-40.8055 106.262 96.3713 -40.7827 -162.583 -250.555 -40.7645 57.1856 -234.272 
-40.1835 92.2336 -356.218 -40.105 76.0247 181.424 -40.0871 -138.033 2.96742 
-39.9148 -162.409 -234.735 -39.7473 102.948 111.923 -39.7405 -91.9537 -365.564 
-39.6491 -12.3683 214.411 -39.1909 -161.142 -219.115 -39.0493 65.5915 194.264 
-38.8851 -50.9541 170.536 -38.7037 -139.132 -12.4872 -38.5068 -14.0248 -374.322 
-38.4665 98.7472 127.14 -38.3555 68.3875 -278.263 -38.1045 82.6732 -316.421 
-37.9127 56.6608 -217.631 -37.9048 41.1506 -380.149 -37.7237 51.8109 204.3 
-37.6826 81.6272 -378.499 -37.6129 -77.0506 -367.924 -37.3074 -138.975 -28.0465 
-36.8021 -59.206 157.426 -36.549 27.8485 210.211 -35.7849 57.2324 -202.116 
-35.7682 -138.171 -43.3705 -35.0563 -0.442853 -375.758 -34.9991 -62.1044 -369.405 
-34.9331 -39.6634 211.418 -34.7743 -68.0895 144.575 -34.294 90.2694 -341.482 
-34.2326 59.145 -186.901 -34.2058 -139.338 -58.7294 -34.1063 63.6442 -264.351 
-33.3853 1.9466 213.941 -33.2221 56.1634 -381.016 -33.0933 -142.158 -74.0963 
-33.0237 62.408 -171.861 -33.0144 -47.1956 196.712 -32.8088 -76.5543 131.216 
-32.7635 77.9905 -302.271 -32.6455 -145.932 -89.4801 -32.4548 -149.625 -104.985 
-32.1921 -102.772 83.7408 -32.187 -152.986 -120.497 -32.1772 66.6461 -156.959 
-31.9896 -47.0644 -370.921 -31.8232 -154.819 -339.06 -31.7989 -144.598 -350.526 
-31.7453 -155.679 -136.177 -31.5033 -110.634 69.3856 -31.4034 70.5926 -141.982 
-31.2976 -157.746 -151.965 -31.2433 91.2761 -367.643 -31.125 14.6301 -377.332 
-31.0732 -159.58 -167.719 -30.9534 -84.607 117.402 -30.8828 -160.96 -183.353 
-30.8637 -158.029 -323.027 -30.8596 -162.964 -198.681 -30.7794 -129.861 -355.59 
-30.7713 75.0423 -127.177 -30.7538 -118.2 55.1637 -30.61 60.1571 -250.825 
-30.2676 -160.452 -307.205 -30.1265 41.317 208.452 -30.1068 79.6092 -112.534 
-29.8209 -162.995 -291.362 -29.7628 91.9517 145.49 -29.7457 -24.8338 216.577 
-29.7417 -124.577 40.5331 -29.6629 84.0151 -97.8539 -29.4869 -164.756 -213.255 
-29.4101 -165.3 -275.482 -29.2441 -115.369 -359.621 -29.197 -51.8877 181.916 
-29.1111 96.0391 131.402 -29.0982 88.1795 -83.1359 -29.0727 108.408 24.509 
-29.0586 -166.822 -259.598 -29.028 107.412 8.85493 -28.9979 108.463 40.1881 
-28.8938 105.546 -6.73772 -28.8065 108.12 55.8641 -28.7599 102.826 -22.2439 
-28.7465 -92.9267 102.325 -28.6472 99.6182 -37.6501 -28.6076 -167.032 -243.744 
-28.5902 92.4952 -68.266 -28.5791 106.965 71.6593 -28.5538 96.0818 -52.9498 
-28.4643 86.8148 159.96 -28.4225 -166.268 -228.081 -28.3437 -130.362 25.9041 
-28.2967 86.6701 -327.144 -28.2339 57.9677 -238.952 -28.1264 -29.8327 -372.461 
-27.9892 104.922 87.4114 -27.9808 71.1568 -380.677 -27.6658 72.9993 -288.059 
-27.4392 -100.911 -363.463 -27.4208 102.42 102.771 -27.3908 99.2576 117.575 
-27.1517 80.3343 173.978 -27.0379 16.3157 212.723 -26.9811 29.7566 -378.699 
-26.9175 -134.798 11.015 -25.9256 56.5939 -225.086 -25.9228 72.3061 187.306 
-25.7255 -56.7882 167.412 -25.626 -137.343 -4.19142 -25.3561 -86.2226 -366.266 
-25.1094 53.6301 205.015 -24.8679 62.862 198.129 -24.7917 92.6215 -352.709 
-24.3515 -138.356 -19.6664 -23.8949 -12.5082 -374.204 -23.7259 56.1611 -210.103 
-23.4998 -9.93282 215.883 -23.144 -64.327 153.89 -23.1408 -138.22 -35.007 
-22.9864 67.7592 -273.959 -22.8692 -71.5184 -368.153 -22.7266 -49.4142 208.5 
-22.6044 82.2854 -312.607 -22.5749 44.9395 -380.024 -22.2145 85.3367 -376.554 
-21.9204 56.9422 -194.932 -21.7687 -139.285 -50.3535 -21.231 -99.6653 90.4266 
-20.7988 30.5078 210.872 -20.7709 -72.877 140.819 -20.5279 -142.174 -65.7271 
-20.4731 59.3009 -179.722 -20.0868 -54.7568 193.66 -19.9716 -56.6064 -369.685 
-19.8847 2.92368 -375.88 -19.7997 -146.279 -81.0508 -19.3961 63.1926 -164.644 
-19.3786 -150.222 -96.466 -19.1703 -107.034 76.6388 -19.0788 -153.974 -112.035 
-19.0585 63.1961 -259.972 -18.9065 90.0525 -338.391 -18.7471 -36.4495 215.76 
-18.6836 -80.6809 127.214 -18.6398 -157.349 -127.641 -18.5804 -152.158 -346.617 
-18.4683 67.2598 -149.577 -18.1532 -159.369 -332.092 -18.1161 -159.952 -143.427 
-18.0048 -138.213 -352.918 -17.941 -114.043 62.5358 -17.7757 60.2942 -380.775 
-17.6736 -162.026 -159.253 -17.6527 -162.275 -316.207 -17.6311 71.2078 -134.519 
-17.307 -163.77 -174.959 -17.2571 -164.764 -300.391 -17.2312 77.3983 -298.087 
-17.2097 4.73462 214.81 -16.9258 75.5656 -119.646 -16.9212 -165.357 -190.446 
-16.7773 -167.219 -284.399 -16.7611 -123.774 -357.191 -16.7602 -120.537 47.9864 
-16.5994 -40.914 -371.368 -16.3656 -169.17 -268.399 -16.3571 80.0127 -104.839 
-16.3468 -167.114 -205.661 -16.1142 59.5911 -246.058 -15.9792 -169.495 -252.437 
-15.9073 -168.586 -220.975 -15.8847 18.2612 -377.385 -15.8561 84.4035 -90.0591 
-15.7897 -169.352 -236.616 -15.7889 -88.1703 113.481 -15.7019 -57.6902 178.731 
-15.6387 93.0592 -363.87 -15.6286 106.183 16.9608 -15.6138 104.863 1.4424 
-15.5524 106.267 32.465 -15.5361 92.2921 137.771 -15.5256 102.51 -14.0478 
-15.4347 105.598 47.8638 -15.3948 99.5862 -29.4794 -15.3389 -125.95 33.3568 
-15.3319 95.7777 123.288 -15.3092 104.618 63.2945 -15.2733 44.6157 208.041 
-15.2658 88.7078 -75.3254 -15.2395 96.4361 -44.8864 -15.1143 103.113 78.724 
-15.1088 -109.685 -361.098 -14.9824 92.7416 -60.2871 -14.8975 98.7558 108.747 
-14.8431 101.121 93.9305 -14.4439 87.9703 152.614 -13.8297 -130.672 18.685 
-13.7219 57.0523 -232.028 -13.1997 -95.4544 -364.447 -13.0344 86.2351 -323.54 
-12.9118 -21.6433 216.394 -12.6879 -24.23 -372.808 -12.5884 82.382 167.433 
-12.5502 -133.927 3.74197 -12.5383 75.7934 -380.519 -12.1751 -62.0055 163.963 
-12.0837 57.1241 203.175 -12.0625 72.0994 -283.592 -11.716 33.5969 -378.568 
-11.6761 75.8724 181.298 -11.6098 55.3461 -217.708 -11.4547 67.7531 193.928 
-11.4494 -135.801 -11.5126 -11.0701 19.2888 213.543 -10.8375 -81.1065 -366.668 
-10.8159 -55.3693 205.084 -10.5502 -97.0985 96.5402 -10.3214 -136.888 -26.843 
-9.67579 55.3399 -202.954 -9.63817 92.4384 -349.939 -9.08832 -138.185 -42.1999 
-9.05435 -68.3976 150.092 -8.70686 -8.29997 -374.449 -8.06971 56.3643 -187.75 
-8.0447 -66.3301 -368.466 -7.85525 -141.039 -57.5224 -7.75132 -103.82 83.0327 
-7.60227 66.842 -269.298 -7.46663 -47.311 212.482 -7.28515 48.9734 -379.702 
-7.24505 81.5106 -308.573 -7.06283 -6.97298 215.764 -6.88761 -145.015 -72.8619 
-6.79657 59.2881 -172.423 -6.69055 89.6931 -374.393 -6.60994 -76.2326 136.749 
-6.25343 -149.213 -88.3254 -6.1183 -59.8644 190.216 -5.81062 -153.287 -103.824 
-5.71904 63.478 -157.291 -5.69275 -110.219 69.3545 -5.33297 33.909 211.61 
-5.32988 -157.197 -119.376 -5.0142 -146.125 -350.06 -5.00734 -157.987 -339.85 
-4.87099 -51.0843 -370.023 -4.77185 -162.805 -324.737 -4.74231 -160.394 -135.121 
-4.72083 7.14408 -376.007 -4.67206 67.2812 -142.094 -4.47949 -165.582 -309.011 
-4.21134 62.213 -255.092 -4.18563 -162.794 -151 -4.13768 -83.2578 123.616 
-4.09031 -168.11 -293.107 -4.05529 -116.233 55.167 -3.98291 -131.962 -354.644 
-3.8869 89.7893 -335.574 -3.78935 71.1295 -127 -3.72682 -164.696 -166.766 
-3.49473 -169.713 -277.035 -3.32169 -166.324 -182.435 -3.03615 75.5201 -112.073 
-3.01862 -170.334 -260.985 -2.95065 -167.686 -198.027 -2.72021 -168.793 -213.614 
-2.70558 -118.062 -358.529 -2.68284 89.2934 144.234 -2.67597 -169.696 -229.26 
-2.67381 -170.298 -245.051 -2.58583 92.7915 129.69 -2.46356 64.1628 -380.551 
-2.43284 -121.914 40.8727 -2.41183 102.228 -5.94555 -2.40226 80.1656 -97.2519 
-2.35599 103.889 9.46999 -2.29822 99.6154 -21.3755 -2.22863 95.7992 115.124 
-2.17743 104.7 24.8303 -2.11209 96.5034 -36.7846 -2.06846 -33.4174 215.216 
-2.02111 103.972 40.0191 -1.91641 98.0912 100.442 -1.88318 102.848 55.2993 
-1.86965 84.557 -82.4281 -1.82622 101.8 70.4937 -1.8063 100.101 85.5686 
-1.65945 58.6339 -240.639 -1.60719 -61.3357 174.709 -1.4918 -89.2881 112.232 
-1.41699 92.8221 -52.3753 -1.29104 76.3302 -293.476 -1.28034 -35.2197 -371.553 
-1.25051 88.9537 -67.7227 -1.06632 7.69525 214.868 -1.02459 -104.509 -362.15 
-0.90863 -126.403 26.2885 -0.767566 48.3055 207.969 -0.679468 22.4626 -377.214 
-0.343287 93.5593 -361.378 0.347731 -129.821 11.4829 0.559551 56.0577 -226.012 
1.08722 -90.8229 -364.897 1.16811 -94.924 101.485 1.5168 -132.707 -3.5487 
1.53069 61.9982 201.276 2.02003 85.505 -319.854 2.03914 -64.4428 159.766 
2.40477 71.4598 189.303 2.55423 54.9314 -211.168 2.55659 -134.522 -18.7967 
2.56476 -19.3266 -372.962 2.85127 79.2863 -379.841 2.9827 -59.5267 202.592 
3.18159 78.2156 176.019 3.34157 -18.8595 215.201 3.47613 37.7121 -378.222 
3.70893 -136.391 -34.1436 3.76384 -76.2433 -366.971 3.8543 70.7536 -278.784 
3.97434 83.6629 162.366 3.97667 -100.8 89.4833 4.32309 55.1234 -196.092 
4.81294 22.6462 213.818 4.86112 -139.186 -49.4605 5.11661 -70.8215 145.801 
5.43566 92.419 -347.838 5.84255 56.935 -180.699 5.93864 -142.843 -64.834 
6.33575 -106.897 76.147 6.49087 -3.83931 -374.494 6.7923 -147.077 -80.2444 
6.86535 -61.1977 -368.668 7.00137 60.7069 -165.458 7.41959 -151.442 -95.7528 
7.62814 -78.0658 132.83 7.66196 87.2102 149.927 7.73562 65.4258 -264.328 
7.8897 52.7442 -379.467 7.98752 -155.734 -111.271 8.01894 -45.5825 212.326 
8.10033 64.365 -150.207 8.32018 -165.426 -317.526 8.32845 -161.657 -332.643 
8.40681 -153.333 -345.391 8.47194 -112.787 62.4902 8.6389 -159.404 -127.017 
8.78276 91.9263 -372.796 8.7949 -167.884 -301.519 8.80441 80.3918 -303.859 
8.86781 -62.197 185.954 8.88284 -140.156 -352.105 8.99801 -4.13063 214.394 
9.23325 67.907 -134.998 9.27199 -162.207 -142.907 9.42253 -169.739 -285.35 
9.58427 90.7059 136.255 9.80119 -164.418 -158.719 9.8117 -126.262 -355.892 
9.86237 37.736 211.977 10.0446 -170.437 -269.186 10.1949 -166.273 -174.478 
10.2148 72.2296 -119.993 10.2448 -84.7854 120.537 10.2568 -45.7438 -370.131 
10.3426 -118.377 48.6699 10.4265 11.4706 -375.637 10.4397 97.6668 -28.6497 
10.4522 61.0204 -249.709 10.4635 -170.461 -253.211 10.4779 -167.434 -190.242 
10.5073 100.501 -13.372 10.5494 93.8698 121.945 10.6026 -167.905 -205.99 
10.6505 -169.813 -237.357 10.6554 -168.569 -221.692 10.7602 102.454 1.88272 
11.0983 77.1159 -105.18 11.1005 103.751 17.1212 11.1225 96.4909 107.399 
11.1771 93.9591 -44.2702 11.2289 89.2154 -331.869 11.2474 -113.244 -359.622 
11.42 103.745 32.2715 11.4659 98.7895 92.6588 11.6529 102.867 47.5008 
11.6835 100.545 77.7588 11.7777 101.886 62.7329 11.832 81.7953 -90.3516 
11.996 -123.317 34.2898 12.4597 86.2472 -75.6114 12.661 89.8858 -60.3831 
12.6685 57.7592 -234.938 12.6731 67.5685 -380.2 12.7835 -62.028 170.266 
12.9339 -91.1687 108.76 12.9629 -100.944 -362.837 13.3993 -31.0831 213.753 
13.4177 -127.104 19.5006 13.94 52.8183 209.073 13.9432 -30.1455 -371.631 
14.4581 26.5985 -376.938 14.5537 -130.276 4.54986 14.7092 56.0118 -219.902 
14.7948 93.7554 -359.629 14.8429 10.867 213.607 15.4758 -86.5379 -365.563 
15.6007 -132.965 -10.5925 15.6249 74.7641 -288.116 15.6973 65.8548 198.34 
15.7384 -97.4997 96.4579 16.2931 -65.7422 155.381 16.3924 74.7578 184.749 
16.4083 -57.3284 205.748 16.6007 -134.919 -25.9239 16.601 55.5329 -204.761 
17.2181 84.3742 -315.081 17.6759 -137.135 -41.4267 17.7759 -14.732 -373.131 
18.0998 80.948 171.362 18.1152 81.7676 -379.202 18.2694 56.6509 -189.477 
18.4655 -103.641 83.5636 18.5203 -71.4053 -367.223 18.6353 41.5814 -378.14 
18.7474 -140.552 -56.8255 18.9501 -16.2433 213.211 19.2256 -72.6485 141.846 
19.5823 59.7812 -174.188 19.7148 -144.526 -72.2487 20.0306 68.9397 -273.391 
20.0419 85.8496 157.79 20.3524 26.0898 212.882 20.3702 92.6321 -345.793 
20.479 -61.8332 195.912 20.5258 -148.903 -87.7407 20.7571 -116.827 -358.518 
20.7908 63.1773 -158.93 20.8279 -109.705 70.0211 21.2162 -153.147 -103.391 
21.3327 -157.966 -338.403 21.3458 -163.872 -325.358 21.6343 0.508526 -374.509 
21.6872 89.8423 143.713 21.7281 -147.795 -348.159 21.8317 -56.1332 -368.749 
21.8354 -166.965 -309.624 21.85 -79.769 129.097 21.9448 -157.189 -119.045 
22.0484 66.8 -143.734 22.3135 96.5951 -35.6719 22.4975 -134.343 -353.674 
22.6283 -168.947 -293.254 22.6586 -160.679 -134.849 22.767 -43.3999 211.101 
22.769 63.8663 -258.841 22.854 99.8598 -20.7493 22.9442 -115.646 56.5664 
23.0335 56.3602 -379.208 23.1325 93.4237 129.497 23.2289 70.9154 -128.673 
23.2573 -163.207 -150.754 23.2754 -170.155 -277.116 23.5958 102.12 -5.84282 
23.6814 -165.066 -166.567 23.7384 -170.305 -261.137 23.7806 90.0179 -335.074 
23.8327 -61.1791 180.818 23.9457 -166.608 -182.373 23.9795 92.5772 -371.382 
24.0373 -170.046 -245.26 24.0504 -167.41 -198.143 24.0899 -167.865 -213.864 
24.0924 -168.784 -229.554 24.1178 96.6184 115.074 24.2132 103.859 9.2704 
24.3083 75.5724 -113.793 24.5733 -86.5693 116.824 24.6953 -1.09958 212.494 
24.7188 104.806 24.4398 24.7195 99.1892 100.374 24.7927 -121.226 42.5948 
24.8873 59.8739 -244.069 25.0455 104.651 39.7281 25.0549 92.6117 -52.6179 
25.1196 101.201 85.5411 25.2679 103.998 55.1764 25.2776 102.77 70.4928 
25.3169 80.3517 -98.9891 25.3648 41.3432 211.33 25.3913 -40.781 -370.196 
25.5415 15.6308 -375.545 26.3147 84.8685 -84.1668 26.3169 -126.164 28.1052 
26.8485 57.5584 -228.998 27.0119 -97.1656 -363.542 27.1803 -62.0186 165.528 
27.1902 88.8599 -69.3264 27.1909 87.4037 -324.355 27.4981 -93.2573 104.293 
27.6031 -129.718 13.1193 27.748 70.6751 192.782 27.9457 70.6499 -379.924 
28.6261 -132.503 -2.10316 28.6888 -28.4635 211.728 28.7106 78.2538 -297.025 
28.7283 56.7814 -213.76 29.1274 -25.4903 -371.774 29.564 30.5558 -376.784 
29.6073 -134.44 -17.548 29.8219 93.9827 -357.893 30.0642 78.2646 179.686 
30.0737 -81.8728 -365.721 30.2668 -120.41 -357.414 30.2808 92.43 -55.7711 
30.2856 55.871 207.526 30.3942 -99.863 91.3667 30.4507 14.138 211.861 
30.474 57.3783 -198.476 30.4944 -67.4165 151.219 30.6071 -136.105 -33.1379 
31.1075 82.6929 -309.709 31.113 -54.8333 204.069 31.5943 -138.435 -48.7861 
31.9327 59.8224 -183.275 32.236 84.3308 166.32 32.5811 -141.951 -64.2924 
32.906 72.4148 -282.118 32.9161 -10.3354 -373.218 33.1081 -106.347 78.0615 
33.1662 83.1991 -378.471 33.206 63.1305 -168.093 33.3662 -66.6118 -367.234 
33.3857 -74.5163 137.993 33.5074 -146.112 -79.9118 33.5657 96.0125 -42.5372 
33.7319 45.2951 -377.993 34.1386 89.3518 152.394 34.1908 -155.024 -340.057 
34.3312 -150.392 -95.5045 34.3863 -13.2818 211.101 34.4267 -158.84 -333.387 
34.5592 66.8355 -152.956 34.848 99.5501 -28.1756 34.8948 92.5019 -344.682 
34.9145 -164.186 -317.29 35.0156 -143.121 -350.129 35.1404 -154.393 -111.191 
35.2485 66.9639 -267.774 35.3057 -58.0308 190.481 35.4823 -112.803 64.605 
35.6309 93.4923 138.065 35.651 -166.543 -300.933 35.9298 70.7371 -137.859 
35.9786 -158.192 -126.928 35.995 29.2682 211.152 36.0794 -81.5605 125.306 
36.1158 102.25 -13.5613 36.139 -126.958 -355.545 36.229 66.6152 198.812 
36.4257 -168.283 -284.852 36.7079 -161.289 -142.77 36.7416 4.7284 -374.377 
36.8412 -51.3685 -368.726 36.866 97.2488 123.488 37.0297 -169.255 -268.9 
37.0447 104.397 1.3308 37.1213 62.3468 -253.186 37.1316 -163.184 -158.617 
37.213 75.0367 -122.866 37.429 -164.672 -174.458 37.5057 -169.668 -253.016 
37.5177 -118.959 50.9644 37.6254 -165.947 -190.17 37.6536 -168.87 -237.251 
37.6796 -167.695 -221.564 37.6825 -166.908 -205.865 37.7025 100.606 108.843 
37.7637 106.06 16.4994 37.9275 -58.2231 175.232 38.1339 59.6759 -379.122 
38.2227 -108.571 -360.468 38.2483 106.897 31.7857 38.2493 103.23 94.0267 
38.2956 -41.2733 208.27 38.4273 79.5268 -107.93 38.4686 89.8163 -332.561 
38.5299 107.052 47.3549 38.6358 105.209 79.0427 38.6467 92.4937 -370.36 
38.6602 106.502 63.2973 38.9896 59.2049 -238.197 39.0153 -88.5569 112.511 
39.227 -124.894 36.8691 39.6588 84.3225 -93.1749 40.1921 1.96615 210.294 
40.4988 -36.1936 -370.364 40.5361 -129.763 22.0345 40.6396 19.6427 -375.468 
40.8113 57.9465 -222.954 41.0455 88.4303 -78.3793 41.0928 74.7491 187.697 
41.2497 -61.7659 160.403 41.3266 -92.6303 -364.001 41.5979 44.105 209.325 
41.6295 85.7346 -318.905 41.6311 -133.016 6.70327 42.1148 -95.5913 99.4699 
42.572 58.3259 -207.641 42.6098 -134.87 -8.90541 42.7262 91.9853 -63.7592 
43.0281 73.2474 -379.268 43.5564 -135.994 -24.6321 43.9322 80.9032 -304.967 
43.9814 -25.6325 209.268 44.0666 82.1865 174.967 44.1179 60.1432 -192.428 
44.2184 -21.0955 -371.728 44.508 -137.452 -40.4684 44.5464 -68.4675 146.82 
44.6235 34.3595 -376.7 44.7425 -77.2104 -365.83 44.9406 94.5151 -356.122 
44.9917 95.4598 -49.7737 45.1105 -102.304 86.2983 45.4555 -139.469 -56.2877 
45.4623 63.1237 -177.317 45.7559 75.608 -290.894 46.0868 -50.8634 198.815 
46.1023 17.1145 209.798 46.2342 88.3791 161.315 46.4005 -142.926 -71.9935 
46.6837 81.7374 -378.515 46.8602 66.4538 -162.198 46.9473 98.9545 -35.8022 
47.0574 58.1357 204.473 47.3124 -147.117 -87.6764 47.4254 -75.9401 133.983 
47.6937 -151.975 -342.79 47.7243 70.022 -276.671 47.8685 -109.273 72.9698 
47.9412 -160.243 -324.772 47.9788 -6.08055 -372.846 48.0248 93.4995 147.161 
48.0931 -136.989 -352.196 48.2309 -151.177 -103.333 48.2686 -61.9836 -367.3 
48.3746 70.1383 -147.088 48.41 102.112 -21.33 48.6308 -52.9267 183.925 
48.6351 -162.946 -308.179 48.7349 48.7555 -377.859 49.1325 -154.716 -119.144 
49.227 -119.25 -357.292 49.4138 97.9107 132.729 49.4623 -164.768 -292.242 
49.4853 64.9472 -262.155 49.5852 104.789 -6.61487 49.6731 -10.3683 208.805 
49.6754 92.0775 -342.287 49.852 74.1465 -132.075 49.971 -158.028 -134.928 
50.1704 -166.471 -276.446 50.2155 -115.944 59.3945 50.4129 101.958 118.103 
50.4238 -83.0907 121.036 50.538 107.04 8.3868 50.601 -160.396 -150.677 
50.8717 -167.644 -260.616 50.9117 -161.922 -166.453 51.0738 60.9905 -247.366 
51.1126 -163.083 -182.216 51.1611 105.274 103.254 51.218 -167.562 -244.838 
51.2254 -164.154 -197.913 51.2297 -166.245 -229.211 51.255 108.873 23.5902 
51.2722 -165.164 -213.571 51.3342 -55.2076 168.904 51.3525 78.4603 -117.113 
51.6584 107.743 88.1884 51.6895 109.957 39.0352 51.7294 69.4026 195.004 
51.8085 8.78984 -374.154 51.8827 -46.894 -368.8 51.8838 110.365 55.3706 
51.9433 109.573 72.368 52.0182 32.0409 209.019 52.1389 -103.067 -361.431 
52.1596 -122.562 45.5857 52.7812 82.9564 -102.094 52.8391 58.8844 -232.138 
53.2478 62.9391 -378.901 53.3546 88.3857 -328.337 53.3839 -37.7017 204.663 
53.4325 93.0874 -369.405 53.5997 -90.2375 107.831 53.6233 -128.71 31.1874 
54.1326 87.2826 -87.0993 54.6313 58.5946 -216.815 54.6739 -133.276 15.8373 
55.2726 -61.7171 155.341 55.4262 78.4579 183.292 55.5729 -31.8782 -370.3 
55.5748 -135.871 0.051269 55.6665 4.82575 208.181 55.6787 91.0645 -72.2946 
55.6808 23.5506 -375.168 55.781 -87.8035 -364.439 56.097 83.6461 -314.028 
56.2715 59.8562 -201.559 56.4928 -136.75 -15.9466 56.8642 -97.3666 94.603 
57.4076 94.4865 -57.9079 57.4406 -137.328 -31.9545 57.7067 62.1176 -186.417 
57.8742 46.8558 206.978 58.2048 86.1886 170.295 58.3134 -137.885 -48.0224 
58.3889 78.4732 -299.803 58.3964 -44.1757 191.615 58.5019 -69.1804 142.344 
59.0084 -22.4195 206.229 59.1601 64.8395 -171.294 59.2073 -139.848 -64.1091 
59.2583 97.8384 -43.7979 59.2766 -16.8862 -371.566 59.4089 -72.6356 -365.93 
59.6278 38.1586 -376.569 59.7842 79.8566 -378.12 59.9565 -104.581 81.3479 
60.1661 -143.266 -79.9541 60.2667 72.7539 -285.544 60.2669 93.9164 -353.46 
60.288 92.5779 156.429 60.5519 -129.748 -353.929 60.5541 -145.317 -346.012 
60.6884 68.1433 -156.199 60.7968 101.174 -29.3549 60.8982 -154.703 -331.491 
61.1338 -146.993 -95.6518 61.1765 -47.8152 176.772 61.5496 -158.137 -315.028 
61.6191 -76.8007 129.479 61.8859 97.8451 142.161 61.8888 67.1882 -271.08 
61.9185 19.7004 207.471 62.0593 104.298 -14.7858 62.0979 -150.379 -111.412 
62.2011 -159.952 -299.254 62.3337 71.9951 -141.236 62.4548 61.358 200.908 
62.66 -113.414 -358.666 62.7655 -111.717 67.9198 62.9164 -161.616 -283.594 
62.9435 -153.35 -127.222 63.0261 -1.97623 -372.645 63.1351 107.247 0.082419 
63.1549 102.49 127.528 63.1552 -57.6393 -367.351 63.3624 62.5962 -256.385 
63.5129 -155.569 -142.918 63.6054 -163.094 -267.93 63.7312 52.4145 -377.685 
63.945 -157.227 -158.648 64.0394 110.014 15.1002 64.0807 106.487 112.707 
64.0928 76.0532 -126.316 64.2088 -163.904 -252.263 64.3036 -158.677 -174.368 
64.4525 -163.163 -236.73 64.4545 -159.639 -190.071 64.5172 -160.508 -205.736 
64.5368 -161.577 -221.312 64.743 109.571 97.645 64.7635 111.967 30.3872 
64.8681 59.8398 -241.225 64.8797 -84.0342 116.27 64.9002 -7.36837 205.918 
65.0769 113.296 46.2926 65.0891 90.543 -338.243 65.0908 -119.029 54.3618 
65.1174 112.026 82.0662 65.1858 -53.9276 163.142 65.2043 113.567 64.552 
65.9004 80.4261 -111.39 66.3738 72.6051 190.526 66.4201 -98.2666 -362.018 
66.5851 58.3402 -225.941 66.8323 12.7937 -373.961 66.9108 -42.6817 -368.869 
66.9334 -125.851 40.2627 67.2066 84.6014 -95.92 67.2242 -33.1405 198.339 
68.1211 -132.078 25.3231 68.2694 34.2956 206.619 68.2943 -91.2822 102.913 
68.3361 58.6717 -210.636 68.3432 88.6962 -80.6249 68.3858 93.0878 -368.395 
68.3879 66.5048 -378.497 68.4146 85.8858 -323.455 68.8056 -136.201 9.34437 
69.2007 -61.4065 150.256 69.545 -137.444 -7.00196 69.8213 81.8043 178.54 
69.8619 60.0643 -195.419 69.9947 92.345 -66.1894 70.3979 -83.4312 -364.54 
70.4252 -137.394 -23.3353 70.6133 -27.7294 -370.321 70.6239 -38.6338 183.777 
70.6538 27.5544 -375.143 70.8823 80.6766 -308.992 71.1935 7.38785 205.386 
71.2477 -137.02 -39.6611 71.3373 62.209 -180.279 71.6771 -98.659 89.6088 
71.7601 95.7686 -51.9654 71.9537 -136.831 -56.0365 72.3542 -139.944 -348.536 
72.4333 90.058 165.416 72.5391 -69.4094 137.544 72.7203 -138.535 -72.2247 
72.8166 -124.095 -355.225 72.8814 64.7346 -165.172 72.917 75.1647 -294.424 
73.3616 -18.8412 201.183 73.3982 99.2798 -37.5624 73.695 -141.612 -88.1169 
73.8861 -149.286 -336.936 73.9738 80.7872 -378.291 74.2852 -12.8095 -371.544 
74.2944 -152.525 -321.444 74.3445 -68.4757 -366.005 74.4077 96.5246 151.352 
74.4135 69.1789 -279.915 74.5316 42.1553 -376.401 74.5525 -44.9754 170.214 
74.6431 68.3211 -150.289 74.6926 102.666 -22.9535 74.7141 48.7192 204.618 
74.7329 -144.95 -103.775 74.7857 -153.977 -305.846 74.951 -106.157 76.3161 
75.2432 -155.469 -290.42 75.5538 -147.567 -119.559 75.6963 -156.887 -274.924 
75.7134 106.234 -8.43545 75.7536 63.8751 -265.216 75.9357 101.652 136.793 
75.9467 -77.0589 124.509 76.017 -149.471 -135.291 76.1147 -157.801 -259.371 
76.1752 -150.659 -151.051 76.2612 91.4885 -348.794 76.3769 -157.737 -243.932 
76.4829 -151.947 -166.758 76.501 -108.873 -359.305 76.6682 72.0572 -135.491 
76.6818 -153.001 -182.41 76.7308 109.61 6.39663 76.7444 65.2959 196.74 
76.812 -156.454 -228.85 76.943 -153.94 -198.069 77.076 -154.882 -213.665 
77.1415 60.2366 -250.217 77.2022 106.083 122.008 77.6748 21.7795 204.601 
77.7133 112.514 21.5547 77.7601 -113.574 62.8572 77.9859 2.06998 -372.546 
78.0777 109.93 107.108 78.1702 -53.5506 -367.472 78.3182 114.46 36.7808 
78.5585 112.952 91.9182 78.6145 57.9514 -234.975 78.6844 116.021 52.7779 
78.7208 56.2994 -377.395 78.7629 115.159 75.9821 78.9468 75.9354 -120.741 
79.0738 -52.8972 157.696 79.4317 -27.757 189.873 79.4599 -84.4764 111.221 
79.889 -4.67095 201.845 80.2335 57.0449 -219.662 80.3346 -121.057 49.0488 
80.3814 87.1875 -333.552 80.4538 84.868 -89.0527 80.7694 79.9734 -105.584 
80.7739 75.6871 185.725 80.9395 -94.1579 -362.54 81.054 -133.992 -350.403 
81.39 91.6827 -369.694 81.7218 16.9063 -373.829 81.8014 57.2927 -204.39 
81.883 -38.6656 -368.888 82.1331 -128.043 34.6965 82.2369 88.7523 -74.3616 
82.7341 -136.787 1.94964 82.7348 -133.864 18.8854 82.98 70.1585 -377.745 
83.0692 -92.0045 97.9155 83.0752 -61.0649 145.135 83.2132 58.5695 -189.182 
83.2784 -137.131 -14.5922 83.286 82.0196 -318.657 83.603 -34.8608 176.572 
84.1332 -136.223 -31.2151 84.2184 92.4722 -59.9858 84.2755 84.8986 173.271 
84.7247 35.7855 203.996 84.7587 60.6114 -174.058 84.84 57.7324 200.218 
84.8757 -134.469 -47.9568 85.2751 -133.862 -64.48 85.3466 -79.4312 -364.706 
85.4456 31.7024 -375.084 85.4781 76.495 -303.88 85.5069 -23.7521 -370.394 
85.5429 82.1192 -376.821 85.7924 -135.23 -80.5447 85.9733 96.1207 -45.5944 
86.1009 -120.217 -355.933 86.4632 -142.529 -342.355 86.5214 63.2299 -159.092 
86.5842 -99.5027 84.6173 86.6685 9.32051 202.033 86.6881 -145.839 -327.493 
86.7081 -137.937 -96.3466 86.7247 -69.1197 132.346 86.801 93.0874 159.896 
86.905 -147.228 -312.335 86.9232 90.2369 -357.678 86.9514 70.491 -289.13 
87.0373 -15.2088 193.77 87.0936 -148.547 -297.086 87.3838 -149.963 -281.744 
87.4081 -150.851 -250.885 87.4331 99.852 -31.1376 87.4662 -150.776 -266.265 
87.5983 -140.539 -112.01 87.8461 -149.831 -235.996 88.0401 -144.792 -174.897 
88.0544 -144.1 -159.249 88.0567 -142.338 -127.779 88.1216 -143.366 -143.546 
88.1277 -145.513 -190.508 88.2256 64.7241 -274.204 88.4851 -43.3609 164.457 
88.5115 103.856 -16.8381 88.5316 -146.585 -206.069 88.5735 -148.07 -221.278 
88.7379 66.6166 -144.363 88.7682 99.4221 145.726 89.0797 -8.78233 -371.501 
89.3066 107.543 -2.29703 89.3647 -64.5352 -366.075 89.3934 46.2356 -376.285 
89.4273 60.1128 -259.123 89.9238 -107.049 71.2449 90.3515 104.184 130.953 
90.3855 110.928 12.6372 90.42 -76.9464 119.328 90.6365 68.5822 191.512 
90.756 56.992 -243.938 90.9094 -105.27 -359.897 91.2647 69.9912 -129.796 
91.3702 113.696 27.656 91.4068 80.0982 -96.8698 91.5196 108.387 116.108 
91.7087 86.7259 -343.968 92.1238 115.419 42.7273 92.186 55.157 -228.661 
92.2304 111.968 101.085 92.4733 -23.9919 182.381 92.616 116.244 57.3489 
92.6501 114.506 85.9957 92.6815 6.17363 -372.435 92.7705 115.97 71.3417 
92.8711 48.5464 201.939 92.946 -114.409 57.5064 93.1304 -49.6416 -367.465 
93.1641 -52.1473 152.436 93.4482 60.38 -377.057 93.5917 54.3074 -213.348 
93.784 23.1829 202.107 93.8739 84.1047 -82.3977 94.1588 -84.709 106.138 
94.2426 73.3543 -115.419 94.6036 -131.839 -348.884 94.7004 -2.51139 196.764 
94.8859 54.6372 -198.08 95.0958 78.2647 180.137 95.3113 82.0534 -328.965 
95.3682 87.0054 -368.444 95.5568 -134.084 10.6484 95.8202 -135.676 -6.02189 
95.8993 -121.36 43.5307 96.0186 -90.5795 -362.86 96.2349 55.6786 -182.83 
96.2991 87.9181 -67.9997 96.3667 21.1038 -373.84 96.6305 -135.011 -22.6826 
96.6731 -34.7151 -368.836 97.0295 74.7274 -375.798 97.1548 -60.5222 139.85 
97.7025 -32.8872 170.63 97.7219 76.6361 -313.976 97.8621 57.4297 -167.727 
97.91 -92.3478 92.8476 98.009 -132.004 -40.1175 98.0367 -129.05 -73.1064 
98.1894 -143.38 -257.691 98.1983 -129.335 -56.9617 98.3409 -142.491 -242.842 
98.365 -130.491 -88.9232 98.4492 91.7108 -53.463 98.473 -143.164 -273.019 
98.5214 -127.685 29.1145 98.5739 -141.04 -303.577 98.6072 87.1274 167.392 
98.6087 -142.28 -288.374 98.7171 -138.28 -334.319 98.8349 -139.992 -318.858 
98.9253 -136.448 -183.016 98.9845 -136.018 -167.426 98.9982 -132.53 -104.596 
99.1917 -135.686 -151.797 99.1989 -137.212 -198.545 99.3434 -140.505 -228.572 
99.3527 75.7306 -102.623 99.3726 70.7404 -299.038 99.3876 -134.116 -120.303 
99.3896 -135.118 -136.085 99.5786 60.2047 195.344 99.7958 -138.54 -213.909 
99.94 59.8282 -152.849 100.113 35.9736 -374.969 100.123 -19.7404 -370.282 
100.152 95.5624 -39.0029 100.153 -117.103 -355.919 100.398 -75.6533 -364.636 
100.616 64.7395 -283.997 101.044 -12.6777 187.259 101.065 -68.7454 127.107 
101.258 95.0465 153.842 101.26 99.802 -24.9125 101.362 36.6659 201.52 
101.553 -99.7656 79.3991 101.73 59.5048 -268.475 101.816 84.4706 -354.87 
101.971 103.883 -10.7174 102.284 10.5544 198.705 102.593 62.8885 -138.25 
102.707 -42.313 159.098 102.765 55.3268 -252.88 102.851 107.529 3.90962 
103.275 100.95 139.44 103.512 -4.70516 -371.404 103.984 50.627 -375.862 
104.002 110.629 18.8746 104.061 52.6778 -237.547 104.298 -130.906 16.3249 
104.299 -60.6848 -366.032 104.515 78.4136 -89.9774 104.698 105.312 124.471 
104.947 70.6606 185.743 104.978 -76.7579 114.115 104.981 -107.105 65.7932 
105.127 113.343 33.9141 105.379 51.1732 -222.228 105.702 109.09 109.419 
105.799 66.1082 -124.099 105.962 114.718 48.9662 106.178 -102.618 -360.247 
106.302 111.909 94.2173 106.42 114.826 63.9621 106.465 80.0953 -339.703 
106.48 50.6007 -206.896 106.541 113.869 79.0143 106.588 -22.2087 176.371 
107.069 10.391 -372.47 107.224 -51.2719 147.012 107.307 -127.362 -347.586 
107.389 50.3242 -191.52 107.526 -132.303 1.77668 107.687 82.1281 -75.841 
107.85 65.0731 -375.442 107.872 -45.7231 -367.31 108.255 -132.23 -14.1272 
108.382 -113.645 51.8105 108.579 -134.732 -249.547 108.605 78.8848 -366.762 
108.607 49.7117 197.727 108.63 51.014 -176.237 108.68 -135.331 -264.481 
108.915 -84.5428 100.908 109.098 -134.936 -279.721 109.191 -129.831 -31.0918 
109.25 -0.848637 191.23 109.277 -126.944 -175.518 109.435 -126.739 -159.96 
109.438 80.1948 174.17 109.47 75.0871 -324.569 109.519 -134.099 -294.971 
109.563 -127.452 -191.081 109.574 -130.845 -341.062 109.724 -126.551 -144.302 
109.799 -122.689 -81.5923 109.841 68.8736 -110.487 109.887 -123.852 -97.2643 
109.923 23.9198 199.471 110.134 -133.487 -310.211 110.155 -125.226 -112.892 
110.227 -126.308 -128.579 110.278 52.2815 -161.109 110.301 86.0563 -61.3626 
110.308 -122.489 -65.8893 110.378 -132.147 -235.926 110.399 -128.488 -206.543 
110.711 25.376 -373.914 110.8 -132.995 -325.635 111.136 -87.2332 -362.871 
111.174 -30.773 -368.697 111.192 69.3277 -309.634 111.196 -129.862 -221.742 
111.389 -59.8174 134.516 111.672 -119.722 37.6521 111.952 -31.9388 165.308 
112.019 -124.043 -50.3575 112.569 63.4994 -294.701 112.749 54.6301 -146.35 
112.75 89.9544 -46.6527 112.821 -91.8751 87.4345 112.938 88.981 161.375 
113.685 57.7078 -278.606 114.269 71.7814 -97.141 114.269 -15.6996 -370.096 
114.451 40.1956 -374.697 114.462 61.4941 190.049 114.569 93.9024 -32.2719 
114.656 52.7703 -262.078 114.69 98.2682 -18.5452 114.957 102.537 -4.56441 
115.066 -115.178 -355.885 115.25 -124.782 23.5201 115.272 -11.3023 181.59 
115.301 -71.9263 -364.665 115.45 48.9913 -246.356 115.482 -68.1132 121.764 
115.491 -125.997 -35.8828 115.664 95.9369 147.329 115.951 57.7125 -131.982 
116.177 106.004 10.2642 116.312 76.2896 -351.573 116.549 -98.9642 73.8169 
116.772 47.0735 -230.952 116.853 -41.4018 153.759 117.217 37.5124 197.777 
117.356 11.6071 194.084 117.567 -0.458855 -371.391 117.59 109.026 25.4099 
117.646 101.093 132.587 117.854 45.6094 -215.566 118.003 75.3806 -83.1881 
118.096 54.8608 -374.349 118.433 -126.659 -256.123 118.485 44.7303 -200.094 
118.701 -126.962 -271.131 118.811 111.162 40.691 118.872 -127.961 9.11392 
118.976 105.215 117.485 119.003 44.2083 -184.628 119.207 -56.7667 -365.96 
119.289 56.7225 -285.484 119.319 -126.899 -21.8128 119.337 -117.238 -167.988 
119.467 -117.136 -152.395 119.473 72.0074 179.944 119.561 -75.9817 108.663 
119.568 -126.474 -286.497 119.593 -117.544 -183.55 119.638 60.7423 -118.07 
119.673 112.018 56.0362 119.854 108.539 102.283 119.92 -128.044 -6.23778 
119.927 44.2841 -169.271 119.984 -117.18 -136.76 120.072 71.0979 -335.335 
120.096 111.72 71.4015 120.103 68.8115 -368.309 120.173 110.601 86.8403 
120.184 -105.464 59.878 120.385 -115.788 -105.495 120.42 -114.886 -89.9423 
120.43 -116.832 -121.1 120.501 -118.347 -199.034 120.631 -126.123 -301.783 
120.929 -114.591 -74.3725 120.978 -21.3891 171.193 120.986 -124.356 -345.526 
121.162 14.714 -372.688 121.279 79.0228 -68.9232 121.373 -50.3403 141.632 
121.697 -126.09 -316.872 121.709 -119.156 -214.554 121.936 45.6443 -154.191 
122.342 -101.644 -359.976 122.356 66.1203 -320.558 122.38 -126.396 -331.407 
122.488 -41.6525 -367.221 122.613 -115.385 -59.0033 123.058 -121.782 -244.444 
123.229 -120.227 -229.904 123.479 -111.202 45.6212 123.542 50.4616 192.529 
123.603 63.7702 -104.339 123.669 -83.4405 95.3504 123.726 81.4589 168.068 
123.863 60.7701 -305.816 123.88 0.199219 186.075 124.28 82.886 -54.3245 
124.85 29.5738 -373.452 124.893 55.7373 -292.361 124.986 48.186 -139.555 
125.017 24.8143 194.596 125.077 -26.7641 -368.691 125.714 -58.9243 129.186 
125.74 -117.346 -44.1682 125.855 48.509 -270.985 125.955 -83.977 -362.958 
125.973 95.9281 -12.9691 126.21 -31.3249 160.258 126.55 44.4081 -255.228 
126.813 -116.141 31.1843 127.152 68.1068 -355.888 127.216 89.3849 154.713 
127.26 86.5726 -39.4867 127.439 67.3462 -90.3711 127.494 41.4228 -239.692 
127.519 99.8918 1.6897 127.579 -118.594 -262.318 127.668 -90.2706 81.7318 
127.971 -11.4629 -370.08 128.198 43.9196 -372.474 128.526 51.0951 -125.275 
128.726 39.368 -224.235 128.851 -118.342 -277.799 128.964 62.0266 184.19 
129.012 -107.268 -160.414 129.019 -119.368 -29.4432 129.053 36.8567 -192.861 
129.064 35.832 -177.341 129.134 -107.135 -144.841 129.209 38.1391 -208.562 
129.31 -107.565 -175.955 129.312 103.263 16.9197 129.51 -106.946 -129.244 
129.7 -119.83 16.4372 129.753 -106.399 -113.681 129.841 -105.73 -98.1696 
129.894 95.2819 140.215 129.911 -10.714 176.822 129.932 -67.0238 116.302 
130 65.0354 -344.722 130.144 -108.135 -191.451 130.215 36.1368 -161.971 
130.277 -105.482 -82.6582 130.361 -117.929 -293.34 130.371 -68.4627 -364.476 
130.409 57.7523 -367.655 130.655 -115.1 -351.864 130.967 105.858 32.3037 
130.99 89.9858 -24.0677 131.045 70.8859 -76.2116 131.098 -40.7177 148.704 
131.237 -121.447 -14.2915 131.3 3.86047 -371.45 131.328 -108.813 -206.938 
131.398 -96.5716 67.7951 131.519 -105.897 -67.2238 131.534 -121.804 1.22971 
131.889 100.001 125.272 131.974 38.1669 192.247 132.166 -117.962 -308.696 
132.237 12.4467 189.128 132.31 107.48 47.8057 132.322 54.1886 -111.288 
132.535 60.6015 -330.925 132.8 37.94 -146.967 132.883 -109.54 -222.295 
133.119 103.667 110.047 133.166 107.966 63.3717 133.465 -119.42 -337.969 
133.562 -118.663 -323.649 133.602 107.481 78.9753 133.619 106.032 94.5764 
133.622 72.3892 173.601 134.053 -107.368 -52.1311 134.061 -52.5133 -366.014 
134.095 -74.288 102.971 134.356 74.3568 -61.756 134.36 56.0361 -316.849 
134.469 -110.069 -237.724 134.57 -95.51 -360.718 134.791 -102.067 53.4259 
135.416 19.0014 -372.489 135.506 51.2389 -303.08 135.56 -21.307 166.9 
135.685 -49.4831 136.475 135.787 -109.729 -253.346 136.135 47.1265 -291.457 
136.14 57.7338 -97.3547 136.227 40.4196 -132.31 136.295 42.4283 -278.35 
136.64 -37.3044 -367.523 136.752 38.2701 -263.802 136.984 92.6305 -7.27065 
137.389 -109.447 -37.2827 137.428 34.5677 -248.46 137.455 -109.427 -268.988 
137.584 57.2489 -355.204 137.666 81.1508 161.134 137.712 77.9031 -47.023 
137.797 -106.649 38.752 137.882 -96.569 -152.812 137.887 -96.326 -137.285 
137.889 50.7881 186.388 137.95 26.9683 -185.305 138.11 26.4248 -169.752 
138.14 -95.9859 -121.755 138.27 -96.9082 -168.313 138.32 -95.556 -106.26 
138.351 -81.138 89.5294 138.448 31.66 -233.067 138.481 -22.2843 -369.056 
138.562 -95.3312 -90.8079 138.739 28.408 -201.119 138.793 33.0018 -370.238 
138.796 0.737822 181.458 138.809 -97.2413 -183.794 139.03 29.8533 -217.171 
139.242 -108.992 -284.627 139.55 -95.661 -75.411 139.606 27.1022 -154.382 
139.745 61.3129 -83.2838 139.796 25.5075 189.271 140.017 -97.8379 -199.254 
140.061 43.1781 -117.933 140.094 -57.7319 123.85 140.152 46.0292 -365.239 
140.154 96.0695 8.2754 140.265 -110.05 23.8244 140.535 -105.591 -356.313 
140.611 -111.823 -22.3548 140.722 -81.6569 -362.592 140.759 -31.1514 155.88 
141.127 -6.9442 -370.303 141.201 88.0482 147.321 141.206 53.8225 -341.363 
141.292 81.3275 -31.9104 141.539 -96.7183 -60.1488 141.571 -98.4949 -214.591 
141.738 -108.801 -300.22 142.064 -112.354 8.55485 142.202 -87.2618 75.6169 
142.355 99.2578 23.758 142.483 -113.246 -6.96417 142.656 29.1409 -139.395 
142.841 62.058 177.563 142.987 -99.1697 -229.714 143.076 64.6396 -69.0008 
143.137 -112.369 -343.012 143.706 -111.895 -328.982 143.709 49.6794 -327.15 
143.943 46.3386 -103.772 143.988 93.4878 132.703 144.138 101.431 39.3234 
144.241 -99.4649 -244.918 144.377 -65.1 110.687 144.396 -98.3278 -45.1232 
144.969 -10.6611 172.993 145.01 -108.786 -315.837 145.176 45.1761 -313.349 
145.252 -65.2542 -364.493 145.353 16.0995 -177.453 145.367 -85.0654 -145.2 
145.369 7.90708 -371.419 145.461 -99.2388 -260.344 145.541 -84.8451 -129.733 
145.562 84.4143 -16.2166 145.601 102.886 55.0178 145.645 -40.4991 144.228 
145.666 -85.3223 -160.647 145.681 -92.4449 61.203 145.708 40.4635 -300.161 
145.788 31.4247 -272.613 145.797 35.8774 -286.843 145.87 97.4112 117.53 
145.957 16.1254 -161.923 145.981 -84.68 -114.282 146.124 -84.4893 -98.856 
146.243 27.1751 -257.542 146.298 -85.6383 -176.148 146.37 38.6805 186.207 
146.428 17.2574 -193.328 146.446 67.9934 -54.4377 146.453 103.002 70.7331 
146.473 31.4438 -124.63 146.7 100.077 102.045 146.788 -84.791 -83.5036 
146.792 101.889 86.4222 147.107 -98.9293 -275.797 147.128 71.8145 166.499 
147.186 13.0674 184.204 147.236 22.9883 -242.057 147.237 -86.012 -191.555 
147.328 18.7599 -209.754 147.486 49.7862 -89.7625 147.559 45.1233 -352.117 
147.667 -100.321 -30.2012 147.791 20.6292 -226.224 147.904 17.1608 -146.596 
148.194 -85.5935 -68.2424 148.497 -47.1048 -366.202 148.571 -96.6488 46.4037 
148.579 -71.5448 97.0949 148.914 -86.6898 -206.767 149.509 87.7139 -0.570756 
149.708 -98.8122 -291.241 149.858 -32.5037 -368.158 150.072 71.4493 -39.6414 
150.16 -94.7517 -359.737 150.186 34.2821 -361.692 150.213 -48.7532 131.704 
150.238 33.7712 -110.016 150.412 -87.3219 -221.773 150.414 22.5969 -369.276 
150.452 -86.8414 -53.1278 150.468 -21.4761 163.199 150.498 -102.013 -15.0874 
150.599 53.422 -75.7669 150.644 -17.1169 -369.374 150.816 -99.936 31.3097 
150.917 -106.461 -332.595 151.211 4.4278 -169.464 151.251 79.8106 153.673 
151.294 41.8492 -337.822 151.387 19.0723 -131.521 151.498 -73.0356 -153.036 
151.605 50.8783 179.531 151.689 -72.9078 -137.632 151.771 -87.6566 -236.904 
151.849 -73.312 -168.491 151.858 -101.76 15.901 151.866 -102.419 0.363634 
151.92 4.99962 -185.238 152.262 -72.8758 -122.2 152.594 5.03972 -154.004 
152.63 -77.469 83.2483 152.633 -72.8312 -106.809 152.66 91.1175 14.9875 
152.848 -88.2494 -251.788 152.979 -73.1594 -91.5711 153.135 -73.7228 -183.82 
153.23 -88.281 -38.0862 153.276 20.1934 -267.426 153.303 37.6181 -323.802 
153.388 -98.8019 -306.609 153.517 6.40056 -201.702 153.64 -103.579 -347.758 
153.776 74.6304 -24.4548 153.778 57.0332 -61.6382 153.808 36.3195 -95.4787 
153.817 24.1318 -282.134 153.891 -73.9927 -76.4518 153.987 -2.57544 -369.832 
154.089 -88.5091 -266.689 154.102 0.970355 177.538 154.307 28.6332 -296.363 
154.444 33.254 -310.151 154.45 26.142 183.675 154.599 13.701 -251.297 
154.681 -56.0672 118.634 154.7 -74.147 -199.043 154.723 8.27292 -219.155 
154.951 20.8881 -116.562 154.989 6.3168 -138.687 155.041 85.7626 139.621 
155.062 94.0111 30.5364 155.348 10.5171 -235.473 155.514 -31.433 152.048 
155.669 -7.83997 -177.092 155.674 -80.4839 -361.518 155.711 -75.0237 -61.3333 
155.96 -7.78167 -161.554 156.022 61.7872 170.363 156.041 -82.3272 68.809 
156.056 -60.3951 -160.87 156.188 -88.1063 -281.891 156.254 -89.6358 -23.006 
156.281 -60.2329 -145.479 156.465 -74.3675 -214.08 156.729 -60.6762 -176.156 
156.903 -60.2025 -130.021 156.922 32.6494 -348.572 157.073 96.1689 46.1655 
157.296 60.4077 -47.0868 157.327 39.4287 -81.1277 157.423 -6.80098 -192.882 
157.708 -6.92622 -146.107 157.712 -60.2359 -114.605 157.753 90.2738 124.893 
157.768 -98.0047 -322.23 157.816 78.143 -9.20392 158.043 7.738 -123.364 
158.095 22.6587 -101.502 158.198 -76.1379 -46.2768 158.216 -60.9166 -99.5789 
158.355 -20.8361 -169.081 158.402 -60.9459 -191.327 158.422 -73.6538 -229.576 
158.576 97.2726 62.0224 158.65 -62.337 -84.9104 158.78 -90.5819 -7.75269 
158.793 8.83484 -262.805 158.813 -86.1763 53.9497 158.861 -62.1669 104.883 
159.08 -47.3644 -168.624 159.082 -77.725 -257.328 159.104 -47.0913 -153.305 
159.214 -20.434 -153.626 159.251 10.5456 -367.68 159.293 -66.6246 -363.44 
159.335 93.6202 109.563 159.357 96.9493 77.8724 159.388 21.9941 -358.495 
159.464 -5.00369 -212.118 159.508 -20.3848 -184.457 159.522 -87.7954 -297.074 
159.567 -46.8816 -137.786 159.688 95.8335 93.747 159.711 12.3819 -277.578 
159.778 -33.9152 -161.156 159.829 -63.2511 -69.8817 159.843 -71.2329 -238.145 
159.854 28.8686 -334.334 159.895 -5.71122 -130.533 159.963 -47.4366 -183.687 
160.156 43.8413 -67.6896 160.163 -33.9809 -176.56 160.197 39.2142 179.496 
160.247 70.7433 159.022 160.29 -10.7175 169.424 160.316 -33.4502 -145.641 
160.341 -60.6823 -206.481 160.352 -88.7176 38.6751 160.381 -40.1864 139.9 
160.506 -90.8439 7.67924 160.518 -55.9479 -364.36 160.564 -19.5572 -137.983 
160.591 -3.02998 -229.072 160.684 -76.9412 -31.0262 160.835 63.3962 -32.132 
160.855 -46.5288 -122.161 160.888 9.10926 -107.984 160.975 16.107 -292.022 
161.041 -90.3283 23.22 161.171 -0.856805 -244.758 161.195 -77.1093 -272.403 
161.208 -10.1352 -368.43 161.265 -68.8121 -246.714 161.301 24.7133 -320.252 
161.424 81.5866 6.20838 161.49 -19.2159 -200.871 161.53 -33.4239 -191.582 
161.538 20.4507 -306.306 161.628 -32.7031 -129.908 161.661 24.667 -86.5589 
161.86 -96.2261 -337.679 161.874 -46.9064 -198.848 161.95 -51.2295 -93.9354 
161.951 -63.9357 -54.6861 161.989 -0.072649 -259.324 162.027 -41.5951 -366.476 
162.311 13.6887 179.397 162.414 -4.39644 -114.88 162.45 -44.8195 -105.803 
162.458 -59.2741 -221.919 162.527 -18.2618 -122.147 162.553 -25.8175 -368.203 
162.587 48.4956 -54.3682 162.741 -67.4537 90.7686 162.952 -17.9858 -214.548 
163.099 -51.835 -78.8416 163.241 -92.3445 -352.623 163.249 -77.7005 -15.6936 
163.448 -31.0746 -113.691 163.483 -87.1326 -312.206 163.511 -32.3228 -206.723 
163.724 -45.6565 -213.799 163.747 -16.8929 -224.346 163.801 10.5808 -92.6574 
163.822 -65.975 -262.578 163.833 -76.2651 -287.466 163.85 0.71597 -273.114 
164.311 51.0922 172.475 164.333 -56.6599 -237.492 164.373 -64.3285 -39.4022 
164.503 -15.124 -238.765 164.55 84.8935 21.678 164.776 -31.0285 -219.976 
164.784 77.162 145.865 164.83 38.1372 -63.2286 164.863 66.8069 -17.1746 
164.935 -51.8685 -63.3958 164.978 -16.789 -106.251 164.98 -3.10299 -99.238 
165.017 -40.6649 -88.1586 165.074 19.2506 -344.957 165.118 -47.5387 126.881 
165.306 -13.4057 -254.036 165.308 -43.9076 -228.328 165.504 -21.9014 159.78 
165.549 3.53339 -287.495 165.794 -54.2255 -252.836 165.811 -29.1076 -97.4065 
165.812 -29.5156 -233.457 165.855 26.6161 -71.3659 165.997 -78.3154 -0.43763 
166.129 51.299 -39.5093 166.152 -64.3653 -277.686 166.167 -71.9391 76.3012 
166.311 -41.9867 -243.131 166.721 -64.5959 -23.9937 166.792 -27.7199 -248.521 
166.926 7.32012 -301.77 166.971 -12.1027 -268.431 166.978 15.352 -330.443 
166.98 -39.8674 -72.3474 167.133 -1.49656 -365.756 167.242 87.7816 37.2053 
167.251 -51.8447 -47.9666 167.325 -75.292 -302.39 167.362 -86.2499 -327.259 
167.458 -15.5013 -90.4382 167.676 12.2279 -77.4175 167.795 -52.4 -267.94 
167.797 11.4163 -316.04 167.886 -1.85396 -83.6957 167.949 -27.8082 -81.4381 
168.182 -40.0952 -258.221 168.257 -78.5821 14.9481 168.466 61.2159 162.744 
168.511 -75.0279 61.2624 168.529 9.33282 -356.015 168.58 -25.8583 -263.469 
168.785 82.03 131.971 168.871 27.1478 177.568 168.885 -9.79763 -282.786 
168.91 70.3936 -2.01649 169.185 -39.3751 -56.7184 169.368 -78.1937 30.4299 
169.406 39.2603 -47.1749 169.409 -64.955 -8.63583 169.411 -53.3433 112.997 
169.49 -78.2947 -356.886 169.522 -51.674 -32.5002 169.63 -77.2038 45.9268 
169.631 90.0352 52.8159 169.67 -62.7851 -292.57 169.692 1.47546 173.381 
169.88 -14.4048 -74.682 170.078 54.1387 -24.4653 170.162 -38.1853 -273.104 
170.239 -26.9412 -65.657 170.362 -50.4541 -282.822 170.461 -31.582 148.066 
170.546 -23.879 -277.988 170.677 27.0289 -54.9729 170.685 -84.3852 -342.276 
170.715 -6.51427 -297.143 171.094 -74.3056 -317.195 171.113 -0.707901 -68.1268 
171.196 91.0984 68.7602 171.234 86.1508 117.044 171.361 13.4362 -61.767 
171.531 -38.9315 -41.2018 171.797 -51.5192 -17.0789 171.81 5.25342 -341.283 
172.088 90.8908 84.9826 172.19 89.2221 101.235 172.329 -2.4807 -311.541 
172.376 73.7637 13.3204 172.38 -65.2845 6.59833 172.508 -35.9002 -287.793 
172.653 -64.0932 -359.6 172.669 -20.9355 -292.568 172.695 -13.4719 -59.0146 
172.709 -26.2138 -50.0046 172.713 -49.6402 -361.61 172.938 1.56429 -326.111 
172.955 -15.7928 -364.616 173.016 41.0033 -31.547 173.056 -57.7215 98.5272 
173.124 40.3489 172.398 173.171 -61.1229 -307.386 173.377 -48.1952 -297.608 
173.639 -38.4475 -25.6457 173.985 67.4612 151.083 174.071 57.2229 -9.329 
174.209 0.320582 -52.3713 174.317 27.7542 -38.768 174.414 -51.436 -1.72341 
174.54 -73.7214 -331.649 174.758 14.096 -45.6117 174.78 -25.4671 -34.3293 
174.855 -17.0327 -307.154 174.897 -5.21941 -352.995 175.075 -65.5791 21.9444 
175.075 -12.5069 -43.2605 175.13 52.0086 165.464 175.207 76.7034 28.6861 
175.239 -32.306 -362.978 175.32 -32.5918 -302.498 175.581 -37.9838 -10.1459 
175.717 -39.3593 135.225 175.938 -10.6395 165.895 176.229 -61.3137 83.6921 
176.442 -60.7484 -321.602 176.519 -8.76252 -337.309 176.519 -24.725 -18.7312 
176.524 -12.695 -321.841 176.618 1.32996 -36.5075 176.686 43.1527 -16.0849 
176.842 -44.5924 -312.566 176.994 -11.6043 -27.5362 177.12 29.1731 -22.8861 
177.147 15.2808 -29.7597 177.223 14.9887 173.282 177.418 -71.1244 -346.525 
177.421 -65.6741 37.3392 177.453 -51.6099 13.5504 177.558 60.2329 6.04392 
177.78 -27.6032 -317.539 177.791 -63.442 68.363 177.948 -37.5805 5.24891 
177.969 -23.9564 -3.17194 178.031 2.43477 -20.7412 178.111 -10.6982 -11.855 
178.158 79.6203 44.0733 178.258 -65.0158 52.8843 178.455 16.5756 -13.8814 
178.537 -52.4087 -324.075 178.596 72.1699 138.508 178.75 3.46334 -4.98792 
178.836 -19.4239 -349.326 179.14 -9.77819 3.80489 179.19 45.3704 -0.501005 
179.219 -23.0267 -332.93 179.254 30.846 -7.09211 179.283 -61.3451 -335.382 
179.652 17.9064 1.88868 179.776 62.6798 21.6637 179.898 -37.5995 -328.288 
180.049 -23.3911 12.2566 180.193 -21.4535 155.278 180.255 -44.5994 121.166 
180.343 4.41906 10.7045 180.472 -41.549 -354.696 180.733 -51.8228 28.7572 
180.757 32.6101 8.65687 180.935 -56.4777 -350.424 180.973 -37.5368 20.5005 
181.014 -32.9497 -344.414 181.014 47.4848 15.1896 181.19 19.1203 17.6361 
181.248 82.9498 59.3805 181.292 55.7748 156.465 181.304 -46.9254 -339.205 
181.492 -9.09214 19.2568 181.815 34.0591 24.4308 181.876 76.8103 124.212 
182.361 29.0957 169.561 182.401 5.36559 26.2605 182.41 64.5402 37.0988 
182.542 48.8047 30.9172 182.627 -23.1425 27.5417 182.709 20.0107 33.2445 
182.758 -47.3362 106.021 182.946 -51.7144 44.125 183.1 84.4054 75.5889 
183.456 -37.3662 35.7334 183.519 42.4432 163.383 183.523 80.6423 108.646 
183.648 -8.63171 34.594 183.857 34.7632 40.1433 183.89 -51.0639 59.599 
183.966 83.5529 92.301 184.084 5.85476 41.664 184.34 2.90435 166.042 
184.524 -22.7696 42.815 184.713 -50.2521 75.0653 184.713 -49.3801 90.6505 
184.978 49.0998 47.2068 184.98 -37.0088 51.0643 185.236 20.3126 48.8298 
185.25 66.9823 52.4103 185.377 -8.27701 49.8442 186.017 -30.5861 143.205 
186.234 -22.3609 57.9792 186.441 6.05147 56.9754 186.476 -36.49 66.3605 
186.691 60.1303 144.646 186.736 59.9816 56.785 186.926 34.2491 56.263 
187.537 -7.98071 64.9832 187.872 -36.0057 81.7904 188.024 -22.0454 73.2632 
188.416 19.9257 64.299 188.514 72.3046 66.2661 188.865 -8.19458 156.433 
188.876 46.2505 64.8241 189.074 6.15069 72.1057 189.71 -7.80461 80.1775 
189.914 17.4783 161.999 189.92 64.344 130.553 189.926 -35.8727 97.2836 
190.051 -34.0047 128.309 190.206 -21.8044 88.5531 190.339 33.1603 72.1626 
190.422 45.8465 151.673 190.789 72.6268 82.6447 190.86 58.9502 73.6191 
190.969 -35.5108 112.988 191.028 20.0488 79.3299 191.123 -18.0469 147.395 
191.455 6.39429 87.116 191.706 71.0739 99.0956 191.775 31.6612 158.578 
192.076 68.5411 115.252 192.123 45.6048 80.656 192.216 -7.5787 95.3004 
192.778 33.1746 87.2122 193.121 20.572 94.1082 193.129 -21.6804 103.788 
193.348 58.2875 89.513 193.565 5.82634 150.756 193.818 6.68923 102.114 
193.971 48.9004 137.438 194.313 43.7864 96.5147 194.53 35.2412 100.984 
194.795 -7.33426 110.466 194.81 33.514 145.373 194.983 21.0331 108.964 
195.042 56.1272 105.544 195.046 -21.3929 119.078 195.195 -20.3802 134.091 
195.253 52.2171 121.831 195.311 -6.15787 141.076 195.58 20.0093 142.363 
195.628 6.88691 117.378 195.871 36.6145 115.166 195.948 20.9333 124.325 
196.061 35.1576 130.882 196.081 6.96728 133.174 196.118 -6.95002 125.805 

POLYGONS 6014 24056
3 1607 1574 1522 
3 1574 1467 1522 
3 1607 1685 1574 
3 1522 1639 1607 
3 1522 1467 1398 
3 1574 1545 1467 
3 1685 1651 1574 
3 1685 1607 1727 
3 1727 1607 1639 
3 1639 1522 1557 
3 1467 1360 1398 
3 1522 1398 1447 
3 1467 1545 1440 
3 1574 1651 1545 
3 1763 1651 1685 
3 1800 1685 1727 
3 1727 1639 1746 
3 1557 1522 1447 
3 1662 1639 1557 
3 1360 1282 1398 
3 1360 1467 1440 
3 1447 1398 1340 
3 1545 1488 1440 
3 1651 1610 1545 
3 1730 1651 1763 
3 1800 1763 1685 
3 1800 1727 1834 
3 1746 1639 1662 
3 1834 1727 1746 
3 1557 1447 1490 
3 1646 1662 1557 
3 1398 1282 1340 
3 1360 1253 1282 
3 1317 1360 1440 
3 1447 1340 1371 
3 1488 1375 1440 
3 1610 1488 1545 
3 1651 1730 1610 
3 1730 1763 1836 
3 1763 1800 1874 
3 1800 1834 1921 
3 1746 1662 1754 
3 1834 1746 1850 
3 1490 1447 1371 
3 1646 1557 1490 
3 1754 1662 1646 
3 1282 1233 1340 
3 1282 1253 1169 
3 1360 1317 1253 
3 1375 1317 1440 
3 1340 1263 1371 
3 1488 1453 1375 
3 1561 1488 1610 
3 1730 1671 1610 
3 1763 1874 1836 
3 1773 1730 1836 
3 1874 1800 1921 
3 1921 1834 1942 
3 1746 1754 1850 
3 1834 1850 1942 
3 1432 1490 1371 
3 1549 1646 1490 
3 1768 1754 1646 
3 1233 1263 1340 
3 1282 1169 1233 
3 1253 1140 1169 
3 1253 1317 1192 
3 1317 1375 1265 
3 1263 1298 1371 
3 1375 1453 1345 
3 1561 1453 1488 
3 1671 1561 1610 
3 1773 1671 1730 
3 1836 1874 1940 
3 1870 1773 1836 
3 1996 1874 1921 
3 2028 1921 1942 
3 1754 1860 1850 
3 1942 1850 1954 
3 1549 1490 1432 
3 1298 1432 1371 
3 1668 1646 1549 
3 1768 1860 1754 
3 1668 1768 1646 
3 1154 1263 1233 
3 1233 1169 1108 
3 1169 1140 1063 
3 1140 1253 1192 
3 1317 1265 1192 
3 1375 1345 1265 
3 1298 1263 1179 
3 1453 1412 1345 
3 1453 1561 1534 
3 1561 1671 1643 
3 1773 1752 1671 
3 1874 1996 1940 
3 1870 1836 1940 
3 1752 1773 1870 
3 2028 1996 1921 
3 2047 2028 1942 
3 1850 1860 1954 
3 2047 1942 1954 
3 1460 1549 1432 
3 1298 1348 1432 
3 1668 1549 1571 
3 1860 1768 1873 
3 1768 1668 1780 
3 1263 1154 1179 
3 1154 1233 1108 
3 1169 1063 1108 
3 1063 1140 1020 
3 1140 1192 1074 
3 1265 1158 1192 
3 1345 1237 1265 
3 1298 1179 1238 
3 1412 1292 1345 
3 1412 1453 1534 
3 1561 1643 1534 
3 1671 1752 1643 
3 1940 1996 2074 
3 1972 1870 1940 
3 1833 1752 1870 
3 2112 1996 2028 
3 2135 2028 2047 
3 1954 1860 1967 
3 2047 1954 2059 
3 1549 1460 1571 
3 1348 1460 1432 
3 1348 1298 1238 
3 1689 1668 1571 
3 1768 1780 1873 
3 1860 1873 1967 
3 1668 1689 1780 
3 1179 1154 1070 
3 1154 1108 1043 
3 1108 1063 987 
3 1140 1074 1020 
3 957 1063 1020 
3 1192 1158 1074 
3 1237 1158 1265 
3 1292 1237 1345 
3 1238 1179 1113 
3 1292 1412 1370 
3 1479 1412 1534 
3 1643 1599 1534 
3 1752 1721 1643 
3 1996 2112 2074 
3 2034 1940 2074 
3 1941 1870 1972 
3 1972 1940 2034 
3 1752 1833 1721 
3 1833 1870 1941 
3 2112 2028 2135 
3 2135 2047 2149 
3 1954 1967 2059 
3 2149 2047 2059 
3 1460 1478 1571 
3 1460 1348 1368 
3 1348 1238 1260 
3 1596 1689 1571 
3 1780 1886 1873 
3 1873 1977 1967 
3 1689 1797 1780 
3 1154 1043 1070 
3 1179 1070 1113 
3 1108 987 1043 
3 1063 957 987 
3 1074 965 1020 
3 902 957 1020 
3 1158 1047 1074 
3 1237 1110 1158 
3 1237 1292 1174 
3 1238 1113 1153 
3 1412 1479 1370 
3 1264 1292 1370 
3 1599 1479 1534 
3 1721 1599 1643 
3 2074 2112 2192 
3 2136 2034 2074 
3 2042 1941 1972 
3 2061 1972 2034 
3 1721 1833 1792 
3 1904 1833 1941 
3 2112 2135 2219 
3 2245 2135 2149 
3 1967 2075 2059 
3 2149 2059 2173 
3 1478 1596 1571 
3 1478 1460 1368 
3 1348 1260 1368 
3 1260 1238 1153 
3 1689 1596 1708 
3 1886 1977 1873 
3 1797 1886 1780 
3 1977 2075 1967 
3 1689 1708 1797 
3 1070 1043 964 
3 1070 994 1113 
3 1043 987 935 
3 987 957 884 
3 965 902 1020 
3 1074 1047 965 
3 957 902 855 
3 1158 1110 1047 
3 1110 1237 1174 
3 1292 1264 1174 
3 1113 1046 1153 
3 1479 1457 1370 
3 1264 1370 1349 
3 1599 1565 1479 
3 1599 1721 1677 
3 2192 2112 2219 
3 2136 2074 2192 
3 2136 2061 2034 
3 2042 2019 1941 
3 2042 1972 2061 
3 1833 1904 1792 
3 1721 1792 1677 
3 2019 1904 1941 
3 2135 2245 2219 
3 2245 2149 2266 
3 2059 2075 2173 
3 2266 2149 2173 
3 1596 1478 1509 
3 1478 1368 1392 
3 1368 1260 1281 
3 1260 1153 1172 
3 1596 1623 1708 
3 1977 1886 1990 
3 1797 1901 1886 
3 2075 1977 2089 
3 1708 1811 1797 
3 1043 935 964 
3 994 1070 964 
3 994 1046 1113 
3 987 884 935 
3 957 855 884 
3 851 902 965 
3 1047 926 965 
3 902 805 855 
3 1110 984 1047 
3 1068 1110 1174 
3 1174 1264 1156 
3 1153 1046 1067 
3 1370 1457 1349 
3 1479 1565 1457 
3 1244 1264 1349 
3 1565 1599 1677 
3 2296 2192 2219 
3 2234 2136 2192 
3 2061 2136 2146 
3 2019 2042 2125 
3 2042 2061 2146 
3 1792 1904 1869 
3 1677 1792 1761 
3 1978 1904 2019 
3 2245 2330 2219 
3 2350 2245 2266 
3 2075 2184 2173 
3 2272 2266 2173 
3 1509 1478 1392 
3 1623 1596 1509 
3 1392 1368 1281 
3 1281 1260 1172 
3 1153 1067 1172 
3 1708 1623 1732 
3 1886 1901 1990 
3 1977 1990 2089 
3 1811 1901 1797 
3 2075 2089 2184 
3 1811 1708 1732 
3 964 935 860 
3 994 964 887 
3 936 1046 994 
3 935 884 828 
3 855 783 884 
3 805 902 851 
3 926 851 965 
3 1047 984 926 
3 855 805 760 
3 1110 1068 984 
3 1068 1174 1156 
3 1264 1244 1156 
3 1067 1046 962 
3 1349 1457 1439 
3 1457 1565 1542 
3 1312 1244 1349 
3 1565 1677 1649 
3 2296 2234 2192 
3 2330 2296 2219 
3 2136 2234 2146 
3 2125 2042 2146 
3 2099 2019 2125 
3 1904 1978 1869 
3 1761 1792 1869 
3 1677 1761 1649 
3 1978 2019 2099 
3 2350 2330 2245 
3 2350 2266 2361 
3 2184 2272 2173 
3 2266 2272 2361 
3 1509 1392 1428 
3 1623 1509 1533 
3 1392 1281 1309 
3 1202 1281 1172 
3 1172 1067 1091 
3 1623 1635 1732 
3 1901 2007 1990 
3 2089 1990 2100 
3 1901 1811 1917 
3 2184 2089 2191 
3 1811 1732 1832 
3 935 828 860 
3 887 964 860 
3 936 994 887 
3 1046 936 962 
3 884 783 828 
3 783 855 760 
3 736 805 851 
3 926 790 851 
3 984 876 926 
3 805 736 760 
3 984 1068 959 
3 1068 1156 1045 
3 1244 1124 1156 
3 1067 962 983 
3 1457 1542 1439 
3 1312 1349 1439 
3 1565 1649 1542 
3 1244 1312 1193 
3 2234 2296 2332 
3 2406 2296 2330 
3 2234 2229 2146 
3 2229 2125 2146 
3 2099 2125 2201 
3 1978 1953 1869 
3 1761 1869 1848 
3 1649 1761 1739 
3 2058 1978 2099 
3 2330 2350 2430 
3 2444 2350 2361 
3 2272 2184 2277 
3 2361 2272 2365 
3 1428 1392 1309 
3 1533 1509 1428 
3 1635 1623 1533 
3 1281 1202 1309 
3 1202 1172 1091 
3 1091 1067 983 
3 1732 1635 1740 
3 1990 2007 2100 
3 2007 1901 1917 
3 2089 2100 2191 
3 1811 1832 1917 
3 2184 2191 2277 
3 1832 1732 1740 
3 860 828 755 
3 782 887 860 
3 936 887 825 
3 962 936 858 
3 783 725 828 
3 783 760 689 
3 790 736 851 
3 876 790 926 
3 984 959 876 
3 736 665 760 
3 959 1068 1045 
3 1156 1124 1045 
3 1124 1244 1193 
3 962 880 983 
3 1439 1542 1507 
3 1312 1439 1389 
3 1542 1649 1632 
3 1193 1312 1275 
3 2296 2377 2332 
3 2229 2234 2332 
3 2377 2296 2406 
3 2406 2330 2430 
3 2125 2229 2201 
3 2179 2099 2201 
3 1869 1953 1848 
3 1953 1978 2058 
3 1739 1761 1848 
3 1649 1739 1632 
3 2179 2058 2099 
3 2430 2350 2444 
3 2449 2444 2361 
3 2272 2277 2316 
3 2316 2365 2272 
3 2449 2361 2365 
3 1428 1309 1338 
3 1533 1428 1442 
3 1544 1635 1533 
3 1309 1202 1234 
3 1234 1202 1091 
3 1091 983 1025 
3 1635 1647 1740 
3 2100 2007 2106 
3 2007 1917 2017 
3 2191 2100 2197 
3 1917 1832 1929 
3 2277 2191 2283 
3 1832 1740 1840 
3 828 725 755 
3 782 860 755 
3 887 782 825 
3 858 936 825 
3 962 858 880 
3 725 783 689 
3 760 665 689 
3 736 790 671 
3 790 876 754 
3 876 959 843 
3 736 646 665 
3 924 959 1045 
3 1124 1000 1045 
3 1124 1193 1079 
3 880 913 983 
3 1542 1632 1507 
3 1439 1507 1389 
3 1275 1312 1389 
3 1193 1275 1165 
3 2377 2412 2332 
3 2307 2229 2332 
3 2377 2406 2463 
3 2501 2406 2430 
3 2201 2229 2307 
3 2280 2179 2201 
3 1953 1930 1848 
3 2035 1953 2058 
3 1824 1739 1848 
3 1632 1739 1703 
3 2179 2143 2058 
3 2516 2430 2444 
3 2444 2449 2525 
3 2316 2277 2371 
3 2316 2453 2365 
3 2453 2449 2365 
3 1338 1309 1234 
3 1442 1428 1338 
3 1544 1533 1442 
3 1647 1635 1544 
3 1139 1234 1091 
3 983 913 1025 
3 1139 1091 1025 
3 1740 1647 1749 
3 2007 2017 2106 
3 2100 2106 2197 
3 1917 1929 2017 
3 2191 2197 2283 
3 1929 1832 1840 
3 2371 2277 2283 
3 1740 1749 1840 
3 725 638 755 
3 782 755 674 
3 782 717 825 
3 747 858 825 
3 880 858 778 
3 725 689 638 
3 689 665 595 
3 790 754 671 
3 646 736 671 
3 876 843 754 
3 959 924 843 
3 665 646 576 
3 1000 924 1045 
3 1000 1124 1079 
3 1079 1193 1165 
3 880 804 913 
3 1632 1583 1507 
3 1507 1471 1389 
3 1363 1275 1389 
3 1165 1275 1255 
3 2412 2307 2332 
3 2412 2377 2463 
3 2463 2406 2501 
3 2516 2501 2430 
3 2280 2201 2307 
3 2262 2179 2280 
3 1930 1824 1848 
3 1953 2035 1930 
3 2143 2035 2058 
3 1739 1824 1703 
3 1632 1703 1583 
3 2143 2179 2262 
3 2516 2444 2525 
3 2449 2537 2525 
3 2456 2316 2371 
3 2453 2316 2456 
3 2537 2449 2453 
3 1338 1234 1246 
3 1442 1338 1351 
3 1544 1442 1450 
3 1556 1647 1544 
3 1234 1139 1246 
3 1025 913 943 
3 1139 1025 1051 
3 1647 1659 1749 
3 2106 2017 2114 
3 2197 2106 2203 
3 2017 1929 2026 
3 2197 2290 2283 
3 1929 1840 1938 
3 2371 2283 2375 
3 1840 1749 1851 
3 755 638 674 
3 717 782 674 
3 717 747 825 
3 858 747 778 
3 804 880 778 
3 689 595 638 
3 665 576 595 
3 754 583 671 
3 561 646 671 
3 754 843 719 
3 924 793 843 
3 646 561 576 
3 924 1000 881 
3 1000 1079 971 
3 1058 1079 1165 
3 913 804 837 
3 1583 1471 1507 
3 1471 1363 1389 
3 1275 1363 1255 
3 1151 1165 1255 
3 2307 2412 2386 
3 2492 2412 2463 
3 2561 2463 2501 
3 2516 2589 2501 
3 2280 2307 2386 
3 2262 2280 2364 
3 1824 1930 1897 
3 1930 2035 2012 
3 2035 2143 2119 
3 1703 1824 1783 
3 1583 1703 1669 
3 2143 2262 2223 
3 2609 2516 2525 
3 2537 2622 2525 
3 2458 2456 2371 
3 2453 2456 2539 
3 2537 2453 2539 
3 1351 1338 1246 
3 1450 1442 1351 
3 1556 1544 1450 
3 1659 1647 1556 
3 1139 1155 1246 
3 913 837 943 
3 1051 1025 943 
3 1155 1139 1051 
3 1749 1659 1757 
3 2017 2026 2114 
3 2106 2114 2203 
3 2290 2197 2203 
3 2026 1929 1938 
3 2283 2290 2375 
3 1840 1851 1938 
3 2458 2371 2375 
3 1749 1757 1851 
3 638 567 674 
3 603 717 674 
3 747 717 644 
3 747 672 778 
3 697 804 778 
3 595 541 638 
3 576 513 595 
3 583 561 671 
3 657 583 754 
3 843 793 719 
3 657 754 719 
3 793 924 881 
3 561 482 576 
3 881 1000 971 
3 1079 1058 971 
3 1151 1058 1165 
3 804 732 837 
3 1471 1583 1559 
3 1363 1471 1452 
3 1363 1342 1255 
3 1151 1255 1235 
3 2412 2492 2386 
3 2492 2463 2561 
3 2589 2561 2501 
3 2589 2516 2609 
3 2364 2280 2386 
3 2343 2262 2364 
3 1930 2012 1897 
3 1783 1824 1897 
3 2012 2035 2119 
3 2119 2143 2223 
3 1703 1783 1669 
3 1583 1669 1559 
3 2262 2343 2223 
3 2622 2609 2525 
3 2622 2537 2621 
3 2456 2458 2538 
3 2539 2456 2538 
3 2621 2537 2539 
3 1351 1246 1256 
3 1359 1450 1351 
3 1463 1556 1450 
3 1562 1659 1556 
3 1246 1155 1256 
3 837 857 943 
3 961 1051 943 
3 1155 1051 1062 
3 1659 1665 1757 
3 2114 2026 2126 
3 2203 2114 2212 
3 2290 2203 2298 
3 2026 1938 2036 
3 2375 2290 2381 
3 1938 1851 1947 
3 2461 2458 2375 
3 1851 1757 1856 
3 567 603 674 
3 638 541 567 
3 717 603 644 
3 672 747 644 
3 672 697 778 
3 804 697 732 
3 513 541 595 
3 576 482 513 
3 561 583 467 
3 521 583 657 
3 719 793 679 
3 585 657 719 
3 772 793 881 
3 482 561 467 
3 862 881 971 
3 1058 951 971 
3 1042 1058 1151 
3 837 732 753 
3 1452 1471 1559 
3 1363 1452 1342 
3 1255 1342 1235 
3 1136 1151 1235 
3 2492 2480 2386 
3 2575 2492 2561 
3 2561 2589 2647 
3 2688 2589 2609 
3 2480 2364 2386 
3 2343 2364 2448 
3 2012 1973 1897 
3 1867 1783 1897 
3 2012 2119 2096 
3 2119 2223 2200 
3 1669 1783 1758 
3 1559 1669 1648 
3 2223 2343 2302 
3 2609 2622 2714 
3 2622 2621 2718 
3 2458 2544 2538 
3 2616 2539 2538 
3 2621 2539 2616 
3 1359 1351 1256 
3 1359 1463 1450 
3 1562 1556 1463 
3 1659 1562 1665 
3 1155 1163 1256 
3 857 961 943 
3 857 837 753 
3 1051 961 1062 
3 1163 1155 1062 
3 1757 1665 1767 
3 2026 2036 2126 
3 2114 2126 2212 
3 2203 2212 2298 
3 2290 2298 2381 
3 1938 1947 2036 
3 2461 2375 2381 
3 1851 1856 1947 
3 2544 2458 2461 
3 1757 1767 1856 
3 495 603 567 
3 567 541 466 
3 644 603 540 
3 570 672 644 
3 672 594 697 
3 732 697 632 
3 541 513 445 
3 513 482 422 
3 583 521 467 
3 521 657 585 
3 793 772 679 
3 585 719 679 
3 772 881 862 
3 482 467 379 
3 951 862 971 
3 951 1058 1042 
3 1042 1151 1136 
3 753 732 652 
3 1541 1452 1559 
3 1342 1452 1433 
3 1342 1305 1235 
3 1103 1136 1235 
3 2575 2480 2492 
3 2575 2561 2647 
3 2647 2589 2688 
3 2688 2609 2714 
3 2364 2480 2448 
3 2419 2343 2448 
3 1973 1867 1897 
3 1973 2012 2096 
3 1783 1867 1758 
3 2096 2119 2200 
3 2200 2223 2302 
3 1669 1758 1648 
3 1541 1559 1648 
3 2302 2343 2419 
3 2714 2622 2718 
3 2621 2708 2718 
3 2544 2608 2538 
3 2608 2616 2538 
3 2708 2621 2616 
3 1266 1359 1256 
3 1463 1359 1364 
3 1468 1562 1463 
3 1562 1569 1665 
3 1163 1266 1256 
3 961 857 871 
3 857 753 768 
3 961 972 1062 
3 1072 1163 1062 
3 1665 1672 1767 
3 2126 2036 2133 
3 2212 2126 2220 
3 2298 2212 2305 
3 2381 2298 2388 
3 2036 1947 2045 
3 2476 2461 2381 
3 1947 1856 1957 
3 2544 2461 2557 
3 1856 1767 1864 
3 603 495 540 
3 495 567 466 
3 541 445 466 
3 570 644 540 
3 672 570 594 
3 697 594 632 
3 732 632 652 
3 513 422 445 
3 422 482 379 
3 467 521 379 
3 521 585 453 
3 772 650 679 
3 559 585 679 
3 742 772 862 
3 862 951 834 
3 951 1042 922 
3 1042 1136 1010 
3 667 753 652 
3 1452 1541 1433 
3 1342 1433 1305 
3 1305 1185 1235 
3 1136 1103 1010 
3 1185 1103 1235 
3 2579 2480 2575 
3 2575 2647 2678 
3 2647 2688 2761 
3 2780 2688 2714 
3 2480 2579 2448 
3 2529 2419 2448 
3 1867 1973 1951 
3 1973 2096 2060 
3 1758 1867 1844 
3 2096 2200 2180 
3 2279 2200 2302 
3 1758 1737 1648 
3 1631 1541 1648 
3 2302 2419 2385 
3 2790 2714 2718 
3 2708 2778 2718 
3 2608 2544 2624 
3 2608 2684 2616 
3 2684 2708 2616 
3 1359 1266 1364 
3 1468 1463 1364 
3 1569 1562 1468 
3 1569 1672 1665 
3 1266 1163 1170 
3 871 857 768 
3 972 961 871 
3 753 667 768 
3 972 1072 1062 
3 1170 1163 1072 
3 1767 1672 1774 
3 2036 2045 2133 
3 2126 2133 2220 
3 2212 2220 2305 
3 2298 2305 2388 
3 2476 2381 2388 
3 1947 1957 2045 
3 2461 2476 2557 
3 1856 1864 1957 
3 2624 2544 2557 
3 1767 1774 1864 
3 540 495 435 
3 495 466 401 
3 466 445 365 
3 462 570 540 
3 594 570 493 
3 594 532 632 
3 632 558 652 
3 422 343 445 
3 422 379 313 
3 521 453 379 
3 585 559 453 
3 650 559 679 
3 650 772 742 
3 742 862 834 
3 951 922 834 
3 922 1042 1010 
3 574 667 652 
3 1433 1541 1505 
3 1305 1433 1386 
3 1185 1305 1274 
3 1103 981 1010 
3 1185 1073 1103 
3 2579 2575 2678 
3 2678 2647 2761 
3 2688 2780 2761 
3 2790 2780 2714 
3 2579 2529 2448 
3 2419 2529 2499 
3 1951 1973 2060 
3 1844 1867 1951 
3 2096 2180 2060 
3 1758 1844 1737 
3 2200 2279 2180 
3 2279 2302 2385 
3 1737 1631 1648 
3 1541 1631 1505 
3 2385 2419 2499 
3 2778 2790 2718 
3 2778 2708 2766 
3 2667 2608 2624 
3 2684 2608 2667 
3 2708 2684 2766 
3 1266 1272 1364 
3 1468 1364 1374 
3 1474 1569 1468 
3 1569 1578 1672 
3 1272 1266 1170 
3 871 768 779 
3 972 871 879 
3 768 667 680 
3 1072 972 978 
3 1075 1170 1072 
3 1672 1683 1774 
3 2133 2045 2141 
3 2220 2133 2226 
3 2305 2220 2309 
3 2305 2396 2388 
3 2483 2476 2388 
3 2045 1957 2053 
3 2476 2563 2557 
3 1864 1966 1957 
3 2624 2557 2632 
3 1774 1878 1864 
3 495 401 435 
3 462 540 435 
3 466 365 401 
3 445 343 365 
3 570 462 493 
3 532 594 493 
3 632 532 558 
3 558 574 652 
3 343 422 313 
3 379 304 313 
3 379 453 304 
3 559 412 453 
3 559 650 522 
3 650 742 622 
3 716 742 834 
3 834 922 797 
3 891 922 1010 
3 667 574 584 
3 1433 1505 1386 
3 1274 1305 1386 
3 1185 1274 1166 
3 981 891 1010 
3 1073 981 1103 
3 1073 1185 1166 
3 2674 2579 2678 
3 2797 2678 2761 
3 2761 2780 2831 
3 2780 2790 2843 
3 2529 2579 2674 
3 2529 2618 2499 
3 2037 1951 2060 
3 1844 1951 1931 
3 2180 2145 2060 
3 1737 1844 1825 
3 2279 2265 2180 
3 2368 2279 2385 
3 1631 1737 1704 
3 1505 1631 1586 
3 2385 2499 2477 
3 2834 2790 2778 
3 2823 2778 2766 
3 2725 2667 2624 
3 2684 2667 2747 
3 2766 2684 2747 
3 1364 1272 1374 
3 1474 1468 1374 
3 1578 1569 1474 
3 1672 1578 1683 
3 1176 1272 1170 
3 779 768 680 
3 871 779 879 
3 978 972 879 
3 667 584 680 
3 1075 1072 978 
3 1176 1170 1075 
3 1683 1788 1774 
3 2045 2053 2141 
3 2133 2141 2226 
3 2220 2226 2309 
3 2396 2305 2309 
3 2396 2483 2388 
3 2563 2476 2483 
3 1957 1966 2053 
3 2557 2563 2632 
3 1878 1966 1864 
3 2624 2632 2710 
3 1788 1878 1774 
3 401 315 435 
3 352 462 435 
3 401 365 287 
3 343 265 365 
3 493 462 398 
3 532 493 433 
3 558 532 457 
3 574 558 474 
3 243 343 313 
3 304 222 313 
3 453 412 304 
3 412 559 522 
3 522 650 622 
3 622 742 716 
3 716 834 797 
3 922 891 797 
3 584 574 498 
3 1505 1473 1386 
3 1365 1274 1386 
3 1274 1261 1166 
3 875 891 981 
3 981 1073 968 
3 1061 1073 1166 
3 2797 2674 2678 
3 2797 2761 2831 
3 2831 2780 2843 
3 2790 2834 2843 
3 2618 2529 2674 
3 2618 2584 2499 
3 1951 2037 1931 
3 2145 2037 2060 
3 1844 1931 1825 
3 2265 2145 2180 
3 1704 1737 1825 
3 2265 2279 2368 
3 2368 2385 2477 
3 1631 1704 1586 
3 1505 1586 1473 
3 2499 2584 2477 
3 2834 2778 2823 
3 2801 2823 2766 
3 2747 2667 2725 
3 2725 2624 2710 
3 2801 2766 2747 
3 1272 1277 1374 
3 1380 1474 1374 
3 1482 1578 1474 
3 1578 1590 1683 
3 1277 1272 1176 
3 686 779 680 
3 779 799 879 
3 889 978 879 
3 680 584 597 
3 982 1075 978 
3 1081 1176 1075 
3 1694 1788 1683 
3 2141 2053 2150 
3 2226 2141 2236 
3 2309 2226 2314 
3 2396 2309 2393 
3 2483 2396 2479 
3 2563 2483 2559 
3 2053 1966 2066 
3 2632 2563 2627 
3 1966 1878 1980 
3 2710 2632 2703 
3 1878 1788 1891 
3 315 352 435 
3 315 401 287 
3 462 352 398 
3 365 265 287 
3 343 243 265 
3 493 398 433 
3 532 433 457 
3 558 457 474 
3 574 474 498 
3 222 243 313 
3 257 222 304 
3 412 257 304 
3 412 522 377 
3 492 522 622 
3 622 716 586 
3 685 716 797 
3 797 891 781 
3 584 498 520 
3 1473 1365 1386 
3 1274 1365 1261 
3 1261 1159 1166 
3 891 875 781 
3 875 981 968 
3 968 1073 1061 
3 1159 1061 1166 
3 2674 2797 2782 
3 2860 2797 2831 
3 2872 2831 2843 
3 2834 2874 2843 
3 2618 2674 2782 
3 2584 2618 2712 
3 1931 2037 2014 
3 2037 2145 2123 
3 1931 1900 1825 
3 2145 2265 2230 
3 1787 1704 1825 
3 2265 2368 2352 
3 2457 2368 2477 
3 1586 1704 1673 
3 1586 1564 1473 
3 2477 2584 2572 
3 2859 2834 2823 
3 2823 2801 2839 
3 2779 2747 2725 
3 2763 2725 2710 
3 2779 2801 2747 
3 1277 1380 1374 
3 1482 1474 1380 
3 1590 1578 1482 
3 1590 1694 1683 
3 1277 1176 1184 
3 799 779 686 
3 686 680 597 
3 799 889 879 
3 982 978 889 
3 597 584 520 
3 1081 1075 982 
3 1184 1176 1081 
3 1694 1801 1788 
3 2053 2066 2150 
3 2141 2150 2236 
3 2226 2236 2314 
3 2309 2314 2393 
3 2396 2393 2479 
3 2559 2483 2479 
3 2563 2559 2627 
3 1966 1980 2066 
3 2632 2627 2703 
3 1980 1878 1891 
3 2751 2710 2703 
3 1788 1801 1891 
3 352 315 256 
3 219 315 287 
3 352 289 398 
3 265 199 287 
3 183 265 243 
3 433 398 323 
3 457 433 355 
3 474 457 392 
3 498 474 419 
3 243 222 183 
3 222 257 169 
3 257 412 377 
3 522 492 377 
3 492 622 586 
3 716 685 586 
3 685 797 781 
3 520 498 443 
3 1473 1459 1365 
3 1365 1355 1261 
3 1250 1159 1261 
3 875 764 781 
3 875 968 864 
3 968 1061 954 
3 1159 1052 1061 
3 2797 2860 2782 
3 2872 2860 2831 
3 2874 2872 2843 
3 2874 2834 2859 
3 2712 2618 2782 
3 2584 2712 2732 
3 2037 2123 2014 
3 1931 2014 1900 
3 2123 2145 2230 
3 1900 1787 1825 
3 2265 2352 2230 
3 1704 1787 1673 
3 2352 2368 2457 
3 2457 2477 2572 
3 1564 1586 1673 
3 1564 1459 1473 
3 2584 2732 2572 
3 2859 2823 2839 
3 2801 2820 2839 
3 2763 2779 2725 
3 2763 2710 2751 
3 2820 2801 2779 
3 1287 1380 1277 
3 1482 1380 1390 
3 1494 1590 1482 
3 1590 1601 1694 
3 1287 1277 1184 
3 740 799 686 
3 686 597 596 
3 889 799 818 
3 982 889 894 
3 597 520 534 
3 1081 982 988 
3 1085 1184 1081 
3 1801 1694 1710 
3 2150 2066 2178 
3 2236 2150 2257 
3 2314 2236 2328 
3 2393 2314 2394 
3 2393 2470 2479 
3 2559 2479 2547 
3 2627 2559 2611 
3 2066 1980 2094 
3 2627 2679 2703 
3 1980 1891 2000 
3 2743 2751 2703 
3 1891 1801 1908 
3 315 219 256 
3 289 352 256 
3 199 219 287 
3 398 289 323 
3 265 183 199 
3 355 433 323 
3 457 355 392 
3 474 392 419 
3 498 419 443 
3 222 169 183 
3 257 195 169 
3 195 257 377 
3 492 357 377 
3 471 492 586 
3 685 573 586 
3 685 781 668 
3 520 443 455 
3 1365 1459 1355 
3 1355 1250 1261 
3 1159 1250 1145 
3 781 764 668 
3 764 875 864 
3 864 968 954 
3 1061 1052 954 
3 1052 1159 1145 
3 2860 2844 2782 
3 2860 2872 2898 
3 2901 2872 2874 
3 2886 2874 2859 
3 2844 2712 2782 
3 2732 2712 2844 
3 2014 2123 2098 
3 1900 2014 1975 
3 2205 2123 2230 
3 1787 1900 1868 
3 2352 2315 2230 
3 1787 1762 1673 
3 2441 2352 2457 
3 2566 2457 2572 
3 1564 1673 1653 
3 1547 1459 1564 
3 2732 2726 2572 
3 2866 2859 2839 
3 2820 2837 2839 
3 2779 2763 2798 
3 2777 2763 2751 
3 2820 2779 2798 
3 1380 1287 1390 
3 1494 1482 1390 
3 1601 1590 1494 
3 1694 1601 1710 
3 1190 1287 1184 
3 799 740 818 
3 740 686 669 
3 596 597 534 
3 686 596 669 
3 894 889 818 
3 988 982 894 
3 534 520 455 
3 1085 1081 988 
3 1190 1184 1085 
3 1801 1710 1820 
3 2066 2094 2178 
3 2150 2178 2257 
3 2236 2257 2328 
3 2314 2328 2394 
3 2470 2393 2394 
3 2479 2470 2547 
3 2611 2559 2547 
3 2679 2627 2611 
3 1980 2000 2094 
3 2679 2743 2703 
3 1891 1908 2000 
3 2743 2769 2751 
3 1801 1820 1908 
3 219 177 256 
3 202 289 256 
3 166 219 199 
3 289 237 323 
3 183 153 199 
3 355 323 272 
3 392 355 299 
3 419 392 321 
3 443 419 349 
3 169 152 183 
3 169 195 123 
3 357 195 377 
3 471 357 492 
3 573 471 586 
3 573 685 668 
3 455 443 380 
3 1355 1459 1443 
3 1250 1355 1339 
3 1250 1239 1145 
3 764 656 668 
3 764 864 752 
3 846 864 954 
3 1052 945 954 
3 1052 1145 1037 
3 2844 2860 2898 
3 2898 2872 2901 
3 2901 2874 2886 
3 2886 2859 2866 
3 2865 2732 2844 
3 2123 2205 2098 
3 1975 2014 2098 
3 1900 1975 1868 
3 2315 2205 2230 
3 1762 1787 1868 
3 2352 2441 2315 
3 1673 1762 1653 
3 2566 2441 2457 
3 2726 2566 2572 
3 1547 1564 1653 
3 1459 1547 1443 
3 2726 2732 2865 
3 2837 2866 2839 
3 2820 2816 2837 
3 2798 2763 2777 
3 2769 2777 2751 
3 2816 2820 2798 
3 1287 1295 1390 
3 1399 1494 1390 
3 1503 1601 1494 
3 1601 1617 1710 
3 1295 1287 1190 
3 740 743 818 
3 743 740 669 
3 596 534 535 
3 669 596 588 
3 894 818 823 
3 899 988 894 
3 534 455 463 
3 990 1085 988 
3 1093 1190 1085 
3 1820 1710 1726 
3 2178 2094 2195 
3 2257 2178 2273 
3 2328 2257 2348 
3 2394 2328 2408 
3 2470 2394 2471 
3 2547 2470 2527 
3 2611 2547 2598 
3 2679 2611 2651 
3 2000 2108 2094 
3 2743 2679 2735 
3 1908 2021 2000 
3 2769 2743 2753 
3 1908 1820 1926 
3 177 202 256 
3 219 166 177 
3 289 202 237 
3 153 166 199 
3 323 237 272 
3 183 152 153 
3 299 355 272 
3 392 299 321 
3 419 321 349 
3 443 349 380 
3 169 123 152 
3 123 195 121 
3 195 357 212 
3 357 471 319 
3 471 573 447 
3 557 573 668 
3 455 380 408 
3 1339 1355 1443 
3 1250 1339 1239 
3 1145 1239 1133 
3 656 557 668 
3 656 764 752 
3 864 846 752 
3 945 846 954 
3 945 1052 1037 
3 1037 1145 1133 
3 2865 2844 2898 
3 2916 2898 2901 
3 2906 2901 2886 
3 2877 2886 2866 
3 2205 2183 2098 
3 2057 1975 2098 
3 1975 1949 1868 
3 2205 2315 2289 
3 1762 1868 1849 
3 2315 2441 2411 
3 1653 1762 1744 
3 2441 2566 2526 
3 2566 2726 2701 
3 1636 1547 1653 
3 1547 1537 1443 
3 2726 2865 2842 
3 2866 2837 2849 
3 2837 2816 2818 
3 2793 2798 2777 
3 2777 2769 2775 
3 2816 2798 2793 
3 1295 1399 1390 
3 1399 1503 1494 
3 1617 1601 1503 
3 1710 1617 1726 
3 1200 1295 1190 
3 818 743 823 
3 664 743 669 
3 535 534 463 
3 596 535 588 
3 664 669 588 
3 899 894 823 
3 990 988 899 
3 463 455 408 
3 1093 1085 990 
3 1200 1190 1093 
3 1831 1820 1726 
3 2094 2108 2195 
3 2178 2195 2273 
3 2257 2273 2348 
3 2328 2348 2408 
3 2394 2408 2471 
3 2470 2471 2527 
3 2547 2527 2598 
3 2651 2611 2598 
3 2679 2651 2716 
3 2021 2108 2000 
3 2735 2679 2716 
3 2743 2735 2753 
3 2021 1908 1926 
3 2764 2769 2753 
3 1820 1831 1926 
3 202 177 155 
3 166 138 177 
3 202 179 237 
3 166 153 119 
3 237 204 272 
3 152 114 153 
3 230 299 272 
3 299 259 321 
3 321 283 349 
3 380 349 312 
3 152 123 114 
3 195 212 121 
3 123 121 94 
3 212 357 319 
3 319 471 447 
3 573 557 447 
3 408 380 341 
3 1339 1443 1436 
3 1239 1339 1332 
3 1133 1239 1213 
3 656 539 557 
3 643 656 752 
3 846 739 752 
3 838 846 945 
3 932 945 1037 
3 1023 1037 1133 
3 2865 2898 2916 
3 2916 2901 2906 
3 2906 2886 2877 
3 2877 2866 2849 
3 2183 2057 2098 
3 2205 2289 2183 
3 2057 1949 1975 
3 1868 1949 1849 
3 2289 2315 2411 
3 1762 1849 1744 
3 2441 2526 2411 
3 1636 1653 1744 
3 2566 2701 2526 
3 2701 2726 2842 
3 1547 1636 1537 
3 1443 1537 1436 
3 2842 2865 2911 
3 2837 2818 2849 
3 2816 2789 2818 
3 2793 2777 2775 
3 2769 2764 2775 
3 2789 2816 2793 
3 1300 1399 1295 
3 1503 1399 1403 
3 1518 1617 1503 
3 1617 1629 1726 
3 1300 1295 1200 
3 743 738 823 
3 738 743 664 
3 535 463 468 
3 535 530 588 
3 579 664 588 
3 899 823 821 
3 893 990 899 
3 463 408 423 
3 1093 990 992 
3 1101 1200 1093 
3 1735 1831 1726 
3 2108 2214 2195 
3 2273 2195 2294 
3 2348 2273 2366 
3 2348 2431 2408 
3 2471 2408 2486 
3 2471 2541 2527 
3 2598 2527 2587 
3 2634 2651 2598 
3 2716 2651 2680 
3 2108 2021 2130 
3 2735 2716 2741 
3 2753 2735 2741 
3 2030 2021 1926 
3 2742 2764 2753 
3 1831 1933 1926 
3 177 138 155 
3 179 202 155 
3 166 119 138 
3 179 204 237 
3 153 114 119 
3 204 230 272 
3 299 230 259 
3 321 259 283 
3 349 283 312 
3 380 312 341 
3 114 123 94 
3 212 181 121 
3 121 100 94 
3 181 212 319 
3 319 447 282 
3 557 428 447 
3 408 341 360 
3 1339 1436 1332 
3 1239 1332 1213 
3 1111 1133 1213 
3 539 428 557 
3 539 656 643 
3 739 643 752 
3 739 846 838 
3 838 945 932 
3 1023 932 1037 
3 1111 1023 1133 
3 2865 2916 2911 
3 2921 2916 2906 
3 2895 2906 2877 
3 2848 2877 2849 
3 2057 2183 2140 
3 2183 2289 2264 
3 1949 2057 2032 
3 1949 1928 1849 
3 2289 2411 2372 
3 1849 1829 1744 
3 2411 2526 2497 
3 1636 1744 1722 
3 2526 2701 2675 
3 2838 2701 2842 
3 1537 1636 1577 
3 1436 1537 1523 
3 2842 2911 2914 
3 2849 2818 2812 
3 2818 2789 2773 
3 2767 2793 2775 
3 2764 2749 2775 
3 2789 2793 2767 
3 1403 1399 1300 
3 1518 1503 1403 
3 1629 1617 1518 
3 1629 1735 1726 
3 1205 1300 1200 
3 823 738 821 
3 738 664 655 
3 468 463 423 
3 530 535 468 
3 530 579 588 
3 655 664 579 
3 893 899 821 
3 990 893 992 
3 423 408 360 
3 1101 1093 992 
3 1205 1200 1101 
3 1839 1831 1735 
3 2195 2214 2294 
3 2108 2130 2214 
3 2273 2294 2366 
3 2431 2348 2366 
3 2408 2431 2486 
3 2541 2471 2486 
3 2527 2541 2587 
3 2634 2598 2587 
3 2651 2634 2680 
3 2717 2716 2680 
3 2021 2030 2130 
3 2716 2717 2741 
3 2742 2753 2741 
3 1933 2030 1926 
3 2730 2764 2742 
3 1831 1839 1933 
3 138 117 155 
3 179 155 150 
3 119 104 138 
3 204 179 173 
3 114 92 119 
3 230 204 196 
3 259 230 215 
3 259 238 283 
3 283 270 312 
3 341 312 296 
3 92 114 94 
3 181 100 121 
3 94 100 78 
3 181 319 282 
3 447 428 282 
3 360 341 318 
3 1436 1407 1332 
3 1332 1303 1213 
3 1111 1213 1199 
3 428 539 404 
3 539 643 526 
3 643 739 634 
3 739 838 730 
3 827 838 932 
3 914 932 1023 
3 1023 1111 1006 
3 2916 2921 2911 
3 2921 2906 2895 
3 2871 2895 2877 
3 2848 2871 2877 
3 2848 2849 2812 
3 2183 2264 2140 
3 2057 2140 2032 
3 2264 2289 2372 
3 1928 1949 2032 
3 1928 1829 1849 
3 2411 2497 2372 
3 1744 1829 1722 
3 2497 2526 2635 
3 1577 1636 1722 
3 2675 2701 2838 
3 2526 2675 2635 
3 2838 2842 2914 
3 1537 1577 1523 
3 1407 1436 1523 
3 2911 2921 2914 
3 2812 2818 2773 
3 2789 2745 2773 
3 2749 2767 2775 
3 2749 2764 2730 
3 2789 2767 2745 
3 1307 1403 1300 
3 1415 1518 1403 
3 1529 1629 1518 
3 1629 1633 1735 
3 1307 1300 1205 
3 738 728 821 
3 728 738 655 
3 468 423 417 
3 530 468 454 
3 579 530 510 
3 655 579 566 
3 796 893 821 
3 893 888 992 
3 423 360 368 
3 980 1101 992 
3 1205 1101 1109 
3 1741 1839 1735 
3 2214 2324 2294 
3 2214 2130 2251 
3 2294 2387 2366 
3 2431 2366 2455 
3 2431 2510 2486 
3 2564 2541 2486 
3 2587 2541 2600 
3 2634 2587 2637 
3 2634 2661 2680 
3 2692 2717 2680 
3 2130 2030 2172 
3 2741 2717 2722 
3 2742 2741 2722 
3 2029 2030 1933 
3 2730 2742 2697 
3 1933 1839 1939 
3 155 117 150 
3 138 104 117 
3 179 150 173 
3 119 92 104 
3 204 173 196 
3 230 196 215 
3 238 259 215 
3 283 238 270 
3 312 270 296 
3 341 296 318 
3 92 94 78 
3 100 181 145 
3 100 85 78 
3 145 181 282 
3 428 251 282 
3 360 318 339 
3 1332 1407 1303 
3 1213 1303 1199 
3 1096 1111 1199 
3 404 539 526 
3 251 428 404 
3 526 643 634 
3 739 730 634 
3 730 838 827 
3 827 932 914 
3 914 1023 1006 
3 1006 1111 1096 
3 2903 2921 2895 
3 2903 2895 2871 
3 2848 2824 2871 
3 2785 2848 2812 
3 2140 2264 2216 
3 2032 2140 2107 
3 2349 2264 2372 
3 1928 2032 1999 
3 1829 1928 1893 
3 2372 2497 2446 
3 1829 1794 1722 
3 2574 2497 2635 
3 1577 1722 1654 
3 2675 2838 2808 
3 2635 2675 2808 
3 2838 2914 2882 
3 1499 1523 1577 
3 1407 1523 1499 
3 2921 2903 2914 
3 2746 2812 2773 
3 2773 2745 2711 
3 2767 2749 2713 
3 2663 2749 2730 
3 2745 2767 2713 
3 1415 1403 1307 
3 1529 1518 1415 
3 1629 1529 1633 
3 1633 1741 1735 
3 1210 1307 1205 
3 728 796 821 
3 639 728 655 
3 417 423 368 
3 454 468 417 
3 510 530 454 
3 579 510 566 
3 639 655 566 
3 888 893 796 
3 888 980 992 
3 368 360 339 
3 1109 1101 980 
3 1210 1205 1109 
3 1839 1741 1847 
3 2324 2387 2294 
3 2214 2251 2324 
3 2130 2172 2251 
3 2366 2387 2455 
3 2510 2431 2455 
3 2510 2564 2486 
3 2541 2564 2600 
3 2587 2600 2637 
3 2661 2634 2637 
3 2661 2692 2680 
3 2717 2692 2690 
3 2172 2030 2110 
3 2717 2690 2722 
3 2697 2742 2722 
3 2030 2029 2110 
3 2029 1933 1939 
3 2730 2697 2644 
3 1839 1847 1939 
3 117 125 150 
3 104 102 117 
3 173 150 163 
3 92 84 104 
3 173 187 196 
3 196 201 215 
3 238 215 214 
3 270 238 247 
3 296 270 278 
3 318 296 301 
3 84 92 78 
3 100 145 85 
3 78 85 80 
3 251 145 282 
3 339 318 322 
3 1407 1397 1303 
3 1303 1290 1199 
3 1187 1096 1199 
3 387 404 526 
3 221 251 404 
3 514 526 634 
3 634 730 621 
3 730 827 721 
3 827 914 808 
3 898 914 1006 
3 1006 1096 995 
3 2856 2903 2871 
3 2824 2856 2871 
3 2824 2848 2785 
3 2785 2812 2746 
3 2216 2264 2349 
3 2140 2216 2107 
3 1999 2032 2107 
3 2349 2372 2446 
3 1928 1999 1893 
3 1794 1829 1893 
3 2497 2574 2446 
3 1794 1699 1722 
3 2574 2635 2737 
3 1722 1699 1654 
3 1577 1654 1499 
3 2808 2838 2882 
3 2737 2635 2808 
3 2914 2903 2882 
3 1397 1407 1499 
3 2746 2773 2711 
3 2711 2745 2671 
3 2749 2687 2713 
3 2749 2663 2687 
3 2663 2730 2644 
3 2671 2745 2713 
3 1313 1415 1307 
3 1529 1415 1425 
3 1529 1531 1633 
3 1638 1741 1633 
3 1313 1307 1210 
3 703 796 728 
3 703 728 639 
3 417 368 354 
3 454 417 395 
3 439 510 454 
3 510 479 566 
3 545 639 566 
3 784 888 796 
3 980 888 872 
3 368 339 338 
3 1035 1109 980 
3 1119 1210 1109 
3 1741 1751 1847 
3 2324 2429 2387 
3 2324 2251 2358 
3 2251 2172 2278 
3 2387 2490 2455 
3 2510 2455 2550 
3 2564 2510 2590 
3 2564 2629 2600 
3 2600 2652 2637 
3 2673 2661 2637 
3 2692 2661 2685 
3 2690 2692 2670 
3 2206 2172 2110 
3 2690 2662 2722 
3 2662 2697 2722 
3 2029 2128 2110 
3 2039 2029 1939 
3 2697 2626 2644 
3 1847 1948 1939 
3 150 125 163 
3 117 102 125 
3 104 84 102 
3 173 163 187 
3 196 187 201 
3 215 201 214 
3 247 238 214 
3 270 247 278 
3 296 278 301 
3 322 318 301 
3 84 78 80 
3 85 145 132 
3 85 96 80 
3 132 145 251 
3 339 322 335 
3 1303 1397 1290 
3 1290 1187 1199 
3 1096 1187 1090 
3 221 404 387 
3 387 526 514 
3 221 132 251 
3 514 634 511 
3 621 730 721 
3 511 634 621 
3 827 808 721 
3 914 898 808 
3 898 1006 995 
3 995 1096 1090 
3 2882 2903 2856 
3 2824 2786 2856 
3 2740 2824 2785 
3 2681 2785 2746 
3 2216 2349 2286 
3 2216 2182 2107 
3 1999 2107 2064 
3 2349 2446 2495 
3 1999 1965 1893 
3 1876 1794 1893 
3 2446 2574 2495 
3 1699 1794 1785 
3 2574 2737 2612 
3 1654 1699 1592 
3 1499 1654 1592 
3 2822 2808 2882 
3 2822 2737 2808 
3 1492 1397 1499 
3 2641 2746 2711 
3 2619 2711 2671 
3 2687 2671 2713 
3 2687 2663 2594 
3 2578 2663 2644 
3 1415 1313 1425 
3 1531 1529 1425 
3 1531 1638 1633 
3 1741 1638 1751 
3 1216 1313 1210 
3 784 796 703 
3 703 639 607 
3 368 338 354 
3 395 417 354 
3 439 454 395 
3 439 479 510 
3 479 545 566 
3 607 639 545 
3 888 784 872 
3 949 980 872 
3 338 339 335 
3 1119 1109 1035 
3 949 1035 980 
3 1216 1210 1119 
3 1847 1751 1854 
3 2387 2429 2490 
3 2429 2324 2358 
3 2251 2278 2358 
3 2172 2206 2278 
3 2455 2490 2550 
3 2510 2550 2590 
3 2629 2564 2590 
3 2629 2652 2600 
3 2652 2673 2637 
3 2661 2673 2685 
3 2692 2685 2670 
3 2645 2690 2670 
3 2128 2206 2110 
3 2662 2690 2645 
3 2626 2697 2662 
3 2029 2039 2128 
3 1948 2039 1939 
3 2644 2626 2569 
3 1948 1847 1854 
3 163 125 162 
3 125 102 120 
3 102 84 97 
3 187 163 190 
3 201 187 207 
3 201 223 214 
3 247 214 245 
3 278 247 277 
3 301 278 303 
3 326 322 301 
3 97 84 80 
3 85 132 96 
3 96 108 80 
3 322 345 335 
3 1397 1384 1290 
3 1187 1290 1286 
3 1090 1187 1186 
3 221 387 208 
3 378 387 514 
3 132 221 140 
3 378 514 511 
3 617 621 721 
3 511 621 508 
3 721 808 718 
3 808 898 812 
3 898 995 904 
3 995 1090 998 
3 2822 2882 2856 
3 2786 2822 2856 
3 2786 2824 2740 
3 2740 2785 2681 
3 2681 2746 2641 
3 2349 2413 2286 
3 2182 2216 2286 
3 2107 2182 2064 
3 1965 1999 2064 
3 2413 2349 2495 
3 1965 1876 1893 
3 1794 1876 1785 
3 2495 2574 2612 
3 1687 1699 1785 
3 2612 2737 2721 
3 1699 1687 1592 
3 1492 1499 1592 
3 2737 2822 2721 
3 1492 1384 1397 
3 2619 2641 2711 
3 2604 2619 2671 
3 2687 2604 2671 
3 2594 2663 2578 
3 2604 2687 2594 
3 2578 2644 2569 
3 1425 1313 1329 
3 1434 1531 1425 
3 1638 1531 1532 
3 1638 1655 1751 
3 1313 1216 1329 
3 682 784 703 
3 682 703 607 
3 354 338 316 
3 330 395 354 
3 439 395 356 
3 479 439 407 
3 545 479 452 
3 516 607 545 
3 872 784 770 
3 853 949 872 
3 338 335 328 
3 1031 1119 1035 
3 1031 1035 949 
3 1128 1216 1119 
3 1751 1764 1854 
3 2490 2429 2517 
3 2429 2358 2454 
3 2358 2278 2380 
3 2278 2206 2306 
3 2490 2577 2550 
3 2590 2550 2628 
3 2657 2629 2590 
3 2652 2629 2689 
3 2673 2652 2702 
3 2673 2696 2685 
3 2670 2685 2672 
3 2640 2645 2670 
3 2206 2128 2228 
3 2662 2645 2606 
3 2626 2662 2606 
3 2128 2039 2142 
3 1948 2050 2039 
3 2569 2626 2558 
3 1959 1948 1854 
3 125 120 162 
3 163 162 190 
3 102 97 120 
3 187 190 207 
3 223 201 207 
3 214 223 245 
3 247 245 277 
3 278 277 303 
3 326 301 303 
3 322 326 345 
3 108 97 80 
3 96 132 140 
3 108 96 133 
3 335 345 348 
3 1290 1384 1286 
3 1186 1187 1286 
3 1090 1186 1098 
3 387 378 208 
3 140 221 208 
3 378 511 390 
3 621 617 508 
3 617 721 718 
3 390 511 508 
3 718 808 812 
3 898 904 812 
3 904 995 998 
3 998 1090 1098 
3 2822 2786 2721 
3 2655 2786 2740 
3 2610 2740 2681 
3 2571 2681 2641 
3 2286 2413 2342 
3 2182 2286 2225 
3 2064 2182 2131 
3 1965 2064 2033 
3 2514 2413 2495 
3 1876 1965 1961 
3 1876 1877 1785 
3 2514 2495 2612 
3 1687 1785 1779 
3 2612 2721 2586 
3 1687 1585 1592 
3 1585 1492 1592 
3 1384 1492 1485 
3 2619 2554 2641 
3 2619 2604 2530 
3 2512 2594 2578 
3 2520 2604 2594 
3 2504 2578 2569 
3 1434 1425 1329 
3 1531 1434 1532 
3 1625 1638 1532 
3 1751 1655 1764 
3 1625 1655 1638 
3 1216 1227 1329 
3 784 682 770 
3 578 682 607 
3 316 338 328 
3 330 354 316 
3 356 395 330 
3 407 439 356 
3 479 407 452 
3 516 545 452 
3 578 607 516 
3 853 872 770 
3 853 940 949 
3 328 335 348 
3 1128 1119 1031 
3 940 1031 949 
3 1227 1216 1128 
3 1854 1764 1866 
3 2517 2429 2454 
3 2577 2490 2517 
3 2358 2380 2454 
3 2278 2306 2380 
3 2206 2228 2306 
3 2550 2577 2628 
3 2657 2590 2628 
3 2629 2657 2689 
3 2652 2689 2702 
3 2696 2673 2702 
3 2685 2696 2672 
3 2640 2670 2672 
3 2645 2640 2595 
3 2128 2142 2228 
3 2606 2645 2595 
3 2626 2606 2558 
3 2039 2050 2142 
3 1959 2050 1948 
3 2489 2569 2558 
3 1959 1854 1866 
3 120 164 162 
3 190 162 209 
3 120 97 136 
3 207 190 233 
3 261 223 207 
3 245 223 274 
3 277 245 300 
3 277 331 303 
3 326 303 353 
3 345 326 372 
3 97 108 136 
3 133 96 140 
3 158 108 133 
3 348 345 382 
3 1384 1385 1286 
3 1186 1286 1288 
3 1098 1186 1197 
3 208 378 273 
3 175 140 208 
3 273 378 390 
3 617 525 508 
3 635 617 718 
3 390 508 409 
3 734 718 812 
3 904 820 812 
3 904 998 918 
3 998 1098 1015 
3 2786 2655 2721 
3 2655 2740 2610 
3 2571 2610 2681 
3 2554 2571 2641 
3 2342 2413 2435 
3 2225 2286 2342 
3 2182 2225 2131 
3 2033 2064 2131 
3 1965 2033 1961 
3 2413 2514 2435 
3 1877 1876 1961 
3 1785 1877 1779 
3 2514 2612 2586 
3 1679 1687 1779 
3 2721 2655 2586 
3 1585 1687 1679 
3 1492 1585 1485 
3 1384 1485 1385 
3 2554 2619 2530 
3 2604 2520 2530 
3 2520 2594 2512 
3 2512 2578 2504 
3 2489 2504 2569 
3 1333 1434 1329 
3 1434 1431 1532 
3 1521 1625 1532 
3 1655 1676 1764 
3 1676 1655 1625 
3 1227 1333 1329 
3 682 663 770 
3 663 682 578 
3 309 316 328 
3 298 330 316 
3 356 330 305 
3 407 356 334 
3 407 362 452 
3 427 516 452 
3 475 578 516 
3 746 853 770 
3 940 853 835 
3 328 348 344 
3 1029 1128 1031 
3 1029 1031 940 
3 1130 1227 1128 
3 1764 1775 1866 
3 2560 2517 2454 
3 2577 2517 2615 
3 2380 2487 2454 
3 2380 2306 2416 
3 2306 2228 2344 
3 2628 2577 2658 
3 2657 2628 2707 
3 2689 2657 2728 
3 2689 2731 2702 
3 2696 2702 2719 
3 2696 2682 2672 
3 2643 2640 2672 
3 2595 2640 2591 
3 2142 2258 2228 
3 2545 2606 2595 
3 2606 2545 2558 
3 2142 2050 2158 
3 2050 1959 2063 
3 2482 2489 2558 
3 1969 1959 1866 
3 164 185 162 
3 120 136 164 
3 162 185 209 
3 190 209 233 
3 261 207 233 
3 223 261 274 
3 245 274 300 
3 331 277 300 
3 303 331 353 
3 326 353 372 
3 345 372 382 
3 108 158 136 
3 175 133 140 
3 158 133 192 
3 348 382 385 
3 1286 1385 1288 
3 1186 1288 1197 
3 1112 1098 1197 
3 175 208 273 
3 271 273 390 
3 508 525 409 
3 525 617 635 
3 734 635 718 
3 271 390 409 
3 820 734 812 
3 820 904 918 
3 918 998 1015 
3 1098 1112 1015 
3 2524 2655 2610 
3 2571 2505 2610 
3 2484 2571 2554 
3 2351 2342 2435 
3 2248 2225 2342 
3 2225 2248 2131 
3 2033 2131 2065 
3 1961 2033 2065 
3 2514 2515 2435 
3 1971 1877 1961 
3 1877 1880 1779 
3 2515 2514 2586 
3 1682 1679 1779 
3 2655 2524 2586 
3 1585 1679 1581 
3 1485 1585 1581 
3 1385 1485 1484 
3 2462 2554 2530 
3 2520 2452 2530 
3 2445 2520 2512 
3 2432 2512 2504 
3 2504 2489 2420 
3 1431 1434 1333 
3 1431 1521 1532 
3 1591 1625 1521 
3 1676 1775 1764 
3 1591 1676 1625 
3 1229 1333 1227 
3 663 746 770 
3 564 663 578 
3 309 298 316 
3 309 328 344 
3 305 330 298 
3 334 356 305 
3 362 407 334 
3 362 427 452 
3 475 516 427 
3 475 564 578 
3 853 746 835 
3 930 940 835 
3 344 348 385 
3 1130 1128 1029 
3 930 1029 940 
3 1130 1229 1227 
3 1775 1879 1866 
3 2517 2560 2615 
3 2487 2560 2454 
3 2577 2615 2658 
3 2380 2416 2487 
3 2306 2344 2416 
3 2228 2258 2344 
3 2628 2658 2707 
3 2728 2657 2707 
3 2689 2728 2731 
3 2702 2731 2719 
3 2682 2696 2719 
3 2682 2643 2672 
3 2640 2643 2591 
3 2535 2595 2591 
3 2258 2142 2158 
3 2535 2545 2595 
3 2545 2482 2558 
3 2050 2063 2158 
3 1959 1969 2063 
3 2489 2482 2407 
3 1879 1969 1866 
3 185 164 216 
3 164 136 189 
3 209 185 258 
3 233 209 284 
3 261 233 306 
3 261 324 274 
3 274 346 300 
3 375 331 300 
3 353 331 406 
3 353 425 372 
3 382 372 431 
3 136 158 189 
3 133 175 192 
3 231 158 192 
3 382 437 385 
3 1385 1387 1288 
3 1197 1288 1294 
3 1203 1112 1197 
3 271 175 273 
3 525 444 409 
3 551 525 635 
3 635 734 654 
3 271 409 308 
3 734 820 836 
3 836 820 918 
3 918 1015 938 
3 1112 1028 1015 
3 2505 2524 2610 
3 2505 2571 2484 
3 2484 2554 2462 
3 2351 2248 2342 
3 2351 2435 2436 
3 2248 2164 2131 
3 2131 2164 2065 
3 1971 1961 2065 
3 2435 2515 2436 
3 1880 1877 1971 
3 1880 1782 1779 
3 2524 2515 2586 
3 1679 1682 1581 
3 1782 1682 1779 
3 1485 1581 1484 
3 1385 1484 1387 
3 2452 2462 2530 
3 2452 2520 2445 
3 2432 2445 2512 
3 2432 2504 2420 
3 2420 2489 2407 
3 1330 1431 1333 
3 1521 1431 1420 
3 1508 1591 1521 
3 1676 1684 1775 
3 1684 1676 1591 
3 1330 1333 1229 
3 746 663 640 
3 663 564 640 
3 298 309 292 
3 309 344 327 
3 275 305 298 
3 276 334 305 
3 288 362 334 
3 427 362 320 
3 376 475 427 
3 564 475 450 
3 835 746 722 
3 829 930 835 
3 373 344 385 
3 1027 1130 1029 
3 1027 1029 930 
3 1129 1229 1130 
3 1775 1789 1879 
3 2615 2560 2650 
3 2560 2487 2583 
3 2615 2720 2658 
3 2416 2513 2487 
3 2416 2344 2443 
3 2258 2363 2344 
3 2658 2744 2707 
3 2759 2728 2707 
3 2731 2728 2758 
3 2719 2731 2739 
3 2706 2682 2719 
3 2643 2682 2646 
3 2643 2593 2591 
3 2528 2535 2591 
3 2258 2158 2274 
3 2545 2535 2473 
3 2482 2545 2473 
3 2158 2063 2181 
3 1969 2080 2063 
3 2407 2482 2397 
3 1879 1981 1969 
3 164 189 216 
3 185 216 258 
3 209 258 284 
3 233 284 306 
3 324 261 306 
3 324 346 274 
3 346 375 300 
3 331 375 406 
3 425 353 406 
3 372 425 431 
3 437 382 431 
3 158 231 189 
3 192 175 271 
3 231 192 308 
3 437 436 385 
3 1288 1387 1294 
3 1203 1197 1294 
3 1112 1203 1118 
3 409 444 308 
3 444 525 551 
3 551 635 654 
3 734 751 654 
3 192 271 308 
3 751 734 836 
3 836 918 938 
3 1015 1028 938 
3 1028 1112 1118 
3 2524 2505 2426 
3 2505 2484 2410 
3 2389 2484 2462 
3 2248 2351 2263 
3 2346 2351 2436 
3 2164 2248 2263 
3 2065 2164 2069 
3 1971 2065 2069 
3 2515 2524 2436 
3 1880 1971 1974 
3 1782 1880 1883 
3 1581 1682 1582 
3 1682 1782 1686 
3 1484 1581 1582 
3 1387 1484 1483 
3 2462 2452 2383 
3 2354 2452 2445 
3 2445 2432 2355 
3 2347 2432 2420 
3 2338 2420 2407 
3 1431 1330 1420 
3 1508 1521 1420 
3 1597 1591 1508 
3 1684 1789 1775 
3 1597 1684 1591 
3 1225 1330 1229 
3 722 746 640 
3 640 564 529 
3 292 309 327 
3 275 298 292 
3 344 373 327 
3 275 276 305 
3 276 288 334 
3 362 288 320 
3 376 427 320 
3 450 475 376 
3 529 564 450 
3 829 835 722 
3 928 930 829 
3 436 373 385 
3 1129 1130 1027 
3 928 1027 930 
3 1129 1225 1229 
3 1789 1888 1879 
3 2560 2583 2650 
3 2615 2650 2720 
3 2487 2513 2583 
3 2720 2744 2658 
3 2416 2443 2513 
3 2344 2363 2443 
3 2258 2274 2363 
3 2744 2759 2707 
3 2728 2759 2758 
3 2731 2758 2739 
3 2706 2719 2739 
3 2682 2706 2646 
3 2593 2643 2646 
3 2593 2528 2591 
3 2535 2528 2467 
3 2274 2158 2181 
3 2473 2535 2467 
3 2482 2473 2397 
3 2063 2080 2181 
3 1969 1981 2080 
3 2323 2407 2397 
3 1888 1981 1879 
3 189 280 216 
3 216 314 258 
3 258 347 284 
3 284 374 306 
3 403 324 306 
3 421 346 324 
3 375 346 442 
3 375 456 406 
3 472 425 406 
3 431 425 476 
3 437 431 483 
3 189 231 280 
3 350 231 308 
3 436 437 488 
3 1294 1387 1391 
3 1297 1203 1294 
3 1118 1203 1206 
3 444 350 308 
3 444 551 469 
3 575 551 654 
3 654 751 670 
3 751 836 845 
3 836 938 845 
3 938 1028 944 
3 1028 1118 1034 
3 2426 2505 2410 
3 2436 2524 2426 
3 2484 2389 2410 
3 2389 2462 2383 
3 2263 2351 2346 
3 2346 2436 2426 
3 2164 2263 2165 
3 2164 2165 2069 
3 1974 1971 2069 
3 1880 1974 1883 
3 1791 1782 1883 
3 1582 1682 1686 
3 1686 1782 1791 
3 1484 1582 1483 
3 1387 1483 1391 
3 2383 2452 2354 
3 2354 2445 2355 
3 2355 2432 2347 
3 2338 2347 2420 
3 2338 2407 2323 
3 1330 1324 1420 
3 1417 1508 1420 
3 1512 1597 1508 
3 1684 1698 1789 
3 1597 1698 1684 
3 1225 1324 1330 
3 592 722 640 
3 592 640 529 
3 292 327 310 
3 268 275 292 
3 373 364 327 
3 276 275 248 
3 235 288 276 
3 320 288 249 
3 279 376 320 
3 337 450 376 
3 416 529 450 
3 829 722 677 
3 928 829 831 
3 430 373 436 
3 1129 1027 1026 
3 1026 1027 928 
3 1225 1129 1126 
3 1789 1798 1888 
3 2650 2583 2691 
3 2720 2650 2770 
3 2583 2513 2614 
3 2744 2720 2788 
3 2513 2443 2548 
3 2443 2363 2465 
3 2363 2274 2379 
3 2759 2744 2791 
3 2758 2759 2787 
3 2758 2768 2739 
3 2729 2706 2739 
3 2646 2706 2653 
3 2593 2646 2599 
3 2593 2531 2528 
3 2528 2468 2467 
3 2282 2274 2181 
3 2473 2467 2391 
3 2473 2391 2397 
3 2080 2188 2181 
3 2080 1981 2091 
3 2323 2397 2318 
3 1981 1888 1989 
3 280 314 216 
3 314 347 258 
3 347 374 284 
3 374 403 306 
3 421 324 403 
3 346 421 442 
3 375 442 456 
3 456 472 406 
3 425 472 476 
3 431 476 483 
3 437 483 488 
3 280 231 350 
3 484 436 488 
3 1297 1294 1391 
3 1203 1297 1206 
3 1127 1118 1206 
3 350 444 469 
3 469 551 575 
3 575 654 670 
3 670 751 763 
3 763 751 845 
3 845 938 944 
3 1028 1034 944 
3 1118 1127 1034 
3 2339 2426 2410 
3 2389 2322 2410 
3 2310 2389 2383 
3 2263 2346 2254 
3 2339 2346 2426 
3 2165 2263 2254 
3 2165 2073 2069 
3 2073 1974 2069 
3 1974 1984 1883 
3 1890 1791 1883 
3 1582 1686 1587 
3 1686 1791 1693 
3 1483 1582 1587 
3 1391 1483 1489 
3 2308 2383 2354 
3 2260 2354 2355 
3 2267 2355 2347 
3 2347 2338 2261 
3 2247 2338 2323 
3 1324 1417 1420 
3 1417 1512 1508 
3 1512 1604 1597 
3 1698 1798 1789 
3 1597 1604 1698 
3 1324 1225 1223 
3 677 722 592 
3 485 592 529 
3 327 364 310 
3 268 292 310 
3 275 268 248 
3 373 430 364 
3 235 276 248 
3 288 235 249 
3 279 320 249 
3 337 376 279 
3 337 416 450 
3 416 485 529 
3 750 829 677 
3 829 750 831 
3 923 928 831 
3 430 436 484 
3 1126 1129 1026 
3 923 1026 928 
3 1225 1126 1223 
3 1798 1898 1888 
3 2691 2583 2614 
3 2650 2691 2770 
3 2720 2770 2788 
3 2513 2548 2614 
3 2791 2744 2788 
3 2443 2465 2548 
3 2363 2379 2465 
3 2274 2282 2379 
3 2759 2791 2787 
3 2768 2758 2787 
3 2768 2729 2739 
3 2706 2729 2653 
3 2646 2653 2599 
3 2531 2593 2599 
3 2531 2468 2528 
3 2467 2468 2395 
3 2188 2282 2181 
3 2391 2467 2395 
3 2397 2391 2318 
3 2188 2080 2091 
3 1981 1989 2091 
3 2242 2323 2318 
3 1888 1898 1989 
3 314 280 400 
3 347 314 429 
3 347 449 374 
3 403 374 465 
3 421 403 477 
3 442 421 494 
3 456 442 523 
3 456 538 472 
3 472 549 476 
3 476 556 483 
3 488 483 563 
3 280 350 400 
3 562 484 488 
3 1297 1391 1395 
3 1206 1297 1302 
3 1127 1206 1212 
3 350 469 400 
3 469 575 496 
3 587 575 670 
3 670 763 683 
3 859 763 845 
3 859 845 944 
3 1034 948 944 
3 1127 1040 1034 
3 2322 2339 2410 
3 2389 2310 2322 
3 2310 2383 2308 
3 2346 2339 2254 
3 2165 2254 2161 
3 2073 2165 2161 
3 1974 2073 1984 
3 1984 1890 1883 
3 1791 1890 1796 
3 1686 1693 1587 
3 1693 1791 1796 
3 1483 1587 1489 
3 1391 1489 1395 
3 2233 2308 2354 
3 2233 2354 2260 
3 2260 2355 2267 
3 2267 2347 2261 
3 2261 2338 2247 
3 2247 2323 2242 
3 1417 1324 1322 
3 1512 1417 1414 
3 1604 1512 1517 
3 1798 1698 1707 
3 1698 1604 1707 
3 1322 1324 1223 
3 677 592 569 
3 592 485 569 
3 364 351 310 
3 268 310 302 
3 248 268 228 
3 430 426 364 
3 210 235 248 
3 249 235 198 
3 205 279 249 
3 229 337 279 
3 290 416 337 
3 367 485 416 
3 653 750 677 
3 831 750 735 
3 826 923 831 
3 430 484 478 
3 1022 1126 1026 
3 1022 1026 923 
3 1126 1123 1223 
3 1798 1807 1898 
3 2691 2614 2733 
3 2770 2691 2755 
3 2770 2828 2788 
3 2548 2649 2614 
3 2825 2791 2788 
3 2465 2573 2548 
3 2379 2502 2465 
3 2282 2415 2379 
3 2791 2814 2787 
3 2768 2787 2792 
3 2768 2760 2729 
3 2653 2729 2660 
3 2599 2653 2602 
3 2531 2599 2542 
3 2531 2472 2468 
3 2468 2399 2395 
3 2282 2188 2284 
3 2319 2391 2395 
3 2391 2319 2318 
3 2188 2091 2193 
3 1989 2097 2091 
3 2243 2242 2318 
3 1898 2002 1989 
3 429 314 400 
3 347 429 449 
3 374 449 465 
3 477 403 465 
3 421 477 494 
3 442 494 523 
3 538 456 523 
3 472 538 549 
3 549 556 476 
3 483 556 563 
3 562 488 563 
3 484 562 554 
3 1302 1297 1395 
3 1206 1302 1212 
3 1135 1127 1212 
3 469 496 400 
3 496 575 587 
3 587 670 683 
3 763 777 683 
3 763 859 777 
3 948 859 944 
3 1040 948 1034 
3 1040 1127 1135 
3 2339 2322 2246 
3 2322 2310 2239 
3 2237 2310 2308 
3 2254 2339 2246 
3 2161 2254 2246 
3 2073 2161 2077 
3 2073 2077 1984 
3 1986 1890 1984 
3 1796 1890 1895 
3 1693 1593 1587 
3 1693 1796 1701 
3 1587 1593 1489 
3 1489 1496 1395 
3 2233 2237 2308 
3 2156 2233 2260 
3 2171 2260 2267 
3 2177 2267 2261 
3 2170 2261 2247 
3 2166 2247 2242 
3 1414 1417 1322 
3 1517 1512 1414 
3 1616 1604 1517 
3 1807 1798 1707 
3 1604 1616 1707 
3 1221 1322 1223 
3 653 677 569 
3 485 458 569 
3 351 302 310 
3 364 426 351 
3 302 267 268 
3 268 267 228 
3 210 248 228 
3 426 430 478 
3 235 210 198 
3 205 249 198 
3 229 279 205 
3 290 337 229 
3 367 416 290 
3 458 485 367 
3 750 653 735 
3 826 831 735 
3 923 826 919 
3 478 484 554 
3 1123 1126 1022 
3 1022 923 919 
3 1123 1221 1223 
3 1807 1906 1898 
3 2614 2649 2733 
3 2691 2733 2755 
3 2770 2755 2821 
3 2828 2825 2788 
3 2828 2770 2821 
3 2573 2649 2548 
3 2791 2825 2814 
3 2502 2573 2465 
3 2379 2415 2502 
3 2282 2284 2415 
3 2787 2814 2792 
3 2760 2768 2792 
3 2729 2760 2723 
3 2729 2723 2660 
3 2653 2660 2602 
3 2599 2602 2542 
3 2472 2531 2542 
3 2472 2399 2468 
3 2395 2399 2329 
3 2188 2193 2284 
3 2319 2395 2329 
3 2319 2243 2318 
3 2091 2097 2193 
3 1989 2002 2097 
3 2243 2167 2242 
3 1898 1906 2002 
3 496 429 400 
3 449 429 527 
3 449 544 465 
3 560 477 465 
3 477 568 494 
3 523 494 580 
3 598 538 523 
3 549 538 618 
3 556 549 626 
3 556 629 563 
3 630 562 563 
3 554 562 628 
3 1401 1302 1395 
3 1302 1306 1212 
3 1135 1212 1218 
3 496 587 527 
3 587 683 616 
3 777 695 683 
3 777 859 867 
3 859 948 867 
3 948 1040 955 
3 1040 1135 1049 
3 2246 2322 2239 
3 2239 2310 2237 
3 2161 2246 2163 
3 2077 2161 2163 
3 2077 1986 1984 
3 1890 1986 1895 
3 1803 1796 1895 
3 1593 1693 1701 
3 1796 1803 1701 
3 1593 1496 1489 
3 1496 1401 1395 
3 2237 2233 2154 
3 2233 2156 2154 
3 2156 2260 2171 
3 2171 2267 2177 
3 2177 2261 2170 
3 2170 2247 2166 
3 2167 2166 2242 
3 1319 1414 1322 
3 1416 1517 1414 
3 1616 1517 1519 
3 1719 1807 1707 
3 1616 1719 1707 
3 1221 1319 1322 
3 547 653 569 
3 458 547 569 
3 302 351 342 
3 351 426 414 
3 267 302 286 
3 267 241 228 
3 200 210 228 
3 426 478 473 
3 210 180 198 
3 171 205 198 
3 174 229 205 
3 290 229 193 
3 252 367 290 
3 333 458 367 
3 653 636 735 
3 724 826 735 
3 826 815 919 
3 478 554 548 
3 1018 1123 1022 
3 1018 1022 919 
3 1120 1221 1123 
3 1817 1906 1807 
3 2649 2772 2733 
3 2733 2805 2755 
3 2755 2805 2821 
3 2825 2828 2853 
3 2857 2828 2821 
3 2573 2705 2649 
3 2814 2825 2840 
3 2613 2573 2502 
3 2415 2532 2502 
3 2284 2373 2415 
3 2792 2814 2817 
3 2760 2792 2781 
3 2723 2760 2736 
3 2660 2723 2665 
3 2602 2660 2605 
3 2542 2602 2543 
3 2474 2472 2542 
3 2399 2472 2401 
3 2329 2399 2337 
3 2193 2285 2284 
3 2319 2329 2249 
3 2243 2319 2249 
3 2097 2198 2193 
3 2002 2103 2097 
3 2169 2167 2243 
3 1906 2010 2002 
3 429 496 527 
3 449 527 544 
3 544 560 465 
3 560 568 477 
3 494 568 580 
3 598 523 580 
3 538 598 618 
3 549 618 626 
3 556 626 629 
3 629 630 563 
3 562 630 628 
3 554 628 623 
3 1302 1401 1306 
3 1212 1306 1218 
3 1135 1218 1138 
3 527 587 616 
3 683 695 616 
3 695 777 785 
3 777 867 785 
3 867 948 955 
3 1040 1049 955 
3 1049 1135 1138 
3 2163 2246 2239 
3 2239 2237 2159 
3 2077 2163 2078 
3 1986 2077 2078 
3 1895 1986 1988 
3 1803 1895 1903 
3 1593 1701 1603 
3 1701 1803 1706 
3 1496 1593 1603 
3 1401 1496 1501 
3 2159 2237 2154 
3 2154 2156 2079 
3 2083 2156 2171 
3 2093 2171 2177 
3 2092 2177 2170 
3 2088 2170 2166 
3 2167 2084 2166 
3 1416 1414 1319 
3 1517 1416 1519 
3 1620 1616 1519 
3 1719 1817 1807 
3 1616 1620 1719 
3 1219 1319 1221 
3 636 653 547 
3 438 547 458 
3 342 351 414 
3 286 302 342 
3 414 426 473 
3 241 267 286 
3 241 200 228 
3 180 210 200 
3 473 478 548 
3 180 171 198 
3 171 174 205 
3 193 229 174 
3 252 290 193 
3 333 367 252 
3 438 458 333 
3 636 724 735 
3 815 826 724 
3 815 912 919 
3 554 623 548 
3 1120 1123 1018 
3 912 1018 919 
3 1219 1221 1120 
3 1906 1817 1916 
3 2733 2772 2805 
3 2649 2705 2772 
3 2821 2805 2854 
3 2828 2857 2853 
3 2840 2825 2853 
3 2857 2821 2854 
3 2573 2613 2705 
3 2814 2840 2817 
3 2532 2613 2502 
3 2415 2459 2532 
3 2373 2459 2415 
3 2285 2373 2284 
3 2792 2817 2781 
3 2736 2760 2781 
3 2723 2736 2665 
3 2660 2665 2605 
3 2602 2605 2543 
3 2474 2542 2543 
3 2472 2474 2401 
3 2399 2401 2337 
3 2329 2337 2256 
3 2193 2198 2285 
3 2249 2329 2256 
3 2169 2243 2249 
3 2097 2103 2198 
3 2002 2010 2103 
3 2167 2169 2085 
3 1906 1916 2010 
3 544 527 616 
3 560 544 633 
3 568 560 645 
3 568 658 580 
3 673 598 580 
3 618 598 681 
3 618 688 626 
3 626 692 629 
3 630 629 693 
3 628 630 690 
3 623 628 687 
3 1306 1401 1404 
3 1218 1306 1310 
3 1138 1218 1226 
3 695 633 616 
3 695 785 720 
3 785 867 874 
3 874 867 955 
3 955 1049 963 
3 1049 1138 1056 
3 2163 2239 2159 
3 2078 2163 2159 
3 1988 1986 2078 
3 1895 1988 1903 
3 1803 1903 1809 
3 1603 1701 1706 
3 1803 1809 1706 
3 1496 1603 1501 
3 1401 1501 1404 
3 2081 2159 2154 
3 2079 2156 2083 
3 2081 2154 2079 
3 2093 2083 2171 
3 2093 2177 2092 
3 2092 2170 2088 
3 2084 2088 2166 
3 2084 2167 2085 
3 1318 1416 1319 
3 1416 1419 1519 
3 1524 1620 1519 
3 1719 1723 1817 
3 1719 1620 1723 
3 1318 1319 1219 
3 636 547 531 
3 547 438 531 
3 342 414 396 
3 286 342 317 
3 414 473 461 
3 264 241 286 
3 200 241 211 
3 178 180 200 
3 542 473 548 
3 171 180 157 
3 174 171 148 
3 147 193 174 
3 167 252 193 
3 203 333 252 
3 294 438 333 
3 724 636 619 
3 710 815 724 
3 815 807 912 
3 623 612 548 
3 1014 1120 1018 
3 1014 1018 912 
3 1219 1120 1116 
3 1817 1822 1916 
3 2772 2845 2805 
3 2772 2705 2815 
3 2805 2845 2854 
3 2857 2875 2853 
3 2862 2840 2853 
3 2857 2854 2880 
3 2705 2613 2756 
3 2817 2840 2841 
3 2656 2613 2532 
3 2459 2570 2532 
3 2373 2382 2459 
3 2373 2285 2382 
3 2781 2817 2803 
3 2757 2736 2781 
3 2665 2736 2686 
3 2665 2617 2605 
3 2605 2552 2543 
3 2478 2474 2543 
3 2401 2474 2402 
3 2337 2401 2335 
3 2256 2337 2255 
3 2198 2295 2285 
3 2249 2256 2175 
3 2169 2249 2175 
3 2103 2202 2198 
3 2103 2010 2109 
3 2085 2169 2087 
3 2010 1916 2015 
3 633 544 616 
3 560 633 645 
3 568 645 658 
3 658 673 580 
3 598 673 681 
3 688 618 681 
3 688 692 626 
3 629 692 693 
3 630 693 690 
3 628 690 687 
3 684 623 687 
3 1306 1404 1310 
3 1218 1310 1226 
3 1138 1226 1143 
3 633 695 720 
3 720 785 792 
3 785 874 792 
3 874 955 963 
3 963 1049 1056 
3 1056 1138 1143 
3 2078 2159 2081 
3 1988 2078 2081 
3 1903 1988 1994 
3 1903 1909 1809 
3 1606 1603 1706 
3 1706 1809 1712 
3 1501 1603 1606 
3 1501 1510 1404 
3 1997 2079 2083 
3 1994 2081 2079 
3 2093 2004 2083 
3 2006 2093 2092 
3 2005 2092 2088 
3 2088 2084 2001 
3 1998 2084 2085 
3 1419 1416 1318 
3 1419 1524 1519 
3 1620 1524 1624 
3 1723 1822 1817 
3 1620 1624 1723 
3 1217 1318 1219 
3 619 636 531 
3 438 410 531 
3 396 414 461 
3 342 396 317 
3 264 286 317 
3 473 542 461 
3 241 264 211 
3 178 200 211 
3 180 178 157 
3 612 542 548 
3 148 171 157 
3 147 174 148 
3 167 193 147 
3 203 252 167 
3 294 333 203 
3 410 438 294 
3 710 724 619 
3 807 815 710 
3 807 909 912 
3 612 623 684 
3 1116 1120 1014 
3 909 1014 912 
3 1217 1219 1116 
3 1916 1822 1920 
3 2772 2815 2845 
3 2705 2756 2815 
3 2845 2879 2854 
3 2875 2862 2853 
3 2875 2857 2880 
3 2840 2862 2841 
3 2854 2879 2880 
3 2613 2656 2756 
3 2817 2841 2803 
3 2570 2656 2532 
3 2493 2570 2459 
3 2382 2493 2459 
3 2285 2295 2382 
3 2757 2781 2803 
3 2736 2757 2686 
3 2617 2665 2686 
3 2617 2552 2605 
3 2552 2478 2543 
3 2474 2478 2402 
3 2401 2402 2335 
3 2255 2337 2335 
3 2174 2256 2255 
3 2198 2202 2295 
3 2256 2174 2175 
3 2087 2169 2175 
3 2202 2103 2109 
3 2010 2015 2109 
3 1995 2085 2087 
3 1916 1920 2015 
3 633 720 645 
3 645 733 658 
3 658 748 673 
3 673 761 681 
3 688 681 771 
3 692 688 775 
3 693 692 776 
3 690 693 774 
3 687 690 765 
3 762 684 687 
3 1404 1410 1310 
3 1310 1314 1226 
3 1226 1231 1143 
3 733 720 792 
3 792 874 885 
3 874 963 885 
3 963 1056 975 
3 1066 1056 1143 
3 1988 2081 1994 
3 1909 1903 1994 
3 1909 1814 1809 
3 1606 1706 1712 
3 1809 1814 1712 
3 1501 1606 1510 
3 1510 1410 1404 
3 1997 1994 2079 
3 2004 1997 2083 
3 2004 2093 2006 
3 2005 2006 2092 
3 2005 2088 2001 
3 2084 1998 2001 
3 1998 2085 1995 
3 1419 1318 1320 
3 1524 1419 1422 
3 1624 1524 1526 
3 1822 1723 1728 
3 1723 1624 1728 
3 1318 1217 1320 
3 506 619 531 
3 410 506 531 
3 446 396 461 
3 396 363 317 
3 291 264 317 
3 542 519 461 
3 264 224 211 
3 184 178 211 
3 157 178 154 
3 542 612 590 
3 126 148 157 
3 113 147 148 
3 110 167 147 
3 127 203 167 
3 172 294 203 
3 263 410 294 
3 600 710 619 
3 700 807 710 
3 909 807 801 
3 675 612 684 
3 1012 1116 1014 
3 1012 1014 909 
3 1217 1116 1117 
3 1822 1826 1920 
3 2845 2815 2876 
3 2815 2756 2852 
3 2845 2876 2879 
3 2862 2875 2878 
3 2890 2875 2880 
3 2862 2858 2841 
3 2880 2879 2894 
3 2756 2656 2802 
3 2841 2829 2803 
3 2570 2715 2656 
3 2493 2603 2570 
3 2398 2493 2382 
3 2295 2398 2382 
3 2757 2803 2784 
3 2686 2757 2724 
3 2636 2617 2686 
3 2552 2617 2565 
3 2478 2552 2485 
3 2402 2478 2409 
3 2335 2402 2336 
3 2252 2255 2335 
3 2168 2174 2255 
3 2295 2202 2303 
3 2174 2086 2175 
3 2086 2087 2175 
3 2202 2109 2211 
3 2015 2113 2109 
3 1993 1995 2087 
3 1920 2018 2015 
3 645 720 733 
3 658 733 748 
3 673 748 761 
3 681 761 771 
3 775 688 771 
3 692 775 776 
3 693 776 774 
3 690 774 765 
3 762 687 765 
3 684 762 759 
3 1410 1314 1310 
3 1314 1231 1226 
3 1231 1147 1143 
3 733 792 824 
3 824 792 885 
3 885 963 975 
3 1056 1066 975 
3 1147 1066 1143 
3 1909 1994 1997 
3 1814 1909 1911 
3 1611 1606 1712 
3 1814 1715 1712 
3 1510 1606 1611 
3 1410 1510 1515 
3 1911 1997 2004 
3 2004 2006 1914 
3 2006 2005 1913 
3 2005 2001 1912 
3 1998 1910 2001 
3 1998 1995 1905 
3 1422 1419 1320 
3 1524 1422 1526 
3 1624 1526 1627 
3 1826 1822 1728 
3 1728 1624 1627 
3 1217 1220 1320 
3 600 619 506 
3 388 506 410 
3 363 396 446 
3 519 446 461 
3 363 291 317 
3 224 264 291 
3 519 542 590 
3 224 184 211 
3 154 178 184 
3 126 157 154 
3 612 675 590 
3 126 113 148 
3 113 110 147 
3 127 167 110 
3 172 203 127 
3 263 294 172 
3 388 410 263 
3 700 710 600 
3 807 700 801 
3 907 909 801 
3 675 684 759 
3 1116 1012 1117 
3 907 1012 909 
3 1220 1217 1117 
3 1920 1826 1925 
3 2876 2815 2852 
3 2756 2802 2852 
3 2879 2876 2902 
3 2875 2890 2878 
3 2862 2878 2858 
3 2890 2880 2894 
3 2858 2829 2841 
3 2879 2902 2894 
3 2656 2715 2802 
3 2803 2829 2784 
3 2570 2603 2715 
3 2493 2508 2603 
3 2398 2508 2493 
3 2295 2303 2398 
3 2757 2784 2724 
3 2636 2686 2724 
3 2617 2636 2565 
3 2552 2565 2485 
3 2478 2485 2409 
3 2402 2409 2336 
3 2252 2335 2336 
3 2168 2255 2252 
3 2174 2168 2082 
3 2303 2202 2211 
3 2086 2174 2082 
3 2086 1993 2087 
3 2109 2113 2211 
3 2015 2018 2113 
3 1995 1993 1902 
3 2018 1920 1925 
3 748 733 824 
3 761 748 840 
3 761 849 771 
3 775 771 856 
3 775 854 776 
3 776 852 774 
3 774 847 765 
3 762 765 844 
3 759 762 841 
3 1314 1410 1409 
3 1231 1314 1311 
3 1147 1231 1211 
3 824 885 892 
3 885 975 892 
3 975 1066 986 
3 1082 1066 1147 
3 1909 1997 1911 
3 1814 1911 1816 
3 1715 1611 1712 
3 1814 1816 1715 
3 1510 1611 1515 
3 1410 1515 1409 
3 1911 2004 1914 
3 1914 2006 1913 
3 1913 2005 1912 
3 2001 1910 1912 
3 1910 1998 1905 
3 1995 1902 1905 
3 1422 1320 1323 
3 1422 1424 1526 
3 1627 1526 1528 
3 1731 1826 1728 
3 1731 1728 1627 
3 1320 1220 1323 
3 490 600 506 
3 490 506 388 
3 363 446 420 
3 446 519 491 
3 291 363 329 
3 260 224 291 
3 577 519 590 
3 224 194 184 
3 156 154 184 
3 122 126 154 
3 590 675 661 
3 113 126 105 
3 113 93 110 
3 87 127 110 
3 98 172 127 
3 149 263 172 
3 388 263 236 
3 591 700 600 
3 700 696 801 
3 803 907 801 
3 675 759 745 
3 1012 1013 1117 
3 1013 1012 907 
3 1122 1220 1117 
3 1826 1827 1925 
3 2900 2876 2852 
3 2802 2885 2852 
3 2876 2900 2902 
3 2878 2890 2891 
3 2858 2878 2873 
3 2890 2894 2897 
3 2858 2850 2829 
3 2902 2904 2894 
3 2715 2835 2802 
3 2784 2829 2809 
3 2603 2752 2715 
3 2508 2631 2603 
3 2414 2508 2398 
3 2303 2414 2398 
3 2784 2750 2724 
3 2636 2724 2659 
3 2565 2636 2580 
3 2565 2503 2485 
3 2409 2485 2422 
3 2336 2409 2340 
3 2252 2336 2250 
3 2168 2252 2157 
3 2082 2168 2070 
3 2311 2303 2211 
3 2086 2082 1987 
3 1993 2086 1987 
3 2113 2215 2211 
3 2018 2117 2113 
3 1902 1993 1896 
3 2018 1925 2020 
3 748 824 840 
3 849 761 840 
3 771 849 856 
3 854 775 856 
3 776 854 852 
3 852 847 774 
3 765 847 844 
3 762 844 841 
3 759 841 833 
3 1314 1409 1311 
3 1231 1311 1211 
3 1147 1211 1082 
3 824 892 915 
3 892 975 986 
3 986 1066 1082 
3 1816 1911 1914 
3 1611 1715 1614 
3 1715 1816 1716 
3 1515 1611 1614 
3 1409 1515 1516 
3 1818 1914 1913 
3 1815 1913 1912 
3 1910 1812 1912 
3 1810 1910 1905 
3 1905 1902 1808 
3 1424 1422 1323 
3 1526 1424 1528 
3 1627 1528 1628 
3 1826 1731 1827 
3 1731 1627 1628 
3 1220 1222 1323 
3 490 591 600 
3 366 490 388 
3 420 446 491 
3 363 420 329 
3 491 519 577 
3 260 291 329 
3 194 224 260 
3 577 590 661 
3 194 156 184 
3 156 122 154 
3 126 122 105 
3 661 675 745 
3 93 113 105 
3 93 87 110 
3 98 127 87 
3 149 172 98 
3 263 149 236 
3 366 388 236 
3 696 700 591 
3 696 803 801 
3 910 907 803 
3 745 759 833 
3 1013 1122 1117 
3 910 1013 907 
3 1222 1220 1122 
3 1925 1827 1923 
3 2885 2900 2852 
3 2802 2835 2885 
3 2900 2913 2902 
3 2891 2890 2897 
3 2878 2891 2873 
3 2850 2858 2873 
3 2894 2904 2897 
3 2829 2850 2809 
3 2913 2904 2902 
3 2715 2752 2835 
3 2750 2784 2809 
3 2603 2631 2752 
3 2508 2519 2631 
3 2519 2508 2414 
3 2303 2311 2414 
3 2724 2750 2659 
3 2636 2659 2580 
3 2503 2565 2580 
3 2485 2503 2422 
3 2409 2422 2340 
3 2336 2340 2250 
3 2252 2250 2157 
3 2070 2168 2157 
3 2082 2070 1983 
3 2215 2311 2211 
3 1987 2082 1983 
3 1993 1987 1896 
3 2117 2215 2113 
3 2117 2018 2020 
3 1902 1896 1802 
3 1925 1923 2020 
3 840 824 915 
3 931 849 840 
3 849 941 856 
3 942 854 856 
3 852 854 939 
3 847 852 933 
3 847 927 844 
3 841 844 921 
3 841 917 833 
3 1409 1406 1311 
3 1211 1311 1308 
3 1211 1198 1082 
3 892 986 915 
3 986 1082 1007 
3 1818 1816 1914 
3 1614 1715 1716 
3 1716 1816 1818 
3 1515 1614 1516 
3 1409 1516 1406 
3 1818 1913 1815 
3 1812 1815 1912 
3 1910 1810 1812 
3 1810 1905 1808 
3 1902 1802 1808 
3 1424 1323 1327 
3 1424 1426 1528 
3 1528 1527 1628 
3 1827 1731 1729 
3 1731 1628 1729 
3 1323 1222 1327 
3 591 490 486 
3 490 366 486 
3 420 491 460 
3 420 370 329 
3 491 577 553 
3 293 260 329 
3 217 194 260 
3 641 577 661 
3 156 194 168 
3 122 156 124 
3 122 103 105 
3 727 661 745 
3 91 93 105 
3 76 87 93 
3 98 87 63 
3 65 149 98 
3 149 141 236 
3 220 366 236 
3 589 696 591 
3 696 699 803 
3 813 910 803 
3 817 745 833 
3 1013 1016 1122 
3 1016 1013 910 
3 1125 1222 1122 
3 1923 1827 1821 
3 2900 2885 2917 
3 2835 2905 2885 
3 2913 2900 2917 
3 2891 2897 2899 
3 2873 2891 2889 
3 2850 2873 2867 
3 2904 2910 2897 
3 2850 2830 2809 
3 2904 2913 2918 
3 2752 2864 2835 
3 2776 2750 2809 
3 2631 2783 2752 
3 2519 2648 2631 
3 2428 2519 2414 
3 2311 2428 2414 
3 2750 2704 2659 
3 2659 2607 2580 
3 2522 2503 2580 
3 2503 2440 2422 
3 2340 2422 2353 
3 2340 2259 2250 
3 2157 2250 2153 
3 2070 2157 2062 
3 1983 2070 1970 
3 2311 2215 2325 
3 1987 1983 1889 
3 1896 1987 1889 
3 2215 2117 2218 
3 2020 2120 2117 
3 1802 1896 1793 
3 2020 1923 2016 
3 931 840 915 
3 849 931 941 
3 941 942 856 
3 854 942 939 
3 852 939 933 
3 927 847 933 
3 844 927 921 
3 917 841 921 
3 833 917 901 
3 1311 1406 1308 
3 1211 1308 1198 
3 1082 1198 1102 
3 915 986 1007 
3 1007 1082 1102 
3 1614 1716 1613 
3 1716 1818 1717 
3 1516 1614 1613 
3 1406 1516 1514 
3 1717 1818 1815 
3 1812 1714 1815 
3 1810 1711 1812 
3 1709 1810 1808 
3 1802 1702 1808 
3 1426 1424 1327 
3 1426 1527 1528 
3 1628 1527 1626 
3 1827 1729 1821 
3 1729 1628 1626 
3 1222 1228 1327 
3 589 591 486 
3 486 366 359 
3 491 553 460 
3 370 420 460 
3 370 293 329 
3 553 577 641 
3 217 260 293 
3 194 217 168 
3 727 641 661 
3 124 156 168 
3 103 122 124 
3 103 91 105 
3 817 727 745 
3 76 93 91 
3 87 76 63 
3 65 98 63 
3 68 149 65 
3 141 220 236 
3 68 141 149 
3 359 366 220 
3 699 696 589 
3 699 813 803 
3 910 813 916 
3 817 833 901 
3 1016 1125 1122 
3 1016 910 916 
3 1125 1228 1222 
3 1915 1923 1821 
3 2885 2905 2917 
3 2835 2864 2905 
3 2913 2917 2923 
3 2897 2910 2899 
3 2891 2899 2889 
3 2873 2889 2867 
3 2830 2850 2867 
3 2904 2918 2910 
3 2830 2776 2809 
3 2913 2923 2918 
3 2752 2783 2864 
3 2750 2776 2704 
3 2648 2783 2631 
3 2648 2519 2533 
3 2519 2428 2533 
3 2428 2311 2325 
3 2704 2607 2659 
3 2607 2522 2580 
3 2503 2522 2440 
3 2422 2440 2353 
3 2259 2340 2353 
3 2250 2259 2153 
3 2157 2153 2062 
3 2070 2062 1970 
3 1983 1970 1881 
3 2215 2218 2325 
3 1889 1983 1881 
3 1896 1889 1793 
3 2218 2117 2120 
3 2118 2120 2020 
3 1695 1802 1793 
3 1923 1915 2016 
3 2118 2020 2016 
3 931 915 1007 
3 941 931 1017 
3 942 941 1021 
3 939 942 1019 
3 939 1009 933 
3 1008 927 933 
3 927 1003 921 
3 917 921 1001 
3 917 993 901 
3 1406 1405 1308 
3 1198 1308 1301 
3 1198 1196 1102 
3 1007 1102 1017 
3 1613 1716 1717 
3 1516 1613 1514 
3 1406 1514 1405 
3 1714 1717 1815 
3 1711 1714 1812 
3 1711 1810 1709 
3 1702 1709 1808 
3 1702 1802 1695 
3 1331 1426 1327 
3 1527 1426 1427 
3 1527 1525 1626 
3 1729 1724 1821 
3 1724 1729 1626 
3 1228 1331 1327 
3 487 589 486 
3 487 486 359 
3 553 518 460 
3 440 370 460 
3 293 370 325 
3 601 553 641 
3 253 217 293 
3 168 217 182 
3 691 641 727 
3 134 124 168 
3 101 103 124 
3 91 103 89 
3 727 817 787 
3 77 76 91 
3 63 76 57 
3 45 65 63 
3 36 68 65 
3 118 220 141 
3 118 141 68 
3 213 359 220 
3 593 699 589 
3 707 813 699 
3 813 819 916 
3 886 817 901 
3 1125 1016 1024 
3 1024 1016 916 
3 1228 1125 1131 
3 1813 1915 1821 
3 2917 2905 2928 
3 2864 2927 2905 
3 2917 2928 2923 
3 2910 2922 2899 
3 2899 2907 2889 
3 2867 2889 2888 
3 2830 2867 2855 
3 2918 2926 2910 
3 2776 2830 2806 
3 2923 2930 2918 
3 2783 2892 2864 
3 2704 2776 2738 
3 2783 2648 2811 
3 2664 2648 2533 
3 2428 2434 2533 
3 2434 2428 2325 
3 2704 2642 2607 
3 2522 2607 2562 
3 2440 2522 2460 
3 2353 2440 2370 
3 2259 2353 2271 
3 2153 2259 2155 
3 2062 2153 2056 
3 1970 2062 1964 
3 1881 1970 1872 
3 2218 2331 2325 
3 1786 1889 1881 
3 1793 1889 1786 
3 2218 2120 2221 
3 2120 2118 2221 
3 1695 1793 1688 
3 1915 2013 2016 
3 2115 2118 2016 
3 931 1007 1017 
3 1021 941 1017 
3 942 1021 1019 
3 939 1019 1009 
3 1009 1008 933 
3 927 1008 1003 
3 921 1003 1001 
3 993 917 1001 
3 993 979 901 
3 1308 1405 1301 
3 1198 1301 1196 
3 1196 1107 1102 
3 1102 1107 1017 
3 1612 1613 1717 
3 1613 1612 1514 
3 1405 1514 1511 
3 1714 1612 1717 
3 1714 1711 1609 
3 1605 1711 1709 
3 1602 1709 1702 
3 1702 1695 1594 
3 1426 1331 1427 
3 1527 1427 1525 
3 1525 1621 1626 
3 1724 1813 1821 
3 1621 1724 1626 
3 1331 1228 1236 
3 593 589 487 
3 361 487 359 
3 518 440 460 
3 601 518 553 
3 370 440 411 
3 325 370 411 
3 253 293 325 
3 601 641 691 
3 217 253 182 
3 134 168 182 
3 691 727 787 
3 134 101 124 
3 103 101 89 
3 77 91 89 
3 817 886 787 
3 76 77 57 
3 45 63 57 
3 36 65 45 
3 44 68 36 
3 213 220 118 
3 44 118 68 
3 213 361 359 
3 707 699 593 
3 819 813 707 
3 819 925 916 
3 979 886 901 
3 1131 1125 1024 
3 925 1024 916 
3 1236 1228 1131 
3 1915 1813 1907 
3 2905 2927 2928 
3 2864 2892 2927 
3 2928 2938 2923 
3 2922 2907 2899 
3 2910 2926 2922 
3 2889 2907 2888 
3 2867 2888 2855 
3 2830 2855 2806 
3 2930 2926 2918 
3 2738 2776 2806 
3 2923 2938 2930 
3 2783 2811 2892 
3 2642 2704 2738 
3 2648 2664 2811 
3 2549 2664 2533 
3 2434 2549 2533 
3 2331 2434 2325 
3 2607 2642 2562 
3 2522 2562 2460 
3 2440 2460 2370 
3 2353 2370 2271 
3 2259 2271 2155 
3 2153 2155 2056 
3 2062 2056 1964 
3 1970 1964 1872 
3 1881 1872 1777 
3 2331 2218 2221 
3 1786 1881 1777 
3 1688 1793 1786 
3 2221 2118 2217 
3 1589 1695 1688 
3 2013 2115 2016 
3 2013 1915 1907 
3 2118 2115 2217 
3 1107 1021 1017 
3 1019 1021 1105 
3 1009 1019 1099 
3 1008 1009 1092 
3 1003 1008 1087 
3 1003 1084 1001 
3 1083 993 1001 
3 979 993 1078 
3 1301 1405 1402 
3 1196 1301 1296 
3 1107 1196 1194 
3 1514 1612 1511 
3 1405 1511 1402 
3 1612 1714 1609 
3 1609 1711 1605 
3 1605 1709 1602 
3 1602 1702 1594 
3 1695 1589 1594 
3 1427 1331 1335 
3 1525 1427 1423 
3 1621 1525 1520 
3 1813 1724 1718 
3 1724 1621 1718 
3 1331 1236 1335 
3 489 593 487 
3 489 487 361 
3 440 518 480 
3 518 601 571 
3 411 440 480 
3 371 325 411 
3 281 253 325 
3 666 601 691 
3 253 197 182 
3 144 134 182 
3 766 691 787 
3 99 101 134 
3 101 81 89 
3 75 77 89 
3 886 869 787 
3 77 59 57 
3 46 45 57 
3 36 45 29 
3 11 44 36 
3 111 213 118 
3 44 111 118 
3 361 213 218 
3 602 707 593 
3 723 819 707 
3 819 830 925 
3 886 979 970 
3 1032 1131 1024 
3 1032 1024 925 
3 1236 1131 1137 
3 1907 1813 1805 
3 2927 2946 2928 
3 2927 2892 2949 
3 2946 2938 2928 
3 2907 2922 2929 
3 2926 2937 2922 
3 2907 2915 2888 
3 2888 2884 2855 
3 2855 2836 2806 
3 2926 2930 2941 
3 2771 2738 2806 
3 2938 2948 2930 
3 2811 2919 2892 
3 2642 2738 2666 
3 2811 2664 2826 
3 2664 2549 2677 
3 2434 2437 2549 
3 2434 2331 2437 
3 2562 2642 2582 
3 2562 2496 2460 
3 2370 2460 2392 
3 2271 2370 2292 
3 2155 2271 2152 
3 2056 2155 2055 
3 1964 2056 1960 
3 1872 1964 1865 
3 1872 1772 1777 
3 2333 2331 2221 
3 1680 1786 1777 
3 1680 1688 1786 
3 2333 2221 2217 
3 1580 1589 1688 
3 2115 2013 2111 
3 2013 1907 2008 
3 2115 2213 2217 
3 1021 1107 1105 
3 1099 1019 1105 
3 1009 1099 1092 
3 1008 1092 1087 
3 1084 1003 1087 
3 1084 1083 1001 
3 993 1083 1078 
3 979 1078 1071 
3 1301 1402 1296 
3 1194 1196 1296 
3 1107 1194 1105 
3 1511 1612 1609 
3 1402 1511 1502 
3 1502 1609 1605 
3 1605 1602 1498 
3 1495 1602 1594 
3 1589 1487 1594 
3 1427 1335 1423 
3 1525 1423 1520 
3 1621 1520 1615 
3 1813 1718 1805 
3 1718 1621 1615 
3 1335 1236 1240 
3 602 593 489 
3 369 489 361 
3 518 571 480 
3 601 666 571 
3 459 411 480 
3 281 325 371 
3 459 371 411 
3 197 253 281 
3 666 691 766 
3 197 144 182 
3 99 134 144 
3 869 766 787 
3 81 101 99 
3 81 75 89 
3 59 77 75 
3 869 886 970 
3 59 46 57 
3 45 46 29 
3 11 36 29 
3 38 44 11 
3 218 213 111 
3 111 44 38 
3 369 361 218 
3 723 707 602 
3 819 723 830 
3 925 830 937 
3 970 979 1071 
3 1131 1032 1137 
3 1032 925 937 
3 1236 1137 1240 
3 1899 1907 1805 
3 2927 2949 2946 
3 2892 2919 2949 
3 2957 2938 2946 
3 2922 2937 2929 
3 2907 2929 2915 
3 2937 2926 2941 
3 2888 2915 2884 
3 2855 2884 2836 
3 2836 2771 2806 
3 2930 2948 2941 
3 2738 2771 2666 
3 2938 2957 2948 
3 2919 2811 2826 
3 2642 2666 2582 
3 2664 2677 2826 
3 2549 2553 2677 
3 2437 2553 2549 
3 2437 2331 2333 
3 2496 2562 2582 
3 2460 2496 2392 
3 2370 2392 2292 
3 2271 2292 2152 
3 2155 2152 2055 
3 1960 2056 2055 
3 1964 1960 1865 
3 1772 1872 1865 
3 1772 1675 1777 
3 1675 1680 1777 
3 1680 1580 1688 
3 2326 2333 2217 
3 1580 1480 1589 
3 2111 2013 2008 
3 2213 2115 2111 
3 1907 1899 2008 
3 2213 2326 2217 
3 1191 1099 1105 
3 1099 1188 1092 
3 1092 1183 1087 
3 1181 1084 1087 
3 1083 1084 1180 
3 1078 1083 1175 
3 1071 1078 1171 
3 1296 1402 1400 
3 1194 1296 1293 
3 1194 1191 1105 
3 1511 1609 1502 
3 1402 1502 1400 
3 1502 1605 1498 
3 1498 1602 1495 
3 1487 1495 1594 
3 1480 1487 1589 
3 1423 1335 1334 
3 1520 1423 1418 
3 1615 1520 1513 
3 1718 1705 1805 
3 1718 1615 1705 
3 1334 1335 1240 
3 499 602 489 
3 499 489 369 
3 571 550 480 
3 571 666 647 
3 550 459 480 
3 336 281 371 
3 459 441 371 
3 225 197 281 
3 666 766 744 
3 159 144 197 
3 107 99 144 
3 850 766 869 
3 79 81 99 
3 81 72 75 
3 62 59 75 
3 869 970 958 
3 49 46 59 
3 46 30 29 
3 9 11 29 
3 38 11 1 
3 218 111 116 
3 111 38 116 
3 226 369 218 
3 610 723 602 
3 830 723 731 
3 830 839 937 
3 970 1071 1059 
3 1032 1041 1137 
3 1041 1032 937 
3 1137 1144 1240 
3 1795 1899 1805 
3 2949 2956 2946 
3 2919 2962 2949 
3 2964 2957 2946 
3 2929 2937 2943 
3 2915 2929 2934 
3 2950 2937 2941 
3 2884 2915 2912 
3 2836 2884 2861 
3 2771 2836 2794 
3 2948 2953 2941 
3 2666 2771 2700 
3 2957 2961 2948 
3 2933 2919 2826 
3 2666 2597 2582 
3 2677 2832 2826 
3 2677 2553 2683 
3 2553 2437 2438 
3 2437 2333 2438 
3 2496 2582 2509 
3 2392 2496 2418 
3 2292 2392 2317 
3 2292 2240 2152 
3 2152 2049 2055 
3 1956 1960 2055 
3 1865 1960 1859 
3 1772 1865 1766 
3 1667 1675 1772 
3 1680 1675 1576 
3 1580 1680 1576 
3 2333 2326 2438 
3 1475 1480 1580 
3 2102 2111 2008 
3 2213 2111 2207 
3 1899 1991 2008 
3 2326 2213 2313 
3 1188 1099 1191 
3 1188 1183 1092 
3 1183 1181 1087 
3 1084 1181 1180 
3 1083 1180 1175 
3 1078 1175 1171 
3 1164 1071 1171 
3 1293 1296 1400 
3 1191 1194 1293 
3 1502 1498 1400 
3 1393 1498 1495 
3 1388 1495 1487 
3 1487 1480 1383 
3 1423 1334 1418 
3 1520 1418 1513 
3 1615 1513 1600 
3 1705 1795 1805 
3 1705 1615 1600 
3 1241 1334 1240 
3 610 602 499 
3 384 499 369 
3 550 571 647 
3 666 744 647 
3 533 459 550 
3 225 281 336 
3 441 336 371 
3 441 459 533 
3 159 197 225 
3 744 766 850 
3 107 144 159 
3 79 99 107 
3 850 869 958 
3 72 81 79 
3 72 62 75 
3 49 59 62 
3 958 970 1059 
3 30 46 49 
3 30 9 29 
3 1 11 9 
3 38 1 43 
3 226 218 116 
3 116 38 43 
3 384 369 226 
3 723 610 625 
3 723 625 731 
3 839 830 731 
3 839 946 937 
3 1071 1164 1059 
3 1041 1144 1137 
3 946 1041 937 
3 1144 1241 1240 
3 1899 1795 1885 
3 2956 2964 2946 
3 2962 2956 2949 
3 2919 2933 2962 
3 2957 2964 2972 
3 2937 2950 2943 
3 2929 2943 2934 
3 2915 2934 2912 
3 2953 2950 2941 
3 2884 2912 2861 
3 2836 2861 2794 
3 2771 2794 2700 
3 2948 2961 2953 
3 2597 2666 2700 
3 2961 2957 2972 
3 2832 2933 2826 
3 2582 2597 2509 
3 2832 2677 2683 
3 2553 2551 2683 
3 2551 2553 2438 
3 2496 2509 2418 
3 2392 2418 2317 
3 2292 2317 2240 
3 2152 2240 2144 
3 2049 1956 2055 
3 2049 2152 2144 
3 1960 1956 1859 
3 1865 1859 1766 
3 1667 1772 1766 
3 1570 1675 1667 
3 1675 1570 1576 
3 1475 1580 1576 
3 2326 2433 2438 
3 1480 1475 1379 
3 2111 2102 2207 
3 1991 2102 2008 
3 2313 2213 2207 
3 1991 1899 1885 
3 2433 2326 2313 
3 1188 1191 1289 
3 1285 1183 1188 
3 1181 1183 1280 
3 1181 1278 1180 
3 1175 1180 1276 
3 1171 1175 1271 
3 1164 1171 1267 
3 1393 1293 1400 
3 1191 1293 1289 
3 1498 1393 1400 
3 1388 1393 1495 
3 1388 1487 1383 
3 1480 1379 1383 
3 1418 1334 1326 
3 1513 1418 1411 
3 1600 1513 1497 
3 1795 1705 1692 
3 1692 1705 1600 
3 1334 1241 1326 
3 512 610 499 
3 512 499 384 
3 631 550 647 
3 647 744 726 
3 533 550 631 
3 295 225 336 
3 336 441 424 
3 441 533 517 
3 159 225 188 
3 832 744 850 
3 107 159 115 
3 83 79 107 
3 850 958 947 
3 71 72 79 
3 61 62 72 
3 51 49 62 
3 1054 958 1059 
3 30 49 31 
3 14 9 30 
3 2 1 9 
3 43 1 4 
3 137 226 116 
3 137 116 43 
3 250 384 226 
3 625 610 512 
3 731 625 637 
3 839 731 741 
3 946 839 848 
3 1164 1160 1059 
3 1144 1041 1053 
3 1041 946 1053 
3 1241 1144 1152 
3 1885 1795 1784 
3 2956 2975 2964 
3 2956 2962 2975 
3 2933 2974 2962 
3 2964 2983 2972 
3 2950 2952 2943 
3 2934 2943 2947 
3 2912 2934 2932 
3 2950 2953 2958 
3 2861 2912 2883 
3 2794 2861 2804 
3 2700 2794 2709 
3 2961 2965 2953 
3 2597 2700 2596 
3 2961 2972 2977 
3 2940 2933 2832 
3 2509 2597 2506 
3 2833 2832 2683 
3 2551 2676 2683 
3 2433 2551 2438 
3 2418 2509 2423 
3 2418 2327 2317 
3 2240 2317 2231 
3 2240 2231 2144 
3 1956 2049 1950 
3 2046 2049 2144 
3 1956 1855 1859 
3 1766 1859 1759 
3 1667 1766 1664 
3 1570 1667 1566 
3 1576 1570 1472 
3 1475 1576 1472 
3 1379 1475 1377 
3 2207 2102 2199 
3 2102 1991 2095 
3 2313 2207 2304 
3 1991 1885 1976 
3 2433 2313 2424 
3 1285 1188 1289 
3 1280 1183 1285 
3 1278 1181 1280 
3 1180 1278 1276 
3 1271 1175 1276 
3 1171 1271 1267 
3 1164 1267 1259 
3 1293 1393 1289 
3 1393 1388 1289 
3 1285 1388 1383 
3 1379 1280 1383 
3 1411 1418 1326 
3 1513 1411 1497 
3 1584 1600 1497 
3 1795 1692 1784 
3 1584 1692 1600 
3 1326 1241 1215 
3 402 512 384 
3 631 647 726 
3 744 832 726 
3 533 631 615 
3 225 295 188 
3 295 336 424 
3 424 441 517 
3 517 533 615 
3 115 159 188 
3 832 850 947 
3 83 107 115 
3 71 79 83 
3 958 1054 947 
3 71 61 72 
3 51 62 61 
3 49 51 31 
3 1160 1054 1059 
3 14 30 31 
3 2 9 14 
3 1 2 4 
3 54 43 4 
3 250 226 137 
3 54 137 43 
3 402 384 250 
3 524 625 512 
3 625 524 637 
3 731 637 741 
3 848 839 741 
3 956 946 848 
3 1160 1164 1259 
3 1152 1144 1053 
3 946 956 1053 
3 1241 1152 1215 
3 1885 1784 1875 
3 2975 2983 2964 
3 2962 2974 2975 
3 2933 2940 2974 
3 2983 2985 2972 
3 2943 2952 2947 
3 2950 2958 2952 
3 2934 2947 2932 
3 2912 2932 2883 
3 2953 2965 2958 
3 2861 2883 2804 
3 2794 2804 2709 
3 2700 2709 2596 
3 2965 2961 2977 
3 2597 2596 2506 
3 2972 2985 2977 
3 2833 2940 2832 
3 2509 2506 2423 
3 2676 2833 2683 
3 2676 2551 2540 
3 2551 2433 2540 
3 2327 2418 2423 
3 2317 2327 2231 
3 2144 2231 2138 
3 2049 2046 1950 
3 1855 1956 1950 
3 2046 2144 2138 
3 1859 1855 1759 
3 1766 1759 1664 
3 1566 1667 1664 
3 1570 1566 1469 
3 1472 1570 1469 
3 1475 1472 1377 
3 1278 1379 1377 
3 2199 2102 2095 
3 2304 2207 2199 
3 1991 1976 2095 
3 2424 2313 2304 
3 1976 1885 1875 
3 2540 2433 2424 
3 1388 1285 1289 
3 1280 1285 1383 
3 1379 1278 1280 
3 1278 1377 1276 
3 1271 1276 1373 
3 1267 1271 1366 
3 1267 1361 1259 
3 1411 1326 1321 
3 1497 1411 1408 
3 1584 1497 1477 
3 1784 1692 1678 
3 1692 1584 1678 
3 1326 1215 1321 
3 524 512 402 
3 715 631 726 
3 832 814 726 
3 631 715 615 
3 188 295 262 
3 399 295 424 
3 505 424 517 
3 606 517 615 
3 160 115 188 
3 832 947 929 
3 95 83 115 
3 70 71 83 
3 1054 1044 947 
3 61 71 58 
3 50 51 61 
3 51 35 31 
3 1054 1160 1150 
3 20 14 31 
3 6 2 14 
3 2 0 4 
3 8 54 4 
3 250 137 151 
3 137 54 151 
3 266 402 250 
3 637 524 537 
3 741 637 648 
3 848 741 756 
3 956 848 865 
3 1160 1259 1254 
3 1064 1152 1053 
3 956 1064 1053 
3 1152 1064 1215 
3 1875 1784 1771 
3 2983 2975 2988 
3 2975 2974 2988 
3 2940 2980 2974 
3 2983 2992 2985 
3 2952 2954 2947 
3 2958 2960 2952 
3 2947 2939 2932 
3 2883 2932 2893 
3 2965 2966 2958 
3 2804 2883 2810 
3 2709 2804 2698 
3 2709 2585 2596 
3 2965 2977 2979 
3 2596 2494 2506 
3 2985 2986 2977 
3 2940 2833 2936 
3 2506 2400 2423 
3 2833 2676 2827 
3 2676 2540 2654 
3 2312 2327 2423 
3 2231 2327 2227 
3 2231 2227 2138 
3 2046 1945 1950 
3 1852 1855 1950 
3 2046 2138 2040 
3 1759 1855 1753 
3 1664 1759 1661 
3 1558 1566 1664 
3 1566 1465 1469 
3 1373 1472 1469 
3 1377 1472 1373 
3 2187 2199 2095 
3 2304 2199 2293 
3 2095 1976 2072 
3 2424 2304 2403 
3 1976 1875 1962 
3 2540 2424 2518 
3 1276 1377 1373 
3 1366 1271 1373 
3 1267 1366 1361 
3 1361 1358 1259 
3 1411 1321 1408 
3 1497 1408 1477 
3 1584 1477 1572 
3 1784 1678 1771 
3 1678 1584 1572 
3 1321 1215 1207 
3 418 524 402 
3 814 715 726 
3 814 832 929 
3 615 715 704 
3 295 399 262 
3 160 188 262 
3 399 424 505 
3 606 505 517 
3 606 615 704 
3 95 115 160 
3 947 1044 929 
3 70 83 95 
3 58 71 70 
3 1044 1054 1150 
3 50 61 58 
3 35 51 50 
3 35 20 31 
3 1150 1160 1254 
3 6 14 20 
3 0 2 6 
3 0 8 4 
3 74 54 8 
3 266 250 151 
3 151 54 74 
3 418 402 266 
3 524 418 537 
3 637 537 648 
3 756 741 648 
3 848 756 865 
3 956 865 969 
3 1259 1358 1254 
3 1064 956 969 
3 1215 1064 1207 
3 1875 1771 1858 
3 2983 2988 2992 
3 2974 2980 2988 
3 2940 2936 2980 
3 2992 2993 2985 
3 2954 2939 2947 
3 2960 2954 2952 
3 2958 2966 2960 
3 2932 2939 2893 
3 2883 2893 2810 
3 2965 2979 2966 
3 2804 2810 2698 
3 2709 2698 2585 
3 2585 2494 2596 
3 2977 2986 2979 
3 2494 2400 2506 
3 2985 2993 2986 
3 2936 2833 2827 
3 2400 2312 2423 
3 2676 2654 2827 
3 2654 2540 2518 
3 2327 2312 2227 
3 2227 2137 2138 
3 1945 1852 1950 
3 1945 2046 2040 
3 1855 1852 1753 
3 2138 2137 2040 
3 1759 1753 1661 
3 1558 1664 1661 
3 1465 1566 1558 
3 1465 1366 1469 
3 1366 1373 1469 
3 2293 2199 2187 
3 2187 2095 2072 
3 2403 2304 2293 
3 2072 1976 1962 
3 2518 2424 2403 
3 1962 1875 1858 
3 1366 1465 1361 
3 1358 1361 1458 
3 1321 1336 1408 
3 1477 1408 1461 
3 1572 1477 1461 
3 1678 1666 1771 
3 1666 1678 1572 
3 1336 1321 1207 
3 715 814 802 
3 911 814 929 
3 704 715 802 
3 399 383 262 
3 244 160 262 
3 501 399 505 
3 606 604 505 
3 701 606 704 
3 146 95 160 
3 1044 1030 929 
3 88 70 95 
3 58 70 64 
3 1044 1150 1142 
3 50 58 52 
3 37 35 50 
3 23 20 35 
3 1249 1150 1254 
3 16 6 20 
3 5 0 6 
3 8 0 3 
3 27 74 8 
3 165 266 151 
3 165 151 74 
3 418 266 285 
3 418 434 537 
3 648 537 552 
3 756 648 660 
3 865 756 773 
3 865 878 969 
3 1358 1353 1254 
3 1089 1064 969 
3 1064 1089 1207 
3 1858 1771 1756 
3 2988 2997 2992 
3 2980 2997 2988 
3 2936 2982 2980 
3 2992 3004 2993 
3 2954 2944 2939 
3 2954 2960 2959 
3 2966 2971 2960 
3 2939 2887 2893 
3 2893 2796 2810 
3 2979 2984 2966 
3 2810 2668 2698 
3 2698 2567 2585 
3 2494 2585 2466 
3 2986 2990 2979 
3 2400 2494 2376 
3 2993 2996 2986 
3 2924 2936 2827 
3 2312 2400 2287 
3 2654 2799 2827 
3 2630 2654 2518 
3 2312 2204 2227 
3 2227 2204 2137 
3 1852 1945 1845 
3 1943 1945 2040 
3 1852 1750 1753 
3 2137 2041 2040 
3 1753 1650 1661 
3 1555 1558 1661 
3 1465 1558 1458 
3 2276 2293 2187 
3 2162 2187 2072 
3 2378 2403 2293 
3 2072 1962 2051 
3 2500 2518 2403 
3 1946 1962 1858 
3 1361 1465 1458 
3 1451 1358 1458 
3 1408 1336 1461 
3 1572 1461 1560 
3 1771 1666 1756 
3 1666 1572 1560 
3 1336 1207 1230 
3 814 911 802 
3 1030 911 929 
3 794 704 802 
3 383 244 262 
3 383 399 501 
3 146 160 244 
3 604 501 505 
3 606 701 604 
3 794 701 704 
3 88 95 146 
3 1030 1044 1142 
3 70 88 64 
3 52 58 64 
3 1150 1249 1142 
3 37 50 52 
3 23 35 37 
3 16 20 23 
3 1353 1249 1254 
3 5 6 16 
3 0 5 3 
3 27 8 3 
3 90 74 27 
3 266 165 285 
3 165 74 90 
3 434 418 285 
3 537 434 552 
3 648 552 660 
3 756 660 773 
3 865 773 878 
3 969 878 991 
3 1358 1451 1353 
3 1089 969 991 
3 1207 1089 1230 
3 1858 1756 1843 
3 2992 2997 3004 
3 2980 2982 2997 
3 2936 2924 2982 
3 2993 3004 2996 
3 2939 2944 2887 
3 2944 2954 2959 
3 2960 2971 2959 
3 2966 2984 2971 
3 2893 2887 2796 
3 2810 2796 2668 
3 2979 2990 2984 
3 2698 2668 2567 
3 2585 2567 2466 
3 2376 2494 2466 
3 2986 2996 2990 
3 2400 2376 2287 
3 2799 2924 2827 
3 2312 2287 2204 
3 2654 2630 2799 
3 2500 2630 2518 
3 2137 2204 2041 
3 1945 1943 1845 
3 1750 1852 1845 
3 2041 1943 2040 
3 1750 1650 1753 
3 1650 1555 1661 
3 1558 1555 1458 
3 2276 2378 2293 
3 2276 2187 2162 
3 2162 2072 2051 
3 2378 2500 2403 
3 1962 1946 2051 
3 1946 1858 1843 
3 1555 1451 1458 
3 1336 1343 1461 
3 1560 1461 1455 
3 1666 1652 1756 
3 1652 1666 1560 
3 1336 1230 1343 
3 911 903 802 
3 1011 911 1030 
3 903 794 802 
3 244 383 381 
3 500 383 501 
3 242 146 244 
3 605 501 604 
3 604 701 702 
3 795 701 794 
3 142 88 146 
3 1132 1030 1142 
3 88 82 64 
3 53 52 64 
3 1249 1245 1142 
3 40 37 52 
3 25 23 37 
3 16 23 19 
3 1344 1249 1353 
3 12 5 16 
3 5 7 3 
3 26 27 3 
3 90 27 26 
3 285 165 176 
3 165 90 176 
3 307 434 285 
3 434 448 552 
3 660 552 565 
3 773 660 676 
3 878 773 786 
3 991 878 908 
3 1451 1445 1353 
3 1121 1089 991 
3 1230 1089 1121 
3 1756 1742 1843 
3 2997 3000 3004 
3 2982 3000 2997 
3 2982 2924 2968 
3 3004 3005 2996 
3 2944 2870 2887 
3 2944 2959 2945 
3 2971 2969 2959 
3 2984 2987 2971 
3 2887 2774 2796 
3 2796 2639 2668 
3 2990 2994 2984 
3 2668 2536 2567 
3 2567 2447 2466 
3 2376 2466 2356 
3 2996 3003 2990 
3 2287 2376 2269 
3 2924 2799 2896 
3 2204 2287 2160 
3 2630 2754 2799 
3 2630 2500 2588 
3 2204 2160 2041 
3 1943 1841 1845 
3 1747 1750 1845 
3 1935 1943 2041 
3 1750 1644 1650 
3 1548 1555 1650 
3 2276 2360 2378 
3 2276 2162 2244 
3 2134 2162 2051 
3 2500 2378 2464 
3 1946 2031 2051 
3 1946 1843 1927 
3 1451 1555 1548 
3 1461 1343 1455 
3 1560 1455 1553 
3 1652 1742 1756 
3 1652 1560 1553 
3 1343 1230 1242 
3 903 911 1011 
3 1011 1030 1132 
3 896 794 903 
3 383 500 381 
3 242 244 381 
3 500 501 605 
3 242 142 146 
3 605 604 702 
3 701 795 702 
3 795 794 896 
3 142 82 88 
3 1245 1132 1142 
3 82 53 64 
3 53 40 52 
3 1245 1249 1344 
3 25 37 40 
3 19 23 25 
3 12 16 19 
3 1445 1344 1353 
3 7 5 12 
3 7 26 3 
3 106 90 26 
3 307 285 176 
3 176 90 106 
3 434 307 448 
3 552 448 565 
3 660 565 676 
3 773 676 786 
3 878 786 908 
3 1033 991 908 
3 1451 1548 1445 
3 1033 1121 991 
3 1230 1121 1242 
3 1742 1823 1843 
3 3000 3006 3004 
3 3000 2982 2968 
3 2968 2924 2896 
3 3005 3003 2996 
3 3006 3005 3004 
3 2870 2774 2887 
3 2870 2944 2945 
3 2959 2969 2945 
3 2971 2987 2969 
3 2994 2987 2984 
3 2796 2774 2639 
3 2668 2639 2536 
3 3003 2994 2990 
3 2567 2536 2447 
3 2466 2447 2356 
3 2376 2356 2269 
3 2287 2269 2160 
3 2799 2754 2896 
3 2754 2630 2588 
3 2588 2500 2464 
3 2041 2160 2038 
3 1841 1747 1845 
3 1943 1935 1841 
3 1644 1750 1747 
3 1935 2041 2038 
3 1644 1548 1650 
3 2378 2360 2464 
3 2360 2276 2244 
3 2244 2162 2134 
3 2031 2134 2051 
3 2031 1946 1927 
3 1843 1823 1927 
3 1455 1343 1350 
3 1553 1455 1449 
3 1742 1652 1642 
3 1652 1553 1642 
3 1343 1242 1350 
3 1004 903 1011 
3 1115 1011 1132 
3 896 903 1004 
3 500 503 381 
3 393 242 381 
3 608 500 605 
3 142 242 246 
3 705 605 702 
3 795 800 702 
3 897 795 896 
3 82 142 139 
3 1232 1132 1245 
3 69 53 82 
3 42 40 53 
3 1245 1344 1337 
3 25 40 28 
3 19 25 21 
3 12 19 17 
3 1344 1445 1441 
3 10 7 12 
3 26 7 15 
3 106 26 48 
3 307 176 191 
3 176 106 191 
3 448 307 332 
3 565 448 470 
3 565 581 676 
3 786 676 698 
3 908 786 822 
3 1033 908 950 
3 1445 1548 1543 
3 1121 1033 1141 
3 1242 1121 1141 
3 1823 1742 1700 
3 3000 2991 3006 
3 2991 3000 2968 
3 2955 2968 2896 
3 3007 3003 3005 
3 3006 3002 3005 
3 2870 2734 2774 
3 2846 2870 2945 
3 2969 2931 2945 
3 2987 2976 2969 
3 2987 2994 2998 
3 2774 2601 2639 
3 2536 2639 2507 
3 2994 3003 3008 
3 2447 2536 2421 
3 2356 2447 2334 
3 2356 2232 2269 
3 2160 2269 2139 
3 2896 2754 2851 
3 2754 2588 2694 
3 2588 2464 2555 
3 2160 2139 2038 
3 1747 1841 1738 
3 1935 1838 1841 
3 1644 1747 1641 
3 1935 2038 1932 
3 1543 1548 1644 
3 2464 2360 2439 
3 2360 2244 2320 
3 2244 2134 2208 
3 2134 2031 2105 
3 2003 2031 1927 
3 1823 1892 1927 
3 1455 1350 1449 
3 1550 1553 1449 
3 1742 1642 1700 
3 1553 1550 1642 
3 1242 1247 1350 
3 1004 1011 1115 
3 1232 1115 1132 
3 996 896 1004 
3 503 393 381 
3 503 500 608 
3 242 393 246 
3 608 605 705 
3 139 142 246 
3 800 705 702 
3 897 800 795 
3 897 896 996 
3 69 82 139 
3 1232 1245 1337 
3 42 53 69 
3 40 42 28 
3 1344 1441 1337 
3 21 25 28 
3 17 19 21 
3 10 12 17 
3 1445 1543 1441 
3 7 10 15 
3 48 26 15 
3 106 48 109 
3 332 307 191 
3 191 106 109 
3 448 332 470 
3 581 565 470 
3 676 581 698 
3 786 698 822 
3 908 822 842 
3 908 842 950 
3 1057 1033 950 
3 1033 1057 1141 
3 1247 1242 1141 
3 1823 1700 1776 
3 2991 2995 3006 
3 2955 2991 2968 
3 2955 2896 2851 
3 3003 3007 3008 
3 3002 3007 3005 
3 2995 3002 3006 
3 2774 2734 2601 
3 2870 2846 2734 
3 2931 2846 2945 
3 2969 2976 2931 
3 2976 2987 2998 
3 2994 3008 2998 
3 2639 2601 2507 
3 2536 2507 2421 
3 2447 2421 2334 
3 2232 2356 2334 
3 2269 2232 2139 
3 2754 2694 2851 
3 2694 2588 2555 
3 2555 2464 2439 
3 2139 2027 2038 
3 1841 1838 1738 
3 1747 1738 1641 
3 1838 1935 1932 
3 1543 1644 1641 
3 2038 2027 1932 
3 2360 2320 2439 
3 2320 2244 2208 
3 2208 2134 2105 
3 2105 2031 2003 
3 1892 2003 1927 
3 1892 1823 1776 
3 1449 1350 1352 
3 1550 1449 1446 
3 1642 1550 1700 
3 1350 1247 1352 
3 1104 1004 1115 
3 1115 1232 1209 
3 996 1004 1104 
3 393 503 509 
3 613 503 608 
3 393 394 246 
3 712 608 705 
3 240 139 246 
3 705 800 806 
3 800 897 900 
3 897 996 997 
3 69 139 131 
3 1325 1232 1337 
3 42 69 56 
3 42 32 28 
3 1337 1441 1437 
3 24 21 28 
3 22 17 21 
3 18 10 17 
3 1543 1539 1441 
3 10 13 15 
3 47 48 15 
3 48 47 109 
3 206 332 191 
3 206 191 109 
3 470 332 358 
3 581 470 497 
3 698 581 624 
3 822 698 737 
3 822 737 842 
3 842 873 950 
3 976 1057 950 
3 1141 1057 1148 
3 1247 1141 1148 
3 1700 1656 1776 
3 2995 2991 2973 
3 2991 2955 2973 
3 2955 2851 2920 
3 3007 3001 3008 
3 3002 2989 3007 
3 2995 2981 3002 
3 2601 2734 2568 
3 2846 2669 2734 
3 2846 2931 2807 
3 2976 2909 2931 
3 2970 2976 2998 
3 3008 2999 2998 
3 2601 2475 2507 
3 2507 2384 2421 
3 2334 2421 2297 
3 2210 2232 2334 
3 2232 2122 2139 
3 2694 2795 2851 
3 2694 2555 2638 
3 2555 2439 2511 
3 2122 2027 2139 
3 1838 1734 1738 
3 1738 1634 1641 
3 1830 1838 1932 
3 1539 1543 1641 
3 2027 1922 1932 
3 2439 2320 2390 
3 2320 2208 2281 
3 2208 2105 2176 
3 2105 2003 2054 
3 2003 1892 1982 
3 1857 1892 1776 
3 1449 1352 1446 
3 1540 1550 1446 
3 1700 1550 1656 
3 1247 1252 1352 
3 1104 1115 1209 
3 1209 1232 1325 
3 996 1104 1097 
3 509 503 613 
3 394 393 509 
3 613 608 712 
3 394 240 246 
3 712 705 806 
3 139 240 131 
3 806 800 900 
3 900 897 997 
3 997 996 1097 
3 56 69 131 
3 1325 1337 1437 
3 32 42 56 
3 32 24 28 
3 1441 1539 1437 
3 24 22 21 
3 22 18 17 
3 13 10 18 
3 13 47 15 
3 109 47 128 
3 332 206 358 
3 206 109 128 
3 497 470 358 
3 581 497 624 
3 698 624 737 
3 737 769 842 
3 873 976 950 
3 769 873 842 
3 1077 1057 976 
3 1057 1077 1148 
3 1252 1247 1148 
3 1656 1745 1776 
3 2995 2973 2981 
3 2973 2955 2920 
3 2851 2795 2920 
3 3008 3001 2999 
3 3007 2989 3001 
3 2989 3002 2967 
3 3002 2981 2967 
3 2734 2669 2568 
3 2601 2568 2475 
3 2669 2846 2807 
3 2931 2909 2807 
3 2976 2970 2909 
3 2999 2970 2998 
3 2475 2384 2507 
3 2421 2384 2297 
3 2210 2334 2297 
3 2232 2210 2122 
3 2795 2694 2638 
3 2638 2555 2511 
3 2511 2439 2390 
3 2122 2011 2027 
3 1738 1734 1634 
3 1838 1830 1734 
3 1634 1539 1641 
3 1922 1830 1932 
3 2027 2011 1922 
3 2390 2320 2281 
3 2281 2208 2176 
3 2176 2105 2054 
3 2054 2003 1982 
3 1892 1857 1982 
3 1745 1857 1776 
3 1352 1347 1446 
3 1550 1540 1656 
3 1540 1446 1438 
3 1252 1347 1352 
3 1104 1209 1201 
3 1209 1325 1304 
3 1097 1104 1201 
3 509 613 614 
3 507 394 509 
3 714 613 712 
3 389 240 394 
3 712 806 811 
3 240 232 131 
3 905 806 900 
3 1002 900 997 
3 1095 997 1097 
3 129 56 131 
3 1413 1325 1437 
3 66 32 56 
3 24 32 41 
3 1539 1530 1437 
3 33 22 24 
3 18 22 34 
3 13 18 39 
3 47 13 67 
3 47 67 128 
3 358 206 255 
3 206 128 255 
3 497 358 415 
3 624 497 546 
3 624 659 737 
3 659 769 737 
3 976 873 920 
3 873 769 809 
3 1077 976 1038 
3 1157 1148 1077 
3 1157 1252 1148 
3 1630 1745 1656 
3 2973 2935 2981 
3 2935 2973 2920 
3 2795 2863 2920 
3 2999 3001 2978 
3 3001 2989 2963 
3 2942 2989 2967 
3 2981 2925 2967 
3 2669 2521 2568 
3 2568 2442 2475 
3 2625 2669 2807 
3 2909 2762 2807 
3 2970 2868 2909 
3 2970 2999 2951 
3 2359 2384 2475 
3 2384 2275 2297 
3 2190 2210 2297 
3 2210 2101 2122 
3 2795 2638 2748 
3 2638 2511 2592 
3 2511 2390 2469 
3 2122 2101 2011 
3 1634 1734 1622 
3 1830 1713 1734 
3 1634 1530 1539 
3 1922 1804 1830 
3 2011 1894 1922 
3 2390 2281 2357 
3 2281 2176 2235 
3 2176 2054 2121 
3 2054 1982 2121 
3 1982 1857 1936 
3 1857 1745 1828 
3 1446 1347 1438 
3 1540 1630 1656 
3 1500 1540 1438 
3 1252 1251 1347 
3 1201 1209 1304 
3 1325 1413 1304 
3 1189 1097 1201 
3 613 714 614 
3 507 509 614 
3 389 394 507 
3 714 712 811 
3 232 240 389 
3 806 905 811 
3 232 129 131 
3 905 900 1002 
3 1095 1002 997 
3 1189 1095 1097 
3 66 56 129 
3 1530 1413 1437 
3 41 32 66 
3 33 24 41 
3 22 33 34 
3 39 18 34 
3 67 13 39 
3 67 170 128 
3 415 358 255 
3 128 170 255 
3 546 497 415 
3 624 546 659 
3 769 659 694 
3 920 873 809 
3 976 920 1038 
3 769 694 809 
3 1157 1077 1038 
3 1251 1252 1157 
3 1696 1745 1630 
3 2981 2935 2925 
3 2863 2935 2920 
3 2863 2795 2748 
3 3001 2963 2978 
3 2999 2978 2951 
3 2989 2942 2963 
3 2881 2942 2967 
3 2925 2881 2967 
3 2568 2521 2442 
3 2669 2625 2521 
3 2442 2359 2475 
3 2762 2625 2807 
3 2909 2868 2762 
3 2868 2970 2951 
3 2384 2359 2275 
3 2275 2190 2297 
3 2210 2190 2101 
3 2748 2638 2592 
3 2592 2511 2469 
3 2469 2390 2357 
3 2101 1985 2011 
3 1734 1713 1622 
3 1530 1634 1622 
3 1830 1804 1713 
3 1922 1894 1804 
3 2011 1985 1894 
3 2357 2281 2235 
3 2235 2176 2121 
3 2121 1982 2052 
3 1857 1828 1936 
3 2052 1982 1936 
3 1745 1696 1828 
3 1347 1328 1438 
3 1540 1500 1630 
3 1382 1500 1438 
3 1347 1251 1328 
3 1291 1201 1304 
3 1304 1413 1396 
3 1189 1201 1291 
3 714 711 614 
3 611 507 614 
3 502 389 507 
3 810 714 811 
3 386 232 389 
3 905 906 811 
3 129 232 234 
3 1005 905 1002 
3 1002 1095 1100 
3 1095 1189 1182 
3 130 66 129 
3 1413 1530 1506 
3 41 66 60 
3 55 33 41 
3 34 33 73 
3 86 39 34 
3 112 67 39 
3 170 67 112 
3 311 415 255 
3 170 311 255 
3 546 415 464 
3 659 546 582 
3 659 582 694 
3 866 920 809 
3 920 973 1038 
3 809 694 757 
3 1157 1038 1080 
3 1251 1157 1204 
3 1573 1696 1630 
3 2935 2847 2925 
3 2935 2863 2847 
3 2863 2748 2847 
3 2963 2908 2978 
3 2978 2908 2951 
3 2963 2942 2869 
3 2942 2881 2813 
3 2800 2881 2925 
3 2442 2521 2405 
3 2521 2625 2491 
3 2442 2321 2359 
3 2576 2625 2762 
3 2868 2699 2762 
3 2819 2868 2951 
3 2275 2359 2238 
3 2275 2151 2190 
3 2101 2190 2067 
3 2748 2592 2693 
3 2592 2469 2546 
3 2469 2357 2425 
3 1985 2101 2067 
3 1713 1598 1622 
3 1506 1530 1622 
3 1804 1691 1713 
3 1894 1781 1804 
3 1985 1871 1894 
3 2357 2235 2300 
3 2189 2235 2121 
3 2189 2121 2052 
3 1936 1828 1887 
3 2052 1936 2009 
3 1828 1696 1770 
3 1328 1382 1438 
3 1500 1573 1630 
3 1500 1382 1464 
3 1328 1251 1204 
3 1291 1304 1396 
3 1413 1506 1396 
3 1279 1189 1291 
3 711 611 614 
3 810 711 714 
3 502 507 611 
3 386 389 502 
3 906 810 811 
3 232 386 234 
3 906 905 1005 
3 130 129 234 
3 1005 1002 1100 
3 1100 1095 1182 
3 1182 1189 1279 
3 66 130 60 
3 55 41 60 
3 33 55 73 
3 86 34 73 
3 86 112 39 
3 170 112 227 
3 464 415 311 
3 311 170 227 
3 546 464 582 
3 694 582 649 
3 973 920 866 
3 866 809 757 
3 1038 973 1080 
3 694 649 757 
3 1204 1157 1080 
3 1696 1573 1658 
3 2847 2800 2925 
3 2847 2748 2693 
3 2908 2963 2869 
3 2908 2819 2951 
3 2942 2813 2869 
3 2813 2881 2727 
3 2881 2800 2727 
3 2405 2521 2491 
3 2442 2405 2321 
3 2625 2576 2491 
3 2359 2321 2238 
3 2699 2576 2762 
3 2699 2868 2819 
3 2151 2275 2238 
3 2190 2151 2067 
3 2693 2592 2546 
3 2546 2469 2425 
3 2425 2357 2300 
3 1985 2067 1958 
3 1598 1506 1622 
3 1713 1691 1598 
3 1804 1781 1691 
3 1894 1871 1781 
3 1871 1985 1958 
3 2300 2235 2189 
3 2127 2189 2052 
3 1828 1770 1887 
3 2009 1936 1887 
3 2127 2052 2009 
3 1770 1696 1658 
3 1382 1328 1269 
3 1573 1500 1464 
3 1382 1354 1464 
3 1269 1328 1204 
3 1381 1291 1396 
3 1506 1486 1396 
3 1381 1279 1291 
3 708 611 711 
3 711 810 798 
3 502 611 609 
3 504 386 502 
3 895 810 906 
3 386 391 234 
3 999 906 1005 
3 239 130 234 
3 1106 1005 1100 
3 1224 1100 1182 
3 1268 1182 1279 
3 130 135 60 
3 135 55 60 
3 55 143 73 
3 161 86 73 
3 112 86 186 
3 227 112 186 
3 464 311 405 
3 405 311 227 
3 582 464 536 
3 649 582 536 
3 973 866 934 
3 816 866 757 
3 973 1050 1080 
3 649 709 757 
3 1162 1204 1080 
3 1573 1546 1658 
3 2847 2693 2800 
3 2765 2908 2869 
3 2819 2908 2765 
3 2869 2813 2695 
3 2813 2727 2620 
3 2800 2623 2727 
3 2369 2405 2491 
3 2321 2405 2291 
3 2491 2576 2451 
3 2321 2209 2238 
3 2699 2534 2576 
3 2699 2819 2633 
3 2129 2151 2238 
3 2151 2043 2067 
3 2693 2546 2623 
3 2546 2425 2488 
3 2425 2300 2367 
3 2067 2043 1958 
3 1598 1486 1506 
3 1598 1691 1579 
3 1781 1670 1691 
3 1871 1765 1781 
3 1853 1871 1958 
3 2300 2189 2253 
3 2189 2127 2253 
3 1887 1770 1846 
3 2009 1887 1955 
3 2068 2127 2009 
3 1736 1770 1658 
3 1382 1269 1354 
3 1573 1464 1546 
3 1464 1354 1435 
3 1162 1269 1204 
3 1486 1381 1396 
3 1367 1279 1381 
3 611 708 609 
3 708 711 798 
3 810 895 798 
3 504 502 609 
3 504 391 386 
3 895 906 999 
3 391 239 234 
3 1106 999 1005 
3 135 130 239 
3 1224 1106 1100 
3 1224 1182 1268 
3 1367 1268 1279 
3 55 135 143 
3 143 161 73 
3 186 86 161 
3 227 186 340 
3 464 405 536 
3 405 227 340 
3 649 536 599 
3 934 866 816 
3 1050 973 934 
3 709 816 757 
3 1050 1162 1080 
3 709 649 599 
3 1658 1546 1619 
3 2800 2693 2623 
3 2765 2869 2695 
3 2819 2765 2633 
3 2813 2620 2695 
3 2727 2556 2620 
3 2727 2623 2556 
3 2405 2369 2291 
3 2369 2491 2451 
3 2321 2291 2209 
3 2576 2534 2451 
3 2209 2129 2238 
3 2534 2699 2633 
3 2151 2129 2043 
3 2623 2546 2488 
3 2425 2367 2488 
3 2367 2300 2253 
3 2043 1937 1958 
3 1486 1598 1579 
3 1691 1670 1579 
3 1781 1765 1670 
3 1871 1853 1765 
3 1937 1853 1958 
3 2127 2194 2253 
3 1770 1736 1846 
3 1887 1846 1955 
3 2068 2009 1955 
3 2194 2127 2068 
3 1736 1658 1619 
3 1354 1269 1243 
3 1464 1435 1546 
3 1354 1299 1435 
3 1269 1162 1243 
3 1486 1470 1381 
3 1470 1367 1381 
3 708 706 609 
3 791 708 798 
3 895 890 798 
3 620 504 609 
3 515 391 504 
3 985 895 999 
3 397 239 391 
3 999 1106 1088 
3 254 135 239 
3 1195 1106 1224 
3 1357 1224 1268 
3 1367 1357 1268 
3 143 135 254 
3 269 161 143 
3 186 161 297 
3 340 186 297 
3 405 481 536 
3 481 405 340 
3 536 481 599 
3 934 816 883 
3 1050 934 989 
3 709 780 816 
3 1162 1050 1114 
3 709 599 678 
3 1546 1493 1619 
3 2765 2695 2581 
3 2633 2765 2581 
3 2620 2523 2695 
3 2556 2481 2620 
3 2623 2488 2556 
3 2291 2369 2268 
3 2345 2369 2451 
3 2291 2186 2209 
3 2451 2534 2417 
3 2129 2209 2104 
3 2534 2633 2498 
3 2043 2129 2024 
3 2488 2367 2427 
3 2367 2253 2301 
3 2043 2024 1937 
3 1470 1486 1579 
3 1670 1563 1579 
3 1765 1657 1670 
3 1853 1748 1765 
3 1853 1937 1837 
3 2253 2194 2301 
3 1736 1799 1846 
3 1846 1919 1955 
3 2068 1955 2025 
3 2194 2068 2132 
3 1736 1619 1681 
3 1299 1354 1243 
3 1435 1493 1546 
3 1299 1372 1435 
3 1243 1162 1114 
3 1462 1367 1470 
3 706 620 609 
3 706 708 791 
3 890 791 798 
3 985 890 895 
3 515 504 620 
3 515 397 391 
3 985 999 1088 
3 397 254 239 
3 1088 1106 1195 
3 1315 1195 1224 
3 1315 1224 1357 
3 1367 1462 1357 
3 269 143 254 
3 297 161 269 
3 451 340 297 
3 481 340 451 
3 599 481 572 
3 816 780 883 
3 989 934 883 
3 1050 989 1114 
3 780 709 678 
3 599 572 678 
3 1493 1567 1619 
3 2695 2523 2581 
3 2498 2633 2581 
3 2481 2523 2620 
3 2481 2556 2427 
3 2556 2488 2427 
3 2369 2345 2268 
3 2186 2291 2268 
3 2345 2451 2417 
3 2209 2186 2104 
3 2534 2498 2417 
3 2129 2104 2024 
3 2427 2367 2301 
3 2024 1918 1937 
3 1563 1470 1579 
3 1670 1657 1563 
3 1748 1657 1765 
3 1748 1853 1837 
3 1937 1918 1837 
3 2194 2241 2301 
3 1799 1919 1846 
3 1799 1736 1681 
3 1955 1919 2025 
3 2132 2068 2025 
3 2241 2194 2132 
3 1619 1567 1681 
3 1299 1243 1173 
3 1372 1493 1435 
3 1372 1299 1257 
3 1173 1243 1114 
3 1563 1462 1470 
3 713 620 706 
3 789 706 791 
3 890 882 791 
3 985 977 890 
3 627 515 620 
3 528 397 515 
3 1076 985 1088 
3 413 254 397 
3 1178 1088 1195 
3 1284 1195 1315 
3 1444 1315 1357 
3 1462 1444 1357 
3 269 254 413 
3 297 269 432 
3 451 297 432 
3 481 451 572 
3 883 780 870 
3 967 989 883 
3 989 1065 1114 
3 780 678 767 
3 572 662 678 
3 1493 1456 1567 
3 2581 2523 2450 
3 2498 2581 2450 
3 2523 2481 2404 
3 2481 2427 2362 
3 2345 2224 2268 
3 2147 2186 2268 
3 2299 2345 2417 
3 2186 2071 2104 
3 2498 2374 2417 
3 2104 1992 2024 
3 2427 2301 2362 
3 1992 1918 2024 
3 1657 1551 1563 
3 1657 1748 1640 
3 1748 1837 1733 
3 1918 1806 1837 
3 2301 2241 2362 
3 1919 1799 1863 
3 1755 1799 1681 
3 1919 1968 2025 
3 2076 2132 2025 
3 2241 2132 2185 
3 1567 1645 1681 
3 1299 1173 1257 
3 1493 1372 1456 
3 1372 1257 1341 
3 1065 1173 1114 
3 1551 1462 1563 
3 627 620 713 
3 713 706 789 
3 882 789 791 
3 977 882 890 
3 977 985 1076 
3 528 515 627 
3 528 413 397 
3 1178 1076 1088 
3 1284 1178 1195 
3 1394 1284 1315 
3 1444 1430 1315 
3 1444 1462 1551 
3 432 269 413 
3 451 432 555 
3 572 451 555 
3 870 780 767 
3 967 883 870 
3 989 967 1065 
3 678 662 767 
3 572 555 662 
3 1567 1456 1538 
3 2523 2404 2450 
3 2374 2498 2450 
3 2481 2362 2404 
3 2224 2147 2268 
3 2345 2299 2224 
3 2186 2147 2071 
3 2374 2299 2417 
3 2071 1992 2104 
3 1992 1884 1918 
3 1657 1640 1551 
3 1640 1748 1733 
3 1837 1806 1733 
3 1918 1884 1806 
3 2362 2241 2288 
3 1799 1755 1863 
3 1919 1863 1968 
3 1645 1755 1681 
3 1968 2076 2025 
3 2132 2076 2185 
3 2288 2241 2185 
3 1567 1538 1645 
3 1257 1173 1146 
3 1372 1341 1456 
3 1257 1208 1341 
3 1173 1065 1146 
3 627 713 729 
3 788 713 789 
3 882 877 789 
3 974 882 977 
3 1069 977 1076 
3 642 528 627 
3 528 543 413 
3 1168 1076 1178 
3 1270 1178 1284 
3 1376 1284 1394 
3 1430 1394 1315 
3 1430 1444 1536 
3 1536 1444 1551 
3 543 432 413 
3 555 432 543 
3 863 870 767 
3 967 870 952 
3 1065 967 1039 
3 662 758 767 
3 662 555 651 
3 1456 1421 1538 
3 2450 2404 2341 
3 2374 2450 2341 
3 2404 2362 2288 
3 2224 2124 2147 
3 2299 2196 2224 
3 2071 2147 2044 
3 2299 2374 2270 
3 2071 1963 1992 
3 1992 1963 1884 
3 1640 1536 1551 
3 1618 1640 1733 
3 1806 1697 1733 
3 1884 1778 1806 
3 1755 1835 1863 
3 1968 1863 1934 
3 1755 1645 1725 
3 2076 1968 2023 
3 2076 2116 2185 
3 2288 2185 2222 
3 1645 1538 1595 
3 1208 1257 1146 
3 1456 1341 1421 
3 1341 1208 1283 
3 1065 1039 1146 
3 713 788 729 
3 642 627 729 
3 877 788 789 
3 877 882 974 
3 974 977 1069 
3 1168 1069 1076 
3 543 528 642 
3 1270 1168 1178 
3 1270 1284 1376 
3 1476 1376 1394 
3 1394 1430 1504 
3 1504 1430 1536 
3 555 543 651 
3 870 863 952 
3 758 863 767 
3 1039 967 952 
3 758 662 651 
3 1538 1421 1481 
3 2404 2288 2341 
3 2374 2341 2270 
3 2147 2124 2044 
3 2224 2196 2124 
3 2196 2299 2270 
3 1963 2071 2044 
3 1963 1862 1884 
3 1640 1618 1536 
3 1697 1618 1733 
3 1806 1778 1697 
3 1884 1862 1778 
3 1863 1835 1934 
3 1835 1755 1725 
3 2023 1968 1934 
3 1645 1595 1725 
3 2116 2076 2023 
3 2185 2116 2222 
3 2341 2288 2222 
3 1595 1538 1481 
3 1086 1208 1146 
3 1421 1341 1283 
3 1283 1208 1167 
3 1039 1086 1146 
3 788 868 729 
3 749 642 729 
3 868 788 877 
3 966 877 974 
3 974 1069 1060 
3 1161 1069 1168 
3 651 543 642 
3 1258 1168 1270 
3 1362 1270 1376 
3 1466 1376 1476 
3 1476 1394 1504 
3 1618 1504 1536 
3 952 863 953 
3 863 758 861 
3 1036 1039 952 
3 758 651 749 
3 1481 1421 1369 
3 2341 2222 2270 
3 2124 2022 2044 
3 2196 2090 2124 
3 2148 2196 2270 
3 1944 1963 2044 
3 1963 1944 1862 
3 1618 1697 1588 
3 1778 1674 1697 
3 1862 1760 1778 
3 1835 1861 1934 
3 1835 1725 1769 
3 2023 1934 1952 
3 1725 1595 1663 
3 2048 2116 2023 
3 2116 2148 2222 
3 1595 1481 1554 
3 1208 1086 1167 
3 1421 1283 1369 
3 1283 1167 1262 
3 1039 1036 1086 
3 868 749 729 
3 749 651 642 
3 966 868 877 
3 966 974 1060 
3 1069 1161 1060 
3 1258 1161 1168 
3 1362 1258 1270 
3 1466 1362 1376 
3 1568 1466 1476 
3 1588 1476 1504 
3 1618 1588 1504 
3 863 861 953 
3 1036 952 953 
3 861 758 749 
3 1481 1369 1454 
3 2222 2148 2270 
3 2022 1944 2044 
3 2124 2090 2022 
3 2196 2148 2090 
3 1944 1842 1862 
3 1697 1674 1588 
3 1778 1760 1674 
3 1842 1760 1862 
3 1934 1861 1952 
3 1861 1835 1769 
3 1725 1663 1769 
3 2048 2023 1952 
3 1595 1554 1663 
3 2148 2116 2048 
3 1554 1481 1454 
3 1167 1086 1094 
3 1369 1283 1262 
3 1167 1177 1262 
3 1086 1036 1094 
3 868 861 749 
3 960 868 966 
3 1055 966 1060 
3 1161 1149 1060 
3 1248 1161 1258 
3 1346 1258 1362 
3 1362 1466 1448 
3 1552 1466 1568 
3 1568 1476 1588 
3 861 960 953 
3 1036 953 1048 
3 1369 1356 1454 
3 1924 1944 2022 
3 2090 1979 2022 
3 2148 2048 2090 
3 1944 1924 1842 
3 1674 1568 1588 
3 1760 1660 1674 
3 1842 1743 1760 
3 1861 1882 1952 
3 1861 1769 1790 
3 1769 1663 1690 
3 2048 1952 1979 
3 1663 1554 1575 
3 1575 1554 1454 
3 1167 1094 1177 
3 1369 1262 1356 
3 1262 1177 1273 
3 1094 1036 1048 
3 861 868 960 
3 1055 960 966 
3 1149 1055 1060 
3 1248 1149 1161 
3 1346 1248 1258 
3 1346 1362 1448 
3 1466 1552 1448 
3 1660 1552 1568 
3 953 960 1048 
3 1454 1356 1378 
3 1979 1924 2022 
3 2090 2048 1979 
3 1924 1819 1842 
3 1660 1568 1674 
3 1760 1743 1660 
3 1819 1743 1842 
3 1952 1882 1979 
3 1882 1861 1790 
3 1790 1769 1690 
3 1663 1575 1690 
3 1575 1454 1491 
3 1177 1094 1134 
3 1262 1273 1356 
3 1273 1177 1214 
3 1134 1094 1048 
3 960 1055 1048 
3 1134 1055 1149 
3 1248 1214 1149 
3 1248 1346 1316 
3 1429 1346 1448 
3 1552 1535 1448 
3 1637 1552 1660 
3 1356 1273 1378 
3 1454 1378 1491 
3 1882 1924 1979 
3 1924 1882 1819 
3 1743 1637 1660 
3 1819 1720 1743 
3 1819 1882 1790 
3 1720 1790 1690 
3 1690 1575 1608 
3 1608 1575 1491 
3 1177 1134 1214 
3 1273 1214 1316 
3 1055 1134 1048 
3 1214 1134 1149 
3 1214 1248 1316 
3 1316 1346 1429 
3 1535 1429 1448 
3 1637 1535 1552 
3 1378 1273 1316 
3 1491 1378 1429 
3 1720 1637 1743 
3 1720 1819 1790 
3 1720 1690 1608 
3 1535 1608 1491 
3 1378 1316 1429 
3 1535 1491 1429 
3 1535 1637 1608 
3 1637 1720 1608 

