# vtk DataFile Version 4.2
vtk output
ASCII
DATASET POLYDATA
POINTS 3008 float
-177.282 -10.7758 -303.026 -177.179 -24.9445 -309.092 -176.33 -23.1568 -293.24 
-176.068 -13.4622 -319.621 -175.759 -9.56443 -286.91 -175.655 0.972014 -313.201 
-175.61 3.61176 -297.176 -175.133 -36.4642 -299.689 -174.732 -38.9079 -314.988 
-174.413 -22.2769 -277.961 -173.75 -27.9296 -324.739 -173.678 -35.4551 -284.568 
-173.44 3.63221 -280.557 -173.123 16.5631 -308.582 -172.921 -8.95895 -271.523 
-172.694 -48.9418 -306.289 -172.329 14.9263 -289.74 -171.636 11.7469 -322.285 
-171.377 -48.0229 -291.59 -170.973 -52.6859 -321.124 -170.847 -21.804 -263.145 
-170.841 -34.9889 -269.973 -170.532 22.8482 -296.547 -169.916 4.13221 -265.232 
-169.685 27.0337 -318.973 -169.68 -2.79699 -327.337 -169.353 -59.2591 -313.269 
-169.214 16.2175 -274.499 -169.205 -8.61205 -256.521 -169.008 -42.1211 -329.004 
-168.868 -47.6935 -277.092 -168.38 -59.0177 -298.93 -167.635 32.867 -306.537 
-167.227 -63.6325 -319.818 -167.167 27.1465 -284.105 -166.963 -34.64 -255.488 
-166.634 -21.6256 -248.551 -166.174 -16.9041 -332.082 -165.822 -59.3503 -284.468 
-165.522 -47.418 -262.697 -165.503 4.31284 -250.193 -165.135 -67.7317 -306.592 
-165.1 -68.006 -326.366 -164.935 16.8751 -259.324 -164.558 19.6351 -328.999 
-164.316 -8.66696 -241.923 -164.291 37.2971 -293.799 -163.906 41.7553 -317.317 
-163.613 28.9433 -269.184 -163.1 -34.5788 -240.968 -162.908 -56.4857 -333.868 
-162.72 49.8335 48.0457 -162.688 24.2615 63.6216 -162.617 -59.4503 -270.165 
-162.617 37.2329 56.1852 -162.39 38.064 71.9506 -162.347 51.4632 63.8419 
-162.202 -21.726 -234.026 -162.175 -69.2955 -292.454 -162.163 10.8599 70.6866 
-162.157 24.5082 79.3864 -162.138 -47.285 -248.172 -162.134 20.7265 127.497 
-162.044 -30.9564 -335.712 -161.853 -2.53123 77.4392 -161.833 35.2565 40.6843 
-161.778 46.9449 32.7396 -161.728 10.874 86.4252 -161.719 64.6908 55.2851 
-161.693 23.2261 48.0193 -161.676 -75.0697 -315.239 -161.662 62.1758 39.1687 
-161.603 -2.72144 92.7105 -161.553 -44.6388 37.9172 -161.551 10.4964 55.1178 
-161.406 -6.46862 122.132 -161.311 -16.3135 98.6548 -161.309 8.0448 117.311 
-161.307 -17.6957 112.787 -161.285 -15.8887 84.1678 -161.251 -4.02646 107.589 
-161.244 -2.80368 61.9251 -161.203 -30.5292 45.7649 -161.187 -30.9759 30.1581 
-161.16 5.02802 132.139 -161.132 31.8654 25.992 -161.124 21.3766 32.7024 
-161.114 -16.1265 69.0995 -161.068 47.051 -303.944 -161.036 -43.9252 53.5187 
-161.026 -3.29766 46.258 -161.023 42.8967 17.7869 -161.019 9.70651 39.3518 
-160.981 -16.6209 53.6806 -160.97 -17.1392 38.08 -160.957 -29.93 61.0983 
-160.944 -17.3842 22.4957 -160.931 26.8394 12.1164 -160.928 11.1833 22.2452 
-160.921 -3.64143 30.5003 -160.909 51.7611 79.8301 -160.902 -3.6763 14.7383 
-160.901 7.25862 -332.406 -160.881 58.1892 23.7017 -160.876 10.0444 6.5194 
-160.85 32.6683 -328.427 -160.84 -4.22118 -0.725115 -160.817 -17.3513 6.94363 
-160.817 -30.936 14.5948 -160.813 22.7418 -2.17346 -160.81 -44.6095 22.2836 
-160.769 7.82832 -8.40517 -160.767 -29.3922 76.1449 -160.723 37.9783 87.8898 
-160.714 39.9305 -279.932 -160.67 38.4306 3.12329 -160.526 10.0682 101.942 
-160.49 -17.4208 -8.70209 -160.442 -5.25326 -16.0897 -160.416 -29.2437 90.6359 
-160.38 24.0487 95.3058 -160.347 20.0308 -16.8612 -160.289 -43.2311 68.5444 
-160.26 -29.3319 104.503 -160.218 4.03559 -235.395 -160.157 5.31699 -22.9335 
-160.148 -30.7345 -0.969727 -160.051 22.6928 111.438 -160 65.3801 71.3517 
-159.975 53.8744 8.45289 -159.947 34.9714 -11.4232 -159.78 -44.236 6.52723 
-159.58 -8.89754 -227.295 -159.523 -58.0039 45.9187 -159.442 16.688 -243.992 
-159.309 -59.4369 -255.776 -159.27 -58.2528 30.0062 -159.224 35.8856 120.272 
-159.13 -14.2153 -26.4389 -159.1 -30.6722 -16.5926 -159.052 37.0723 104.211 
-158.943 -34.6971 -226.534 -158.891 51.3009 96.1384 -158.775 -70.2149 -278.168 
-158.743 -42.5024 83.1705 -158.474 17.5305 -31.4164 -158.406 49.7142 -6.3658 
-158.401 -20.5437 125.223 -158.299 -47.327 -233.831 -158.206 32.1647 -25.9963 
-158.171 2.18447 -36.9729 -158.137 -78.0838 -301.272 -158.106 -29.6158 116.208 
-157.848 -21.9053 -219.493 -157.809 -57.6027 14.1915 -157.709 29.0018 -253.031 
-157.689 73.2084 29.5369 -157.673 -56.8071 61.2928 -157.645 -43.6836 -8.97837 
-157.475 76.8019 45.7761 -157.369 -10.2018 135.314 -157.094 -41.7896 97.1759 
-157.046 65.1637 87.4473 -156.977 33.4431 136.075 -156.973 50.0782 -290.795 
-156.843 68.7951 14.0291 -156.622 46.3635 -21.0766 -156.62 16.9761 141.478 
-156.518 -81.3629 -325.731 -156.411 -15.3567 -41.4721 -156.304 50.2972 112.249 
-156.293 -30.4642 -32.2055 -156.262 -44.8499 -337.644 -156.142 -5.87543 -334.99 
-156.071 55.4295 -314.866 -156.047 -59.5985 -241.39 -155.654 -56.714 -1.53126 
-155.598 -34.8978 -211.816 -155.567 78.1851 62.2473 -155.418 3.62553 -220.73 
-155.375 -70.699 -263.829 -155.246 -9.21802 -212.693 -155.178 -43.4016 -24.396 
-155.09 -55.9508 76.1453 -155.087 40.954 -262.088 -155.076 14.9125 -45.554 
-155.065 -47.5715 -219.222 -155.042 64.2017 -1.07801 -154.929 46.76 -327.298 
-154.735 -40.1443 110.991 -154.664 -0.433512 -50.9943 -154.467 29.4383 -40.1726 
-154.395 -22.1597 -204.77 -154.326 -79.7491 -286.985 -154.068 16.2029 -229.094 
-153.709 -69.7935 -333.748 -153.534 48.5986 127.917 -153.232 64.0176 103.49 
-153.228 -30.958 -47.3565 -153.165 -86.368 -311.328 -153.124 -16.5246 -56.3472 
-153.05 -55.6815 -17.1762 -153.016 0.956021 144.479 -152.901 -59.848 -226.878 
-152.899 -70.0218 37.8356 -152.823 -69.9749 21.9354 -152.794 42.9286 -35.1241 
-152.782 20.5021 -333.468 -152.601 51.6639 -276.757 -152.552 59.6137 -301.455 
-152.526 -35.0754 -197.002 -152.286 -43.431 -39.7839 -152.275 59.7699 -15.7377 
-152.244 77.869 78.0938 -152.17 -71.083 -249.36 -152.069 -53.9127 90.5002 
-151.806 -9.43347 -197.974 -151.791 -47.685 -204.456 -151.749 -33.2148 124.081 
-151.602 28.4193 -237.558 -151.535 -69.3195 6.09631 -151.443 -69.025 53.5425 
-151.413 -22.2412 -189.948 -151.315 3.27298 -206.149 -151.033 12.3832 -59.6229 
-150.895 -2.50388 -65.293 -150.846 -80.9099 -272.432 -150.659 -54.3554 -33.2157 
-150.247 -19.4618 -337.425 -150.246 -24.3028 135.274 -150.163 26.8347 -54.0406 
-149.908 -68.3915 -9.75089 -149.778 -60.0219 -212.143 -149.71 -31.6577 -62.2736 
-149.562 52.0218 -267.778 -149.437 -45.7847 -49.7248 -149.303 15.5551 -214.649 
-149.303 -71.552 -234.762 -149.209 55.4446 -30.2828 -149.138 -35.026 -182.231 
-149.104 -88.6685 -296.676 -149.078 -17.5403 -71.0469 -149.051 -57.9681 -338.533 
-148.631 -9.50171 -183.208 -148.63 62.5327 119.135 -148.534 -47.7169 -189.644 
-148.411 40.4471 -245.74 -148.238 61.6666 -288.16 -148.23 81.1858 20.4912 
-148.147 -67.2023 -25.6015 -148.111 76.7504 93.9128 -148.075 84.7171 36.2268 
-148.07 40.263 -48.725 -148.059 -22.2086 -175.16 -147.933 -66.955 68.4794 
-147.794 60.8841 -325.821 -147.65 2.97699 -191.539 -147.56 -81.7768 -257.816 
-147.319 77.0216 5.11055 -147.025 68.1262 -312.726 -146.981 -50.8572 104.845 
-146.949 33.9496 -333.329 -146.776 9.95266 -73.6793 -146.771 28.5201 147.062 
-146.694 -13.8001 144.082 -146.661 -4.40042 -79.5237 -146.587 -48.1384 -59.6656 
-146.48 86.6799 52.2031 -146.454 -60.0292 -197.349 -146.382 -93.0848 -322.356 
-146.371 27.6194 -223.169 -146.18 -71.7717 -220.064 -146.078 6.87344 -335.512 
-146.062 -65.5035 -41.7561 -145.802 -31.7825 -77.3631 -145.791 24.0882 -67.944 
-145.787 -83.198 -334.876 -145.759 -34.846 -167.445 -145.623 50.3787 -44.7737 
-145.497 -81.0393 -2.11893 -145.473 72.5394 -9.85334 -145.469 -9.3808 -168.406 
-145.458 44.5042 141.044 -145.416 -90.2549 -281.853 -145.326 -18.6789 -85.7662 
-145.256 -47.59 -174.856 -145.24 15.0694 -200.193 -145.167 -80.9557 13.708 
-145.075 -21.9097 -160.307 -144.87 -45.8908 -68.5317 -144.835 -80.6773 29.5444 
-144.722 -80.3006 -17.8805 -144.653 3.03301 -176.712 -144.564 -82.4523 -243.124 
-144.472 12.2136 150.179 -143.988 51.7127 -254.015 -143.707 87.1725 67.9048 
-143.616 62.2132 -275.34 -143.487 -63.8275 82.7626 -143.307 -79.0761 -33.6972 
-143.296 39.1217 -61.8689 -143.253 -6.15599 -94.0185 -143.244 -60.0182 -182.582 
-143.243 -62.4717 -58.6289 -143.218 -71.9641 -205.261 -143.064 -33.0154 -338.86 
-143.057 -97.0852 -307.338 -143.024 71.098 -298.851 -143.005 -79.3298 45.1235 
-142.963 7.77646 -87.9262 -142.809 67.8674 -24.4971 -142.495 -34.432 -152.63 
-142.477 -32.5359 -92.3033 -142.444 -19.8486 -100.558 -142.36 39.2889 -231.779 
-142.237 -9.05844 -153.604 -142.133 -47.308 -159.982 -142.089 73.9298 108.961 
-142.005 -91.5305 -266.924 -141.984 14.9215 -185.434 -141.936 -46.0356 -339.347 
-141.834 -44.3274 118.167 -141.699 -21.5381 -145.552 -141.647 -82.9655 -228.335 
-141.609 26.7848 -209.016 -141.472 21.4027 -81.839 -141.38 58.8154 132.741 
-141.297 -45.3676 -83.9963 -141.204 3.12724 -161.932 -140.645 -77.0593 -49.9226 
-140.554 -7.50581 -108.721 -140.531 -70.2275 -338.897 -140.483 47.6646 -332.862 
-140.338 -20.6584 -115.493 -140.191 -21.1823 -130.518 -140.167 -59.7959 -167.686 
-140.134 -34.0642 -137.626 -140.127 -33.1758 -107.347 -140.046 -71.9561 -190.439 
-139.993 -8.80507 -138.696 -139.967 -93.0579 -10.1442 -139.787 62.9552 -39.1408 
-139.783 86.1141 83.361 -139.669 5.77557 -102.233 -139.65 -76.9903 60.0819 
-139.6 -6.79361 -336.939 -139.501 -92.2637 -25.9161 -139.442 -26.0405 138.362 
-139.429 -2.66257 150.705 -139.362 -46.8354 -144.967 -139.331 -33.6801 -122.469 
-139.156 -8.35967 -123.677 -139.141 -59.2088 -75.3508 -139.104 -98.9542 -292.081 
-139.005 -92.6081 -251.961 -138.956 -92.7822 5.49398 -138.878 15.1194 -170.514 
-138.715 -83.3198 -213.52 -138.666 35.2953 -75.8016 -138.634 20.5906 -335.888 
-138.604 -45.7773 -99.1425 -138.567 73.6281 -324.645 -138.43 62.0547 -262.2 
-138.358 3.31386 -147.07 -138.283 -59.2627 96.3809 -138.183 72.0395 -285.27 
-137.908 50.6987 -240.394 -137.784 19.0083 -95.9171 -137.724 26.2846 -194.502 
-137.586 -46.424 -129.765 -137.577 -90.6053 -41.8968 -137.525 -59.4414 -152.601 
-137.381 -91.8416 21.1824 -137.321 -46.1242 -114.432 -137.168 4.36068 -117.032 
-137.081 38.1012 -217.933 -137.049 79.6232 -310.261 -137.046 -71.7957 -175.532 
-137.023 87.1543 11.632 -136.992 56.7703 -54.1981 -136.81 90.3366 27.1512 
-136.768 3.69151 -132.078 -136.623 -74.0442 -66.3903 -136.348 83.5173 -3.58759 
-136.084 -36.1049 129.87 -135.961 -93.3498 -237.046 -135.842 -96.0349 -332.472 
-135.743 14.9008 -155.646 -135.738 -100.691 -276.73 -135.705 -83.4304 -198.641 
-135.651 92.5624 42.6278 -135.626 -58.3939 -90.911 -135.53 71.0879 123.026 
-135.495 -59.0545 -339.435 -135.32 -103.834 -318.668 -135.046 -73.1553 74.2095 
-134.88 -58.8634 -137.46 -134.838 -89.7375 36.5799 -134.766 84.1265 98.4352 
-134.674 17.0647 -110.437 -134.641 38.6411 151.041 -134.543 32.187 -89.6264 
-134.427 79.1195 -18.3391 -134.303 25.991 -179.717 -134.127 22.6227 154.441 
-134.09 -71.5038 -160.599 -134.067 -58.413 -106.47 -133.922 -104.817 -18.1918 
-133.789 -88.1176 -58.1945 -133.772 -58.5556 -121.969 -133.638 50.4202 -69.0428 
-133.587 15.0269 -140.578 -133.493 93.6179 57.816 -133.306 -103.672 -33.9674 
-133.219 -93.9905 -222.086 -132.949 -104.8 -2.4628 -132.937 15.6618 -125.431 
-132.903 60.937 -332.139 -132.723 -15.9303 147.118 -132.608 71.6774 -271.641 
-132.603 -83.3167 -183.702 -132.552 61.3079 -249.128 -132.449 -101.979 -261.336 
-132.384 -53.2303 109.52 -132.34 81.149 -295.733 -132.289 36.9633 -203.83 
-132.236 -20.2274 -338.267 -132.195 -71.5076 -82.5384 -132.153 53.6623 144.48 
-131.938 74.4478 -33.0001 -131.834 49.0427 -226.872 -131.802 34.0167 -335.171 
-131.779 -106.651 -302.975 -131.465 25.8292 -164.671 -131.411 -86.9131 51.4908 
-131.324 -81.8328 -338.811 -131.284 -70.9939 -145.456 -131.055 6.87809 -336.489 
-131.055 29.3744 -103.988 -130.784 -101.408 -50.1592 -130.673 7.31535 155.454 
-130.53 -103.372 12.9259 -130.32 -94.3202 -207.11 -130.263 93.4064 72.7299 
-129.939 -47.3454 -339.644 -129.791 -68.1912 87.7398 -129.576 -82.9126 -168.727 
-129.547 45.6734 -83.0939 -129.441 -103.032 -246.079 -129.419 25.773 -149.366 
-129.236 69.4597 -47.6524 -129.186 -70.4538 -98.4862 -128.869 -70.2952 -130.035 
-128.74 -85.0213 -74.2156 -128.613 36.4395 -189.33 -128.564 81.5614 112.621 
-128.56 -70.3209 -114.204 -128.528 27.3702 -118.716 -128.483 -109.14 -287.107 
-128.323 85.0828 -322.513 -127.932 25.9609 -133.93 -127.423 66.7814 135.729 
-127.213 -100.822 28.0844 -127.166 -116.212 -26.3542 -127.121 -94.2025 -192.173 
-126.813 -82.8149 65.6286 -126.72 71.0737 -258.199 -126.704 81.0543 -281.749 
-126.697 -103.923 -230.936 -126.545 47.5637 -213.051 -126.468 -116.59 -10.515 
-126.443 -82.3435 -153.728 -126.27 63.9201 -62.2217 -126.116 41.8093 -97.4974 
-126.069 59.5699 -235.875 -125.974 -45.9249 121.68 -125.966 92.2645 87.5729 
-125.946 -27.5665 140.568 -125.795 -114.029 -42.3877 -125.656 89.2349 -306.577 
-125.52 92.4901 2.70102 -125.397 95.4685 17.9816 -125.302 36.1163 -174.477 
-125.159 -98.3267 -66.5327 -125.06 -110.717 -271.188 -124.69 88.8102 -12.2195 
-124.469 47.1615 -334.234 -124.281 73.5187 -331.216 -124.235 97.5429 33.3578 
-124.172 -5.43193 153.926 -124.137 -106.095 -328.778 -124.088 -82.7055 -90.4045 
-124.035 -62.0053 100.598 -123.919 -115.314 4.97326 -123.811 -93.8131 -177.244 
-123.746 -81.7521 -138.439 -123.741 -6.75132 -337.223 -123.728 -34.0622 -339.404 
-123.7 -104.282 -215.864 -123.598 20.5261 -336.322 -123.323 -97.13 42.9169 
-123.302 38.9641 -112.178 -123.267 -63.9175 -339.671 -123.226 36.2435 -159.181 
-123.031 -112.525 -314.012 -122.908 84.6228 -26.8964 -122.787 58.4827 -76.5112 
-122.448 99.0485 48.3286 -122.238 32.0819 158.286 -122.108 -81.3737 -122.643 
-122.071 -81.5182 -106.625 -121.998 -112.04 -255.372 -121.95 46.4086 -198.949 
-121.95 35.7797 -143.049 -121.812 -110.506 -58.1346 -121.772 36.6427 -127.217 
-121.614 -77.6195 79.1483 -121.518 47.5443 154.163 -121.441 78.184 125.996 
-121.234 -93.5371 -337.352 -121.123 16.399 159.934 -120.621 -104.374 -200.857 
-120.581 80.1238 -268.043 -120.489 -92.9751 -162.254 -120.434 -116.45 -298.443 
-120.417 90.2064 101.843 -120.373 89.6618 -292.193 -120.303 80.4607 -41.1591 
-120.063 -112.412 19.8962 -120.004 69.425 -245.021 -119.891 99.5159 62.5498 
-119.724 57.2033 -222.525 -119.503 53.8205 -90.87 -119.233 -113.146 -239.813 
-118.99 -95.3507 -82.8833 -118.92 -126.14 -34.8311 -118.679 -92.6437 56.9652 
-118.651 0.166991 157.77 -118.596 -127.624 -18.7537 -118.466 -37.6952 132.392 
-118.35 61.7132 147.305 -118.141 45.8838 -184.432 -117.81 -55.014 112.784 
-117.785 -92.4136 -147.054 -117.609 -17.6145 148.831 -117.549 75.2693 -55.4049 
-117.364 95.2521 -317.57 -117.172 -103.913 -185.959 -116.995 -118.79 -281.713 
-116.807 60.1398 -333.605 -116.731 50.2396 -105.633 -116.674 -122.789 -50.4926 
-116.642 -126.91 -3.10829 -116.45 -113.838 -224.691 -116.39 99.0016 76.8537 
-116.22 -20.3679 -338.358 -116.154 33.6995 -335.532 -115.907 -71.3114 91.9886 
-115.757 6.89362 -336.779 -115.662 -48.4606 -339.729 -115.499 -108.079 34.4392 
-115.383 -92.9636 -99.1951 -115.362 -91.9066 -131.437 -115.302 85.655 -329.311 
-115.25 -78.0245 -339.431 -115.181 46.2006 -169.752 -114.569 69.8837 -69.6973 
-114.537 -91.9471 -115.369 -114.487 47.1452 -120.694 -114.451 55.4427 -208.768 
-114.335 88.8892 -278.283 -114.027 87.4534 115.415 -114.023 96.7612 -6.32153 
-113.901 100.033 8.73853 -113.874 -103.286 -170.958 -113.87 78.5085 -254.744 
-113.793 -120.57 -264.56 -113.744 -108.164 -75.8275 -113.519 45.7481 -136.943 
-113.508 97.5677 -302.705 -113.484 5.00184 160.509 -113.393 -87.1568 70.4285 
-113.357 92.7075 -21.1786 -113.349 -113.941 -209.613 -113.254 73.793 138.317 
-113.084 -116.589 -324.756 -112.948 66.808 -231.88 -112.891 102.421 24.1213 
-112.807 -124.024 11.907 -112.751 -117.362 -65.3836 -112.635 47.3386 -155.152 
-112.016 88.175 -35.8345 -111.57 -122.445 -310.543 -111.528 97.2108 91.1781 
-111.481 64.5544 -84.0474 -111.249 -105.511 -335.336 -111.123 -122.049 -248.709 
-110.993 103.786 39.288 -110.977 -102.539 -155.844 -110.816 -47.1481 123.774 
-110.693 -28.7303 141.735 -110.439 -102.669 48.4198 -110.021 -113.623 -194.683 
-109.929 54.2403 -194.507 -109.803 40.8899 162.327 -109.768 -64.021 104.079 
-109.683 25.3886 164.258 -108.958 -136.472 -27.5193 -108.829 -125.527 -295.516 
-108.612 104.552 53.4366 -108.605 60.4156 -99.1749 -108.602 72.7127 -332.939 
-108.589 -101.918 -140.452 -108.544 -104.975 -92.495 -108.508 46.735 -334.444 
-108.488 50.9433 -142.893 -108.454 -122.956 -233.422 -108.449 -133.795 -43.2389 
-108.317 9.8367 163.248 -108.16 -34.0726 -339.351 -108.111 -6.68697 -337.224 
-108.109 20.317 -336.411 -107.998 55.6848 157.35 -107.857 -62.3293 -339.773 
-107.795 -7.34599 156.942 -107.655 -80.6264 83.1965 -107.628 -119.083 26.1649 
-107.549 86.7438 -264.975 -107.503 -137.104 -11.5756 -107.451 96.7917 -288.913 
-106.835 -102.655 -108.514 -106.808 -101.596 -124.577 -106.698 -127.16 -283.748 
-106.697 83.8992 128.27 -106.618 64.1707 -218.473 -106.556 -112.91 -179.781 
-106.449 96.912 -326.466 -106.28 54.1402 -179.943 -106.203 57.0763 -114.439 
-106.186 -90.5722 -338.915 -106.125 75.9938 -241.515 -106.034 -128.845 -58.4224 
-105.771 104.194 66.3709 -105.694 54.2316 -129.596 -105.68 103.508 -313.452 
-105.676 95.2654 104.927 -105.553 -123.257 -218.339 -105.085 -96.7175 61.7565 
-104.737 80.0493 -62.5447 -104.567 -128.792 -271.98 -104.383 -134.857 3.78871 
-104.261 87.6619 -46.782 -104.151 68.6641 149.748 -103.723 -121.963 -72.1828 
-103.588 -112.194 -164.654 -103.539 -38.825 133.821 -103.312 55.1052 -165.458 
-103.22 -56.1427 115.379 -102.71 94.7541 -30.5961 -102.635 74.1059 -76.9539 
-102.594 99.5707 -15.5209 -102.263 -113.15 39.9904 -102.224 103.208 -0.493334 
-102.219 -122.855 -203.344 -102.181 -19.5415 150.433 -102.124 -130.455 -256.875 
-101.832 102.892 80.4667 -101.617 -73.3082 95.4343 -101.375 61.9413 -204.649 
-101.288 -126.098 -321.858 -101.157 106.016 14.788 -101.146 -111.522 -149.458 
-100.879 94.8733 -275.448 -100.67 -116.609 -86.4853 -100.67 59.6799 -333.832 
-100.632 69.1186 -91.2376 -100.595 -116.297 -333.494 -100.408 33.4984 -335.527 
-100.399 57.1896 -151.422 -100.337 -20.1778 -338.214 -100.282 -47.6511 -339.711 
-100.244 6.87958 -336.816 -100.218 83.9492 -251.907 -100.143 84.5469 -331.63 
-100.114 103.907 -299.67 -99.798 -131.689 -241.967 -99.702 -130.159 18.1531 
-99.6743 -75.5815 -339.746 -99.4289 -90.216 74.6448 -99.4171 108.043 30.1986 
-99.4031 -131.127 -307.487 -99.3081 -111.189 -133.904 -99.0782 92.3467 117.973 
-99.0054 -122.348 -188.502 -98.5534 -113.195 -101.887 -98.5024 72.4006 -228.408 
-98.501 79.337 140.218 -98.3088 -111.553 -117.884 -98.0774 -143.275 -36.3846 
-97.7972 34.0316 169.204 -97.2996 18.6893 169.095 -97.2397 -139.269 -51.9036 
-97.1641 104.475 -322.962 -97.1003 -145.022 -20.5052 -97.0755 -134.027 -293.288 
-97.0691 -132.081 -226.965 -97.065 59.9566 -138.071 -96.9961 60.9714 -190.406 
-96.9067 108.833 45.177 -96.7514 101.135 94.5511 -96.7174 -106.465 53.1351 
-96.6962 48.8575 165.946 -96.5583 -102.243 -338.586 -96.3306 -47.9361 125.891 
-95.9494 -121.621 -173.469 -95.8832 3.2939 165.25 -95.6061 -30.5704 143.252 
-95.5794 62.8281 -123.595 -95.4376 66.415 -108.957 -95.3605 -65.3249 107.01 
-94.8468 -133.391 -66.5028 -94.8457 -136.473 -279.326 -94.809 -144.311 -4.75725 
-94.3604 108.432 57.0086 -94.1085 -123.712 31.7171 -94.0504 91.3703 -262.641 
-94.0463 -131.869 -212.049 -93.8815 62.5076 159.823 -93.6137 102.268 -286.292 
-93.445 61.3088 -175.936 -93.414 -120.941 -158.327 -93.3532 -82.6744 86.7197 
-92.6028 46.6169 -334.388 -92.5953 72.3767 -333.282 -92.5755 -138.42 -264.91 
-92.5752 -10.458 159.023 -92.4654 20.2724 -336.45 -92.4632 -33.4192 -339.312 
-92.4537 -6.50622 -337.218 -92.4152 -127.889 -80.969 -92.4112 69.0747 -214.968 
-92.3185 -60.8318 -339.794 -92.2379 108.402 -310.9 -92.1876 89.4861 -54.9623 
-91.9988 72.0076 -97.0409 -91.9036 82.9731 -69.7456 -91.5912 88.568 130.359 
-91.5363 95.6633 -39.7544 -91.3538 -120.233 -143.123 -91.2743 107.531 69.6065 
-91.037 -99.491 65.8537 -91.0345 96.0191 -328.703 -91.0091 77.2944 -84.0242 
-90.9788 100.928 -24.6847 -90.9601 -131.403 -197.247 -90.9088 -87.809 -339.68 
-90.8173 98.6269 107.969 -90.6473 80.6298 -238.565 -90.5616 -140.076 10.0521 
-90.4084 62.6248 -161.381 -90.3889 -139.887 -250.29 -90.3392 104.997 -9.71055 
-90.1424 -123.502 -95.7886 -89.9094 -120.25 -127.404 -89.3452 -121.299 -111.272 
-89.3243 -126.471 -331.122 -89.2165 73.9482 151.207 -89.1577 108.234 5.45217 
-89.0976 -39.7982 136.046 -89.0239 -135.027 -318.042 -89.0065 -56.995 118.108 
-88.2958 -116.372 44.7141 -88.0611 -140.632 -235.511 -87.975 -130.761 -182.321 
-87.3827 66.7054 -200.966 -87.3722 64.79 -147.241 -87.3463 110.509 20.885 
-87.2204 -74.6018 98.3492 -86.9763 -139.335 -303.51 -86.9576 105.906 84.0572 
-86.9549 -22.4317 151.954 -86.9253 99.105 -273.323 -86.6538 87.5414 -249.736 
-86.3856 -113.111 -337.761 -86.0398 -148.124 -45.292 -85.9095 108.574 -297.52 
-85.7295 26.9736 174.928 -85.5052 -130.226 -167.184 -85.4134 -140.705 -220.638 
-85.404 -150.731 -29.7658 -85.3487 -133.778 23.6916 -85.135 -92.0069 78.0486 
-85.1047 41.9928 173.361 -85.0101 -142.701 -60.5545 -84.9718 11.8237 173.114 
-84.9282 111.967 36.6021 -84.8541 67.3359 -132.812 -84.8058 -142.732 -288.74 
-84.722 59.6952 -333.818 -84.6419 33.5813 -335.55 -84.64 -46.5355 -339.699 
-84.591 -19.6189 -338.204 -84.5873 7.06709 -336.788 -84.1311 -73.6882 -339.807 
-83.9923 106.97 -321.903 -83.9736 94.7475 120.45 -83.8473 84.933 -331.86 
-83.3408 -129.551 -152.011 -83.3198 76.2591 -225.421 -83.2558 83.4429 141.593 
-83.2358 -150.983 -13.9753 -83.2325 65.9446 -186.521 -83.1772 70.3383 -118.194 
-82.8803 -137.243 -75.0865 -82.8226 -145.401 -273.982 -82.8223 55.9403 168.42 
-82.5574 -140.174 -205.934 -82.5437 -108.886 57.2568 -82.4852 -2.28951 167.955 
-82.4717 -48.5417 129.006 -81.8563 103.305 97.8777 -81.6818 -129.045 -136.749 
-81.4145 -99.1833 -339.465 -81.1799 74.7273 -104.546 -81.1623 -66.2782 109.738 
-81.1163 -132.904 -89.994 -80.7904 94.666 -260.828 -80.7803 111.3 55.9578 
-80.6919 -147.427 -259.155 -80.5098 -33.041 144.939 -80.4678 -129.329 -120.89 
-80.3038 -130.377 -105.242 -80.097 88.9485 -248.795 -80.0326 -148.108 1.13661 
-79.8011 66.572 -171.95 -79.8004 -126.458 36.6192 -79.6721 79.7142 -91.1791 
-79.6529 90.4284 -63.0105 -79.6211 -139.592 -191.166 -79.5329 84.7829 -77.4227 
-79.5102 96.1052 -48.4145 -79.2934 106.114 -284.371 -79.1746 -83.8192 89.6122 
-79.1259 67.8004 161.274 -79.0339 101.134 -33.6775 -78.5322 -148.481 -244.409 
-78.2209 105.424 -18.833 -78.12 -14.9473 161.113 -78.0436 111.849 -308.903 
-77.7759 -136.803 -327.979 -77.7406 72.4843 -211.671 -76.9802 109.009 -3.81172 
-76.9794 -138.913 -176.117 -76.7942 -59.5372 -339.792 -76.7484 -6.02041 -337.184 
-76.7465 68.1784 -157.219 -76.7295 46.8769 -334.32 -76.7284 -32.5724 -339.242 
-76.7129 20.5382 -336.283 -76.5984 -38.9445 140.695 -76.5949 -100.937 69.2797 
-76.505 72.7764 -333.241 -76.4186 -143.537 -313.814 -76.3053 109.644 72.9338 
-76.22 -148.93 -229.587 -76.088 99.4951 111.131 -76.031 -124.438 -337.358 
-75.9103 98.4264 -328.421 -75.6269 -142.886 15.4073 -75.5869 -85.6551 -339.79 
-75.5857 90.9354 131.289 -75.1213 111.743 11.4649 -75.015 -57.8709 121.105 
-74.9532 -138.46 -160.92 -74.4231 77.588 153.015 -74.2186 -147.607 -298.752 
-74.0511 70.3876 -142.33 -74.017 83.7152 -235.916 -73.9083 -118.274 48.8759 
-73.5881 -148.577 -214.787 -73.3639 19.9007 179.287 -73.1701 34.8884 179.503 
-73.1353 -75.4675 101.047 -73.1119 -150.052 -54.3461 -73.0889 -137.67 -145.778 
-73.0349 70.1055 -197.363 -72.8234 102.068 -271.617 -72.7223 -153.674 -39.1358 
-72.71 113.012 27.1863 -72.3599 -151.226 -283.708 -72.3105 -145.368 -69.1583 
-72.1735 5.2898 176.205 -71.7386 106.981 87.3771 -71.6465 -137.355 -130.451 
-71.5622 49.6227 176.432 -71.5222 73.1707 -127.478 -71.4701 -109.835 -339.499 
-71.3358 -27.7204 153.171 -71.2051 111.776 -295.848 -71.0693 -141.119 -84.0343 
-71.0447 -155.044 -23.7095 -70.7502 -147.847 -200.032 -70.7136 -137.868 -114.644 
-70.7047 -92.7853 80.9267 -70.6911 -138.989 -99.3354 -70.5854 -153.895 -268.711 
-70.4719 94.7527 124.874 -70.4635 -135.38 28.298 -70.046 110.708 -320.294 
-69.4915 113.283 43.7698 -69.4772 76.8338 -113.075 -69.3416 -8.12693 170.57 
-69.1407 69.4846 -182.712 -69.0488 -45.6085 -339.627 -68.9722 -49.2435 132.652 
-68.9402 -18.9805 -338.126 -68.884 7.5177 -336.757 -68.8302 60.2747 -333.619 
-68.8013 -72.2131 -339.807 -68.7925 33.9771 -335.214 -68.5253 -155.515 -253.735 
-68.2829 -153.501 -8.57635 -68.1918 86.7345 -331.403 -68.1597 -147.333 -185.011 
-68.0167 -110.003 60.8511 -67.9885 63.1243 169.302 -67.9841 78.4472 -222.589 
-67.8469 81.1268 -99.1757 -67.5282 86.2377 142.644 -67.3318 96.8898 -259.138 
-67.3195 95.9239 -57.0642 -67.259 90.7544 -71.2002 -67.1784 -67.1685 112.622 
-67.1463 85.7824 -85.2147 -67.0153 100.704 -42.6411 -66.8717 103.255 101.161 
-66.4189 -156.284 -238.796 -66.2045 104.954 -28.0066 -66.0821 -96.7022 -339.754 
-65.9426 -146.748 -169.859 -65.8115 70.1844 -167.791 -65.3214 -145.534 -324.115 
-65.2334 111.763 61.0642 -65.026 -127.317 40.6348 -64.8786 -134.699 -335.96 
-64.8556 108.518 -13.088 -64.8471 -84.4054 92.3423 -64.6614 -149.46 6.07907 
-64.5862 108.575 -282.847 -64.2134 -146.135 -154.727 -64.1835 -20.3316 163.628 
-63.9956 -156.255 -223.835 -63.5014 -151.109 -309.105 -63.3886 91.4032 -246.542 
-63.2839 115.289 -307.834 -63.209 -40.0922 144.607 -62.9994 111.682 2.02759 
-62.8154 74.4238 -208.414 -62.7797 71.8189 -152.556 -62.5705 -145.287 -139.676 
-62.0671 -101.445 72.4216 -61.9577 98.9891 114.868 -61.5845 -155.636 -293.908 
-61.4005 -58.6568 -339.775 -61.3798 -145.176 -124.324 -61.3526 -155.649 -208.922 
-61.3192 101.134 -328.284 -61.2512 -31.9324 -338.98 -61.1723 12.5096 183.444 
-61.1552 -58.7041 124.202 -61.1288 -5.4717 -337.131 -61.0082 -119.99 -339.538 
-61.0017 21.019 -336.177 -60.8945 109.399 76.269 -60.836 47.4812 -334.16 
-60.6501 27.3294 183.601 -60.6006 74.0927 -332.607 -60.5302 113.382 17.5865 
-60.4214 -1.91044 180.332 -60.3941 -145.153 -108.888 -60.3441 -150.907 -63.504 
-60.3208 -143.071 19.6501 -60.2901 -84.0856 -339.8 -60.0974 78.8851 155.598 
-60.031 -147.416 -78.4376 -59.9656 74.3462 -136.971 -59.8678 -145.822 -93.408 
-59.7868 -154.171 -48.6835 -59.6966 -158.988 -278.634 -59.4779 42.1228 182.12 
-59.1773 -118.595 52.6034 -58.9272 -75.992 103.75 -58.83 -155.095 -193.93 
-58.5758 72.0613 -193.721 -58.5182 103.635 -270.328 -58.3659 -156.554 -33.607 
-58.1832 85.3629 -233.568 -57.9314 -161.307 -263.424 -57.8144 93.7077 129.95 
-57.6136 77.7682 -122.032 -57.3594 113.574 33.6903 -57.336 -15.2701 173.833 
-57.1987 -31.7582 156.535 -56.583 56.4046 177.278 -56.4305 -154.432 -178.808 
-56.404 106.027 90.5848 -56.2396 114.081 -294.613 -56.0808 -156.448 -18.4498 
-56.0461 -92.9959 83.5979 -55.9317 -162.608 -248.254 -55.804 -106.428 -339.805 
-55.5123 81.5107 -107.629 -55.3793 -135.291 32.2831 -55.3136 -50.4796 136.3 
-55.2379 99.7973 -51.8569 -54.9448 71.3508 -178.828 -54.8766 112.97 -320.306 
-54.6558 -153.898 -163.657 -54.6496 95.4002 -65.7093 -54.4667 103.951 -37.3692 
-54.115 85.8458 -93.4173 -53.7469 -44.9656 -339.569 -53.7238 -162.906 -233.128 
-53.6986 -71.471 -339.807 -53.6743 112.732 49.7301 -53.5262 -18.4569 -337.782 
-53.4077 -144.85 -332.734 -53.4024 98.1998 -257.737 -53.3788 90.7574 -79.1932 
-53.3262 8.00922 -336.722 -53.2899 -109.803 63.9949 -53.1838 -154.219 -3.5354 
-53.0964 34.495 -334.993 -53.0576 88.2991 -330.942 -53.0388 107.552 -22.5479 
-52.9728 -67.762 115.397 -52.8822 -152.788 -148.644 -52.8587 61.1511 -333.44 
-52.6205 -153.265 -319.533 -52.5492 79.4243 -219.095 -52.0593 101.864 104.39 
-51.9425 87.6303 143.239 -51.6314 69.7362 168.215 -51.6159 71.9331 -163.604 
-51.5105 -152.058 -133.65 -51.3424 -26.5525 166.814 -51.3232 -162.659 -218.014 
-50.9525 110.378 -7.40571 -50.7502 -158.676 -304.344 -50.4862 -94.2406 -339.81 
-50.4609 -130.583 -338.893 -50.4497 -151.707 -118.503 -50.1651 -84.6118 94.8527 
-50.0193 -10.8487 184.513 -49.987 -126.512 44.163 -49.7348 109.697 -281.776 
-49.5509 3.92186 188.406 -49.5096 110.349 65.0656 -49.3647 -148.975 10.4073 
-49.2446 -151.157 -103.189 -49.2064 -42.0873 148.494 -48.7803 -161.888 -202.911 
-48.591 -162.741 -288.917 -48.5908 -151.285 -88.176 -48.4605 92.4377 -245.176 
-48.3574 112.517 7.96276 -48.3527 74.1133 -146.867 -48.1564 18.9029 187.656 
-47.9863 -151.98 -73.3599 -47.9796 74.8973 -204.589 -47.979 97.6102 118.127 
-47.815 116.433 -307.22 -47.2757 -154.569 -58.3607 -47.2078 -101.372 75.03 
-47.0011 -59.6881 127.407 -46.9858 -24.0095 176.787 -46.6366 33.5344 185.41 
-46.5786 -165.792 -273.376 -46.4627 -161.39 -187.797 -46.4477 -58.0695 -339.761 
-46.1326 102.281 -327.965 -46.1119 -31.4533 -338.771 -45.8232 -156.672 -43.4883 
-45.7527 -5.01227 -337.025 -45.6693 77.4043 -131 -45.4334 21.4921 -336.107 
-45.3786 -83.7197 -339.81 -45.3226 112.901 23.5952 -45.232 107.377 79.8422 
-45.2055 98.054 -61.8332 -45.1747 48.0444 -334.008 -45.1428 -141.94 23.4105 
-45.1065 -115.993 -339.766 -44.9929 75.031 -332.13 -44.802 81.1185 155.879 
-44.7963 -167.628 -257.889 -44.4286 47.934 182.469 -44.4239 -117.539 55.6495 
-44.3338 -160.543 -172.602 -44.2682 -76.2564 106.368 -44.1682 72.4912 -189.96 
-44.0464 104.516 -269.32 -43.7575 -157.437 -28.6294 -43.2562 102.325 -46.9863 
-43.2347 80.6847 -116.244 -43.0778 93.0554 131.399 -42.7881 -168.566 -242.61 
-42.5096 -159.57 -157.49 -42.1523 84.9023 -228.944 -41.8159 112.074 39.0846 
-41.6108 -154.12 -330.059 -41.4977 -35.0142 164.692 -41.3975 106.221 -32.1994 
-41.2301 84.5505 -101.768 -41.1246 -93.0903 86.001 -41.1034 -51.6796 139.749 
-41.1017 -156.189 -13.8828 -41.0921 103.738 93.9066 -41.0564 114.824 -293.832 
-40.9613 61.781 177.362 -40.9524 -158.369 -142.584 -40.8505 -21.0896 188.821 
-40.8044 71.4369 -175.43 -40.5838 -168.495 -227.357 -40.2798 -133.485 35.5391 
-40.1607 -141.392 -338.876 -39.8172 -157.96 -127.499 -39.6866 -160.387 -314.659 
-39.3298 114.182 -320.39 -39.3251 89.2053 -87.1493 -39.1337 108.991 -17.101 
-38.9619 98.9639 -257.023 -38.9303 -71.0311 -339.8 -38.9229 -44.5173 -339.474 
-38.5657 -100.978 -339.809 -38.5101 -5.91825 191.852 -38.4309 -156.683 -112.425 
-38.3947 -68.244 118.271 -38.3909 -18.0442 -337.541 -38.2757 -108.918 66.4021 
-38.1497 -167.899 -212.068 -38.0307 110.173 54.2471 -37.9718 -152.755 0.494535 
-37.9291 8.43463 -336.692 -37.7917 72.0221 -161.345 -37.6161 89.0403 -330.705 
-37.5179 34.9482 -334.858 -37.3242 78.7748 -214.604 -37.2847 -164.999 -299.058 
-37.2 -155.572 -97.5791 -37.1227 88.289 143.571 -37.0908 61.7766 -333.161 
-37.067 99.6572 107.625 -36.715 -32.9463 179.199 -36.4508 111.077 -1.88507 
-36.2935 94.8831 -72.1857 -36.1757 9.26683 190.936 -36.1645 72.978 -153.041 
-36.0536 -154.83 -82.9243 -35.9399 73.4432 167.8 -35.7523 -167.068 -196.853 
-35.2695 -124.503 47.2058 -35.2638 -84.6812 97.3011 -35.0872 -126.612 -339.794 
-34.9442 -168.669 -283.278 -34.9342 110.218 -280.952 -34.8557 -154.875 -68.2258 
-34.6494 -44.8548 153.318 -34.3867 93.8699 -245.812 -34.3207 -146.819 13.9867 
-34.2103 24.1788 188.996 -33.9612 107.612 69.1388 -33.6016 75.4589 -139.243 
-33.5151 -166.18 -181.628 -33.4514 -156.19 -53.4709 -33.4239 74.3473 -200.899 
-33.3895 111.769 13.465 -32.9188 -171.248 -267.383 -32.6749 -60.6109 130.552 
-32.642 95.7237 120.952 -32.3706 118.19 -307.007 -32.3211 100.23 -56.735 
-31.9316 38.5936 186.431 -31.7125 -57.6106 -339.723 -31.6969 -101.076 76.8509 
-31.576 -157.039 -38.8132 -31.5117 -165.054 -166.424 -31.2099 -31.077 -338.63 
-31.1613 78.441 -124.758 -31.0037 -172.689 -251.906 -30.8485 -83.9917 -339.809 
-30.7989 89.3786 -236.181 -30.6915 -31.2497 191.449 -30.6312 102.685 -327.965 
-30.5245 -4.64749 -336.902 -30.1737 -139.242 26.5273 -30.0539 111.12 28.7571 
-29.9944 71.7564 -186.856 -29.9707 21.8643 -336.085 -29.9128 104.136 -41.8789 
-29.9015 82.3372 155.683 -29.8876 -163.879 -151.479 -29.7569 104.437 83.6437 
-29.5152 -115.738 58.0677 -29.5081 -76.4241 108.957 -29.4788 48.5292 -333.887 
-29.4684 105.015 -268.757 -29.2471 -156.738 -24.2361 -29.2334 75.4986 -331.83 
-29.1409 52.7032 183.072 -28.9424 -172.869 -236.563 -28.8746 82.0884 -110.34 
-28.8357 -112.414 -339.809 -28.7653 -151.169 -337.291 -28.6605 -41.5877 168.016 
-28.6532 -161.026 -325.103 -28.4743 -162.707 -136.487 -28.3281 92.4286 131.659 
-27.5489 -15.7249 192.914 -27.4292 107.39 -26.952 -27.0848 -161.708 -121.259 
-26.9764 70.4721 -173.326 -26.7374 -172.623 -221.158 -26.7025 -53.6231 143.294 
-26.6316 86.4217 -95.7115 -26.5973 83.5533 -223.951 -26.4767 109.386 43.7798 
-26.407 -154.721 -9.8026 -25.8993 114.762 -292.983 -25.8848 -92.8356 88.0307 
-25.8594 -165.951 -308.947 -25.7518 100.861 97.6004 -25.7021 -130.688 38.4852 
-25.5596 -159.713 -106.374 -25.2793 65.4496 176.842 -24.7876 -137.319 -339.787 
-24.7579 -0.740135 192.066 -24.6726 109.593 -11.8426 -24.4305 99.7872 -257.166 
-24.4288 -171.568 -205.92 -24.3912 70.7735 -160.792 -24.3 -44.2166 -339.359 
-24.2778 -70.6703 -339.797 -24.2743 -158.091 -91.9952 -24.1743 91.3587 -80.993 
-23.9772 -41.129 180.757 -23.9448 114.504 -320.155 -23.8239 -68.6535 121.021 
-23.411 -17.7947 -337.467 -23.2643 -150.166 4.11852 -23.1628 88.4744 142.694 
-23.0741 -169.988 -293.349 -22.844 -156.696 -77.8045 -22.6754 107.037 58.5562 
-22.6626 77.6955 -211.283 -22.5937 8.70417 -336.609 -22.3801 14.0761 190.847 
-22.2639 -108.262 67.5984 -22.1665 -170.603 -190.62 -22.1212 -97.7099 -339.812 
-21.9501 35.3075 -334.782 -21.81 72.4219 -147.359 -21.6354 110.742 3.35267 
-21.6036 89.0525 -330.391 -21.4406 97.2489 111.564 -21.3643 62.1316 -332.855 
-21.3121 -156.061 -63.524 -21.183 96.9533 -66.2734 -20.8484 -121.752 50.0423 
-20.625 -48.7716 157.167 -20.5392 75.8144 167.337 -20.4926 -173.407 -276.71 
-20.3439 -84.3903 99.5591 -20.1175 -169.543 -175.398 -20.048 94.5152 -245.514 
-19.8983 28.661 189.434 -19.8706 -38.3663 190.677 -19.8631 110.192 -280.402 
-19.6653 -143.653 17.0835 -19.4858 -156.179 -48.925 -19.24 75.1024 -133.163 
-19.1031 73.3932 -197.72 -18.973 -123.812 -339.809 -18.6136 104.341 73.2111 
-18.518 -175.051 -260.86 -18.454 101.507 -51.555 -18.3688 110.313 18.5713 
-18.3229 -161.86 -333.976 -18.2963 -168.286 -160.345 -18.1757 -61.4488 133.43 
-17.3838 -156.115 -34.5552 -17.1669 117.495 -305.755 -17.1209 -57.3324 -339.693 
-17.0841 42.9459 186.834 -16.9029 78.4655 -118.896 -16.6682 -166.375 -145.479 
-16.6506 -175.463 -245.412 -16.5608 -25.0839 193.434 -16.4123 -30.9751 -338.366 
-16.073 -83.7253 -339.809 -15.9977 -100.429 78.1783 -15.9916 92.973 126.677 
-15.9116 70.3651 -184.022 -15.9082 88.8088 -233.384 -15.8219 105.178 -36.8125 
-15.7314 -112.766 61.3985 -15.6757 -136.042 29.4201 -15.3688 -4.52906 -336.83 
-15.3249 83.4623 155.274 -15.2127 -165.178 -130.216 -15.0459 -47.6783 171.726 
-14.9181 -154.774 -20.3031 -14.8907 108.712 33.5291 -14.7602 -76.274 111.33 
-14.7217 -175.33 -230.122 -14.6566 -166.444 -318.438 -14.5802 82.4644 -104.357 
-14.5493 22.0286 -335.785 -14.5388 103.155 -327.809 -14.4002 101.311 87.6487 
-14.3989 105.181 -268.176 -14.2993 -148.831 -339.86 -13.8788 56.8079 183.077 
-13.8314 48.7875 -333.669 -13.6901 -163.147 -115.132 -13.6608 -10.7376 192.194 
-13.2086 75.3534 -331.343 -13.069 68.9534 -170.372 -13.0031 107.779 -21.8466 
-12.6114 -174.506 -214.779 -12.3407 -55.2152 146.426 -12.3136 -110.223 -339.81 
-12.1839 -160.69 -100.49 -12.1654 87.1216 -89.7659 -12.08 -151.687 -6.30035 
-11.8933 82.4943 -220.981 -11.5467 -127.41 41.4939 -11.3347 -170.027 -303.699 
-11.2279 106.449 48.2668 -10.9611 3.75412 191.342 -10.7882 -92.0649 89.9116 
-10.7851 -158.726 -86.5248 -10.6199 114.536 -292.006 -10.3745 69.4072 -156.382 
-10.3445 -173.259 -199.592 -10.2517 88.2216 141.919 -10.2243 -46.4754 186.357 
-10.02 98.3642 101.951 -9.98853 109.48 -6.80198 -9.87667 69.1701 176.588 
-9.58569 -70.3223 -339.785 -9.57656 92.6334 -75.3862 -9.5414 99.8259 -255.784 
-9.52641 -44.1235 -339.216 -9.30438 -157.09 -73.0301 -9.19879 -117.271 55.1985 
-9.17342 -68.5076 123.298 -9.07909 117.852 -318.347 -8.95503 -146.803 7.3388 
-8.77846 -135.85 -339.816 -8.37562 -17.808 -337.24 -8.24518 18.3519 190.67 
-8.21292 76.6823 -208.09 -8.19238 -172.615 -184.406 -8.11723 -173.62 -286.947 
-7.71464 71.515 -142.035 -7.53545 -156.116 -59.1867 -7.30466 104.075 62.9231 
-7.26996 8.74219 -336.439 -6.9445 -96.6163 -339.812 -6.9165 98.012 -61.0655 
-6.77955 -161.462 -338.145 -6.76385 109.593 8.36483 -6.61696 -51.8295 160.812 
-6.39112 35.4396 -334.501 -6.28633 -171.477 -169.293 -5.79808 -34.9571 192.315 
-5.74308 -176.015 -269.391 -5.63849 -155.545 -45.0766 -5.62615 95.0162 116.086 
-5.5851 -107.784 67.8461 -5.55827 62.0558 -332.479 -5.50558 -140.244 20.1747 
-5.43511 -83.7068 101.581 -5.36904 32.8822 189.372 -5.25013 74.4926 -127.676 
-5.16216 94.0365 -243.263 -4.82133 88.0709 -330.163 -4.79844 72.0112 -194.531 
-4.788 78.261 166.194 -4.6026 -169.781 -154.314 -4.59522 109.862 -279.139 
-4.21909 102.205 -46.5819 -4.04022 -176.318 -253.834 -3.60203 -61.4512 135.745 
-3.42246 -165.885 -326.741 -3.40085 -154.477 -30.8895 -3.38912 108.437 23.4301 
-3.17289 101.783 77.5031 -3.08018 -167.777 -139.22 -2.81027 78.0973 -113.111 
-2.60508 -122.713 -339.803 -2.60225 -20.9641 191.943 -2.57058 108.911 -323.29 
-2.30079 -57.2206 -339.66 -2.30025 -176.247 -238.566 -2.29294 47.3392 187.154 
-1.90373 -83.3273 -339.807 -1.86518 117.66 -303.968 -1.77478 -132.724 32.7442 
-1.7733 68.7361 -180.634 -1.53905 -165.681 -124.002 -1.49528 -31.0671 -338.113 
-1.45026 105.43 -31.8647 -1.35744 91.5245 130.158 -1.11287 87.6953 -230.671 
-1.06835 -51.4981 176.567 -0.911891 -99.1241 79.8675 -0.85203 -152.632 -16.7404 
-0.429615 -175.887 -223.478 -0.36961 82.3264 -98.5168 -0.246804 -4.65509 -336.803 
-0.03131 -163.001 -109.061 0.031488 -75.6901 113.453 0.167682 -169.316 -313.6 
0.241549 106.424 38.2263 0.274644 -148.551 -339.826 0.295209 -6.68726 191.345 
0.699914 104.616 -266.428 0.867538 22.0229 -335.46 0.931567 83.8116 154.671 
1.00346 67.8932 -166.263 1.03526 61.4631 183.535 1.10508 99.363 92.0599 
1.41788 -160.179 -94.6652 1.56959 107.674 -16.9599 1.77055 -174.766 -208.384 
1.82398 48.71 -333.341 1.99145 -149.214 -2.79512 1.99779 -124.196 45.0118 
2.05725 -55.6985 149.011 2.17191 87.8322 -84.3008 2.22281 87.6565 143.286 
2.69624 81.0828 -218.026 2.90582 -157.924 -81.0006 3.04418 74.7267 -331.065 
3.18674 7.85697 190.853 3.3785 -172.49 -299.873 3.73301 69.1148 -151.678 
3.93793 99.9689 -328.232 4.13652 104.246 52.9057 4.14349 -90.9807 91.7949 
4.19026 -173.786 -193.405 4.46673 -156.239 -68.0933 4.65233 -44.368 188.032 
4.66756 -109.495 -339.808 4.72672 108.705 -1.88721 4.768 93.6431 -70.3515 
4.83018 113.83 -290.595 4.94793 -70.2596 -339.778 5.05754 72.5879 174.883 
5.15353 -144.282 10.7293 5.29415 -174.207 -291.567 5.34135 96.6646 106.44 
5.35771 -115 57.4968 5.41524 99.0231 -253.501 5.46591 -67.7441 125.325 
5.51124 -44.2271 -339.275 5.8156 118.172 -315.931 6.11715 -96.3409 -339.811 
6.14462 22.4669 190.011 6.17873 -173.221 -178.338 6.20949 -155.352 -55.3487 
6.2693 75.0139 -204.843 6.41318 71.4963 -137.038 6.6897 -18.0362 -337.206 
6.69924 -160.205 -333.93 6.78243 -135.568 -339.732 7.19747 -175.908 -277.423 
7.38182 98.7831 -56.2928 7.86906 -53.4561 163.867 7.89268 -171.907 -163.267 
7.98378 8.58773 -336.359 7.99016 108.656 13.3679 8.20093 102.611 67.5789 
8.22771 -154.504 -41.657 8.57401 -137.527 23.6077 8.58208 80.174 163.175 
8.71401 -176.547 -261.882 8.76777 -31.1292 191.073 8.85548 74.9676 -122.442 
9.15897 35.2997 -334.189 9.19419 37.1017 188.724 9.23422 -106.01 69.7174 
9.30499 -169.921 -148.167 9.35215 93.8604 120.468 9.35699 -82.834 103.639 
9.53116 70.4668 -191.011 9.71877 92.8645 -240.595 10.0374 -176.435 -246.595 
10.1184 102.641 -41.8873 10.2997 61.6308 -332.143 10.633 -153.069 -27.3901 
10.6958 109.013 -277.387 10.7655 -167.469 -132.986 10.9686 -60.3784 137.622 
11.2425 -166.708 -322.864 11.3824 78.6645 -107.748 11.5232 -176.056 -231.392 
11.5597 107.319 28.3984 11.8443 -16.9752 191.01 11.9254 86.9316 -330.005 
12.1404 -130.165 36.2814 12.1452 -83.3224 -339.808 12.2338 -164.881 -117.895 
12.3023 51.8593 187.241 12.3497 100.838 82.2632 12.5023 68.3984 -176.47 
12.6316 -57.4008 -339.689 12.9356 90.5777 134.295 13.1139 105.818 -27.3198 
13.2265 -151.07 -13.0569 13.259 110.677 -324.911 13.472 116.956 -302.337 
13.5719 -31.3746 -338.253 13.6081 -175.16 -216.565 13.6364 86.2827 -227.767 
13.6925 -161.691 -102.991 13.8497 -97.7832 81.9722 14.0025 83.7989 -93.491 
14.2075 -122.558 -339.769 14.342 -51.2176 179.733 14.6912 -2.59622 190.64 
14.7122 -74.6004 115.372 14.9 -148.924 -338.497 14.9039 -4.94576 -336.841 
15.0619 -170.685 -310.215 15.2052 68.6066 -161.787 15.2066 -158.576 -88.1807 
15.3529 65.6841 182.331 15.3813 86.696 147.688 15.4615 105.605 43.1683 
15.7807 103.58 -264.199 15.877 -121.849 48.4885 16.1604 -147.569 0.887024 
16.3004 107.984 -12.3705 16.3299 21.7993 -335.314 16.3635 98.7155 96.6623 
16.6106 89.5729 -79.6476 16.6813 -55.0619 151.002 16.7619 -174.045 -202.364 
16.7995 81.7687 160.337 17.2474 -155.832 -70.9856 17.2908 79.6642 -214.705 
17.5172 11.9396 189.777 17.5316 48.3004 -333.089 17.7952 75.4183 171.973 
17.9336 70.3645 -147.031 17.9388 -173.393 -297.756 18.8273 -89.7726 93.9533 
18.9113 -96.4833 -339.81 19.0124 95.1768 -65.9635 19.1534 74.0909 -330.871 
19.3153 -142.389 14.4093 19.3527 109.159 3.10057 19.4046 -173.502 -187.815 
19.5358 104.379 57.8985 19.6785 -113.122 60.5243 19.6838 -70.5308 -339.785 
19.7306 -154.318 -53.2423 19.8005 -40.6109 187.884 20.0432 -175.364 -284.578 
20.1243 -66.2996 127.026 20.1493 113.077 -288.772 20.3263 96.3714 110.935 
20.3763 97.8283 -250.905 20.5394 26.6146 188.746 20.574 -44.6292 -339.35 
20.5825 73.6402 -132.42 20.7162 73.9519 -201.144 20.9155 -172.793 -172.566 
20.9946 98.874 -328.196 21.3125 -160.127 -331.441 21.5293 99.9349 -52.0997 
21.5498 118.618 -314.896 21.6303 -176.266 -269.847 21.7946 -18.4942 -337.303 
22.0954 -153.989 -38.3233 22.2055 -171.163 -157.346 22.4406 -135.932 -339.462 
22.5693 108.994 18.6969 22.6623 -176.299 -254.497 22.7193 -135.817 27.3642 
23.1418 77.2885 -117.812 23.1541 -52.5055 165.308 23.2447 8.16109 -336.349 
23.4137 -27.0847 190.101 23.4142 -168.733 -142.131 23.4173 -175.689 -239.002 
23.5395 103.102 72.5642 23.6167 41.3716 188.045 23.8468 70.5126 -186.791 
23.8731 -104.589 72.5368 23.9542 93.5616 125.097 24.0596 -81.5256 105.7 
24.2991 -174.859 -223.63 24.5145 -109.7 -339.8 24.522 91.5533 -237.746 
24.5426 103.877 -37.9406 24.5996 -152.738 -23.5811 24.6632 -166.135 -126.941 
24.7495 34.7527 -333.941 25.5892 -58.7589 139.061 25.8998 108.191 -275.209 
25.9667 81.676 -103.396 26.0048 -163.186 -111.856 26.097 60.9747 -331.775 
26.2444 -167.021 -319.688 26.2775 -128.462 39.9869 26.415 -12.8257 190.252 
26.4561 107.932 33.6694 26.6032 -83.7659 -339.81 26.6446 69.667 -172.078 
26.6626 56.1238 186.057 26.6793 -173.875 -209.138 26.8983 90.0633 139.187 
27.3189 -150.778 -9.0454 27.4241 -159.466 -96.7432 27.4661 101.411 87.1313 
27.5787 -57.8991 -339.677 28.0429 107.053 -23.3732 28.1518 86.3844 -329.613 
28.3148 84.9916 -224.581 28.5419 -96.2493 84.3686 28.6603 -31.9606 -338.387 
28.8823 85.3975 153.302 28.964 86.8214 -89.355 29.0806 117.316 -300.77 
29.1052 -156.32 -81.0561 29.1515 69.3903 179.507 29.1986 1.63136 189.336 
29.3176 70.6381 -157.343 29.4858 -73.0775 117.215 29.6041 111.028 -324.793 
29.789 -149.308 -337.289 29.9558 -170.673 -306.312 29.9971 -120.194 52.0816 
30.0406 78.6999 167.464 30.0477 -5.58045 -336.771 30.1447 -47.8302 179.068 
30.2882 -146.968 5.02493 30.3855 91.9384 -75.9332 30.5148 107.193 48.4341 
30.7796 109.397 -7.47738 30.8114 -123.019 -339.734 30.8689 102.572 -261.625 
31.1496 -154.197 -65.0454 31.3441 -52.9828 151.877 31.4014 99.3921 101.548 
31.6817 21.0904 -334.973 31.7853 78.7523 -211.093 31.9379 97.0178 -62.6063 
31.9925 16.1957 188.42 32.0241 73.2605 -142.697 32.6675 -173.164 -292.39 
33.2242 -96.9842 -339.811 33.2359 47.5191 -332.797 33.2451 110.529 8.99318 
33.497 -141.225 18.3984 33.5219 -153.964 -49.385 33.5547 -88.1155 96.1715 
34.0089 -111.653 63.9221 34.4775 106.146 63.0807 34.53 -71.1913 -339.789 
34.6701 -175.142 -277.774 34.7666 76.6841 -128.113 34.8434 -64.8021 128.603 
34.9357 30.8514 187.858 35.0067 73.4318 -330.57 35.023 74.0217 -196.931 
35.0355 96.9154 116.023 35.0559 -172.24 -182.424 35.0765 -36.3446 186.936 
35.2385 96.5117 -248.067 35.3174 -172.863 -198.669 35.4177 101.664 -48.7646 
35.5503 112.537 -286.75 35.6653 -45.3568 -339.238 35.6956 -175.71 -262.508 
35.7204 -170.996 -166.792 36.0271 -154.23 -34.0917 36.1488 -160.327 -329.128 
36.2324 -175.183 -246.89 36.2606 -173.389 -215.288 36.4207 -174.448 -231.246 
36.6121 -169.033 -151.47 36.8625 -134.536 31.2937 36.8937 -19.3621 -337.274 
36.9528 110.388 24.4269 37.1559 98.6651 -327.587 37.5611 -166.562 -136.186 
37.7705 119.077 -314.071 37.8394 -136.533 -339.268 37.8528 80.6077 -113.614 
37.902 45.5793 186.929 37.9707 71.7939 -182.334 38.0164 -48.22 164.564 
38.0487 108.976 -14.4855 38.083 93.5238 130.292 38.1698 -22.5017 189.031 
38.3181 104.764 77.5836 38.3892 7.22488 -336.04 38.4266 -102.999 75.4368 
38.6273 -153.237 -19.2257 38.6442 -163.829 -120.973 38.9135 -79.5851 107.514 
39.2995 90.0224 -234.641 39.5869 -110.345 -339.795 39.691 105.473 -34.7823 
39.7618 -160.362 -105.857 40.1373 33.8504 -333.71 40.138 93.4647 -73.498 
40.2873 -56.8074 139.936 40.3878 -126.931 43.7446 40.6732 71.4479 -167.651 
40.7352 89.2886 144.482 40.7388 60.2262 183.833 40.8267 -8.28852 188.784 
41.1455 -157.076 -90.5804 41.1481 110.252 39.0454 41.1707 107.108 -272.566 
41.3366 -166.629 -315.933 41.3764 -84.5164 -339.81 41.4283 -150.656 -4.71404 
41.7929 84.9003 -99.138 41.8567 60.107 -331.399 42.2492 102.994 92.2214 
42.2987 82.5267 160.289 42.5144 72.4694 175.185 42.614 -58.7745 -339.672 
42.9247 -154.427 -74.9671 43.0049 83.5525 -221.056 43.1246 111.047 -0.224722 
43.2403 -94.5514 86.9179 43.3836 73.1031 -153.002 43.5363 6.03338 188.057 
43.8256 -32.9586 -338.226 43.9915 85.7596 -329.14 44.1724 -118.51 55.5996 
44.2426 -71.0319 118.621 44.4057 -146.322 9.2419 44.7118 -149.695 -335.594 
44.9551 116.774 -299.371 44.9869 -41.9317 176.241 45.1076 -153.671 -59.5496 
45.1138 -169.773 -300.914 45.1863 109.638 53.6263 45.1875 -6.76822 -336.63 
45.3178 108.556 -21.4936 45.445 98.7788 -59.4592 45.8402 101.109 -258.615 
45.9439 110.695 -323.868 46.0537 100.767 106.94 46.0759 -49.604 151.517 
46.1044 -123.842 -339.672 46.2345 76.0372 -138.436 46.2641 78.0575 -207.016 
46.2948 20.4545 187.289 46.7968 19.9866 -334.609 47.1326 112.081 15.0349 
47.5408 -172.159 -285.766 47.5517 -140.535 22.6135 47.5642 -154.474 -44.2919 
47.661 89.8004 -84.4861 47.9903 -97.8332 -339.809 48.3709 -85.8604 98.031 
48.3879 -109.715 66.9932 48.6665 46.5162 -332.566 48.9425 -173.587 -270.315 
48.9608 -170.335 -191.555 49.1055 34.9557 186.303 49.1228 -169.143 -175.905 
49.1484 108.453 68.2566 49.235 74.4572 -192.514 49.2818 -171.037 -207.494 
49.2821 97.5738 121.484 49.4209 -173.453 -254.736 49.4828 -72.1734 -339.796 
49.5402 79.417 -123.871 49.5599 -171.941 -223.402 49.5874 -172.778 -239.167 
49.5886 -62.3989 129.47 49.7227 -167.38 -160.499 49.8941 -30.7389 184.372 
50.085 -154.986 -29.2541 50.1086 94.6299 -244.837 50.336 103.094 -45.6236 
50.5255 -165.252 -145.336 50.6987 72.5336 -330.342 50.7908 -46.4522 -339.179 
50.9141 -133.385 35.3131 51.4074 111.453 -284.186 51.4849 -162.911 -130.159 
51.5127 -160.258 -325.489 51.5454 112.694 29.7162 52.0152 49.6684 184.828 
52.0363 72.8726 -177.867 52.0677 -20.6079 -337.114 52.1835 -42.1075 162.455 
52.1877 93.28 135.535 52.4156 110.769 -9.07838 52.4229 -160.105 -115.098 
52.7274 -153.899 -14.4556 52.744 -16.8354 187.022 52.7781 -137.619 -338.301 
52.9822 -100.873 78.0238 52.9919 106.916 82.8692 53.0427 98.066 -327.228 
53.4301 -157.077 -99.9735 53.5208 5.93101 -335.717 53.5784 82.7741 -109.258 
53.738 -77.0832 108.864 54.0917 117.605 -312.463 54.1315 87.7932 -231.074 
54.3255 87.9112 149.054 54.4639 -111.372 -339.765 54.4655 -125.201 47.3396 
54.5402 63.8834 180.296 54.5735 94.9381 -69.9876 54.752 -154.331 -84.7112 
54.772 72.9419 -163.236 55.0446 -53.603 140.057 55.0583 -3.44018 187.118 
55.3046 32.6772 -333.538 55.3372 81.9551 160.362 55.5453 -150.828 -0.087022 
55.5788 74.6624 170.543 55.7539 112.909 44.2709 55.9084 106.617 -31.9878 
56.2548 -85.6849 -339.81 56.3333 105.38 -269.529 56.8105 -153.177 -69.2652 
56.8681 104.932 97.7227 57.1819 112.783 5.43387 57.3588 59.0262 -331.191 
57.4144 -164.954 -309.558 57.5452 10.1161 186.537 57.5953 74.9267 -148.692 
57.6672 81.627 -217.08 57.6903 -59.9429 -339.693 57.9443 -92.1681 89.0007 
58.1849 -33.7067 172.3 58.4248 -116.331 58.7314 58.4785 -146.34 13.8402 
58.6418 86.6413 -94.6549 58.9601 -34.2596 -338.007 58.9802 -68.2005 119.399 
59.2233 -154.042 -54.1323 59.4331 -150.817 -333.105 59.6564 84.9298 -328.937 
59.8727 112.118 58.9098 60.1639 99.5862 -56.0124 60.2695 24.3241 185.309 
60.3611 -8.15954 -336.446 60.4489 101.819 112.622 60.5868 -167.653 -293.558 
60.6493 -44.6929 150.556 60.6618 76.9936 -202.69 60.7027 98.9136 -255.318 
60.7869 -125.166 -339.529 60.8707 77.6171 -134.126 61.6201 115.552 -296.363 
61.6613 -139.427 26.7385 61.7099 -155.317 -39.1909 61.7905 -165.838 -183.839 
61.8133 114.117 20.0369 61.8275 109.628 -18.4544 61.9553 18.6539 -334.347 
62.0088 -166.791 -199.47 62.1128 110.267 -323.634 62.16 -164.495 -168.672 
62.2149 -169.148 -277.816 62.4805 -167.815 -215.23 62.6856 -169.62 -246.507 
62.7722 -169.797 -262.054 62.7729 -107.27 69.6545 62.8112 -99.2243 -339.806 
62.8654 -168.821 -230.862 63.2305 -83.2464 99.5684 63.2559 -162.335 -153.96 
63.2731 38.9481 184.266 63.4235 -23.1586 179.932 63.427 74.3392 -188.05 
63.5512 97.4985 127.054 63.9005 110.86 73.5989 63.9212 45.2616 -332.342 
64.2676 -155.599 -24.3604 64.2985 -160.087 -139.138 64.3175 90.8951 -80.3015 
64.3526 -59.1178 129.796 64.5168 -73.4589 -339.798 64.7989 80.3974 -119.497 
64.9888 -131.412 38.8778 65.0092 91.8737 -241.222 65.2028 -157.955 -124.163 
65.7833 103.458 -42.2543 65.8791 -155.532 -109.106 65.8831 -47.8621 -339.171 
66.1061 53.5349 181.485 66.1681 71.465 -330.108 66.1711 73.2062 -173.391 
66.2033 91.9845 140.822 66.3329 -35.6123 160.387 66.3865 114.94 34.696 
66.8853 -153.055 -93.9113 66.9021 -154.064 -9.75418 66.9093 -8.93944 183.782 
67.0633 109.307 -280.36 67.1251 -139.241 -337.811 67.1851 -22.0194 -336.966 
67.2069 112.098 -4.34338 67.5095 -98.3035 80.3373 67.8119 108.968 88.4399 
67.871 85.1481 153.45 68.0009 66.6354 174.614 68.4789 -0.697732 183.889 
68.4843 -74.1885 109.859 68.5197 77.0489 164.599 68.5587 -151.97 -78.7363 
68.6365 -122.729 50.4585 68.6599 4.44367 -335.44 68.9009 97.4387 -327.084 
68.9358 73.5588 -158.826 69.034 84.9919 -227.186 69.1689 -112.978 -339.735 
69.1983 83.0746 -104.832 69.6593 -150.631 4.464 69.77 95.3424 -66.3001 
69.8652 -49.7611 139.933 70.0932 117.82 -312.729 70.4658 -158.444 -316.976 
70.5125 31.3189 -333.31 70.6773 115.013 49.3181 70.9063 -152.675 -63.6869 
71.1646 13.3564 183.481 71.2406 102.906 -266.063 71.2523 -87.1277 -339.809 
71.3823 -151.708 -329.993 71.4659 107.067 -28.4448 71.5854 105.658 103.411 
71.6309 -25.9214 168.707 71.9253 75.2536 -144.319 72.2454 114.26 10.0575 
72.2456 79.3811 -212.787 72.5708 -145.08 17.9411 72.5986 -89.2174 90.7276 
72.6762 -113.417 61.3668 72.7127 57.7958 -330.932 72.7538 -61.4642 -339.679 
73.2532 -160.317 -175.584 73.4736 -154.83 -48.9263 73.647 -161.248 -300.266 
73.7659 -64.8958 119.923 73.8306 -161.001 -191.162 74.029 -35.7854 -337.909 
74.0906 86.341 -90.4616 74.3289 115.849 -302.436 74.3873 -158.436 -161.167 
74.4592 28.1498 183.069 74.6744 -161.839 -206.749 74.8485 113.986 64.1117 
74.902 101.637 118.192 74.9095 75.4955 -198.209 75.143 -127.167 -339.205 
75.2055 83.8788 -328.54 75.2945 99.3235 -52.3552 75.4243 -39.6779 149.715 
75.4248 -163.288 -222.262 75.4274 -164.265 -237.809 75.4328 -9.63252 -336.267 
75.5064 95.8122 -251.677 75.5386 77.3264 -129.741 75.5453 -164.824 -253.304 
75.6327 -137.678 30.4753 75.6628 -163.027 -284.418 76.0331 -156.403 -34.1616 
76.0747 -164.309 -268.8 76.5962 -14.1418 174.851 77.0024 115.413 24.6697 
77.1032 17.0446 -334.126 77.1337 110.128 -14.4406 77.1409 -104.16 71.9044 
77.5768 73.1857 -183.545 77.595 43.108 181.391 77.6581 -100.949 -339.791 
77.9103 96.1421 132.494 77.9336 -80.1279 100.868 78.0157 109.709 -323.38 
78.1021 112.071 -290.364 78.5033 -153.098 -133.477 78.5362 -156.597 -19.4394 
78.629 -151.527 -118.106 78.892 112.054 78.9478 79.0537 -128.649 41.9165 
79.0687 -149.883 -102.867 79.1788 -55.4305 129.908 79.1882 43.8456 -332.008 
79.2231 90.3307 -76.4245 79.5364 79.5111 -115.182 79.5943 -75.087 -339.789 
80.0946 89.0317 145.893 80.2583 57.7549 177.416 80.2794 72.2798 -168.921 
80.2865 -153.933 -149.87 80.3531 -149.188 -87.8471 80.5859 88.2131 -237.219 
80.7904 -29.0587 158.48 80.9259 103.128 -38.5356 80.9306 -49.5295 -339.013 
80.9778 -153.972 -5.12741 81.148 1.74461 178.771 81.3018 80.4745 158.016 
81.4199 70.1999 168.7 81.4962 -141.452 -334.471 81.5861 116.115 39.3528 
81.6086 70.1842 -329.762 81.9623 106.25 -276.552 82.0117 -95.0815 82.2669 
82.2235 -23.6158 -336.915 82.3899 112.672 -0.118771 82.4055 -149.88 -73.0144 
82.7645 -119.273 52.9397 82.7709 108.967 93.8987 82.9813 72.5578 -154.381 
83.2336 -70.8424 110.619 83.4593 -153.528 -167.065 83.4594 -115.176 -339.582 
83.6665 -149.177 8.53168 83.7423 81.6618 -100.678 83.7606 2.78066 -335.158 
84.0618 81.477 -222.814 84.3802 96.219 -326.488 84.5541 94.6398 -62.6328 
84.5763 -153.98 -182.722 84.6215 -45.2237 139.459 85.1169 -152.347 -58.3867 
85.1755 99.4054 -262.426 85.1887 -149.917 -320.698 85.3637 17.2287 180.607 
85.4417 116.519 -312.438 85.6875 29.6092 -333.122 85.7268 -154.449 -198.304 
85.7623 -18.2236 165.617 85.9186 115.574 54.1098 85.938 73.4922 -139.896 
86.0045 -154.12 -305.263 86.213 -88.9924 -339.806 86.2693 105.025 108.84 
86.4812 -142.53 21.354 86.5724 76.396 -208.301 86.5955 106.69 -24.7363 
86.8526 -155.587 -213.696 86.8707 -109.734 63.4481 87.0052 -158.345 -244.165 
87.2549 -85.8664 92.2042 87.4066 -157.28 -228.891 87.5354 114.565 14.3461 
87.6762 -155.943 -290.015 87.7675 -63.3047 -339.611 87.8928 -155.145 -43.8396 
88.1047 56.296 -330.771 88.1346 -158.242 -259.603 88.4305 84.6984 -86.5335 
88.6274 -61.2549 120.144 88.8706 -129.617 -337.549 88.9371 72.8285 -193.732 
88.9935 32.527 180.455 89.0197 -37.5121 -337.746 89.3233 -156.897 -275.159 
89.4844 74.9987 -125.403 89.5291 99.867 123.462 89.6873 -134.066 33.1258 
89.7076 113.203 -299.772 90.042 98.114 -48.6551 90.0782 113.573 69.0115 
90.1386 -34.0832 148.738 90.3635 -6.81429 170.694 90.4352 -11.2581 -336.174 
90.4918 -156.462 -29.187 90.5858 82.3363 -328.243 90.8907 -144.442 -111.591 
90.9188 -145.179 -126.906 91.3825 -100.408 73.8165 91.4726 70.8136 -179.109 
91.8161 -144.202 -96.6383 91.9513 -145.562 -142.822 92.0957 92.9046 137.485 
92.1792 47.8488 178.487 92.2461 15.2839 -334.02 92.2669 109.441 -10.5328 
92.2845 -103.281 -339.744 92.3256 115.049 28.9968 92.6946 -76.7054 101.802 
92.7635 -155.114 -14.7118 93.0124 -145.508 -158.732 93.0936 -124.527 44.0425 
93.2525 108.106 -286.506 93.2818 76.8179 -110.998 93.6044 88.5367 -72.719 
93.6308 -145.252 -81.9142 93.6372 107.949 -322.73 93.788 84.1956 150.395 
93.9747 -51.1188 129.614 93.9996 110.916 83.9861 94.0254 69.9654 -164.467 
94.1251 62.2387 172.088 94.1769 90.1641 -246.882 94.4079 -145.851 -174.275 
94.4777 -77.2146 -339.766 94.4857 42.104 -331.782 94.4992 74.1106 162.009 
95.075 -151.514 -1.02531 95.1128 6.2776 174.848 95.4142 -150.652 -293.123 
95.6013 -22.0789 156.913 95.838 -146.049 -189.744 95.8836 102.062 -272.939 
95.8953 -51.371 -338.852 95.969 101.917 -34.9722 96.3248 -91.0805 83.7655 
96.3344 -147.643 -67.4307 96.5079 69.5957 -149.921 96.6091 82.8805 -232.705 
96.7346 -114.827 54.6543 96.9165 114.998 43.7476 97.1771 -25.3236 -336.84 
97.2632 95.4753 -259.372 97.2821 68.6685 -329.658 97.3163 -146.703 -205.114 
97.333 -117.966 -339.156 97.4924 -146.044 11.8254 97.533 -146.418 -309.146 
97.5495 78.948 -96.7968 97.6223 111.333 3.82547 97.6236 107.029 98.9133 
97.9077 -150.467 -234.641 98.1555 -67.1887 110.98 98.2802 -141.458 -324.401 
98.3859 76.6728 -218.374 98.5099 -148.03 -220.292 98.5953 -151.154 -249.829 
98.7677 1.16869 -335.005 99.0452 92.2136 -58.9597 99.0718 69.7547 -135.518 
99.2113 93.5563 -326.289 99.3681 -40.2213 138.787 99.388 -150.797 -53.1111 
99.8357 21.5196 177.194 100.259 -132.048 -335.22 100.263 -11.4086 162.967 
100.281 -138.135 23.6814 100.36 71.9679 -203.863 100.563 112.079 -310.254 
100.705 -149.662 -265.299 100.787 -91.44 -339.762 100.854 27.7776 -332.992 
100.858 -105.414 65.1764 100.938 102.358 113.664 101.13 113.193 58.602 
101.584 104.775 -20.9474 101.771 -81.9203 93.1841 101.808 -136.756 -119.901 
101.854 -137.022 -135.041 102.25 -153.262 -38.6611 102.323 81.8631 -82.8259 
102.346 -136.887 -150.499 102.426 70.8411 -121.148 102.495 -136.943 -104.988 
102.533 68.8654 -189.308 102.635 -65.3275 -339.516 102.644 112.348 18.3402 
103.228 -146.758 -281.05 103.381 -136.733 -165.914 103.459 -129.082 34.8319 
103.46 -57.0882 120.051 103.543 37.0504 176.826 103.543 54.4237 -330.688 
103.774 -4.06847 166.251 103.941 96.0541 128.24 103.948 -39.3324 -337.812 
104.166 -138.299 -90.3506 104.324 108.089 -296.911 104.577 -153.471 -24.2048 
104.771 95.8885 -45.2902 104.818 67.0165 -174.653 104.942 -136.924 -181.165 
105.02 -28.3433 147.628 105.168 110.901 73.5609 105.34 -12.9855 -335.975 
105.354 -95.7957 75.2561 106.054 87.8829 141.955 106.107 -142.21 -224.224 
106.195 52.4203 173.265 106.206 72.3353 -106.896 106.359 -106.213 -339.542 
106.495 -142.212 -297.214 106.572 80.6269 -328.073 106.576 -151.283 -10.3685 
106.839 -137.209 -196.399 106.848 -119.348 45.342 106.874 -141.028 -75.9601 
107.081 65.7008 -159.988 107.114 102.54 -283.344 107.144 106.777 -6.72124 
107.174 77.6718 154.178 107.224 13.5263 -333.813 107.344 66.0289 165.008 
107.441 112.456 33.0312 107.633 85.2207 -69.1468 107.663 -143.196 -239.513 
107.964 -73.0244 101.676 108.406 103.213 -320.61 108.703 -147.277 2.31835 
108.757 -46.5633 129.152 108.877 107.65 88.4803 109.005 96.6605 -269.488 
109.025 -137.744 -211.73 109.11 64.6217 -145.477 109.174 -79.4246 -339.732 
109.261 -138.007 -312.507 109.55 10.4402 171.202 109.678 90.1535 -255.975 
109.758 40.0494 -331.662 109.834 83.3852 -242.385 109.954 -86.1634 85.2084 
110.139 -142.316 -254.815 110.158 -144.588 -61.8148 110.457 98.8363 -31.4601 
110.553 -109.673 55.7772 110.585 74.5034 -92.8514 110.642 76.6072 -228.201 
110.773 -53.3174 -338.925 110.873 -141.003 13.7549 110.921 -121.614 -337.729 
111.305 64.1967 -131.131 111.346 -132.296 -326.955 111.5 -127.426 -142.519 
111.515 -14.649 156.064 111.529 -127.64 -127.56 111.932 111.475 47.868 
112.024 -27.1414 -336.84 112.064 70.5978 -213.862 112.118 -127.301 -157.559 
112.217 103.244 103.266 112.303 -128.226 -112.735 112.432 108.02 7.60583 
112.782 -140.014 -270.25 113.124 89.073 -326.939 113.154 66.8316 -329.567 
113.209 88.5822 -55.5318 113.286 -63.2053 110.591 113.296 -147.528 -47.668 
113.434 -127.376 -172.609 113.579 66.1392 -199.401 113.652 -0.648839 -334.574 
113.672 -132.401 24.9385 113.705 -136.389 -228.157 114.003 -129.797 -98.1505 
114.29 -35.3394 138.189 114.292 25.5779 173.202 114.497 104.898 -307.691 
114.517 65.0022 -116.928 114.652 -100.107 66.1501 115.273 -136.893 -285.622 
115.286 -93.9533 -339.619 115.348 97.7667 118.026 115.355 -127.563 -187.599 
115.512 63.4955 -184.77 115.552 77.2243 -79.1381 115.948 25.7225 -332.868 
116.003 101.044 -17.3709 116.058 -149.352 -33.476 116.129 109.699 62.8011 
116.526 -132.463 -83.9437 116.852 -123.101 35.5828 117.346 61.2805 -170.11 
117.391 108.529 22.1494 117.461 -67.4146 -339.509 117.484 41.1329 171.2 
117.738 101.218 -293.997 117.846 -127.803 -202.704 117.954 90.6134 132.399 
117.998 -148.707 -19.496 118.078 -133.196 -300.914 118.258 -134.251 -244.266 
118.359 -52.9298 119.74 118.378 -0.315102 163.14 118.407 66.538 -102.905 
118.683 -90.3053 76.4217 118.791 91.6729 -41.8946 118.791 -41.2778 -337.809 
118.897 59.2347 -155.54 118.926 52.1032 -330.609 119.554 56.1593 166.108 
119.556 80.9792 145.557 119.848 -145.729 -5.52005 119.914 -136.302 -70.1004 
119.97 106.965 77.7393 119.977 95.7796 -279.966 120.166 69.559 157.057 
120.209 -14.7883 -335.872 120.235 -113.386 45.7616 120.363 -23.2866 146.946 
120.387 -117.646 -134.567 120.407 -142.776 1.10971 120.528 57.5925 -141.004 
120.576 -117.544 -149.208 120.937 -109.691 -338.328 120.994 80.2167 -65.5848 
121.052 -129.013 -316.008 121.099 -118.232 -119.905 121.162 -132.504 -259.411 
121.218 -79.8212 88.3949 121.307 89.6329 -266.008 121.495 -127.33 -218.185 
121.543 102.579 -3.18693 121.586 -117.599 -163.942 121.792 82.8444 -252.172 
122.103 108.202 36.8362 122.193 11.5305 -333.568 122.45 75.7299 -238.042 
122.509 97.0808 -318.686 122.625 -119.669 -105.378 122.649 56.8716 -126.679 
122.89 -122.269 -329.658 122.909 68.5648 -89.0429 123.419 103.043 92.5758 
123.422 -139.862 -56.2408 123.429 -134.849 14.2555 123.433 -117.797 -178.778 
123.604 -42.3216 128.908 123.801 -129.972 -274.547 123.814 68.7119 -223.571 
123.933 -69.11 100.135 123.977 -81.6802 -339.672 124.062 -103.624 55.9737 
124.119 14.0081 167.44 124.317 93.9944 -27.9847 124.896 63.1233 -209.239 
124.989 37.6266 -331.509 125.057 -122.165 -91.1052 125.57 -55.3579 -338.737 
125.761 -125.772 -233.787 125.905 -117.952 -193.641 125.919 81.8669 -326.743 
125.941 58.9158 -194.85 126.018 57.7535 -112.682 126.365 -125.704 24.6872 
126.395 -142.426 -42.2931 126.471 -127.065 -289.607 126.527 98.0788 107.29 
126.582 107.126 51.6968 126.599 83.2041 -52.0862 126.786 -29.0281 -336.729 
126.81 103.421 11.2175 127.079 -10.3937 154.945 127.498 56.2435 -180.153 
127.73 97.1566 -305.03 127.883 -93.8177 66.2776 128.221 -58.9385 110.035 
128.279 29.3448 167.664 128.326 71.0255 -75.4507 128.403 -125.727 -77.3639 
128.406 53.4456 -165.633 128.505 -143.089 -28.4684 128.591 -2.63835 -334.535 
128.719 64.2917 -329.071 128.974 -107.407 -140.917 129.017 -124.24 -248.72 
129.068 -117.798 -208.528 129.091 -107.558 -126.463 129.229 91.6403 121.711 
129.295 50.7076 -150.995 129.396 -31.3609 138.061 129.419 -142.227 -14.0018 
129.575 -107.711 -155.264 129.59 -123.764 -304.696 129.614 -116.119 34.8662 
129.745 -96.4914 -338.854 129.837 95.8936 -13.9207 130.243 59.1229 -98.7225 
130.319 -108.616 -112.061 130.607 93.1889 -290.659 130.668 104.939 66.6595 
130.825 48.6339 -136.341 130.996 44.7832 164.452 131.063 -108.003 -169.759 
131.101 23.3858 -332.624 131.338 83.1781 135.607 131.54 -83.9938 77.0526 
131.693 -135.621 2.00313 131.767 -122.303 -263.557 131.786 103.667 25.7573 
132.056 -129.635 -63.8005 132.107 87.5476 -276.381 132.167 85.79 -38.4131 
132.225 -69.635 -339.325 132.416 59.5759 158.076 132.504 -110.831 -97.6787 
132.579 72.6789 148.223 132.724 -119.377 -319.269 132.768 81.2801 -262.249 
132.901 -116.862 -223.537 133.104 -48.9287 119.617 133.129 48.0991 -122.169 
133.187 -106.352 44.9938 133.244 74.3672 -248.103 133.426 -108.044 -184.386 
133.444 3.07051 160.578 133.513 -43.3154 -337.527 133.72 73.8224 -62.0142 
133.804 -111.104 -331.808 134.071 49.2128 -330.372 134.265 101.478 81.5223 
134.347 -119.992 -278.403 134.659 -73.8859 88.6051 134.97 61.0921 -85.1416 
135.016 -16.7579 -335.711 135.139 -127.45 12.9198 135.277 65.7922 -233.333 
135.457 97.2262 0.29864 135.488 -132.801 -50.0665 135.697 -113.906 -83.6757 
135.705 89.277 -316.079 135.83 -19.7897 146.529 136.257 58.9836 -218.815 
136.372 -115.404 -238.23 136.383 -107.749 -198.999 136.395 102.954 40.4802 
136.683 54.0799 -204.613 136.92 48.7884 -108.209 136.943 -96.55 55.2861 
137.151 50.1061 -190.139 137.288 9.31429 -333.605 137.382 -96.1345 -132.782 
137.447 -117.443 -293.235 137.5 97.1839 96.2695 137.519 -96.8816 -146.817 
137.533 88.0771 -24.5709 137.592 -96.8264 -118.437 137.599 -135.087 -10.3782 
137.721 46.8342 -175.58 137.985 -98.2284 -160.516 137.988 43.7509 -160.988 
138.094 -134.647 -36.3307 138.125 -117.768 22.9025 138.329 -63.9252 99.4945 
138.392 40.575 -146.282 138.464 -38.5932 128.939 138.63 -83.9714 -339.245 
138.703 17.5855 163.075 139.079 -98.6935 -103.895 139.335 -113.873 -252.719 
139.377 76.2831 -48.4972 139.411 -117.529 -70.0023 139.562 -135.136 -22.4958 
139.88 63.5896 -71.8378 139.904 38.4541 -131.658 139.933 75.2426 -324.055 
139.937 -107.157 -213.503 140.034 -98.2603 -174.867 140.132 34.8085 -331.574 
140.261 -57.5275 -338.492 140.265 91.451 110.745 140.463 88.2792 -301.599 
140.648 -86.6944 65.7437 140.845 98.002 14.6567 140.865 101.636 55.3514 
141.222 -114.39 -308.07 141.477 -30.95 -336.585 141.536 49.6459 -94.2964 
141.726 -108.083 33.1911 141.788 -101.433 -89.4708 141.858 -112.147 -267.205 
142.05 -127.589 -0.04886 142.24 32.987 161.736 142.416 -7.4391 153.363 
142.426 83.7728 -286.939 142.512 83.8496 124.824 142.751 -54.3033 109.623 
142.765 37.9477 -117.481 142.915 -97.7014 -189.227 143.067 -121.125 -56.3263 
143.126 89.8989 -10.5364 143.162 78.1218 -272.539 143.423 -105.834 -227.964 
143.457 71.9288 -258.312 143.463 -98.4253 -335.535 143.501 -4.75108 -334.461 
143.579 60.2402 -327.484 143.582 -89.1101 -150.746 143.67 64.8189 -244.197 
144.141 74.3279 137.889 144.202 -109.075 -322.797 144.281 48.2877 157.229 
144.345 -77.1225 76.8888 144.561 -28.3675 137.688 144.69 -110.147 -281.776 
144.74 62.4442 149.043 144.803 98.957 70.3141 144.865 78.7225 -34.9351 
145.176 52.2779 -81.1802 145.361 -98.1869 43.3886 145.382 -104.771 -75.5049 
145.512 -85.976 -109.869 145.525 65.7322 -58.3439 145.557 -118.286 10.0624 
145.59 -83.6193 -124.899 145.687 97.7532 29.2783 145.707 -88.5412 -165.158 
145.905 32.445 -156.25 146.148 29.3621 -141.52 146.16 -123.799 -42.4018 
146.223 35.9245 -170.936 146.359 20.903 -332.864 146.36 -96.8358 -203.443 
146.539 -104.208 -242.134 146.582 39.5227 -185.48 146.626 -126.767 -13.8184 
146.697 43.4107 -200.019 146.894 37.7148 -103.315 147.021 -71.7946 -339.067 
147.066 48.0798 -214.238 147.299 -88.5664 -95.1012 147.682 -44.7325 119.496 
147.718 53.0663 -228.164 147.803 -80.4823 -140.487 147.808 27.4168 -126.953 
147.953 -125.352 -28.1082 148.036 -45.359 -337.289 148.178 -67.5002 87.9492 
148.208 95.0776 85.0789 148.412 -107.822 -296.417 148.457 6.40953 157.308 
148.563 -87.549 -179.474 148.761 80.4425 -312.296 148.91 91.0412 3.65998 
148.98 -103.121 -256.211 149.016 45.8587 -330.163 149.048 -108.573 20.2985 
149.231 -88.5308 53.9744 149.379 -108.225 -61.5836 149.713 -18.785 -335.613 
149.787 81.2634 -21.1899 149.883 -95.5539 -217.461 150.11 54.5365 -67.9274 
150.273 56.5731 -241.31 150.377 -91.7023 -80.6559 150.388 -78.5609 -155.345 
150.405 96.9281 44.041 150.844 -17.2479 145.056 150.864 26.2083 -112.501 
151.069 90.0103 99.5389 151.225 -117.724 -3.7361 151.368 -101.883 -270.383 
151.498 -72.5975 -115.718 151.675 67.4671 -44.6744 151.824 20.069 -151.644 
151.866 -86.282 -193.427 151.971 17.2564 -136.862 152.077 78.0117 -297.267 
152.19 -70.0255 -130.878 152.269 -104.038 -311.363 152.319 -75.3629 -100.694 
152.361 -58.1836 98.7455 152.459 7.03183 -333.844 152.621 61.7417 -254.615 
152.652 -111.435 -47.5718 152.72 -98.6746 30.6364 152.81 23.6425 -166.321 
152.893 36.1121 -88.5273 152.984 43.5253 -77.4659 152.991 -86.0033 -336.986 
153.005 21.4598 157.73 153.053 -78.91 64.7458 153.169 -77.0134 -169.751 
153.182 67.6913 -268.578 153.189 73.1643 -282.857 153.239 -93.6239 -231.448 
153.25 -35.2373 128.391 153.251 83.253 113.574 153.268 68.1364 -320.028 
153.589 15.1526 -122.033 153.985 -67.8494 -145.809 153.988 27.4838 -180.901 
154.18 -95.1165 -66.5025 154.203 91.3382 18.1179 154.463 -116.166 -18.2466 
154.705 -78.366 -85.9308 154.732 -100.176 -284.723 154.789 -113.859 -33.0122 
154.888 -59.5252 -338.104 155.008 74.7883 126.96 155.049 31.5674 -195.382 
155.085 -98.0296 -326.75 155.098 95.6308 58.9686 155.109 -107.985 6.56781 
155.129 24.4912 -97.7923 155.339 -84.7274 -207.064 155.424 32.0095 -331.847 
155.539 36.725 154.521 155.556 82.7506 -7.09288 155.621 70.9106 -31.5077 
155.947 -32.9755 -336.529 155.997 36.0612 -209.742 156.074 7.2451 -146.956 
156.123 55.6905 -54.1758 156.181 64.4127 138.829 156.221 -59.1698 -121.334 
156.327 4.57717 -132.002 156.332 -75.3349 -183.627 156.406 51.502 148.338 
156.552 -91.6923 -245.578 156.592 -88.8952 41.2371 156.596 -65.9351 -160.418 
156.709 -61.8756 -106.235 156.734 -48.9418 109.581 156.744 13.25 -107.252 
156.945 -56.7804 -136.354 156.969 40.7581 -223.798 157.178 -69.5782 75.8497 
157.407 -4.55099 150.208 157.519 10.6336 -161.716 157.81 -98.4382 -52.28 
157.846 55.7396 -324.776 157.938 2.30356 -116.999 158.054 -81.6431 -71.4023 
158.318 -64.7869 -91.2411 158.411 -6.92226 -334.68 158.57 -97.9199 16.9807 
158.644 92.1075 73.9328 158.668 45.6663 -237.441 158.734 -82.5785 -220.62 
158.768 -97.3476 -299.264 158.772 -54.5851 -151.42 158.897 -5.85345 -142.145 
158.939 44.0232 -63.6335 159.067 -25.5868 135.548 159.13 -106.431 -7.87235 
159.215 90.8102 32.8409 159.292 -8.34805 -127.042 159.387 14.465 -176.331 
159.392 -45.7711 -126.747 159.624 -73.5391 -196.727 159.637 69.5156 -306.775 
159.752 -63.9623 -174.796 159.925 -89.6279 -259.753 159.965 -48.4139 -111.643 
160.05 -43.3246 -141.949 160.211 -101.278 -37.6816 160.26 -18.9894 -137.2 
160.339 -2.75465 -157.079 160.358 32.625 -73.0708 160.45 -91.3741 -273.136 
160.584 21.7543 -82.666 160.593 -32.3097 -132.077 160.652 -79.3719 52.0731 
160.678 50.6908 -250.931 160.75 73.052 -17.6405 160.758 10.769 -92.2563 
160.768 0.013525 -102.019 160.824 -103.965 -22.7726 161.064 -10.7633 -112 
161.172 18.5164 -190.881 161.191 -67.9539 -76.4028 161.23 -21.5405 -122.033 
161.235 83.175 7.24179 161.314 -51.2638 -96.5174 161.459 -29.7304 -147.343 
161.546 -34.9264 -116.896 161.559 -16.2172 -152.35 161.627 -60.5479 86.9497 
161.664 -85.0143 -56.9425 161.749 -73.3355 -337.94 161.773 87.4064 88.6254 
161.81 -52.2307 -166.859 161.845 18.5815 -333.132 162.064 -39.9617 119.118 
162.126 -40.7907 -157.36 162.149 -80.2232 -234.468 162.192 56.0345 -264.654 
162.223 -47.0262 -336.811 162.302 -87.8588 27.5771 162.374 65.5542 -293.099 
162.475 0.752997 -171.826 162.634 -96.1249 2.57338 162.7 61.0734 -278.764 
162.74 22.8254 -205.348 162.804 -24.126 -106.915 162.878 -37.6324 -101.755 
162.939 -71.2459 -209.724 163.004 -61.9599 -188.18 163.057 9.9263 152.437 
163.117 -93.2028 -314.416 163.598 42.8401 -328.737 163.625 -13.1757 -96.9791 
163.706 -54.2099 -81.4411 163.731 54.4778 -39.4873 163.768 -26.9331 -162.59 
163.796 81.1343 102.485 163.869 -13.0884 -167.298 163.877 -89.5848 -287.282 
163.984 60.5957 -312.823 164.041 62.7444 -28.2144 164.137 27.5112 -219.688 
164.213 -20.8442 -335.739 164.39 -88.1857 -42.2363 164.51 90.0724 47.6975 
164.534 -71.1958 -61.6098 164.552 -2.35996 -87.1128 164.845 4.61131 -186.447 
164.917 -70.018 63.0451 164.957 -93.7928 -12.2616 165.006 43.6066 -49.5576 
165.058 -14.6698 140.995 165.123 -81.993 -261.44 165.212 -40.397 -86.7073 
165.261 -37.9627 -173.014 165.261 -26.6907 -91.8604 165.361 -60.1877 -197.606 
165.465 -78.3284 -248.484 165.484 73.8972 115.834 165.493 8.62097 -77.473 
165.561 -91.1034 -27.3389 165.786 32.3408 -233.641 165.825 -49.2712 -183.775 
165.825 82.5548 21.9809 166.012 31.8958 -58.9771 166.163 -85.8245 13.2547 
166.165 -51.715 98.3493 166.302 20.1923 -68.2541 166.323 -78.1118 38.5646 
166.382 -68.1607 -223.398 166.449 -87.1538 -330.875 166.457 73.6842 -3.36767 
166.48 25.4887 150.751 166.495 -9.57307 -182.071 166.63 -23.7676 -177.675 
166.786 64.9729 128.235 166.93 -57.3317 -66.4986 167.112 -15.696 -82.0507 
167.289 53.9324 138.354 167.362 8.8387 -200.969 167.478 -74.432 -46.7441 
167.65 37.506 -247.309 167.82 4.86905 -333.944 167.913 40.5868 146.297 
168.175 -81.0749 -275.398 168.462 -86.1334 -301.729 168.468 -43.4321 -71.5953 
168.62 -29.5555 126.83 168.634 -34.626 -188.429 168.639 -29.4865 -76.8644 
168.79 -83.3969 -1.56108 168.8 -56.8704 -212.403 168.804 -60.2667 -336.6 
168.815 -4.53285 -72.4933 168.816 87.7593 62.9366 169.115 -5.67737 -196.744 
169.318 -77.5447 -31.7947 169.331 13.33 -215.49 169.463 -45.6198 -200.256 
169.533 -20.1468 -192.558 169.534 62.7656 -13.7798 169.576 -60.994 74.2486 
169.654 50.8351 -318.305 169.658 -65.7371 -237.416 169.679 42.8887 -260.872 
169.841 -80.5885 -16.6532 169.869 -60.4728 -51.251 169.945 -34.4502 -335.743 
170.002 -75.7544 24.3362 170.023 -42.5987 109.93 170.122 6.97925 -63.2607 
170.133 80.8186 36.9742 170.321 -74.3581 -263.127 170.591 41.4063 -34.6505 
170.621 72.6624 11.4559 170.665 18.7232 -54.1623 170.775 -68.7019 49.6294 
170.905 29.734 -330.665 170.908 47.7893 -274.735 170.973 30.4618 -44.8787 
171.068 51.8905 -24.172 171.109 -1.01066 143.765 171.14 -18.353 -67.3072 
171.236 -23.5614 129.48 171.263 18.1921 -229.772 171.351 53.105 -304.284 
171.517 51.7641 -289.13 171.523 -46.4293 -56.2999 171.606 83.2258 78.0123 
171.626 -30.8258 -203.672 171.932 -63.5648 -36.0455 172.106 -32.3036 -61.8633 
172.108 -1.30324 -211.302 172.118 -72.8322 9.59921 172.369 -78.2159 -289.35 
172.383 -65.7414 -251.118 172.436 -16.1013 -207.377 172.615 -52.543 -226.607 
172.719 -6.75292 -58.1893 172.789 -41.6622 -215.452 172.926 -66.6542 -20.8925 
173.003 -69.7681 -5.55484 173.107 70.3772 26.7092 173.223 -56.3061 -239.381 
173.296 -81.6219 -316.736 173.385 -8.89841 -334.781 173.438 23.3303 -243.605 
173.469 61.6183 1.01672 173.674 5.03988 -49.2882 173.797 76.6562 91.6494 
173.852 -49.5466 -40.1774 173.897 49.9709 -9.1878 173.993 39.0259 -19.6026 
174.001 28.1057 -30.0424 174.117 16.7701 -40.1025 174.162 -65.9702 35.7256 
174.178 -20.7046 -52.9772 174.351 59.1236 16.3078 174.512 3.40695 -225.875 
174.665 -35.1483 -46.2773 174.754 -52.4453 85.8516 174.793 -31.5048 118.207 
174.826 47.6317 5.93965 174.853 78.8008 51.9819 174.949 36.3981 -4.50802 
174.98 -26.5294 -218.733 175.006 14.2132 142.985 175.027 -52.6246 -24.7793 
175.068 -73.2858 -331.811 175.082 -70.1468 -277.398 175.146 25.3288 -14.9986 
175.197 54.1477 126.453 175.197 -8.92933 -44.4156 175.224 -47.187 -334.616 
175.229 -59.3519 60.8162 175.319 33.7639 10.5132 175.49 -62.5815 21.2649 
175.511 45.073 21.0419 175.536 14.1754 -25.4167 175.566 22.575 -0.063681 
175.579 28.7638 -257.201 175.639 2.77209 -35.3936 175.709 -55.8404 -9.26286 
175.725 -11.6069 -222.121 175.903 61.5008 116.573 175.907 67.8191 41.7058 
175.915 56.4946 31.4067 175.923 -59.164 6.20271 175.958 -23.0009 -39.9446 
176.053 11.3677 -10.6012 176.107 42.856 133.568 176.329 -38.6667 -27.8468 
176.363 19.687 14.7441 176.446 8.43018 4.11878 176.537 -36.8081 -229.998 
176.547 30.94 25.407 176.59 0.171719 -21.3277 176.595 -11.3187 132.717 
176.597 -11.2174 -31.4224 176.606 -62.2818 -265.41 176.789 -46.875 -241.346 
176.795 68.9417 103.92 176.858 -25.1003 -28.7023 176.952 -74.1336 -303.323 
176.977 29.3823 139.573 177.024 -41.8354 -12.3997 177.042 39.5821 -321.974 
177.045 -2.74491 -6.61711 177.326 42.311 35.9328 177.403 -13.8725 -17.7922 
177.404 33.8883 -270.823 177.46 8.57508 -240.034 177.465 16.245 -331.696 
177.476 5.31989 18.798 177.51 -27.8253 -15.0424 177.538 -5.8392 8.08568 
177.617 -45.1512 3.05301 177.648 74.947 67.0936 177.725 -53.6439 -253.42 
177.77 -16.937 -3.04284 177.793 40.7231 -310.63 177.887 -48.5967 18.1427 
177.927 -31.0877 0.091536 177.999 16.5834 29.4781 178 -22.3086 -335.035 
178.141 -56.1323 46.8728 178.228 -20.1602 11.6263 178.315 -34.384 14.9504 
178.354 53.6517 46.2869 178.498 38.3479 -284.715 178.512 -42.6266 97.2481 
178.515 -9.1044 22.6668 178.544 41.8641 -299.286 178.604 -52.3864 32.7276 
178.777 -21.8226 -233.216 178.885 27.9862 40.1371 178.941 64.6775 56.6642 
179.06 -23.5607 26.2227 179.125 -6.77351 -236.565 179.179 2.05183 33.4516 
179.267 -38.0003 29.5615 179.397 -49.9093 72.1072 179.782 3.64798 131.513 
179.788 -66.0503 -291.179 179.822 39.2248 50.7061 179.92 -12.5223 37.1572 
180.013 13.3383 44.1381 180.091 70.0143 81.6966 180.139 13.8974 -253.843 
180.312 -27.08 40.5352 180.426 -45.6192 57.8997 180.427 -41.6863 43.76 
180.49 50.283 61.4708 180.59 45.7712 118.336 180.599 -1.48506 47.9492 
180.719 -31.5913 -244.449 180.786 24.5875 54.8371 180.802 60.8406 72.1441 
180.847 -68.2258 -317.387 180.886 -16.1358 51.4749 180.966 -33.4541 109.583 
180.985 -21.0616 120.266 181.05 9.67293 58.7447 181.099 18.2306 128.248 
181.113 -30.8625 54.7709 181.258 32.1523 123.841 181.308 35.646 65.7896 
181.344 -5.27096 62.5357 181.35 -59.173 -330.53 181.501 -57.8118 -279.467 
181.627 20.6921 69.8623 181.762 52.5463 104.452 181.765 -35.1088 69.0542 
181.821 -20.1798 65.8755 181.927 5.60916 73.6604 181.954 46.7095 76.9449 
182.069 -40.5676 -255.919 182.109 58.2212 89.6264 182.261 -6.44749 119.171 
182.375 -1.55697 -250.683 182.459 19.31 -267.414 182.472 -49.376 -267.648 
182.539 -16.836 -247.529 182.565 31.4182 80.9957 182.59 -39.583 83.2057 
182.688 -9.52464 77.1077 182.732 -33.8904 -332.043 182.947 16.3413 84.9535 
183.004 36.6664 107.573 183.109 42.1544 92.301 183.253 7.95404 116.207 
183.268 22.1682 112.253 183.477 26.7285 96.2946 183.544 32.4702 -309.252 
183.547 -24.6133 80.2253 183.575 2.49026 -332.033 183.596 1.3245 88.4946 
183.792 12.047 100.277 183.855 24.0892 -281.191 183.885 -61.1413 -304.738 
184.238 -2.63225 103.58 184.272 26.2252 -322.561 184.305 28.3222 -295.167 
184.5 -17.9139 106.133 184.54 -29.2196 94.6627 184.629 -13.9138 91.5742 
184.953 -26.4727 -258.671 185.262 3.92403 -264.448 185.723 -53.0206 -293.109 
185.957 -11.6169 -261.609 186.383 -45.1646 -328.846 186.406 -35.5628 -270.121 
186.462 -44.4365 -281.671 187.273 -54.6696 -317.946 187.388 9.1766 -278.275 
187.969 19.4202 -307.551 188.461 -11.1694 -331.065 188.594 14.0274 -292.59 
188.692 -21.1617 -272.787 189.027 -6.01022 -275.529 189.093 -47.4627 -306.397 
189.285 11.9298 -321.312 189.797 -39.1001 -295.386 189.911 -23.4365 -329.104 
189.932 -30.2478 -284.25 190.417 -40.8369 -319.711 190.904 -0.530062 -290.052 
191.245 5.39516 -305.443 191.441 -15.4551 -287.188 191.7 -27.0652 -322.997 
192.264 -33.2761 -309.293 192.304 -24.4474 -298.466 192.476 -2.79449 -318.453 
192.753 -9.32364 -302.383 193.666 -17.9719 -313.771 
POLYGONS 6012 24048
3 2966 2893 2905 
3 2775 2905 2893 
3 2966 2879 2893 
3 2975 2966 2905 
3 2905 2775 2798 
3 2893 2879 2775 
3 2974 2879 2966 
3 2988 2966 2975 
3 2975 2905 2902 
3 2775 2712 2798 
3 2905 2798 2799 
3 2879 2704 2775 
3 2790 2879 2974 
3 2988 2974 2966 
3 2988 2975 2990 
3 2905 2799 2902 
3 2971 2975 2902 
3 2798 2712 2654 
3 2634 2712 2775 
3 2798 2693 2799 
3 2704 2634 2775 
3 2790 2704 2879 
3 2790 2974 2885 
3 2988 2994 2974 
3 2990 2975 2971 
3 3000 2988 2990 
3 2799 2791 2902 
3 2971 2902 2883 
3 2712 2591 2654 
3 2693 2798 2654 
3 2634 2591 2712 
3 2693 2696 2799 
3 2634 2704 2548 
3 2790 2609 2704 
3 2974 2994 2885 
3 2686 2790 2885 
3 3000 2994 2988 
3 2987 2990 2971 
3 3000 2990 2999 
3 2902 2791 2883 
3 2696 2791 2799 
3 2953 2971 2883 
3 2591 2545 2654 
3 2570 2693 2654 
3 2591 2634 2499 
3 2696 2693 2587 
3 2704 2609 2548 
3 2634 2548 2499 
3 2686 2609 2790 
3 2994 2968 2885 
3 2755 2686 2885 
3 3000 3005 2994 
3 2990 2987 2999 
3 2987 2971 2953 
3 3006 3000 2999 
3 2791 2777 2883 
3 2791 2696 2690 
3 2853 2953 2883 
3 2545 2570 2654 
3 2591 2468 2545 
3 2693 2570 2587 
3 2468 2591 2499 
3 2696 2587 2586 
3 2609 2471 2548 
3 2548 2422 2499 
3 2609 2686 2524 
3 2968 2755 2885 
3 3005 2968 2994 
3 2575 2686 2755 
3 3005 3000 3006 
3 2987 2992 2999 
3 2980 2987 2953 
3 3001 3006 2999 
3 2777 2853 2883 
3 2777 2791 2690 
3 2690 2696 2586 
3 2853 2921 2953 
3 2545 2474 2570 
3 2468 2433 2545 
3 2587 2570 2487 
3 2376 2468 2499 
3 2586 2587 2494 
3 2548 2471 2422 
3 2609 2524 2471 
3 2422 2376 2499 
3 2686 2575 2524 
3 2755 2968 2818 
3 2989 2968 3005 
3 2575 2755 2638 
3 3007 3005 3006 
3 2992 3001 2999 
3 2992 2987 2980 
3 2921 2980 2953 
3 3004 3006 3001 
3 2853 2777 2754 
3 2777 2690 2667 
3 2690 2586 2576 
3 2921 2853 2819 
3 2570 2474 2487 
3 2545 2433 2474 
3 2433 2468 2354 
3 2587 2487 2494 
3 2468 2376 2354 
3 2586 2494 2496 
3 2471 2349 2422 
3 2524 2397 2471 
3 2376 2422 2302 
3 2575 2443 2524 
3 2968 2989 2818 
3 2638 2755 2818 
3 3007 2989 3005 
3 2498 2575 2638 
3 3004 3007 3006 
3 2992 2991 3001 
3 2982 2992 2980 
3 2980 2921 2952 
3 2997 3004 3001 
3 2777 2667 2754 
3 2819 2853 2754 
3 2667 2690 2576 
3 2576 2586 2496 
3 2884 2921 2819 
3 2474 2392 2487 
3 2474 2433 2367 
3 2331 2433 2354 
3 2494 2487 2404 
3 2376 2258 2354 
3 2494 2411 2496 
3 2422 2349 2302 
3 2471 2397 2349 
3 2443 2397 2524 
3 2258 2376 2302 
3 2575 2498 2443 
3 2989 2897 2818 
3 2715 2638 2818 
3 2996 2989 3007 
3 2552 2498 2638 
3 3003 3007 3004 
3 2991 2997 3001 
3 2991 2992 2982 
3 2982 2980 2952 
3 2952 2921 2884 
3 2995 3004 2997 
3 2754 2667 2641 
3 2819 2754 2734 
3 2667 2576 2556 
3 2501 2576 2496 
3 2884 2819 2797 
3 2487 2392 2404 
3 2474 2367 2392 
3 2433 2331 2367 
3 2257 2331 2354 
3 2494 2404 2411 
3 2258 2206 2354 
3 2411 2416 2496 
3 2349 2232 2302 
3 2397 2279 2349 
3 2443 2329 2397 
3 2258 2302 2186 
3 2498 2375 2443 
3 2897 2715 2818 
3 2996 2897 2989 
3 2715 2552 2638 
3 3002 2996 3007 
3 2552 2427 2498 
3 3003 3002 3007 
3 2995 3003 3004 
3 2997 2991 2984 
3 2979 2991 2982 
3 2955 2982 2952 
3 2911 2952 2884 
3 2995 2997 2985 
3 2641 2667 2556 
3 2734 2754 2641 
3 2797 2819 2734 
3 2576 2501 2556 
3 2416 2501 2496 
3 2831 2884 2797 
3 2392 2308 2404 
3 2392 2367 2289 
3 2367 2331 2270 
3 2331 2257 2221 
3 2206 2257 2354 
3 2404 2323 2411 
3 2258 2137 2206 
3 2416 2411 2327 
3 2302 2232 2186 
3 2349 2279 2232 
3 2397 2329 2279 
3 2375 2329 2443 
3 2137 2258 2186 
3 2498 2427 2375 
3 2897 2780 2715 
3 2959 2897 2996 
3 2613 2552 2715 
3 2959 2996 3002 
3 2427 2552 2479 
3 2998 3002 3003 
3 3003 2995 2993 
3 2984 2991 2979 
3 2997 2984 2985 
3 2979 2982 2955 
3 2955 2952 2911 
3 2911 2884 2831 
3 2981 2995 2985 
3 2535 2641 2556 
3 2734 2641 2629 
3 2714 2797 2734 
3 2501 2429 2556 
3 2501 2416 2429 
3 2831 2797 2770 
3 2404 2308 2323 
3 2308 2392 2289 
3 2367 2270 2289 
3 2270 2331 2221 
3 2257 2154 2221 
3 2257 2206 2154 
3 2411 2323 2327 
3 2206 2137 2089 
3 2416 2327 2330 
3 2232 2119 2186 
3 2279 2165 2232 
3 2329 2215 2279 
3 2375 2264 2329 
3 2070 2137 2186 
3 2427 2310 2375 
3 2780 2613 2715 
3 2959 2780 2897 
3 2552 2613 2479 
3 2998 2959 3002 
3 2363 2427 2479 
3 2998 3003 2993 
3 2995 2981 2993 
3 2984 2979 2949 
3 2985 2984 2954 
3 2928 2979 2955 
3 2907 2955 2911 
3 2856 2911 2831 
3 2942 2981 2985 
3 2641 2535 2629 
3 2429 2535 2556 
3 2714 2734 2629 
3 2797 2714 2770 
3 2429 2416 2330 
3 2805 2831 2770 
3 2323 2308 2225 
3 2212 2308 2289 
3 2289 2270 2191 
3 2162 2270 2221 
3 2221 2154 2110 
3 2206 2089 2154 
3 2327 2323 2231 
3 2137 2025 2089 
3 2330 2327 2233 
3 2119 2070 2186 
3 2232 2165 2119 
3 2279 2215 2165 
3 2329 2264 2215 
3 2310 2264 2375 
3 2137 2070 2025 
3 2310 2427 2363 
3 2780 2691 2613 
3 2780 2959 2846 
3 2613 2539 2479 
3 2959 2998 2983 
3 2419 2363 2479 
3 2986 2998 2993 
3 2981 2972 2993 
3 2949 2979 2928 
3 2954 2984 2949 
3 2942 2985 2954 
3 2907 2928 2955 
3 2856 2907 2911 
3 2805 2856 2831 
3 2916 2981 2942 
3 2629 2535 2532 
3 2535 2429 2435 
3 2714 2629 2614 
3 2714 2697 2770 
3 2429 2330 2342 
3 2752 2805 2770 
3 2308 2212 2225 
3 2323 2225 2231 
3 2212 2289 2191 
3 2270 2162 2191 
3 2162 2221 2110 
3 2154 2041 2110 
3 2089 2041 2154 
3 2327 2231 2233 
3 2025 1974 2089 
3 2240 2330 2233 
3 2006 2070 2119 
3 2165 2050 2119 
3 2215 2098 2165 
3 2264 2151 2215 
3 2264 2310 2198 
3 2070 1957 2025 
3 2250 2310 2363 
3 2613 2691 2539 
3 2691 2780 2846 
3 2846 2959 2983 
3 2539 2419 2479 
3 2983 2998 2986 
3 2419 2300 2363 
3 2972 2986 2993 
3 2972 2981 2916 
3 2873 2949 2928 
3 2891 2954 2949 
3 2872 2942 2954 
3 2907 2867 2928 
3 2838 2907 2856 
3 2809 2856 2805 
3 2842 2916 2942 
3 2535 2435 2532 
3 2614 2629 2532 
3 2435 2429 2342 
3 2697 2714 2614 
3 2697 2752 2770 
3 2330 2240 2342 
3 2805 2752 2768 
3 2212 2126 2225 
3 2225 2136 2231 
3 2106 2212 2191 
3 2162 2082 2191 
3 2049 2162 2110 
3 2041 1997 2110 
3 1974 2041 2089 
3 2231 2116 2233 
3 2025 1909 1974 
3 2132 2240 2233 
3 2070 2006 1957 
3 2050 2006 2119 
3 2165 2098 2050 
3 2151 2098 2215 
3 2264 2198 2151 
3 2310 2250 2198 
3 1957 1909 2025 
3 2300 2250 2363 
3 2691 2601 2539 
3 2765 2691 2846 
3 2941 2846 2983 
3 2472 2419 2539 
3 2941 2983 2986 
3 2351 2300 2419 
3 2931 2986 2972 
3 2876 2972 2916 
3 2873 2891 2949 
3 2867 2873 2928 
3 2891 2872 2954 
3 2842 2942 2872 
3 2867 2907 2838 
3 2838 2856 2809 
3 2809 2805 2768 
3 2807 2916 2842 
3 2532 2435 2439 
3 2614 2532 2529 
3 2348 2435 2342 
3 2697 2614 2603 
3 2752 2697 2673 
3 2342 2240 2251 
3 2752 2720 2768 
3 2126 2136 2225 
3 2212 2106 2126 
3 2136 2116 2231 
3 2082 2106 2191 
3 2162 2049 2082 
3 1997 2049 2110 
3 2041 1931 1997 
3 2041 1974 1931 
3 2116 2132 2233 
3 1974 1909 1859 
3 2240 2132 2148 
3 2006 1895 1957 
3 1941 2006 2050 
3 2098 1989 2050 
3 2039 2098 2151 
3 2198 2087 2151 
3 2250 2135 2198 
3 1909 1957 1844 
3 2300 2189 2250 
3 2601 2472 2539 
3 2601 2691 2765 
3 2941 2765 2846 
3 2472 2351 2419 
3 2931 2941 2986 
3 2351 2241 2300 
3 2876 2931 2972 
3 2807 2876 2916 
3 2816 2891 2873 
3 2810 2873 2867 
3 2891 2808 2872 
3 2785 2842 2872 
3 2867 2838 2812 
3 2802 2838 2809 
3 2772 2809 2768 
3 2757 2807 2842 
3 2435 2348 2439 
3 2529 2532 2439 
3 2603 2614 2529 
3 2348 2342 2251 
3 2673 2697 2603 
3 2720 2752 2673 
3 2240 2148 2251 
3 2720 2746 2768 
3 2136 2126 2046 
3 2126 2106 2026 
3 2116 2136 2046 
3 2106 2082 1998 
3 2082 2049 1966 
3 2049 1997 1939 
3 1931 1879 1997 
3 1974 1859 1931 
3 2116 2015 2132 
3 1859 1909 1798 
3 2148 2132 2040 
3 1957 1895 1844 
3 2006 1941 1895 
3 1989 1941 2050 
3 2098 2039 1989 
3 2087 2039 2151 
3 2135 2087 2198 
3 2189 2135 2250 
3 1909 1844 1798 
3 2241 2189 2300 
3 2531 2472 2601 
3 2683 2601 2765 
3 2841 2765 2941 
3 2351 2472 2406 
3 2841 2941 2931 
3 2287 2241 2351 
3 2876 2817 2931 
3 2758 2876 2807 
3 2808 2891 2816 
3 2816 2873 2810 
3 2810 2867 2812 
3 2808 2785 2872 
3 2785 2757 2842 
3 2838 2802 2812 
3 2802 2809 2772 
3 2746 2772 2768 
3 2711 2807 2757 
3 2348 2355 2439 
3 2442 2529 2439 
3 2527 2603 2529 
3 2263 2348 2251 
3 2594 2673 2603 
3 2651 2720 2673 
3 2148 2161 2251 
3 2694 2746 2720 
3 2126 2026 2046 
3 2106 1998 2026 
3 2116 2046 1980 
3 1998 2082 1966 
3 2049 1939 1966 
3 1997 1879 1939 
3 1931 1817 1879 
3 1859 1817 1931 
3 2132 2015 2040 
3 2015 2116 1980 
3 1859 1798 1747 
3 2148 2040 2059 
3 1844 1895 1777 
3 1895 1941 1833 
3 1941 1989 1877 
3 1989 2039 1930 
3 2039 2087 1979 
3 2135 2028 2087 
3 2189 2077 2135 
3 1844 1735 1798 
3 2241 2127 2189 
3 2406 2472 2531 
3 2531 2601 2683 
3 2683 2765 2841 
3 2287 2351 2406 
3 2817 2841 2931 
3 2179 2241 2287 
3 2758 2817 2876 
3 2711 2758 2807 
3 2808 2816 2776 
3 2810 2776 2816 
3 2764 2810 2812 
3 2785 2808 2730 
3 2785 2725 2757 
3 2802 2771 2812 
3 2761 2802 2772 
3 2772 2746 2747 
3 2663 2711 2757 
3 2355 2442 2439 
3 2348 2263 2355 
3 2442 2527 2529 
3 2527 2594 2603 
3 2161 2263 2251 
3 2594 2651 2673 
3 2651 2694 2720 
3 2161 2148 2059 
3 2746 2694 2710 
3 2026 1945 2046 
3 2026 1998 1917 
3 2046 1945 1980 
3 1871 1998 1966 
3 1939 1871 1966 
3 1879 1822 1939 
3 1879 1817 1761 
3 1817 1859 1747 
3 2040 2015 1933 
3 2015 1980 1903 
3 1798 1678 1747 
3 2059 2040 1953 
3 1895 1833 1777 
3 1844 1777 1735 
3 1941 1877 1833 
3 1989 1930 1877 
3 2039 1979 1930 
3 2087 2028 1979 
3 2135 2077 2028 
3 2189 2127 2077 
3 1798 1735 1678 
3 2179 2127 2241 
3 2459 2406 2531 
3 2582 2531 2683 
3 2683 2841 2743 
3 2344 2287 2406 
3 2743 2841 2817 
3 2228 2179 2287 
3 2703 2817 2758 
3 2643 2758 2711 
3 2730 2808 2776 
3 2810 2742 2776 
3 2742 2810 2764 
3 2771 2764 2812 
3 2725 2785 2730 
3 2725 2663 2757 
3 2771 2802 2761 
3 2761 2772 2747 
3 2747 2746 2710 
3 2599 2711 2663 
3 2442 2355 2366 
3 2355 2263 2277 
3 2527 2442 2451 
3 2594 2527 2523 
3 2178 2263 2161 
3 2651 2594 2579 
3 2651 2632 2694 
3 2075 2161 2059 
3 2710 2694 2661 
3 2026 1917 1945 
3 1917 1998 1871 
3 1945 1868 1980 
3 1939 1822 1871 
3 1822 1879 1761 
3 1817 1699 1761 
3 1699 1817 1747 
3 1933 2015 1903 
3 2040 1933 1953 
3 1980 1868 1903 
3 1747 1678 1631 
3 2059 1953 1972 
3 1833 1720 1777 
3 1777 1666 1735 
3 1877 1768 1833 
3 1930 1819 1877 
3 1979 1863 1930 
3 2028 1919 1979 
3 2077 1964 2028 
3 2127 2018 2077 
3 1735 1616 1678 
3 2127 2179 2068 
3 2344 2406 2459 
3 2582 2459 2531 
3 2582 2683 2743 
3 2228 2287 2344 
3 2703 2743 2817 
3 2118 2179 2228 
3 2643 2703 2758 
3 2599 2643 2711 
3 2689 2730 2776 
3 2742 2689 2776 
3 2700 2742 2764 
3 2771 2729 2764 
3 2730 2656 2725 
3 2663 2725 2656 
3 2735 2771 2761 
3 2727 2761 2747 
3 2708 2747 2710 
3 2564 2599 2663 
3 2366 2355 2277 
3 2451 2442 2366 
3 2263 2178 2277 
3 2527 2451 2523 
3 2579 2594 2523 
3 2178 2161 2075 
3 2632 2651 2579 
3 2694 2632 2661 
3 2075 2059 1972 
3 2680 2710 2661 
3 1945 1917 1840 
3 1801 1917 1871 
3 1868 1945 1840 
3 1822 1752 1871 
3 1701 1822 1761 
3 1699 1643 1761 
3 1699 1747 1631 
3 1933 1903 1823 
3 1933 1848 1953 
3 1868 1795 1903 
3 1678 1562 1631 
3 1972 1953 1867 
3 1777 1720 1666 
3 1768 1720 1833 
3 1735 1666 1616 
3 1877 1819 1768 
3 1863 1819 1930 
3 1919 1863 1979 
3 1964 1919 2028 
3 2018 1964 2077 
3 2018 2127 2068 
3 1678 1616 1562 
3 2179 2118 2068 
3 2344 2459 2388 
3 2459 2582 2497 
3 2582 2743 2604 
3 2274 2228 2344 
3 2743 2703 2604 
3 2164 2118 2228 
3 2572 2703 2643 
3 2643 2599 2542 
3 2689 2622 2730 
3 2689 2742 2642 
3 2742 2700 2642 
3 2729 2700 2764 
3 2729 2771 2735 
3 2622 2656 2730 
3 2564 2663 2656 
3 2735 2761 2727 
3 2727 2747 2708 
3 2708 2710 2680 
3 2507 2599 2564 
3 2366 2277 2285 
3 2451 2366 2373 
3 2277 2178 2194 
3 2451 2453 2523 
3 2579 2523 2520 
3 2178 2075 2093 
3 2567 2632 2579 
3 2661 2632 2615 
3 1992 2075 1972 
3 2680 2661 2645 
3 1917 1801 1840 
3 1752 1801 1871 
3 1760 1868 1840 
3 1822 1701 1752 
3 1643 1701 1761 
3 1643 1699 1581 
3 1699 1631 1581 
3 1903 1795 1823 
3 1848 1933 1823 
3 1953 1848 1867 
3 1868 1760 1795 
3 1562 1511 1631 
3 1892 1972 1867 
3 1720 1611 1666 
3 1720 1768 1659 
3 1666 1555 1616 
3 1819 1711 1768 
3 1863 1757 1819 
3 1863 1919 1807 
3 1855 1919 1964 
3 1964 2018 1907 
3 1958 2018 2068 
3 1616 1501 1562 
3 2118 2009 2068 
3 2459 2497 2388 
3 2274 2344 2388 
3 2497 2582 2604 
3 2164 2228 2274 
3 2703 2572 2604 
3 2118 2164 2056 
3 2572 2643 2542 
3 2599 2507 2542 
3 2588 2622 2689 
3 2588 2689 2642 
3 2642 2700 2608 
3 2653 2700 2729 
3 2729 2735 2701 
3 2622 2547 2656 
3 2547 2564 2656 
3 2685 2735 2727 
3 2727 2708 2688 
3 2678 2708 2680 
3 2507 2564 2483 
3 2285 2277 2194 
3 2373 2366 2285 
3 2451 2373 2453 
3 2178 2093 2194 
3 2523 2453 2520 
3 2567 2579 2520 
3 2093 2075 1992 
3 2615 2632 2567 
3 2645 2661 2615 
3 1892 1992 1972 
3 2660 2680 2645 
3 1801 1730 1840 
3 1801 1752 1686 
3 1730 1760 1840 
3 1752 1701 1637 
3 1701 1643 1584 
3 1643 1581 1522 
3 1631 1511 1581 
3 1795 1716 1823 
3 1741 1848 1823 
3 1848 1766 1867 
3 1795 1760 1683 
3 1511 1562 1445 
3 1783 1892 1867 
3 1611 1555 1666 
3 1720 1659 1611 
3 1768 1711 1659 
3 1555 1501 1616 
3 1819 1757 1711 
3 1757 1863 1807 
3 1919 1855 1807 
3 1855 1964 1907 
3 1907 2018 1958 
3 2009 1958 2068 
3 1562 1501 1445 
3 2009 2118 2056 
3 2497 2421 2388 
3 2317 2274 2388 
3 2503 2497 2604 
3 2204 2164 2274 
3 2572 2503 2604 
3 2164 2100 2056 
3 2478 2572 2542 
3 2507 2445 2542 
3 2526 2622 2588 
3 2588 2642 2554 
3 2700 2653 2608 
3 2554 2642 2608 
3 2653 2729 2701 
3 2735 2655 2701 
3 2526 2547 2622 
3 2483 2564 2547 
3 2655 2735 2685 
3 2685 2727 2688 
3 2688 2708 2678 
3 2660 2678 2680 
3 2424 2507 2483 
3 2285 2194 2211 
3 2373 2285 2301 
3 2453 2373 2382 
3 2194 2093 2114 
3 2520 2453 2457 
3 2521 2567 2520 
3 2012 2093 1992 
3 2615 2567 2569 
3 2645 2615 2619 
3 1992 1892 1910 
3 2660 2645 2650 
3 1730 1801 1686 
3 1752 1637 1686 
3 1760 1730 1655 
3 1701 1584 1637 
3 1584 1643 1522 
3 1581 1449 1522 
3 1511 1449 1581 
3 1716 1741 1823 
3 1716 1795 1683 
3 1848 1741 1766 
3 1766 1783 1867 
3 1760 1655 1683 
3 1387 1511 1445 
3 1892 1783 1806 
3 1555 1611 1491 
3 1659 1546 1611 
3 1711 1595 1659 
3 1501 1555 1437 
3 1757 1648 1711 
3 1757 1807 1697 
3 1855 1746 1807 
3 1799 1855 1907 
3 1849 1907 1958 
3 2009 1900 1958 
3 1501 1381 1445 
3 1946 2009 2056 
3 2421 2317 2388 
3 2421 2497 2503 
3 2317 2204 2274 
3 2100 2164 2204 
3 2478 2503 2572 
3 2056 2100 1994 
3 2445 2478 2542 
3 2445 2507 2424 
3 2495 2526 2588 
3 2495 2588 2554 
3 2608 2653 2568 
3 2554 2608 2525 
3 2620 2653 2701 
3 2655 2620 2701 
3 2526 2462 2547 
3 2462 2483 2547 
3 2655 2685 2624 
3 2685 2688 2644 
3 2658 2688 2678 
3 2660 2665 2678 
3 2424 2483 2401 
3 2194 2114 2211 
3 2285 2211 2301 
3 2382 2373 2301 
3 2457 2453 2382 
3 2093 2012 2114 
3 2521 2520 2457 
3 2569 2567 2521 
3 2012 1992 1910 
3 2615 2569 2619 
3 2650 2645 2619 
3 1910 1892 1806 
3 2675 2660 2650 
3 1730 1686 1613 
3 1637 1573 1686 
3 1655 1730 1613 
3 1584 1523 1637 
3 1584 1522 1468 
3 1449 1403 1522 
3 1449 1511 1387 
3 1716 1632 1741 
3 1607 1716 1683 
3 1741 1660 1766 
3 1766 1679 1783 
3 1655 1575 1683 
3 1326 1387 1445 
3 1783 1705 1806 
3 1611 1546 1491 
3 1555 1491 1437 
3 1659 1595 1546 
3 1711 1648 1595 
3 1501 1437 1381 
3 1757 1697 1648 
3 1807 1746 1697 
3 1855 1799 1746 
3 1849 1799 1907 
3 1900 1849 1958 
3 1900 2009 1946 
3 1381 1326 1445 
3 1946 2056 1994 
3 2317 2421 2334 
3 2410 2421 2503 
3 2204 2317 2243 
3 2100 2204 2139 
3 2410 2503 2478 
3 2100 2036 1994 
3 2478 2445 2386 
3 2359 2445 2424 
3 2436 2526 2495 
3 2469 2495 2554 
3 2653 2620 2568 
3 2525 2608 2568 
3 2469 2554 2525 
3 2585 2620 2655 
3 2462 2526 2436 
3 2401 2483 2462 
3 2624 2685 2644 
3 2585 2655 2624 
3 2688 2658 2644 
3 2665 2658 2678 
3 2665 2660 2675 
3 2341 2424 2401 
3 2114 2131 2211 
3 2211 2227 2301 
3 2315 2382 2301 
3 2394 2457 2382 
3 2114 2012 2033 
3 2467 2521 2457 
3 2569 2521 2537 
3 1932 2012 1910 
3 2619 2569 2592 
3 2650 2619 2635 
3 1910 1806 1830 
3 2672 2675 2650 
3 1686 1573 1613 
3 1523 1573 1637 
3 1542 1655 1613 
3 1523 1584 1468 
3 1522 1403 1468 
3 1449 1318 1403 
3 1449 1387 1318 
3 1741 1632 1660 
3 1716 1607 1632 
3 1575 1607 1683 
3 1766 1660 1679 
3 1783 1679 1705 
3 1655 1542 1575 
3 1387 1326 1263 
3 1806 1705 1724 
3 1491 1546 1429 
3 1491 1374 1437 
3 1595 1482 1546 
3 1648 1535 1595 
3 1437 1323 1381 
3 1697 1586 1648 
3 1746 1634 1697 
3 1799 1687 1746 
3 1849 1739 1799 
3 1900 1787 1849 
3 1900 1946 1839 
3 1326 1381 1265 
3 1886 1946 1994 
3 2334 2421 2410 
3 2243 2317 2334 
3 2139 2204 2243 
3 2036 2100 2139 
3 2410 2478 2386 
3 2036 1934 1994 
3 2445 2359 2386 
3 2359 2424 2341 
3 2436 2495 2412 
3 2412 2495 2469 
3 2568 2620 2544 
3 2491 2525 2568 
3 2437 2469 2525 
3 2620 2585 2544 
3 2378 2462 2436 
3 2401 2462 2378 
3 2593 2624 2644 
3 2585 2624 2558 
3 2658 2628 2644 
3 2658 2665 2652 
3 2665 2675 2679 
3 2321 2341 2401 
3 2131 2227 2211 
3 2131 2114 2033 
3 2227 2315 2301 
3 2315 2394 2382 
3 2394 2467 2457 
3 2033 2012 1932 
3 2521 2467 2537 
3 2592 2569 2537 
3 1932 1910 1830 
3 2635 2619 2592 
3 2672 2650 2635 
3 1830 1806 1724 
3 2675 2672 2698 
3 1573 1503 1613 
3 1573 1523 1458 
3 1503 1542 1613 
3 1523 1468 1408 
3 1403 1357 1468 
3 1318 1357 1403 
3 1387 1263 1318 
3 1660 1632 1553 
3 1632 1607 1526 
3 1607 1575 1498 
3 1660 1579 1679 
3 1705 1679 1601 
3 1575 1542 1465 
3 1263 1326 1208 
3 1705 1622 1724 
3 1546 1482 1429 
3 1374 1491 1429 
3 1437 1374 1323 
3 1595 1535 1482 
3 1648 1586 1535 
3 1381 1323 1265 
3 1634 1586 1697 
3 1746 1687 1634 
3 1799 1739 1687 
3 1849 1787 1739 
3 1787 1900 1839 
3 1839 1946 1886 
3 1208 1326 1265 
3 1934 1886 1994 
3 2334 2410 2319 
3 2243 2334 2245 
3 2139 2243 2158 
3 2036 2139 2074 
3 2319 2410 2386 
3 1934 2036 1973 
3 2359 2293 2386 
3 2359 2341 2273 
3 2352 2436 2412 
3 2412 2469 2379 
3 2491 2568 2544 
3 2491 2437 2525 
3 2379 2469 2437 
3 2585 2519 2544 
3 2378 2436 2352 
3 2321 2401 2378 
3 2558 2624 2593 
3 2628 2593 2644 
3 2519 2585 2558 
3 2628 2658 2652 
3 2652 2665 2679 
3 2679 2675 2698 
3 2256 2341 2321 
3 2227 2131 2153 
3 2131 2033 2054 
3 2315 2227 2244 
3 2315 2333 2394 
3 2467 2394 2414 
3 2033 1932 1951 
3 2537 2467 2490 
3 2561 2592 2537 
3 1847 1932 1830 
3 2635 2592 2627 
3 2670 2672 2635 
3 1744 1830 1724 
3 2672 2705 2698 
3 1503 1573 1458 
3 1523 1408 1458 
3 1542 1503 1428 
3 1468 1357 1408 
3 1246 1357 1318 
3 1263 1193 1318 
3 1553 1632 1526 
3 1660 1553 1579 
3 1607 1498 1526 
3 1498 1575 1465 
3 1679 1579 1601 
3 1705 1601 1622 
3 1542 1428 1465 
3 1145 1263 1208 
3 1622 1641 1724 
3 1482 1368 1429 
3 1317 1374 1429 
3 1374 1260 1323 
3 1535 1421 1482 
3 1586 1475 1535 
3 1323 1205 1265 
3 1586 1634 1524 
3 1687 1577 1634 
3 1739 1629 1687 
3 1787 1673 1739 
3 1732 1787 1839 
3 1774 1839 1886 
3 1151 1208 1265 
3 1934 1825 1886 
3 2334 2319 2245 
3 2158 2243 2245 
3 2074 2139 2158 
3 1973 2036 2074 
3 2293 2319 2386 
3 1869 1934 1973 
3 2293 2359 2273 
3 2341 2256 2273 
3 2352 2412 2324 
3 2324 2412 2379 
3 2470 2491 2544 
3 2437 2491 2417 
3 2379 2437 2353 
3 2519 2470 2544 
3 2294 2378 2352 
3 2321 2378 2294 
3 2536 2558 2593 
3 2628 2571 2593 
3 2500 2519 2558 
3 2628 2652 2618 
3 2657 2652 2679 
3 2699 2679 2698 
3 2256 2321 2235 
3 2153 2131 2054 
3 2244 2227 2153 
3 2054 2033 1951 
3 2333 2315 2244 
3 2394 2333 2414 
3 2490 2467 2414 
3 1951 1932 1847 
3 2561 2537 2490 
3 2592 2561 2627 
3 1744 1847 1830 
3 2670 2635 2627 
3 2705 2672 2670 
3 1641 1744 1724 
3 2705 2728 2698 
3 1503 1458 1391 
3 1408 1342 1458 
3 1428 1503 1391 
3 1357 1291 1408 
3 1357 1246 1291 
3 1193 1246 1318 
3 1263 1145 1193 
3 1443 1553 1526 
3 1553 1473 1579 
3 1498 1415 1526 
3 1498 1465 1386 
3 1579 1497 1601 
3 1601 1517 1622 
3 1428 1352 1465 
3 1145 1208 1093 
3 1537 1641 1622 
3 1368 1317 1429 
3 1421 1368 1482 
3 1317 1260 1374 
3 1260 1205 1323 
3 1535 1475 1421 
3 1475 1586 1524 
3 1205 1151 1265 
3 1634 1577 1524 
3 1687 1629 1577 
3 1739 1673 1629 
3 1787 1732 1673 
3 1774 1732 1839 
3 1825 1774 1886 
3 1208 1151 1093 
3 1825 1934 1869 
3 2319 2229 2245 
3 2147 2158 2245 
3 2074 2158 2147 
3 1973 2074 2023 
3 2319 2293 2229 
3 1869 1973 1918 
3 2205 2293 2273 
3 2273 2256 2181 
3 2266 2352 2324 
3 2324 2379 2290 
3 2417 2491 2470 
3 2437 2417 2353 
3 2379 2353 2290 
3 2470 2519 2452 
3 2294 2352 2266 
3 2235 2321 2294 
3 2536 2500 2558 
3 2571 2536 2593 
3 2571 2628 2618 
3 2452 2519 2500 
3 2652 2657 2618 
3 2657 2679 2699 
3 2728 2699 2698 
3 2256 2235 2163 
3 2153 2054 2079 
3 2244 2153 2176 
3 2054 1951 1981 
3 2333 2244 2271 
3 2414 2333 2356 
3 2440 2490 2414 
3 1951 1847 1870 
3 2530 2561 2490 
3 2627 2561 2607 
3 1847 1744 1765 
3 2670 2627 2669 
3 2705 2670 2719 
3 1744 1641 1663 
3 2728 2705 2750 
3 1458 1342 1391 
3 1291 1342 1408 
3 1428 1391 1320 
3 1291 1246 1180 
3 1246 1193 1128 
3 1193 1145 1080 
3 1553 1443 1473 
3 1415 1443 1526 
3 1579 1473 1497 
3 1415 1498 1386 
3 1465 1352 1386 
3 1601 1497 1517 
3 1517 1537 1622 
3 1428 1320 1352 
3 1145 1093 1033 
3 1641 1537 1557 
3 1368 1255 1317 
3 1307 1368 1421 
3 1260 1317 1198 
3 1205 1260 1146 
3 1475 1360 1421 
3 1412 1475 1524 
3 1151 1205 1090 
3 1577 1467 1524 
3 1577 1629 1518 
3 1673 1568 1629 
3 1673 1732 1621 
3 1665 1732 1774 
3 1774 1825 1717 
3 1151 1037 1093 
3 1764 1825 1869 
3 2229 2147 2245 
3 2074 2147 2023 
3 1918 1973 2023 
3 2229 2293 2205 
3 1814 1869 1918 
3 2205 2273 2181 
3 2181 2256 2163 
3 2266 2324 2226 
3 2226 2324 2290 
3 2417 2470 2396 
3 2353 2417 2339 
3 2353 2276 2290 
3 2470 2452 2396 
3 2219 2294 2266 
3 2235 2294 2219 
3 2500 2536 2444 
3 2517 2536 2571 
3 2565 2571 2618 
3 2452 2500 2447 
3 2657 2625 2618 
3 2657 2699 2677 
3 2699 2728 2726 
3 2235 2150 2163 
3 2079 2054 1981 
3 2176 2153 2079 
3 2244 2176 2271 
3 1981 1951 1870 
3 2356 2333 2271 
3 2440 2414 2356 
3 2440 2530 2490 
3 1870 1847 1765 
3 2607 2561 2530 
3 2669 2627 2607 
3 1744 1663 1765 
3 2719 2670 2669 
3 2750 2705 2719 
3 1641 1557 1663 
3 2762 2728 2750 
3 1342 1277 1391 
3 1291 1228 1342 
3 1391 1277 1320 
3 1246 1128 1180 
3 1228 1291 1180 
3 1193 1080 1128 
3 1145 1033 1080 
3 1443 1362 1473 
3 1415 1335 1443 
3 1473 1388 1497 
3 1303 1415 1386 
3 1352 1274 1386 
3 1497 1410 1517 
3 1517 1431 1537 
3 1320 1238 1352 
3 1033 1093 976 
3 1537 1448 1557 
3 1317 1255 1198 
3 1368 1307 1255 
3 1360 1307 1421 
3 1260 1198 1146 
3 1205 1146 1090 
3 1475 1412 1360 
3 1467 1412 1524 
3 1037 1151 1090 
3 1467 1577 1518 
3 1629 1568 1518 
3 1568 1673 1621 
3 1732 1665 1621 
3 1665 1774 1717 
3 1825 1764 1717 
3 1093 1037 976 
3 1764 1869 1814 
3 2147 2229 2141 
3 2023 2147 2047 
3 1918 2023 1947 
3 2229 2205 2141 
3 1858 1814 1918 
3 2123 2205 2181 
3 2078 2181 2163 
3 2201 2266 2226 
3 2226 2290 2208 
3 2339 2417 2396 
3 2276 2353 2339 
3 2290 2276 2208 
3 2396 2452 2385 
3 2201 2219 2266 
3 2150 2235 2219 
3 2536 2517 2444 
3 2444 2447 2500 
3 2517 2571 2565 
3 2625 2565 2618 
3 2452 2447 2385 
3 2625 2657 2677 
3 2677 2699 2726 
3 2726 2728 2762 
3 2150 2071 2163 
3 2079 1981 2008 
3 2176 2079 2107 
3 2176 2203 2271 
3 1981 1870 1901 
3 2297 2356 2271 
3 2390 2440 2356 
3 2440 2480 2530 
3 1788 1870 1765 
3 2580 2607 2530 
3 2669 2607 2664 
3 1765 1663 1675 
3 2719 2669 2732 
3 2750 2719 2766 
3 1663 1557 1578 
3 2795 2762 2750 
3 1342 1228 1277 
3 1277 1206 1320 
3 1180 1128 1071 
3 1228 1180 1118 
3 1128 1080 1016 
3 1080 1033 966 
3 1473 1362 1388 
3 1443 1335 1362 
3 1415 1303 1335 
3 1497 1388 1410 
3 1274 1303 1386 
3 1238 1274 1352 
3 1410 1431 1517 
3 1431 1448 1537 
3 1320 1206 1238 
3 1033 976 922 
3 1448 1474 1557 
3 1198 1255 1143 
3 1255 1307 1194 
3 1360 1248 1307 
3 1198 1085 1146 
3 1146 1032 1090 
3 1412 1298 1360 
3 1467 1353 1412 
3 1037 1090 974 
3 1404 1467 1518 
3 1568 1459 1518 
3 1568 1621 1513 
3 1665 1560 1621 
3 1606 1665 1717 
3 1764 1654 1717 
3 1037 917 976 
3 1702 1764 1814 
3 2047 2147 2141 
3 1947 2023 2047 
3 1858 1918 1947 
3 2141 2205 2123 
3 1858 1751 1814 
3 2123 2181 2078 
3 2071 2078 2163 
3 2226 2149 2201 
3 2138 2226 2208 
3 2339 2396 2326 
3 2276 2339 2262 
3 2208 2276 2195 
3 2326 2396 2385 
3 2219 2201 2145 
3 2150 2219 2145 
3 2444 2517 2449 
3 2377 2447 2444 
3 2517 2565 2514 
3 2565 2625 2573 
3 2447 2377 2385 
3 2637 2625 2677 
3 2706 2677 2726 
3 2759 2726 2762 
3 2071 2150 2063 
3 2008 1981 1901 
3 2079 2008 2107 
3 2203 2176 2107 
3 2203 2297 2271 
3 1870 1788 1901 
3 2297 2390 2356 
3 2480 2440 2390 
3 2480 2580 2530 
3 1788 1765 1675 
3 2607 2580 2664 
3 2732 2669 2664 
3 1663 1578 1675 
3 2766 2719 2732 
3 2795 2750 2766 
3 1557 1474 1578 
3 2795 2804 2762 
3 1277 1228 1165 
3 1206 1277 1165 
3 1128 1016 1071 
3 1180 1071 1118 
3 1228 1118 1165 
3 1080 966 1016 
3 966 1033 922 
3 1362 1281 1388 
3 1335 1254 1362 
3 1335 1303 1225 
3 1388 1302 1410 
3 1303 1274 1191 
3 1168 1274 1238 
3 1431 1410 1327 
3 1448 1431 1343 
3 1206 1131 1238 
3 976 861 922 
3 1474 1448 1365 
3 1255 1194 1143 
3 1198 1143 1085 
3 1307 1248 1194 
3 1360 1298 1248 
3 1085 1032 1146 
3 1090 1032 974 
3 1412 1353 1298 
3 1467 1404 1353 
3 917 1037 974 
3 1459 1404 1518 
3 1568 1513 1459 
3 1621 1560 1513 
3 1560 1665 1606 
3 1654 1606 1717 
3 1654 1764 1702 
3 917 861 976 
3 1751 1702 1814 
3 2055 2047 2141 
3 1947 2047 1940 
3 1858 1947 1940 
3 2055 2141 2123 
3 1751 1858 1803 
3 2067 2123 2078 
3 2071 1986 2078 
3 2145 2201 2149 
3 2226 2138 2149 
3 2138 2208 2125 
3 2262 2339 2326 
3 2276 2262 2195 
3 2125 2208 2195 
3 2316 2326 2385 
3 2063 2150 2145 
3 2449 2517 2514 
3 2380 2444 2449 
3 2377 2444 2380 
3 2514 2565 2573 
3 2573 2625 2637 
3 2377 2316 2385 
3 2637 2677 2706 
3 2706 2726 2759 
3 2804 2759 2762 
3 2071 2063 1982 
3 1935 2008 1901 
3 2008 2038 2107 
3 2203 2107 2142 
3 2297 2203 2239 
3 1901 1788 1820 
3 2390 2297 2335 
3 2480 2390 2426 
3 2580 2480 2511 
3 1703 1788 1675 
3 2580 2662 2664 
3 2732 2664 2740 
3 1578 1593 1675 
3 2783 2766 2732 
3 2811 2795 2766 
3 1578 1474 1490 
3 2804 2795 2829 
3 1101 1206 1165 
3 1016 954 1071 
3 1118 1071 1006 
3 1118 1055 1165 
3 1016 966 908 
3 867 966 922 
3 1281 1302 1388 
3 1254 1281 1362 
3 1254 1335 1225 
3 1303 1191 1225 
3 1410 1302 1327 
3 1274 1168 1191 
3 1131 1168 1238 
3 1431 1327 1343 
3 1448 1343 1365 
3 1206 1101 1131 
3 922 861 806 
3 1474 1365 1385 
3 1194 1083 1143 
3 1143 1029 1085 
3 1248 1138 1194 
3 1248 1298 1187 
3 972 1032 1085 
3 1032 919 974 
3 1353 1241 1298 
3 1404 1292 1353 
3 856 917 974 
3 1404 1459 1350 
3 1513 1407 1459 
3 1560 1469 1513 
3 1560 1606 1455 
3 1606 1654 1530 
3 1654 1702 1589 
3 917 798 861 
3 1702 1751 1644 
3 2047 2055 1940 
3 1803 1858 1940 
3 2067 2055 2123 
3 1691 1751 1803 
3 2067 2078 1984 
3 2078 1986 1984 
3 1986 2071 1982 
3 2065 2145 2149 
3 2138 2061 2149 
3 2051 2138 2125 
3 2262 2326 2252 
3 2262 2182 2195 
3 2117 2125 2195 
3 2252 2326 2316 
3 2065 2063 2145 
3 2461 2449 2514 
3 2380 2449 2391 
3 2313 2377 2380 
3 2514 2573 2533 
3 2598 2573 2637 
3 2316 2377 2313 
3 2674 2637 2706 
3 2749 2706 2759 
3 2759 2804 2800 
3 1982 2063 1978 
3 2038 2008 1935 
3 1935 1901 1820 
3 2107 2038 2142 
3 2239 2203 2142 
3 2335 2297 2239 
3 1788 1703 1820 
3 2426 2390 2335 
3 2511 2480 2426 
3 2581 2580 2511 
3 1593 1703 1675 
3 2664 2662 2740 
3 2662 2580 2581 
3 2783 2732 2740 
3 1593 1578 1490 
3 2783 2811 2766 
3 2795 2811 2829 
3 1490 1474 1385 
3 2832 2804 2829 
3 1055 1101 1165 
3 1071 954 1006 
3 1016 908 954 
3 1055 1118 1006 
3 966 867 908 
3 867 922 806 
3 1302 1281 1197 
3 1281 1254 1175 
3 1254 1225 1147 
3 1225 1191 1108 
3 1302 1221 1327 
3 1191 1168 1108 
3 1168 1131 1064 
3 1327 1240 1343 
3 1343 1261 1365 
3 1101 1027 1131 
3 861 733 806 
3 1365 1280 1385 
3 1143 1083 1029 
3 1138 1083 1194 
3 1029 972 1085 
3 1138 1248 1187 
3 1298 1241 1187 
3 1032 972 919 
3 919 856 974 
3 1292 1241 1353 
3 1292 1404 1350 
3 917 856 798 
3 1459 1407 1350 
3 1513 1469 1407 
3 1469 1560 1455 
3 1455 1606 1530 
3 1654 1589 1530 
3 1589 1702 1644 
3 798 733 861 
3 1751 1691 1644 
3 1940 2055 1961 
3 1845 1803 1940 
3 2055 2067 1961 
3 1691 1803 1731 
3 1961 2067 1984 
3 1984 1986 1881 
3 1884 1986 1982 
3 2061 2065 2149 
3 2051 2061 2138 
3 2043 2051 2125 
3 2182 2262 2252 
3 2182 2117 2195 
3 2117 2043 2125 
3 2252 2316 2246 
3 1978 2063 2065 
3 2449 2461 2391 
3 2461 2514 2533 
3 2320 2380 2391 
3 2320 2313 2380 
3 2573 2598 2533 
3 2598 2637 2674 
3 2246 2316 2313 
3 2674 2706 2749 
3 2749 2759 2800 
3 2800 2804 2832 
3 1982 1978 1883 
3 2038 1935 1965 
3 1935 1820 1854 
3 2142 2038 2072 
3 2174 2239 2142 
3 2335 2239 2278 
3 1703 1734 1820 
3 2426 2335 2371 
3 2511 2426 2466 
3 2581 2511 2555 
3 1703 1593 1614 
3 2740 2662 2737 
3 2662 2581 2646 
3 2783 2740 2788 
3 1593 1490 1507 
3 2811 2783 2821 
3 2811 2845 2829 
3 1400 1490 1385 
3 2832 2829 2861 
3 1101 1055 994 
3 954 898 1006 
3 908 848 954 
3 1055 1006 948 
3 867 804 908 
3 751 867 806 
3 1281 1175 1197 
3 1302 1197 1221 
3 1254 1147 1175 
3 1147 1225 1108 
3 1221 1240 1327 
3 1168 1064 1108 
3 1131 1027 1064 
3 1343 1240 1261 
3 1261 1280 1365 
3 1101 994 1027 
3 733 683 806 
3 1385 1280 1294 
3 1083 970 1029 
3 1138 1025 1083 
3 916 972 1029 
3 1081 1138 1187 
3 1241 1133 1187 
3 972 858 919 
3 856 919 799 
3 1241 1292 1183 
3 1292 1350 1242 
3 798 856 732 
3 1407 1299 1350 
3 1469 1369 1407 
3 1369 1469 1455 
3 1455 1530 1401 
3 1589 1477 1530 
3 1534 1589 1644 
3 798 674 733 
3 1644 1691 1582 
3 1845 1940 1961 
3 1803 1845 1731 
3 1691 1731 1617 
3 1865 1961 1984 
3 1986 1884 1881 
3 1865 1984 1881 
3 1884 1982 1883 
3 2065 2061 1977 
3 1969 2061 2051 
3 1963 2051 2043 
3 2175 2182 2252 
3 2117 2182 2104 
3 2043 2117 2035 
3 2175 2252 2246 
3 1978 2065 1977 
3 2461 2408 2391 
3 2482 2461 2533 
3 2332 2320 2391 
3 2320 2248 2313 
3 2533 2598 2557 
3 2636 2598 2674 
3 2248 2246 2313 
3 2718 2674 2749 
3 2779 2749 2800 
3 2823 2800 2832 
3 1883 1978 1887 
3 1965 1935 1854 
3 2072 2038 1965 
3 1820 1734 1854 
3 2174 2142 2072 
3 2278 2239 2174 
3 2335 2278 2371 
3 1703 1614 1734 
3 2466 2426 2371 
3 2511 2466 2555 
3 2646 2581 2555 
3 1593 1507 1614 
3 2737 2662 2646 
3 2788 2740 2737 
3 2821 2783 2788 
3 1507 1490 1400 
3 2845 2811 2821 
3 2829 2845 2861 
3 1400 1385 1294 
3 2875 2832 2861 
3 994 1055 948 
3 1006 898 948 
3 954 848 898 
3 908 804 848 
3 867 751 804 
3 683 751 806 
3 1175 1100 1197 
3 1197 1122 1221 
3 1147 1069 1175 
3 1039 1147 1108 
3 1221 1144 1240 
3 1064 996 1108 
3 1027 953 1064 
3 1240 1157 1261 
3 1280 1261 1172 
3 994 929 1027 
3 611 683 733 
3 1280 1188 1294 
3 970 916 1029 
3 1083 1025 970 
3 1081 1025 1138 
3 972 916 858 
3 1133 1081 1187 
3 1241 1183 1133 
3 919 858 799 
3 856 799 732 
3 1183 1292 1242 
3 1350 1299 1242 
3 674 798 732 
3 1407 1369 1299 
3 1331 1369 1455 
3 1530 1477 1401 
3 1331 1455 1401 
3 1477 1589 1534 
3 1534 1644 1582 
3 674 611 733 
3 1582 1691 1617 
3 1845 1961 1865 
3 1845 1755 1731 
3 1731 1645 1617 
3 1884 1778 1881 
3 1770 1865 1881 
3 1786 1884 1883 
3 2061 1969 1977 
3 1969 2051 1963 
3 1963 2043 1959 
3 2182 2175 2104 
3 2035 2117 2104 
3 1959 2043 2035 
3 2175 2246 2172 
3 1978 1977 1887 
3 2408 2332 2391 
3 2461 2482 2408 
3 2482 2533 2557 
3 2254 2320 2332 
3 2320 2254 2248 
3 2598 2636 2557 
3 2718 2636 2674 
3 2172 2246 2248 
3 2718 2749 2779 
3 2779 2800 2823 
3 2864 2823 2832 
3 1790 1883 1887 
3 1965 1854 1898 
3 2072 1965 2007 
3 1854 1734 1773 
3 2174 2072 2108 
3 2218 2278 2174 
3 2371 2278 2318 
3 1734 1614 1636 
3 2466 2371 2420 
3 2466 2515 2555 
3 2616 2646 2555 
3 1614 1507 1529 
3 2723 2737 2646 
3 2792 2788 2737 
3 2821 2788 2827 
3 1507 1400 1420 
3 2845 2821 2854 
3 2861 2845 2871 
3 1316 1400 1294 
3 2875 2864 2832 
3 2875 2861 2871 
3 886 994 948 
3 898 841 948 
3 898 848 785 
3 804 742 848 
3 751 702 804 
3 751 683 636 
3 1197 1100 1122 
3 1175 1069 1100 
3 1221 1122 1144 
3 1147 1039 1069 
3 996 1039 1108 
3 1240 1144 1157 
3 953 996 1064 
3 1027 929 953 
3 1261 1157 1172 
3 1280 1172 1188 
3 929 994 886 
3 683 611 563 
3 1188 1211 1294 
3 916 970 854 
3 1025 915 970 
3 1025 1081 967 
3 916 802 858 
3 1021 1081 1133 
3 1183 1079 1133 
3 858 736 799 
3 799 677 732 
3 1132 1183 1242 
3 1299 1190 1242 
3 614 674 732 
3 1369 1259 1299 
3 1259 1369 1331 
3 1477 1359 1401 
3 1282 1331 1401 
3 1426 1477 1534 
3 1476 1534 1582 
3 611 674 549 
3 1506 1582 1617 
3 1755 1845 1865 
3 1755 1645 1731 
3 1645 1536 1617 
3 1778 1770 1881 
3 1778 1884 1786 
3 1770 1755 1865 
3 1786 1883 1790 
3 1969 1882 1977 
3 1969 1963 1878 
3 1874 1963 1959 
3 2175 2095 2104 
3 2013 2035 2104 
3 1967 1959 2035 
3 2095 2175 2172 
3 1977 1882 1887 
3 2332 2408 2350 
3 2408 2482 2432 
3 2513 2482 2557 
3 2254 2332 2267 
3 2248 2254 2171 
3 2557 2636 2595 
3 2682 2636 2718 
3 2172 2248 2171 
3 2753 2718 2779 
3 2803 2779 2823 
3 2864 2840 2823 
3 1789 1790 1887 
3 1898 1854 1773 
3 2007 1965 1898 
3 2108 2072 2007 
3 1734 1636 1773 
3 2218 2174 2108 
3 2278 2218 2318 
3 2371 2318 2420 
3 1636 1614 1529 
3 2515 2466 2420 
3 2515 2616 2555 
3 2616 2723 2646 
3 1507 1420 1529 
3 2723 2792 2737 
3 2788 2792 2827 
3 2854 2821 2827 
3 1420 1400 1316 
3 2871 2845 2854 
3 1211 1316 1294 
3 2864 2875 2887 
3 2882 2875 2871 
3 841 886 948 
3 841 898 785 
3 848 742 785 
3 804 702 742 
3 702 751 636 
3 683 563 636 
3 1100 1015 1122 
3 1069 993 1100 
3 1144 1122 1043 
3 1069 1039 957 
3 1039 996 926 
3 1144 1066 1157 
3 996 953 877 
3 953 929 832 
3 1157 1066 1172 
3 1172 1084 1188 
3 826 929 886 
3 563 611 487 
3 1104 1211 1188 
3 970 915 854 
3 916 854 802 
3 915 1025 967 
3 1081 1021 967 
3 858 802 736 
3 1079 1021 1133 
3 1183 1132 1079 
3 736 677 799 
3 677 614 732 
3 1190 1132 1242 
3 1299 1259 1190 
3 674 614 549 
3 1259 1331 1212 
3 1359 1282 1401 
3 1477 1426 1359 
3 1212 1331 1282 
3 1426 1534 1476 
3 1506 1476 1582 
3 611 549 487 
3 1536 1506 1617 
3 1645 1755 1664 
3 1558 1536 1645 
3 1770 1778 1674 
3 1688 1778 1786 
3 1664 1755 1770 
3 1692 1786 1790 
3 1882 1969 1878 
3 1963 1874 1878 
3 1874 1959 1880 
3 2095 2013 2104 
3 2013 1967 2035 
3 1880 1959 1967 
3 2095 2172 2091 
3 1882 1789 1887 
3 2350 2408 2432 
3 2332 2350 2267 
3 2482 2513 2432 
3 2513 2557 2595 
3 2177 2254 2267 
3 2171 2254 2177 
3 2636 2682 2595 
3 2682 2718 2753 
3 2091 2172 2171 
3 2803 2753 2779 
3 2840 2803 2823 
3 2840 2864 2878 
3 1790 1789 1694 
3 1828 1898 1773 
3 2007 1898 1937 
3 2042 2108 2007 
3 1773 1636 1651 
3 2152 2218 2108 
3 2218 2259 2318 
3 2318 2362 2420 
3 1548 1636 1529 
3 2515 2420 2463 
3 2616 2515 2566 
3 2723 2616 2707 
3 1420 1441 1529 
3 2792 2723 2786 
3 2792 2826 2827 
3 2851 2854 2827 
3 1420 1316 1333 
3 2871 2854 2869 
3 1316 1211 1224 
3 2875 2882 2887 
3 2878 2864 2887 
3 2882 2871 2869 
3 841 781 886 
3 728 841 785 
3 742 684 785 
3 742 702 644 
3 702 636 644 
3 563 546 636 
3 1122 1015 1043 
3 1100 993 1015 
3 1069 957 993 
3 1066 1144 1043 
3 1039 926 957 
3 926 996 877 
3 953 832 877 
3 929 826 832 
3 1172 1066 1084 
3 1084 1104 1188 
3 781 826 886 
3 459 563 487 
3 1211 1104 1113 
3 854 915 801 
3 854 738 802 
3 857 915 967 
3 967 1021 913 
3 802 681 736 
3 1021 1079 963 
3 1079 1132 1023 
3 621 677 736 
3 677 556 614 
3 1132 1190 1086 
3 1259 1134 1190 
3 614 486 549 
3 1134 1259 1212 
3 1282 1359 1235 
3 1359 1426 1321 
3 1212 1282 1163 
3 1371 1426 1476 
3 1506 1395 1476 
3 549 417 487 
3 1424 1506 1536 
3 1558 1645 1664 
3 1536 1558 1447 
3 1674 1778 1688 
3 1664 1770 1674 
3 1688 1786 1692 
3 1692 1790 1694 
3 1882 1878 1784 
3 1878 1874 1779 
3 1874 1880 1781 
3 2013 2095 1999 
3 1967 2013 1889 
3 1880 1967 1889 
3 1999 2095 2091 
3 1789 1882 1784 
3 2350 2432 2372 
3 2267 2350 2283 
3 2432 2513 2464 
3 2551 2513 2595 
3 2190 2177 2267 
3 2171 2177 2090 
3 2682 2633 2595 
3 2682 2753 2716 
3 2091 2171 2090 
3 2769 2753 2803 
3 2813 2803 2840 
3 2855 2840 2878 
3 1694 1789 1693 
3 1898 1828 1937 
3 1721 1828 1773 
3 2042 2007 1937 
3 2042 2152 2108 
3 1636 1548 1651 
3 1721 1773 1651 
3 2259 2218 2152 
3 2318 2259 2362 
3 2420 2362 2463 
3 1441 1548 1529 
3 2566 2515 2463 
3 2707 2616 2566 
3 2786 2723 2707 
3 1441 1420 1333 
3 2826 2792 2786 
3 2826 2851 2827 
3 2854 2851 2869 
3 1316 1224 1333 
3 1224 1211 1113 
3 2887 2882 2892 
3 2895 2878 2887 
3 2882 2869 2880 
3 841 728 781 
3 684 728 785 
3 684 742 644 
3 636 546 644 
3 563 459 546 
3 1015 940 1043 
3 1015 993 912 
3 993 957 885 
3 1066 1043 958 
3 957 926 850 
3 926 877 808 
3 832 757 877 
3 832 826 782 
3 1066 985 1084 
3 999 1104 1084 
3 826 781 725 
3 361 459 487 
3 1104 1011 1113 
3 915 857 801 
3 738 854 801 
3 738 681 802 
3 857 967 913 
3 913 1021 963 
3 681 621 736 
3 1079 1023 963 
3 1132 1086 1023 
3 677 621 556 
3 614 556 486 
3 1086 1190 1134 
3 549 486 417 
3 1134 1212 1092 
3 1235 1359 1321 
3 1163 1282 1235 
3 1426 1371 1321 
3 1092 1212 1163 
3 1395 1371 1476 
3 1395 1506 1424 
3 417 361 487 
3 1424 1536 1447 
3 1558 1664 1571 
3 1558 1462 1447 
3 1585 1674 1688 
3 1571 1664 1674 
3 1591 1688 1692 
3 1598 1692 1694 
3 1784 1878 1779 
3 1779 1874 1781 
3 1880 1792 1781 
3 1897 2013 1999 
3 1889 2013 1897 
3 1880 1889 1792 
3 1999 2091 2001 
3 1693 1789 1784 
3 2372 2432 2464 
3 2350 2372 2283 
3 2190 2267 2283 
3 2464 2513 2551 
3 2633 2551 2595 
3 2094 2177 2190 
3 2177 2094 2090 
3 2633 2682 2716 
3 2753 2769 2716 
3 2091 2090 2001 
3 2769 2803 2813 
3 2813 2840 2855 
3 2855 2878 2889 
3 1605 1694 1693 
3 1828 1861 1937 
3 1828 1721 1759 
3 1975 2042 1937 
3 2152 2042 2083 
3 1651 1548 1561 
3 1721 1651 1661 
3 2259 2152 2193 
3 2362 2259 2299 
3 2362 2405 2463 
3 1548 1441 1457 
3 2566 2463 2510 
3 2707 2566 2612 
3 2786 2707 2793 
3 1441 1333 1351 
3 2826 2786 2825 
3 2843 2851 2826 
3 2851 2862 2869 
3 1333 1224 1244 
3 1224 1113 1129 
3 2892 2882 2880 
3 2895 2887 2892 
3 2878 2895 2889 
3 2869 2862 2880 
3 781 728 672 
3 728 684 629 
3 684 644 579 
3 644 546 579 
3 546 459 479 
3 1043 940 958 
3 1015 912 940 
3 993 885 912 
3 957 850 885 
3 1066 958 985 
3 850 926 808 
3 877 757 808 
3 832 782 757 
3 826 725 782 
3 985 999 1084 
3 1104 999 1011 
3 781 672 725 
3 459 361 376 
3 1113 1011 1020 
3 801 857 737 
3 738 801 679 
3 681 738 620 
3 857 913 800 
3 913 963 853 
3 681 558 621 
3 1023 918 963 
3 1086 982 1023 
3 621 499 556 
3 486 556 431 
3 1134 1049 1086 
3 486 332 417 
3 1134 1092 1010 
3 1235 1321 1213 
3 1125 1163 1235 
3 1321 1371 1287 
3 1092 1163 1050 
3 1371 1395 1287 
3 1315 1395 1424 
3 361 417 255 
3 1337 1424 1447 
3 1462 1558 1571 
3 1462 1364 1447 
3 1571 1674 1585 
3 1585 1688 1591 
3 1591 1692 1598 
3 1605 1598 1694 
3 1684 1784 1779 
3 1681 1779 1781 
3 1792 1689 1781 
3 1897 1999 1904 
3 1889 1897 1797 
3 1792 1889 1797 
3 1904 1999 2001 
3 1693 1784 1684 
3 2372 2464 2403 
3 2283 2372 2306 
3 2190 2283 2210 
3 2464 2551 2492 
3 2551 2633 2577 
3 2094 2190 2109 
3 2094 2004 2090 
3 2659 2633 2716 
3 2769 2733 2716 
3 2090 2004 2001 
3 2769 2813 2778 
3 2813 2855 2814 
3 2860 2855 2889 
3 1624 1605 1693 
3 1861 1975 1937 
3 1861 1828 1759 
3 1759 1721 1661 
3 2083 2042 1975 
3 2193 2152 2083 
3 1548 1457 1561 
3 1651 1561 1661 
3 2299 2259 2193 
3 2405 2362 2299 
3 2463 2405 2510 
3 1457 1441 1351 
3 2612 2566 2510 
3 2713 2707 2612 
3 2793 2707 2713 
3 2825 2786 2793 
3 1333 1244 1351 
3 2843 2826 2825 
3 2862 2851 2843 
3 1224 1129 1244 
3 1113 1020 1129 
3 2892 2880 2888 
3 2895 2892 2899 
3 2895 2900 2889 
3 2862 2866 2880 
3 672 728 629 
3 684 579 629 
3 546 479 579 
3 459 376 479 
3 958 940 855 
3 912 834 940 
3 885 811 912 
3 850 774 885 
3 958 876 985 
3 740 850 808 
3 757 695 808 
3 782 682 757 
3 782 725 682 
3 895 999 985 
3 999 910 1011 
3 672 627 725 
3 361 259 376 
3 1020 1011 927 
3 857 800 737 
3 801 737 679 
3 620 738 679 
3 681 620 558 
3 913 853 800 
3 963 918 853 
3 621 558 499 
3 982 918 1023 
3 982 1086 1049 
3 556 499 431 
3 332 486 431 
3 1049 1134 1010 
3 417 332 255 
3 1092 971 1010 
3 1213 1321 1287 
3 1125 1235 1213 
3 1163 1125 1050 
3 971 1092 1050 
3 1395 1315 1287 
3 1315 1424 1337 
3 259 361 255 
3 1364 1337 1447 
3 1462 1571 1478 
3 1364 1462 1478 
3 1571 1585 1478 
3 1488 1585 1591 
3 1499 1591 1598 
3 1598 1605 1508 
3 1684 1779 1681 
3 1689 1681 1781 
3 1689 1792 1695 
3 1897 1904 1802 
3 1797 1897 1802 
3 1695 1792 1797 
3 1906 1904 2001 
3 1624 1693 1684 
3 2403 2464 2492 
3 2372 2403 2306 
3 2210 2283 2306 
3 2109 2190 2210 
3 2492 2551 2577 
3 2577 2633 2659 
3 2014 2094 2109 
3 2004 2094 2014 
3 2733 2659 2716 
3 2733 2769 2778 
3 2004 1906 2001 
3 2778 2813 2814 
3 2814 2855 2860 
3 2894 2860 2889 
3 1525 1605 1624 
3 1975 1861 1905 
3 1796 1861 1759 
3 1759 1661 1685 
3 2083 1975 2017 
3 2193 2083 2128 
3 1457 1479 1561 
3 1661 1561 1583 
3 2299 2193 2237 
3 2405 2299 2347 
3 2405 2448 2510 
3 1457 1351 1370 
3 2553 2612 2510 
3 2713 2612 2668 
3 2773 2793 2713 
3 2824 2825 2793 
3 1351 1244 1267 
3 2843 2825 2837 
3 2852 2862 2843 
3 1244 1129 1155 
3 1129 1020 1028 
3 2880 2866 2888 
3 2899 2892 2888 
3 2900 2895 2899 
3 2900 2894 2889 
3 2852 2866 2862 
3 570 672 629 
3 579 526 629 
3 479 526 579 
3 376 424 479 
3 940 834 855 
3 958 855 876 
3 912 811 834 
3 885 774 811 
3 850 740 774 
3 876 895 985 
3 695 740 808 
3 640 695 757 
3 682 640 757 
3 725 627 682 
3 910 999 895 
3 1011 910 927 
3 672 570 627 
3 376 259 307 
3 1020 927 933 
3 800 680 737 
3 679 737 619 
3 620 679 555 
3 558 620 496 
3 800 853 741 
3 853 918 803 
3 558 437 499 
3 918 982 869 
3 982 1049 938 
3 499 359 431 
3 261 332 431 
3 938 1049 1010 
3 255 332 188 
3 971 896 1010 
3 1215 1213 1287 
3 1110 1125 1213 
3 1125 1026 1050 
3 944 971 1050 
3 1315 1215 1287 
3 1230 1315 1337 
3 174 259 255 
3 1337 1364 1251 
3 1364 1478 1377 
3 1585 1488 1478 
3 1499 1488 1591 
3 1499 1598 1508 
3 1605 1525 1508 
3 1565 1684 1681 
3 1689 1580 1681 
3 1689 1695 1588 
3 1904 1811 1802 
3 1700 1797 1802 
3 1695 1797 1700 
3 1904 1906 1811 
3 1550 1624 1684 
3 2403 2492 2431 
3 2403 2337 2306 
3 2236 2210 2306 
3 2109 2210 2130 
3 2492 2577 2522 
3 2577 2659 2600 
3 2014 2109 2030 
3 2004 2014 1914 
3 2671 2659 2733 
3 2722 2733 2778 
3 1906 2004 1914 
3 2763 2778 2814 
3 2806 2814 2860 
3 2894 2849 2860 
3 1525 1624 1550 
3 1861 1796 1905 
3 2017 1975 1905 
3 1796 1759 1685 
3 1661 1583 1685 
3 2128 2083 2017 
3 2193 2128 2237 
3 1561 1479 1583 
3 1479 1457 1370 
3 2347 2299 2237 
3 2448 2405 2347 
3 2448 2553 2510 
3 1351 1267 1370 
3 2668 2612 2553 
3 2773 2713 2668 
3 2773 2824 2793 
3 2837 2825 2824 
3 1244 1155 1267 
3 2852 2843 2837 
3 1129 1028 1155 
3 1020 933 1028 
3 2866 2886 2888 
3 2904 2899 2888 
3 2900 2899 2910 
3 2894 2900 2913 
3 2866 2852 2865 
3 526 570 629 
3 424 526 479 
3 376 307 424 
3 834 759 855 
3 855 775 876 
3 811 729 834 
3 774 707 811 
3 740 668 774 
3 876 796 895 
3 695 634 740 
3 586 695 640 
3 682 575 640 
3 627 575 682 
3 910 895 812 
3 910 823 927 
3 570 522 627 
3 307 259 209 
3 927 836 933 
3 737 680 619 
3 680 800 741 
3 679 619 555 
3 496 620 555 
3 558 496 437 
3 853 803 741 
3 918 869 803 
3 499 437 359 
3 982 938 869 
3 359 261 431 
3 332 261 188 
3 896 938 1010 
3 174 255 188 
3 896 971 866 
3 1215 1110 1213 
3 1026 1125 1110 
3 1026 944 1050 
3 971 944 866 
3 1215 1315 1230 
3 1230 1337 1251 
3 259 174 209 
3 1251 1364 1271 
3 1478 1488 1377 
3 1271 1364 1377 
3 1488 1499 1393 
3 1405 1499 1508 
3 1525 1419 1508 
3 1550 1684 1565 
3 1580 1565 1681 
3 1580 1689 1588 
3 1588 1695 1597 
3 1811 1714 1802 
3 1714 1700 1802 
3 1695 1700 1597 
3 1811 1906 1818 
3 2492 2522 2431 
3 2337 2403 2431 
3 2337 2236 2306 
3 2210 2236 2130 
3 2030 2109 2130 
3 2522 2577 2600 
3 2659 2671 2600 
3 1928 2014 2030 
3 2014 1928 1914 
3 2671 2733 2722 
3 2763 2722 2778 
3 1818 1906 1914 
3 2806 2763 2814 
3 2849 2806 2860 
3 2849 2894 2906 
3 1436 1525 1550 
3 1905 1796 1838 
3 2017 1905 1948 
3 1718 1796 1685 
3 1583 1608 1685 
3 2060 2128 2017 
3 2237 2128 2169 
3 1479 1500 1583 
3 1479 1370 1392 
3 2280 2347 2237 
3 2448 2347 2389 
3 2553 2448 2493 
3 1267 1285 1370 
3 2611 2668 2553 
3 2744 2773 2668 
3 2824 2773 2820 
3 2837 2824 2835 
3 1267 1155 1181 
3 2848 2852 2837 
3 1028 1018 1155 
3 933 931 1028 
3 2886 2904 2888 
3 2886 2866 2865 
3 2899 2904 2910 
3 2913 2900 2910 
3 2906 2894 2913 
3 2865 2852 2848 
3 526 467 570 
3 526 424 467 
3 424 307 365 
3 759 775 855 
3 834 729 759 
3 876 775 796 
3 811 707 729 
3 774 668 707 
3 740 634 668 
3 895 796 812 
3 695 586 634 
3 529 586 640 
3 575 529 640 
3 627 522 575 
3 910 812 823 
3 927 823 836 
3 570 467 522 
3 307 209 247 
3 933 836 839 
3 619 680 559 
3 680 741 623 
3 619 497 555 
3 426 496 555 
3 496 345 437 
3 741 803 687 
3 803 869 755 
3 359 437 272 
3 869 938 822 
3 261 359 207 
3 261 105 188 
3 938 896 822 
3 47 174 188 
3 896 866 783 
3 1110 1215 1127 
3 1026 1110 1038 
3 944 1026 941 
3 866 944 849 
3 1127 1215 1230 
3 1148 1230 1251 
3 174 88 209 
3 1164 1251 1271 
3 1488 1393 1377 
3 1284 1271 1377 
3 1393 1499 1405 
3 1419 1405 1508 
3 1419 1525 1436 
3 1452 1550 1565 
3 1580 1471 1565 
3 1481 1580 1588 
3 1494 1588 1597 
3 1714 1811 1719 
3 1700 1714 1610 
3 1597 1700 1610 
3 1811 1818 1719 
3 2431 2522 2454 
3 2337 2431 2358 
3 2236 2337 2261 
3 2236 2156 2130 
3 2045 2030 2130 
3 2522 2600 2538 
3 2600 2671 2597 
3 1928 2030 1943 
3 1914 1928 1829 
3 2671 2722 2648 
3 2722 2763 2695 
3 1818 1914 1829 
3 2763 2806 2738 
3 2806 2849 2781 
3 2849 2906 2828 
3 1436 1550 1452 
3 1796 1718 1838 
3 1948 1905 1838 
3 2060 2017 1948 
3 1608 1718 1685 
3 1500 1608 1583 
3 2128 2060 2169 
3 2280 2237 2169 
3 1500 1479 1392 
3 1370 1285 1392 
3 2389 2347 2280 
3 2448 2389 2493 
3 2611 2553 2493 
3 1285 1267 1181 
3 2611 2744 2668 
3 2773 2744 2820 
3 2835 2824 2820 
3 2848 2837 2835 
3 1155 1089 1181 
3 1018 1089 1155 
3 931 1018 1028 
3 931 933 839 
3 2904 2886 2912 
3 2886 2865 2896 
3 2904 2918 2910 
3 2922 2913 2910 
3 2924 2906 2913 
3 2865 2848 2868 
3 424 365 467 
3 307 247 365 
3 759 678 775 
3 729 656 759 
3 775 706 796 
3 707 637 729 
3 668 603 707 
3 668 634 569 
3 796 717 812 
3 586 531 634 
3 586 529 474 
3 466 529 575 
3 522 466 575 
3 812 718 823 
3 823 744 836 
3 522 467 419 
3 247 209 164 
3 836 752 839 
3 680 623 559 
3 619 559 497 
3 741 687 623 
3 497 426 555 
3 345 496 426 
3 437 345 272 
3 803 755 687 
3 869 822 755 
3 359 272 207 
3 105 261 207 
3 105 47 188 
3 822 896 783 
3 88 174 47 
3 866 765 783 
3 1038 1110 1127 
3 1026 1038 941 
3 849 944 941 
3 866 849 765 
3 1127 1230 1148 
3 1164 1148 1251 
3 209 88 164 
3 1177 1164 1271 
3 1393 1284 1377 
3 1284 1177 1271 
3 1296 1393 1405 
3 1405 1419 1314 
3 1419 1436 1329 
3 1471 1452 1565 
3 1471 1580 1481 
3 1481 1588 1494 
3 1504 1494 1597 
3 1615 1714 1719 
3 1610 1714 1615 
3 1504 1597 1610 
3 1818 1728 1719 
3 2454 2522 2538 
3 2358 2431 2454 
3 2261 2337 2358 
3 2156 2236 2261 
3 2156 2045 2130 
3 1943 2030 2045 
3 2600 2597 2538 
3 2597 2671 2648 
3 1928 1943 1841 
3 1829 1928 1841 
3 2648 2722 2695 
3 2695 2763 2738 
3 1728 1818 1829 
3 2738 2806 2781 
3 2781 2849 2828 
3 2828 2906 2898 
3 1344 1436 1452 
3 1838 1718 1758 
3 1948 1838 1876 
3 2060 1948 1990 
3 1718 1608 1630 
3 1608 1500 1520 
3 2169 2060 2099 
3 2280 2169 2213 
3 1500 1392 1413 
3 1285 1304 1392 
3 2389 2280 2325 
3 2493 2389 2430 
3 2611 2493 2546 
3 1199 1285 1181 
3 2744 2611 2676 
3 2820 2744 2787 
3 2835 2820 2830 
3 2848 2835 2850 
3 1181 1089 1103 
3 1089 1018 1014 
3 1018 931 930 
3 931 839 837 
3 2886 2896 2912 
3 2918 2904 2912 
3 2896 2865 2868 
3 2918 2922 2910 
3 2922 2924 2913 
3 2906 2924 2898 
3 2868 2848 2850 
3 467 365 419 
3 365 247 297 
3 775 678 706 
3 759 656 678 
3 729 637 656 
3 706 717 796 
3 603 637 707 
3 603 668 569 
3 634 531 569 
3 812 717 718 
3 531 586 474 
3 529 421 474 
3 466 421 529 
3 466 522 419 
3 823 718 744 
3 836 744 752 
3 247 164 208 
3 839 752 745 
3 623 502 559 
3 559 444 497 
3 687 564 623 
3 426 497 305 
3 345 426 228 
3 345 173 272 
3 755 639 687 
3 755 822 712 
3 272 102 207 
3 44 105 207 
3 105 24 47 
3 822 783 712 
3 88 47 32 
3 783 765 676 
3 1038 1127 1048 
3 1038 952 941 
3 849 941 862 
3 765 849 769 
3 1048 1127 1148 
3 1062 1148 1164 
3 88 46 164 
3 1164 1177 1077 
3 1284 1393 1296 
3 1177 1284 1189 
3 1296 1405 1314 
3 1314 1419 1329 
3 1436 1344 1329 
3 1363 1452 1471 
3 1375 1471 1481 
3 1390 1481 1494 
3 1504 1399 1494 
3 1615 1719 1627 
3 1514 1610 1615 
3 1504 1610 1514 
3 1719 1728 1627 
3 2465 2454 2538 
3 2358 2454 2374 
3 2261 2358 2281 
3 2156 2261 2173 
3 2069 2045 2156 
3 1943 2045 1960 
3 2597 2528 2538 
3 2597 2648 2563 
3 1943 1857 1841 
3 1740 1829 1841 
3 2648 2695 2606 
3 2695 2738 2639 
3 1728 1829 1740 
3 2738 2781 2692 
3 2781 2828 2741 
3 2828 2898 2789 
3 1344 1452 1363 
3 1718 1630 1758 
3 1876 1838 1758 
3 1990 1948 1876 
3 2099 2060 1990 
3 1608 1520 1630 
3 1520 1500 1413 
3 2213 2169 2099 
3 2325 2280 2213 
3 1392 1304 1413 
3 1285 1199 1304 
3 2430 2389 2325 
3 2546 2493 2430 
3 2676 2611 2546 
3 1199 1181 1103 
3 2744 2676 2787 
3 2830 2820 2787 
3 2835 2830 2850 
3 1089 1014 1103 
3 1018 930 1014 
3 931 837 930 
3 839 745 837 
3 2896 2919 2912 
3 2927 2918 2912 
3 2896 2868 2908 
3 2922 2918 2932 
3 2924 2922 2937 
3 2898 2924 2923 
3 2881 2868 2850 
3 365 297 419 
3 297 247 208 
3 678 615 706 
3 656 590 678 
3 637 565 656 
3 717 706 643 
3 637 603 541 
3 512 603 569 
3 531 469 569 
3 717 638 718 
3 430 531 474 
3 421 366 474 
3 421 466 362 
3 466 419 362 
3 718 675 744 
3 744 675 752 
3 164 114 208 
3 752 659 745 
3 502 444 559 
3 564 502 623 
3 497 444 305 
3 639 564 687 
3 228 426 305 
3 345 228 173 
3 173 102 272 
3 639 755 712 
3 102 44 207 
3 105 44 24 
3 47 24 32 
3 712 783 676 
3 88 32 46 
3 765 669 676 
3 1038 1048 952 
3 941 952 862 
3 849 862 769 
3 669 765 769 
3 1062 1048 1148 
3 1062 1164 1077 
3 164 46 114 
3 1077 1177 1095 
3 1284 1296 1189 
3 1095 1177 1189 
3 1210 1296 1314 
3 1222 1314 1329 
3 1344 1239 1329 
3 1363 1471 1375 
3 1375 1481 1390 
3 1399 1390 1494 
3 1399 1504 1411 
3 1527 1615 1627 
3 1527 1514 1615 
3 1504 1514 1411 
3 1627 1728 1638 
3 2454 2465 2374 
3 2528 2465 2538 
3 2358 2374 2281 
3 2173 2261 2281 
3 2069 2156 2173 
3 2045 2069 1960 
3 1857 1943 1960 
3 2528 2597 2563 
3 2563 2648 2606 
3 1841 1857 1754 
3 1740 1841 1754 
3 2606 2695 2639 
3 2639 2738 2692 
3 1638 1728 1740 
3 2781 2741 2692 
3 2741 2828 2789 
3 2789 2898 2847 
3 1258 1344 1363 
3 1758 1630 1707 
3 1876 1758 1810 
3 1920 1990 1876 
3 2029 2099 1990 
3 1630 1520 1545 
3 1435 1520 1413 
3 2143 2213 2099 
3 2255 2325 2213 
3 1413 1304 1328 
3 1304 1199 1219 
3 2430 2325 2364 
3 2546 2430 2476 
3 2676 2546 2596 
3 1199 1103 1112 
3 2676 2736 2787 
3 2815 2830 2787 
3 2830 2859 2850 
3 1014 1019 1103 
3 930 934 1014 
3 837 840 930 
3 837 745 743 
3 2919 2927 2912 
3 2919 2896 2908 
3 2932 2918 2927 
3 2868 2881 2908 
3 2937 2922 2932 
3 2924 2937 2923 
3 2898 2923 2847 
3 2859 2881 2850 
3 419 297 362 
3 297 208 234 
3 706 615 643 
3 590 615 678 
3 565 590 656 
3 637 541 565 
3 638 717 643 
3 603 512 541 
3 469 512 569 
3 531 430 469 
3 718 638 610 
3 366 430 474 
3 421 295 366 
3 295 421 362 
3 675 718 610 
3 752 675 659 
3 208 114 184 
3 659 648 745 
3 444 502 393 
3 502 564 435 
3 444 320 305 
3 564 639 519 
3 228 305 63 
3 228 37 173 
3 25 102 173 
3 595 639 712 
3 44 102 17 
3 24 44 17 
3 24 13 32 
3 595 712 676 
3 46 32 22 
3 676 669 585 
3 952 1048 962 
3 952 875 862 
3 862 778 769 
3 690 669 769 
3 1048 1062 962 
3 988 1062 1077 
3 46 34 114 
3 997 1077 1095 
3 1296 1210 1189 
3 1106 1095 1189 
3 1210 1314 1222 
3 1239 1222 1329 
3 1239 1344 1258 
3 1273 1363 1375 
3 1375 1390 1288 
3 1390 1399 1295 
3 1309 1399 1411 
3 1538 1527 1627 
3 1527 1422 1514 
3 1514 1422 1411 
3 1538 1627 1638 
3 2374 2465 2384 
3 2465 2528 2450 
3 2281 2374 2292 
3 2173 2281 2192 
3 2069 2173 2088 
3 2069 1985 1960 
3 1873 1857 1960 
3 2528 2563 2484 
3 2563 2606 2516 
3 1857 1772 1754 
3 1656 1740 1754 
3 2606 2639 2549 
3 2578 2639 2692 
3 1638 1740 1656 
3 2741 2623 2692 
3 2741 2789 2666 
3 2789 2847 2721 
3 1258 1363 1273 
3 1630 1653 1707 
3 1810 1758 1707 
3 1920 1876 1810 
3 1920 2029 1990 
3 2029 2143 2099 
3 1520 1435 1545 
3 1653 1630 1545 
3 1435 1413 1328 
3 2143 2255 2213 
3 2364 2325 2255 
3 1304 1219 1328 
3 1199 1112 1219 
3 2430 2364 2476 
3 2596 2546 2476 
3 2736 2676 2596 
3 1103 1019 1112 
3 2736 2815 2787 
3 2859 2830 2815 
3 934 1019 1014 
3 840 934 930 
3 840 837 743 
3 745 648 743 
3 2927 2919 2935 
3 2919 2908 2929 
3 2932 2927 2940 
3 2908 2881 2917 
3 2946 2937 2932 
3 2923 2937 2945 
3 2847 2923 2914 
3 2901 2881 2859 
3 297 234 362 
3 234 208 184 
3 615 578 643 
3 615 590 578 
3 565 503 590 
3 541 482 565 
3 638 643 568 
3 512 454 541 
3 469 425 512 
3 469 430 375 
3 638 550 610 
3 314 430 366 
3 366 295 246 
3 234 295 362 
3 594 675 610 
3 675 594 659 
3 114 48 184 
3 566 648 659 
3 393 502 331 
3 444 393 320 
3 564 519 435 
3 502 435 331 
3 320 172 305 
3 639 595 519 
3 305 172 63 
3 37 228 63 
3 37 25 173 
3 102 25 17 
3 13 24 17 
3 32 13 22 
3 595 676 585 
3 34 46 22 
3 585 669 592 
3 875 952 962 
3 875 778 862 
3 778 690 769 
3 669 690 592 
3 1062 988 962 
3 988 1077 997 
3 114 34 48 
3 997 1095 1009 
3 1210 1106 1189 
3 1095 1106 1009 
3 1123 1210 1222 
3 1222 1239 1140 
3 1160 1239 1258 
3 1273 1375 1288 
3 1288 1390 1295 
3 1399 1309 1295 
3 1324 1309 1411 
3 1434 1527 1538 
3 1422 1527 1434 
3 1422 1324 1411 
3 1538 1638 1552 
3 2465 2450 2384 
3 2292 2374 2384 
3 2450 2528 2484 
3 2192 2281 2292 
3 2088 2173 2192 
3 1985 2069 2088 
3 1985 1873 1960 
3 1772 1857 1873 
3 2484 2563 2516 
3 2516 2606 2549 
3 1754 1772 1669 
3 1656 1754 1669 
3 2549 2639 2578 
3 2623 2578 2692 
3 1638 1656 1552 
3 2623 2741 2666 
3 2666 2789 2721 
3 2847 2774 2721 
3 1258 1273 1173 
3 1707 1653 1742 
3 1810 1707 1742 
3 1920 1810 1843 
3 2029 1920 1952 
3 2143 2029 2066 
3 1435 1456 1545 
3 1564 1653 1545 
3 1348 1435 1328 
3 2255 2143 2180 
3 2286 2364 2255 
3 1328 1219 1237 
3 1112 1130 1219 
3 2476 2364 2402 
3 2518 2596 2476 
3 2736 2596 2649 
3 1112 1019 1034 
3 2815 2736 2784 
3 2859 2815 2858 
3 1019 934 937 
3 934 840 844 
3 747 840 743 
3 743 648 651 
3 2935 2919 2929 
3 2940 2927 2935 
3 2929 2908 2917 
3 2946 2932 2940 
3 2881 2901 2917 
3 2937 2946 2945 
3 2914 2923 2945 
3 2847 2914 2774 
3 2901 2859 2858 
3 295 234 184 
3 643 578 568 
3 590 513 578 
3 590 503 513 
3 565 482 503 
3 454 482 541 
3 550 638 568 
3 512 425 454 
3 425 469 375 
3 430 314 375 
3 610 550 532 
3 314 366 246 
3 295 184 246 
3 594 610 532 
3 594 566 659 
3 48 155 184 
3 566 545 648 
3 242 393 331 
3 393 242 320 
3 435 519 386 
3 435 276 331 
3 320 242 172 
3 519 595 490 
3 172 29 63 
3 37 63 10 
3 37 3 25 
3 25 5 17 
3 5 13 17 
3 13 6 22 
3 490 595 585 
3 16 34 22 
3 504 585 592 
3 875 962 889 
3 778 875 797 
3 690 778 704 
3 592 690 608 
3 962 988 889 
3 905 988 997 
3 48 34 27 
3 920 997 1009 
3 1106 1210 1123 
3 1106 1022 1009 
3 1123 1222 1140 
3 1140 1239 1160 
3 1160 1258 1173 
3 1186 1273 1288 
3 1201 1288 1295 
3 1309 1216 1295 
3 1309 1324 1220 
3 1434 1538 1444 
3 1332 1422 1434 
3 1324 1422 1332 
3 1444 1538 1552 
3 2450 2400 2384 
3 2292 2384 2305 
3 2450 2484 2400 
3 2207 2192 2292 
3 2103 2088 2192 
3 1985 2088 2000 
3 1985 1896 1873 
3 1772 1873 1794 
3 2484 2516 2428 
3 2516 2549 2455 
3 1772 1690 1669 
3 1656 1669 1569 
3 2549 2578 2481 
3 2578 2623 2512 
3 1552 1656 1569 
3 2623 2666 2550 
3 2584 2666 2721 
3 2774 2630 2721 
3 1273 1186 1173 
3 1742 1653 1667 
3 1843 1810 1742 
3 1952 1920 1843 
3 2066 2029 1952 
3 2180 2143 2066 
3 1456 1564 1545 
3 1456 1435 1348 
3 1653 1564 1667 
3 1348 1328 1237 
3 2286 2255 2180 
3 2364 2286 2402 
3 1219 1130 1237 
3 1130 1112 1034 
3 2518 2476 2402 
3 2649 2596 2518 
3 2784 2736 2649 
3 1019 937 1034 
3 2858 2815 2784 
3 934 844 937 
3 840 747 844 
3 747 743 651 
3 648 545 651 
3 2935 2929 2943 
3 2940 2935 2947 
3 2939 2929 2917 
3 2946 2940 2958 
3 2901 2925 2917 
3 2945 2946 2967 
3 2914 2945 2957 
3 2774 2914 2833 
3 2901 2858 2909 
3 578 515 568 
3 513 515 578 
3 513 503 449 
3 482 433 503 
3 403 482 454 
3 501 550 568 
3 425 368 454 
3 324 425 375 
3 314 270 375 
3 550 473 532 
3 219 314 246 
3 184 155 246 
3 594 532 506 
3 566 594 506 
3 48 43 155 
3 545 566 472 
3 195 242 331 
3 386 519 490 
3 435 386 276 
3 276 195 331 
3 172 242 50 
3 63 29 10 
3 29 172 50 
3 3 37 10 
3 25 3 5 
3 13 5 6 
3 6 16 22 
3 504 490 585 
3 34 16 27 
3 504 592 524 
3 797 875 889 
3 778 797 704 
3 690 704 608 
3 592 608 524 
3 988 905 889 
3 905 997 920 
3 43 48 27 
3 936 920 1009 
3 1022 1106 1123 
3 1022 936 1009 
3 1046 1123 1140 
3 1061 1140 1160 
3 1078 1160 1173 
3 1186 1288 1201 
3 1216 1201 1295 
3 1216 1309 1220 
3 1324 1233 1220 
3 1341 1434 1444 
3 1332 1434 1341 
3 1233 1324 1332 
3 1444 1552 1453 
3 2400 2314 2384 
3 2384 2314 2305 
3 2207 2292 2305 
3 2400 2484 2428 
3 2103 2192 2207 
3 2000 2088 2103 
3 1896 1985 2000 
3 1873 1896 1794 
3 1690 1772 1794 
3 2428 2516 2455 
3 2455 2549 2481 
3 1690 1587 1669 
3 1669 1587 1569 
3 2578 2512 2481 
3 2512 2623 2550 
3 1472 1552 1569 
3 2550 2666 2584 
3 2630 2584 2721 
3 2630 2774 2681 
3 1186 1098 1173 
3 1769 1742 1667 
3 1843 1742 1769 
3 1875 1952 1843 
3 1988 2066 1952 
3 2180 2066 2101 
3 1564 1456 1483 
3 1456 1348 1372 
3 1564 1590 1667 
3 1348 1237 1262 
3 2286 2180 2217 
3 2402 2286 2328 
3 1237 1130 1154 
3 1047 1130 1034 
3 2518 2402 2438 
3 2649 2518 2559 
3 2784 2649 2717 
3 1034 937 945 
3 2858 2784 2836 
3 937 844 846 
3 844 747 753 
3 747 651 658 
3 545 527 651 
3 2929 2939 2943 
3 2947 2935 2943 
3 2958 2940 2947 
3 2925 2939 2917 
3 2967 2946 2958 
3 2925 2901 2909 
3 2957 2945 2967 
3 2914 2957 2833 
3 2774 2833 2681 
3 2909 2858 2836 
3 515 501 568 
3 515 513 460 
3 503 433 449 
3 513 449 460 
3 482 403 433 
3 368 403 454 
3 550 501 473 
3 425 324 368 
3 270 324 375 
3 314 219 270 
3 473 447 532 
3 155 219 246 
3 532 447 506 
3 566 506 472 
3 155 43 134 
3 450 545 472 
3 242 195 50 
3 386 490 394 
3 386 269 276 
3 168 195 276 
3 29 8 10 
3 29 50 19 
3 1 3 10 
3 5 3 0 
3 5 0 6 
3 16 6 12 
3 490 504 394 
3 16 12 27 
3 432 504 524 
3 814 797 889 
3 704 797 721 
3 608 704 632 
3 608 548 524 
3 905 814 889 
3 828 905 920 
3 23 43 27 
3 845 920 936 
3 1022 1123 1046 
3 936 1022 951 
3 1046 1140 1061 
3 1061 1160 1078 
3 1098 1078 1173 
3 1107 1186 1201 
3 1216 1120 1201 
3 1126 1216 1220 
3 1220 1233 1136 
3 1341 1444 1354 
3 1332 1341 1243 
3 1233 1332 1243 
3 1552 1472 1453 
3 1354 1444 1453 
3 2314 2400 2338 
3 2305 2314 2222 
3 2207 2305 2222 
3 2338 2400 2428 
3 2103 2207 2121 
3 2000 2103 2019 
3 1896 2000 1915 
3 1794 1896 1812 
3 1713 1690 1794 
3 2357 2428 2455 
3 2387 2455 2481 
3 1587 1690 1609 
3 1569 1587 1485 
3 2481 2512 2415 
3 2512 2550 2441 
3 1472 1569 1485 
3 2550 2584 2475 
3 2584 2630 2505 
3 2540 2630 2681 
3 1098 1186 1107 
3 1698 1769 1667 
3 1875 1843 1769 
3 1875 1988 1952 
3 2066 1988 2101 
3 2180 2101 2217 
3 1456 1372 1483 
3 1590 1564 1483 
3 1372 1348 1262 
3 1590 1698 1667 
3 1237 1154 1262 
3 2328 2286 2217 
3 2402 2328 2438 
3 1130 1047 1154 
3 1047 1034 945 
3 2559 2518 2438 
3 2717 2649 2559 
3 2836 2784 2717 
3 937 846 945 
3 844 753 846 
3 753 747 658 
3 651 591 658 
3 527 591 651 
3 545 450 527 
3 2943 2939 2956 
3 2947 2943 2960 
3 2969 2958 2947 
3 2948 2939 2925 
3 2978 2967 2958 
3 2930 2925 2909 
3 2957 2967 2977 
3 2957 2903 2833 
3 2833 2739 2681 
3 2890 2909 2836 
3 501 515 457 
3 515 460 457 
3 433 387 449 
3 449 411 460 
3 403 356 433 
3 368 319 403 
3 501 438 473 
3 368 324 286 
3 270 236 324 
3 219 194 270 
3 401 447 473 
3 219 155 134 
3 447 410 506 
3 506 410 472 
3 43 40 134 
3 379 450 472 
3 195 42 50 
3 269 386 394 
3 269 168 276 
3 42 195 168 
3 8 1 10 
3 8 29 19 
3 50 42 19 
3 3 1 0 
3 0 4 6 
3 6 4 12 
3 504 432 394 
3 12 23 27 
3 458 432 524 
3 797 814 721 
3 632 704 721 
3 548 608 632 
3 548 458 524 
3 905 828 814 
3 828 920 845 
3 43 23 40 
3 845 936 864 
3 951 1022 1046 
3 864 936 951 
3 965 1046 1061 
3 992 1061 1078 
3 1098 1004 1078 
3 1120 1107 1201 
3 1120 1216 1126 
3 1126 1220 1136 
3 1136 1233 1149 
3 1252 1341 1354 
3 1341 1252 1243 
3 1149 1233 1243 
3 1472 1366 1453 
3 1366 1354 1453 
3 2314 2338 2242 
3 2314 2242 2222 
3 2121 2207 2222 
3 2357 2338 2428 
3 2103 2121 2019 
3 1915 2000 2019 
3 1896 1915 1812 
3 1713 1794 1812 
3 1690 1713 1609 
3 2357 2455 2387 
3 2387 2481 2415 
3 1502 1587 1609 
3 1485 1587 1502 
3 2512 2441 2415 
3 2441 2550 2475 
3 1378 1472 1485 
3 2475 2584 2505 
3 2630 2540 2505 
3 2574 2540 2681 
3 1098 1107 1017 
3 1769 1698 1804 
3 1875 1769 1804 
3 1988 1875 1913 
3 2101 1988 2024 
3 2101 2134 2217 
3 1483 1372 1397 
3 1509 1590 1483 
3 1286 1372 1262 
3 1698 1590 1620 
3 1154 1176 1262 
3 2249 2328 2217 
3 2328 2361 2438 
3 1047 1065 1154 
3 956 1047 945 
3 2477 2559 2438 
3 2717 2559 2605 
3 2836 2717 2767 
3 846 851 945 
3 753 761 846 
3 753 658 660 
3 591 582 658 
3 591 527 505 
3 450 429 527 
3 2939 2948 2956 
3 2960 2943 2956 
3 2969 2947 2960 
3 2969 2978 2958 
3 2948 2925 2930 
3 2967 2978 2977 
3 2930 2909 2890 
3 2903 2957 2977 
3 2903 2739 2833 
3 2739 2574 2681 
3 2890 2836 2767 
3 438 501 457 
3 460 416 457 
3 449 387 411 
3 433 356 387 
3 460 411 416 
3 403 319 356 
3 319 368 286 
3 438 401 473 
3 324 236 286 
3 270 194 236 
3 194 219 134 
3 447 401 358 
3 410 447 358 
3 410 379 472 
3 40 124 134 
3 450 379 341 
3 269 394 306 
3 168 269 199 
3 42 168 70 
3 8 7 1 
3 15 8 19 
3 19 42 33 
3 0 1 2 
3 0 2 4 
3 12 4 14 
3 394 432 306 
3 23 12 14 
3 432 458 353 
3 814 734 721 
3 649 632 721 
3 649 548 632 
3 458 548 484 
3 814 828 734 
3 760 828 845 
3 40 23 28 
3 845 864 772 
3 951 1046 965 
3 864 951 879 
3 965 1061 992 
3 1004 992 1078 
3 1004 1098 1017 
3 1107 1120 1036 
3 1044 1120 1126 
3 1051 1126 1136 
3 1136 1149 1059 
3 1252 1354 1266 
3 1252 1158 1243 
3 1158 1149 1243 
3 1366 1472 1378 
3 1354 1366 1266 
3 2242 2338 2265 
3 2222 2242 2140 
3 2121 2222 2140 
3 2338 2357 2265 
3 2121 2037 2019 
3 1936 1915 2019 
3 1812 1915 1835 
3 1733 1713 1812 
3 1609 1713 1626 
3 2357 2387 2284 
3 2311 2387 2415 
3 1502 1609 1521 
3 1485 1502 1396 
3 2415 2441 2345 
3 2368 2441 2475 
3 1378 1485 1396 
3 2475 2505 2399 
3 2505 2540 2425 
3 2456 2540 2574 
3 1107 1036 1017 
3 1698 1729 1804 
3 1913 1875 1804 
3 2024 1988 1913 
3 2134 2101 2024 
3 2134 2249 2217 
3 1372 1286 1397 
3 1509 1483 1397 
3 1590 1509 1620 
3 1176 1286 1262 
3 1729 1698 1620 
3 1065 1176 1154 
3 2361 2328 2249 
3 2361 2477 2438 
3 1047 956 1065 
3 851 956 945 
3 2559 2477 2605 
3 2767 2717 2605 
3 761 851 846 
3 761 753 660 
3 658 582 660 
3 582 591 505 
3 527 429 505 
3 429 450 341 
3 2948 2962 2956 
3 2960 2956 2965 
3 2969 2960 2970 
3 2978 2969 2973 
3 2948 2930 2950 
3 2978 2976 2977 
3 2920 2930 2890 
3 2903 2977 2933 
3 2739 2903 2782 
3 2574 2739 2626 
3 2801 2890 2767 
3 399 438 457 
3 416 399 457 
3 387 363 411 
3 356 328 387 
3 411 381 416 
3 319 292 356 
3 256 319 286 
3 438 367 401 
3 236 223 286 
3 194 179 236 
3 124 194 134 
3 401 325 358 
3 300 410 358 
3 410 300 379 
3 40 45 124 
3 379 278 341 
3 199 269 306 
3 70 168 199 
3 33 42 70 
3 1 7 2 
3 8 15 7 
3 26 15 19 
3 33 26 19 
3 2 9 4 
3 4 9 14 
3 432 353 306 
3 23 14 28 
3 353 458 388 
3 734 649 721 
3 548 649 576 
3 484 548 576 
3 458 484 388 
3 828 760 734 
3 760 845 772 
3 45 40 28 
3 772 864 788 
3 879 951 965 
3 864 879 788 
3 965 992 901 
3 992 1004 923 
3 939 1004 1017 
3 1036 1120 1044 
3 1051 1044 1126 
3 1051 1136 1059 
3 1059 1149 1063 
3 1166 1252 1266 
3 1158 1252 1166 
3 1149 1158 1063 
3 1279 1366 1378 
3 1366 1279 1266 
3 2160 2242 2265 
3 2242 2160 2140 
3 2037 2121 2140 
3 2265 2357 2284 
3 2037 1936 2019 
3 1915 1936 1835 
3 1733 1812 1835 
3 1713 1733 1626 
3 1609 1626 1521 
3 2284 2387 2311 
3 2311 2415 2345 
3 1502 1521 1418 
3 1396 1502 1418 
3 2441 2368 2345 
3 2368 2475 2399 
3 1290 1378 1396 
3 2399 2505 2425 
3 2540 2456 2425 
3 2456 2574 2489 
3 1036 949 1017 
3 1729 1837 1804 
3 1837 1913 1804 
3 1942 2024 1913 
3 2134 2024 2053 
3 2134 2168 2249 
3 1397 1286 1312 
3 1509 1397 1425 
3 1620 1509 1541 
3 1286 1176 1196 
3 1652 1729 1620 
3 1176 1065 1087 
3 2282 2361 2249 
3 2477 2361 2393 
3 1065 956 977 
3 956 851 871 
3 2477 2509 2605 
3 2767 2605 2640 
3 761 767 851 
3 662 761 660 
3 660 582 572 
3 485 582 505 
3 505 429 402 
3 310 429 341 
3 2956 2962 2965 
3 2962 2948 2950 
3 2970 2960 2965 
3 2973 2969 2970 
3 2976 2978 2973 
3 2930 2920 2950 
3 2977 2976 2933 
3 2920 2890 2801 
3 2782 2903 2933 
3 2739 2782 2626 
3 2489 2574 2626 
3 2801 2767 2640 
3 438 399 367 
3 374 399 416 
3 411 363 381 
3 328 363 387 
3 356 292 328 
3 381 374 416 
3 256 292 319 
3 223 256 286 
3 401 367 325 
3 179 223 236 
3 194 124 179 
3 325 275 358 
3 275 300 358 
3 379 300 278 
3 45 132 124 
3 341 278 238 
3 240 199 306 
3 70 199 151 
3 70 26 33 
3 2 7 11 
3 15 18 7 
3 15 26 31 
3 9 2 11 
3 14 9 20 
3 353 240 306 
3 14 20 28 
3 283 353 388 
3 649 734 665 
3 649 665 576 
3 484 576 511 
3 484 422 388 
3 734 760 665 
3 760 772 685 
3 36 45 28 
3 705 772 788 
3 879 965 901 
3 788 879 816 
3 901 992 923 
3 923 1004 939 
3 949 939 1017 
3 959 1036 1044 
3 1051 964 1044 
3 979 1051 1059 
3 986 1059 1063 
3 1174 1166 1266 
3 1158 1166 1068 
3 1158 1068 1063 
3 1279 1378 1290 
3 1279 1174 1266 
3 2160 2265 2183 
3 2160 2058 2140 
3 2058 2037 2140 
3 2265 2284 2183 
3 1936 2037 1954 
3 1835 1936 1853 
3 1750 1733 1835 
3 1733 1650 1626 
3 1521 1626 1544 
3 2284 2311 2209 
3 2311 2345 2238 
3 1418 1521 1438 
3 1311 1396 1418 
3 2345 2368 2272 
3 2298 2368 2399 
3 1311 1290 1396 
3 2399 2425 2322 
3 2425 2456 2343 
3 2456 2489 2369 
3 949 1036 959 
3 1729 1756 1837 
3 1942 1913 1837 
3 2024 1942 2053 
3 2168 2134 2053 
3 2168 2282 2249 
3 1286 1196 1312 
3 1397 1312 1425 
3 1509 1425 1541 
3 1652 1620 1541 
3 1176 1087 1196 
3 1729 1652 1756 
3 1065 977 1087 
3 2393 2361 2282 
3 2509 2477 2393 
3 956 871 977 
3 851 767 871 
3 2605 2509 2640 
3 767 761 662 
3 662 660 572 
3 582 485 572 
3 485 505 402 
3 429 310 402 
3 310 341 238 
3 2962 2961 2965 
3 2962 2950 2944 
3 2970 2965 2964 
3 2973 2970 2963 
3 2976 2973 2951 
3 2920 2822 2950 
3 2933 2976 2934 
3 2920 2801 2822 
3 2834 2782 2933 
3 2782 2687 2626 
3 2534 2489 2626 
3 2684 2801 2640 
3 367 399 343 
3 399 374 343 
3 363 339 381 
3 328 315 363 
3 292 281 328 
3 381 351 374 
3 256 243 292 
3 223 216 256 
3 367 309 325 
3 179 181 223 
3 124 132 179 
3 325 262 275 
3 275 230 300 
3 300 252 278 
3 132 45 57 
3 278 206 238 
3 151 199 240 
3 70 151 41 
3 26 70 41 
3 7 18 11 
3 18 15 31 
3 26 41 31 
3 9 11 21 
3 20 9 21 
3 353 283 240 
3 20 36 28 
3 318 283 388 
3 665 596 576 
3 576 596 511 
3 422 484 511 
3 422 318 388 
3 665 760 685 
3 685 772 705 
3 45 36 57 
3 705 788 726 
3 816 879 901 
3 788 816 726 
3 838 901 923 
3 852 923 939 
3 873 939 949 
3 964 959 1044 
3 964 1051 979 
3 979 1059 986 
3 986 1063 984 
3 1166 1174 1072 
3 1068 1166 1072 
3 1063 1068 984 
3 1185 1279 1290 
3 1174 1279 1185 
3 2081 2160 2183 
3 2058 2160 2081 
3 1954 2037 2058 
3 2183 2284 2209 
3 1936 1954 1853 
3 1750 1835 1853 
3 1733 1750 1650 
3 1626 1650 1544 
3 1438 1521 1544 
3 2209 2311 2238 
3 2238 2345 2272 
3 1334 1418 1438 
3 1334 1311 1418 
3 2272 2368 2298 
3 2298 2399 2322 
3 1290 1311 1207 
3 2322 2425 2343 
3 2343 2456 2369 
3 2369 2489 2413 
3 949 959 884 
3 1837 1756 1860 
3 1942 1837 1860 
3 2053 1942 1970 
3 2168 2053 2084 
3 2168 2197 2282 
3 1196 1226 1312 
3 1425 1312 1338 
3 1541 1425 1450 
3 1652 1541 1566 
3 1196 1087 1109 
3 1756 1652 1672 
3 1087 977 1000 
3 2393 2282 2307 
3 2509 2393 2423 
3 977 871 888 
3 871 767 776 
3 2509 2541 2640 
3 670 767 662 
3 573 662 572 
3 485 480 572 
3 383 485 402 
3 310 280 402 
3 310 238 212 
3 2965 2961 2964 
3 2961 2962 2944 
3 2944 2950 2874 
3 2963 2970 2964 
3 2951 2973 2963 
3 2976 2951 2934 
3 2950 2822 2874 
3 2834 2933 2934 
3 2822 2801 2684 
3 2782 2834 2687 
3 2687 2534 2626 
3 2489 2534 2413 
3 2541 2684 2640 
3 309 367 343 
3 374 330 343 
3 339 351 381 
3 315 339 363 
3 281 315 328 
3 292 243 281 
3 351 330 374 
3 256 216 243 
3 223 181 216 
3 309 262 325 
3 132 181 179 
3 262 224 275 
3 300 230 252 
3 275 224 230 
3 278 252 206 
3 153 132 57 
3 206 166 238 
3 151 240 193 
3 41 151 58 
3 18 30 11 
3 18 31 38 
3 31 41 58 
3 11 30 21 
3 20 21 35 
3 240 283 193 
3 36 20 35 
3 283 318 226 
3 596 665 685 
3 596 533 511 
3 448 422 511 
3 318 422 354 
3 685 705 616 
3 36 49 57 
3 705 726 646 
3 816 901 838 
3 726 816 754 
3 838 923 852 
3 852 939 873 
3 873 949 884 
3 893 959 964 
3 902 964 979 
3 979 986 904 
3 899 986 984 
3 1072 1174 1082 
3 980 1068 1072 
3 1068 980 984 
3 1185 1290 1207 
3 1174 1185 1082 
3 2081 2183 2105 
3 1983 2058 2081 
3 1983 1954 2058 
3 2183 2209 2105 
3 1954 1872 1853 
3 1771 1750 1853 
3 1650 1750 1668 
3 1650 1563 1544 
3 1461 1438 1544 
3 2133 2209 2238 
3 2166 2238 2272 
3 1358 1334 1438 
3 1311 1334 1227 
3 2272 2298 2199 
3 2234 2298 2322 
3 1207 1311 1227 
3 2220 2322 2343 
3 2343 2369 2260 
3 2295 2369 2413 
3 884 959 893 
3 1860 1756 1782 
3 1970 1942 1860 
3 2084 2053 1970 
3 2197 2168 2084 
3 2282 2197 2307 
3 1312 1226 1338 
3 1226 1196 1109 
3 1425 1338 1450 
3 1566 1541 1450 
3 1672 1652 1566 
3 1087 1000 1109 
3 1756 1672 1782 
3 977 888 1000 
3 2423 2393 2307 
3 2541 2509 2423 
3 888 871 776 
3 767 670 776 
3 573 670 662 
3 480 573 572 
3 480 485 383 
3 280 383 402 
3 280 310 212 
3 238 166 212 
3 2961 2938 2964 
3 2926 2961 2944 
3 2857 2944 2874 
3 2936 2963 2964 
3 2915 2951 2963 
3 2951 2870 2934 
3 2822 2709 2874 
3 2934 2760 2834 
3 2822 2684 2709 
3 2687 2834 2760 
3 2589 2534 2687 
3 2534 2458 2413 
3 2684 2541 2562 
3 309 343 301 
3 343 330 301 
3 339 334 351 
3 315 322 339 
3 281 288 315 
3 243 253 281 
3 351 333 330 
3 216 222 243 
3 181 192 216 
3 309 265 262 
3 132 153 181 
3 262 225 224 
3 252 230 191 
3 224 185 230 
3 252 191 206 
3 141 153 57 
3 166 206 149 
3 151 193 58 
3 30 18 38 
3 38 31 58 
3 30 39 21 
3 21 39 35 
3 193 283 226 
3 49 36 35 
3 226 318 257 
3 596 685 616 
3 533 448 511 
3 533 596 616 
3 354 422 448 
3 257 318 354 
3 705 646 616 
3 49 141 57 
3 646 726 663 
3 816 838 754 
3 663 726 754 
3 773 838 852 
3 852 873 787 
3 807 873 884 
3 893 964 902 
3 902 979 904 
3 986 899 904 
3 899 984 890 
3 987 1072 1082 
3 980 1072 987 
3 984 980 890 
3 1102 1185 1207 
3 1082 1185 1102 
3 2003 2081 2105 
3 1983 2081 2003 
3 1954 1983 1872 
3 2105 2209 2133 
3 1872 1771 1853 
3 1750 1771 1668 
3 1563 1650 1668 
3 1563 1461 1544 
3 1461 1358 1438 
3 2166 2133 2238 
3 2166 2272 2199 
3 1334 1358 1249 
3 1334 1249 1227 
3 2298 2234 2199 
3 2170 2234 2322 
3 1116 1207 1227 
3 2220 2170 2322 
3 2220 2343 2260 
3 2369 2295 2260 
3 2340 2295 2413 
3 821 884 893 
3 1894 1860 1782 
3 1970 1860 1894 
3 2084 1970 2002 
3 2113 2197 2084 
3 2307 2197 2224 
3 1338 1226 1253 
3 1226 1109 1141 
3 1450 1338 1367 
3 1566 1450 1484 
3 1672 1566 1599 
3 1109 1000 1024 
3 1672 1710 1782 
3 1000 888 909 
3 2423 2307 2336 
3 2446 2541 2423 
3 888 776 795 
3 670 689 776 
3 670 573 587 
3 573 480 481 
3 480 383 378 
3 280 258 383 
3 280 212 187 
3 166 146 212 
3 2938 2936 2964 
3 2938 2961 2926 
3 2857 2926 2944 
3 2731 2857 2874 
3 2936 2915 2963 
3 2951 2915 2870 
3 2934 2870 2796 
3 2709 2731 2874 
3 2760 2934 2796 
3 2709 2684 2562 
3 2589 2687 2760 
3 2458 2534 2589 
3 2458 2340 2413 
3 2562 2541 2446 
3 265 309 301 
3 330 313 301 
3 334 333 351 
3 339 322 334 
3 288 322 315 
3 281 253 288 
3 243 222 253 
3 333 313 330 
3 216 192 222 
3 181 153 192 
3 262 265 225 
3 224 225 190 
3 230 185 191 
3 185 224 190 
3 206 191 149 
3 177 153 141 
3 166 149 130 
3 193 143 58 
3 30 38 53 
3 143 38 58 
3 30 53 39 
3 35 39 61 
3 193 226 143 
3 49 35 61 
3 226 257 180 
3 448 533 468 
3 553 533 616 
3 385 354 448 
3 257 354 293 
3 646 553 616 
3 49 148 141 
3 583 646 663 
3 838 773 754 
3 663 754 693 
3 773 852 787 
3 873 807 787 
3 807 884 821 
3 830 893 902 
3 831 902 904 
3 899 825 904 
3 813 899 890 
3 995 987 1082 
3 883 980 987 
3 980 883 890 
3 1116 1102 1207 
3 995 1082 1102 
3 2031 2003 2105 
3 1902 1983 2003 
3 1872 1983 1902 
3 2031 2105 2133 
3 1771 1872 1800 
3 1668 1771 1696 
3 1563 1668 1592 
3 1461 1563 1486 
3 1358 1461 1382 
3 2133 2166 2062 
3 2092 2166 2199 
3 1249 1358 1278 
3 1249 1142 1227 
3 2199 2234 2129 
3 2234 2170 2129 
3 1142 1116 1227 
3 2170 2220 2102 
3 2146 2220 2260 
3 2295 2184 2260 
3 2340 2223 2295 
3 821 893 830 
3 1816 1894 1782 
3 2002 1970 1894 
3 2113 2084 2002 
3 2224 2197 2113 
3 2336 2307 2224 
3 1226 1141 1253 
3 1367 1338 1253 
3 1109 1024 1141 
3 1450 1367 1484 
3 1599 1566 1484 
3 1710 1672 1599 
3 1000 909 1024 
3 1710 1816 1782 
3 909 888 795 
3 2446 2423 2336 
3 776 689 795 
3 670 587 689 
3 573 481 587 
3 480 378 481 
3 383 258 378 
3 258 280 187 
3 212 146 187 
3 146 166 130 
3 2936 2938 2877 
3 2938 2926 2863 
3 2926 2857 2844 
3 2748 2857 2731 
3 2915 2936 2839 
3 2870 2915 2794 
3 2870 2724 2796 
3 2731 2709 2590 
3 2760 2796 2647 
3 2709 2562 2590 
3 2589 2760 2647 
3 2458 2589 2506 
3 2340 2458 2383 
3 2562 2446 2473 
3 284 265 301 
3 313 284 301 
3 334 350 333 
3 322 336 334 
3 288 311 322 
3 288 253 277 
3 222 239 253 
3 333 337 313 
3 222 192 210 
3 153 177 192 
3 265 241 225 
3 225 200 190 
3 191 185 145 
3 150 185 190 
3 191 145 149 
3 177 141 186 
3 149 121 130 
3 38 143 53 
3 39 53 135 
3 39 135 61 
3 143 226 180 
3 148 49 61 
3 257 214 180 
3 533 553 468 
3 385 448 468 
3 354 385 293 
3 257 293 214 
3 553 646 583 
3 141 148 186 
3 583 663 602 
3 754 773 693 
3 663 693 602 
3 714 773 787 
3 807 730 787 
3 748 807 821 
3 830 902 831 
3 825 831 904 
3 825 899 813 
3 793 813 890 
3 987 995 887 
3 883 987 887 
3 883 793 890 
3 1007 1102 1116 
3 995 1102 1007 
3 2003 2031 1929 
3 1902 2003 1929 
3 1800 1872 1902 
3 2031 2133 2062 
3 1771 1800 1696 
3 1592 1668 1696 
3 1563 1592 1486 
3 1382 1461 1486 
3 1358 1382 1278 
3 2062 2166 2092 
3 2092 2199 2129 
3 1169 1249 1278 
3 1142 1249 1169 
3 2129 2170 2064 
3 1116 1142 1031 
3 2220 2146 2102 
3 2064 2170 2102 
3 2184 2146 2260 
3 2295 2223 2184 
3 2223 2340 2268 
3 821 830 763 
3 1816 1922 1894 
3 1922 2002 1894 
3 2113 2002 2032 
3 2224 2113 2144 
3 2336 2224 2253 
3 1253 1141 1171 
3 1367 1253 1283 
3 1024 1057 1141 
3 1484 1367 1398 
3 1599 1484 1516 
3 1710 1599 1628 
3 1024 909 942 
3 1816 1710 1736 
3 827 909 795 
3 2360 2446 2336 
3 689 708 795 
3 689 587 597 
3 587 481 488 
3 481 378 380 
3 258 248 378 
3 258 187 165 
3 187 146 129 
3 115 146 130 
3 2877 2938 2863 
3 2839 2936 2877 
3 2863 2926 2844 
3 2844 2857 2748 
3 2748 2731 2602 
3 2794 2915 2839 
3 2724 2870 2794 
3 2796 2724 2647 
3 2602 2731 2590 
3 2562 2473 2590 
3 2589 2647 2506 
3 2383 2458 2506 
3 2340 2383 2268 
3 2473 2446 2360 
3 265 284 241 
3 313 312 284 
3 333 350 337 
3 334 336 350 
3 322 311 336 
3 311 288 277 
3 253 239 277 
3 239 222 210 
3 337 312 313 
3 192 177 210 
3 241 200 225 
3 200 169 190 
3 185 150 145 
3 169 150 190 
3 145 121 149 
3 177 186 217 
3 130 121 109 
3 53 143 180 
3 135 53 180 
3 135 175 61 
3 175 148 61 
3 214 135 180 
3 553 498 468 
3 414 385 468 
3 293 385 323 
3 214 293 237 
3 553 583 498 
3 148 203 186 
3 521 583 602 
3 773 714 693 
3 693 635 602 
3 730 714 787 
3 730 807 748 
3 748 821 763 
3 764 830 831 
3 825 762 831 
3 739 825 813 
3 813 793 720 
3 995 900 887 
3 784 883 887 
3 793 883 784 
3 1007 1116 1031 
3 995 1007 900 
3 1929 2031 1956 
3 1902 1929 1826 
3 1800 1902 1826 
3 2031 2062 1956 
3 1696 1800 1723 
3 1592 1696 1618 
3 1486 1592 1512 
3 1382 1486 1409 
3 1278 1382 1306 
3 2062 2092 1991 
3 2092 2129 2027 
3 1169 1278 1195 
3 1142 1169 1058 
3 2027 2129 2064 
3 1142 1058 1031 
3 2146 2034 2102 
3 1996 2064 2102 
3 2146 2184 2073 
3 2223 2112 2184 
3 2223 2268 2155 
3 763 830 764 
3 1922 1816 1842 
3 2032 2002 1922 
3 2144 2113 2032 
3 2253 2224 2144 
3 2360 2336 2253 
3 1141 1057 1171 
3 1253 1171 1283 
3 1367 1283 1398 
3 1057 1024 942 
3 1516 1484 1398 
3 1628 1599 1516 
3 1736 1710 1628 
3 909 827 942 
3 1842 1816 1736 
3 708 827 795 
3 708 689 597 
3 587 488 597 
3 481 380 488 
3 378 248 380 
3 248 258 165 
3 187 129 165 
3 146 115 129 
3 115 130 109 
3 2877 2863 2756 
3 2839 2877 2745 
3 2863 2844 2751 
3 2844 2748 2751 
3 2748 2602 2617 
3 2794 2839 2702 
3 2724 2794 2631 
3 2724 2560 2647 
3 2488 2602 2590 
3 2473 2488 2590 
3 2647 2560 2506 
3 2434 2383 2506 
3 2268 2383 2312 
3 2473 2360 2381 
3 241 284 274 
3 284 312 274 
3 350 373 337 
3 336 369 350 
3 311 349 336 
3 316 311 277 
3 239 285 277 
3 245 239 210 
3 360 312 337 
3 177 217 210 
3 200 241 233 
3 200 198 169 
3 145 150 125 
3 150 169 138 
3 121 145 125 
3 186 232 217 
3 121 111 109 
3 214 175 135 
3 175 203 148 
3 498 414 468 
3 385 414 323 
3 293 323 237 
3 175 214 237 
3 498 583 521 
3 203 232 186 
3 547 521 602 
3 714 635 693 
3 635 547 602 
3 714 730 654 
3 730 748 671 
3 748 763 691 
3 762 764 831 
3 762 825 739 
3 739 813 720 
3 793 701 720 
3 900 789 887 
3 789 784 887 
3 701 793 784 
3 921 1007 1031 
3 900 1007 921 
3 1852 1929 1956 
3 1826 1929 1852 
3 1723 1800 1826 
3 1956 2062 1991 
3 1696 1723 1618 
3 1592 1618 1512 
3 1409 1486 1512 
3 1306 1382 1409 
3 1278 1306 1195 
3 1991 2092 2027 
3 1091 1169 1195 
3 1058 1169 1091 
3 1955 2027 2064 
3 1058 947 1031 
3 2034 1996 2102 
3 2034 2146 2073 
3 1996 1955 2064 
3 2184 2112 2073 
3 2112 2223 2155 
3 2155 2268 2196 
3 697 763 764 
3 1949 1922 1842 
3 2032 1922 1949 
3 2057 2144 2032 
3 2167 2253 2144 
3 2275 2360 2253 
3 1171 1057 1088 
3 1283 1171 1202 
3 1398 1283 1319 
3 1057 942 973 
3 1516 1398 1433 
3 1547 1628 1516 
3 1658 1736 1628 
3 827 863 942 
3 1762 1842 1736 
3 827 708 723 
3 708 597 609 
3 488 507 597 
3 380 390 488 
3 248 251 380 
3 248 165 156 
3 165 129 103 
3 129 115 91 
3 97 115 109 
3 2756 2863 2751 
3 2745 2877 2756 
3 2839 2745 2702 
3 2751 2748 2617 
3 2602 2502 2617 
3 2794 2702 2631 
3 2560 2724 2631 
3 2602 2488 2502 
3 2488 2473 2381 
3 2560 2434 2506 
3 2383 2434 2312 
3 2268 2312 2196 
3 2381 2360 2275 
3 241 274 233 
3 312 327 274 
3 373 360 337 
3 369 373 350 
3 349 369 336 
3 311 316 349 
3 285 316 277 
3 239 245 285 
3 217 245 210 
3 312 360 327 
3 198 200 233 
3 169 198 171 
3 125 150 138 
3 169 171 138 
3 121 125 111 
3 232 268 217 
3 109 111 104 
3 203 175 237 
3 414 498 442 
3 323 414 357 
3 237 323 271 
3 442 498 521 
3 232 203 271 
3 547 464 521 
3 635 714 654 
3 547 635 574 
3 730 671 654 
3 671 748 691 
3 763 697 691 
3 694 764 762 
3 762 739 673 
3 653 739 720 
3 701 641 720 
3 789 900 810 
3 784 789 698 
3 701 784 698 
3 947 921 1031 
3 810 900 921 
3 1852 1956 1885 
3 1748 1826 1852 
3 1723 1826 1748 
3 1885 1956 1991 
3 1618 1723 1646 
3 1512 1618 1543 
3 1409 1512 1439 
3 1306 1409 1336 
3 1306 1232 1195 
3 1921 1991 2027 
3 1124 1091 1195 
3 981 1058 1091 
3 1955 1921 2027 
3 981 947 1058 
3 1996 2034 1926 
3 1962 2034 2073 
3 1955 1996 1888 
3 2073 2112 2005 
3 2044 2112 2155 
3 2085 2155 2196 
3 697 764 694 
3 1949 1842 1864 
3 2057 2032 1949 
3 2167 2144 2057 
3 2167 2275 2253 
3 1057 973 1088 
3 1171 1088 1202 
3 1283 1202 1319 
3 1398 1319 1433 
3 942 863 973 
3 1547 1516 1433 
3 1547 1658 1628 
3 1658 1762 1736 
3 827 749 863 
3 1842 1762 1864 
3 708 609 723 
3 749 827 723 
3 597 507 609 
3 488 390 507 
3 380 251 390 
3 251 248 156 
3 165 103 156 
3 129 91 103 
3 115 97 91 
3 97 109 104 
3 2756 2751 2621 
3 2745 2756 2610 
3 2702 2745 2583 
3 2621 2751 2617 
3 2617 2502 2508 
3 2631 2702 2543 
3 2486 2560 2631 
3 2502 2488 2398 
3 2488 2381 2398 
3 2560 2486 2434 
3 2312 2434 2365 
3 2196 2312 2247 
3 2381 2275 2291 
3 274 289 233 
3 327 289 274 
3 373 406 360 
3 369 409 373 
3 349 396 369 
3 349 316 371 
3 285 335 316 
3 245 302 285 
3 217 268 245 
3 360 391 327 
3 266 198 233 
3 198 211 171 
3 118 125 138 
3 171 139 138 
3 125 118 111 
3 268 232 304 
3 111 106 104 
3 203 237 271 
3 414 442 357 
3 271 323 357 
3 464 442 521 
3 232 271 304 
3 464 547 494 
3 574 635 654 
3 547 574 494 
3 671 598 654 
3 612 671 691 
3 691 697 631 
3 694 762 673 
3 739 653 673 
3 641 653 720 
3 641 701 617 
3 703 789 810 
3 789 703 698 
3 617 701 698 
3 833 921 947 
3 833 810 921 
3 1776 1852 1885 
3 1748 1852 1776 
3 1723 1748 1646 
3 1885 1991 1921 
3 1618 1646 1543 
3 1439 1512 1543 
3 1336 1409 1439 
3 1232 1306 1336 
3 1232 1124 1195 
3 1091 1124 1012 
3 981 1091 1012 
3 1850 1921 1955 
3 947 981 868 
3 1926 2034 1962 
3 1888 1996 1926 
3 1962 2073 2005 
3 1850 1955 1888 
3 2112 2044 2005 
3 2044 2155 2085 
3 2085 2196 2124 
3 697 694 630 
3 1971 1949 1864 
3 2057 1949 1971 
3 2167 2057 2080 
3 2275 2167 2188 
3 1088 973 1005 
3 1202 1088 1117 
3 1319 1202 1231 
3 1433 1319 1347 
3 973 863 892 
3 1547 1433 1463 
3 1574 1658 1547 
3 1762 1658 1680 
3 863 749 779 
3 1864 1762 1785 
3 723 609 642 
3 749 723 642 
3 507 530 609 
3 507 390 412 
3 390 251 267 
3 159 251 156 
3 156 103 71 
3 91 66 103 
3 91 97 85 
3 97 104 98 
3 2610 2756 2621 
3 2583 2745 2610 
3 2543 2702 2583 
3 2621 2617 2508 
3 2508 2502 2409 
3 2486 2631 2543 
3 2502 2398 2409 
3 2398 2381 2291 
3 2434 2486 2365 
3 2312 2365 2247 
3 2124 2196 2247 
3 2275 2188 2291 
3 289 266 233 
3 352 289 327 
3 360 406 391 
3 373 409 406 
3 396 409 369 
3 396 349 371 
3 316 335 371 
3 285 302 335 
3 245 268 302 
3 391 352 327 
3 198 266 235 
3 211 182 171 
3 198 235 211 
3 117 118 138 
3 139 117 138 
3 182 139 171 
3 118 106 111 
3 338 268 304 
3 106 101 104 
3 442 389 357 
3 271 357 304 
3 389 442 464 
3 420 464 494 
3 598 574 654 
3 574 523 494 
3 598 671 612 
3 612 691 631 
3 631 697 630 
3 613 694 673 
3 653 577 673 
3 653 641 589 
3 551 641 617 
3 703 810 722 
3 703 607 698 
3 607 617 698 
3 833 947 868 
3 810 833 722 
3 1776 1885 1815 
3 1748 1776 1671 
3 1646 1748 1671 
3 1885 1921 1815 
3 1543 1646 1567 
3 1464 1439 1543 
3 1336 1439 1355 
3 1268 1232 1336 
3 1124 1232 1161 
3 1012 1124 1054 
3 907 981 1012 
3 1921 1850 1815 
3 981 907 868 
3 1926 1962 1856 
3 1821 1888 1926 
3 1899 1962 2005 
3 1775 1850 1888 
3 2044 1938 2005 
3 2044 2085 1976 
3 2085 2124 2016 
3 694 613 630 
3 1893 1971 1864 
3 2080 2057 1971 
3 2188 2167 2080 
3 973 892 1005 
3 1088 1005 1117 
3 1202 1117 1231 
3 1319 1231 1347 
3 1433 1347 1463 
3 863 779 892 
3 1574 1547 1463 
3 1658 1574 1680 
3 1785 1762 1680 
3 749 666 779 
3 1893 1864 1785 
3 609 530 642 
3 666 749 642 
3 507 412 530 
3 390 267 412 
3 251 159 267 
3 159 156 71 
3 103 66 71 
3 66 91 85 
3 97 98 85 
3 104 101 98 
3 2610 2621 2504 
3 2485 2583 2610 
3 2543 2583 2460 
3 2504 2621 2508 
3 2508 2409 2407 
3 2418 2486 2543 
3 2409 2398 2304 
3 2398 2291 2304 
3 2365 2486 2418 
3 2247 2365 2296 
3 2124 2247 2159 
3 2188 2200 2291 
3 266 289 303 
3 289 352 303 
3 406 451 391 
3 406 409 456 
3 396 452 409 
3 396 371 436 
3 335 405 371 
3 302 377 335 
3 268 338 302 
3 352 391 427 
3 303 235 266 
3 211 227 182 
3 211 235 227 
3 118 117 106 
3 117 139 126 
3 182 158 139 
3 389 338 304 
3 106 107 101 
3 357 389 304 
3 389 464 420 
3 446 420 494 
3 523 574 598 
3 523 446 494 
3 598 612 543 
3 562 612 631 
3 631 630 567 
3 577 613 673 
3 577 653 589 
3 641 551 589 
3 551 617 535 
3 628 703 722 
3 607 703 628 
3 617 607 535 
3 833 868 758 
3 722 833 758 
3 1712 1776 1815 
3 1776 1712 1671 
3 1646 1671 1567 
3 1464 1543 1567 
3 1439 1464 1355 
3 1268 1336 1355 
3 1232 1268 1161 
3 1124 1161 1054 
3 943 1012 1054 
3 907 1012 943 
3 1850 1743 1815 
3 907 790 868 
3 1856 1962 1899 
3 1821 1926 1856 
3 1821 1775 1888 
3 1938 1899 2005 
3 1850 1775 1743 
3 1938 2044 1976 
3 1976 2085 2016 
3 2124 2052 2016 
3 630 613 561 
3 1995 1971 1893 
3 2080 1971 1995 
3 2096 2188 2080 
3 892 935 1005 
3 1117 1005 1040 
3 1231 1117 1152 
3 1347 1231 1264 
3 1347 1379 1463 
3 779 820 892 
3 1495 1574 1463 
3 1574 1603 1680 
3 1708 1785 1680 
3 779 666 709 
3 1893 1785 1809 
3 530 554 642 
3 554 666 642 
3 530 412 443 
3 412 267 296 
3 267 159 178 
3 159 71 68 
3 71 66 51 
3 66 85 65 
3 85 98 86 
3 101 99 98 
3 2485 2610 2504 
3 2583 2485 2460 
3 2418 2543 2460 
3 2504 2508 2407 
3 2409 2309 2407 
3 2309 2409 2304 
3 2291 2200 2304 
3 2365 2418 2296 
3 2247 2296 2187 
3 2159 2247 2187 
3 2052 2124 2159 
3 2200 2188 2096 
3 352 382 303 
3 391 451 427 
3 451 406 456 
3 409 452 456 
3 452 396 436 
3 371 405 436 
3 377 405 335 
3 338 377 302 
3 382 352 427 
3 273 235 303 
3 227 201 182 
3 235 273 227 
3 106 117 107 
3 139 158 126 
3 117 126 107 
3 182 201 158 
3 338 389 420 
3 107 96 101 
3 420 446 377 
3 523 598 543 
3 446 523 471 
3 612 562 543 
3 562 631 567 
3 567 630 561 
3 613 577 534 
3 514 577 589 
3 551 514 589 
3 551 535 478 
3 650 628 722 
3 607 628 538 
3 535 607 538 
3 868 790 758 
3 650 722 758 
3 1743 1712 1815 
3 1712 1602 1671 
3 1671 1602 1567 
3 1464 1567 1493 
3 1355 1464 1380 
3 1268 1355 1305 
3 1161 1268 1203 
3 1054 1161 1097 
3 990 943 1054 
3 907 943 835 
3 790 907 835 
3 1791 1856 1899 
3 1749 1821 1856 
3 1775 1821 1715 
3 1899 1938 1831 
3 1743 1775 1670 
3 1938 1976 1866 
3 1912 1976 2016 
3 2052 1950 2016 
3 561 613 534 
3 1995 1893 1911 
3 2096 2080 1995 
3 1005 935 1040 
3 820 935 892 
3 1117 1040 1152 
3 1231 1152 1264 
3 1379 1347 1264 
3 1379 1495 1463 
3 779 709 820 
3 1603 1574 1495 
3 1603 1708 1680 
3 1809 1785 1708 
3 666 593 709 
3 1893 1809 1911 
3 554 530 443 
3 666 554 593 
3 412 296 443 
3 267 178 296 
3 178 159 68 
3 71 51 68 
3 66 65 51 
3 85 86 65 
3 98 92 86 
3 98 99 92 
3 96 99 101 
3 2485 2504 2395 
3 2460 2485 2370 
3 2418 2460 2346 
3 2395 2504 2407 
3 2407 2309 2303 
3 2309 2304 2214 
3 2304 2200 2214 
3 2296 2418 2346 
3 2296 2230 2187 
3 2159 2187 2086 
3 2052 2159 2086 
3 2200 2096 2111 
3 382 329 303 
3 451 491 427 
3 510 451 456 
3 452 509 456 
3 495 452 436 
3 405 471 436 
3 377 446 405 
3 338 420 377 
3 382 427 453 
3 329 273 303 
3 201 227 249 
3 227 273 249 
3 126 158 131 
3 126 108 107 
3 201 176 158 
3 108 96 107 
3 471 523 543 
3 405 446 471 
3 562 495 543 
3 509 562 567 
3 510 567 561 
3 534 577 483 
3 577 514 483 
3 514 551 478 
3 478 535 463 
3 628 650 552 
3 538 628 552 
3 463 535 538 
3 790 686 758 
3 686 650 758 
3 1712 1743 1633 
3 1602 1712 1633 
3 1567 1602 1493 
3 1464 1493 1380 
3 1305 1355 1380 
3 1268 1305 1203 
3 1097 1161 1203 
3 990 1054 1097 
3 878 943 990 
3 943 878 835 
3 724 790 835 
3 1749 1856 1791 
3 1791 1899 1831 
3 1821 1749 1715 
3 1670 1775 1715 
3 1831 1938 1866 
3 1633 1743 1670 
3 1866 1976 1912 
3 1950 1912 2016 
3 2052 1987 1950 
3 491 561 534 
3 2010 1995 1911 
3 2096 1995 2010 
3 935 961 1040 
3 935 820 865 
3 1040 1070 1152 
3 1264 1152 1179 
3 1301 1379 1264 
3 1495 1379 1414 
3 820 709 756 
3 1603 1495 1519 
3 1708 1603 1625 
3 1809 1708 1725 
3 709 593 645 
3 1809 1824 1911 
3 476 554 443 
3 554 476 593 
3 296 342 443 
3 178 213 296 
3 128 178 68 
3 51 56 68 
3 65 54 51 
3 86 69 65 
3 92 69 86 
3 99 90 92 
3 99 96 94 
3 2370 2485 2395 
3 2346 2460 2370 
3 2395 2407 2303 
3 2309 2216 2303 
3 2216 2309 2214 
3 2200 2111 2214 
3 2230 2296 2346 
3 2187 2230 2122 
3 2086 2187 2122 
3 1987 2052 2086 
3 2111 2096 2010 
3 329 382 408 
3 427 491 453 
3 451 510 491 
3 509 510 456 
3 495 509 452 
3 471 495 436 
3 382 453 408 
3 329 299 273 
3 201 249 231 
3 273 299 249 
3 158 176 131 
3 126 131 108 
3 201 231 176 
3 83 96 108 
3 495 471 543 
3 495 562 509 
3 510 509 567 
3 510 561 491 
3 534 483 453 
3 483 514 439 
3 514 478 439 
3 413 478 463 
3 552 650 588 
3 470 538 552 
3 463 538 470 
3 686 790 724 
3 588 650 686 
3 1528 1602 1633 
3 1602 1528 1493 
3 1493 1417 1380 
3 1380 1257 1305 
3 1305 1257 1203 
3 1097 1203 1139 
3 1030 990 1097 
3 878 990 924 
3 878 771 835 
3 771 724 835 
3 1749 1791 1676 
3 1791 1831 1722 
3 1715 1749 1642 
3 1604 1670 1715 
3 1831 1866 1763 
3 1633 1670 1559 
3 1866 1912 1808 
3 1912 1950 1851 
3 1950 1987 1891 
3 491 534 453 
3 1923 2010 1911 
3 961 1070 1040 
3 961 935 865 
3 820 756 865 
3 1152 1070 1179 
3 1301 1264 1179 
3 1414 1379 1301 
3 1495 1414 1519 
3 709 645 756 
3 1603 1519 1625 
3 1725 1708 1625 
3 1824 1809 1725 
3 593 525 645 
3 1824 1923 1911 
3 342 476 443 
3 593 476 525 
3 213 342 296 
3 178 128 213 
3 56 128 68 
3 54 56 51 
3 69 54 65 
3 69 92 74 
3 92 90 74 
3 99 94 90 
3 96 83 94 
3 2370 2395 2288 
3 2346 2370 2269 
3 2288 2395 2303 
3 2216 2202 2303 
3 2216 2214 2120 
3 2214 2111 2120 
3 2230 2346 2269 
3 2122 2230 2157 
3 2020 2086 2122 
3 2020 1987 2086 
3 2021 2111 2010 
3 370 329 408 
3 453 483 408 
3 329 370 299 
3 231 249 291 
3 249 299 291 
3 176 154 131 
3 108 131 110 
3 176 231 220 
3 83 108 110 
3 408 483 439 
3 478 413 439 
3 413 463 407 
3 493 552 588 
3 470 552 493 
3 407 463 470 
3 626 686 724 
3 588 686 626 
3 1528 1633 1559 
3 1528 1417 1493 
3 1417 1300 1380 
3 1300 1257 1380 
3 1203 1257 1139 
3 1030 1097 1139 
3 924 990 1030 
3 878 924 817 
3 771 878 817 
3 724 771 661 
3 1676 1791 1722 
3 1749 1676 1642 
3 1722 1831 1763 
3 1604 1715 1642 
3 1670 1604 1559 
3 1866 1808 1763 
3 1808 1912 1851 
3 1851 1950 1891 
3 1891 1987 1916 
3 2021 2010 1923 
3 1070 961 998 
3 961 865 906 
3 756 805 865 
3 1179 1070 1105 
3 1217 1301 1179 
3 1414 1301 1345 
3 1519 1414 1442 
3 645 692 756 
3 1625 1519 1540 
3 1725 1625 1635 
3 1737 1824 1725 
3 645 525 571 
3 1923 1824 1834 
3 476 342 398 
3 476 398 525 
3 342 213 250 
3 213 128 162 
3 128 56 100 
3 56 54 55 
3 54 69 52 
3 69 74 52 
3 74 90 81 
3 94 93 90 
3 94 83 82 
3 2269 2370 2288 
3 2202 2288 2303 
3 2202 2216 2115 
3 2115 2216 2120 
3 2111 2021 2120 
3 2230 2269 2157 
3 2122 2157 2048 
3 2020 2122 2048 
3 1987 2020 1916 
3 370 408 439 
3 370 346 299 
3 279 231 291 
3 299 346 291 
3 131 154 110 
3 176 220 154 
3 231 279 220 
3 73 83 110 
3 413 370 439 
3 346 413 407 
3 493 588 528 
3 415 470 493 
3 407 470 415 
3 626 724 661 
3 588 626 528 
3 1451 1528 1559 
3 1417 1528 1451 
3 1300 1417 1340 
3 1257 1300 1184 
3 1139 1257 1184 
3 1030 1139 1073 
3 924 1030 960 
3 817 924 860 
3 771 817 710 
3 661 771 710 
3 1612 1676 1722 
3 1676 1572 1642 
3 1657 1722 1763 
3 1533 1604 1642 
3 1604 1496 1559 
3 1808 1706 1763 
3 1808 1851 1753 
3 1851 1891 1793 
3 1813 1891 1916 
3 1927 2021 1923 
3 961 906 998 
3 1070 998 1105 
3 865 805 906 
3 692 805 756 
3 1217 1179 1105 
3 1250 1301 1217 
3 1301 1250 1345 
3 1414 1345 1442 
3 1540 1519 1442 
3 645 571 692 
3 1635 1625 1540 
3 1737 1725 1635 
3 1834 1824 1737 
3 525 455 571 
3 1927 1923 1834 
3 342 250 398 
3 398 455 525 
3 250 213 162 
3 128 100 162 
3 100 56 55 
3 54 52 55 
3 74 59 52 
3 90 93 81 
3 74 81 59 
3 93 94 82 
3 83 73 82 
3 2185 2269 2288 
3 2202 2185 2288 
3 2097 2202 2115 
3 2115 2120 2022 
3 2120 2021 2022 
3 2269 2185 2157 
3 2048 2157 2076 
3 1944 2020 2048 
3 2020 1925 1916 
3 370 413 346 
3 340 279 291 
3 346 340 291 
3 154 136 110 
3 220 205 154 
3 220 279 287 
3 136 73 110 
3 346 407 340 
3 441 493 528 
3 415 493 441 
3 340 407 415 
3 560 626 661 
3 528 626 560 
3 1496 1451 1559 
3 1417 1451 1340 
3 1229 1300 1340 
3 1300 1229 1184 
3 1139 1184 1073 
3 960 1030 1073 
3 924 960 860 
3 750 817 860 
3 817 750 710 
3 661 710 601 
3 1572 1676 1612 
3 1657 1612 1722 
3 1572 1533 1642 
3 1706 1657 1763 
3 1496 1604 1533 
3 1706 1808 1753 
3 1753 1851 1793 
3 1793 1891 1813 
3 1832 1813 1916 
3 2021 1927 2022 
3 906 870 998 
3 1105 998 1041 
3 805 870 906 
3 805 692 746 
3 1150 1217 1105 
3 1250 1217 1150 
3 1345 1250 1308 
3 1345 1430 1442 
3 1430 1540 1442 
3 692 571 633 
3 1635 1540 1551 
3 1647 1737 1635 
3 1836 1834 1737 
3 571 455 518 
3 1836 1927 1834 
3 250 317 398 
3 398 317 455 
3 197 250 162 
3 100 142 162 
3 113 100 55 
3 52 60 55 
3 59 60 52 
3 93 87 81 
3 59 81 64 
3 95 93 82 
3 73 89 82 
3 2097 2185 2202 
3 2097 2115 2011 
3 2011 2115 2022 
3 2157 2185 2076 
3 1968 2048 2076 
3 1925 2020 1944 
3 1968 1944 2048 
3 1925 1832 1916 
3 279 340 355 
3 154 205 136 
3 220 287 205 
3 287 279 355 
3 136 133 73 
3 441 528 462 
3 415 441 355 
3 340 415 355 
3 560 661 601 
3 462 528 560 
3 1383 1451 1496 
3 1340 1451 1383 
3 1229 1340 1272 
3 1229 1114 1184 
3 1184 1114 1073 
3 1008 960 1073 
3 960 903 860 
3 750 860 791 
3 750 647 710 
3 710 647 601 
3 1505 1572 1612 
3 1612 1657 1549 
3 1572 1466 1533 
3 1594 1657 1706 
3 1423 1496 1533 
3 1649 1706 1753 
3 1682 1753 1793 
3 1793 1813 1709 
3 1813 1832 1727 
3 2022 1927 1924 
3 998 870 928 
3 998 928 1041 
3 1150 1105 1041 
3 805 746 870 
3 692 633 746 
3 1250 1150 1200 
3 1308 1250 1200 
3 1430 1345 1308 
3 1540 1430 1551 
3 571 518 633 
3 1647 1635 1551 
3 1738 1737 1647 
3 1836 1737 1738 
3 518 455 392 
3 1927 1836 1924 
3 250 197 317 
3 455 317 392 
3 142 197 162 
3 100 113 142 
3 60 113 55 
3 60 59 67 
3 81 87 64 
3 93 95 87 
3 59 64 67 
3 89 95 82 
3 73 133 89 
3 2185 2097 2076 
3 1993 2097 2011 
3 2011 2022 1924 
3 1993 1968 2076 
3 1925 1944 1846 
3 1944 1968 1862 
3 1832 1925 1846 
3 136 205 204 
3 205 287 290 
3 287 355 372 
3 136 204 133 
3 441 462 372 
3 355 441 372 
3 500 560 601 
3 500 462 560 
3 1423 1383 1496 
3 1340 1383 1272 
3 1229 1272 1162 
3 1114 1229 1162 
3 1114 1008 1073 
3 903 960 1008 
3 860 903 791 
3 688 750 791 
3 647 750 688 
3 647 536 601 
3 1466 1572 1505 
3 1505 1612 1549 
3 1657 1594 1549 
3 1466 1423 1533 
3 1594 1706 1649 
3 1649 1753 1682 
3 1682 1793 1709 
3 1813 1727 1709 
3 1832 1745 1727 
3 870 809 928 
3 1041 928 983 
3 1150 1041 1094 
3 870 746 809 
3 633 696 746 
3 1150 1094 1200 
3 1270 1308 1200 
3 1389 1430 1308 
3 1430 1487 1551 
3 633 518 584 
3 1556 1647 1551 
3 1738 1647 1639 
3 1827 1836 1738 
3 461 518 392 
3 1924 1836 1827 
3 317 197 244 
3 317 244 392 
3 197 142 170 
3 142 113 140 
3 113 60 120 
3 60 67 120 
3 87 79 64 
3 87 95 112 
3 64 72 67 
3 89 122 95 
3 133 157 89 
3 2097 1993 2076 
3 1993 2011 1908 
3 2011 1924 1908 
3 1968 1993 1890 
3 1846 1944 1862 
3 1968 1890 1862 
3 1832 1846 1745 
3 205 290 204 
3 290 287 372 
3 133 204 221 
3 462 397 372 
3 536 500 601 
3 397 462 500 
3 1383 1423 1313 
3 1272 1383 1313 
3 1272 1204 1162 
3 1052 1114 1162 
3 1008 1114 1052 
3 903 1008 946 
3 791 903 842 
3 731 688 791 
3 581 647 688 
3 581 536 647 
3 1466 1505 1394 
3 1440 1505 1549 
3 1549 1594 1480 
3 1423 1466 1356 
3 1594 1649 1531 
3 1649 1682 1570 
3 1596 1682 1709 
3 1727 1619 1709 
3 1727 1745 1640 
3 809 874 928 
3 928 874 983 
3 1041 983 1094 
3 746 696 809 
3 696 633 584 
3 1094 1159 1200 
3 1270 1389 1308 
3 1159 1270 1200 
3 1487 1430 1389 
3 1487 1556 1551 
3 518 461 584 
3 1639 1647 1556 
3 1726 1738 1639 
3 1827 1738 1726 
3 326 461 392 
3 1908 1924 1827 
3 197 170 244 
3 244 326 392 
3 142 140 170 
3 113 120 140 
3 67 116 120 
3 64 79 72 
3 79 87 112 
3 95 122 112 
3 72 116 67 
3 89 157 122 
3 157 133 221 
3 1890 1993 1908 
3 1846 1862 1767 
3 1890 1780 1862 
3 1745 1846 1767 
3 204 290 308 
3 397 290 372 
3 204 308 221 
3 500 536 434 
3 397 500 434 
3 1313 1423 1356 
3 1204 1272 1313 
3 1162 1204 1099 
3 1052 1162 1099 
3 1008 1052 946 
3 903 946 842 
3 731 791 842 
3 688 731 625 
3 581 688 625 
3 536 581 465 
3 1394 1505 1440 
3 1356 1466 1394 
3 1440 1549 1480 
3 1480 1594 1531 
3 1531 1649 1570 
3 1570 1682 1596 
3 1619 1596 1709 
3 1619 1727 1640 
3 1640 1745 1662 
3 809 766 874 
3 874 925 983 
3 983 1042 1094 
3 809 696 766 
3 696 584 652 
3 1042 1159 1094 
3 1389 1270 1349 
3 1234 1270 1159 
3 1460 1487 1389 
3 1487 1460 1556 
3 584 461 540 
3 1639 1556 1539 
3 1623 1726 1639 
3 1805 1827 1726 
3 461 326 428 
3 1908 1827 1805 
3 170 196 244 
3 196 326 244 
3 140 137 170 
3 120 127 140 
3 116 127 120 
3 79 76 72 
3 119 79 112 
3 122 144 112 
3 116 72 80 
3 122 157 183 
3 254 157 221 
3 1890 1908 1805 
3 1862 1780 1767 
3 1780 1890 1805 
3 1662 1745 1767 
3 290 397 308 
3 308 344 221 
3 434 536 465 
3 308 397 434 
3 1247 1313 1356 
3 1204 1313 1247 
3 1099 1204 1137 
3 1052 1099 991 
3 946 1052 991 
3 946 882 842 
3 731 842 777 
3 625 731 667 
3 516 581 625 
3 581 516 465 
3 1394 1440 1330 
3 1356 1394 1289 
3 1440 1480 1373 
3 1416 1480 1531 
3 1454 1531 1570 
3 1570 1596 1489 
3 1596 1619 1510 
3 1619 1640 1532 
3 1640 1662 1554 
3 874 766 843 
3 925 1042 983 
3 925 874 843 
3 696 652 766 
3 584 540 652 
3 1159 1042 1119 
3 1270 1234 1349 
3 1460 1389 1349 
3 1234 1159 1119 
3 1556 1460 1539 
3 461 428 540 
3 1623 1639 1539 
3 1726 1623 1704 
3 1805 1726 1704 
3 326 282 428 
3 137 196 170 
3 326 196 282 
3 127 137 140 
3 116 77 127 
3 72 76 80 
3 79 119 76 
3 144 119 112 
3 144 122 183 
3 77 116 80 
3 157 254 183 
3 344 254 221 
3 1780 1677 1767 
3 1780 1805 1704 
3 1677 1662 1767 
3 308 434 344 
3 344 434 465 
3 1247 1356 1289 
3 1204 1247 1137 
3 1099 1137 1035 
3 1099 1035 991 
3 882 946 991 
3 842 882 777 
3 667 731 777 
3 625 667 557 
3 516 625 557 
3 516 395 465 
3 1440 1373 1330 
3 1289 1394 1330 
3 1373 1480 1416 
3 1416 1531 1454 
3 1454 1570 1489 
3 1489 1596 1510 
3 1510 1619 1532 
3 1640 1554 1532 
3 1662 1576 1554 
3 766 727 843 
3 1042 925 1003 
3 815 925 843 
3 766 652 727 
3 540 622 652 
3 1042 1003 1119 
3 1234 1322 1349 
3 1432 1460 1349 
3 1209 1234 1119 
3 1539 1460 1432 
3 428 517 540 
3 1515 1623 1539 
3 1704 1623 1600 
3 282 400 428 
3 137 163 196 
3 196 163 282 
3 62 137 127 
3 77 62 127 
3 76 78 80 
3 119 123 76 
3 161 119 144 
3 215 144 183 
3 77 80 75 
3 183 254 298 
3 254 344 395 
3 1677 1780 1704 
3 1662 1677 1576 
3 395 344 465 
3 1178 1247 1289 
3 1137 1247 1178 
3 1035 1137 1074 
3 1035 932 991 
3 932 882 991 
3 882 824 777 
3 667 777 719 
3 667 605 557 
3 445 516 557 
3 395 516 445 
3 1373 1269 1330 
3 1289 1330 1223 
3 1373 1416 1310 
3 1416 1454 1346 
3 1454 1489 1376 
3 1489 1510 1402 
3 1427 1510 1532 
3 1554 1446 1532 
3 1554 1576 1470 
3 727 815 843 
3 925 894 1003 
3 815 894 925 
3 652 622 727 
3 540 517 622 
3 1003 1096 1119 
3 1322 1432 1349 
3 1322 1234 1209 
3 1096 1209 1119 
3 1515 1539 1432 
3 428 400 517 
3 1623 1515 1600 
3 1677 1704 1600 
3 282 263 400 
3 137 62 163 
3 163 263 282 
3 62 77 84 
3 80 78 75 
3 76 123 78 
3 119 161 123 
3 215 161 144 
3 215 183 298 
3 84 77 75 
3 254 395 298 
3 1576 1677 1600 
3 1178 1289 1223 
3 1137 1178 1074 
3 969 1035 1074 
3 969 932 1035 
3 882 932 824 
3 777 824 719 
3 605 667 719 
3 605 492 557 
3 492 445 557 
3 298 395 445 
3 1330 1269 1223 
3 1269 1373 1310 
3 1310 1416 1346 
3 1346 1454 1376 
3 1376 1489 1402 
3 1510 1427 1402 
3 1446 1427 1532 
3 1446 1554 1470 
3 1470 1576 1492 
3 711 815 727 
3 894 989 1003 
3 815 792 894 
3 622 711 727 
3 517 604 622 
3 1003 989 1096 
3 1322 1406 1432 
3 1293 1322 1209 
3 1096 1182 1209 
3 1406 1515 1432 
3 400 508 517 
3 1515 1492 1600 
3 400 263 404 
3 62 167 163 
3 163 167 263 
3 62 84 167 
3 78 147 75 
3 123 152 78 
3 123 161 189 
3 161 215 260 
3 215 298 364 
3 160 84 75 
3 1492 1576 1600 
3 1115 1178 1223 
3 1178 1115 1074 
3 1013 969 1074 
3 932 969 872 
3 824 932 872 
3 824 770 719 
3 605 719 657 
3 492 605 542 
3 492 364 445 
3 364 298 445 
3 1223 1269 1167 
3 1269 1310 1214 
3 1245 1310 1346 
3 1276 1346 1376 
3 1297 1376 1402 
3 1427 1325 1402 
3 1427 1446 1339 
3 1446 1470 1361 
3 1470 1492 1384 
3 815 711 792 
3 894 881 989 
3 792 881 894 
3 622 604 711 
3 508 604 517 
3 1096 989 1076 
3 1406 1322 1293 
3 1182 1293 1209 
3 1182 1096 1076 
3 1492 1515 1406 
3 508 400 404 
3 263 294 404 
3 167 294 263 
3 167 84 202 
3 147 160 75 
3 78 152 147 
3 152 123 189 
3 161 260 189 
3 215 364 260 
3 84 160 202 
3 1115 1223 1167 
3 1115 1013 1074 
3 914 969 1013 
3 969 914 872 
3 770 824 872 
3 719 770 657 
3 542 605 657 
3 492 542 423 
3 364 492 423 
3 1167 1269 1214 
3 1310 1245 1214 
3 1245 1346 1276 
3 1297 1276 1376 
3 1325 1297 1402 
3 1325 1427 1339 
3 1339 1446 1361 
3 1470 1384 1361 
3 1384 1492 1406 
3 792 711 699 
3 989 881 975 
3 792 786 881 
3 711 604 699 
3 604 508 606 
3 989 975 1076 
3 1384 1406 1293 
3 1182 1275 1293 
3 1170 1182 1076 
3 520 508 404 
3 294 440 404 
3 294 167 202 
3 160 147 229 
3 147 152 218 
3 218 152 189 
3 189 260 321 
3 260 364 423 
3 160 264 202 
3 1060 1115 1167 
3 1013 1115 1060 
3 914 1013 955 
3 872 914 819 
3 770 872 819 
3 770 713 657 
3 542 657 599 
3 542 475 423 
3 1167 1214 1111 
3 1245 1153 1214 
3 1192 1245 1276 
3 1297 1192 1276 
3 1218 1297 1325 
3 1236 1325 1339 
3 1256 1339 1361 
3 1384 1275 1361 
3 786 792 699 
3 881 880 975 
3 786 880 881 
3 604 606 699 
3 508 520 606 
3 975 1067 1076 
3 1275 1384 1293 
3 1170 1275 1182 
3 1067 1170 1076 
3 440 520 404 
3 440 294 348 
3 294 202 348 
3 147 218 229 
3 160 229 264 
3 218 189 321 
3 260 423 321 
3 202 264 348 
3 1060 1167 1111 
3 1013 1060 955 
3 859 914 955 
3 914 859 819 
3 713 770 819 
3 657 713 599 
3 475 542 599 
3 423 475 321 
3 1214 1153 1111 
3 1245 1192 1153 
3 1218 1192 1297 
3 1218 1325 1236 
3 1236 1339 1256 
3 1275 1256 1361 
3 700 786 699 
3 880 968 975 
3 786 794 880 
3 606 700 699 
3 520 618 606 
3 968 1067 975 
3 1170 1256 1275 
3 1067 1156 1170 
3 520 440 537 
3 489 440 348 
3 229 218 384 
3 229 347 264 
3 218 321 384 
3 264 418 348 
3 1060 1111 1002 
3 955 1060 1002 
3 897 859 955 
3 859 768 819 
3 768 713 819 
3 713 655 599 
3 539 475 599 
3 321 475 384 
3 1111 1153 1075 
3 1153 1192 1121 
3 1192 1218 1121 
3 1135 1218 1236 
3 1156 1236 1256 
3 794 786 700 
3 968 880 891 
3 880 794 891 
3 606 618 700 
3 520 580 618 
3 1067 968 1056 
3 1156 1256 1170 
3 1156 1067 1056 
3 440 489 537 
3 520 537 580 
3 418 489 348 
3 347 229 384 
3 347 418 264 
3 1111 1045 1002 
3 897 955 1002 
3 829 859 897 
3 829 768 859 
3 655 713 768 
3 655 539 599 
3 475 539 384 
3 1153 1121 1075 
3 1045 1111 1075 
3 1218 1135 1121 
3 1135 1236 1156 
3 715 794 700 
3 968 891 978 
3 794 818 891 
3 618 715 700 
3 618 580 624 
3 968 978 1056 
3 1135 1156 1056 
3 537 489 624 
3 580 537 624 
3 418 544 489 
3 347 384 477 
3 418 347 477 
3 1045 950 1002 
3 950 897 1002 
3 780 829 897 
3 768 829 716 
3 655 768 716 
3 539 655 600 
3 384 539 477 
3 1121 1053 1075 
3 1001 1045 1075 
3 1135 1053 1121 
3 794 715 818 
3 891 911 978 
3 818 911 891 
3 618 624 715 
3 978 1053 1056 
3 1053 1135 1056 
3 489 544 624 
3 544 418 477 
3 950 1045 1001 
3 897 950 847 
3 716 829 780 
3 780 897 847 
3 600 655 716 
3 539 600 477 
3 1053 1001 1075 
3 715 735 818 
3 911 1001 978 
3 847 911 818 
3 624 735 715 
3 1001 1053 978 
3 544 664 624 
3 600 544 477 
3 950 1001 911 
3 950 911 847 
3 716 780 664 
3 735 780 847 
3 600 716 664 
3 735 847 818 
3 664 735 624 
3 544 600 664 
3 780 735 664 

