# vtk DataFile Version 4.2
vtk output
ASCII
DATASET POLYDATA
POINTS 2999 float
-183.116 -2.69179 -291.744 -182.406 12.4851 -289.548 -182.229 3.32642 -276.64 
-182.026 -11.883 -278.511 -181.768 -17.9422 -293.331 -180.468 -5.78311 -263.968 
-180.358 6.44908 -304.763 -180.141 18.381 -274.701 -180.122 -8.96243 -305.923 
-179.793 27.3847 -286.925 -179.673 -26.9803 -280.419 -179.532 9.48751 -262.174 
-179.084 -20.958 -265.838 -178.895 21.3547 -301.151 -178.863 -32.9274 -294.943 
-178.26 -24.1123 -307.234 -177.38 0.45913 -249.89 -176.929 -14.8091 -251.633 
-176.691 33.4284 -272.765 -176.543 35.9995 -298.398 -176.387 24.5398 -260.641 
-176.153 -41.8672 -282.298 -176.09 -35.9192 -267.789 -175.251 15.6107 -248.465 
-175.249 -38.6174 -309.125 -175.242 42.1469 -284.743 -174.577 -29.7287 -253.544 
-174.565 -47.6179 -296.569 -173.69 -8.62427 -238.07 -172.77 6.54986 -236.531 
-172.425 -23.5711 -239.708 -172.162 49.7706 -296.114 -171.584 39.583 -259.502 
-171.493 -50.4346 -269.801 -171.2 30.5966 -247.363 -171.095 -52.673 -310.608 
-171.003 -44.3826 -255.467 -170.995 -0.296332 -315.289 -170.827 48.3752 -271.684 
-170.615 -56.1678 -284.11 -170.492 14.3534 -312.56 -170.425 -15.2203 -316.463 
-169.944 29.0118 -310.017 -169.868 21.5077 -235.313 -169.485 -38.1844 -241.505 
-169.04 -17.4427 -226.406 -169.014 -2.59842 -225.005 -168.68 -61.5319 -298.574 
-168.604 56.9377 -284.231 -168.166 -29.8147 -318.197 -167.39 42.9279 -307.743 
-167.058 -32.0431 -228.031 -166.989 12.2941 -223.69 -166.647 -43.6205 -319.908 
-165.411 53.7635 -304.292 -165.389 -58.3196 -257.632 -165.13 -52.3736 -243.504 
-165.116 45.072 -246.902 -165.113 -65.7876 -313.934 -164.857 54.1008 -259.122 
-164.779 -11.6112 -213.499 -164.743 -64.0134 -271.892 -164.556 36.0144 -234.799 
-164.298 63.1748 -297.363 -164.091 -26.1045 -214.861 -163.564 -46.2173 -229.801 
-163.424 3.0601 -212.298 -163.33 -69.396 -286.356 -163.086 62.4481 -271.626 
-162.737 26.7989 -222.993 -162.399 -54.6093 -321.233 -161.727 -40.3413 -216.342 
-161.361 -74.669 -301.417 -160.901 -20.4616 -201.762 -160.541 70.1464 -284.624 
-160.275 17.5534 -211.335 -160.22 -5.99625 -200.612 -159.409 -42.1794 4.44737 
-159.248 -34.7403 -8.90144 -159.147 -34.5046 -203.104 -158.937 -27.2998 -22.1893 
-158.931 -49.6078 17.9073 -158.863 -65.8185 -245.647 -158.858 -34.281 17.4067 
-158.749 -27.0382 3.93191 -158.594 -41.5975 30.9571 -158.555 -59.9572 -231.721 
-158.501 -19.8922 -9.41462 -158.343 -49.661 -8.6649 -158.316 -71.516 -259.737 
-158.208 -41.8607 -21.9125 -158.163 -13.2629 -22.7019 -158.076 -48.7866 44.545 
-157.989 -18.9903 16.7153 -157.97 -26.1489 30.2207 -157.844 -11.9806 3.29649 
-157.839 -54.2441 -217.964 -157.836 -33.1698 43.7566 -157.79 8.45127 -199.655 
-157.772 -5.24983 -10.0579 -157.61 -56.9962 31.4464 -157.594 -57.2509 4.66513 
-157.567 -20.5925 -35.4057 -157.518 3.10468 2.46723 -157.505 49.8576 -234.665 
-157.495 -3.7304 15.8665 -157.486 -10.6723 29.3204 -157.459 9.76672 -10.8724 
-157.419 -39.6307 57.2298 -157.41 58.7506 -246.852 -157.372 -17.5385 42.7646 
-157.37 1.16049 -23.3159 -157.34 -24.1841 56.2325 -157.337 -33.8866 -35.0682 
-157.287 7.15956 -317.237 -157.18 25.2032 -11.8978 -157.124 -7.27016 -319.231 
-157.116 -7.42321 -35.8724 -157.106 18.4119 1.49793 -157.074 -15.0216 -188.811 
-157.025 11.602 14.9037 -157.015 16.3371 -24.1549 -156.973 21.241 -314.856 
-156.954 -30.2594 69.6111 -156.927 -76.8072 -274.075 -156.839 -78.2887 -317.089 
-156.788 4.76372 28.3055 -156.725 -2.01564 41.7027 -156.695 40.7414 -222.726 
-156.667 33.9664 0.252573 -156.615 -8.64632 55.1352 -156.544 -14.7609 68.4701 
-156.541 -20.8936 81.8392 -156.53 40.8754 -13.353 -156.396 -28.9211 -189.893 
-156.26 -21.7391 -320.998 -156.183 -48.2113 -204.377 -156.126 67.2647 -259.289 
-156.067 27.0324 13.7461 -156.042 31.6534 -25.3708 -156.006 7.52314 -36.4748 
-155.95 -45.9217 70.7465 -155.813 49.606 -1.27827 -155.789 -55.6794 58.2101 
-155.777 8.07751 119.14 -155.773 -64.6678 18.1572 -155.726 20.1412 27.1776 
-155.68 -1.32358 106.364 -155.671 35.4719 -312.371 -155.629 14.2249 105.556 
-155.606 13.3923 40.5466 -155.595 -17.067 107.08 -155.579 -56.574 -21.8311 
-155.579 -36.5205 83.0952 -155.55 -11.2824 94.0237 -155.547 23.8835 118.619 
-155.506 0.5689 67.3624 -155.494 6.83728 53.9379 -155.468 42.5842 12.4009 
-155.449 -5.35949 80.7666 -155.379 -27.2902 95.3076 -155.375 -0.719367 -187.888 
-155.25 -16.8579 -48.4028 -155.122 31.5299 -210.975 -155.095 -64.9664 -324.175 
-155.083 4.39877 93.0635 -155.077 35.6026 25.9439 -155.047 -48.4128 -34.9029 
-155.045 22.5895 -37.4124 -155.025 -36.0554 -322.925 -155.011 -24.4583 -48.0904 
-154.957 -81.8555 -288.829 -154.891 22.1576 52.7198 -154.879 10.0369 79.6592 
-154.867 -7.15361 119.211 -154.857 51.0223 24.4798 -154.844 74.5192 -297.925 
-154.836 28.6905 39.3452 -154.811 15.905 66.2012 -154.771 -63.9719 44.9921 
-154.77 19.7398 92.0105 -154.712 58.1485 10.8088 -154.694 29.7009 104.4 
-154.654 44.1527 38.0463 -154.624 37.4679 51.4388 -154.617 25.2689 78.5058 
-154.574 31.2018 64.9548 -154.502 -1.38984 -48.8661 -154.387 52.4937 49.9874 
-154.375 -64.2963 -8.59653 -154.337 46.2444 63.4849 -154.321 59.1659 36.4789 
-154.248 66.6181 23.0077 -154.197 40.4796 77.1562 -154.196 -42.2165 -190.91 
-154.138 35.0857 90.677 -154.063 75.2911 -272.045 -154.024 49.3889 -309.973 
-153.66 -23.4495 -176.624 -153.635 -50.6156 -324.376 -153.631 22.4599 -199.06 
-153.611 -39.6624 -47.8977 -153.582 -9.71057 -175.756 -153.547 62.1618 -305.484 
-153.447 60.6162 61.5768 -153.29 67.0323 48.1442 -153.237 46.8271 -26.9308 
-153.138 55.2254 75.227 -152.844 56.1045 -14.84 -152.684 13.662 -49.4005 
-152.507 50.2944 88.8821 -152.487 65.283 -2.87523 -152.328 -67.6259 -219.663 
-152.227 -71.6642 4.75119 -152.197 37.1605 -38.5454 -152.09 -36.3836 -177.548 
-152.055 -86.4957 -303.512 -152.048 -73.1105 -233.702 -151.944 13.408 -187.185 
-151.928 44.9233 102.62 -151.907 -63.1027 -35.0502 -151.875 -21.331 119.518 
-151.77 -61.7864 -205.786 -151.754 -10.3437 -61.175 -151.564 39.3099 116.858 
-151.471 -78.6891 -247.702 -151.444 -27.7068 -60.8086 -151.433 -70.9917 31.5852 
-151.393 -42.8731 96.7357 -151.2 1.10984 131.105 -151.199 -32.2257 108.305 
-151.184 -54.6104 -47.946 -151.08 74.0407 35.0815 -151.043 -71.1487 -21.9609 
-151.004 69.1305 72.2912 -150.846 4.46179 -175.026 -150.804 16.6072 131.2 
-150.778 -55.7124 -192.112 -150.639 73.7011 58.4139 -150.549 81.8422 -285.058 
-150.493 4.9902 -61.6102 -150.264 -84.0538 -261.98 -150.196 -51.0585 83.6851 
-150.167 28.0315 -50.1859 -150.036 -18.2986 -163.583 -149.674 73.0535 9.90368 
-149.55 -49.2963 -178.428 -149.424 -30.5957 -164.303 -149.295 -4.4966 -162.791 
-149.242 64.7087 85.8039 -149.205 -45.2734 -60.661 -149.119 -60.1982 70.9441 
-148.839 53.8117 -222.787 -148.763 -78.6819 -8.71283 -148.755 62.6883 -234.888 
-148.247 32.4169 130.493 -148.228 -88.9437 -276.382 -148.109 44.6963 -210.952 
-147.994 -19.1298 -73.4285 -147.825 71.1886 -247.232 -147.78 59.7162 99.9642 
-147.748 19.7666 -62.1797 -147.71 -77.921 18.1427 -147.689 -42.4845 -165.071 
-147.534 -3.59076 -73.7847 -147.512 -77.7853 -35.5731 -147.5 -69.3536 -48.4432 
-147.484 -12.1108 129.639 -147.387 35.6791 -199.027 -147.131 -68.7161 57.895 
-146.904 -14.113 -150.514 -146.851 26.9296 -186.859 -146.617 -35.3398 -73.288 
-146.599 51.0901 -39.6967 -146.514 81.4077 47.1374 -146.427 18.2672 -174.611 
-146.252 60.6812 -27.8295 -146.236 79.3125 -259.824 -146.185 9.54469 -162.285 
-146.059 80.8054 22.4009 -145.99 -32.1268 -151.56 -145.978 -85.6614 -22.3804 
-145.897 -60.477 -60.9292 -145.624 -74.8256 -207.308 -145.617 -68.9652 -193.383 
-145.535 41.2133 -51.0557 -145.523 -88.7438 -317.4 -145.386 -93.4004 -290.957 
-145.337 0.354919 -149.896 -145.317 -80.428 -221.432 -145.253 80.5526 66.6972 
-145.195 11.363 -74.1239 -145.18 -62.7151 -179.729 -144.896 -75.7417 -325.668 
-144.817 53.4242 113.51 -144.77 69.5259 -15.5069 -144.604 -76.1174 44.6023 
-144.573 -85.8207 -235.558 -144.545 85.6503 -297.761 -144.514 -85.2696 4.67628 
-144.439 -55.9459 -166.072 -144.363 -11.7392 -86.1379 -143.976 -27.0603 -86.0493 
-143.811 -25.1979 -138.324 -143.733 32.6525 -62.563 -143.654 -9.46485 -137.669 
-143.638 86.8298 -272.779 -143.435 -51.1855 -73.4431 -143.367 77.3386 80.8823 
-143.316 72.6194 -306.822 -143.293 14.2205 -317.205 -143.225 -0.083318 -319.26 
-143.195 -91.0313 -249.837 -143.127 -48.6155 -152.639 -142.983 -83.7999 -49.1683 
-142.98 3.42653 -86.4105 -142.912 28.2793 -315.142 -142.763 -14.6478 -321.124 
-142.696 -18.4153 -125.108 -142.683 -92.1613 -36.2595 -142.624 -19.3319 -99.0748 
-142.607 -92.818 -8.92103 -142.593 -60.4606 -326.189 -142.346 77.7313 -2.8563 
-142.273 -33.572 119.463 -142.234 84.148 53.0695 -142.099 -29.5339 -322.923 
-141.879 -11.4268 -112.012 -141.879 42.8441 -313.137 -141.867 -44.8039 -324.843 
-141.798 -21.9136 129.28 -141.792 57.6933 -310.38 -141.761 -4.21129 -99.0529 
-141.705 -40.8763 -139.236 -141.609 7.33944 139.679 -141.473 -42.426 -86.1202 
-141.464 -74.8394 -61.7408 -141.462 -8.24689 136.073 -141.446 -26.5003 -112.263 
-141.374 -95.9729 -264.113 -141.345 46.825 126.681 -141.327 -83.0396 31.282 
-141.303 14.3289 -149.788 -141.273 -3.28073 -124.753 -141.215 -97.1837 -305.152 
-141.154 22.9816 -162.212 -141.022 5.37043 -137.351 -141.015 -33.4864 -125.71 
-141.004 -43.9993 107.589 -140.992 26.3297 -74.521 -140.925 -99.9658 -23.0122 
-140.871 72.6105 95.1688 -140.612 -34.3796 -99.0933 -140.372 31.1813 -174.64 
-140.089 -53.2041 94.9581 -139.941 93.2426 -285.735 -139.805 39.4735 -187.014 
-139.745 3.52579 -111.925 -139.664 86.5811 35.279 -139.534 18.3652 -86.7636 
-139.3 47.944 -199.29 -139.251 -69.5053 -167.287 -139.237 -75.9086 -181.024 
-139.163 10.6693 -99.1979 -139.136 65.712 -223.194 -139.136 23.1515 139.73 
-139.11 56.7431 -211.333 -139.098 -65.8565 -74.1647 -139.017 -81.9716 -194.876 
-138.834 -41.3035 -112.752 -138.815 54.0948 -51.9825 -138.615 -100.392 -278.539 
-138.606 -62.5472 -153.743 -138.522 -61.8198 82.1057 -138.474 74.2339 -235.354 
-138.446 -87.5967 -209.074 -138.228 43.9342 -63.1521 -138.217 -90.5547 18.1017 
-138.183 -97.6334 -49.6193 -138.158 63.7951 -40.2924 -138.154 -55.4776 -140.175 
-138.035 84.8703 10.1286 -137.97 11.4817 -124.625 -137.957 -48.1937 -126.505 
-137.955 86.8883 59.0016 -137.775 67.0887 109.071 -137.755 -106.028 -36.8541 
-137.518 -92.8944 -223.332 -137.406 -57.1394 -86.6518 -137.281 -48.9719 -99.702 
-137.252 82.2362 -247.837 -137.116 19.6957 -137.269 -136.823 -70.54 69.5242 
-136.792 -88.6937 -62.1459 -136.693 -98.8444 4.89349 -136.456 -106.714 -9.21052 
-136.392 72.7808 -28.0464 -136.254 35.844 -74.8872 -136.061 -97.8642 -237.598 
-136.038 18.166 -111.944 -136.021 27.8949 -149.847 -135.337 89.8562 -260.564 
-135.068 -78.8792 56.7711 -135.044 -113.486 -23.7402 -134.806 -55.4899 -113.712 
-134.8 -104.204 -292.872 -134.581 35.6794 -162.344 -134.578 38.2108 137.686 
-134.547 86.0924 73.0751 -134.273 25.4238 -99.3935 -133.951 -102.562 -251.867 
-133.912 97.0257 -298.675 -133.588 80.676 -15.2617 -133.58 -79.7069 -75.4423 
-133.569 -85.5263 -326.308 -133.485 -98.3881 -317.969 -133.45 25.6584 -124.736 
-133.265 60.2945 121.947 -133.2 -62.0673 -127.79 -132.894 34.2692 -86.9921 
-132.661 -86.5129 43.7621 -132.633 83.0313 -307.043 -132.547 -69.155 -141.516 
-132.528 97.3347 -273.511 -132.455 43.1313 -174.936 -132.411 -76.0246 -155.153 
-132.286 -62.8803 -100.835 -132.245 -82.6399 -168.844 -132.139 82.8567 88.0723 
-132.13 91.044 23.3784 -132.117 -110.705 -50.2422 -132.037 91.3233 48.9591 
-132.002 -70.9486 -88.0156 -131.934 -88.933 -182.836 -131.627 -101.588 -61.9197 
-131.616 -107.207 -266.202 -131.516 45.3582 -75.2534 -131.233 33.1956 -137.441 
-131.231 -118.881 -37.9157 -131.172 -69.9441 -327.399 -131.073 -94.4574 -196.921 
-130.82 50.9434 -187.395 -130.491 -91.6804 -72.2739 -130.48 32.2953 -112.248 
-130.243 55.734 -63.7608 -130.239 -94.5936 31.0021 -130.174 -99.8227 -211.167 
-130.155 -30.8004 127.499 -130.148 -3.0761 142.8 -130.122 66.5961 -310.32 
-129.908 -17.8528 136.367 -129.611 -53.9794 -325.849 -129.561 -41.975 116.458 
-129.505 21.4349 -316.585 -129.465 87.5588 -2.13094 -129.445 6.9428 -318.592 
-129.416 -107.152 -306.697 -129.362 65.7325 -52.4019 -129.291 58.8465 -199.838 
-129.262 50.8744 -312.687 -129.24 -119.714 -9.83591 -129.239 35.9457 -314.74 
-129.169 78.4641 102.56 -129.16 -7.80199 -320.542 -129.079 -38.2823 -324.158 
-129.028 -68.9901 -115.426 -128.952 12.7951 145.604 -128.893 -22.865 -322.443 
-128.618 -104.663 -225.489 -128.541 40.4 -150.093 -128.499 -103.2 18.4991 
-128.33 -51.8174 104.348 -128.28 67.2436 -211.997 -128.129 103.528 -286.51 
-128.026 -125.54 -25.3751 -127.985 -111.103 -280.544 -127.978 52.5101 133.993 
-127.529 74.9705 -40.3722 -127.519 76.5029 -223.729 -127.404 -112.514 6.43252 
-127.147 39.5411 -99.7956 -126.956 -61.0695 92.0341 -126.865 -75.4187 -129.579 
-126.627 92.9813 63.085 -126.539 -109.147 -239.62 -126.397 38.7338 -125.045 
-126.328 84.8403 -235.962 -126.097 91.3997 -248.455 -125.836 47.3342 -162.697 
-125.607 -75.8653 -103.024 -125.58 -70.191 79.8128 -125.52 28.4399 145.415 
-125.256 -122.046 -3.50168 -125.254 -82.2253 -143.405 -125.036 -114.314 -62.9681 
-125.019 95.6245 37.4549 -125.005 72.6481 116.15 -124.656 83.1975 -27.7642 
-124.563 -123.766 -51.7461 -124.385 -88.8373 -157.155 -124.34 47.8678 -87.5474 
-124.027 -79.3254 67.7005 -123.999 -129.984 -39.478 -123.969 98.7855 -261.186 
-123.966 -84.2378 -91.6908 -123.911 -113.458 -254.056 -123.883 94.0228 11.3299 
-123.83 -104.193 -72.9212 -123.718 -95.0785 -171.027 -123.512 -114.508 -294.67 
-123.323 -94.0253 -82.3608 -123.104 -101.004 -184.941 -122.888 -130.746 -14.2163 
-122.857 45.4593 -137.665 -122.815 54.0159 -175.392 -122.243 92.0501 77.525 
-122.178 57.2129 -75.6907 -122.088 44.8504 -112.688 -122.061 -87.6305 55.0806 
-121.973 -106.232 -199.215 -121.727 -81.4008 -117.779 -121.471 -94.5615 -326.897 
-121.31 106.669 -299.254 -120.877 91.7579 -307.18 -120.794 90.2338 -14.5257 
-120.792 -117.569 -268.356 -120.733 43.3373 143.676 -120.694 -111.196 -213.683 
-120.368 -106.474 -318.469 -120.322 -96.4602 42.8033 -120.313 61.0524 -187.981 
-120.138 105.993 -274.108 -119.992 66.5062 -64.0254 -119.904 -136.551 -27.6499 
-119.888 65.5953 128.636 -119.865 87.8067 93.9723 -119.454 -78.9866 -328.603 
-119.382 -130.816 -52.7388 -119.189 51.766 -150.461 -119.117 97.9855 51.7642 
-118.927 -105.695 30.8336 -118.665 -115.552 -227.923 -118.488 74.9239 -309.673 
-118.464 -88.2109 -131.743 -118.17 68.4936 -200.478 -118.025 76.0283 -52.3822 
-118.016 -88.3562 -106.052 -117.848 51.5928 -100.356 -117.683 -115.297 19.1937 
-117.635 -63.1391 -327.078 -117.602 -12.3526 141.832 -117.51 2.5274 147.616 
-117.472 99.0216 25.4455 -117.454 -25.8844 133.432 -117.396 50.687 -125.414 
-117.203 -116.504 -308.469 -117.092 58.9054 -311.839 -117 -37.8327 123.359 
-116.731 -121.176 -282.63 -116.511 -125.206 8.04383 -116.496 -47.1375 -325.06 
-116.493 -94.5305 -145.696 -116.383 83.0244 108.845 -116.246 77.0828 -212.555 
-116.244 43.6716 -313.837 -116.2 -119.698 -242.015 -116.077 -48.5785 112.225 
-116.014 28.821 -315.774 -115.902 -31.4274 -323.471 -115.897 14.0806 -317.682 
-115.694 -0.800457 -319.658 -115.68 -139.86 -41.325 -115.652 -96.466 -94.639 
-115.649 98.3731 -249.003 -115.635 -15.95 -321.686 -115.559 -116.193 -74.4593 
-115.497 96.3984 -0.805156 -115.493 18.0753 150.008 -115.353 57.6835 -163.306 
-115.309 -106.058 -84.3772 -115.273 -100.743 -159.591 -115.213 91.8797 88.8014 
-115.095 -134.72 -3.09213 -115.038 111.888 -286.887 -114.955 -127.818 -64.8151 
-114.89 -58.6212 100.71 -114.89 84.3077 -40.011 -114.262 -106.687 -173.591 
-114.13 59.1228 -88.0554 -113.957 86.4021 -224.498 -113.822 57.3662 139.832 
-113.711 98.8543 66.0276 -113.638 -68.3528 89.0689 -113.264 -142.203 -15.9075 
-113.209 -123.799 -256.37 -113.207 -112.269 -187.751 -112.706 56.2413 -138.222 
-112.339 -77.8873 77.3508 -112.326 -94.6289 -120.149 -112.034 56.0392 -113.15 
-112.022 -117.38 -202.073 -111.662 33.3485 150.211 -111.638 63.3623 -176.001 
-111.558 77.2025 122.124 -111.537 102.285 39.8995 -111.473 106.552 -261.667 
-111.395 -123.802 -296.604 -111.334 92.0802 -27.1667 -111.014 67.3865 -76.0913 
-110.849 -87.1497 65.4305 -110.499 -147.628 -29.6187 -110.437 -121.948 -216.391 
-109.997 -140.317 -54.6258 -109.738 101.851 13.2621 -109.535 -127.49 -270.708 
-109.378 -99.7621 -108.214 -109.354 -96.4297 53.5103 -108.802 -102.873 -327.552 
-108.688 -100.527 -134.175 -108.444 69.5139 -188.79 -108.383 90.4275 100.699 
-108.334 96.3327 -236.959 -108.257 -115.664 -320.794 -108.204 -125.963 -230.429 
-108.083 61.6117 -151.112 -108.08 98.5592 -306.114 -108.035 -105.989 41.7646 
-107.941 97.9762 79.8512 -107.939 75.991 -64.2097 -107.326 113.945 -299.52 
-107.209 62.1349 -100.835 -107.11 -87.3399 -329.361 -107.02 113.512 -274.358 
-106.998 -107.345 -96.6341 -106.99 -115.819 30.1997 -106.853 98.2017 -13.26 
-106.664 -106.032 -148.242 -106.652 82.1544 -308.875 -106.652 60.9519 -125.966 
-106.475 48.0193 149.067 -106.412 -126.39 19.17 -106.066 -116.553 -86.08 
-105.814 69.8651 134.158 -105.669 103.707 54.0717 -105.54 -71.7333 -328.285 
-105.495 -129.895 -244.54 -105.482 -127.229 -76.5587 -105.455 -149.627 -43.6658 
-105.437 76.7187 -201.361 -105.351 -136.402 7.75294 -105.261 -111.851 -162.327 
-105.256 -6.73214 146.629 -105.041 66.4908 -310.915 -104.927 -20.3759 138.806 
-104.802 -130.412 -284.671 -104.796 84.7092 -52.3582 -104.698 7.83911 152.306 
-104.479 -125.043 -310.096 -104.415 -32.8516 129.428 -104.17 -55.8026 -326.286 
-104.011 -117.818 -176.516 -103.898 -145.405 -4.42996 -103.735 51.2732 -312.865 
-103.691 105.369 27.5796 -103.587 -44.2809 119.09 -103.336 66.2035 -163.959 
-103.198 -39.9176 -324.276 -103.031 86.1298 114.193 -102.957 36.3384 -314.86 
-102.905 -138.532 -67.2612 -102.752 -123.204 -190.837 -102.61 -24.2317 -322.662 
-102.573 68.554 -88.49 -102.552 21.428 -316.853 -102.513 -108.098 -109.855 
-102.505 -55.1467 108.393 -102.497 105.257 -249.638 -102.398 85.3979 -213.49 
-102.375 6.38925 -318.674 -102.347 -8.7966 -320.6 -102.107 22.856 154.951 
-101.877 -133.88 -259.282 -101.792 -152.548 -17.7436 -101.418 -128.028 -205.041 
-101.394 96.1571 92.6735 -101.384 103.427 1.02446 -101.383 119.043 -286.602 
-101.307 -65.3713 97.3581 -101.18 -108.462 -122.863 -101.047 65.3351 -138.932 
-100.944 92.4122 -40.0575 -100.58 65.5256 -113.703 -100.15 -75.1899 86.0626 
-99.8204 -132.379 -219.015 -99.4876 103.518 68.1857 -99.319 61.3361 144.818 
-99.0212 70.6787 -176.915 -98.9936 -132.526 -298.31 -98.8875 -85.0485 74.6693 
-98.6278 -148.338 -57.119 -98.5866 -112.24 -136.641 -98.5508 -116.476 -98.5388 
-98.4688 76.0017 -76.3863 -98.4483 94.4641 -225.506 -98.0004 -156.46 -32.0402 
-97.9371 112.754 -262.23 -97.8102 -136.043 -233.031 -97.7995 37.7979 155.475 
-97.681 -137.164 -273.45 -97.6546 -94.8889 63.1945 -97.5624 107.467 41.7944 
-97.352 80.3112 126.941 -97.0907 99.0562 -26.4192 -96.728 -117.215 -150.693 
-96.5344 -126.136 -88.4003 -96.4519 -104.864 51.7966 -95.5325 69.5085 -151.875 
-95.5292 107.465 15.2401 -95.4972 -110.34 -328.447 -95.4005 76.4404 -189.745 
-95.3968 -114.945 40.4218 -95.082 93.2754 105.719 -95.0014 -123.53 -322.285 
-94.8757 70.6591 -101.254 -94.8042 104.727 -305.197 -94.5599 -125.25 29.1644 
-94.5536 -123.618 -165.03 -94.4741 -139.799 -247.889 -94.4218 -95.4566 -330.065 
-94.3567 83.7179 -64.5387 -94.3294 69.2072 -126.686 -94.2898 -135.297 -79.2893 
-94.282 89.1208 -307.866 -94.1255 -117.132 -111.573 -93.9896 -135.969 18.066 
-93.5072 102.839 -237.928 -93.2147 102.086 82.0682 -93.0398 119.461 -274.237 
-93.0356 -139.547 -286.227 -93.027 -80.0631 -329.336 -92.9814 -1.85562 152.177 
-92.8245 73.6894 -309.927 -92.7601 104.311 -11.4441 -92.7314 -129.55 -179.638 
-92.6121 -15.2611 144.521 -92.514 -145.652 6.06557 -92.4659 -156.696 -46.3306 
-92.4653 118.348 -298.696 -91.9469 -27.7546 135.522 -91.9138 52.0477 153.899 
-91.9011 12.3279 157.824 -91.784 -133.686 -311.589 -91.7088 83.4323 -202.357 
-91.6967 -64.3715 -327.512 -91.4767 -134.336 -193.837 -91.3771 58.8725 -311.914 
-91.33 73.3267 138.857 -91.134 -39.4905 125.557 -91.0762 -119.415 -125.251 
-91.0555 107.597 55.9056 -90.918 -145.336 -69.8694 -90.8283 -154.258 -6.56317 
-90.5549 -48.4278 -325.367 -90.4976 91.5569 -52.8475 -90.4502 -138.466 -207.994 
-90.1902 43.9161 -313.888 -90.0907 72.4864 -164.923 -90.0574 -50.7426 115.349 
-89.7212 -32.4375 -323.397 -89.6476 76.4815 -89.0004 -89.4579 28.9454 -315.84 
-89.4009 110.498 29.4504 -89.2978 -126.38 -100.26 -89.2813 -144.35 -263.843 
-89.2747 -142.062 -221.93 -89.2421 -16.728 -321.539 -89.0895 13.897 -317.724 
-89.0364 -1.30406 -319.623 -88.8938 88.8215 118.557 -88.8527 -123.112 -139.036 
-88.8394 -61.4534 104.894 -88.7877 27.0752 160.585 -88.6181 110.56 -250.401 
-88.1298 -160.203 -20.4488 -88.1091 -144.544 -235.931 -88.01 72.5217 -139.732 
-87.9418 91.3101 -214.586 -87.7733 73.1669 -114.301 -87.6919 -71.5793 94.0211 
-87.493 -127.476 -153.108 -87.1874 108.447 2.99017 -86.8895 -141.308 -299.466 
-86.5757 123.46 -286.028 -86.5641 -81.7573 82.9832 -86.5492 99.3801 95.4655 
-86.3826 -146.385 -250.829 -86.0572 -133.167 -91.8082 -85.9175 98.291 -40.8196 
-85.6929 -154.169 -59.811 -85.5887 76.2945 -177.989 -85.4788 -146.214 -275.014 
-85.4717 -91.9839 71.8738 -85.0153 104.328 -22.334 -84.5709 64.6536 149.217 
-84.441 106.634 69.8929 -84.3877 -127.651 -113.711 -84.3736 82.6612 -76.8143 
-84.3616 -102.319 60.7839 -83.8863 99.6902 -226.606 -83.8109 41.7042 160.848 
-83.7781 -162.381 -35.108 -83.723 117.686 -262.637 -83.2298 -112.658 49.6477 
-82.85 -118.697 -329.739 -82.7838 -140.608 -83.239 -82.7518 111.107 43.5104 
-82.7086 82.9816 130.912 -82.4661 -132.517 -323.45 -82.3373 -123.257 38.6498 
-81.8341 -103.82 -331.014 -81.7775 75.0813 -152.804 -81.7388 81.614 -190.89 
-81.6763 -148.078 -286.186 -81.5826 109.77 -302.915 -81.564 95.8348 -306.44 
-81.5604 -130.218 -127.622 -81.5088 -133.778 27.4453 -81.4213 77.3303 -101.85 
-80.9964 111.582 17.0755 -80.9684 -141.062 -183.123 -80.9021 -137.749 -169.164 
-80.8404 2.34139 158.4 -80.7035 -10.7644 151.094 -80.6864 75.2008 -127.389 
-80.5117 -88.6095 -330.065 -80.3203 -144.042 15.8414 -80.2612 -144.787 -197.268 
-80.1853 81.0932 -308.714 -80.1495 103.564 -29.0704 -80.0673 95.78 108.695 
-79.9126 -23.2154 142.343 -79.7492 -133.093 -141.611 -79.5768 89.8542 -65.1214 
-79.4234 -147.829 -211.301 -79.4113 -135.83 -155.597 -79.2041 16.2482 163.749 
-79.1889 108.413 -8.61576 -79.1885 107.449 -238.871 -79.1654 -73.0729 -328.564 
-79.0555 -142.315 -312.512 -78.96 -35.0244 132.597 -78.8253 -153.423 3.58554 
-78.7139 66.2977 -310.934 -78.6467 -150.555 -225.249 -78.5023 120.843 -295.171 
-78.291 -152.971 -253.769 -78.2063 -161.312 -49.3044 -78.0741 -150.095 -72.8737 
-77.966 -152.451 -239.566 -77.9306 88.1335 -203.45 -77.888 -56.9998 -326.501 
-77.6657 -46.2096 122.335 -77.6331 104.41 83.7366 -77.6035 123.468 -274.463 
-77.5175 -136.679 -100.683 -77.4574 51.5792 -312.849 -77.271 55.6262 158.489 
-76.8805 -40.5289 -324.405 -76.8533 -161.237 -9.59626 -76.5581 36.6628 -314.903 
-76.412 -57.0737 112.183 -76.2891 75.6299 142.367 -76.2056 -24.5015 -322.471 
-76.1726 -153.902 -269.473 -76.1059 76.7857 -166.07 -75.9426 21.6501 -316.723 
-75.8457 109.777 57.4466 -75.8319 -8.8836 -320.538 -75.7259 6.4752 -318.563 
-75.6669 96.7126 -53.6226 -75.3415 82.201 -89.5057 -75.291 30.8536 166.164 
-75.1675 -67.4579 101.561 -74.3276 113.105 31.073 -74.3017 -149.455 -300.229 
-74.073 114.771 -251.14 -74.0301 -77.7243 90.7121 -73.9883 95.6101 -215.598 
-73.9694 -137.557 -116.079 -73.8001 77.1934 -140.534 -73.7473 90.7231 121.413 
-73.6841 78.3594 -114.888 -73.2305 -165.087 -24.2087 -72.9519 -88.0629 79.7555 
-72.7875 111.573 5.04262 -72.3867 107.75 -18.6178 -72.1416 124.711 -282.31 
-71.9108 80.0842 -179.256 -71.8884 -98.5812 68.8407 -71.7757 -157.621 -63.0322 
-71.558 -139.845 -130.537 -71.2041 102.188 -41.7516 -70.8007 100.902 97.1935 
-70.7853 -109.001 57.817 -70.5694 -127.918 -331 -70.3707 -142.188 -144.706 
-70.1936 -144.733 -158.777 -70.1788 -145.886 -88.1012 -70.1187 -147.724 -172.835 
-69.7509 -119.608 46.8571 -69.7254 -141.624 -324.141 -69.6527 103.306 -227.667 
-69.5309 45.3104 165.838 -69.4995 -150.892 -187.028 -69.4894 67.4856 152.934 
-69.4489 -155.536 -286.984 -69.419 -112.515 -331.994 -69.3787 87.6155 -77.3645 
-69.3368 -7.0331 158.367 -69.0158 102.788 -305.023 -68.9991 115.809 -300.648 
-68.9809 -166.52 -38.7989 -68.9626 5.66 165.402 -68.8061 -130.408 35.9444 
-68.7635 107.901 71.4465 -68.6476 -153.63 -201.17 -68.3203 -19.1912 149.787 
-68.1363 121.843 -263.413 -68.1038 84.8605 -192.212 -68.0739 -97.2672 -330.899 
-67.9442 -156.048 -215.253 -67.6732 -140.833 24.5866 -67.5614 88.6991 -307.319 
-67.5113 -158.334 -229.511 -67.4897 84.6137 133.63 -67.3608 112.41 44.9525 
-67.2818 78.295 -153.815 -67.1009 -30.9027 140.199 -66.9232 81.7144 -102.444 
-66.8742 -159.875 -243.833 -66.6954 -81.9512 -329.472 -66.6798 125.954 -290.158 
-66.2259 19.7586 169.815 -66.2137 79.253 -128.106 -66.2041 -150.539 12.7238 
-66.008 -160.619 -258.075 -66.005 113.338 18.7873 -65.9649 74.1042 -309.586 
-65.7065 -150.416 -312.771 -65.5978 -42.0553 129.985 -65.5213 -145.4 -104.323 
-65.3347 -66.2983 -327.637 -65.2209 110.966 -6.22614 -65.0819 106.341 -30.0749 
-64.6604 110.765 -239.847 -64.6242 59.3823 -311.723 -64.467 96.4723 110.353 
-64.3954 -158.804 -0.161956 -64.3201 91.4114 -204.604 -64.1209 -52.8302 119.646 
-64.068 -48.8908 -325.521 -63.9254 -161.171 -272.951 -63.7801 -153.21 -77.0243 
-63.7175 94.545 -65.8307 -63.6188 44.5602 -313.755 -63.3113 -163.788 -52.8707 
-63.2415 -31.7313 -323.611 -62.8894 29.6092 -315.644 -62.8606 100.061 -54.1619 
-62.7985 -146.675 -119.546 -62.7598 -16.2134 -321.664 -62.749 -63.1735 109.07 
-62.4822 14.514 -317.68 -62.4705 -0.72001 -319.652 -62.2514 58.4286 162.334 
-61.7772 79.445 -167.291 -61.7138 -164.897 -14.1371 -61.5412 104.813 85.1057 
-61.4608 -73.2663 98.1318 -61.1337 34.0405 170.687 -61.0564 77.7422 145.347 
-60.937 -156.911 -300.349 -60.8946 -148.555 -134.145 -60.5891 127.613 -276.479 
-60.2781 -83.5372 87.207 -60.2609 85.8231 -90.021 -60.1353 98.6519 -216.666 
-60.0756 110.09 58.8199 -59.9446 -151.076 -148.502 -59.309 -153.895 -162.874 
-59.1708 -93.9627 76.2696 -58.9017 113.437 32.5174 -58.9016 79.5225 -141.398 
-58.8965 117.879 -252.29 -58.8626 81.6434 -115.594 -58.6779 -4.29372 166.938 
-58.5505 -156.815 -177.318 -58.4471 91.6057 123.168 -58.2316 -167.66 -29.0448 
-58.1676 -137.232 -332.189 -58.1067 -104.483 65.339 -58.0584 121.82 -298.629 
-58.0566 113.275 6.7906 -57.9379 109.778 -17.8757 -57.813 -159.494 -66.3095 
-57.7771 82.2868 -180.703 -57.7048 104.721 -42.1134 -57.6338 -16.1075 158.698 
-57.537 -159.318 -191.677 -57.2055 -121.448 -333.077 -57.0259 9.10904 172.534 
-57.0151 -115.003 54.3444 -56.9544 110.705 -303.387 -56.7351 -161.341 -206.045 
-56.5234 -162.314 -287.628 -56.3343 -163.384 -220.329 -56.2523 -149.607 -324.089 
-56.0234 -125.858 43.5789 -55.9761 -165.152 -234.69 -55.7795 -152.416 -93.61 
-55.7543 -27.2836 148.646 -55.72 -105.909 -332.041 -55.3817 -155.229 -79.9013 
-55.3793 106.012 -228.705 -55.3773 -166.171 -248.768 -55.1528 100.943 98.4733 
-55.1262 -165.685 -45.2405 -55.1055 96.681 -305.913 -54.9306 -136.417 32.4508 
-54.4765 47.955 169.424 -54.4276 87.4245 -193.394 -54.2722 -90.7292 -330.432 
-54.2203 70.1253 156.335 -53.834 -38.2034 138.266 -53.5295 -146.416 20.9323 
-53.4583 91.3544 -78.1767 -53.2668 82.1306 -308.149 -53.1936 128.843 -289.534 
-52.8626 -167.182 -263.387 -52.8266 -153.171 -108.915 -52.8106 -75.6407 -328.824 
-52.7935 22.8794 174.714 -52.5581 -166.158 -276.708 -52.4888 79.9888 -154.941 
-52.4373 107.318 72.5554 -52.3283 124.561 -264.814 -52.2462 86.0276 135.806 
-51.9648 -48.7003 127.576 -51.9157 -155.273 8.57798 -51.7872 -157.338 -311.854 
-51.7501 67.4706 -310.509 -51.6749 84.5194 -103.112 -51.631 111.731 46.1389 
-51.5089 -60.5767 -327.114 -51.278 102.115 -54.4303 -51.0018 80.7612 -128.829 
-50.9237 -154.583 -123.85 -50.9114 108.145 -30.0129 -50.7517 113.671 20.1901 
-50.732 93.8159 -205.663 -50.6299 52.6387 -312.665 -50.53 112.312 -5.20832 
-50.3888 -58.8917 116.706 -50.3056 -39.969 -324.779 -49.9138 96.523 111.594 
-49.8629 113.13 -241.077 -49.817 37.6876 -314.659 -49.7986 -162.386 -4.92919 
-49.6997 -23.1635 -322.728 -49.5745 -156.801 -138.509 -49.3356 22.6544 -316.703 
-49.3083 -7.76303 -320.731 -49.1677 7.52382 -318.768 -48.9524 -68.67 105.569 
-48.5027 -159.328 -153.169 -48.0993 -13.8825 169.568 -47.6613 -78.5826 94.3673 
-47.6363 -0.90198 175.466 -47.3024 -162.065 -168.023 -47.2259 -164.351 -55.695 
-47.1054 -166.676 -19.7487 -47.001 80.7995 -168.68 -46.9612 -163.799 -298.781 
-46.941 -167.583 -37.6102 -46.8674 60.8007 165.452 -46.5592 119.879 -300.631 
-46.4769 36.5937 173.921 -46.4115 -88.7676 83.2971 -46.1199 -164.54 -182.869 
-46.1158 100.842 -217.746 -45.7721 97.8787 -66.5676 -45.7568 79.8856 148.101 
-45.696 -24.8641 159.58 -45.5548 129.786 -278.144 -45.325 104.079 86.0176 
-45.3034 -99.2467 72.4134 -45.2665 -166.296 -197.538 -44.9629 11.8439 178.089 
-44.8068 -145.139 -332.832 -44.7535 -168.025 -212.029 -44.6581 -129.792 -334.201 
-44.5886 88.0296 -90.7191 -44.5703 -169.739 -226.429 -44.4755 -160.889 -70.4073 
-44.3349 106.457 -42.3235 -44.1766 -109.812 61.5432 -44.1563 -170.913 -240.87 
-44.0639 -171.044 -255.137 -43.7512 109.027 59.7911 -43.6835 80.0296 -142.481 
-43.6764 92.1654 124.658 -43.6684 119.926 -253.686 -43.534 -114.415 -332.759 
-43.3956 111.026 -17.4572 -43.2742 112.587 33.5872 -43.2693 82.5164 -116.31 
-43.2305 -158.687 -84.4144 -43.2246 105.407 -304.095 -43.0592 -120.415 50.664 
-42.9604 113.466 7.80809 -42.7705 -35.0645 147.921 -42.4828 -168.661 -285.698 
-42.4493 -156.727 -323.935 -42.0166 83.9399 -182.101 -41.9058 -99.2921 -331.328 
-41.8931 -131.043 39.7609 -41.7018 100.519 99.2823 -41.6408 -158.727 -99.1288 
-41.1363 89.1515 -194.484 -40.8359 90.6889 -306.549 -40.7894 107.942 -229.923 
-40.6438 -141.078 28.3035 -40.3534 -84.3824 -329.792 -40.2064 -44.8863 136.233 
-40.0909 -159.712 -113.955 -39.2295 -150.429 16.3557 -39.1155 -171.604 -272.928 
-39.1012 49.8407 171.667 -38.9855 75.9706 -309.082 -38.9158 25.1006 177.646 
-38.902 -69.5864 -328.327 -38.8231 129.189 -292.461 -38.8091 72.2792 159.417 
-38.7829 -161.447 -128.757 -38.2712 93.2363 -78.8392 -38.2183 -23.7421 174.541 
-38.1699 -54.6845 124.834 -38.1041 103.402 -54.8236 -37.8429 -163.611 -143.533 
-37.7665 -9.66434 179.201 -37.7313 -55.6598 -326.702 -37.6417 61.0485 -311.499 
-37.5968 -163.87 -309.818 -37.5573 -158.256 3.40418 -37.4824 -0.052177 178.562 
-37.2264 125.978 -266.709 -37.1718 87.208 137.602 -37.0648 79.5281 -156.319 
-37.0625 -43.1284 -325.2 -36.9263 95.4625 -206.785 -36.7881 45.9826 -313.675 
-36.75 109.34 -29.9641 -36.5691 -64.2992 113.362 -36.5623 -29.1617 -323.421 
-36.3484 -166.063 -158.575 -36.2204 30.8963 -315.869 -36.193 -14.6003 -321.507 
-36.1093 96.5779 112.541 -35.9972 15.7919 -317.816 -35.9554 0.697964 -319.784 
-35.6184 112.854 -4.71928 -35.5401 110.054 46.9386 -35.4618 105.867 73.2289 
-35.4527 -163.679 -11.0632 -35.398 85.1956 -103.965 -35.3892 80.3963 -129.845 
-35.3022 112.768 20.9732 -35.2898 -173.767 -260.831 -35.0807 -73.7162 101.736 
-34.8764 114.847 -242.428 -34.0364 -168.662 -174.311 -33.9155 -33.1266 161.676 
-33.7338 -83.5439 90.3287 -33.6986 -166.643 -26.6776 -33.4587 -166.541 -43.7744 
-33.1179 -174.963 -247.984 -33.117 116.304 -301.107 -33.0326 -170.468 -189.421 
-32.8347 -174.621 -233.442 -32.6838 -171.859 -204.143 -32.6408 -164.097 -60.1709 
-32.6347 -173.325 -218.74 -32.5263 -169.585 -296.057 -32.5067 -93.6277 79.1687 
-32.1932 13.1521 180.164 -31.733 102.419 -218.972 -31.6406 -137.231 -334.73 
-31.5191 38.0798 175.783 -31.4042 98.9531 -67.1323 -31.3428 62.518 168.07 
-31.3346 -152.081 -333.366 -31.2838 -104.015 68.2414 -30.9615 -122.442 -333.432 
-30.8352 -162.447 -75.0866 -30.7082 130.399 -280.732 -30.3872 81.1305 150.139 
-30.2972 80.5402 -170.293 -30.1781 107.139 -42.7035 -30.1036 -114.501 57.3545 
-29.6469 99.8584 99.6485 -29.5731 -107.643 -331.952 -29.505 -162.452 -89.907 
-29.1957 -42.4086 146.275 -29.0703 92.3373 125.719 -28.9396 -125.051 46.5005 
-28.8978 100.566 -304.801 -28.6617 111.525 -17.4445 -28.617 121.13 -255.326 
-28.4212 -162.906 -321.828 -28.4078 88.7267 -91.5993 -28.3107 -163.263 -104.662 
-28.3095 89.9547 -195.734 -28.2538 78.6571 -143.599 -28.2205 -173.382 -282.475 
-27.9747 -17.108 182.291 -27.9478 -92.9132 -330.528 -27.7594 112.931 8.23927 
-27.6636 -135.189 35.2605 -27.5574 110.759 34.0955 -27.3285 0.797626 181.657 
-27.2575 -164.776 -119.389 -27.0797 107.12 60.2247 -26.9585 81.6104 -117.221 
-26.7236 -31.37 177.935 -26.5702 -166.744 -134.193 -26.4004 84.9792 -307.336 
-26.366 -78.2581 -329.205 -26.3295 -144.644 23.3961 -26.2895 -50.8552 133.589 
-25.9878 109.353 -231.336 -25.9725 -168.776 -149.01 -25.1532 102.391 86.488 
-24.9545 93.6536 -79.4832 -24.9443 -63.705 -327.616 -24.9308 -153.159 10.9101 
-24.8309 -175.885 -268.973 -24.7162 69.9212 -309.929 -24.603 -170.617 -164.43 
-24.5183 25.9021 178.816 -24.3101 -60.0491 121.577 -24.1435 125.718 -294.414 
-23.8304 -49.4921 -326.034 -23.7173 54.5275 -312.489 -23.6712 50.9664 173.473 
-23.6655 103.766 -55.3153 -23.3786 -159.803 -2.72124 -23.3268 -35.403 -324.22 
-23.1854 39.1939 -314.803 -23.163 73.5392 161.467 -22.9578 -21.099 -322.437 
-22.9298 24.0051 -316.946 -22.89 -169.37 -307.096 -22.792 8.8884 -318.809 
-22.7901 -6.22033 -320.633 -22.722 96.6392 -208.071 -22.6771 -69.1954 109.549 
-22.6295 -39.262 166.655 -22.2755 126.811 -268.777 -22.1144 -177.275 -255.627 
-22.0499 109.702 -30.3079 -22.035 87.6587 138.817 -21.8958 96.0511 112.961 
-21.8298 84.3025 -184.13 -21.7806 -164.175 -17.8081 -21.7785 -11.3489 182.511 
-21.2245 -177.918 -241.016 -21.1408 -78.5589 97.786 -21.0525 77.9763 -157.878 
-20.6371 112.58 -4.67236 -20.6139 -165.971 -33.7548 -20.3628 -176.981 -226.172 
-19.8795 -165.16 -49.8534 -19.8739 115.945 -243.912 -19.872 111.348 21.1975 
-19.87 88.5652 -91.9718 -19.7924 -175.763 -211.436 -19.7555 -88.2601 86.2148 
-19.5361 78.5582 -130.85 -19.4847 108.11 47.144 -19.3916 -174.605 -196.779 
-19.0364 -144.84 -335.256 -18.8844 112.772 -301.278 -18.8217 -43.5284 155.573 
-18.6512 -164.077 -65.5001 -18.632 -173.738 -182.317 -18.5082 -159.768 -332.72 
-18.4819 -98.1433 74.8507 -18.3552 -130.329 -334.247 -18.1491 12.9868 180.598 
-17.8075 103.945 73.3432 -17.6998 -174.044 -292.942 -17.2922 99.0192 -67.8377 
-17.21 -164.108 -80.7063 -17.1986 -108.266 63.6994 -17.1558 -115.851 -332.808 
-17.1089 103.629 -220.259 -16.7919 -172.845 -168.393 -16.477 -23.8062 182.84 
-16.2655 38.4662 176.886 -16.2475 83.8762 -104.716 -16.0097 -164.952 -95.6887 
-15.9549 -118.531 52.6714 -15.8695 130.23 -283.526 -15.7796 63.7647 170.279 
-15.616 -101.323 -331.399 -15.4735 107.105 -43.1758 -15.3578 98.8515 99.6322 
-15.0753 -48.6086 143.072 -15.0353 -166.521 -110.544 -14.9351 81.9799 151.597 
-14.7297 -128.857 41.6927 -14.5856 -172.229 -154.689 -14.5247 -168.596 -125.293 
-14.411 90.605 -196.883 -14.3877 -170.496 -140.03 -14.119 92.1195 126.278 
-14.0831 94.3681 -305.562 -13.916 -86.8813 -330.002 -13.8192 111.293 -17.7326 
-13.8006 -168.071 -318.558 -13.7372 -177.05 -278.508 -13.6877 79.7578 -172.065 
-13.6392 122.28 -256.83 -13.4549 -38.2719 179.29 -13.4339 -138.546 30.1486 
-12.6407 -0.105328 181.631 -12.5881 111.844 8.17806 -12.3657 76.9435 -144.956 
-12.3093 -72.3909 -328.568 -12.2709 -55.7813 130.131 -12.1731 -147.435 17.9631 
-12.076 79.2611 -307.975 -11.8697 109.204 34.0898 -11.3277 93.3622 -80.1581 
-11.1792 110.423 -232.757 -10.9915 -178.584 -264.014 -10.8933 -154.877 4.82173 
-10.8823 -57.8969 -326.852 -10.6682 63.8076 -310.604 -10.6273 105.62 60.1742 
-10.3873 -64.4956 117.561 -10.1341 47.5082 -313.441 -10.0258 79.6835 -117.986 
-9.90706 -43.2946 -325.068 -9.89202 32.0409 -315.655 -9.79546 16.8847 -317.667 
-9.75887 1.73464 -319.658 -9.68468 25.562 179.274 -9.66923 123.802 -295.566 
-9.60454 -160.355 -9.50338 -9.52139 -13.4554 -321.547 -9.51441 -28.5058 -323.43 
-9.3175 -179.322 -249.313 -9.09165 103.582 -55.9134 -8.96147 -44.723 166.64 
-8.69098 -73.5947 105.39 -8.63419 101.178 86.3591 -8.36769 97.5599 -209.241 
-8.35443 -163.656 -24.8011 -8.21281 51.0966 174.922 -8.05064 -179.078 -234.328 
-7.68636 74.3527 163.147 -7.618 -151.752 -335.538 -7.47756 -173.277 -303.601 
-7.32395 127.638 -270.52 -7.23703 -13.7417 182.411 -7.22429 -164.709 -40.4185 
-7.22206 109.69 -30.8423 -7.1302 -83.0063 93.4919 -6.97628 -178.291 -219.368 
-6.74712 95.6169 112.936 -6.68596 88.023 139.655 -6.49682 -137.753 -335.097 
-6.4599 84.4495 -185.5 -6.09995 -164.429 -56.0555 -5.99741 -177.319 -204.639 
-5.72169 -165.231 -329.073 -5.68993 111.52 -4.98988 -5.68213 -92.5308 81.7457 
-5.60275 87.5236 -92.5539 -5.21599 76.9059 -159.428 -4.93611 116.882 -245.383 
-4.90374 -123.987 -333.674 -4.89366 112.506 -301.292 -4.81093 -176.211 -190.178 
-4.75403 -164.332 -71.5253 -4.68213 -48.6695 153.341 -4.50494 110.359 21.0151 
-4.28109 -102.195 70.1913 -3.76947 12.0402 180.234 -3.49444 -164.889 -86.8305 
-3.46316 77.1183 -131.903 -3.39293 106.997 46.9658 -3.37322 -175.369 -175.789 
-3.20838 -109.761 -332.279 -2.96925 -112.084 58.8364 -2.82039 98.566 -68.4416 
-2.48377 104.458 -221.513 -2.45049 -166.395 -101.947 -2.41316 -28.4153 183.037 
-2.41068 -176.576 -288.898 -2.2912 -174.569 -161.256 -1.85185 -173.182 -146.468 
-1.84053 -168.669 -116.909 -1.7667 -171.23 -131.654 -1.74514 -122.282 47.7683 
-1.66108 101.13 -303.991 -1.62396 103.063 73.0546 -1.57789 -95.4589 -330.887 
-1.12278 37.8811 177.439 -1.0679 130.79 -285.758 -0.906839 -52.1651 139.121 
-0.627194 107.066 -43.908 -0.447805 -132.453 36.7029 -0.312241 63.9157 172.043 
0.046165 91.2039 -198.01 0.115153 -81.1319 -329.541 0.130502 82.5017 -105.455 
0.181855 98.433 99.3186 0.355274 88.6335 -306.149 0.537941 -178.635 -273.648 
0.544566 82.7451 152.841 0.771119 -141.831 24.974 1.01316 110.968 -18.2615 
1.1993 92.2953 126.326 1.34509 122.93 -258.475 1.46008 -42.429 176.867 
1.57429 -157.957 -334.999 1.60841 -59.5168 125.597 1.6681 79.2138 -173.476 
1.72775 -66.6083 -327.98 1.75836 -170.827 -314.549 1.77359 -1.80201 180.971 
1.94668 -150.012 12.3572 1.95175 74.0747 -308.431 2.461 111.211 7.76378 
2.51622 -179.546 -258.112 2.90685 57.0466 -311.371 2.93301 9.60017 -318.48 
3.05908 -156.297 -1.3635 3.10896 24.725 -316.397 3.14593 39.8856 -314.292 
3.16586 -52.0345 -326.09 3.21891 92.5171 -80.7451 3.30676 -5.86954 -320.506 
3.31859 76.1933 -146.186 3.56638 -68.4234 113.005 3.67264 111.334 -234.146 
3.79201 108.524 33.7419 4.10504 -160.676 -16.0949 4.15992 -37.1787 -324.321 
4.17816 -145.326 -335.798 4.30346 -179.617 -243.055 4.43062 -21.9068 -322.59 
4.88336 123.071 -296.729 5.213 24.3716 179.03 5.2465 -163.331 -31.3817 
5.26951 -77.7291 100.842 5.31031 104.922 59.7415 5.65482 -179.403 -227.874 
5.7995 103.027 -56.7154 5.98141 -47.7397 163.849 6.09242 98.2152 -210.438 
6.10453 78.7826 -118.969 6.46914 -163.9 -46.9556 6.64269 -132.103 -334.552 
6.79319 -178.779 -212.793 6.92134 -87.1212 88.8575 7.17417 -16.3162 181.692 
7.18139 50.6025 175.927 7.21921 100.861 85.8487 7.59473 128.278 -272.31 
7.70189 109.424 -31.6089 7.7028 -163.415 -62.4441 7.80237 74.9293 164.799 
7.84567 -163.54 -327.667 7.93941 -177.673 -197.929 8.32473 84.9604 -186.507 
8.46105 -96.5718 77.084 8.64241 -175.537 -299.429 8.66948 95.8894 112.508 
8.78856 88.4681 139.976 8.82889 -118.361 -333.176 8.96826 -163.549 -78.0571 
9.14092 -176.49 -183.109 9.20407 86.6932 -93.334 9.21428 111.2 -5.59079 
9.47254 111.099 -301.467 9.9068 -106.162 65.4505 10.0056 117.708 -246.786 
10.0287 76.6485 -160.568 10.1008 -164.887 -93.5027 10.1085 -50.9397 149.209 
10.2517 -175.675 -168.359 10.7117 110.106 20.4235 10.7369 -104.194 -331.775 
10.8592 -167.29 -108.772 10.8637 -174.566 -153.451 11.0309 10.4782 179.805 
11.1495 -170.112 -123.682 11.1653 -172.716 -138.514 11.2395 -116.109 54.1264 
12.0415 97.9014 -69.3139 12.2221 106.747 46.4326 12.2545 105.317 -222.81 
12.2585 76.448 -133 12.2806 -31.3756 181.614 12.4504 -89.9962 -330.365 
12.4767 98.2695 -304.161 12.5375 -126.384 43.1297 13.0913 -177.918 -284.656 
13.2879 -168.501 -318.84 13.3013 -55.4108 134.15 13.7608 130.383 -287.277 
13.7709 -136.311 31.858 13.816 -154.077 -334.794 13.9401 36.7667 177.377 
14.0727 103.062 72.4174 14.159 -75.5746 -328.907 14.1828 -179.359 -267.534 
14.2718 106.524 -44.7731 14.3971 84.4177 -306.401 14.7046 92.0304 -199.108 
14.914 -145.235 19.8013 14.9207 2.46861 -319.273 15.1781 81.7148 -106.394 
15.2938 63.3645 172.9 15.523 70.982 -308.579 15.5784 17.3692 -317.261 
15.6154 -63.2307 120.691 15.7111 98.8536 98.711 15.8366 -60.9781 -327.246 
15.9476 110.706 -19.049 15.9611 60.8351 -310.414 15.9681 -152.664 6.76537 
16.0413 32.1724 -315.116 16.0742 83.2573 153.564 16.1659 46.7898 -312.897 
16.2375 123.73 -260.104 16.4108 -179.557 -252.113 16.5567 -3.56148 180.293 
16.6588 79.5223 -174.59 16.7696 92.7617 125.622 16.9375 -158.062 -7.33333 
17.0328 -44.7846 174.109 17.2899 -140.769 -335.341 17.4532 111.171 7.0368 
17.4583 -46.3234 -325.483 17.5422 -72.2851 108.126 17.8614 -161.721 -22.1884 
18.0539 91.9293 -81.7728 18.1631 -179.39 -236.924 18.5778 111.933 -235.442 
18.6015 76.0329 -147.461 18.9393 -163.399 -37.6871 18.9824 -31.5847 -323.733 
19.0678 -172.785 -308.746 19.0798 108.804 33.045 19.306 -81.6496 95.9501 
19.3698 -178.846 -221.516 19.5905 122.143 -297.897 20.135 22.8533 178.421 
20.1677 -127.378 -334.131 20.3412 -163.081 -53.5202 20.3514 -177.961 -206.19 
20.6672 -16.9381 -321.922 20.7789 -49.1662 159.481 20.7889 102.589 -57.7741 
20.815 105.437 59.0699 20.859 99.0805 -211.601 20.9762 -91.1001 84.0972 
21.1862 78.4338 -120.202 21.2998 -176.792 -190.954 21.3535 -161.57 -327.749 
21.621 -162.37 -69.3659 21.7829 -18.0209 180.461 22.4319 -175.915 -175.904 
22.4611 129.149 -273.979 22.4742 49.4734 175.837 22.5537 -100.653 72.3656 
22.6478 101.504 85.0869 22.6609 108.954 -32.5017 22.6658 -162.913 -85.0967 
22.7074 -113.469 -332.801 23.0663 85.8793 -187.577 23.2785 -178.945 -275.195 
23.3022 -174.869 -160.849 23.3407 74.7981 165.9 23.5238 -165.043 -100.733 
23.8155 -172.899 -145.858 23.9548 108.868 -301.901 23.9829 -168.092 -115.858 
24.0119 -110.416 60.8775 24.035 86.5903 -94.6903 24.042 -170.616 -130.837 
24.0994 111.311 -6.4921 24.1562 96.643 111.461 24.6313 89.3701 139.112 
24.6773 -99.2786 -331.37 24.8475 118.398 -248.303 25.0894 77.5201 -161.823 
25.4014 -120.607 49.7282 25.4183 -175.675 -295.711 25.5611 -51.8923 142.648 
25.6073 -4.42768 -320.22 25.7423 110.884 19.6277 25.9121 8.85757 179.217 
26.3998 -84.7928 -329.874 26.5341 94.6863 -304.348 26.7024 -130.746 38.5532 
26.8887 -32.5221 178.667 26.9805 97.0563 -70.349 27.0394 -150.481 -333.848 
27.1767 106.043 -224.01 27.2239 77.3128 -134.522 27.3572 -179.167 -260.952 
27.4466 10.004 -318.161 27.5312 107.747 45.6477 27.7918 -58.2961 128.062 
27.8975 -140.306 26.955 28.1747 80.4701 -306.675 28.1846 -167.707 -318.136 
28.1867 -70.158 -328.31 28.4117 130.854 -288.991 28.4793 24.7404 -316.034 
28.9075 67.2546 -309.021 28.944 -148.899 14.6168 28.9682 39.3452 -313.701 
28.9698 35.3485 176.856 29.1772 53.5977 -311.487 29.259 105.91 -45.7192 
29.3988 104.386 71.6424 29.4255 92.956 -200.241 29.7014 -66.5772 115.075 
29.801 -155.703 1.1819 29.9725 82.5038 -108.144 29.9783 -55.4625 -326.614 
30.2863 -43.3415 168.673 30.4056 -178.796 -246.324 30.4354 -160.454 -13.187 
30.7456 62.1074 172.473 30.9207 -137.331 -334.54 30.9592 -163.085 -28.2748 
30.9719 110.574 -20.1073 30.98 82.7653 154.669 31.0567 124.536 -261.876 
31.1865 99.9154 97.6897 31.3768 -5.18836 179.65 31.4675 81.637 -175.563 
31.5261 -75.8486 102.772 31.7765 -177.765 -283.055 31.9219 -40.8146 -324.832 
32.0981 -163.596 -44.1176 32.2452 111.858 6.00553 32.2869 -178.073 -231.248 
32.6443 94.1192 123.961 32.9812 91.4699 -83.1315 33.2751 -177.254 -215.601 
33.2871 -85.321 90.8362 33.4115 112.62 -236.719 33.5131 -176.425 -199.511 
33.5316 77.664 -148.956 34.1448 110.153 32.1287 34.1538 -123.579 -333.748 
34.1594 -26.3683 -323.203 34.4141 -175.178 -183.999 34.5033 120.699 -298.733 
34.9809 -94.9919 79.1693 35.0364 21.2964 177.642 35.1934 -171.848 -306.073 
35.4574 -174.155 -168.819 35.6352 -159.738 -327.016 35.7369 99.8416 -212.772 
35.8375 101.638 -58.7796 35.8388 -162.416 -61.5471 35.9041 80.1738 -122.077 
35.9769 86.9772 146.092 36.0008 -161.954 -77.2068 36.0482 107.09 58.1818 
36.272 -172.654 -153.652 36.3086 -162.899 -92.7215 36.5327 -19.4273 179.326 
36.5689 -109.234 -332.546 36.592 -104.842 67.6549 36.6955 -170.295 -138.562 
36.7455 -165.333 -108.186 36.853 -167.984 -123.419 36.8713 -12.1989 -321.411 
37.1265 -178.255 -269.655 37.3463 129.753 -275.712 37.6309 47.9396 174.978 
37.8082 108.699 -33.6407 37.8503 87.3591 -188.657 37.9891 103.395 84.1884 
38.1071 -115.108 56.5071 38.1781 -46.4657 149.499 38.4754 -94.6413 -331.062 
38.5089 105.965 -302.22 38.5265 73.2544 165.59 38.8577 87.0504 -96.467 
39.0164 111.895 -7.65743 39.2198 2.16373 -319.35 39.4937 -125.399 45.4022 
39.55 119.085 -249.855 39.7475 98.1397 110.18 39.8617 79.7983 -163.068 
40.1775 -52.4072 134.646 40.3033 -79.8085 -329.386 40.5298 -33.0986 175.308 
40.584 112.117 18.4812 40.6028 90.4441 -304.85 40.6526 16.9672 -317.077 
40.7427 7.23349 178.443 40.7746 -135.369 33.9974 40.8098 -41.6851 162.712 
41.1748 -148.187 -332.65 41.4538 -177.885 -255.694 41.5629 31.779 -314.639 
41.6531 75.426 -307.377 41.7136 91.197 135.438 41.7981 -163.56 -49.1622 
41.8859 -174.345 -293.13 41.9083 -144.894 22.2059 41.9293 -60.5891 121.492 
41.9553 106.543 -225.299 41.9811 79.378 -136.263 42.0048 96.385 -71.6933 
42.0414 46.383 -312.305 42.1334 60.9161 -310.016 42.1996 -64.9724 -327.72 
42.5962 109.901 44.6376 42.7563 -153.048 9.40383 43.1517 -164.326 -34.4271 
43.3253 -159.034 -4.62828 43.4639 -162.798 -19.3457 43.6058 -166.294 -316.395 
43.6598 131.137 -290.197 43.6845 -69.6549 109.201 43.9707 33.7873 175.982 
44.2127 -50.153 -326.021 44.3166 93.7059 -201.467 44.5965 106.652 70.7149 
44.6436 83.9161 -110.157 44.709 -176.843 -241.344 44.8189 105.833 -47.1744 
45.2241 -134.711 -334.153 45.3426 80.9569 155.631 45.4349 -79.1487 97.2897 
45.6637 -173.874 -192.298 45.9563 125.235 -263.289 45.9887 60.4731 171.349 
46.1125 110.961 -21.4209 46.2532 -6.90756 178.724 46.2778 83.561 -176.644 
46.3925 -35.409 -324.344 46.6233 102.08 96.6469 46.9183 -172.576 -177.017 
47.0239 113.09 4.73557 47.1312 -175.623 -226.498 47.2005 -89.0084 85.7211 
47.5287 -176.05 -279.672 47.9027 91.2579 -84.8709 47.9447 112.999 -238.028 
47.9483 -120.018 -333.391 48.2223 79.9187 -150.39 48.2624 -171.133 -161.935 
48.5015 95.6375 122.296 48.6869 -20.803 -322.545 48.9032 -98.9643 74.2324 
48.9465 -174.324 -211.322 48.9598 112.423 30.9788 49.0815 -169.164 -146.76 
49.4831 119.202 -299.309 49.5739 -166.959 -131.452 49.6436 -164.387 -116.156 
49.7312 -162.288 -100.909 49.9128 19.7599 176.806 50.0895 -104.796 -332.102 
50.1741 -161.247 -85.6667 50.5341 -109.269 63.0433 50.5503 -157.95 -325.634 
50.5968 82.0382 -124.008 50.6736 100.235 -214.027 50.7229 -169.688 -303.494 
50.989 -6.16334 -320.461 51.1736 109.577 57.1258 51.1935 -20.9854 177.261 
51.3148 101.068 -60.3981 51.3269 86.649 145.096 51.6661 -161.588 -70.7977 
51.9297 -38.2586 153.284 52.0099 -89.9239 -330.556 52.0847 -119.804 52.0447 
52.2965 -176.076 -265.635 52.4861 -45.1399 139.763 52.584 130.13 -276.922 
52.7088 46.374 173.71 52.7657 88.4315 -189.882 52.8102 8.69671 -318.133 
52.8238 101.354 -302.877 52.9682 -31.9942 167.088 53.3415 105.963 83.1367 
53.4783 -130.184 40.9239 53.6059 71.3432 164.582 53.6991 87.0592 -98.3832 
53.7083 112.871 -9.10059 53.8179 108.454 -35.231 53.9761 -74.8337 -328.835 
53.9972 23.6764 -315.713 54.0642 -162.893 -56.2565 54.088 -53.7921 127.234 
54.1781 84.1093 -305.723 54.2713 119.366 -250.931 54.5926 81.7378 -164.285 
54.7049 -140.258 29.4621 54.7378 38.6975 -313.289 54.9213 68.64 -308.442 
55.0638 53.5867 -310.988 55.2757 113.963 17.1823 55.3431 100.066 108.884 
55.3455 -171.825 -199.97 55.5382 5.61932 177.275 55.7104 -149.556 17.2521 
55.7199 -164.649 -41.3311 55.7838 -63.0574 115.207 55.8553 -146.216 -332.472 
56.1024 -59.7228 -327.082 56.1823 -174.999 -251.317 56.1892 106.588 -226.549 
56.4047 -157.013 3.7227 56.5291 -164.716 -25.9972 56.6698 81.3627 -138.025 
56.6769 -162.173 -10.805 57.0071 -171.801 -290.064 57.2343 95.3846 -73.3325 
57.4755 112.624 43.477 57.5059 -72.6719 103.446 57.5485 91.8189 133.421 
57.659 -169.985 -185.469 58.3119 -44.7282 -325.346 58.7099 -163.331 -314.24 
58.9539 32.2444 174.747 59.0758 -131.185 -333.419 59.262 -82.4994 91.8515 
59.3062 -173.525 -236.821 59.3351 130.79 -291.163 59.3381 -168.377 -170.488 
59.4102 84.2306 -112.047 59.604 94.0527 -202.788 59.8897 109.307 69.5831 
60.4401 79.4702 154.862 60.5669 -29.8586 -323.494 60.7133 -166.588 -155.397 
60.8452 104.692 -48.8741 60.8726 -8.53151 176.191 61.0256 -92.6063 80.457 
61.0591 125.159 -263.94 61.1463 84.7479 -177.898 61.1547 58.7562 169.93 
61.3833 110.942 -23.0318 61.4334 -115.365 -332.616 61.6483 114.255 3.25911 
61.6814 -164.487 -140.136 62.1041 112.887 -239.112 62.1626 104.601 95.5196 
62.1782 -162.237 -124.655 62.1947 -171.627 -222.337 62.5094 -159.969 -109.516 
62.5202 -172.832 -276.13 62.7423 -103.03 69.3475 62.8253 -14.9809 -321.601 
62.8366 90.2266 -86.6097 62.9723 81.2941 -151.888 63.3077 -158.757 -94.4301 
63.4997 -100.048 -331.384 63.6687 114.661 29.6961 63.7555 -20.6831 168.545 
63.9995 -29.302 156.589 64.0958 115.933 -299.99 64.1399 96.7947 120.629 
64.4178 -113.61 58.3364 64.7178 -37.473 144.165 64.734 18.1701 175.259 
64.7916 -0.033924 -319.388 64.9179 -159.362 -79.4972 65.1901 -168.913 -208.42 
65.3714 82.4134 -125.877 65.4062 -84.9736 -329.927 65.4569 -154.732 -324.283 
65.7571 -166.476 -301.004 65.9669 -124.296 47.4051 66.1824 -46.5019 132.268 
66.1894 100.114 -215.377 66.276 112.329 55.9193 66.3583 15.1168 -316.861 
66.6967 92.9031 -304.242 66.7213 85.9157 143.509 66.7798 -171.958 -261.691 
66.8445 98.9507 -61.9016 67.1243 -161.476 -64.6646 67.2253 30.515 -314.469 
67.345 -134.842 36.3129 67.5241 -69.6249 -328.387 67.5371 76.4 -306.944 
67.7081 113.04 -10.6302 67.776 45.8304 -311.952 67.7935 44.7838 171.972 
67.8458 -56.0375 120.673 67.9314 61.0197 -309.549 68.0071 88.8676 -191.192 
68.0174 129.01 -277.633 68.0445 -166.704 -194.175 68.4371 86.0379 -100.166 
68.4961 -144.725 24.5629 68.8016 -164.341 -49.2854 68.8026 108.547 81.99 
68.8508 69.4773 162.865 68.9962 118.721 -251.722 69.2728 110.533 -23.8199 
69.3319 -166.233 -33.1061 69.377 -153.432 11.7773 69.4587 82.6918 -165.646 
69.5238 -65.8381 109.191 69.7035 -164.946 -17.1847 69.7314 106.306 -227.726 
69.7987 -160.425 -2.14641 69.8407 115.542 15.6991 69.8987 -54.3392 -326.541 
70.0201 -142.037 -331.348 70.0207 -164.657 -179.421 70.0612 4.06883 174.283 
70.3336 -170.491 -247.029 70.9243 101.848 107.526 71.2442 -75.7775 97.8243 
71.4989 81.471 -139.705 71.5073 -162.508 -164.394 71.7147 -167.681 -286.927 
71.8661 107.171 -37.2144 72.2621 93.0553 -74.9347 72.3128 -39.26 -324.639 
72.4266 115.174 42.188 72.6338 -126.557 -332.711 72.828 -160.53 -149.14 
73.0182 -85.9287 86.5262 73.0787 92.0038 131.567 73.2226 -168.408 -232.353 
73.321 -159.319 -311.901 73.7117 -8.7358 168.447 73.8429 30.6018 172.76 
73.8619 -158.575 -133.712 74.2273 83.1119 -113.874 74.5507 -156.51 -118.412 
74.6316 127.457 -291.518 74.6719 -24.28 -322.691 74.79 -96.4229 75.4432 
74.7918 -110.407 -332.329 75.2942 111.517 68.2815 75.327 -19.2572 158.692 
75.5322 -155.251 -103.392 75.6042 77.8407 152.645 75.6193 93.7144 -204.051 
75.7693 -165.449 -217.898 75.7701 114.931 1.68019 76.0593 112.044 -239.957 
76.1275 123.632 -264.369 76.2552 85.2207 -179.135 76.3644 57.0615 167.797 
76.519 -106.988 64.3963 76.6379 -167.628 -272.421 76.6891 -28.9789 147.933 
76.794 -95.0087 -330.824 76.943 -9.22168 -320.708 77.2153 101.971 -50.531 
77.2428 -155.446 -88.4833 77.6047 87.5996 -88.1791 77.8136 106.494 94.1579 
77.8284 81.2053 -153.439 78.1723 -162.379 -203.465 78.1825 -38.5939 136.748 
78.1839 -117.482 53.2015 78.3455 113.341 -300.638 78.5822 116.057 28.2216 
78.7273 -79.7337 -329.479 78.8691 5.97983 -318.209 79.3546 16.5495 172.167 
79.3794 98.938 -303.303 79.6548 97.4305 118.908 79.7489 -128.053 42.0568 
79.7626 -150.337 -322.311 79.8133 21.6237 -315.556 79.855 -48.572 125.741 
79.865 -157.713 -73.7427 79.9248 -161.478 -298.087 80.0917 105.399 -228.382 
80.0966 83.6692 -305.685 80.2396 81.0667 -127.641 80.304 -159.927 -188.694 
80.3562 37.4427 -313.124 80.5717 68.4112 -308.066 80.6622 -166.481 -257.635 
80.6915 52.9567 -310.477 80.7698 -166.156 -40.119 80.7707 112.071 -12.0246 
81.0566 -64.2614 -327.776 81.1174 -138.415 30.6743 81.5281 -58.6292 114.668 
81.6052 114.078 54.5334 81.7927 -166.171 -23.6425 81.8313 -157.486 -173.712 
82.0672 85.0811 141.409 82.1952 -148.169 18.7382 82.251 95.5831 -63.4709 
82.8314 -162.249 -58.9793 82.8688 43.2335 169.649 82.9661 -163.018 -8.41646 
82.9722 -156.648 5.83201 83.0535 126.328 -277.757 83.1806 -68.6557 103.436 
83.2279 83.6 -101.874 83.2336 -155.303 -158.508 83.531 3.24321 167.906 
83.5681 88.4389 -192.348 83.68 117.154 -252.317 83.687 -164.156 -242.705 
83.7311 -48.8868 -325.834 83.8116 -137.294 -329.591 84.0251 67.7524 160.243 
84.3147 -153.07 -143.199 84.4105 82.2045 -166.998 84.4165 109.534 80.4702 
84.5232 115.5 14.1014 84.7645 108.432 -25.59 84.9107 -78.8257 92.2309 
85.0026 98.5161 -216.877 85.4189 -151.188 -127.964 85.4727 -161.828 -283.52 
86.1496 -121.561 -332.221 86.1913 -8.54255 160.078 86.2498 -161.109 -227.968 
86.2655 -33.832 -323.863 86.3783 80.0797 -141.329 86.4859 102.453 105.847 
86.6791 -149.997 -112.691 86.6886 -89.2804 81.1778 87.0478 89.3317 -76.5681 
87.4194 -154.14 -309.124 87.8393 115.501 40.5926 88.0562 -105.264 -331.926 
88.0992 -19.305 150.522 88.3222 -157.58 -213.215 88.3401 91.5406 129.436 
88.4687 -99.9098 70.1741 88.5364 -150.046 -97.8079 88.6696 29.0027 169.859 
88.6722 104.022 -39.0767 88.8226 124.545 -291.309 88.8649 -18.7589 -321.854 
88.9803 -164.92 -45.6136 89.0478 80.3088 -115.59 89.8926 113.092 0.113468 
89.8935 110.403 -240.671 89.942 -29.8916 140.509 89.9857 -89.669 -330.392 
90.0352 -161.157 -268.655 90.163 -154.512 -198.309 90.1826 -110.265 58.8237 
90.6323 117.736 -297.282 90.7981 76.4588 150.114 90.8697 111.444 66.625 
90.9951 121.643 -264.955 91.1821 83.5013 -180.475 91.4349 -3.69826 -319.571 
91.5034 55.2283 164.591 91.6095 -152.204 -83.2945 91.617 -151.757 -183.286 
91.6889 -40.3279 130.118 91.8437 -120.595 47.3822 91.877 91.9079 -205.301 
91.9709 105.005 -301.928 92.0614 -74.2307 -329.031 92.1848 83.5721 -89.8848 
92.5676 79.4568 -154.929 92.5802 98.0979 -52.2333 92.5851 90.4221 -304.545 
92.9016 -149.048 -168.164 92.9444 28.3456 -314.238 92.9642 44.5344 -311.661 
93.0436 75.4576 -306.745 93.05 60.082 -309.16 93.1292 11.6594 -316.939 
93.2578 -165.917 -30.8483 93.2919 -154.857 -294.774 93.3377 15.1431 166.808 
93.3564 106.03 92.3379 93.4098 -50.7885 119.584 93.4795 -131.211 36.1572 
93.5092 -159.053 -253.489 93.7318 114.929 26.4884 93.7615 -145.23 -319.751 
93.9317 -146.364 -152.928 94.6183 -58.7002 -327.155 94.7068 109.307 -13.6096 
94.8383 -143.992 -137.719 94.9029 96.9944 116.896 94.9297 -141.767 24.7229 
95.0409 78.299 -129.272 95.0887 -61.1116 108.781 95.3665 103.235 -229.272 
95.6868 -164.121 -15.87 95.7484 -156.553 -69.3132 95.9983 -151.255 12.3531 
96.1932 -156 -238.426 96.4264 -142.755 -122.591 96.4936 -159.024 -1.10073 
96.5916 91.1565 -65.1348 96.7838 -71.3778 97.6731 96.8243 2.45999 160.919 
97.1012 83.8819 138.732 97.1872 113.263 52.7929 97.4671 -43.5454 -325.138 
97.6255 -132.166 -327.954 97.7822 79.0076 -103.559 97.7933 123.79 -278.18 
97.83 41.5607 166.279 98.0147 114.666 -253.221 98.2181 -152.403 -223.319 
98.3102 -154.481 -279.928 98.5093 -81.7231 86.5408 98.6518 -142.815 -107.531 
98.7057 85.6656 -193.652 98.8986 79.0863 -168.495 99.0067 65.6623 156.522 
99.0608 104.86 -27.2724 99.2977 112.986 12.3879 99.3968 -9.3414 152.833 
99.3986 -116.157 -331.118 99.6814 -148.638 -208.191 100.012 108.328 78.5874 
100.241 -92.1657 75.4184 100.364 -147.174 -305.817 100.393 -28.4985 -323.157 
100.402 -161.143 -54.9492 100.599 84.3562 -78.0404 100.942 -145.394 -193.116 
100.978 76.6749 -142.879 101.059 -99.8507 -331.117 101.085 95.7441 -217.927 
101.503 -20.582 143.675 101.768 -144.797 -93.0148 101.835 101.335 103.799 
101.957 -102.496 64.053 101.975 -142.22 -178.065 102.36 -152.943 -264.832 
102.532 120.342 -290.893 102.829 99.4723 -40.7117 102.875 27.3797 164.515 
102.891 -139.131 -162.858 103.092 -84.2614 -330.02 103.178 113.024 38.6797 
103.267 90.2385 126.841 103.324 -13.5763 -320.789 103.424 -31.5864 134.039 
103.475 75.4434 -117.289 103.61 -112.613 52.4253 103.773 36.7232 -312.881 
103.794 -136.402 -147.609 104.131 107.378 -241.689 104.302 109.491 -1.57972 
104.473 110.505 -298.602 104.583 52.1558 -310.458 104.588 -163.209 -39.7236 
105.172 97.09 -303.385 105.232 -42.5316 124.097 105.243 -134.521 -132.477 
105.284 67.2089 -308.004 105.324 -122.912 40.9201 105.357 82.3276 -305.822 
105.446 -68.605 -328.53 105.509 -150.394 -249.463 105.523 118.222 -266.042 
105.625 79.5395 -181.908 105.665 -146.984 -291.224 105.667 74.4226 146.493 
105.689 78.0456 -91.554 106.069 1.37897 -318.371 106.081 -148.895 -79.1806 
106.156 53.0076 159.932 106.361 93.0331 -53.8989 106.452 109.798 64.7232 
106.702 -138.468 -316.585 106.84 75.2494 -156.464 106.944 -53.1972 113.756 
106.947 88.2894 -206.545 107.04 -133.461 29.5378 107.297 13.7266 160.93 
107.504 -133.778 -117.531 107.608 -146.892 -234.142 107.843 -162.868 -24.6057 
108.215 16.6527 -315.883 108.326 -53.2325 -326.655 108.5 -143.623 17.6121 
108.629 -63.5561 102.836 108.743 111.291 24.5688 108.797 104.155 90.268 
108.833 105.031 -15.4044 109.102 -142.956 -218.577 109.251 73.1024 -130.927 
109.386 -152.468 4.59264 109.412 85.8852 -66.6927 109.472 -159.397 -9.47222 
109.871 95.1427 114.433 110.062 99.6493 -230.26 110.101 -145.716 -276.25 
110.174 -138.996 -203.2 110.275 -73.7862 91.6268 110.398 -154.872 -64.5809 
110.61 0.992146 154.642 110.657 -125.878 -325.833 110.827 -135.267 -188.138 
110.919 -135.26 -102.875 111.549 -131.74 -172.994 111.574 -38.3305 -324.545 
111.75 82.0281 135.351 111.856 72.2608 -105.347 111.88 -83.9247 80.2642 
112.04 118.787 -279.342 112.208 79.0906 -79.5451 112.21 39.454 160.739 
112.218 110.878 -254.263 112.23 -128.481 -157.708 112.334 -110.273 -329.869 
112.568 109.971 50.6956 112.61 -139.298 -302.405 112.705 30.0562 -313.891 
112.814 74.1216 -170.03 112.834 100.023 -29.1141 113.107 -11.08 146.697 
113.21 81.04 -195.019 113.454 -126.039 -142.441 113.485 -94.0196 68.717 
113.533 63.161 151.898 113.709 -143.637 -261.156 113.969 108.31 10.5314 
114.049 -94.4541 -330.496 114.321 72.8058 -92.7383 114.709 70.9772 -144.496 
114.749 -23.4941 -322.312 114.774 -158.983 -49.2281 115.051 -138.316 -89.6119 
115.077 -104.014 57.0247 115.199 -22.679 137.824 115.342 105.474 76.4766 
115.633 -148.657 -70.8539 115.696 44.495 -311.82 115.715 -124.668 -127.368 
115.732 91.3928 -218.988 116.164 -78.6363 -329.454 116.27 113.638 -291.123 
116.337 -140.572 -245.722 116.34 93.8402 -42.5275 116.643 -113.801 45.1073 
116.708 98.5303 101.36 117.028 -34.0171 128.365 117.326 68.2947 -119.091 
117.35 -138.293 -287.614 117.392 25.5746 159.168 117.58 59.502 -309.538 
117.721 103.028 -300.27 117.823 87.7968 123.701 117.869 -8.68932 -319.885 
117.913 88.7635 -304.84 118.136 -136.813 -229.751 118.163 108.502 36.5922 
118.372 74.2746 -307.309 118.455 -124.021 33.5314 118.494 102.984 -242.772 
118.609 104.171 -3.456 118.744 -45.0224 118.371 118.992 -130.88 -313.641 
119.032 -124.524 -112.59 119.057 -159.588 -34.1603 119.1 -63.2101 -327.811 
119.224 -132.536 -213.535 119.235 86.8689 -55.6527 119.394 73.9192 -183.401 
119.65 113.09 -267.296 119.9 -128.468 -198.153 120.135 72.0611 142.145 
120.175 -134.236 21.7493 120.314 69.3184 -158.028 120.394 -124.603 -183.05 
120.43 -55.4914 107.611 120.604 50.5547 154.79 120.818 6.23146 -317.495 
120.867 -142.442 -77.127 120.903 -120.981 -167.898 121.168 79.0842 -68.2394 
121.371 82.9075 -207.806 121.421 -136.513 -272.604 121.495 -143.659 9.12186 
121.5 -117.725 -152.654 121.568 12.031 155.134 121.631 106.042 62.5719 
121.655 -157.083 -19.1525 122.071 65.4899 -132.645 122.075 -65.4384 96.2552 
122.249 -151.537 -4.54666 122.5 -48.2127 -326.008 122.599 72.3169 -80.9724 
122.635 99.1573 -17.3851 122.841 -152.769 -58.2892 122.86 -115.297 -137.391 
122.954 67.5659 -93.9225 123.239 -119.418 -323.906 123.424 105.936 22.5354 
123.507 -75.2695 84.7348 123.525 100.262 87.882 123.746 21.1508 -315.154 
124.221 91.7201 111.472 124.455 -130.833 -299.12 124.627 -133.964 -257.589 
124.702 -1.2029 149.187 124.715 94.2573 -231.445 124.808 -124.592 -98.2197 
124.908 -85.1275 73.0836 125.088 -104.383 -328.8 125.327 -113.741 -122.245 
125.52 62.679 -107.32 125.87 79.0477 131.191 125.879 -33.5128 -323.771 
125.903 112.203 -280.369 125.935 67.6095 -171.524 126.067 -130.583 -86.9487 
126.255 105.605 -255.509 126.287 -94.8708 61.2628 126.3 93.4209 -31.0963 
126.472 -130.293 -242.189 126.836 37.1463 155.127 126.877 -88.5103 -329.658 
126.878 74.6832 -196.405 127.095 -13.6785 141.613 127.11 63.1677 -146.181 
127.19 36.0335 -313.135 127.474 105.069 48.4986 127.617 -104.253 49.0243 
128.027 60.651 146.948 128.119 -125.779 -224.29 128.224 -153.983 -43.9797 
128.241 102.325 8.4927 128.491 -128.922 -284.116 128.86 -144.046 -66.6716 
128.938 -25.5253 132.75 128.952 -121.355 -207.472 129.011 86.2517 -44.3651 
129.152 -113.719 36.8771 129.179 -18.8568 -321.426 129.203 59.4035 -120.846 
129.377 -117.498 -192.837 129.449 79.5891 -306.314 129.508 93.8559 -302.382 
129.61 -112.526 -107.26 129.645 -73.0753 -328.756 129.655 -113.573 -177.942 
129.696 106.16 -292.859 129.823 -109.808 -162.873 130.06 100.963 74.1544 
130.249 84.9203 -220.358 130.275 51.2245 -311.04 130.301 -106.519 -147.703 
130.555 -36.8422 122.981 130.807 -123.353 24.8409 130.933 -122.832 -310.887 
130.943 94.3974 98.8515 131.036 78.3821 -57.2305 131.504 83.7665 119.88 
131.734 -104.004 -132.47 131.973 23.3924 153.275 132.002 -126.543 -269.018 
132.127 70.4582 -69.7575 132.25 -47.4503 112.224 132.324 -4.11774 -319.173 
132.342 97.5212 -5.54521 132.404 66.913 -184.756 132.411 -152.675 -29.4393 
132.495 61.3498 -159.592 132.545 -132.96 12.572 132.816 102.8 34.4447 
132.848 96.6423 -244.169 132.878 -133.503 -75.0399 132.993 63.8342 -82.6127 
133.064 106.264 -268.641 133.162 56.1491 -134.415 133.214 -58.2172 -327.103 
133.905 -57.1803 100.589 133.935 -141.686 -0.664917 133.964 69.108 137.094 
134.052 -148.332 -14.8108 134.074 57.8712 -95.7532 134.347 -101.871 -117.296 
134.452 67.1952 -308.415 134.488 -123.392 -254.232 134.936 -122.746 -83.8587 
135.069 48.0799 149.021 135.163 75.743 -209.148 135.319 -66.4548 88.7615 
135.325 10.8993 -316.905 135.443 -121.537 -295.783 135.538 -145.985 -53.6625 
135.604 -112.446 -321.979 135.63 52.678 -109.056 135.921 91.8982 -19.4232 
136.142 -119.811 -239.681 136.153 9.48916 150.195 136.26 100.541 60.2754 
136.38 -75.809 76.8503 136.741 -111.55 -93.0555 136.825 -43.7056 -325.087 
137.335 -97.9102 -326.598 137.341 -116.21 -225.707 137.405 -85.2036 64.8998 
137.457 86.8172 108.645 137.794 95.0244 85.4857 137.796 99.5994 20.4343 
137.813 -113.405 -215.054 137.856 59.2431 -173.009 138.012 53.7308 -147.859 
138.206 -109.987 -202.025 138.332 -98.4043 -157.818 138.344 -106.069 -187.626 
138.379 -94.315 52.6029 138.39 -102.153 -172.85 138.546 26.3125 -314.62 
138.676 85.0333 -32.9348 138.885 -118.871 -280.616 138.913 -95.212 -142.763 
138.917 48.8421 -122.702 138.917 98.6745 -256.945 138.929 104.119 -281.817 
138.994 74.7851 126.85 139.109 -4.18709 144.756 139.175 -100.283 -102.486 
139.29 -103.045 40.0286 139.828 66.7733 -197.763 139.977 -83.3456 -328.366 
140.019 83.6882 -304.131 140.177 86.3618 -232.936 140.243 -29.1617 -322.892 
140.28 -135.398 -62.6801 140.374 -92.4471 -127.655 140.596 77.1673 -45.9711 
140.713 -112.014 27.5553 140.813 -145.256 -39.6278 141.014 -16.8887 137.032 
141.344 34.5758 149.266 141.516 -114.104 -306.956 141.533 68.5034 -58.4685 
141.62 96.7303 -294.909 141.842 -115.908 -265.617 141.906 60.0845 -71.1486 
141.967 95.2065 6.32409 142.012 98.8792 46.2865 142.228 42.009 -312.478 
142.27 90.6597 -245.22 142.275 58.1342 140.892 142.304 -121.015 15.1384 
142.445 52.9747 -84.1808 142.45 -28.6758 127.608 142.534 45.2987 -136.284 
142.889 -123.787 -71.1435 142.899 46.6942 -97.4296 143.011 -89.9132 -112.692 
143.16 51.4947 -161.251 143.582 -14.5681 -320.724 143.632 -68.1311 -328.025 
143.694 78.5011 117.155 143.917 -129.774 2.2879 144.02 -39.5374 116.776 
144.061 -112.531 -251.009 144.203 41.2571 -110.972 144.206 -142.644 -25.4191 
144.31 88.3343 96.5939 144.311 76.5215 -221.822 144.411 58.0201 -186.166 
144.42 -111.644 -79.719 144.427 95.011 71.887 144.895 -137.289 -11.3158 
145.293 98.01 -270.23 145.418 89.7489 -7.66878 145.557 -108.973 -236.85 
145.578 -99.4602 -88.5399 145.679 -111.703 -291.948 145.773 -49.0484 104.787 
146.109 -105.38 -316.997 146.303 -86.7413 -153.042 146.326 57.6901 -309.932 
146.423 -105.415 -223.41 146.591 -90.4978 -167.814 146.606 0.322155 -318.641 
146.783 -94.3016 -182.599 146.806 -135.648 -49.4557 146.842 -102.019 -210.596 
146.847 20.6032 148.162 146.879 -98.218 -196.918 146.956 -83.5458 -138.139 
147.141 95.9338 32.3112 147.216 -87.9511 -98.1042 147.217 37.1503 -124.638 
147.259 42.6416 -149.725 147.263 -57.872 92.6328 147.387 -53.6508 -326.443 
147.972 66.6125 129.674 148.084 83.1419 -21.3282 148.099 -66.4948 80.3313 
148.197 -80.4476 -123.304 148.314 66.835 -210.521 148.545 49.1152 -174.633 
148.557 -75.1577 67.9757 148.932 -83.7653 55.5353 148.988 -108.566 -277.28 
149.222 -92.0628 42.9441 149.359 80.8294 106.786 149.448 -92.6284 -323.18 
149.593 15.6813 -316.442 149.595 33.8176 -99.2522 149.687 -100.169 30.0543 
149.696 45.5955 142.677 149.896 91.1419 -258.37 149.918 75.55 -34.5535 
150.082 40.3552 -85.9251 150.096 -124.168 -58.3595 150.098 74.1193 117.763 
150.541 73.1485 -305.601 150.546 -77.4625 -108.537 150.578 33.4069 -138.28 
150.831 6.25573 144.996 150.878 94.6089 -283.575 150.891 94.1168 58.1342 
150.908 47.4534 -72.9367 151.086 -39.4222 -324.361 151.141 -133.793 -35.778 
151.155 -108.698 17.4289 151.219 28.659 -113.016 151.228 66.6749 -47.4523 
151.319 91.6585 18.2849 151.642 56.9508 -199.273 151.692 84.6771 -246.271 
151.716 88.8018 83.4665 151.728 -105.153 -262.403 151.874 -111.748 -66.6105 
151.896 56.1644 -60.3367 151.933 -104.655 -302.952 152.357 40.0988 -163.095 
152.375 -116.94 4.51277 152.628 -98.9417 -74.881 152.846 86.4546 -296.564 
153.027 -74.3964 -148.704 153.101 -70.8613 -134.035 153.114 31.675 -314.069 
153.182 -7.61772 139.452 153.25 -130.082 -22.6512 153.278 -86.2769 -83.9075 
153.306 -124.397 -8.94185 153.505 -101.345 -247.53 153.513 -79.2041 -327.391 
153.529 -78.1494 -163.306 153.732 24.2552 -126.818 154.066 -20.076 131.22 
154.071 -67.3698 -119.421 154.176 -82.0234 -177.83 154.346 76.1352 -234.622 
154.598 -97.5721 -233.306 154.608 -25.0117 -322.221 154.666 -85.9668 -192.244 
154.695 86.4436 4.19571 154.785 -74.7663 -94.0771 154.964 47.2928 -187.845 
155.094 -93.8797 -219.739 155.116 -89.9851 -206.137 155.136 30.4276 -151.762 
155.401 20.4046 -101.406 155.645 -31.3244 120.752 155.659 31.7259 142.615 
155.849 -101.409 -288.736 155.969 26.9786 -87.7985 156.187 55.8399 132.327 
156.463 -122.689 -43.2615 156.543 -97.3936 -313.297 156.554 14.9854 -115.337 
156.577 91.7577 44.1871 156.66 -63.9048 -104.914 156.738 81.3179 95.1497 
156.744 88.7252 -271.937 156.914 20.4052 -140.569 156.945 66.1028 -223.475 
157.003 79.9682 -9.5114 157.006 57.3553 -48.5339 157.244 47.4956 -311.35 
157.282 33.9661 -74.5459 157.605 -64.2743 -326.88 157.668 -57.3195 -130.398 
157.669 -41.0066 108.776 157.712 -61.0702 -144.866 157.83 -10.3645 -320.203 
157.88 37.5111 -176.5 158.254 -88.055 32.4279 158.37 -95.577 19.3314 
158.402 -119.814 -32.4186 158.466 10.4372 -129.274 158.597 -53.5221 -115.948 
158.698 -80.44 45.2088 158.853 88.1076 70.1098 158.879 -97.8824 -274.433 
158.892 64.9005 119.663 158.954 72.9688 -22.9919 159.064 -65.117 -159.248 
159.129 65.2314 -36.0213 159.159 -49.3162 96.3359 159.181 -111.044 -52.3096 
159.187 5.73568 -103.914 159.235 73.0197 106.986 159.386 -72.6455 57.7721 
159.481 -103.324 6.30612 159.538 56.0748 -212.27 159.702 -88.034 -320.182 
159.832 27.3532 -165.28 159.884 12.6265 -89.8592 159.942 -57.1953 83.5141 
159.952 -64.9509 70.5921 159.987 0.34516 -118.006 160.046 41.3438 -62.0591 
160.067 -98.3442 -61.1084 160.283 -110.705 -7.06121 160.338 -69.1709 -173.559 
160.34 -116.939 -21.5756 160.487 -71.3119 -79.862 160.54 -60.3724 -90.6229 
160.55 17.2651 140.739 160.659 -83.4051 -69.7878 160.695 4.68019 -318.154 
160.793 -43.1486 -126.973 160.828 -49.8344 -101.611 160.864 81.7583 -260.049 
161.042 -47.1212 -141.369 161.051 -93.7796 -259.13 161.079 87.6398 30.0873 
161.196 -73.1749 -187.895 161.23 62.6 -306.783 161.235 17.115 -154.12 
161.429 -39.2917 -112.675 161.549 6.5963 -143.083 161.605 45.6152 -201.163 
161.615 -3.88773 -132.034 161.62 -49.6998 -325.613 161.84 -9.83354 -106.745 
161.892 20.4859 -76.4478 161.92 -94.6285 -300.005 162.097 -77.3619 -202.072 
162.17 -89.4969 -243.888 162.402 84.5039 -285.443 162.44 -14.2962 -120.849 
162.528 -81.4037 -215.93 162.688 -24.843 -109.7 162.706 81.3237 16.2264 
162.752 -4.63337 -92.838 162.775 -28.8493 -123.788 162.784 48.0358 -49.6154 
162.791 -85.5177 -229.672 162.897 42.7528 133.573 162.913 -51.3361 -155.619 
163.032 -32.7833 -137.954 163.18 -35.4968 -98.6427 163.207 -18.3262 -134.891 
163.562 2.88304 136.723 163.699 -20.6867 -95.6917 163.726 35.0848 -189.949 
163.731 20.4378 -315.784 163.867 73.8861 -248.167 163.971 75.9245 -298.295 
164.002 -107.932 -34.8979 164.093 -46.0726 -87.5164 164.392 -7.77068 -145.842 
164.701 27.5437 -63.6256 164.712 6.76179 -78.4581 164.734 74.7417 2.54078 
164.767 -10.3327 130.485 164.915 -55.538 -169.741 164.915 80.8847 82.6297 
164.941 24.2111 -178.85 164.978 -89.3639 8.04116 165.08 -36.9511 -152.095 
165.105 -86.0006 -56.955 165.139 -22.0305 121.99 165.185 53.9325 -37.1548 
165.252 85.8152 56.5064 165.276 -82.5151 21.5043 165.289 2.88326 -156.765 
165.429 -35.4483 -323.501 165.433 -90.7061 -286.535 165.458 -56.3045 -76.547 
165.645 64.5794 -236.562 165.682 13.6303 -167.71 165.713 -97.4401 -46.4714 
165.767 -22.3518 -148.735 165.768 -96.4794 -5.32248 165.792 -5.06085 -80.2635 
165.8 -102.984 -19.2298 166.035 67.865 -10.9215 166.039 -31.932 -84.8532 
166.237 -75.468 34.4639 166.39 -87.5642 -310.795 166.405 -59.7186 -183.88 
166.63 60.8104 -24.2702 166.662 -17.8309 -82.426 166.77 -78.1656 -323.59 
167.014 -66.1097 -65.7083 167.127 71.6761 95.092 167.389 54.6357 -225.293 
167.452 53.1157 121.584 167.47 -41.1778 -166.1 167.633 -64.0089 -198.082 
167.638 34.0209 -51.0306 167.639 13.6884 -65.4299 167.67 -11.7876 -159.569 
167.724 78.2486 -273.797 168.024 28.3214 132.667 168.031 -86.5948 -271.875 
168.064 36.6092 -312.824 168.318 62.4723 108.15 168.389 -68.2452 46.6917 
168.421 80.6947 42.4964 168.439 -26.522 -162.659 168.489 44.0252 -214.339 
168.524 -75.4007 -54.5704 168.535 -93.9924 -31.4053 168.538 -42.1606 -73.8988 
168.707 -68.2801 -212.171 168.87 -20.9872 -321.364 168.882 -31.9504 111.513 
168.985 67.1082 15.1725 169.256 -84.604 -43.1613 169.402 -0.135341 -67.2786 
169.424 -81.4479 -255.047 169.45 -72.5069 -225.939 169.464 -1.12879 -170.405 
169.528 74.2955 28.6084 169.557 -60.5585 58.994 169.564 32.8717 -203.311 
169.608 40.4751 -38.1271 169.755 -45.4868 -180.177 169.812 -76.9173 -239.997 
169.913 -82.0333 -3.38154 169.972 -88.4916 -16.9986 170.05 60.4501 1.68769 
170.145 -28.0671 -71.5682 170.194 -14.0392 -69.2986 170.233 77.1827 69.1254 
170.353 53.6026 -11.72 170.403 21.1666 -192.398 170.418 9.9227 -181.422 
170.488 -39.838 99.3086 170.56 46.9653 -25.0304 170.596 -75.7834 10.4398 
170.697 13.8646 129.223 170.706 -51.7646 -62.9099 170.799 20.0124 -52.5595 
170.897 -47.0883 86.1757 170.952 -69.3717 24.2895 170.97 -54.0632 72.5142 
171.034 70.5975 -261.999 171.074 -83.9933 -298.227 171.226 -16.0791 -173.374 
171.37 -30.8836 -176.623 171.453 -60.6998 -325.668 171.596 51.8985 14.4151 
171.658 -49.92 -194.32 171.839 45.3726 0.852477 171.961 58.6036 27.9486 
172.01 38.8851 120.876 172.045 -0.10988 124.57 172.049 -79.6775 -28.7292 
172.064 -6.35807 -319.369 172.14 -12.6663 119.782 172.266 5.6462 -54.1649 
172.286 -61.3325 -51.831 172.302 38.8832 -12.5117 172.383 26.2185 -39.2273 
172.408 -63.6176 38.6589 172.628 36.6476 13.414 172.761 -37.5351 -60.4079 
172.762 30.2622 -0.149109 172.771 73.0739 -287.374 172.815 32.5399 -25.8363 
172.819 -70.5497 -40.4035 172.998 51.2668 -306.965 173.012 -73.8702 -14.709 
173.022 65.3804 41.5199 173.13 -5.49206 -184.403 173.182 67.9923 82.0159 
173.186 62.0078 -250.072 173.195 43.0863 27.0302 173.217 71.8887 55.3229 
173.36 23.9958 -13.6605 173.407 -54.4549 -208.36 173.433 21.3993 12.1555 
173.489 58.1395 94.825 173.605 -8.67566 -56.0688 173.619 -23.0107 -58.1541 
173.684 -67.967 -0.696045 173.766 15.2015 -1.51313 173.787 27.6908 25.8477 
173.844 -35.3713 -190.735 173.881 48.6698 108.036 173.891 63.9402 -298.998 
174.104 11.7034 -40.7523 174.117 -79.4637 -284.85 174.147 -20.5934 -187.458 
174.174 17.8604 -27.169 174.208 24.1238 118.453 174.211 49.5399 40.6694 
174.236 -62.1151 13.5704 174.418 12.3854 24.4178 174.455 6.22183 10.6581 
174.467 8.79904 -317.307 174.678 52.505 -238.398 174.689 62.106 68.2249 
174.691 -18.8449 111.048 174.708 9.11717 -15.1285 174.716 34.0226 39.5413 
174.813 -65.1071 -26.2166 174.855 -46.8123 -49.1549 174.87 -58.9416 -222.206 
174.887 55.9374 54.392 174.979 5.61106 -195.306 175.013 0.169334 -3.09531 
175.013 -56.5954 28.2862 175.072 18.6145 38.1629 175.303 -2.84323 -42.485 
175.311 9.64937 115.173 175.344 -8.96644 8.94598 175.353 -2.92162 22.7822 
175.393 -56.0693 -37.7225 175.436 40.3197 53.2834 175.439 -77.3867 -309.883 
175.447 3.10537 -28.7323 175.488 -46.0185 -323.6 175.533 -46.0133 59.2542 
175.555 31.2332 -216.451 175.623 3.25887 36.5913 175.682 42.3298 -227.196 
175.683 -18.2076 21.0523 175.71 -59.4565 -12.0159 175.765 -75.0416 -271.162 
175.768 24.8707 51.9352 175.772 46.5058 67.1097 175.777 33.6595 106.44 
175.836 -14.9029 -4.92371 175.848 -24.114 7.06951 175.869 -32.1296 -46.6863 
175.891 -5.78707 -16.8413 175.902 52.5858 81.0033 175.919 18.4367 -205.808 
175.995 -52.1753 44.6272 176.024 -63.548 -235.984 176.06 -17.4088 -44.4639 
176.065 -53.7676 2.231 176.158 43.0685 93.8208 176.193 -12.167 34.9758 
176.201 -33.3643 19.1216 176.277 -48.0613 16.6818 176.321 -72.2502 -262.776 
176.371 9.51263 50.3624 176.399 -40.086 -204.727 176.446 -42.5498 31.3201 
176.467 -39.0824 4.89511 176.535 31.0823 65.7766 176.556 -29.9274 -6.96074 
176.563 -27.5564 33.3307 176.587 -68.0084 -249.653 176.638 -11.6264 -30.6586 
176.881 -50.5375 -23.5284 176.908 -41.3774 -35.0923 176.913 -44.8058 -9.32855 
176.942 -5.99024 48.765 176.943 37.1822 79.7368 176.96 18.7018 104.125 
176.997 -20.7237 -18.7876 177.004 -4.66796 112.227 177.116 15.7612 64.1666 
177.23 -70.8064 -319.846 177.242 -10.4284 -198.257 177.277 66.4545 -275.831 
177.294 27.9247 92.1572 177.459 -26.4832 -32.7248 177.466 -21.6285 47.3491 
177.524 -37.0306 45.986 177.536 -35.6969 -20.9982 177.653 -25.356 -201.37 
177.656 21.9367 78.065 177.765 0.343741 62.4686 177.939 -26.5035 99.96 
177.949 -40.5096 73.409 178.102 3.88792 101.563 178.209 12.8636 90.1253 
178.243 -31.0237 60.1351 178.262 -15.485 61.1278 178.36 6.71408 76.2094 
178.441 25.3848 -314.334 178.553 -11.1893 100.013 178.63 -33.9303 87.2574 
178.938 -44.9212 -218.577 178.946 -8.91114 74.6461 179.224 -72.7655 -296.724 
179.226 -2.41699 88.1044 179.242 -31.5939 -321.495 179.39 -24.773 73.8064 
179.773 58.4893 -263.933 179.92 -18.164 87.1611 180.346 -0.371192 -209.093 
180.544 60.6759 -290.49 180.822 18.488 -218.535 180.976 -49.7812 -232.315 
181.09 -30.4244 -215.184 181.237 49.522 -251.908 181.481 -67.5936 -283.696 
181.635 -15.73 -212.031 181.971 29.5178 -229.223 182.07 39.8737 -240.295 
182.235 -54.5254 -245.959 182.49 -63.1462 -271.31 182.666 -58.9375 -259.068 
182.704 -17.0337 -318.978 182.824 -65.4466 -308.025 183.659 -56.8785 -319.116 
183.892 7.12172 -220.344 184.086 -35.4906 -228.934 184.559 38.9708 -306.883 
184.865 53.8856 -278.222 185.527 -20.9368 -225.703 185.609 -6.42636 -222.732 
186.295 -60.257 -295.019 186.381 16.3688 -231.359 186.475 -40.5191 -242.509 
186.536 -2.58732 -317.066 186.893 45.4527 -265.637 187.077 47.77 -293.149 
187.097 12.7056 -315.051 187.554 26.4864 -242.406 187.769 -45.3513 -255.968 
187.784 36.2567 -253.772 187.832 -54.8779 -282.022 188.12 -49.9912 -269.152 
188.223 -42.3762 -318.001 188.867 2.79657 -233.579 188.933 -26.0896 -239.279 
189.443 -51.984 -306.606 189.883 -11.5763 -236.254 190.931 40.3813 -279.69 
191.164 -27.5128 -315.521 191.359 12.5804 -244.541 191.439 -31.1826 -252.792 
192.012 25.9772 -306.654 192.16 -46.7088 -293.055 192.292 22.198 -255.873 
192.457 31.6599 -267.448 192.487 -36.1084 -266.297 192.835 -41.256 -279.645 
192.874 34.0841 -293.805 193.052 -1.98583 -247.058 193.225 -16.6468 -249.798 
194.33 -37.7857 -304.786 195.038 7.68088 -258.174 195.073 -13.0215 -312.027 
195.285 -21.7272 -263.402 195.504 26.3307 -281.255 195.934 17.2665 -269.533 
196.004 14.2035 -308.26 196.161 -7.02964 -260.65 196.198 -32.4587 -290.721 
196.291 -27.0201 -277.007 197.232 20.365 -294.936 197.408 1.5203 -309.722 
197.598 -23.0815 -302.082 197.679 2.5287 -271.858 197.881 -12.3167 -274.359 
198.183 11.9164 -283.213 198.303 -17.7162 -288.069 198.806 -2.84705 -285.534 
199.089 6.37839 -296.845 199.297 -8.18863 -298.986 
POLYGONS 5994 23976
3 1154 1077 1149 
3 1149 1077 1075 
3 1077 1154 1097 
3 1149 1229 1154 
3 1077 995 1075 
3 1145 1149 1075 
3 1154 1194 1097 
3 1077 1097 1010 
3 1194 1154 1229 
3 1229 1149 1274 
3 995 1007 1075 
3 995 1077 1010 
3 1224 1149 1145 
3 1145 1075 1092 
3 1194 1139 1097 
3 1097 1041 1010 
3 1194 1229 1298 
3 1149 1224 1274 
3 1335 1229 1274 
3 1075 1007 1092 
3 995 918 1007 
3 995 1010 922 
3 1233 1224 1145 
3 1145 1092 1181 
3 1139 1041 1097 
3 1194 1248 1139 
3 1041 942 1010 
3 1298 1229 1335 
3 1248 1194 1298 
3 1224 1307 1274 
3 1335 1274 1375 
3 1007 1020 1092 
3 1007 918 926 
3 918 995 922 
3 1010 942 922 
3 1224 1233 1307 
3 1233 1145 1181 
3 1092 1120 1181 
3 1086 1041 1139 
3 1248 1197 1139 
3 1041 979 942 
3 1399 1298 1335 
3 1357 1248 1298 
3 1274 1307 1375 
3 1442 1335 1375 
3 1020 1120 1092 
3 1007 926 1020 
3 926 918 832 
3 831 918 922 
3 942 845 922 
3 1307 1233 1333 
3 1266 1233 1181 
3 1120 1212 1181 
3 979 1041 1086 
3 1197 1086 1139 
3 1308 1197 1248 
3 942 979 881 
3 1357 1298 1399 
3 1399 1335 1442 
3 1308 1248 1357 
3 1307 1409 1375 
3 1442 1375 1478 
3 1120 1020 1033 
3 1020 926 937 
3 918 831 832 
3 840 926 832 
3 845 831 922 
3 845 942 881 
3 1233 1266 1333 
3 1409 1307 1333 
3 1292 1266 1181 
3 1212 1292 1181 
3 1212 1120 1133 
3 1029 979 1086 
3 1197 1137 1086 
3 1253 1197 1308 
3 979 912 881 
3 1465 1357 1399 
3 1508 1399 1442 
3 1419 1308 1357 
3 1375 1409 1478 
3 1550 1442 1478 
3 1020 937 1033 
3 1133 1120 1033 
3 926 840 937 
3 831 740 832 
3 744 840 832 
3 831 845 750 
3 781 845 881 
3 1333 1266 1364 
3 1436 1409 1333 
3 1266 1292 1364 
3 1317 1292 1212 
3 1212 1133 1238 
3 1029 912 979 
3 1137 1029 1086 
3 1253 1137 1197 
3 1369 1253 1308 
3 912 809 881 
3 1465 1419 1357 
3 1465 1399 1508 
3 1508 1442 1550 
3 1419 1369 1308 
3 1409 1516 1478 
3 1585 1550 1478 
3 1033 937 949 
3 1047 1133 1033 
3 937 840 850 
3 740 744 832 
3 831 750 740 
3 840 744 748 
3 845 781 750 
3 809 781 881 
3 1436 1333 1364 
3 1516 1409 1436 
3 1292 1396 1364 
3 1292 1317 1396 
3 1317 1212 1238 
3 1238 1133 1146 
3 1029 974 912 
3 1084 1029 1137 
3 1199 1137 1253 
3 1313 1253 1369 
3 809 912 866 
3 1526 1419 1465 
3 1571 1465 1508 
3 1616 1508 1550 
3 1369 1419 1479 
3 1516 1585 1478 
3 1550 1585 1657 
3 937 850 949 
3 1047 1033 949 
3 1133 1047 1146 
3 840 748 850 
3 651 744 740 
3 750 656 740 
3 744 653 748 
3 750 781 680 
3 809 707 781 
3 1471 1436 1364 
3 1516 1436 1554 
3 1396 1471 1364 
3 1396 1317 1421 
3 1317 1238 1339 
3 1238 1146 1249 
3 912 974 866 
3 1084 974 1029 
3 1199 1084 1137 
3 1313 1199 1253 
3 1424 1313 1369 
3 809 866 749 
3 1419 1526 1479 
3 1526 1465 1571 
3 1571 1508 1616 
3 1616 1550 1657 
3 1424 1369 1479 
3 1585 1516 1620 
3 1585 1691 1657 
3 949 850 861 
3 1047 949 959 
3 1146 1047 1062 
3 748 757 850 
3 651 653 744 
3 656 651 740 
3 656 750 680 
3 748 653 658 
3 781 707 680 
3 707 809 749 
3 1436 1471 1554 
3 1620 1516 1554 
3 1471 1396 1502 
3 1421 1317 1339 
3 1502 1396 1421 
3 1339 1238 1249 
3 1249 1146 1162 
3 974 914 866 
3 974 1084 1032 
3 1142 1084 1199 
3 1199 1313 1258 
3 1371 1313 1424 
3 866 803 749 
3 1479 1526 1588 
3 1638 1526 1571 
3 1678 1571 1616 
3 1722 1616 1657 
3 1536 1424 1479 
3 1691 1585 1620 
3 1691 1762 1657 
3 850 757 861 
3 949 861 959 
3 1062 1047 959 
3 1146 1062 1162 
3 748 658 757 
3 651 550 653 
3 656 551 651 
3 577 656 680 
3 653 553 658 
3 707 601 680 
3 707 749 639 
3 1471 1576 1554 
3 1647 1620 1554 
3 1576 1471 1502 
3 1421 1339 1438 
3 1502 1421 1522 
3 1339 1249 1350 
3 1265 1249 1162 
3 914 803 866 
3 974 1032 914 
3 1084 1142 1032 
3 1142 1199 1258 
3 1313 1371 1258 
3 1484 1371 1424 
3 803 695 749 
3 1526 1638 1588 
3 1536 1479 1588 
3 1638 1571 1678 
3 1722 1678 1616 
3 1762 1722 1657 
3 1484 1424 1536 
3 1718 1691 1620 
3 1762 1691 1796 
3 757 767 861 
3 861 870 959 
3 971 1062 959 
3 1162 1062 1073 
3 757 658 664 
3 653 550 553 
3 651 551 550 
3 656 577 551 
3 601 577 680 
3 553 557 658 
3 601 707 639 
3 749 695 639 
3 1576 1647 1554 
3 1647 1718 1620 
3 1576 1502 1613 
3 1438 1339 1350 
3 1522 1421 1438 
3 1613 1502 1522 
3 1350 1249 1265 
3 1178 1265 1162 
3 871 803 914 
3 1032 980 914 
3 1142 1091 1032 
3 1205 1142 1258 
3 1371 1319 1258 
3 1431 1371 1484 
3 803 756 695 
3 1638 1700 1588 
3 1650 1536 1588 
3 1748 1638 1678 
3 1678 1722 1786 
3 1831 1722 1762 
3 1597 1484 1536 
3 1796 1691 1718 
3 1762 1796 1864 
3 767 870 861 
3 757 664 767 
3 870 971 959 
3 1062 971 1073 
3 1178 1162 1073 
3 658 557 664 
3 553 550 450 
3 550 551 448 
3 577 466 551 
3 577 601 491 
3 557 553 447 
3 601 639 526 
3 639 695 590 
3 1647 1576 1705 
3 1718 1647 1724 
3 1705 1576 1613 
3 1456 1438 1350 
3 1522 1438 1539 
3 1613 1522 1628 
3 1350 1265 1365 
3 1265 1178 1276 
3 803 871 756 
3 980 871 914 
3 1091 980 1032 
3 1205 1091 1142 
3 1319 1205 1258 
3 1431 1319 1371 
3 1546 1431 1484 
3 695 756 642 
3 1700 1650 1588 
3 1700 1638 1748 
3 1597 1536 1650 
3 1748 1678 1786 
3 1722 1831 1786 
3 1831 1762 1864 
3 1546 1484 1597 
3 1796 1718 1810 
3 1796 1886 1864 
3 870 767 780 
3 767 664 675 
3 971 870 882 
3 1073 971 978 
3 1178 1073 1076 
3 664 557 566 
3 550 448 450 
3 447 553 450 
3 551 466 448 
3 577 491 466 
3 491 601 526 
3 452 557 447 
3 639 590 526 
3 695 642 590 
3 1724 1647 1705 
3 1810 1718 1724 
3 1705 1613 1716 
3 1438 1456 1539 
3 1456 1350 1365 
3 1628 1522 1539 
3 1716 1613 1628 
3 1365 1265 1276 
3 1276 1178 1182 
3 871 816 756 
3 871 980 934 
3 1091 1046 980 
3 1205 1156 1091 
3 1270 1205 1319 
3 1381 1319 1431 
3 1431 1546 1491 
3 756 711 642 
3 1700 1760 1650 
3 1806 1700 1748 
3 1708 1597 1650 
3 1851 1748 1786 
3 1831 1892 1786 
3 1940 1831 1864 
3 1546 1597 1654 
3 1886 1796 1810 
3 1886 1957 1864 
3 767 675 780 
3 870 780 882 
3 664 566 675 
3 971 882 978 
3 1073 978 1076 
3 1178 1076 1182 
3 557 452 566 
3 448 337 450 
3 330 447 450 
3 466 334 448 
3 466 491 365 
3 407 491 526 
3 452 447 324 
3 526 590 476 
3 590 642 534 
3 1724 1705 1800 
3 1810 1724 1800 
3 1705 1716 1804 
3 1539 1456 1558 
3 1456 1365 1467 
3 1628 1539 1643 
3 1716 1628 1733 
3 1365 1276 1378 
3 1276 1182 1286 
3 756 816 711 
3 816 871 934 
3 980 1046 934 
3 1091 1156 1046 
3 1270 1156 1205 
3 1381 1270 1319 
3 1381 1431 1491 
3 1491 1546 1607 
3 711 603 642 
3 1760 1708 1650 
3 1760 1700 1806 
3 1851 1806 1748 
3 1597 1708 1654 
3 1892 1851 1786 
3 1940 1892 1831 
3 1957 1940 1864 
3 1607 1546 1654 
3 1886 1810 1887 
3 1967 1957 1886 
3 780 675 687 
3 780 788 882 
3 566 585 675 
3 978 882 886 
3 978 984 1076 
3 1076 1087 1182 
3 452 471 566 
3 337 330 450 
3 448 334 337 
3 447 330 324 
3 466 365 334 
3 491 407 365 
3 407 526 476 
3 452 324 348 
3 590 534 476 
3 642 603 534 
3 1800 1705 1804 
3 1887 1810 1800 
3 1716 1820 1804 
3 1558 1456 1467 
3 1643 1539 1558 
3 1467 1365 1378 
3 1733 1628 1643 
3 1820 1716 1733 
3 1378 1276 1286 
3 1182 1193 1286 
3 816 778 711 
3 890 816 934 
3 1046 997 934 
3 1156 1110 1046 
3 1270 1213 1156 
3 1381 1325 1270 
3 1434 1381 1491 
3 1552 1491 1607 
3 667 603 711 
3 1813 1708 1760 
3 1868 1760 1806 
3 1916 1806 1851 
3 1654 1708 1756 
3 1892 1958 1851 
3 1892 1940 1994 
3 2030 1940 1957 
3 1686 1607 1654 
3 1967 1886 1887 
3 1957 1967 2047 
3 675 585 687 
3 788 780 687 
3 882 788 886 
3 471 585 566 
3 984 978 886 
3 984 1087 1076 
3 1087 1193 1182 
3 471 452 348 
3 337 267 330 
3 337 334 229 
3 324 330 221 
3 365 236 334 
3 365 407 255 
3 340 407 476 
3 324 230 348 
3 534 417 476 
3 534 603 496 
3 1891 1800 1804 
3 1891 1887 1800 
3 1804 1820 1901 
3 1558 1467 1568 
3 1659 1643 1558 
3 1477 1467 1378 
3 1747 1733 1643 
3 1820 1733 1834 
3 1378 1286 1388 
3 1286 1193 1296 
3 778 667 711 
3 816 890 778 
3 997 890 934 
3 1110 997 1046 
3 1156 1213 1110 
3 1325 1213 1270 
3 1325 1381 1434 
3 1552 1434 1491 
3 1665 1552 1607 
3 603 667 562 
3 1708 1813 1756 
3 1813 1760 1868 
3 1868 1806 1916 
3 1958 1916 1851 
3 1686 1654 1756 
3 1958 1892 1994 
3 1940 2030 1994 
3 2030 1957 2047 
3 1686 1729 1607 
3 1967 1887 1979 
3 2047 1967 2058 
3 585 592 687 
3 788 687 692 
3 788 793 886 
3 585 471 481 
3 893 984 886 
3 1087 984 990 
3 1087 1095 1193 
3 354 471 348 
3 330 267 221 
3 337 229 267 
3 334 236 229 
3 324 221 230 
3 365 255 236 
3 407 340 255 
3 417 340 476 
3 348 230 228 
3 417 534 496 
3 603 562 496 
3 1891 1804 1901 
3 1887 1891 1979 
3 1901 1820 1917 
3 1568 1467 1477 
3 1659 1558 1568 
3 1659 1747 1643 
3 1477 1378 1388 
3 1834 1733 1747 
3 1820 1834 1917 
3 1388 1286 1296 
3 1296 1193 1201 
3 667 778 721 
3 778 890 839 
3 890 997 956 
3 997 1110 1064 
3 1110 1213 1167 
3 1213 1325 1271 
3 1380 1325 1434 
3 1552 1490 1434 
3 1665 1606 1552 
3 1729 1665 1607 
3 562 667 620 
3 1813 1860 1756 
3 1926 1813 1868 
3 1976 1868 1916 
3 1958 2023 1916 
3 1798 1686 1756 
3 2063 1958 1994 
3 2030 2102 1994 
3 2126 2030 2047 
3 1729 1686 1798 
3 2058 1967 1979 
3 2144 2047 2058 
3 687 592 692 
3 585 481 592 
3 793 788 692 
3 793 893 886 
3 471 354 481 
3 984 893 990 
3 1095 1087 990 
3 1193 1095 1201 
3 354 348 228 
3 267 174 221 
3 267 229 174 
3 229 236 144 
3 230 221 151 
3 236 255 155 
3 255 340 224 
3 340 417 294 
3 230 160 228 
3 417 496 385 
3 562 462 496 
3 1988 1891 1901 
3 1891 1988 1979 
3 2000 1901 1917 
3 1580 1568 1477 
3 1668 1659 1568 
3 1659 1757 1747 
3 1488 1477 1388 
3 1834 1747 1846 
3 1834 1932 1917 
3 1388 1296 1398 
3 1303 1296 1201 
3 721 778 839 
3 667 721 620 
3 890 956 839 
3 997 1064 956 
3 1110 1167 1064 
3 1213 1271 1167 
3 1325 1380 1271 
3 1490 1380 1434 
3 1552 1606 1490 
3 1606 1665 1714 
3 1665 1729 1776 
3 562 620 535 
3 1860 1798 1756 
3 1860 1813 1926 
3 1926 1868 1976 
3 2023 1976 1916 
3 2023 1958 2063 
3 2102 2063 1994 
3 2102 2030 2126 
3 2144 2126 2047 
3 1847 1729 1798 
3 2058 1979 2071 
3 2157 2144 2058 
3 692 592 597 
3 592 481 490 
3 793 692 698 
3 893 793 801 
3 481 354 373 
3 990 893 898 
3 1095 990 1000 
3 1095 1105 1201 
3 354 228 242 
3 221 174 151 
3 229 144 174 
3 236 155 144 
3 160 230 151 
3 155 255 224 
3 340 294 224 
3 294 417 385 
3 228 160 153 
3 496 462 385 
3 462 562 535 
3 1988 1901 2000 
3 1979 1988 2071 
3 2000 1917 2015 
3 1580 1668 1568 
3 1488 1580 1477 
3 1757 1659 1668 
3 1747 1757 1846 
3 1488 1388 1398 
3 1932 1834 1846 
3 1917 1932 2015 
3 1296 1303 1398 
3 1208 1303 1201 
3 794 721 839 
3 721 684 620 
3 956 902 839 
3 1064 1025 956 
3 1167 1126 1064 
3 1271 1209 1167 
3 1380 1316 1271 
3 1380 1490 1428 
3 1606 1540 1490 
3 1714 1665 1776 
3 1656 1606 1714 
3 1776 1729 1847 
3 620 581 535 
3 1860 1906 1798 
3 1860 1926 1969 
3 2036 1926 1976 
3 2023 2082 1976 
3 2133 2023 2063 
3 2102 2165 2063 
3 2204 2102 2126 
3 2126 2144 2226 
3 1906 1847 1798 
3 2157 2058 2071 
3 2144 2157 2246 
3 592 490 597 
3 698 692 597 
3 481 373 490 
3 801 793 698 
3 898 893 801 
3 354 242 373 
3 990 898 1000 
3 1105 1095 1000 
3 1105 1208 1201 
3 242 228 153 
3 174 147 151 
3 174 144 147 
3 144 155 149 
3 160 151 154 
3 155 224 182 
3 294 219 224 
3 294 385 260 
3 160 132 153 
3 385 462 351 
3 428 462 535 
3 2085 1988 2000 
3 2071 1988 2085 
3 2104 2000 2015 
3 1668 1580 1677 
3 1580 1488 1589 
3 1757 1668 1769 
3 1846 1757 1853 
3 1498 1488 1398 
3 1943 1932 1846 
3 1932 2027 2015 
3 1303 1405 1398 
3 1303 1208 1311 
3 721 794 684 
3 902 794 839 
3 684 581 620 
3 1025 902 956 
3 1064 1126 1025 
3 1209 1126 1167 
3 1316 1209 1271 
3 1316 1380 1428 
3 1490 1540 1428 
3 1656 1540 1606 
3 1714 1776 1829 
3 1765 1656 1714 
3 1776 1847 1889 
3 535 581 515 
3 1906 1860 1969 
3 1926 2036 1969 
3 2082 2036 1976 
3 2023 2133 2082 
3 2165 2133 2063 
3 2165 2102 2204 
3 2204 2126 2226 
3 2226 2144 2246 
3 1847 1906 1954 
3 2171 2157 2071 
3 2157 2260 2246 
3 490 501 597 
3 609 698 597 
3 490 373 392 
3 801 698 709 
3 898 801 807 
3 373 242 251 
3 898 903 1000 
3 1105 1000 1011 
3 1208 1105 1118 
3 242 153 141 
3 151 147 154 
3 144 149 147 
3 149 155 182 
3 132 160 154 
3 224 219 182 
3 219 294 260 
3 385 351 260 
3 153 132 123 
3 462 428 351 
3 428 535 515 
3 2104 2085 2000 
3 2171 2071 2085 
3 2116 2104 2015 
3 1677 1580 1589 
3 1769 1668 1677 
3 1589 1488 1498 
3 1757 1769 1853 
3 1943 1846 1853 
3 1405 1498 1398 
3 2027 1932 1943 
3 2027 2116 2015 
3 1405 1303 1311 
3 1311 1208 1214 
3 794 736 684 
3 902 862 794 
3 581 684 627 
3 977 902 1025 
3 1126 1094 1025 
3 1209 1241 1126 
3 1209 1316 1241 
3 1366 1316 1428 
3 1540 1480 1428 
3 1540 1656 1590 
3 1829 1776 1889 
3 1765 1714 1829 
3 1703 1656 1765 
3 1889 1847 1954 
3 581 627 515 
3 2019 1906 1969 
3 2036 2077 1969 
3 2141 2036 2082 
3 2133 2196 2082 
3 2237 2133 2165 
3 2275 2165 2204 
3 2311 2204 2226 
3 2331 2226 2246 
3 1906 2019 1954 
3 2260 2157 2171 
3 2260 2350 2246 
3 501 609 597 
3 490 392 501 
3 698 609 709 
3 373 251 392 
3 807 801 709 
3 903 898 807 
3 251 242 141 
3 1000 903 1011 
3 1105 1011 1118 
3 1208 1118 1214 
3 141 153 123 
3 147 165 154 
3 149 165 147 
3 149 182 180 
3 132 154 159 
3 219 195 182 
3 210 219 260 
3 260 351 249 
3 132 131 123 
3 428 308 351 
3 408 428 515 
3 2104 2182 2085 
3 2182 2171 2085 
3 2201 2104 2116 
3 1677 1589 1693 
3 1769 1677 1778 
3 1589 1498 1602 
3 1853 1769 1865 
3 1953 1943 1853 
3 1498 1405 1511 
3 2027 1943 2042 
3 2125 2116 2027 
3 1405 1311 1415 
3 1311 1214 1320 
3 684 736 627 
3 794 862 736 
3 862 902 977 
3 1094 977 1025 
3 1126 1241 1094 
3 1316 1366 1241 
3 1480 1366 1428 
3 1540 1590 1480 
3 1656 1703 1590 
3 1942 1829 1889 
3 1874 1765 1829 
3 1703 1765 1811 
3 1889 1954 1996 
3 627 591 515 
3 2077 2019 1969 
3 2141 2077 2036 
3 2196 2141 2082 
3 2237 2196 2133 
3 2237 2165 2275 
3 2311 2275 2204 
3 2311 2226 2331 
3 2350 2331 2246 
3 2019 2060 1954 
3 2260 2171 2272 
3 2350 2260 2361 
3 609 501 518 
3 501 392 402 
3 609 616 709 
3 392 251 269 
3 715 807 709 
3 903 807 812 
3 143 251 141 
3 1011 903 909 
3 1118 1011 1017 
3 1118 1125 1214 
3 141 123 108 
3 154 165 159 
3 165 149 180 
3 182 195 180 
3 132 159 131 
3 195 219 210 
3 210 260 249 
3 351 308 249 
3 123 131 112 
3 428 408 308 
3 483 408 515 
3 2201 2182 2104 
3 2272 2171 2182 
3 2201 2116 2211 
3 1693 1589 1602 
3 1677 1693 1778 
3 1865 1769 1778 
3 1498 1511 1602 
3 1953 1853 1865 
3 2042 1943 1953 
3 1511 1405 1415 
3 2125 2027 2042 
3 2211 2116 2125 
3 1311 1320 1415 
3 1320 1214 1227 
3 627 736 694 
3 736 862 804 
3 924 862 977 
3 1094 1044 977 
3 1241 1172 1094 
3 1241 1366 1299 
3 1480 1417 1366 
3 1480 1590 1527 
3 1590 1703 1641 
3 1942 1874 1829 
3 1942 1889 1996 
3 1811 1765 1874 
3 1751 1703 1811 
3 1954 2060 1996 
3 591 483 515 
3 591 627 694 
3 2127 2019 2077 
3 2192 2077 2141 
3 2250 2141 2196 
3 2302 2196 2237 
3 2347 2237 2275 
3 2386 2275 2311 
3 2422 2311 2331 
3 2350 2449 2331 
3 2019 2127 2060 
3 2361 2260 2272 
3 2462 2350 2361 
3 518 501 402 
3 609 518 616 
3 392 269 402 
3 616 715 709 
3 251 143 269 
3 807 715 812 
3 903 812 909 
3 143 141 108 
3 1011 909 1017 
3 1118 1017 1125 
3 1214 1125 1227 
3 123 112 108 
3 165 173 159 
3 173 165 180 
3 195 185 180 
3 159 156 131 
3 195 210 193 
3 210 249 207 
3 249 308 234 
3 131 130 112 
3 408 290 308 
3 408 483 384 
3 2182 2201 2287 
3 2272 2182 2287 
3 2301 2201 2211 
3 1704 1693 1602 
3 1693 1789 1778 
3 1879 1865 1778 
3 1511 1611 1602 
3 1964 1953 1865 
3 2042 1953 2053 
3 1511 1415 1519 
3 2125 2042 2137 
3 2224 2211 2125 
3 1415 1320 1423 
3 1320 1227 1334 
3 736 804 694 
3 862 924 804 
3 1044 924 977 
3 1172 1044 1094 
3 1172 1241 1299 
3 1366 1417 1299 
3 1417 1480 1527 
3 1527 1590 1641 
3 1703 1751 1641 
3 1874 1942 1985 
3 2051 1942 1996 
3 1925 1811 1874 
3 1859 1751 1811 
3 2060 2113 1996 
3 591 539 483 
3 643 591 694 
3 2192 2127 2077 
3 2250 2192 2141 
3 2302 2250 2196 
3 2347 2302 2237 
3 2386 2347 2275 
3 2386 2311 2422 
3 2449 2422 2331 
3 2449 2350 2462 
3 2060 2127 2169 
3 2361 2272 2379 
3 2476 2462 2361 
3 420 518 402 
3 616 518 529 
3 269 296 402 
3 715 616 626 
3 143 179 269 
3 812 715 720 
3 812 818 909 
3 92 143 108 
3 1017 909 923 
3 1125 1017 1028 
3 1227 1125 1131 
3 112 97 108 
3 173 156 159 
3 185 173 180 
3 185 195 193 
3 156 130 131 
3 193 210 207 
3 249 234 207 
3 308 290 234 
3 130 110 112 
3 408 384 290 
3 384 483 431 
3 2201 2301 2287 
3 2379 2272 2287 
3 2301 2211 2315 
3 1789 1693 1704 
3 1611 1704 1602 
3 1789 1879 1778 
3 1879 1964 1865 
3 1611 1511 1519 
3 1953 1964 2053 
3 2137 2042 2053 
3 1519 1415 1423 
3 2224 2125 2137 
3 2315 2211 2224 
3 1320 1334 1423 
3 1334 1227 1237 
3 804 759 694 
3 924 876 804 
3 924 1044 987 
3 1044 1172 1108 
3 1172 1299 1231 
3 1417 1349 1299 
3 1417 1527 1468 
3 1578 1527 1641 
3 1641 1751 1688 
3 1942 2051 1985 
3 1925 1874 1985 
3 2113 2051 1996 
3 1925 1859 1811 
3 1751 1859 1795 
3 2113 2060 2169 
3 483 539 431 
3 539 591 643 
3 759 643 694 
3 2232 2127 2192 
3 2192 2250 2297 
3 2355 2250 2302 
3 2412 2302 2347 
3 2463 2347 2386 
3 2511 2386 2422 
3 2422 2449 2544 
3 2568 2449 2462 
3 2127 2232 2169 
3 2476 2361 2379 
3 2576 2462 2476 
3 518 420 529 
3 296 420 402 
3 616 529 626 
3 179 296 269 
3 715 626 720 
3 179 143 92 
3 818 812 720 
3 909 818 923 
3 97 92 108 
3 1028 1017 923 
3 1131 1125 1028 
3 1227 1131 1237 
3 110 97 112 
3 173 178 156 
3 185 178 173 
3 186 185 193 
3 156 157 130 
3 193 207 190 
3 234 204 207 
3 290 238 234 
3 110 130 127 
3 384 325 290 
3 325 384 431 
3 2301 2389 2287 
3 2389 2379 2287 
3 2403 2301 2315 
3 1789 1704 1802 
3 1712 1704 1611 
3 1879 1789 1890 
3 1964 1879 1977 
3 1619 1611 1519 
3 1964 2061 2053 
3 2148 2137 2053 
3 1524 1519 1423 
3 2234 2224 2137 
3 2315 2224 2325 
3 1334 1432 1423 
3 1334 1237 1340 
3 804 876 759 
3 924 987 876 
3 987 1044 1108 
3 1172 1231 1108 
3 1299 1349 1231 
3 1417 1468 1349 
3 1468 1527 1578 
3 1578 1641 1688 
3 1688 1751 1795 
3 2051 2103 1985 
3 2039 1925 1985 
3 2051 2113 2159 
3 1859 1925 1966 
3 1859 1903 1795 
3 2113 2169 2220 
3 539 495 431 
3 539 643 604 
3 643 759 710 
3 2232 2192 2297 
3 2297 2250 2355 
3 2412 2355 2302 
3 2412 2347 2463 
3 2463 2386 2511 
3 2511 2422 2544 
3 2449 2568 2544 
3 2568 2462 2576 
3 2169 2232 2278 
3 2476 2379 2486 
3 2576 2476 2590 
3 529 420 445 
3 296 341 420 
3 626 529 540 
3 296 179 227 
3 720 626 634 
3 179 92 100 
3 725 818 720 
3 818 826 923 
3 92 97 85 
3 931 1028 923 
3 1131 1028 1034 
3 1237 1131 1135 
3 97 110 94 
3 156 178 157 
3 186 178 185 
3 186 193 190 
3 130 157 127 
3 207 204 190 
3 238 204 234 
3 290 325 238 
3 110 127 106 
3 431 274 325 
3 2403 2389 2301 
3 2379 2389 2486 
3 2414 2403 2315 
3 1704 1712 1802 
3 1890 1789 1802 
3 1619 1712 1611 
3 1977 1879 1890 
3 2061 1964 1977 
3 1524 1619 1519 
3 2061 2148 2053 
3 2234 2137 2148 
3 1432 1524 1423 
3 2325 2224 2234 
3 2414 2315 2325 
3 1432 1334 1340 
3 1340 1237 1244 
3 759 876 815 
3 876 987 935 
3 987 1108 1052 
3 1231 1171 1108 
3 1349 1288 1231 
3 1349 1468 1402 
3 1468 1578 1513 
3 1627 1578 1688 
3 1688 1795 1740 
3 2103 2039 1985 
3 2103 2051 2159 
3 1925 2039 1966 
3 2159 2113 2220 
3 1859 1966 1903 
3 1903 1845 1795 
3 2220 2169 2278 
3 431 495 358 
3 495 539 604 
3 643 710 604 
3 710 759 815 
3 2232 2297 2338 
3 2405 2297 2355 
3 2355 2412 2473 
3 2412 2463 2535 
3 2463 2511 2591 
3 2646 2511 2544 
3 2544 2568 2682 
3 2568 2576 2694 
3 2278 2232 2338 
3 2590 2476 2486 
3 2701 2576 2590 
3 420 341 445 
3 529 445 540 
3 341 296 227 
3 634 626 540 
3 227 179 100 
3 725 720 634 
3 92 85 100 
3 818 725 826 
3 826 931 923 
3 85 97 94 
3 1028 931 1034 
3 1131 1034 1135 
3 1237 1135 1244 
3 110 106 94 
3 178 172 157 
3 178 186 172 
3 184 186 190 
3 157 150 127 
3 204 188 190 
3 204 238 205 
3 238 325 274 
3 106 127 126 
3 274 431 358 
3 2501 2389 2403 
3 2389 2501 2486 
3 2518 2403 2414 
3 1802 1712 1812 
3 1890 1802 1900 
3 1712 1619 1723 
3 1977 1890 1989 
3 2075 2061 1977 
3 1619 1524 1629 
3 2148 2061 2160 
3 2234 2148 2249 
3 1533 1524 1432 
3 2325 2234 2334 
3 2424 2414 2325 
3 1432 1340 1443 
3 1340 1244 1346 
3 876 935 815 
3 987 1052 935 
3 1108 1171 1052 
3 1288 1171 1231 
3 1288 1349 1402 
3 1468 1513 1402 
3 1578 1627 1513 
3 1627 1688 1740 
3 1795 1845 1740 
3 2039 2103 2147 
3 2103 2159 2213 
3 1966 2039 2078 
3 2271 2159 2220 
3 1903 1966 2016 
3 1845 1903 1950 
3 2328 2220 2278 
3 358 495 429 
3 552 495 604 
3 710 663 604 
3 771 710 815 
3 2297 2405 2338 
3 2405 2355 2473 
3 2473 2412 2535 
3 2535 2463 2591 
3 2511 2646 2591 
3 2646 2544 2682 
3 2682 2568 2694 
3 2576 2701 2694 
3 2384 2278 2338 
3 2610 2590 2486 
3 2701 2590 2747 
3 341 377 445 
3 540 445 470 
3 341 227 262 
3 634 540 548 
3 145 227 100 
3 725 634 640 
3 85 81 100 
3 725 734 826 
3 931 826 835 
3 83 85 94 
3 1034 931 944 
3 1135 1034 1048 
3 1244 1135 1153 
3 106 93 94 
3 157 172 150 
3 172 186 184 
3 188 184 190 
3 127 150 126 
3 204 205 188 
3 238 274 205 
3 105 106 126 
3 274 358 232 
3 2501 2403 2518 
3 2501 2610 2486 
3 2518 2414 2522 
3 1812 1712 1723 
3 1900 1802 1812 
3 1989 1890 1900 
3 1723 1619 1629 
3 2075 1977 1989 
3 2061 2075 2160 
3 1524 1533 1629 
3 2249 2148 2160 
3 2334 2234 2249 
3 1533 1432 1443 
3 2424 2325 2334 
3 2522 2414 2424 
3 1443 1340 1346 
3 1346 1244 1255 
3 935 883 815 
3 1052 991 935 
3 1052 1171 1114 
3 1171 1288 1228 
3 1342 1288 1402 
3 1513 1458 1402 
3 1513 1627 1567 
3 1672 1627 1740 
3 1845 1780 1740 
3 2147 2103 2213 
3 2039 2147 2078 
3 2213 2159 2271 
3 2016 1966 2078 
3 2328 2271 2220 
3 1903 2016 1950 
3 1845 1950 1885 
3 2384 2328 2278 
3 495 552 429 
3 358 429 279 
3 663 552 604 
3 710 771 663 
3 883 771 815 
3 2405 2448 2338 
3 2405 2473 2520 
3 2594 2473 2535 
3 2535 2591 2677 
3 2646 2734 2591 
3 2772 2646 2682 
3 2788 2682 2694 
3 2694 2701 2791 
3 2448 2384 2338 
3 2590 2610 2747 
3 2835 2701 2747 
3 445 377 470 
3 341 262 377 
3 540 470 548 
3 227 145 262 
3 640 634 548 
3 81 145 100 
3 725 640 734 
3 85 83 81 
3 826 734 835 
3 944 931 835 
3 93 83 94 
3 1034 944 1048 
3 1153 1135 1048 
3 1244 1153 1255 
3 105 93 106 
3 172 177 150 
3 172 184 177 
3 184 188 183 
3 150 146 126 
3 188 205 191 
3 205 274 232 
3 120 105 126 
3 358 279 232 
3 2626 2501 2518 
3 2610 2501 2626 
3 2636 2518 2522 
3 1812 1723 1824 
3 1900 1812 1911 
3 1989 1900 1997 
3 1732 1723 1629 
3 2075 1989 2086 
3 2160 2075 2173 
3 1629 1533 1636 
3 2249 2160 2259 
3 2344 2334 2249 
3 1544 1533 1443 
3 2424 2334 2429 
3 2526 2522 2424 
3 1443 1346 1449 
3 1346 1255 1359 
3 935 991 883 
3 991 1052 1114 
3 1171 1228 1114 
3 1288 1342 1228 
3 1458 1342 1402 
3 1458 1513 1567 
3 1627 1672 1567 
3 1780 1672 1740 
3 1780 1845 1885 
3 2147 2213 2261 
3 2147 2198 2078 
3 2213 2271 2326 
3 2128 2016 2078 
3 2382 2271 2328 
3 1950 2016 2056 
3 1950 1991 1885 
3 2328 2384 2430 
3 552 506 429 
3 279 429 381 
3 552 663 613 
3 771 717 663 
3 828 771 883 
3 2448 2405 2520 
3 2473 2594 2520 
3 2594 2535 2677 
3 2591 2734 2677 
3 2734 2646 2772 
3 2788 2772 2682 
3 2788 2694 2791 
3 2701 2835 2791 
3 2384 2448 2484 
3 2610 2769 2747 
3 2909 2835 2747 
3 470 377 394 
3 262 299 377 
3 470 479 548 
3 262 145 213 
3 559 640 548 
3 145 81 101 
3 734 640 649 
3 81 83 77 
3 734 745 835 
3 944 835 851 
3 83 93 84 
3 944 957 1048 
3 1067 1153 1048 
3 1255 1153 1173 
3 93 105 95 
3 150 177 146 
3 177 184 183 
3 188 191 183 
3 146 120 126 
3 191 205 232 
3 105 120 103 
3 279 192 232 
3 2636 2626 2518 
3 2769 2610 2626 
3 2637 2636 2522 
3 1723 1732 1824 
3 1812 1824 1911 
3 1997 1900 1911 
3 2086 1989 1997 
3 1732 1629 1636 
3 2173 2075 2086 
3 2160 2173 2259 
3 1533 1544 1636 
3 2344 2249 2259 
3 2429 2334 2344 
3 1544 1443 1449 
3 2526 2424 2429 
3 2637 2522 2526 
3 1449 1346 1359 
3 1255 1273 1359 
3 991 946 883 
3 1058 991 1114 
3 1228 1176 1114 
3 1228 1342 1283 
3 1397 1342 1458 
3 1504 1458 1567 
3 1672 1615 1567 
3 1719 1672 1780 
3 1828 1780 1885 
3 2261 2213 2326 
3 2198 2147 2261 
3 2198 2128 2078 
3 2271 2382 2326 
3 2016 2128 2056 
3 2382 2328 2430 
3 1991 1950 2056 
3 1885 1991 1936 
3 2384 2484 2430 
3 429 506 381 
3 506 552 613 
3 245 279 381 
3 663 717 613 
3 828 717 771 
3 946 828 883 
3 2484 2448 2520 
3 2594 2622 2520 
3 2727 2594 2677 
3 2734 2787 2677 
3 2734 2772 2827 
3 2847 2772 2788 
3 2896 2788 2791 
3 2835 2896 2791 
3 2769 2909 2747 
3 2909 2917 2835 
3 377 299 394 
3 479 470 394 
3 262 213 299 
3 479 559 548 
3 213 145 101 
3 640 559 649 
3 81 77 101 
3 734 649 745 
3 83 84 77 
3 835 745 851 
3 957 944 851 
3 93 95 84 
3 957 1067 1048 
3 1153 1067 1173 
3 1273 1255 1173 
3 105 103 95 
3 146 177 166 
3 177 183 166 
3 191 175 183 
3 146 138 120 
3 192 191 232 
3 120 118 103 
3 192 279 245 
3 2636 2775 2626 
3 2775 2769 2626 
3 2636 2637 2777 
3 1732 1832 1824 
3 1824 1923 1911 
3 2014 1997 1911 
3 2105 2086 1997 
3 1741 1732 1636 
3 2185 2173 2086 
3 2173 2270 2259 
3 1544 1644 1636 
3 2354 2344 2259 
3 2429 2344 2439 
3 1544 1449 1553 
3 2526 2429 2527 
3 2637 2526 2630 
3 1459 1449 1359 
3 1273 1368 1359 
3 991 1058 946 
3 1176 1058 1114 
3 1228 1283 1176 
3 1283 1342 1397 
3 1397 1458 1504 
3 1615 1504 1567 
3 1615 1672 1719 
3 1828 1719 1780 
3 1828 1885 1936 
3 2261 2326 2375 
3 2198 2261 2312 
3 2128 2198 2241 
3 2326 2382 2431 
3 2128 2168 2056 
3 2382 2430 2490 
3 2107 1991 2056 
3 1936 1991 2040 
3 2484 2530 2430 
3 506 454 381 
3 576 506 613 
3 323 245 381 
3 717 685 613 
3 717 828 790 
3 828 946 894 
3 2540 2484 2520 
3 2622 2540 2520 
3 2622 2594 2727 
3 2787 2727 2677 
3 2787 2734 2827 
3 2772 2847 2827 
3 2847 2788 2896 
3 2835 2917 2896 
3 2909 2769 2918 
3 2917 2909 2926 
3 299 321 394 
3 479 394 395 
3 299 213 253 
3 559 479 492 
3 189 213 101 
3 649 559 582 
3 77 88 101 
3 745 649 661 
3 77 84 78 
3 745 761 851 
3 868 957 851 
3 95 87 84 
3 957 976 1067 
3 1067 1080 1173 
3 1183 1273 1173 
3 95 103 99 
3 138 146 166 
3 183 175 166 
3 191 192 175 
3 120 138 118 
3 103 118 107 
3 192 245 181 
3 2775 2636 2777 
3 2918 2769 2775 
3 2637 2755 2777 
3 1832 1923 1824 
3 1832 1732 1741 
3 1923 2014 1911 
3 2014 2105 1997 
3 2185 2086 2105 
3 1644 1741 1636 
3 2270 2173 2185 
3 2270 2354 2259 
3 1644 1544 1553 
3 2439 2344 2354 
3 2527 2429 2439 
3 1449 1459 1553 
3 2630 2526 2527 
3 2755 2637 2630 
3 1368 1459 1359 
3 1368 1273 1279 
3 946 1058 1002 
3 1058 1176 1119 
3 1176 1283 1226 
3 1283 1397 1336 
3 1445 1397 1504 
3 1556 1504 1615 
3 1663 1615 1719 
3 1719 1828 1767 
3 1828 1936 1871 
3 2375 2326 2431 
3 2312 2261 2375 
3 2198 2312 2241 
3 2168 2128 2241 
3 2431 2382 2490 
3 2168 2107 2056 
3 2430 2530 2490 
3 1991 2107 2040 
3 1936 2040 1972 
3 2484 2540 2530 
3 454 323 381 
3 506 576 454 
3 685 576 613 
3 323 211 245 
3 717 790 685 
3 790 828 894 
3 946 1002 894 
3 2540 2622 2629 
3 2622 2727 2737 
3 2787 2821 2727 
3 2864 2787 2827 
3 2847 2894 2827 
3 2911 2847 2896 
3 2917 2911 2896 
3 2926 2909 2918 
3 2917 2926 2922 
3 394 321 395 
3 321 299 253 
3 460 479 395 
3 213 189 253 
3 479 460 492 
3 582 559 492 
3 88 189 101 
3 649 582 661 
3 77 78 88 
3 745 661 761 
3 84 87 78 
3 761 868 851 
3 957 868 976 
3 87 95 99 
3 976 1080 1067 
3 1080 1183 1173 
3 1273 1183 1279 
3 103 107 99 
3 138 166 158 
3 166 175 158 
3 175 192 181 
3 138 129 118 
3 118 115 107 
3 245 211 181 
3 2910 2775 2777 
3 2918 2775 2910 
3 2755 2855 2777 
3 1923 1832 1930 
3 1832 1741 1839 
3 2014 1923 2020 
3 2105 2014 2114 
3 2203 2185 2105 
3 1741 1644 1743 
3 2270 2185 2284 
3 2354 2270 2364 
3 1649 1644 1553 
3 2439 2354 2451 
3 2527 2439 2529 
3 1459 1559 1553 
3 2630 2527 2619 
3 2738 2755 2630 
3 1459 1368 1466 
3 1368 1279 1376 
3 1058 1119 1002 
3 1119 1176 1226 
3 1283 1336 1226 
3 1336 1397 1445 
3 1556 1445 1504 
3 1663 1556 1615 
3 1663 1719 1767 
3 1828 1871 1767 
3 1871 1936 1972 
3 2375 2431 2494 
3 2423 2312 2375 
3 2312 2353 2241 
3 2282 2168 2241 
3 2431 2490 2556 
3 2107 2168 2212 
3 2490 2530 2600 
3 2040 2107 2143 
3 1972 2040 2069 
3 2530 2540 2629 
3 323 454 412 
3 454 576 524 
3 635 576 685 
3 211 323 295 
3 790 742 685 
3 790 894 846 
3 1002 952 894 
3 2629 2622 2737 
3 2727 2821 2737 
3 2821 2787 2864 
3 2894 2864 2827 
3 2911 2894 2847 
3 2911 2917 2922 
3 2926 2918 2924 
3 2926 2920 2922 
3 395 321 350 
3 321 253 281 
3 403 460 395 
3 253 189 233 
3 492 460 512 
3 582 492 512 
3 189 88 152 
3 661 582 593 
3 88 78 90 
3 661 682 761 
3 78 87 80 
3 761 783 868 
3 976 868 892 
3 91 87 99 
3 1080 976 998 
3 1183 1080 1083 
3 1279 1183 1184 
3 107 111 99 
3 129 138 158 
3 175 181 158 
3 118 129 115 
3 115 121 107 
3 181 211 142 
3 2855 2910 2777 
3 2924 2918 2910 
3 2855 2755 2871 
3 1930 1832 1839 
3 1923 1930 2020 
3 1741 1743 1839 
3 2114 2014 2020 
3 2203 2105 2114 
3 2284 2185 2203 
3 1644 1649 1743 
3 2364 2270 2284 
3 2451 2354 2364 
3 1559 1649 1553 
3 2529 2439 2451 
3 2527 2529 2619 
3 1559 1459 1466 
3 2738 2630 2619 
3 2871 2755 2738 
3 1466 1368 1376 
3 1376 1279 1281 
3 1119 1061 1002 
3 1119 1226 1170 
3 1226 1336 1278 
3 1336 1445 1387 
3 1445 1556 1496 
3 1556 1663 1605 
3 1710 1663 1767 
3 1767 1871 1815 
3 1871 1972 1914 
3 2494 2431 2556 
3 2423 2375 2494 
3 2312 2423 2353 
3 2353 2282 2241 
3 2168 2282 2212 
3 2490 2600 2556 
3 2107 2212 2143 
3 2600 2530 2629 
3 2069 2040 2143 
3 1972 2069 2012 
3 412 454 524 
3 323 412 295 
3 576 635 524 
3 742 635 685 
3 211 295 208 
3 742 790 846 
3 894 952 846 
3 1002 1061 952 
3 2725 2629 2737 
3 2821 2814 2737 
3 2821 2864 2875 
3 2864 2894 2901 
3 2894 2911 2912 
3 2912 2911 2922 
3 2920 2926 2924 
3 2920 2915 2922 
3 321 281 350 
3 403 395 350 
3 281 253 233 
3 460 403 474 
3 189 152 233 
3 512 460 474 
3 593 582 512 
3 88 90 152 
3 661 593 682 
3 90 78 80 
3 761 682 783 
3 87 91 80 
3 868 783 892 
3 998 976 892 
3 111 91 99 
3 1080 998 1083 
3 1183 1083 1184 
3 1279 1184 1281 
3 121 111 107 
3 142 129 158 
3 181 142 158 
3 129 133 115 
3 139 121 115 
3 142 211 208 
3 2855 2913 2910 
3 2913 2924 2910 
3 2904 2855 2871 
3 1930 1839 1935 
3 1930 2025 2020 
3 1839 1743 1842 
3 2120 2114 2020 
3 2203 2114 2210 
3 2298 2284 2203 
3 1743 1649 1744 
3 2380 2364 2284 
3 2451 2364 2460 
3 1649 1559 1652 
3 2534 2529 2451 
3 2529 2614 2619 
3 1559 1466 1564 
3 2718 2738 2619 
3 2871 2738 2796 
3 1466 1376 1474 
3 1384 1376 1281 
3 1061 1119 1170 
3 1226 1278 1170 
3 1336 1387 1278 
3 1387 1445 1496 
3 1496 1556 1605 
3 1605 1663 1710 
3 1710 1767 1815 
3 1815 1871 1914 
3 1914 1972 2012 
3 2494 2556 2620 
3 2423 2494 2546 
3 2353 2423 2470 
3 2282 2353 2396 
3 2212 2282 2324 
3 2600 2696 2556 
3 2212 2252 2143 
3 2725 2600 2629 
3 2177 2069 2143 
3 2012 2069 2111 
3 497 412 524 
3 412 396 295 
3 635 607 524 
3 635 742 712 
3 295 276 208 
3 742 846 802 
3 952 895 846 
3 1061 1003 952 
3 2814 2725 2737 
3 2814 2821 2875 
3 2864 2901 2875 
3 2901 2894 2912 
3 2915 2912 2922 
3 2920 2924 2914 
3 2915 2920 2908 
3 350 281 319 
3 403 350 386 
3 265 281 233 
3 474 403 438 
3 152 220 233 
3 533 512 474 
3 533 593 512 
3 152 90 167 
3 682 593 610 
3 90 80 113 
3 682 704 783 
3 91 102 80 
3 783 810 892 
3 921 998 892 
3 91 111 117 
3 998 1026 1083 
3 1184 1083 1079 
3 1184 1190 1281 
3 111 121 140 
3 142 133 129 
3 133 139 115 
3 121 139 168 
3 133 142 208 
3 2913 2855 2904 
3 2914 2924 2913 
3 2904 2871 2882 
3 1935 1839 1842 
3 2025 1930 1935 
3 2025 2120 2020 
3 1743 1744 1842 
3 2210 2114 2120 
3 2298 2203 2210 
3 2298 2380 2284 
3 1744 1649 1652 
3 2460 2364 2380 
3 2534 2451 2460 
3 1559 1564 1652 
3 2529 2534 2614 
3 2614 2718 2619 
3 1564 1466 1474 
3 2738 2718 2796 
3 2871 2796 2844 
3 1474 1376 1384 
3 1293 1384 1281 
3 1113 1061 1170 
3 1278 1216 1170 
3 1387 1328 1278 
3 1387 1496 1433 
3 1496 1605 1542 
3 1653 1605 1710 
3 1761 1710 1815 
3 1869 1815 1914 
3 1928 1914 2012 
3 2556 2696 2620 
3 2494 2620 2546 
3 2470 2423 2546 
3 2353 2470 2396 
3 2324 2282 2396 
3 2252 2212 2324 
3 2725 2696 2600 
3 2252 2177 2143 
3 2069 2177 2111 
3 2041 2012 2111 
3 412 497 396 
3 607 497 524 
3 295 396 276 
3 607 635 712 
3 742 802 712 
3 276 206 208 
3 846 895 802 
3 952 1003 895 
3 1113 1003 1061 
3 2725 2814 2807 
3 2869 2814 2875 
3 2901 2893 2875 
3 2901 2912 2907 
3 2907 2912 2915 
3 2908 2920 2914 
3 2915 2908 2897 
3 281 265 319 
3 386 350 319 
3 403 386 438 
3 220 265 233 
3 502 474 438 
3 152 167 220 
3 502 533 474 
3 593 533 610 
3 167 90 113 
3 682 610 704 
3 80 102 113 
3 704 810 783 
3 91 117 102 
3 810 921 892 
3 1026 998 921 
3 117 111 140 
3 1079 1083 1026 
3 1190 1184 1079 
3 1190 1293 1281 
3 121 168 140 
3 133 206 139 
3 139 214 168 
3 206 133 208 
3 2913 2904 2903 
3 2914 2913 2903 
3 2882 2871 2844 
3 2904 2882 2886 
3 1935 1842 1933 
3 2024 2025 1935 
3 2120 2025 2123 
3 1842 1744 1840 
3 2217 2210 2120 
3 2309 2298 2210 
3 2380 2298 2395 
3 1744 1652 1742 
3 2460 2380 2474 
3 2550 2534 2460 
3 1652 1564 1662 
3 2614 2534 2615 
3 2718 2614 2704 
3 1564 1474 1573 
3 2718 2776 2796 
3 2796 2776 2844 
3 1474 1384 1483 
3 1384 1293 1395 
3 1216 1113 1170 
3 1328 1216 1278 
3 1328 1387 1433 
3 1433 1496 1542 
3 1542 1605 1653 
3 1761 1653 1710 
3 1869 1761 1815 
3 1928 1869 1914 
3 1928 2012 2041 
3 2696 2765 2620 
3 2620 2703 2546 
3 2598 2470 2546 
3 2396 2470 2514 
3 2324 2396 2432 
3 2252 2324 2358 
3 2696 2725 2807 
3 2177 2252 2286 
3 2111 2177 2214 
3 2142 2041 2111 
3 497 477 396 
3 497 607 586 
3 396 379 276 
3 690 607 712 
3 802 838 712 
3 276 273 206 
3 802 895 838 
3 895 1003 953 
3 1003 1113 1057 
3 2807 2814 2869 
3 2893 2869 2875 
3 2893 2901 2907 
3 2907 2915 2897 
3 2908 2914 2892 
3 2908 2880 2897 
3 265 314 319 
3 386 319 378 
3 386 430 438 
3 220 266 265 
3 498 502 438 
3 167 231 220 
3 533 502 571 
3 610 533 571 
3 201 167 113 
3 704 610 647 
3 113 102 170 
3 810 704 746 
3 117 162 102 
3 921 810 856 
3 1026 921 965 
3 117 140 187 
3 1026 965 1079 
3 1103 1190 1079 
3 1293 1190 1203 
3 168 209 140 
3 206 214 139 
3 214 243 168 
3 2903 2904 2886 
3 2892 2914 2903 
3 2878 2882 2844 
3 2882 2877 2886 
3 1933 1842 1840 
3 2024 1935 1933 
3 2123 2025 2024 
3 2217 2120 2123 
3 1840 1744 1742 
3 2309 2210 2217 
3 2298 2309 2395 
3 2474 2380 2395 
3 1742 1652 1662 
3 2550 2460 2474 
3 2615 2534 2550 
3 1564 1573 1662 
3 2704 2614 2615 
3 2776 2718 2704 
3 1474 1483 1573 
3 2776 2829 2844 
3 1483 1384 1395 
3 1395 1293 1302 
3 1113 1216 1161 
3 1216 1328 1269 
3 1377 1328 1433 
3 1482 1433 1542 
3 1542 1653 1591 
3 1653 1761 1701 
3 1816 1761 1869 
3 1869 1928 1947 
3 1947 1928 2041 
3 2765 2703 2620 
3 2765 2696 2807 
3 2703 2598 2546 
3 2470 2598 2514 
3 2396 2514 2432 
3 2358 2324 2432 
3 2286 2252 2358 
3 2177 2286 2214 
3 2142 2111 2214 
3 2041 2142 2064 
3 396 477 379 
3 477 497 586 
3 607 690 586 
3 276 379 273 
3 690 712 797 
3 712 838 797 
3 206 273 214 
3 895 953 838 
3 1003 1057 953 
3 1113 1161 1057 
3 2807 2869 2834 
3 2869 2893 2863 
3 2893 2907 2884 
3 2884 2907 2897 
3 2880 2908 2892 
3 2880 2862 2897 
3 319 314 378 
3 265 266 314 
3 430 386 378 
3 430 498 438 
3 231 266 220 
3 502 498 537 
3 231 167 201 
3 502 537 571 
3 610 571 647 
3 201 113 170 
3 746 704 647 
3 102 162 170 
3 810 746 856 
3 162 117 187 
3 921 856 965 
3 140 209 187 
3 965 1004 1079 
3 1190 1103 1203 
3 1004 1103 1079 
3 1293 1203 1302 
3 243 209 168 
3 214 285 243 
3 2876 2903 2886 
3 2892 2903 2876 
3 2877 2882 2878 
3 2829 2878 2844 
3 2877 2859 2886 
3 1929 1933 1840 
3 2017 2024 1933 
3 2118 2123 2024 
3 2219 2217 2123 
3 1840 1742 1833 
3 2316 2309 2217 
3 2395 2309 2404 
3 2474 2395 2485 
3 1730 1742 1662 
3 2562 2550 2474 
3 2631 2615 2550 
3 1573 1684 1662 
3 2698 2704 2615 
3 2776 2704 2771 
3 1573 1483 1584 
3 2829 2776 2771 
3 1493 1483 1395 
3 1395 1302 1400 
3 1216 1269 1161 
3 1328 1377 1269 
3 1377 1433 1482 
3 1482 1542 1591 
3 1591 1653 1701 
3 1761 1816 1701 
3 1816 1869 1947 
3 1947 2041 2064 
3 2703 2765 2810 
3 2765 2807 2834 
3 2598 2703 2739 
3 2514 2598 2654 
3 2514 2553 2432 
3 2358 2432 2469 
3 2286 2358 2391 
3 2286 2319 2214 
3 2142 2214 2245 
3 2142 2164 2064 
3 477 457 379 
3 477 586 545 
3 690 655 586 
3 273 379 370 
3 690 797 763 
3 838 901 797 
3 273 285 214 
3 953 901 838 
3 953 1057 1006 
3 1057 1161 1104 
3 2834 2869 2863 
3 2893 2884 2863 
3 2862 2884 2897 
3 2857 2880 2892 
3 2862 2880 2845 
3 378 314 393 
3 314 266 336 
3 434 430 378 
3 498 430 494 
3 266 231 282 
3 537 498 584 
3 231 201 250 
3 571 537 612 
3 571 612 647 
3 201 170 226 
3 699 746 647 
3 170 162 226 
3 746 798 856 
3 223 162 187 
3 856 899 965 
3 209 240 187 
3 965 899 1004 
3 1203 1103 1116 
3 1103 1004 1022 
3 1203 1211 1302 
3 261 209 243 
3 285 304 243 
3 2859 2876 2886 
3 2857 2892 2876 
3 2883 2877 2878 
3 2878 2829 2874 
3 2859 2877 2866 
3 2017 1933 1929 
3 1929 1840 1833 
3 2118 2024 2017 
3 2118 2219 2123 
3 2316 2217 2219 
3 1742 1730 1833 
3 2309 2316 2404 
3 2485 2395 2404 
3 2562 2474 2485 
3 1684 1730 1662 
3 2631 2550 2562 
3 2698 2615 2631 
3 1684 1573 1584 
3 2704 2698 2771 
3 1584 1483 1493 
3 2829 2771 2817 
3 1493 1395 1400 
3 1302 1310 1400 
3 1269 1207 1161 
3 1377 1315 1269 
3 1422 1377 1482 
3 1482 1591 1530 
3 1640 1591 1701 
3 1816 1754 1701 
3 1863 1816 1947 
3 1982 1947 2064 
3 2765 2834 2810 
3 2739 2703 2810 
3 2654 2598 2739 
3 2514 2654 2553 
3 2432 2553 2469 
3 2358 2469 2391 
3 2319 2286 2391 
3 2214 2319 2245 
3 2164 2142 2245 
3 2164 2092 2064 
3 379 457 370 
3 457 477 545 
3 586 655 545 
3 655 690 763 
3 273 370 285 
3 797 879 763 
3 901 879 797 
3 953 1006 901 
3 1057 1104 1006 
3 1161 1207 1104 
3 2841 2834 2863 
3 2884 2851 2863 
3 2851 2884 2862 
3 2880 2857 2845 
3 2837 2862 2845 
3 314 336 393 
3 434 378 393 
3 336 266 282 
3 430 434 494 
3 498 494 584 
3 231 250 282 
3 537 584 612 
3 250 201 226 
3 612 699 647 
3 746 699 798 
3 162 223 226 
3 856 798 899 
3 240 223 187 
3 261 240 209 
3 899 962 1004 
3 1103 1022 1116 
3 1211 1203 1116 
3 1004 962 1022 
3 1211 1310 1302 
3 304 261 243 
3 304 285 376 
3 2876 2859 2849 
3 2857 2876 2849 
3 2877 2883 2866 
3 2883 2878 2874 
3 2874 2829 2817 
3 2848 2859 2866 
3 2017 1929 2011 
3 1924 1929 1833 
3 2100 2118 2017 
3 2118 2207 2219 
3 2313 2316 2219 
3 1730 1819 1833 
3 2404 2316 2406 
3 2495 2485 2404 
3 2562 2485 2571 
3 1819 1730 1684 
3 2631 2562 2641 
3 2698 2631 2713 
3 1684 1584 1687 
3 2771 2698 2760 
3 1584 1493 1592 
3 2771 2760 2817 
3 1493 1400 1501 
3 1400 1310 1408 
3 1269 1315 1207 
3 1315 1377 1422 
3 1422 1482 1530 
3 1591 1640 1530 
3 1754 1640 1701 
3 1754 1816 1863 
3 1863 1947 1982 
3 2092 1982 2064 
3 2810 2834 2841 
3 2739 2810 2805 
3 2654 2739 2754 
3 2553 2654 2672 
3 2553 2583 2469 
3 2469 2497 2391 
3 2420 2319 2391 
3 2319 2345 2245 
3 2164 2245 2269 
3 2092 2164 2197 
3 457 444 370 
3 532 457 545 
3 655 628 545 
3 729 655 763 
3 285 370 376 
3 879 842 763 
3 879 901 968 
3 901 1006 968 
3 1006 1104 1054 
3 1104 1207 1147 
3 2851 2841 2863 
3 2851 2862 2837 
3 2857 2830 2845 
3 2819 2837 2845 
3 336 413 393 
3 442 434 393 
3 367 336 282 
3 494 434 507 
3 584 494 575 
3 250 307 282 
3 612 584 669 
3 272 250 226 
3 699 612 669 
3 798 699 760 
3 223 258 226 
3 899 798 857 
3 240 264 223 
3 240 261 291 
3 899 857 962 
3 1022 1019 1116 
3 1211 1116 1127 
3 1022 962 1019 
3 1211 1220 1310 
3 261 304 349 
3 397 304 376 
3 2859 2848 2849 
3 2830 2857 2849 
3 2866 2883 2885 
3 2883 2874 2891 
3 2860 2874 2817 
3 2865 2848 2866 
3 1929 1924 2011 
3 2100 2017 2011 
3 1819 1924 1833 
3 2207 2118 2100 
3 2207 2313 2219 
3 2316 2313 2406 
3 2495 2404 2406 
3 2485 2495 2571 
3 2641 2562 2571 
3 1799 1819 1684 
3 2713 2631 2641 
3 2760 2698 2713 
3 1687 1584 1592 
3 1799 1684 1687 
3 1592 1493 1501 
3 2760 2804 2817 
3 1501 1400 1408 
3 1310 1318 1408 
3 1207 1315 1254 
3 1363 1315 1422 
3 1470 1422 1530 
3 1530 1640 1577 
3 1683 1640 1754 
3 1754 1863 1797 
3 1908 1863 1982 
3 2092 2021 1982 
3 2805 2810 2841 
3 2754 2739 2805 
3 2654 2754 2672 
3 2583 2553 2672 
3 2583 2497 2469 
3 2497 2420 2391 
3 2319 2420 2345 
3 2245 2345 2269 
3 2197 2164 2269 
3 2124 2092 2197 
3 370 444 376 
3 457 532 444 
3 628 532 545 
3 655 729 628 
3 842 729 763 
3 879 963 842 
3 879 968 963 
3 1006 1054 968 
3 1104 1147 1054 
3 1207 1254 1147 
3 2841 2851 2828 
3 2828 2851 2837 
3 2830 2819 2845 
3 2809 2837 2819 
3 413 442 393 
3 336 367 413 
3 434 442 507 
3 307 367 282 
3 494 507 575 
3 584 575 646 
3 272 307 250 
3 584 646 669 
3 258 272 226 
3 760 699 669 
3 798 760 857 
3 223 264 258 
3 264 240 291 
3 261 349 291 
3 962 857 907 
3 1116 1019 1127 
3 1220 1211 1127 
3 962 907 1019 
3 1310 1220 1318 
3 304 397 349 
3 436 397 376 
3 2848 2831 2849 
3 2831 2830 2849 
3 2885 2883 2891 
3 2865 2866 2885 
3 2891 2874 2860 
3 2804 2860 2817 
3 2865 2843 2848 
3 1924 2022 2011 
3 2067 2100 2011 
3 1924 1819 1909 
3 2180 2207 2100 
3 2313 2207 2290 
3 2406 2313 2393 
3 2495 2406 2489 
3 2495 2569 2571 
3 2641 2571 2643 
3 1819 1799 1909 
3 2713 2641 2715 
3 2760 2713 2761 
3 1690 1687 1592 
3 1788 1799 1687 
3 1592 1501 1598 
3 2804 2760 2761 
3 1506 1501 1408 
3 1318 1413 1408 
3 1315 1363 1254 
3 1363 1422 1470 
3 1470 1530 1577 
3 1640 1683 1577 
3 1683 1754 1797 
3 1797 1863 1908 
3 2021 1908 1982 
3 2021 2092 2124 
3 2805 2841 2828 
3 2754 2805 2786 
3 2754 2748 2672 
3 2583 2672 2693 
3 2497 2583 2604 
3 2420 2497 2521 
3 2420 2442 2345 
3 2345 2363 2269 
3 2197 2269 2293 
3 2124 2197 2218 
3 444 436 376 
3 444 532 516 
3 532 628 608 
3 628 729 702 
3 729 842 806 
3 963 917 842 
3 968 1054 963 
3 1147 1090 1054 
3 1254 1198 1147 
3 2809 2828 2837 
3 2819 2830 2813 
3 2809 2819 2797 
3 442 413 510 
3 367 432 413 
3 507 442 510 
3 367 307 388 
3 507 579 575 
3 575 641 646 
3 307 272 335 
3 646 731 669 
3 258 302 272 
3 731 760 669 
3 760 814 857 
3 264 301 258 
3 264 291 315 
3 349 359 291 
3 857 814 907 
3 1019 1039 1127 
3 1134 1220 1127 
3 907 950 1019 
3 1318 1220 1230 
3 419 349 397 
3 397 436 419 
3 2848 2843 2831 
3 2813 2830 2831 
3 2905 2885 2891 
3 2865 2885 2895 
3 2889 2891 2860 
3 2838 2860 2804 
3 2843 2865 2868 
3 2022 2067 2011 
3 2022 1924 1909 
3 2180 2100 2067 
3 2207 2180 2290 
3 2313 2290 2393 
3 2489 2406 2393 
3 2569 2495 2489 
3 2571 2569 2643 
3 2715 2641 2643 
3 1799 1894 1909 
3 2761 2713 2715 
3 1690 1788 1687 
3 1690 1592 1598 
3 1894 1799 1788 
3 1501 1506 1598 
3 2804 2761 2789 
3 1413 1506 1408 
3 1413 1318 1322 
3 1363 1301 1254 
3 1406 1363 1470 
3 1512 1470 1577 
3 1683 1621 1577 
3 1736 1683 1797 
3 1844 1797 1908 
3 1908 2021 1948 
3 2021 2124 2054 
3 2786 2805 2828 
3 2748 2754 2786 
3 2672 2748 2693 
3 2604 2583 2693 
3 2497 2604 2521 
3 2442 2420 2521 
3 2345 2442 2363 
3 2269 2363 2293 
3 2218 2197 2293 
3 2152 2124 2218 
3 444 516 436 
3 516 532 608 
3 628 702 608 
3 729 806 702 
3 842 917 806 
3 963 1035 917 
3 1054 1090 963 
3 1147 1198 1090 
3 1301 1198 1254 
3 2786 2828 2809 
3 2797 2819 2813 
3 2783 2809 2797 
3 413 504 510 
3 413 432 504 
3 432 367 388 
3 579 507 510 
3 307 335 388 
3 575 579 641 
3 641 714 646 
3 272 302 335 
3 714 731 646 
3 258 301 302 
3 760 731 814 
3 301 264 315 
3 291 359 315 
3 349 419 359 
3 814 864 907 
3 1039 1134 1127 
3 1019 950 1039 
3 1220 1134 1230 
3 907 864 950 
3 1318 1230 1322 
3 500 419 436 
3 2843 2818 2831 
3 2818 2813 2831 
3 2885 2905 2895 
3 2905 2891 2889 
3 2868 2865 2895 
3 2889 2860 2838 
3 2838 2804 2789 
3 2836 2843 2868 
3 2022 2151 2067 
3 2001 2022 1909 
3 2151 2180 2067 
3 2290 2180 2257 
3 2393 2290 2357 
3 2461 2489 2393 
3 2549 2569 2489 
3 2569 2616 2643 
3 2688 2715 2643 
3 1894 2001 1909 
3 2743 2761 2715 
3 1788 1690 1785 
3 1690 1598 1695 
3 1883 1894 1788 
3 1506 1601 1598 
3 2761 2743 2789 
3 1506 1413 1509 
3 1414 1413 1322 
3 1363 1406 1301 
3 1512 1406 1470 
3 1621 1512 1577 
3 1621 1683 1736 
3 1736 1797 1844 
3 1844 1908 1948 
3 2021 2054 1948 
3 2054 2124 2152 
3 2748 2786 2783 
3 2693 2748 2762 
3 2604 2693 2716 
3 2604 2623 2521 
3 2442 2521 2537 
3 2363 2442 2459 
3 2293 2363 2383 
3 2306 2218 2293 
3 2236 2152 2218 
3 516 500 436 
3 588 516 608 
3 702 672 608 
3 806 769 702 
3 917 880 806 
3 917 1035 985 
3 1090 1035 963 
3 1198 1144 1090 
3 1198 1301 1242 
3 2786 2809 2783 
3 2799 2797 2813 
3 2785 2783 2797 
3 504 572 510 
3 504 432 489 
3 426 432 388 
3 572 579 510 
3 335 389 388 
3 641 579 633 
3 714 641 701 
3 302 352 335 
3 731 714 796 
3 301 320 302 
3 814 731 796 
3 301 315 332 
3 315 359 363 
3 419 409 359 
3 814 796 864 
3 1056 1134 1039 
3 950 969 1039 
3 1134 1143 1230 
3 864 888 950 
3 1230 1234 1322 
3 419 500 480 
3 2818 2843 2836 
3 2818 2799 2813 
3 2905 2902 2895 
3 2890 2905 2889 
3 2888 2868 2895 
3 2889 2838 2850 
3 2838 2789 2802 
3 2853 2836 2868 
3 2151 2022 2119 
3 2119 2022 2001 
3 2257 2180 2151 
3 2290 2257 2357 
3 2461 2393 2357 
3 2461 2549 2489 
3 2616 2569 2549 
3 2688 2643 2616 
3 2688 2743 2715 
3 1983 2001 1894 
3 1785 1690 1695 
3 1883 1788 1785 
3 1598 1601 1695 
3 1983 1894 1883 
3 1601 1506 1509 
3 2789 2743 2749 
3 1509 1413 1414 
3 1414 1322 1324 
3 1406 1343 1301 
3 1406 1512 1453 
3 1560 1512 1621 
3 1666 1621 1736 
3 1736 1844 1771 
3 1881 1844 1948 
3 2054 1984 1948 
3 2054 2152 2090 
3 2762 2748 2783 
3 2716 2693 2762 
3 2623 2604 2716 
3 2521 2623 2537 
3 2459 2442 2537 
3 2363 2459 2383 
3 2306 2293 2383 
3 2306 2236 2218 
3 2236 2193 2152 
3 516 588 500 
3 672 588 608 
3 769 672 702 
3 806 880 769 
3 917 985 880 
3 1035 1101 985 
3 1144 1035 1090 
3 1144 1198 1242 
3 1301 1343 1242 
3 2799 2785 2797 
3 2762 2783 2785 
3 504 546 572 
3 432 426 489 
3 546 504 489 
3 389 426 388 
3 579 572 633 
3 335 352 389 
3 641 633 701 
3 714 701 772 
3 302 320 352 
3 714 772 796 
3 320 301 332 
3 315 363 332 
3 359 409 363 
3 419 480 409 
3 796 772 864 
3 1134 1056 1143 
3 969 1056 1039 
3 888 969 950 
3 1230 1143 1234 
3 864 805 888 
3 1322 1234 1324 
3 480 500 547 
3 2811 2818 2836 
3 2811 2799 2818 
3 2902 2888 2895 
3 2902 2905 2890 
3 2890 2889 2850 
3 2853 2868 2888 
3 2850 2838 2802 
3 2802 2789 2749 
3 2836 2853 2826 
3 2225 2151 2119 
3 2083 2119 2001 
3 2225 2257 2151 
3 2357 2257 2320 
3 2417 2461 2357 
3 2509 2549 2461 
3 2595 2616 2549 
3 2616 2595 2688 
3 2743 2688 2711 
3 2083 2001 1983 
3 1784 1785 1695 
3 1877 1883 1785 
3 1601 1696 1695 
3 1983 1883 1968 
3 1601 1509 1604 
3 2749 2743 2711 
3 1509 1414 1510 
3 1412 1414 1324 
3 1343 1406 1453 
3 1512 1560 1453 
3 1560 1621 1666 
3 1666 1736 1771 
3 1844 1881 1771 
3 1984 1881 1948 
3 1984 2054 2090 
3 2152 2193 2090 
3 2716 2762 2766 
3 2623 2716 2721 
3 2537 2623 2625 
3 2459 2537 2552 
3 2459 2465 2383 
3 2388 2306 2383 
3 2236 2306 2318 
3 2254 2193 2236 
3 500 588 547 
3 672 630 588 
3 672 769 723 
3 880 827 769 
3 985 938 880 
3 1101 1051 985 
3 1144 1101 1035 
3 1219 1144 1242 
3 1343 1284 1242 
3 2799 2794 2785 
3 2762 2785 2766 
3 572 546 615 
3 426 465 489 
3 546 489 520 
3 389 404 426 
3 633 572 615 
3 352 369 389 
3 633 674 701 
3 701 733 772 
3 320 338 352 
3 327 320 332 
3 363 357 332 
3 409 399 363 
3 409 480 443 
3 772 805 864 
3 1143 1056 1069 
3 969 982 1056 
3 900 969 888 
3 1143 1148 1234 
3 805 825 888 
3 1234 1240 1324 
3 480 547 517 
3 2811 2836 2826 
3 2794 2799 2811 
3 2888 2902 2873 
3 2902 2890 2867 
3 2839 2890 2850 
3 2853 2888 2846 
3 2850 2802 2793 
3 2802 2749 2742 
3 2853 2823 2826 
3 2225 2119 2195 
3 2119 2083 2195 
3 2257 2225 2320 
3 2417 2357 2320 
3 2509 2461 2417 
3 2595 2549 2509 
3 2688 2595 2627 
3 2711 2688 2627 
3 2083 1983 2062 
3 1784 1877 1785 
3 1696 1784 1695 
3 1968 1883 1877 
3 1696 1601 1604 
3 2062 1983 1968 
3 1509 1510 1604 
3 2749 2711 2700 
3 1414 1412 1510 
3 1321 1412 1324 
3 1389 1343 1453 
3 1560 1495 1453 
3 1603 1560 1666 
3 1709 1666 1771 
3 1881 1814 1771 
3 1922 1881 1984 
3 2028 1984 2090 
3 2193 2131 2090 
3 2716 2766 2721 
3 2625 2623 2721 
3 2537 2625 2552 
3 2465 2459 2552 
3 2465 2388 2383 
3 2306 2388 2318 
3 2254 2236 2318 
3 2233 2193 2254 
3 588 630 547 
3 630 672 723 
3 769 827 723 
3 938 827 880 
3 985 1051 938 
3 1101 1174 1051 
3 1144 1219 1101 
3 1284 1219 1242 
3 1343 1389 1284 
3 2785 2794 2766 
3 546 598 615 
3 489 465 520 
3 426 404 465 
3 598 546 520 
3 389 369 404 
3 674 633 615 
3 352 338 369 
3 674 733 701 
3 772 733 805 
3 320 327 338 
3 357 327 332 
3 363 399 357 
3 409 443 399 
3 480 517 443 
3 1056 982 1069 
3 1148 1143 1069 
3 969 900 982 
3 825 900 888 
3 1148 1240 1234 
3 805 758 825 
3 1240 1321 1324 
3 547 599 517 
3 2801 2811 2826 
3 2801 2794 2811 
3 2902 2867 2873 
3 2846 2888 2873 
3 2867 2890 2839 
3 2839 2850 2793 
3 2823 2853 2846 
3 2793 2802 2742 
3 2749 2700 2742 
3 2823 2795 2826 
3 2262 2225 2195 
3 2195 2083 2158 
3 2225 2262 2320 
3 2360 2417 2320 
3 2457 2509 2417 
3 2539 2595 2509 
3 2627 2595 2539 
3 2711 2627 2640 
3 2158 2083 2062 
3 1877 1784 1875 
3 1783 1784 1696 
3 1961 1968 1877 
3 1696 1604 1694 
3 2052 2062 1968 
3 1510 1599 1604 
3 2700 2711 2640 
3 1510 1412 1507 
3 1412 1321 1411 
3 1495 1389 1453 
3 1495 1560 1603 
3 1709 1603 1666 
3 1814 1709 1771 
3 1922 1814 1881 
3 2028 1922 1984 
3 2131 2028 2090 
3 2193 2233 2131 
3 2766 2770 2721 
3 2702 2625 2721 
3 2625 2605 2552 
3 2465 2552 2559 
3 2388 2465 2468 
3 2388 2399 2318 
3 2322 2254 2318 
3 2233 2254 2322 
3 547 630 599 
3 691 630 723 
3 827 787 723 
3 827 938 891 
3 938 1051 994 
3 1051 1174 1115 
3 1101 1219 1174 
3 1219 1284 1309 
3 1284 1389 1309 
3 2794 2770 2766 
3 598 674 615 
3 520 465 482 
3 404 418 465 
3 543 598 520 
3 404 369 383 
3 338 347 369 
3 688 733 674 
3 733 758 805 
3 338 327 318 
3 343 327 357 
3 399 382 357 
3 399 443 416 
3 517 485 443 
3 982 988 1069 
3 1074 1148 1069 
3 900 905 982 
3 825 841 900 
3 1240 1148 1164 
3 825 758 779 
3 1240 1247 1321 
3 599 554 517 
3 2795 2801 2826 
3 2801 2770 2794 
3 2867 2816 2873 
3 2815 2846 2873 
3 2867 2839 2798 
3 2773 2839 2793 
3 2792 2823 2846 
3 2793 2742 2724 
3 2742 2700 2647 
3 2795 2823 2774 
3 2195 2304 2262 
3 2258 2195 2158 
3 2262 2360 2320 
3 2457 2417 2360 
3 2457 2539 2509 
3 2627 2539 2558 
3 2640 2627 2558 
3 2138 2158 2062 
3 1784 1783 1875 
3 1961 1877 1875 
3 1783 1696 1694 
3 1961 2052 1968 
3 1604 1599 1694 
3 2138 2062 2052 
3 1599 1510 1507 
3 2700 2640 2647 
3 1507 1412 1411 
3 1411 1321 1306 
3 1495 1427 1389 
3 1495 1603 1535 
3 1603 1709 1645 
3 1709 1814 1752 
3 1857 1814 1922 
3 1960 1922 2028 
3 2068 2028 2131 
3 2233 2172 2131 
3 2770 2702 2721 
3 2605 2625 2702 
3 2559 2552 2605 
3 2468 2465 2559 
3 2399 2388 2468 
3 2399 2322 2318 
3 2233 2322 2337 
3 630 691 599 
3 787 691 723 
3 827 891 787 
3 938 994 891 
3 1051 1115 994 
3 1174 1232 1115 
3 1219 1309 1174 
3 1389 1427 1309 
3 598 688 674 
3 465 418 482 
3 543 520 482 
3 404 383 418 
3 598 543 618 
3 369 347 383 
3 347 338 318 
3 733 688 758 
3 327 343 318 
3 382 343 357 
3 382 399 416 
3 443 485 416 
3 517 554 485 
3 988 1074 1069 
3 982 905 988 
3 1148 1074 1164 
3 900 841 905 
3 841 825 779 
3 1247 1240 1164 
3 758 700 779 
3 1321 1247 1306 
3 599 638 554 
3 2757 2801 2795 
3 2770 2801 2757 
3 2816 2815 2873 
3 2816 2867 2798 
3 2792 2846 2815 
3 2839 2773 2798 
3 2773 2793 2724 
3 2823 2792 2774 
3 2724 2742 2647 
3 2730 2795 2774 
3 2360 2262 2304 
3 2258 2304 2195 
3 2229 2258 2158 
3 2398 2457 2360 
3 2539 2457 2478 
3 2539 2478 2558 
3 2563 2640 2558 
3 2138 2229 2158 
3 1875 1783 1872 
3 1959 1961 1875 
3 1781 1783 1694 
3 2052 1961 2044 
3 1599 1689 1694 
3 2122 2138 2052 
3 1599 1507 1596 
3 2640 2563 2647 
3 1507 1411 1503 
3 1411 1306 1403 
3 1427 1495 1535 
3 1535 1603 1645 
3 1709 1752 1645 
3 1752 1814 1857 
3 1857 1922 1960 
3 1960 2028 2068 
3 2172 2068 2131 
3 2273 2172 2233 
3 2702 2770 2757 
3 2605 2702 2675 
3 2605 2675 2559 
3 2547 2468 2559 
3 2399 2468 2475 
3 2322 2399 2407 
3 2337 2322 2407 
3 2273 2233 2337 
3 691 638 599 
3 730 691 787 
3 787 891 833 
3 891 994 943 
3 1115 1055 994 
3 1232 1175 1115 
3 1309 1232 1174 
3 1427 1352 1309 
3 688 598 618 
3 418 422 482 
3 493 543 482 
3 418 383 380 
3 618 543 561 
3 347 333 383 
3 303 347 318 
3 688 700 758 
3 318 343 305 
3 343 382 346 
3 382 416 391 
3 485 437 416 
3 554 513 485 
3 1074 988 989 
3 905 906 988 
3 1074 1078 1164 
3 905 841 844 
3 841 779 789 
3 1247 1164 1180 
3 779 700 713 
3 1247 1180 1306 
3 638 596 554 
3 2757 2795 2730 
3 2815 2816 2764 
3 2816 2798 2763 
3 2792 2815 2750 
3 2798 2773 2744 
3 2708 2773 2724 
3 2792 2731 2774 
3 2644 2724 2647 
3 2691 2730 2774 
3 2398 2360 2304 
3 2342 2304 2258 
3 2229 2333 2258 
3 2478 2457 2398 
3 2478 2493 2558 
3 2493 2563 2558 
3 2205 2229 2138 
3 1783 1781 1872 
3 1959 1875 1872 
3 1961 1959 2044 
3 1689 1781 1694 
3 2122 2052 2044 
3 1689 1599 1596 
3 2205 2138 2122 
3 1507 1503 1596 
3 2647 2563 2570 
3 1503 1411 1403 
3 1306 1294 1403 
3 1473 1427 1535 
3 1581 1535 1645 
3 1752 1685 1645 
3 1791 1752 1857 
3 1896 1857 1960 
3 2005 1960 2068 
3 2068 2172 2115 
3 2172 2273 2216 
3 2702 2757 2675 
3 2559 2675 2639 
3 2475 2468 2547 
3 2547 2559 2639 
3 2407 2399 2475 
3 2419 2337 2407 
3 2273 2337 2366 
3 691 730 638 
3 730 787 833 
3 891 943 833 
3 994 1055 943 
3 1175 1055 1115 
3 1232 1287 1175 
3 1352 1232 1309 
3 1352 1427 1473 
3 688 618 700 
3 422 493 482 
3 418 380 422 
3 543 493 561 
3 383 333 380 
3 636 618 561 
3 347 303 333 
3 303 318 305 
3 343 346 305 
3 382 391 346 
3 416 437 391 
3 513 437 485 
3 596 513 554 
3 988 906 989 
3 1078 1074 989 
3 906 905 844 
3 1164 1078 1180 
3 841 789 844 
3 779 713 789 
3 700 636 713 
3 1180 1294 1306 
3 689 596 638 
3 2757 2730 2675 
3 2764 2816 2763 
3 2815 2764 2750 
3 2763 2798 2744 
3 2731 2792 2750 
3 2744 2773 2708 
3 2644 2708 2724 
3 2731 2691 2774 
3 2644 2647 2570 
3 2730 2691 2639 
3 2342 2398 2304 
3 2333 2342 2258 
3 2289 2333 2229 
3 2478 2398 2411 
3 2493 2478 2411 
3 2563 2493 2499 
3 2205 2289 2229 
3 1872 1781 1862 
3 1952 1959 1872 
3 1959 2037 2044 
3 1781 1689 1775 
3 2112 2122 2044 
3 1680 1689 1596 
3 2183 2205 2122 
3 1503 1586 1596 
3 2570 2563 2499 
3 1503 1403 1494 
3 1294 1394 1403 
3 1581 1473 1535 
3 1685 1581 1645 
3 1685 1752 1791 
3 1896 1791 1857 
3 2005 1896 1960 
3 2005 2068 2115 
3 2115 2172 2216 
3 2273 2314 2216 
3 2675 2730 2639 
3 2475 2547 2538 
3 2547 2639 2607 
3 2407 2475 2479 
3 2337 2419 2366 
3 2419 2407 2479 
3 2314 2273 2366 
3 730 689 638 
3 730 833 785 
3 943 889 833 
3 1055 992 943 
3 1055 1175 1109 
3 1287 1222 1175 
3 1352 1287 1232 
3 1401 1352 1473 
3 618 636 700 
3 425 493 422 
3 380 372 422 
3 493 499 561 
3 333 313 380 
3 580 636 561 
3 333 303 280 
3 303 305 270 
3 346 288 305 
3 346 391 342 
3 391 437 400 
3 513 469 437 
3 513 596 538 
3 906 908 989 
3 996 1078 989 
3 906 844 830 
3 1078 1088 1180 
3 789 726 844 
3 713 726 789 
3 636 650 713 
3 1180 1187 1294 
3 689 624 596 
3 2722 2764 2763 
3 2764 2714 2750 
3 2717 2763 2744 
3 2692 2731 2750 
3 2744 2708 2689 
3 2644 2645 2708 
3 2691 2731 2664 
3 2584 2644 2570 
3 2639 2691 2607 
3 2411 2398 2342 
3 2411 2342 2333 
3 2333 2289 2370 
3 2425 2493 2411 
3 2493 2425 2499 
3 2289 2205 2264 
3 1781 1775 1862 
3 1952 1872 1862 
3 2037 1959 1952 
3 2037 2112 2044 
3 1775 1689 1680 
3 2183 2122 2112 
3 1586 1680 1596 
3 2264 2205 2183 
3 1503 1494 1586 
3 2515 2570 2499 
3 1403 1394 1494 
3 1289 1394 1294 
3 1473 1581 1515 
3 1581 1685 1624 
3 1685 1791 1735 
3 1841 1791 1896 
3 1944 1896 2005 
3 2050 2005 2115 
3 2154 2115 2216 
3 2314 2255 2216 
3 2547 2607 2538 
3 2479 2475 2538 
3 2366 2419 2445 
3 2488 2419 2479 
3 2401 2314 2366 
3 689 730 785 
3 833 889 785 
3 992 889 943 
3 992 1055 1109 
3 1175 1222 1109 
3 1287 1337 1222 
3 1352 1401 1287 
3 1401 1473 1515 
3 493 425 499 
3 372 425 422 
3 313 372 380 
3 499 580 561 
3 313 333 280 
3 636 580 650 
3 303 270 280 
3 305 288 270 
3 346 342 288 
3 391 400 342 
3 437 469 400 
3 469 513 538 
3 596 624 538 
3 908 996 989 
3 908 906 830 
3 1078 996 1088 
3 844 726 830 
3 1088 1187 1180 
3 650 726 713 
3 1187 1289 1294 
3 624 689 716 
3 2714 2764 2722 
3 2722 2763 2717 
3 2714 2692 2750 
3 2717 2744 2689 
3 2731 2692 2664 
3 2708 2645 2689 
3 2645 2644 2584 
3 2607 2691 2664 
3 2515 2584 2570 
3 2425 2411 2333 
3 2289 2336 2370 
3 2425 2333 2370 
3 2425 2450 2499 
3 2336 2289 2264 
3 1862 1775 1856 
3 1945 1952 1862 
3 2029 2037 1952 
3 2037 2109 2112 
3 1766 1775 1680 
3 2175 2183 2112 
3 1675 1680 1586 
3 2248 2264 2183 
3 1494 1582 1586 
3 2450 2515 2499 
3 1394 1486 1494 
3 1385 1394 1289 
3 1515 1581 1624 
3 1624 1685 1735 
3 1791 1841 1735 
3 1944 1841 1896 
3 1944 2005 2050 
3 2154 2050 2115 
3 2255 2154 2216 
3 2351 2255 2314 
3 2607 2593 2538 
3 2533 2479 2538 
3 2419 2488 2445 
3 2401 2366 2445 
3 2488 2479 2533 
3 2351 2314 2401 
3 689 785 716 
3 785 889 820 
3 889 992 936 
3 1043 992 1109 
3 1222 1157 1109 
3 1337 1277 1222 
3 1401 1337 1287 
3 1455 1401 1515 
3 425 427 499 
3 425 372 361 
3 372 313 300 
3 580 499 508 
3 263 313 280 
3 580 587 650 
3 270 244 280 
3 288 248 270 
3 342 278 288 
3 400 345 342 
3 469 406 400 
3 469 538 488 
3 624 578 538 
3 908 913 996 
3 829 908 830 
3 996 1008 1088 
3 726 743 830 
3 1088 1096 1187 
3 660 726 650 
3 1187 1189 1289 
3 665 624 716 
3 2714 2722 2673 
3 2683 2722 2717 
3 2692 2714 2673 
3 2680 2717 2689 
3 2692 2635 2664 
3 2645 2650 2689 
3 2599 2645 2584 
3 2593 2607 2664 
3 2542 2584 2515 
3 2336 2408 2370 
3 2450 2425 2370 
3 2336 2264 2321 
3 1775 1766 1856 
3 1945 1862 1856 
3 2029 1952 1945 
3 2109 2037 2029 
3 2109 2175 2112 
3 1675 1766 1680 
3 2248 2183 2175 
3 1582 1675 1586 
3 2264 2248 2321 
3 1486 1582 1494 
3 2480 2515 2450 
3 1394 1385 1486 
3 1285 1385 1289 
3 1563 1515 1624 
3 1671 1624 1735 
3 1841 1774 1735 
3 1944 1882 1841 
3 1944 2050 1986 
3 2091 2050 2154 
3 2200 2154 2255 
3 2255 2351 2299 
3 2593 2533 2538 
3 2445 2488 2516 
3 2477 2401 2445 
3 2488 2533 2551 
3 2351 2401 2435 
3 785 820 716 
3 889 936 820 
3 992 1043 936 
3 1157 1043 1109 
3 1222 1277 1157 
3 1337 1390 1277 
3 1337 1401 1455 
3 1563 1455 1515 
3 499 427 508 
3 427 425 361 
3 372 300 361 
3 313 263 300 
3 587 580 508 
3 247 263 280 
3 587 660 650 
3 244 247 280 
3 270 248 244 
3 278 248 288 
3 342 345 278 
3 406 345 400 
3 469 488 406 
3 538 578 488 
3 624 665 578 
3 913 1008 996 
3 908 829 913 
3 743 829 830 
3 1008 1096 1088 
3 726 660 743 
3 1096 1189 1187 
3 1189 1285 1289 
3 766 665 716 
3 2673 2722 2683 
3 2680 2683 2717 
3 2635 2692 2673 
3 2650 2680 2689 
3 2635 2593 2664 
3 2650 2645 2599 
3 2599 2584 2542 
3 2542 2515 2480 
3 2408 2450 2370 
3 2408 2336 2385 
3 2385 2336 2321 
3 1766 1848 1856 
3 1939 1945 1856 
3 2018 2029 1945 
3 2094 2109 2029 
3 2166 2175 2109 
3 1766 1675 1758 
3 2239 2248 2175 
3 1675 1582 1670 
3 2321 2248 2310 
3 1574 1582 1486 
3 2480 2450 2408 
3 1385 1476 1486 
3 1385 1285 1379 
3 1671 1563 1624 
3 1774 1671 1735 
3 1882 1774 1841 
3 1882 1944 1986 
3 2050 2091 1986 
3 2200 2091 2154 
3 2200 2255 2299 
3 2299 2351 2394 
3 2533 2593 2589 
3 2488 2551 2516 
3 2477 2445 2516 
3 2435 2401 2477 
3 2551 2533 2589 
3 2351 2435 2394 
3 820 766 716 
3 936 874 820 
3 936 1043 975 
3 1043 1157 1081 
3 1157 1277 1206 
3 1277 1390 1331 
3 1390 1337 1455 
3 1500 1455 1563 
3 427 433 508 
3 427 361 362 
3 300 292 361 
3 300 263 246 
3 587 508 511 
3 263 247 215 
3 660 587 595 
3 198 247 244 
3 248 202 244 
3 235 248 278 
3 278 345 275 
3 353 345 406 
3 488 424 406 
3 578 514 488 
3 578 665 602 
3 1008 913 925 
3 913 829 836 
3 829 743 754 
3 1008 1013 1096 
3 660 670 743 
3 1096 1099 1189 
3 1189 1191 1285 
3 665 766 696 
3 2663 2673 2683 
3 2680 2671 2683 
3 2635 2673 2628 
3 2658 2680 2650 
3 2593 2635 2589 
3 2618 2650 2599 
3 2577 2599 2542 
3 2523 2542 2480 
3 2458 2408 2385 
3 2378 2385 2321 
3 1848 1939 1856 
3 1848 1766 1758 
3 2018 1945 1939 
3 2094 2029 2018 
3 2166 2109 2094 
3 2239 2175 2166 
3 1675 1670 1758 
3 2248 2239 2310 
3 1582 1574 1670 
3 2378 2321 2310 
3 1476 1574 1486 
3 2458 2480 2408 
3 1476 1385 1379 
3 1285 1280 1379 
3 1610 1563 1671 
3 1715 1671 1774 
3 1823 1774 1882 
3 1931 1882 1986 
3 2091 2038 1986 
3 2140 2091 2200 
3 2244 2200 2299 
3 2341 2299 2394 
3 2551 2575 2516 
3 2543 2477 2516 
3 2435 2477 2517 
3 2597 2551 2589 
3 2435 2481 2394 
3 874 766 820 
3 874 936 975 
3 1043 1081 975 
3 1157 1206 1081 
3 1277 1331 1206 
3 1390 1439 1331 
3 1500 1390 1455 
3 1500 1563 1610 
3 508 433 511 
3 433 427 362 
3 361 292 362 
3 292 300 246 
3 263 215 246 
3 587 511 595 
3 247 198 215 
3 670 660 595 
3 202 198 244 
3 248 235 202 
3 235 278 275 
3 345 353 275 
3 424 353 406 
3 514 424 488 
3 578 602 514 
3 665 696 602 
3 913 836 925 
3 1013 1008 925 
3 829 754 836 
3 743 670 754 
3 1013 1099 1096 
3 1099 1191 1189 
3 1191 1280 1285 
3 766 799 696 
3 2673 2663 2628 
3 2671 2663 2683 
3 2658 2671 2680 
3 2589 2635 2628 
3 2658 2650 2618 
3 2618 2599 2577 
3 2577 2542 2523 
3 2523 2480 2458 
3 2444 2458 2385 
3 2444 2385 2378 
3 1848 1921 1939 
3 1830 1848 1758 
3 2006 2018 1939 
3 2084 2094 2018 
3 2161 2166 2094 
3 2230 2239 2166 
3 1670 1779 1758 
3 2310 2239 2305 
3 1574 1667 1670 
3 2374 2378 2310 
3 1574 1476 1569 
3 1469 1476 1379 
3 1280 1370 1379 
3 1715 1610 1671 
3 1823 1715 1774 
3 1823 1882 1931 
3 2038 1931 1986 
3 2091 2140 2038 
3 2140 2200 2244 
3 2341 2244 2299 
3 2434 2341 2394 
3 2575 2543 2516 
3 2575 2551 2597 
3 2477 2543 2517 
3 2481 2435 2517 
3 2597 2589 2628 
3 2481 2434 2394 
3 766 874 799 
3 897 874 975 
3 1081 1005 975 
3 1206 1123 1081 
3 1331 1272 1206 
3 1439 1383 1331 
3 1439 1390 1500 
3 1500 1610 1551 
3 433 440 511 
3 368 433 362 
3 292 284 362 
3 237 292 246 
3 215 194 246 
3 511 519 595 
3 198 134 215 
3 670 595 600 
3 198 202 119 
3 235 161 202 
3 218 235 275 
3 353 271 275 
3 353 424 356 
3 514 441 424 
3 602 530 514 
3 602 696 619 
3 836 843 925 
3 930 1013 925 
3 754 764 836 
3 670 683 754 
3 1013 1015 1099 
3 1099 1102 1191 
3 1188 1280 1191 
3 799 719 696 
3 2663 2638 2628 
3 2669 2663 2671 
3 2671 2658 2674 
3 2658 2618 2649 
3 2618 2577 2609 
3 2577 2523 2566 
3 2513 2523 2458 
3 2513 2458 2444 
3 2437 2444 2378 
3 1921 2006 1939 
3 1921 1848 1830 
3 1779 1830 1758 
3 2084 2018 2006 
3 2161 2094 2084 
3 2230 2166 2161 
3 2239 2230 2305 
3 1667 1779 1670 
3 2374 2310 2305 
3 1667 1574 1569 
3 2374 2437 2378 
3 1476 1469 1569 
3 1370 1469 1379 
3 1280 1275 1370 
3 1658 1610 1715 
3 1715 1823 1763 
3 1867 1823 1931 
3 1975 1931 2038 
3 2140 2080 2038 
3 2190 2140 2244 
3 2294 2244 2341 
3 2392 2341 2434 
3 2543 2575 2602 
3 2575 2597 2617 
3 2517 2543 2588 
3 2561 2481 2517 
3 2638 2597 2628 
3 2525 2434 2481 
3 874 897 799 
3 1005 897 975 
3 1123 1005 1081 
3 1206 1272 1123 
3 1331 1383 1272 
3 1383 1439 1487 
3 1439 1500 1551 
3 1610 1658 1551 
3 440 519 511 
3 433 368 440 
3 284 368 362 
3 292 237 284 
3 194 237 246 
3 134 194 215 
3 595 519 600 
3 198 119 134 
3 683 670 600 
3 202 161 119 
3 235 218 161 
3 271 218 275 
3 353 356 271 
3 424 441 356 
3 530 441 514 
3 530 602 619 
3 696 719 619 
3 843 930 925 
3 764 843 836 
3 930 1015 1013 
3 683 764 754 
3 1015 1102 1099 
3 1102 1188 1191 
3 1188 1275 1280 
3 821 719 799 
3 2638 2663 2669 
3 2669 2671 2674 
3 2674 2658 2649 
3 2649 2618 2609 
3 2577 2566 2609 
3 2566 2523 2513 
3 2503 2513 2444 
3 2503 2444 2437 
3 2006 1921 1987 
3 1895 1921 1830 
3 1779 1895 1830 
3 2074 2084 2006 
3 2153 2161 2084 
3 2230 2161 2228 
3 2230 2300 2305 
3 1768 1779 1667 
3 2372 2374 2305 
3 1664 1667 1569 
3 2374 2440 2437 
3 1469 1561 1569 
3 1370 1462 1469 
3 1275 1362 1370 
3 1658 1715 1763 
3 1763 1823 1867 
3 1975 1867 1931 
3 2080 1975 2038 
3 2190 2080 2140 
3 2190 2244 2294 
3 2392 2294 2341 
3 2392 2434 2492 
3 2602 2575 2617 
3 2543 2602 2588 
3 2617 2597 2638 
3 2561 2517 2588 
3 2525 2481 2561 
3 2492 2434 2525 
3 897 821 799 
3 1005 928 897 
3 1005 1123 1030 
3 1272 1221 1123 
3 1383 1323 1272 
3 1487 1439 1551 
3 1425 1383 1487 
3 1658 1594 1551 
3 519 440 446 
3 368 375 440 
3 284 283 368 
3 284 237 222 
3 237 194 136 
3 79 194 134 
3 519 527 600 
3 119 73 134 
3 611 683 600 
3 161 76 119 
3 161 218 98 
3 200 218 271 
3 356 268 271 
3 441 360 356 
3 441 530 458 
3 544 530 619 
3 719 648 619 
3 930 843 853 
3 774 843 764 
3 930 933 1015 
3 683 693 764 
3 1015 1018 1102 
3 1102 1106 1188 
3 1185 1275 1188 
3 719 821 752 
3 2661 2638 2669 
3 2669 2674 2681 
3 2679 2674 2649 
3 2652 2649 2609 
3 2566 2611 2609 
3 2565 2566 2513 
3 2503 2565 2513 
3 2506 2503 2437 
3 1987 1921 1895 
3 2074 2006 1987 
3 1779 1876 1895 
3 2153 2084 2074 
3 2161 2153 2228 
3 2300 2230 2228 
3 2300 2372 2305 
3 1768 1876 1779 
3 1664 1768 1667 
3 2372 2440 2374 
3 1561 1664 1569 
3 2440 2506 2437 
3 1462 1561 1469 
3 1362 1462 1370 
3 1362 1275 1268 
3 1702 1658 1763 
3 1807 1763 1867 
3 1975 1919 1867 
3 1975 2080 2031 
3 2139 2080 2190 
3 2247 2190 2294 
3 2349 2294 2392 
3 2392 2492 2452 
3 2602 2617 2659 
3 2602 2657 2588 
3 2661 2617 2638 
3 2634 2561 2588 
3 2525 2561 2613 
3 2492 2525 2585 
3 897 928 821 
3 928 1005 1030 
3 1123 1128 1030 
3 1221 1128 1123 
3 1323 1221 1272 
3 1425 1323 1383 
3 1594 1487 1551 
3 1532 1425 1487 
3 1658 1702 1594 
3 440 375 446 
3 527 519 446 
3 368 283 375 
3 283 284 222 
3 237 136 222 
3 194 79 136 
3 73 79 134 
3 527 611 600 
3 76 73 119 
3 683 611 693 
3 76 161 98 
3 218 200 98 
3 268 200 271 
3 356 360 268 
3 441 458 360 
3 530 544 458 
3 648 544 619 
3 719 752 648 
3 843 774 853 
3 933 930 853 
3 693 774 764 
3 933 1018 1015 
3 1018 1106 1102 
3 1106 1185 1188 
3 1275 1185 1268 
3 821 859 752 
3 2661 2669 2681 
3 2674 2679 2681 
3 2652 2679 2649 
3 2611 2652 2609 
3 2611 2566 2565 
3 2574 2565 2503 
3 2506 2574 2503 
3 1971 1987 1895 
3 2059 2074 1987 
3 1876 1971 1895 
3 2146 2153 2074 
3 2153 2223 2228 
3 2296 2300 2228 
3 2367 2372 2300 
3 1876 1768 1854 
3 1753 1768 1664 
3 2440 2372 2438 
3 1561 1648 1664 
3 2506 2440 2508 
3 1549 1561 1462 
3 1462 1362 1446 
3 1345 1362 1268 
3 1702 1763 1807 
3 1919 1807 1867 
3 1919 1975 2031 
3 2080 2139 2031 
3 2139 2190 2247 
3 2247 2294 2349 
3 2349 2392 2452 
3 2452 2492 2554 
3 2617 2661 2659 
3 2657 2602 2659 
3 2657 2634 2588 
3 2561 2634 2613 
3 2585 2525 2613 
3 2554 2492 2585 
3 928 859 821 
3 928 1030 958 
3 1128 1059 1030 
3 1221 1159 1128 
3 1221 1323 1264 
3 1323 1425 1367 
3 1532 1487 1594 
3 1425 1532 1472 
3 1702 1642 1594 
3 375 387 446 
3 468 527 446 
3 283 289 375 
3 212 283 222 
3 136 96 222 
3 79 71 136 
3 73 64 79 
3 611 527 541 
3 76 60 73 
3 611 623 693 
3 66 76 98 
3 200 75 98 
3 163 200 268 
3 360 257 268 
3 360 458 366 
3 458 544 472 
3 544 648 563 
3 752 677 648 
3 774 784 853 
3 858 933 853 
3 706 774 693 
3 933 939 1018 
3 1018 1024 1106 
3 1185 1106 1107 
3 1185 1177 1268 
3 859 786 752 
3 2690 2661 2681 
3 2679 2712 2681 
3 2699 2679 2652 
3 2652 2611 2678 
3 2611 2565 2624 
3 2565 2574 2624 
3 2578 2574 2506 
3 2059 1987 1971 
3 2146 2074 2059 
3 1876 1955 1971 
3 2146 2223 2153 
3 2223 2296 2228 
3 2296 2367 2300 
3 2438 2372 2367 
3 1768 1753 1854 
3 1955 1876 1854 
3 1648 1753 1664 
3 2440 2438 2508 
3 1561 1549 1648 
3 2578 2506 2508 
3 1549 1462 1446 
3 1362 1345 1446 
3 1245 1345 1268 
3 1750 1702 1807 
3 1919 1858 1807 
3 1970 1919 2031 
3 2139 2087 2031 
3 2202 2139 2247 
3 2307 2247 2349 
3 2413 2349 2452 
3 2524 2452 2554 
3 2661 2690 2659 
3 2705 2657 2659 
3 2710 2634 2657 
3 2613 2634 2697 
3 2684 2585 2613 
3 2660 2554 2585 
3 859 928 958 
3 1030 1059 958 
3 1128 1159 1059 
3 1159 1221 1264 
3 1323 1367 1264 
3 1425 1472 1367 
3 1642 1532 1594 
3 1532 1579 1472 
3 1642 1702 1750 
3 387 468 446 
3 289 387 375 
3 527 468 541 
3 283 212 289 
3 96 212 222 
3 136 71 96 
3 79 64 71 
3 60 64 73 
3 623 611 541 
3 66 60 76 
3 623 706 693 
3 75 66 98 
3 163 75 200 
3 257 163 268 
3 360 366 257 
3 366 458 472 
3 544 563 472 
3 648 677 563 
3 786 677 752 
3 784 858 853 
3 774 706 784 
3 939 933 858 
3 939 1024 1018 
3 1106 1024 1107 
3 1177 1185 1107 
3 1177 1245 1268 
3 887 786 859 
3 2712 2690 2681 
3 2679 2699 2712 
3 2699 2652 2678 
3 2678 2611 2624 
3 2574 2642 2624 
3 2574 2578 2642 
3 2048 2059 1971 
3 2135 2146 2059 
3 1955 2048 1971 
3 2215 2223 2146 
3 2292 2296 2223 
3 2362 2367 2296 
3 2438 2367 2436 
3 1753 1837 1854 
3 1941 1955 1854 
3 1648 1726 1753 
3 2438 2512 2508 
3 1549 1625 1648 
3 2582 2578 2508 
3 1529 1549 1446 
3 1345 1430 1446 
3 1245 1330 1345 
3 1858 1750 1807 
3 1970 1858 1919 
3 2087 1970 2031 
3 2087 2139 2202 
3 2202 2247 2307 
3 2413 2307 2349 
3 2413 2452 2524 
3 2524 2554 2632 
3 2690 2705 2659 
3 2710 2657 2705 
3 2634 2710 2697 
3 2684 2613 2697 
3 2684 2660 2585 
3 2554 2660 2632 
3 887 859 958 
3 1059 986 958 
3 1159 1089 1059 
3 1195 1159 1264 
3 1367 1305 1264 
3 1472 1407 1367 
3 1579 1532 1642 
3 1579 1514 1472 
3 1682 1642 1750 
3 387 398 468 
3 387 289 297 
3 468 484 541 
3 212 217 289 
3 86 212 96 
3 71 65 96 
3 64 51 71 
3 60 45 64 
3 565 623 541 
3 66 46 60 
3 623 645 706 
3 75 52 66 
3 163 69 75 
3 257 128 163 
3 366 252 257 
3 366 472 364 
3 563 478 472 
3 677 589 563 
3 677 786 703 
3 784 795 858 
3 706 727 784 
3 855 939 858 
3 939 945 1024 
3 1024 1038 1107 
3 1038 1177 1107 
3 1177 1136 1245 
3 786 887 808 
3 2732 2690 2712 
3 2699 2740 2712 
3 2728 2699 2678 
3 2695 2678 2624 
3 2642 2695 2624 
3 2578 2655 2642 
3 2048 2135 2059 
3 2215 2146 2135 
3 2033 2048 1955 
3 2215 2292 2223 
3 2292 2362 2296 
3 2367 2362 2436 
3 2512 2438 2436 
3 1837 1941 1854 
3 1726 1837 1753 
3 1941 2033 1955 
3 1625 1726 1648 
3 2512 2582 2508 
3 1625 1549 1529 
3 2582 2655 2578 
3 1430 1529 1446 
3 1330 1430 1345 
3 1223 1330 1245 
3 1858 1792 1750 
3 1858 1970 1902 
3 1970 2087 2043 
3 2156 2087 2202 
3 2202 2307 2265 
3 2307 2413 2376 
3 2491 2413 2524 
3 2603 2524 2632 
3 2690 2732 2705 
3 2753 2710 2705 
3 2697 2710 2768 
3 2767 2684 2697 
3 2660 2684 2756 
3 2632 2660 2741 
3 986 887 958 
3 1059 1089 986 
3 1159 1195 1089 
3 1305 1195 1264 
3 1407 1305 1367 
3 1514 1407 1472 
3 1579 1642 1682 
3 1514 1579 1623 
3 1792 1682 1750 
3 468 398 484 
3 398 387 297 
3 289 217 297 
3 484 565 541 
3 212 86 217 
3 65 86 96 
3 51 65 71 
3 45 51 64 
3 60 46 45 
3 565 645 623 
3 66 52 46 
3 706 645 727 
3 75 69 52 
3 128 69 163 
3 252 128 257 
3 252 366 364 
3 472 478 364 
3 563 589 478 
3 677 703 589 
3 703 786 808 
3 795 855 858 
3 727 795 784 
3 855 945 939 
3 945 1038 1024 
3 1177 1038 1136 
3 1136 1223 1245 
3 887 911 808 
3 2740 2732 2712 
3 2728 2740 2699 
3 2728 2678 2695 
3 2720 2695 2642 
3 2655 2720 2642 
3 2048 2121 2135 
3 2206 2215 2135 
3 2121 2048 2033 
3 2281 2292 2215 
3 2362 2292 2356 
3 2362 2433 2436 
3 2510 2512 2436 
3 1907 1941 1837 
3 1726 1803 1837 
3 1941 2009 2033 
3 1698 1726 1625 
3 2587 2582 2512 
3 1595 1625 1529 
3 2655 2582 2666 
3 1430 1520 1529 
3 1430 1330 1410 
3 1223 1300 1330 
3 1792 1858 1902 
3 1902 1970 2043 
3 2087 2156 2043 
3 2156 2202 2265 
3 2265 2307 2376 
3 2413 2491 2376 
3 2603 2491 2524 
3 2603 2632 2726 
3 2732 2753 2705 
3 2710 2753 2768 
3 2767 2697 2768 
3 2684 2767 2756 
3 2741 2660 2756 
3 2726 2632 2741 
3 986 911 887 
3 1089 1023 986 
3 1195 1130 1089 
3 1239 1195 1305 
3 1407 1344 1305 
3 1514 1457 1407 
3 1623 1579 1682 
3 1562 1514 1623 
3 1734 1682 1792 
3 398 410 484 
3 312 398 297 
3 217 225 297 
3 505 565 484 
3 86 82 217 
3 86 65 56 
3 65 51 44 
3 51 45 30 
3 46 28 45 
3 645 565 594 
3 52 29 46 
3 645 681 727 
3 52 69 43 
3 69 128 62 
3 128 252 104 
3 254 252 364 
3 478 374 364 
3 589 486 478 
3 703 621 589 
3 735 703 808 
3 773 855 795 
3 727 773 795 
3 945 855 873 
3 1038 945 961 
3 1136 1038 1042 
3 1121 1223 1136 
3 911 847 808 
3 2780 2732 2740 
3 2740 2728 2781 
3 2758 2728 2695 
3 2720 2758 2695 
3 2729 2720 2655 
3 2121 2206 2135 
3 2281 2215 2206 
3 2106 2121 2033 
3 2292 2281 2356 
3 2433 2362 2356 
3 2433 2510 2436 
3 2587 2512 2510 
3 1907 2009 1941 
3 1803 1907 1837 
3 1698 1803 1726 
3 2009 2106 2033 
3 1698 1625 1595 
3 2582 2587 2666 
3 1520 1595 1529 
3 2729 2655 2666 
3 1520 1430 1410 
3 1330 1300 1410 
3 1300 1223 1192 
3 1838 1792 1902 
3 1934 1902 2043 
3 2043 2156 2117 
3 2221 2156 2265 
3 2332 2265 2376 
3 2491 2455 2376 
3 2491 2603 2579 
3 2709 2603 2726 
3 2780 2753 2732 
3 2753 2806 2768 
3 2767 2768 2842 
3 2756 2767 2870 
3 2856 2741 2756 
3 2726 2741 2858 
3 1023 911 986 
3 1130 1023 1089 
3 1195 1239 1130 
3 1344 1239 1305 
3 1407 1457 1344 
3 1514 1562 1457 
3 1734 1623 1682 
3 1669 1562 1623 
3 1838 1734 1792 
3 410 505 484 
3 312 410 398 
3 225 312 297 
3 82 225 217 
3 565 505 594 
3 86 56 82 
3 65 44 56 
3 51 30 44 
3 45 28 30 
3 46 29 28 
3 681 645 594 
3 29 52 43 
3 681 773 727 
3 69 62 43 
3 128 104 62 
3 252 254 104 
3 374 254 364 
3 486 374 478 
3 589 621 486 
3 703 735 621 
3 847 735 808 
3 855 773 873 
3 945 873 961 
3 1038 961 1042 
3 1121 1136 1042 
3 1223 1121 1192 
3 911 954 847 
3 2780 2740 2781 
3 2728 2758 2781 
3 2784 2758 2720 
3 2729 2784 2720 
3 2121 2188 2206 
3 2268 2281 2206 
3 2121 2106 2188 
3 2281 2346 2356 
3 2428 2433 2356 
3 2505 2510 2433 
3 2587 2510 2586 
3 1907 1978 2009 
3 1878 1907 1803 
3 1698 1770 1803 
3 2073 2106 2009 
3 1660 1698 1595 
3 2587 2670 2666 
3 1520 1660 1595 
3 2745 2729 2666 
3 1489 1520 1410 
3 1300 1373 1410 
3 1261 1300 1192 
3 1934 1838 1902 
3 1934 2043 2003 
3 2117 2156 2221 
3 2003 2043 2117 
3 2332 2221 2265 
3 2455 2332 2376 
3 2455 2491 2579 
3 2603 2709 2579 
3 2833 2709 2726 
3 2806 2753 2780 
3 2768 2806 2842 
3 2870 2767 2842 
3 2856 2756 2870 
3 2858 2741 2856 
3 2833 2726 2858 
3 911 1023 954 
3 1023 1130 1065 
3 1130 1239 1179 
3 1239 1344 1282 
3 1457 1391 1344 
3 1562 1499 1457 
3 1669 1623 1734 
3 1609 1562 1669 
3 1772 1734 1838 
3 505 410 435 
3 312 339 410 
3 312 225 241 
3 82 89 225 
3 505 525 594 
3 56 55 82 
3 44 36 56 
3 30 26 44 
3 30 28 17 
3 29 16 28 
3 614 681 594 
3 23 29 43 
3 708 773 681 
3 62 34 43 
3 104 57 62 
3 254 109 104 
3 374 259 254 
3 390 374 486 
3 486 621 573 
3 735 676 621 
3 847 782 735 
3 873 773 800 
3 873 915 961 
3 961 1014 1042 
3 1014 1121 1042 
3 1121 1082 1192 
3 954 885 847 
3 2825 2780 2781 
3 2758 2820 2781 
3 2784 2820 2758 
3 2812 2784 2729 
3 2188 2268 2206 
3 2281 2268 2346 
3 2106 2162 2188 
3 2346 2421 2356 
3 2505 2433 2428 
3 2421 2428 2356 
3 2510 2505 2586 
3 2670 2587 2586 
3 1978 2073 2009 
3 1878 1978 1907 
3 1770 1878 1803 
3 1770 1698 1660 
3 2073 2162 2106 
3 2670 2745 2666 
3 1520 1612 1660 
3 2812 2729 2745 
3 1520 1489 1612 
3 1373 1489 1410 
3 1373 1300 1261 
3 1152 1261 1192 
3 1873 1838 1934 
3 1973 1934 2003 
3 2176 2117 2221 
3 2070 2003 2117 
3 2332 2285 2221 
3 2397 2332 2455 
3 2555 2455 2579 
3 2709 2686 2579 
3 2709 2833 2808 
3 2806 2780 2825 
3 2842 2806 2899 
3 2870 2842 2927 
3 2929 2856 2870 
3 2858 2856 2935 
3 2936 2833 2858 
3 954 1023 1065 
3 1130 1179 1065 
3 1239 1282 1179 
3 1344 1391 1282 
3 1499 1391 1457 
3 1499 1562 1609 
3 1669 1734 1772 
3 1609 1669 1713 
3 1873 1772 1838 
3 410 339 435 
3 525 505 435 
3 339 312 241 
3 225 89 241 
3 82 55 89 
3 525 614 594 
3 36 55 56 
3 44 26 36 
3 26 30 17 
3 28 16 17 
3 23 16 29 
3 614 708 681 
3 34 23 43 
3 708 800 773 
3 57 34 62 
3 109 57 104 
3 259 109 254 
3 374 390 259 
3 487 390 486 
3 676 573 621 
3 573 487 486 
3 782 676 735 
3 885 782 847 
3 800 822 873 
3 915 1014 961 
3 822 915 873 
3 1014 1082 1121 
3 1082 1152 1192 
3 954 993 885 
3 2820 2825 2781 
3 2881 2820 2784 
3 2881 2784 2812 
3 2251 2268 2188 
3 2268 2330 2346 
3 2162 2251 2188 
3 2410 2421 2346 
3 2498 2505 2428 
3 2421 2498 2428 
3 2505 2580 2586 
3 2676 2670 2586 
3 2045 2073 1978 
3 1978 1878 1946 
3 1843 1878 1770 
3 1731 1770 1660 
3 2073 2136 2162 
3 2752 2745 2670 
3 1612 1731 1660 
3 2812 2745 2840 
3 1489 1566 1612 
3 1373 1441 1489 
3 1329 1373 1261 
3 1152 1218 1261 
3 1973 1873 1934 
3 2070 1973 2003 
3 2176 2070 2117 
3 2285 2176 2221 
3 2285 2332 2397 
3 2472 2397 2455 
3 2455 2555 2472 
3 2686 2555 2579 
3 2686 2709 2808 
3 2833 2932 2808 
3 2806 2825 2899 
3 2927 2842 2899 
3 2929 2870 2927 
3 2856 2929 2935 
3 2936 2858 2935 
3 2932 2833 2936 
3 993 954 1065 
3 1179 1111 1065 
3 1282 1217 1179 
3 1391 1332 1282 
3 1391 1499 1435 
3 1548 1499 1609 
3 1713 1669 1772 
3 1655 1609 1713 
3 1822 1772 1873 
3 339 371 435 
3 475 525 435 
3 256 339 241 
3 89 124 241 
3 55 61 89 
3 614 525 558 
3 36 33 55 
3 36 26 22 
3 26 17 12 
3 16 5 17 
3 23 11 16 
3 708 614 654 
3 34 20 23 
3 738 800 708 
3 34 57 32 
3 109 59 57 
3 259 137 109 
3 259 390 277 
3 487 401 390 
3 676 605 573 
3 573 503 487 
3 676 782 705 
3 782 885 811 
3 800 738 822 
3 1014 915 981 
3 884 915 822 
3 1014 981 1082 
3 1082 1049 1152 
3 993 927 885 
3 2906 2825 2820 
3 2906 2820 2881 
3 2919 2881 2812 
3 2251 2330 2268 
3 2330 2410 2346 
3 2222 2251 2162 
3 2410 2487 2421 
3 2498 2580 2505 
3 2487 2498 2421 
3 2580 2676 2586 
3 2752 2670 2676 
3 2045 2136 2073 
3 2045 1978 1946 
3 1878 1843 1946 
3 1731 1843 1770 
3 2136 2222 2162 
3 2745 2752 2840 
3 1679 1731 1612 
3 2919 2812 2840 
3 1566 1679 1612 
3 1441 1566 1489 
3 1329 1441 1373 
3 1218 1329 1261 
3 1122 1218 1152 
3 1927 1873 1973 
3 2070 2032 1973 
3 2134 2070 2176 
3 2238 2176 2285 
3 2343 2285 2397 
3 2446 2397 2472 
3 2536 2472 2555 
3 2555 2686 2651 
3 2778 2686 2808 
3 2932 2925 2808 
3 2825 2906 2899 
3 2934 2927 2899 
3 2943 2929 2927 
3 2935 2929 2950 
3 2956 2936 2935 
3 2932 2936 2958 
3 1111 993 1065 
3 1217 1111 1179 
3 1332 1217 1282 
3 1332 1391 1435 
3 1499 1548 1435 
3 1548 1609 1655 
3 1822 1713 1772 
3 1655 1713 1759 
3 1822 1873 1927 
3 371 475 435 
3 256 371 339 
3 525 475 558 
3 124 256 241 
3 89 61 124 
3 55 33 61 
3 614 558 654 
3 33 36 22 
3 26 12 22 
3 17 5 12 
3 16 11 5 
3 23 20 11 
3 738 708 654 
3 20 34 32 
3 57 59 32 
3 109 137 59 
3 137 259 277 
3 390 401 277 
3 487 503 401 
3 605 503 573 
3 605 676 705 
3 782 811 705 
3 885 927 811 
3 738 791 822 
3 915 884 981 
3 791 884 822 
3 981 1049 1082 
3 1049 1122 1152 
3 993 1045 927 
3 2931 2906 2881 
3 2931 2881 2919 
3 2308 2330 2251 
3 2387 2410 2330 
3 2222 2308 2251 
3 2410 2467 2487 
3 2572 2580 2498 
3 2487 2572 2498 
3 2580 2667 2676 
3 2759 2752 2676 
3 2101 2136 2045 
3 2002 2045 1946 
3 1843 1899 1946 
3 1793 1843 1731 
3 2191 2222 2136 
3 2752 2872 2840 
3 1793 1731 1679 
3 2930 2919 2840 
3 1566 1631 1679 
3 1441 1521 1566 
3 1329 1386 1441 
3 1295 1329 1218 
3 1218 1122 1200 
3 2032 1927 1973 
3 2032 2070 2134 
3 2238 2134 2176 
3 2238 2285 2343 
3 2446 2343 2397 
3 2446 2472 2536 
3 2536 2555 2651 
3 2686 2778 2651 
3 2925 2778 2808 
3 2925 2932 2953 
3 2906 2934 2899 
3 2934 2948 2927 
3 2929 2943 2950 
3 2948 2943 2927 
3 2956 2935 2950 
3 2936 2956 2958 
3 2953 2932 2958 
3 1111 1045 993 
3 1217 1155 1111 
3 1217 1332 1267 
3 1332 1435 1374 
3 1548 1481 1435 
3 1548 1655 1587 
3 1713 1822 1759 
3 1699 1655 1759 
3 1866 1822 1927 
3 371 405 475 
3 256 287 371 
3 475 509 558 
3 124 171 256 
3 61 67 124 
3 33 39 61 
3 558 606 654 
3 33 22 21 
3 12 10 22 
3 5 3 12 
3 11 2 5 
3 11 20 7 
3 697 738 654 
3 20 32 18 
3 59 38 32 
3 59 137 68 
3 196 137 277 
3 401 306 277 
3 401 503 423 
3 605 531 503 
3 632 605 705 
3 811 737 705 
3 927 863 811 
3 697 791 738 
3 884 948 981 
3 849 884 791 
3 948 1049 981 
3 1016 1122 1049 
3 1045 983 927 
3 2934 2906 2931 
3 2944 2931 2919 
3 2308 2387 2330 
3 2387 2467 2410 
3 2274 2308 2222 
3 2467 2557 2487 
3 2572 2667 2580 
3 2557 2572 2487 
3 2667 2759 2676 
3 2752 2759 2872 
3 2191 2136 2101 
3 2002 2101 2045 
3 1899 2002 1946 
3 1793 1899 1843 
3 2191 2274 2222 
3 2872 2930 2840 
3 1745 1793 1679 
3 2944 2919 2930 
3 1631 1745 1679 
3 1521 1631 1566 
3 1485 1521 1441 
3 1386 1485 1441 
3 1329 1295 1386 
3 1295 1218 1200 
3 1122 1098 1200 
3 2032 1974 1927 
3 2079 2032 2134 
3 2134 2238 2189 
3 2295 2238 2343 
3 2446 2400 2343 
3 2496 2446 2536 
3 2601 2536 2651 
3 2778 2733 2651 
3 2900 2778 2925 
3 2946 2925 2953 
3 2948 2934 2947 
3 2950 2943 2962 
3 2943 2948 2962 
3 2968 2956 2950 
3 2956 2972 2958 
3 2973 2953 2958 
3 1155 1045 1111 
3 1155 1217 1267 
3 1267 1332 1374 
3 1435 1481 1374 
3 1481 1548 1587 
3 1655 1699 1587 
3 1822 1866 1759 
3 1805 1699 1759 
3 1974 1866 1927 
3 405 509 475 
3 371 287 405 
3 256 171 287 
3 558 509 606 
3 67 171 124 
3 61 39 67 
3 39 33 21 
3 606 697 654 
3 22 10 21 
3 12 3 10 
3 5 2 3 
3 2 11 7 
3 20 18 7 
3 32 38 18 
3 59 68 38 
3 137 196 68 
3 306 196 277 
3 306 401 423 
3 503 531 423 
3 632 531 605 
3 737 632 705 
3 811 863 737 
3 983 863 927 
3 697 751 791 
3 849 948 884 
3 751 849 791 
3 948 1016 1049 
3 1016 1098 1122 
3 1045 1093 983 
3 2947 2934 2931 
3 2944 2947 2931 
3 2308 2359 2387 
3 2443 2467 2387 
3 2308 2274 2359 
3 2557 2467 2528 
3 2653 2667 2572 
3 2557 2653 2572 
3 2759 2667 2751 
3 2759 2887 2872 
3 2191 2101 2149 
3 2055 2101 2002 
3 1956 2002 1899 
3 1793 1850 1899 
3 2242 2274 2191 
3 2937 2930 2872 
3 1850 1793 1745 
3 2951 2944 2930 
3 1631 1681 1745 
3 1521 1583 1631 
3 1485 1583 1521 
3 1485 1386 1437 
3 1295 1372 1386 
3 1290 1295 1200 
3 1098 1196 1200 
3 2079 1974 2032 
3 2079 2134 2189 
3 2189 2238 2295 
3 2400 2295 2343 
3 2496 2400 2446 
3 2601 2496 2536 
3 2733 2601 2651 
3 2733 2778 2900 
3 2900 2925 2946 
3 2966 2946 2953 
3 2965 2948 2947 
3 2968 2950 2962 
3 2948 2965 2962 
3 2972 2956 2968 
3 2972 2973 2958 
3 2966 2953 2973 
3 1045 1155 1093 
3 1155 1267 1204 
3 1312 1267 1374 
3 1374 1481 1420 
3 1523 1481 1587 
3 1699 1633 1587 
3 1866 1805 1759 
3 1699 1805 1746 
3 1920 1866 1974 
3 405 456 509 
3 287 344 405 
3 287 171 216 
3 509 555 606 
3 67 72 171 
3 39 47 67 
3 27 39 21 
3 657 697 606 
3 10 14 21 
3 3 4 10 
3 2 0 3 
3 1 2 7 
3 18 9 7 
3 38 25 18 
3 68 48 38 
3 196 74 68 
3 196 306 239 
3 306 423 355 
3 531 473 423 
3 531 632 583 
3 686 632 737 
3 863 792 737 
3 896 863 983 
3 657 751 697 
3 849 910 948 
3 751 817 849 
3 948 910 1016 
3 1098 1016 999 
3 983 1093 1037 
3 2963 2947 2944 
3 2359 2443 2387 
3 2467 2443 2528 
3 2359 2274 2329 
3 2621 2557 2528 
3 2667 2653 2751 
3 2653 2557 2621 
3 2887 2759 2751 
3 2887 2937 2872 
3 2101 2055 2149 
3 2242 2191 2149 
3 1956 2055 2002 
3 1850 1956 1899 
3 2274 2242 2329 
3 2937 2951 2930 
3 1790 1850 1745 
3 2963 2944 2951 
3 1681 1790 1745 
3 1583 1681 1631 
3 1485 1525 1583 
3 1386 1372 1437 
3 1525 1485 1437 
3 1290 1372 1295 
3 1196 1290 1200 
3 1100 1196 1098 
3 2026 1974 2079 
3 2132 2079 2189 
3 2235 2189 2295 
3 2400 2340 2295 
3 2447 2400 2496 
3 2496 2601 2545 
3 2668 2601 2733 
3 2800 2733 2900 
3 2928 2900 2946 
3 2966 2954 2946 
3 2965 2947 2963 
3 2977 2968 2962 
3 2965 2977 2962 
3 2980 2972 2968 
3 2984 2973 2972 
3 2983 2966 2973 
3 1093 1155 1204 
3 1267 1312 1204 
3 1312 1374 1420 
3 1481 1523 1420 
3 1633 1523 1587 
3 1633 1699 1746 
3 1866 1920 1805 
3 1805 1855 1746 
3 2026 1920 1974 
3 456 555 509 
3 344 456 405 
3 344 287 216 
3 171 72 216 
3 555 657 606 
3 47 72 67 
3 27 47 39 
3 14 27 21 
3 4 14 10 
3 3 0 4 
3 2 1 0 
3 9 1 7 
3 25 9 18 
3 38 48 25 
3 68 74 48 
3 196 239 74 
3 306 355 239 
3 423 473 355 
3 473 531 583 
3 632 686 583 
3 792 686 737 
3 863 896 792 
3 983 941 896 
3 657 722 751 
3 817 910 849 
3 722 817 751 
3 1016 910 999 
3 1100 1098 999 
3 1093 1141 1037 
3 941 983 1037 
3 2416 2443 2359 
3 2443 2500 2528 
3 2416 2359 2329 
3 2592 2621 2528 
3 2653 2735 2751 
3 2735 2653 2621 
3 2879 2887 2751 
3 2939 2937 2887 
3 2055 2108 2149 
3 2199 2242 2149 
3 1998 2055 1956 
3 1850 1898 1956 
3 2242 2288 2329 
3 2957 2951 2937 
3 1898 1850 1790 
3 2969 2963 2951 
3 1681 1725 1790 
3 1681 1583 1622 
3 1583 1525 1622 
3 1372 1461 1437 
3 1461 1525 1437 
3 1372 1290 1382 
3 1290 1196 1297 
3 1196 1100 1202 
3 2026 2079 2132 
3 2235 2132 2189 
3 2340 2235 2295 
3 2400 2447 2340 
3 2447 2496 2545 
3 2601 2668 2545 
3 2668 2733 2800 
3 2800 2900 2928 
3 2954 2928 2946 
3 2954 2966 2976 
3 2978 2965 2963 
3 2980 2968 2977 
3 2977 2965 2978 
3 2984 2972 2980 
3 2983 2973 2984 
3 2976 2966 2983 
3 1141 1093 1204 
3 1204 1312 1250 
3 1358 1312 1420 
3 1523 1464 1420 
3 1523 1633 1570 
3 1676 1633 1746 
3 1920 1855 1805 
3 1855 1782 1746 
3 1962 1920 2026 
3 456 528 555 
3 344 415 456 
3 286 344 216 
3 72 125 216 
3 555 622 657 
3 47 58 72 
3 27 35 47 
3 14 24 27 
3 15 14 4 
3 0 8 4 
3 1 6 0 
3 9 13 1 
3 19 9 25 
3 48 31 25 
3 74 63 48 
3 239 176 74 
3 355 298 239 
3 473 411 355 
3 473 583 522 
3 686 629 583 
3 686 792 747 
3 896 854 792 
3 896 941 854 
3 622 722 657 
3 910 817 904 
3 817 722 813 
3 910 904 999 
3 1009 1100 999 
3 1141 1085 1037 
3 941 1037 1001 
3 2443 2416 2500 
3 2500 2592 2528 
3 2381 2416 2329 
3 2592 2707 2621 
3 2735 2861 2751 
3 2707 2735 2621 
3 2879 2939 2887 
3 2861 2879 2751 
3 2939 2957 2937 
3 2108 2199 2149 
3 2055 1998 2108 
3 2199 2288 2242 
3 1898 1998 1956 
3 2288 2381 2329 
3 2957 2969 2951 
3 1835 1898 1790 
3 2969 2978 2963 
3 1725 1835 1790 
3 1725 1681 1622 
3 1525 1555 1622 
3 1372 1382 1461 
3 1555 1525 1461 
3 1290 1297 1382 
3 1196 1202 1297 
3 1202 1100 1112 
3 2065 2026 2132 
3 2163 2132 2235 
3 2267 2235 2340 
3 2447 2373 2340 
3 2466 2447 2545 
3 2668 2564 2545 
3 2687 2668 2800 
3 2822 2800 2928 
3 2803 2928 2954 
3 2954 2976 2945 
3 2980 2977 2986 
3 2986 2977 2978 
3 2984 2980 2992 
3 2994 2983 2984 
3 2976 2983 2989 
3 1141 1204 1250 
3 1312 1358 1250 
3 1464 1358 1420 
3 1523 1570 1464 
3 1570 1633 1676 
3 1782 1676 1746 
3 1962 1855 1920 
3 1782 1855 1888 
3 1962 2026 2065 
3 528 622 555 
3 456 415 528 
3 286 415 344 
3 125 286 216 
3 58 125 72 
3 47 35 58 
3 24 35 27 
3 14 15 24 
3 8 15 4 
3 0 6 8 
3 1 13 6 
3 19 13 9 
3 31 19 25 
3 48 63 31 
3 176 63 74 
3 298 176 239 
3 411 298 355 
3 411 473 522 
3 583 629 522 
3 629 686 747 
3 792 854 747 
3 854 941 920 
3 722 622 718 
3 817 813 904 
3 722 718 813 
3 904 1009 999 
3 1100 1009 1112 
3 1037 1085 1001 
3 1186 1085 1141 
3 920 941 1001 
3 2416 2464 2500 
3 2560 2592 2500 
3 2381 2464 2416 
3 2707 2592 2665 
3 2861 2735 2824 
3 2735 2707 2824 
3 2938 2939 2879 
3 2938 2879 2861 
3 2960 2957 2939 
3 2130 2199 2108 
3 1998 2035 2108 
3 2199 2227 2288 
3 1898 1938 1998 
3 2381 2288 2323 
3 2957 2974 2969 
3 1938 1898 1835 
3 2978 2969 2982 
3 1725 1755 1835 
3 1651 1725 1622 
3 1555 1651 1622 
3 1382 1475 1461 
3 1475 1555 1461 
3 1297 1392 1382 
3 1202 1304 1297 
3 1210 1202 1112 
3 2163 2065 2132 
3 2267 2163 2235 
3 2373 2267 2340 
3 2447 2466 2373 
3 2564 2466 2545 
3 2564 2668 2687 
3 2822 2687 2800 
3 2803 2822 2928 
3 2803 2954 2945 
3 2976 2970 2945 
3 2992 2980 2986 
3 2986 2978 2982 
3 2994 2984 2992 
3 2983 2994 2989 
3 2970 2976 2989 
3 1186 1141 1250 
3 1358 1291 1250 
3 1393 1358 1464 
3 1464 1570 1497 
3 1570 1676 1600 
3 1676 1782 1707 
3 1855 1962 1888 
3 1782 1888 1809 
3 1990 1962 2065 
3 528 617 622 
3 415 521 528 
3 286 414 415 
3 286 125 293 
3 125 58 164 
3 58 35 70 
3 24 53 35 
3 24 15 49 
3 8 41 15 
3 6 37 8 
3 13 40 6 
3 19 42 13 
3 50 19 31 
3 63 54 31 
3 63 176 203 
3 176 298 309 
3 298 411 421 
3 411 522 523 
3 629 625 522 
3 724 629 747 
3 854 823 747 
3 854 920 823 
3 622 617 718 
3 813 916 904 
3 718 819 813 
3 916 1009 904 
3 1009 1021 1112 
3 1001 1085 1012 
3 1085 1186 1117 
3 920 1001 1012 
3 2464 2560 2500 
3 2592 2560 2665 
3 2418 2464 2381 
3 2779 2707 2665 
3 2933 2861 2824 
3 2707 2779 2824 
3 2938 2960 2939 
3 2933 2938 2861 
3 2960 2974 2957 
3 2130 2227 2199 
3 2035 2130 2108 
3 1998 1938 2035 
3 2288 2227 2323 
3 2418 2381 2323 
3 2969 2974 2982 
3 1852 1938 1835 
3 1755 1852 1835 
3 1651 1755 1725 
3 1651 1555 1572 
3 1392 1475 1382 
3 1572 1555 1475 
3 1304 1392 1297 
3 1210 1304 1202 
3 1124 1210 1112 
3 2163 2076 2065 
3 2178 2163 2267 
3 2277 2267 2373 
3 2466 2369 2373 
3 2454 2466 2564 
3 2541 2564 2687 
3 2656 2687 2822 
3 2656 2822 2803 
3 2736 2803 2945 
3 2970 2916 2945 
3 2993 2992 2986 
3 2993 2986 2982 
3 2994 2992 2996 
3 2989 2994 2997 
3 2970 2989 2985 
3 1291 1186 1250 
3 1358 1393 1291 
3 1393 1464 1497 
3 1497 1570 1600 
3 1600 1676 1707 
3 1707 1782 1809 
3 1962 1990 1888 
3 1809 1888 1905 
3 2076 1990 2065 
3 521 617 528 
3 414 521 415 
3 414 286 293 
3 125 164 293 
3 58 70 164 
3 35 53 70 
3 53 24 49 
3 15 41 49 
3 37 41 8 
3 40 37 6 
3 13 42 40 
3 19 50 42 
3 54 50 31 
3 63 203 54 
3 176 309 203 
3 298 421 309 
3 411 523 421 
3 522 625 523 
3 629 724 625 
3 823 724 747 
3 823 920 919 
3 617 728 718 
3 819 916 813 
3 728 819 718 
3 1009 916 1021 
3 1021 1124 1112 
3 1012 1085 1117 
3 1186 1215 1117 
3 919 920 1012 
3 2560 2464 2502 
3 2560 2596 2665 
3 2464 2418 2502 
3 2719 2779 2665 
3 2921 2933 2824 
3 2779 2921 2824 
3 2959 2960 2938 
3 2933 2959 2938 
3 2975 2974 2960 
3 2145 2227 2130 
3 2046 2130 2035 
3 1938 1951 2035 
3 2227 2240 2323 
3 2335 2418 2323 
3 2974 2988 2982 
3 1938 1852 1951 
3 1852 1755 1773 
3 1673 1755 1651 
3 1673 1651 1572 
3 1392 1492 1475 
3 1492 1572 1475 
3 1304 1404 1392 
3 1210 1314 1304 
3 1225 1210 1124 
3 2178 2076 2163 
3 2277 2178 2267 
3 2369 2277 2373 
3 2466 2454 2369 
3 2454 2564 2541 
3 2541 2687 2656 
3 2606 2656 2803 
3 2736 2606 2803 
3 2916 2736 2945 
3 2955 2916 2970 
3 2992 2993 2996 
3 2988 2993 2982 
3 2997 2994 2996 
3 2985 2989 2997 
3 2955 2970 2985 
3 1215 1186 1291 
3 1291 1393 1416 
3 1393 1497 1416 
3 1497 1600 1518 
3 1600 1707 1618 
3 1707 1809 1720 
3 1888 1990 1995 
3 1888 1995 1905 
3 1821 1809 1905 
3 1990 2076 2088 
3 617 521 631 
3 521 414 536 
3 439 414 293 
3 164 322 293 
3 70 199 164 
3 53 199 70 
3 169 53 49 
3 41 135 49 
3 37 116 41 
3 40 114 37 
3 42 122 40 
3 50 148 42 
3 197 50 54 
3 203 197 54 
3 309 331 203 
3 421 449 309 
3 421 523 542 
3 625 637 523 
3 724 732 625 
3 724 823 824 
3 823 919 824 
3 728 617 631 
3 819 929 916 
3 728 834 819 
3 916 929 1021 
3 1021 1031 1124 
3 1027 1012 1117 
3 1215 1129 1117 
3 1027 919 1012 
3 2596 2560 2502 
3 2596 2719 2665 
3 2418 2427 2502 
3 2852 2779 2719 
3 2921 2949 2933 
3 2779 2852 2921 
3 2959 2975 2960 
3 2949 2959 2933 
3 2975 2988 2974 
3 2240 2227 2145 
3 2145 2130 2046 
3 1951 2046 2035 
3 2240 2335 2323 
3 2427 2418 2335 
3 1852 1870 1951 
3 1755 1673 1773 
3 1870 1852 1773 
3 1593 1673 1572 
3 1404 1492 1392 
3 1492 1593 1572 
3 1314 1404 1304 
3 1225 1314 1210 
3 1132 1225 1124 
3 2076 2178 2088 
3 2178 2277 2181 
3 2277 2369 2280 
3 2369 2454 2368 
3 2454 2541 2409 
3 2504 2541 2656 
3 2504 2656 2606 
3 2606 2736 2567 
3 2685 2736 2916 
3 2916 2955 2832 
3 2993 2995 2996 
3 2995 2993 2988 
3 2998 2997 2996 
3 2990 2985 2997 
3 2955 2985 2990 
3 1215 1291 1326 
3 1291 1416 1326 
3 1416 1497 1518 
3 1518 1600 1618 
3 1618 1707 1720 
3 1809 1821 1720 
3 1990 2088 1995 
3 1995 2004 1905 
3 1821 1905 1913 
3 631 521 536 
3 414 439 536 
3 322 439 293 
3 199 322 164 
3 53 169 199 
3 135 169 49 
3 41 116 135 
3 37 114 116 
3 122 114 40 
3 148 122 42 
3 50 197 148 
3 331 197 203 
3 449 331 309 
3 449 421 542 
3 523 637 542 
3 732 637 625 
3 732 724 824 
3 824 919 932 
3 739 728 631 
3 834 929 819 
3 728 739 834 
3 929 1031 1021 
3 1031 1132 1124 
3 1129 1027 1117 
3 1129 1215 1235 
3 919 1027 932 
3 2531 2596 2502 
3 2633 2719 2596 
3 2427 2531 2502 
3 2723 2852 2719 
3 2949 2921 2941 
3 2921 2852 2941 
3 2959 2971 2975 
3 2971 2959 2949 
3 2987 2988 2975 
3 2155 2240 2145 
3 2057 2145 2046 
3 1965 2046 1951 
3 2240 2253 2335 
3 2348 2427 2335 
3 1870 1965 1951 
3 1673 1692 1773 
3 1787 1870 1773 
3 1673 1593 1692 
3 1505 1492 1404 
3 1492 1505 1593 
3 1314 1418 1404 
3 1314 1225 1327 
3 1225 1132 1236 
3 2088 2178 2181 
3 2181 2277 2280 
3 2280 2369 2368 
3 2368 2454 2409 
3 2541 2504 2409 
3 2504 2606 2471 
3 2567 2736 2685 
3 2606 2567 2471 
3 2685 2916 2832 
3 2832 2955 2952 
3 2995 2998 2996 
3 2987 2995 2988 
3 2990 2997 2998 
3 2952 2955 2990 
3 1215 1326 1235 
3 1416 1429 1326 
3 1429 1416 1518 
3 1518 1618 1531 
3 1630 1618 1720 
3 1821 1728 1720 
3 1995 2088 2093 
3 1905 2004 1913 
3 1995 2093 2004 
3 1826 1821 1913 
3 644 631 536 
3 439 549 536 
3 451 439 322 
3 199 329 322 
3 169 329 199 
3 326 169 135 
3 116 317 135 
3 116 114 311 
3 114 122 310 
3 148 316 122 
3 148 197 328 
3 197 331 328 
3 331 449 459 
3 556 449 542 
3 637 652 542 
3 637 732 741 
3 837 732 824 
3 837 824 932 
3 644 739 631 
3 834 940 929 
3 739 848 834 
3 929 940 1031 
3 1031 1040 1132 
3 1027 1129 1036 
3 1138 1129 1235 
3 1027 1036 932 
3 2633 2596 2531 
3 2633 2723 2719 
3 2427 2453 2531 
3 2723 2898 2852 
3 2964 2949 2941 
3 2852 2898 2941 
3 2971 2987 2975 
3 2971 2949 2964 
3 2240 2155 2253 
3 2155 2145 2057 
3 1965 2057 2046 
3 2253 2348 2335 
3 2453 2427 2348 
3 1884 1965 1870 
3 1692 1787 1773 
3 1787 1884 1870 
3 1593 1608 1692 
3 1418 1505 1404 
3 1505 1608 1593 
3 1418 1314 1327 
3 1225 1236 1327 
3 1132 1140 1236 
3 2088 2181 2093 
3 2186 2181 2280 
3 2283 2280 2368 
3 2283 2368 2409 
3 2504 2377 2409 
3 2377 2504 2471 
3 2532 2567 2685 
3 2567 2441 2471 
3 2648 2685 2832 
3 2790 2832 2952 
3 2998 2995 2991 
3 2995 2987 2991 
3 2981 2990 2998 
3 2952 2990 2981 
3 1326 1341 1235 
3 1429 1341 1326 
3 1429 1518 1531 
3 1531 1618 1630 
3 1728 1630 1720 
3 1728 1821 1826 
3 2004 2008 1913 
3 2004 2093 2097 
3 1918 1826 1913 
3 549 644 536 
3 439 451 549 
3 329 451 322 
3 169 326 329 
3 317 326 135 
3 317 116 311 
3 114 310 311 
3 122 316 310 
3 316 148 328 
3 331 459 328 
3 449 556 459 
3 652 556 542 
3 652 637 741 
3 732 837 741 
3 947 837 932 
3 644 753 739 
3 848 940 834 
3 753 848 739 
3 940 1040 1031 
3 1040 1140 1132 
3 1129 1138 1036 
3 1138 1235 1246 
3 1036 947 932 
3 2573 2633 2531 
3 2633 2573 2723 
3 2453 2573 2531 
3 2782 2898 2723 
3 2942 2964 2941 
3 2898 2942 2941 
3 2979 2987 2971 
3 2979 2971 2964 
3 2155 2167 2253 
3 2072 2155 2057 
3 1965 1980 2057 
3 2266 2348 2253 
3 2371 2453 2348 
3 1980 1965 1884 
3 1706 1787 1692 
3 1801 1884 1787 
3 1608 1706 1692 
3 1517 1505 1418 
3 1517 1608 1505 
3 1426 1418 1327 
3 1236 1338 1327 
3 1140 1243 1236 
3 2181 2186 2093 
3 2283 2186 2280 
3 2276 2283 2409 
3 2377 2276 2409 
3 2377 2471 2352 
3 2441 2567 2532 
3 2648 2532 2685 
3 2471 2441 2352 
3 2648 2832 2790 
3 2790 2952 2940 
3 2981 2998 2991 
3 2987 2979 2991 
3 2940 2952 2981 
3 1235 1341 1246 
3 1429 1444 1341 
3 1444 1429 1531 
3 1537 1531 1630 
3 1630 1728 1635 
3 1738 1728 1826 
3 2008 1918 1913 
3 2008 2004 2097 
3 2093 2186 2097 
3 1826 1918 1827 
3 549 659 644 
3 451 560 549 
3 451 329 464 
3 329 326 464 
3 326 317 467 
3 317 311 463 
3 310 455 311 
3 316 453 310 
3 461 316 328 
3 459 461 328 
3 459 556 564 
3 556 652 662 
3 755 652 741 
3 741 837 852 
3 837 947 852 
3 659 753 644 
3 848 951 940 
3 753 860 848 
3 951 1040 940 
3 1040 1053 1140 
3 1036 1138 1050 
3 1138 1246 1151 
3 947 1036 1050 
3 2723 2573 2608 
3 2573 2453 2483 
3 2782 2942 2898 
3 2782 2723 2608 
3 2942 2961 2964 
3 2961 2979 2964 
3 2167 2266 2253 
3 2155 2072 2167 
3 1980 2072 2057 
3 2266 2371 2348 
3 2483 2453 2371 
3 1897 1980 1884 
3 1706 1801 1787 
3 1801 1897 1884 
3 1608 1617 1706 
3 1426 1517 1418 
3 1517 1617 1608 
3 1338 1426 1327 
3 1243 1338 1236 
3 1140 1150 1243 
3 2186 2283 2184 
3 2283 2276 2184 
3 2276 2377 2263 
3 2263 2377 2352 
3 2441 2532 2415 
3 2532 2648 2507 
3 2441 2327 2352 
3 2612 2648 2790 
3 2746 2790 2940 
3 2967 2981 2991 
3 2979 2967 2991 
3 2967 2940 2981 
3 1246 1341 1348 
3 1341 1444 1348 
3 1537 1444 1531 
3 1537 1630 1635 
3 1728 1738 1635 
3 1738 1826 1827 
3 1918 2008 2010 
3 2098 2008 2097 
3 2097 2186 2184 
3 1918 1915 1827 
3 560 659 549 
3 451 464 560 
3 326 467 464 
3 317 463 467 
3 311 455 463 
3 453 455 310 
3 316 461 453 
3 461 459 564 
3 556 662 564 
3 652 755 662 
3 755 741 852 
3 852 947 955 
3 762 753 659 
3 860 951 848 
3 753 762 860 
3 1040 951 1053 
3 1053 1150 1140 
3 1050 1138 1151 
3 1151 1246 1252 
3 947 1050 955 
3 2573 2483 2608 
3 2942 2782 2854 
3 2662 2782 2608 
3 2961 2942 2854 
3 2961 2967 2979 
3 2187 2266 2167 
3 2072 2089 2167 
3 1992 2072 1980 
3 2291 2371 2266 
3 2402 2483 2371 
3 1897 1992 1980 
3 1706 1717 1801 
3 1817 1897 1801 
3 1706 1617 1717 
3 1517 1426 1528 
3 1617 1517 1528 
3 1440 1426 1338 
3 1243 1347 1338 
3 1150 1251 1243 
3 2276 2179 2184 
3 2179 2276 2263 
3 2243 2263 2352 
3 2415 2532 2507 
3 2327 2441 2415 
3 2507 2648 2612 
3 2327 2243 2352 
3 2612 2790 2746 
3 2746 2940 2923 
3 2940 2967 2923 
3 1246 1348 1252 
3 1348 1444 1447 
3 1444 1537 1447 
3 1537 1635 1543 
3 1738 1639 1635 
3 1737 1738 1827 
3 2008 2098 2010 
3 1918 2010 1915 
3 2098 2097 2184 
3 1915 1825 1827 
3 560 666 659 
3 464 568 560 
3 467 568 464 
3 463 574 467 
3 455 570 463 
3 569 455 453 
3 461 567 453 
3 461 564 567 
3 564 662 668 
3 755 765 662 
3 755 852 865 
3 852 955 865 
3 666 762 659 
3 860 960 951 
3 762 867 860 
3 951 960 1053 
3 1063 1150 1053 
3 1060 1050 1151 
3 1160 1151 1252 
3 1050 1060 955 
3 2483 2519 2608 
3 2782 2662 2854 
3 2519 2662 2608 
3 2923 2961 2854 
3 2967 2961 2923 
3 2187 2291 2266 
3 2089 2187 2167 
3 2089 2072 1992 
3 2291 2402 2371 
3 2402 2519 2483 
3 1912 1992 1897 
3 1717 1817 1801 
3 1817 1912 1897 
3 1617 1632 1717 
3 1426 1440 1528 
3 1632 1617 1528 
3 1347 1440 1338 
3 1251 1347 1243 
3 1150 1158 1251 
3 2179 2098 2184 
3 2179 2263 2174 
3 2263 2243 2174 
3 2415 2507 2390 
3 2327 2415 2303 
3 2507 2612 2482 
3 2243 2327 2208 
3 2581 2612 2746 
3 2706 2746 2923 
3 1252 1348 1351 
3 1348 1447 1351 
3 1537 1543 1447 
3 1635 1639 1543 
3 1639 1738 1737 
3 1825 1737 1827 
3 2098 2096 2010 
3 2010 2007 1915 
3 1915 1910 1825 
3 568 666 560 
3 467 574 568 
3 463 570 574 
3 455 569 570 
3 567 569 453 
3 564 668 567 
3 662 765 668 
3 765 755 865 
3 865 955 964 
3 666 768 762 
3 867 960 860 
3 768 867 762 
3 960 1063 1053 
3 1150 1063 1158 
3 1160 1060 1151 
3 1160 1252 1257 
3 955 1060 964 
3 2662 2706 2854 
3 2548 2662 2519 
3 2706 2923 2854 
3 2209 2291 2187 
3 2089 2110 2187 
3 2013 2089 1992 
3 2317 2402 2291 
3 2426 2519 2402 
3 1912 2013 1992 
3 1739 1817 1717 
3 1836 1912 1817 
3 1632 1739 1717 
3 1440 1541 1528 
3 1541 1632 1528 
3 1347 1452 1440 
3 1251 1353 1347 
3 1158 1256 1251 
3 2096 2098 2179 
3 2096 2179 2174 
3 2243 2208 2174 
3 2390 2507 2482 
3 2303 2415 2390 
3 2208 2327 2303 
3 2612 2581 2482 
3 2581 2746 2706 
3 1252 1351 1257 
3 1447 1451 1351 
3 1543 1547 1447 
3 1639 1547 1543 
3 1639 1737 1637 
3 1737 1825 1727 
3 2010 2096 2007 
3 2007 1910 1915 
3 1825 1910 1818 
3 671 666 568 
3 574 671 568 
3 570 679 574 
3 569 678 570 
3 569 567 673 
3 567 668 673 
3 668 765 770 
3 765 865 869 
3 865 964 869 
3 666 671 768 
3 867 966 960 
3 872 867 768 
3 966 1063 960 
3 1063 1163 1158 
3 1060 1160 1066 
3 1165 1160 1257 
3 964 1060 1066 
3 2548 2706 2662 
3 2426 2548 2519 
3 2209 2317 2291 
3 2110 2209 2187 
3 2110 2089 2013 
3 2317 2426 2402 
3 1937 2013 1912 
3 1739 1836 1817 
3 1836 1937 1912 
3 1646 1739 1632 
3 1452 1541 1440 
3 1541 1646 1632 
3 1353 1452 1347 
3 1256 1353 1251 
3 1163 1256 1158 
3 2096 2174 2095 
3 2174 2208 2095 
3 2365 2390 2482 
3 2279 2303 2390 
3 2208 2303 2194 
3 2581 2456 2482 
3 2548 2581 2706 
3 1351 1354 1257 
3 1451 1354 1351 
3 1547 1451 1447 
3 1547 1639 1637 
3 1637 1737 1727 
3 1727 1825 1818 
3 2007 2096 2095 
3 1910 2007 1999 
3 1818 1910 1904 
3 679 671 574 
3 678 679 570 
3 569 673 678 
3 668 770 673 
3 765 869 770 
3 964 967 869 
3 671 775 768 
3 867 872 966 
3 775 872 768 
3 1068 1063 966 
3 1063 1068 1163 
3 1066 1160 1165 
3 1260 1165 1257 
3 967 964 1066 
3 2456 2548 2426 
3 2209 2231 2317 
3 2209 2110 2129 
3 2034 2110 2013 
3 2317 2339 2426 
3 1937 2034 2013 
3 1749 1836 1739 
3 1849 1937 1836 
3 1646 1749 1739 
3 1452 1557 1541 
3 1557 1646 1541 
3 1353 1460 1452 
3 1361 1353 1256 
3 1259 1256 1163 
3 2208 2099 2095 
3 2365 2279 2390 
3 2456 2365 2482 
3 2303 2279 2194 
3 2099 2208 2194 
3 2548 2456 2581 
3 1354 1260 1257 
3 1354 1451 1450 
3 1451 1547 1545 
3 1547 1637 1545 
3 1637 1727 1634 
3 1721 1727 1818 
3 1999 2007 2095 
3 1910 1999 1904 
3 1808 1818 1904 
3 671 679 775 
3 777 679 678 
3 673 776 678 
3 770 776 673 
3 869 875 770 
3 869 967 875 
3 872 970 966 
3 775 877 872 
3 970 1068 966 
3 1068 1166 1163 
3 1066 1165 1070 
3 1260 1168 1165 
3 967 1066 1070 
3 2339 2456 2426 
3 2231 2339 2317 
3 2231 2209 2129 
3 2110 2034 2129 
3 1949 2034 1937 
3 1749 1849 1836 
3 1849 1949 1937 
3 1646 1661 1749 
3 1460 1557 1452 
3 1646 1557 1661 
3 1353 1361 1460 
3 1259 1361 1256 
3 1166 1259 1163 
3 2099 1999 2095 
3 2279 2365 2256 
3 2365 2456 2339 
3 2279 2170 2194 
3 2081 2099 2194 
3 1260 1354 1355 
3 1451 1545 1450 
3 1354 1450 1355 
3 1637 1634 1545 
3 1634 1727 1721 
3 1721 1818 1808 
3 1904 1999 1993 
3 1808 1904 1893 
3 679 777 775 
3 776 777 678 
3 875 776 770 
3 967 972 875 
3 877 970 872 
3 777 877 775 
3 970 1071 1068 
3 1068 1071 1166 
3 1165 1168 1070 
3 1168 1260 1262 
3 972 967 1070 
3 2256 2339 2231 
3 2150 2231 2129 
3 2034 2049 2129 
3 2034 1949 2049 
3 1764 1849 1749 
3 1949 1849 1861 
3 1661 1764 1749 
3 1565 1557 1460 
3 1557 1565 1661 
3 1361 1463 1460 
3 1361 1259 1360 
3 1259 1166 1263 
3 1999 2099 1993 
3 2256 2365 2339 
3 2170 2279 2256 
3 2170 2081 2194 
3 2099 2081 1993 
3 1262 1260 1355 
3 1450 1545 1538 
3 1355 1450 1448 
3 1545 1634 1538 
3 1634 1721 1626 
3 1721 1808 1711 
3 1904 1993 1893 
3 1808 1893 1794 
3 777 776 878 
3 776 875 878 
3 875 972 878 
3 877 973 970 
3 877 777 878 
3 973 1071 970 
3 1071 1169 1166 
3 1168 1072 1070 
3 1168 1262 1169 
3 1072 972 1070 
3 2150 2256 2231 
3 2049 2150 2129 
3 1949 1963 2049 
3 1861 1849 1764 
3 1963 1949 1861 
3 1674 1764 1661 
3 1463 1565 1460 
3 1565 1674 1661 
3 1361 1360 1463 
3 1360 1259 1263 
3 1166 1169 1263 
3 2170 2256 2150 
3 2081 2170 2066 
3 1993 2081 1981 
3 1356 1262 1355 
3 1450 1538 1448 
3 1356 1355 1448 
3 1538 1634 1626 
3 1721 1711 1626 
3 1711 1808 1794 
3 1893 1993 1981 
3 1893 1880 1794 
3 878 972 973 
3 877 878 973 
3 1072 1071 973 
3 1071 1072 1169 
3 1072 1168 1169 
3 1169 1262 1263 
3 972 1072 973 
3 2066 2150 2049 
3 1963 2066 2049 
3 1777 1861 1764 
3 1880 1963 1861 
3 1674 1777 1764 
3 1463 1575 1565 
3 1575 1674 1565 
3 1360 1454 1463 
3 1356 1360 1263 
3 2066 2170 2150 
3 1981 2081 2066 
3 1262 1356 1263 
3 1448 1538 1534 
3 1356 1448 1454 
3 1538 1626 1534 
3 1711 1614 1626 
3 1697 1711 1794 
3 1893 1981 1880 
3 1794 1880 1777 
3 1981 2066 1963 
3 1777 1880 1861 
3 1981 1963 1880 
3 1697 1777 1674 
3 1454 1575 1463 
3 1575 1697 1674 
3 1356 1454 1360 
3 1448 1534 1454 
3 1626 1614 1534 
3 1614 1711 1697 
3 1697 1794 1777 
3 1575 1454 1534 
3 1614 1697 1575 
3 1534 1614 1575 

