# vtk DataFile Version 4.2
vtk output
ASCII
DATASET POLYDATA
POINTS 3005 float
-168.464 25.1046 134.816 -167.978 35.7622 125.245 -167.88 13.7795 144.358 
-167.841 37.7368 140.168 -167.728 46.0172 101.219 -167.395 12.5957 129.381 
-167.327 44.964 86.6644 -167.312 23.2754 120.082 -167.208 26.1597 150.324 
-167.119 34.317 110.597 -166.976 32.9214 96.0533 -166.929 1.91708 138.769 
-166.754 0.057016 124.419 -166.675 -8.34511 133.782 -166.623 46.6998 115.749 
-166.52 -12.089 120.326 -166.509 10.6708 114.989 -166.471 21.5556 105.506 
-166.369 -2.02681 110.423 -166.346 43.6147 72.2717 -166.015 31.2232 81.6856 
-165.891 -15.3275 106.54 -165.887 19.6039 91.2117 -165.879 58.167 78.1017 
-165.839 8.59704 100.79 -165.784 -20.7012 131.373 -165.783 -12.431 142.814 
-165.657 58.1498 92.825 -165.653 -4.80033 96.4647 -165.598 47.7475 130.018 
-165.292 6.06461 86.6912 -165.072 -25.1643 117.321 -165.007 40.6609 58.1465 
-164.908 56.2942 63.1343 -164.899 28.8893 67.4977 -164.793 17.2819 77.0604 
-164.77 -0.12891 152.118 -164.694 58.1884 107.292 -164.132 -7.71863 82.5243 
-164.066 -18.529 92.5543 -164.028 25.8161 53.405 -163.825 14.4988 63.0038 
-163.807 3.31246 72.7114 -163.458 37.0788 43.9955 -163.454 -28.8324 102.985 
-163.137 13.0946 158.73 -162.791 22.5291 39.1488 -162.558 11.4484 48.8959 
-162.27 51.6905 48.9511 -162.153 57.6576 121.251 -162.011 48.1587 143.449 
-161.878 0.428263 58.7582 -161.713 33.6446 29.5868 -161.606 38.1937 153.908 
-161.476 -10.5907 68.6416 -161.254 -21.5264 78.598 -161.106 -33.741 129.536 
-160.994 -26.1287 144.126 -160.532 -32.0865 88.7893 -159.996 19.4796 25.0677 
-159.984 -37.9617 114.328 -159.706 47.7409 34.8577 -159.585 8.50993 35.0085 
-159.251 -14.5248 155.605 -159.046 30.752 15.1385 -158.788 -2.42209 44.9265 
-158.348 67.0719 69.9686 -158.337 26.1687 162.902 -158.332 67.7414 84.994 
-158.148 56.943 134.549 -157.839 -41.544 99.51 -157.827 -13.3344 54.8749 
-157.718 67.5592 99.6075 -157.416 -24.3604 64.7539 -157.302 -35.5317 74.7078 
-156.974 64.6194 55.1147 -156.857 44.3147 20.5593 -156.709 -0.703537 164.13 
-156.091 66.874 113.827 -155.451 16.8136 11.4346 -155.142 5.81912 21.4262 
-154.706 -45.838 85.3687 -154.305 60.6284 40.8192 -154.141 -4.98938 31.4061 
-153.901 42.0323 6.20264 -153.866 54.7442 145.955 -153.493 28.2256 1.87946 
-153.237 -15.8835 41.2637 -153.001 -38.3125 60.6507 -152.998 49.2482 154.103 
-152.907 -26.999 50.9676 -152.575 13.0314 169.501 -152.533 65.2609 127.009 
-151.417 -49.3492 70.9603 -151.228 56.9325 26.7329 -150.877 39.1897 163.992 
-149.994 -35.4776 140.088 -149.88 -42.0423 125.243 -149.701 3.55761 8.30613 
-149.212 -47.1334 110.534 -149.117 14.4665 -1.27815 -148.891 -25.5209 152.964 
-148.711 -7.28182 18.1045 -148.316 74.3004 77.1728 -148.164 -40.642 46.6245 
-148.151 74.42 91.9793 -147.9 62.8791 139.321 -147.813 -18.1082 27.8621 
-147.787 -29.2667 37.3198 -147.703 73.2694 62.3286 -147.507 -60.0122 -346.077 
-147.411 -46.5138 -352.09 -147.406 53.4086 13.0966 -147.402 73.7507 106.585 
-147.365 -59.3458 -360.719 -147.118 -51.6008 96.1008 -147.033 -13.4253 163.776 
-146.582 -73.2414 -354.049 -146.485 38.5778 -5.57922 -146.429 -51.1386 56.709 
-146.345 27.2738 171.8 -146.262 25.5269 -10.1894 -146.18 71.2299 47.7223 
-146.086 -47.0979 -338.39 -145.518 71.8299 120.743 -145.438 -45.3474 -366.588 
-145.267 -60.0058 -332.428 -144.848 -72.9919 -339.583 -144.781 -32.8636 -357.601 
-144.387 -55.854 81.857 -144.232 -33.8487 -343.634 -144.198 59.0619 150.911 
-144.184 0.088525 172.005 -144.026 -47.1996 -325.501 -143.853 1.28067 -4.66398 
-143.703 68.3241 33.4715 -143.268 12.0246 -14.0977 -143.224 -9.37165 5.04182 
-142.993 -34.3538 -331.768 -142.724 -59.4971 -318.951 -142.664 50.4155 0.072834 
-142.421 68.7562 134.176 -142.145 -42.4321 33.0309 -142.135 -20.0969 14.6825 
-142.1 -85.7434 -361.899 -142.005 51.3545 162.368 -141.998 -31.2252 23.8902 
-141.77 -72.2293 -325.886 -141.68 -86.0993 -346.846 -141.528 -71.8777 -367.681 
-141.452 -47.0337 -312.056 -141.359 -59.3724 67.4573 -141.32 -53.1787 42.6031 
-141.193 -34.7785 -318.93 -141.114 -31.6891 -371.273 -141.021 22.8344 -23.0881 
-140.703 36.3307 -18.193 -140.555 64.95 19.5637 -140.424 -20.8506 -347.896 
-139.732 -19.6077 -362.618 -139.534 14.5402 176.802 -139.497 9.40073 -27.5953 
-139.272 -57.5996 -372.658 -139.232 -1.1906 -18.0513 -139.195 -58.5562 -305.374 
-139.122 -22.0241 -328.273 -139.12 -85.0839 -332.684 -138.577 -71.1198 -312.17 
-138.434 -35.0096 -305.356 -138.373 40.9126 171.78 -138.204 -11.6227 -8.34289 
-138.091 -46.4227 -298.398 -137.989 20.231 -36.6815 -137.907 -62.5556 53.0317 
-137.671 49.4512 -12.5543 -137.435 80.5261 84.3793 -137.413 -40.9645 133.928 
-137.247 80.0207 99.0891 -137.236 -47.8385 120.088 -137.07 -22.1413 1.29778 
-137 80.3194 69.678 -136.985 61.5139 5.9171 -136.934 -22.8516 -312.761 
-136.905 -32.7631 147.201 -136.722 34.083 -31.4138 -136.351 78.3543 113.703 
-136.335 6.68157 -41.3001 -136.242 -53.479 105.977 -136.184 -33.0151 10.6602 
-136.122 -44.1101 19.6309 -135.908 79.4628 55.1119 -135.872 -3.79511 -31.8179 
-135.862 -55.111 28.6862 -135.657 -43.7857 -377.139 -135.61 -22.8899 159.183 
-135.581 -57.1327 -291.906 -135.5 -83.4521 -318.958 -135.376 -18.0483 -376.723 
-135.239 -34.898 -291.424 -135.159 -8.14245 -353.438 -135.118 -97.9699 -354.628 
-135.074 -9.37147 -337.809 -135.066 17.4454 -50.3271 -134.916 75.1061 128.19 
-134.803 -69.5099 -298.613 -134.726 -44.7447 -285.194 -134.524 -14.0646 -22.1715 
-134.416 -58.6251 91.9435 -134.371 69.22 143.55 -134.262 77.9313 40.7239 
-134.075 -23.5931 -298.631 -134.074 -10.3576 -321.479 -134.038 -6.292 -368.612 
-133.754 31.1762 -45.0815 -133.725 3.81415 -55.1374 -133.676 -65.2298 38.5263 
-133.468 -11.0315 169.295 -133.298 -6.61388 -45.7877 -133.276 -97.0948 -339.752 
-133.252 58.2075 -7.78324 -133.168 28.9171 178.949 -133.151 -94.0523 -366.168 
-133.102 -24.369 -12.4695 -132.659 -63.8415 78.0518 -132.431 -54.806 -278.842 
-132.417 62.4849 157.192 -132.172 -81.8493 -305.232 -132.137 75.5228 26.4339 
-131.989 14.5824 -63.9982 -131.88 50.7198 -23.9218 -131.85 -16.686 -36.1517 
-131.646 -34.9314 -2.99184 -131.612 -82.0437 -371.424 -131.605 -40.6574 -273.381 
-131.532 -67.6827 -285.019 -131.425 -11.7055 -306.216 -131.246 0.851345 -68.9856 
-131.195 -30.5704 -381.165 -131.185 -25.228 -283.505 -131.17 -9.64992 -59.8371 
-130.824 28.2298 -58.8195 -130.777 -45.8027 6.16714 -130.481 -68.5604 63.8862 
-130.354 -56.6812 14.9805 -130.347 2.27396 177.077 -130.239 -95.2083 -325.645 
-130.176 -26.6779 -26.4723 -129.694 -52.7204 -265.273 -129.611 -19.7817 -50.4092 
-129.462 53.5324 168.912 -129.424 72.0741 12.3484 -129.372 -12.7938 -73.9399 
-129.313 44.7703 -38.8696 -129.29 2.6563 -344.499 -129.276 4.32046 -359.396 
-129.254 -68.6063 -374.648 -129.115 11.5753 -77.8207 -129.102 -2.15748 -82.9927 
-129.013 -39.2722 -259.592 -128.875 1.56365 -329.175 -128.729 -65.5768 -271.33 
-128.711 -79.8391 -291.498 -128.645 -13.0964 -291.657 -128.571 -67.0754 24.4627 
-128.494 -26.3498 -268.486 -128.343 -36.8771 -16.8914 -127.808 -72.7534 49.4951 
-127.725 -17.233 -383.119 -127.715 -23.1673 -64.7792 -127.571 25.1402 -72.5304 
-127.508 -51.1627 -251.225 -127.397 -29.5417 -40.7794 -127.379 6.86733 -374.824 
-127.326 -15.8441 -88.184 -127.094 0.27436 -314.063 -127.007 -93.2084 -311.931 
-126.756 -5.10142 -97.2194 -126.733 -38.3689 -245.307 -126.572 -47.2969 -7.48458 
-126.473 41.2583 -52.7276 -126.44 68.1916 -1.62585 -126.384 8.59122 -91.9035 
-126.37 -63.6693 -257.353 -126.164 86.0235 91.5123 -126.074 -18.8879 -102.531 
-126.058 -55.0247 -378.027 -125.939 -26.4625 -79.1292 -125.929 -26.4161 -253.924 
-125.92 86.596 76.882 -125.893 -14.1669 -276.966 -125.856 -77.7361 -277.677 
-125.765 84.5662 106.182 -125.609 -58.2174 1.36654 -125.608 16.5089 182.1 
-125.556 -49.7248 -237.018 -125.433 -38.7175 -30.9043 -125.355 -8.08207 -111.63 
-125.339 42.6658 178.344 -125.221 -4.14264 -384.539 -124.824 86.5801 62.4738 
-124.814 82.0205 120.802 -124.776 -21.8997 -116.894 -124.639 -33.9069 -55.749 
-124.626 -29.5605 -93.5272 -124.615 -62.1918 -243.133 -124.612 -46.3791 128.015 
-124.469 -1.19405 -299.453 -124.458 -38.6608 140.95 -124.331 -37.2287 -231.144 
-124.111 22.0934 -86.535 -124.098 -53.1621 114.71 -124.01 -91.2603 -298.258 
-123.984 -75.6941 34.9336 -123.886 64.0447 -16.0221 -123.852 5.67544 -106.341 
-123.787 -32.6119 -107.906 -123.701 -68.8563 10.5146 -123.693 -105.617 -347.994 
-123.685 38.0268 -66.6295 -123.644 -75.6558 -263.724 -123.639 -25.8814 -239.522 
-123.588 -29.9722 153.141 -123.477 -11.2129 -125.917 -123.475 78.0623 135.335 
-123.413 -24.7929 -131.264 -123.239 -48.5184 -21.3058 -123.222 -14.8944 -262.43 
-123.215 -48.4837 -222.812 -123.176 -59.5273 101.228 -123.048 86.1759 48.3222 
-123.014 -37.1247 -70.2198 -122.971 14.6667 -350.839 -122.971 -35.5211 -122.253 
-122.618 -60.9629 -228.737 -122.532 16.4654 -365.465 -122.288 -101.255 -361.735 
-122.273 58.5974 -31.2892 -122.219 -41.4104 -45.4101 -122.2 12.9112 -336.31 
-122.166 -41.8232 -381.453 -122.156 -36.0009 -216.964 -122.156 -104.88 -333.25 
-122.028 72.5529 149.83 -122.018 -19.939 164.361 -122.005 -65.5784 87.7004 
-121.833 2.53737 -120.774 -121.785 -40.2199 -84.6253 -121.7 84.5745 33.7928 
-121.676 -2.74768 -285.064 -121.673 -73.985 -249.588 -121.637 -38.0717 -136.599 
-121.622 -27.3557 -145.515 -121.431 -14.2328 -140.176 -121.35 -59.2 -12.2777 
-121.33 -25.0659 -225.301 -121.307 -46.9145 -208.524 -121.062 -88.9379 -284.327 
-120.967 -43.114 -99.0201 -120.947 11.5599 -321.655 -120.888 -14.9011 -247.959 
-120.73 19.3712 -101.201 -120.725 -71.6318 74.0947 -120.52 -34.4253 -202.738 
-120.401 -46.0335 -113.403 -120.32 -59.5787 -214.255 -120.197 -49.3019 -35.1525 
-120.186 -90.2772 -370.06 -120.145 19.276 -380.554 -120.049 -45.0592 -194.15 
-119.984 81.6937 19.2732 -119.952 53.4375 -45.924 -119.885 34.9854 -80.8389 
-119.878 -78.207 20.5717 -119.782 -40.0284 -151.03 -119.733 64.7804 163.237 
-119.728 -103.382 -319.041 -119.693 -8.15874 173.882 -119.693 -29.3728 -159.832 
-119.618 -72.9265 -235.036 -119.546 -48.6295 -127.829 -119.452 30.5795 184.643 
-119.304 -0.996554 -134.794 -119.299 -23.8387 -211.133 -119.27 -47.3381 -47.911 
-119.184 -16.8903 -154.308 -119.109 -70.0388 -3.37031 -119.024 -3.80687 -270.708 
-119.015 -32.7656 -188.49 -118.985 -77.131 60.1089 -118.754 -86.7719 -270.413 
-118.751 8.66028 -388.917 -118.706 9.90173 -307.114 -118.601 -43.2484 -179.859 
-118.547 -14.4218 -233.64 -118.38 -57.7824 -199.855 -118.226 -31.1685 -174.152 
-118.075 -41.6867 -165.458 -118.005 -50.6382 -142.292 -117.94 -28.8012 -384.778 
-117.916 -48.4451 -61.8322 -117.865 -77.4743 -373.981 -117.761 77.7595 5.02897 
-117.74 16.1129 -115.739 -117.552 -22.5947 -196.95 -117.505 49.8071 -59.973 
-117.316 -19.143 -168.435 -117.129 -72.0226 -220.078 -117.098 -59.4349 -25.9738 
-117.085 -50.6288 -76.0216 -117.05 -55.8326 -185.491 -117.005 -101.327 -305.153 
-116.952 -4.28999 -148.83 -116.878 -85.0674 -256.314 -116.639 -81.8345 45.7695 
-116.535 4.61589 182.268 -116.417 -4.4024 -256.366 -116.373 -21.0155 -182.711 
-116.371 55.1595 174.706 -116.346 -52.184 -156.761 -116.307 -13.6091 -219.454 
-116.271 -53.2163 -90.2656 -116.073 -53.8946 -171.196 -115.997 8.13012 -292.876 
-115.78 -55.9918 -104.617 -115.739 25.8294 -357.159 -115.67 -80.1014 6.18194 
-115.501 73.4755 -9.24092 -115.313 12.3264 -129.704 -115.293 -58.6871 -119.03 
-115.221 27.89 -371.852 -115.138 -64.9391 -376.871 -115.029 -70.3394 -205.493 
-114.959 -83.8425 -241.973 -114.811 45.9518 -73.7449 -114.799 24.0432 -342.981 
-114.637 91.723 83.8475 -114.551 -7.3094 -162.797 -114.472 90.3718 98.4453 
-114.449 33.3484 -96.8447 -114.434 -99.1759 -291.328 -114.424 -70.133 -17.0917 
-114.369 -60.9185 -133.539 -114.338 -12.7654 -205.342 -114.137 -4.41948 -242.026 
-114.004 92.2687 69.3624 -113.852 -15.7208 -387.867 -113.816 88.0803 113.053 
-113.733 -59.0438 -39.6501 -113.528 69.193 -23.7687 -113.481 -85.2519 31.1724 
-113.472 22.2205 -328.795 -113.343 6.71953 -278.718 -113.235 -68.2031 -191.189 
-113.064 31.1142 -386.688 -113.014 -9.68609 -176.924 -112.936 8.41197 -143.494 
-112.857 -62.3594 -148.104 -112.836 -11.4129 -191.194 -112.709 84.7461 127.593 
-112.485 21.1084 -394.23 -112.173 -66.1125 -176.886 -112.087 41.1691 -87.1504 
-112.045 18.1028 187.97 -112.03 -64.1515 -162.516 -112.017 -52.3579 -379.907 
-111.997 -96.9814 -277.438 -111.909 -83.0385 -226.693 -111.809 -4.00738 -227.803 
-111.799 44.0223 183.843 -111.743 64.6992 -38.5465 -111.732 -44.6306 135.265 
-111.693 -52.2421 122.709 -111.673 29.5836 -111.078 -111.566 -58.8711 -53.4424 
-111.495 20.3068 -314.669 -111.404 -111.194 -341.447 -111.341 80.4565 142.025 
-111.265 -59.3775 109.828 -111.198 -80.9053 -8.03998 -111.197 -36.2415 147.367 
-110.802 -107.338 -355.363 -110.611 -66.2051 96.7465 -110.569 5.50166 -264.588 
-110.501 4.72495 -157.32 -110.421 -111.462 -326.841 -110.295 -60.1355 -67.5577 
-110.127 -95.1253 -263.331 -110.104 -27.2459 158.892 -109.899 -88.074 16.5441 
-109.747 -72.9258 83.5388 -109.706 93.5994 56.8777 -109.663 -69.4708 -30.8387 
-109.654 60.4786 -52.9832 -109.643 -62.4362 -81.7962 -109.641 -3.30787 -213.674 
-109.39 74.3603 155.941 -109.347 25.319 -124.909 -109.245 -65.0738 -96.0066 
-109.23 92.2411 41.8931 -109.104 -2.61334 -391.068 -109.05 -82.0187 -211.366 
-108.944 -67.7921 -110.343 -108.943 34.4066 -363.172 -108.882 18.2291 -300.562 
-108.743 -97.925 -365.929 -108.734 37.4199 -380.388 -108.583 -93.5434 -249.226 
-108.557 -79.2436 70.0004 -108.505 89.6443 26.9156 -108.498 -70.2787 -124.775 
-108.402 -16.9202 169.474 -108.327 1.5212 -171.223 -108.212 -39.3682 -383.043 
-108.143 -109.66 -312.709 -108.037 4.92047 -250.354 -107.955 -2.46975 -199.618 
-107.589 -79.9812 -196.958 -107.579 -72.1358 -139.385 -107.449 56.4839 -66.8048 
-107.422 -0.877636 -185.377 -107.39 86.3237 12.177 -107.173 33.8383 -349.539 
-107.113 33.8787 -399.803 -106.923 20.9178 -138.488 -106.874 -84.9031 56.0496 
-106.724 66.2272 168.873 -106.497 -77.719 -182.637 -106.461 -73.6668 -153.872 
-106.415 -85.3949 -371.51 -106.226 -90.1682 1.79889 -106.202 -92.1378 -234.549 
-106.135 -75.5343 -168.309 -106.031 -5.58318 179.118 -105.96 -108.068 -298.79 
-105.951 16.1587 -286.643 -105.844 -80.1508 -22.0649 -105.825 5.00072 -236.111 
-105.81 31.8832 190.126 -105.783 52.447 -80.4774 -105.567 82.1197 -2.09696 
-105.52 -68.6086 -44.8575 -105.409 42.9683 -390.838 -105.352 32.3363 -335.716 
-104.82 16.6111 -152.057 -104.714 -89.6167 41.7582 -104.368 40.4268 -369.133 
-104.29 47.3528 -93.4619 -103.91 -26.3277 -386.209 -103.751 -105.927 -284.801 
-103.728 77.9191 -16.3901 -103.645 5.42671 -221.981 -103.61 10.5656 -394.654 
-103.42 96.3627 75.8061 -103.388 -71.8431 -375.26 -103.256 14.5994 -272.61 
-103.1 95.3601 90.5543 -103.075 29.9578 -321.946 -103.039 56.3948 180.09 
-102.922 6.51394 187.641 -102.859 -68.8112 -59.0928 -102.702 41.9642 -106.455 
-102.431 93.3337 105.162 -102.425 12.5683 -165.67 -102.02 -93.5604 27.1069 
-101.904 -104.048 -270.673 -101.897 73.8571 -30.8078 -101.696 6.15192 -207.943 
-101.575 96.5529 61.8943 -101.562 -90.2439 -12.734 -101.556 -70.4399 -73.3518 
-101.443 90.3619 119.668 -101.18 37.5219 -120.1 -101.122 -72.9682 -87.5646 
-100.953 -61.1767 -377.605 -100.948 -75.7572 -101.78 -100.886 9.52239 -179.648 
-100.858 -78.535 -116.155 -100.725 -92.372 -217.503 -100.703 27.6274 -308.113 
-100.695 7.4392 -193.821 -100.663 -102.483 -256.463 -100.5 13.2706 -258.599 
-100.329 -80.7395 -130.742 -100.304 46.0997 -402.879 -100.278 41.3656 -356.472 
-100.222 -78.6367 -36.1378 -100.205 86.7322 134.049 -100.088 69.7327 -45.2303 
-99.6096 46.9899 -378.363 -99.5229 -90.3107 -202.965 -99.3649 -82.304 -145.353 
-99.3515 -100.494 -242.402 -99.2606 -116.851 -334.929 -99.2536 -13.083 -389.356 
-99.2398 32.8036 -133.599 -99.1773 -51.0776 130.43 -99.102 -58.7573 118.023 
-98.9878 -96.8135 12.2983 -98.9685 -113.46 -349.128 -98.8339 -42.8139 142.417 
-98.7985 -88.0245 -188.626 -98.7336 -66.0901 105.362 -98.7324 -97.1664 -229.125 
-98.6172 -83.8516 -159.892 -98.5959 81.9763 148.208 -98.4382 19.4697 193.416 
-98.4296 -85.7735 -174.292 -98.2818 13.0795 -244.411 -98.2283 65.5543 -59.4582 
-98.2201 45.1324 189.078 -98.1191 -73.1279 92.4446 -98.031 23.924 -398.193 
-98.0299 -34.0816 154.013 -97.9878 -49.9179 -380.248 -97.9713 -116.307 -320.489 
-97.8997 25.158 -294.342 -97.2485 -104.949 -360.518 -97.2002 -79.8044 79.2049 
-97.1811 27.9164 -146.96 -97.0989 40.8552 -342.889 -96.6659 -24.6127 165.002 
-96.5128 61.5774 -73.4449 -96.4103 75.5276 161.711 -96.2882 13.3125 -230.244 
-96.1048 -114.953 -306.439 -96.0032 -86.115 65.6493 -95.9704 96.0422 34.9002 
-95.7276 98.1594 50.4008 -95.6252 -98.8802 -2.68435 -95.5917 -77.4322 -50.4672 
-95.534 93.1693 19.8907 -95.193 -88.7575 -27.3296 -95.0527 22.9901 -280.505 
-95.0466 23.3149 -160.337 -94.8673 -14.3738 175.3 -94.866 -93.1095 -367.859 
-94.6526 56.9595 -87.1201 -94.4974 52.36 -389.807 -94.4884 -91.7751 51.7733 
-94.4561 48.3296 -365.298 -94.4127 89.3325 5.37612 -94.2952 38.8462 -329.275 
-94.2196 13.9033 -216.231 -94.2142 0.346988 -392.48 -94.1587 -113.273 -292.397 
-94.146 -36.584 -383.532 -93.4439 99.5065 66.9109 -93.4043 67.0548 174.058 
-93.2786 19.5195 -173.977 -93.0989 -77.9185 -64.919 -92.9679 52.1021 -100.743 
-92.8399 84.9697 -8.84831 -92.8039 14.9923 -202.158 -92.667 -3.75803 185.178 
-92.4991 -96.6817 37.4811 -92.4869 -111.562 -278.223 -92.4327 16.8644 -188.012 
-92.286 32.9776 195.671 -92.1667 -79.9948 -79.2493 -92.1566 99.0862 82.3178 
-92.1293 21.0233 -266.662 -91.9949 -79.3504 -372.502 -91.946 -85.6872 -107.814 
-91.9373 -82.7871 -93.4552 -91.7676 37.8014 -401.66 -91.6694 -88.1193 -122.352 
-91.5472 36.1928 -315.661 -91.3679 -110.088 -263.912 -91.3225 47.4765 -114.51 
-91.1825 80.9753 -23.1561 -91.1778 97.5951 97.2094 -90.9496 -89.896 -136.97 
-90.5405 -108.479 -249.71 -90.0919 94.9412 111.756 -90.0711 -100.861 22.7802 
-90.0194 -91.1856 -151.586 -89.9865 -98.1276 -17.837 -89.9595 -102.346 -222.643 
-89.9058 -105.871 -235.924 -89.7622 7.53097 194.011 -89.7418 -23.4689 -386.731 
-89.7263 -99.1545 -209.065 -89.6151 42.9153 -128.228 -89.5772 19.9844 -252.656 
-89.5352 76.8983 -37.5295 -89.4837 57.0926 184.929 -89.4 -96.7334 -194.848 
-89.366 48.0712 -351.031 -89.3458 -92.7114 -166.089 -89.2091 -94.6209 -180.494 
-89.0077 -86.8426 -41.6984 -88.9593 13.8796 -395.764 -88.8458 91.6585 126.071 
-88.7403 54.788 -376.181 -88.7075 33.166 -302.102 -88.2991 -63.9634 -376.403 
-88.0345 55.4057 -401.18 -87.9279 38.1022 -141.674 -87.8235 72.7655 -51.7547 
-87.4808 19.8589 -238.521 -87.311 87.6543 140.188 -87.1303 -103.969 7.80455 
-86.9378 -119.213 -342.666 -86.8219 -57.8203 126.074 -86.6329 -49.8866 138.22 
-86.6279 -121.132 -328.329 -86.617 -65.4133 113.623 -86.2004 33.266 -155.03 
-86.1849 -72.7012 100.966 -86.1496 68.6965 -65.8856 -86.0027 -41.3854 149.859 
-85.8926 30.5103 -288.398 -85.6823 -111.868 -354.889 -85.4736 20.2067 -224.515 
-85.4713 46.5604 -337.022 -85.4338 82.5064 153.908 -85.4319 -79.4384 87.935 
-85.339 -120.324 -314.125 -85.148 20.4519 199.483 -84.8876 -32.3176 160.996 
-84.8422 -10.0381 -389.847 -84.8265 -85.7527 -56.2621 -84.589 45.9428 193.919 
-84.5477 28.8829 -168.488 -84.5141 -85.9514 74.6846 -84.375 64.2893 -79.8361 
-84.1121 -47.7039 -380.281 -83.8355 21.2092 -210.438 -83.6642 -119.029 -299.983 
-83.6291 -104.958 -7.31451 -83.4894 -100.844 -363.361 -83.4062 25.3992 -182.211 
-83.3621 -92.2043 61.1803 -83.3285 -22.5643 171.42 -83.2315 27.7888 -399.24 
-83.0515 22.9647 -196.284 -83.0244 75.6779 166.904 -82.912 -86.558 -70.9176 
-82.8893 27.7567 -274.739 -82.8006 100.162 43.1175 -82.7365 98.097 27.9596 
-82.6765 59.904 -93.8055 -82.5294 58.9753 -387.383 -82.3568 54.9541 -361.473 
-82.2815 -88.9337 -85.2256 -82.2757 -117.723 -285.722 -82.2578 -91.9192 -99.6038 
-82.223 101.342 58.5283 -82.1881 -94.6592 -114.109 -82.1456 94.7693 13.2092 
-82.1224 43.7302 -323.509 -81.9019 -97.9295 47.3309 -81.8523 -96.3852 -33.1462 
-81.5823 -12.7448 181.802 -81.555 -96.5473 -128.7 -81.3459 -116.532 -271.354 
-81.133 101.367 73.9556 -81.0479 90.4137 -1.11705 -80.879 55.6107 -108.02 
-80.7393 -87.8369 -369.336 -80.7293 -115.275 -257.016 -80.5709 -97.7517 -143.349 
-80.1399 -113.433 -242.854 -80.0712 25.8045 -260.926 -79.9949 -102.942 32.9658 
-79.9697 -33.654 -383.715 -79.938 100.255 89.1094 -79.8223 67.1113 178.801 
-79.8198 -110.551 -229.002 -79.7219 3.5946 -392.948 -79.6414 -98.8574 -157.934 
-79.6412 -2.793 191.975 -79.5897 86.091 -15.3775 -79.3157 -107.365 -215.166 
-79.0676 -100.425 -172.417 -78.9869 51.3455 -122.277 -78.9859 40.5177 -310.062 
-78.965 -104.537 -201.147 -78.8358 -102.266 -186.856 -78.7573 98.0453 103.851 
-78.5537 33.9338 200.498 -78.1724 82.0394 -29.6629 -77.8531 43.2201 -402.42 
-77.6711 24.9901 -246.875 -77.5278 -106.824 18.1137 -77.5048 94.9755 118.176 
-77.4836 -73.7139 -373.579 -77.3466 46.713 -136.053 -76.7197 53.1871 -345.555 
-76.6614 78.0479 -43.8735 -76.5505 8.47396 200.17 -76.5204 -93.7742 -47.4943 
-76.3031 60.6885 -373.856 -76.0205 91.4778 132.241 -75.9568 41.9576 -149.514 
-75.9102 36.8717 -296.623 -75.8457 57.3094 189.306 -75.6892 24.9457 -232.798 
-75.3273 -20.2682 -386.865 -75.1597 74.1148 -58.0433 -74.7228 -109.689 3.0762 
-74.586 -124.14 -335.975 -74.5849 37.292 -162.964 -74.4873 17.4495 -396.225 
-74.4687 -56.9223 134.155 -74.4094 -64.4174 121.749 -74.1946 87.0769 145.88 
-74.1112 -48.9227 146.111 -74.0305 -71.6268 109.107 -73.9703 25.7703 -218.675 
-73.9464 -124.889 -321.607 -73.9046 -118.501 -348.96 -73.8566 -58.9783 -377.216 
-73.5778 70.0379 -72.1774 -73.527 -93.0712 -62.1484 -73.5191 33.1283 -176.51 
-73.4194 -78.4464 96.2307 -73.3859 57.3911 -397.955 -73.1502 -40.023 157.322 
-72.9935 33.7554 -283.032 -72.923 27.5882 -204.479 -72.8301 29.8948 -190.322 
-72.7512 -124.027 -307.257 -72.6923 50.3697 -331.714 -72.6253 -84.8831 83.1176 
-72.474 -105.339 -24.7876 -72.2294 -94.3883 -76.9455 -72.1263 -108.48 -358.483 
-72.0607 81.8105 159.143 -72.0063 -97.2141 -91.4094 -71.9866 -100.189 -105.905 
-71.9611 65.9389 -86.3522 -71.8594 -109.394 -11.8918 -71.7237 -30.639 168.033 
-71.6964 -91.2843 69.9221 -71.6032 -123 -292.888 -71.5997 -102.484 -120.47 
-71.3419 21.421 204.245 -70.8225 46.374 198.22 -70.7002 -122.06 -278.562 
-70.6242 -103.695 -135.143 -70.5481 -97.5134 56.4212 -70.3683 -6.67693 -389.926 
-70.2309 -21.4511 178.789 -70.1656 59.4526 -360.014 -70.1633 31.0676 -269.288 
-70.118 62.111 -100.816 -70.0965 -121.044 -264.191 -69.8153 -44.3471 -380.603 
-69.6532 100.4 36.0366 -69.5965 -119.728 -249.852 -69.5264 -96.3363 -365.212 
-69.4936 -104.563 -149.759 -69.4755 74.7425 171.628 -69.4596 101.773 51.0862 
-69.4012 97.8526 21.1807 -69.1094 -117.671 -235.617 -69.0666 -103.202 42.4872 
-69.0584 31.7134 -399.66 -69.0425 46.7715 -318.367 -68.9678 101.988 66.1484 
-68.8414 -12.3902 189.452 -68.6643 94.0463 6.68162 -68.5815 -105.612 -164.345 
-68.5531 -114.864 -221.535 -68.5132 64.0897 -385.958 -68.2133 101.234 81.1682 
-68.0856 -111.822 -207.482 -67.9957 58.158 -115.507 -67.9803 -107.118 -178.872 
-67.8211 -109.17 -193.266 -67.8046 58.615 -354.125 -67.5802 29.3448 -255.427 
-67.5005 89.7562 -7.50232 -67.3975 -101.656 -39.0812 -67.2472 99.444 95.9781 
-67.1575 -107.962 28.083 -66.9034 -2.62739 199.037 -66.5524 -83.0078 -370.183 
-66.2974 85.8694 -21.728 -66.2202 96.7046 110.431 -66.1282 66.2076 182.904 
-65.9592 53.6446 -129.907 -65.7546 42.9354 -305.038 -65.5355 -30.4904 -383.962 
-65.3035 7.07441 -393.216 -65.2775 28.4104 -241.286 -65.0565 81.9611 -35.9231 
-65.0098 93.5746 124.632 -64.8401 -111.51 13.1985 -64.5819 49.0616 -143.719 
-64.5169 34.4103 204.448 -63.8704 46.2548 -401.17 -63.7469 -99.0486 -53.4617 
-63.7151 78.1352 -50.0918 -63.6042 44.4601 -157.189 -63.4943 28.8079 -226.988 
-63.4669 89.6214 138.372 -63.2409 -69.0296 -374.12 -63.2143 55.9475 -340.376 
-63.0421 9.07449 205.421 -62.651 38.9942 -291.654 -62.645 40.0253 -170.663 
-62.6018 64.4069 -372.686 -62.4008 74.3906 -64.2758 -62.2464 30.5021 -212.605 
-62.1182 -56.1272 142.281 -62.0957 -63.4152 129.785 -62.0732 -113.588 -1.77645 
-62.0509 -127.908 -328.66 -62.0264 36.1001 -184.352 -61.9802 56.6847 192.988 
-61.9307 -99.2483 -68.4178 -61.8088 -123.93 -342.174 -61.7932 -70.36 117.108 
-61.7521 32.7917 -198.339 -61.5533 -47.9647 154.074 -61.3813 -128.166 -314.22 
-61.3329 -101.549 -83.2616 -61.2945 -104.743 -97.7993 -61.2659 -77.0264 104.285 
-61.2204 85.1597 151.434 -61.1268 -107.599 -112.293 -61.1134 70.6763 -78.5262 
-60.842 -16.9532 -387.087 -60.5422 -83.3175 91.1921 -60.4854 -115.549 -352.613 
-60.4409 -127.701 -299.9 -60.424 -109.347 -126.917 -60.3143 -38.8589 165.116 
-60.1806 20.994 -396.694 -59.7613 35.5862 -277.984 -59.7293 -89.6907 78.0799 
-59.6698 -127.097 -285.563 -59.5294 -111.908 -16.6422 -59.4589 -54.7306 -377.609 
-59.4357 67.0616 -93.0554 -59.3257 -110.253 -141.578 -59.1681 52.3497 -326.956 
-59.1141 59.1465 -397.52 -59.0225 -126.368 -271.214 -59.0077 -30.1311 176.307 
-58.7633 -96.0154 64.8337 -58.6199 79.6148 163.917 -58.5857 -125.427 -256.822 
-58.2568 -104.431 -360.504 -58.205 -110.899 -156.217 -58.1853 -124.088 -242.423 
-58.141 -22.1681 187.823 -57.7529 -122.043 -228.072 -57.658 62.7219 -360.425 
-57.5681 -102.039 51.3108 -57.4175 -112.055 -170.783 -57.3398 -119.267 -213.844 
-57.1992 -13.7238 198.636 -57.0765 32.8983 -264.247 -57.0236 21.8534 207.524 
-57.0189 -116.347 -199.625 -56.9477 -108.313 -30.9233 -56.9181 -113.898 -185.308 
-56.6076 46.0464 201.095 -56.4198 100.415 43.92 -56.3305 98.5116 29.1786 
-56.2963 101.051 58.7335 -56.2084 63.3393 -108.388 -56.077 -107.354 37.2981 
-56.0704 72.3866 175.746 -55.9382 -3.26825 -390.201 -55.9005 100.639 73.5904 
-55.89 95.8729 14.6173 -55.5242 -91.9352 -366.246 -55.5039 48.286 -313.711 
-55.3274 -40.7712 -380.844 -55.2616 99.2705 88.3263 -55.1035 92.1787 0.390449 
-54.9942 35.1812 -399.767 -54.761 31.3937 -250.224 -54.5103 96.9613 102.816 
-54.3556 -2.82663 206.207 -54.2134 -111.343 22.8242 -54.1726 58.8656 -123.025 
-54.1268 88.4037 -13.7704 -53.9837 66.4199 -385.464 -53.7501 -104.849 -45.1044 
-53.6875 94.209 117.175 -53.4307 60.1495 -348.776 -53.0511 84.8916 -27.9981 
-52.8831 90.71 131.342 -52.7096 30.9011 -235.741 -52.643 54.4525 -137.306 
-52.4429 64.2071 186.444 -52.4101 -78.679 -370.733 -52.2092 43.9663 -300.436 
-51.9787 -114.371 8.03739 -51.9354 81.1647 -42.2102 -51.7276 49.9502 -151.102 
-51.5665 86.4678 144.861 -51.533 -103.726 -60.14 -51.2087 31.7799 -220.958 
-50.9778 45.3083 -164.545 -50.973 10.5003 -393.639 -50.9084 77.5331 -56.3779 
-50.8746 -27.1548 -383.993 -50.4969 -105.258 -75.0896 -50.341 41.0932 -178.115 
-50.3113 33.977 -206.21 -50.2709 -111.933 -104.168 -50.219 -108.386 -89.7654 
-50.1249 37.1825 -191.947 -49.9516 74.14 -70.595 -49.9295 34.5162 206.68 
-49.9138 49.0793 -400.715 -49.9004 -114.447 -118.732 -49.8131 -62.4902 137.872 
-49.7035 -55.1417 150.286 -49.6894 -128.367 -334.259 -49.6127 -130.97 -320.696 
-49.5263 -69.2176 125.115 -49.2886 -115.143 -6.98429 -49.2555 56.7761 -335.973 
-49.1969 39.9478 -286.973 -49.1807 9.57306 209.396 -49.0343 -131.673 -306.658 
-49.0092 -75.6732 112.244 -48.9987 -115.731 -133.384 -48.978 70.8106 -84.8848 
-48.9401 -64.862 -374.628 -48.9269 -46.7202 162.019 -48.7874 -121.849 -345.711 
-48.6743 66.3939 -371.251 -48.3414 -81.7335 99.1514 -48.3106 -131.571 -292.446 
-48.1886 -25.2051 199.142 -48.0106 -38.7715 174.035 -47.8672 -116.357 -148.034 
-47.8661 -32.0349 186.593 -47.7486 -131.187 -278.135 -47.604 -87.7134 85.9551 
-47.5007 55.7355 195.508 -47.3349 82.0326 156.224 -47.2828 -130.814 -263.759 
-47.2085 67.1563 -99.507 -47.0869 -130.2 -249.256 -46.9301 -117.197 -162.625 
-46.9009 -128.857 -234.719 -46.8674 -112.132 -354.946 -46.7715 -94.0039 72.8317 
-46.6207 -112.817 -21.9234 -46.5927 -126.622 -220.272 -46.4731 36.5854 -273.379 
-46.4 -118.849 -177.154 -46.3392 -123.801 -205.915 -46.2553 -13.5315 -387.239 
-46.1626 -121.076 -191.596 -46.0426 -15.1187 208.236 -45.9283 24.4837 -396.939 
-45.7372 -99.8759 59.4457 -45.3074 52.8522 -322.84 -45.1418 76.2893 168.407 
-44.9933 -51.0175 -377.972 -44.9598 61.478 -396.197 -44.5129 -105.505 45.8356 
-44.3871 -100.657 -361.88 -43.9994 34.1244 -259.46 -43.8082 63.7626 -357.955 
-43.5784 -109.487 -36.8738 -43.4357 98.4967 51.6082 -43.4099 97.6373 36.9976 
-43.3433 98.4444 66.2376 -43.2152 69.0457 180.056 -43.071 95.8314 22.556 
-43.0603 97.6432 80.8446 -43.0065 -109.848 31.6763 -42.6136 95.8846 95.3169 
-42.5694 93.1117 8.27776 -42.2904 22.2948 209.378 -42.0703 93.5688 109.743 
-42.0182 45.8204 203.228 -41.9798 86.7602 138.633 -41.8988 32.6252 -245.097 
-41.8649 89.9688 -5.88518 -41.8647 90.5171 124.216 -41.7708 48.6347 -309.495 
-41.5285 0.110608 -390.598 -41.4868 -88.0919 -367.183 -41.2549 -2.47091 211.556 
-41.1836 -113.233 17.245 -41.0665 -107.662 -51.9012 -40.898 86.8094 -20.1061 
-40.8838 38.4577 -399.578 -40.7341 -37.3803 -381.024 -40.1967 32.6808 -230.058 
-40.1284 57.9202 -130.409 -40.0132 60.1757 190.498 -39.9343 62.1913 -116.909 
-39.9013 83.3573 -34.3782 -39.7206 67.6317 -383.14 -39.4677 -108.326 -66.9523 
-39.3485 60.6176 -345.094 -39.3338 53.5905 -144.348 -39.0888 -115.169 2.47055 
-39.0657 79.7937 -48.5719 -39.0025 -28.2923 211.367 -38.931 34.0421 -214.501 
-38.8079 -110.893 -81.7649 -38.7861 49.0703 -157.971 -38.7688 -114.637 -96.2096 
-38.6907 -117.987 -110.672 -38.5864 44.3063 -296.032 -38.5149 -36.472 198.323 
-38.3463 76.3933 -62.7267 -38.2924 36.9402 -199.541 -38.2791 44.6795 -171.535 
-38.1973 -74.8391 -371.437 -38.1722 40.6344 -185.37 -38.0831 -120 -125.233 
-37.8996 -135.084 -313.079 -37.8945 -133.268 -327.011 -37.6901 73.2868 -76.9421 
-37.5358 -61.396 145.75 -37.3042 -68.2087 133.05 -37.2588 -53.5917 158.033 
-37.1665 -135.295 -298.965 -37.1439 -121.14 -139.847 -37.1068 -127.965 -339.172 
-37.0005 -40.9409 184.297 -36.949 69.8682 -91.1199 -36.814 -114.732 -12.5289 
-36.7522 -74.4086 120.077 -36.7187 -46.1855 170.665 -36.7172 13.9102 -393.917 
-36.6508 65.9373 -104.919 -36.3493 -23.7679 -384.325 -36.2426 -121.985 -154.471 
-36.1573 -135.347 -284.931 -36.0763 -80.3189 106.999 -35.931 51.9281 -399.971 
-35.7309 40.4002 -282.5 -35.6235 -123.349 -168.998 -35.5418 -119.528 -348.521 
-35.4445 -133.148 -226.797 -35.4395 -134.714 -241.467 -35.4223 -135.393 -270.717 
-35.4085 -86.0686 93.7925 -35.3605 -130.812 -212.267 -35.3284 -125.511 -183.44 
-35.2861 -135.277 -256.176 -35.2666 -128.113 -197.828 -35.2526 56.9992 -332.165 
-35.1767 10.3989 211.983 -34.6996 34.6474 208.117 -34.6253 -91.6528 80.4851 
-34.5007 -61.2282 -374.96 -34.4516 66.9513 -368.685 -33.7384 -97.3241 67.1785 
-33.6785 -14.9497 214.871 -33.5976 -112.475 -27.8031 -33.3494 -109.042 -356.426 
-33.1271 37.1784 -268.763 -32.6741 -102.77 53.7127 -32.5256 64.6158 185.488 
-32.4402 78.1599 160.345 -32.2899 54.7696 197.187 -32.1135 72.0705 173.02 
-31.8157 -10.1896 -387.725 -31.7763 27.8309 -396.991 -31.4528 52.882 -318.983 
-31.4399 -107.345 39.8674 -31.4075 82.7344 146.001 -30.9555 34.6957 -254.676 
-30.8899 95.1249 59.0349 -30.8329 64.1985 -394.285 -30.8112 94.687 73.4961 
-30.7813 95.1529 44.6405 -30.6236 93.562 87.9266 -30.5689 -97.4349 -363.274 
-30.5155 -47.6071 -378.072 -30.4543 94.4746 30.3303 -30.4421 86.2309 131.29 
-30.2396 91.791 102.308 -30.0974 92.7577 16.0811 -30.0796 89.3263 116.729 
-29.9994 -111.057 25.6905 -29.6628 64.059 -354.986 -29.6089 90.3439 1.96419 
-29.1437 -110.093 -44.1068 -29.1348 33.4517 -240.042 -28.9698 -41.1438 210.231 
-28.8817 87.6343 -12.1688 -28.335 -113.564 11.2172 -28.058 -1.46789 214.501 
-28.0354 48.643 -305.469 -28.0286 -110.246 -59.1178 -27.7371 84.6047 -26.5433 
-27.6081 33.6374 -224.026 -27.484 -84.7765 -368.347 -27.2287 3.48384 -390.915 
-27.1959 -112.489 -73.8346 -27.0151 59.5335 -123.431 -26.9272 -45.7221 195.513 
-26.8801 41.4737 -399.385 -26.8626 -115.96 -88.302 -26.8259 -119.755 -102.701 
-26.82 80.9333 -40.852 -26.7909 45.6023 204.516 -26.7536 55.2945 -137.133 
-26.6352 -137.994 -305.013 -26.6341 -114.134 -3.46599 -26.5349 35.9912 -207.226 
-26.4724 -122.497 -117.208 -26.3828 -137.359 -319.518 -26.3437 -34.0059 -381.332 
-26.3375 50.7878 -150.844 -26.2432 77.4001 -55.0033 -26.0435 39.2831 -192.624 
-26.0181 46.5443 -164.589 -25.9182 42.8044 -178.567 -25.8765 23.5771 211.039 
-25.8259 -124.469 -131.729 -25.8159 74.0926 -69.1355 -25.7821 63.3476 -110.422 
-25.683 -138.186 -290.872 -25.4253 -48.1063 180.445 -25.3972 -133.05 -333.392 
-25.3747 70.7892 -83.222 -25.336 68.3155 -380.193 -25.2883 -59.6328 153.216 
-25.2375 60.8923 -341.716 -25.1465 -52.5828 166.169 -25.1277 -125.939 -146.345 
-25.0784 -66.7344 140.593 -25.0171 67.1454 -97.1507 -25.0129 -113.369 -18.0934 
-24.9409 44.3397 -291.766 -24.9358 -27.3909 216.314 -24.55 -73.0871 127.708 
-24.4961 -127.116 -160.918 -24.153 -126.323 -342.229 -24.1274 -111.435 -32.5671 
-24.0665 -128.838 -175.36 -24 -71.3907 -371.928 -23.8664 -131.226 -189.742 
-23.7798 -78.8262 114.599 -23.7545 -133.758 -204.203 -23.622 -136.128 -218.789 
-23.4376 -138.073 -233.478 -23.1804 -138.875 -277.568 -23.1045 -84.4265 101.414 
-23.0813 -138.992 -248.316 -22.7531 -139.102 -263.15 -22.5404 17.2274 -394.013 
-22.4642 11.7941 213.368 -22.3858 -89.7313 88.086 -22.335 -117.575 -349.527 
-22.2213 40.5409 -277.996 -21.9825 -20.473 -384.792 -21.9544 55.014 -399.312 
-21.585 -94.8935 74.672 -21.2943 56.9647 -328.79 -20.6777 -99.7784 61.1434 
-20.4295 60.6595 190.343 -20.2601 -57.811 -375.047 -20.16 66.988 -365.686 
-20.1373 -13.1611 216.784 -19.8659 37.2011 -264.105 -19.8254 67.6232 178.571 
-19.7385 -106.185 -357.627 -19.6514 -104.403 47.4927 -19.4643 73.4506 165.754 
-18.9457 78.0179 152.046 -18.5787 35.9038 208.58 -18.573 81.6657 137.849 
-18.5127 -108.007 33.5029 -18.4413 91.6956 66.2442 -18.4065 90.7733 80.5252 
-18.3939 91.926 51.9717 -18.2482 89.2451 94.7974 -18.1613 91.906 37.8459 
-18.0861 84.8764 123.476 -18.0449 87.4718 109.14 -18.0092 34.9633 -250.016 
-17.8581 91.1841 23.8041 -17.7042 30.9017 -397.004 -17.6367 52.8432 -315.29 
-17.5605 -6.89468 -388.146 -17.4752 89.6158 9.81871 -17.2221 -110.915 19.2909 
-16.937 87.4236 -4.23734 -16.8212 -94.4005 -363.952 -16.5066 66.3304 -391.858 
-16.5032 34.1529 -235.723 -16.28 -50.3183 205.595 -16.2764 -44.2739 -378.413 
-15.965 84.6223 -18.581 -15.8488 -112.313 4.86784 -15.636 -110.67 -51.4193 
-15.5066 -140.371 -296.383 -15.4563 64.1612 -351.981 -15.4391 0.514455 215.496 
-15.4164 34.3206 -222.025 -15.3044 -112.779 -66.0547 -15.1487 -139.933 -311.363 
-14.8295 -116.184 -80.5084 -14.7502 34.9736 -213.524 -14.6595 -52.2267 190.008 
-14.6573 -110.395 -37.331 -14.6267 -120.001 -94.9034 -14.6147 -140.401 -282.027 
-14.5525 -39.2984 215.868 -14.526 -112.483 -9.58681 -14.3801 -123.195 -109.371 
-14.3352 48.6112 -301.586 -14.26 81.2156 -33.1983 -14.1418 37.2286 -199.568 
-14.1202 55.4453 -129.732 -13.9461 -125.785 -123.858 -13.9134 51.2005 -143.484 
-13.9098 -137.386 -326.271 -13.8607 59.4217 -116.295 -13.8186 -111.553 -23.7924 
-13.7909 40.1766 -185.538 -13.7378 -53.8179 174.875 -13.6763 43.6489 -171.508 
-13.672 47.2732 -157.417 -13.5389 77.5995 -47.5161 -13.4859 -81.5141 -368.628 
-13.4454 74.0021 -61.5246 -13.387 -127.758 -138.419 -13.3119 70.5243 -75.5197 
-13.2922 -57.6897 160.568 -13.1871 63.1576 -103.067 -13.1227 66.8697 -89.4348 
-13.0433 6.79578 -391.12 -12.8929 44.4759 -399.257 -12.8921 -64.3041 147.571 
-12.8477 -129.202 -152.998 -12.3801 47.4352 204.001 -12.3603 -130.596 -167.463 
-12.3211 -70.8911 134.772 -12.1266 -30.6828 -381.615 -12.0214 -132.503 -181.83 
-11.7876 -128.843 -340.096 -11.7571 -134.717 -196.243 -11.755 13.6121 214.261 
-11.5394 -76.843 121.78 -11.4523 -136.96 -210.803 -11.3813 44.3401 -287.649 
-11.1497 60.8221 -338.572 -11.1111 -139.269 -225.441 -10.8844 68.474 -377.169 
-10.7139 -82.3443 108.67 -10.678 -140.913 -240.208 -10.6561 -24.7956 216.924 
-10.1162 -141.495 -255.138 -10.031 -87.7352 95.443 -9.9323 -68.0245 -372.023 
-9.30704 -141.66 -270.212 -9.29886 -92.5011 81.9651 -8.99728 -115.999 -350.621 
-8.78559 56.1326 196.184 -8.78147 40.3487 -273.509 -8.51515 -97.0477 68.3922 
-8.39711 20.4431 -394.176 -8.24069 26.5081 212.544 -7.80819 -17.1566 -385.062 
-7.78526 57.9868 -398.458 -7.65562 -101.276 54.7194 -7.6534 63.1527 185.05 
-7.36199 56.7254 -325.281 -6.98475 68.8891 172.114 -6.75627 37.1591 -259.481 
-6.73492 -105.084 40.9311 -6.45568 73.9543 158.536 -6.29234 -10.5226 216.481 
-6.17072 -103.863 -358.709 -6.15668 -54.5077 -375.463 -6.08192 77.7563 144.402 
-6.06243 89.0853 59.0733 -6.04901 -141.927 -286.485 -6.04217 88.4272 73.2286 
-5.99704 89.2293 45.0833 -5.98587 87.1099 87.3957 -5.86025 66.7534 -362.822 
-5.83507 85.5433 101.578 -5.82328 80.809 130.07 -5.81707 89.1176 31.2072 
-5.70574 -108.145 26.9436 -5.68647 83.7849 115.87 -5.58888 88.2997 17.4175 
-5.18531 35.2739 -245.483 -5.14822 86.6861 3.74786 -4.66553 -109.868 12.6852 
-4.42852 84.2245 -10.2889 -4.01082 34.5935 -231.964 -3.8169 52.7077 -311.805 
-3.70925 -141.874 -302.376 -3.6449 33.9251 -397.21 -3.6349 -110.723 -1.62805 
-3.44108 39.3711 210.046 -3.41354 -3.57806 -388.34 -3.24318 -55.4681 199.136 
-3.11066 34.7791 -219.282 -3.05959 -111.641 -58.5025 -3.05296 -91.2337 -364.378 
-2.8536 -109.725 -44.2446 -2.73183 -110.407 -15.9325 -2.69491 -115.135 -72.9518 
-2.50853 -109.621 -30.1445 -2.46571 -56.3689 183.572 -2.45607 -47.7127 211.352 
-2.45335 -140.775 -317.745 -2.39338 35.7224 -206.243 -2.36063 -119.044 -87.3334 
-2.16823 -40.9516 -378.699 -2.08939 -122.497 -101.772 -2.05959 67.7315 -388.875 
-1.94027 3.1779 215.81 -1.8216 37.6993 -192.546 -1.76466 -125.584 -116.214 
-1.70107 -57.049 168.184 -1.54523 54.9624 -122.471 -1.54398 40.8538 -178.567 
-1.4727 51.2706 -136.234 -1.41565 44.4824 -164.483 -1.35085 47.8656 -150.288 
-1.32537 -128.079 -130.702 -1.23337 63.9724 -348.97 -1.21112 58.9017 -109.114 
-1.0003 80.5229 -25.8453 -0.954501 62.6869 -95.7229 -0.941008 -61.3836 154.154 
-0.863324 66.4318 -82.0025 -0.860488 -129.784 -145.281 -0.663214 48.305 -298.045 
-0.647663 70.1868 -68.1869 -0.49637 -135.796 -332.403 -0.420333 -130.937 -159.754 
-0.181455 -67.8449 141.319 -0.105818 73.7196 -54.3797 -0.037517 -132.421 -174.047 
0.002083 -35.3303 214.795 0.307322 -134.111 -188.363 0.398112 -78.1146 -368.736 
0.455187 77.0822 -40.5629 0.652618 -74.1675 128.515 0.777114 -135.919 -202.875 
1.01564 50.5869 203.631 1.09106 10.0234 -391.458 1.2162 47.4563 -399.171 
1.2562 -138.2 -217.489 1.5528 -79.7541 115.493 1.78037 -140.599 -232.098 
1.97868 -27.3847 -381.876 2.01136 -124.957 -343.315 2.14627 43.9929 -283.693 
2.17719 16.5482 215.021 2.32442 -85.071 102.332 2.41892 -142.214 -246.883 
2.91638 60.4759 -335.357 3.06254 -90.2247 89.0759 3.30384 -142.585 -261.89 
3.40139 -21.3517 215.414 3.52418 68.6117 -374.162 3.78355 -94.3794 75.4473 
3.9672 58.6938 192.704 4.07496 -64.6908 -372.429 4.44561 39.886 -269.017 
4.52686 -98.4442 61.7718 4.68464 -112.955 -352.354 4.84586 -142.699 -277.174 
5.31706 -102.295 48.0597 5.41874 65.0382 179.657 5.70097 23.5663 -394.531 
6.12079 -105.559 34.2049 6.15821 70.2946 165.48 6.19348 87.6132 38.1613 
6.23908 36.9861 -254.555 6.28152 -13.8735 -385.259 6.28605 87.7012 52.1007 
6.32544 87.3096 24.5055 6.42837 61.1066 -397.606 6.44171 87.3859 66.0702 
6.44998 81.7213 -15.6439 6.50626 29.8473 213.528 6.54283 74.6589 151.192 
6.5792 56.3124 -321.952 6.6208 86.4976 80.1061 6.71635 86.329 11.0805 
6.80771 84.8197 94.124 6.84414 78.1772 136.875 6.90197 84.3409 -2.15513 
6.94997 -107.663 20.1441 6.99474 83.3303 108.333 7.01531 81.1984 122.634 
7.40621 -142.697 -293.004 7.54564 35.4835 -240.568 7.62402 -100.587 -359.777 
7.66585 -7.36811 215.152 7.75723 -108.696 5.95341 7.94373 -51.1743 -375.778 
8.47866 -109.074 -8.32464 8.48448 66.5749 -359.96 8.52368 35.1852 -227.014 
9.00838 -108.627 -22.584 9.17831 -142.441 -308.363 9.18042 -108.47 -36.9151 
9.27985 -109.808 -51.1976 9.3908 35.6325 -213.655 9.47953 -58.3123 191.811 
9.50482 -113.06 -65.5644 9.88974 -117.265 -79.8863 9.94107 52.0406 -308.488 
10.0023 -57.7749 175.635 10.0962 36.7666 -199.966 10.2352 -121.077 -94.2833 
10.4205 -52.9134 206.251 10.4555 37.0562 -397.521 10.5435 39.144 -185.957 
10.5609 -124.349 -108.736 10.701 -0.316831 -388.481 10.7144 42.6118 -171.949 
10.819 -87.8717 -365.171 10.8541 42.952 210.248 10.8937 46.0431 -157.83 
10.904 -59.5492 161.05 10.9114 -127.166 -123.209 11.0286 -140.017 -323.453 
11.0353 49.0606 -143.587 11.0545 52.1363 -129.454 11.1369 55.876 -115.753 
11.2985 -129.209 -137.734 11.4079 59.87 -102.387 11.6254 63.572 -88.8781 
11.6675 -130.461 -152.24 11.7619 -64.7004 147.702 11.9741 -37.6139 -378.823 
11.9963 -131.572 -166.415 12.0293 6.3113 214.812 12.1096 67.4779 -75.2758 
12.3641 -132.999 -180.462 12.3653 68.6692 -385.937 12.6867 -71.1038 134.992 
12.8445 71.1654 -61.6305 12.8623 -134.666 -194.776 12.9255 47.4581 -294.779 
12.978 63.6097 -345.922 13.2772 -132.171 -336.346 13.4542 -136.547 -209.371 
13.5477 -33.2319 212.939 13.6839 -76.8985 122.061 13.8526 74.7612 -48.1024 
14.1258 -139.181 -223.92 14.3583 -74.7197 -369.274 14.4731 53.8372 201.181 
14.5705 -82.3221 109.002 14.8804 -141.537 -238.527 15.1242 77.6598 -34.5767 
15.1902 13.275 -391.527 15.3863 -87.309 95.7735 15.4522 50.7114 -399.389 
15.5979 42.8494 -279.338 15.718 -120.967 -346.006 15.7648 -142.537 -253.37 
16.1351 -24.1245 -382.148 16.1406 -91.8259 82.3381 16.4806 19.9196 214.261 
16.8546 -95.8001 68.6884 16.9326 59.9512 -332.189 16.9374 -142.725 -268.35 
16.9382 61.2857 188.905 17.2128 80.2203 -21.582 17.282 -17.8162 213.43 
17.5614 -100.026 55.1015 17.7153 38.8163 -263.54 17.8538 68.7802 -371.172 
18.1433 -61.3084 -372.778 18.2726 87.76 31.052 18.2769 -103.947 41.4359 
18.3571 -109.423 -354.507 18.4687 88.1429 44.9131 18.5191 87.1091 17.5749 
18.5219 67.7577 174.193 18.6984 -142.594 -283.581 18.7718 88.2845 58.9408 
18.9705 -106.448 27.4666 19.0307 82.9703 -8.53827 19.0967 87.8766 73.0406 
19.2056 36.7085 -248.872 19.2954 72.9865 158.491 19.4654 86.4819 86.9894 
19.6116 85.5136 4.85484 19.6446 -107.908 13.3743 19.68 77.1299 143.914 
19.7171 84.9222 101.084 19.7906 26.7533 -394.805 19.8872 82.786 115.251 
19.8986 80.1939 129.518 20.2214 -108.55 -0.833429 20.3176 35.9946 -235.002 
20.4262 -10.5854 -385.287 20.4949 55.5955 -318.75 20.7174 -142.484 -298.778 
20.7556 -108.193 -15.1308 20.9015 33.4157 213.067 20.9639 64.576 -396.788 
21.175 36.2619 -221.408 21.1816 -107.839 -29.5071 21.3543 -97.5065 -361.708 
21.4209 -108.358 -43.8892 21.5987 -3.94181 213.24 21.6762 -110.919 -58.2673 
21.9291 37.1133 -207.71 21.9953 -57.4208 182.241 22.0859 -114.964 -72.5479 
22.0885 -47.7635 -375.851 22.5008 38.9862 -193.774 22.5213 -119.114 -86.8918 
22.5993 -57.7992 167.597 22.6176 -57.0411 198.702 22.6926 -141.654 -313.768 
22.7824 42.0458 -179.761 22.7928 66.3337 -356.965 22.911 -122.757 -101.305 
22.9464 45.508 -165.746 23.2337 48.7931 -151.597 23.2607 -125.807 -115.783 
23.4045 51.9945 -137.491 23.5256 55.4128 -123.55 23.5518 -62.0158 154.098 
23.5883 -128.039 -130.323 23.6755 50.8663 -305.426 23.7056 59.2096 -109.933 
23.8772 -129.575 -144.882 24.0099 62.9938 -96.5004 24.1343 -130.739 -158.987 
24.3723 -44.9508 208.745 24.4323 -131.951 -172.617 24.5528 66.7184 -83.0269 
24.6152 -67.9723 141.402 24.6279 40.1898 -397.932 24.719 -84.6459 -366.239 
24.8006 -137.341 -328.071 24.8272 3.00244 -388.369 24.8606 -133.566 -186.512 
24.9025 46.6687 208.445 25.3672 70.4219 -69.437 25.5101 -135.244 -200.946 
25.7053 -73.8536 128.585 26.0734 9.78756 213.035 26.1494 -34.2795 -379.08 
26.2974 -137.516 -215.434 26.3092 46.4366 -292.633 26.3594 74.0299 -55.8401 
26.7335 -79.2836 115.567 26.826 69.6788 -382.758 27.0039 -128.06 -339.454 
27.0583 -28.7849 211.026 27.1673 -139.92 -229.952 27.1681 63.085 -342.675 
27.5432 44.1922 -285.467 27.6291 -84.4375 102.421 27.6451 77.2567 -42.2644 
27.7761 56.5726 197.985 28.1589 -141.605 -244.631 28.3615 -71.3473 -369.786 
28.4582 -89.2756 89.14 29.1788 80.2462 -28.8546 29.242 -93.9061 75.7356 
29.2545 -142.074 -259.479 29.3107 16.545 -391.655 29.3396 40.5847 -272.155 
29.3905 88.956 23.3841 29.4 -117.114 -348.439 29.8679 53.8836 -399.557 
29.9363 -98.2778 62.1846 29.9915 64.2901 185.512 30.0518 89.8571 37.3909 
30.3306 -20.8162 -382.391 30.5513 -141.967 -274.435 30.5746 -102.829 48.6798 
30.6181 90.2644 51.5406 30.6513 23.3759 212.696 30.901 58.9499 -328.929 
30.9867 37.7714 -256.888 31.0287 83.0312 -15.5087 31.091 90.474 65.6874 
31.1515 -14.027 211.227 31.1674 -106.637 34.9345 31.4674 71.3699 169.618 
31.658 89.7606 79.781 31.7675 -108.917 20.8583 32.0668 -106.212 -356.585 
32.0999 88.5525 93.9307 32.1381 36.7169 -242.988 32.2439 68.7304 -368.024 
32.2529 -57.8424 -372.906 32.2614 -141.456 -289.352 32.2671 77.7267 151.167 
32.3045 -109.649 6.598 32.4407 86.4717 108.049 32.6169 81.2986 136.676 
32.6298 85.8769 -1.86718 32.6465 84.0887 122.298 32.7835 -109.213 -7.7093 
33.0412 36.7989 -229.301 33.1574 -108.41 -22.0817 33.3046 88.1809 11.8127 
33.4819 -107.731 -36.5151 33.7675 -108.945 -50.9973 33.7767 37.6497 -215.576 
33.9287 29.9395 -395.078 33.9951 -54.7365 187.237 34.1915 -112.34 -65.3464 
34.3226 -55.2496 173.657 34.3262 -141.021 -304.019 34.3391 54.1318 -315.469 
34.4189 39.1874 -201.7 34.6267 -7.26712 -385.481 34.7367 -116.523 -79.6301 
34.7661 -51.4545 201.897 34.7911 41.9042 -187.729 34.9226 45.3578 -173.798 
35.053 48.8418 -159.831 35.0653 37.1354 211.364 35.1639 -94.2039 -362.672 
35.2151 52.3518 -145.876 35.2212 -58.7163 160.407 35.234 -120.638 -93.9583 
35.3144 55.967 -132.019 35.5293 -0.309713 210.982 35.5713 59.5157 -118.156 
35.6499 -124.033 -108.428 35.6928 67.1309 -394.049 35.9138 63.2669 -104.532 
35.9646 -126.547 -122.992 36.2027 -128.166 -137.63 36.2416 -44.3218 -376.014 
36.3914 -129.577 -151.926 36.4011 -64.4128 147.782 36.4823 -139.527 -318.783 
36.5201 66.9209 -91.046 36.5807 -130.545 -165.19 36.7632 -38.1808 207.789 
36.8262 -131.575 -178.172 36.967 65.8468 -353.562 37.4278 -133.337 -192.187 
37.4533 70.5791 -77.5772 37.4969 49.1738 -302.126 37.6164 -70.4578 135.153 
38.2454 -135.206 -206.704 38.5527 -133.237 -331.812 38.6101 73.9133 -63.9125 
38.6268 50.1829 205.446 38.692 -81.2351 -366.816 38.7311 -75.7745 122.136 
38.8477 43.1777 -397.937 38.8663 89.4238 14.5185 39.0085 6.34267 -388.496 
39.1945 -137.309 -221.261 39.7764 -81.078 109.04 39.8143 45.1747 -290.026 
39.8897 77.0224 -50.162 40.1774 13.2983 210.913 40.3251 -139.58 -235.852 
40.347 -30.934 -379.562 40.5479 -23.936 209.045 40.6789 91.5182 29.0866 
40.6976 -86.334 95.8617 40.7443 -123.981 -342.362 41.0819 61.9038 -339.235 
41.1754 59.7813 195.103 41.2539 80.2838 -36.5013 41.4142 -140.455 -250.59 
41.4668 41.7539 -277.996 41.5284 70.2272 -379.11 41.5909 -91.8758 82.8053 
41.8024 92.7942 43.5157 42.3516 -96.9723 69.4877 42.4318 -67.8536 -370.057 
42.5082 -140.112 -265.392 42.5389 93.4214 57.8276 42.8997 38.6809 -264.375 
42.9307 83.1901 -22.9235 42.9939 -101.777 56.0123 43.0685 67.8625 183.02 
43.1521 -113.534 -350.703 43.3206 93.4449 72.2172 43.4541 19.832 -391.867 
43.5753 -106.246 42.392 43.9042 -139.45 -280.154 44.0019 92.8674 86.625 
44.0297 -109.525 28.3794 44.0336 37.0624 -250.836 44.1013 -45.3596 202.424 
44.1031 73.9776 170.595 44.3531 57.1495 -398.849 44.4822 -111.128 14.0742 
44.53 91.4024 100.932 44.5606 -17.4293 -382.781 44.5939 79.0365 158.114 
44.6873 57.1326 -325.424 44.766 86.2598 -9.19129 44.842 27.0284 210.713 
44.8986 -111.317 -0.338926 44.929 89.1292 115.131 44.9302 -10.2523 208.799 
44.9612 36.6481 -237.171 45.0379 83.2692 143.914 45.106 86.5902 129.441 
45.3015 -110.289 -14.7186 45.598 -49.5027 191.452 45.6138 -108.34 -29.171 
45.6828 -138.648 -294.75 45.7034 37.2519 -223.419 45.7427 -50.821 178.868 
45.8403 -107.566 -43.7427 45.8935 -102.685 -357.798 46.2108 -109.49 -58.2492 
46.3404 38.8494 -209.608 46.3432 -54.3101 -372.999 46.4869 -53.9203 166.061 
46.704 51.4954 -154.175 46.7318 67.9865 -364.089 46.783 55.4173 -140.49 
46.8223 -113.367 -72.5135 46.8661 47.9329 -167.921 46.8667 41.1542 -195.64 
47.0334 44.2905 -181.69 47.053 58.9543 -126.667 47.1048 89.4072 5.0872 
47.4692 -117.607 -86.8012 47.5326 62.6214 -112.879 47.8944 -137.63 -309.217 
47.96 -59.6956 153.891 47.9906 -121.37 -101.211 48.0051 33.2075 -395.145 
48.2829 66.3247 -99.229 48.3259 -124.086 -115.823 48.4981 -125.65 -130.479 
48.6524 -127.206 -145.123 48.7022 -128.197 -158.978 48.7484 -128.841 -170.784 
48.8361 51.9125 -311.573 48.8735 -3.83205 -385.748 49.0525 41.1672 208.653 
49.055 -129.806 -182.936 49.1005 -90.6925 -363.118 49.2464 70.0328 -85.6544 
49.3743 -66.0662 141.494 49.4636 -33.3784 205.424 49.5581 3.24427 208.526 
49.8836 -131.521 -197.501 50.1594 -135.194 -323.133 50.3948 -40.8878 -376.411 
50.5651 73.2684 -71.9646 50.5754 68.677 -390.416 50.5868 -71.611 128.629 
50.8055 -133.235 -212.301 50.9999 64.4648 -349.574 51.088 92.4956 20.4944 
51.6965 47.0054 -297.982 51.7139 -77.0407 115.595 51.8366 -134.804 -227.042 
52.0196 76.2982 -58.1204 52.2885 53.4759 202.118 52.3128 -129.493 -335.606 
52.6204 -77.7923 -366.995 52.8104 -82.6539 102.536 52.9275 94.7498 35.193 
52.9847 46.3169 -397.783 53.1186 -136.426 -241.725 53.2449 9.75038 -388.94 
53.3901 79.3052 -44.289 53.5983 42.8974 -284.886 53.7882 60.1996 -335.651 
53.7982 -88.4458 89.5367 53.9852 96.3752 49.6837 54.057 -20.0833 206.115 
54.2111 -136.6 -256.458 54.3734 16.8642 208.857 54.4056 -120.022 -344.852 
54.5528 -27.473 -379.865 54.7353 -94.3136 76.5058 54.8093 63.2013 192.313 
54.828 97.1093 64.2059 54.8946 39.3834 -271.863 54.9405 82.5358 -30.627 
55.3139 -41.35 196.699 55.3371 -135.896 -271.11 55.4929 -99.7464 63.2169 
55.6506 97.0408 78.7593 55.9661 36.9519 -258.654 56.1298 -104.65 49.6799 
56.2415 71.7191 180.312 56.2946 69.3266 -375.229 56.3227 -44.1902 184.129 
56.3824 96.2436 93.4646 56.4066 -64.3365 -370.126 56.5853 -108.831 35.8288 
56.6639 85.8492 -16.8406 56.8016 -110.075 -352.291 56.8575 35.6754 -245.079 
56.8836 -135.245 -285.616 56.9025 -111.857 21.6258 56.9231 94.5096 107.983 
56.9828 79.4619 165.805 57.1457 -47.54 171.168 57.1513 -113.195 7.12044 
57.3314 91.9703 122.291 57.3997 85.0273 150.931 57.4677 89.0865 136.56 
57.5137 -112.372 -7.44804 57.6323 23.2304 -392.233 57.6454 35.7772 -231.256 
57.8871 52.8268 -148.61 57.9029 -110.252 -21.9633 58.0535 -107.634 -36.4707 
58.0713 56.6878 -134.939 58.2383 -107.326 -51.1515 58.2992 36.9593 -217.397 
58.4765 49.089 -162.076 58.673 60.635 -121.226 58.7595 -109.64 -65.5897 
58.7734 89.3475 -2.76788 58.8123 -6.76513 206.08 58.8433 -13.8736 -383.126 
58.9079 39.136 -203.459 58.9471 60.4241 -398.146 58.9475 -53.5365 159.299 
58.9936 -134.392 -299.932 59.0782 30.9769 209.125 59.2841 45.3163 -175.519 
59.3763 41.9327 -189.382 59.5208 -99.7147 -358.426 59.5267 -113.5 -79.8665 
59.5611 64.3532 -107.462 60.1353 -117.335 -94.2458 60.291 -124.723 -171.276 
60.393 -50.8239 -373.301 60.4815 -124.192 -153.534 60.5431 -120.393 -108.827 
60.6262 -122.022 -123.593 60.6316 -123.296 -138.479 60.721 68.0375 -93.6968 
60.8102 -60.5994 147.58 60.921 66.3026 -360.036 60.9354 -126.242 -188.002 
61.3408 -133.136 -313.935 61.483 92.7876 11.8699 61.8745 -127.746 -203.066 
61.9764 36.4261 -395.438 62.1397 71.4055 -79.894 62.1768 -29.7585 200.666 
62.2236 -66.5377 134.933 62.6955 53.8306 -319.913 62.6986 -87.8683 -363.267 
62.9208 -129.282 -217.916 63.0939 45.0962 206.695 63.1998 -0.197198 -386.221 
63.4885 -72.229 122.037 63.7102 6.56151 206.177 63.7789 74.5655 -65.9914 
63.8058 -131.045 -326.98 63.9563 48.8095 -306.624 64.022 -130.521 -232.774 
64.0308 62.4257 -345.584 64.0418 96.0649 26.738 64.5303 -37.3769 -376.747 
64.7629 -78.306 109.172 64.7707 58.1169 -332.221 65.2125 -131.258 -247.536 
65.4095 77.6069 -52.0567 65.6215 98.4551 41.4621 65.6336 -35.6424 189.355 
65.6582 68.9472 -386.671 65.6583 44.2201 -293.109 65.9076 -84.2406 96.2224 
65.9765 -124.612 -338.429 66.224 56.8664 199.341 66.357 -74.5362 -367.031 
66.395 -131.141 -262.164 66.5708 99.9112 56.0829 66.8131 49.2115 -397.553 
66.9611 -90.2601 83.223 66.9842 80.9565 -38.2388 66.9979 40.1413 -279.781 
67.0136 -39.8763 176.365 67.4468 -16.7602 201.905 67.4486 100.503 70.7431 
67.5794 13.3665 -389.56 67.8444 -130.741 -276.547 67.9021 -96.1993 70.1373 
67.9976 36.9481 -266.561 68.3398 100.132 85.5109 68.3532 66.7784 189.193 
68.476 53.0721 -143.076 68.4761 -114.696 -347.872 68.581 84.4357 -24.4703 
68.6294 20.2859 206.754 68.6666 -101.688 56.7614 68.7832 34.9901 -253.059 
68.8088 -23.7809 -380.147 69.0137 98.949 100.366 69.2225 49.0233 -156.459 
69.2251 -106.643 43.1101 69.2539 -46.2114 164.31 69.2905 57.1467 -129.276 
69.4912 75.332 177.754 69.531 34.1077 -239.164 69.5395 96.7218 114.997 
69.5821 -110.618 29.0446 69.7476 -113.612 14.6769 69.83 -130.353 -290.739 
69.8744 79.5506 170.682 69.9062 94.0277 129.43 69.9103 -113.896 -0.114022 
70.0732 90.464 143.485 70.1283 85.6599 157.193 70.1774 34.4964 -225.188 
70.2134 -112.074 -14.8683 70.2647 -60.9157 -370.36 70.281 -106.166 -44.1 
70.3764 -108.501 -29.474 70.4704 88.0898 -10.6414 70.4819 61.1946 -115.512 
70.5578 -105.924 -58.7559 70.5929 -106.531 -353.258 70.7884 35.9481 -211.21 
70.799 66.7983 -370.907 71.1767 -108.211 -73.2113 71.2927 -119.619 -178.754 
71.3299 -119.066 -162.582 71.4518 38.1397 -197.047 71.6775 -53.7449 153.223 
71.8577 -111.79 -87.5574 71.8701 64.9604 -101.721 71.8779 26.7495 -392.829 
71.8834 -118.831 -146.984 72.0796 41.1441 -182.84 72.1422 -129.657 -304.648 
72.1604 -120.923 -194.069 72.3615 44.8029 -168.721 72.3787 -118.434 -131.843 
72.4839 -115.357 -102.009 72.5441 -117.35 -116.853 72.6012 -3.74251 202.342 
72.7097 -98.3659 -358.644 72.7366 91.9781 3.61266 73.1856 -122.268 -209.001 
73.1977 -10.0702 -383.488 73.2102 -24.8845 193.13 73.3858 34.395 207.222 
73.4388 68.4469 -87.8619 73.5877 -60.5079 141.11 73.5974 61.8582 -396.487 
74.3492 -123.697 -223.772 74.3843 -47.2942 -373.628 74.6752 63.3451 -355.77 
74.9282 -128.923 -318.361 74.9921 -66.4661 128.331 75.1467 71.6884 -73.8911 
75.1855 95.8666 18.1878 75.5639 -124.738 -238.62 75.7256 39.6527 -395.613 
76.2104 -85.0666 -363.527 76.4083 -31.2144 181.343 76.4506 -72.8061 115.583 
76.6501 58.9857 -341.537 76.6898 50.0707 -315.123 76.7824 54.6637 -328.279 
76.9168 74.9064 -59.9151 76.9348 -125.344 -253.195 77.176 98.934 32.9775 
77.3949 48.1206 203.792 77.5147 -126.674 -330.551 77.6485 3.69548 -386.698 
77.7862 -79.1271 102.778 77.8408 9.50189 203.099 78.0619 45.3254 -301.523 
78.1854 48.1881 -151.542 78.4205 -125.303 -267.604 78.5454 101.203 47.8625 
78.67 -33.6741 -376.967 78.702 78.4022 -46.0215 79.0182 -37.7407 169.411 
79.024 -85.5402 89.9393 79.2536 40.6368 -288.037 79.3847 52.3664 -137.229 
79.5595 102.58 62.6341 79.6638 50.9837 -396.272 79.7825 -119.665 -341.27 
79.9691 -13.3455 195.631 80.005 -71.2866 -367.201 80.0846 -91.5718 76.8491 
80.145 36.9326 -274.535 80.2178 60.0521 195.818 80.3853 -125.304 -281.788 
80.4108 65.107 -382.066 80.4985 82.0515 -32.1979 80.5783 102.509 77.574 
80.8041 34.3523 -260.97 80.927 56.6508 -123.294 81.0404 -97.5975 63.6712 
81.3196 32.6332 -247.223 81.3531 101.923 92.4818 81.6453 -112.912 -170.528 
81.7599 -103.004 50.1312 81.7801 69.9632 185.343 81.7836 -113.478 -185.732 
81.8517 32.0321 -233.175 81.9672 99.99 107.277 81.9769 -45.7252 158.494 
82.0329 17.3982 -389.893 82.2726 -107.872 36.3097 82.278 85.7277 -18.341 
82.2784 -112.015 -7.46686 82.3331 -112.897 -155.195 82.3712 -108.989 -22.3702 
82.4364 32.3327 -218.969 82.4386 -113.169 7.36068 82.4749 -111.544 22.0378 
82.5446 60.6631 -109.524 82.5449 97.284 121.87 82.5896 -102.471 -52.2409 
82.6699 -102.558 -66.7088 82.6899 77.7534 174.753 82.7007 -114.462 -200.661 
82.7152 -105.052 -37.5393 82.7625 -124.967 -295.881 82.8723 94.1045 136.333 
82.9206 -108.5 -351.587 83.0299 23.2143 204.173 83.04 89.5625 150.213 
83.0498 -19.8226 -380.435 83.0631 33.6137 -204.848 83.0741 84.0704 163.119 
83.182 -112.942 -140.161 83.2476 -105.297 -81.0725 83.8329 -108.687 -95.4468 
83.8594 -112.652 -125.131 83.9108 -115.954 -215.314 83.997 35.5749 -190.48 
84.0306 -111.175 -110.165 84.0479 -57.4112 -370.567 84.2665 89.8332 -4.43597 
84.4034 64.3524 -95.6847 84.5142 -53.4214 147.062 84.7149 62.3025 -366.525 
84.9081 -21.317 185.538 85.091 38.4777 -175.809 85.4149 -117.502 -229.857 
85.6979 -124.487 -310.167 86.1681 30.9043 -393.012 86.2012 67.8244 -81.7805 
86.247 -59.9613 134.577 86.2518 -95.5017 -359.039 86.3642 -1.29038 197.86 
86.557 94.0369 9.78726 86.8809 42.3767 -160.436 86.9199 -118.666 -244.367 
87.4307 58.2642 -351.663 87.5582 -5.90502 -383.848 87.7185 57.1787 -391.554 
87.8119 37.3302 204.301 87.8321 -66.5145 121.956 88.1091 71.173 -67.8291 
88.326 -43.6311 -373.817 88.5074 -28.6467 174.315 88.5427 -119.21 -258.815 
88.7603 54.0702 -337.601 88.7681 97.5332 24.5226 88.9255 46.6014 -145.206 
88.9782 -123.372 -324.361 89.0477 49.6934 -324.083 89.3442 -73.0144 109.169 
89.4303 44.4599 -394.892 89.7858 -81.8192 -363.835 89.9922 74.6891 -53.8812 
90.2717 44.5383 -310.34 90.3118 -105.32 -27.9463 90.4407 -119.341 -273.051 
90.5254 100.266 39.3983 90.6009 -121.787 -331.507 90.6263 50.8018 -130.971 
90.8098 -79.8711 96.5115 91.3896 51.1363 199.999 91.6676 39.5462 -296.494 
91.6718 -106.349 -177.964 91.8042 -36.7996 163.468 91.8616 102.538 54.354 
91.9345 78.5042 -40.0134 92.0602 7.97513 -387.242 92.0779 -86.4477 83.6204 
92.1467 -106.902 -192.607 92.198 -106.194 -163.272 92.2297 35.2021 -282.769 
92.5294 54.9805 -117.145 92.6628 32.3001 -268.962 92.6877 11.1994 200.303 
92.718 -29.7066 -377.243 92.9076 -119.466 -287.212 92.9573 103.304 69.3512 
93.014 30.3417 -255.161 93.0309 -10.9809 189.644 93.0957 -108.641 -14.4498 
93.1776 -92.5778 70.4395 93.2201 -106.336 -148.371 93.3306 -108.171 -207.234 
93.3335 28.8952 -241.125 93.4484 -114.862 -343.372 93.5424 62.7132 191.019 
93.614 -67.8202 -367.327 93.7759 28.5586 -226.893 93.8428 82.3071 -26.1562 
93.8931 102.721 84.3317 94.052 -98.1398 56.9262 94.0631 58.4901 -377.606 
94.1421 -97.9637 -74.7593 94.2163 28.5669 -212.606 94.2793 -110.45 -0.05886 
94.2985 -106.379 -133.431 94.3254 -96.8581 -60.4701 94.6056 101.645 99.2378 
94.6078 58.9318 -103.362 94.726 -103.351 43.1906 94.7287 -101.017 -89.0789 
94.8432 -105.533 -118.454 94.8687 29.2584 -198.436 94.9113 -45.1644 152.567 
94.9197 -109.928 -221.526 94.9695 72.4076 180.427 94.9992 -110.29 14.5611 
95.0579 -107.505 29.037 95.0762 -103.833 -103.606 95.1951 98.9008 113.936 
95.5239 -98.6373 -46.5672 95.7098 95.7987 128.475 95.7647 86.1351 -12.2374 
95.7828 80.4312 169.131 95.9272 -119.291 -301.734 96.0045 91.8671 142.819 
96.0104 31.1373 -183.865 96.0782 86.6871 156.49 96.2823 21.7488 -390.144 
96.5739 -104.636 -352.816 96.619 -111.432 -235.741 96.6611 34.953 -168.463 
96.7955 62.7846 -89.5632 97.1686 -52.4477 140.584 97.2675 -15.7008 -380.845 
97.3466 55.3959 -362.408 97.6998 -19.2045 179.041 97.7291 -53.7843 -370.725 
97.8169 39.7202 -152.936 97.9625 90.7266 1.65731 98.0681 25.0431 202.602 
98.1867 -112.467 -250.015 98.2524 -101.652 -33.5224 98.9318 66.4892 -75.7158 
99.0343 -59.4972 128.229 99.2101 51.4596 -347.744 99.7474 44.1097 -138.443 
99.792 -92.1672 -359.878 99.8074 35.7149 -391.471 99.8216 -118.8 -317.078 
99.8873 43.5171 -320.256 99.9632 47.5645 -333.783 100.061 -112.786 -264.295 
100.271 94.7781 16.0585 100.32 49.4221 -387.851 100.638 0.00422 193.518 
100.641 -66.3834 115.636 100.946 69.9678 -61.7597 101.487 -27.5066 168.343 
101.633 40.3862 201.096 101.794 -99.5806 -184.982 101.847 -99.3239 -171.214 
101.858 48.1587 -124.528 101.87 -1.78892 -384.431 102.188 -73.1245 102.837 
102.189 -39.7478 -374.156 102.308 98.0356 30.8249 102.518 -113.16 -278.501 
102.6 -100.343 -199.131 102.668 -104.129 -21.4206 102.687 -99.2232 -156.677 
102.969 73.6969 -47.825 103.323 -78.3419 -364.222 103.686 -80.1216 90.101 
103.798 -116.668 -333.004 103.808 -99.1137 -141.767 103.984 100.541 45.8147 
104.027 36.2776 -304.87 104.215 52.2119 -110.819 104.266 -102.085 -213.289 
104.283 28.6607 -277.051 104.292 31.8267 -290.95 104.361 26.339 -263.073 
104.457 24.6567 -248.919 104.592 53.7415 194.766 104.726 23.7134 -234.712 
104.788 -98.6114 -126.859 104.842 -92.2465 -82.8863 104.894 -36.0809 157.67 
104.93 23.2614 -220.404 104.934 -86.4781 76.9722 104.935 -90.2445 -68.5543 
104.986 77.5788 -33.927 105.147 22.7931 -206.129 105.193 101.408 60.9995 
105.221 -97.2131 -111.977 105.228 -106.592 -7.76046 105.436 -95.2888 -97.2401 
105.544 -113.363 -292.872 105.93 49.7818 -373.402 106.006 -92.3263 63.569 
106.026 -90.6074 -54.5788 106.051 23.2025 -192.041 106.06 -103.805 -227.246 
106.085 31.9365 -160.072 106.283 101.554 76.0167 106.314 -9.4303 183.824 
106.366 12.0775 -387.601 106.66 64.9215 185.326 106.703 -25.6713 -377.751 
106.741 -107.064 6.70102 106.752 56.2405 -97.1172 106.815 -97.5192 49.8158 
107.024 81.5525 -19.9964 107.054 -110.342 -345.17 107.13 -64.3131 -367.718 
107.154 100.968 90.897 107.22 25.2291 -177.367 107.324 -102.049 35.7356 
107.453 -105.616 21.3579 107.689 -105.067 -241.391 107.765 -44.1785 146.322 
107.795 99.1552 105.709 107.995 -93.3057 -41.6207 108.032 74.394 174.447 
108.09 36.411 -145.589 108.142 11.2642 197.01 108.29 96.1825 120.329 
108.722 46.9183 -358.394 108.736 36.6297 -316.388 108.759 92.9501 134.907 
108.784 82.2657 162.471 108.965 88.2047 149.133 109.156 85.7471 -6.1029 
109.17 -113.4 -307.438 109.252 -105.646 -255.563 109.255 60.3774 -83.4318 
109.835 40.6438 -330.041 109.906 -51.6365 134.31 109.956 30.1404 199.69 
110.075 43.5728 -343.811 110.078 -101.014 -354.693 110.225 26.1926 -388.405 
110.433 40.3534 -131.693 110.876 -18.2055 173.297 111.154 39.9312 -383.677 
111.334 -50.1465 -371.217 111.34 -96.8978 -28.8856 111.365 -91.9611 -179.08 
111.41 -11.8623 -381.504 111.43 89.9622 7.95107 111.454 -105.974 -269.704 
111.456 64.0958 -69.5281 111.536 25.9589 -165.098 111.673 -92.3564 -191.225 
111.784 -58.9737 121.929 111.825 -91.6649 -165.033 112.693 -91.4414 -150.289 
112.859 -93.4559 -204.906 112.917 44.0999 -117.978 113.289 -88.4235 -360.789 
113.345 -65.9576 109.24 113.487 -113.094 -321.872 113.531 67.6647 -55.5372 
113.715 -90.7098 -135.274 113.741 93.7677 22.4779 114.364 43.4375 195.864 
114.48 -106.479 -283.918 114.724 -26.8675 162.605 114.824 0.578031 188.573 
114.825 -89.753 -120.316 114.832 18.8517 -256.804 114.833 -95.3185 -218.877 
114.845 15.6703 -213.776 114.875 -83.2442 -76.6982 114.875 17.2641 -242.535 
114.876 -72.8383 96.3807 114.888 -100.455 -15.7368 114.899 23.616 197.934 
114.935 16.4662 -228.135 114.95 -85.6205 -91.069 115.011 15.0463 -199.56 
115.069 -87.9242 -105.561 115.089 20.8288 -271.039 115.194 27.7055 -152.091 
115.554 23.4505 -285.095 115.6 71.3431 -41.5568 115.644 96.3645 37.3327 
115.687 47.9578 -104.288 115.803 -35.8104 -374.86 115.804 -82.1852 -62.3983 
115.957 1.8293 -384.255 116.295 -79.4895 83.3233 116.383 26.5319 -298.862 
116.392 15.6199 -185.575 116.589 -96.6774 -233.01 116.819 -83.8921 -49.1238 
116.837 -74.7351 -364.689 116.871 40.0002 -369.428 117.066 97.761 52.4236 
117.247 -111.148 -335.763 117.424 -101.953 -1.45102 117.515 -85.5571 69.9631 
117.528 55.61 188.401 117.585 29.7424 -312.519 117.712 75.183 -27.5871 
117.953 31.254 -138.428 117.986 -107.111 -298.038 118.067 -97.5591 -247.054 
118.116 -35.2652 151.633 118.186 98.3567 67.4793 118.415 -90.7058 56.2039 
118.441 -87.5675 -36.5793 118.535 17.0531 -171.642 118.557 52.2397 -90.6908 
118.842 -101.318 13.2046 118.999 37.538 -354.224 119.028 -95.187 42.159 
119.255 32.2203 -325.894 119.259 98.3313 82.3323 119.264 -98.9069 27.8162 
119.654 66.5312 178.81 119.861 34.8331 -339.717 119.9 79.1135 -13.6169 
119.93 -98.0368 -261.044 119.93 -83.2019 -174.288 119.963 -8.82555 178.443 
120.098 97.4235 97.1443 120.111 -105.893 -348.191 120.135 15.7716 -385.374 
120.46 -84.0897 -193.473 120.624 -22.0739 -378.546 120.629 -60.7616 -368.359 
120.68 95.3165 111.901 120.724 34.8599 -124.854 120.757 -43.2367 140.207 
120.965 -82.9473 -158.777 121.017 75.8579 167.719 121.066 56.1971 -76.878 
121.258 92.7671 126.58 121.574 88.5792 141.051 121.586 18.6945 -158.368 
121.63 83.1277 155.051 121.981 -90.9467 -23.4083 122.015 29.8678 -380.16 
122.109 83.0896 0.397696 122.122 -107.383 -312.102 122.125 -82.277 -143.699 
122.321 -85.6503 -210.275 122.34 33.9993 195.017 122.538 -98.4363 -275.133 
122.751 11.7077 191.94 122.818 -50.8797 128.094 123.166 -81.1161 -128.725 
123.212 6.36558 -207.038 123.367 60.0676 -62.9858 123.437 5.92594 -192.777 
123.582 7.37612 -221.472 123.587 38.3642 -111.169 123.751 -75.262 -84.9803 
123.886 -77.5251 -99.4126 123.915 8.53786 -235.997 123.935 -79.5939 -113.944 
124.001 9.87491 -250.499 124.26 -78.0317 -44.8632 124.268 -87.183 -224.652 
124.268 11.7268 -264.906 124.269 -73.3526 -70.5203 124.313 21.1229 -144.817 
124.37 86.8575 14.6296 124.399 -17.9852 167.967 124.431 -58.1886 115.548 
124.537 -46.1336 -372.071 124.87 -97.6711 -355.742 125.154 6.80894 -178.75 
125.181 14.0258 -279.179 125.326 -8.73669 -381.433 125.517 63.7921 -49.0056 
125.79 -88.1621 -238.745 125.852 -65.1894 102.657 125.889 -93.5861 -9.73545 
125.912 -99.205 -289.074 126.232 16.4617 -293.229 126.294 -72.5833 -56.038 
126.338 29.3858 -364.958 126.346 -107.198 -326.126 126.425 42.1161 -97.4488 
126.62 90.3083 29.1677 126.932 -84.4231 -361.758 127.275 -71.9359 89.5613 
127.279 24.3137 -131.332 127.288 45.8175 189.747 127.333 19.0374 -307.175 
127.375 -74.0029 -183.53 127.439 8.39533 -164.937 127.568 -80.7459 -31.3252 
127.586 67.3304 -34.9567 127.716 -89.0312 -252.632 127.728 -73.4024 -167.6 
128.115 27.4175 -349.847 128.247 22.0342 -321.188 128.319 -94.1443 4.77558 
128.322 -75.1814 -200.329 128.331 -26.7234 157.095 128.492 -77.9155 76.0794 
128.53 92.6707 43.9401 128.571 24.8522 -335.377 128.751 1.08226 183.509 
129.071 -72.7177 -152.213 129.101 4.65897 -381.696 129.234 46.1495 -83.6919 
129.434 -32.3276 -375.813 129.536 -83.2215 62.3701 129.729 -99.7796 -302.959 
129.73 -89.3575 -266.58 129.754 70.9808 -20.9331 129.868 -4.09082 -200.115 
129.871 93.9268 58.8516 129.898 -106.675 -340.554 129.958 10.3402 -151.221 
129.992 23.6229 192.339 130.06 -93.4899 19.4478 130.233 -87.604 48.3415 
130.264 -76.5189 -216.04 130.346 27.5111 -117.716 130.364 -4.00962 -185.697 
130.415 -71.6535 -137.228 130.448 -3.18675 -214.637 130.473 -71.1378 -365.443 
130.493 -91.0764 34.0271 130.627 57.5431 182.019 130.778 18.5672 -375.679 
130.945 94.3179 73.6832 131.251 -1.77022 -229.286 131.453 -70.2946 -122.447 
131.567 -0.319395 -244.045 131.676 -34.9932 145.94 131.71 1.31063 -258.761 
131.733 -70.7255 -40.0573 131.738 -83.0381 -17.5792 131.82 -66.351 -93.3826 
131.826 -68.418 -107.86 131.948 50.2914 -69.9132 131.949 94.0326 88.4092 
132.027 -2.89123 -171.557 132.033 74.8171 -6.9475 132.046 -77.8381 -230.314 
132.101 -64.317 -78.8994 132.484 3.34998 -273.241 132.654 67.7947 171.876 
132.661 -89.8953 -280.51 132.668 12.8489 -137.592 132.766 93.0654 103.183 
133.038 -62.4306 -64.2934 133.073 30.7027 -103.957 133.399 -62.9636 -176.015 
133.431 91.1419 117.942 133.447 -63.6938 -191.663 133.6 -56.9373 -369.183 
133.686 5.62351 -287.519 133.818 -8.94554 173.834 133.826 -78.6584 -244.351 
133.872 87.8166 132.484 133.902 76.6804 160.29 134.034 -42.794 134.168 
134.07 -100.175 -316.898 134.115 83.1251 146.861 134.223 78.5311 7.13621 
134.235 -62.1339 -160.712 134.326 -1.2995 -157.621 134.378 54.2853 -56.0224 
134.535 -19.3466 -378.691 134.604 -64.9416 -207.13 134.678 -15.1502 -192.842 
134.864 18.3501 -360.061 134.912 8.04607 -301.769 135.256 -14.645 -207.645 
135.31 -14.7562 -178.252 135.526 -84.6517 -3.59463 135.659 -61.0912 -145.755 
135.678 -50.0779 121.791 135.748 15.6423 -123.939 135.874 34.2392 -90.1688 
135.898 -79.3299 -258.247 135.98 35.6136 189.219 135.994 10.7753 -315.968 
136.049 -72.0044 -25.7256 136.135 -61.2912 -49.3532 136.158 -90.5741 -294.308 
136.285 16.3162 -345.041 136.509 -13.2945 -222.462 136.512 58.067 -42.0098 
136.522 13.7381 -330.404 136.536 -66.47 -221.785 136.707 82.5335 21.28 
136.85 -57.103 108.861 136.898 12.1681 186.707 136.935 -13.658 -163.983 
136.949 0.711518 -143.815 137.193 -42.6517 -373.207 137.196 -51.5355 -184.105 
137.209 -59.8827 -131.053 137.265 -11.52 -237.506 137.412 -26.9404 -185.117 
137.559 -9.72247 -252.499 137.792 -52.1708 -199.357 137.814 -92.5802 -356.573 
137.837 -50.8403 -169.029 137.913 -63.7559 95.5637 137.975 -26.9482 -200.042 
138.092 -58.307 -116.452 138.176 -79.4722 -272.249 138.178 -8.00456 -267.255 
138.332 -18.5458 163.393 138.372 -26.2278 -170.492 138.373 -67.4975 -236.103 
138.387 -100.354 -331.084 138.395 61.3738 -27.8722 138.437 -84.9352 10.8511 
138.508 18.4179 -110.221 138.541 -39.4219 -192.15 138.563 -56.4415 -101.96 
138.65 -5.96732 -378.643 138.679 38.299 -76.308 138.716 -54.2966 -87.4788 
138.752 -38.9264 -177.186 138.91 -49.7284 -154.174 138.956 -69.9373 82.0006 
139.168 85.8474 35.7212 139.234 -12.0469 -149.929 139.328 -6.07255 -281.692 
139.418 7.47974 -370.613 139.518 -25.5814 -215.352 139.521 -52.4361 -72.9589 
139.59 2.92549 -129.964 139.729 -60.9741 -34.5314 139.843 -53.1516 -214.259 
139.883 -38.0166 -162.477 139.94 -75.2457 68.1553 139.97 -67.9353 -250.237 
140.104 -25.0099 -156.139 140.146 -91.0594 -308.249 140.195 -39.3657 -207.335 
140.251 -48.5039 -139.593 140.287 -98.247 -345.371 140.355 -84.2352 25.427 
140.479 -73.4584 -11.744 140.595 47.5156 183.469 140.769 -79.6288 54.1321 
140.816 65.2519 -13.9893 140.825 -3.70703 -296.154 140.839 -82.307 39.8615 
140.853 -23.5469 -230.778 140.906 -50.7258 -58.2619 140.952 87.6969 50.4357 
141.017 -80.4236 -361.319 141.078 21.3094 -96.414 141.139 -79.9227 -286.093 
141.269 -21.5547 -246.154 141.368 42.4687 -62.374 141.466 -36.727 -147.982 
141.646 -10.2338 -135.944 141.689 -54.6239 -228.438 142.062 -19.9203 -261.009 
142.114 -47.1682 -125.129 142.12 -37.5272 -223.114 142.142 5.28869 -116.081 
142.221 -23.4723 -141.911 142.291 -27.534 152.286 142.334 -1.17684 -310.617 
142.338 -68.3536 -264.174 142.419 88.9627 65.0364 142.435 -56.0637 -242.243 
142.492 -44.3162 -233.961 142.685 6.62465 -354.691 142.718 -51.2225 -370.827 
142.789 0.854221 179.025 143.132 -30.1764 -375.775 143.181 69.0477 -0.076314 
143.211 -18.3002 -275.678 143.257 -45.4236 -110.636 143.273 -35.3781 -133.609 
143.295 -34.0085 -239.484 143.309 1.67918 -325.001 143.483 4.32888 -339.715 
143.54 -49.8373 -43.6148 143.554 89.4649 79.6729 143.757 24.6332 -82.5716 
143.762 46.5891 -48.3868 143.8 58.8232 175.205 143.827 -43.4361 -96.1712 
143.871 -56.104 -256.497 143.872 -61.3689 -20.0086 143.906 24.307 186.486 
143.911 -32.0849 -254.788 143.98 -8.26789 -121.89 144.006 -68.311 -365.588 
144.214 -44.1673 -248.503 144.433 -74.1193 2.53898 144.456 89.2008 94.342 
144.458 -21.8555 -127.747 144.507 -80.3921 -299.967 144.54 7.7366 -102.24 
144.556 -41.517 -81.6927 144.581 -56.7145 -369.014 144.649 -68.3963 -278.186 
144.902 -16.1961 -290.292 144.942 -91.6941 -322.207 145.248 88.1075 109 
145.266 -33.74 -119.299 145.314 -30.7774 -269.421 145.4 -35.583 140.556 
145.499 68.486 164.384 145.553 -43.4742 -263.062 145.711 -39.7789 -67.2287 
145.731 73.0751 13.8376 145.787 85.691 123.571 145.846 50.5035 -34.3855 
146.068 81.7346 137.898 146.128 -6.13619 -107.811 146.142 76.2027 151.831 
146.145 -55.8196 -270.75 146.446 -19.9841 -113.509 146.487 -31.857 -104.907 
146.573 28.6085 -68.6303 146.637 -49.3677 -28.8574 146.813 10.2603 -88.4042 
146.993 -13.5652 -304.953 147.131 -29.1011 -284.076 147.363 -29.9202 -90.5261 
147.378 -68.6649 -292.081 147.407 -38.437 -52.7144 147.432 -42.6538 128.207 
147.704 -3.99638 -365.4 147.789 -42.2211 -277.635 147.861 -18.0153 -99.2569 
147.935 -9.87679 169.615 147.975 -74.134 16.9949 147.989 -61.6005 -5.55603 
148.058 -16.9043 -375.221 148.068 -3.95677 -93.8077 148.129 54.2602 -20.5219 
148.338 -49.1772 115.071 148.51 77.0135 27.9056 148.657 -28.094 -76.1667 
148.768 -81.0692 -313.973 148.785 -55.4058 101.497 148.842 -55.2341 -285.051 
148.884 -10.6708 -319.591 148.947 33.343 -54.2852 149.101 -91.5023 -337.043 
149.288 -61.3585 87.5761 149.333 -5.72911 -349.211 149.333 -88.3632 -352.522 
149.339 -26.6242 -299.015 149.393 -16.0366 -85.0927 149.454 12.9443 -74.7629 
149.555 -37.4526 -38.0367 149.612 -8.03387 -334.237 149.704 -66.6384 73.4164 
149.732 36.6645 183.371 149.741 -74.0242 44.7948 149.928 -70.9652 59.1745 
149.979 -40.8557 -372.407 149.98 -48.9897 -14.2377 150.043 -74.2633 31.0567 
150.12 -1.80968 -79.9345 150.379 -26.4896 -61.8882 150.526 -40.219 -292.444 
150.558 -69.3372 -305.898 150.716 58.1898 -6.79629 150.94 12.2477 181.77 
151.126 79.9911 42.2449 151.309 38.0154 -40.1056 151.337 -14.1391 -71.063 
151.84 -55.3417 -298.86 152.004 -36.6325 -23.3411 152.068 15.8469 -61.0696 
152.281 -25.0769 -47.6333 152.36 0.266408 -66.3787 152.37 -23.5091 -313.866 
152.425 -61.2514 8.9431 152.615 -19.8703 159.018 152.752 -45.9929 -303.358 
153.387 -12.2772 -57.3119 153.42 82.0966 56.6142 153.485 41.9387 -26.2423 
153.491 -81.1858 -328.376 153.567 62.3599 6.83431 153.663 -36.6442 -307.857 
153.694 -48.5814 0.394073 153.966 48.5048 176.965 154.09 -16.316 -359.602 
154.194 -23.475 -33.5003 154.228 -20.7495 -328.739 154.317 25.9668 -44.8696 
154.381 -76.2134 -359.019 154.457 -36.114 -8.3595 154.594 -57.8694 -311.693 
154.619 2.12847 -53.1419 154.704 -51.387 -368.215 154.71 -18.2685 -343.685 
154.755 -69.7846 -319.993 154.78 -67.8802 34.1866 155.063 15.0067 -48.8676 
155.115 83.6853 71.0501 155.254 -10.0084 -44.0356 155.694 -24.8411 -16.8668 
155.988 -28.4588 -369.894 156.007 -63.534 -364.025 156.09 84.1947 85.5834 
156.326 46.0675 -12.848 156.393 66.4822 20.6343 156.398 -18.5989 -21.8262 
156.47 -46.3344 -317.248 156.498 59.195 167.555 156.564 -33.806 -323.034 
156.628 -28.8748 147.397 156.767 83.7012 100.118 156.813 0.313526 174.301 
156.853 29.344 -31.2366 156.887 -80.0448 -344.026 156.911 -64.4522 49.1898 
156.981 4.0196 -40.199 157.247 -6.89598 -31.3738 157.33 82.1077 114.568 
157.467 -59.2274 23.9343 157.53 67.8048 155.818 157.546 -35.3336 6.31946 
157.603 79.0376 128.74 157.674 74.4054 142.684 157.712 16.9249 -35.7378 
157.915 24.6151 181.178 157.931 -47.5646 14.8295 158.004 -23.9826 -1.98107 
158.261 -57.4212 -326.134 158.305 -60.9235 63.7615 158.311 -31.3153 -338.06 
158.562 -29.0038 -353.272 158.833 -13.9304 -9.95578 158.937 -68.8802 -334.78 
159.244 -57.0358 78.2636 159.258 50.1085 0.608175 159.355 6.55839 -27.0311 
159.359 -36.3276 134.763 159.487 -3.7839 -18.4066 159.488 -44.567 -332.16 
159.777 33.0348 -18.0697 159.781 70.5656 34.4138 159.787 -52.5266 92.7471 
160.271 -40.5926 -362.613 160.367 19.6943 -22.6108 160.509 -47.8722 107.214 
160.521 -42.4323 121.346 160.596 -22.3641 12.31 160.789 -11.5436 3.97167 
160.87 -53.3603 -356.084 161.016 -42.2061 -347.185 161.122 -55.6858 -341.095 
161.307 -56.1323 39.0247 161.505 -34.0581 20.6189 161.606 -1.12668 -4.72675 
161.669 -66.9936 -350.67 161.771 9.34198 -13.7492 162.141 54.137 14.1751 
162.268 -10.9619 165.003 162.393 36.7878 -4.67629 162.458 -45.7468 29.3113 
162.806 73.4658 48.5173 163.077 22.9423 -9.28492 163.149 -9.16943 17.9415 
163.394 1.65552 9.10269 163.429 37.147 177.274 164.071 12.3258 -0.061389 
164.105 -53.1486 53.6073 164.323 -20.4974 26.3461 164.762 12.0791 176.441 
165.385 40.6006 8.76833 165.422 26.3656 4.29419 165.517 75.9136 62.7584 
165.772 15.5525 13.5456 165.896 58.4706 27.6011 165.904 -32.1019 34.6925 
165.927 4.51442 22.6419 166.173 -49.7253 68.1192 166.389 -43.3726 43.7392 
166.702 48.5207 169.227 166.962 -6.73995 31.4715 167.116 -20.7403 153.727 
167.438 77.6172 77.102 167.613 29.7857 17.846 168.166 -46.5676 82.6304 
168.302 78.0955 91.5739 168.329 44.3234 22.2738 168.394 58.3444 158.853 
168.628 18.5701 27.0308 168.712 -18.3019 39.9771 168.77 65.9537 146.666 
168.792 71.2579 133.559 168.853 75.3792 120.021 168.876 77.8135 105.956 
169.436 -40.5796 58.1193 169.723 62.3215 41.1645 169.8 -29.7698 48.7057 
169.88 7.17931 36.0265 170.566 -43.5763 97.2555 170.858 32.9553 31.3582 
170.864 -0.311726 169.061 171.497 -4.35512 44.8267 171.503 -29.5642 141.035 
171.705 24.6418 174.845 171.814 -37.4703 72.4399 172.102 47.8506 35.7031 
172.688 21.4419 40.4147 172.698 -15.9108 53.647 172.812 -40.5743 112.225 
172.946 -27.1565 62.7874 172.976 65.3426 55.0772 173.073 -35.765 126.839 
174.103 -34.4569 86.8731 174.189 9.83467 49.3938 175.129 36.155 44.6716 
175.451 -1.74651 58.3832 175.457 -24.2601 76.9278 176.058 -13.3094 67.5059 
176.212 51.2353 49.0555 176.338 -10.6791 158.57 176.538 36.8066 169.293 
176.629 68.4008 69.0248 176.79 24.2875 53.7606 177.435 -31.8958 101.234 
177.727 11.9277 169.498 177.919 12.5927 62.8901 178.009 -21.3589 91.1034 
178.269 69.6354 83.5049 178.49 -10.5098 81.441 178.635 66.8037 125.521 
178.68 47.1796 159.976 178.695 0.955293 72.0749 179.148 56.1196 149.273 
179.19 39.1733 58.0085 179.492 70.0452 112.179 179.538 70.7465 97.918 
179.732 61.8837 136.945 180.341 54.4219 62.5269 180.345 27.0753 67.2699 
181.37 -29.4818 115.834 181.374 15.2928 76.4653 181.431 -7.75754 95.2988 
181.445 3.56887 85.7812 181.507 -19.8412 146.123 181.825 -18.7859 105.19 
182.679 23.8538 165.104 182.8 42.0233 71.467 182.853 1.38324 160.501 
183.789 29.7727 80.6836 184.051 -26.3489 131.044 184.068 57.3671 76.3284 
184.243 17.8399 90.0437 184.583 6.16893 99.4364 185.324 -5.11417 109.02 
185.621 11.1868 159.471 185.983 -16.1897 119.328 185.996 44.5129 85.0264 
186.046 34.4872 157.976 186.059 59.3062 90.5628 186.46 -6.49664 148.132 
186.744 59.8322 118.918 186.848 32.2364 94.1752 187.206 51.9532 138.693 
187.293 43.7605 148.45 187.605 20.2474 103.53 187.709 60.5604 104.783 
188.099 -12.3985 133.88 188.109 8.8644 113.028 188.303 20.8241 153.384 
188.328 7.29816 149.966 188.587 -2.02224 122.798 188.754 46.4994 98.7207 
189.374 2.03129 136.586 190.055 34.3089 107.645 190.334 16.1586 140.143 
190.372 12.1155 126.613 190.423 30.0463 144.555 190.586 49.3094 126.429 
190.648 22.783 117.121 190.786 47.9992 112.51 191.754 25.999 130.779 
191.757 39.6453 135.347 191.978 36.4897 121.435 
POLYGONS 6006 24024
3 1336 1359 1260 
3 1359 1367 1260 
3 1446 1359 1336 
3 1260 1204 1336 
3 1260 1367 1265 
3 1359 1464 1367 
3 1359 1446 1464 
3 1398 1446 1336 
3 1204 1270 1336 
3 1260 1162 1204 
3 1367 1369 1265 
3 1160 1260 1265 
3 1367 1464 1471 
3 1446 1553 1464 
3 1398 1522 1446 
3 1270 1398 1336 
3 1150 1270 1204 
3 1077 1204 1162 
3 1160 1162 1260 
3 1369 1268 1265 
3 1369 1367 1471 
3 1163 1160 1265 
3 1464 1569 1471 
3 1464 1553 1569 
3 1446 1522 1553 
3 1483 1522 1398 
3 1270 1363 1398 
3 1217 1270 1150 
3 1150 1204 1077 
3 1077 1162 1038 
3 1162 1160 1093 
3 1268 1163 1265 
3 1268 1369 1372 
3 1474 1369 1471 
3 1069 1160 1163 
3 1471 1569 1581 
3 1553 1662 1569 
3 1522 1644 1553 
3 1603 1522 1483 
3 1363 1483 1398 
3 1363 1270 1217 
3 1075 1217 1150 
3 1010 1150 1077 
3 1038 1162 1093 
3 960 1077 1038 
3 1160 1069 1093 
3 1163 1268 1161 
3 1369 1474 1372 
3 1268 1372 1269 
3 1474 1471 1581 
3 1069 1163 1058 
3 1569 1675 1581 
3 1662 1675 1569 
3 1644 1662 1553 
3 1522 1603 1644 
3 1565 1603 1483 
3 1363 1455 1483 
3 1343 1363 1217 
3 1149 1217 1075 
3 1010 1075 1150 
3 1010 1077 960 
3 990 1038 1093 
3 911 960 1038 
3 1069 990 1093 
3 1161 1268 1269 
3 1058 1163 1161 
3 1372 1474 1484 
3 1269 1372 1376 
3 1474 1581 1588 
3 1069 1058 966 
3 1675 1688 1581 
3 1662 1770 1675 
3 1662 1644 1752 
3 1644 1603 1723 
3 1603 1565 1681 
3 1455 1565 1483 
3 1343 1455 1363 
3 1251 1343 1217 
3 1149 1251 1217 
3 1021 1149 1075 
3 1010 956 1075 
3 891 1010 960 
3 990 911 1038 
3 911 838 960 
3 990 1069 966 
3 1161 1269 1168 
3 1058 1161 1039 
3 1474 1588 1484 
3 1372 1484 1376 
3 1271 1269 1376 
3 1581 1688 1588 
3 1058 943 966 
3 1675 1784 1688 
3 1675 1770 1784 
3 1770 1662 1752 
3 1644 1723 1752 
3 1603 1681 1723 
3 1565 1648 1681 
3 1537 1565 1455 
3 1343 1416 1455 
3 1298 1343 1251 
3 1190 1251 1149 
3 1021 1085 1149 
3 956 1021 1075 
3 956 1010 891 
3 838 891 960 
3 911 990 881 
3 838 911 796 
3 881 990 966 
3 1168 1269 1271 
3 1039 1161 1168 
3 943 1058 1039 
3 1484 1588 1592 
3 1484 1489 1376 
3 1271 1376 1384 
3 1588 1688 1697 
3 943 853 966 
3 1784 1794 1688 
3 1770 1883 1784 
3 1864 1770 1752 
3 1723 1844 1752 
3 1681 1802 1723 
3 1648 1762 1681 
3 1648 1565 1537 
3 1416 1537 1455 
3 1298 1416 1343 
3 1190 1298 1251 
3 1085 1190 1149 
3 1085 1021 978 
3 1021 956 900 
3 837 956 891 
3 780 891 838 
3 796 911 881 
3 722 838 796 
3 853 881 966 
3 1178 1168 1271 
3 996 1039 1168 
3 943 1039 921 
3 1588 1697 1592 
3 1489 1484 1592 
3 1376 1489 1384 
3 1278 1271 1384 
3 1688 1799 1697 
3 853 943 828 
3 1688 1794 1799 
3 1794 1784 1893 
3 1784 1883 1893 
3 1864 1883 1770 
3 1844 1864 1752 
3 1802 1844 1723 
3 1681 1762 1802 
3 1648 1729 1762 
3 1609 1648 1537 
3 1416 1497 1537 
3 1298 1373 1416 
3 1263 1298 1190 
3 1155 1190 1085 
3 978 1021 900 
3 1054 1085 978 
3 956 837 900 
3 837 891 780 
3 780 838 722 
3 796 881 767 
3 722 796 685 
3 767 881 853 
3 1168 1178 1078 
3 1178 1271 1278 
3 921 1039 996 
3 996 1168 1078 
3 828 943 921 
3 1592 1697 1700 
3 1596 1489 1592 
3 1384 1489 1493 
3 1278 1384 1387 
3 1697 1799 1807 
3 736 853 828 
3 1794 1905 1799 
3 1794 1893 1905 
3 1883 1994 1893 
3 1883 1864 1978 
3 1844 1957 1864 
3 1844 1802 1930 
3 1762 1879 1802 
3 1729 1850 1762 
3 1609 1729 1648 
3 1497 1609 1537 
3 1373 1497 1416 
3 1263 1373 1298 
3 1155 1263 1190 
3 1155 1085 1054 
3 877 978 900 
3 954 1054 978 
3 900 837 790 
3 837 780 718 
3 657 780 722 
3 685 796 767 
3 609 722 685 
3 736 767 853 
3 1078 1178 1081 
3 1181 1178 1278 
3 921 996 897 
3 987 996 1078 
3 806 828 921 
3 1697 1807 1700 
3 1596 1592 1700 
3 1489 1596 1493 
3 1384 1493 1387 
3 1279 1278 1387 
3 1799 1909 1807 
3 715 736 828 
3 1799 1905 1909 
3 1893 2007 1905 
3 1994 2007 1893 
3 1994 1883 1978 
3 1864 1957 1978 
3 1957 1844 1930 
3 1802 1879 1930 
3 1850 1879 1762 
3 1805 1850 1729 
3 1686 1729 1609 
3 1497 1571 1609 
3 1461 1497 1373 
3 1263 1352 1373 
3 1263 1155 1234 
3 1102 1155 1054 
3 877 954 978 
3 877 900 790 
3 1032 1054 954 
3 790 837 718 
3 780 657 718 
3 657 722 609 
3 685 767 647 
3 609 685 557 
3 767 736 647 
3 1178 1181 1081 
3 987 1078 1081 
3 1181 1278 1279 
3 996 987 897 
3 806 921 897 
3 806 715 828 
3 1700 1807 1808 
3 1596 1700 1702 
3 1493 1596 1595 
3 1493 1492 1387 
3 1383 1279 1387 
3 1807 1909 1910 
3 622 736 715 
3 1905 2017 1909 
3 2007 2013 1905 
3 1994 2107 2007 
3 1994 1978 2095 
3 1957 2073 1978 
3 2051 1957 1930 
3 1879 1998 1930 
3 1879 1850 1960 
3 1850 1805 1924 
3 1686 1805 1729 
3 1571 1686 1609 
3 1461 1571 1497 
3 1352 1461 1373 
3 1352 1263 1234 
3 1155 1102 1234 
3 1032 1102 1054 
3 861 954 877 
3 771 877 790 
3 948 1032 954 
3 679 790 718 
3 718 657 605 
3 537 657 609 
3 557 685 647 
3 468 609 557 
3 647 736 622 
3 1181 1076 1081 
3 984 987 1081 
3 1181 1279 1179 
3 897 987 888 
3 806 897 793 
3 715 806 700 
3 1807 1910 1808 
3 1700 1808 1702 
3 1596 1702 1595 
3 1492 1493 1595 
3 1492 1383 1387 
3 1279 1383 1276 
3 1909 2016 1910 
3 622 715 604 
3 2017 2016 1909 
3 1905 2013 2017 
3 2013 2007 2125 
3 2007 2107 2125 
3 1994 2095 2107 
3 1978 2073 2095 
3 1957 2051 2073 
3 1998 2051 1930 
3 1879 1960 1998 
3 1850 1924 1960 
3 1805 1877 1924 
3 1686 1765 1805 
3 1571 1656 1686 
3 1571 1461 1548 
3 1461 1352 1440 
3 1308 1352 1234 
3 1102 1187 1234 
3 1109 1102 1032 
3 861 948 954 
3 861 877 771 
3 771 790 679 
3 948 1035 1032 
3 679 718 605 
3 657 537 605 
3 537 609 468 
3 557 647 525 
3 468 557 417 
3 525 647 622 
3 1076 984 1081 
3 1076 1181 1179 
3 987 984 888 
3 1279 1276 1179 
3 793 897 888 
3 806 793 700 
3 604 715 700 
3 1808 1910 1908 
3 1808 1804 1702 
3 1702 1699 1595 
3 1593 1492 1595 
3 1383 1492 1488 
3 1276 1383 1381 
3 2016 2014 1910 
3 495 622 604 
3 2132 2016 2017 
3 2013 2135 2017 
3 2135 2013 2125 
3 2107 2230 2125 
3 2095 2210 2107 
3 2073 2185 2095 
3 2051 2163 2073 
3 2131 2051 1998 
3 1960 2077 1998 
3 1924 2045 1960 
3 1877 1987 1924 
3 1765 1877 1805 
3 1656 1765 1686 
3 1656 1571 1548 
3 1548 1461 1440 
3 1352 1308 1440 
3 1187 1308 1234 
3 1187 1102 1109 
3 1035 1109 1032 
3 948 861 843 
3 753 861 771 
3 653 771 679 
3 1035 948 941 
3 558 679 605 
3 537 462 605 
3 380 537 468 
3 557 525 417 
3 297 468 417 
3 525 622 495 
3 984 1076 977 
3 1076 1179 1073 
3 888 984 880 
3 1179 1276 1174 
3 793 888 785 
3 700 793 692 
3 604 700 586 
3 1910 2014 1908 
3 1804 1808 1908 
3 1804 1699 1702 
3 1699 1593 1595 
3 1492 1593 1488 
3 1381 1383 1488 
3 1274 1276 1381 
3 2014 2016 2129 
3 495 604 476 
3 2016 2132 2129 
3 2135 2132 2017 
3 2238 2135 2125 
3 2230 2238 2125 
3 2210 2230 2107 
3 2185 2210 2095 
3 2163 2185 2073 
3 2131 2163 2051 
3 2077 2131 1998 
3 2045 2077 1960 
3 1987 2045 1924 
3 1952 1987 1877 
3 1765 1849 1877 
3 1742 1765 1656 
3 1635 1656 1548 
3 1515 1548 1440 
3 1308 1409 1440 
3 1291 1308 1187 
3 1199 1187 1109 
3 1125 1109 1035 
3 861 753 843 
3 948 843 941 
3 753 771 653 
3 653 679 558 
3 1033 1035 941 
3 462 558 605 
3 462 537 380 
3 380 468 297 
3 417 525 374 
3 249 297 417 
3 525 495 374 
3 977 1076 1073 
3 880 984 977 
3 1073 1179 1174 
3 785 888 880 
3 1276 1274 1174 
3 793 785 692 
3 586 700 692 
3 476 604 586 
3 1908 2014 2009 
3 1904 1804 1908 
3 1699 1804 1797 
3 1699 1692 1593 
3 1593 1589 1488 
3 1486 1381 1488 
3 1274 1381 1379 
3 2122 2014 2129 
3 342 495 476 
3 2132 2240 2129 
3 2135 2242 2132 
3 2135 2238 2242 
3 2230 2339 2238 
3 2230 2210 2323 
3 2185 2299 2210 
3 2185 2163 2274 
3 2163 2131 2255 
3 2198 2131 2077 
3 2045 2156 2077 
3 1987 2091 2045 
3 1987 1952 2050 
3 1849 1952 1877 
3 1742 1849 1765 
3 1742 1656 1635 
3 1515 1635 1548 
3 1409 1515 1440 
3 1308 1291 1409 
3 1291 1187 1199 
3 1125 1199 1109 
3 1125 1035 1033 
3 843 753 733 
3 941 843 833 
3 753 653 634 
3 532 653 558 
3 1033 941 929 
3 462 414 558 
3 293 462 380 
3 380 297 220 
3 249 417 374 
3 297 249 169 
3 495 342 374 
3 977 1073 973 
3 880 977 875 
3 1071 1073 1174 
3 785 880 779 
3 1274 1172 1174 
3 785 673 692 
3 570 586 692 
3 458 476 586 
3 2014 2122 2009 
3 1904 1908 2009 
3 1797 1804 1904 
3 1692 1699 1797 
3 1593 1692 1589 
3 1589 1486 1488 
3 1381 1486 1379 
3 1274 1379 1273 
3 2236 2122 2129 
3 342 476 323 
3 2240 2236 2129 
3 2242 2240 2132 
3 2238 2346 2242 
3 2238 2339 2346 
3 2339 2230 2323 
3 2210 2299 2323 
3 2299 2185 2274 
3 2163 2255 2274 
3 2131 2198 2255 
3 2156 2198 2077 
3 2045 2091 2156 
3 2091 1987 2050 
3 1952 1973 2050 
3 1887 1952 1849 
3 1793 1849 1742 
3 1719 1742 1635 
3 1515 1618 1635 
3 1400 1515 1409 
3 1291 1400 1409 
3 1304 1291 1199 
3 1125 1222 1199 
3 1129 1125 1033 
3 753 634 733 
3 843 733 833 
3 941 833 929 
3 653 532 634 
3 414 532 558 
3 1027 1033 929 
3 414 462 293 
3 293 380 220 
3 220 297 169 
3 249 374 225 
3 169 249 145 
3 374 342 225 
3 973 1073 1071 
3 875 977 973 
3 779 880 875 
3 1172 1071 1174 
3 673 785 779 
3 1172 1274 1273 
3 673 570 692 
3 570 458 586 
3 323 476 458 
3 2009 2122 2110 
3 1904 2009 2002 
3 1896 1797 1904 
3 1790 1692 1797 
3 1692 1689 1589 
3 1486 1589 1586 
3 1379 1486 1481 
3 1273 1379 1377 
3 2122 2236 2234 
3 208 342 323 
3 2236 2240 2345 
3 2240 2242 2347 
3 2242 2346 2347 
3 2339 2452 2346 
3 2436 2339 2323 
3 2299 2418 2323 
3 2381 2299 2274 
3 2255 2354 2274 
3 2198 2341 2255 
3 2156 2270 2198 
3 2091 2203 2156 
3 2148 2091 2050 
3 1973 2065 2050 
3 1887 1973 1952 
3 1793 1887 1849 
3 1719 1793 1742 
3 1618 1719 1635 
3 1618 1515 1508 
3 1515 1400 1508 
3 1304 1400 1291 
3 1222 1304 1199 
3 1222 1125 1129 
3 1027 1129 1033 
3 733 634 620 
3 833 733 719 
3 929 833 818 
3 532 510 634 
3 532 414 376 
3 1027 929 916 
3 244 414 293 
3 160 293 220 
3 120 220 169 
3 145 249 225 
3 95 169 145 
3 342 208 225 
3 973 1071 968 
3 875 973 866 
3 779 875 766 
3 1172 1068 1071 
3 673 779 670 
3 1172 1273 1170 
3 570 673 561 
3 458 570 446 
3 323 458 300 
3 2122 2234 2110 
3 2009 2110 2002 
3 1896 1904 2002 
3 1896 1790 1797 
3 1790 1689 1692 
3 1589 1689 1586 
3 1486 1586 1481 
3 1379 1481 1377 
3 1275 1273 1377 
3 2236 2342 2234 
3 208 323 203 
3 2240 2347 2345 
3 2342 2236 2345 
3 2346 2457 2347 
3 2346 2452 2457 
3 2339 2436 2452 
3 2418 2436 2323 
3 2381 2418 2299 
3 2354 2381 2274 
3 2393 2354 2255 
3 2341 2393 2255 
3 2270 2341 2198 
3 2203 2270 2156 
3 2091 2148 2203 
3 2065 2148 2050 
3 1986 2065 1973 
3 1887 1895 1973 
3 1810 1887 1793 
3 1810 1793 1719 
3 1618 1711 1719 
3 1618 1508 1612 
3 1508 1400 1408 
3 1400 1304 1408 
3 1304 1222 1321 
3 1222 1129 1228 
3 1129 1027 1121 
3 634 510 620 
3 733 620 719 
3 833 719 818 
3 929 818 916 
3 510 532 376 
3 414 244 376 
3 1014 1027 916 
3 244 293 160 
3 120 160 220 
3 95 120 169 
3 145 225 131 
3 95 145 89 
3 225 208 131 
3 1071 1068 968 
3 866 973 968 
3 766 875 866 
3 670 779 766 
3 1068 1172 1170 
3 673 670 561 
3 1170 1273 1275 
3 446 570 561 
3 300 458 446 
3 323 300 203 
3 2234 2222 2110 
3 2110 2104 2002 
3 1993 1896 2002 
3 1896 1890 1790 
3 1689 1790 1786 
3 1689 1685 1586 
3 1481 1586 1583 
3 1481 1478 1377 
3 1380 1275 1377 
3 2234 2342 2337 
3 208 203 141 
3 2347 2455 2345 
3 2342 2345 2454 
3 2457 2455 2347 
3 2452 2578 2457 
3 2436 2564 2452 
3 2418 2545 2436 
3 2381 2506 2418 
3 2354 2464 2381 
3 2464 2354 2393 
3 2341 2466 2393 
3 2384 2341 2270 
3 2203 2321 2270 
3 2148 2251 2203 
3 2148 2065 2167 
3 1986 2084 2065 
3 1895 1986 1973 
3 1895 1887 1810 
3 1711 1810 1719 
3 1711 1618 1612 
3 1612 1508 1512 
3 1508 1408 1512 
3 1408 1304 1321 
3 1321 1222 1228 
3 1228 1129 1121 
3 1121 1027 1014 
3 620 510 487 
3 620 612 719 
3 818 719 710 
3 916 818 807 
3 343 510 376 
3 244 216 376 
3 906 1014 916 
3 244 160 132 
3 120 91 160 
3 67 120 95 
3 89 145 131 
3 53 95 89 
3 208 106 131 
3 968 1068 963 
3 866 968 860 
3 766 866 756 
3 670 766 659 
3 1066 1068 1170 
3 670 555 561 
3 1170 1275 1173 
3 437 446 561 
3 300 446 291 
3 203 300 185 
3 2222 2104 2110 
3 2222 2234 2337 
3 2104 1993 2002 
3 1890 1896 1993 
3 1790 1890 1786 
3 1685 1689 1786 
3 1586 1685 1583 
3 1481 1583 1478 
3 1478 1380 1377 
3 1275 1380 1277 
3 2342 2448 2337 
3 203 124 141 
3 106 208 141 
3 2345 2455 2454 
3 2448 2342 2454 
3 2457 2581 2455 
3 2578 2581 2457 
3 2564 2578 2452 
3 2545 2564 2436 
3 2506 2545 2418 
3 2464 2506 2381 
3 2535 2464 2393 
3 2466 2535 2393 
3 2466 2341 2384 
3 2321 2384 2270 
3 2251 2321 2203 
3 2148 2167 2251 
3 2065 2084 2167 
3 2084 1986 2005 
3 1986 1895 1906 
3 1895 1810 1814 
3 1814 1810 1711 
3 1713 1711 1612 
3 1617 1612 1512 
3 1512 1408 1419 
3 1408 1321 1419 
3 1321 1228 1329 
3 1228 1121 1226 
3 1121 1014 1119 
3 510 343 487 
3 612 620 487 
3 719 612 710 
3 818 710 807 
3 906 916 807 
3 216 343 376 
3 216 244 132 
3 1014 906 1013 
3 160 91 132 
3 91 120 67 
3 67 95 53 
3 89 131 85 
3 53 89 50 
3 131 106 85 
3 1068 1066 963 
3 968 963 860 
3 756 866 860 
3 659 766 756 
3 555 670 659 
3 1066 1170 1173 
3 555 437 561 
3 1275 1277 1173 
3 291 446 437 
3 300 291 185 
3 124 203 185 
3 2104 2222 2214 
3 2331 2222 2337 
3 1993 2104 2099 
3 1890 1993 1988 
3 1786 1890 1884 
3 1685 1786 1780 
3 1685 1680 1583 
3 1478 1583 1579 
3 1380 1478 1475 
3 1380 1385 1277 
3 2448 2442 2337 
3 124 92 141 
3 92 106 141 
3 2455 2577 2454 
3 2571 2448 2454 
3 2455 2581 2577 
3 2581 2578 2735 
3 2564 2727 2578 
3 2545 2704 2564 
3 2506 2662 2545 
3 2506 2464 2599 
3 2464 2535 2599 
3 2466 2611 2535 
3 2522 2466 2384 
3 2321 2441 2384 
3 2251 2359 2321 
3 2167 2273 2251 
3 2084 2188 2167 
3 2005 1986 1906 
3 2084 2005 2111 
3 1906 1895 1814 
3 1814 1711 1713 
3 1713 1612 1617 
3 1617 1512 1524 
3 1512 1419 1524 
3 1321 1329 1419 
3 1329 1228 1226 
3 1121 1119 1226 
3 1119 1014 1013 
3 343 321 487 
3 479 612 487 
3 710 612 599 
3 807 710 704 
3 906 807 804 
3 194 343 216 
3 216 132 116 
3 1013 906 907 
3 91 77 132 
3 91 67 45 
3 67 53 8 
3 89 85 50 
3 3 53 50 
3 106 69 85 
3 963 1066 961 
3 860 963 854 
3 756 860 747 
3 659 756 646 
3 552 555 659 
3 1067 1066 1173 
3 437 555 435 
3 1277 1177 1173 
3 283 291 437 
3 291 177 185 
3 113 124 185 
3 2222 2331 2214 
3 2099 2104 2214 
3 2442 2331 2337 
3 1993 2099 1988 
3 1890 1988 1884 
3 1786 1884 1780 
3 1680 1685 1780 
3 1583 1680 1579 
3 1478 1579 1475 
3 1385 1380 1475 
3 1277 1385 1281 
3 2448 2567 2442 
3 92 124 78 
3 69 106 92 
3 2577 2571 2454 
3 2448 2571 2567 
3 2581 2733 2577 
3 2578 2727 2735 
3 2581 2735 2733 
3 2564 2704 2727 
3 2545 2662 2704 
3 2662 2506 2599 
3 2535 2708 2599 
3 2535 2611 2708 
3 2522 2611 2466 
3 2441 2522 2384 
3 2359 2441 2321 
3 2273 2359 2251 
3 2188 2273 2167 
3 2188 2084 2111 
3 2005 1906 1928 
3 2111 2005 2033 
3 1906 1814 1820 
3 1820 1814 1713 
3 1726 1713 1617 
3 1628 1617 1524 
3 1524 1419 1430 
3 1419 1329 1430 
3 1334 1329 1226 
3 1226 1119 1230 
3 1119 1013 1120 
3 321 479 487 
3 321 343 194 
3 612 479 599 
3 710 599 704 
3 807 704 804 
3 907 906 804 
3 194 216 116 
3 132 77 116 
3 1013 907 1017 
3 77 91 45 
3 45 67 8 
3 8 53 3 
3 85 69 50 
3 29 3 50 
3 961 1066 1067 
3 854 963 961 
3 860 854 747 
3 756 747 646 
3 552 659 646 
3 435 555 552 
3 1177 1067 1173 
3 283 437 435 
3 1177 1277 1281 
3 177 291 283 
3 177 113 185 
3 78 124 113 
3 2214 2331 2320 
3 2201 2099 2214 
3 2331 2442 2434 
3 1988 2099 2088 
3 1988 1981 1884 
3 1780 1884 1876 
3 1680 1780 1776 
3 1579 1680 1676 
3 1579 1576 1475 
3 1385 1475 1479 
3 1385 1388 1281 
3 2442 2567 2558 
3 49 92 78 
3 49 69 92 
3 2731 2571 2577 
3 2571 2723 2567 
3 2733 2731 2577 
3 2727 2842 2735 
3 2735 2845 2733 
3 2704 2830 2727 
3 2662 2806 2704 
3 2775 2662 2599 
3 2708 2775 2599 
3 2611 2786 2708 
3 2522 2691 2611 
3 2575 2522 2441 
3 2441 2359 2485 
3 2359 2273 2383 
3 2273 2188 2303 
3 2228 2188 2111 
3 1906 1820 1928 
3 2033 2005 1928 
3 2146 2111 2033 
3 1820 1713 1726 
3 1726 1617 1628 
3 1628 1524 1534 
3 1524 1430 1534 
3 1329 1334 1430 
3 1334 1226 1230 
3 1119 1120 1230 
3 1120 1013 1017 
3 321 307 479 
3 321 194 183 
3 599 479 470 
3 599 595 704 
3 804 704 703 
3 805 907 804 
3 101 194 116 
3 77 63 116 
3 1017 907 914 
3 36 77 45 
3 2 45 8 
3 8 3 0 
3 69 29 50 
3 29 1 3 
3 961 1067 962 
3 854 961 849 
3 747 854 739 
3 646 747 627 
3 567 552 646 
3 435 552 444 
3 1067 1177 1070 
3 283 435 288 
3 1180 1177 1281 
3 177 283 175 
3 113 177 105 
3 78 113 72 
3 2331 2434 2320 
3 2201 2214 2320 
3 2099 2201 2088 
3 2442 2558 2434 
3 1981 1988 2088 
3 1884 1981 1876 
3 1780 1876 1776 
3 1680 1776 1676 
3 1576 1579 1676 
3 1475 1576 1479 
3 1388 1385 1479 
3 1281 1388 1285 
3 2567 2714 2558 
3 49 78 37 
3 29 69 49 
3 2571 2731 2723 
3 2567 2723 2714 
3 2844 2731 2733 
3 2842 2845 2735 
3 2727 2830 2842 
3 2845 2844 2733 
3 2704 2806 2830 
3 2662 2775 2806 
3 2708 2847 2775 
3 2786 2847 2708 
3 2691 2786 2611 
3 2522 2575 2691 
3 2575 2441 2485 
3 2359 2383 2485 
3 2383 2273 2303 
3 2303 2188 2228 
3 2228 2111 2146 
3 1928 1820 1833 
3 2033 1928 1944 
3 2146 2033 2053 
3 1833 1820 1726 
3 1738 1726 1628 
3 1638 1628 1534 
3 1534 1430 1437 
3 1430 1334 1437 
3 1334 1230 1338 
3 1120 1235 1230 
3 1120 1017 1128 
3 479 307 470 
3 307 321 183 
3 194 101 183 
3 595 599 470 
3 704 595 703 
3 805 804 703 
3 907 805 914 
3 63 101 116 
3 63 77 36 
3 1017 914 1023 
3 2 36 45 
3 2 8 0 
3 3 1 0 
3 1 29 14 
3 962 1067 1070 
3 961 962 849 
3 739 854 849 
3 747 739 627 
3 567 646 627 
3 444 552 567 
3 288 435 444 
3 1177 1180 1070 
3 175 283 288 
3 1180 1281 1285 
3 177 175 105 
3 72 113 105 
3 37 78 72 
3 2434 2425 2320 
3 2309 2201 2320 
3 2088 2201 2189 
3 2434 2558 2547 
3 1981 2088 2081 
3 1876 1981 1972 
3 1776 1876 1868 
3 1676 1776 1766 
3 1576 1676 1671 
3 1479 1576 1580 
3 1388 1479 1487 
3 1285 1388 1390 
3 2558 2714 2701 
3 14 49 37 
3 29 49 14 
3 2731 2840 2723 
3 2714 2723 2833 
3 2731 2844 2840 
3 2842 2912 2845 
3 2842 2830 2909 
3 2845 2913 2844 
3 2806 2901 2830 
3 2775 2887 2806 
3 2847 2887 2775 
3 2786 2891 2847 
3 2691 2834 2786 
3 2691 2575 2751 
3 2628 2575 2485 
3 2383 2518 2485 
3 2383 2303 2424 
3 2303 2228 2336 
3 2248 2228 2146 
3 1944 1928 1833 
3 2053 2033 1944 
3 2154 2146 2053 
3 1833 1726 1738 
3 1738 1628 1638 
3 1638 1534 1541 
3 1534 1437 1541 
3 1437 1334 1338 
3 1230 1235 1338 
3 1235 1120 1128 
3 1128 1017 1023 
3 307 305 470 
3 176 307 183 
3 183 101 96 
3 595 470 471 
3 703 595 596 
3 805 703 706 
3 914 805 808 
3 101 63 57 
3 63 36 26 
3 1023 914 920 
3 36 2 11 
3 5 2 0 
3 1 7 0 
3 1 14 9 
3 969 962 1070 
3 849 962 855 
3 739 849 740 
3 739 626 627 
3 627 490 567 
3 444 567 490 
3 288 444 299 
3 1180 1074 1070 
3 175 288 180 
3 1184 1180 1285 
3 175 103 105 
3 68 72 105 
3 37 72 27 
3 2425 2309 2320 
3 2425 2434 2547 
3 2201 2309 2189 
3 2088 2189 2081 
3 2558 2701 2547 
3 1981 2081 1972 
3 1876 1972 1868 
3 1776 1868 1766 
3 1676 1766 1671 
3 1576 1671 1580 
3 1479 1580 1487 
3 1388 1487 1390 
3 1287 1285 1390 
3 2701 2714 2825 
3 14 37 4 
3 2723 2840 2833 
3 2714 2833 2825 
3 2844 2914 2840 
3 2845 2912 2913 
3 2912 2842 2909 
3 2830 2901 2909 
3 2844 2913 2914 
3 2806 2887 2901 
3 2925 2887 2847 
3 2891 2925 2847 
3 2786 2834 2891 
3 2834 2691 2751 
3 2575 2628 2751 
3 2518 2628 2485 
3 2518 2383 2424 
3 2303 2336 2424 
3 2228 2248 2336 
3 2154 2248 2146 
3 1944 1833 1848 
3 2053 1944 1953 
3 2059 2154 2053 
3 1848 1833 1738 
3 1748 1738 1638 
3 1647 1638 1541 
3 1541 1437 1444 
3 1437 1338 1444 
3 1338 1235 1344 
3 1242 1235 1128 
3 1135 1128 1023 
3 470 305 471 
3 307 176 305 
3 176 183 96 
3 96 101 57 
3 595 471 596 
3 706 703 596 
3 805 706 808 
3 914 808 920 
3 63 26 57 
3 26 36 11 
3 1030 1023 920 
3 2 5 11 
3 7 5 0 
3 7 1 9 
3 9 14 4 
3 855 962 969 
3 1074 969 1070 
3 740 849 855 
3 626 739 740 
3 627 626 498 
3 490 627 498 
3 299 444 490 
3 288 299 180 
3 1074 1180 1184 
3 103 175 180 
3 1287 1184 1285 
3 103 68 105 
3 72 68 27 
3 4 37 27 
3 2309 2425 2414 
3 2425 2547 2532 
3 2189 2309 2291 
3 2081 2189 2181 
3 2547 2701 2686 
3 2081 2072 1972 
3 1972 1966 1868 
3 1766 1868 1859 
3 1766 1756 1671 
3 1580 1671 1706 
3 1580 1590 1487 
3 1487 1490 1390 
3 1287 1390 1392 
3 2701 2825 2820 
3 2840 2915 2833 
3 2833 2907 2825 
3 2840 2914 2915 
3 2913 2912 2958 
3 2912 2909 2954 
3 2901 2952 2909 
3 2913 2951 2914 
3 2887 2942 2901 
3 2887 2925 2942 
3 2925 2891 2946 
3 2891 2834 2922 
3 2880 2834 2751 
3 2628 2797 2751 
3 2518 2683 2628 
3 2551 2518 2424 
3 2424 2336 2450 
3 2248 2353 2336 
3 2259 2248 2154 
3 1953 1944 1848 
3 2059 2053 1953 
3 2154 2059 2164 
3 1748 1848 1738 
3 1748 1638 1647 
3 1549 1647 1541 
3 1549 1541 1444 
3 1444 1338 1344 
3 1235 1242 1344 
3 1135 1242 1128 
3 1030 1135 1023 
3 471 305 310 
3 305 176 178 
3 97 176 96 
3 56 96 57 
3 596 471 477 
3 601 706 596 
3 706 708 808 
3 920 808 816 
3 57 26 25 
3 26 11 13 
3 925 1030 920 
3 5 12 11 
3 5 7 16 
3 7 9 17 
3 9 4 10 
3 855 969 862 
3 969 1074 974 
3 740 855 749 
3 626 740 630 
3 626 508 498 
3 329 490 498 
3 329 299 490 
3 180 299 190 
3 1074 1184 1080 
3 109 103 180 
3 1184 1287 1188 
3 68 103 66 
3 68 23 27 
3 6 4 27 
3 2414 2425 2532 
3 2309 2414 2291 
3 2547 2686 2532 
3 2189 2291 2181 
3 2081 2181 2072 
3 2701 2820 2686 
3 2072 1966 1972 
3 1868 1966 1859 
3 1756 1766 1859 
3 1671 1756 1706 
3 1590 1580 1706 
3 1590 1490 1487 
3 1390 1490 1392 
3 1287 1392 1293 
3 2825 2904 2820 
3 2915 2907 2833 
3 2907 2904 2825 
3 2914 2956 2915 
3 2912 2954 2958 
3 2951 2913 2958 
3 2909 2952 2954 
3 2901 2942 2952 
3 2914 2951 2956 
3 2942 2925 2967 
3 2891 2922 2946 
3 2925 2946 2967 
3 2922 2834 2880 
3 2797 2880 2751 
3 2628 2683 2797 
3 2683 2518 2551 
3 2551 2424 2450 
3 2336 2353 2450 
3 2353 2248 2259 
3 2259 2154 2164 
3 1953 1848 1856 
3 2059 1953 1959 
3 2164 2059 2066 
3 1848 1748 1856 
3 1754 1748 1647 
3 1549 1653 1647 
3 1549 1444 1450 
3 1444 1344 1450 
3 1242 1350 1344 
3 1242 1135 1247 
3 1135 1030 1143 
3 305 178 310 
3 471 310 477 
3 178 176 97 
3 56 97 96 
3 56 57 25 
3 601 596 477 
3 601 708 706 
3 808 708 816 
3 925 920 816 
3 26 13 25 
3 11 12 13 
3 1030 925 1037 
3 12 5 16 
3 7 17 16 
3 17 9 10 
3 10 4 6 
3 969 974 862 
3 749 855 862 
3 974 1074 1080 
3 740 749 630 
3 508 626 630 
3 498 508 347 
3 329 498 347 
3 299 329 190 
3 109 180 190 
3 1080 1184 1188 
3 66 103 109 
3 1188 1287 1293 
3 23 68 66 
3 23 6 27 
3 2520 2414 2532 
3 2414 2402 2291 
3 2686 2669 2532 
3 2181 2291 2281 
3 2072 2181 2170 
3 2820 2800 2686 
3 1966 2072 2061 
3 1966 1948 1859 
3 1756 1859 1829 
3 1756 1829 1706 
3 1590 1706 1701 
3 1490 1590 1585 
3 1490 1482 1392 
3 1293 1392 1428 
3 2820 2904 2894 
3 2957 2907 2915 
3 2904 2907 2949 
3 2956 2957 2915 
3 2954 2984 2958 
3 2982 2951 2958 
3 2952 2985 2954 
3 2952 2942 2979 
3 2951 2982 2956 
3 2942 2967 2979 
3 2946 2922 2969 
3 2967 2946 2976 
3 2922 2880 2941 
3 2880 2797 2903 
3 2797 2683 2832 
3 2683 2551 2726 
3 2579 2551 2450 
3 2353 2467 2450 
3 2353 2259 2370 
3 2271 2259 2164 
3 1959 1953 1856 
3 2066 2059 1959 
3 2164 2066 2174 
3 1856 1748 1754 
3 1653 1754 1647 
3 1653 1549 1554 
3 1554 1549 1450 
3 1344 1350 1450 
3 1350 1242 1247 
3 1247 1135 1143 
3 1030 1037 1143 
3 178 187 310 
3 310 328 477 
3 178 97 99 
3 97 56 60 
3 56 25 31 
3 601 477 481 
3 708 601 610 
3 708 716 816 
3 824 925 816 
3 25 13 15 
3 13 12 15 
3 1037 925 932 
3 12 16 18 
3 17 24 16 
3 22 17 10 
3 10 6 20 
3 974 873 862 
3 757 749 862 
3 974 1080 981 
3 749 640 630 
3 520 508 630 
3 347 508 369 
3 209 329 347 
3 329 209 190 
3 122 109 190 
3 1088 1080 1188 
3 66 109 75 
3 1193 1188 1293 
3 23 66 33 
3 6 23 19 
3 2414 2520 2402 
3 2669 2520 2532 
3 2291 2402 2281 
3 2800 2669 2686 
3 2181 2281 2170 
3 2072 2170 2061 
3 2800 2820 2894 
3 1948 1966 2061 
3 1859 1948 1829 
3 1706 1829 1701 
3 1590 1701 1585 
3 1482 1490 1585 
3 1392 1482 1428 
3 1312 1293 1428 
3 2904 2943 2894 
3 2907 2957 2949 
3 2904 2949 2943 
3 2956 2987 2957 
3 2984 2999 2958 
3 2985 2984 2954 
3 2999 2982 2958 
3 2985 2952 2979 
3 2956 2982 2987 
3 2967 2990 2979 
3 2922 2941 2969 
3 2976 2946 2969 
3 2967 2976 2990 
3 2880 2903 2941 
3 2903 2797 2832 
3 2832 2683 2726 
3 2726 2551 2579 
3 2467 2579 2450 
3 2467 2353 2370 
3 2370 2259 2271 
3 2271 2164 2174 
3 1959 1856 1861 
3 1968 2066 1959 
3 2174 2066 2076 
3 1861 1856 1754 
3 1754 1653 1759 
3 1660 1653 1554 
3 1456 1554 1450 
3 1350 1456 1450 
3 1354 1350 1247 
3 1252 1247 1143 
3 1037 1151 1143 
3 187 328 310 
3 187 178 99 
3 477 328 481 
3 99 97 60 
3 60 56 31 
3 31 25 15 
3 610 601 481 
3 716 708 610 
3 716 824 816 
3 925 824 932 
3 15 12 18 
3 1037 932 1046 
3 16 24 18 
3 24 17 22 
3 22 10 20 
3 20 6 19 
3 873 757 862 
3 873 974 981 
3 749 757 640 
3 981 1080 1088 
3 640 520 630 
3 508 520 369 
3 227 347 369 
3 227 209 347 
3 209 122 190 
3 75 109 122 
3 1193 1088 1188 
3 66 75 33 
3 1312 1193 1293 
3 19 23 33 
3 2402 2520 2502 
3 2520 2669 2643 
3 2402 2380 2281 
3 2800 2787 2669 
3 2281 2268 2170 
3 2170 2157 2061 
3 2800 2894 2883 
3 2047 1948 2061 
3 1948 1923 1829 
3 1701 1829 1801 
3 1585 1701 1684 
3 1482 1585 1570 
3 1482 1570 1428 
3 1312 1428 1443 
3 2943 2932 2894 
3 2957 2980 2949 
3 2949 2972 2943 
3 2957 2987 2980 
3 2999 2984 3003 
3 2984 2985 3003 
3 2982 2999 3001 
3 2998 2985 2979 
3 2987 2982 3001 
3 2990 2998 2979 
3 2941 2981 2969 
3 2991 2976 2969 
3 2990 2976 2991 
3 2941 2903 2965 
3 2903 2832 2924 
3 2832 2726 2859 
3 2726 2579 2747 
3 2579 2467 2595 
3 2467 2370 2486 
3 2370 2271 2376 
3 2279 2271 2174 
3 1968 1959 1861 
3 2066 1968 2076 
3 2184 2174 2076 
3 1861 1754 1759 
3 1759 1653 1660 
3 1558 1660 1554 
3 1456 1558 1554 
3 1456 1350 1354 
3 1354 1247 1252 
3 1151 1252 1143 
3 1151 1037 1046 
3 328 187 207 
3 115 187 99 
3 328 344 481 
3 70 99 60 
3 44 60 31 
3 31 15 21 
3 489 610 481 
3 617 716 610 
3 824 716 724 
3 932 824 834 
3 21 15 18 
3 1046 932 942 
3 24 28 18 
3 24 22 30 
3 35 22 20 
3 20 19 34 
3 757 873 772 
3 873 981 879 
3 640 757 651 
3 981 1088 986 
3 520 640 539 
3 520 401 369 
3 250 227 369 
3 209 227 135 
3 122 209 135 
3 75 122 82 
3 1088 1193 1095 
3 33 75 48 
3 1193 1312 1203 
3 32 19 33 
3 2502 2520 2643 
3 2402 2502 2380 
3 2669 2787 2643 
3 2281 2380 2268 
3 2787 2800 2883 
3 2268 2157 2170 
3 2157 2047 2061 
3 2894 2932 2883 
3 1948 2047 1923 
3 1829 1923 1801 
3 1701 1801 1684 
3 1585 1684 1570 
3 1428 1570 1556 
3 1428 1556 1443 
3 1324 1312 1443 
3 2932 2943 2959 
3 2980 2972 2949 
3 2943 2972 2959 
3 2980 2987 2993 
3 2999 3003 3004 
3 2985 2998 3003 
3 2999 3004 3001 
3 2987 3001 2993 
3 2998 2990 2996 
3 2981 2991 2969 
3 2981 2941 2965 
3 2996 2990 2991 
3 2965 2903 2924 
3 2832 2859 2924 
3 2859 2726 2747 
3 2747 2579 2595 
3 2467 2486 2595 
3 2370 2376 2486 
3 2376 2271 2279 
3 2279 2174 2184 
3 1968 1861 1867 
3 1968 1976 2076 
3 2184 2076 2085 
3 1867 1861 1759 
3 1767 1759 1660 
3 1558 1665 1660 
3 1558 1456 1459 
3 1459 1456 1354 
3 1357 1354 1252 
3 1257 1252 1151 
3 1151 1046 1154 
3 187 115 207 
3 328 207 344 
3 115 99 70 
3 344 489 481 
3 44 70 60 
3 44 31 21 
3 489 617 610 
3 724 716 617 
3 824 724 834 
3 932 834 942 
3 28 21 18 
3 1046 942 1056 
3 28 24 30 
3 30 22 35 
3 35 20 34 
3 19 32 34 
3 772 873 879 
3 651 757 772 
3 879 981 986 
3 539 640 651 
3 986 1088 1095 
3 401 520 539 
3 401 250 369 
3 227 250 157 
3 135 227 157 
3 82 122 135 
3 75 82 48 
3 1095 1193 1203 
3 32 33 48 
3 1312 1324 1203 
3 2502 2643 2609 
3 2380 2502 2484 
3 2787 2758 2643 
3 2380 2365 2268 
3 2787 2883 2863 
3 2268 2254 2157 
3 2047 2157 2144 
3 2932 2917 2883 
3 1923 2047 2023 
3 1923 1899 1801 
3 1801 1782 1684 
3 1684 1666 1570 
3 1570 1666 1556 
3 1556 1550 1443 
3 1438 1324 1443 
3 2932 2959 2940 
3 2972 2980 2978 
3 2972 2968 2959 
3 2980 2993 2978 
3 3003 3002 3004 
3 3003 2998 3002 
3 3004 2995 3001 
3 3001 2995 2993 
3 2998 2996 3002 
3 2991 2981 2994 
3 2981 2965 2988 
3 2996 2991 2994 
3 2971 2965 2924 
3 2859 2933 2924 
3 2859 2747 2868 
3 2747 2595 2757 
3 2595 2486 2610 
3 2486 2376 2494 
3 2376 2279 2391 
3 2288 2279 2184 
3 1976 1968 1867 
3 2076 1976 2085 
3 2192 2184 2085 
3 1867 1759 1767 
3 1665 1767 1660 
3 1665 1558 1564 
3 1558 1459 1564 
3 1459 1354 1357 
3 1357 1252 1257 
3 1257 1151 1154 
3 1154 1046 1056 
3 207 115 129 
3 344 207 223 
3 115 70 81 
3 361 489 344 
3 70 44 58 
3 39 44 21 
3 489 507 617 
3 625 724 617 
3 834 724 732 
3 834 841 942 
3 28 39 21 
3 942 951 1056 
3 38 28 30 
3 30 35 42 
3 41 35 34 
3 32 40 34 
3 772 879 781 
3 651 772 669 
3 879 986 887 
3 539 651 549 
3 994 986 1095 
3 401 539 426 
3 250 401 280 
3 157 250 181 
3 94 135 157 
3 82 135 94 
3 82 61 48 
3 1101 1095 1203 
3 32 48 43 
3 1324 1213 1203 
3 2643 2758 2609 
3 2484 2502 2609 
3 2380 2484 2365 
3 2758 2787 2863 
3 2268 2365 2254 
3 2883 2917 2863 
3 2157 2254 2144 
3 2023 2047 2144 
3 2917 2932 2940 
3 1923 2023 1899 
3 1899 1782 1801 
3 1782 1666 1684 
3 1556 1666 1661 
3 1550 1438 1443 
3 1550 1556 1661 
3 1326 1324 1438 
3 2959 2955 2940 
3 2968 2972 2978 
3 2959 2968 2955 
3 2993 2983 2978 
3 3004 3002 3000 
3 2995 3004 3000 
3 2995 2983 2993 
3 3002 2996 2997 
3 2981 2988 2994 
3 2988 2965 2971 
3 2996 2994 2997 
3 2933 2971 2924 
3 2933 2859 2868 
3 2868 2747 2757 
3 2595 2610 2757 
3 2486 2494 2610 
3 2494 2376 2391 
3 2391 2279 2288 
3 2192 2288 2184 
3 1976 1867 1875 
3 2085 1976 1983 
3 2093 2192 2085 
3 1875 1867 1767 
3 1767 1665 1775 
3 1667 1665 1564 
3 1459 1463 1564 
3 1463 1459 1357 
3 1357 1257 1361 
3 1259 1257 1154 
3 1159 1154 1056 
3 129 115 81 
3 207 129 223 
3 361 344 223 
3 81 70 58 
3 507 489 361 
3 58 44 39 
3 507 625 617 
3 724 625 732 
3 841 834 732 
3 841 951 942 
3 39 28 38 
3 951 1061 1056 
3 38 30 42 
3 35 41 42 
3 40 41 34 
3 40 32 43 
3 781 879 887 
3 669 772 781 
3 549 651 669 
3 986 994 887 
3 426 539 549 
3 1101 994 1095 
3 280 401 426 
3 250 280 181 
3 112 157 181 
3 94 157 112 
3 61 82 94 
3 48 61 43 
3 1213 1101 1203 
3 1324 1326 1213 
3 2609 2758 2730 
3 2484 2609 2582 
3 2365 2484 2460 
3 2827 2758 2863 
3 2365 2348 2254 
3 2917 2896 2863 
3 2254 2237 2144 
3 2114 2023 2144 
3 2917 2940 2927 
3 1899 2023 1997 
3 1782 1899 1886 
3 1666 1782 1771 
3 1666 1771 1661 
3 1438 1550 1542 
3 1652 1550 1661 
3 1326 1438 1434 
3 2955 2936 2940 
3 2970 2968 2978 
3 2968 2960 2955 
3 2983 2970 2978 
3 3002 2997 3000 
3 2986 2995 3000 
3 2986 2983 2995 
3 2994 2988 2992 
3 2977 2988 2971 
3 2997 2994 2992 
3 2971 2933 2961 
3 2933 2868 2930 
3 2867 2868 2757 
3 2610 2761 2757 
3 2494 2623 2610 
3 2494 2391 2504 
3 2391 2288 2407 
3 2305 2288 2192 
3 1983 1976 1875 
3 2093 2085 1983 
3 2205 2192 2093 
3 1875 1767 1775 
3 1665 1667 1775 
3 1667 1564 1566 
3 1564 1463 1566 
3 1463 1357 1361 
3 1361 1257 1259 
3 1159 1259 1154 
3 1061 1159 1056 
3 129 81 93 
3 129 151 223 
3 242 361 223 
3 81 58 74 
3 388 507 361 
3 58 39 55 
3 524 625 507 
3 732 625 638 
3 841 732 751 
3 841 857 951 
3 55 39 38 
3 1061 951 965 
3 38 42 54 
3 42 41 51 
3 41 40 47 
3 46 40 43 
3 781 887 789 
3 669 781 684 
3 549 669 565 
3 887 994 894 
3 426 549 448 
3 994 1101 1001 
3 280 426 313 
3 181 280 219 
3 112 181 140 
3 76 94 112 
3 76 61 94 
3 43 61 52 
3 1110 1101 1213 
3 1213 1326 1219 
3 2758 2827 2730 
3 2609 2730 2582 
3 2460 2484 2582 
3 2365 2460 2348 
3 2896 2827 2863 
3 2254 2348 2237 
3 2896 2917 2927 
3 2237 2114 2144 
3 2023 2114 1997 
3 2940 2936 2927 
3 1899 1997 1886 
3 1771 1782 1886 
3 1771 1761 1661 
3 1550 1652 1542 
3 1438 1542 1434 
3 1761 1652 1661 
3 1328 1326 1434 
3 2944 2936 2955 
3 2970 2960 2968 
3 2960 2944 2955 
3 2973 2970 2983 
3 3000 2997 2989 
3 2986 3000 2989 
3 2973 2983 2986 
3 2988 2977 2992 
3 2977 2971 2961 
3 2997 2992 2989 
3 2961 2933 2930 
3 2868 2867 2930 
3 2761 2867 2757 
3 2623 2761 2610 
3 2494 2504 2623 
3 2504 2391 2407 
3 2407 2288 2305 
3 2305 2192 2205 
3 1983 1875 1882 
3 1991 2093 1983 
3 2102 2205 2093 
3 1882 1875 1775 
3 1667 1777 1775 
3 1674 1667 1566 
3 1566 1463 1467 
3 1467 1463 1361 
3 1366 1361 1259 
3 1259 1159 1267 
3 1167 1159 1061 
3 93 81 74 
3 151 129 93 
3 151 242 223 
3 388 361 242 
3 74 58 55 
3 524 507 388 
3 625 524 638 
3 732 638 751 
3 857 841 751 
3 951 857 965 
3 55 38 54 
3 1061 965 1072 
3 42 51 54 
3 51 41 47 
3 40 46 47 
3 46 43 52 
3 789 887 894 
3 684 781 789 
3 669 684 565 
3 448 549 565 
3 994 1001 894 
3 426 448 313 
3 1101 1110 1001 
3 219 280 313 
3 140 181 219 
3 84 112 140 
3 84 76 112 
3 61 76 52 
3 1110 1213 1219 
3 1219 1326 1328 
3 2827 2803 2730 
3 2730 2693 2582 
3 2460 2582 2560 
3 2348 2460 2438 
3 2827 2896 2879 
3 2348 2328 2237 
3 2908 2896 2927 
3 2237 2213 2114 
3 2114 2098 1997 
3 2936 2921 2927 
3 1997 1984 1886 
3 1872 1771 1886 
3 1771 1872 1761 
3 1542 1652 1645 
3 1542 1538 1434 
3 1652 1761 1751 
3 1328 1434 1431 
3 2936 2944 2928 
3 2970 2962 2960 
3 2947 2944 2960 
3 2973 2962 2970 
3 2974 2986 2989 
3 2974 2973 2986 
3 2977 2975 2992 
3 2977 2961 2966 
3 2992 2975 2989 
3 2961 2930 2945 
3 2930 2867 2920 
3 2867 2761 2864 
3 2623 2766 2761 
3 2623 2504 2642 
3 2519 2504 2407 
3 2407 2305 2417 
3 2315 2305 2205 
3 1991 1983 1882 
3 2102 2093 1991 
3 2205 2102 2215 
3 1777 1882 1775 
3 1777 1667 1674 
3 1674 1566 1572 
3 1572 1566 1467 
3 1366 1467 1361 
3 1366 1259 1267 
3 1159 1167 1267 
3 1167 1061 1072 
3 88 93 74 
3 151 93 119 
3 242 151 173 
3 388 242 266 
3 73 74 55 
3 413 524 388 
3 524 544 638 
3 638 654 751 
3 764 857 751 
3 965 857 876 
3 73 55 54 
3 965 979 1072 
3 54 51 71 
3 65 51 47 
3 46 62 47 
3 46 52 59 
3 799 789 894 
3 684 789 698 
3 684 587 565 
3 469 448 565 
3 894 1001 904 
3 313 448 336 
3 1001 1110 1009 
3 219 313 229 
3 140 219 174 
3 118 84 140 
3 64 76 84 
3 76 64 52 
3 1110 1219 1118 
3 1219 1328 1224 
3 2803 2693 2730 
3 2803 2827 2879 
3 2582 2693 2560 
3 2460 2560 2438 
3 2328 2348 2438 
3 2896 2908 2879 
3 2328 2213 2237 
3 2921 2908 2927 
3 2114 2213 2098 
3 1997 2098 1984 
3 2936 2928 2921 
3 1984 1872 1886 
3 1761 1872 1863 
3 1652 1751 1645 
3 1538 1542 1645 
3 1434 1538 1431 
3 1761 1863 1751 
3 1331 1328 1431 
3 2944 2935 2928 
3 2962 2947 2960 
3 2944 2947 2935 
3 2962 2973 2964 
3 2975 2974 2989 
3 2964 2973 2974 
3 2975 2977 2966 
3 2966 2961 2945 
3 2945 2930 2920 
3 2867 2864 2920 
3 2761 2766 2864 
3 2766 2623 2642 
3 2504 2519 2642 
3 2519 2407 2417 
3 2417 2305 2315 
3 2315 2205 2215 
3 1889 1991 1882 
3 2102 1991 1999 
3 2102 2106 2215 
3 1777 1889 1882 
3 1783 1777 1674 
3 1679 1674 1572 
3 1470 1572 1467 
3 1366 1470 1467 
3 1371 1366 1267 
3 1267 1167 1272 
3 1182 1167 1072 
3 93 88 119 
3 73 88 74 
3 173 151 119 
3 242 173 266 
3 413 388 266 
3 524 413 544 
3 638 544 654 
3 654 764 751 
3 876 857 764 
3 979 965 876 
3 73 54 71 
3 979 1086 1072 
3 51 65 71 
3 62 65 47 
3 62 46 59 
3 52 64 59 
3 698 789 799 
3 799 894 904 
3 587 684 698 
3 587 469 565 
3 336 448 469 
3 904 1001 1009 
3 229 313 336 
3 1110 1118 1009 
3 174 219 229 
3 118 140 174 
3 86 84 118 
3 86 64 84 
3 1118 1219 1224 
3 1328 1331 1224 
3 2693 2803 2785 
3 2803 2879 2857 
3 2693 2664 2560 
3 2438 2560 2530 
3 2420 2328 2438 
3 2879 2908 2892 
3 2213 2328 2307 
3 2908 2921 2905 
3 2098 2213 2190 
3 1984 2098 2083 
3 2921 2928 2910 
3 1984 1971 1872 
3 1872 1971 1863 
3 1751 1746 1645 
3 1637 1538 1645 
3 1538 1532 1431 
3 1863 1854 1751 
3 1429 1331 1431 
3 2928 2935 2919 
3 2953 2947 2962 
3 2947 2937 2935 
3 2953 2962 2964 
3 2974 2975 2963 
3 2964 2974 2963 
3 2963 2975 2966 
3 2966 2945 2948 
3 2934 2945 2920 
3 2920 2864 2906 
3 2864 2766 2856 
3 2766 2642 2774 
3 2642 2519 2653 
3 2519 2417 2527 
3 2417 2315 2426 
3 2327 2315 2215 
3 1991 1889 1999 
3 2106 2102 1999 
3 2106 2224 2215 
3 1777 1783 1889 
3 1679 1783 1674 
3 1577 1679 1572 
3 1470 1577 1572 
3 1470 1366 1371 
3 1371 1267 1272 
3 1167 1182 1272 
3 1086 1182 1072 
3 119 88 104 
3 88 73 90 
3 173 119 152 
3 173 215 266 
3 312 413 266 
3 544 413 449 
3 544 563 654 
3 764 654 674 
3 876 764 784 
3 889 979 876 
3 90 73 71 
3 1086 979 993 
3 65 87 71 
3 65 62 83 
3 62 59 80 
3 64 79 59 
3 709 698 799 
3 799 904 813 
3 608 587 698 
3 587 492 469 
3 370 336 469 
3 904 1009 923 
3 252 229 336 
3 1118 1025 1009 
3 156 174 229 
3 156 118 174 
3 86 118 121 
3 79 64 86 
3 1118 1224 1126 
3 1224 1331 1231 
3 2803 2857 2785 
3 2693 2785 2664 
3 2879 2892 2857 
3 2560 2664 2530 
3 2420 2438 2530 
3 2328 2420 2307 
3 2908 2905 2892 
3 2213 2307 2190 
3 2905 2921 2910 
3 2098 2190 2083 
3 1971 1984 2083 
3 2928 2919 2910 
3 1863 1971 1961 
3 1746 1637 1645 
3 1751 1854 1746 
3 1637 1532 1538 
3 1532 1429 1431 
3 1863 1961 1854 
3 1331 1429 1330 
3 2935 2923 2919 
3 2947 2953 2937 
3 2935 2937 2923 
3 2953 2964 2950 
3 2964 2963 2950 
3 2963 2966 2948 
3 2945 2934 2948 
3 2934 2920 2906 
3 2864 2856 2906 
3 2766 2774 2856 
3 2642 2653 2774 
3 2519 2527 2653 
3 2417 2426 2527 
3 2426 2315 2327 
3 2224 2327 2215 
3 1999 1889 1892 
3 2106 1999 2004 
3 2224 2106 2113 
3 1889 1783 1892 
3 1788 1783 1679 
3 1679 1577 1687 
3 1577 1470 1473 
3 1473 1470 1371 
3 1386 1371 1272 
3 1182 1286 1272 
3 1189 1182 1086 
3 88 90 104 
3 152 119 104 
3 215 173 152 
3 215 312 266 
3 413 312 449 
3 563 544 449 
3 654 563 674 
3 764 674 784 
3 889 876 784 
3 979 889 993 
3 87 90 71 
3 1086 993 1100 
3 87 65 83 
3 83 62 80 
3 59 79 80 
3 709 608 698 
3 709 799 813 
3 813 904 923 
3 492 587 608 
3 492 370 469 
3 370 252 336 
3 1009 1025 923 
3 252 184 229 
3 1025 1118 1126 
3 184 156 229 
3 118 156 121 
3 100 86 121 
3 100 79 86 
3 1126 1224 1231 
3 1231 1331 1330 
3 2785 2857 2826 
3 2664 2785 2756 
3 2857 2892 2881 
3 2664 2632 2530 
3 2511 2420 2530 
3 2307 2420 2401 
3 2892 2905 2893 
3 2190 2307 2286 
3 2895 2905 2910 
3 2190 2177 2083 
3 2070 1971 2083 
3 2910 2919 2898 
3 1971 2070 1961 
3 1637 1746 1740 
3 1746 1854 1847 
3 1532 1637 1633 
3 1429 1532 1531 
3 1961 1951 1854 
3 1330 1429 1427 
3 2919 2923 2902 
3 2953 2939 2937 
3 2937 2929 2923 
3 2939 2953 2950 
3 2950 2963 2948 
3 2934 2938 2948 
3 2926 2934 2906 
3 2856 2899 2906 
3 2774 2851 2856 
3 2653 2777 2774 
3 2653 2527 2663 
3 2527 2426 2537 
3 2426 2327 2432 
3 2327 2224 2333 
3 2004 1999 1892 
3 2113 2106 2004 
3 2224 2113 2232 
3 1783 1788 1892 
3 1788 1679 1687 
3 1687 1577 1584 
3 1584 1577 1473 
3 1386 1473 1371 
3 1286 1386 1272 
3 1286 1182 1189 
3 1189 1086 1100 
3 90 108 104 
3 142 152 104 
3 215 152 192 
3 312 215 263 
3 449 312 372 
3 488 563 449 
3 674 563 597 
3 784 674 701 
3 800 889 784 
3 889 908 993 
3 108 90 87 
3 993 1018 1100 
3 107 87 83 
3 102 83 80 
3 79 98 80 
3 608 709 621 
3 709 813 725 
3 813 923 831 
3 518 492 608 
3 370 492 404 
3 279 252 370 
3 923 1025 936 
3 184 252 213 
3 1025 1126 1041 
3 155 156 184 
3 156 155 121 
3 136 100 121 
3 98 79 100 
3 1126 1231 1131 
3 1231 1330 1220 
3 2857 2881 2826 
3 2756 2785 2826 
3 2664 2756 2632 
3 2892 2893 2881 
3 2632 2511 2530 
3 2420 2511 2401 
3 2307 2401 2286 
3 2905 2895 2893 
3 2190 2286 2177 
3 2895 2910 2898 
3 2177 2070 2083 
3 2919 2902 2898 
3 2070 2060 1961 
3 1746 1847 1740 
3 1633 1637 1740 
3 1854 1951 1847 
3 1532 1633 1531 
3 1429 1531 1427 
3 2060 1951 1961 
3 1330 1427 1318 
3 2923 2911 2902 
3 2937 2939 2929 
3 2929 2911 2923 
3 2939 2950 2938 
3 2938 2950 2948 
3 2938 2934 2926 
3 2899 2926 2906 
3 2851 2899 2856 
3 2777 2851 2774 
3 2653 2663 2777 
3 2663 2527 2537 
3 2426 2432 2537 
3 2432 2327 2333 
3 2333 2224 2232 
3 1898 2004 1892 
3 2113 2004 2010 
3 2113 2120 2232 
3 1788 1898 1892 
3 1791 1788 1687 
3 1690 1687 1584 
3 1584 1473 1491 
3 1473 1386 1491 
3 1391 1386 1286 
3 1294 1286 1189 
3 1207 1189 1100 
3 108 142 104 
3 152 142 192 
3 263 215 192 
3 372 312 263 
3 488 449 372 
3 563 488 597 
3 674 597 701 
3 800 784 701 
3 908 889 800 
3 993 908 1018 
3 108 87 107 
3 1100 1018 1127 
3 102 107 83 
3 98 102 80 
3 621 709 725 
3 518 608 621 
3 725 813 831 
3 831 923 936 
3 492 518 404 
3 279 370 404 
3 252 279 213 
3 1025 1041 936 
3 172 184 213 
3 1041 1126 1131 
3 172 155 184 
3 155 136 121 
3 134 100 136 
3 134 98 100 
3 1131 1231 1220 
3 1220 1330 1318 
3 2826 2881 2862 
3 2801 2756 2826 
3 2632 2756 2732 
3 2893 2884 2881 
3 2511 2632 2606 
3 2401 2511 2492 
3 2286 2401 2378 
3 2893 2895 2888 
3 2177 2286 2272 
3 2886 2895 2898 
3 2070 2177 2165 
3 2898 2902 2885 
3 2070 2165 2060 
3 1847 1836 1740 
3 1733 1633 1740 
3 1951 1943 1847 
3 1531 1633 1631 
3 1427 1531 1529 
3 1951 2060 2052 
3 1318 1427 1420 
3 2902 2911 2890 
3 2939 2931 2929 
3 2929 2918 2911 
3 2939 2938 2931 
3 2938 2926 2931 
3 2926 2899 2916 
3 2899 2851 2889 
3 2851 2777 2837 
3 2777 2663 2776 
3 2663 2537 2666 
3 2537 2432 2544 
3 2435 2432 2333 
3 2334 2333 2232 
3 2004 1898 2010 
3 2120 2113 2010 
3 2232 2120 2231 
3 1898 1788 1791 
3 1791 1687 1690 
3 1591 1690 1584 
3 1591 1584 1491 
3 1386 1391 1491 
3 1294 1391 1286 
3 1294 1189 1207 
3 1207 1100 1127 
3 142 108 146 
3 192 142 189 
3 263 192 243 
3 316 372 263 
3 488 372 425 
3 597 488 529 
3 701 597 628 
3 800 701 729 
3 908 800 832 
3 1018 908 934 
3 146 108 107 
3 1127 1018 1047 
3 107 102 143 
3 137 102 98 
3 636 621 725 
3 518 621 538 
3 741 725 831 
3 846 831 936 
3 404 518 433 
3 318 279 404 
3 279 240 213 
3 1041 964 936 
3 202 172 213 
3 1041 1131 964 
3 172 161 155 
3 161 136 155 
3 163 134 136 
3 137 98 134 
3 1131 1220 1094 
3 1220 1318 1198 
3 2881 2884 2862 
3 2801 2826 2862 
3 2756 2801 2732 
3 2632 2732 2606 
3 2884 2893 2888 
3 2511 2606 2492 
3 2378 2401 2492 
3 2286 2378 2272 
3 2895 2886 2888 
3 2177 2272 2165 
3 2886 2898 2885 
3 2902 2890 2885 
3 2060 2165 2153 
3 1836 1733 1740 
3 1943 1836 1847 
3 1633 1733 1631 
3 1943 1951 2052 
3 1529 1531 1631 
3 1427 1529 1420 
3 2060 2153 2052 
3 1318 1420 1314 
3 2911 2897 2890 
3 2929 2931 2918 
3 2918 2897 2911 
3 2926 2916 2931 
3 2899 2889 2916 
3 2851 2837 2889 
3 2777 2776 2837 
3 2663 2666 2776 
3 2537 2544 2666 
3 2432 2435 2544 
3 2334 2435 2333 
3 2334 2232 2231 
3 2010 1898 1903 
3 2011 2120 2010 
3 2120 2119 2231 
3 1898 1791 1903 
3 1796 1791 1690 
3 1690 1591 1698 
3 1498 1591 1491 
3 1391 1498 1491 
3 1294 1397 1391 
3 1294 1207 1309 
3 1232 1207 1127 
3 189 142 146 
3 243 192 189 
3 316 263 243 
3 372 316 425 
3 488 425 529 
3 597 529 628 
3 701 628 729 
3 800 729 832 
3 934 908 832 
3 1018 934 1047 
3 146 107 143 
3 1127 1047 1156 
3 102 137 143 
3 538 621 636 
3 636 725 741 
3 518 538 433 
3 846 741 831 
3 964 846 936 
3 318 404 433 
3 240 279 318 
3 240 202 213 
3 186 172 202 
3 964 1131 1094 
3 161 172 186 
3 161 163 136 
3 134 163 170 
3 137 134 170 
3 1220 1198 1094 
3 1198 1318 1314 
3 2884 2866 2862 
3 2835 2801 2862 
3 2732 2801 2788 
3 2732 2703 2606 
3 2878 2884 2888 
3 2606 2585 2492 
3 2470 2378 2492 
3 2378 2367 2272 
3 2886 2876 2888 
3 2165 2272 2258 
3 2886 2885 2870 
3 2890 2869 2885 
3 2165 2258 2153 
3 1733 1836 1831 
3 1836 1943 1935 
3 1733 1730 1631 
3 1943 2052 2035 
3 1627 1529 1631 
3 1420 1529 1528 
3 2052 2153 2145 
3 1420 1422 1314 
3 2897 2875 2890 
3 2931 2916 2918 
3 2897 2918 2900 
3 2916 2889 2900 
3 2889 2837 2874 
3 2837 2776 2818 
3 2776 2666 2780 
3 2666 2544 2660 
3 2544 2435 2536 
3 2435 2334 2430 
3 2334 2231 2325 
3 2011 2010 1903 
3 2119 2120 2011 
3 2119 2219 2231 
3 1791 1796 1903 
3 1796 1690 1698 
3 1698 1591 1597 
3 1591 1498 1597 
3 1391 1397 1498 
3 1397 1294 1309 
3 1309 1207 1232 
3 1232 1127 1156 
3 189 146 188 
3 241 243 189 
3 316 243 292 
3 425 316 385 
3 425 478 529 
3 628 529 568 
3 628 676 729 
3 729 825 832 
3 825 934 832 
3 934 958 1047 
3 188 146 143 
3 1047 1065 1156 
3 143 137 179 
3 538 636 546 
3 636 741 650 
3 538 461 433 
3 758 741 846 
3 846 964 868 
3 371 318 433 
3 240 318 269 
3 202 240 228 
3 214 186 202 
3 964 1094 980 
3 191 161 186 
3 163 161 191 
3 163 206 170 
3 179 137 170 
3 1094 1198 1092 
3 1205 1198 1314 
3 2866 2835 2862 
3 2884 2878 2866 
3 2801 2835 2788 
3 2703 2732 2788 
3 2703 2585 2606 
3 2876 2878 2888 
3 2585 2470 2492 
3 2378 2470 2367 
3 2272 2367 2258 
3 2876 2886 2870 
3 2885 2869 2870 
3 2890 2875 2869 
3 2258 2247 2153 
3 1836 1935 1831 
3 1733 1831 1730 
3 1935 1943 2035 
3 1730 1627 1631 
3 2052 2145 2035 
3 1529 1627 1528 
3 1420 1528 1422 
3 2153 2247 2145 
3 1422 1316 1314 
3 2897 2882 2875 
3 2918 2916 2900 
3 2882 2897 2900 
3 2889 2874 2900 
3 2837 2818 2874 
3 2818 2776 2780 
3 2666 2660 2780 
3 2544 2536 2660 
3 2536 2435 2430 
3 2430 2334 2325 
3 2231 2219 2325 
3 1907 2011 1903 
3 2119 2011 2015 
3 2219 2119 2115 
3 1796 1907 1903 
3 1803 1796 1698 
3 1703 1698 1597 
3 1498 1500 1597 
3 1397 1500 1498 
3 1405 1397 1309 
3 1319 1309 1232 
3 1238 1232 1156 
3 241 189 188 
3 243 241 292 
3 385 316 292 
3 478 425 385 
3 529 478 568 
3 628 568 676 
3 676 825 729 
3 958 934 825 
3 958 1065 1047 
3 188 143 179 
3 1156 1065 1185 
3 546 636 650 
3 461 538 546 
3 741 758 650 
3 461 371 433 
3 758 846 868 
3 868 964 980 
3 269 318 371 
3 240 269 228 
3 214 202 228 
3 186 214 217 
3 980 1094 1092 
3 191 186 217 
3 206 163 191 
3 206 222 170 
3 222 179 170 
3 1198 1205 1092 
3 1316 1205 1314 
3 2866 2846 2835 
3 2878 2858 2866 
3 2835 2810 2788 
3 2703 2788 2764 
3 2585 2703 2674 
3 2878 2876 2860 
3 2585 2557 2470 
3 2367 2470 2453 
3 2367 2351 2258 
3 2854 2876 2870 
3 2869 2849 2870 
3 2875 2843 2869 
3 2351 2247 2258 
3 1935 1921 1831 
3 1730 1831 1828 
3 2024 1935 2035 
3 1627 1730 1728 
3 2145 2121 2035 
3 1528 1627 1626 
3 1422 1528 1527 
3 2145 2247 2223 
3 1316 1422 1424 
3 2875 2882 2848 
3 2874 2882 2900 
3 2818 2841 2874 
3 2752 2818 2780 
3 2660 2752 2780 
3 2660 2536 2633 
3 2536 2430 2516 
3 2430 2325 2416 
3 2219 2311 2325 
3 2011 1907 2015 
3 2115 2119 2015 
3 2204 2219 2115 
3 1803 1907 1796 
3 1703 1803 1698 
3 1602 1703 1597 
3 1500 1602 1597 
3 1500 1397 1405 
3 1405 1309 1319 
3 1238 1319 1232 
3 1238 1156 1185 
3 241 188 231 
3 241 278 292 
3 385 292 353 
3 478 385 440 
3 568 478 535 
3 676 568 631 
3 825 676 752 
3 958 825 874 
3 1065 958 983 
3 231 188 179 
3 1065 1087 1185 
3 560 546 650 
3 438 461 546 
3 650 758 668 
3 438 371 461 
3 758 868 775 
3 882 868 980 
3 309 269 371 
3 228 269 256 
3 236 214 228 
3 214 239 217 
3 980 1092 989 
3 230 191 217 
3 206 191 230 
3 246 222 206 
3 222 231 179 
3 1205 1099 1092 
3 1205 1316 1212 
3 2835 2846 2810 
3 2866 2858 2846 
3 2858 2878 2860 
3 2788 2810 2764 
3 2703 2764 2674 
3 2557 2585 2674 
3 2876 2854 2860 
3 2470 2557 2453 
3 2367 2453 2351 
3 2849 2854 2870 
3 2869 2843 2849 
3 2875 2848 2843 
3 2247 2351 2326 
3 1831 1921 1828 
3 1935 2024 1921 
3 1730 1828 1728 
3 2121 2024 2035 
3 1627 1728 1626 
3 2145 2223 2121 
3 1528 1626 1527 
3 1422 1527 1424 
3 2223 2247 2326 
3 1323 1316 1424 
3 2882 2841 2848 
3 2841 2882 2874 
3 2818 2752 2841 
3 2752 2660 2633 
3 2633 2536 2516 
3 2430 2416 2516 
3 2325 2311 2416 
3 2219 2204 2311 
3 2015 1907 1911 
3 2115 2015 2019 
3 2204 2115 2117 
3 1907 1803 1911 
3 1809 1803 1703 
3 1705 1703 1602 
3 1602 1500 1503 
3 1503 1500 1405 
3 1407 1405 1319 
3 1319 1238 1305 
3 1185 1305 1238 
3 278 241 231 
3 292 278 353 
3 440 385 353 
3 535 478 440 
3 568 535 631 
3 676 631 752 
3 874 825 752 
3 983 958 874 
3 1087 1065 983 
3 1185 1087 1192 
3 560 438 546 
3 560 650 668 
3 668 758 775 
3 309 371 438 
3 868 882 775 
3 882 980 989 
3 269 309 256 
3 236 228 256 
3 239 214 236 
3 239 248 217 
3 1092 1099 989 
3 248 230 217 
3 246 206 230 
3 222 246 265 
3 231 222 265 
3 1205 1212 1099 
3 1212 1316 1323 
3 2846 2819 2810 
3 2858 2838 2846 
3 2839 2858 2860 
3 2810 2792 2764 
3 2764 2739 2674 
3 2557 2674 2638 
3 2854 2828 2860 
3 2557 2525 2453 
3 2453 2429 2351 
3 2854 2849 2822 
3 2843 2812 2849 
3 2848 2805 2843 
3 2351 2429 2326 
3 1828 1921 1917 
3 1921 2024 2006 
3 1828 1823 1728 
3 2024 2121 2101 
3 1728 1725 1626 
3 2223 2196 2121 
3 1626 1624 1527 
3 1527 1523 1424 
3 2223 2326 2293 
3 1423 1323 1424 
3 2841 2796 2848 
3 2752 2796 2841 
3 2713 2752 2633 
3 2633 2516 2593 
3 2516 2416 2495 
3 2311 2392 2416 
3 2311 2204 2284 
3 2015 1911 2019 
3 2117 2115 2019 
3 2179 2204 2117 
3 1911 1803 1809 
3 1809 1703 1705 
3 1705 1602 1606 
3 1606 1602 1503 
3 1503 1405 1407 
3 1407 1319 1305 
3 1295 1305 1185 
3 278 231 265 
3 278 325 353 
3 440 353 407 
3 491 535 440 
3 535 585 631 
3 631 690 752 
3 791 874 752 
3 983 874 893 
3 1087 983 997 
3 1087 1097 1192 
3 1295 1185 1192 
3 438 560 472 
3 571 560 668 
3 682 668 775 
3 360 309 438 
3 882 787 775 
3 890 882 989 
3 309 281 256 
3 257 236 256 
3 251 239 236 
3 248 239 268 
3 1099 995 989 
3 271 230 248 
3 246 230 271 
3 246 295 265 
3 1212 1105 1099 
3 1212 1323 1215 
3 2810 2819 2792 
3 2846 2838 2819 
3 2858 2839 2838 
3 2828 2839 2860 
3 2764 2792 2739 
3 2674 2739 2638 
3 2525 2557 2638 
3 2828 2854 2822 
3 2453 2525 2429 
3 2849 2812 2822 
3 2843 2805 2812 
3 2796 2805 2848 
3 2429 2403 2326 
3 1921 2006 1917 
3 1823 1828 1917 
3 2006 2024 2101 
3 1728 1823 1725 
3 2121 2196 2101 
3 1725 1624 1626 
3 2223 2293 2196 
3 1624 1523 1527 
3 1523 1423 1424 
3 2326 2403 2293 
3 1323 1423 1322 
3 2713 2796 2752 
3 2713 2633 2593 
3 2516 2495 2593 
3 2416 2392 2495 
3 2392 2311 2284 
3 2204 2179 2284 
3 2019 1911 1915 
3 2117 2019 2022 
3 2127 2179 2117 
3 1911 1809 1915 
3 1811 1809 1705 
3 1707 1705 1606 
3 1505 1606 1503 
3 1505 1503 1407 
3 1404 1407 1305 
3 1404 1305 1295 
3 325 278 265 
3 353 325 407 
3 491 440 407 
3 585 535 491 
3 585 690 631 
3 690 791 752 
3 893 874 791 
3 997 983 893 
3 1097 1087 997 
3 1097 1197 1192 
3 1300 1295 1192 
3 472 560 571 
3 360 438 472 
3 682 571 668 
3 787 682 775 
3 281 309 360 
3 787 882 890 
3 995 890 989 
3 281 257 256 
3 251 236 257 
3 268 239 251 
3 302 248 268 
3 1105 995 1099 
3 302 271 248 
3 295 246 271 
3 295 325 265 
3 1105 1212 1215 
3 1215 1323 1322 
3 2792 2819 2814 
3 2819 2838 2814 
3 2839 2821 2838 
3 2828 2808 2839 
3 2792 2771 2739 
3 2739 2702 2638 
3 2597 2525 2638 
3 2808 2828 2822 
3 2429 2525 2501 
3 2812 2791 2822 
3 2805 2779 2812 
3 2805 2796 2753 
3 2429 2501 2403 
3 2006 1995 1917 
3 1914 1823 1917 
3 2087 2006 2101 
3 1823 1821 1725 
3 2196 2183 2101 
3 1624 1725 1722 
3 2293 2277 2196 
3 1624 1623 1523 
3 1423 1523 1520 
3 2403 2374 2293 
3 1423 1421 1322 
3 2796 2713 2753 
3 2661 2713 2593 
3 2593 2495 2554 
3 2392 2458 2495 
3 2362 2392 2284 
3 2179 2257 2284 
3 2022 2019 1915 
3 2127 2117 2022 
3 2127 2257 2179 
3 1809 1811 1915 
3 1811 1705 1707 
3 1707 1606 1608 
3 1608 1606 1505 
3 1505 1407 1404 
3 1402 1404 1295 
3 407 325 365 
3 447 491 407 
3 585 491 540 
3 690 585 629 
3 791 690 721 
3 893 791 814 
3 997 893 912 
3 1097 997 1003 
3 1197 1300 1192 
3 1197 1097 1104 
3 1402 1295 1300 
3 496 472 571 
3 402 360 472 
3 682 594 571 
3 682 787 697 
3 281 360 314 
3 787 890 794 
3 890 995 895 
3 257 281 276 
3 273 251 257 
3 286 268 251 
3 330 302 268 
3 995 1105 999 
3 337 271 302 
3 337 295 271 
3 325 295 365 
3 1105 1215 1112 
3 1216 1215 1322 
3 2794 2792 2814 
3 2838 2821 2814 
3 2839 2808 2821 
3 2739 2771 2702 
3 2792 2794 2771 
3 2702 2597 2638 
3 2525 2597 2501 
3 2791 2808 2822 
3 2812 2779 2791 
3 2805 2753 2779 
3 2501 2473 2403 
3 1995 1914 1917 
3 2006 2087 1995 
3 1823 1914 1821 
3 2183 2087 2101 
3 1725 1821 1722 
3 2196 2277 2183 
3 1623 1624 1722 
3 2293 2374 2277 
3 1523 1623 1520 
3 1421 1423 1520 
3 2403 2473 2374 
3 1322 1421 1320 
3 2713 2661 2753 
3 2661 2593 2554 
3 2495 2458 2554 
3 2392 2362 2458 
3 2257 2362 2284 
3 1916 2022 1915 
3 2021 2127 2022 
3 2257 2127 2235 
3 1811 1916 1915 
3 1811 1707 1815 
3 1708 1707 1608 
3 1608 1505 1506 
3 1506 1505 1404 
3 1506 1404 1402 
3 447 407 365 
3 491 447 540 
3 629 585 540 
3 690 629 721 
3 814 791 721 
3 912 893 814 
3 1003 997 912 
3 1104 1097 1003 
3 1300 1197 1302 
3 1201 1197 1104 
3 1406 1402 1300 
3 496 402 472 
3 594 496 571 
3 314 360 402 
3 594 682 697 
3 697 787 794 
3 276 281 314 
3 890 895 794 
3 995 999 895 
3 273 257 276 
3 286 251 273 
3 330 268 286 
3 399 302 330 
3 999 1105 1112 
3 383 337 302 
3 295 337 365 
3 1215 1216 1112 
3 1216 1322 1320 
3 2799 2794 2814 
3 2821 2799 2814 
3 2821 2808 2793 
3 2771 2741 2702 
3 2794 2781 2771 
3 2597 2702 2671 
3 2597 2569 2501 
3 2772 2808 2791 
3 2779 2740 2791 
3 2753 2707 2779 
3 2501 2569 2473 
3 1914 1995 2003 
3 2087 2079 1995 
3 1914 1920 1821 
3 2087 2183 2171 
3 1821 1825 1722 
3 2277 2261 2183 
3 1623 1722 1721 
3 2374 2358 2277 
3 1623 1620 1520 
3 1517 1421 1520 
3 2473 2449 2374 
3 1421 1417 1320 
3 2753 2661 2707 
3 2601 2661 2554 
3 2458 2510 2554 
3 2458 2362 2427 
3 2362 2257 2338 
3 1916 2021 2022 
3 2127 2021 2123 
3 2235 2127 2123 
3 2257 2235 2338 
3 1916 1811 1815 
3 1707 1708 1815 
3 1708 1608 1610 
3 1610 1608 1506 
3 1509 1506 1402 
3 383 447 365 
3 447 473 540 
3 559 629 540 
3 629 649 721 
3 814 721 737 
3 912 814 826 
3 1003 912 918 
3 1104 1003 1007 
3 1197 1201 1302 
3 1406 1300 1302 
3 1106 1201 1104 
3 1406 1509 1402 
3 427 402 496 
3 594 523 496 
3 314 402 345 
3 618 594 697 
3 707 697 794 
3 296 276 314 
3 895 802 794 
3 895 999 902 
3 284 273 276 
3 303 286 273 
3 346 330 286 
3 399 383 302 
3 408 399 330 
3 1004 999 1112 
3 337 383 365 
3 1112 1216 1114 
3 1216 1320 1214 
3 2794 2799 2789 
3 2799 2821 2793 
3 2808 2772 2793 
3 2702 2741 2671 
3 2771 2781 2741 
3 2794 2789 2781 
3 2569 2597 2671 
3 2740 2772 2791 
3 2707 2740 2779 
3 2569 2539 2473 
3 1995 2079 2003 
3 1914 2003 1920 
3 2079 2087 2171 
3 1821 1920 1825 
3 2183 2261 2171 
3 1722 1825 1721 
3 2277 2358 2261 
3 1620 1623 1721 
3 2374 2449 2358 
3 1620 1517 1520 
3 1421 1517 1417 
3 2473 2539 2449 
3 1320 1417 1313 
3 2707 2661 2601 
3 2510 2601 2554 
3 2510 2458 2427 
3 2362 2338 2427 
3 1918 2021 1916 
3 2123 2021 2025 
3 2235 2123 2221 
3 2338 2235 2316 
3 1918 1916 1815 
3 1708 1817 1815 
3 1708 1610 1712 
3 1610 1506 1509 
3 473 447 383 
3 473 559 540 
3 649 629 559 
3 721 649 737 
3 826 814 737 
3 918 912 826 
3 1007 1003 918 
3 1106 1104 1007 
3 1201 1306 1302 
3 1412 1406 1302 
3 1202 1201 1106 
3 1509 1406 1510 
3 402 427 345 
3 523 427 496 
3 523 594 618 
3 296 314 345 
3 707 618 697 
3 802 707 794 
3 284 276 296 
3 802 895 902 
3 999 1004 902 
3 303 273 284 
3 346 286 303 
3 408 330 346 
3 473 383 399 
3 485 399 408 
3 1004 1112 1114 
3 1216 1214 1114 
3 1320 1313 1214 
3 2799 2782 2789 
3 2799 2793 2782 
3 2793 2772 2746 
3 2741 2717 2671 
3 2781 2755 2741 
3 2789 2770 2781 
3 2634 2569 2671 
3 2772 2740 2700 
3 2740 2707 2650 
3 2569 2634 2539 
3 2079 2041 2003 
3 2003 2041 1920 
3 2158 2079 2171 
3 1920 1931 1825 
3 2261 2253 2171 
3 1825 1827 1721 
3 2358 2340 2261 
3 1620 1721 1720 
3 2449 2421 2358 
3 1620 1615 1517 
3 1517 1513 1417 
3 2539 2505 2449 
3 1417 1411 1313 
3 2707 2601 2650 
3 2601 2510 2553 
3 2510 2427 2479 
3 2338 2411 2427 
3 2021 1918 2025 
3 2124 2123 2025 
3 2123 2124 2221 
3 2235 2221 2316 
3 2411 2338 2316 
3 1817 1918 1815 
3 1817 1708 1712 
3 1610 1613 1712 
3 1613 1610 1509 
3 559 473 485 
3 649 559 569 
3 649 658 737 
3 744 826 737 
3 918 826 829 
3 1007 918 919 
3 1106 1007 1006 
3 1306 1412 1302 
3 1306 1201 1202 
3 1406 1412 1510 
3 1202 1106 1107 
3 1613 1509 1510 
3 345 427 381 
3 455 427 523 
3 543 523 618 
3 322 296 345 
3 618 707 633 
3 707 802 723 
3 301 284 296 
3 815 802 902 
3 1004 910 902 
3 315 303 284 
3 357 346 303 
3 420 408 346 
3 485 473 399 
3 493 485 408 
3 1004 1114 1008 
3 1114 1214 1111 
3 1214 1313 1208 
3 2782 2759 2789 
3 2782 2793 2746 
3 2772 2700 2746 
3 2717 2634 2671 
3 2755 2717 2741 
3 2781 2770 2755 
3 2789 2759 2770 
3 2740 2650 2700 
3 2634 2596 2539 
3 2079 2158 2041 
3 1920 2041 1931 
3 2253 2158 2171 
3 1825 1931 1827 
3 2340 2253 2261 
3 1721 1827 1720 
3 2358 2421 2340 
3 1615 1620 1720 
3 2449 2505 2421 
3 1517 1615 1513 
3 1417 1513 1411 
3 2539 2596 2505 
3 1313 1411 1303 
3 2601 2553 2650 
3 2510 2479 2553 
3 2427 2411 2479 
3 1918 1922 2025 
3 2029 2124 2025 
3 2124 2217 2221 
3 2221 2306 2316 
3 2405 2411 2316 
3 1922 1918 1817 
3 1824 1817 1712 
3 1712 1613 1718 
3 559 485 569 
3 658 649 569 
3 658 744 737 
3 829 826 744 
3 919 918 829 
3 1006 1007 919 
3 1107 1106 1006 
3 1414 1412 1306 
3 1310 1306 1202 
3 1412 1514 1510 
3 1209 1202 1107 
3 1616 1613 1510 
3 427 455 381 
3 322 345 381 
3 455 523 543 
3 543 618 633 
3 301 296 322 
3 633 707 723 
3 802 815 723 
3 315 284 301 
3 910 815 902 
3 910 1004 1008 
3 357 303 315 
3 420 346 357 
3 493 408 420 
3 569 485 493 
3 1008 1114 1111 
3 1214 1208 1111 
3 1313 1303 1208 
3 2759 2782 2729 
3 2782 2746 2729 
3 2700 2668 2746 
3 2717 2681 2634 
3 2755 2734 2717 
3 2770 2750 2755 
3 2759 2744 2770 
3 2650 2602 2700 
3 2634 2681 2596 
3 2041 2158 2149 
3 2041 2038 1931 
3 2158 2253 2246 
3 1931 1932 1827 
3 2253 2340 2319 
3 1827 1826 1720 
3 2421 2399 2340 
3 1716 1615 1720 
3 2505 2483 2421 
3 1615 1611 1513 
3 1411 1513 1507 
3 2596 2566 2505 
3 1411 1401 1303 
3 2650 2553 2602 
3 2479 2498 2553 
3 2411 2498 2479 
3 1922 2029 2025 
3 2137 2124 2029 
3 2217 2306 2221 
3 2124 2137 2217 
3 2306 2405 2316 
3 2411 2405 2498 
3 1922 1817 1824 
3 1824 1712 1718 
3 1718 1613 1616 
3 658 569 572 
3 744 658 663 
3 746 829 744 
3 919 829 830 
3 1006 919 922 
3 1107 1006 1012 
3 1514 1412 1414 
3 1414 1306 1310 
3 1310 1202 1209 
3 1514 1616 1510 
3 1209 1107 1115 
3 381 455 411 
3 352 322 381 
3 455 543 483 
3 543 633 562 
3 324 301 322 
3 648 633 723 
3 815 731 723 
3 332 315 301 
3 821 815 910 
3 915 910 1008 
3 363 357 315 
3 423 420 357 
3 497 493 420 
3 569 493 572 
3 1008 1111 1005 
3 1208 1103 1111 
3 1208 1303 1194 
3 2718 2759 2729 
3 2746 2668 2729 
3 2700 2602 2668 
3 2717 2734 2681 
3 2755 2750 2734 
3 2770 2744 2750 
3 2759 2718 2744 
3 2681 2649 2596 
3 2158 2246 2149 
3 2041 2149 2038 
3 1931 2038 1932 
3 2253 2319 2246 
3 1932 1826 1827 
3 2340 2399 2319 
3 1826 1716 1720 
3 2421 2483 2399 
3 1615 1716 1611 
3 2505 2566 2483 
3 1513 1611 1507 
3 1411 1507 1401 
3 2596 2649 2566 
3 1401 1299 1303 
3 2553 2498 2602 
3 2029 1922 1934 
3 2137 2029 2034 
3 2306 2217 2302 
3 2217 2137 2225 
3 2405 2306 2389 
3 2498 2405 2482 
3 1934 1922 1824 
3 1830 1824 1718 
3 1727 1718 1616 
3 663 658 572 
3 746 744 663 
3 829 746 830 
3 922 919 830 
3 1012 1006 922 
3 1115 1107 1012 
3 1518 1514 1414 
3 1418 1414 1310 
3 1315 1310 1209 
3 1514 1622 1616 
3 1209 1115 1218 
3 455 483 411 
3 352 381 411 
3 352 324 322 
3 483 543 562 
3 633 648 562 
3 324 332 301 
3 731 648 723 
3 731 815 821 
3 363 315 332 
3 821 910 915 
3 915 1008 1005 
3 423 357 363 
3 497 420 423 
3 572 493 497 
3 1111 1103 1005 
3 1103 1208 1194 
3 1303 1299 1194 
3 2648 2718 2729 
3 2668 2648 2729 
3 2602 2568 2668 
3 2681 2734 2710 
3 2750 2737 2734 
3 2744 2738 2750 
3 2718 2705 2744 
3 2649 2681 2710 
3 2246 2241 2149 
3 2149 2141 2038 
3 2038 2032 1932 
3 2319 2332 2246 
3 1926 1826 1932 
3 2399 2368 2319 
3 1826 1818 1716 
3 2483 2456 2399 
3 1611 1716 1709 
3 2566 2534 2483 
3 1611 1605 1507 
3 1507 1502 1401 
3 2649 2613 2566 
3 1393 1299 1401 
3 2602 2498 2568 
3 2034 2029 1934 
3 2138 2137 2034 
3 2217 2225 2302 
3 2389 2306 2302 
3 2137 2138 2225 
3 2405 2389 2482 
3 2498 2482 2568 
3 1934 1824 1830 
3 1830 1718 1727 
3 1622 1727 1616 
3 663 572 574 
3 746 663 662 
3 830 746 748 
3 836 922 830 
3 928 1012 922 
3 1024 1115 1012 
3 1518 1622 1514 
3 1518 1414 1418 
3 1418 1310 1315 
3 1315 1209 1218 
3 1115 1123 1218 
3 483 436 411 
3 384 352 411 
3 351 324 352 
3 511 483 562 
3 562 648 575 
3 332 324 350 
3 648 731 656 
3 735 731 821 
3 379 363 332 
3 820 821 915 
3 905 915 1005 
3 428 423 363 
3 497 423 501 
3 572 497 574 
3 1103 998 1005 
3 1103 1194 1091 
3 1299 1290 1194 
3 2648 2639 2718 
3 2568 2648 2668 
3 2734 2737 2710 
3 2750 2738 2737 
3 2744 2705 2738 
3 2718 2639 2705 
3 2649 2710 2676 
3 2241 2141 2149 
3 2332 2241 2246 
3 2141 2032 2038 
3 2032 1926 1932 
3 2368 2332 2319 
3 1818 1826 1926 
3 2399 2456 2368 
3 1716 1818 1709 
3 2483 2534 2456 
3 1611 1709 1605 
3 2566 2613 2534 
3 1507 1605 1502 
3 1502 1393 1401 
3 2613 2649 2676 
3 1299 1393 1290 
3 1936 2034 1934 
3 2043 2138 2034 
3 2225 2312 2302 
3 2389 2302 2395 
3 2138 2233 2225 
3 2482 2389 2474 
3 2482 2562 2568 
3 1936 1934 1830 
3 1834 1830 1727 
3 1622 1731 1727 
3 662 663 574 
3 746 662 748 
3 836 830 748 
3 836 928 922 
3 928 1024 1012 
3 1123 1115 1024 
3 1625 1622 1518 
3 1518 1418 1525 
3 1418 1315 1425 
3 1327 1315 1218 
3 1123 1229 1218 
3 436 384 411 
3 436 483 511 
3 351 352 384 
3 324 351 350 
3 511 562 575 
3 648 656 575 
3 379 332 350 
3 656 731 735 
3 735 821 820 
3 428 363 379 
3 820 915 905 
3 998 905 1005 
3 501 423 428 
3 574 497 501 
3 998 1103 1091 
3 1194 1186 1091 
3 1290 1186 1194 
3 2562 2639 2648 
3 2562 2648 2568 
3 2737 2715 2710 
3 2738 2724 2737 
3 2738 2705 2695 
3 2639 2636 2705 
3 2710 2715 2676 
3 2141 2241 2227 
3 2241 2332 2317 
3 2141 2134 2032 
3 2032 2027 1926 
3 2368 2428 2332 
3 1818 1926 1919 
3 2456 2428 2368 
3 1818 1813 1709 
3 2534 2509 2456 
3 1709 1704 1605 
3 2613 2584 2534 
3 1605 1598 1502 
3 1502 1495 1393 
3 2613 2676 2644 
3 1393 1389 1290 
3 2043 2034 1936 
3 2043 2142 2138 
3 2302 2312 2395 
3 2233 2312 2225 
3 2389 2395 2474 
3 2142 2233 2138 
3 2562 2482 2474 
3 1834 1936 1830 
3 1731 1834 1727 
3 1625 1731 1622 
3 662 574 576 
3 748 662 665 
3 836 748 754 
3 928 836 840 
3 1024 928 937 
3 1123 1024 1034 
3 1625 1518 1525 
3 1525 1418 1425 
3 1315 1327 1425 
3 1229 1327 1218 
3 1229 1123 1133 
3 384 436 405 
3 454 436 511 
3 377 351 384 
3 350 351 373 
3 519 511 575 
3 656 579 575 
3 379 350 397 
3 652 656 735 
3 727 735 820 
3 428 379 441 
3 809 820 905 
3 905 998 896 
3 501 428 509 
3 576 574 501 
3 988 998 1091 
3 1186 1079 1091 
3 1290 1280 1186 
3 2639 2562 2555 
3 2737 2724 2715 
3 2724 2738 2695 
3 2705 2636 2695 
3 2636 2639 2555 
3 2715 2682 2676 
3 2241 2317 2227 
3 2134 2141 2227 
3 2332 2409 2317 
3 2032 2134 2027 
3 1926 2027 1919 
3 2428 2409 2332 
3 1818 1919 1813 
3 2509 2428 2456 
3 1813 1704 1709 
3 2534 2584 2509 
3 1704 1598 1605 
3 2613 2644 2584 
3 1598 1495 1502 
3 1495 1389 1393 
3 2676 2682 2644 
3 1389 1280 1290 
3 1940 2043 1936 
3 2043 2044 2142 
3 2395 2312 2397 
3 2312 2233 2310 
3 2395 2475 2474 
3 2233 2142 2226 
3 2562 2474 2555 
3 1834 1940 1936 
3 1731 1837 1834 
3 1734 1731 1625 
3 665 662 576 
3 754 748 665 
3 840 836 754 
3 937 928 840 
3 1034 1024 937 
3 1133 1123 1034 
3 1629 1625 1525 
3 1530 1525 1425 
3 1425 1327 1432 
3 1335 1327 1229 
3 1229 1133 1236 
3 436 454 405 
3 377 384 405 
3 519 454 511 
3 351 377 373 
3 397 350 373 
3 579 519 575 
3 579 656 652 
3 441 379 397 
3 652 735 727 
3 809 727 820 
3 509 428 441 
3 809 905 896 
3 998 988 896 
3 576 501 509 
3 1079 988 1091 
3 1186 1169 1079 
3 1280 1169 1186 
3 2724 2696 2715 
3 2679 2724 2695 
3 2636 2625 2695 
3 2636 2555 2556 
3 2715 2696 2682 
3 2317 2308 2227 
3 2218 2134 2227 
3 2317 2409 2396 
3 2134 2118 2027 
3 2027 2018 1919 
3 2409 2428 2489 
3 1919 1913 1813 
3 2428 2509 2489 
3 1813 1806 1704 
3 2584 2559 2509 
3 1704 1693 1598 
3 2644 2612 2584 
3 1598 1587 1495 
3 1476 1389 1495 
3 2682 2655 2644 
3 1389 1370 1280 
3 1940 2044 2043 
3 2142 2044 2139 
3 2312 2310 2397 
3 2475 2395 2397 
3 2233 2226 2310 
3 2474 2475 2555 
3 2226 2142 2139 
3 1837 1940 1834 
3 1837 1731 1734 
3 1734 1625 1629 
3 665 576 582 
3 754 665 671 
3 840 754 761 
3 937 840 852 
3 1034 937 946 
3 1133 1034 1043 
3 1530 1629 1525 
3 1530 1425 1432 
3 1327 1335 1432 
3 1335 1229 1236 
3 1133 1138 1236 
3 405 454 416 
3 395 377 405 
3 454 519 457 
3 377 396 373 
3 418 397 373 
3 515 519 579 
3 566 579 652 
3 456 441 397 
3 652 727 642 
3 713 727 809 
3 517 509 441 
3 797 809 896 
3 988 886 896 
3 582 576 509 
3 976 988 1079 
3 1169 1063 1079 
3 1280 1264 1169 
3 2724 2679 2696 
3 2625 2679 2695 
3 2636 2556 2625 
3 2555 2475 2556 
3 2696 2675 2682 
3 2308 2218 2227 
3 2308 2317 2396 
3 2134 2218 2118 
3 2409 2471 2396 
3 2118 2018 2027 
3 1919 2018 1913 
3 2471 2409 2489 
3 1913 1806 1813 
3 2509 2559 2489 
3 1806 1693 1704 
3 2584 2612 2559 
3 1693 1587 1598 
3 2644 2655 2612 
3 1587 1476 1495 
3 1389 1476 1370 
3 2682 2675 2655 
3 1370 1264 1280 
3 2044 1940 1941 
3 2139 2044 2042 
3 2310 2385 2397 
3 2477 2475 2397 
3 2226 2301 2310 
3 2220 2226 2139 
3 1940 1837 1941 
3 1837 1734 1838 
3 1735 1734 1629 
3 671 665 582 
3 761 754 671 
3 852 840 761 
3 946 937 852 
3 1043 1034 946 
3 1138 1133 1043 
3 1530 1632 1629 
3 1533 1530 1432 
3 1335 1436 1432 
3 1337 1335 1236 
3 1138 1239 1236 
3 416 454 457 
3 395 405 416 
3 396 377 395 
3 519 515 457 
3 396 418 373 
3 456 397 418 
3 515 579 566 
3 566 652 642 
3 517 441 456 
3 727 713 642 
3 797 713 809 
3 582 509 517 
3 886 797 896 
3 886 988 976 
3 1063 976 1079 
3 1169 1158 1063 
3 1264 1158 1169 
3 2679 2658 2696 
3 2616 2679 2625 
3 2556 2549 2625 
3 2475 2477 2556 
3 2696 2658 2675 
3 2308 2304 2218 
3 2308 2396 2388 
3 2218 2212 2118 
3 2471 2469 2396 
3 2018 2118 2109 
3 2018 2008 1913 
3 2540 2471 2489 
3 1913 1901 1806 
3 2559 2540 2489 
3 1806 1792 1693 
3 2612 2592 2559 
3 1693 1683 1587 
3 2655 2629 2612 
3 1573 1476 1587 
3 1476 1466 1370 
3 2675 2652 2655 
3 1360 1264 1370 
3 2044 1941 2042 
3 2139 2042 2136 
3 2385 2477 2397 
3 2301 2385 2310 
3 2301 2226 2220 
3 2220 2139 2136 
3 1941 1837 1838 
3 1734 1735 1838 
3 1632 1735 1629 
3 671 582 590 
3 761 671 675 
3 770 852 761 
3 863 946 852 
3 1043 946 952 
3 1050 1138 1043 
3 1632 1530 1533 
3 1436 1533 1432 
3 1337 1436 1335 
3 1239 1337 1236 
3 1145 1239 1138 
3 403 416 457 
3 387 395 416 
3 392 396 395 
3 515 442 457 
3 396 421 418 
3 463 456 418 
3 494 515 566 
3 550 566 642 
3 527 517 456 
3 713 623 642 
3 713 797 699 
3 590 582 517 
3 783 797 886 
3 872 886 976 
3 1063 955 976 
3 1158 1049 1063 
3 1264 1254 1158 
3 2679 2616 2658 
3 2549 2616 2625 
3 2477 2549 2556 
3 2658 2641 2675 
3 2304 2212 2218 
3 2304 2308 2388 
3 2396 2469 2388 
3 2118 2212 2109 
3 2469 2471 2531 
3 2008 2018 2109 
3 2008 1901 1913 
3 2471 2540 2531 
3 1901 1792 1806 
3 2559 2592 2540 
3 1792 1683 1693 
3 2629 2592 2612 
3 1683 1573 1587 
3 2652 2629 2655 
3 1476 1573 1466 
3 1466 1360 1370 
3 2675 2641 2652 
3 1360 1254 1264 
3 1941 1942 2042 
3 2042 2037 2136 
3 2385 2468 2477 
3 2385 2301 2379 
3 2301 2220 2290 
3 2206 2220 2136 
3 1942 1941 1838 
3 1735 1839 1838 
3 1735 1632 1737 
3 675 671 590 
3 770 761 675 
3 770 863 852 
3 952 946 863 
3 1050 1043 952 
3 1145 1138 1050 
3 1632 1533 1634 
3 1536 1533 1436 
3 1439 1436 1337 
3 1340 1337 1239 
3 1241 1239 1145 
3 387 416 403 
3 442 403 457 
3 392 395 387 
3 392 421 396 
3 442 515 494 
3 421 463 418 
3 527 456 463 
3 550 494 566 
3 623 550 642 
3 590 517 527 
3 623 713 699 
3 699 797 783 
3 783 886 872 
3 955 872 976 
3 1049 955 1063 
3 1158 1137 1049 
3 1254 1137 1158 
3 2658 2616 2594 
3 2616 2549 2541 
3 2477 2468 2549 
3 2641 2658 2594 
3 2304 2300 2212 
3 2304 2388 2394 
3 2469 2472 2388 
3 2212 2208 2109 
3 2542 2469 2531 
3 2103 2008 2109 
3 2008 2000 1901 
3 2540 2588 2531 
3 1901 1891 1792 
3 2592 2588 2540 
3 1781 1683 1792 
3 2629 2618 2592 
3 1683 1670 1573 
3 2652 2640 2629 
3 1573 1560 1466 
3 1454 1360 1466 
3 2641 2622 2652 
3 1254 1360 1346 
3 1942 2037 2042 
3 2136 2037 2116 
3 2385 2379 2468 
3 2379 2301 2290 
3 2220 2206 2290 
3 2206 2136 2116 
3 1839 1942 1838 
3 1839 1735 1737 
3 1737 1632 1634 
3 675 590 603 
3 770 675 688 
3 863 770 774 
3 952 863 869 
3 1050 952 959 
3 1053 1145 1050 
3 1533 1536 1634 
3 1439 1536 1436 
3 1340 1439 1337 
3 1241 1340 1239 
3 1147 1241 1145 
3 362 387 403 
3 442 382 403 
3 368 392 387 
3 421 392 409 
3 442 494 419 
3 463 421 460 
3 531 527 463 
3 467 494 550 
3 623 536 550 
3 603 590 527 
3 623 699 607 
3 699 783 683 
3 763 783 872 
3 955 845 872 
3 931 955 1049 
3 1137 1020 1049 
3 1254 1233 1137 
3 2616 2541 2594 
3 2549 2468 2541 
3 2583 2641 2594 
3 2212 2300 2208 
3 2300 2304 2394 
3 2388 2472 2394 
3 2542 2472 2469 
3 2208 2103 2109 
3 2591 2542 2531 
3 2008 2103 2000 
3 2000 1891 1901 
3 2588 2591 2531 
3 1891 1781 1792 
3 2592 2618 2588 
3 1683 1781 1670 
3 2629 2640 2618 
3 1670 1560 1573 
3 2652 2622 2640 
3 1560 1454 1466 
3 1360 1454 1346 
3 2641 2583 2622 
3 1233 1254 1346 
3 2037 1942 1939 
3 2037 2031 2116 
3 2468 2379 2462 
3 2379 2290 2372 
3 2290 2206 2285 
3 2194 2206 2116 
3 1939 1942 1839 
3 1840 1839 1737 
3 1741 1737 1634 
3 688 675 603 
3 774 770 688 
3 863 774 869 
3 959 952 869 
3 1053 1050 959 
3 1147 1145 1053 
3 1536 1636 1634 
3 1536 1439 1539 
3 1441 1439 1340 
3 1340 1241 1342 
3 1243 1241 1147 
3 368 387 362 
3 382 362 403 
3 382 442 419 
3 409 392 368 
3 460 421 409 
3 494 467 419 
3 531 463 460 
3 603 527 531 
3 536 467 550 
3 536 623 607 
3 607 699 683 
3 783 763 683 
3 845 763 872 
3 845 955 931 
3 1020 931 1049 
3 1137 1108 1020 
3 1233 1108 1137 
3 2541 2523 2594 
3 2468 2462 2541 
3 2523 2583 2594 
3 2208 2300 2298 
3 2300 2394 2390 
3 2472 2476 2394 
3 2542 2548 2472 
3 2103 2208 2202 
3 2591 2605 2542 
3 2103 2100 2000 
3 2000 1992 1891 
3 2591 2588 2624 
3 1885 1781 1891 
3 2588 2618 2624 
3 1781 1773 1670 
3 2618 2640 2635 
3 1659 1560 1670 
3 2640 2622 2615 
3 1560 1544 1454 
3 1454 1433 1346 
3 2583 2570 2622 
3 1311 1233 1346 
3 2031 2037 1939 
3 2031 2105 2116 
3 2379 2372 2462 
3 2372 2290 2285 
3 2206 2194 2285 
3 2105 2194 2116 
3 1840 1939 1839 
3 1741 1840 1737 
3 1636 1741 1634 
3 606 688 603 
3 689 774 688 
3 774 778 869 
3 870 959 869 
3 957 1053 959 
3 1147 1053 1051 
3 1636 1536 1539 
3 1439 1441 1539 
3 1441 1340 1342 
3 1241 1243 1342 
3 1144 1243 1147 
3 355 368 362 
3 340 362 382 
3 354 382 419 
3 394 409 368 
3 452 460 409 
3 467 393 419 
3 526 531 460 
3 606 603 531 
3 443 467 536 
3 514 536 607 
3 581 607 683 
3 763 660 683 
3 845 738 763 
3 819 845 931 
3 1020 901 931 
3 1020 1108 992 
3 1108 1233 1191 
3 2541 2462 2523 
3 2513 2583 2523 
3 2300 2390 2298 
3 2208 2298 2202 
3 2394 2476 2390 
3 2472 2548 2476 
3 2542 2605 2548 
3 2100 2103 2202 
3 2591 2647 2605 
3 2000 2100 1992 
3 1992 1885 1891 
3 2647 2591 2624 
3 1781 1885 1773 
3 2618 2635 2624 
3 1773 1659 1670 
3 2640 2615 2635 
3 1560 1659 1651 
3 2622 2570 2615 
3 1544 1433 1454 
3 1544 1560 1651 
3 1433 1311 1346 
3 2513 2570 2583 
3 1233 1311 1191 
3 1937 2031 1939 
3 2031 2030 2105 
3 2372 2451 2462 
3 2371 2372 2285 
3 2194 2276 2285 
3 2194 2105 2187 
3 1937 1939 1840 
3 1841 1840 1741 
3 1743 1741 1636 
3 606 689 688 
3 778 774 689 
3 778 870 869 
3 870 957 959 
3 1051 1053 957 
3 1144 1147 1051 
3 1643 1636 1539 
3 1441 1543 1539 
3 1445 1441 1342 
3 1243 1345 1342 
3 1244 1243 1144 
3 355 394 368 
3 340 355 362 
3 354 340 382 
3 393 354 419 
3 394 452 409 
3 452 526 460 
3 443 393 467 
3 526 606 531 
3 514 443 536 
3 581 514 607 
3 660 581 683 
3 738 660 763 
3 819 738 845 
3 901 819 931 
3 1020 992 901 
3 1108 1082 992 
3 1108 1191 1082 
3 2462 2451 2523 
3 2451 2513 2523 
3 2390 2386 2298 
3 2298 2297 2202 
3 2476 2478 2390 
3 2548 2550 2476 
3 2605 2617 2548 
3 2197 2100 2202 
3 2605 2647 2667 
3 2100 2094 1992 
3 1992 1985 1885 
3 2657 2647 2624 
3 1885 1873 1773 
3 2635 2657 2624 
3 1773 1760 1659 
3 2615 2620 2635 
3 1659 1760 1651 
3 2570 2572 2615 
3 1544 1511 1433 
3 1630 1544 1651 
3 1394 1311 1433 
3 2513 2508 2570 
3 1311 1283 1191 
3 2030 2031 1937 
3 2030 2108 2105 
3 2372 2371 2451 
3 2276 2371 2285 
3 2276 2194 2187 
3 2105 2108 2187 
3 1841 1937 1840 
3 1743 1841 1741 
3 1643 1743 1636 
3 689 606 600 
3 778 689 686 
3 870 778 777 
3 957 870 867 
3 1051 957 953 
3 1048 1144 1051 
3 1543 1643 1539 
3 1445 1543 1441 
3 1345 1445 1342 
3 1244 1345 1243 
3 1140 1244 1144 
3 364 394 355 
3 340 327 355 
3 340 354 308 
3 320 354 393 
3 431 452 394 
3 452 516 526 
3 359 393 443 
3 600 606 526 
3 415 443 514 
3 581 482 514 
3 660 554 581 
3 632 660 738 
3 819 711 738 
3 795 819 901 
3 992 883 901 
3 1082 971 992 
3 1191 1166 1082 
3 2451 2440 2513 
3 2386 2297 2298 
3 2478 2386 2390 
3 2297 2197 2202 
3 2476 2550 2478 
3 2617 2550 2548 
3 2617 2605 2667 
3 2094 2100 2197 
3 2647 2680 2667 
3 2094 1985 1992 
3 1985 1873 1885 
3 2680 2647 2657 
3 1873 1760 1773 
3 2635 2620 2657 
3 2615 2572 2620 
3 1760 1747 1651 
3 2570 2508 2572 
3 1511 1394 1433 
3 1511 1544 1630 
3 1747 1630 1651 
3 1394 1283 1311 
3 2513 2440 2508 
3 1283 1166 1191 
3 1946 2030 1937 
3 2030 2040 2108 
3 2451 2371 2440 
3 2371 2276 2363 
3 2276 2187 2275 
3 2187 2108 2193 
3 1845 1937 1841 
3 1743 1845 1841 
3 1745 1743 1643 
3 686 689 600 
3 778 686 777 
3 867 870 777 
3 953 957 867 
3 1048 1051 953 
3 1140 1144 1048 
3 1543 1646 1643 
3 1547 1543 1445 
3 1445 1345 1449 
3 1345 1244 1348 
3 1245 1244 1140 
3 431 394 364 
3 327 364 355 
3 327 340 308 
3 354 320 308 
3 359 320 393 
3 431 516 452 
3 516 600 526 
3 415 359 443 
3 482 415 514 
3 554 482 581 
3 660 632 554 
3 711 632 738 
3 711 819 795 
3 883 795 901 
3 971 883 992 
3 1057 971 1082 
3 1166 1057 1082 
3 2398 2297 2386 
3 2478 2481 2386 
3 2297 2295 2197 
3 2550 2552 2478 
3 2617 2619 2550 
3 2617 2667 2673 
3 2195 2094 2197 
3 2680 2697 2667 
3 2094 2086 1985 
3 1873 1985 1975 
3 2651 2680 2657 
3 1873 1860 1760 
3 2620 2651 2657 
3 2572 2587 2620 
3 1760 1860 1747 
3 2508 2517 2572 
3 1511 1485 1394 
3 1600 1511 1630 
3 1715 1630 1747 
3 1283 1394 1368 
3 2440 2445 2508 
3 1283 1258 1166 
3 2040 2030 1946 
3 1946 1937 1845 
3 2040 2126 2108 
3 2440 2371 2363 
3 2276 2275 2363 
3 2187 2193 2275 
3 2108 2126 2193 
3 1845 1743 1745 
3 1646 1745 1643 
3 589 686 600 
3 777 686 681 
3 773 867 777 
3 864 953 867 
3 949 1048 953 
3 1044 1140 1048 
3 1646 1543 1547 
3 1547 1445 1449 
3 1449 1345 1348 
3 1348 1244 1245 
3 1141 1245 1140 
3 406 431 364 
3 327 333 364 
3 294 327 308 
3 320 277 308 
3 287 320 359 
3 431 500 516 
3 589 600 516 
3 326 359 415 
3 386 415 482 
3 482 554 451 
3 632 534 554 
3 615 632 711 
3 694 711 795 
3 883 776 795 
3 971 859 883 
3 1057 938 971 
3 1148 1057 1166 
3 2297 2398 2295 
3 2481 2398 2386 
3 2552 2481 2478 
3 2295 2195 2197 
3 2550 2619 2552 
3 2619 2617 2673 
3 2667 2697 2673 
3 2094 2195 2086 
3 2688 2697 2680 
3 1985 2086 1975 
3 1860 1873 1975 
3 2651 2677 2680 
3 2587 2651 2620 
3 2517 2587 2572 
3 1860 1842 1747 
3 2508 2445 2517 
3 1394 1485 1368 
3 1485 1511 1600 
3 1715 1600 1630 
3 1842 1715 1747 
3 1258 1283 1368 
3 2445 2440 2363 
3 1258 1148 1166 
3 2040 1946 1949 
3 1851 1946 1845 
3 2126 2040 2048 
3 2275 2369 2363 
3 2193 2283 2275 
3 2126 2207 2193 
3 1851 1845 1745 
3 1646 1749 1745 
3 686 589 681 
3 773 777 681 
3 864 867 773 
3 949 953 864 
3 1044 1048 949 
3 1141 1140 1044 
3 1646 1547 1650 
3 1551 1547 1449 
3 1451 1449 1348 
3 1351 1348 1245 
3 1141 1248 1245 
3 500 431 406 
3 333 406 364 
3 333 327 294 
3 277 294 308 
3 320 287 277 
3 326 287 359 
3 500 589 516 
3 386 326 415 
3 386 482 451 
3 554 534 451 
3 615 534 632 
3 615 711 694 
3 776 694 795 
3 859 776 883 
3 971 938 859 
3 1019 938 1057 
3 1148 1019 1057 
3 2398 2400 2295 
3 2481 2490 2398 
3 2552 2563 2481 
3 2296 2195 2295 
3 2619 2627 2552 
3 2678 2619 2673 
3 2697 2709 2673 
3 2195 2186 2086 
3 2697 2688 2712 
3 2680 2677 2688 
3 2086 2078 1975 
3 1963 1860 1975 
3 2651 2608 2677 
3 2587 2608 2651 
3 2517 2538 2587 
3 1860 1963 1842 
3 2445 2463 2517 
3 1485 1458 1368 
3 1567 1485 1600 
3 1715 1682 1600 
3 1800 1715 1842 
3 1347 1258 1368 
3 2369 2445 2363 
3 1258 1227 1148 
3 1949 1946 1851 
3 2048 2040 1949 
3 2140 2126 2048 
3 2283 2369 2275 
3 2207 2283 2193 
3 2126 2140 2207 
3 1749 1851 1745 
3 1749 1646 1650 
3 589 577 681 
3 677 773 681 
3 768 864 773 
3 949 864 856 
3 947 1044 949 
3 1042 1141 1044 
3 1547 1551 1650 
3 1451 1551 1449 
3 1351 1451 1348 
3 1248 1351 1245 
3 1248 1141 1146 
3 466 500 406 
3 406 333 378 
3 304 333 294 
3 277 270 294 
3 287 258 277 
3 264 287 326 
3 577 589 500 
3 289 326 386 
3 348 386 451 
3 534 422 451 
3 503 534 615 
3 578 615 694 
3 776 666 694 
3 859 750 776 
3 938 823 859 
3 1019 899 938 
3 1148 1098 1019 
3 2400 2296 2295 
3 2398 2490 2400 
3 2563 2490 2481 
3 2627 2563 2552 
3 2186 2195 2296 
3 2678 2627 2619 
3 2709 2678 2673 
3 2709 2697 2712 
3 2086 2186 2078 
3 2688 2687 2712 
3 2677 2687 2688 
3 2078 1963 1975 
3 2608 2630 2677 
3 2587 2538 2608 
3 2517 2463 2538 
3 1963 1954 1842 
3 2445 2373 2463 
3 1458 1347 1368 
3 1458 1485 1567 
3 1682 1567 1600 
3 1800 1682 1715 
3 1954 1800 1842 
3 1347 1227 1258 
3 2369 2373 2445 
3 1227 1098 1148 
3 1857 1949 1851 
3 1956 2048 1949 
3 2055 2140 2048 
3 2369 2283 2373 
3 2283 2207 2294 
3 2207 2140 2229 
3 1857 1851 1749 
3 1758 1749 1650 
3 577 677 681 
3 768 773 677 
3 856 864 768 
3 947 949 856 
3 1042 1044 947 
3 1146 1141 1042 
3 1551 1657 1650 
3 1555 1551 1451 
3 1351 1457 1451 
3 1351 1248 1353 
3 1248 1146 1249 
3 466 577 500 
3 466 406 378 
3 333 304 378 
3 270 304 294 
3 277 258 270 
3 287 264 258 
3 289 264 326 
3 289 386 348 
3 422 348 451 
3 534 503 422 
3 503 615 578 
3 666 578 694 
3 750 666 776 
3 823 750 859 
3 899 823 938 
3 899 1019 985 
3 1019 1098 985 
3 2400 2408 2296 
3 2490 2497 2400 
3 2563 2574 2490 
3 2627 2645 2563 
3 2292 2186 2296 
3 2627 2678 2694 
3 2709 2725 2678 
3 2728 2709 2712 
3 2186 2178 2078 
3 2687 2706 2712 
3 2677 2630 2687 
3 2078 2068 1963 
3 2608 2561 2630 
3 2538 2561 2608 
3 2463 2480 2538 
3 2068 1954 1963 
3 2373 2387 2463 
3 1347 1458 1426 
3 1458 1567 1545 
3 1682 1658 1567 
3 1800 1769 1682 
3 1800 1954 1874 
3 1297 1227 1347 
3 1227 1183 1098 
3 1956 1949 1857 
3 1956 2055 2048 
3 2140 2055 2150 
3 2283 2294 2373 
3 2207 2229 2294 
3 2140 2150 2229 
3 1758 1857 1749 
3 1657 1758 1650 
3 577 602 677 
3 678 768 677 
3 762 856 768 
3 850 947 856 
3 944 1042 947 
3 1040 1146 1042 
3 1555 1657 1551 
3 1457 1555 1451 
3 1457 1351 1353 
3 1353 1248 1249 
3 1249 1146 1142 
3 530 577 466 
3 432 466 378 
3 304 349 378 
3 282 304 270 
3 258 247 270 
3 258 264 233 
3 264 289 238 
3 262 289 348 
3 306 348 422 
3 503 391 422 
3 474 503 578 
3 666 556 578 
3 750 641 666 
3 823 714 750 
3 823 899 788 
3 871 899 985 
3 1098 1064 985 
3 2408 2292 2296 
3 2497 2408 2400 
3 2574 2497 2490 
3 2645 2574 2563 
3 2645 2627 2694 
3 2186 2292 2178 
3 2678 2725 2694 
3 2728 2725 2709 
3 2706 2728 2712 
3 2178 2068 2078 
3 2687 2654 2706 
3 2630 2654 2687 
3 2561 2576 2630 
3 2480 2561 2538 
3 2463 2387 2480 
3 2068 2069 1954 
3 2373 2294 2387 
3 1426 1458 1545 
3 1297 1347 1426 
3 1567 1658 1545 
3 1682 1769 1658 
3 1769 1800 1874 
3 1954 1969 1874 
3 1297 1183 1227 
3 1183 1064 1098 
3 1862 1956 1857 
3 2055 1956 1964 
3 2150 2055 2062 
3 2294 2229 2318 
3 2150 2245 2229 
3 1862 1857 1758 
3 1657 1763 1758 
3 602 678 677 
3 530 602 577 
3 762 768 678 
3 762 850 856 
3 944 947 850 
3 1040 1042 944 
3 1146 1040 1142 
3 1657 1555 1663 
3 1555 1457 1562 
3 1457 1353 1460 
3 1356 1353 1249 
3 1246 1249 1142 
3 530 466 432 
3 349 432 378 
3 304 282 349 
3 247 282 270 
3 247 258 233 
3 264 238 233 
3 238 289 262 
3 306 262 348 
3 391 306 422 
3 503 474 391 
3 556 474 578 
3 641 556 666 
3 714 641 750 
3 714 823 788 
3 899 871 788 
3 950 871 985 
3 1064 950 985 
3 2408 2419 2292 
3 2497 2507 2408 
3 2497 2574 2590 
3 2665 2574 2645 
3 2721 2645 2694 
3 2292 2265 2178 
3 2725 2743 2694 
3 2725 2728 2749 
3 2706 2736 2728 
3 2173 2068 2178 
3 2706 2654 2685 
3 2630 2576 2654 
3 2561 2493 2576 
3 2561 2480 2493 
3 2387 2410 2480 
3 2069 1969 1954 
3 2173 2069 2068 
3 2294 2318 2387 
3 1501 1426 1545 
3 1382 1297 1426 
3 1658 1621 1545 
3 1769 1744 1658 
3 1858 1769 1874 
3 1969 1965 1874 
3 1183 1297 1262 
3 1183 1153 1064 
3 1964 1956 1862 
3 2062 2055 1964 
3 2159 2150 2062 
3 2229 2245 2318 
3 2245 2150 2159 
3 1763 1862 1758 
3 1657 1663 1763 
3 602 591 678 
3 591 602 530 
3 672 762 678 
3 760 850 762 
3 847 944 850 
3 940 1040 944 
3 1040 1036 1142 
3 1663 1555 1562 
3 1562 1457 1460 
3 1460 1353 1356 
3 1246 1356 1249 
3 1134 1246 1142 
3 506 530 432 
3 412 432 349 
3 282 319 349 
3 260 282 247 
3 224 247 233 
3 238 198 233 
3 210 238 262 
3 306 235 262 
3 274 306 391 
3 474 358 391 
3 556 450 474 
3 641 542 556 
3 714 619 641 
3 687 714 788 
3 871 743 788 
3 950 844 871 
3 1029 950 1064 
3 2292 2419 2344 
3 2408 2507 2419 
3 2497 2590 2507 
3 2590 2574 2665 
3 2721 2665 2645 
3 2743 2721 2694 
3 2265 2173 2178 
3 2292 2344 2265 
3 2743 2725 2749 
3 2728 2736 2749 
3 2736 2706 2685 
3 2654 2598 2685 
3 2576 2598 2654 
3 2493 2512 2576 
3 2480 2410 2493 
3 2387 2318 2410 
3 2069 2067 1969 
3 2069 2173 2169 
3 1501 1382 1426 
3 1621 1501 1545 
3 1297 1382 1262 
3 1744 1621 1658 
3 1769 1858 1744 
3 1965 1858 1874 
3 1969 2067 1965 
3 1153 1183 1262 
3 1153 1029 1064 
3 1870 1964 1862 
3 1970 2062 1964 
3 2071 2159 2062 
3 2318 2245 2335 
3 2256 2245 2159 
3 1763 1870 1862 
3 1663 1772 1763 
3 591 672 678 
3 506 591 530 
3 672 760 762 
3 847 850 760 
3 847 940 944 
3 1036 1040 940 
3 1036 1134 1142 
3 1668 1663 1562 
3 1568 1562 1460 
3 1469 1460 1356 
3 1356 1246 1307 
3 1221 1246 1134 
3 412 506 432 
3 319 412 349 
3 260 319 282 
3 260 247 224 
3 205 224 233 
3 198 205 233 
3 210 198 238 
3 235 210 262 
3 235 306 274 
3 358 274 391 
3 450 358 474 
3 542 450 556 
3 619 542 641 
3 619 714 687 
3 743 687 788 
3 871 844 743 
3 844 950 903 
3 950 1029 903 
3 2419 2433 2344 
3 2507 2515 2419 
3 2590 2600 2507 
3 2684 2590 2665 
3 2721 2742 2665 
3 2743 2769 2721 
3 2266 2173 2265 
3 2344 2352 2265 
3 2783 2743 2749 
3 2736 2762 2749 
3 2720 2736 2685 
3 2598 2626 2685 
3 2576 2512 2598 
3 2512 2493 2423 
3 2493 2410 2423 
3 2318 2335 2410 
3 2067 2069 2169 
3 2173 2266 2169 
3 1501 1462 1382 
3 1621 1574 1501 
3 1382 1349 1262 
3 1694 1621 1744 
3 1858 1822 1744 
3 1945 1858 1965 
3 2067 2057 1965 
3 1225 1153 1262 
3 1029 1153 1096 
3 1870 1970 1964 
3 1970 2071 2062 
3 2168 2159 2071 
3 2245 2256 2335 
3 2168 2256 2159 
3 1772 1870 1763 
3 1663 1668 1772 
3 580 672 591 
3 580 591 506 
3 760 672 667 
3 755 847 760 
3 940 847 839 
3 933 1036 940 
3 1036 1031 1134 
3 1668 1562 1568 
3 1469 1568 1460 
3 1378 1469 1356 
3 1221 1307 1246 
3 1307 1378 1356 
3 1122 1221 1134 
3 486 506 412 
3 412 319 389 
3 260 290 319 
3 234 260 224 
3 205 195 224 
3 171 205 198 
3 210 168 198 
3 210 235 182 
3 211 235 274 
3 358 259 274 
3 358 450 338 
3 542 434 450 
3 542 619 521 
3 584 619 687 
3 743 639 687 
3 844 792 743 
3 792 844 903 
3 1029 982 903 
3 2433 2352 2344 
3 2515 2433 2419 
3 2600 2515 2507 
3 2590 2684 2600 
3 2742 2684 2665 
3 2769 2742 2721 
3 2783 2769 2743 
3 2352 2266 2265 
3 2762 2783 2749 
3 2736 2720 2762 
3 2626 2720 2685 
3 2529 2626 2598 
3 2512 2529 2598 
3 2439 2512 2423 
3 2410 2335 2423 
3 2160 2067 2169 
3 2266 2260 2169 
3 1462 1349 1382 
3 1574 1462 1501 
3 1694 1574 1621 
3 1349 1225 1262 
3 1822 1694 1744 
3 1945 1822 1858 
3 2057 1945 1965 
3 2160 2057 2067 
3 1153 1225 1096 
3 1029 1096 982 
3 1878 1970 1870 
3 2071 1970 1980 
3 2080 2168 2071 
3 2335 2256 2350 
3 2256 2168 2267 
3 1878 1870 1772 
3 1772 1668 1779 
3 672 580 667 
3 486 580 506 
3 755 760 667 
3 847 755 839 
3 933 940 839 
3 1031 1036 933 
3 1031 1122 1134 
3 1668 1568 1678 
3 1582 1568 1469 
3 1494 1469 1378 
3 1221 1296 1307 
3 1296 1378 1307 
3 1206 1221 1122 
3 486 412 389 
3 319 290 389 
3 290 260 234 
3 195 234 224 
3 195 205 171 
3 168 171 198 
3 168 210 182 
3 235 211 182 
3 259 211 274 
3 259 358 338 
3 450 434 338 
3 434 542 521 
3 619 584 521 
3 639 584 687 
3 693 639 743 
3 792 693 743 
3 865 792 903 
3 982 865 903 
3 2433 2437 2352 
3 2515 2521 2433 
3 2600 2607 2515 
3 2684 2698 2600 
3 2742 2763 2684 
3 2769 2795 2742 
3 2769 2783 2804 
3 2352 2355 2266 
3 2790 2783 2762 
3 2720 2745 2762 
3 2626 2672 2720 
3 2529 2565 2626 
3 2439 2529 2512 
3 2350 2439 2423 
3 2335 2350 2423 
3 2260 2160 2169 
3 2355 2260 2266 
3 1462 1415 1349 
3 1574 1540 1462 
3 1694 1654 1574 
3 1225 1349 1289 
3 1694 1822 1774 
3 1822 1945 1894 
3 2057 2028 1945 
3 2160 2147 2057 
3 1225 1171 1096 
3 1096 1060 982 
3 1970 1878 1980 
3 2080 2071 1980 
3 2180 2168 2080 
3 2256 2267 2350 
3 2267 2168 2180 
3 1878 1772 1779 
3 1668 1678 1779 
3 667 580 564 
3 564 580 486 
3 655 755 667 
3 839 755 745 
3 933 839 835 
3 927 1031 933 
3 1031 1022 1122 
3 1678 1568 1582 
3 1494 1582 1469 
3 1494 1378 1395 
3 1296 1221 1206 
3 1378 1296 1395 
3 1116 1206 1122 
3 465 486 389 
3 290 356 389 
3 261 290 234 
3 195 204 234 
3 164 195 171 
3 150 171 168 
3 153 168 182 
3 211 165 182 
3 211 259 201 
3 253 259 338 
3 434 331 338 
3 424 434 521 
3 584 502 521 
3 639 545 584 
3 588 639 693 
3 792 742 693 
3 742 792 865 
3 939 865 982 
3 2437 2355 2352 
3 2521 2437 2433 
3 2607 2521 2515 
3 2600 2698 2607 
3 2763 2698 2684 
3 2795 2763 2742 
3 2795 2769 2804 
3 2804 2783 2798 
3 2783 2790 2798 
3 2745 2790 2762 
3 2672 2745 2720 
3 2565 2672 2626 
3 2565 2529 2465 
3 2465 2529 2439 
3 2350 2366 2439 
3 2250 2160 2260 
3 2355 2343 2260 
3 1349 1415 1289 
3 1540 1415 1462 
3 1654 1540 1574 
3 1654 1694 1774 
3 1171 1225 1289 
3 1822 1894 1774 
3 1945 2028 1894 
3 2147 2028 2057 
3 2250 2147 2160 
3 1171 1060 1096 
3 1060 939 982 
3 1878 1888 1980 
3 1990 2080 1980 
3 2096 2180 2080 
3 2267 2366 2350 
3 2267 2180 2282 
3 1888 1878 1779 
3 1678 1789 1779 
3 655 667 564 
3 465 564 486 
3 745 755 655 
3 839 745 835 
3 927 933 835 
3 1031 927 1022 
3 1022 1116 1122 
3 1696 1678 1582 
3 1582 1494 1601 
3 1504 1494 1395 
3 1301 1296 1206 
3 1296 1301 1395 
3 1210 1206 1116 
3 356 465 389 
3 261 356 290 
3 204 261 234 
3 204 195 164 
3 150 164 171 
3 153 150 168 
3 165 153 182 
3 211 201 165 
3 259 253 201 
3 331 253 338 
3 434 424 331 
3 502 424 521 
3 545 502 584 
3 639 588 545 
3 637 588 693 
3 742 637 693 
3 817 742 865 
3 939 817 865 
3 2355 2437 2431 
3 2437 2521 2514 
3 2607 2604 2521 
3 2607 2698 2699 
3 2763 2773 2698 
3 2795 2809 2763 
3 2831 2795 2804 
3 2829 2804 2798 
3 2790 2813 2798 
3 2745 2784 2790 
3 2672 2716 2745 
3 2672 2565 2603 
3 2496 2565 2465 
3 2366 2465 2439 
3 2343 2250 2260 
3 2343 2355 2431 
3 1415 1365 1289 
3 1480 1415 1540 
3 1654 1604 1540 
3 1732 1654 1774 
3 1256 1171 1289 
3 1894 1855 1774 
3 2028 1974 1894 
3 2028 2147 2097 
3 2250 2216 2147 
3 1171 1136 1060 
3 1060 1011 939 
3 1888 1990 1980 
3 1990 2096 2080 
3 2096 2200 2180 
3 2366 2267 2282 
3 2180 2200 2282 
3 1789 1888 1779 
3 1696 1789 1678 
3 548 655 564 
3 548 564 465 
3 644 745 655 
3 835 745 728 
3 822 927 835 
3 927 917 1022 
3 1016 1116 1022 
3 1696 1582 1601 
3 1494 1504 1601 
3 1410 1504 1395 
3 1210 1301 1206 
3 1301 1410 1395 
3 1210 1116 1117 
3 439 465 356 
3 311 356 261 
3 226 261 204 
3 167 204 164 
3 139 164 150 
3 133 150 153 
3 138 153 165 
3 201 158 165 
3 253 199 201 
3 254 253 331 
3 424 334 331 
3 424 502 429 
3 502 545 429 
3 588 505 545 
3 588 637 541 
3 742 696 637 
3 742 817 696 
3 939 892 817 
3 2437 2514 2431 
3 2521 2604 2514 
3 2604 2607 2699 
3 2698 2773 2699 
3 2809 2773 2763 
3 2831 2809 2795 
3 2829 2831 2804 
3 2813 2829 2798 
3 2784 2813 2790 
3 2716 2784 2745 
3 2672 2603 2716 
3 2565 2496 2603 
3 2496 2465 2382 
3 2465 2366 2382 
3 2314 2250 2343 
3 2413 2343 2431 
3 1365 1256 1289 
3 1365 1415 1480 
3 1604 1480 1540 
3 1654 1732 1604 
3 1855 1732 1774 
3 1256 1136 1171 
3 1974 1855 1894 
3 2028 2097 1974 
3 2147 2216 2097 
3 2250 2314 2216 
3 1136 1011 1060 
3 1011 892 939 
3 1902 1990 1888 
3 2012 2096 1990 
3 2200 2096 2128 
3 2366 2282 2382 
3 2200 2313 2282 
3 1902 1888 1789 
3 1812 1789 1696 
3 644 655 548 
3 439 548 465 
3 745 644 728 
3 822 835 728 
3 917 927 822 
3 917 1016 1022 
3 1116 1016 1117 
3 1714 1696 1601 
3 1504 1619 1601 
3 1526 1504 1410 
3 1301 1210 1317 
3 1410 1301 1317 
3 1223 1210 1117 
3 311 439 356 
3 226 311 261 
3 167 226 204 
3 139 167 164 
3 133 139 150 
3 138 133 153 
3 130 138 165 
3 165 158 130 
3 199 158 201 
3 199 253 254 
3 334 254 331 
3 334 424 429 
3 545 505 429 
3 505 588 541 
3 637 583 541 
3 637 696 583 
3 696 817 782 
3 817 892 782 
3 2514 2499 2431 
3 2604 2589 2514 
3 2689 2604 2699 
3 2773 2767 2699 
3 2809 2816 2773 
3 2831 2852 2809 
3 2861 2831 2829 
3 2813 2850 2829 
3 2817 2813 2784 
3 2716 2760 2784 
3 2603 2656 2716 
3 2496 2528 2603 
3 2422 2496 2382 
3 2413 2314 2343 
3 2499 2413 2431 
3 1256 1365 1333 
3 1365 1480 1448 
3 1604 1559 1480 
3 1732 1673 1604 
3 1795 1732 1855 
3 1256 1200 1136 
3 1974 1927 1855 
3 2097 2054 1974 
3 2216 2162 2097 
3 2314 2269 2216 
3 1136 1089 1011 
3 892 1011 975 
3 2012 1990 1902 
3 2096 2012 2128 
3 2239 2200 2128 
3 2282 2313 2382 
3 2239 2313 2200 
3 1812 1902 1789 
3 1714 1812 1696 
3 644 548 533 
3 548 439 533 
3 728 644 624 
3 717 822 728 
3 810 917 822 
3 909 1016 917 
3 1016 1015 1117 
3 1619 1714 1601 
3 1526 1619 1504 
3 1435 1526 1410 
3 1317 1210 1223 
3 1435 1410 1317 
3 1124 1223 1117 
3 410 439 311 
3 275 311 226 
3 196 226 167 
3 147 167 139 
3 133 126 139 
3 123 133 138 
3 130 123 138 
3 128 130 158 
3 158 199 159 
3 212 199 254 
3 334 272 254 
3 367 334 429 
3 505 453 429 
3 505 541 453 
3 583 522 541 
3 696 664 583 
3 664 696 782 
3 892 858 782 
3 2589 2499 2514 
3 2689 2589 2604 
3 2767 2689 2699 
3 2816 2767 2773 
3 2809 2852 2816 
3 2861 2852 2831 
3 2850 2861 2829 
3 2817 2850 2813 
3 2760 2817 2784 
3 2716 2656 2760 
3 2528 2656 2603 
3 2528 2496 2422 
3 2313 2422 2382 
3 2413 2360 2314 
3 2499 2459 2413 
3 1365 1448 1333 
3 1200 1256 1333 
3 1480 1559 1448 
3 1673 1559 1604 
3 1673 1732 1795 
3 1927 1795 1855 
3 1200 1089 1136 
3 2054 1927 1974 
3 2162 2054 2097 
3 2216 2269 2162 
3 2360 2269 2314 
3 1011 1089 975 
3 858 892 975 
3 2012 1902 1929 
3 2012 2039 2128 
3 2151 2239 2128 
3 2239 2349 2313 
3 1902 1812 1929 
3 1832 1812 1714 
3 624 644 533 
3 439 410 533 
3 717 728 624 
3 810 822 717 
3 909 917 810 
3 1015 1016 909 
3 1015 1124 1117 
3 1739 1714 1619 
3 1641 1619 1526 
3 1546 1526 1435 
3 1341 1317 1223 
3 1341 1435 1317 
3 1237 1223 1124 
3 275 410 311 
3 196 275 226 
3 147 196 167 
3 126 147 139 
3 123 126 133 
3 123 130 111 
3 130 128 111 
3 128 158 159 
3 159 199 212 
3 272 212 254 
3 334 367 272 
3 453 367 429 
3 541 522 453 
3 664 522 583 
3 734 664 782 
3 858 734 782 
3 2499 2589 2546 
3 2689 2646 2589 
3 2748 2689 2767 
3 2767 2816 2807 
3 2852 2853 2816 
3 2852 2861 2872 
3 2873 2861 2850 
3 2817 2855 2850 
3 2802 2817 2760 
3 2656 2722 2760 
3 2528 2580 2656 
3 2461 2528 2422 
3 2313 2349 2422 
3 2459 2360 2413 
3 2459 2499 2546 
3 1448 1396 1333 
3 1282 1200 1333 
3 1559 1516 1448 
3 1673 1639 1559 
3 1755 1673 1795 
3 1927 1869 1795 
3 1200 1165 1089 
3 1982 1927 2054 
3 2162 2089 2054 
3 2269 2175 2162 
3 2263 2269 2360 
3 1089 1055 975 
3 930 858 975 
3 2039 2012 1929 
3 2039 2151 2128 
3 2264 2239 2151 
3 2239 2264 2349 
3 1812 1832 1929 
3 1739 1832 1714 
3 513 624 533 
3 410 513 533 
3 614 717 624 
3 705 810 717 
3 801 909 810 
3 1015 909 913 
3 1015 1028 1124 
3 1641 1739 1619 
3 1641 1526 1546 
3 1453 1546 1435 
3 1237 1341 1223 
3 1341 1453 1435 
3 1139 1237 1124 
3 410 275 375 
3 275 196 245 
3 196 147 166 
3 127 147 126 
3 123 110 126 
3 110 123 111 
3 128 125 111 
3 154 128 159 
3 197 159 212 
3 272 298 212 
3 367 390 272 
3 453 459 367 
3 522 459 453 
3 664 611 522 
3 734 611 664 
3 803 734 858 
3 2589 2646 2546 
3 2748 2646 2689 
3 2748 2767 2807 
3 2816 2853 2807 
3 2853 2852 2872 
3 2861 2873 2872 
3 2855 2873 2850 
3 2855 2817 2802 
3 2722 2802 2760 
3 2656 2580 2722 
3 2461 2580 2528 
3 2349 2461 2422 
3 2360 2459 2357 
3 2444 2459 2546 
3 1396 1282 1333 
3 1516 1396 1448 
3 1165 1200 1282 
3 1559 1639 1516 
3 1639 1673 1755 
3 1869 1755 1795 
3 1927 1982 1869 
3 1165 1055 1089 
3 2089 1982 2054 
3 2175 2089 2162 
3 2269 2263 2175 
3 2263 2360 2357 
3 1055 930 975 
3 930 803 858 
3 1947 2039 1929 
3 2151 2039 2058 
3 2172 2264 2151 
3 2264 2377 2349 
3 1832 1947 1929 
3 1832 1739 1852 
3 513 614 624 
3 513 410 375 
3 705 717 614 
3 801 810 705 
3 909 801 913 
3 1028 1015 913 
3 1028 1139 1124 
3 1739 1641 1750 
3 1655 1641 1546 
3 1561 1546 1453 
3 1253 1341 1237 
3 1453 1341 1358 
3 1139 1253 1237 
3 375 275 245 
3 245 196 166 
3 147 127 166 
3 110 127 126 
3 114 110 111 
3 125 114 111 
3 154 125 128 
3 197 154 159 
3 298 197 212 
3 390 298 272 
3 459 390 367 
3 522 611 459 
3 734 691 611 
3 803 691 734 
3 2646 2524 2546 
3 2646 2748 2637 
3 2754 2748 2807 
3 2853 2823 2807 
3 2865 2853 2872 
3 2873 2871 2872 
3 2873 2855 2877 
3 2836 2855 2802 
3 2722 2765 2802 
3 2580 2631 2722 
3 2461 2500 2580 
3 2349 2377 2461 
3 2459 2444 2357 
3 2524 2444 2546 
3 1396 1362 1282 
3 1472 1396 1516 
3 1250 1165 1282 
3 1639 1594 1516 
3 1710 1639 1755 
3 1869 1835 1755 
3 1869 1982 1950 
3 1165 1130 1055 
3 1982 2089 2063 
3 2089 2175 2063 
3 2263 2152 2175 
3 2243 2263 2357 
3 1055 1000 930 
3 885 803 930 
3 2058 2039 1947 
3 2172 2151 2058 
3 2182 2264 2172 
3 2264 2289 2377 
3 1832 1852 1947 
3 1852 1739 1750 
3 513 484 614 
3 484 513 375 
3 592 705 614 
3 702 801 705 
3 801 811 913 
3 926 1028 913 
3 1139 1028 1045 
3 1641 1655 1750 
3 1561 1655 1546 
3 1468 1561 1453 
3 1358 1341 1253 
3 1468 1453 1358 
3 1253 1139 1157 
3 341 375 245 
3 218 245 166 
3 127 148 166 
3 110 117 127 
3 114 117 110 
3 162 114 125 
3 193 125 154 
3 237 154 197 
3 298 267 197 
3 390 499 298 
3 551 390 459 
3 611 551 459 
3 691 551 611 
3 803 769 691 
3 2646 2637 2524 
3 2637 2748 2754 
3 2823 2754 2807 
3 2865 2823 2853 
3 2871 2865 2872 
3 2873 2877 2871 
3 2855 2836 2877 
3 2765 2836 2802 
3 2631 2765 2722 
3 2500 2631 2580 
3 2377 2500 2461 
3 2444 2322 2357 
3 2524 2406 2444 
3 1362 1250 1282 
3 1362 1396 1472 
3 1594 1472 1516 
3 1250 1130 1165 
3 1594 1639 1710 
3 1835 1710 1755 
3 1869 1950 1835 
3 1982 2063 1950 
3 1055 1130 1000 
3 2175 2152 2063 
3 2243 2152 2263 
3 2322 2243 2357 
3 1000 885 930 
3 769 803 885 
3 1962 2058 1947 
3 2074 2172 2058 
3 2289 2264 2182 
3 2182 2172 2074 
3 2289 2415 2377 
3 1852 1962 1947 
3 1865 1852 1750 
3 484 592 614 
3 341 484 375 
3 702 705 592 
3 811 801 702 
3 811 926 913 
3 1028 926 1045 
3 1157 1139 1045 
3 1655 1768 1750 
3 1672 1655 1561 
3 1468 1578 1561 
3 1266 1358 1253 
3 1374 1468 1358 
3 1266 1253 1157 
3 218 341 245 
3 148 218 166 
3 117 148 127 
3 117 114 149 
3 114 162 149 
3 193 162 125 
3 237 193 154 
3 267 237 197 
3 445 267 298 
3 499 445 298 
3 551 499 390 
3 691 643 551 
3 691 769 643 
3 2524 2637 2491 
3 2586 2637 2754 
3 2754 2823 2692 
3 2823 2865 2778 
3 2815 2865 2871 
3 2877 2824 2871 
3 2836 2811 2877 
3 2768 2836 2765 
3 2631 2659 2765 
3 2631 2500 2533 
3 2377 2415 2500 
3 2444 2406 2322 
3 2524 2491 2406 
3 1250 1362 1332 
3 1447 1362 1472 
3 1594 1557 1472 
3 1130 1250 1196 
3 1669 1594 1710 
3 1835 1787 1710 
3 1950 1912 1835 
3 2063 2036 1950 
3 1130 1083 1000 
3 2152 2036 2063 
3 2152 2243 2112 
3 2191 2243 2322 
3 967 885 1000 
3 842 769 885 
3 1962 2074 2058 
3 2209 2289 2182 
3 2090 2182 2074 
3 2289 2329 2415 
3 1865 1962 1852 
3 1768 1865 1750 
3 475 592 484 
3 475 484 341 
3 598 702 592 
3 712 811 702 
3 827 926 811 
3 926 945 1045 
3 1062 1157 1045 
3 1655 1672 1768 
3 1578 1672 1561 
3 1578 1468 1496 
3 1266 1374 1358 
3 1496 1468 1374 
3 1175 1266 1157 
3 317 341 218 
3 200 218 148 
3 148 117 144 
3 144 117 149 
3 162 255 149 
3 162 193 285 
3 339 193 237 
3 267 398 237 
3 267 445 398 
3 445 499 593 
3 643 499 551 
3 769 720 643 
3 2491 2637 2586 
3 2586 2754 2692 
3 2823 2778 2692 
3 2865 2815 2778 
3 2824 2815 2871 
3 2811 2824 2877 
3 2836 2768 2811 
3 2659 2768 2765 
3 2659 2631 2533 
3 2500 2415 2533 
3 2406 2278 2322 
3 2491 2364 2406 
3 1362 1447 1332 
3 1250 1332 1196 
3 1557 1447 1472 
3 1669 1557 1594 
3 1083 1130 1196 
3 1787 1669 1710 
3 1912 1787 1835 
3 2036 1912 1950 
3 1083 967 1000 
3 2036 2152 2112 
3 2243 2191 2112 
3 2278 2191 2322 
3 967 842 885 
3 769 842 720 
3 1977 2074 1962 
3 2209 2329 2289 
3 2209 2182 2090 
3 2090 2074 1977 
3 2329 2443 2415 
3 1977 1962 1865 
3 1768 1880 1865 
3 598 592 475 
3 317 475 341 
3 712 702 598 
3 827 811 712 
3 945 926 827 
3 945 1062 1045 
3 1175 1157 1062 
3 1672 1785 1768 
3 1691 1672 1578 
3 1607 1578 1496 
3 1266 1288 1374 
3 1403 1496 1374 
3 1288 1266 1175 
3 200 317 218 
3 200 148 144 
3 232 144 149 
3 255 232 149 
3 255 162 285 
3 193 339 285 
3 398 339 237 
3 445 547 398 
3 499 643 593 
3 547 445 593 
3 643 720 593 
3 2491 2586 2446 
3 2526 2586 2692 
3 2778 2614 2692 
3 2815 2690 2778 
3 2824 2719 2815 
3 2811 2711 2824 
3 2768 2670 2811 
3 2659 2621 2768 
3 2488 2659 2533 
3 2415 2443 2533 
3 2406 2364 2278 
3 2364 2491 2446 
3 1447 1399 1332 
3 1332 1284 1196 
3 1557 1519 1447 
3 1557 1669 1642 
3 1164 1083 1196 
3 1669 1787 1757 
3 1871 1787 1912 
3 2036 1989 1912 
3 1083 1052 967 
3 1989 2036 2112 
3 2191 2075 2112 
3 2161 2191 2278 
3 967 924 842 
3 842 798 720 
3 2209 2244 2329 
3 2130 2209 2090 
3 1996 2090 1977 
3 2329 2356 2443 
3 1880 1977 1865 
3 1785 1880 1768 
3 480 598 475 
3 480 475 317 
3 616 712 598 
3 730 827 712 
3 945 827 851 
3 945 970 1062 
3 1084 1175 1062 
3 1785 1672 1691 
3 1691 1578 1607 
3 1607 1496 1521 
3 1288 1403 1374 
3 1521 1496 1403 
3 1195 1288 1175 
3 317 200 335 
3 221 200 144 
3 232 221 144 
3 400 232 255 
3 430 255 285 
3 339 464 285 
3 339 398 512 
3 398 547 512 
3 680 547 593 
3 720 680 593 
3 2586 2526 2446 
3 2614 2526 2692 
3 2690 2614 2778 
3 2719 2690 2815 
3 2711 2719 2824 
3 2811 2670 2711 
3 2768 2621 2670 
3 2488 2621 2659 
3 2443 2488 2533 
3 2364 2249 2278 
3 2324 2364 2446 
3 1399 1284 1332 
3 1519 1399 1447 
3 1284 1164 1196 
3 1557 1642 1519 
3 1669 1757 1642 
3 1052 1083 1164 
3 1787 1871 1757 
3 1989 1871 1912 
3 1052 924 967 
3 2075 1989 2112 
3 2161 2075 2191 
3 2249 2161 2278 
3 924 798 842 
3 798 680 720 
3 2244 2356 2329 
3 2244 2209 2130 
3 2130 2090 1996 
3 1880 1996 1977 
3 2443 2356 2488 
3 1900 1880 1785 
3 480 616 598 
3 480 317 335 
3 616 730 712 
3 827 730 851 
3 970 945 851 
3 970 1084 1062 
3 1084 1195 1175 
3 1785 1691 1816 
3 1724 1691 1607 
3 1640 1607 1521 
3 1288 1325 1403 
3 1442 1521 1403 
3 1325 1288 1195 
3 335 200 221 
3 232 366 221 
3 232 400 366 
3 430 400 255 
3 464 430 285 
3 464 339 512 
3 547 645 512 
3 680 645 547 
3 2526 2404 2446 
3 2614 2487 2526 
3 2690 2573 2614 
3 2719 2573 2690 
3 2719 2711 2573 
3 2670 2543 2711 
3 2621 2503 2670 
3 2621 2488 2503 
3 2324 2249 2364 
3 2404 2324 2446 
3 1399 1364 1284 
3 1477 1399 1519 
3 1284 1255 1164 
3 1642 1599 1519 
3 1757 1717 1642 
3 1132 1052 1164 
3 1871 1843 1757 
3 1958 1871 1989 
3 1052 1002 924 
3 2075 1958 1989 
3 2049 2075 2161 
3 2249 2133 2161 
3 924 884 798 
3 680 798 765 
3 2356 2244 2262 
3 2155 2244 2130 
3 2130 1996 2026 
3 1880 1900 1996 
3 2356 2375 2488 
3 1900 1785 1816 
3 616 480 504 
3 504 480 335 
3 730 616 635 
3 730 759 851 
3 878 970 851 
3 1084 970 991 
3 1113 1195 1084 
3 1691 1724 1816 
3 1724 1607 1640 
3 1552 1640 1521 
3 1325 1442 1403 
3 1552 1521 1442 
3 1240 1325 1195 
3 366 335 221 
3 400 528 366 
3 400 430 553 
3 573 430 464 
3 613 464 512 
3 645 613 512 
3 680 765 645 
3 2487 2404 2526 
3 2573 2487 2614 
3 2711 2543 2573 
3 2670 2503 2543 
3 2488 2375 2503 
3 2199 2249 2324 
3 2324 2404 2280 
3 1364 1255 1284 
3 1399 1477 1364 
3 1599 1477 1519 
3 1255 1132 1164 
3 1717 1599 1642 
3 1843 1717 1757 
3 1132 1002 1052 
3 1871 1958 1843 
3 1002 884 924 
3 1958 2075 2049 
3 2133 2049 2161 
3 2199 2133 2249 
3 798 884 765 
3 2244 2155 2262 
3 2356 2262 2375 
3 2046 2155 2130 
3 1900 2026 1996 
3 2026 2046 2130 
3 1933 1900 1816 
3 635 616 504 
3 366 504 335 
3 759 730 635 
3 759 878 851 
3 991 970 878 
3 1113 1084 991 
3 1240 1195 1113 
3 1724 1846 1816 
3 1753 1724 1640 
3 1640 1552 1664 
3 1325 1355 1442 
3 1465 1552 1442 
3 1355 1325 1240 
3 528 504 366 
3 528 400 553 
3 430 573 553 
3 613 573 464 
3 645 726 613 
3 765 726 645 
3 2361 2404 2487 
3 2573 2447 2487 
3 2543 2447 2573 
3 2503 2412 2543 
3 2375 2412 2503 
3 2199 2324 2280 
3 2404 2361 2280 
3 1339 1255 1364 
3 1477 1452 1364 
3 1477 1599 1563 
3 1132 1255 1211 
3 1599 1717 1677 
3 1843 1798 1717 
3 1132 1090 1002 
3 1958 1925 1843 
3 884 1002 972 
3 1925 1958 2049 
3 2133 2001 2049 
3 2082 2133 2199 
3 884 848 765 
3 2262 2155 2176 
3 2375 2262 2287 
3 2046 2064 2155 
3 2026 1900 1933 
3 2046 2026 1933 
3 1846 1933 1816 
3 528 635 504 
3 759 635 661 
3 759 786 878 
3 991 878 898 
3 1113 991 1026 
3 1240 1113 1152 
3 1753 1846 1724 
3 1753 1640 1664 
3 1552 1575 1664 
3 1355 1465 1442 
3 1465 1575 1552 
3 1355 1240 1261 
3 661 528 553 
3 573 695 553 
3 695 573 613 
3 726 695 613 
3 848 726 765 
3 2447 2361 2487 
3 2543 2412 2447 
3 2375 2287 2412 
3 2166 2199 2280 
3 2361 2252 2280 
3 1255 1339 1211 
3 1452 1339 1364 
3 1477 1563 1452 
3 1599 1677 1563 
3 1090 1132 1211 
3 1717 1798 1677 
3 1925 1798 1843 
3 1002 1090 972 
3 848 884 972 
3 2001 1925 2049 
3 2082 2001 2133 
3 2166 2082 2199 
3 2155 2064 2176 
3 2262 2176 2287 
3 2064 2046 1955 
3 1955 2046 1933 
3 1846 1955 1933 
3 635 528 661 
3 786 759 661 
3 878 786 898 
3 1026 991 898 
3 1152 1113 1026 
3 1240 1152 1261 
3 1866 1846 1753 
3 1778 1753 1664 
3 1575 1695 1664 
3 1465 1355 1375 
3 1575 1465 1499 
3 1375 1355 1261 
3 695 661 553 
3 726 812 695 
3 848 812 726 
3 2447 2330 2361 
3 2412 2330 2447 
3 2412 2287 2330 
3 2252 2166 2280 
3 2330 2252 2361 
3 1339 1292 1211 
3 1452 1413 1339 
3 1563 1535 1452 
3 1677 1649 1563 
3 1176 1090 1211 
3 1798 1764 1677 
3 1798 1925 1881 
3 1090 1059 972 
3 935 848 972 
3 1925 2001 1881 
3 1967 2001 2082 
3 2166 2056 2082 
3 2176 2064 2092 
3 2287 2176 2211 
3 2064 1955 1979 
3 1955 1846 1866 
3 786 661 695 
3 898 786 812 
3 1026 898 935 
3 1152 1026 1059 
3 1152 1176 1261 
3 1866 1753 1778 
3 1695 1778 1664 
3 1695 1575 1614 
3 1499 1465 1375 
3 1614 1575 1499 
3 1292 1375 1261 
3 812 786 695 
3 935 812 848 
3 2330 2287 2211 
3 2143 2166 2252 
3 2330 2211 2252 
3 1292 1176 1211 
3 1413 1292 1339 
3 1535 1413 1452 
3 1649 1535 1563 
3 1764 1649 1677 
3 1176 1059 1090 
3 1798 1881 1764 
3 1059 935 972 
3 2001 1967 1881 
3 2056 1967 2082 
3 2143 2056 2166 
3 2064 1979 2092 
3 2176 2092 2211 
3 1979 1955 1866 
3 935 898 812 
3 1059 1026 935 
3 1176 1152 1059 
3 1176 1292 1261 
3 1897 1866 1778 
3 1819 1778 1695 
3 1736 1695 1614 
3 1413 1499 1375 
3 1535 1614 1499 
3 1292 1413 1375 
3 2211 2143 2252 
3 1535 1499 1413 
3 1614 1535 1649 
3 1764 1736 1649 
3 1881 1853 1764 
3 1967 1853 1881 
3 2056 1938 1967 
3 2143 2020 2056 
3 2092 1979 2020 
3 2092 2143 2211 
3 1979 1866 1897 
3 1819 1897 1778 
3 1819 1695 1736 
3 1736 1614 1649 
3 1853 1736 1764 
3 1967 1938 1853 
3 2056 2020 1938 
3 2092 2020 2143 
3 2020 1979 1897 
3 1897 1819 1938 
3 1853 1819 1736 
3 1938 1819 1853 
3 2020 1897 1938 

