# vtk DataFile Version 4.2
vtk output
ASCII
DATASET POLYDATA
POINTS 3007 float
-162.739 33.9774 82.5955 -162.578 25.2009 93.7043 -162.478 11.2046 91.1064 
-162.401 2.29785 102.154 -162.33 20.1303 80.0037 -162.256 47.5147 85.3424 
-162.254 42.7344 71.5803 -162.161 -12.0911 99.48 -162.109 39.0608 96.4608 
-162.042 16.4199 104.765 -161.891 29.0499 68.9904 -161.791 -2.93312 88.5777 
-161.713 -6.65091 112.962 -161.658 30.4839 107.43 -161.408 6.12277 77.5305 
-161.379 7.53791 115.717 -161.311 21.5251 118.226 -161.134 37.9455 58.0447 
-160.997 15.1537 66.5487 -160.911 -21.6776 110.215 -160.824 26.3303 131.333 
-160.778 12.27 129.176 -160.741 51.5962 60.7807 -160.706 -15.7113 123.232 
-160.522 -1.19835 126.598 -160.52 24.111 55.5888 -160.437 -17.188 86.2151 
-160.412 55.8547 74.4043 -160.264 36.0232 120.915 -160.251 -7.98372 75.1744 
-159.992 -26.5948 97.2949 -159.954 1.11283 64.188 -159.824 44.4105 110.285 
-159.723 10.1558 53.2267 -159.597 33.0972 44.619 -159.564 52.521 99.2347 
-159.522 46.9742 47.1488 -159.452 16.9341 142.344 -159.199 19.2332 42.217 
-158.757 3.28529 140.064 -158.715 60.2325 87.856 -158.702 -9.8629 136.994 
-158.668 -22.1648 72.9918 -158.467 -12.9992 61.9083 -158.341 -31.3253 84.2367 
-158.23 -3.87675 50.9255 -158.113 5.26324 39.9237 -157.98 28.2315 31.2524 
-157.835 31.2727 144.411 -157.556 14.4194 28.9175 -157.533 42.0142 33.7401 
-157.5 41.5884 134.254 -157.306 -23.8684 132.073 -156.913 -31.4029 120.959 
-156.752 -27.1466 59.6877 -156.678 60.5468 50.3908 -156.652 64.2812 64.2846 
-156.649 23.2904 17.8742 -156.604 -35.5276 108.673 -156.518 -36.1469 70.9647 
-156.434 -17.9563 48.6312 -156.323 49.8137 123.624 -155.949 -8.71063 37.7134 
-155.845 36.7569 20.3628 -155.718 0.53014 26.7367 -155.491 -39.8918 95.7969 
-155.351 9.74826 15.7265 -155.163 55.8615 36.6663 -154.924 57.5281 112.614 
-154.502 31.0945 6.80049 -154.433 66.8066 78.1102 -154.389 18.6511 4.70177 
-153.961 8.19352 151.563 -153.728 -44.4422 82.5908 -153.596 -5.90809 149.876 
-153.405 -47.2191 -336.634 -153.244 64.5636 101.236 -153.143 -31.8349 46.5531 
-152.866 -40.7581 57.7859 -152.744 -34.2211 -331.145 -152.71 50.2563 23.3783 
-152.617 -22.5864 35.6206 -152.336 -44.6624 -322.113 -152.332 -36.7711 -345.443 
-152.228 -18.6795 145.156 -152.147 -13.2345 24.7354 -151.915 -58.0674 -327.503 
-151.798 -3.85515 13.8436 -151.628 -25.6903 -340.487 -151.351 -60.0947 -342.272 
-151.175 5.65806 3.06858 -151.161 24.3551 -6.48103 -150.997 44.3081 10.0734 
-150.662 -31.1981 -317.155 -150.518 -48.8391 69.3364 -150.088 -21.4492 -326.759 
-149.674 -48.4317 -351.182 -149.508 70.2134 89.6059 -149.491 -41.8609 -308.067 
-149.473 16.0095 -7.3445 -149.42 -55.3714 -313.178 -149.37 38.0691 -3.63516 
-149.37 -21.9773 -350.335 -149.188 25.8082 155.873 -149.045 34.7545 151.339 
-149.005 -13.7172 -337.372 -148.988 -71.0322 -332.825 -148.901 43.7007 146.806 
-148.818 53.4163 136.085 -148.755 -27.8061 138.489 -148.077 -43.4311 106.65 
-147.944 70.779 55.2201 -147.839 67.1348 41.2581 -147.763 -36.0496 33.8796 
-147.708 -28.2451 -303.3 -147.54 -44.9203 44.973 -147.446 -17.8655 -312.853 
-147.266 60.7607 124.7 -147.259 -26.7426 22.9879 -147.138 -68.5401 -318.474 
-146.934 13.5174 158.969 -146.723 -17.2517 12.1506 -146.665 -48.2996 93.9332 
-146.653 -35.4669 129.838 -146.618 62.4395 27.5404 -146.57 72.9892 68.9762 
-146.488 -7.73278 1.37454 -146.371 -52.63 -299.222 -146.131 -39.0834 -294.287 
-146.07 -8.62079 -323.487 -146.017 -8.86818 -349.951 -145.751 -72.2216 -347.231 
-145.716 -53.0116 56.4042 -145.636 2.06694 -9.08944 -145.448 67.3721 113.105 
-145.117 -35.015 -357.492 -144.801 0.077373 158.542 -144.767 56.8241 14.1305 
-144.566 -65.9166 -304.392 -144.448 -41.3572 117.942 -144.258 -82.7494 -337.877 
-144.098 -53.5468 81.0457 -144.056 29.6388 -16.0823 -144.045 -25.5001 -289.631 
-144.019 74.3484 81.7242 -143.996 -14.7427 -299.021 -143.896 -0.846992 -335.561 
-143.497 12.8399 -19.1535 -143.497 72.1738 101.311 -143.308 -60.3163 -355.464 
-143.017 -49.8621 -285.493 -142.899 50.9098 0.828314 -142.691 -80.8759 -323.827 
-142.674 -4.62971 -309.443 -142.517 74.3894 90.7881 -142.516 -13.3148 153.994 
-142.426 -36.3847 -280.676 -141.936 -49.1864 32.4919 -141.741 -63.1939 -290.548 
-141.708 -39.9703 21.6799 -141.517 -19.9222 -359.065 -141.389 2.18878 -353.932 
-140.977 -30.5024 10.6279 -140.727 -11.5147 -10.974 -140.671 -21.0444 -0.289963 
-140.44 4.18404 -321.522 -140.435 -78.5363 -309.797 -140.428 -57.424 43.7864 
-140.376 -58.7646 68.2425 -140.322 -1.68787 -21.4343 -140.315 8.02271 -344.645 
-140.268 44.3825 -12.306 -140.126 23.2374 -29.2092 -139.776 -23.0009 -276.168 
-139.74 -12.1749 -285.399 -139.651 -47.0532 -271.864 -139.411 8.17243 -31.9977 
-139.311 -24.1749 146.341 -138.718 -33.6513 -267.107 -138.68 -60.3542 -276.871 
-138.409 -48.7979 104.54 -138.356 44.3878 155.012 -138.311 54.0861 146.526 
-138.285 -1.56551 -295.213 -138.201 -76.0173 -295.867 -138.18 33.5184 161.128 
-137.875 62.5938 136.008 -137.868 -46.8312 -359.835 -137.736 -7.1142 -362.458 
-137.627 72.6987 32.7868 -137.617 76.152 46.8456 -137.49 -84.5854 -351.387 
-137.239 12.7176 -333.288 -137.064 38.055 -25.4243 -136.99 20.7369 164.417 
-136.935 18.109 -42.3284 -136.916 68.2404 18.9309 -136.788 -6.1098 -34.4238 
-136.525 -90.8545 -342.231 -136.511 78.2766 61.1442 -136.406 3.51367 -45.0887 
-136.392 -53.1244 20.6152 -136.386 69.5268 124.215 -136.305 -91.8903 -329.506 
-136.252 -44.1894 -258.287 -136.195 -15.6637 -23.8441 -136.11 14.4128 -356.116 
-136.077 -63.6986 55.5271 -136.017 8.09983 -306.835 -136.005 -32.9397 137.309 
-135.863 -43.6126 9.85099 -135.67 -20.4785 -262.686 -135.622 -57.3941 -263.247 
-135.538 62.9296 5.37625 -135.509 -54.6835 91.8981 -135.497 -73.1469 -282.181 
-135.377 -25.1423 -13.3154 -135.213 -61.855 31.5855 -135.129 7.14362 164.554 
-134.977 -34.4935 -2.37887 -134.958 -30.9617 -253.582 -134.894 -10.0232 -272.033 
-134.826 79.6219 75.0181 -134.773 74.7596 112.154 -134.638 32.6101 -38.8573 
-134.351 -90.0515 -315.578 -134.164 13.2221 -55.4501 -134.024 20.7048 -344.89 
-133.864 -10.7142 -47.6261 -133.734 -71.8287 -356.305 -133.705 57.277 -7.95779 
-133.645 16.564 -320.817 -133.454 78.2412 99.708 -133.37 -1.1856 -58.1557 
-133.261 -41.412 -244.623 -133.261 0.551789 -281.517 -133.21 -40.3128 126.64 
-133.197 79.8846 87.5454 -133.094 -20.1748 -37.0567 -132.917 -70.1961 -268.482 
-132.879 -32.2188 -362.151 -132.857 -54.5149 -249.568 -132.386 -6.36211 160.888 
-132.293 -61.1039 79.5451 -132.266 -87.6995 -301.597 -132.133 27.4834 -52.1592 
-131.723 -29.5513 -26.7359 -131.633 -68.8459 43.2118 -131.53 -18.0055 -249.217 
-131.459 51.4572 -21.1522 -131.403 4.85676 -364.221 -131.389 -28.338 -240.025 
-131.235 -46.9481 -0.983446 -131.165 -15.2999 -60.8554 -131.129 -56.5756 9.27376 
-130.94 8.2838 -68.363 -130.624 -51.6637 -235.827 -130.598 -5.82467 -71.1919 
-130.558 10.9488 -291.322 -130.532 -67.2847 -254.74 -130.465 -7.78056 -258.594 
-130.388 -24.7574 -50.4488 -130.351 -39.2441 -17.0917 -130.219 -38.6232 -231.034 
-130.167 -65.7736 19.8299 -130.103 27.6167 -356.651 -129.934 24.8746 -332.756 
-129.911 -84.9055 -287.833 -129.804 -47.3058 114.453 -129.53 19.5192 -308.769 
-129.504 46.0409 -34.6281 -129.278 22.345 -65.2229 -129.182 -18.2312 153.825 
-129.052 -58.2047 -359.68 -128.851 -67.2464 67.1921 -128.785 -34.0765 -40.119 
-128.639 -49.6438 -9.39865 -128.634 -18.5208 -364.181 -128.466 -64.4896 -240.978 
-128.391 -19.7923 -74.084 -128.284 -48.6898 -222.245 -128.161 3.47575 -81.3116 
-128.147 2.3392 -268.133 -127.988 -10.3728 -84.28 -127.946 -82.1808 -274.042 
-127.903 -25.6761 -226.528 -127.517 40.8906 -48.1391 -127.513 -29.1666 -63.8223 
-127.443 41.4572 163.764 -127.437 52.6511 156.077 -127.423 -35.7121 -217.551 
-127.416 -15.6293 -235.764 -127.249 18.5512 -366.5 -127.098 -73.5612 31.0661 
-127.086 -59.9039 -1.24488 -127.071 -99.4819 -335.35 -127.065 77.9371 24.4947 
-126.998 62.2999 146.212 -126.886 -43.507 -30.3758 -126.856 81.1943 38.7623 
-126.746 -95.0784 -346.849 -126.661 73.6883 10.5399 -126.568 -61.6029 -227.25 
-126.553 28.8211 168.635 -126.475 -100.085 -321.735 -126.465 17.2653 -78.188 
-126.266 32.4698 -344.371 -126.181 83.4387 53.3216 -126.133 -24.0852 -87.3596 
-126.111 -14.6576 -97.5158 -126.016 70.2321 134.705 -125.973 -54.066 102.076 
-125.925 -1.05826 -94.3782 -125.912 -79.3637 -260.289 -125.847 -5.70101 -245.196 
-125.832 21.1252 -299.122 -125.769 -45.5987 -208.944 -125.72 -28.2765 144.782 
-125.7 -38.4528 -53.6513 -125.675 28.3671 -320.279 -125.611 68.6418 -3.10173 
-125.558 -69.3782 8.27971 -125.292 35.8081 -61.5053 -125.117 -53.3698 -21.346 
-125.04 -73.0263 54.8676 -124.979 12.5362 -277.695 -124.854 -33.4016 -77.2494 
-124.828 -22.9926 -213.037 -124.819 84.6868 68.739 -124.759 76.3785 122.37 
-124.728 14.9869 169.865 -124.708 -32.7324 -204.174 -124.579 -58.5031 -213.807 
-124.556 -18.7366 -110.783 -124.545 -98.019 -307.75 -124.511 -28.1774 -100.717 
-124.374 -5.36741 -107.611 -124.097 63.3834 -16.5496 -124.05 -76.6152 -246.465 
-124.011 12.3818 -91.0884 -123.963 -44.114 -362.024 -123.793 81.0972 109.496 
-123.749 -82.9545 -354.451 -123.694 -13.2535 -222.297 -123.6 84.9845 82.9299 
-123.369 -63.4603 -12.6616 -123.31 -47.7769 -43.7599 -123.2 -5.98025 -366.542 
-123.129 -32.0243 -114.104 -123.128 83.9749 96.3168 -123.121 4.03459 -254.793 
-123.097 -42.3757 -195.868 -122.875 -22.6471 -123.979 -122.851 -61.0244 90.0313 
-122.803 -9.48131 -120.832 -122.753 -37.5116 -90.6894 -122.674 30.5011 -74.4791 
-122.613 -42.5923 -67.18 -122.604 -77.6252 19.0419 -122.528 38.6912 -355.901 
-122.524 -95.6892 -293.78 -122.469 58.2108 -29.9814 -122.368 -73.8413 -232.642 
-122.366 -36.8585 134.607 -122.365 7.82899 -104.295 -122.177 1.0685 167.225 
-122.113 -55.1865 -200.775 -121.911 -29.5885 -190.761 -121.602 -20.2423 -199.514 
-121.59 36.2639 -332.09 -121.467 -41.5311 -104.136 -121.422 -73.0244 -3.43672 
-121.295 -3.74383 -231.831 -121.266 -26.589 -137.069 -121.233 -39.0813 -182.744 
-121.233 -57.1156 -34.2703 -121.212 -35.7294 -127.218 -121.127 -78.6651 42.624 
-121.027 30.7943 -307.909 -121.009 -13.6613 -133.93 -120.903 53.1139 -43.5442 
-120.868 -93.1127 -279.898 -120.831 -70.9699 -218.998 -120.81 3.30392 -117.521 
-120.786 -30.375 -150.261 -120.591 22.5565 -286.714 -120.395 25.4591 -87.4668 
-120.321 -34.3252 -164.314 -120.319 -51.8821 -187.969 -120.247 -10.854 -208.767 
-120.022 -39.3371 -140.174 -119.983 -46.7063 -80.7743 -119.944 -45.1642 -117.577 
-119.925 -26.092 -176.58 -119.786 -68.0927 78.1082 -119.73 -17.8566 -147.202 
-119.723 -51.7333 -57.214 -119.679 -69.3965 -358.184 -119.604 -42.7134 -152.714 
-119.393 -21.9399 -161.201 -119.391 -90.5299 -266.008 -119.379 13.6212 -264.479 
-119.343 -48.7109 -175.583 -119.281 -66.6822 -25.058 -119.251 -30.2625 -363.911 
-119.112 -44.7497 123.445 -119.034 -1.12461 -130.614 -118.982 -45.7329 -164.047 
-118.975 -11.6047 160.819 -118.927 -67.8405 -205.686 -118.877 47.9467 -56.9807 
-118.619 -17.2483 -185.753 -118.532 -81.5948 6.88665 -118.472 20.5728 -100.591 
-118.224 -48.6074 -130.68 -118.178 43.8599 -366.324 -118.11 -50.7868 -94.2965 
-117.99 5.56545 -241.5 -117.972 32.5676 -371.454 -117.73 -87.8649 -252.144 
-117.674 7.05615 -368.487 -117.624 43.1159 -343.81 -117.401 -1.74391 -218.348 
-117.391 -5.56954 -143.842 -117.35 -64.4816 -192.708 -117.242 -76.2792 -15.735 
-117.223 -83.7258 30.3201 -116.937 -13.7816 -171.513 -116.922 -51.7979 -143.341 
-116.845 -60.522 -47.4651 -116.76 -8.43899 -195.171 -116.704 39.0295 -319.322 
-116.703 15.7531 -113.804 -116.677 42.7155 -70.207 -116.652 -9.81625 -157.423 
-116.562 -54.5385 -107.805 -116.53 -74.7772 66.073 -116.451 -54.996 -155.642 
-116.263 -55.7012 -70.8997 -116.253 49.9506 164.953 -116.151 -61.0246 -180.105 
-116.126 82.6564 16.3245 -116.117 -58.0397 -167.745 -116.102 -107.314 -328.207 
-116.084 -85.0832 -238.294 -115.998 60.7577 155.61 -115.986 85.8833 30.5601 
-115.968 -103.262 -340.847 -115.854 -52.268 111.713 -115.792 78.3956 2.40472 
-115.665 37.4432 171.226 -115.54 32.0734 -295.759 -115.506 88.2384 45.1605 
-115.412 -22.4871 152.285 -115.259 69.7438 144.468 -115.192 10.9458 -127.078 
-115.007 -55.5705 -360.49 -114.943 -57.8896 -121.236 -114.926 -106.947 -314.213 
-114.914 73.4779 -11.2426 -114.877 37.6987 -83.4048 -114.829 -82.3549 -224.515 
-114.76 -69.1462 -37.7988 -114.656 23.2089 -273.91 -114.636 89.5944 60.7479 
-114.328 -85.3032 -5.70478 -114.273 23.7775 174.283 -114.233 76.8446 132.16 
-114.154 -17.1332 -365.838 -113.853 -93.6826 -350.292 -113.843 14.6014 -251.208 
-113.789 0.313913 -204.798 -113.779 68.6282 -24.8401 -113.715 -5.70536 -181.412 
-113.65 -88.5625 17.88 -113.633 49.2961 -355.317 -113.603 -79.6496 -210.91 
-113.558 -59.7043 -84.5624 -113.48 6.35618 -140.357 -113.447 7.05303 -228.107 
-113.422 82.5403 119.111 -113.306 89.8987 77.4286 -113.287 -61.0723 -134.277 
-113.253 -104.75 -300.163 -113.063 -81.0924 53.9265 -112.828 86.777 105.605 
-112.828 -59.7005 99.9877 -112.805 32.5987 -96.5394 -112.683 89.0285 91.6192 
-112.449 63.6443 -38.3759 -112.405 -78.5807 -28.3977 -112.374 1.87646 -153.796 
-112.286 -2.32329 -167.489 -112.229 -76.4951 -197.65 -112.141 -64.1323 -147.044 
-112.051 46.1693 -331.25 -112.02 -64.5696 -61.1351 -111.998 -102.764 -286.042 
-111.866 -32.1663 142.522 -111.84 9.35281 173.187 -111.517 -63.3012 -98.1988 
-111.435 -67.1778 -159.529 -111.199 27.6988 -109.875 -111.036 -72.9956 -184.727 
-110.909 -100.373 -272.072 -110.869 20.4911 -371.906 -110.852 40.7013 -306.592 
-110.806 -69.9468 -172.053 -110.766 58.6203 -51.8571 -110.247 -80.6689 -355.632 
-110.189 -41.8346 -362.482 -110.04 2.30956 -191.26 -109.991 -93.0563 5.03155 
-109.882 -67.2087 88.323 -109.828 -66.6697 -111.748 -109.755 -97.9463 -258.14 
-109.579 -87.125 41.6199 -109.575 47.3359 -375.632 -109.552 22.6742 -123.228 
-109.504 -88.1046 -18.6862 -109.407 32.5356 -283.364 -109.403 -71.7979 -51.0152 
-109.399 8.59785 -214.62 -109.078 53.6713 -65.3397 -108.639 23.2819 -260.966 
-108.59 -4.47685 167.436 -108.584 15.439 -237.951 -108.562 -4.13233 -367.846 
-108.531 -41.0214 132.038 -108.475 -95.4749 -244.19 -108.346 54.7032 -366.868 
-108.289 -69.9905 -125.026 -108.099 17.7242 -136.72 -107.864 -68.3897 -74.9816 
-107.8 52.8731 -343.088 -107.455 4.99325 -177.575 -107.309 -79.55 -41.0068 
-107.27 -92.769 -230.301 -107.221 48.4739 -78.6283 -106.879 -74.4997 76.5604 
-106.671 13.0325 -150.245 -106.577 -72.8544 -138.177 -106.415 8.61439 -163.834 
-106.319 -92.7984 29.1246 -106.246 -90.1221 -216.551 -106.022 48.2158 -318.374 
-105.958 -66.974 -358.419 -105.716 43.7007 -92.121 -105.466 10.179 -201.154 
-105.417 -96.4998 -8.29957 -105.414 -49.3448 120.949 -105.35 -71.5284 -88.6859 
-105.313 -75.5706 -151.05 -105.187 -28.5104 -364.404 -105.184 -87.2465 -202.98 
-105.072 -16.2502 159.404 -104.803 86.6111 8.25373 -104.802 89.9529 22.3272 
-104.528 58.3338 164.096 -104.501 92.252 36.481 -104.414 -78.339 -163.803 
-104.357 46.3976 172.301 -104.353 82.0762 -5.4874 -104.218 -103.074 -344.701 
-104.131 41.1223 -293.996 -104.119 -83.9009 -189.747 -104.046 93.6895 50.0818 
-104.043 38.6079 -105.544 -104.03 68.4817 153.571 -103.957 16.3316 -224.568 
-103.878 -80.9415 -176.696 -103.76 -78.5774 -53.3416 -103.725 -81.451 64.6496 
-103.718 -89.128 -31.5261 -103.565 77.248 -19.0961 -103.478 94.2657 61.512 
-103.394 33.1187 177.432 -103.239 -98.2241 16.2994 -103.233 -74.4809 -102.384 
-103.228 76.5087 141.419 -103.019 58.9909 -355.313 -102.941 23.4755 -247.812 
-102.812 34.0354 -375.215 -102.807 31.929 -270.685 -102.724 94.4559 71.8781 
-102.61 -113.289 -321 -102.573 72.5394 -32.7463 -102.509 33.5072 -119.028 
-102.495 82.9063 128.29 -102.491 -57.4047 109.581 -102.39 9.00154 -370.175 
-102.367 -110.999 -334.78 -102.119 -112.372 -306.742 -102.119 12.1868 -187.603 
-102.056 88.0602 114.721 -102.006 93.6129 86.2126 -101.805 91.389 100.592 
-101.598 -77.8072 -115.747 -101.514 18.6331 178.637 -101.464 -77.5708 -65.823 
-101.439 -26.8032 150.299 -101.411 -110.624 -292.526 -101.286 67.615 -46.325 
-101.283 -53.3296 -360.625 -101.229 55.155 -330.43 -101.136 -91.537 -352.078 
-101.044 28.5024 -132.834 -100.816 -108.754 -278.363 -100.583 -88.2358 52.5666 
-100.202 -106.616 -264.317 -99.957 15.0812 -173.959 -99.9465 62.8261 -59.8867 
-99.912 17.6336 -211.116 -99.8584 -80.7886 -129.045 -99.7655 -15.4005 -366.362 
-99.7268 -98.3747 -21.6865 -99.6171 -65.3012 98.1359 -99.6064 23.5507 -146.647 
-99.5823 -102.835 2.85911 -99.4692 -104.457 -250.372 -99.1847 48.973 -305.651 
-99.0167 18.8583 -160.319 -98.6217 58.1299 -73.4934 -98.5767 -102.112 -236.317 
-98.408 2.43142 174.524 -98.4062 -79.4733 -79.348 -98.3541 -88.7271 -44.2038 
-98.2155 63.1429 -368.474 -98.0966 -83.2555 -142.305 -98.0347 -36.5442 140.373 
-97.8023 23.7238 -234.55 -97.6101 -94.9391 40.2793 -97.5741 -99.4973 -222.419 
-97.014 52.9952 -86.9572 -96.9489 40.1588 -281.198 -96.8963 -78.317 -356.021 
-96.8022 -85.7609 -155.403 -96.7216 -73.0724 86.6145 -96.7149 -111.018 -336.756 
-96.6632 31.1066 -257.695 -96.6437 -96.6323 -208.702 -96.3714 -39.9002 -362.548 
-96.337 61.7048 -342.753 -96.1377 19.125 -197.653 -96.0041 -81.9311 -92.9819 
-95.8531 -88.2349 -168.529 -95.7643 -93.557 -195.142 -95.7006 48.4319 -100.712 
-95.6748 48.3346 -376.954 -95.4481 -90.7109 -181.77 -95.3085 22.2244 -372.708 
-94.9217 -45.7449 129.912 -94.8336 -10.2273 166.847 -94.7962 -101.035 27.5575 
-94.6827 -87.7965 -57.0436 -94.351 -106.023 -11.0276 -94.2619 42.8602 -114.038 
-94.1275 56.0439 -317.772 -93.9959 -84.7764 -106.546 -93.8269 -2.32334 -368.357 
-93.7603 -80.539 74.9141 -93.5106 -98.3408 -34.7612 -93.2965 24.2706 -221.162 
-93.2007 92.7463 14.274 -93.1055 95.2936 28.1647 -93.0715 21.2251 -184.095 
-92.9471 88.8693 0.485692 -92.7711 97.0264 41.7957 -92.6046 37.9963 -128.446 
-92.4139 55.3131 171.735 -92.3784 -101.707 -347.21 -92.3683 84.2237 -13.0402 
-92.3581 -64.7693 -358.516 -92.2904 97.9673 54.6929 -92.2105 42.9829 179.32 
-92.1696 -87.7752 -119.95 -92.1435 66.1899 161.747 -92.0351 -54.4341 118.944 
-91.9629 -106.769 14.3318 -91.6863 79.7425 -26.6543 -91.6392 98.2062 66.6052 
-91.5757 75.294 150.043 -91.4909 47.8858 -292.55 -91.1897 24.3462 -170.499 
-91.174 -21.2897 158.134 -91.1409 -87.7598 -70.1746 -91.0945 29.0056 183.272 
-91.0758 -26.7338 -364.424 -91.0457 82.3587 136.956 -91.0178 33.4708 -143.183 
-90.9661 97.5577 80.2442 -90.907 30.4012 -244.615 -90.8965 67.2945 -355.884 
-90.8235 75.2862 -40.4114 -90.7499 -87.7128 62.9852 -90.7203 88.0356 123.275 
-90.5954 95.4623 94.8854 -90.5529 92.307 109.192 -90.4558 28.4701 -156.884 
-90.3207 -90.3412 -133.408 -89.957 38.4189 -267.954 -89.7668 70.5781 -54.106 
-89.5392 -117.231 -298.968 -89.5182 -115.703 -284.7 -89.4748 -114.042 -270.46 
-89.3704 -118.117 -313.316 -89.3287 -112.21 -256.427 -89.2417 25.2519 -207.732 
-89.176 -62.7341 107.733 -89.0694 59.8685 -375.634 -88.9574 62.6267 -330.027 
-88.8536 -110.236 -242.505 -88.7162 65.8894 -67.8005 -88.6024 -92.5452 -146.817 
-88.5403 10.3229 181.834 -88.3419 35.5672 -374.151 -88.2986 -89.3373 -352.755 
-88.2595 -97.1262 -47.8235 -88.169 -89.0682 -83.717 -88.1558 -116.969 -327.609 
-88.0456 -107.836 -228.485 -88.0406 -107.026 -24.7583 -87.8535 -94.7623 50.8221 
-87.6783 -31.7447 148.778 -87.6015 61.065 -81.3961 -87.5835 -51.3618 -360.664 
-87.4607 -111.343 0.271628 -87.4126 10.658 -370.487 -87.2584 -94.7686 -160.195 
-87.1913 -105.045 -214.589 -86.4445 55.224 -304.999 -86.4325 -97.1005 -173.596 
-86.4213 56.2898 -95.0395 -86.4162 -102.113 -200.848 -86.281 -70.7914 96.3591 
-86.244 45.4492 -120.903 -86.0743 -99.4183 -187.145 -85.9007 -91.3981 -97.2286 
-85.8883 30.1116 -231.32 -85.8258 51.1953 -108.427 -85.7294 26.875 -194.261 
-85.3998 -13.7097 -366.316 -85.1803 -101.69 38.4279 -84.8554 -4.52937 174.705 
-84.5144 -41.8132 139.001 -84.2344 69.7182 -369.788 -83.926 -94.1643 -110.76 
-83.8953 -96.0444 -60.9192 -83.8087 -110.842 -340.357 -83.693 -76.0712 -356.088 
-83.5974 36.6798 -254.89 -83.3762 -78.5835 84.7788 -83.315 45.555 -278.617 
-83.1499 68.4498 -342.695 -83.0422 29.3812 -180.759 -82.6624 -108.052 25.4611 
-82.414 -38.1229 -362.417 -81.9578 -96.7142 -124.363 -81.8969 -105.954 -38.1121 
-81.5506 -51.1326 128.409 -81.5102 48.6603 -376.27 -81.4192 30.2406 -217.847 
-81.3467 32.7976 -167.148 -81.2548 62.0128 -317.472 -81.2434 96.6677 20.4288 
-81.1329 -15.9314 166.335 -81.1314 99.0159 34.1855 -81.0892 93.6302 6.69146 
-80.7871 -113.808 -14.0443 -80.7682 100.6 47.6072 -80.6672 23.7714 -372.354 
-80.6267 89.6758 -6.83909 -80.4723 -86.1037 72.9815 -80.4549 37.207 -153.428 
-80.1959 101.083 60.5714 -80.1951 42.1849 -139.894 -80.1711 47.2131 -126.314 
-80.121 52.1591 179.18 -80.0826 -95.9976 -74.2544 -80.0332 85.3536 -20.3356 
-80.0039 -98.8448 -138.013 -79.899 39.3088 185.984 -79.7185 63.5522 169.505 
-79.5747 -99.8718 -348.422 -79.5554 -113.629 11.8756 -79.535 100.46 73.9731 
-79.4225 81.0747 -34.0096 -79.355 73.3106 158.019 -79.2936 -0.79348 -368.38 
-79.2745 25.2519 189.223 -79.0851 81.1888 145.074 -79.0444 98.7287 88.5289 
-78.8631 -62.7934 -358.502 -78.856 95.7836 102.962 -78.841 87.0631 131.247 
-78.774 91.8895 117.163 -78.7362 76.8285 -47.969 -78.6373 -59.7357 117.273 
-78.5189 -119.117 -262.351 -78.4895 -117.498 -248.396 -78.2948 -100.769 -151.6 
-78.1354 -120.437 -276.507 -77.9851 -115.374 -234.475 -77.9839 35.3371 -241.669 
-77.824 72.1515 -61.7978 -77.783 12.9015 187.88 -77.6594 -121.673 -290.846 
-77.5725 -26.8879 157.459 -77.5425 -93.1829 60.8271 -77.4827 31.224 -204.358 
-77.4385 52.9202 -115.087 -77.3508 52.5871 -290.354 -77.3507 -97.5239 -87.8108 
-77.2757 -112.84 -220.542 -77.1584 -122.757 -305.233 -77.0861 67.662 -75.5688 
-77.0636 73.2278 -355.773 -77.0091 -102.781 -165.259 -76.934 -25.0448 -364.268 
-76.5492 -109.98 -206.613 -76.4691 -103.965 -51.3289 -76.4621 62.9502 -89.1395 
-76.2826 -104.971 -178.901 -76.2722 -122.724 -319.696 -76.2368 42.8483 -265.329 
-76.1803 58.2983 -102.668 -76.0474 -107.23 -192.795 -75.6962 -67.9343 105.92 
-75.4521 -87.1715 -353.065 -75.4293 61.4319 -376.38 -75.3965 68.1495 -329.863 
-75.3095 0.589138 183.009 -75.2119 -99.9842 -101.444 -74.7755 -100.262 48.5726 
-74.3854 -113.822 -28.1372 -74.2837 33.2905 -190.891 -74.1823 -37.4232 148.024 
-74.0775 -118.092 -2.65392 -73.8916 36.982 -374.119 -73.8678 -49.5403 -360.531 
-73.5645 -119.228 -333.463 -73.2179 59.8813 -304.937 -73.2164 -102.611 -115.151 
-73.0654 34.6639 -228.178 -72.8324 12.1856 -370.37 -72.7501 -75.8606 94.3555 
-72.3317 -107.219 35.9603 -71.9435 -102.695 -64.5843 -71.891 -11.251 175.475 
-71.7547 36.3235 -177.389 -71.2199 -104.869 -128.953 -71.1091 -47.5447 137.972 
-70.9965 -12.0748 -366.263 -70.5779 -74.0938 -356.089 -70.2359 39.9009 -163.289 
-69.9449 40.2819 -252.291 -69.8696 -83.5755 82.5967 -69.8433 -113.359 22.7498 
-69.8235 72.7232 -369.286 -69.4803 44.6665 -149.455 -69.3005 99.0842 26.6945 
-69.2112 -109.706 -343.287 -69.1744 -106.495 -142.786 -69.1164 73.4564 -342.399 
-69.031 96.4126 13.1063 -69.0133 101.163 40.3713 -68.8683 49.1121 -275.71 
-68.8323 -111.719 -41.4862 -68.7049 49.3419 -135.899 -68.5958 34.6253 -214.545 
-68.5025 -103.154 -78.1994 -68.4766 102.255 53.851 -68.4466 -36.4115 -362.326 
-68.3349 93.4647 -0.282564 -68.1688 58.1332 -297.048 -68.0126 -56.3859 126.967 
-67.9228 -22.2487 166.721 -67.9137 101.783 67.5473 -67.8662 34.4007 191.537 
-67.7954 89.564 -13.7244 -67.717 54.2841 -122.844 -67.6055 -123.97 -254.079 
-67.5672 48.3715 185.806 -67.5526 66.2933 -317.696 -67.4914 -122.216 -240.163 
-67.4702 -108.129 -156.611 -67.4539 85.1882 -27.2621 -67.4117 100.306 81.7508 
-67.3409 50.3498 -375.831 -67.2801 20.2428 193.205 -67.25 -98.1415 -349.229 
-67.1786 -125.145 -268.175 -67.027 81.1787 -41.2548 -67.0114 98.0505 96.1706 
-67.0031 -120.066 -226.295 -66.9861 60.4928 176.447 -66.9706 -90.7757 70.4773 
-66.7566 70.6731 165.264 -66.717 94.4425 110.376 -66.6264 90.2571 124.628 
-66.5844 85.3517 138.911 -66.5831 79.0261 152.621 -66.5554 -118.322 8.94966 
-66.4359 -117.338 -212.299 -66.4089 -126.116 -282.433 -66.2847 -109.94 -170.514 
-66.2295 25.2436 -372.009 -66.1671 76.949 -55.4571 -66.0818 59.4042 -110.254 
-66.0174 -105.107 -91.9921 -65.854 -114.515 -198.401 -65.7972 -112.117 -184.442 
-65.6223 6.44996 190.607 -65.5833 72.6497 -69.4792 -65.5239 -60.9102 -358.307 
-65.5017 -126.949 -296.789 -65.4855 64.0974 -96.9829 -65.3423 68.3057 -83.3005 
-64.9335 -64.584 115.46 -64.9122 36.0873 -200.931 -64.8119 0.892653 -368.234 
-64.5088 38.665 -238.822 -64.4336 -127.506 -311.187 -64.1881 -33.0508 157.393 
-64.1115 -97.6458 58.1257 -63.9066 -107.587 -105.847 -63.6827 -109.347 -54.8194 
-63.5051 -120.939 -4.94397 -63.3865 -120.026 -18.1021 -63.015 -6.32179 184.865 
-62.852 76.7558 -355.672 -62.7881 -85.3262 -353.4 -62.7076 -23.3471 -364.256 
-62.463 -126.241 -325.593 -62.0619 45.5644 -262.897 -61.9743 -110.196 -119.717 
-61.9443 -72.6098 103.779 -61.7814 38.4298 -187.455 -61.5023 -104.697 45.7528 
-61.3761 63.7734 -375.744 -61.2101 54.9332 -285.735 -60.884 71.8048 -329.699 
-60.6937 -43.4739 147.481 -60.1726 -47.7878 -360.233 -60.1336 63.6584 -306.518 
-59.9703 -112.076 -133.683 -59.6735 37.7915 -224.907 -59.6569 38.5504 -373.93 
-59.5888 -108.486 -68.4354 -59.5007 -118.417 -31.7024 -59.327 -18.1713 176.929 
-59.2615 41.7671 -173.878 -59.1141 -111.284 32.8721 -59.0959 -80.4254 91.9623 
-58.5221 45.6364 -159.118 -58.4594 13.8333 -370.048 -58.2526 -119.321 -337.589 
-58.1898 50.3018 -144.714 -57.9673 -113.489 -147.695 -57.8202 99.8266 32.8233 
-57.5922 -72.3021 -356.104 -57.4067 -52.9266 136.625 -57.3026 54.8899 -131.051 
-57.2674 101.124 46.6781 -57.2316 97.7237 19.4679 -56.7005 -10.3597 -366.245 
-56.6422 -128.466 -245.637 -56.5446 -116.822 19.5244 -56.5295 -126.773 -231.686 
-56.5218 -109.478 -82.3871 -56.4616 101.217 60.5881 -56.3594 -114.942 -161.762 
-56.2493 -129.575 -259.694 -56.2281 -87.7323 79.8407 -56.0736 42.594 -249.669 
-56.0555 -124.355 -217.795 -56.0324 27.9409 194.997 -55.9103 -96.4683 -349.65 
-55.8222 100.291 74.6813 -55.7779 59.5059 -117.839 -55.6756 75.8124 -369.227 
-55.5564 -116.894 -175.841 -55.5346 -121.662 -203.861 -55.5221 43.0374 191.205 
-55.4758 -130.49 -273.89 -55.3564 37.8634 -211.031 -55.3178 13.3683 195.668 
-55.2968 -119.174 -189.906 -55.2352 98.4708 88.9192 -55.0412 84.337 -34.3379 
-54.9825 -29.2328 167.786 -54.9467 88.3722 -20.3799 -54.7781 -1.10611 194.504 
-54.7337 95.6739 103.174 -54.6712 -115.315 -45.0697 -54.6013 64.1185 -104.726 
-54.5707 76.1301 -342.126 -54.5573 92.2227 -6.47317 -54.5316 -34.7051 -362.131 
-54.4609 91.8375 117.398 -54.3806 -131.099 -288.154 -54.3112 51.2222 -273.372 
-54.2775 80.4853 -48.8233 -54.277 56.9342 183.079 -54.2097 -111.773 -96.4169 
-54.195 87.675 131.682 -54.195 -61.2843 125.089 -54.1327 95.3508 7.44095 
-53.8593 82.6946 145.774 -53.8458 67.4493 171.792 -53.8106 -121.076 5.83217 
-53.7901 68.3228 -91.2409 -53.7621 75.9722 159.287 -53.5034 51.9795 -375.471 
-53.4143 76.3782 -63.2667 -53.3633 -94.5588 67.4558 -53.2693 72.5439 -77.4963 
-53.1506 60.507 -295.444 -53.0075 -131.587 -302.438 -52.8152 69.0567 -317.562 
-52.2469 -114.582 -110.406 -52.1705 -59.1674 -358.093 -52.1305 -14.6824 188.333 
-51.9927 26.8087 -371.876 -51.756 39.4572 -197.294 -51.1384 -131.122 -316.594 
-51.1261 -122.709 -8.00595 -51.1243 -69.2005 113.169 -50.7164 40.4755 -235.67 
-50.5831 -101.393 55.0792 -50.526 2.59208 -368.144 -50.5128 -107.436 -344.819 
-50.3621 -113.194 -58.7368 -50.3606 -116.956 -124.453 -50.2604 -39.54 157.386 
-50.0939 -83.5404 -353.515 -48.9778 79.1442 -355.224 -48.8004 97.8452 23.9331 
-48.6428 -21.6966 -364.22 -48.6062 49.9793 -152.681 -48.5737 42.2158 -183.827 
-48.3604 -118.509 -138.591 -48.2167 -76.8816 101.18 -48.2095 -122.232 -21.8048 
-48.0705 -108.009 42.3992 -47.9226 -127.016 -329.677 -47.9114 47.5367 -260.434 
-47.8326 -26.4858 179.323 -47.5468 65.2291 -375.035 -47.268 54.2019 -138.982 
-46.9719 -113.334 -72.8123 -46.7992 99.0548 38.612 -46.6334 -49.1854 146.283 
-46.5184 -46.0924 -360.038 -46.494 -119.931 -152.788 -46.3845 56.5222 -283.696 
-45.9647 39.5331 -221.328 -45.7835 58.4582 -125.507 -45.7353 -132.667 -236.999 
-45.6752 -114.132 29.3749 -45.6646 73.9079 -329.298 -45.6441 40.1536 -373.789 
-45.5492 99.3626 52.8951 -45.4686 -130.783 -223.135 -45.4076 45.5821 -170.768 
-45.3881 -133.849 -251.055 -45.3815 -84.1925 88.9752 -45.3787 65.7204 -305.867 
-45.3066 35.2877 195.128 -45.2332 -121.603 -167.042 -44.8007 -128.506 -209.321 
-44.6459 -123.729 -181.249 -44.6029 -134.612 -265.223 -44.6016 -119.743 -35.4792 
-44.5225 98.7509 67.0418 -44.4737 -126.065 -195.342 -44.4208 -70.4792 -355.956 
-44.3709 20.6664 197.733 -44.3184 -115.087 -86.9335 -44.2423 15.5069 -369.9 
-43.9468 6.10767 199.44 -43.9298 62.9248 -112.342 -43.8084 -9.14386 198.77 
-43.7332 97.3261 81.2223 -43.4848 -135.129 -279.411 -43.4728 -58.0014 134.724 
-43.0285 95.1469 95.4161 -43.023 -119.124 15.9936 -42.9592 -94.6216 -349.954 
-42.8386 86.7797 -27.3717 -42.7637 82.9852 -41.6948 -42.5667 -91.1216 76.6006 
-42.5654 -8.68487 -366.088 -42.5128 92.0082 109.625 -42.4973 67.3444 -99.1255 
-42.3365 -117.321 -338.962 -42.2039 -118.072 -101.047 -42.0856 90.4064 -13.2618 
-42.0662 88.3388 123.826 -42.0622 44.1641 -246.666 -42.0484 -24.7983 192.225 
-41.9725 -135.556 -293.504 -41.8331 39.8059 -207.201 -41.5939 76.6312 -368.344 
-41.5276 84.3135 138.05 -41.3916 49.2627 -158.785 -41.1603 71.4924 -85.7037 
-41.1175 79.0985 151.995 -40.991 77.6014 -341.666 -40.9611 93.4893 0.907373 
-40.9399 72.4469 165.354 -40.8291 78.9988 -57.117 -40.7202 -117.087 -49.1695 
-40.6502 -33.0467 -362.014 -40.6466 64.0603 177.641 -40.3286 -66.0485 122.773 
-40.3156 75.243 -71.8199 -40.2355 -120.703 -115.182 -40.2295 -122.305 2.16622 
-40.1296 -135.556 -307.535 -39.9688 53.5228 188.135 -39.8242 52.4329 -271.317 
-39.7539 -97.8472 64.1621 -39.7131 -37.8071 168.892 -39.5765 53.4014 -375.217 
-39.1141 95.6435 15.4566 -38.6758 -57.4213 -357.97 -38.4293 61.8832 -293.991 
-38.3722 -122.937 -129.377 -38.282 41.6374 -193.432 -37.9461 28.5576 -371.713 
-37.846 53.1049 -146.531 -37.683 -133.738 -321.471 -37.4739 70.6374 -316.877 
-37.327 -73.4303 110.492 -37.2178 -123.196 -11.9334 -37.1535 -116.29 -63.3189 
-37.0337 -104.456 51.6626 -36.8328 -81.7345 -353.596 -36.7556 -34.4761 181.027 
-36.753 41.5977 -231.989 -36.6862 96.931 30.2149 -36.5079 -124.486 -143.678 
-36.3872 4.24112 -367.965 -35.9991 41.9276 194.462 -35.6831 -105.39 -345.227 
-35.6035 56.857 -133.335 -35.5248 79.4283 -354.721 -35.2444 -46.0903 156.728 
-35.1944 -136.002 -228.05 -34.9146 97.1385 44.6234 -34.8904 44.3849 -179.966 
-34.8744 -125.995 -158.037 -34.7294 -137.798 -242.22 -34.619 -20.0611 -364.119 
-34.5225 -110.754 38.8988 -34.4931 -80.6486 98.1341 -34.2013 -117.321 -77.5046 
-34.0071 -122.163 -25.882 -33.8734 -138.571 -256.441 -33.7881 -127.828 -172.438 
-33.7366 28.1585 198.032 -33.6959 -18.8792 203.923 -33.5721 -134.403 -214.79 
-33.5527 96.5893 58.9508 -33.5266 60.9253 -120.105 -33.5076 66.2872 -374.591 
-33.4262 48.3213 -257.255 -33.2593 -127.187 -333.148 -33.0924 -130.054 -186.724 
-32.798 -44.3764 -359.862 -32.6889 13.7556 200.677 -32.6525 -139.007 -270.68 
-32.4657 95.4171 73.1505 -32.3753 -1.05716 202.666 -32.334 -132.819 -201.21 
-32.3228 -54.5808 144.611 -32.1259 40.4941 -217.274 -31.9548 -115.763 25.549 
-31.8474 -120.077 -91.6802 -31.7308 57.4597 -282.021 -31.7249 -87.4351 85.6092 
-31.7091 41.7055 -373.449 -31.5838 93.5792 87.3183 -31.5562 64.9555 -106.838 
-31.5403 81.0766 -48.6507 -31.4401 -35.6071 194.343 -31.3109 47.416 -166.973 
-31.2329 84.6724 -34.4632 -31.0842 -139.213 -284.707 -30.9379 -68.7008 -355.9 
-30.8153 91.1277 101.462 -30.5311 88.2282 -20.3711 -30.5025 -119.677 -39.7275 
-30.306 66.7122 -304.718 -30.2044 87.9533 115.589 -30.1654 17.2047 -369.712 
-29.7929 69.0301 -93.5492 -29.7734 -123.306 -105.845 -29.6561 77.6911 -341.291 
-29.5356 84.4524 129.721 -29.4413 -62.6642 132.315 -29.3182 91.1638 -6.27644 
-29.2492 -92.8193 -350.09 -29.2018 -119.724 11.9323 -29.1924 -139.254 -298.048 
-28.9349 -93.9708 73.042 -28.8636 80.3315 143.805 -28.5121 -7.08675 -365.901 
-28.3996 74.704 -328.605 -28.3547 75.2975 157.629 -28.1545 40.8126 -203.148 
-28.0178 73.0411 -80.1453 -28.0107 68.6671 170.755 -27.8951 -125.953 -120.093 
-27.788 50.9701 -154.463 -27.6734 93.2488 7.943 -27.5875 44.4961 -242.281 
-27.5377 77.2711 -367.42 -27.4142 -115.804 -339.824 -27.2766 60.4473 182.819 
-27.1496 -118.372 -53.7999 -26.9693 -138.448 -311.648 -26.7478 -31.3876 -361.801 
-26.6722 -41.6739 181.932 -26.3417 -69.9962 119.882 -26.2984 -121.998 -2.10458 
-26.2368 76.4911 -66.699 -26.1317 -100.572 60.5843 -26.004 -127.825 -134.484 
-25.992 -137.585 -218.3 -25.6613 94.547 22.2641 -25.6431 49.5255 192.355 
-25.5627 54.6817 -374.613 -25.2624 54.634 -141.343 -24.9272 -55.6883 -357.808 
-24.7998 52.6327 -267.716 -24.5787 42.6265 -189.273 -24.2804 -129.487 -148.926 
-24.0961 -140.223 -233.128 -24.0007 -118.722 -68.1598 -23.9489 30.199 -371.448 
-23.9301 94.7484 36.4712 -23.6277 -45.9565 168.683 -23.5879 62.5186 -292.559 
-23.5362 -134.034 -324.368 -23.4376 -106.534 47.7928 -23.3945 -76.965 107.336 
-23.3846 36.2083 197.573 -23.2757 79.3792 -54.0307 -23.1928 -122.291 -16.2871 
-23.1057 -79.9737 -353.557 -23.0615 -34.4524 205.177 -23.0339 -141.736 -247.521 
-23.0037 57.9578 -127.903 -22.7275 -130.989 -163.417 -22.6306 41.9436 -227.602 
-22.4906 94.1526 50.6366 -22.4254 -21.6391 207.233 -22.3152 5.80367 -367.797 
-21.691 -141.982 -261.876 -21.6878 79.825 -353.943 -21.5783 -132.981 -177.905 
-21.5054 22.0203 200.652 -21.4981 71.1547 -315.96 -21.3627 -103.548 -345.485 
-21.3054 -120.884 -82.4251 -21.2885 92.9249 64.8294 -21.0415 44.9727 -175.753 
-20.8999 -111.674 34.6413 -20.7829 61.6336 -114.557 -20.7242 -51.8628 155.163 
-20.6705 -83.6439 94.711 -20.6149 -18.476 -363.753 -20.4714 82.38 -41.2514 
-20.2501 -135.433 -192.627 -20.2484 91.3444 78.9639 -20.1908 7.40838 203.16 
-20.0939 -142.317 -276.407 -20.0534 -120.775 -30.3277 -19.4224 67.2067 -373.966 
-19.3908 -43.9369 194.627 -19.2956 85.7924 -27.5045 -19.2375 89.617 93.0817 
-18.9929 -123.94 -96.6474 -18.849 -42.7419 -359.688 -18.8282 65.3959 -101.17 
-18.5583 -125.894 -334.153 -18.426 86.9966 107.159 -18.4006 -7.5808 205.768 
-18.2836 -116.283 21.2921 -18.2279 40.7981 -212.999 -17.9955 -58.8135 141.938 
-17.9592 -89.9336 81.9586 -17.9188 88.6201 -13.5892 -17.8252 47.5635 -250.69 
-17.7628 -142.24 -292.055 -17.6536 43.102 -373.131 -17.6526 83.9425 121.228 
-17.4766 47.9654 -162.692 -17.3094 58.0951 -280.292 -17.2238 -138.354 -208.19 
-17.0277 -67.0033 -355.81 -16.9146 -126.985 -110.891 -16.8791 80.6108 135.251 
-16.8709 -119.364 -44.3625 -16.8659 69.3228 -87.7578 -16.5464 -141.954 -299.626 
-16.3569 78.2261 -340.583 -16.2476 90.8161 0.414816 -16.0984 18.7425 -369.437 
-16.0783 76.678 149.235 -15.5255 -119.224 7.47132 -15.5089 71.4833 162.771 
-15.2731 -91.1329 -350.154 -15.2462 -96.1609 69.227 -15.2182 -66.3728 129.227 
-15.0214 67.0602 -303.356 -15.0186 65.3604 175.826 -14.9843 -129.49 -125.254 
-14.8761 -48.1684 180.675 -14.8677 73.1497 -74.4013 -14.8172 51.3014 -149.403 
-14.4451 -5.58027 -365.684 -14.4407 92.0345 14.4212 -14.4125 40.9274 -198.82 
-14.2871 56.9186 187.76 -13.8496 -119.231 -58.7183 -13.6761 -141.065 -223.808 
-13.5699 -140.445 -313.985 -13.4087 77.7291 -366.355 -13.1665 -131.308 -139.8 
-12.9855 -114.076 -340.428 -12.9721 -24.6317 206.974 -12.9617 44.1791 -236.627 
-12.7092 76.4406 -61.137 -12.7036 -29.8667 -361.658 -12.6463 92.3698 28.3642 
-12.6379 44.7893 196 -12.585 -120.713 -6.65268 -12.5119 -102.241 56.5193 
-12.3575 54.4412 -135.899 -12.2207 -73.2153 116.477 -12.1204 -142.978 -238.491 
-12.1113 54.049 -269.114 -11.5342 75.0123 -327.691 -11.4658 -132.806 -154.378 
-11.4511 55.8621 -374.293 -11.0772 91.9701 42.3851 -10.8652 -54.1223 -357.691 
-10.8328 42.4986 -184.833 -10.7624 -120.7 -73.2573 -10.621 -143.952 -252.939 
-10.4611 30.6683 200.215 -10.3515 79.6156 -48.0592 -10.0405 57.8406 -122.402 
-10.0085 -134.641 -168.986 -9.90269 -50.9791 166.093 -9.8627 -107.52 43.4886 
-9.80482 31.5959 -371.104 -9.80012 90.7311 56.4653 -9.5989 -40.1869 203.838 
-9.58935 -120.243 -20.9079 -9.46013 -134.815 -326.579 -9.43267 -79.6727 103.699 
-9.10629 -78.3143 -353.46 -8.87471 -144.324 -267.655 -8.7291 62.7554 -290.719 
-8.66095 89.2116 70.5222 -8.65418 -136.341 -183.729 -8.47828 41.6254 -222.683 
-8.44729 16.2599 203.071 -8.34871 82.8269 -34.7299 -8.24892 7.3012 -367.513 
-8.12995 -123.407 -87.5864 -7.84365 61.3784 -108.952 -7.69076 50.4697 -258.1 
-7.5863 87.711 84.6025 -7.41645 80.4822 -353.205 -7.40058 45.0605 -171.188 
-7.31587 -112.165 30.2469 -7.17325 -101.92 -345.888 -6.75527 -85.8081 90.8541 
-6.67148 85.8765 -21.1106 -6.62046 -144.422 -283.556 -6.60691 -50.6674 192.784 
-6.60262 -119.278 -35.0127 -6.54673 -17.0021 -363.542 -6.47479 86.1744 98.697 
-6.37451 -138.305 -198.92 -6.27496 -55.3825 151.653 -6.07917 1.61918 204.818 
-6.02627 71.4756 -314.804 -5.82065 -126.359 -101.867 -5.75097 65 -95.4564 
-5.50874 83.6639 112.702 -5.26737 68.4297 -373.88 -4.93183 88.395 -7.35699 
-4.74869 -115.679 16.6721 -4.72975 -41.2766 -359.684 -4.54229 80.6585 126.641 
-4.47493 40.7334 -208.466 -4.46277 48.1572 -157.715 -4.32671 -124.37 -335.049 
-4.13954 -91.8014 77.983 -3.73935 77.5065 140.642 -3.72862 -61.9289 138.176 
-3.72047 -129.139 -116.22 -3.60997 69.0924 -82.1477 -3.54013 44.3821 -372.788 
-3.5351 -143.57 -300.084 -3.40662 -118.999 -49.401 -3.31538 -140.615 -214.425 
-3.26281 46.7929 -245.608 -3.12468 90.0087 6.48067 -3.05015 62.3557 180.368 
-2.93851 58.2769 -278.323 -2.92037 -65.4517 -355.66 -2.91632 -13.6991 205.573 
-2.77012 73.447 154.46 -2.06685 -117.819 2.7766 -2.03485 68.4705 167.856 
-2.02556 20.1549 -369.223 -1.98267 52.8814 191.527 -1.97725 78.4951 -339.898 
-1.7765 50.8935 -144.03 -1.76251 -131.243 -130.726 -1.51815 72.9779 -68.877 
-1.50187 -97.6884 65.1381 -1.27086 90.7855 20.2833 -1.20477 -89.4934 -350.394 
-1.20225 -142.791 -229.226 -1.00336 -69.1434 125.369 -0.850459 40.9067 -194.338 
-0.462066 -52.5781 177.263 -0.350234 -4.16844 -365.412 -0.013583 -119.758 -64.1363 
-0.000435 -132.958 -145.352 0.083101 -140.789 -315.56 0.134004 67.058 -301.35 
0.144386 39.8823 198.285 0.508576 90.5509 34.1699 0.508968 -144.384 -243.745 
0.612993 53.9331 -130.345 0.626706 76.4267 -55.6492 0.711374 -118.779 -11.2933 
0.725032 -29.486 204.843 0.775083 79.3459 -366.048 1.14171 -103.252 52.2207 
1.14956 -112.369 -340.868 1.19539 43.5488 -232.333 1.43842 -28.4803 -361.603 
1.59901 -134.695 -160.06 1.83928 -75.7734 112.607 1.94627 53.7505 -266.605 
2.00181 89.524 48.1552 2.30683 -145.116 -258.552 2.61951 79.6694 -42.3098 
2.67095 25.9324 202.282 2.68921 57.0775 -374.116 2.73422 42.6503 -180.19 
2.82098 -121.74 -78.6903 3.06083 57.925 -116.976 3.06452 -136.19 -174.819 
3.16336 75.3873 -326.866 3.26025 88.0495 62.1689 3.26025 -52.6472 -357.531 
3.52444 -118.311 -25.5071 3.75503 -108.274 39.1767 3.90268 -44.5925 200.794 
4.25181 32.9551 -370.8 4.38864 -145.4 -273.712 4.42234 87.0497 76.2449 
4.47941 -81.9327 99.72 4.48473 82.7795 -28.8254 4.55344 -133.606 -327.807 
4.74833 -137.445 -189.748 4.95064 -76.7508 -353.441 5.08593 67.0839 170.85 
5.25276 11.4078 203.751 5.27689 -124.679 -93.0078 5.36227 61.4907 -103.501 
5.46628 41.5206 -218.301 5.47087 -53.6598 161.623 5.60327 86.1738 90.317 
5.8377 45.8065 -166.463 5.85355 8.64336 -367.235 6.23788 62.4213 -287.928 
6.25131 -112.206 25.7628 6.35843 85.8265 -15.3027 6.40872 49.8716 -254.563 
6.72552 80.8004 -352.112 6.77927 84.2624 104.297 6.81101 -118.052 -39.9587 
6.83626 -100.173 -346.032 7.03283 -145.226 -289.107 7.04944 -52.8814 188.51 
7.08259 -87.7953 86.7645 7.3253 -139.145 -205.07 7.52201 65.4521 -90.1114 
7.53262 -127.684 -107.346 7.59881 -15.6705 -363.256 7.87792 59.6901 184.578 
7.88863 -57.6307 147.128 7.89973 81.715 118.241 7.93199 -3.18765 203.991 
8.21257 88.2695 -1.61512 8.65217 71.3813 -313.546 8.67049 48.7902 -152.676 
8.68381 -115.076 12.1287 8.92216 69.7871 -373.664 9.00685 -52.8211 173.999 
9.02391 79.0037 132.219 9.16472 41.0716 -204.002 9.45288 -39.9315 -359.51 
9.58722 -122.534 -335.522 9.59296 -130.274 -121.772 9.60404 -141.406 -219.817 
9.64389 69.9738 -76.9543 9.67027 -93.4746 73.8019 10.1196 89.8489 12.122 
10.1379 -144.169 -304.445 10.1704 49.8464 195.901 10.2349 76.0707 146.304 
10.4503 -64.2226 133.75 10.5556 45.6731 -372.418 10.8848 -18.1153 203.558 
10.8868 45.9356 -241.808 11.0954 -116.875 -1.73434 11.19 -64.0012 -355.504 
11.3149 51.6658 -138.895 11.3789 57.6795 -275.591 11.4782 -132.266 -136.367 
11.6596 -118.523 -55.3805 11.6629 -143.613 -234.4 11.7137 73.9143 -63.7304 
12.0182 90.4266 25.9123 12.082 21.4603 -368.85 12.1563 71.2737 160.078 
12.2275 78.6434 -339.12 12.2638 -99.0648 60.8522 12.7602 41.9131 -189.731 
12.8095 -87.8081 -350.328 13.0465 -71.4953 121.222 13.1805 -133.729 -151.13 
13.2079 35.8506 200.836 13.5979 -117.487 -15.8351 13.6916 -144.949 -248.898 
13.6928 77.413 -50.4129 13.7715 89.6942 39.8339 13.7971 -2.92011 -365.126 
13.8002 55.1603 -125.25 13.8995 -140.337 -318.412 14.0752 -33.1493 202.267 
14.2062 -120.111 -69.9427 14.7265 -135.201 -165.935 14.8354 -104.605 47.9568 
14.9845 79.9898 -364.453 15.0089 -110.601 -341.335 15.296 88.9486 53.8242 
15.3375 43.1033 -228.051 15.6095 66.1369 -297.675 15.6149 80.8953 -37.0183 
15.6437 -27.2069 -361.259 15.707 -77.9553 108.437 15.7651 -145.339 -263.646 
15.994 53.2438 -263.47 16.0139 -117.104 -30.0624 16.0634 44.4202 -175.6 
16.1813 59.6479 -111.968 16.2451 21.6262 202.317 16.2901 -136.414 -180.765 
16.5312 65.5416 175.012 16.5608 -117.466 -43.883 16.5779 88.058 67.9163 
16.6031 -122.483 -84.433 16.7854 58.2624 -373.86 17.3305 -109.471 34.8701 
17.4179 75.5793 -326.355 17.4267 -47.0628 197.043 17.438 -51.3051 -357.329 
17.5656 84.2252 -23.5569 17.7813 87.5392 82.0156 18.0242 -145.358 -278.71 
18.1751 -131.943 -329.171 18.2307 -137.489 -195.705 18.3006 -84.0447 95.5491 
18.3632 34.2321 -370.46 18.4758 -53.064 170.735 18.538 63.4079 -98.5511 
18.7781 -52.0141 184.43 18.7986 7.25211 202.422 18.8615 -125.535 -98.7623 
19.0083 47.6833 -161.744 19.0405 86.1459 96.0247 19.0588 -75.2332 -353.279 
19.3093 41.9774 -213.627 19.5277 87.1431 -9.95746 19.6303 -54.39 156.103 
19.6778 -113.159 21.4515 19.8851 57.815 189.048 19.9905 9.83673 -366.869 
20.2394 84.3168 110.02 20.4994 -139.26 -210.525 20.5027 48.8711 -250.983 
20.6492 67.9651 -85.4032 20.7314 -145.038 -293.558 20.787 -98.574 -346.523 
20.854 61.3383 -284.828 20.8694 -89.6997 82.5213 20.9454 80.7804 -350.859 
21.0034 -128.493 -113.142 21.36 -7.1001 202.083 21.4335 81.749 123.962 
21.4569 89.3417 3.7934 21.7751 51.0499 -147.972 21.7756 -59.7632 142.344 
21.8228 -14.4788 -362.953 21.9028 -115.681 7.76671 22.0899 72.0689 -315.383 
22.6098 79.1735 137.999 22.6932 72.3348 -72.2351 22.7615 -141.773 -225.04 
22.8432 42.2575 -199.308 22.9489 -130.856 -127.619 23.0694 70.8748 -371.939 
23.16 -120.752 -336.312 23.4143 90.8557 17.565 23.421 -95.4718 69.6073 
23.5154 45.843 197.846 23.6806 -38.6662 -359.21 23.8237 -143.689 -307.734 
24.0294 -117.126 -6.12047 24.2044 -21.3558 201.463 24.2146 75.6462 151.948 
24.3408 -66.7692 129.495 24.4149 54.5804 -134.306 24.612 76.0646 -58.9382 
24.6765 46.9985 -372.077 24.7088 -132.569 -142.222 24.9905 -143.882 -239.41 
24.9922 45.3602 -237.531 25.3297 91.3568 31.4278 25.3458 -62.6448 -355.329 
25.541 56.5785 -272.666 25.9664 -101.287 56.7559 26.0537 -117.439 -20.2688 
26.1281 68.6962 -305.484 26.1862 44.2232 -185.079 26.2289 22.6154 -368.568 
26.3092 -133.784 -157.021 26.3107 -116.879 -47.8072 26.423 78.5039 -338.161 
26.5273 79.6857 -45.5635 26.5489 70.7223 165.825 26.6456 -118.461 -61.6619 
26.886 -86.3171 -350.769 26.9477 58.3867 -120.75 26.9601 -73.4517 116.779 
26.9768 91.339 45.4528 27.0849 -116.827 -34.3207 27.2068 -144.682 -253.838 
27.2069 31.7595 200.643 27.5358 -138.879 -320.46 27.7165 -35.3349 199.616 
27.8844 -135.188 -171.793 28.004 -1.78853 -364.827 28.312 -120.619 -75.9486 
28.4122 -106.652 43.7763 28.4773 91.0519 59.5549 28.5228 83.1798 -32.0416 
28.7198 -108.926 -341.884 29.2147 81.2238 -362.826 29.2719 47.161 -171.07 
29.335 62.5619 -107.355 29.3883 43.3357 -223.254 29.4984 -144.649 -268.422 
29.5194 -79.7589 103.964 29.5868 -136.186 -186.613 29.7893 63.8971 179.715 
29.8515 90.4177 73.6631 29.8881 -25.9942 -360.919 30.067 51.9322 -260.23 
30.2748 17.5383 200.715 30.3541 -123.329 -90.3203 30.533 64.5557 -294.167 
30.5798 86.4711 -18.4422 30.7073 -111.505 30.6611 30.9451 -47.6292 192.827 
30.9812 60.2221 -373.318 31.17 89.3659 87.7521 31.2467 -50.9515 179.127 
31.4637 -129.979 -330.346 31.4661 75.5578 -326.063 31.5046 -51.4109 164.542 
31.5986 66.8555 -94.1077 31.6138 -137.457 -201.294 31.6614 -50.0668 -357.216 
31.8967 -144.319 -283.061 32.0574 -85.7585 91.0574 32.1604 3.6289 200.448 
32.1661 50.5597 -157.245 32.4487 -126.474 -104.627 32.4562 87.8236 101.786 
32.4911 35.4202 -370.287 32.6472 89.2589 -4.73385 32.8439 -115.282 17.2321 
33.1071 42.849 -208.792 33.2275 -55.5556 150.604 33.2328 -73.8359 -353.288 
33.4803 54.6862 191.97 33.6742 86.0187 115.835 33.7066 71.0943 -80.8276 
33.8331 -139.632 -215.692 34.0593 -10.1856 200.135 34.1805 10.8857 -366.633 
34.4119 -128.99 -119.078 34.5668 -143.557 -296.998 34.5871 -91.7968 78.2299 
34.5982 47.6616 -246.984 34.6396 -97.1443 -347.067 34.6732 91.3377 9.06437 
34.74 -117.749 3.5907 34.9167 54.1068 -143.497 34.9455 83.4201 129.803 
35.0235 59.6533 -281.81 35.2651 80.5207 -349.535 35.5874 74.8682 -67.5038 
35.7541 -62.1662 137.664 35.9602 71.9103 -314.746 36.0858 -13.343 -362.771 
36.1236 -141.569 -230.087 36.2062 -130.919 -133.643 36.2992 80.3843 143.765 
36.3736 44.1616 -194.492 36.5632 -118.991 -337.038 36.6393 92.8689 22.9039 
36.6398 -118.75 -10.5181 37.092 -97.8289 65.4223 37.2476 74.3765 -371.707 
37.2786 78.454 -54.19 37.3298 -23.7041 198.984 37.5475 -141.337 -310.349 
37.591 57.7264 -129.826 37.619 41.8954 198.044 37.8254 -132.059 -148.265 
37.9237 -37.4915 -359.013 38.0525 76.1749 157.517 38.2774 -68.7242 124.848 
38.4392 -143.092 -244.456 38.474 93.7224 36.9046 38.5917 -118.32 -25.0573 
38.7861 48.3541 -371.833 39.3192 82.0361 -40.7207 39.3868 44.5124 -232.843 
39.4053 -133.307 -162.931 39.529 46.6081 -180.405 39.534 -103.719 52.5932 
39.58 -61.4147 -355.13 39.6255 54.8464 -269.394 39.7134 -117.138 -39.3533 
39.8582 -116.984 -53.5198 40.1195 94.3388 51.0303 40.1846 61.5612 -116.254 
40.2997 -136.285 -322.216 40.3428 67.7438 -303.101 40.3609 70.2676 171.064 
40.3683 23.613 -368.36 40.3743 -118.536 -67.721 40.7226 -143.142 -258.938 
40.7551 -74.9511 111.985 40.8119 78.5667 -336.978 40.9239 -85.2036 -350.538 
41.0027 -134.407 -177.565 41.3273 -36.6287 195.849 41.4745 85.3753 -27.0947 
41.5169 27.7312 198.953 41.6562 94.2691 65.1973 41.8395 -109.179 39.6248 
42.003 -120.972 -82.0161 42.1445 -107.617 -342.335 42.2734 -0.738333 -364.765 
42.5584 49.8507 -166.52 42.6535 65.642 -102.81 42.7283 0.846991 198.621 
42.7286 -47.5477 171.446 42.8287 -135.14 -192.183 43.1255 -142.497 -273.42 
43.1528 93.5233 79.3396 43.239 -81.2341 99.2048 43.4253 43.2677 -218.232 
43.462 -45.8746 185.942 43.5012 62.0991 183.636 43.6603 88.7522 -13.4304 
43.8138 81.235 -360.876 43.8912 -123.608 -96.3146 43.9366 -114.099 26.448 
44.164 -24.8662 -360.698 44.1812 49.7945 -256.4 44.3203 -50.6335 157.805 
44.4935 -128.449 -331.36 44.5322 62.7961 -290.988 44.5331 92.1533 93.4688 
44.8739 -136.585 -206.551 45.0037 69.7457 -89.405 45.1264 61.7422 -372.759 
45.4331 53.1301 -152.737 45.4874 75.0282 -324.994 45.6621 -141.488 -287.493 
45.6976 13.3473 198.219 45.7195 -117.726 12.9653 45.7271 -87.5023 86.4637 
45.8009 91.5302 0.355729 45.8247 90.4508 107.571 45.8477 -126.444 -110.674 
45.872 -12.7333 197.663 45.9011 -48.9321 -357.017 46.5684 36.3767 -369.98 
46.7883 43.8114 -203.727 47.0139 -56.7212 145.085 47.0711 -138.105 -220.897 
47.1043 88.2616 121.617 47.1401 73.4277 -75.904 47.2223 -119.86 -0.774155 
47.4031 -72.9371 -352.848 47.5172 51.3415 193.044 47.6262 -128.373 -125.207 
47.8553 93.8234 14.2075 48.2237 -93.8797 73.8107 48.2245 56.3356 -138.955 
48.3674 -140.241 -300.86 48.3732 -96.5627 -346.846 48.3949 85.5567 135.618 
48.4329 11.8647 -366.511 48.4916 76.8435 -62.6646 48.7814 57.6828 -278.443 
49.2008 -120.227 -15.4173 49.2045 -129.465 -139.808 49.3044 45.6284 -242.287 
49.3527 -139.422 -235.243 49.6 -63.425 132.406 49.7382 95.7592 28.1923 
49.7525 -118.055 -337.253 49.8615 45.392 -189.589 49.895 80.4071 -49.4707 
49.914 70.8547 -312.778 49.9206 81.9014 149.433 49.9549 80.6847 -347.889 
50.384 -12.2745 -362.704 50.4949 -25.5723 195.755 50.6771 -130.209 -154.354 
50.6958 -100.196 61.1195 50.8587 -137.662 -313.349 51.0055 59.7644 -125.193 
51.4417 -134.764 -321.962 51.5181 97.1919 42.2837 51.627 -139.853 -249.657 
51.7537 38.0129 197.282 51.8241 76.5178 162.718 51.8746 75.5201 -370.609 
52.0055 -69.7065 119.585 52.1852 83.6521 -35.8402 52.1963 -36.4085 -358.887 
52.2241 -131.155 -168.761 52.7892 -118.761 -30.9403 52.8264 49.2418 -371.408 
52.8978 47.8962 -175.552 53.0246 -106.187 48.315 53.0768 -41.7869 176.125 
53.1195 -116.391 -59.5579 53.2282 -116.995 -45.2596 53.238 97.9468 56.4612 
53.3516 -1.7773 196.282 53.4036 52.4323 -265.521 53.5982 -36.9419 188.56 
53.7224 -60.3642 -354.878 53.7651 63.4928 -111.516 53.7752 -131.617 -183.254 
53.7849 -117.992 -73.9017 53.9899 69.318 175.591 53.9985 -139.53 -264.1 
54.0465 43.3716 -227.501 54.0698 -44.8855 163.395 54.1074 66.0574 -300.466 
54.4075 -76.0985 106.914 54.5271 87.3616 -22.236 54.5783 24.4963 -368.035 
54.9389 77.5912 -335.163 54.9928 97.8284 70.7087 54.9991 -107.608 -342.179 
55.1535 -111.762 35.2929 55.288 -85.3323 -350.164 55.3731 -120.356 -88.1622 
55.6881 -132.451 -197.621 55.9039 51.0081 -161.742 55.966 23.6731 196.813 
56.4726 67.337 -97.8746 56.5195 -138.581 -278.332 56.5878 0.306057 -364.572 
56.5929 96.9734 84.9629 56.8155 90.616 -8.47466 56.8619 -82.6185 94.3238 
56.96 -116.596 22.0188 57.1523 -122.801 -102.477 57.3875 60.1111 186.904 
57.5418 42.973 -212.827 57.78 -133.54 -211.952 57.9401 95.295 99.1771 
58.218 60.7319 -287.847 58.2363 -49.8163 151.695 58.4009 -119.647 8.38926 
58.472 -23.8333 -360.709 58.5561 -127.531 -329.668 58.671 47.2766 -251.761 
58.7161 -15.1525 193.993 58.8009 53.9801 -147.923 58.8265 81.9413 -359.381 
58.8829 -124.723 -116.929 58.9878 93.9191 5.3057 59.1493 62.378 -372.326 
59.1589 -137.175 -292.177 59.2175 -120.96 -5.39512 59.2218 93.1777 113.324 
59.3315 -89.2071 81.7853 59.3418 71.2892 -84.1592 59.4692 -120.411 -19.6229 
59.4747 73.6443 -322.756 59.9613 78.1723 -58.4318 59.9858 -134.49 -226.209 
60.1079 -47.9322 -356.794 60.3383 -125.677 -131.496 60.3702 43.6668 -198.539 
60.4181 -118.267 -336.409 60.4217 90.6765 127.471 60.683 37.0338 -369.568 
60.6892 -57.0497 139.373 60.9748 9.11263 195.153 61.0554 96.8468 19.2134 
61.4272 -72.1205 -352.811 61.5928 -125.972 -146.015 61.6451 48.0971 194.412 
61.6699 57.0212 -134.073 61.7459 -135.477 -305.73 61.8162 87.2086 141.368 
61.8182 -95.7711 69.1999 61.8664 -25.9088 188.11 62.3452 81.5369 -44.8106 
62.3929 -97.6673 -346.306 62.3952 -135.482 -240.51 62.4975 -132.806 -318.302 
62.5751 -32.9606 178.868 62.7423 12.8727 -366.06 62.8282 55.1502 -274.912 
62.8675 -38.9298 167.597 62.889 -126.289 -160.385 62.9476 99.0894 33.3119 
63.0444 -63.6868 126.733 63.1522 45.0249 -184.369 63.3402 75.005 -69.9127 
63.5296 82.2877 154.777 63.56 68.972 -310.147 64.2162 -102.242 56.59 
64.2723 -126.519 -174.634 64.3591 79.5338 -345.73 64.5167 -135.158 -254.893 
64.6151 60.3569 -120.268 64.7289 -11.2655 -362.532 64.8541 100.575 47.4728 
65.0609 85.0617 -31.0853 65.4028 75.4598 167.365 65.4549 -70.1419 114.078 
65.7934 -114.862 -65.923 65.8199 33.9786 195.639 65.9701 -126.842 -188.938 
66.1043 47.3459 -170.408 66.1983 -115.872 -51.6279 66.3828 43.412 -236.118 
66.4327 -108.494 43.8212 66.4924 -35.4271 -358.737 66.4967 75.4366 -369.89 
66.6756 -115.925 -80.2486 66.7094 49.5216 -371.07 66.817 101.032 61.8168 
66.8767 49.6983 -261.58 66.9134 -134.65 -269.2 66.9448 -5.31366 192.22 
67.3901 63.6178 -297.41 67.4291 -117.976 -37.7294 67.6029 88.8484 -17.4226 
67.6824 63.7861 -106.37 67.7126 66.9382 178.991 67.7708 -59.4461 -354.783 
67.9101 -76.8856 101.644 67.9386 -127.599 -203.194 68.0033 -109.025 -341.172 
68.173 -117.89 -94.5021 68.3483 -113.935 30.665 68.5546 100.846 76.2465 
68.8537 25.2914 -367.585 69.0023 75.7131 -332.766 69.0495 45.2265 -248.287 
69.0896 50.0433 -156.535 69.0986 -119.992 -24.1753 69.1538 41.9535 -221.679 
69.511 -133.592 -283.358 69.7836 -119.769 -108.872 69.8675 -118.337 17.2177 
69.9628 92.6941 -3.75809 70.0308 99.6846 90.6235 70.1392 -128.564 -217.371 
70.1878 19.5183 194.082 70.3852 -83.738 89.2695 70.5375 -121.341 -10.4718 
70.5784 -87.6217 -349.417 70.7259 -120.865 3.412 70.9731 1.31005 -364.151 
70.9851 67.855 -92.5083 71.1787 -120.866 -123.342 71.2285 78.6342 -54.1951 
71.2429 -18.7034 185.313 71.3479 41.5386 -207.38 71.3746 56.9047 188.932 
71.3937 97.4961 104.881 71.8923 -119.376 -334.412 72.0419 -49.1914 145.663 
72.0544 52.9267 -142.704 72.0611 -132.057 -297.423 72.2301 -121.016 -137.808 
72.2476 96.7213 9.92436 72.292 57.6303 -284.365 72.3405 -39.4859 158.901 
72.3772 -129.361 -231.592 72.5578 -30.1921 171.602 72.7206 94.8631 119.022 
72.7731 62.0717 -371.759 72.8176 -22.8463 -360.53 72.8645 -90.528 76.8401 
72.9007 70.9434 -320.023 73.199 -120.765 -152.14 73.4453 79.258 -356.881 
73.6269 42.0283 -193.092 73.9049 -127.155 -324.638 74.0323 -56.7431 133.294 
74.0615 91.6598 133.036 74.094 -130.503 -311.414 74.2281 -120.297 -166.337 
74.2946 -46.998 -356.64 74.4722 99.6755 23.9954 74.5644 -129.776 -245.807 
74.7471 37.3523 -369.15 74.9283 71.4688 -78.2478 74.9511 -70.7556 -352.782 
74.9889 82.1936 -40.148 75.1017 56.1101 -128.891 75.1584 5.33802 191.276 
75.3241 -97.2106 64.3324 75.5839 86.9906 146.576 75.5932 43.9589 193.844 
75.6652 -120.212 -180.466 76.1549 43.2288 -178.921 76.3614 -63.5559 120.863 
76.5225 101.481 38.3234 76.5303 65.7887 -307.254 76.8119 -129.52 -260.058 
77.0363 -99.9395 -345.071 77.1369 13.8231 -365.605 77.2119 80.7243 159.363 
77.5923 -120.676 -194.646 77.6322 51.3158 -270.646 77.679 -103.981 51.8154 
77.9143 -111.678 -72.4672 78.0378 86.0094 -26.3767 78.1627 -112.437 -58.1719 
78.3245 59.545 -115.048 78.3948 76.3719 -343.154 78.6955 102.458 52.6971 
78.8216 -70.4917 108.549 78.8799 72.6788 170.835 78.901 -112.578 -86.7429 
79.0216 45.1527 -164.975 79.1394 -10.2619 -362.19 79.4737 -128.957 -274.338 
79.5524 -114.975 -44.2905 79.5749 -8.00503 185.418 79.588 60.127 -294.561 
79.6716 29.8322 193.217 79.7111 -109.71 38.7548 79.7531 46.1782 -257.355 
79.7562 -121.629 -208.766 79.7622 75.0331 -63.7016 80.1904 -79.6505 -351.032 
80.2387 49.433 -370.498 80.3194 -114.155 -100.981 80.7384 90.0046 -12.6761 
80.7458 102.51 67.183 80.8102 -34.4796 -358.436 80.9101 42.4687 -243.939 
80.9667 73.3232 -367.526 81.0883 54.5178 -281.896 81.107 -117.959 -30.5545 
81.2475 63.5127 181.213 81.3473 -77.6146 96.3577 81.436 -114.939 25.4253 
81.6298 -115.289 -115.356 81.6467 62.9391 -101.055 81.7262 -58.5866 -354.505 
81.8082 40.4065 -230.077 81.947 -19.6417 175.453 81.9622 -111.181 -339.37 
82.0144 47.6786 -151.144 82.0372 -122.654 -222.86 82.0578 -127.852 -288.662 
82.2276 71.7063 -330.086 82.3635 -120.34 -16.7482 82.3647 101.927 81.714 
82.5813 -115.489 -129.761 82.7147 -119.192 11.7568 82.9536 39.1441 -215.911 
83.0248 -29.7952 163.441 83.0678 -121.098 -2.44765 83.2397 25.864 -367.164 
83.2689 -114.862 -144.031 83.2849 94.1789 0.95725 83.7631 -39.9437 151.384 
83.8226 -84.5305 84.0219 83.8404 100.352 96.1059 83.9865 16.0623 190.502 
84.0346 -113.994 -158.12 84.1417 -123.344 -236.879 84.1707 78.5178 -49.3736 
84.3049 -126.556 -303.149 84.4581 38.831 -201.681 84.9452 -120.624 -330.689 
85.075 52.9382 189.688 85.0925 61.6147 -370.095 85.1211 -113.163 -172.091 
85.1293 50.6873 -137.352 85.2324 -48.8487 139.384 85.2456 97.7818 110.324 
85.3213 66.6417 -86.9425 85.5102 2.26064 -363.76 85.6693 -125.085 -317.547 
85.7 66.8745 -317.172 85.7546 97.9778 14.8013 85.9765 -90.2727 -348.094 
86.2605 -123.547 -250.933 86.3167 -91.3523 71.5958 86.3958 38.9379 -187.442 
86.6497 94.6213 124.376 86.807 -112.992 -186.185 87.2474 -21.8506 -360.053 
87.313 -56.4152 127.232 87.4891 75.1084 -354.092 87.8409 82.3585 -35.4918 
88.0149 90.6642 138.19 88.1518 2.80994 185.455 88.1597 100.752 28.9773 
88.436 -46.0947 -356.268 88.4653 54.1043 -123.587 88.5711 -69.7731 -352.538 
88.5953 61.6365 -304.374 88.6589 39.7308 -173.255 88.7282 -98.009 59.0778 
88.7406 37.6397 -368.71 88.9063 -123.384 -265.195 89.0727 -113.8 -200.287 
89.2371 40.0444 192.492 89.2988 70.4749 -72.7042 89.3885 -107.045 -79.1097 
89.3984 84.7566 151.201 89.5369 -107.782 -64.8643 89.6783 -63.7031 115.136 
89.8846 51.4054 -279.427 89.9451 56.1623 -291.886 90.3553 -107.851 -93.3421 
90.5176 102.214 43.394 90.6435 77.4393 163.097 90.7557 -110.274 -50.8397 
90.9042 46.1531 -266.38 90.9247 -104.179 46.2881 91.0633 86.3201 -21.7173 
91.3617 -114.813 -214.304 91.3702 -9.33216 177.654 91.3705 41.3451 -159.297 
91.4577 71.2182 -340.324 91.5587 -101.903 -343.589 91.5727 -108.941 -107.59 
91.7108 -122.712 -279.632 91.7843 57.2951 -109.657 91.8119 14.5776 -365.163 
92.0204 68.8256 173.331 92.1491 -70.8826 103.018 92.3296 -113.581 -37.0715 
92.3531 41.7983 -252.765 92.3595 -109.157 -121.921 92.7259 102.533 57.8852 
92.8271 -109.692 33.0692 93.0249 -108.623 -136.104 93.0309 49.2574 -369.657 
93.3349 74.0514 -58.5449 93.4111 -20.1172 167.281 93.5351 -115.966 -228.21 
93.5368 26.4164 191.349 93.5651 38.3591 -238.819 93.7068 -9.23566 -361.655 
93.7204 -107.661 -150.094 93.9364 90.0742 -7.8423 94.1142 59.564 182.33 
94.119 58.283 -367.515 94.1365 -117.226 -23.467 94.253 -121.914 -294.17 
94.301 36.1049 -224.612 94.3882 -114.631 19.4552 94.4817 43.8232 -145.562 
94.5945 -80.2761 -350.231 94.6333 -77.9273 90.7946 94.676 102.24 72.4139 
94.8016 66.3962 -327.229 94.8209 -106.468 -163.79 94.9258 -30.3829 156.192 
95.0431 -33.4981 -358.071 95.205 60.7177 -95.6551 95.207 67.3086 -365.373 
95.2402 34.8933 -210.221 95.2432 -118.848 -9.32376 95.3 -116.949 -241.893 
95.3738 -118.1 5.32321 95.7134 -57.8189 -354.021 95.7243 -113.011 -336.168 
96.2929 -105.772 -177.715 96.3101 -121.188 -309.007 96.3311 101.223 87.0022 
96.4894 -40.0576 144.88 96.5329 34.0871 -195.849 96.6883 94.0627 5.89385 
97.1189 -84.8831 78.4853 97.1602 77.4772 -44.5173 97.2424 -119.579 -323.786 
97.6074 13.2013 186.917 97.7426 61.5519 -314.38 97.7982 -117.153 -255.959 
97.8193 26.568 -366.684 97.8494 49.1253 188.007 97.8575 98.9894 101.339 
97.9086 47.165 -131.945 98.064 33.8142 -181.456 98.2454 -105.799 -191.861 
98.3918 -48.5693 133.2 98.8573 64.5968 -81.5234 99.2994 96.1027 115.485 
99.382 97.5336 19.8379 99.5586 -91.4148 65.9334 99.9019 56.4702 -301.461 
100.061 -101.544 -71.6291 100.097 34.3468 -167.272 100.148 -101.203 -85.8594 
100.155 68.608 -351.101 100.352 3.24514 -363.201 100.563 -56.382 121.331 
100.612 92.4923 129.436 100.628 -91.9034 -346.95 100.641 -106.462 -205.952 
100.75 51.1041 -288.717 100.769 81.3722 -30.8143 100.792 -116.817 -270.329 
100.966 -101.766 -100.076 101.051 0.817594 179.855 101.227 50.3238 -118.125 
101.275 -103.888 -57.543 101.657 45.3894 -275.619 101.692 -20.8047 -359.607 
101.726 87.5719 142.922 101.792 -102.159 -114.313 101.861 -97.534 53.2295 
101.98 99.8544 34.0742 102.193 -101.791 -128.515 102.497 -69.5349 -351.844 
102.519 -45.2849 -355.772 102.634 36.8725 189.627 102.647 68.398 -67.3595 
102.758 38.3852 -367.941 102.778 80.7348 155.294 102.823 -101.059 -142.47 
102.832 -63.8711 109.329 103.032 36.1142 -153.422 103.106 -107.291 -219.953 
103.155 -107.256 -43.7475 103.204 40.0969 -261.826 103.621 -10.495 170.689 
103.691 72.6779 166.23 103.759 -116.334 -284.892 103.848 64.5426 -337.45 
103.909 -103.132 40.1154 104.06 85.0256 -16.9309 104.082 -99.6383 -155.926 
104.336 64.1726 175.069 104.394 100.798 48.4766 104.587 53.6069 -104.209 
104.724 35.5276 -247.683 105.1 -110.75 -30.1767 105.226 -71.0397 97.2185 
105.329 32.2761 -233.415 105.386 56.0013 181.725 105.533 -98.3383 -169.443 
105.595 -108.267 26.5542 105.612 -21.1553 160.471 105.756 50.1869 -367.406 
105.848 30.157 -218.808 105.915 -103.954 -340.802 105.944 61.4943 -361.496 
105.975 -110.564 -246.624 106.362 71.8448 -53.3549 106.45 -116.004 -299.602 
106.493 38.8976 -139.831 106.497 100.885 63.0196 106.507 -114.029 -16.669 
106.609 28.767 -204.171 106.851 15.6948 -364.886 106.864 -112.543 12.5074 
106.917 -107.616 -234.339 106.962 59.5751 -324.343 107.062 23.5752 187.492 
107.086 88.6895 -2.99036 107.126 27.3626 -189.619 107.147 -97.9327 -183.461 
107.181 -114.616 -2.14634 107.584 -30.9572 149.741 107.74 -77.9274 85.0124 
108.058 57.3825 -90.1471 108.373 -8.09711 -361.458 108.397 100.078 77.6107 
108.423 -115.413 -314.748 108.432 27.0319 -175.224 108.77 -112.86 -329.776 
109.166 -110.36 -260.909 109.186 -81.3183 -349.336 109.221 -32.6163 -357.518 
109.365 54.7041 -311.413 109.473 -98.1169 -197.592 109.526 -39.9939 138.586 
109.64 -57.3817 -353.613 109.89 41.9804 -126.184 109.936 -94.5094 -78.5093 
109.949 46.916 184.849 109.958 75.1438 -39.5411 110.05 92.4462 10.8202 
110.152 98.5375 92.1262 110.206 -94.2558 -92.7031 110.225 -84.3693 72.5289 
110.585 -94.2623 -106.894 110.627 -95.9342 -64.3122 110.718 49.8459 -298.293 
110.767 27.7687 -161.129 110.836 10.8037 182.006 110.89 -94.1483 -121.08 
111.452 -93.9479 -135.203 111.486 -48.4185 127.045 111.548 44.2761 -285.14 
111.607 61.3778 -75.8784 111.71 95.9762 106.436 111.982 60.7039 -348.082 
111.99 -93.0471 -149.057 112.359 -98.5009 -211.733 112.401 -109.942 -275.331 
112.644 28.3218 -366.659 112.682 -90.3477 59.8774 112.849 95.2527 24.9042 
112.911 -98.8009 -50.406 113.154 92.8284 120.523 113.257 45.1163 -112.377 
113.465 78.6067 -25.78 113.507 -56.3844 115.239 113.698 -0.961377 173.855 
113.758 56.1692 177.802 113.98 29.6987 -147.373 114.31 88.6606 134.279 
114.33 36.9435 -270.731 114.505 -90.3302 -161.316 114.75 -95.7016 46.7591 
115.011 82.6951 147.225 115.174 64.8632 -61.8099 115.259 4.63627 -363.202 
115.449 34.6755 184.781 115.471 56.1125 -334.718 115.495 96.996 39.1214 
115.537 -94.2238 -345.081 115.55 -102.336 -36.9066 115.561 -63.8747 103.17 
115.744 31.2913 -256.493 115.788 75.0334 158.878 115.808 -89.6343 -175.169 
115.822 -109.905 -289.798 115.848 27.5358 -242.431 115.949 -106.477 -24.194 
115.981 -98.5013 -226.101 115.986 66.275 168.951 116.026 20.5981 -197.617 
116.066 24.6647 -227.463 116.077 -11.8732 164.364 116.082 -19.8621 -359.356 
116.165 22.5153 -212.313 116.348 -103.711 -251.239 116.369 -100.644 33.1729 
116.373 19.2666 -183.154 116.414 -44.8163 -355.415 116.588 48.425 -98.38 
116.688 -69.965 -351.408 116.791 52.9727 -358.478 116.797 82.0919 -11.9372 
116.843 41.6796 -365.944 117.511 -108.961 -10.2599 117.531 32.3594 -133.778 
117.614 -105.147 19.1092 117.723 -89.6293 -189.24 117.772 97.5457 53.5878 
117.862 -70.9049 90.9961 117.881 19.058 -168.851 118.335 -108.547 4.53134 
118.417 51.2212 -321.518 118.457 -22.1783 154.414 118.733 68.1003 -48.0067 
118.823 -86.2349 -85.4709 118.856 -109.729 -304.66 119.033 -85.9293 -99.6051 
119.179 -85.8457 -113.766 119.245 -87.3287 -71.3916 119.422 -85.8567 -142.341 
119.445 -85.9236 -127.967 119.771 97.0588 68.1306 119.908 52.5442 -84.1011 
120.029 85.6535 1.85353 120.043 -102.839 -265.755 120.085 21.583 182.152 
120.13 -83.9508 -155.752 120.201 46.4626 -308.309 120.302 -106.127 -336.095 
120.413 -89.6827 -203.351 120.537 20.0079 -154.82 120.615 -31.5017 143.668 
120.686 -76.976 78.7765 120.816 -99.261 -33.6008 120.869 35.2114 -120.069 
120.884 -109.485 -320.399 121.021 41.5706 -294.977 121.073 -89.1937 -57.3187 
121.127 36.4679 -281.622 121.729 96.252 82.7065 121.839 17.6917 -364.998 
122.17 -96.853 -241.4 122.265 71.263 -34.281 122.425 46.1948 179.994 
122.534 50.59 -345.29 122.572 -40.3156 132.499 123.107 -6.99822 -361.413 
123.128 88.9743 15.714 123.327 56.5289 -69.8561 123.339 -31.9876 -357.293 
123.421 -57.6364 -353.173 123.554 -82.4592 66.2839 123.604 94.6157 97.2152 
123.693 8.99556 176.36 123.754 -102.729 -279.994 123.837 21.9046 -141.056 
123.937 -89.6851 -217.531 123.954 -79.8635 -166.673 124.019 -83.3041 -348.433 
124.048 11.106 -190.796 124.082 38.0865 -106.169 124.372 -48.5495 120.876 
124.436 12.8792 -205.051 124.512 10.071 -176.515 125.021 -100.997 -18.8311 
125.033 -91.1935 -42.9145 125.061 15.069 -219.9 125.147 17.7628 -236.438 
125.171 -79.997 -180.97 125.286 91.9839 111.516 125.526 21.2222 -251.685 
125.593 -87.6749 53.1819 125.653 74.3871 -20.4886 125.756 -77.5713 -150.188 
125.886 91.2531 29.8673 126.102 -56.3317 108.88 126.347 10.1403 -162.319 
126.416 46.4927 -332.031 126.464 57.3218 172.421 126.501 25.505 -265.328 
126.526 -76.8129 -92.4397 126.541 -2.71378 168.238 126.649 88.0882 125.45 
126.656 59.6286 -55.9234 126.755 -95.2584 -256.253 126.76 -76.7803 -106.56 
126.825 -77.6629 -78.4447 126.914 -76.8494 -120.742 126.921 -77.0265 -135.101 
126.926 -92.3916 39.4626 127 31.4117 -363.567 127.144 24.1695 -127.303 
127.25 -79.9851 -195.113 127.282 41.3062 -92.0949 127.293 -101.641 -4.18184 
127.304 42.9607 -355.745 127.584 83.0134 138.888 127.622 -96.3111 25.2118 
127.626 -63.6313 96.4344 127.646 -102.609 -294.322 127.896 -99.596 10.7199 
127.936 76.1834 151.303 128.059 -88.9274 -232.038 128.101 67.4094 162.45 
128.108 -79.0648 -64.459 128.481 92.6294 44.1388 128.532 33.3684 179.881 
128.544 28.96 -278.399 128.865 10.9953 -148.267 128.884 41.6797 -318.621 
129.005 77.6428 -6.69757 129.228 -13.6793 159.121 130.035 36.9659 -305.08 
130.041 -69.7037 84.0318 130.049 -44.7498 -355.052 130.126 62.554 -42.1772 
130.171 -96.9045 -341.292 130.209 32.4054 -291.502 130.248 6.19769 -363.566 
130.253 -80.018 -209.181 130.272 26.789 -113.496 130.3 46.4369 -77.2887 
130.351 -92.2883 -27.8189 130.464 -94.784 -270.448 130.638 -19.0375 -359.458 
130.705 93.0613 58.6098 130.705 0.726063 -183.873 130.78 -80.7646 -50.4706 
131.073 -68.4655 -157.945 131.134 2.14392 -197.82 131.172 -71.4474 -350.661 
131.272 -69.132 -172.771 131.387 0.074335 -169.736 131.637 -102.446 -309.024 
131.701 -23.6268 149.001 132.076 12.6789 -134.378 132.27 4.09142 -211.678 
132.312 80.9149 7.00729 132.42 -67.46 -142.55 132.593 -87.2117 -246.882 
132.742 92.5644 73.147 132.794 -69.1644 -187.005 132.972 40.2144 -342.749 
133.008 6.58564 -226.844 133.02 -67.0985 -127.923 133.068 -66.9167 -99.4669 
133.114 10.1134 -246.553 133.134 -66.976 -113.61 133.226 19.9931 177.061 
133.341 0.293104 -155.65 133.47 29.4819 -99.618 133.614 -67.4629 -85.4221 
133.633 49.9885 -63.2694 133.682 65.5753 -28.5549 133.728 -79.4246 -223.377 
133.794 -32.5154 137.964 133.857 -93.0347 -13.2401 134.281 -68.5566 -71.6346 
134.574 -94.3777 -284.56 134.697 14.3755 -260.91 134.702 -102.187 -324.804 
134.894 91.7363 87.684 135.006 -82.1371 -36.2335 135.007 14.6882 -120.436 
135.129 45.8175 174.645 135.374 -72.5744 72.9609 135.379 -69.1248 -201.069 
135.436 83.6647 20.8928 135.557 -40.9031 126.521 135.584 0.929451 -141.556 
135.611 -10.427 -176.98 135.629 19.4756 -361.931 135.898 -57.4938 -164.765 
135.937 -9.45236 -190.784 136.079 -69.939 -57.8913 136.085 -91.9853 1.86323 
136.286 -78.5209 59.2267 136.307 -86.041 -261.192 136.4 -56.8854 -149.881 
136.491 18.5806 -274.426 136.502 35.8337 -329.352 136.704 -10.6925 -162.937 
136.735 7.08012 171.224 136.789 52.6745 -49.4463 136.804 89.7485 102.201 
136.873 -57.7343 -179.065 136.931 -89.8439 16.5017 136.97 -48.6269 114.501 
137.01 32.1149 -85.8437 137.015 31.5638 -353.482 137.068 68.6008 -14.8908 
137.099 -83.0124 45.3997 137.231 -31.4732 -357.091 137.24 -7.97851 -204.417 
137.252 -58.9844 -352.47 137.302 -56.5785 -135.176 137.372 -78.026 -237.853 
137.375 -86.9121 31.1445 137.941 -55.7246 101.943 137.986 -56.5918 -120.812 
138.019 17.0577 -106.577 138.022 22.2051 -287.917 138.101 -62.9576 88.5323 
138.14 -68.8015 -215.142 138.154 30.9841 -315.549 138.267 -56.7286 -106.604 
138.297 85.7968 35.0041 138.343 -5.78077 -361.326 138.404 86.3848 116.468 
138.476 2.30136 -127.441 138.496 -10.4918 -148.861 138.544 26.3856 -301.656 
138.594 -5.99368 -217.901 138.688 -57.5652 -193.149 138.73 -86.0388 -346.5 
138.781 -21.9773 -170.245 138.848 -45.6889 -171.32 138.854 57.7553 166.347 
138.865 -82.9546 -21.8953 138.885 39.6156 -69.5894 138.985 -21.4529 -184.166 
138.987 -57.0526 -92.5925 139.034 -93.6267 -298.706 139.058 -45.4696 -156.85 
139.104 -71.1231 -43.9756 139.163 -3.67643 -231.211 139.341 -1.17185 -243.214 
139.571 81.6675 130.224 139.677 -4.84411 163.289 139.797 -57.8122 -78.8105 
139.843 -33.553 -177.82 139.922 -33.7644 -163.61 139.959 -22.1648 -156.128 
140.06 67.8489 155.446 140.061 -45.6238 -185.409 140.193 -85.3081 -275.161 
140.194 -45.3257 -142.328 140.2 -20.6302 -197.673 140.204 75.5879 143.348 
140.297 55.3865 -35.8465 140.412 -9.989 -134.686 140.595 71.8328 -1.30025 
140.68 -58.7064 -65.21 140.896 -76.4585 -252.203 140.923 2.61718 -256.732 
140.928 87.1737 49.2286 140.952 -57.0966 -207.149 140.992 -96.23 -335.242 
141.073 19.2985 -92.6559 141.089 4.19429 -113.388 141.133 -45.3701 -127.994 
141.163 -33.8413 -149.29 141.18 -33.2151 -191.617 141.338 -67.6814 -229.287 
141.599 -22.0147 -141.962 141.668 -19.3349 -211.049 141.672 32.1208 174.739 
141.804 -82.4956 -7.18465 141.968 -45.5604 -113.689 141.993 -45.1485 -199.247 
142.125 30.575 -74.3524 142.132 41.9954 -55.9559 142.466 -33.7225 -135.009 
142.523 -15.8148 154.182 142.654 -8.9261 -120.434 142.654 -71.8307 -29.9116 
142.66 28.6249 -340.468 142.884 -59.7499 -51.5738 142.912 6.78321 -270.439 
142.917 -32.4518 -205.252 143.006 -44.8498 -354.385 143.046 -45.7835 -99.5824 
143.048 -21.6195 -127.678 143.12 -17.3584 -224.458 143.306 87.6713 63.563 
143.541 -33.6338 -120.688 143.652 -56.295 -221.072 143.767 -46.2523 -85.8972 
143.874 6.2847 -99.3058 143.977 -92.7638 -312.762 143.988 58.354 -22.3838 
144.029 -66.0873 -243.487 144.036 -13.902 -238.521 144.044 74.9356 12.3511 
144.175 -44.3478 -213.037 144.211 -81.3628 7.58228 144.468 -75.4278 -266.08 
144.52 -47.2728 -72.6216 144.566 -84.3452 -289.029 144.587 20.4149 -79.3209 
144.594 10.7486 -284.138 144.598 -31.3475 -218.711 144.844 -20.8342 -113.399 
145.026 -33.3371 -106.39 145.07 -25.3598 143.781 145.134 7.73862 -360.057 
145.152 -9.54489 -252.708 145.18 23.995 -326.497 145.337 -7.22518 -106.254 
145.382 -18.2596 -358.936 145.546 87.4341 77.9817 145.567 44.4886 -42.4419 
145.64 -60.2265 -37.6132 145.709 -79.4404 22.1981 145.722 14.8551 -298.015 
145.728 -73.1749 -349.51 145.77 31.2981 -61.4843 145.804 19.2847 -312.215 
145.902 -54.9264 -234.957 145.985 -71.7156 -15.672 146.152 -48.1023 -59.1167 
146.16 -43.2563 -226.672 146.347 18.0543 171.947 146.394 19.4959 -351.503 
146.453 -30.0894 -232.082 146.646 8.27847 -85.3075 146.748 -76.5041 36.7898 
146.859 -33.2752 -92.5008 147.002 -68.183 65.1195 147.01 -33.6063 132.396 
147.024 -64.7289 -257.245 147.23 -72.9555 51.0892 147.282 77.5919 26.1783 
147.347 -19.1647 -98.8689 147.421 -35.953 -80.2744 147.536 -5.61598 -266.244 
147.585 86.1874 92.462 147.649 45.5696 168.477 147.704 61.4763 -8.9946 
147.773 -61.455 79.8515 147.849 -4.78067 -91.7228 148.161 20.8773 -66.3957 
148.218 -53.5749 -248.611 148.221 -42.1631 -240.147 148.246 -41.2299 120.294 
148.305 -24.306 -88.0292 148.306 -26.1728 -246.383 148.34 -48.4689 -45.3738 
148.404 -74.2545 -279.793 148.447 -36.5684 -66.9033 148.57 -60.1936 -23.6636 
148.699 -54.4244 94.2912 148.798 -70.9764 -1.23222 148.919 -47.9909 107.63 
149.212 -90.2865 -326.506 149.225 47.1023 -29.0481 149.356 33.1374 -48.2808 
149.369 83.6372 107.063 149.385 -83.1456 -302.787 149.642 -1.64639 -279.984 
149.748 9.35878 -71.7521 149.752 -15.3368 -83.5576 149.758 4.75678 166.345 
149.933 -25.5761 -75.0417 150.238 -17.9961 -261.895 150.362 79.7569 40.1505 
150.385 -2.86322 -77.5242 150.463 -36.7918 -53.2039 150.556 -63.3713 -270.82 
150.558 -41.0936 -253.453 150.607 -30.9246 -356.075 150.654 15.9604 -337.483 
150.711 -48.4232 -31.5231 150.828 -59.997 -350.921 150.88 57.5991 159.112 
151.013 79.6132 121.369 151.188 -52.2249 -262.056 151.21 -29.2184 -257.896 
151.458 -69.6493 13.2403 151.464 64.7445 4.38329 151.505 21.793 -53.3478 
151.516 2.48468 -293.977 151.543 -59.5724 -9.59274 151.662 -25.2072 -61.2001 
151.911 -13.97 -69.3702 151.99 11.2976 -323.204 152.054 -85.4266 -340.894 
152.094 67.0364 147.705 152.097 74.0363 135.01 152.391 -36.6146 -39.4227 
152.415 6.90398 -308.35 152.779 -7.47098 158.79 152.854 -72.7747 -293.293 
152.876 49.8398 -15.6789 152.889 -1.87847 -63.7586 152.979 10.1758 -58.4599 
153.044 -14.6477 -275.457 153.123 35.4061 -35.0425 153.232 81.2929 54.1962 
153.273 -47.8834 -17.6721 153.499 -4.95023 -357.662 153.544 -39.739 -266.596 
153.708 -24.9272 -47.4751 153.88 -67.9068 27.6539 153.975 -13.263 -55.5802 
154.317 -27.3773 -270.964 154.346 -81.11 -316.499 154.392 -61.7548 -284.204 
154.446 -42.0206 -353.304 154.499 -58.6541 4.51144 154.569 -36.0881 -25.6918 
154.591 -50.6032 -275.285 154.858 6.71444 -348.446 155.111 67.8786 17.8713 
155.132 23.3522 -40.306 155.136 -10.7629 -289.414 155.327 29.7207 168.878 
155.578 -24.2881 -33.7602 155.677 -1.05087 -50.1999 155.695 -65.2912 42.0909 
155.748 82.0092 68.4088 155.752 11.0942 -45.2354 155.873 -17.9561 149.336 
155.968 -47.022 -3.76368 156.201 37.6312 -21.557 156.218 -12.6803 -41.9911 
156.702 -61.8205 56.3755 156.746 -35.1424 -11.888 156.879 52.9197 -2.50132 
156.88 -37.6398 -279.696 156.976 2.5462 -334.098 157 -56.8199 70.6164 
157.209 -24.288 -284.475 157.229 -6.43032 -303.721 157.297 -70.6686 -306.704 
157.52 -23.3564 -20.0688 157.545 -57.3178 18.5881 157.576 -0.164263 -36.7468 
157.846 -1.7958 -319.258 157.947 81.6955 82.7197 158.002 -11.7225 -28.3783 
158.157 25.1813 -26.9351 158.162 -48.3999 -288.199 158.239 -77.3954 -330.525 
158.281 12.4492 -31.8818 158.509 -26.685 138.504 158.623 -59.5457 -297.289 
158.686 -51.5795 85.4443 158.732 70.8453 31.4563 158.774 -71.0005 -343.984 
158.998 -45.8653 9.98634 159.179 -33.9826 1.79985 159.277 -18.2632 -354.222 
159.366 -22.1303 -6.38186 159.484 40.0878 -8.16025 159.577 15.1547 166.109 
159.673 1.12262 -23.2964 159.68 80.0475 97.2417 159.701 -10.4402 -14.7584 
159.781 -46.2094 99.6722 159.875 46.226 161.712 159.891 -20.4888 -298.222 
159.948 -34.2514 126.603 160.092 -34.6106 -292.77 160.23 -40.6525 113.545 
160.513 -7.04852 -344.859 160.572 -55.43 32.7619 160.613 56.0016 10.8031 
160.622 27.155 -13.3844 160.743 14.1503 -18.4331 161.36 -8.879 -1.10457 
161.454 2.73759 -9.77145 161.457 -20.6144 7.17341 161.464 76.9025 112.026 
161.475 -67.4498 -320.196 161.785 2.03909 161.767 161.878 -15.9839 -313.692 
161.923 -56.6522 -345.872 161.937 -45.556 -300.915 161.982 -11.0659 -330.343 
162.12 -32.5022 15.2906 162.232 73.4311 45.2068 162.301 -44.2389 23.7754 
162.456 -56.7041 -310.222 162.612 16.0672 -4.85889 162.807 56.8252 151.283 
162.971 4.61785 3.81581 163.032 42.8141 5.1184 163.057 -31.8147 -351.726 
163.088 29.4248 0.111985 163.135 -31.182 -305.795 163.147 -52.8228 46.9979 
163.22 71.6276 126.293 163.277 -7.07893 12.4336 163.49 -44.5691 -348.818 
163.868 65.0584 139.277 164.025 -18.7786 20.6172 164.224 -21.0057 -341.213 
164.258 -63.2071 -333.471 164.374 59.0248 24.1376 164.433 18.2156 8.70744 
164.587 -49.4504 61.093 164.739 -27.7543 -318.307 164.872 -42.2752 -313.647 
165 -30.4772 28.8946 165.041 6.70675 17.3883 165.17 -41.9369 37.7015 
165.26 75.2696 59.1391 165.333 -25.0973 -327.017 165.451 -44.8556 75.4764 
165.483 -9.42279 154.149 165.555 35.3164 162.236 165.577 31.8509 13.5646 
165.651 -53.0363 -323.209 165.751 -4.96157 25.7443 166.111 45.52 18.4916 
166.752 -16.552 33.9804 166.797 20.4966 22.1696 166.963 -38.5998 -326.354 
167.302 -34.9332 -339.007 167.355 -39.1322 51.6552 167.585 75.9529 73.2959 
167.587 -28.0003 42.6253 167.643 8.88409 30.77 167.68 -48.8165 -336.45 
168.028 -40.9502 89.8102 168.304 34.3081 26.9703 168.371 62.0625 37.4203 
168.642 -2.74438 38.9806 168.865 -35.5953 65.6131 169.057 -18.5397 143.776 
169.372 48.1519 31.8349 169.561 22.8657 35.5137 169.58 75.577 87.3749 
169.695 -14.1777 47.4134 169.751 23.2355 161.461 170.021 -25.1576 56.2966 
170.054 -37.4083 104.387 170.624 11.1965 43.9095 171.074 73.3181 101.916 
171.198 -26.206 131.745 171.199 -31.9628 79.7481 171.235 -32.5419 118.536 
171.361 36.726 40.2753 171.386 44.8288 153.262 171.445 1.35121 157.093 
171.735 -0.348079 52.1735 172.199 -21.8671 70.1269 172.311 64.882 50.8612 
172.465 -11.3909 60.8566 172.484 25.1506 48.6597 172.851 11.4377 158.895 
172.959 50.7359 45.099 172.986 68.2528 116.535 173.59 13.5166 56.9253 
173.909 53.9119 141.961 174.253 61.5821 129.549 174.389 2.39403 65.4447 
174.561 39.0292 53.3669 174.606 -28.9064 93.7282 174.679 -8.21389 74.593 
174.863 -18.6302 84.01 174.992 66.5951 64.7292 175.416 27.4256 61.633 
176.079 16.2219 70.043 176.36 53.0114 58.3377 176.533 31.5433 152.985 
176.658 -6.99283 146.574 176.674 5.4783 78.8848 177.132 67.4363 78.3444 
177.204 -4.97967 88.1973 177.446 -25.498 107.752 177.494 41.1973 66.2976 
178.066 -15.4041 97.655 178.153 29.9564 74.5894 178.758 19.3001 83.1234 
178.883 54.7705 71.4078 179.025 67.8923 91.5458 179.095 18.2059 151.556 
179.184 5.84166 149.049 179.376 8.88532 92.2748 179.531 -14.5113 134.574 
179.689 -20.8912 121.501 180.247 43.6526 79.1012 180.329 -1.3241 101.631 
180.33 40.5983 142.422 180.879 63.7007 106.317 180.937 33.0261 87.3527 
180.965 -11.3838 111.134 181.174 56.7412 84.152 181.268 48.8037 130.318 
181.565 22.795 96.2066 181.791 -0.563415 136.836 181.846 56.5878 117.833 
182.28 26.7092 141.421 182.401 12.7886 105.557 182.452 13.084 139.776 
182.473 59.1648 96.8099 182.521 -6.46251 124.248 182.725 46.6248 91.7843 
182.815 3.01127 114.86 183.302 36.6491 100.233 183.482 35.4214 130.815 
183.575 7.82605 127.512 183.778 26.937 109.459 183.935 21.974 130.487 
183.981 50.762 104.353 184.101 17.2466 118.544 184.13 41.6919 114.11 
184.166 31.7005 122.089 
POLYGONS 6010 24040
3 104 48 103 
3 48 37 103 
3 103 185 104 
3 48 104 107 
3 103 37 72 
3 20 37 48 
3 104 185 181 
3 103 194 185 
3 181 107 104 
3 51 48 107 
3 37 39 72 
3 103 72 120 
3 20 48 51 
3 21 37 20 
3 181 185 288 
3 185 194 303 
3 120 194 103 
3 182 107 181 
3 108 51 107 
3 72 39 74 
3 21 39 37 
3 72 136 120 
3 28 20 51 
3 16 21 20 
3 185 303 288 
3 181 288 289 
3 194 330 303 
3 120 218 194 
3 182 181 289 
3 108 107 182 
3 61 51 108 
3 74 39 41 
3 74 136 72 
3 24 39 21 
3 120 136 218 
3 61 28 51 
3 28 16 20 
3 15 21 16 
3 303 450 288 
3 289 288 439 
3 303 330 466 
3 194 218 330 
3 297 182 289 
3 186 108 182 
3 117 61 108 
3 41 39 24 
3 41 84 74 
3 155 136 74 
3 15 24 21 
3 136 242 218 
3 32 28 61 
3 13 16 28 
3 16 9 15 
3 288 450 439 
3 466 450 303 
3 289 439 445 
3 330 499 466 
3 218 365 330 
3 297 289 445 
3 186 182 297 
3 117 108 186 
3 68 61 117 
3 24 23 41 
3 74 84 155 
3 41 52 84 
3 155 242 136 
3 15 12 24 
3 242 365 218 
3 68 32 61 
3 32 13 28 
3 13 9 16 
3 9 3 15 
3 439 450 561 
3 576 450 466 
3 439 558 445 
3 466 499 598 
3 330 365 499 
3 454 297 445 
3 310 186 297 
3 202 117 186 
3 68 117 134 
3 23 52 41 
3 24 12 23 
3 84 177 155 
3 84 52 109 
3 272 242 155 
3 3 12 15 
3 242 408 365 
3 35 32 68 
3 8 13 32 
3 1 9 13 
3 2 3 9 
3 561 450 576 
3 561 558 439 
3 466 598 576 
3 445 558 568 
3 499 624 598 
3 499 365 525 
3 445 568 454 
3 310 297 454 
3 202 186 310 
3 134 117 202 
3 134 76 68 
3 53 52 23 
3 12 19 23 
3 155 177 272 
3 84 109 177 
3 52 123 109 
3 272 408 242 
3 3 7 12 
3 365 408 525 
3 68 76 35 
3 35 8 32 
3 8 1 13 
3 1 2 9 
3 11 3 2 
3 561 576 674 
3 669 558 561 
3 576 598 686 
3 568 558 676 
3 598 624 714 
3 499 525 624 
3 454 568 579 
3 467 310 454 
3 329 202 310 
3 223 134 202 
3 148 76 134 
3 23 19 53 
3 53 123 52 
3 7 19 12 
3 177 317 272 
3 109 209 177 
3 109 123 209 
3 453 408 272 
3 11 7 3 
3 525 408 555 
3 76 40 35 
3 5 8 35 
3 0 1 8 
3 4 2 1 
3 11 2 14 
3 576 686 674 
3 561 674 669 
3 676 558 669 
3 598 714 686 
3 681 568 676 
3 624 743 714 
3 525 652 624 
3 579 568 681 
3 467 454 579 
3 329 310 467 
3 223 202 329 
3 148 134 223 
3 97 76 148 
3 53 19 58 
3 139 123 53 
3 30 19 7 
3 272 317 453 
3 209 317 177 
3 209 123 236 
3 555 408 453 
3 11 26 7 
3 555 652 525 
3 35 40 5 
3 97 40 76 
3 5 0 8 
3 0 4 1 
3 14 2 4 
3 14 29 11 
3 674 686 781 
3 669 674 777 
3 676 669 782 
3 714 789 686 
3 676 787 681 
3 714 743 831 
3 652 743 624 
3 579 681 688 
3 588 467 579 
3 329 467 480 
3 341 223 329 
3 232 148 223 
3 154 97 148 
3 58 19 30 
3 58 139 53 
3 236 123 139 
3 7 26 30 
3 317 498 453 
3 363 317 209 
3 209 236 363 
3 453 600 555 
3 29 26 11 
3 684 652 555 
3 5 40 27 
3 70 40 97 
3 6 0 5 
3 10 4 0 
3 18 14 4 
3 14 31 29 
3 686 789 781 
3 674 781 777 
3 669 777 782 
3 676 782 787 
3 714 805 789 
3 681 787 790 
3 743 848 831 
3 831 805 714 
3 765 743 652 
3 688 681 790 
3 579 688 588 
3 480 467 588 
3 341 329 480 
3 232 223 341 
3 154 148 232 
3 144 97 154 
3 65 58 30 
3 110 139 58 
3 139 268 236 
3 30 26 44 
3 453 498 600 
3 363 498 317 
3 236 405 363 
3 600 684 555 
3 29 42 26 
3 765 652 684 
3 27 40 70 
3 27 6 5 
3 144 70 97 
3 6 10 0 
3 10 18 4 
3 18 31 14 
3 31 43 29 
3 781 789 878 
3 781 882 777 
3 782 777 895 
3 787 782 897 
3 789 805 889 
3 790 787 901 
3 831 848 929 
3 765 848 743 
3 912 805 831 
3 688 790 794 
3 588 688 695 
3 594 480 588 
3 485 341 480 
3 349 232 341 
3 237 154 232 
3 237 144 154 
3 30 44 65 
3 65 110 58 
3 180 139 110 
3 268 405 236 
3 180 268 139 
3 26 42 44 
3 498 629 600 
3 528 498 363 
3 363 405 528 
3 600 723 684 
3 43 42 29 
3 684 807 765 
3 70 56 27 
3 27 22 6 
3 125 70 144 
3 17 10 6 
3 10 25 18 
3 33 31 18 
3 45 43 31 
3 789 889 878 
3 878 882 781 
3 777 882 895 
3 782 895 897 
3 787 897 901 
3 889 805 912 
3 901 900 790 
3 848 950 929 
3 831 929 912 
3 876 848 765 
3 790 900 794 
3 695 688 794 
3 594 588 695 
3 485 480 594 
3 485 349 341 
3 237 232 349 
3 237 222 144 
3 65 44 73 
3 65 122 110 
3 110 122 180 
3 448 405 268 
3 180 311 268 
3 44 42 59 
3 600 629 723 
3 528 629 498 
3 528 405 550 
3 723 807 684 
3 54 42 43 
3 765 807 876 
3 56 22 27 
3 125 56 70 
3 6 22 17 
3 144 222 125 
3 17 25 10 
3 25 33 18 
3 33 45 31 
3 45 60 43 
3 878 889 976 
3 878 983 882 
3 895 882 1003 
3 895 1009 897 
3 901 897 1012 
3 986 889 912 
3 901 1008 900 
3 929 950 1022 
3 876 950 848 
3 912 929 992 
3 900 899 794 
3 794 795 695 
3 594 695 697 
3 594 596 485 
3 488 349 485 
3 344 237 349 
3 344 222 237 
3 44 59 73 
3 73 122 65 
3 122 214 180 
3 268 311 448 
3 550 405 448 
3 214 311 180 
3 59 42 54 
3 723 629 744 
3 528 651 629 
3 550 651 528 
3 723 836 807 
3 43 60 54 
3 807 923 876 
3 55 22 56 
3 111 56 125 
3 22 36 17 
3 222 199 125 
3 34 25 17 
3 38 33 25 
3 46 45 33 
3 62 60 45 
3 976 889 986 
3 878 976 983 
3 882 983 1003 
3 1003 1009 895 
3 897 1009 1012 
3 1012 1008 901 
3 912 992 986 
3 1008 1005 900 
3 950 1047 1022 
3 929 1022 992 
3 876 990 950 
3 794 899 795 
3 900 1005 899 
3 695 795 697 
3 697 596 594 
3 485 596 488 
3 344 349 488 
3 328 222 344 
3 59 94 73 
3 73 141 122 
3 122 141 214 
3 448 311 486 
3 448 589 550 
3 353 311 214 
3 54 78 59 
3 629 651 744 
3 744 836 723 
3 677 651 550 
3 807 836 923 
3 54 60 77 
3 923 990 876 
3 55 56 111 
3 55 36 22 
3 199 111 125 
3 36 34 17 
3 328 199 222 
3 34 38 25 
3 46 33 38 
3 46 62 45 
3 81 60 62 
3 1077 976 986 
3 983 976 1068 
3 1003 983 1120 
3 1114 1009 1003 
3 1012 1009 1110 
3 1012 1107 1008 
3 986 992 1080 
3 1008 1104 1005 
3 1022 1047 1100 
3 990 1047 950 
3 992 1022 1082 
3 899 898 795 
3 1005 999 899 
3 795 793 697 
3 696 596 697 
3 488 596 595 
3 481 344 488 
3 481 328 344 
3 94 141 73 
3 78 94 59 
3 214 141 243 
3 486 311 353 
3 486 589 448 
3 589 677 550 
3 243 353 214 
3 77 78 54 
3 744 651 759 
3 851 836 744 
3 759 651 677 
3 836 942 923 
3 77 60 81 
3 923 1034 990 
3 111 112 55 
3 67 36 55 
3 190 111 199 
3 50 34 36 
3 307 199 328 
3 47 38 34 
3 38 49 46 
3 64 62 46 
3 81 62 85 
3 986 1080 1077 
3 1068 976 1077 
3 983 1068 1144 
3 983 1144 1120 
3 1003 1120 1114 
3 1110 1009 1114 
3 1110 1107 1012 
3 1107 1104 1008 
3 992 1082 1080 
3 1005 1104 1098 
3 1047 1139 1100 
3 1022 1100 1082 
3 990 1123 1047 
3 795 898 793 
3 899 999 898 
3 1005 1098 999 
3 697 793 696 
3 595 596 696 
3 488 595 481 
3 464 328 481 
3 168 141 94 
3 78 132 94 
3 243 141 168 
3 353 513 486 
3 486 616 589 
3 708 677 589 
3 243 394 353 
3 77 115 78 
3 744 759 851 
3 851 942 836 
3 677 797 759 
3 923 942 1034 
3 81 113 77 
3 1034 1123 990 
3 55 112 67 
3 190 112 111 
3 50 36 67 
3 307 190 199 
3 47 34 50 
3 307 328 464 
3 47 49 38 
3 46 49 64 
3 85 62 64 
3 85 118 81 
3 1077 1080 1171 
3 1161 1068 1077 
3 1144 1068 1161 
3 1144 1232 1120 
3 1120 1220 1114 
3 1114 1213 1110 
3 1110 1210 1107 
3 1107 1207 1104 
3 1080 1082 1174 
3 1104 1200 1098 
3 1100 1139 1186 
3 1047 1123 1139 
3 1082 1100 1162 
3 898 893 793 
3 999 993 898 
3 1098 1093 999 
3 793 791 696 
3 690 595 696 
3 595 584 481 
3 481 584 464 
3 132 168 94 
3 115 132 78 
3 168 274 243 
3 486 513 616 
3 394 513 353 
3 589 616 708 
3 708 797 677 
3 274 394 243 
3 77 113 115 
3 851 759 875 
3 961 942 851 
3 759 797 875 
3 942 1052 1034 
3 118 113 81 
3 1034 1148 1123 
3 67 112 124 
3 189 112 190 
3 80 50 67 
3 299 190 307 
3 50 63 47 
3 464 452 307 
3 57 49 47 
3 64 49 66 
3 87 85 64 
3 121 118 85 
3 1080 1174 1171 
3 1171 1161 1077 
3 1248 1144 1161 
3 1120 1232 1220 
3 1248 1232 1144 
3 1220 1213 1114 
3 1110 1213 1210 
3 1210 1207 1107 
3 1207 1200 1104 
3 1082 1162 1174 
3 1200 1195 1098 
3 1186 1139 1224 
3 1162 1100 1186 
3 1139 1123 1224 
3 793 893 791 
3 898 993 893 
3 999 1093 993 
3 1098 1195 1093 
3 696 791 690 
3 690 584 595 
3 464 584 575 
3 132 207 168 
3 167 132 115 
3 207 274 168 
3 616 513 637 
3 539 513 394 
3 616 734 708 
3 708 827 797 
3 436 394 274 
3 113 157 115 
3 875 961 851 
3 961 1052 942 
3 875 797 918 
3 1052 1148 1034 
3 118 159 113 
3 1123 1148 1243 
3 124 112 189 
3 80 67 124 
3 189 190 299 
3 80 63 50 
3 452 299 307 
3 47 63 57 
3 464 566 452 
3 66 49 57 
3 66 87 64 
3 87 121 85 
3 121 162 118 
3 1174 1277 1171 
3 1171 1263 1161 
3 1161 1263 1248 
3 1232 1326 1220 
3 1248 1338 1232 
3 1220 1318 1213 
3 1210 1213 1313 
3 1311 1207 1210 
3 1304 1200 1207 
3 1174 1162 1289 
3 1200 1298 1195 
3 1224 1281 1186 
3 1186 1252 1162 
3 1224 1123 1243 
3 893 887 791 
3 993 988 893 
3 993 1093 1086 
3 1093 1195 1191 
3 791 785 690 
3 680 584 690 
3 575 584 680 
3 575 566 464 
3 167 207 132 
3 115 157 167 
3 207 324 274 
3 637 513 539 
3 616 637 734 
3 539 394 436 
3 734 827 708 
3 797 827 918 
3 324 436 274 
3 113 159 157 
3 875 1006 961 
3 961 1085 1052 
3 918 1006 875 
3 1052 1176 1148 
3 162 159 118 
3 1148 1271 1243 
3 196 124 189 
3 137 80 124 
3 296 189 299 
3 92 63 80 
3 446 299 452 
3 63 69 57 
3 452 566 559 
3 57 71 66 
3 66 90 87 
3 87 126 121 
3 164 162 121 
3 1171 1277 1263 
3 1174 1289 1277 
3 1263 1353 1248 
3 1220 1326 1318 
3 1232 1338 1326 
3 1248 1353 1338 
3 1213 1318 1313 
3 1313 1311 1210 
3 1304 1207 1311 
3 1304 1298 1200 
3 1289 1162 1258 
3 1195 1298 1288 
3 1186 1281 1252 
3 1320 1281 1224 
3 1162 1252 1258 
3 1224 1243 1320 
3 791 887 785 
3 893 988 887 
3 1086 988 993 
3 1093 1191 1086 
3 1191 1195 1288 
3 690 785 680 
3 575 680 673 
3 673 566 575 
3 167 247 207 
3 157 217 167 
3 247 324 207 
3 660 637 539 
3 637 751 734 
3 436 572 539 
3 734 845 827 
3 918 827 936 
3 324 484 436 
3 159 201 157 
3 1006 1085 961 
3 1085 1176 1052 
3 918 1027 1006 
3 1148 1176 1271 
3 162 210 159 
3 1243 1271 1357 
3 296 196 189 
3 196 137 124 
3 137 92 80 
3 446 296 299 
3 92 69 63 
3 559 446 452 
3 69 71 57 
3 559 566 667 
3 71 90 66 
3 90 126 87 
3 121 126 164 
3 164 219 162 
3 1277 1371 1263 
3 1277 1289 1391 
3 1371 1353 1263 
3 1326 1415 1318 
3 1326 1338 1423 
3 1338 1353 1440 
3 1318 1421 1313 
3 1313 1419 1311 
3 1311 1405 1304 
3 1304 1400 1298 
3 1258 1333 1289 
3 1288 1298 1395 
3 1281 1361 1252 
3 1320 1385 1281 
3 1258 1252 1333 
3 1243 1357 1320 
3 887 877 785 
3 887 988 978 
3 1083 988 1086 
3 1086 1191 1183 
3 1288 1283 1191 
3 785 774 680 
3 680 774 673 
3 667 566 673 
3 217 247 167 
3 157 201 217 
3 247 377 324 
3 572 660 539 
3 660 751 637 
3 751 845 734 
3 484 572 436 
3 827 845 936 
3 936 1027 918 
3 377 484 324 
3 210 201 159 
3 1115 1085 1006 
3 1201 1176 1085 
3 1006 1027 1115 
3 1176 1292 1271 
3 219 210 162 
3 1271 1390 1357 
3 296 301 196 
3 196 213 137 
3 151 92 137 
3 441 296 446 
3 101 69 92 
3 557 446 559 
3 91 71 69 
3 667 664 559 
3 99 90 71 
3 133 126 90 
3 164 126 163 
3 216 219 164 
3 1277 1391 1371 
3 1289 1418 1391 
3 1458 1353 1371 
3 1318 1415 1421 
3 1423 1415 1326 
3 1423 1338 1440 
3 1440 1353 1458 
3 1313 1421 1419 
3 1419 1405 1311 
3 1405 1400 1304 
3 1298 1400 1395 
3 1289 1333 1418 
3 1395 1388 1288 
3 1252 1361 1333 
3 1281 1385 1361 
3 1434 1385 1320 
3 1320 1357 1434 
3 785 877 774 
3 978 877 887 
3 978 988 1083 
3 1183 1083 1086 
3 1191 1283 1183 
3 1388 1283 1288 
3 673 774 769 
3 769 667 673 
3 217 293 247 
3 201 264 217 
3 247 293 377 
3 572 694 660 
3 660 772 751 
3 751 856 845 
3 484 608 572 
3 845 953 936 
3 936 1042 1027 
3 377 516 484 
3 210 254 201 
3 1201 1085 1115 
3 1201 1292 1176 
3 1027 1134 1115 
3 1292 1390 1271 
3 219 252 210 
3 1357 1390 1483 
3 196 301 213 
3 441 301 296 
3 137 213 151 
3 151 101 92 
3 557 441 446 
3 101 91 69 
3 559 664 557 
3 91 99 71 
3 766 664 667 
3 133 90 99 
3 163 126 133 
3 163 216 164 
3 262 219 216 
3 1371 1391 1479 
3 1391 1418 1505 
3 1371 1479 1458 
3 1415 1478 1421 
3 1502 1415 1423 
3 1423 1440 1522 
3 1458 1545 1440 
3 1419 1421 1538 
3 1523 1405 1419 
3 1512 1400 1405 
3 1395 1400 1504 
3 1333 1446 1418 
3 1395 1492 1388 
3 1333 1361 1446 
3 1361 1385 1469 
3 1434 1496 1385 
3 1357 1483 1434 
3 774 877 871 
3 970 877 978 
3 1083 1074 978 
3 1173 1083 1183 
3 1183 1283 1276 
3 1377 1283 1388 
3 774 871 769 
3 769 766 667 
3 264 293 217 
3 254 264 201 
3 377 293 426 
3 694 772 660 
3 608 694 572 
3 772 856 751 
3 856 953 845 
3 516 608 484 
3 936 953 1042 
3 1042 1134 1027 
3 426 516 377 
3 252 254 210 
3 1201 1115 1225 
3 1316 1292 1201 
3 1115 1134 1225 
3 1292 1406 1390 
3 276 252 219 
3 1483 1390 1503 
3 213 301 320 
3 449 301 441 
3 213 230 151 
3 171 101 151 
3 556 441 557 
3 142 91 101 
3 557 664 663 
3 147 99 91 
3 764 664 766 
3 133 99 147 
3 169 163 133 
3 205 216 163 
3 246 262 216 
3 276 219 262 
3 1391 1505 1479 
3 1418 1526 1505 
3 1479 1570 1458 
3 1421 1478 1538 
3 1502 1478 1415 
3 1423 1522 1502 
3 1440 1545 1522 
3 1458 1570 1545 
3 1523 1419 1538 
3 1512 1405 1523 
3 1504 1400 1512 
3 1504 1492 1395 
3 1418 1446 1526 
3 1388 1492 1484 
3 1446 1361 1469 
3 1385 1496 1469 
3 1590 1496 1434 
3 1483 1511 1434 
3 871 877 970 
3 978 1074 970 
3 1173 1074 1083 
3 1183 1276 1173 
3 1276 1283 1377 
3 1377 1388 1484 
3 769 871 865 
3 865 766 769 
3 358 293 264 
3 254 321 264 
3 426 293 358 
3 694 808 772 
3 722 694 608 
3 772 896 856 
3 856 973 953 
3 516 631 608 
3 953 1066 1042 
3 1042 1156 1134 
3 426 543 516 
3 252 294 254 
3 1225 1316 1201 
3 1316 1406 1292 
3 1134 1247 1225 
3 1390 1406 1503 
3 276 294 252 
3 1503 1598 1483 
3 320 301 449 
3 320 230 213 
3 449 441 556 
3 151 230 171 
3 171 142 101 
3 663 556 557 
3 147 91 142 
3 663 664 764 
3 766 860 764 
3 169 133 147 
3 169 205 163 
3 246 216 205 
3 298 262 246 
3 262 323 276 
3 1505 1591 1479 
3 1505 1526 1612 
3 1591 1570 1479 
3 1478 1572 1538 
3 1502 1572 1478 
3 1522 1600 1502 
3 1522 1545 1629 
3 1545 1570 1662 
3 1538 1634 1523 
3 1523 1620 1512 
3 1512 1613 1504 
3 1504 1602 1492 
3 1446 1553 1526 
3 1484 1492 1594 
3 1469 1553 1446 
3 1469 1496 1579 
3 1434 1511 1590 
3 1579 1496 1590 
3 1483 1588 1511 
3 970 963 871 
3 1074 1062 970 
3 1173 1164 1074 
3 1276 1267 1173 
3 1377 1368 1276 
3 1484 1472 1377 
3 871 963 865 
3 865 860 766 
3 264 321 358 
3 294 321 254 
3 358 474 426 
3 808 896 772 
3 722 808 694 
3 608 631 722 
3 896 973 856 
3 973 1066 953 
3 543 631 516 
3 1042 1066 1156 
3 1156 1247 1134 
3 474 543 426 
3 1342 1316 1225 
3 1316 1432 1406 
3 1225 1247 1342 
3 1503 1406 1524 
3 345 294 276 
3 1483 1598 1588 
3 1503 1616 1598 
3 449 459 320 
3 337 230 320 
3 556 562 449 
3 230 249 171 
3 171 193 142 
3 666 556 663 
3 142 172 147 
3 764 767 663 
3 860 864 764 
3 147 176 169 
3 197 205 169 
3 238 246 205 
3 275 298 246 
3 298 323 262 
3 276 323 345 
3 1505 1612 1591 
3 1612 1526 1633 
3 1591 1683 1570 
3 1538 1572 1654 
3 1502 1600 1572 
3 1629 1600 1522 
3 1545 1662 1629 
3 1570 1683 1662 
3 1634 1620 1523 
3 1538 1654 1634 
3 1620 1613 1512 
3 1613 1602 1504 
3 1492 1602 1594 
3 1526 1553 1633 
3 1484 1594 1582 
3 1469 1579 1553 
3 1511 1588 1590 
3 1688 1579 1590 
3 970 1062 963 
3 1074 1164 1062 
3 1173 1267 1164 
3 1368 1267 1276 
3 1377 1472 1368 
3 1582 1472 1484 
3 963 959 865 
3 865 959 860 
3 321 412 358 
3 371 321 294 
3 358 412 474 
3 808 924 896 
3 833 808 722 
3 631 742 722 
3 1015 973 896 
3 1091 1066 973 
3 543 653 631 
3 1066 1181 1156 
3 1156 1272 1247 
3 474 577 543 
3 1342 1432 1316 
3 1406 1432 1524 
3 1247 1364 1342 
3 1524 1616 1503 
3 371 294 345 
3 1588 1598 1694 
3 1616 1708 1598 
3 459 337 320 
3 562 459 449 
3 337 249 230 
3 666 562 556 
3 171 249 193 
3 193 172 142 
3 663 767 666 
3 172 176 147 
3 764 864 767 
3 860 964 864 
3 176 197 169 
3 197 238 205 
3 275 246 238 
3 346 298 275 
3 298 375 323 
3 323 403 345 
3 1612 1700 1591 
3 1633 1714 1612 
3 1591 1700 1683 
3 1572 1679 1654 
3 1600 1679 1572 
3 1710 1600 1629 
3 1629 1662 1744 
3 1683 1776 1662 
3 1634 1733 1620 
3 1654 1747 1634 
3 1620 1724 1613 
3 1711 1602 1613 
3 1594 1602 1703 
3 1633 1553 1664 
3 1582 1594 1690 
3 1553 1579 1664 
3 1590 1588 1691 
3 1691 1688 1590 
3 1664 1579 1688 
3 1062 1051 963 
3 1164 1150 1062 
3 1267 1257 1164 
3 1360 1267 1368 
3 1472 1465 1368 
3 1582 1574 1472 
3 1051 959 963 
3 860 959 964 
3 371 412 321 
3 474 412 512 
3 924 1015 896 
3 833 924 808 
3 722 742 833 
3 653 742 631 
3 1091 973 1015 
3 1091 1181 1066 
3 577 653 543 
3 1181 1272 1156 
3 1272 1364 1247 
3 512 577 474 
3 1453 1432 1342 
3 1524 1432 1543 
3 1342 1364 1453 
3 1524 1635 1616 
3 345 425 371 
3 1598 1708 1694 
3 1588 1694 1691 
3 1728 1708 1616 
3 472 337 459 
3 562 574 459 
3 361 249 337 
3 671 562 666 
3 193 249 270 
3 224 172 193 
3 666 767 771 
3 195 176 172 
3 767 864 873 
3 964 1007 864 
3 200 197 176 
3 228 238 197 
3 238 261 275 
3 275 318 346 
3 346 375 298 
3 375 403 323 
3 403 425 345 
3 1612 1714 1700 
3 1741 1714 1633 
3 1683 1700 1809 
3 1654 1679 1766 
3 1710 1679 1600 
3 1629 1744 1710 
3 1662 1776 1744 
3 1683 1809 1776 
3 1733 1724 1620 
3 1747 1733 1634 
3 1654 1766 1747 
3 1724 1711 1613 
3 1703 1602 1711 
3 1690 1594 1703 
3 1664 1741 1633 
3 1690 1680 1582 
3 1791 1688 1691 
3 1688 1774 1664 
3 1062 1150 1051 
3 1164 1257 1150 
3 1360 1257 1267 
3 1368 1465 1360 
3 1472 1574 1465 
3 1582 1680 1574 
3 1037 959 1051 
3 964 959 1037 
3 465 412 371 
3 512 412 465 
3 924 1029 1015 
3 833 938 924 
3 742 846 833 
3 653 755 742 
3 1015 1122 1091 
3 1206 1181 1091 
3 678 653 577 
3 1293 1272 1181 
3 1272 1382 1364 
3 618 577 512 
3 1543 1432 1453 
3 1543 1635 1524 
3 1453 1364 1473 
3 1616 1635 1728 
3 371 425 465 
3 1694 1708 1799 
3 1694 1785 1691 
3 1819 1708 1728 
3 459 574 472 
3 472 361 337 
3 671 574 562 
3 270 249 361 
3 771 671 666 
3 224 193 270 
3 195 172 224 
3 771 767 873 
3 200 176 195 
3 864 1007 873 
3 1037 1007 964 
3 200 228 197 
3 228 261 238 
3 261 318 275 
3 346 318 396 
3 429 375 346 
3 462 403 375 
3 490 425 403 
3 1700 1714 1784 
3 1815 1714 1741 
3 1809 1700 1784 
3 1766 1679 1792 
3 1792 1679 1710 
3 1744 1825 1710 
3 1744 1776 1857 
3 1809 1895 1776 
3 1733 1832 1724 
3 1747 1846 1733 
3 1747 1766 1858 
3 1724 1821 1711 
3 1703 1711 1813 
3 1690 1703 1802 
3 1664 1774 1741 
3 1788 1680 1690 
3 1691 1785 1791 
3 1791 1774 1688 
3 1150 1141 1051 
3 1257 1242 1150 
3 1348 1257 1360 
3 1360 1465 1455 
3 1465 1574 1559 
3 1680 1669 1574 
3 1051 1141 1037 
3 465 549 512 
3 1015 1029 1122 
3 938 1029 924 
3 833 846 938 
3 755 846 742 
3 678 755 653 
3 1122 1206 1091 
3 1293 1181 1206 
3 678 577 618 
3 1293 1382 1272 
3 1364 1382 1473 
3 512 549 618 
3 1453 1564 1543 
3 1658 1635 1543 
3 1473 1564 1453 
3 1728 1635 1748 
3 465 425 519 
3 1799 1708 1819 
3 1694 1799 1785 
3 1728 1840 1819 
3 472 574 586 
3 489 361 472 
3 679 574 671 
3 361 380 270 
3 771 779 671 
3 270 286 224 
3 224 245 195 
3 873 879 771 
3 195 226 200 
3 873 1007 997 
3 1037 1125 1007 
3 233 228 200 
3 253 261 228 
3 287 318 261 
3 396 318 357 
3 396 429 346 
3 429 462 375 
3 462 490 403 
3 519 425 490 
3 1784 1714 1815 
3 1741 1849 1815 
3 1872 1809 1784 
3 1792 1879 1766 
3 1710 1825 1792 
3 1857 1825 1744 
3 1776 1895 1857 
3 1809 1936 1895 
3 1832 1821 1724 
3 1846 1832 1733 
3 1747 1858 1846 
3 1766 1879 1858 
3 1711 1821 1813 
3 1703 1813 1802 
3 1690 1802 1788 
3 1774 1849 1741 
3 1777 1680 1788 
3 1791 1785 1868 
3 1791 1874 1774 
3 1150 1242 1141 
3 1348 1242 1257 
3 1360 1455 1348 
3 1455 1465 1559 
3 1574 1669 1559 
3 1777 1669 1680 
3 1037 1141 1125 
3 519 549 465 
3 1122 1029 1137 
3 938 1044 1029 
3 938 846 952 
3 857 846 755 
3 678 784 755 
3 1122 1228 1206 
3 1206 1315 1293 
3 618 726 678 
3 1404 1382 1293 
3 1473 1382 1497 
3 549 655 618 
3 1543 1564 1658 
3 1748 1635 1658 
3 1473 1586 1564 
3 1748 1840 1728 
3 1819 1909 1799 
3 1785 1799 1882 
3 1819 1840 1935 
3 586 574 679 
3 586 489 472 
3 489 380 361 
3 671 779 679 
3 380 286 270 
3 879 779 771 
3 286 245 224 
3 245 226 195 
3 873 997 879 
3 200 226 233 
3 997 1007 1109 
3 1007 1125 1109 
3 253 228 233 
3 287 261 253 
3 357 318 287 
3 357 438 396 
3 396 496 429 
3 521 462 429 
3 536 490 462 
3 490 573 519 
3 1784 1815 1872 
3 1849 1914 1815 
3 1872 1936 1809 
3 1792 1904 1879 
3 1792 1825 1904 
3 1940 1825 1857 
3 1857 1895 1972 
3 1895 1936 2010 
3 1832 1933 1821 
3 1846 1943 1832 
3 1858 1959 1846 
3 1879 1969 1858 
3 1821 1922 1813 
3 1813 1907 1802 
3 1802 1899 1788 
3 1774 1874 1849 
3 1888 1777 1788 
3 1868 1785 1882 
3 1868 1874 1791 
3 1242 1231 1141 
3 1348 1337 1242 
3 1455 1441 1348 
3 1559 1549 1455 
3 1669 1659 1559 
3 1777 1762 1669 
3 1141 1231 1125 
3 615 549 519 
3 1029 1044 1137 
3 1137 1228 1122 
3 952 1044 938 
3 952 846 857 
3 755 784 857 
3 726 784 678 
3 1206 1228 1315 
3 1315 1404 1293 
3 655 726 618 
3 1497 1382 1404 
3 1497 1586 1473 
3 615 655 549 
3 1564 1677 1658 
3 1658 1770 1748 
3 1564 1586 1677 
3 1748 1860 1840 
3 1799 1909 1882 
3 1935 1909 1819 
3 1840 1956 1935 
3 679 693 586 
3 602 489 586 
3 508 380 489 
3 679 779 786 
3 410 286 380 
3 886 779 879 
3 322 245 286 
3 271 226 245 
3 997 991 879 
3 233 226 255 
3 1097 997 1109 
3 1109 1125 1216 
3 257 253 233 
3 279 287 253 
3 326 357 287 
3 438 496 396 
3 391 438 357 
3 496 521 429 
3 521 536 462 
3 536 573 490 
3 519 573 615 
3 1815 1914 1872 
3 1849 1945 1914 
3 1872 1985 1936 
3 1904 1990 1879 
3 1904 1825 1940 
3 1857 1972 1940 
3 1972 1895 2010 
3 1936 2054 2010 
3 1821 1933 1922 
3 1832 1943 1933 
3 1959 1943 1846 
3 1858 1969 1959 
3 1879 1990 1969 
3 1922 1907 1813 
3 1802 1907 1899 
3 1788 1899 1888 
3 1874 1945 1849 
3 1888 1871 1777 
3 1882 1953 1868 
3 1950 1874 1868 
3 1242 1337 1231 
3 1441 1337 1348 
3 1455 1549 1441 
3 1559 1659 1549 
3 1669 1762 1659 
3 1777 1871 1762 
3 1125 1231 1216 
3 1137 1044 1155 
3 1246 1228 1137 
3 1059 1044 952 
3 857 967 952 
3 857 784 902 
3 726 837 784 
3 1315 1228 1340 
3 1315 1428 1404 
3 768 726 655 
3 1404 1519 1497 
3 1497 1609 1586 
3 615 721 655 
3 1658 1677 1770 
3 1770 1860 1748 
3 1586 1699 1677 
3 1860 1956 1840 
3 1909 1953 1882 
3 2024 1909 1935 
3 1935 1956 2042 
3 586 693 602 
3 786 693 679 
3 602 508 489 
3 410 380 508 
3 786 779 886 
3 410 322 286 
3 879 991 886 
3 271 245 322 
3 255 226 271 
3 1097 991 997 
3 255 257 233 
3 1202 1097 1109 
3 1109 1216 1202 
3 257 279 253 
3 279 326 287 
3 326 391 357 
3 533 496 438 
3 477 438 391 
3 599 521 496 
3 571 536 521 
3 626 573 536 
3 615 573 661 
3 1872 1914 1985 
3 1914 1945 2019 
3 1936 1985 2054 
3 2021 1990 1904 
3 1940 2021 1904 
3 1972 2057 1940 
3 1972 2010 2085 
3 2010 2054 2126 
3 1922 1933 2033 
3 1933 1943 2043 
3 2056 1943 1959 
3 1959 1969 2066 
3 1969 1990 2077 
3 1922 2022 1907 
3 1907 2008 1899 
3 1899 1997 1888 
3 1950 1945 1874 
3 1982 1871 1888 
3 1868 1953 1950 
3 1231 1337 1324 
3 1429 1337 1441 
3 1549 1536 1441 
3 1549 1659 1642 
3 1659 1762 1750 
3 1871 1855 1762 
3 1216 1231 1324 
3 1155 1044 1059 
3 1155 1246 1137 
3 1340 1228 1246 
3 967 1059 952 
3 902 967 857 
3 784 837 902 
3 768 837 726 
3 1340 1428 1315 
3 1404 1428 1519 
3 721 768 655 
3 1519 1609 1497 
3 1609 1699 1586 
3 661 721 615 
3 1677 1789 1770 
3 1770 1884 1860 
3 1699 1789 1677 
3 1970 1956 1860 
3 1953 1909 2030 
3 1935 2042 2024 
3 2030 1909 2024 
3 2042 1956 2060 
3 693 701 602 
3 786 796 693 
3 602 611 508 
3 508 523 410 
3 886 892 786 
3 433 322 410 
3 991 989 886 
3 322 356 271 
3 305 255 271 
3 1089 991 1097 
3 281 257 255 
3 1202 1192 1097 
3 1216 1309 1202 
3 283 279 257 
3 308 326 279 
3 355 391 326 
3 477 533 438 
3 599 496 533 
3 416 477 391 
3 571 521 599 
3 626 536 571 
3 661 573 626 
3 1914 2019 1985 
3 2019 1945 1950 
3 2054 1985 2083 
3 2021 2100 1990 
3 1940 2057 2021 
3 2085 2057 1972 
3 2085 2010 2126 
3 2126 2054 2155 
3 2033 1933 2043 
3 2033 2022 1922 
3 2043 1943 2056 
3 1959 2066 2056 
3 1969 2077 2066 
3 1990 2100 2077 
3 2022 2008 1907 
3 2008 1997 1899 
3 1888 1997 1982 
3 1967 1871 1982 
3 1950 1953 2032 
3 1324 1337 1429 
3 1441 1536 1429 
3 1642 1536 1549 
3 1642 1659 1750 
3 1762 1855 1750 
3 1967 1855 1871 
3 1324 1309 1216 
3 1059 1178 1155 
3 1155 1269 1246 
3 1246 1358 1340 
3 967 1087 1059 
3 902 1010 967 
3 837 927 902 
3 928 837 768 
3 1340 1448 1428 
3 1428 1540 1519 
3 721 834 768 
3 1519 1628 1609 
3 1718 1699 1609 
3 758 721 661 
3 1789 1884 1770 
3 1860 1884 1970 
3 1811 1789 1699 
3 2060 1956 1970 
3 2032 1953 2030 
3 2024 2042 2137 
3 2024 2123 2030 
3 2151 2042 2060 
3 701 611 602 
3 693 796 701 
3 892 796 786 
3 611 523 508 
3 523 433 410 
3 886 989 892 
3 433 356 322 
3 1089 989 991 
3 271 356 305 
3 305 281 255 
3 1097 1192 1089 
3 281 283 257 
3 1202 1294 1192 
3 1309 1294 1202 
3 308 279 283 
3 355 326 308 
3 416 391 355 
3 477 551 533 
3 625 599 533 
3 500 477 416 
3 599 654 571 
3 654 626 571 
3 626 717 661 
3 1985 2019 2083 
3 2032 2019 1950 
3 2155 2054 2083 
3 2133 2100 2021 
3 2021 2057 2133 
3 2085 2166 2057 
3 2126 2202 2085 
3 2126 2155 2238 
3 2043 2148 2033 
3 2033 2138 2022 
3 2056 2154 2043 
3 2066 2169 2056 
3 2077 2176 2066 
3 2077 2100 2190 
3 2022 2125 2008 
3 2008 2114 1997 
3 1982 1997 2094 
3 1982 2075 1967 
3 1429 1414 1324 
3 1429 1536 1520 
3 1642 1627 1536 
3 1642 1750 1736 
3 1855 1841 1750 
3 1967 1955 1855 
3 1324 1414 1309 
3 1155 1178 1269 
3 1059 1087 1178 
3 1269 1358 1246 
3 1358 1448 1340 
3 1010 1087 967 
3 927 1010 902 
3 928 927 837 
3 834 928 768 
3 1448 1540 1428 
3 1540 1628 1519 
3 758 834 721 
3 1609 1628 1718 
3 1811 1699 1718 
3 717 758 661 
3 1901 1884 1789 
3 1970 1884 1992 
3 1901 1789 1811 
3 1970 2076 2060 
3 2118 2032 2030 
3 2137 2042 2151 
3 2024 2137 2123 
3 2030 2123 2118 
3 2060 2171 2151 
3 712 611 701 
3 701 796 804 
3 892 907 796 
3 622 523 611 
3 538 433 523 
3 989 1002 892 
3 460 356 433 
3 1089 1090 989 
3 305 356 386 
3 339 281 305 
3 1192 1188 1089 
3 312 283 281 
3 1294 1282 1192 
3 1397 1294 1309 
3 309 308 283 
3 308 335 355 
3 370 416 355 
3 533 551 625 
3 500 551 477 
3 625 685 599 
3 435 500 416 
3 599 685 654 
3 654 717 626 
3 2083 2019 2107 
3 2107 2019 2032 
3 2083 2182 2155 
3 2133 2207 2100 
3 2057 2166 2133 
3 2202 2166 2085 
3 2126 2238 2202 
3 2155 2266 2238 
3 2148 2138 2033 
3 2154 2148 2043 
3 2138 2125 2022 
3 2056 2169 2154 
3 2176 2169 2066 
3 2077 2190 2176 
3 2100 2207 2190 
3 2125 2114 2008 
3 1997 2114 2094 
3 1982 2094 2075 
3 2075 2061 1967 
3 1429 1520 1414 
3 1536 1627 1520 
3 1736 1627 1642 
3 1750 1841 1736 
3 1855 1955 1841 
3 1967 2061 1955 
3 1414 1397 1309 
3 1269 1178 1290 
3 1178 1087 1204 
3 1269 1380 1358 
3 1358 1468 1448 
3 1118 1087 1010 
3 1026 1010 927 
3 1026 927 928 
3 949 928 834 
3 1556 1540 1448 
3 1645 1628 1540 
3 867 834 758 
3 1718 1628 1738 
3 1828 1811 1718 
3 717 820 758 
3 1992 1884 1901 
3 1970 1992 2076 
3 1901 1811 1923 
3 2060 2076 2171 
3 2107 2032 2118 
3 2247 2137 2151 
3 2123 2137 2232 
3 2123 2219 2118 
3 2171 2258 2151 
3 712 701 804 
3 622 611 712 
3 796 907 804 
3 892 1002 907 
3 538 523 622 
3 460 433 538 
3 1090 1002 989 
3 386 356 460 
3 1089 1188 1090 
3 339 305 386 
3 312 281 339 
3 1192 1282 1188 
3 309 283 312 
3 1294 1383 1282 
3 1397 1383 1294 
3 309 335 308 
3 355 335 370 
3 370 435 416 
3 551 644 625 
3 500 578 551 
3 718 685 625 
3 435 514 500 
3 654 685 747 
3 747 717 654 
3 2083 2107 2182 
3 2155 2182 2266 
3 2242 2207 2133 
3 2133 2166 2242 
3 2278 2166 2202 
3 2238 2321 2202 
3 2238 2266 2353 
3 2148 2249 2138 
3 2259 2148 2154 
3 2243 2125 2138 
3 2154 2169 2271 
3 2281 2169 2176 
3 2176 2190 2289 
3 2190 2207 2295 
3 2231 2114 2125 
3 2094 2114 2216 
3 2094 2195 2075 
3 2175 2061 2075 
3 1520 1506 1414 
3 1520 1627 1614 
3 1721 1627 1736 
3 1736 1841 1827 
3 1841 1955 1937 
3 1955 2061 2047 
3 1414 1506 1397 
3 1290 1178 1204 
3 1290 1380 1269 
3 1204 1087 1118 
3 1380 1468 1358 
3 1468 1556 1448 
3 1118 1010 1026 
3 928 1043 1026 
3 867 949 834 
3 949 1043 928 
3 1645 1540 1556 
3 1738 1628 1645 
3 758 820 867 
3 1828 1718 1738 
3 1923 1811 1828 
3 747 820 717 
3 1901 2011 1992 
3 1992 2101 2076 
3 1923 2011 1901 
3 2076 2191 2171 
3 2118 2200 2107 
3 2151 2258 2247 
3 2232 2137 2247 
3 2123 2232 2219 
3 2118 2219 2200 
3 2171 2283 2258 
3 815 712 804 
3 712 724 622 
3 804 907 913 
3 907 1002 1014 
3 622 633 538 
3 547 460 538 
3 1090 1111 1002 
3 386 460 487 
3 1188 1185 1090 
3 413 339 386 
3 364 312 339 
3 1282 1274 1188 
3 336 309 312 
3 1282 1383 1372 
3 1489 1383 1397 
3 333 335 309 
3 370 335 348 
3 392 435 370 
3 644 718 625 
3 551 578 644 
3 514 578 500 
3 718 778 685 
3 457 514 435 
3 685 778 747 
3 2107 2200 2182 
3 2182 2288 2266 
3 2242 2302 2207 
3 2242 2166 2278 
3 2202 2321 2278 
3 2353 2321 2238 
3 2266 2372 2353 
3 2138 2249 2243 
3 2259 2249 2148 
3 2271 2259 2154 
3 2231 2125 2243 
3 2271 2169 2281 
3 2289 2281 2176 
3 2190 2295 2289 
3 2207 2302 2295 
3 2216 2114 2231 
3 2216 2195 2094 
3 2195 2175 2075 
3 2175 2156 2061 
3 1614 1506 1520 
3 1614 1627 1721 
3 1736 1827 1721 
3 1827 1841 1937 
3 1937 1955 2047 
3 2061 2156 2047 
3 1506 1489 1397 
3 1204 1312 1290 
3 1290 1398 1380 
3 1118 1226 1204 
3 1380 1488 1468 
3 1468 1577 1556 
3 1026 1135 1118 
3 1043 1135 1026 
3 867 994 949 
3 1073 1043 949 
3 1556 1668 1645 
3 1645 1757 1738 
3 820 926 867 
3 1738 1851 1828 
3 1828 1944 1923 
3 847 820 747 
3 1992 2011 2101 
3 2076 2101 2191 
3 2036 2011 1923 
3 2191 2283 2171 
3 2247 2258 2356 
3 2232 2247 2339 
3 2219 2232 2326 
3 2200 2219 2305 
3 2258 2283 2371 
3 913 815 804 
3 815 724 712 
3 724 633 622 
3 913 907 1014 
3 1002 1111 1014 
3 538 633 547 
3 487 460 547 
3 1185 1111 1090 
3 386 487 413 
3 1188 1274 1185 
3 364 339 413 
3 336 312 364 
3 1372 1274 1282 
3 336 333 309 
3 1372 1383 1474 
3 1474 1383 1489 
3 348 335 333 
3 370 348 392 
3 457 435 392 
3 737 718 644 
3 578 658 644 
3 597 578 514 
3 718 812 778 
3 531 514 457 
3 747 778 847 
3 2182 2200 2288 
3 2266 2288 2372 
3 2242 2343 2302 
3 2278 2343 2242 
3 2278 2321 2382 
3 2432 2321 2353 
3 2372 2460 2353 
3 2243 2249 2359 
3 2368 2249 2259 
3 2271 2375 2259 
3 2243 2346 2231 
3 2281 2379 2271 
3 2289 2389 2281 
3 2289 2295 2395 
3 2295 2302 2373 
3 2231 2330 2216 
3 2216 2314 2195 
3 2195 2296 2175 
3 2175 2274 2156 
3 1614 1597 1506 
3 1721 1705 1614 
3 1827 1812 1721 
3 1918 1827 1937 
3 2047 2028 1937 
3 2047 2156 2143 
3 1506 1597 1489 
3 1312 1398 1290 
3 1226 1312 1204 
3 1398 1488 1380 
3 1135 1226 1118 
3 1488 1577 1468 
3 1577 1668 1556 
3 1043 1158 1135 
3 949 994 1073 
3 926 994 867 
3 1073 1158 1043 
3 1645 1668 1757 
3 1757 1851 1738 
3 847 926 820 
3 1851 1944 1828 
3 1923 1944 2036 
3 2011 2124 2101 
3 2101 2215 2191 
3 2036 2124 2011 
3 2300 2283 2191 
3 2258 2371 2356 
3 2247 2356 2339 
3 2232 2339 2326 
3 2305 2219 2326 
3 2200 2305 2288 
3 2371 2283 2387 
3 913 917 815 
3 815 821 724 
3 732 633 724 
3 1014 1016 913 
3 1014 1111 1116 
3 547 633 647 
3 567 487 547 
3 1185 1249 1111 
3 487 502 413 
3 1274 1249 1185 
3 432 364 413 
3 383 336 364 
3 1372 1354 1274 
3 354 333 336 
3 1372 1474 1457 
3 1489 1581 1474 
3 352 348 333 
3 392 348 376 
3 392 414 457 
3 644 658 737 
3 737 812 718 
3 597 658 578 
3 531 597 514 
3 778 812 870 
3 482 531 457 
3 847 778 870 
3 2288 2398 2372 
3 2302 2343 2373 
3 2382 2343 2278 
3 2382 2321 2432 
3 2353 2460 2432 
3 2372 2488 2460 
3 2359 2249 2368 
3 2359 2346 2243 
3 2375 2368 2259 
3 2379 2375 2271 
3 2231 2346 2330 
3 2281 2389 2379 
3 2289 2395 2389 
3 2295 2373 2395 
3 2330 2314 2216 
3 2314 2296 2195 
3 2296 2274 2175 
3 2156 2274 2250 
3 1614 1705 1597 
3 1721 1812 1705 
3 1918 1812 1827 
3 1937 2028 1918 
3 2047 2143 2028 
3 2143 2156 2250 
3 1597 1581 1489 
3 1312 1420 1398 
3 1339 1312 1226 
3 1398 1509 1488 
3 1135 1250 1226 
3 1599 1577 1488 
3 1687 1668 1577 
3 1135 1158 1250 
3 994 1112 1073 
3 1032 994 926 
3 1193 1158 1073 
3 1757 1668 1778 
3 1757 1867 1851 
3 948 926 847 
3 1851 1961 1944 
3 1944 2055 2036 
3 2101 2124 2215 
3 2191 2215 2300 
3 2146 2124 2036 
3 2387 2283 2300 
3 2356 2371 2468 
3 2339 2356 2452 
3 2326 2339 2438 
3 2419 2305 2326 
3 2288 2305 2398 
3 2482 2371 2387 
3 815 917 821 
3 1016 917 913 
3 724 821 732 
3 647 633 732 
3 1014 1116 1016 
3 1116 1111 1227 
3 567 547 647 
3 567 502 487 
3 1111 1249 1227 
3 413 502 432 
3 1274 1354 1249 
3 432 383 364 
3 383 354 336 
3 1457 1354 1372 
3 352 333 354 
3 1474 1562 1457 
3 1474 1581 1562 
3 376 348 352 
3 376 414 392 
3 457 414 482 
3 737 658 746 
3 832 812 737 
3 675 658 597 
3 531 613 597 
3 812 909 870 
3 541 531 482 
3 870 948 847 
3 2398 2488 2372 
3 2343 2450 2373 
3 2382 2450 2343 
3 2432 2513 2382 
3 2432 2460 2555 
3 2460 2488 2589 
3 2368 2476 2359 
3 2359 2459 2346 
3 2375 2489 2368 
3 2379 2503 2375 
3 2330 2346 2446 
3 2389 2508 2379 
3 2389 2395 2510 
3 2373 2485 2395 
3 2428 2314 2330 
3 2414 2296 2314 
3 2384 2274 2296 
3 2274 2366 2250 
3 1597 1705 1686 
3 1705 1812 1793 
3 1918 1900 1812 
3 2028 2007 1918 
3 2028 2143 2122 
3 2143 2250 2234 
3 1597 1686 1581 
3 1398 1420 1509 
3 1339 1420 1312 
3 1250 1339 1226 
3 1488 1509 1599 
3 1687 1577 1599 
3 1778 1668 1687 
3 1250 1158 1279 
3 1073 1112 1193 
3 1032 1112 994 
3 948 1032 926 
3 1279 1158 1193 
3 1778 1867 1757 
3 1867 1961 1851 
3 1944 1961 2055 
3 2036 2055 2146 
3 2215 2124 2235 
3 2215 2327 2300 
3 2235 2124 2146 
3 2300 2415 2387 
3 2468 2371 2482 
3 2356 2468 2452 
3 2339 2452 2438 
3 2326 2438 2419 
3 2398 2305 2419 
3 2387 2505 2482 
3 821 917 916 
3 1016 1011 917 
3 821 825 732 
3 732 739 647 
3 1116 1106 1016 
3 1227 1212 1116 
3 647 656 567 
3 587 502 567 
3 1249 1335 1227 
3 432 502 518 
3 1354 1335 1249 
3 432 455 383 
3 406 354 383 
3 1444 1354 1457 
3 379 352 354 
3 1457 1562 1548 
3 1562 1581 1670 
3 373 376 352 
3 390 414 376 
3 482 414 428 
3 746 658 675 
3 746 832 737 
3 832 909 812 
3 613 675 597 
3 541 613 531 
3 909 969 870 
3 482 494 541 
3 870 969 948 
3 2518 2488 2398 
3 2373 2450 2485 
3 2382 2513 2450 
3 2432 2555 2513 
3 2555 2460 2589 
3 2589 2488 2635 
3 2476 2459 2359 
3 2489 2476 2368 
3 2346 2459 2446 
3 2503 2489 2375 
3 2379 2508 2503 
3 2446 2428 2330 
3 2510 2508 2389 
3 2395 2485 2510 
3 2414 2314 2428 
3 2384 2296 2414 
3 2384 2366 2274 
3 2366 2345 2250 
3 1686 1705 1793 
3 1812 1900 1793 
3 1918 2007 1900 
3 2122 2007 2028 
3 2143 2234 2122 
3 2250 2345 2234 
3 1581 1686 1670 
3 1420 1528 1509 
3 1445 1420 1339 
3 1250 1362 1339 
3 1509 1618 1599 
3 1706 1687 1599 
3 1687 1796 1778 
3 1279 1362 1250 
3 1193 1112 1221 
3 1136 1112 1032 
3 948 1050 1032 
3 1305 1279 1193 
3 1890 1867 1778 
3 1867 1977 1961 
3 2055 1961 2069 
3 2055 2162 2146 
3 2235 2327 2215 
3 2300 2327 2415 
3 2146 2251 2235 
3 2415 2505 2387 
3 2594 2468 2482 
3 2452 2468 2575 
3 2438 2452 2562 
3 2419 2438 2541 
3 2398 2419 2518 
3 2482 2505 2605 
3 917 1011 916 
3 916 825 821 
3 1106 1011 1016 
3 732 825 739 
3 739 656 647 
3 1116 1212 1106 
3 1321 1212 1227 
3 656 587 567 
3 518 502 587 
3 1227 1335 1321 
3 518 455 432 
3 1444 1335 1354 
3 455 406 383 
3 379 354 406 
3 1457 1548 1444 
3 373 352 379 
3 1548 1562 1653 
3 1653 1562 1670 
3 390 376 373 
3 428 414 390 
3 428 494 482 
3 746 675 757 
3 746 842 832 
3 832 925 909 
3 699 675 613 
3 628 613 541 
3 1004 969 909 
3 494 552 541 
3 948 969 1050 
3 2635 2488 2518 
3 2485 2450 2571 
3 2450 2513 2571 
3 2513 2555 2663 
3 2589 2719 2555 
3 2589 2635 2759 
3 2591 2459 2476 
3 2615 2476 2489 
3 2446 2459 2568 
3 2503 2634 2489 
3 2508 2645 2503 
3 2446 2547 2428 
3 2640 2508 2510 
3 2485 2624 2510 
3 2428 2532 2414 
3 2414 2512 2384 
3 2384 2481 2366 
3 2366 2454 2345 
3 1686 1793 1775 
3 1793 1900 1885 
3 1900 2007 1988 
3 2093 2007 2122 
3 2234 2206 2122 
3 2234 2345 2322 
3 1670 1686 1775 
3 1528 1618 1509 
3 1445 1528 1420 
3 1362 1445 1339 
3 1599 1618 1706 
3 1706 1796 1687 
3 1778 1796 1890 
3 1279 1386 1362 
3 1221 1112 1136 
3 1221 1305 1193 
3 1050 1136 1032 
3 1305 1386 1279 
3 1890 1977 1867 
3 1961 1977 2069 
3 2055 2069 2162 
3 2146 2162 2251 
3 2348 2327 2235 
3 2415 2327 2439 
3 2235 2251 2348 
3 2520 2505 2415 
3 2482 2605 2594 
3 2575 2468 2594 
3 2452 2575 2562 
3 2438 2562 2541 
3 2419 2541 2518 
3 2505 2609 2605 
3 916 1011 995 
3 916 908 825 
3 1106 1094 1011 
3 739 825 810 
3 735 656 739 
3 1106 1212 1197 
3 1306 1212 1321 
3 668 587 656 
3 606 518 587 
3 1321 1335 1427 
3 532 455 518 
3 1427 1335 1444 
3 478 406 455 
3 423 379 406 
3 1548 1535 1444 
3 395 373 379 
3 1653 1637 1548 
3 1670 1753 1653 
3 390 373 384 
3 398 428 390 
3 437 494 428 
3 757 675 699 
3 757 842 746 
3 832 842 925 
3 925 1004 909 
3 699 613 628 
3 541 552 628 
3 1004 1078 969 
3 501 552 494 
3 969 1078 1050 
3 2518 2670 2635 
3 2571 2624 2485 
3 2513 2663 2571 
3 2555 2719 2663 
3 2759 2719 2589 
3 2759 2635 2788 
3 2591 2476 2615 
3 2568 2459 2591 
3 2489 2634 2615 
3 2568 2547 2446 
3 2645 2634 2503 
3 2640 2645 2508 
3 2547 2532 2428 
3 2510 2624 2640 
3 2532 2512 2414 
3 2512 2481 2384 
3 2481 2454 2366 
3 2454 2430 2345 
3 1775 1793 1885 
3 1885 1900 1988 
3 1988 2007 2093 
3 2122 2206 2093 
3 2234 2322 2206 
3 2345 2430 2322 
3 1775 1753 1670 
3 1528 1632 1618 
3 1546 1528 1445 
3 1362 1467 1445 
3 1618 1722 1706 
3 1810 1796 1706 
3 1890 1796 1902 
3 1386 1467 1362 
3 1136 1240 1221 
3 1221 1327 1305 
3 1050 1157 1136 
3 1305 1411 1386 
3 1996 1977 1890 
3 2069 1977 2086 
3 2069 2179 2162 
3 2162 2273 2251 
3 2439 2327 2348 
3 2415 2439 2520 
3 2348 2251 2365 
3 2520 2609 2505 
3 2594 2605 2750 
3 2741 2575 2594 
3 2562 2575 2726 
3 2541 2562 2701 
3 2541 2670 2518 
3 2605 2609 2748 
3 1011 1094 995 
3 995 908 916 
3 825 908 810 
3 1197 1094 1106 
3 735 739 810 
3 668 656 735 
3 1197 1212 1306 
3 1321 1408 1306 
3 668 606 587 
3 532 518 606 
3 1427 1408 1321 
3 478 455 532 
3 1444 1535 1427 
3 423 406 478 
3 395 379 423 
3 1548 1637 1535 
3 384 373 395 
3 1653 1740 1637 
3 1653 1753 1740 
3 384 398 390 
3 437 428 398 
3 501 494 437 
3 699 780 757 
3 850 842 757 
3 842 935 925 
3 1020 1004 925 
3 628 713 699 
3 552 636 628 
3 1096 1078 1004 
3 560 552 501 
3 1078 1157 1050 
3 2635 2670 2788 
3 2734 2624 2571 
3 2571 2663 2734 
3 2663 2719 2813 
3 2852 2719 2759 
3 2788 2872 2759 
3 2615 2754 2591 
3 2591 2733 2568 
3 2615 2634 2772 
3 2568 2707 2547 
3 2785 2634 2645 
3 2784 2645 2640 
3 2547 2681 2532 
3 2640 2624 2771 
3 2532 2652 2512 
3 2613 2481 2512 
3 2574 2454 2481 
3 2544 2430 2454 
3 1885 1861 1775 
3 1885 1988 1968 
3 2093 2071 1988 
3 2093 2206 2180 
3 2322 2293 2206 
3 2322 2430 2408 
3 1775 1861 1753 
3 1632 1722 1618 
3 1546 1632 1528 
3 1467 1546 1445 
3 1706 1722 1810 
3 1902 1796 1810 
3 1996 1890 1902 
3 1386 1493 1467 
3 1221 1240 1327 
3 1157 1240 1136 
3 1327 1411 1305 
3 1411 1493 1386 
3 2086 1977 1996 
3 2086 2179 2069 
3 2162 2179 2273 
3 2251 2273 2365 
3 2348 2458 2439 
3 2520 2439 2572 
3 2365 2458 2348 
3 2572 2609 2520 
3 2750 2605 2748 
3 2750 2741 2594 
3 2726 2575 2741 
3 2701 2562 2726 
3 2701 2670 2541 
3 2748 2609 2736 
3 995 1094 1081 
3 979 908 995 
3 810 908 880 
3 1184 1094 1197 
3 810 776 735 
3 735 776 668 
3 1197 1306 1286 
3 1408 1394 1306 
3 668 689 606 
3 606 617 532 
3 1427 1518 1408 
3 540 478 532 
3 1535 1518 1427 
3 491 423 478 
3 434 395 423 
3 1637 1621 1535 
3 399 384 395 
3 1740 1727 1637 
3 1740 1753 1844 
3 387 398 384 
3 407 437 398 
3 442 501 437 
3 780 850 757 
3 713 780 699 
3 850 935 842 
3 935 1020 925 
3 1020 1096 1004 
3 628 636 713 
3 560 636 552 
3 1096 1179 1078 
3 507 560 501 
3 1078 1179 1157 
3 2670 2819 2788 
3 2771 2624 2734 
3 2663 2813 2734 
3 2813 2719 2852 
3 2759 2872 2852 
3 2788 2907 2872 
3 2754 2733 2591 
3 2772 2754 2615 
3 2733 2707 2568 
3 2772 2634 2785 
3 2707 2681 2547 
3 2785 2645 2784 
3 2771 2784 2640 
3 2681 2652 2532 
3 2512 2652 2613 
3 2574 2481 2613 
3 2544 2454 2574 
3 2544 2517 2430 
3 1968 1861 1885 
3 1988 2071 1968 
3 2180 2071 2093 
3 2206 2293 2180 
3 2322 2408 2293 
3 2430 2517 2408 
3 1753 1861 1844 
3 1632 1737 1722 
3 1646 1632 1546 
3 1467 1567 1546 
3 1810 1722 1823 
3 1810 1910 1902 
3 1902 2006 1996 
3 1467 1493 1567 
3 1240 1351 1327 
3 1266 1240 1157 
3 1327 1436 1411 
3 1533 1493 1411 
3 1996 2102 2086 
3 2086 2196 2179 
3 2179 2292 2273 
3 2273 2378 2365 
3 2439 2458 2572 
3 2365 2478 2458 
3 2736 2609 2572 
3 2750 2748 2856 
3 2750 2861 2741 
3 2726 2741 2859 
3 2701 2726 2842 
3 2701 2819 2670 
3 2748 2736 2844 
3 1081 1094 1184 
3 995 1081 979 
3 880 908 979 
3 880 776 810 
3 1197 1286 1184 
3 668 776 775 
3 1306 1394 1286 
3 1499 1394 1408 
3 689 617 606 
3 775 689 668 
3 617 540 532 
3 1518 1499 1408 
3 491 478 540 
3 1535 1621 1518 
3 434 423 491 
3 399 395 434 
3 1637 1727 1621 
3 387 384 399 
3 1740 1834 1727 
3 1844 1834 1740 
3 407 398 387 
3 442 437 407 
3 507 501 442 
3 862 850 780 
3 800 780 713 
3 945 935 850 
3 1033 1020 935 
3 1117 1096 1020 
3 713 636 728 
3 645 636 560 
3 1198 1179 1096 
3 507 570 560 
3 1179 1266 1157 
3 2788 2819 2907 
3 2734 2857 2771 
3 2734 2813 2857 
3 2932 2813 2852 
3 2852 2872 2948 
3 2872 2907 2942 
3 2754 2854 2733 
3 2772 2870 2754 
3 2733 2836 2707 
3 2785 2889 2772 
3 2817 2681 2707 
3 2784 2892 2785 
3 2771 2882 2784 
3 2795 2652 2681 
3 2652 2762 2613 
3 2729 2574 2613 
3 2574 2690 2544 
3 2648 2517 2544 
3 1946 1861 1968 
3 1968 2071 2052 
3 2153 2071 2180 
3 2293 2263 2180 
3 2408 2370 2293 
3 2408 2517 2479 
3 1844 1861 1946 
3 1722 1737 1823 
3 1646 1737 1632 
3 1567 1646 1546 
3 1823 1910 1810 
3 1902 1910 2006 
3 2006 2102 1996 
3 1493 1573 1567 
3 1351 1436 1327 
3 1266 1351 1240 
3 1411 1436 1533 
3 1533 1573 1493 
3 2086 2102 2196 
3 2179 2196 2292 
3 2273 2292 2378 
3 2378 2478 2365 
3 2458 2583 2572 
3 2458 2478 2583 
3 2572 2725 2736 
3 2748 2844 2856 
3 2856 2861 2750 
3 2741 2861 2859 
3 2842 2726 2859 
3 2842 2819 2701 
3 2736 2828 2844 
3 1184 1165 1081 
3 1081 1057 979 
3 979 962 880 
3 880 868 776 
3 1286 1270 1184 
3 776 868 775 
3 1286 1394 1375 
3 1481 1394 1499 
3 698 617 689 
3 773 689 775 
3 621 540 617 
3 1518 1605 1499 
3 542 491 540 
3 1621 1605 1518 
3 492 434 491 
3 427 399 434 
3 1727 1712 1621 
3 393 387 399 
3 1834 1822 1727 
3 1844 1927 1834 
3 387 402 407 
3 402 442 407 
3 440 507 442 
3 800 862 780 
3 862 945 850 
3 800 713 728 
3 1033 935 945 
3 1033 1117 1020 
3 1117 1198 1096 
3 728 636 645 
3 560 570 645 
3 1284 1179 1198 
3 503 570 507 
3 1284 1266 1179 
3 2907 2819 2927 
3 2857 2882 2771 
3 2857 2813 2908 
3 2852 2948 2932 
3 2908 2813 2932 
3 2872 2942 2948 
3 2942 2907 2964 
3 2733 2854 2836 
3 2870 2854 2754 
3 2772 2889 2870 
3 2836 2817 2707 
3 2892 2889 2785 
3 2795 2681 2817 
3 2882 2892 2784 
3 2795 2762 2652 
3 2613 2762 2729 
3 2729 2690 2574 
3 2544 2690 2648 
3 2597 2517 2648 
3 1968 2052 1946 
3 2052 2071 2153 
3 2180 2263 2153 
3 2370 2263 2293 
3 2408 2479 2370 
3 2479 2517 2597 
3 1946 1927 1844 
3 1737 1836 1823 
3 1646 1751 1737 
3 1567 1660 1646 
3 1921 1910 1823 
3 2006 1910 2014 
3 2006 2116 2102 
3 1573 1660 1567 
3 1461 1436 1351 
3 1374 1351 1266 
3 1533 1436 1554 
3 1533 1651 1573 
3 2102 2212 2196 
3 2196 2304 2292 
3 2292 2402 2378 
3 2496 2478 2378 
3 2572 2583 2725 
3 2478 2598 2583 
3 2736 2725 2828 
3 2856 2844 2922 
3 2856 2934 2861 
3 2859 2861 2939 
3 2842 2859 2937 
3 2927 2819 2842 
3 2844 2828 2906 
3 1081 1165 1057 
3 1270 1165 1184 
3 979 1057 962 
3 962 868 880 
3 1286 1375 1270 
3 868 859 775 
3 1375 1394 1481 
3 1499 1589 1481 
3 698 689 773 
3 621 617 698 
3 775 859 773 
3 542 540 621 
3 1605 1589 1499 
3 492 491 542 
3 1621 1712 1605 
3 427 434 492 
3 393 399 427 
3 1727 1822 1712 
3 374 387 393 
3 1834 1958 1822 
3 1927 1958 1834 
3 402 387 374 
3 440 442 402 
3 440 503 507 
3 885 862 800 
3 958 945 862 
3 728 817 800 
3 1041 1033 945 
3 1128 1117 1033 
3 1214 1198 1117 
3 645 731 728 
3 570 649 645 
3 1198 1303 1284 
3 565 570 503 
3 1374 1266 1284 
3 2907 2927 2964 
3 2941 2882 2857 
3 2857 2908 2941 
3 2948 2975 2932 
3 2963 2908 2932 
3 2942 2976 2948 
3 2964 2976 2942 
3 2836 2854 2930 
3 2936 2854 2870 
3 2870 2889 2950 
3 2836 2918 2817 
3 2953 2889 2892 
3 2817 2904 2795 
3 2952 2892 2882 
3 2795 2878 2762 
3 2729 2762 2845 
3 2729 2810 2690 
3 2690 2776 2648 
3 2648 2735 2597 
3 2052 2018 1946 
3 2153 2129 2052 
3 2153 2263 2236 
3 2344 2263 2370 
3 2479 2449 2370 
3 2597 2560 2479 
3 1946 2018 1927 
3 1823 1836 1921 
3 1751 1836 1737 
3 1660 1751 1646 
3 2014 1910 1921 
3 2014 2116 2006 
3 2102 2116 2212 
3 1573 1651 1660 
3 1374 1461 1351 
3 1554 1436 1461 
3 1554 1655 1533 
3 1655 1651 1533 
3 2196 2212 2304 
3 2292 2304 2402 
3 2378 2402 2496 
3 2496 2598 2478 
3 2725 2583 2728 
3 2583 2598 2728 
3 2828 2725 2823 
3 2844 2906 2922 
3 2922 2934 2856 
3 2861 2934 2939 
3 2859 2939 2937 
3 2842 2937 2927 
3 2906 2828 2898 
3 1057 1165 1146 
3 1254 1165 1270 
3 1057 1049 962 
3 957 868 962 
3 1375 1355 1270 
3 957 859 868 
3 1481 1462 1375 
3 1481 1589 1569 
3 762 698 773 
3 683 621 698 
3 773 859 854 
3 610 542 621 
3 1695 1589 1605 
3 535 492 542 
3 1712 1695 1605 
3 492 473 427 
3 427 411 393 
3 1712 1822 1804 
3 393 367 374 
3 1958 1924 1822 
3 1927 2018 1958 
3 374 388 402 
3 402 388 440 
3 424 503 440 
3 800 817 885 
3 885 958 862 
3 958 1041 945 
3 731 817 728 
3 1041 1128 1033 
3 1128 1214 1117 
3 1214 1303 1198 
3 649 731 645 
3 565 649 570 
3 1303 1393 1284 
3 493 565 503 
3 1284 1393 1374 
3 2927 2978 2964 
3 2952 2882 2941 
3 2941 2908 2963 
3 2932 2975 2963 
3 2948 2976 2975 
3 2989 2976 2964 
3 2930 2854 2936 
3 2930 2918 2836 
3 2950 2936 2870 
3 2950 2889 2953 
3 2817 2918 2904 
3 2953 2892 2952 
3 2904 2878 2795 
3 2762 2878 2845 
3 2729 2845 2810 
3 2810 2776 2690 
3 2776 2735 2648 
3 2735 2687 2597 
3 2129 2018 2052 
3 2153 2236 2129 
3 2236 2263 2344 
3 2370 2449 2344 
3 2560 2449 2479 
3 2597 2687 2560 
3 1921 1836 1925 
3 1751 1864 1836 
3 1760 1751 1660 
3 1921 2012 2014 
3 2014 2119 2116 
3 2116 2226 2212 
3 1651 1760 1660 
3 1480 1461 1374 
3 1461 1575 1554 
3 1667 1655 1554 
3 1655 1761 1651 
3 2212 2318 2304 
3 2304 2412 2402 
3 2402 2504 2496 
3 2496 2604 2598 
3 2823 2725 2728 
3 2728 2598 2723 
3 2898 2828 2823 
3 2922 2906 2938 
3 2956 2934 2922 
3 2939 2934 2968 
3 2939 2979 2937 
3 2937 2978 2927 
3 2906 2898 2926 
3 1146 1165 1254 
3 1146 1049 1057 
3 1270 1355 1254 
3 962 1049 957 
3 1375 1462 1355 
3 954 859 957 
3 1481 1569 1462 
3 1589 1674 1569 
3 762 773 854 
3 683 698 762 
3 610 621 683 
3 854 859 954 
3 535 542 610 
3 1695 1674 1589 
3 535 473 492 
3 1712 1804 1695 
3 473 411 427 
3 411 367 393 
3 1822 1924 1804 
3 367 351 374 
3 2050 1924 1958 
3 1958 2018 2089 
3 351 388 374 
3 388 424 440 
3 493 503 424 
3 817 905 885 
3 971 958 885 
3 958 1054 1041 
3 822 817 731 
3 1142 1128 1041 
3 1229 1214 1128 
3 1319 1303 1214 
3 736 731 649 
3 646 649 565 
3 1407 1393 1303 
3 554 565 493 
3 1393 1480 1374 
3 2964 2978 2989 
3 2941 2982 2952 
3 2941 2963 2982 
3 2963 2975 2991 
3 2975 2976 2993 
3 2993 2976 2989 
3 2936 2974 2930 
3 2966 2918 2930 
3 2950 2983 2936 
3 2953 2990 2950 
3 2904 2918 2959 
3 2952 2987 2953 
3 2945 2878 2904 
3 2845 2878 2924 
3 2845 2896 2810 
3 2864 2776 2810 
3 2776 2825 2735 
3 2790 2687 2735 
3 2089 2018 2129 
3 2236 2199 2129 
3 2344 2311 2236 
3 2344 2449 2420 
3 2560 2522 2449 
3 2560 2687 2646 
3 1836 1864 1925 
3 1925 2012 1921 
3 1760 1864 1751 
3 2012 2119 2014 
3 2119 2226 2116 
3 2212 2226 2318 
3 1651 1761 1760 
3 1480 1575 1461 
3 1575 1667 1554 
3 1768 1655 1667 
3 1768 1761 1655 
3 2304 2318 2412 
3 2402 2412 2504 
3 2504 2604 2496 
3 2598 2604 2723 
3 2728 2816 2823 
3 2728 2723 2816 
3 2823 2888 2898 
3 2906 2926 2938 
3 2922 2938 2956 
3 2968 2934 2956 
3 2939 2968 2979 
3 2937 2979 2978 
3 2898 2917 2926 
3 1254 1234 1146 
3 1146 1131 1049 
3 1355 1341 1254 
3 1049 1039 957 
3 1462 1443 1355 
3 957 1039 954 
3 1569 1551 1462 
3 1674 1657 1569 
3 849 762 854 
3 762 754 683 
3 665 610 683 
3 954 951 854 
3 593 535 610 
3 1695 1783 1674 
3 511 473 535 
3 1804 1783 1695 
3 430 411 473 
3 368 367 411 
3 1924 1896 1804 
3 331 351 367 
3 2089 2050 1958 
3 2050 2016 1924 
3 366 388 351 
3 366 424 388 
3 409 493 424 
3 885 905 971 
3 822 905 817 
3 971 1054 958 
3 1054 1142 1041 
3 736 822 731 
3 1142 1229 1128 
3 1319 1214 1229 
3 1407 1303 1319 
3 646 736 649 
3 646 565 554 
3 1407 1500 1393 
3 554 493 476 
3 1500 1480 1393 
3 2989 2978 2995 
3 2982 2987 2952 
3 2963 2991 2982 
3 2975 2993 2991 
3 2993 2989 3000 
3 2930 2974 2966 
3 2983 2974 2936 
3 2959 2918 2966 
3 2990 2983 2950 
3 2953 2987 2990 
3 2945 2904 2959 
3 2924 2878 2945 
3 2924 2896 2845 
3 2810 2896 2864 
3 2864 2825 2776 
3 2735 2825 2790 
3 2752 2687 2790 
3 2129 2199 2089 
3 2311 2199 2236 
3 2344 2420 2311 
3 2449 2522 2420 
3 2646 2522 2560 
3 2646 2687 2752 
3 1925 1864 2002 
3 2002 2012 1925 
3 1870 1864 1760 
3 2012 2113 2119 
3 2119 2224 2226 
3 2318 2226 2325 
3 1761 1870 1760 
3 1592 1575 1480 
3 1684 1667 1575 
3 1768 1667 1779 
3 1869 1761 1768 
3 2318 2417 2412 
3 2412 2507 2504 
3 2593 2604 2504 
3 2723 2604 2710 
3 2823 2816 2888 
3 2723 2800 2816 
3 2898 2888 2917 
3 2938 2926 2944 
3 2956 2938 2958 
3 2970 2968 2956 
3 2979 2968 2985 
3 2978 2979 2995 
3 2926 2917 2933 
3 1146 1234 1131 
3 1254 1341 1234 
3 1049 1131 1039 
3 1355 1443 1341 
3 1551 1443 1462 
3 1039 1105 954 
3 1569 1657 1551 
3 1674 1763 1657 
3 854 951 849 
3 849 754 762 
3 683 754 665 
3 593 610 665 
3 1064 951 954 
3 593 511 535 
3 1783 1763 1674 
3 430 473 511 
3 1804 1896 1783 
3 368 411 430 
3 331 367 368 
3 1924 2016 1896 
3 316 351 331 
3 2089 2167 2050 
3 2050 2139 2016 
3 366 351 316 
3 409 424 366 
3 476 493 409 
3 905 981 971 
3 911 905 822 
3 1069 1054 971 
3 1152 1142 1054 
3 826 822 736 
3 1238 1229 1142 
3 1319 1229 1331 
3 1426 1407 1319 
3 733 736 646 
3 640 646 554 
3 1516 1500 1407 
3 544 554 476 
3 1500 1592 1480 
3 2989 2995 3000 
3 2982 2999 2987 
3 2991 2999 2982 
3 2993 3002 2991 
3 3000 3002 2993 
3 2966 2974 2986 
3 2983 2994 2974 
3 2966 2973 2959 
3 2990 3003 2983 
3 2990 2987 3005 
3 2959 2962 2945 
3 2945 2949 2924 
3 2928 2896 2924 
3 2864 2896 2912 
3 2864 2884 2825 
3 2790 2825 2851 
3 2790 2821 2752 
3 2199 2167 2089 
3 2279 2199 2311 
3 2420 2380 2311 
3 2420 2522 2490 
3 2646 2590 2522 
3 2752 2708 2646 
3 1864 1987 2002 
3 2002 2113 2012 
3 1870 1987 1864 
3 2113 2224 2119 
3 2226 2224 2325 
3 2325 2417 2318 
3 1869 1870 1761 
3 1592 1684 1575 
3 1779 1667 1684 
3 1779 1878 1768 
3 1768 1878 1869 
3 2417 2507 2412 
3 2504 2507 2593 
3 2710 2604 2593 
3 2723 2710 2800 
3 2816 2863 2888 
3 2800 2863 2816 
3 2917 2888 2903 
3 2944 2926 2933 
3 2958 2938 2944 
3 2956 2958 2970 
3 2985 2968 2970 
3 2995 2979 2985 
3 2933 2917 2919 
3 1131 1234 1215 
3 1234 1341 1322 
3 1039 1131 1105 
3 1443 1425 1341 
3 1530 1443 1551 
3 954 1105 1064 
3 1657 1636 1551 
3 1763 1743 1657 
3 849 951 937 
3 835 754 849 
3 665 754 740 
3 665 643 593 
3 1040 951 1064 
3 548 511 593 
3 1876 1763 1783 
3 471 430 511 
3 1783 1896 1876 
3 389 368 430 
3 327 331 368 
3 1896 2016 1989 
3 316 331 290 
3 2167 2139 2050 
3 2139 2104 2016 
3 332 366 316 
3 332 409 366 
3 476 409 382 
3 981 1069 971 
3 911 981 905 
3 911 822 826 
3 1069 1152 1054 
3 1152 1238 1142 
3 733 826 736 
3 1331 1229 1238 
3 1331 1426 1319 
3 1426 1516 1407 
3 640 733 646 
3 544 640 554 
3 1611 1500 1516 
3 476 461 544 
3 1611 1592 1500 
3 2995 2997 3000 
3 2987 2999 3005 
3 2991 3002 2999 
3 3004 3002 3000 
3 2974 2994 2986 
3 2986 2973 2966 
3 3003 2994 2983 
3 2973 2962 2959 
3 2990 3005 3003 
3 2962 2949 2945 
3 2924 2949 2928 
3 2912 2896 2928 
3 2912 2884 2864 
3 2825 2884 2851 
3 2851 2821 2790 
3 2821 2794 2752 
3 2279 2167 2199 
3 2311 2380 2279 
3 2420 2490 2380 
3 2522 2590 2490 
3 2646 2708 2590 
3 2794 2708 2752 
3 1987 2099 2002 
3 2002 2099 2113 
3 1975 1987 1870 
3 2113 2209 2224 
3 2325 2224 2315 
3 2325 2410 2417 
3 1975 1870 1869 
3 1702 1684 1592 
3 1779 1684 1795 
3 1892 1878 1779 
3 1869 1878 1971 
3 2417 2501 2507 
3 2507 2582 2593 
3 2593 2692 2710 
3 2800 2710 2775 
3 2888 2863 2903 
3 2833 2863 2800 
3 2917 2903 2919 
3 2944 2933 2946 
3 2944 2957 2958 
3 2970 2958 2967 
3 2985 2970 2981 
3 2995 2985 2997 
3 2919 2931 2933 
3 1234 1322 1215 
3 1131 1215 1105 
3 1341 1425 1322 
3 1530 1425 1443 
3 1551 1636 1530 
3 1105 1187 1064 
3 1657 1743 1636 
3 1853 1743 1763 
3 937 951 1040 
3 937 835 849 
3 740 754 835 
3 740 643 665 
3 643 548 593 
3 1064 1151 1040 
3 471 511 548 
3 1853 1763 1876 
3 389 430 471 
3 1876 1896 1989 
3 327 368 389 
3 290 331 327 
3 2016 2104 1989 
3 290 280 316 
3 2248 2139 2167 
3 2139 2221 2104 
3 316 280 332 
3 382 409 332 
3 382 461 476 
3 1071 1069 981 
3 987 981 911 
3 826 910 911 
3 1160 1152 1069 
3 1255 1238 1152 
3 819 826 733 
3 1238 1346 1331 
3 1437 1426 1331 
3 1532 1516 1426 
3 729 733 640 
3 632 640 544 
3 1516 1624 1611 
3 544 461 537 
3 1702 1592 1611 
3 3000 2997 3004 
3 3005 2999 3006 
3 2999 3002 3006 
3 3006 3002 3004 
3 2986 2994 2996 
3 2980 2973 2986 
3 2996 2994 3003 
3 2969 2962 2973 
3 3005 2998 3003 
3 2962 2955 2949 
3 2928 2949 2940 
3 2928 2923 2912 
3 2909 2884 2912 
3 2851 2884 2886 
3 2851 2865 2821 
3 2821 2838 2794 
3 2248 2167 2279 
3 2380 2358 2279 
3 2490 2455 2380 
3 2490 2590 2559 
3 2708 2668 2590 
3 2794 2753 2708 
3 2082 2099 1987 
3 2099 2209 2113 
3 2082 1987 1975 
3 2224 2209 2315 
3 2315 2410 2325 
3 2417 2410 2501 
3 1971 1975 1869 
3 1795 1684 1702 
3 1779 1795 1892 
3 1980 1878 1892 
3 1971 1878 1980 
3 2507 2501 2582 
3 2593 2582 2692 
3 2710 2692 2775 
3 2800 2775 2833 
3 2903 2863 2879 
3 2879 2863 2833 
3 2903 2901 2919 
3 2933 2931 2946 
3 2946 2957 2944 
3 2958 2957 2967 
3 2981 2970 2967 
3 2997 2985 2981 
3 2913 2931 2919 
3 1215 1322 1299 
3 1215 1187 1105 
3 1322 1425 1402 
3 1530 1508 1425 
3 1636 1615 1530 
3 1064 1187 1151 
3 1636 1743 1723 
3 1829 1743 1853 
3 937 1040 1024 
3 937 919 835 
3 809 740 835 
3 707 643 740 
3 612 548 643 
3 1040 1151 1129 
3 522 471 548 
3 1876 1965 1853 
3 422 389 471 
3 1989 1965 1876 
3 343 327 389 
3 285 290 327 
3 1989 2104 2073 
3 263 280 290 
3 2248 2221 2139 
3 2104 2221 2188 
3 332 280 302 
3 382 332 302 
3 362 461 382 
3 987 1071 981 
3 1071 1160 1069 
3 910 987 911 
3 819 910 826 
3 1255 1152 1160 
3 1255 1346 1238 
3 729 819 733 
3 1331 1346 1437 
3 1437 1532 1426 
3 1532 1624 1516 
3 632 729 640 
3 632 544 537 
3 1611 1624 1716 
3 537 461 444 
3 1702 1611 1716 
3 2997 2992 3004 
3 3006 3001 3005 
3 3004 3001 3006 
3 2996 2980 2986 
3 2980 2969 2973 
3 3003 2998 2996 
3 2969 2955 2962 
3 3005 3001 2998 
3 2949 2955 2940 
3 2940 2923 2928 
3 2923 2909 2912 
3 2886 2884 2909 
3 2886 2865 2851 
3 2865 2838 2821 
3 2838 2811 2794 
3 2279 2358 2248 
3 2380 2455 2358 
3 2490 2559 2455 
3 2590 2668 2559 
3 2708 2753 2668 
3 2794 2811 2753 
3 2192 2099 2082 
3 2192 2209 2099 
3 2072 2082 1975 
3 2315 2209 2299 
3 2393 2410 2315 
3 2410 2471 2501 
3 2072 1975 1971 
3 1814 1795 1702 
3 1892 1795 1903 
3 1995 1980 1892 
3 1980 2070 1971 
3 2582 2501 2563 
3 2582 2664 2692 
3 2775 2692 2749 
3 2833 2775 2806 
3 2903 2879 2901 
3 2833 2847 2879 
3 2919 2901 2913 
3 2946 2931 2943 
3 2954 2957 2946 
3 2967 2957 2965 
3 2981 2967 2977 
3 2997 2981 2992 
3 2925 2931 2913 
3 1322 1402 1299 
3 1215 1299 1187 
3 1425 1508 1402 
3 1530 1615 1508 
3 1723 1615 1636 
3 1151 1187 1268 
3 1723 1743 1829 
3 1853 1941 1829 
3 1040 1129 1024 
3 1024 919 937 
3 835 919 809 
3 707 740 809 
3 612 643 707 
3 522 548 612 
3 1151 1237 1129 
3 422 471 522 
3 1853 1965 1941 
3 343 389 422 
3 2073 1965 1989 
3 285 327 343 
3 263 290 285 
3 2073 2104 2188 
3 256 280 263 
3 2248 2328 2221 
3 2221 2297 2188 
3 302 280 256 
3 302 362 382 
3 444 461 362 
3 1075 1071 987 
3 1169 1160 1071 
3 982 987 910 
3 903 910 819 
3 1255 1160 1262 
3 1356 1346 1255 
3 813 819 729 
3 1437 1346 1452 
3 1437 1544 1532 
3 1639 1624 1532 
3 720 729 632 
3 537 623 632 
3 1716 1624 1732 
3 537 444 529 
3 1716 1814 1702 
3 2992 3001 3004 
3 2984 2980 2996 
3 2971 2969 2980 
3 2998 2984 2996 
3 2960 2955 2969 
3 3001 2988 2998 
3 2955 2947 2940 
3 2940 2929 2923 
3 2923 2914 2909 
3 2909 2897 2886 
3 2886 2881 2865 
3 2865 2866 2838 
3 2841 2811 2838 
3 2358 2328 2248 
3 2455 2429 2358 
3 2559 2528 2455 
3 2559 2668 2626 
3 2753 2713 2668 
3 2753 2811 2777 
3 2177 2192 2082 
3 2299 2209 2192 
3 2072 2177 2082 
3 2315 2299 2393 
3 2393 2471 2410 
3 2501 2471 2563 
3 1971 2070 2072 
3 1903 1795 1814 
3 1903 1995 1892 
3 2078 1980 1995 
3 2078 2070 1980 
3 2563 2664 2582 
3 2692 2664 2749 
3 2806 2775 2749 
3 2833 2806 2847 
3 2879 2877 2901 
3 2879 2847 2877 
3 2913 2901 2893 
3 2943 2931 2925 
3 2946 2943 2954 
3 2965 2957 2954 
3 2967 2965 2977 
3 2981 2977 2992 
3 2913 2911 2925 
3 1299 1402 1379 
3 1187 1299 1268 
3 1402 1508 1485 
3 1508 1615 1593 
3 1723 1701 1615 
3 1268 1237 1151 
3 1829 1806 1723 
3 1941 1915 1829 
3 1129 1102 1024 
3 1024 985 919 
3 809 919 869 
3 761 707 809 
3 662 612 707 
3 569 522 612 
3 1129 1237 1211 
3 479 422 522 
3 1965 2053 1941 
3 372 343 422 
3 2073 2053 1965 
3 291 285 343 
3 251 263 285 
3 2188 2158 2073 
3 234 256 263 
3 2328 2297 2221 
3 2188 2297 2267 
3 302 256 278 
3 278 362 302 
3 338 444 362 
3 1075 987 982 
3 1075 1169 1071 
3 1262 1160 1169 
3 982 910 903 
3 903 819 813 
3 1262 1356 1255 
3 1452 1346 1356 
3 720 813 729 
3 1452 1544 1437 
3 1532 1544 1639 
3 1732 1624 1639 
3 623 720 632 
3 529 623 537 
3 1716 1732 1826 
3 529 444 419 
3 1826 1814 1716 
3 2992 2988 3001 
3 2984 2971 2980 
3 2971 2960 2969 
3 2998 2988 2984 
3 2960 2947 2955 
3 2947 2929 2940 
3 2923 2929 2914 
3 2914 2897 2909 
3 2897 2881 2886 
3 2881 2866 2865 
3 2866 2841 2838 
3 2818 2811 2841 
3 2429 2328 2358 
3 2455 2528 2429 
3 2559 2626 2528 
3 2668 2713 2626 
3 2777 2713 2753 
3 2777 2811 2818 
3 2177 2286 2192 
3 2192 2286 2299 
3 2170 2177 2072 
3 2299 2386 2393 
3 2440 2471 2393 
3 2563 2471 2529 
3 2070 2170 2072 
3 1917 1903 1814 
3 2005 1995 1903 
3 2092 2078 1995 
3 2168 2070 2078 
3 2625 2664 2563 
3 2749 2664 2716 
3 2749 2779 2806 
3 2806 2820 2847 
3 2901 2877 2893 
3 2847 2848 2877 
3 2893 2911 2913 
3 2935 2943 2925 
3 2943 2951 2954 
3 2965 2954 2961 
3 2977 2965 2972 
3 2977 2988 2992 
3 2925 2911 2920 
3 1379 1402 1485 
3 1299 1379 1268 
3 1508 1593 1485 
3 1615 1701 1593 
3 1723 1806 1701 
3 1268 1350 1237 
3 1915 1806 1829 
3 1941 2025 1915 
3 1024 1102 985 
3 1211 1102 1129 
3 919 985 869 
3 809 869 761 
3 662 707 761 
3 569 612 662 
3 479 522 569 
3 1237 1325 1211 
3 372 422 479 
3 2053 2025 1941 
3 291 343 372 
3 2073 2158 2053 
3 251 285 291 
3 234 263 251 
3 2267 2158 2188 
3 241 256 234 
3 2405 2297 2328 
3 2267 2297 2369 
3 278 256 241 
3 338 362 278 
3 419 444 338 
3 1070 1075 982 
3 1175 1169 1075 
3 1262 1169 1275 
3 975 982 903 
3 903 813 894 
3 1369 1356 1262 
3 1452 1356 1463 
3 802 813 720 
3 1555 1544 1452 
3 1639 1544 1650 
3 1745 1732 1639 
3 711 720 623 
3 619 623 529 
3 1732 1837 1826 
3 515 529 419 
3 1826 1917 1814 
3 2984 2972 2971 
3 2961 2960 2971 
3 2984 2988 2972 
3 2960 2951 2947 
3 2935 2929 2947 
3 2929 2920 2914 
3 2914 2902 2897 
3 2897 2883 2881 
3 2881 2868 2866 
3 2866 2853 2841 
3 2841 2834 2818 
3 2405 2328 2429 
3 2528 2500 2429 
3 2626 2595 2528 
3 2626 2713 2667 
3 2738 2713 2777 
3 2818 2792 2777 
3 2268 2286 2177 
3 2299 2286 2386 
3 2268 2177 2170 
3 2393 2386 2440 
3 2529 2471 2440 
3 2563 2529 2625 
3 2168 2170 2070 
3 1917 2005 1903 
3 2092 1995 2005 
3 2174 2078 2092 
3 2174 2168 2078 
3 2716 2664 2625 
3 2749 2716 2779 
3 2806 2779 2820 
3 2820 2848 2847 
3 2893 2877 2869 
3 2877 2848 2869 
3 2890 2911 2893 
3 2925 2920 2935 
3 2935 2951 2943 
3 2954 2951 2961 
3 2972 2965 2961 
3 2972 2988 2977 
3 2920 2911 2902 
3 1485 1460 1379 
3 1268 1379 1350 
3 1485 1593 1568 
3 1593 1701 1673 
3 1701 1806 1782 
3 1350 1325 1237 
3 1894 1806 1915 
3 1915 2025 2001 
3 985 1102 1056 
3 1211 1177 1102 
3 869 985 946 
3 761 869 843 
3 738 662 761 
3 569 662 630 
3 526 479 569 
3 1211 1325 1291 
3 417 372 479 
3 2053 2136 2025 
3 291 372 314 
3 2158 2136 2053 
3 248 251 291 
3 220 234 251 
3 2244 2158 2267 
3 241 234 204 
3 2369 2297 2405 
3 2369 2341 2267 
3 259 278 241 
3 259 338 278 
3 313 419 338 
3 1070 982 975 
3 1070 1175 1075 
3 1275 1169 1175 
3 1275 1369 1262 
3 894 975 903 
3 894 813 802 
3 1463 1356 1369 
3 1452 1463 1555 
3 711 802 720 
3 1650 1544 1555 
3 1639 1650 1745 
3 1745 1837 1732 
3 711 623 619 
3 515 619 529 
3 1837 1930 1826 
3 515 419 400 
3 1826 1930 1917 
3 2971 2972 2961 
3 2961 2951 2960 
3 2947 2951 2935 
3 2935 2920 2929 
3 2920 2902 2914 
3 2897 2902 2883 
3 2883 2868 2881 
3 2866 2868 2853 
3 2853 2834 2841 
3 2834 2815 2818 
3 2429 2500 2405 
3 2528 2595 2500 
3 2667 2595 2626 
3 2667 2713 2738 
3 2777 2792 2738 
3 2818 2815 2792 
3 2367 2286 2268 
3 2386 2286 2367 
3 2253 2268 2170 
3 2440 2386 2472 
3 2529 2440 2472 
3 2625 2529 2569 
3 2253 2170 2168 
3 2017 2005 1917 
3 2103 2092 2005 
3 2186 2174 2092 
3 2174 2255 2168 
3 2716 2625 2672 
3 2779 2716 2747 
3 2820 2779 2796 
3 2824 2848 2820 
3 2893 2869 2890 
3 2869 2848 2850 
3 2902 2911 2890 
3 1379 1460 1350 
3 1485 1568 1460 
3 1593 1673 1568 
3 1701 1782 1673 
3 1782 1806 1894 
3 1433 1325 1350 
3 1915 2001 1894 
3 2025 2109 2001 
3 1102 1177 1056 
3 946 985 1056 
3 1291 1177 1211 
3 869 946 843 
3 738 761 843 
3 630 662 738 
3 630 526 569 
3 417 479 526 
3 1291 1325 1401 
3 314 372 417 
3 2025 2136 2109 
3 248 291 314 
3 2244 2136 2158 
3 220 251 248 
3 204 234 220 
3 2341 2244 2267 
3 212 241 204 
3 2405 2467 2369 
3 2369 2441 2341 
3 259 241 212 
3 313 338 259 
3 400 419 313 
3 1063 1070 975 
3 1163 1175 1070 
3 1275 1175 1301 
3 1275 1389 1369 
3 894 968 975 
3 894 802 884 
3 1476 1463 1369 
3 1555 1463 1571 
3 799 802 711 
3 1665 1650 1555 
3 1745 1650 1755 
3 1850 1837 1745 
3 619 706 711 
3 609 619 515 
3 1939 1930 1837 
3 504 515 400 
3 1917 1930 2017 
3 2883 2902 2890 
3 2883 2867 2868 
3 2868 2855 2853 
3 2853 2837 2834 
3 2822 2815 2834 
3 2500 2467 2405 
3 2595 2557 2500 
3 2667 2696 2595 
3 2738 2696 2667 
3 2792 2757 2738 
3 2815 2791 2792 
3 2350 2367 2268 
3 2472 2386 2367 
3 2350 2268 2253 
3 2529 2472 2569 
3 2625 2569 2672 
3 2168 2255 2253 
3 2103 2005 2017 
3 2103 2186 2092 
3 2265 2174 2186 
3 2265 2255 2174 
3 2747 2716 2672 
3 2779 2747 2796 
3 2824 2820 2796 
3 2850 2848 2824 
3 2890 2869 2867 
3 2869 2850 2867 
3 1350 1460 1433 
3 1460 1568 1541 
3 1568 1673 1648 
3 1673 1782 1756 
3 1866 1782 1894 
3 1401 1325 1433 
3 1894 2001 1974 
3 2001 2109 2079 
3 1056 1177 1140 
3 1056 1028 946 
3 1291 1256 1177 
3 843 946 921 
3 843 803 738 
3 691 630 738 
3 581 526 630 
3 470 417 526 
3 1291 1401 1370 
3 314 417 350 
3 2109 2136 2213 
3 314 260 248 
3 2213 2136 2244 
3 211 220 248 
3 178 204 220 
3 2341 2313 2244 
3 212 204 175 
3 2369 2467 2441 
3 2441 2411 2341 
3 212 239 259 
3 239 313 259 
3 284 400 313 
3 975 968 1063 
3 1163 1070 1063 
3 1301 1175 1163 
3 1301 1389 1275 
3 1369 1389 1476 
3 884 968 894 
3 884 802 799 
3 1571 1463 1476 
3 1571 1665 1555 
3 706 799 711 
3 1755 1650 1665 
3 1850 1745 1755 
3 1850 1939 1837 
3 609 706 619 
3 504 609 515 
3 2027 1930 1939 
3 504 400 381 
3 2017 1930 2027 
3 2890 2867 2883 
3 2867 2855 2868 
3 2855 2837 2853 
3 2837 2822 2834 
3 2822 2801 2815 
3 2500 2557 2467 
3 2655 2557 2595 
3 2595 2696 2655 
3 2738 2757 2696 
3 2792 2791 2757 
3 2815 2801 2791 
3 2444 2367 2350 
3 2472 2367 2444 
3 2342 2350 2253 
3 2569 2472 2534 
3 2672 2569 2631 
3 2253 2255 2342 
3 2115 2103 2017 
3 2194 2186 2103 
3 2265 2186 2272 
3 2347 2255 2265 
3 2747 2672 2709 
3 2796 2747 2769 
3 2807 2824 2796 
3 2824 2832 2850 
3 2867 2850 2855 
3 1433 1460 1541 
3 1568 1648 1541 
3 1673 1756 1648 
3 1756 1782 1866 
3 1894 1974 1866 
3 1433 1513 1401 
3 2001 2079 1974 
3 2109 2183 2079 
3 1177 1256 1140 
3 1056 1140 1028 
3 946 1028 921 
3 1370 1256 1291 
3 843 921 803 
3 738 803 691 
3 581 630 691 
3 470 526 581 
3 350 417 470 
3 1401 1482 1370 
3 350 260 314 
3 2213 2183 2109 
3 248 260 211 
3 2244 2313 2213 
3 178 220 211 
3 175 204 178 
3 2341 2411 2313 
3 179 212 175 
3 2441 2467 2527 
3 2498 2411 2441 
3 179 239 212 
3 284 313 239 
3 381 400 284 
3 1063 968 1058 
3 1149 1163 1063 
3 1230 1301 1163 
3 1412 1389 1301 
3 1476 1389 1498 
3 966 968 884 
3 881 884 799 
3 1585 1571 1476 
3 1678 1665 1571 
3 798 799 706 
3 1755 1665 1773 
3 1755 1863 1850 
3 1954 1939 1850 
3 704 706 609 
3 607 609 504 
3 1939 2038 2027 
3 497 504 381 
3 2027 2115 2017 
3 2855 2832 2837 
3 2837 2814 2822 
3 2822 2799 2801 
3 2467 2557 2527 
3 2655 2607 2557 
3 2655 2696 2722 
3 2696 2757 2722 
3 2757 2791 2763 
3 2801 2781 2791 
3 2350 2425 2444 
3 2534 2472 2444 
3 2342 2425 2350 
3 2569 2534 2631 
3 2672 2631 2709 
3 2342 2255 2347 
3 2194 2103 2115 
3 2272 2186 2194 
3 2349 2265 2272 
3 2349 2347 2265 
3 2747 2709 2769 
3 2796 2769 2807 
3 2807 2832 2824 
3 2850 2832 2855 
3 1433 1541 1513 
3 1541 1648 1623 
3 1648 1756 1734 
3 1843 1756 1866 
3 1866 1974 1957 
3 1401 1513 1482 
3 2079 2059 1974 
3 2079 2183 2161 
3 1140 1256 1217 
3 1028 1140 1099 
3 921 1028 974 
3 1370 1334 1256 
3 803 921 855 
3 691 803 750 
3 639 581 691 
3 524 470 581 
3 401 350 470 
3 1370 1482 1450 
3 282 260 350 
3 2284 2183 2213 
3 211 260 221 
3 2213 2313 2284 
3 173 178 211 
3 178 156 175 
3 2313 2411 2374 
3 175 150 179 
3 2441 2527 2498 
3 2462 2411 2498 
3 215 239 179 
3 215 284 239 
3 267 381 284 
3 1058 968 966 
3 1149 1063 1058 
3 1230 1163 1149 
3 1328 1301 1230 
3 1412 1301 1328 
3 1498 1389 1412 
3 1476 1498 1585 
3 966 884 881 
3 881 799 798 
3 1678 1571 1585 
3 1773 1665 1678 
3 798 706 704 
3 1773 1863 1755 
3 1850 1863 1954 
3 1954 2038 1939 
3 704 609 607 
3 607 504 497 
3 2027 2038 2121 
3 360 497 381 
3 2121 2115 2027 
3 2832 2814 2837 
3 2814 2799 2822 
3 2799 2780 2801 
3 2557 2607 2527 
3 2655 2685 2607 
3 2722 2685 2655 
3 2722 2757 2763 
3 2791 2781 2763 
3 2801 2780 2781 
3 2444 2425 2511 
3 2534 2444 2511 
3 2421 2425 2342 
3 2631 2534 2581 
3 2631 2674 2709 
3 2342 2347 2421 
3 2115 2197 2194 
3 2194 2275 2272 
3 2272 2354 2349 
3 2423 2347 2349 
3 2769 2709 2744 
3 2807 2769 2786 
3 2807 2814 2832 
3 1513 1541 1623 
3 1623 1648 1734 
3 1734 1756 1843 
3 1866 1957 1843 
3 1974 2059 1957 
3 1513 1596 1482 
3 2079 2161 2059 
3 2161 2183 2254 
3 1256 1334 1217 
3 1140 1217 1099 
3 974 1028 1099 
3 921 974 855 
3 1450 1334 1370 
3 750 803 855 
3 639 691 750 
3 524 581 639 
3 401 470 524 
3 282 350 401 
3 1450 1482 1560 
3 221 260 282 
3 2254 2183 2284 
3 173 211 221 
3 2313 2374 2284 
3 173 156 178 
3 156 150 175 
3 2374 2411 2462 
3 150 158 179 
3 2527 2570 2498 
3 2498 2542 2462 
3 179 158 215 
3 267 284 215 
3 360 381 267 
3 1065 1058 966 
3 1153 1149 1058 
3 1149 1239 1230 
3 1230 1239 1328 
3 1431 1412 1328 
3 1517 1498 1412 
3 1585 1498 1603 
3 966 881 972 
3 891 881 798 
3 1696 1678 1585 
3 1786 1773 1678 
3 801 798 704 
3 1877 1863 1773 
3 1954 1863 1962 
3 2045 2038 1954 
3 703 704 607 
3 601 607 497 
3 2121 2038 2127 
3 483 497 360 
3 2121 2197 2115 
3 2786 2799 2814 
3 2799 2764 2780 
3 2527 2607 2570 
3 2685 2656 2607 
3 2737 2685 2722 
3 2722 2763 2737 
3 2763 2781 2758 
3 2780 2760 2781 
3 2511 2425 2493 
3 2581 2534 2511 
3 2493 2425 2421 
3 2581 2674 2631 
3 2709 2674 2744 
3 2421 2347 2423 
3 2197 2275 2194 
3 2275 2354 2272 
3 2349 2354 2424 
3 2424 2423 2349 
3 2786 2769 2744 
3 2786 2814 2807 
3 1623 1596 1513 
3 1623 1734 1707 
3 1734 1843 1818 
3 1843 1957 1931 
3 1957 2059 2040 
3 1482 1596 1560 
3 2059 2161 2147 
3 2161 2254 2245 
3 1217 1334 1295 
3 1099 1217 1167 
3 1099 1046 974 
3 855 974 934 
3 1413 1334 1450 
3 855 824 750 
3 639 750 700 
3 583 524 639 
3 463 401 524 
3 325 282 401 
3 1560 1527 1450 
3 282 235 221 
3 2284 2352 2254 
3 221 174 173 
3 2284 2374 2352 
3 143 156 173 
3 128 150 156 
3 2374 2462 2437 
3 127 158 150 
3 2498 2570 2542 
3 2542 2515 2462 
3 158 184 215 
3 215 184 267 
3 267 244 360 
3 966 972 1065 
3 1153 1058 1065 
3 1153 1239 1149 
3 1328 1239 1343 
3 1431 1328 1343 
3 1431 1517 1412 
3 1603 1498 1517 
3 1603 1696 1585 
3 972 881 891 
3 891 798 801 
3 1786 1678 1696 
3 1786 1877 1773 
3 801 704 703 
3 1962 1863 1877 
3 1962 2045 1954 
3 2127 2038 2045 
3 703 607 601 
3 601 497 483 
3 2205 2121 2127 
3 483 360 334 
3 2205 2197 2121 
3 2786 2764 2799 
3 2764 2746 2780 
3 2607 2656 2570 
3 2685 2705 2656 
3 2737 2705 2685 
3 2763 2758 2737 
3 2781 2760 2758 
3 2780 2746 2760 
3 2493 2564 2511 
3 2511 2564 2581 
3 2493 2421 2487 
3 2581 2649 2674 
3 2744 2674 2717 
3 2487 2421 2423 
3 2282 2275 2197 
3 2355 2354 2275 
3 2424 2354 2427 
3 2492 2423 2424 
3 2744 2764 2786 
3 1707 1596 1623 
3 1734 1818 1707 
3 1843 1931 1818 
3 1957 2040 1931 
3 2059 2147 2040 
3 1560 1596 1675 
3 2147 2161 2245 
3 2254 2332 2245 
3 1295 1334 1413 
3 1217 1295 1167 
3 1099 1167 1046 
3 974 1046 934 
3 934 824 855 
3 1450 1527 1413 
3 750 824 700 
3 583 639 700 
3 463 524 583 
3 325 401 463 
3 325 235 282 
3 1641 1527 1560 
3 235 174 221 
3 2254 2352 2332 
3 174 143 173 
3 2374 2437 2352 
3 128 156 143 
3 127 150 128 
3 2462 2515 2437 
3 138 158 127 
3 2570 2616 2542 
3 2576 2515 2542 
3 138 184 158 
3 267 184 244 
3 360 244 334 
3 1065 972 1072 
3 1065 1159 1153 
3 1253 1239 1153 
3 1343 1239 1253 
3 1343 1442 1431 
3 1534 1517 1431 
3 1622 1603 1517 
3 1713 1696 1603 
3 984 972 891 
3 801 904 891 
3 1803 1786 1696 
3 1893 1877 1786 
3 703 806 801 
3 1973 1962 1877 
3 2058 2045 1962 
3 2127 2045 2135 
3 601 702 703 
3 483 592 601 
3 2218 2205 2127 
3 334 458 483 
3 2282 2197 2205 
3 2764 2717 2746 
3 2570 2656 2616 
3 2656 2705 2671 
3 2737 2730 2705 
3 2758 2730 2737 
3 2758 2760 2742 
3 2760 2746 2731 
3 2558 2564 2493 
3 2581 2564 2649 
3 2558 2493 2487 
3 2674 2649 2717 
3 2744 2717 2764 
3 2487 2423 2492 
3 2355 2275 2282 
3 2427 2354 2355 
3 2494 2424 2427 
3 2492 2424 2494 
3 1675 1596 1707 
3 1818 1790 1707 
3 1931 1905 1818 
3 2040 2020 1931 
3 2040 2147 2131 
3 1560 1675 1641 
3 2147 2245 2233 
3 2245 2332 2323 
3 1413 1376 1295 
3 1167 1295 1236 
3 1046 1167 1121 
3 934 1046 1001 
3 866 824 934 
3 1413 1527 1490 
3 700 824 752 
3 634 583 700 
3 520 463 583 
3 385 325 463 
3 258 235 325 
3 1641 1604 1527 
3 183 174 235 
3 2352 2416 2332 
3 145 143 174 
3 2352 2437 2416 
3 128 143 114 
3 98 127 128 
3 2437 2515 2483 
3 138 127 100 
3 2542 2616 2576 
3 2556 2515 2576 
3 166 184 138 
3 244 184 166 
3 334 244 225 
3 1072 972 984 
3 1072 1159 1065 
3 1153 1159 1253 
3 1253 1352 1343 
3 1442 1534 1431 
3 1352 1442 1343 
3 1622 1517 1534 
3 1713 1603 1622 
3 1803 1696 1713 
3 904 984 891 
3 806 904 801 
3 1893 1786 1803 
3 1973 1877 1893 
3 703 702 806 
3 2058 1962 1973 
3 2135 2045 2058 
3 2218 2127 2135 
3 592 702 601 
3 458 592 483 
3 2294 2205 2218 
3 304 458 334 
3 2294 2282 2205 
3 2717 2694 2746 
3 2616 2656 2671 
3 2671 2705 2699 
3 2705 2730 2699 
3 2742 2730 2758 
3 2742 2760 2731 
3 2746 2694 2731 
3 2636 2564 2558 
3 2649 2564 2636 
3 2558 2487 2552 
3 2717 2649 2694 
3 2552 2487 2492 
3 2361 2355 2282 
3 2427 2355 2426 
3 2495 2494 2427 
3 2554 2492 2494 
3 1707 1790 1675 
3 1818 1905 1790 
3 1931 2020 1905 
3 2131 2020 2040 
3 2131 2147 2233 
3 1675 1754 1641 
3 2245 2323 2233 
3 2332 2403 2323 
3 1295 1376 1236 
3 1413 1490 1376 
3 1121 1167 1236 
3 1001 1046 1121 
3 934 1001 866 
3 752 824 866 
3 1527 1604 1490 
3 634 700 752 
3 520 583 634 
3 385 463 520 
3 385 258 325 
3 183 235 258 
3 1641 1719 1604 
3 145 174 183 
3 2332 2416 2403 
3 114 143 145 
3 2437 2483 2416 
3 128 114 98 
3 100 127 98 
3 2483 2515 2556 
3 119 138 100 
3 2616 2647 2576 
3 2576 2617 2556 
3 119 166 138 
3 225 244 166 
3 304 334 225 
3 1072 984 1084 
3 1172 1159 1072 
3 1253 1159 1260 
3 1260 1352 1253 
3 1547 1534 1442 
3 1456 1442 1352 
3 1640 1622 1534 
3 1713 1622 1731 
3 1820 1803 1713 
3 1000 984 904 
3 915 904 806 
3 1803 1906 1893 
3 1993 1973 1893 
3 806 702 814 
3 2067 2058 1973 
3 2135 2058 2149 
3 2229 2218 2135 
3 705 702 592 
3 585 592 458 
3 2303 2294 2218 
3 443 458 304 
3 2361 2282 2294 
3 2616 2671 2647 
3 2671 2699 2679 
3 2699 2730 2700 
3 2730 2742 2724 
3 2742 2731 2724 
3 2731 2694 2684 
3 2628 2636 2558 
3 2694 2649 2636 
3 2558 2552 2628 
3 2552 2492 2554 
3 2426 2355 2361 
3 2427 2426 2495 
3 2551 2494 2495 
3 2554 2494 2551 
3 1675 1790 1754 
3 1790 1905 1881 
3 1905 2020 2003 
3 2117 2020 2131 
3 2131 2233 2223 
3 1641 1754 1719 
3 2323 2316 2233 
3 2323 2403 2396 
3 1236 1376 1344 
3 1376 1490 1454 
3 1121 1236 1180 
3 1121 1055 1001 
3 866 1001 940 
3 866 811 752 
3 1490 1604 1566 
3 752 682 634 
3 564 520 634 
3 451 385 520 
3 315 258 385 
3 208 183 258 
3 1604 1719 1682 
3 153 145 183 
3 2416 2470 2403 
3 116 114 145 
3 2416 2483 2470 
3 98 114 93 
3 100 98 82 
3 2483 2556 2539 
3 100 86 119 
3 2576 2647 2617 
3 2556 2617 2588 
3 152 166 119 
3 225 166 152 
3 304 225 203 
3 1084 984 1000 
3 1084 1172 1072 
3 1260 1159 1172 
3 1260 1366 1352 
3 1547 1442 1456 
3 1640 1534 1547 
3 1352 1366 1456 
3 1731 1622 1640 
3 1731 1820 1713 
3 1820 1906 1803 
3 1000 904 915 
3 814 915 806 
3 1893 1906 1993 
3 2067 1973 1993 
3 814 702 705 
3 2149 2058 2067 
3 2135 2149 2229 
3 2303 2218 2229 
3 705 592 585 
3 585 458 443 
3 2377 2294 2303 
3 304 295 443 
3 2361 2294 2377 
3 2671 2679 2647 
3 2699 2682 2679 
3 2700 2730 2724 
3 2699 2700 2682 
3 2731 2684 2724 
3 2684 2694 2636 
3 2684 2636 2628 
3 2628 2552 2612 
3 2612 2552 2554 
3 2433 2426 2361 
3 2495 2426 2480 
3 2495 2545 2551 
3 2606 2554 2551 
3 1790 1881 1754 
3 1905 2003 1881 
3 2003 2020 2117 
3 2117 2131 2223 
3 2233 2316 2223 
3 1719 1754 1838 
3 2396 2316 2323 
3 2403 2466 2396 
3 1344 1376 1454 
3 1236 1344 1300 
3 1454 1490 1566 
3 1236 1300 1180 
3 1180 1055 1121 
3 1001 1055 940 
3 940 811 866 
3 752 811 682 
3 1566 1604 1682 
3 634 682 564 
3 451 520 564 
3 315 385 451 
3 208 258 315 
3 153 183 208 
3 1682 1719 1798 
3 116 145 153 
3 2470 2466 2403 
3 93 114 116 
3 2483 2539 2470 
3 98 93 82 
3 82 86 100 
3 2556 2588 2539 
3 119 86 106 
3 2647 2661 2617 
3 2588 2617 2639 
3 106 152 119 
3 225 152 203 
3 304 203 295 
3 1101 1084 1000 
3 1084 1189 1172 
3 1278 1260 1172 
3 1278 1366 1260 
3 1565 1547 1456 
3 1661 1640 1547 
3 1366 1471 1456 
3 1749 1731 1640 
3 1839 1820 1731 
3 1928 1906 1820 
3 1018 1000 915 
3 922 915 814 
3 1993 1906 2009 
3 2088 2067 1993 
3 823 814 705 
3 2165 2149 2067 
3 2229 2149 2246 
3 2324 2303 2229 
3 705 585 719 
3 591 585 443 
3 2377 2303 2390 
3 443 295 447 
3 2433 2361 2377 
3 2647 2679 2661 
3 2679 2682 2669 
3 2724 2678 2700 
3 2700 2665 2682 
3 2724 2684 2678 
3 2684 2628 2678 
3 2678 2628 2612 
3 2612 2554 2606 
3 2480 2426 2433 
3 2495 2480 2545 
3 2551 2545 2602 
3 2551 2602 2606 
3 1754 1881 1838 
3 1881 2003 1976 
3 2106 2003 2117 
3 2117 2223 2211 
3 2223 2316 2307 
3 1798 1719 1838 
3 2400 2316 2396 
3 2396 2466 2469 
3 1344 1454 1416 
3 1300 1344 1416 
3 1454 1566 1531 
3 1180 1300 1244 
3 1127 1055 1180 
3 940 1055 1017 
3 940 874 811 
3 682 811 730 
3 1644 1566 1682 
3 564 682 620 
3 564 506 451 
3 378 315 451 
3 315 269 208 
3 165 153 208 
3 1798 1759 1682 
3 129 116 153 
3 2470 2533 2466 
3 95 93 116 
3 2539 2533 2470 
3 82 93 79 
3 75 86 82 
3 2588 2577 2539 
3 106 86 89 
3 2617 2661 2639 
3 2639 2622 2588 
3 140 152 106 
3 203 152 140 
3 295 203 198 
3 1018 1101 1000 
3 1101 1189 1084 
3 1172 1189 1278 
3 1384 1366 1278 
3 1456 1471 1565 
3 1565 1661 1547 
3 1661 1749 1640 
3 1384 1471 1366 
3 1839 1731 1749 
3 1839 1928 1820 
3 2009 1906 1928 
3 922 1018 915 
3 823 922 814 
3 2009 2088 1993 
3 2088 2165 2067 
3 705 719 823 
3 2246 2149 2165 
3 2324 2229 2246 
3 2390 2303 2324 
3 719 585 591 
3 447 591 443 
3 2390 2464 2377 
3 447 295 300 
3 2464 2433 2377 
3 2679 2669 2661 
3 2682 2657 2669 
3 2700 2678 2665 
3 2682 2665 2657 
3 2678 2612 2665 
3 2665 2612 2606 
3 2464 2480 2433 
3 2545 2480 2535 
3 2602 2545 2585 
3 2606 2602 2657 
3 1881 1976 1838 
3 1976 2003 2106 
3 2117 2211 2106 
3 2223 2307 2211 
3 2307 2316 2400 
3 1838 1913 1798 
3 2396 2469 2400 
3 2466 2536 2469 
3 1416 1454 1531 
3 1367 1300 1416 
3 1531 1566 1644 
3 1244 1300 1367 
3 1180 1244 1127 
3 1017 1055 1127 
3 940 1017 874 
3 811 874 841 
3 730 811 841 
3 620 682 730 
3 1682 1759 1644 
3 620 506 564 
3 451 506 378 
3 378 269 315 
3 208 269 231 
3 165 208 231 
3 129 153 165 
3 1798 1873 1759 
3 95 116 129 
3 2466 2533 2536 
3 79 93 95 
3 2539 2577 2533 
3 75 82 79 
3 89 86 75 
3 2588 2622 2577 
3 89 131 106 
3 2661 2658 2639 
3 2639 2638 2622 
3 106 131 140 
3 198 203 140 
3 300 295 198 
3 1119 1101 1018 
3 1205 1189 1101 
3 1189 1296 1278 
3 1296 1384 1278 
3 1565 1471 1583 
3 1676 1661 1565 
3 1769 1749 1661 
3 1495 1471 1384 
3 1749 1856 1839 
3 1948 1928 1839 
3 2031 2009 1928 
3 922 1025 1018 
3 823 933 922 
3 2009 2110 2088 
3 2181 2165 2088 
3 823 719 840 
3 2246 2165 2261 
3 2338 2324 2246 
3 2324 2413 2390 
3 638 719 591 
3 563 591 447 
3 2475 2464 2390 
3 469 447 300 
3 2661 2669 2658 
3 2669 2657 2643 
3 2665 2606 2657 
3 2535 2480 2464 
3 2585 2545 2535 
3 2643 2602 2585 
3 2657 2602 2643 
3 1838 1976 1913 
3 2106 2096 1976 
3 2106 2211 2203 
3 2211 2307 2301 
3 2307 2400 2397 
3 1798 1913 1873 
3 2400 2469 2473 
3 2469 2536 2543 
3 1416 1531 1487 
3 1487 1367 1416 
3 1531 1644 1608 
3 1244 1367 1317 
3 1127 1244 1194 
3 1067 1017 1127 
3 874 1017 944 
3 841 874 944 
3 730 841 763 
3 620 730 657 
3 1644 1759 1725 
3 545 506 620 
3 378 506 431 
3 319 269 378 
3 231 269 319 
3 192 165 231 
3 146 129 165 
3 1759 1873 1835 
3 105 95 129 
3 2536 2533 2580 
3 79 95 88 
3 2533 2577 2580 
3 79 83 75 
3 96 89 75 
3 2577 2622 2627 
3 149 131 89 
3 2658 2638 2639 
3 2622 2638 2637 
3 140 131 191 
3 140 191 198 
3 198 191 300 
3 1018 1025 1119 
3 1205 1101 1119 
3 1205 1296 1189 
3 1410 1384 1296 
3 1583 1471 1495 
3 1583 1676 1565 
3 1676 1769 1661 
3 1769 1856 1749 
3 1495 1384 1410 
3 1839 1856 1948 
3 1948 2031 1928 
3 2031 2110 2009 
3 933 1025 922 
3 840 933 823 
3 2110 2181 2088 
3 2261 2165 2181 
3 840 719 748 
3 2246 2261 2338 
3 2338 2413 2324 
3 2390 2413 2475 
3 638 591 563 
3 748 719 638 
3 563 447 469 
3 2538 2464 2475 
3 300 342 469 
3 2658 2669 2643 
3 2535 2464 2538 
3 2585 2535 2579 
3 2585 2630 2643 
3 1913 1976 2000 
3 1976 2096 2000 
3 2203 2096 2106 
3 2203 2211 2301 
3 2301 2307 2397 
3 2400 2473 2397 
3 1913 1983 1873 
3 2469 2543 2473 
3 2543 2536 2600 
3 1487 1531 1608 
3 1439 1367 1487 
3 1608 1644 1725 
3 1317 1367 1439 
3 1194 1244 1317 
3 1127 1194 1067 
3 944 1017 1067 
3 883 841 944 
3 763 841 883 
3 657 730 763 
3 545 620 657 
3 1725 1759 1835 
3 431 506 545 
3 431 319 378 
3 231 319 266 
3 192 231 266 
3 146 165 192 
3 105 129 146 
3 1835 1873 1952 
3 88 95 105 
3 2600 2536 2580 
3 88 83 79 
3 2580 2577 2627 
3 75 83 96 
3 149 89 96 
3 2627 2622 2637 
3 229 131 149 
3 2658 2630 2638 
3 2638 2623 2637 
3 191 131 229 
3 300 191 342 
3 1119 1025 1132 
3 1119 1222 1205 
3 1307 1296 1205 
3 1410 1296 1307 
3 1606 1583 1495 
3 1698 1676 1583 
3 1787 1769 1676 
3 1880 1856 1769 
3 1521 1495 1410 
3 1948 1856 1964 
3 2048 2031 1948 
3 2128 2110 2031 
3 1045 1025 933 
3 956 933 840 
3 2201 2181 2110 
3 2285 2261 2181 
3 748 861 840 
3 2338 2261 2362 
3 2436 2413 2338 
3 2475 2413 2499 
3 563 670 638 
3 670 748 638 
3 469 605 563 
3 2538 2475 2548 
3 469 342 509 
3 2643 2630 2658 
3 2579 2535 2538 
3 2579 2630 2585 
3 2000 1983 1913 
3 2000 2096 2087 
3 2193 2096 2203 
3 2203 2301 2298 
3 2301 2397 2392 
3 2473 2474 2397 
3 1873 1983 1952 
3 2473 2543 2550 
3 2600 2619 2543 
3 1487 1608 1561 
3 1487 1561 1439 
3 1608 1725 1685 
3 1439 1392 1317 
3 1264 1194 1317 
3 1067 1194 1133 
3 944 1067 1019 
3 883 944 1019 
3 883 830 763 
3 657 763 710 
3 545 657 604 
3 1725 1835 1801 
3 495 431 545 
3 369 319 431 
3 266 319 369 
3 266 227 192 
3 146 192 170 
3 146 130 105 
3 1952 1908 1835 
3 102 88 105 
3 2580 2644 2600 
3 102 83 88 
3 2580 2627 2644 
3 96 83 135 
3 149 96 187 
3 2637 2659 2627 
3 273 229 149 
3 2638 2630 2623 
3 2637 2623 2641 
3 342 191 229 
3 1132 1025 1045 
3 1132 1222 1119 
3 1222 1307 1205 
3 1329 1410 1307 
3 1521 1606 1495 
3 1606 1698 1583 
3 1698 1787 1676 
3 1787 1880 1769 
3 1964 1856 1880 
3 1410 1438 1521 
3 2048 1948 1964 
3 2128 2031 2048 
3 2201 2110 2128 
3 1045 933 956 
3 861 956 840 
3 2285 2181 2201 
3 2362 2261 2285 
3 783 861 748 
3 2436 2338 2362 
3 2499 2413 2436 
3 2548 2475 2499 
3 605 670 563 
3 783 748 670 
3 509 605 469 
3 2592 2538 2548 
3 509 342 397 
3 2579 2538 2592 
3 2623 2630 2579 
3 2087 1983 2000 
3 2087 2096 2193 
3 2203 2298 2193 
3 2301 2392 2298 
3 2397 2474 2392 
3 2550 2474 2473 
3 1952 1983 2068 
3 2543 2619 2550 
3 2600 2662 2619 
3 1561 1608 1685 
3 1439 1561 1507 
3 1685 1725 1801 
3 1317 1392 1264 
3 1507 1392 1439 
3 1133 1194 1264 
3 1019 1067 1133 
3 883 1019 941 
3 763 830 710 
3 941 830 883 
3 604 657 710 
3 495 545 604 
3 1835 1908 1801 
3 369 431 495 
3 369 306 266 
3 192 227 170 
3 306 227 266 
3 170 161 146 
3 105 130 102 
3 161 130 146 
3 2029 1908 1952 
3 2644 2662 2600 
3 135 83 102 
3 2627 2659 2644 
3 187 96 135 
3 273 149 187 
3 2637 2641 2659 
3 397 229 273 
3 2641 2623 2592 
3 397 342 229 
3 1045 1168 1132 
3 1245 1222 1132 
3 1329 1307 1222 
3 1329 1438 1410 
3 1631 1606 1521 
3 1717 1698 1606 
3 1808 1787 1698 
3 1787 1897 1880 
3 1984 1964 1880 
3 1521 1438 1552 
3 2063 2048 1964 
3 2145 2128 2048 
3 2128 2225 2201 
3 956 1095 1045 
3 861 1031 956 
3 2319 2285 2201 
3 2362 2285 2394 
3 890 861 783 
3 2436 2362 2463 
3 2526 2499 2436 
3 2548 2499 2573 
3 716 670 605 
3 783 670 716 
3 635 605 509 
3 2592 2548 2620 
3 546 509 397 
3 2592 2623 2579 
3 2068 1983 2087 
3 2087 2193 2178 
3 2193 2298 2287 
3 2298 2392 2388 
3 2392 2474 2477 
3 2553 2474 2550 
3 1952 2068 2029 
3 2550 2619 2632 
3 2619 2662 2680 
3 1561 1685 1647 
3 1507 1561 1619 
3 1685 1801 1765 
3 1264 1392 1345 
3 1464 1392 1507 
3 1264 1209 1133 
3 1133 1060 1019 
3 1019 1060 941 
3 710 830 753 
3 863 830 941 
3 604 710 642 
3 495 604 534 
3 1801 1908 1883 
3 421 369 495 
3 421 306 369 
3 170 227 206 
3 265 227 306 
3 206 161 170 
3 102 130 160 
3 188 130 161 
3 1986 1908 2029 
3 2676 2662 2644 
3 135 102 160 
3 2644 2659 2676 
3 187 135 240 
3 187 340 273 
3 2659 2641 2666 
3 456 397 273 
3 2620 2641 2592 
3 1168 1245 1132 
3 1045 1095 1168 
3 1245 1329 1222 
3 1363 1438 1329 
3 1552 1631 1521 
3 1631 1717 1606 
3 1717 1808 1698 
3 1808 1897 1787 
3 1880 1897 1984 
3 2063 1964 1984 
3 1552 1438 1475 
3 2145 2048 2063 
3 2145 2225 2128 
3 2225 2319 2201 
3 1031 1095 956 
3 977 1031 861 
3 2394 2285 2319 
3 2463 2362 2394 
3 890 783 828 
3 977 861 890 
3 2526 2436 2463 
3 2573 2499 2526 
3 2620 2548 2573 
3 716 605 635 
3 828 783 716 
3 635 509 546 
3 546 397 456 
3 2087 2178 2068 
3 2193 2287 2178 
3 2287 2298 2388 
3 2388 2392 2477 
3 2477 2474 2553 
3 2553 2550 2633 
3 2068 2098 2029 
3 2619 2680 2632 
3 2550 2632 2633 
3 2680 2662 2698 
3 1685 1765 1647 
3 1619 1561 1647 
3 1619 1578 1507 
3 1801 1883 1765 
3 1345 1392 1464 
3 1345 1209 1264 
3 1507 1578 1464 
3 1133 1209 1060 
3 941 1060 996 
3 753 830 863 
3 642 710 753 
3 941 996 863 
3 534 604 642 
3 421 495 534 
3 1883 1908 1986 
3 359 306 421 
3 206 227 265 
3 265 306 359 
3 250 161 206 
3 160 130 188 
3 188 161 250 
3 2029 2084 1986 
3 2698 2662 2676 
3 240 135 160 
3 2676 2659 2666 
3 240 340 187 
3 273 340 456 
3 2666 2641 2620 
3 1287 1245 1168 
3 1168 1095 1219 
3 1245 1363 1329 
3 1475 1438 1363 
3 1663 1631 1552 
3 1742 1717 1631 
3 1830 1808 1717 
3 1920 1897 1808 
3 1984 1897 2004 
3 1984 2081 2063 
3 1584 1552 1475 
3 2164 2145 2063 
3 2145 2240 2225 
3 2310 2319 2225 
3 1145 1095 1031 
3 1088 1031 977 
3 2394 2319 2448 
3 2509 2463 2394 
3 931 890 828 
3 931 977 890 
3 2561 2526 2463 
3 2573 2526 2610 
3 2573 2653 2620 
3 749 716 635 
3 828 716 749 
3 546 672 635 
3 603 546 456 
3 2068 2178 2172 
3 2178 2287 2269 
3 2287 2388 2376 
3 2388 2477 2486 
3 2477 2553 2566 
3 2633 2651 2553 
3 2029 2098 2084 
3 2068 2172 2098 
3 2632 2680 2689 
3 2633 2632 2689 
3 2698 2721 2680 
3 1647 1765 1729 
3 1647 1729 1619 
3 1693 1578 1619 
3 1765 1883 1845 
3 1464 1424 1345 
3 1308 1209 1345 
3 1464 1578 1539 
3 1060 1209 1108 
3 996 1060 1108 
3 753 863 816 
3 642 753 692 
3 863 996 930 
3 642 580 534 
3 534 475 421 
3 1960 1883 1986 
3 475 359 421 
3 206 265 292 
3 418 265 359 
3 292 250 206 
3 277 160 188 
3 188 250 347 
3 1986 2084 2062 
3 2676 2691 2698 
3 240 160 277 
3 2676 2666 2691 
3 404 340 240 
3 456 340 510 
3 2620 2653 2666 
3 1287 1168 1219 
3 1287 1363 1245 
3 1219 1095 1145 
3 1475 1363 1403 
3 1663 1552 1584 
3 1663 1742 1631 
3 1742 1830 1717 
3 1920 1808 1830 
3 2004 1897 1920 
3 2004 2081 1984 
3 2063 2081 2164 
3 1584 1475 1515 
3 2164 2240 2145 
3 2240 2310 2225 
3 2401 2319 2310 
3 1088 1145 1031 
3 1035 1088 977 
3 2448 2319 2401 
3 2394 2448 2509 
3 2561 2463 2509 
3 853 931 828 
3 1035 977 931 
3 2610 2526 2561 
3 2610 2653 2573 
3 672 749 635 
3 853 828 749 
3 603 672 546 
3 603 456 510 
3 2172 2178 2269 
3 2269 2287 2376 
3 2376 2388 2486 
3 2486 2477 2566 
3 2553 2651 2566 
3 2633 2703 2651 
3 2098 2173 2084 
3 2172 2173 2098 
3 2680 2721 2689 
3 2633 2689 2703 
3 2718 2721 2698 
3 1765 1845 1729 
3 1619 1729 1693 
3 1652 1578 1693 
3 1845 1883 1960 
3 1345 1424 1308 
3 1464 1539 1424 
3 1199 1209 1308 
3 1539 1578 1652 
3 1108 1209 1199 
3 996 1108 1036 
3 816 863 930 
3 692 753 816 
3 642 692 580 
3 930 996 1036 
3 534 580 475 
3 1986 2062 1960 
3 415 359 475 
3 292 265 418 
3 418 359 415 
3 420 250 292 
3 277 188 347 
3 347 250 420 
3 2084 2160 2062 
3 2698 2691 2718 
3 404 240 277 
3 2666 2653 2691 
3 510 340 404 
3 1332 1287 1219 
3 1403 1363 1287 
3 1145 1265 1219 
3 1515 1475 1403 
3 1584 1692 1663 
3 1764 1742 1663 
3 1852 1830 1742 
3 1942 1920 1830 
3 2026 2004 1920 
3 2111 2081 2004 
3 2164 2081 2187 
3 1626 1584 1515 
3 2264 2240 2164 
3 2334 2310 2240 
3 2401 2310 2334 
3 1203 1145 1088 
3 1138 1088 1035 
3 2491 2448 2401 
3 2509 2448 2546 
3 2561 2509 2603 
3 960 931 853 
3 1035 931 960 
3 2660 2610 2561 
3 2683 2653 2610 
3 792 749 672 
3 853 749 792 
3 725 672 603 
3 641 603 510 
3 2269 2262 2172 
3 2269 2376 2357 
3 2376 2486 2514 
3 2566 2586 2486 
3 2566 2651 2675 
3 2703 2732 2651 
3 2084 2173 2160 
3 2172 2262 2173 
3 2689 2721 2743 
3 2689 2743 2703 
3 2740 2721 2718 
3 1729 1845 1807 
3 1729 1807 1693 
3 1693 1771 1652 
3 1926 1845 1960 
3 1308 1424 1378 
3 1424 1539 1491 
3 1261 1199 1308 
3 1610 1539 1652 
3 1108 1199 1147 
3 1036 1108 1147 
3 816 930 858 
3 692 816 745 
3 580 692 627 
3 930 1036 980 
3 475 580 530 
3 1960 2062 2037 
3 530 415 475 
3 505 292 418 
3 418 415 517 
3 420 292 505 
3 347 468 277 
3 527 347 420 
3 2062 2160 2142 
3 2691 2683 2718 
3 468 404 277 
3 2691 2653 2683 
3 404 553 510 
3 1219 1265 1332 
3 1332 1403 1287 
3 1203 1265 1145 
3 1403 1449 1515 
3 1663 1692 1764 
3 1626 1692 1584 
3 1852 1742 1764 
3 1942 1830 1852 
3 1942 2026 1920 
3 2026 2111 2004 
3 2187 2081 2111 
3 2187 2264 2164 
3 1558 1626 1515 
3 2334 2240 2264 
3 2431 2401 2334 
3 1203 1088 1138 
3 1076 1138 1035 
3 2491 2401 2431 
3 2546 2448 2491 
3 2603 2509 2546 
3 2660 2561 2603 
3 914 960 853 
3 1035 960 1076 
3 2683 2610 2660 
3 792 672 725 
3 914 853 792 
3 641 725 603 
3 510 553 641 
3 2357 2262 2269 
3 2376 2445 2357 
3 2486 2586 2514 
3 2514 2445 2376 
3 2675 2586 2566 
3 2651 2732 2675 
3 2703 2761 2732 
3 2160 2173 2252 
3 2173 2262 2252 
3 2743 2721 2740 
3 2703 2743 2761 
3 2718 2715 2740 
3 1807 1845 1926 
3 1693 1807 1771 
3 1652 1771 1726 
3 1960 2037 1926 
3 1378 1424 1491 
3 1378 1261 1308 
3 1491 1539 1610 
3 1147 1199 1261 
3 1652 1726 1610 
3 1103 1036 1147 
3 930 980 858 
3 745 816 858 
3 627 692 745 
3 580 627 530 
3 980 1036 1103 
3 2062 2142 2037 
3 517 415 530 
3 505 418 582 
3 582 418 517 
3 505 590 420 
3 527 468 347 
3 420 590 527 
3 2142 2160 2239 
3 2718 2683 2715 
3 468 553 404 
3 1332 1265 1381 
3 1332 1449 1403 
3 1314 1265 1203 
3 1515 1449 1558 
3 1764 1692 1800 
3 1735 1692 1626 
3 1852 1764 1854 
3 1852 1949 1942 
3 2044 2026 1942 
3 2130 2111 2026 
3 2210 2187 2111 
3 2290 2264 2187 
3 1671 1626 1558 
3 2334 2264 2363 
3 2334 2363 2431 
3 1251 1203 1138 
3 1076 1190 1138 
3 2530 2491 2431 
3 2584 2546 2491 
3 2603 2546 2650 
3 2603 2688 2660 
3 1021 960 914 
3 1076 960 1021 
3 2715 2683 2660 
3 792 725 839 
3 839 914 792 
3 756 725 641 
3 553 687 641 
3 2351 2262 2357 
3 2357 2445 2443 
3 2514 2586 2608 
3 2524 2445 2514 
3 2697 2586 2675 
3 2675 2732 2756 
3 2732 2761 2793 
3 2160 2252 2239 
3 2252 2262 2351 
3 2766 2743 2740 
3 2761 2743 2774 
3 2740 2715 2739 
3 1887 1807 1926 
3 1771 1807 1887 
3 1726 1771 1847 
3 2037 1999 1926 
3 1378 1491 1447 
3 1330 1261 1378 
3 1491 1610 1557 
3 1147 1261 1218 
3 1610 1726 1672 
3 1147 1218 1103 
3 858 980 939 
3 745 858 829 
3 627 745 709 
3 648 530 627 
3 980 1103 1048 
3 2037 2142 2112 
3 530 648 517 
3 582 650 505 
3 517 648 582 
3 650 590 505 
3 527 614 468 
3 527 590 659 
3 2217 2142 2239 
3 614 553 468 
3 1381 1265 1314 
3 1381 1449 1332 
3 1251 1314 1203 
3 1558 1449 1494 
3 1800 1692 1735 
3 1854 1764 1800 
3 1735 1626 1671 
3 1854 1949 1852 
3 1949 2044 1942 
3 2130 2026 2044 
3 2210 2111 2130 
3 2290 2187 2210 
3 2363 2264 2290 
3 1607 1671 1558 
3 2363 2461 2431 
3 1138 1190 1251 
3 1126 1190 1076 
3 2431 2461 2530 
3 2584 2491 2530 
3 2650 2546 2584 
3 2650 2688 2603 
3 2660 2688 2715 
3 943 1021 914 
3 1076 1021 1126 
3 839 725 756 
3 943 914 839 
3 687 756 641 
3 614 687 553 
3 2443 2351 2357 
3 2443 2445 2524 
3 2608 2586 2697 
3 2608 2524 2514 
3 2675 2756 2697 
3 2756 2732 2793 
3 2761 2802 2793 
3 2239 2252 2337 
3 2252 2351 2337 
3 2766 2740 2739 
3 2774 2743 2766 
3 2761 2774 2802 
3 2715 2688 2739 
3 1926 1999 1887 
3 1771 1887 1847 
3 1726 1847 1794 
3 2112 1999 2037 
3 1447 1491 1557 
3 1378 1447 1330 
3 1218 1261 1330 
3 1557 1610 1672 
3 1672 1726 1794 
3 1103 1218 1166 
3 939 980 1048 
3 858 939 829 
3 709 745 829 
3 709 648 627 
3 1048 1103 1166 
3 2112 2142 2217 
3 582 715 650 
3 582 648 715 
3 727 590 650 
3 659 614 527 
3 659 590 727 
3 2217 2239 2320 
3 1314 1430 1381 
3 1494 1449 1381 
3 1365 1314 1251 
3 1607 1558 1494 
3 1735 1842 1800 
3 1800 1912 1854 
3 1671 1780 1735 
3 1912 1949 1854 
3 1949 2041 2044 
3 2130 2044 2141 
3 2230 2210 2130 
3 2312 2290 2210 
3 2290 2391 2363 
3 1720 1671 1607 
3 2391 2461 2363 
3 1251 1190 1302 
3 1235 1190 1126 
3 2530 2461 2565 
3 2642 2584 2530 
3 2693 2650 2584 
3 2727 2688 2650 
3 1053 1021 943 
3 1126 1021 1053 
3 839 756 872 
3 872 943 839 
3 818 756 687 
3 741 687 614 
3 2434 2351 2443 
3 2443 2524 2519 
3 2608 2697 2711 
3 2618 2524 2608 
3 2697 2756 2778 
3 2793 2812 2756 
3 2793 2802 2829 
3 2239 2337 2320 
3 2337 2351 2434 
3 2766 2739 2773 
3 2798 2774 2766 
3 2802 2774 2798 
3 2739 2688 2727 
3 1887 1999 1963 
3 1847 1887 1963 
3 1794 1847 1916 
3 2074 1999 2112 
3 1447 1557 1510 
3 1447 1396 1330 
3 1280 1218 1330 
3 1557 1672 1625 
3 1672 1794 1739 
3 1166 1218 1280 
3 1013 939 1048 
3 829 939 888 
3 829 760 709 
3 709 760 648 
3 1048 1166 1124 
3 2184 2112 2217 
3 650 715 770 
3 648 760 715 
3 770 727 650 
3 659 741 614 
3 727 788 659 
3 2291 2217 2320 
3 1381 1430 1494 
3 1365 1430 1314 
3 1302 1365 1251 
3 1494 1542 1607 
3 1842 1912 1800 
3 1780 1842 1735 
3 1720 1780 1671 
3 1912 2041 1949 
3 2044 2041 2141 
3 2141 2230 2130 
3 2312 2210 2230 
3 2312 2391 2290 
3 1656 1720 1607 
3 2506 2461 2391 
3 1302 1190 1235 
3 1170 1235 1126 
3 2565 2461 2506 
3 2642 2530 2565 
3 2693 2584 2642 
3 2727 2650 2693 
3 998 1053 943 
3 1170 1126 1053 
3 872 756 818 
3 998 943 872 
3 818 687 741 
3 2434 2443 2519 
3 2519 2524 2618 
3 2697 2778 2711 
3 2711 2618 2608 
3 2756 2812 2778 
3 2829 2812 2793 
3 2829 2802 2826 
3 2337 2418 2320 
3 2434 2418 2337 
3 2739 2727 2773 
3 2766 2773 2798 
3 2826 2802 2798 
3 1963 1999 2074 
3 1916 1847 1963 
3 1794 1916 1859 
3 2074 2112 2184 
3 1510 1557 1625 
3 1447 1510 1396 
3 1330 1396 1280 
3 1625 1672 1739 
3 1739 1794 1859 
3 1233 1166 1280 
3 1013 1048 1124 
3 888 939 1013 
3 829 888 760 
3 1124 1166 1233 
3 2184 2217 2291 
3 715 838 770 
3 715 760 838 
3 770 844 727 
3 788 741 659 
3 727 844 788 
3 2320 2383 2291 
3 1430 1542 1494 
3 1477 1430 1365 
3 1302 1417 1365 
3 1607 1542 1656 
3 1842 1932 1912 
3 1889 1842 1780 
3 1720 1831 1780 
3 2023 2041 1912 
3 2141 2041 2132 
3 2237 2230 2141 
3 2230 2331 2312 
3 2422 2391 2312 
3 1772 1720 1656 
3 2506 2391 2422 
3 1302 1235 1349 
3 1285 1235 1170 
3 2506 2629 2565 
3 2695 2642 2565 
3 2693 2642 2745 
3 2765 2727 2693 
3 998 1113 1053 
3 1053 1113 1170 
3 818 932 872 
3 872 932 998 
3 852 818 741 
3 2434 2519 2516 
3 2519 2618 2611 
3 2778 2787 2711 
3 2714 2618 2711 
3 2778 2812 2830 
3 2858 2812 2829 
3 2826 2860 2829 
3 2320 2418 2383 
3 2516 2418 2434 
3 2773 2727 2765 
3 2798 2773 2808 
3 2798 2808 2826 
3 1963 2074 2039 
3 2039 1916 1963 
3 1859 1916 1979 
3 2074 2184 2152 
3 1510 1625 1576 
3 1396 1510 1459 
3 1280 1396 1347 
3 1689 1625 1739 
3 1739 1859 1805 
3 1280 1347 1233 
3 1013 1124 1061 
3 947 888 1013 
3 760 888 838 
3 1124 1233 1182 
3 2256 2184 2291 
3 838 906 770 
3 906 844 770 
3 788 852 741 
3 788 844 920 
3 2291 2383 2360 
3 1477 1542 1430 
3 1417 1477 1365 
3 1349 1417 1302 
3 1656 1542 1595 
3 1912 1932 2023 
3 1889 1932 1842 
3 1780 1831 1889 
3 1772 1831 1720 
3 2132 2041 2023 
3 2237 2141 2132 
3 2237 2331 2230 
3 2312 2331 2422 
3 1656 1709 1772 
3 2540 2506 2422 
3 1349 1235 1285 
3 1170 1223 1285 
3 2565 2629 2695 
3 2540 2629 2506 
3 2745 2642 2695 
3 2765 2693 2745 
3 1038 1113 998 
3 1113 1223 1170 
3 852 932 818 
3 998 932 1038 
3 2519 2611 2516 
3 2611 2618 2714 
3 2711 2787 2714 
3 2830 2787 2778 
3 2830 2812 2858 
3 2829 2860 2858 
3 2826 2839 2860 
3 2383 2418 2484 
3 2484 2418 2516 
3 2773 2765 2808 
3 2826 2808 2839 
3 2039 2074 2152 
3 1979 1916 2039 
3 1919 1859 1979 
3 2152 2184 2256 
3 1576 1625 1689 
3 1459 1510 1576 
3 1347 1396 1459 
3 1739 1805 1689 
3 1805 1859 1919 
3 1233 1347 1297 
3 1061 1124 1182 
3 1013 1061 947 
3 838 888 947 
3 1182 1233 1297 
3 2291 2360 2256 
3 947 906 838 
3 955 844 906 
3 920 852 788 
3 920 844 955 
3 2360 2383 2451 
3 1595 1542 1477 
3 1529 1477 1417 
3 1466 1417 1349 
3 1595 1709 1656 
3 2023 1932 1994 
3 1994 1932 1889 
3 1831 1947 1889 
3 1891 1831 1772 
3 2108 2132 2023 
3 2132 2228 2237 
3 2333 2331 2237 
3 2422 2331 2442 
3 1772 1709 1824 
3 2422 2442 2540 
3 1399 1349 1285 
3 1223 1336 1285 
3 2695 2629 2755 
3 2686 2629 2540 
3 2745 2695 2789 
3 2804 2765 2745 
3 1154 1113 1038 
3 1154 1223 1113 
3 965 932 852 
3 1038 932 965 
3 2516 2611 2587 
3 2704 2611 2714 
3 2714 2787 2782 
3 2835 2787 2830 
3 2858 2873 2830 
3 2858 2860 2887 
3 2860 2839 2875 
3 2383 2484 2451 
3 2516 2587 2484 
3 2808 2765 2804 
3 2839 2808 2804 
3 2039 2152 2097 
3 2039 2097 1979 
3 1919 1979 2034 
3 2256 2222 2152 
3 1576 1689 1638 
3 1525 1459 1576 
3 1347 1459 1409 
3 1689 1805 1752 
3 1919 1865 1805 
3 1297 1347 1409 
3 1182 1130 1061 
3 1061 1023 947 
3 1182 1297 1241 
3 2256 2360 2309 
3 947 1023 906 
3 906 1023 955 
3 920 965 852 
3 1030 920 955 
3 2360 2451 2407 
3 1595 1477 1529 
3 1529 1417 1466 
3 1399 1466 1349 
3 1643 1709 1595 
3 2108 2023 1994 
3 1889 1947 1994 
3 1891 1947 1831 
3 1824 1891 1772 
3 2108 2228 2132 
3 2228 2333 2237 
3 2442 2331 2333 
3 1824 1709 1758 
3 2540 2442 2567 
3 1336 1399 1285 
3 1273 1336 1223 
3 2755 2629 2686 
3 2789 2695 2755 
3 2567 2686 2540 
3 2804 2745 2789 
3 1092 1154 1038 
3 1273 1223 1154 
3 965 1092 1038 
3 2587 2611 2704 
3 2704 2714 2782 
3 2782 2787 2835 
3 2830 2873 2835 
3 2887 2873 2858 
3 2860 2875 2887 
3 2875 2839 2843 
3 2451 2484 2549 
3 2484 2587 2549 
3 2839 2804 2843 
3 2152 2222 2097 
3 1979 2097 2034 
3 1919 2034 1981 
3 2309 2222 2256 
3 1638 1689 1752 
3 1576 1638 1525 
3 1409 1459 1525 
3 1805 1865 1752 
3 1981 1865 1919 
3 1297 1409 1359 
3 1130 1023 1061 
3 1241 1130 1182 
3 1241 1297 1359 
3 2309 2360 2407 
3 955 1023 1079 
3 1030 965 920 
3 1079 1030 955 
3 2407 2451 2502 
3 1529 1643 1595 
3 1529 1466 1580 
3 1514 1466 1399 
3 1758 1709 1643 
3 1994 2064 2108 
3 1947 2064 1994 
3 2013 1947 1891 
3 1824 1938 1891 
3 2185 2228 2108 
3 2308 2333 2228 
3 2435 2442 2333 
3 1758 1875 1824 
3 2567 2442 2435 
3 1451 1399 1336 
3 1387 1336 1273 
3 2686 2803 2755 
3 2831 2789 2755 
3 2751 2686 2567 
3 2804 2789 2843 
3 1208 1154 1092 
3 1273 1154 1208 
3 1030 1092 965 
3 2673 2587 2704 
3 2704 2782 2768 
3 2782 2835 2827 
3 2835 2873 2876 
3 2899 2873 2887 
3 2887 2875 2900 
3 2875 2843 2880 
3 2451 2549 2502 
3 2549 2587 2673 
3 2097 2222 2134 
3 2034 2097 2134 
3 2034 2091 1981 
3 2208 2222 2309 
3 1704 1638 1752 
3 1525 1638 1587 
3 1470 1409 1525 
3 1752 1865 1817 
3 1934 1865 1981 
3 1359 1409 1470 
3 1079 1023 1130 
3 1196 1130 1241 
3 1359 1310 1241 
3 2309 2407 2306 
3 1079 1143 1030 
3 2502 2409 2407 
3 1580 1643 1529 
3 1580 1466 1514 
3 1451 1514 1399 
3 1758 1643 1697 
3 2064 2185 2108 
3 2013 2064 1947 
3 1891 1938 2013 
3 1875 1938 1824 
3 2308 2228 2185 
3 2435 2333 2308 
3 1816 1875 1758 
3 2523 2567 2435 
3 1387 1451 1336 
3 1323 1387 1273 
3 2755 2803 2831 
3 2751 2803 2686 
3 2843 2789 2831 
3 2654 2751 2567 
3 1143 1208 1092 
3 1273 1208 1323 
3 1143 1092 1030 
3 2673 2704 2768 
3 2768 2782 2827 
3 2827 2835 2876 
3 2876 2873 2905 
3 2899 2887 2900 
3 2905 2873 2899 
3 2900 2875 2880 
3 2880 2843 2831 
3 2502 2549 2596 
3 2549 2673 2596 
3 2134 2222 2208 
3 2034 2134 2091 
3 1981 2091 2049 
3 2309 2306 2208 
3 1752 1817 1704 
3 1587 1638 1704 
3 1525 1587 1470 
3 1817 1865 1934 
3 1981 2049 1934 
3 1470 1422 1359 
3 1079 1130 1196 
3 1241 1310 1196 
3 1359 1422 1310 
3 2407 2409 2306 
3 1196 1143 1079 
3 2497 2409 2502 
3 1697 1643 1580 
3 1580 1514 1630 
3 1563 1514 1451 
3 1758 1697 1816 
3 2144 2185 2064 
3 2144 2064 2013 
3 2013 1938 2051 
3 1991 1938 1875 
3 2260 2308 2185 
3 2385 2435 2308 
3 1929 1875 1816 
3 2523 2435 2385 
3 2654 2567 2523 
3 1501 1451 1387 
3 1435 1387 1323 
3 2831 2803 2871 
3 2840 2803 2751 
3 2783 2751 2654 
3 1259 1208 1143 
3 1323 1208 1259 
3 2673 2768 2720 
3 2768 2827 2809 
3 2827 2876 2862 
3 2876 2905 2894 
3 2899 2900 2915 
3 2905 2899 2915 
3 2900 2880 2910 
3 2831 2871 2880 
3 2502 2596 2497 
3 2596 2673 2720 
3 2134 2208 2198 
3 2134 2198 2091 
3 2091 2163 2049 
3 2208 2306 2198 
3 1817 1767 1704 
3 1704 1649 1587 
3 1587 1537 1470 
3 1817 1934 1886 
3 1934 2049 1998 
3 1537 1422 1470 
3 1310 1259 1196 
3 1310 1422 1373 
3 2306 2409 2280 
3 1196 1259 1143 
3 2364 2409 2497 
3 1630 1697 1580 
3 1630 1514 1563 
3 1563 1451 1501 
3 1816 1697 1746 
3 2260 2185 2144 
3 2090 2144 2013 
3 2051 1938 1991 
3 2090 2013 2051 
3 1991 1875 1929 
3 2385 2308 2260 
3 1862 1929 1816 
3 2385 2465 2523 
3 2621 2654 2523 
3 1435 1501 1387 
3 1373 1435 1323 
3 2871 2803 2840 
3 2840 2751 2783 
3 2621 2783 2654 
3 1373 1323 1259 
3 2720 2768 2809 
3 2809 2827 2862 
3 2862 2876 2894 
3 2894 2905 2916 
3 2915 2900 2910 
3 2905 2915 2916 
3 2880 2871 2910 
3 2497 2596 2578 
3 2596 2720 2578 
3 2091 2198 2163 
3 2163 2120 2049 
3 2198 2306 2280 
3 1704 1767 1649 
3 1886 1767 1817 
3 1587 1649 1537 
3 1934 1998 1886 
3 2049 2120 1998 
3 1486 1422 1537 
3 1373 1259 1310 
3 1373 1422 1486 
3 2280 2409 2364 
3 2447 2364 2497 
3 1746 1697 1630 
3 1563 1681 1630 
3 1563 1501 1617 
3 1816 1746 1862 
3 2260 2144 2214 
3 2214 2144 2090 
3 2105 2051 1991 
3 2051 2159 2090 
3 1991 1929 2046 
3 2385 2260 2335 
3 1978 1929 1862 
3 2523 2465 2621 
3 2335 2465 2385 
3 1550 1501 1435 
3 1486 1435 1373 
3 2895 2871 2840 
3 2846 2840 2783 
3 2712 2783 2621 
3 2809 2702 2720 
3 2809 2862 2797 
3 2894 2849 2862 
3 2894 2916 2885 
3 2915 2910 2921 
3 2916 2915 2921 
3 2910 2871 2895 
3 2497 2578 2447 
3 2720 2702 2578 
3 2163 2198 2280 
3 2163 2241 2120 
3 1767 1715 1649 
3 1886 1833 1767 
3 1649 1601 1537 
3 1886 1998 1951 
3 1998 2120 2065 
3 1601 1486 1537 
3 2280 2364 2241 
3 2317 2364 2447 
3 1681 1746 1630 
3 1617 1681 1563 
3 1617 1501 1550 
3 1862 1746 1797 
3 2260 2214 2335 
3 2159 2214 2090 
3 2105 1991 2046 
3 2105 2159 2051 
3 2046 1929 1978 
3 1911 1978 1862 
3 2621 2465 2537 
3 2406 2465 2335 
3 1550 1435 1486 
3 2895 2840 2846 
3 2846 2783 2712 
3 2621 2537 2712 
3 2797 2702 2809 
3 2862 2849 2797 
3 2885 2849 2894 
3 2885 2916 2891 
3 2910 2895 2921 
3 2916 2921 2891 
3 2447 2578 2525 
3 2578 2702 2525 
3 2280 2241 2163 
3 2241 2189 2120 
3 1649 1715 1601 
3 1767 1833 1715 
3 1951 1833 1886 
3 1998 2065 1951 
3 2120 2189 2065 
3 1601 1550 1486 
3 2241 2364 2317 
3 2381 2317 2447 
3 1797 1746 1681 
3 1730 1681 1617 
3 1666 1617 1550 
3 1911 1862 1797 
3 2335 2214 2276 
3 2276 2214 2159 
3 2157 2105 2046 
3 2227 2159 2105 
3 2046 1978 2095 
3 2035 1978 1911 
3 2537 2465 2406 
3 2406 2335 2276 
3 2874 2895 2846 
3 2770 2846 2712 
3 2712 2537 2601 
3 2614 2702 2797 
3 2797 2849 2706 
3 2767 2849 2885 
3 2885 2891 2805 
3 2921 2895 2874 
3 2921 2874 2891 
3 2447 2525 2381 
3 2525 2702 2614 
3 2317 2189 2241 
3 1601 1715 1666 
3 1715 1833 1781 
3 1898 1833 1951 
3 2065 2015 1951 
3 2189 2140 2065 
3 1601 1666 1550 
3 2257 2317 2381 
3 1797 1681 1730 
3 1730 1617 1666 
3 1848 1911 1797 
3 2276 2159 2227 
3 2095 2157 2046 
3 2227 2105 2157 
3 2095 1978 2035 
3 1966 2035 1911 
3 2457 2537 2406 
3 2340 2406 2276 
3 2874 2846 2770 
3 2601 2770 2712 
3 2601 2537 2457 
3 2797 2706 2614 
3 2706 2849 2767 
3 2767 2885 2805 
3 2891 2874 2805 
3 2525 2453 2381 
3 2614 2453 2525 
3 2257 2189 2317 
3 1715 1781 1666 
3 1781 1833 1898 
3 1951 2015 1898 
3 2065 2140 2015 
3 2257 2140 2189 
3 2381 2329 2257 
3 1848 1797 1730 
3 1781 1730 1666 
3 1966 1911 1848 
3 2340 2276 2227 
3 2095 2220 2157 
3 2157 2277 2227 
3 2035 2150 2095 
3 2080 2035 1966 
3 2457 2406 2340 
3 2805 2874 2770 
3 2677 2770 2601 
3 2457 2521 2601 
3 2614 2706 2531 
3 2599 2706 2767 
3 2767 2805 2677 
3 2381 2453 2329 
3 2531 2453 2614 
3 1898 1848 1781 
3 2015 1966 1898 
3 2015 2140 2080 
3 2204 2140 2257 
3 2257 2329 2204 
3 1781 1848 1730 
3 1898 1966 1848 
3 2227 2277 2340 
3 2220 2277 2157 
3 2150 2220 2095 
3 2080 2150 2035 
3 2015 2080 1966 
3 2340 2404 2457 
3 2805 2770 2677 
3 2601 2521 2677 
3 2457 2404 2521 
3 2531 2706 2599 
3 2767 2677 2599 
3 2329 2453 2399 
3 2399 2453 2531 
3 2080 2140 2204 
3 2329 2270 2204 
3 2277 2404 2340 
3 2336 2277 2220 
3 2270 2220 2150 
3 2204 2150 2080 
3 2677 2521 2599 
3 2521 2404 2456 
3 2531 2599 2456 
3 2399 2270 2329 
3 2531 2456 2399 
3 2204 2270 2150 
3 2336 2404 2277 
3 2336 2220 2270 
3 2599 2521 2456 
3 2456 2404 2336 
3 2336 2270 2399 
3 2399 2456 2336 

