# vtk DataFile Version 4.2
vtk output
ASCII
DATASET POLYDATA
POINTS 2986 float
-159.218 -31.3414 -317.812 -158.429 -19.6959 -327.498 -158.428 -17.6177 -313.222 
-158.036 -44.5593 -322.926 -157.879 -29.5588 -304.217 -157.627 -43.2063 -309.751 
-156.951 -33.3417 -330.726 -156.095 -6.19947 -324.086 -156.002 -15.8304 -299.406 
-155.839 -56.488 -316.448 -155.741 2.09853 88.0127 -155.641 -6.86651 99.4753 
-155.471 -41.4194 -296.29 -155.375 -21.4982 98.1507 -155.375 11.0942 77.177 
-155.367 -11.9337 86.1234 -155.25 -16.0256 111.67 -155.234 -56.867 -329.793 
-155.229 -2.56712 74.8833 -155.223 16.0016 89.9527 -155.197 24.5806 79.3471 
-155.181 -3.99443 -309.236 -155.148 20.3414 66.4789 -155.105 7.72832 100.971 
-154.998 33.6145 68.9325 -154.937 29.7411 55.9937 -154.899 -27.8342 -290.714 
-154.898 6.90174 64.1165 -154.872 -0.645822 112.512 -154.643 29.5335 91.9461 
-154.584 43.0404 58.9667 -154.566 -44.53 -334.847 -154.532 37.632 81.7694 
-154.501 16.3659 53.4799 -154.498 -16.3993 72.7893 -154.365 -6.65261 61.8179 
-154.34 6.35931 124.987 -154.224 21.8936 102.595 -154.185 39.2686 45.8205 
-154.123 46.6084 72.0297 -154.081 14.0841 113.656 -154.04 -9.03595 124.488 
-153.941 -26.0216 84.3883 -153.862 -54.6398 -302.674 -153.845 25.8543 43.0326 
-153.791 21.6343 126.45 -153.784 3.16192 51.1711 -153.723 42.7227 94.3172 
-153.495 14.3045 137.077 -153.394 35.8203 104.414 -153.371 -20.5005 59.3475 
-153.215 28.7521 115.208 -153.112 52.7216 49.2306 -153.029 12.88 40.6224 
-152.997 -30.9759 110.469 -152.964 49.908 85.1059 -152.843 -10.4285 48.6536 
-152.798 35.2033 32.6575 -152.755 56.1525 62.5435 -152.712 -69.42 -324.118 
-152.694 6.81062 -320.066 -152.671 -30.4095 70.552 -152.652 -14.2882 -285.734 
-152.461 -0.869366 136.099 -152.307 -2.50433 -295.051 -152.283 -39.6039 -282.8 
-152.265 48.7002 35.8012 -152.258 22.3979 30.204 -152.16 -0.231767 38.1923 
-151.785 -35.3115 96.2425 -151.632 -24.3647 45.8813 -151.564 9.94408 27.835 
-151.529 -52.7689 -288.808 -151.461 58.5544 75.8894 -151.415 -26.222 -277.235 
-151.32 30.7369 19.4087 -151.255 36.2159 127.971 -151.239 -34.4478 56.7657 
-151.159 50.2414 105.51 -151.105 44.5842 22.188 -151.077 -14.0496 35.3629 
-150.986 -11.1425 -336.635 -150.96 -24.2172 -338.707 -150.938 -24.5672 123.878 
-150.878 43.31 116.612 -150.846 2.87709 -335.119 -150.823 19.2974 17.2568 
-150.753 -67.3485 -309.595 -150.468 -3.57466 25.1005 -150.302 -40.0419 82.3153 
-150.216 28.9022 139.279 -150.183 8.47647 -305.077 -149.854 7.28898 14.9794 
-149.71 59.1971 91.0627 -149.272 -37.491 -338.997 -149.139 -27.9318 32.5047 
-148.997 38.5393 8.76174 -148.983 28.2169 6.76963 -148.97 17.8945 4.77753 
-148.943 -17.5258 22.075 -148.923 -12.9437 -272.152 -148.902 -38.1894 43.113 
-148.862 -44.2295 68.1581 -148.805 -37.8639 -269.283 -148.721 -15.5023 135.938 
-148.719 6.8641 145.556 -148.709 -1.30006 -281.103 -148.565 -6.88011 11.952 
-148.473 -65.1854 -295.351 -148.451 61.5962 39.7895 -148.311 -50.8816 -275.144 
-148.261 58.2322 25.832 -147.884 65.0984 53.4327 -147.732 4.08012 2.07422 
-147.672 16.1197 -330.808 -147.625 -24.6984 -263.768 -147.179 9.93953 -290.601 
-147.043 -48.0111 54.0993 -146.98 18.4617 -315.226 -146.934 -66.9622 -336.506 
-146.891 67.4603 66.9692 -146.868 -52.6907 -339.135 -146.551 31.7314 -4.50465 
-146.381 15.3771 -7.69719 -146.065 -20.8998 8.90934 -145.997 -31.2146 19.1974 
-145.821 -63.3881 -281.339 -145.646 -10.1664 -1.09562 -145.639 53.6326 12.5357 
-145.427 -79.2904 -316.674 -145.287 68.2102 80.1059 -145.202 -41.4676 29.7347 
-145.017 -36.2537 -255.723 -144.927 19.3483 147.7 -144.852 0.877526 -10.8757 
-144.839 -49.1013 -261.404 -144.788 66.3141 92.1399 -144.676 62.667 103.986 
-144.665 56.7061 115.869 -144.568 -0.297458 -267.404 -144.532 -11.8402 -258.734 
-144.352 -79.7381 -329.85 -144.338 -5.71462 145.742 -144.129 49.7776 127.536 
-143.954 19.9726 -300.31 -143.618 -76.8782 -302.223 -143.377 -51.2851 40.3009 
-143.202 -23.4195 -250.447 -143.121 10.8025 -276.522 -143.095 -41.3969 106.81 
-142.934 -46.4359 92.8429 -142.924 27.8186 -325.455 -142.861 26.9638 -17.1575 
-142.724 -61.6512 -267.449 -142.692 11.9225 -20.3811 -142.687 41.8123 138.858 
-142.435 48.1374 -0.352772 -141.939 -23.9322 -3.94301 -141.806 -34.8241 120.012 
-141.791 -51.1125 78.7613 -141.684 -34.2279 6.23223 -141.611 -13.2548 -13.9008 
-141.39 -75.0284 -287.942 -141.245 -47.5113 -247.803 -141.044 -44.4387 16.4681 
-140.858 -34.8207 -242.329 -140.667 -2.37871 -23.5462 -140.582 -55.5787 64.9083 
-140.249 -3.38761 -343.28 -140.231 29.4071 -309.883 -140.225 21.1276 -285.808 
-140.143 24.9611 -340.734 -139.998 11.1405 -342.476 -139.83 42.3354 -13.3502 
-139.804 69.116 30.9989 -139.74 72.3883 44.7573 -139.709 -11.122 -245.412 
-139.589 -60.0964 -253.656 -139.457 -26.7505 132.545 -139.403 0.131675 -253.974 
-139.235 22.7929 -29.877 -139.151 -17.2846 -342.968 -139.146 -54.2311 26.8605 
-138.934 8.39301 -33.1525 -138.832 32.032 148.104 -138.768 -73.4988 -273.831 
-138.678 65.4297 17.3637 -138.547 -22.3396 -237.165 -138.499 74.1985 58.5203 
-138.326 -59.5067 51.0492 -138.298 7.32936 151.267 -138.1 11.1301 -262.602 
-137.934 -31.3471 -343.252 -137.79 -16.4356 -26.7319 -137.745 -26.8499 -16.777 
-137.378 -5.78822 -36.4537 -137.325 -45.8898 -234.43 -137.247 74.8546 72.1513 
-136.998 -37.0497 -6.60073 -136.936 37.1771 -333.867 -136.899 37.2706 -26.2187 
-136.825 -45.903 -342.978 -136.773 -87.8298 -309.221 -136.55 30.9563 -294.931 
-136.547 -89.5122 -324.193 -136.522 -33.3779 -229.062 -136.265 60.6952 4.24092 
-136.225 74.1851 85.5145 -136.072 -58.3647 -240.071 -136.048 4.87728 -46.1972 
-136.034 -16.744 143.223 -136.026 -60.1321 -341.37 -135.825 71.7816 98.7367 
-135.776 -46.9687 3.61695 -135.742 -72.034 -259.854 -135.613 19.0146 -42.754 
-135.545 38.6999 -318.698 -135.512 67.4171 111.945 -135.441 -74.4574 -338.975 
-135.4 21.597 -271.619 -135.381 -85.7412 -294.688 -135.091 -62.9338 37.4517 
-134.926 61.3169 124.567 -134.815 -19.7375 -39.7209 -134.78 -9.16808 -49.5714 
-134.689 -56.9904 13.6723 -134.633 -10.7525 -232.119 -134.195 -29.9644 -29.8427 
-134.18 0.132391 -240.514 -133.948 -21.6233 -223.735 -133.736 55.7564 -8.79539 
-133.675 -43.8633 -221.074 -133.502 53.5335 136.436 -133.49 33.0067 -39.1595 
-133.339 -87.6273 -331.28 -133.289 -40.0601 -19.6598 -133.204 -84.2203 -280.536 
-133.192 1.3785 -59.2749 -132.899 -31.7912 -215.686 -132.674 15.1702 -55.8355 
-132.599 -70.3602 -245.988 -132.554 -56.3149 -226.517 -132.526 20.4075 153.595 
-132.44 10.8734 -249.187 -132.088 -49.9108 -9.53354 -131.996 -23.0132 -52.875 
-131.804 40.0669 -304.117 -131.765 31.6058 -280.688 -131.74 -12.417 -62.6814 
-131.668 -66.2273 24.0312 -131.485 50.9189 -21.8646 -131.431 -48.9095 101.73 
-131.363 -54.425 88.1075 -131.188 -33.4952 -42.9511 -131.042 -4.62331 150.807 
-130.963 -59.9433 74.7264 -130.781 44.3408 146.857 -130.747 -41.4912 -207.829 
-130.716 -59.7778 0.510561 -130.712 33.8809 -346.891 -130.342 -42.3126 114.648 
-130.296 -21.3516 -209.587 -130.25 28.7573 -52.1837 -130.232 -82.9583 -266.301 
-130.217 47.6237 -326.96 -130.17 -10.6689 -218.415 -130.029 -43.5749 -32.937 
-129.957 -65.1564 61.4144 -129.903 -2.22381 -72.2388 -129.69 21.4305 -257.891 
-129.658 -29.2622 -202.995 -129.644 45.4205 -342.851 -129.575 -54.0893 -213.009 
-129.478 -68.4078 -232.239 -129.439 78.0653 36.5715 -129.436 11.0482 -68.8089 
-129.385 75.2039 22.8215 -129.127 -0.076929 -226.985 -128.909 -53.1689 -22.8097 
-128.86 46.3909 -35.0294 -128.774 80.0256 50.4317 -128.661 -26.1226 -65.9458 
-128.604 -15.745 -75.5906 -128.46 -34.6735 126.804 -128.325 -69.3476 10.6739 
-128.147 19.852 -347.199 -128.139 -69.5125 47.9199 -128.047 71.2605 9.36263 
-128.028 -36.7709 -56.268 -127.788 -38.4991 -195.535 -127.732 80.8679 64.3916 
-127.543 -95.3396 -301.389 -127.524 -62.6361 -12.7543 -127.423 5.18433 -346.562 
-127.338 40.9814 -289.888 -127.097 24.2632 -65.2226 -127.081 -81.5848 -252.14 
-127.078 -96.8455 -316.119 -127.067 -5.66601 -85.133 -126.91 -9.26663 -345.643 
-126.842 -23.6507 -192.95 -126.791 10.3841 -235.721 -126.788 80.6621 78.3127 
-126.745 49.1059 -312.884 -126.671 -66.3593 -218.524 -126.66 -51.6066 -199.949 
-126.528 -10.8427 -203.878 -126.445 -47.5249 -46.5282 -126.409 -93.7335 -287.377 
-126.356 6.51061 -81.8394 -126.221 -23.5963 -344.948 -126.155 -18.7329 -88.5655 
-126.062 79.0049 92.2142 -126.058 67.056 -3.86133 -126.048 -29.2758 -79.0511 
-126.035 -73.8371 34.5064 -125.999 33.3921 154.467 -125.917 31.3909 -266.9 
-125.881 41.8781 -48.1757 -125.806 -25.6169 137.969 -125.532 75.8019 106.065 
-125.511 8.25789 156.006 -125.303 -37.913 -344.069 -125.246 -72.2356 -2.61013 
-125.142 -35.7744 -182.843 -124.994 -57.5258 -36.5591 -124.775 71.0582 119.556 
-124.748 -39.8685 -69.498 -124.7 -7.43518 -97.8234 -124.613 -52.1142 -343.338 
-124.545 -0.300512 -213.145 -124.371 -79.8759 -238.168 -124.182 -49.0202 -186.932 
-124.175 -65.8666 -26.1933 -124.174 -92.2166 -273.372 -124.027 19.2119 -78.2356 
-124.008 62.7857 -17.0261 -123.99 -64.1399 -205.131 -123.955 -21.2242 -101.769 
-123.837 54.0247 -335.6 -123.825 -77.8235 21.0783 -123.804 -32.0473 -92.3369 
-123.789 -22.5459 -178.999 -123.782 -66.0855 -341.495 -123.617 20.5826 -244.541 
-123.587 64.5172 132.484 -123.285 -10.9038 -189.093 -122.965 37.1211 -61.2568 
-122.891 -80.1998 -339.059 -122.673 -33.6631 -169.522 -122.577 -50.5913 -59.9433 
-122.568 -10.2866 -111.03 -122.49 -74.7456 -15.9142 -122.393 -23.889 -115.209 
-122.247 -34.5455 -105.92 -122.228 49.5018 -299.158 -122.2 -46.4818 -173.792 
-122.089 -14.8946 147.521 -121.965 -42.6067 -82.9112 -121.921 -77.9283 -224.425 
-121.846 58.479 -30.2825 -121.824 9.80448 -222.015 -121.695 41.0049 -275.96 
-121.541 12.89 -91.6996 -121.523 -81.346 7.64197 -121.445 -61.6398 -191.973 
-121.371 56.1333 143.962 -121.204 -20.9151 -165.302 -121.125 -93.8641 -331.587 
-121.075 -0.101457 -198.9 -121.055 -31.5065 -155.992 -121.001 -26.5863 -128.756 
-120.864 4.85911 -106.385 -120.841 57.2034 -321.945 -120.833 -13.354 -124.491 
-120.732 -91.5324 -258.594 -120.709 -29.1798 -142.322 -120.636 -44.1516 -160.476 
-120.498 -36.9606 -119.558 -120.222 -45.0946 -96.6214 -120.189 -10.1429 -174.906 
-119.996 31.9122 -74.2698 -119.979 -62.1938 -50.6061 -119.928 -41.8708 -146.908 
-119.824 21.4966 159.388 -119.729 -76.5286 -29.1419 -119.713 -39.4755 -133.219 
-119.66 -18.8763 -151.614 -119.598 30.8337 -253.278 -119.579 -61.818 83.3486 
-119.563 -16.3083 -137.999 -119.516 54.0124 -43.6063 -119.502 -59.0933 -178.688 
-119.498 -55.5542 96.0991 -119.445 -75.8692 -210.735 -119.385 -68.0568 70.689 
-119.1 -84.179 -5.8262 -119.056 -53.1452 -73.5408 -118.986 0.312416 -120.08 
-118.795 -48.9072 108.718 -118.739 -73.8045 57.7708 -118.722 83.133 28.5658 
-118.586 -47.3602 -110.448 -118.532 80.3272 14.7334 -118.18 85.0771 42.5435 
-117.927 46.0734 153.542 -117.909 -56.5512 -165.337 -117.876 19.5884 -231.104 
-117.809 -79.2437 44.6512 -117.756 -102.011 -294.008 -117.692 0.356075 -184.675 
-117.624 -8.63729 -161.065 -117.512 -2.91199 155.016 -117.5 26.4085 -87.4953 
-117.497 -90.5075 -244.018 -117.425 9.51072 -208.178 -117.411 -102.851 -307.666 
-117.373 86.2222 56.6787 -117.342 -49.6028 -124.256 -117.311 -74.2842 -41.5558 
-117.296 57.2471 -346.751 -117.257 76.727 1.2755 -117.231 49.4078 -285.497 
-117.175 -3.34568 -133.609 -117.135 -41.2974 120.739 -117.035 -73.5705 -197.385 
-116.969 49.2431 -56.8422 -116.952 -54.1348 -151.787 -116.9 42.6229 -350.483 
-116.842 -51.9588 -138.057 -116.813 -84.526 31.474 -116.707 -100.587 -280.375 
-116.56 -55.3167 -87.4058 -116.549 86.443 70.9098 -116.525 57.9551 -308.363 
-116.512 -86.1185 -19.2557 -116.484 -6.43399 -147.281 -116.111 20.2787 -101.332 
-115.805 85.3446 85.18 -115.795 -64.0848 -64.3337 -115.774 28.6118 -348.342 
-115.447 -88.9897 18.0233 -115.283 -88.5641 -230.364 -115.145 63.7277 -331.739 
-115.115 73.2477 -11.8044 -115.098 82.7154 99.3338 -115.03 -98.8945 -266.574 
-115.012 14.2754 -115.346 -114.998 -71.0642 -184.048 -114.952 -32.8055 131.83 
-114.883 13.9321 -347.763 -114.85 1.42964 -170.608 -114.836 -57.4961 -101.404 
-114.63 40.4991 -262.228 -114.493 -0.897728 -347.316 -114.373 -96.1181 -253.839 
-114.325 44.0461 -69.9483 -114.3 -101.928 -321.277 -114.225 78.8902 113.185 
-114.062 -92.9165 4.41725 -114.01 -15.3673 -345.844 -113.713 9.89388 -194.243 
-113.531 -68.5125 -170.577 -113.516 -59.5713 -115.382 -113.419 -86.9555 -32.6899 
-113.409 -29.6651 -344.788 -113.335 9.53239 -129.043 -113.23 -86.7368 -216.681 
-113.152 29.4237 -240.019 -113.146 73.9923 126.853 -113.091 34.7194 160.722 
-113.081 18.8396 -217.463 -113.072 69.2364 -24.9219 -112.741 -43.8144 -343.776 
-112.73 3.11702 -156.687 -112.468 -61.6279 -129.332 -112.366 9.70626 160.641 
-112.347 -65.9241 -156.96 -112.34 -75.2778 -55.2685 -112.211 5.75968 -142.809 
-112.126 -65.3983 -78.2607 -112.117 -95.825 -9.25349 -112.099 -57.6228 -342.509 
-112.092 -23.2942 142.029 -111.927 -63.6137 -143.214 -111.874 38.5819 -83.1225 
-111.786 57.5815 -294.96 -111.345 67.3505 -339.628 -111.299 48.5539 -271.929 
-111.261 66.7689 139.468 -111.13 64.777 -38.3937 -111.089 -71.3356 -341.154 
-110.903 -84.4775 -203.105 -110.61 10.7159 -180.191 -110.416 65.7564 -317.953 
-110.005 33.1378 -96.6145 -109.592 -67.1117 -92.4528 -109.498 -84.6943 -337.998 
-109.185 -86.4982 -46.0397 -109.149 -97.245 -23.0711 -109.01 60.1266 -51.8125 
-108.993 27.5388 -110.539 -108.827 18.6512 -203.735 -108.791 -81.9294 -189.762 
-108.622 58.0322 150.721 -108.345 -12.6729 151.053 -108.251 12.2158 -166.126 
-108.069 87.9141 20.4672 -108.013 -100.704 -249.085 -107.936 -68.9492 -106.617 
-107.874 -69.3753 79.0837 -107.84 -75.945 66.6762 -107.809 84.771 6.50742 
-107.797 22.144 -124.314 -107.76 27.8364 -226.744 -107.703 -75.8003 -69.2678 
-107.576 -62.3854 91.1053 -107.569 -82.2638 53.9996 -107.557 90.0813 34.6146 
-107.544 -107.664 -287.143 -107.5 -108.333 -300.465 -107.331 39.4086 -248.687 
-107.275 -79.3685 -176.206 -107.197 -88.4806 41.2118 -107.137 56.2677 -281.786 
-107.043 -106.351 -273.702 -106.984 -55.3177 103.03 -106.76 14.3412 -152.109 
-106.727 -98.4309 -235.895 -106.726 -70.747 -120.679 -106.714 -94.2746 28.1198 
-106.676 54.9734 -65.0821 -106.645 17.5438 -138.123 -106.643 91.1273 48.9206 
-106.54 22.6066 164.351 -106.539 -104.458 -260.532 -106.515 -96.8009 -332.342 
-106.284 -99.4637 14.6566 -106.214 -76.881 -162.491 -106.12 81.485 -6.79844 
-105.897 -108.297 -313.322 -105.856 -74.6725 -148.611 -105.834 -72.4963 -134.708 
-105.798 91.3982 63.3084 -105.763 -47.721 114.714 -105.429 65.7102 -304.46 
-105.407 -103.952 0.979229 -105.369 -97.1442 -36.8096 -105.273 19.1696 -189.79 
-105.119 -96.3983 -222.62 -105.08 90.7323 77.7435 -104.734 72.3688 -327.965 
-104.667 47.3939 159.594 -104.525 49.578 -78.4206 -104.351 88.7108 92.0965 
-103.955 -1.13897 158.799 -103.883 -39.4663 125.851 -103.817 51.6736 -350.602 
-103.815 -85.9246 -59.9825 -103.776 -76.7252 -83.5869 -103.442 85.5108 106.23 
-103.33 -106.692 -13.2072 -103.323 36.8255 -350.736 -103.245 -94.3774 -209.202 
-103.169 27.0052 -213.18 -103.033 66.0068 -347.885 -102.754 53.2764 -269.24 
-102.737 44.2886 -91.8101 -102.592 22.4328 -347.705 -102.45 20.3067 -175.566 
-102.273 81.3919 120.055 -102.094 7.68681 -347.701 -101.854 79.4076 -18.8103 
-101.658 36.9382 -235.73 -101.637 -6.95233 -346.663 -101.542 -30.6352 136.236 
-101.521 -92.0631 -195.537 -101.435 39.0207 -105.508 -101.317 -77.9041 -97.9286 
-101.112 -21.3052 -345.227 -100.766 74.5524 -32.5268 -100.705 -105.922 -324.247 
-100.65 -95.6775 -50.3592 -100.574 -35.5634 -344.46 -100.562 75.6172 133.319 
-100.481 64.454 -291.181 -100.446 33.6539 -119.346 -100.074 21.9783 -161.28 
-99.862 -49.4608 -343.245 -99.8208 -106.939 -27.4853 -99.8061 -89.2577 -181.988 
-99.7562 -79.3028 -112.173 -99.6458 35.5843 166.183 -99.5217 28.6108 -133.118 
-99.385 69.8323 -46.2626 -99.2744 -62.9615 -341.965 -99.1805 26.7753 -199.497 
-99.1587 49.4195 -257.053 -99.1327 24.5533 -147.094 -99.0362 10.8983 165.124 
-98.9358 75.767 -337.899 -98.9028 73.2058 -314.41 -98.7915 -86.8979 -168.225 
-98.6484 -80.8027 -126.301 -98.5624 -21.1903 145.929 -98.2508 -82.6467 -140.354 
-98.2496 67.9288 145.608 -98.1169 -84.5342 -154.362 -97.8459 -76.3807 -340.657 
-97.8037 -86.7859 -74.9345 -97.7261 87.1152 -2.3058 -97.6116 -113.657 -293.526 
-97.3571 -113.099 -280.364 -97.2639 64.4879 -59.6013 -97.2124 -113.57 -306.57 
-97.1298 -111.962 -267.021 -97.0993 91.1414 12.285 -96.7211 -110.13 -253.887 
-96.5178 34.8174 -222.596 -96.4619 93.8621 26.6617 -96.3998 -107.951 -240.919 
-96.3032 -103.552 24.3535 -96.2883 -97.2283 37.4983 -96.2581 -90.3646 50.1378 
-96.2356 -83.4794 62.576 -96.188 -76.6715 74.88 -96.1794 -109.508 10.9108 
-95.8712 27.394 -185.393 -95.8224 -105.637 -41.4274 -95.7942 -69.4012 86.6938 
-95.6702 -89.2677 -337.83 -95.641 95.604 41.1002 -95.6197 -105.419 -228.066 
-95.5862 61.6948 -278.412 -95.433 -94.1156 -64.3427 -95.4111 59.1654 -73.0864 
-95.2506 58.7471 156.556 -95.228 -114.023 -3.15986 -95.1815 -61.9721 98.1991 
-95.1257 -110.798 -319.279 -94.822 -10.8443 154.869 -94.7482 95.9053 55.5594 
-94.3081 45.723 -244.623 -94.2268 -54.3261 109.412 -94.1248 -103.157 -214.839 
-94.0411 -86.9455 -89.3853 -93.9752 95.2009 70.0154 -93.9142 54.0264 -86.6647 
-93.3811 72.1801 -300.964 -93.2499 93.4638 84.4379 -93.2199 23.3207 169.53 
-93.0613 28.7394 -170.395 -92.7336 48.9622 -100.339 -92.7306 -100.895 -201.553 
-92.6992 -46.358 120.419 -92.6979 -115.694 -17.8827 -92.4881 -100.664 -332.205 
-92.4879 79.4159 -325.273 -92.428 91.033 98.7454 -92.1915 33.7172 -209.167 
-92.0369 -87.5866 -103.759 -91.791 43.8431 -114.127 -91.4829 -98.4212 -187.864 
-91.413 -102.858 -54.9353 -91.3337 48.0349 165.734 -91.3148 30.9625 -155.878 
-91.249 87.3505 112.78 -91.0578 38.7724 -127.961 -90.7793 -37.9522 130.958 
-90.7417 58.1661 -265.954 -90.7093 -88.6665 -117.985 -90.7081 34.2335 -141.778 
-90.6253 0.129345 162.951 -90.5383 45.0464 -350.173 -90.5108 59.8378 -350.19 
-90.468 -95.9927 -174.134 -90.3043 30.514 -348.688 -89.9448 -90.0752 -132.169 
-89.8627 15.9516 -347.86 -89.8541 74.551 -346.954 -89.8232 -93.7447 -160.236 
-89.6977 -91.8425 -146.22 -89.6266 82.4069 126.412 -89.5462 -115.674 -314.311 
-89.3662 1.31581 -347.421 -89.2885 -115.023 -32.5455 -89.2778 42.541 -231.931 
-88.8201 -13.0041 -345.835 -88.6855 33.5528 -195.732 -88.6172 -98.9453 -67.8357 
-88.2701 -28.9718 140.833 -88.247 -27.2487 -344.789 -88.2354 82.942 -25.8049 
-87.9155 69.4807 -287.905 -87.8607 77.8099 -39.8933 -87.6264 -118.609 -299.662 
-87.6211 -41.3233 -343.839 -87.5368 76.0751 139.434 -87.3132 88.4705 -11.0191 
-87.1365 -118.973 -286.47 -86.9157 -55.1094 -342.523 -86.7699 -110.71 -325.605 
-86.7301 -118.538 -273.227 -86.5436 72.5677 -53.6286 -86.2592 -117.4 -259.919 
-86.2322 35.7988 172.04 -86.2007 54.0764 -253.666 -86.1679 79.0388 -311.322 
-86.0187 84.329 -336.772 -85.9741 -96.4248 -81.2828 -85.8578 -68.5861 -341.426 
-85.8255 -115.908 -246.648 -85.7632 11.4176 169.751 -85.7549 92.9627 4.024 
-85.3348 -112.338 20.1981 -85.3192 -114.072 -233.381 -85.3043 34.4856 -179.697 
-85.2625 -19.7164 150.332 -85.1882 -118.547 6.56312 -85.1241 -112.198 -46.4189 
-85.0867 68.3249 151.68 -85.0592 -105.365 33.3559 -84.9623 67.2667 -67.275 
-84.8252 -98.0747 46.012 -84.772 96.2365 18.7309 -84.5723 -90.6841 58.3654 
-84.51 40.015 -218.85 -84.3819 -111.517 -220.566 -84.3467 -83.4488 70.5794 
-84.2665 -81.9111 -339.867 -84.0025 98.3945 33.2328 -83.9814 -76.0077 82.3856 
-83.8246 -95.8504 -95.4712 -83.6548 62.1347 -81.0816 -83.5458 -122.088 -8.20754 
-83.3877 -68.4189 93.8005 -83.2787 99.3951 47.7216 -83.0668 -108.945 -207.285 
-82.9199 36.4454 -163.944 -82.8406 65.6405 -275.327 -82.6216 57.2579 -94.8347 
-82.5694 -60.7729 104.833 -82.5467 98.8567 62.1217 -82.3246 -96.2887 -109.797 
-82.1784 -94.8382 -336.459 -82.0098 -106.48 -193.794 -82.0061 52.549 -108.684 
-81.956 97.0653 76.4185 -81.8073 58.5992 162.286 -81.6912 -9.7726 159.329 
-81.6067 38.9949 -150.172 -81.5579 47.7344 -122.508 -81.4261 -52.992 115.648 
-81.3571 49.8422 -241.264 -81.3135 -97.2506 -124.057 -81.2905 42.9822 -136.338 
-81.2603 95.0934 90.801 -81.109 -104.086 -180.165 -81.0326 -108.671 -59.8441 
-80.7437 -98.6521 -138.195 -80.7322 39.1073 -205.513 -80.5824 -101.968 -166.294 
-80.5209 -100.271 -152.274 -80.4029 -122.162 -23.2393 -80.2159 76.5217 -297.919 
-80.0709 91.8812 104.948 -80.0431 23.133 175.314 -79.8773 -45.1742 126.23 
-79.4875 -106.816 -330.776 -78.7009 84.7169 -322.252 -78.5221 87.7499 118.907 
-78.0159 61.5063 -262.884 -77.9934 -118.359 -319.797 -77.7887 -36.805 136.33 
-77.7583 38.9914 -192.96 -77.6937 47.4924 171.172 -77.6811 -105.586 -73.3965 
-77.6566 0.408846 167.857 -77.5878 38.1375 -349.155 -77.5185 -122.541 -305.849 
-77.5108 66.4198 -349.51 -77.486 23.75 -348.023 -77.4786 52.3737 -350.211 
-77.085 9.28667 -347.487 -76.983 -120.393 -37.938 -76.6918 -124.061 -292.641 
-76.6246 82.6714 132.53 -76.5701 -5.01104 -346.373 -76.5281 46.3809 -228.464 
-76.1727 -124.471 -279.402 -76.0276 -19.2588 -345.159 -75.9043 79.5748 -344.992 
-75.6877 -124.023 -266.109 -75.6057 39.7191 -181.774 -75.4361 -33.4475 -344.435 
-75.2494 -103.91 -87.5094 -75.2357 -27.9303 145.91 -75.2062 84.0127 -32.9973 
-75.168 -122.865 -252.772 -74.9917 88.932 -18.6868 -74.8485 79.0442 -47.2087 
-74.7213 -121.444 -239.478 -74.7189 -47.4867 -343.123 -74.6456 72.631 -284.961 
-74.3371 76.0075 145.447 -74.1271 -119.462 -226.369 -73.9172 93.5612 -4.09425 
-73.9087 41.1476 -170.826 -73.8888 -61.3035 -341.865 -73.766 73.8542 -61.0618 
-73.6639 -103.729 -101.768 -73.3484 -112.649 28.6938 -73.2912 -119.31 15.3952 
-73.1886 -116.956 -213.305 -73.1272 -105.162 41.4622 -73.1053 56.7414 -250.621 
-73.037 -117.021 -51.8118 -72.832 97.2474 10.5517 -72.757 -97.3555 53.8319 
-72.7468 -74.7741 -340.692 -72.7246 11.0254 174.96 -72.7108 35.151 177.617 
-72.5949 68.9623 -75.1588 -72.5293 -124.622 1.18403 -72.5132 -104.322 -116.036 
-72.4567 -89.8329 66.0886 -72.3872 43.3396 -158.101 -72.3787 -18.9649 155.298 
-72.3442 44.1073 -215.35 -72.2858 82.4182 -308.207 -72.1661 -114.34 -199.872 
-72.0503 -82.1663 77.9697 -72.0404 99.8461 25.2613 -71.66 -105.355 -130.208 
-71.5049 -74.4095 89.4487 -71.5002 64.2285 -89.3868 -71.4844 67.4225 157.139 
-71.375 46.522 -144.571 -71.3352 101.182 39.7958 -71.3004 -111.757 -186.273 
-71.2847 -88.1437 -338.432 -71.0807 -106.619 -144.354 -71.0124 50.6258 -130.858 
-71.0121 59.635 -103.275 -70.9029 55.1793 -117.056 -70.8399 -109.6 -172.446 
-70.8243 88.03 -333.773 -70.8115 -107.998 -158.459 -70.7912 -66.7109 100.587 
-70.6429 -127.424 -13.6021 -70.6344 101.141 54.1979 -70.3981 99.718 68.2451 
-70.1051 97.3591 82.2475 -69.8178 -59.1256 111.341 -69.6865 -100.977 -334.508 
-69.528 68.1208 -272.32 -69.4126 -113.889 -65.4749 -69.1148 43.2075 -202.374 
-69.021 94.9811 96.5074 -68.985 -9.81556 164.697 -68.6482 -51.8572 121.791 
-68.314 52.4916 -238.038 -68.1265 -113.314 -329.017 -68.0981 57.5429 167.57 
-67.6894 -122.679 -320.679 -67.6177 -127.028 -28.8437 -67.3759 91.5834 110.785 
-67.1247 -44.3215 132.093 -66.6658 -125.651 -311.925 -66.6085 22.1563 180.427 
-66.5813 -111.625 -79.5617 -66.4499 78.9668 -294.795 -66.3824 43.2186 -189.976 
-65.7369 -128.196 -298.737 -65.4451 86.9968 124.572 -65.3723 71.7779 -348.917 
-65.1181 -129.314 -285.818 -65.0869 -0.463042 173.568 -65.0729 -36.0958 141.9 
-65.042 58.4378 -350.221 -64.8179 30.9821 -348.426 -64.7413 -110.878 -93.8012 
-64.7366 16.8453 -347.691 -64.6985 -129.623 -272.561 -64.5781 63.2731 -259.858 
-64.5633 45.0039 -349.529 -64.367 44.4219 -178.135 -64.3538 -129.25 -259.158 
-64.3124 2.58994 -346.706 -64.2201 87.6096 -318.839 -63.9627 46.3928 176.617 
-63.9583 -128.278 -245.77 -63.8532 -124.204 -43.4529 -63.844 -11.5889 -345.338 
-63.8137 48.8142 -225.223 -63.5831 -126.691 -232.661 -63.3844 -111.006 -108.095 
-63.2877 -25.8 -344.613 -63.2631 81.5075 137.988 -62.9928 -124.606 -219.505 
-62.907 83.7058 -40.2976 -62.7434 88.1278 -26.171 -62.7027 -39.9493 -343.651 
-62.6552 46.4193 -165.764 -62.5547 78.893 -54.3714 -62.5346 -27.429 151.394 
-62.3767 -111.831 -122.271 -62.1912 -122.128 -206.077 -62.1009 85.024 -343.295 
-62.0278 92.4281 -11.9136 -62.014 -53.9135 -342.317 -61.6971 -113.023 -136.431 
-61.4133 -119.542 -192.468 -61.3763 74.2362 -68.8412 -61.3413 49.1758 -152.621 
-61.1041 -67.5489 -341.237 -61.0944 -114.094 -150.613 -60.9923 74.2422 -281.938 
-60.9593 -111.303 36.6066 -60.9584 -118.369 23.6297 -60.9358 96.3232 2.50053 
-60.8791 -117.165 -178.68 -60.8301 -115.353 -164.722 -60.7507 74.3739 150.598 
-60.6905 -103.432 49.0583 -60.5223 -124.324 10.0471 -60.3901 -95.6665 61.305 
-60.2936 52.6278 -139.05 -60.193 -120.781 -57.4953 -60.0898 46.7899 -212.113 
-60.037 -87.972 73.3672 -60.0284 -19.1911 161.367 -59.9629 -81.1811 -339.559 
-59.8914 9.59761 180.413 -59.8666 99.2807 17.1501 -59.7442 58.3622 -247.458 
-59.585 56.6743 -125.356 -59.5067 -128.73 -4.09865 -59.4985 -79.9577 84.9561 
-59.3408 98.9956 73.3555 -59.2903 69.8337 -84.0273 -59.1591 61.003 -111.723 
-58.981 101.107 31.8364 -58.9165 65.2563 -97.9868 -58.7725 -72.1798 96.3502 
-58.7381 -94.4376 -336.569 -58.6577 33.6348 182.195 -58.2701 96.479 87.5248 
-57.9821 84.2942 -304.979 -57.9747 -64.7407 107.329 -57.8477 66.0616 162.436 
-57.6762 101.487 46.4514 -57.5111 -107.218 -332.756 -57.4388 -130.574 -19.118 
-57.4162 100.476 60.412 -57.256 -118.232 -71.6679 -57.1129 -11.1507 171.344 
-57.0754 45.9238 -199.047 -57.0425 -57.8208 117.723 -56.7163 -119.322 -327.465 
-56.4999 93.3421 101.827 -56.1556 -128.285 -317.553 -56.1227 91.1246 -330.313 
-55.9589 -51.158 127.665 -55.9209 69.2604 -269.277 -55.2543 54.0087 -234.784 
-55.1252 -116.771 -85.9822 -55.0893 62.7092 -350.157 -54.8308 -131.761 -305.386 
-54.5014 -43.7645 137.711 -54.4726 46.1919 -186.33 -54.3748 89.517 115.931 
-54.3139 56.2534 173.093 -53.875 -133.498 -292.631 -53.8616 -129.055 -34.4311 
-53.7264 -116.936 -100.14 -53.378 -134.523 -279.461 -53.2479 -2.48243 180.27 
-53.109 -134.785 -265.99 -52.8931 -134.401 -252.462 -52.8094 20.2444 184.32 
-52.6684 -117.717 -114.316 -52.6541 -133.282 -239.173 -52.5376 -35.719 147.656 
-52.5031 47.9914 -173.645 -52.4811 76.4738 -348.853 -52.3476 -131.576 -225.95 
-52.3031 79.6958 -291.698 -52.1563 85.0648 129.682 -52.0284 -119.019 -128.554 
-52.0193 23.8457 -347.83 -51.9451 78.4267 -61.0435 -51.8896 9.79578 -347.025 
-51.8255 -129.377 -212.452 -51.5943 -4.29167 -345.743 -51.4567 37.7404 -348.516 
-51.4414 -120.185 -142.767 -51.4297 82.9173 -47.3839 -51.2874 -127.026 -198.748 
-51.1727 -18.4305 -344.854 -51.1026 50.4595 -221.873 -51.0038 64.0114 -256.786 
-50.9768 87.1375 -33.5868 -50.8953 -121.112 -156.963 -50.8711 50.5153 -160.555 
-50.7969 -124.599 -184.957 -50.6885 -32.4988 -343.88 -50.669 -122.577 -171.027 
-50.4357 -27.8302 157.888 -50.4322 99.4688 63.555 -50.2467 90.7983 -19.5923 
-50.1198 -46.4457 -342.786 -49.9128 -126.045 -49.1692 -49.7919 79.4663 142.942 
-49.6426 44.3548 180.893 -49.6178 88.8694 -315.88 -49.4941 53.5146 -147.144 
-49.3548 -60.2487 -341.704 -49.1251 94.397 -5.37507 -48.8575 52.0456 -349.488 
-48.6798 -20.8986 168.825 -48.4047 -73.9301 -340.411 -48.3706 -115.907 31.5361 
-48.296 56.9666 -133.517 -48.2472 -122.572 18.4735 -48.2319 -108.461 44.0629 
-47.9534 -100.678 56.2996 -47.8359 97.3684 9.14758 -47.7886 97.0555 78.3198 
-47.7539 88.6155 -342.026 -47.6971 -127.736 4.76131 -47.6262 -92.9193 68.3853 
-47.6074 48.5729 -208.582 -47.3362 -87.4775 -338.03 -47.3292 60.8662 -119.889 
-47.3171 7.43187 186.326 -47.1698 72.7088 155.664 -47.1689 -85.0155 80.2363 
-47.0426 74.7702 -278.754 -46.9914 -123.336 -63.541 -46.6373 -131.036 -9.54046 
-46.5779 99.2112 23.8687 -46.5629 -77.1639 91.9384 -46.562 65.109 -106.349 
-46.4655 59.0401 -244.271 -46.4376 -13.8045 179.518 -46.2974 -100.801 -334.809 
-45.873 -69.7139 103.529 -45.8106 94.2914 92.5473 -45.7962 69.1627 -92.8199 
-45.3804 -113.789 -331.027 -45.194 -126.315 -324.926 -45.0524 -62.6203 114.724 
-44.8717 73.5693 -79.56 -44.811 -121.586 -77.9968 -44.6427 47.8125 -195.248 
-44.6264 99.8766 38.6699 -44.4762 -131.509 -24.5804 -44.3423 -57.8354 122.269 
-44.2044 31.0169 184.543 -44.1951 -133.625 -313.266 -44.0681 64.4616 167.553 
-43.5823 90.7378 106.655 -43.5699 84.6454 -301.809 -43.4138 -51.1395 132.632 
-43.3447 -121.48 -92.2879 -43.1022 77.6806 -66.8055 -42.7796 -136.699 -300.234 
-42.7374 66.9986 -349.729 -42.3732 -122.415 -106.533 -42.2774 48.5115 -182.05 
-42.191 -5.19756 187.984 -42.1481 69.5287 -266.071 -42.1332 54.7998 -231.402 
-41.9493 -138.453 -286.997 -41.9351 -43.3283 143.297 -41.7512 -123.962 -120.715 
-41.4267 -139.132 -273.423 -41.3882 91.5565 -327.993 -41.3111 -139.408 -259.726 
-41.2852 -138.92 -246.1 -41.238 86.8303 120.589 -41.156 -125.218 -134.957 
-41.1406 -137.688 -232.579 -41.0305 81.7914 -54.2335 -40.8635 -135.674 -219.057 
-40.8042 98.5508 54.089 -40.5785 -133.589 -205.242 -40.5725 -126.125 -149.235 
-40.551 -36.158 154.294 -40.2799 -127.351 -163.458 -40.2696 50.4327 -168.742 
-40.1824 -131.102 -191.418 -40.106 -129.037 -177.494 -40.0219 54.0876 177.585 
-39.8716 -30.2827 165.998 -39.6133 85.6763 -41.0632 -39.5785 -24.6677 177.915 
-39.1766 16.5569 -347.409 -39.1648 2.66082 -346.316 -38.9773 -11.2899 -345.052 
-38.976 17.963 187.483 -38.8349 82.3867 134.275 -38.7126 30.3269 -347.897 
-38.6931 89.2453 -27.3747 -38.6379 79.7746 -347.935 -38.6156 53.1592 -155.218 
-38.6151 -25.229 -344.257 -38.4025 -129.119 -40.8193 -38.1953 51.2216 -218.333 
-38.125 -39.0984 -343.105 -38.0568 79.8257 -288.287 -37.5417 96.3424 68.982 
-37.5269 92.4882 -13.3232 -37.5194 64.1514 -253.564 -37.5139 -52.8664 -342.015 
-37.0828 56.0596 -141.514 -36.9735 -17.338 188.622 -36.7345 44.137 -348.426 
-36.6908 -66.6248 -341.19 -36.2867 77.2403 147.61 -36.0984 95.4477 1.03877 
-35.7687 59.5077 -127.886 -35.7514 -80.3488 -339.488 -35.6556 -119.328 26.1531 
-35.5755 -112.515 38.8725 -35.4802 -125.253 12.9918 -35.449 -126.731 -55.6803 
-35.3153 -105.11 51.1978 -35.2821 94.0584 83.1465 -35.111 41.4044 183.425 
-35.0546 -129.432 -0.840216 -35.0205 -97.3283 63.2344 -34.9745 49.4577 -204.844 
-34.8757 88.7168 -312.519 -34.8083 -93.9933 -336.723 -34.6383 -89.4767 75.1737 
-34.5986 97.0813 15.696 -34.5875 63.5754 -114.33 -34.4512 -131.672 -14.9983 
-34.2013 5.08536 190.814 -34.1674 -81.7332 87.1624 -34.1372 -131.129 -29.0864 
-33.9527 -107.446 -333.143 -33.7227 -124.971 -70.0245 -33.6076 -74.2609 99.2443 
-33.5165 67.4769 -100.787 -33.4421 70.6874 160.426 -33.4214 -120.695 -328.801 
-33.3269 89.9993 -340.507 -33.2499 59.2886 -240.848 -33.0638 -132.468 -320.936 
-33.0398 74.6588 -275.356 -32.9231 -66.9103 111.735 -32.92 91.1245 97.3111 
-32.8068 58.0581 -349.182 -32.5696 97.4987 30.4936 -32.3728 71.8063 -87.5077 
-32.3365 -124.675 -84.335 -32.2398 48.7706 -191.094 -31.999 -58.6167 125.534 
-31.9057 -138.284 -308.592 -31.5644 -28.8742 186.903 -31.3892 -125.707 -98.6552 
-31.1447 76.1716 -74.472 -30.8856 -50.3381 138 -30.7581 -127.361 -112.898 
-30.7517 -140.893 -295.169 -30.5389 87.6858 111.187 -30.5042 -33.9948 174.863 
-30.2415 -128.916 -127.193 -30.0856 28.4205 186.982 -29.9582 62.3617 172.206 
-29.939 -142.256 -281.417 -29.8903 80.105 -61.432 -29.8013 96.6132 45.2469 
-29.7816 49.3018 -177.216 -29.7632 -130.212 -141.491 -29.7565 -7.86625 193.699 
-29.7499 -43.0429 149.796 -29.4716 -143.068 -267.491 -29.3918 -131.39 -155.812 
-29.3888 -142.906 -239.68 -29.3684 -143.279 -253.496 -29.3463 -37.8187 162.159 
-29.3417 -141.169 -225.88 -29.1872 -138.938 -211.981 -29.1437 -132.701 -170.054 
-29.0373 54.8458 -227.846 -28.9705 -136.477 -198.108 -28.9683 84.2038 -297.828 
-28.908 -134.267 -184.132 -28.8671 70.7732 -349.392 -28.4749 83.9498 -48.5261 
-28.4396 69.3391 -262.707 -28.0693 83.783 124.947 -27.7399 51.3596 -163.387 
-27.2667 87.3997 -35.1393 -27.0608 94.9363 59.7832 -26.6731 -4.41341 -345.376 
-26.6122 9.27794 -346.554 -26.5792 91.6548 -324.334 -26.4977 -18.0926 -344.503 
-26.2612 22.8976 -347.492 -26.1082 -31.8016 -343.469 -26.0863 90.4284 -21.3257 
-25.9926 54.1837 -149.578 -25.8437 -20.4755 195.063 -25.5921 51.2682 180.798 
-25.5878 -45.5389 -342.366 -25.4958 79.4869 138.51 -25.303 51.172 -214.398 
-25.2839 15.3703 190.335 -25.0539 36.2853 -347.869 -24.8865 -59.3111 -341.553 
-24.7003 82.7428 -347.236 -24.6928 92.9089 73.8936 -24.6105 93.2079 -7.12497 
-24.4313 57.1159 -135.775 -24.044 63.8213 -250.129 -24.0405 -73.0204 -340.417 
-23.8761 79.3272 -284.73 -23.1501 -86.7893 -338.209 -23.0478 -31.488 194.089 
-23.014 60.7044 -122.097 -22.9659 95.1718 7.30194 -22.9228 -121.522 20.3507 
-22.902 -115.412 33.165 -22.8285 -128.356 -48.0998 -22.7961 -126.694 7.08631 
-22.6569 74.4087 151.783 -22.5674 -108.538 45.6332 -22.5591 -129.554 -6.83591 
-22.4444 -129.681 -34.6559 -22.3806 -130.57 -20.8862 -22.3455 90.6666 87.8967 
-22.3273 -101.246 57.8455 -22.3146 -100.497 -335.078 -22.3126 49.482 -348.291 
-22.0588 -93.568 69.8705 -21.9703 49.0626 -200.482 -21.9376 -127.167 -62.2876 
-21.7164 -86.0325 82.0302 -21.7144 -114.153 -331.082 -21.647 64.7096 -108.552 
-21.2695 -127.463 -325.852 -21.2423 -78.6263 94.4046 -21.1446 95.5861 21.9583 
-21.0563 -37.1666 183.578 -20.9118 -126.688 -76.4863 -20.8501 38.7433 185.723 
-20.7416 -71.3811 106.933 -20.6881 2.14884 193.58 -20.5995 -137.652 -316.356 
-20.2944 68.8226 -95.0943 -20.1669 -64.1183 119.777 -19.9373 -127.557 -90.8254 
-19.8975 87.8051 101.867 -19.8321 87.8499 -307.598 -19.7357 58.772 -237.122 
-19.4636 -142.23 -303.289 -19.4448 68.0648 164.438 -19.4212 -56.4135 132.503 
-19.3637 -40.8572 171.259 -19.3344 91.4207 -337.777 -19.3128 -129.282 -105.182 
-19.1884 48.1585 -186.199 -19.1616 73.9998 -271.964 -18.9602 73.3733 -81.9478 
-18.8041 -131.018 -119.511 -18.7437 94.754 36.44 -18.6542 62.2725 -348.887 
-18.6485 -49.111 144.878 -18.4083 -132.731 -133.829 -18.35 -43.9631 157.954 
-18.3399 -144.32 -289.467 -18.0523 -134.09 -148.207 -18.0163 77.5761 -68.877 
-17.8072 -135.408 -162.595 -17.5866 -145.516 -275.536 -17.5271 -136.692 -176.829 
-17.3687 84.5881 115.574 -17.281 -138.272 -190.951 -17.2678 -143.186 -218.987 
-17.2464 -140.605 -204.934 -17.1938 -146.257 -261.424 -17.1769 -145.055 -233.14 
-17.1037 -146.314 -247.269 -17.0546 81.453 -55.9118 -16.9239 49.0222 -171.843 
-16.4036 -11.1674 195.538 -16.3359 93.1268 50.7001 -16.1015 25.6489 189.256 
-15.9339 85.1628 -42.815 -15.64 59.8496 175.661 -15.5452 54.113 -223.692 
-15.0168 51.4286 -157.728 -14.8048 80.9165 129.156 -14.7891 83.5659 -294.155 
-14.7731 68.4213 -259.319 -14.7408 73.8841 -348.546 -14.7286 88.3572 -29.2895 
-14.6201 92.1933 -327.389 -14.2236 2.2071 -345.472 -14.2052 -11.1905 -344.673 
-14.0242 91.3448 64.7471 -13.9782 -24.8026 -343.748 -13.9715 15.4903 -346.802 
-13.5668 -38.4254 -342.636 -13.3316 28.4913 -347.578 -13.3267 91.1518 -15.3911 
-13.3135 54.3038 -143.823 -13.0236 -24.5202 195.718 -12.9843 -52.0743 -341.793 
-12.2629 -65.7733 -340.816 -11.9701 76.9208 142.616 -11.8757 41.6126 -347.861 
-11.7157 89.452 78.6277 -11.6978 57.3991 -129.965 -11.6362 93.1792 -1.12829 
-11.615 50.1967 -209.746 -11.51 12.3142 192.353 -11.4406 -79.5849 -339.107 
-11.2506 48.8915 183.447 -11.1808 84.08 -346.864 -11.1789 -37.6222 192.59 
-10.6592 -93.452 -336.496 -10.5517 62.907 -246.389 -10.5031 90.5767 -317.111 
-10.2271 -122.614 14.0372 -10.2019 -126.501 0.551276 -10.1465 60.9677 -116.197 
-10.1252 -117.384 27.0693 -10.1019 -128.66 -13.2604 -10.0584 -128.893 -27.1474 
-10.0176 78.5789 -281.28 -10.0006 -107.227 -332.858 -9.98291 -128.214 -40.9185 
-9.86757 -111.323 39.7173 -9.75164 93.969 13.3318 -9.72162 -127.554 -54.7906 
-9.68768 -104.465 51.9755 -9.46034 -43.7972 180.569 -9.44896 -120.806 -328.479 
-9.40921 -97.0833 64.1329 -9.26114 87.4587 92.5426 -9.18106 -89.7018 76.414 
-9.07181 -127.401 -68.8841 -8.84407 -132.985 -321.567 -8.8361 -82.5489 88.9871 
-8.80768 72.0368 155.652 -8.72727 54.1657 -348.12 -8.56691 47.7788 -195.407 
-8.52955 65.0363 -102.563 -8.51259 -75.4089 101.521 -8.268 -128.148 -83.2146 
-8.12335 -68.3228 114.218 -8.02129 -141.64 -310.809 -7.95791 -45.998 166.82 
-7.64342 -60.9265 126.799 -7.60051 93.4026 27.6503 -7.59118 -129.849 -97.5729 
-7.21354 -53.9015 139.497 -7.05774 -1.38535 194.4 -7.03025 -48.8901 152.98 
-7.02741 -131.785 -111.893 -6.98433 69.4991 -89.1831 -6.83171 -144.987 -297.238 
-6.68166 36.0204 188.192 -6.66012 -133.74 -126.25 -6.65414 85.0978 106.31 
-6.34072 -135.249 -140.659 -6.17626 47.3339 -180.699 -6.10842 -136.848 -155.08 
-5.95617 74.0945 -76.1423 -5.84321 -138.035 -169.482 -5.8384 92.0175 -337.827 
-5.72462 -146.779 -283.398 -5.66369 57.6547 -232.716 -5.60337 72.9543 -268.522 
-5.54852 -139.254 -183.729 -5.46338 87.0018 -303.768 -5.34364 66.0634 168.049 
-5.34296 91.9634 41.7853 -5.29799 78.4343 -63.2884 -5.23816 -140.489 -197.968 
-5.10285 -143.17 -212.039 -4.96287 -145.696 -226.301 -4.89737 -147.702 -269.409 
-4.76316 -147.386 -240.628 -4.63844 -147.912 -255.137 -4.51446 82.3145 -50.3466 
-4.11117 48.8444 -166.154 -4.07524 82.1186 119.897 -3.52189 67.7456 -348.478 
-3.45294 85.8634 -37.1346 -3.14477 90.2932 55.7081 -3.13959 -15.405 194.863 
-2.30813 51.3284 -152.007 -2.17804 22.5666 191.201 -2.0852 88.9535 -23.5371 
-1.73833 -3.96527 -344.877 -1.67758 -17.7343 -344.077 -1.61312 9.35833 -345.717 
-1.51317 67.3051 -255.577 -1.45173 -31.4319 -342.734 -1.35161 57.9714 179.04 
-1.29946 20.8423 -346.712 -1.29532 78.8715 133.369 -0.992868 -45.0678 -341.996 
-0.934443 92.0479 -325.891 -0.859043 88.7149 69.5787 -0.770499 33.7167 -347.517 
-0.759919 82.6009 -290.732 -0.598539 54.2625 -138.048 -0.543643 52.4761 -218.539 
-0.44431 91.2579 -9.54493 -0.382335 -58.6824 -341.325 -0.102713 -29.6988 194.028 
0.336286 -72.4007 -339.942 1.0216 46.7702 -347.788 1.06292 -86.419 -337.594 
1.09632 57.4799 -124.149 1.45923 92.6747 4.67918 1.4724 87.05 83.3944 
1.68456 75.0735 146.638 1.70858 -43.9681 189.432 1.75461 -100.247 -334.443 
2.19782 61.7631 -242.341 2.25943 8.72234 192.816 2.35826 82.9937 -345.407 
2.36403 -114.006 -330.647 2.37335 -127.534 -19.9012 2.37901 -127.672 -33.6987 
2.38244 -126.235 -6.11375 2.42382 -123.2 7.46204 2.43118 49.0007 -204.25 
2.52185 -127.083 -47.5035 2.57368 -119.063 20.7508 2.80699 -113.784 33.5602 
2.82916 -47.9799 175.491 2.87907 -127.427 -325.701 2.8844 61.3208 -110.232 
2.88608 46.4603 187.064 2.90755 -126.714 -61.5324 2.964 -107.471 45.9497 
3.15219 -100.288 58.0728 3.30264 -138.862 -317.111 3.34175 -93.0251 70.3991 
3.48465 -86.0585 82.9871 3.54974 -127.499 -75.7865 3.55988 92.7638 18.8898 
3.66076 77.2253 -277.786 3.71031 -79.1012 95.6541 3.81614 89.677 -313.464 
3.95042 -72.1724 108.301 3.9878 -48.987 161.118 4.05992 85.5872 97.1758 
4.23405 -129.007 -90.2232 4.25203 -64.8971 120.869 4.2547 -144.597 -304.335 
4.56836 -57.4949 133.414 4.60918 -51.7601 146.893 4.65367 65.3693 -96.5059 
4.77857 47.3918 -189.722 4.84726 -131.284 -104.495 4.98175 70.4841 159.551 
5.27796 -133.391 -118.832 5.57437 -135.425 -133.188 5.7481 91.7509 32.9048 
5.81878 -136.89 -147.64 5.85503 -147.032 -290.836 6.00748 -138.71 -162.082 
6.19822 57.79 -347.982 6.2643 70.1346 -83.1723 6.29073 -139.404 -176.475 
6.35954 -5.5732 193.413 6.57907 -140.324 -190.784 6.69026 83.4316 110.753 
6.85942 47.5786 -174.999 6.88603 -142.271 -205.005 6.92203 75.0973 -70.5322 
7.11773 -144.622 -219.369 7.27633 79.3533 -57.8032 7.38664 32.8911 190.159 
7.48049 -146.794 -233.723 7.62797 -148.325 -277.277 7.70647 71.5536 -264.781 
7.78208 91.7165 -336.606 7.85705 83.1858 -44.9471 7.95607 90.3974 46.8198 
7.97515 -148.104 -248.269 8.16835 -148.512 -263.011 8.59316 85.9907 -300.463 
8.6548 64.6037 171.92 8.71487 49.5039 -160.574 9.0873 86.644 -31.6349 
9.36602 80.9035 124.258 9.94044 -20.113 193.286 10.1992 89.1169 60.6675 
10.4587 52.0913 -146.436 10.6228 65.9815 -251.76 10.6531 89.4369 -17.952 
10.8298 -10.014 -344.38 10.8516 -24.1552 -343.221 10.8553 6.20277 -345.182 
11.0177 60.5931 -239.318 11.0914 -38.0177 -342.184 11.1775 25.0462 -346.588 
11.4642 71.5639 -348.048 11.5638 -51.6993 -341.583 11.6411 55.2185 -226.677 
11.7075 18.9646 191.203 11.7149 38.924 -347.388 12.1921 77.9493 137.602 
12.2113 -65.4675 -340.444 12.2116 55.2494 -132.427 12.5027 87.9452 74.4413 
12.5626 91.469 -3.97185 12.6967 53.0113 -347.82 12.7143 55.9609 182.919 
12.8967 -79.3813 -338.546 12.903 91.4038 -323.558 12.9603 -34.754 191.837 
13.2139 81.0457 -287.313 13.574 -93.3694 -336.059 13.7601 50.8366 -212.852 
14.0791 58.9039 -118.49 14.203 -107.23 -332.706 14.4703 -46.2499 182.52 
14.6297 92.6367 10.1202 14.6868 -120.912 -328.372 14.8575 -126.878 -40.4348 
14.8637 -142.772 -310.256 14.8936 -133.643 -321.431 14.8988 -127.279 -26.5833 
14.9232 86.8415 88.1674 14.9698 -126.35 -12.7669 15.0135 -126.089 -54.361 
15.0662 -124.128 0.856163 15.1541 -48.6639 168.481 15.265 -120.775 14.2685 
15.2893 74.2545 150.712 15.4214 -126.276 -68.4688 15.4463 -116.185 27.3301 
15.6703 -110.534 39.909 15.7766 -103.656 52.074 15.8361 -96.3568 64.2561 
15.8675 4.82265 191.723 15.8855 -146.129 -296.982 15.8969 48.4139 -198.436 
15.9094 -89.35 76.8186 15.9867 -82.5721 89.5058 16.0349 -127.659 -82.9156 
16.0666 62.8767 -104.568 16.1315 -75.5637 102.072 16.1529 85.0844 -343.761 
16.1847 -49.2728 153.884 16.3268 -68.485 114.673 16.5283 -61.0333 127.18 
16.5792 -53.9122 140.008 16.7265 -129.718 -97.3212 16.8322 92.4875 24.0351 
17.0462 43.2195 188.508 17.2498 -132.188 -111.587 17.3287 75.4873 -273.939 
17.4954 85.1915 101.745 17.6005 -134.243 -125.925 17.7562 88.9199 -310.427 
17.8409 -136.192 -140.295 17.8776 47.8218 -183.863 18.0092 -137.644 -154.773 
18.1704 -138.818 -169.245 18.1951 67.4758 -90.9166 18.4406 -139.636 -183.571 
18.7052 69.4352 163.423 18.7127 -140.87 -197.936 19.0298 -143.055 -212.289 
19.0528 91.6334 37.985 19.4426 -145.391 -226.572 19.452 80.7679 -52.759 
19.7037 48.8959 -169.456 19.7374 -9.7164 191.827 20.0522 83.4459 115.284 
20.0569 72.6877 -77.7612 20.0635 -147.163 -240.996 20.0873 76.8186 -65.1304 
20.1536 84.4986 -39.8199 20.5218 69.8019 -260.793 20.7855 -148.212 -255.664 
21.28 90.8657 51.8172 21.3358 29.3026 189.821 21.3534 -148.297 -270.561 
21.4457 51.222 -155.165 21.6236 91.1259 -333.437 21.6678 87.8291 -26.4143 
21.8391 -147.501 -285.513 22.2951 64.1329 -247.73 22.3979 84.5682 -297.174 
22.5296 63.024 175.625 22.701 81.0637 128.633 23.1439 54.5056 -141.072 
23.2423 -16.7139 -343.72 23.2461 -24.3013 191.225 23.3079 -2.15825 -344.656 
23.3445 -30.7866 -342.362 23.4694 90.3109 65.6194 23.5534 90.6299 -12.7031 
23.5603 13.5936 -345.28 23.5788 58.6116 -234.603 23.6607 -44.6891 -341.648 
23.8842 29.685 -346.421 24.1514 -58.4841 -340.826 24.2318 59.0011 -347.747 
24.2861 44.1908 -347.316 24.8025 -72.425 -339.273 25.046 57.9867 -127.035 
25.1255 -144.503 -301.748 25.2405 53.7793 -221.041 25.4181 15.1976 190.164 
25.459 -86.4577 -337.25 25.5714 78.0928 141.84 25.6297 -38.1692 186.888 
25.6597 92.6321 1.20288 25.6948 74.3581 -347.62 25.8092 89.3619 79.2781 
26.1179 -100.446 -334.425 26.2268 -138.898 -315.587 26.4835 -46.0753 174.657 
26.6518 -114.36 -330.672 26.7748 91.3557 -320.57 26.7806 -127.993 -325.473 
26.8213 52.8544 184.528 27.0795 50.681 -206.814 27.1098 62.1093 -113.235 
27.2178 79.3073 -283.587 27.2709 -126.164 -47.3238 27.3592 -127.196 -33.3826 
27.3665 -125.574 -61.3549 27.5301 -127.302 -19.4581 27.7378 -125.86 -5.66471 
27.8235 -126.308 -75.7043 27.8747 93.7995 15.1544 27.961 -123.226 7.91299 
28.1808 -119.08 21.1038 28.271 87.9663 92.8696 28.2715 -113.747 33.8615 
28.3762 -85.8205 83.2161 28.4037 -107.359 46.2209 28.4054 -92.7523 70.6413 
28.4197 -78.909 95.7961 28.4214 -100.008 58.2718 28.5427 -71.8225 108.321 
28.5971 -128.131 -90.1999 28.7159 -64.4955 120.828 28.7716 74.0864 154.723 
28.8322 -50.0786 146.548 28.8401 -56.8659 133.334 28.997 49.0552 -192.488 
28.9979 -47.0509 161.128 29.2235 -130.409 -104.544 29.2717 78.3971 -61.6147 
29.3185 66.322 -99.4758 29.3656 0.863347 190.194 29.6562 -132.766 -118.876 
29.9046 -134.699 -133.225 30.0621 93.6869 29.0922 30.0664 -136.318 -147.615 
30.0916 88.0754 -342.773 30.1571 -137.445 -162.097 30.269 -138.398 -176.495 
30.4735 -139.49 -190.834 30.6517 82.4229 -48.3541 30.6759 86.6464 106.398 
30.7541 -141.15 -205.046 30.7662 49.2568 -178.019 30.9735 73.5724 -269.962 
31.038 39.5312 187.657 31.2152 -143.58 -219.107 31.349 88.1477 -307.292 
31.8384 -145.41 -233.341 31.9811 71.0545 -85.8136 32.2055 93.5032 42.9593 
32.3745 68.8162 167.177 32.4095 51.2913 -163.756 32.4351 86.0692 -34.9581 
32.676 -146.785 -247.847 33.1195 84.7806 119.769 33.1547 -13.7208 189.938 
33.418 67.6759 -256.433 33.668 -147.49 -262.685 34.0691 54.4074 -149.633 
34.365 93.3272 56.7448 34.3866 89.2782 -21.4115 34.7012 -146.908 -277.733 
34.8066 75.4726 -72.1245 35.1214 25.5345 188.371 35.2282 61.84 -242.749 
35.5209 92.9483 -331.118 35.6022 -23.6618 -342.726 35.635 -9.41508 -344.096 
35.7786 82.3373 133.027 35.8111 -37.6615 -341.848 35.8431 83.2587 -293.682 
35.9148 5.251 -344.74 35.9322 57.7023 -135.646 36.0872 -145.225 -292.952 
36.1794 -51.4898 -341.058 36.3011 20.2715 -345.305 36.3727 -28.2313 187.864 
36.4416 61.1837 178.416 36.5883 92.1885 -7.67599 36.6087 92.8008 70.4707 
36.7027 -65.4695 -339.693 36.7759 56.5257 -228.956 36.7801 35.1016 -346.176 
37.0229 -39.9236 179.085 37.0503 49.3445 -347.165 37.3718 -79.5934 -338.134 
37.4181 63.2722 -347.648 37.6033 -141.427 -307.8 38.0128 61.6281 -121.878 
38.079 -93.6289 -335.649 38.4402 52.8326 -214.967 38.4561 79.9756 -58.0989 
38.6528 -107.535 -332.333 38.6753 -134.16 -321.265 38.8368 78.6867 145.919 
38.8695 94.3265 6.15022 38.9865 -121.501 -328.259 38.9895 91.7604 84.0971 
38.9968 11.3389 188.446 39.3987 -125.583 -54.1987 39.4772 77.2911 -346.983 
39.5569 -126.902 -40.1661 39.6826 -125.425 -68.5355 39.9313 -127.995 -26.1976 
40.1935 50.6049 -200.853 40.2358 65.7001 -108.181 40.3334 -127.83 -12.31 
40.4495 91.3857 -317.608 40.4952 -126.388 -83.1359 40.7165 -125.83 1.42917 
40.8068 -82.0208 89.3723 40.8201 49.3797 184.771 40.8441 -74.795 101.786 
40.8679 -89.208 76.9527 40.9566 -67.4611 114.167 41.0216 -96.5299 64.6096 
41.0231 -122.454 14.8848 41.0463 -111.109 40.3179 41.0672 -104.064 52.487 
41.1049 -117.361 27.807 41.1199 -59.9453 126.551 41.1394 95.5579 20.0919 
41.2434 -128.499 -97.6158 41.2549 90.4968 97.6105 41.4045 -52.098 139.101 
41.4985 77.4614 -279.488 41.7973 -130.683 -112.065 41.885 50.0031 -186.406 
42.063 -132.75 -126.373 42.0885 84.1227 -44.0231 42.1918 -134.371 -140.683 
42.211 74.23 158.527 42.2581 -136.45 -169.478 42.2671 -135.495 -155.067 
42.2717 -137.273 -183.703 42.4825 -138.85 -197.692 42.493 -45.3512 152.728 
42.6543 -140.73 -211.548 42.7564 69.5411 -94.3934 42.7975 -3.10879 188.109 
43.3399 96.1865 34.0098 43.4083 -142.896 -225.549 43.4904 51.2452 -172.034 
43.5262 88.8171 110.968 44.023 90.0471 -341.756 44.195 -144.301 -239.844 
44.3349 87.208 -304.011 44.7757 71.1208 -265.357 44.9294 87.7741 -30.2207 
44.9641 35.7051 186.562 45.1293 53.8241 -157.937 45.2139 -145.193 -254.41 
45.3782 96.3485 47.8301 45.8204 73.5829 -80.5375 45.9481 -39.3526 167.621 
45.9592 86.5785 124.149 46.1168 67.5683 170.11 46.4426 -17.7925 186.821 
46.4972 -145.161 -269.337 46.6952 64.8166 -250.968 46.879 56.8082 -143.98 
47.3715 91.0519 -16.6117 47.4819 96.1967 61.577 47.8181 -144.04 -284.328 
47.9112 -16.6075 -342.997 47.9717 -30.7189 -341.994 48.1206 -2.30048 -344.129 
48.2543 -44.6801 -341.183 48.3164 59.049 -236.655 48.5146 -31.5468 181.041 
48.548 12.1527 -344.729 48.6641 -58.6034 -339.981 48.7681 21.6304 186.603 
48.7848 83.4548 137.048 48.8615 81.6136 -290.219 48.869 77.6814 -66.7753 
48.9835 60.2871 -130.242 49.1028 26.6653 -345.196 49.2059 -141.648 -299.07 
49.2728 93.6769 -328.649 49.2925 -72.7651 -338.706 49.6855 40.7971 -346.211 
49.76 95.5872 75.2712 49.7945 94.023 -2.86868 49.8833 54.6035 -222.853 
50.0316 -86.8957 -336.9 50.1641 54.4597 -347.154 50.4497 -136.843 -313.254 
50.5417 58.4169 179.744 50.6094 -100.802 -333.83 50.6645 67.4295 -347.308 
51.0561 -125.084 -61.1349 51.1282 -114.566 -330.044 51.1709 -127.45 -324.195 
51.1747 63.9986 -116.537 51.4041 -126.462 -47.0408 51.4749 51.7485 -208.863 
51.9339 94.5168 88.8118 51.9863 81.6413 -52.9693 52.0284 -128.15 -33.1688 
52.0675 79.0615 149.466 52.1373 96.4036 10.9559 52.4114 7.39986 186.008 
52.7136 -129.171 -19.2689 52.8573 80.0552 -345.848 53.0661 50.5806 -194.537 
53.1965 -77.5405 95.0996 53.2194 -69.9295 107.268 53.2867 -85.1458 82.9241 
53.3593 -62.3626 119.526 53.3902 -128.219 -5.36373 53.4732 -92.7169 70.7395 
53.4759 -124.59 -76.9735 53.5769 67.5828 -102.773 53.6307 -100.519 58.7025 
53.6314 -125.812 -91.2858 53.633 90.512 -314.469 53.7053 -54.389 131.764 
53.7366 -108.124 46.6433 53.7393 -137.033 -203.896 53.8115 -127.691 -105.45 
53.916 -114.992 34.3165 53.918 -125.673 8.35318 53.9524 93.0429 102.165 
53.9918 -121.076 21.6438 54.0496 -135.104 -190.451 54.0593 -129.456 -119.699 
54.1291 -132.913 -162.554 54.1541 -130.967 -133.968 54.1666 -132.084 -148.253 
54.1964 -133.66 -176.73 54.2063 -46.0415 143.911 54.4046 -138.815 -217.801 
54.4256 98.1469 24.8654 54.5786 50.7711 -180.15 54.8592 45.6972 184.527 
55.0682 85.5285 -39.1775 55.3539 -140.543 -231.834 55.4693 -38.485 156.739 
55.7829 73.1958 161.194 56.029 -7.00325 184.768 56.0688 90.8764 115.22 
56.1272 52.3493 -165.984 56.3051 71.1474 -88.9861 56.4081 -141.51 -246.068 
56.611 99.1304 38.8201 56.6527 74.8708 -274.963 56.9163 85.5679 -300.957 
57.6148 -31.088 169.809 57.655 -141.752 -260.578 57.7832 54.7735 -152.029 
57.8656 90.6679 -340.018 57.9313 89.3342 -25.5477 58.3396 68.6161 -261.295 
58.6273 31.6278 185.144 58.6429 99.4066 52.6672 58.6815 88.0123 128.02 
58.851 -21.2258 180.611 58.9354 80.1091 -287.608 59.0448 -141.237 -275.157 
59.3473 74.889 -75.2666 59.8197 57.8625 -138.286 59.9864 65.4225 171.732 
60.0229 61.3618 -244.529 60.1896 -23.8271 -341.996 60.3008 -9.68586 -343.003 
60.3318 -37.8654 -341.377 60.481 -139.766 -289.867 60.5309 -123.844 -67.0813 
60.5843 92.8462 -11.9266 60.6594 -51.8414 -340.355 60.662 4.54225 -344.195 
60.7882 98.9192 66.3883 61.234 18.8343 -344.767 61.2601 -65.9626 -339.065 
61.4851 56.1999 -230.012 61.772 84.1153 140.384 61.937 61.0569 -124.528 
61.944 -80.1407 -337.528 62.0041 32.9443 -345.315 62.0269 -136.936 -304.146 
62.2257 17.6058 184.47 62.4949 78.6783 -61.5444 62.5644 -125.257 -53.8614 
62.575 -94.1329 -335.224 62.7093 46.6855 -346.207 62.8651 52.6304 -216.33 
62.8947 93.1753 -325.964 62.9441 98.1392 79.9923 63.1056 -131.446 -317.986 
63.1145 96.0148 1.77194 63.1205 -107.8 -331.744 63.3625 60.0467 -346.932 
63.4883 -120.898 -326.945 63.8138 -127.536 -40.214 63.909 71.7829 -346.556 
64.2525 -131.853 -196.419 64.2676 64.363 -110.812 64.2893 50.3056 -202.372 
64.4581 -133.899 -209.865 64.5365 54.8233 179.704 64.873 96.8896 93.3801 
64.9216 -129.367 -26.4388 65.0152 81.0663 -344.888 65.3412 78.7638 152.122 
65.4608 82.4277 -47.9147 65.4928 -64.4852 112.287 65.4966 -72.3554 100.327 
65.5118 98.6108 15.6175 65.5552 -127.946 -155.755 65.5726 -128.551 -169.915 
65.5892 3.62123 182.738 65.6268 -80.3296 88.4503 65.6333 -135.442 -223.831 
65.6537 -127.18 -141.581 65.6625 49.7523 -188.045 65.7492 -126.231 -127.435 
65.7815 -129.562 -183.814 65.8019 -125.109 -113.33 65.8084 -56.5368 124.408 
65.815 -88.2181 76.4823 65.8842 -123.606 -99.429 65.9767 -129.57 -12.491 
66.0559 -96.1439 64.5163 66.224 -47.9686 136.141 66.2327 88.6259 -311.531 
66.3223 -104.037 52.4761 66.5346 -111.609 40.3297 66.5936 94.8975 106.38 
66.6579 -128.048 1.39362 66.6727 -39.1834 147.589 66.7792 -122.23 -85.9567 
66.7843 -118.668 27.974 66.8143 67.6361 -97.0877 66.8666 -124.49 15.033 
66.898 -136.72 -237.768 67.0479 50.3111 -173.891 67.3592 -30.5331 159.103 
67.8796 100.411 29.5865 68.241 -10.1305 178.901 68.3593 -137.307 -251.815 
68.4052 86.491 -34.3777 68.5029 51.687 -159.852 68.5091 41.4324 182.661 
68.5236 -21.7101 170.584 68.6585 92.27 118.962 68.9874 83.4691 -298.032 
69.322 -121.651 -73.2496 69.4311 71.5796 162.924 69.7154 71.1483 -83.4438 
69.829 -137.168 -266.092 70.1659 101.332 43.6145 70.2639 54.1249 -146.029 
70.5248 77.7724 -284.287 70.5446 71.818 -270.75 71.2854 90.5012 -20.8558 
71.3262 -136.231 -280.44 71.3846 88.7768 131.1 71.399 66.0809 -258.538 
71.7281 90.7367 -338.128 72.0806 27.5436 182.736 72.2825 61.2743 -247.781 
72.3266 101.368 57.46 72.3735 57.2618 -132.338 72.421 -122.774 -60.4211 
72.451 -31.0757 -341.556 72.4834 -17.0595 -342.21 72.6649 -45.0673 -340.704 
72.7645 -2.96063 -343.207 72.8002 -128.315 -201.479 72.8377 74.94 -69.9414 
72.9784 -134.481 -294.656 73.2147 57.0145 -236.247 73.2362 -59.0848 -339.454 
73.2758 11.1901 -344.229 73.8665 -73.2714 -338.361 73.9391 62.5878 172.472 
73.9869 94.2391 -7.30076 74.0446 25.2878 -344.777 74.2778 52.9501 -223.333 
74.4687 100.858 71.1429 74.5127 -87.3153 -336.57 74.5743 -131.804 -308.741 
74.6752 60.2203 -118.634 74.8239 84.0341 142.837 74.8296 -129.561 -215.672 
74.9051 39.2029 -345.24 74.9455 -125.514 -47.1818 75.0949 -101.086 -333.467 
75.3122 13.7598 181.027 75.4716 49.9766 -209.754 75.6552 -114.337 -329.173 
75.7002 -126.06 -322.095 75.7472 52.7689 -346.101 75.9099 78.5563 -56.3974 
75.9311 79.1658 -345.152 76.0255 90.6225 -323.162 76.2455 -122.079 -163.197 
76.3011 -121.567 -149.114 76.4648 66.1176 -346.566 76.5158 99.8654 84.6156 
76.5605 -130.905 -229.471 76.5634 97.3894 6.40045 76.6081 -121.053 -135.101 
76.6967 -122.671 -177.3 76.7045 48.1781 -195.752 76.8071 -128.226 -33.7684 
76.9324 -120.422 -121.157 77.1047 63.1749 -104.951 77.2119 -119.594 -107.392 
77.6243 -123.77 -191.257 77.7245 -66.7056 105.213 77.7297 -58.344 116.845 
77.7414 -118.512 -93.927 77.8724 -74.8886 93.5198 77.9254 47.6618 -181.679 
78.0258 -49.8031 128.422 78.0524 0.202169 177.822 78.1285 -83.0337 81.7799 
78.2987 -131.775 -243.171 78.3592 -40.9407 139.644 78.3687 50.8949 179.278 
78.3939 -129.36 -20.0144 78.4417 -91.2117 69.9789 78.4802 97.983 97.7895 
78.5302 -31.5933 150.284 78.7593 -99.1973 57.9825 78.8306 77.644 153.952 
78.8539 85.8387 -309.094 78.8544 -22.2192 160.822 78.9088 82.5423 -42.9552 
79.0492 47.9489 -167.595 79.0705 99.9608 20.2797 79.0895 -106.991 45.8121 
79.1326 -12.0327 170.832 79.2707 -118.159 -80.7554 79.2874 -128.919 -6.13257 
79.4504 -114.597 33.5794 79.5059 95.4187 110.09 79.6945 -126.463 7.73904 
79.7024 -121.397 21.0013 79.884 66.4103 -91.4206 80.0386 -131.954 -257.087 
80.4439 49.482 -153.62 81.3956 80.5928 -295.863 81.4437 92.1126 121.744 
81.5671 101.378 34.3485 81.6529 -131.481 -271.131 81.8395 86.6876 -29.54 
81.8751 -119.128 -67.6069 82.1431 37.2925 181.366 82.3433 52.1739 -139.884 
83.0102 73.9423 -280.462 83.0114 70.1691 -78.0387 83.1113 -123.057 -207.433 
83.1886 69.2855 163.941 83.2678 88.2713 -333.772 83.3757 -130.38 -285.228 
83.5365 67.6949 -266.7 84.0818 62.0169 -254.843 84.1228 102.221 48.3929 
84.4202 88.1687 133.154 84.5726 54.9261 -126.217 84.6591 90.7873 -16.0659 
84.6718 -24.3835 -341.768 84.7932 56.8593 -243.138 84.8149 -38.2587 -341.014 
84.8673 -10.4091 -342.409 84.9591 -121.839 -54.4221 85.1818 -128.703 -298.998 
85.2649 -52.1845 -339.894 85.3081 3.60218 -343.562 85.3279 23.5712 179.833 
85.4669 -124.229 -221.233 85.6336 52.3872 -230.386 85.8471 -66.2677 -338.822 
86.0678 17.6845 -344.43 86.1613 73.854 -64.6583 86.2903 84.339 -339.36 
86.3688 -114.814 -156.548 86.4489 -80.3636 -337.591 86.5296 102.105 62.2228 
86.5617 -115.122 -170.594 86.5993 48.7538 -217.189 86.7146 -114.491 -142.609 
86.9618 31.7432 -344.821 87.001 -126.234 -312.627 87.0233 57.7878 -112.603 
87.0459 -94.2118 -334.941 87.2449 -114.166 -128.779 87.4572 94.713 -2.61203 
87.5731 -125.23 -234.748 87.6404 -107.488 -330.672 87.7488 46.4 -203.378 
87.7583 59.1961 172.647 87.7709 -113.654 -115.075 87.822 45.6608 -345.248 
87.8987 -115.643 -184.91 87.9075 -125.001 -41.2349 88.0544 10.1372 176.635 
88.1244 82.829 144.33 88.1351 -119.803 -324.703 88.3401 86.4919 -320.027 
88.4809 -113.35 -101.6 88.561 59.4495 -345.646 88.8013 44.6676 -189.361 
88.8961 73.1098 -345.478 88.9687 101.307 75.8896 89.2418 77.7156 -51.3233 
89.2991 -113.334 -88.4419 89.6211 -125.804 -248.276 89.6534 43.9508 -175.284 
89.7609 61.0214 -99.1314 89.7825 -2.52644 170.884 89.8379 -60.3428 109.585 
89.9013 -51.6464 120.868 90.02 -68.8441 98.17 90.1341 -42.8645 132.025 
90.1348 -13.4533 162.188 90.1444 -23.5686 152.463 90.1785 97.8258 11.1053 
90.1935 -127.194 -27.6733 90.2325 -33.495 142.564 90.2838 -77.2044 86.6455 
90.6131 -85.3366 74.8879 90.6319 44.502 -161.192 90.8903 -116.02 -199.606 
90.9253 -114.234 -75.4262 91.0325 -93.5133 63.0186 91.4407 -101.499 50.9193 
91.4966 -125.731 -262.015 91.5152 81.7968 -306.963 91.6945 99.3999 89.3542 
91.7378 -127.858 -14.0442 91.8602 -109.302 38.6849 91.9002 46.6099 178.065 
92.0077 46.1194 -147.279 92.2229 94.2078 112.981 92.271 81.9041 -38.0294 
92.3192 -116.551 26.2166 92.3968 75.4961 154.855 92.4602 -126.339 -0.305388 
92.5224 -122.511 13.3166 92.7546 99.8223 25.0749 92.8226 64.5636 -85.8402 
92.9219 97.0167 101.869 93.3634 -125.201 -275.845 93.7779 -116.827 -213.225 
93.8183 76.6783 -294.119 93.9919 -116.464 -62.2474 94.033 48.4758 -133.575 
94.3737 90.7602 123.53 95.2252 86.0157 -24.6702 95.3785 -124.196 -289.545 
95.3926 101.056 39.1164 95.5106 68.8109 -276.773 95.6307 84.9267 -330.225 
95.6387 33.2704 178.607 95.7772 62.1459 -262.69 96.0087 56.362 -250.612 
96.1287 -107.347 -163.949 96.1705 68.2292 -72.626 96.2687 -118.046 -226.554 
96.3357 -107.159 -149.995 96.4708 51.362 -120.027 96.59 51.2647 -237.997 
96.8267 66.3284 164.299 96.8976 -106.841 -136.14 96.9508 -107.821 -178.169 
96.9797 -17.7763 -341.911 97.0256 -31.4732 -341.265 97.2887 -3.94732 -342.584 
97.319 -122.531 -302.755 97.3343 -45.2534 -340.21 97.3853 47.0166 -224.807 
97.4828 86.6702 134.009 97.6758 -106.454 -122.404 97.811 -119.823 -49.0039 
97.9106 -59.1946 -339.07 97.9582 9.98573 -343.649 98.1186 90.0247 -11.228 
98.2275 101.443 53.1335 98.4755 -73.3078 -338.08 98.5812 -118.835 -239.76 
98.6253 43.5438 -211.137 98.6472 20.1814 175.689 98.7992 -106.153 -108.816 
98.9509 24.1355 -344.434 98.9894 -87.2917 -336.067 99.0119 -108.632 -192.562 
99.1519 54.5136 -106.607 99.2628 -119.952 -315.085 99.3783 72.0084 -59.4184 
99.5765 -100.563 -331.84 99.7064 41.1262 -196.999 99.8947 38.2147 -344.734 
100.079 -112.64 -325.91 100.169 95.9129 103.814 100.213 39.5232 -182.801 
100.259 -106.298 -95.5049 100.303 -107.946 -83.2486 100.345 52.106 -345.09 
100.458 7.08944 170.701 100.573 78.6594 -340.043 100.629 38.8533 -168.64 
100.715 -119.197 -253.033 100.76 81.005 -317.68 100.923 93.6314 2.29369 
100.955 54.85 171.395 101.043 65.8399 -344.408 101.128 -122.667 -35.5308 
101.14 100.668 67.0218 101.424 -4.72082 163.347 101.436 80.4615 144.753 
101.468 39.4142 -154.584 101.809 -15.4918 154.573 101.812 -109.476 -206.253 
101.896 -53.553 113.615 101.953 -44.734 124.622 102.003 -25.7619 145.208 
102.033 -62.2619 102.443 102.054 -35.6616 135.344 102.224 -109.793 -70.3649 
102.242 57.9399 -93.3434 102.292 -70.718 91.0582 102.502 76.1676 -46.2594 
102.608 -78.9262 79.4274 102.813 -118.969 -266.649 103.021 -86.9328 67.5444 
103.046 41.1833 -140.748 103.521 -94.9295 55.4115 103.639 -124.312 -21.889 
103.647 96.3817 16.0493 103.861 76.3316 -304.945 104.006 -102.723 43.1262 
104.138 98.8849 80.6452 104.519 -110.411 -218.801 104.563 -110.08 30.4897 
104.594 91.8522 116.2 104.762 42.0806 174.516 104.949 -123.755 -8.59198 
104.952 -118.473 -280.272 105.075 -116.633 17.8129 105.312 43.8429 -127.171 
105.315 -121.143 4.54444 105.481 -99.2595 -157.266 105.495 80.0122 -32.9119 
105.592 61.4271 -80.1794 105.705 72.1912 154.672 105.832 71.2966 -292.811 
105.854 -98.8554 -143.381 105.896 -99.8199 -171.247 106.038 -112.46 -57.1036 
106.312 97.9437 29.9815 106.627 -98.3758 -129.613 106.82 66.5648 -282.152 
106.997 -111.331 -231.395 107.192 61.369 -270.998 107.195 55.5931 -258.726 
107.242 -117.549 -293.566 107.358 49.828 -246.259 107.534 -100.631 -185.394 
107.918 46.8534 -113.714 107.991 -97.937 -115.878 108.081 77.6959 -328.535 
108.115 44.7408 -232.914 108.476 83.9153 -19.5647 108.614 96.1891 94.3197 
108.87 65.0447 -67.0082 108.931 -102.81 -78.959 109.101 98.6897 43.8945 
109.236 39.8007 -219.075 109.263 -24.7973 -341.385 109.306 -116.022 -305.323 
109.357 -111.943 -244.232 109.358 -11.4906 -341.984 109.442 -38.2692 -340.457 
109.786 2.0979 -342.639 109.848 -52.0395 -339.396 109.856 61.9583 163.11 
109.891 -101.61 -199.576 110.057 84.9698 132.391 110.154 36.2691 -204.651 
110.255 -97.4283 -102.17 110.328 32.485 -175.928 110.344 -66.0767 -338.517 
110.452 33.7839 -190.168 110.457 -115.969 -43.8923 110.594 32.358 -161.803 
110.706 16.2154 -343.56 110.762 49.9991 -100.369 110.915 -80.2003 -337.11 
111.371 87.6693 -6.13615 111.379 -113.597 -316.725 111.526 32.2054 172.427 
111.579 33.3355 -147.831 111.59 -93.9902 -333.967 111.714 -112.19 -257.551 
111.964 69.4435 -337.823 111.999 43.7616 -344.13 112.019 30.2829 -344.387 
112.075 17.3562 170.003 112.127 69.052 -53.9127 112.182 57.4495 -343.717 
112.253 98.2896 57.8707 112.268 -106.257 -327.711 112.689 -102.579 -212.824 
112.828 -104.315 -65.4212 112.878 4.26159 164.184 112.998 74.5331 -315.822 
113.176 49.4598 169.035 113.254 35.2181 -134.022 113.537 -7.2872 156.505 
113.85 -17.9666 147.817 113.9 92.4467 107.37 113.94 -96.0275 -88.0078 
113.951 -28.1505 138.483 113.98 -46.7138 117.574 113.991 -37.6779 128.289 
114.004 -55.4046 106.514 114.046 -111.863 -271.137 114.067 90.6413 7.51118 
114.084 53.4437 -87.225 114.167 -63.7642 95.1532 114.199 -118.165 -29.9949 
114.328 -90.5754 -150.561 114.429 -71.8856 83.5476 114.477 -91.2296 -164.357 
114.543 77.3542 144.232 114.762 -79.7999 71.693 114.842 -89.9803 -136.798 
114.953 -103.346 -223.694 115.222 72.7528 -40.6664 115.242 -87.5853 59.5662 
115.467 96.8132 71.7638 115.566 69.3632 -303.149 115.691 -92.1225 -178.222 
115.699 -95.228 47.1331 115.747 37.9471 -120.515 115.869 -89.3023 -123.027 
116.259 -102.424 34.2926 116.466 -118.416 -16.0602 116.556 -111.278 -284.679 
116.705 92.732 21.2474 116.84 -108.967 21.0906 117.073 -106.794 -52.1793 
117.273 -116.808 -3.71291 117.313 -114.033 8.30382 117.332 -104.007 -235.42 
117.352 64.6161 -291.064 117.507 56.778 -74.0852 117.594 48.0985 -254.937 
117.604 -88.4643 -109.253 117.817 -92.9995 -192.298 117.827 59.1658 -279.698 
117.949 53.7849 -267.447 118.326 76.4428 -27.427 118.508 87.7321 119.761 
118.565 41.2905 -241.304 118.566 40.9911 -107.134 118.571 -95.8544 -73.9352 
118.674 67.8731 153.717 118.956 94.6188 85.2989 118.969 24.251 -168.909 
119.185 24.4972 -154.78 119.499 93.9953 34.9386 119.533 24.9342 -183.081 
119.599 69.3105 -326.966 119.72 -110.02 -299.314 119.763 35.1605 -227.022 
119.86 -104.466 -248.526 120.211 -87.4566 -95.8396 120.223 30.3676 -212.26 
120.387 26.8955 -197.357 120.468 -93.9385 -206.369 120.587 25.8851 -140.799 
121.08 60.7113 -61.1195 121.288 80.1463 -14.0839 121.503 -18.6194 -341.6 
121.542 -31.2562 -340.839 121.625 44.1958 -93.8427 121.654 -6.19718 -342.107 
121.79 -44.7484 -339.588 121.994 -109.431 -38.8446 122.018 47.6505 -342.393 
122.114 -58.5955 -338.784 122.212 56.6176 161.157 122.335 -81.8806 -157.642 
122.362 7.46328 -342.824 122.425 -81.1552 -144.018 122.561 -104.654 -261.934 
122.591 94.3457 48.6862 122.618 -72.6536 -337.625 122.695 28.1858 -127.095 
122.771 -97.2511 -60.4606 123.135 -80.5439 -130.261 123.143 -82.7137 -171.218 
123.206 81.3545 132.014 123.352 60.8917 -337.116 123.477 -86.7025 -335.056 
123.529 -86.9269 -82.5278 123.578 91.2719 98.7212 123.645 -107.108 -317.223 
123.748 -95.106 -221.993 123.926 65.8501 -314.277 124.211 83.4465 -0.674754 
124.255 64.2595 -47.9366 124.332 22.0104 -343.502 124.365 -79.5651 -116.487 
124.446 43.2743 165.847 124.52 28.3348 167.032 124.585 -99.477 -328.708 
124.694 13.6896 164.26 124.868 47.3641 -80.6164 124.978 -83.6388 -185.03 
125.167 -104.202 -275.554 125.385 31.0091 -113.598 125.445 1.00274 158.325 
125.828 -110.461 -24.396 125.864 93.8484 62.4432 125.933 15.1412 -161.758 
125.98 -10.4259 150.707 126.042 -56.7149 99.1972 126.113 40.0596 -251.217 
126.137 -64.6043 87.5204 126.139 -48.5168 110.571 126.167 -20.8441 141.826 
126.206 -39.8562 121.532 126.213 -30.6078 131.978 126.222 -78.7275 -102.828 
126.303 -72.0965 75.4667 126.451 15.8082 -147.462 126.479 61.3278 -301.569 
126.619 -79.5198 63.2136 126.736 15.542 -175.994 126.889 -86.7837 50.6728 
126.897 85.9619 12.8231 127.171 -95.9709 -238.721 127.178 -93.6361 37.7738 
127.317 39.6759 -342.399 127.379 45.4555 -263.964 127.393 -84.4163 -199.029 
127.396 67.6404 -34.7448 127.43 -87.4274 -69.1175 127.571 56.1446 -289.224 
127.602 72.9974 143.399 127.646 -99.8644 24.0401 127.679 -109.307 -9.61156 
127.805 -99.5576 -47.6312 127.817 50.7334 -276.856 127.927 -107.285 -0.012026 
128.176 -105.262 9.5875 128.187 -77.8073 -91.2199 128.231 16.636 -190.069 
128.249 33.903 -100.163 128.268 -103.474 -289.623 128.285 86.8046 111.295 
128.359 50.6728 -67.5041 128.458 17.5596 -133.46 128.666 24.9378 -220.788 
129.221 -71.7858 -151.221 129.235 92.1194 76.0241 129.47 87.833 26.3802 
129.557 -71.1096 -137.69 129.663 -72.5679 -164.404 129.709 18.5374 -204.319 
129.875 29.7391 -235.006 129.987 -96.3708 -252.575 130.267 -85.3153 -213.128 
130.356 -70.1772 -124.01 130.506 71.1738 -21.5394 130.615 60.2883 -325.799 
130.923 20.0832 -119.763 131.143 -73.4148 -177.874 131.225 -77.399 -78.195 
131.275 36.8513 -86.8162 131.36 62.6067 152.205 131.505 83.1254 119.294 
131.795 -88.6231 -56.1679 131.837 -69.1537 -109.671 131.896 54.1354 -54.5065 
131.975 -102.156 -304.402 132.036 5.64954 -154.361 132.04 20.1672 -217.707 
132.182 -100.102 -33.896 132.407 5.44101 -168.846 132.503 88.9521 39.834 
132.526 50.508 -336.628 132.615 31.7014 -342.404 132.729 32.8643 -247.571 
132.742 -96.4591 -265.962 133.127 89.2502 89.436 133.139 6.73372 -139.894 
133.264 -74.0678 -191.651 133.42 -86.403 -227.792 133.496 74.5285 -8.28842 
133.598 22.6812 -106.174 133.744 -22.3049 -341.245 133.754 5.96018 -183.056 
133.82 -2.43253 -342.201 133.928 -37.4508 -340.032 134.068 -51.0997 -338.936 
134.233 -67.8858 -92.5142 134.278 -64.8684 -338.113 134.339 56.668 -312.799 
134.373 50.6798 158.902 134.505 39.7664 -73.5909 134.918 -78.6788 -335.922 
135.029 -61.7907 -158.032 135.031 -61.1766 -145.548 135.062 -77.6717 -65.1198 
135.253 -98.8981 -318.098 135.276 8.65798 -125.814 135.31 -99.9406 -19.0486 
135.319 12.9112 -342.927 135.337 36.699 -260.184 135.361 57.5828 -41.513 
135.712 89.2023 53.2947 135.742 -60.4731 -132.049 135.779 -96.0807 -279.494 
135.836 -74.7468 -205.577 135.859 37.4031 162.39 135.863 21.1417 -230.157 
135.892 7.23746 -197.128 135.981 -62.4744 -170.891 136.253 -92.0439 -330.17 
136.261 51.9 -299.757 136.318 -86.9778 -242.346 136.418 77.5406 4.96516 
136.42 25.3193 -92.695 136.432 76.1633 131.551 136.436 23.4438 162.364 
136.531 -89.3209 -43.1462 136.605 41.4759 -273.359 136.912 -4.94103 -161.477 
136.96 -4.33422 -146.613 136.99 -98.1489 -3.69092 137.01 46.7857 -286.706 
137.054 -59.4718 -117.807 137.313 9.81789 158.986 137.561 10.8371 -111.935 
137.638 -83.5397 40.5927 137.639 -94.6211 12.0848 137.654 -63.9851 79.0798 
137.658 -62.969 -184.489 137.668 -89.5559 26.9405 137.719 -70.7842 66.5787 
137.751 -66.9816 -74.9268 137.764 -77.4251 53.7866 137.765 -56.9445 91.3205 
137.944 -4.97441 -176.023 137.965 8.78853 -211.068 138.05 -49.5423 103.196 
138.261 -2.56848 153.203 138.336 -41.7254 114.68 138.362 84.7099 103.605 
138.443 43.0583 -60.6931 138.445 -33.0482 125.582 138.472 -58.205 -102.813 
138.522 -3.00006 -131.883 138.597 -23.7492 135.931 138.681 -75.533 -219.546 
138.69 -13.7028 145.36 138.715 27.3553 -341.733 138.722 23.891 -243.202 
138.834 61.1303 -28.5485 138.903 88.5164 66.4117 138.956 -50.3475 -152.956 
138.976 -87.5466 -256.233 139.067 -50.8392 -163.957 139.106 -49.7115 -140.446 
139.157 -77.8399 -52.2728 139.219 79.9859 18.2922 139.248 -95.1808 -293.175 
139.687 28.1342 -79.4262 139.797 -15.6887 -153.697 139.906 -4.33712 -190.158 
139.993 49.9291 -324.48 140.089 -63.4338 -198.224 140.137 -48.8933 -126.341 
140.166 13.1666 -98.2782 140.328 -16.1948 -168.925 140.354 -56.7052 -86.9046 
140.421 -51.3045 -177.393 140.539 66.9632 142.003 140.631 -1.14231 -117.625 
140.638 10.7077 -224.651 140.662 -89.2279 -29.0841 140.759 -14.7291 -138.211 
141.092 -38.7081 -152.962 141.355 -66.5992 -61.9752 141.438 -27.3838 -161.852 
141.469 40.2505 -334.726 141.538 -26.6559 -144.775 141.549 -39.3175 -170.198 
141.595 -76.4086 -233.465 141.657 -16.1222 -183.397 141.71 27.1619 -256.006 
141.761 -37.8474 -135.126 141.781 -47.7943 -111.691 141.844 46.0822 -47.6656 
141.932 -87.6849 -269.459 142.019 64.5039 -15.4465 142.026 82.1175 31.5521 
142.096 -3.10584 -204.197 142.354 -27.7214 -176.704 142.377 86.5581 79.2791 
142.443 -13.4488 -123.471 142.668 -51.6338 -191.071 142.765 0.735855 -103.694 
142.788 -63.7872 -212.061 142.85 -25.7356 -129.387 143.112 15.623 -84.7906 
143.183 31.0012 -66.2771 143.212 -93.575 -306.542 143.215 -88.0686 -14.4099 
143.228 -36.8175 -120.477 143.283 -55.6102 -72.0834 143.3 -46.2894 -96.5709 
143.413 -39.6085 -184.016 143.492 -77.5845 -38.8675 143.565 46.264 -310.86 
143.737 56.2679 150.426 143.891 13.1215 -238.043 143.947 -77.7262 -246.698 
144.089 31.4017 -269.145 144.238 -15.3408 -197.262 144.3 -11.7846 -109.078 
144.379 -24.3669 -114.672 144.441 -27.6237 -190.607 144.651 -1.49972 -218.264 
144.662 -35.4461 -105.79 144.663 77.5644 118.429 144.923 -85.7635 0.476916 
144.977 67.6787 -2.26699 144.982 41.4695 -297.208 145.105 36.2897 -283.136 
145.113 -65.8163 -48.5639 145.172 83.1404 44.7029 145.245 -44.7669 -81.8424 
145.269 2.86987 -89.9471 145.283 -87.0681 -282.662 145.435 -51.6443 -204.784 
145.457 49.6092 -34.7127 145.807 -39.4928 -197.69 145.809 -14.1686 -341.508 
145.908 1.94054 -341.963 146.04 -22.8027 -100.284 146.113 -29.676 -340.066 
146.117 -82.36 15.201 146.119 -70.4704 -336.314 146.15 -63.1533 -226.195 
146.169 44.3377 156.29 146.229 -57.1911 -337.864 146.294 -43.6983 -338.99 
146.373 -9.9428 -95.0183 146.485 -82.7626 -331.045 146.517 18.2423 -71.4966 
146.541 -78.456 -259.691 146.56 -33.9038 -91.2277 146.563 -90.943 -319.977 
146.664 -76.7559 -24.5279 146.697 -54.4373 -58.4329 146.79 16.5258 -251.431 
146.808 33.8526 -53.2028 146.915 -14.158 -211.278 146.931 -77.6951 29.4204 
146.964 82.9782 92.9429 147.119 -26.9003 -204.301 147.234 32.0298 158.266 
147.454 -72.6546 43.2933 147.742 0.798895 -232.256 147.837 -67.1427 56.7184 
147.95 70.7736 10.8684 148.059 -43.3275 -67.9288 148.226 83.2535 57.489 
148.369 -50.8389 -218.686 148.399 -61.5747 69.8224 148.472 -21.0656 -86.2386 
148.517 5.18129 -76.4814 148.657 39.0387 -322.367 148.666 17.7569 -340.178 
148.701 19.2755 157.314 148.731 -55.4549 82.5346 148.746 -38.7962 -211.375 
148.766 -64.9042 -34.5362 148.808 -32.2407 -77.1889 148.996 53.0314 -21.8144 
149.141 -8.01865 -81.3326 149.322 -75.0881 -9.95809 149.409 -49.2062 95.1109 
149.426 -69.2157 -250.015 149.439 -86.0159 -295.773 149.59 69.2419 130.367 
149.626 20.2361 -264.589 149.863 -12.4465 -225.772 149.899 36.6698 -40.0036 
149.93 -78.1316 -272.585 149.994 -42.4318 107.184 149.998 20.8996 -58.2918 
150.149 -25.8188 -217.941 150.153 -53.1965 -44.4221 150.348 -34.9537 118.841 
150.444 6.09446 154.377 150.677 -26.5372 129.799 150.679 -60.5368 -240.518 
150.753 30.0206 -333.407 150.759 73.5411 23.982 150.928 -19.2385 -72.5202 
151.012 4.65886 -246.523 151.042 -16.9691 139.875 151.175 82.598 69.1051 
151.228 -41.7273 -54.1381 151.364 -6.31772 148.655 151.42 -30.431 -63.4438 
151.433 34.8992 -308.262 151.62 -63.5164 -20.1062 151.638 7.51855 -63.0911 
151.678 24.7882 -278.606 151.726 -72.4539 4.2502 151.853 -49.3655 -232.234 
151.925 -5.99007 -67.7881 151.935 -37.6651 -224.695 152.19 56.3015 -8.78883 
152.264 29.8819 -293.702 152.47 5.98679 -340.209 152.793 77.0678 106.285 
152.942 23.3916 -44.9109 152.989 59.5687 140.36 153.056 -68.6436 -262.84 
153.256 -51.7689 -30.2728 153.299 -68.9993 18.3264 153.463 -84.1316 -308.912 
153.489 39.9634 -27.0645 153.541 -8.79549 -241.307 153.78 -17.2133 -58.9027 
153.803 -23.8886 -233.899 153.853 -77.0689 -285.521 153.953 8.45543 -260.106 
154.19 75.5671 36.9582 154.248 -40.1214 -40.124 154.361 -61.4271 -5.9849 
154.46 -28.5481 -49.6909 154.569 -3.76502 -54.2868 154.573 9.91393 -49.6929 
154.668 -64.7586 32.2149 154.683 -36.5703 -236.908 154.769 -58.7524 -253.53 
155.067 80.7184 81.4771 155.097 59.6946 4.29958 155.325 -48.1215 -244.787 
155.666 48.5466 148.202 155.683 -49.913 -16.124 155.741 -60.5507 45.9651 
155.756 26.0418 -31.6361 155.856 -20.7819 -242.635 156.163 -15.047 -45.2171 
156.344 -81.0412 -321.089 156.395 27.5156 -319.781 156.448 12.3625 -273.454 
156.552 -75.0395 -328.765 156.634 -38.2293 -26.1077 156.748 -58.5527 7.86399 
156.785 -67.5186 -275.546 156.8 43.0351 -14.1511 156.827 12.3352 -36.139 
156.858 -26.5829 -35.8087 156.919 -3.59834 -255.791 156.991 -62.8799 -334.295 
157.041 -1.37033 -40.7341 157.346 76.3485 50.1549 157.375 -8.14016 -340.569 
157.431 -56.5807 59.5832 157.559 -35.7427 -247.557 157.784 32.7723 152.568 
157.865 69.6814 118.237 157.909 -17.6752 -251.371 157.911 62.8 17.3841 
158.01 -75.3687 -298.444 158.047 22.8193 -305.447 158.104 -47.4609 -2.22286 
158.127 17.5803 -289.695 158.143 -22.2174 -339.344 158.344 -12.7863 -31.4984 
158.426 -36.1914 -337.703 158.437 -57.5798 -265.919 158.538 -54.9271 21.5834 
158.55 -49.8381 -336.918 158.698 -51.9568 72.9282 158.747 -36.0878 -12.1706 
158.782 28.7451 -18.5828 158.855 -47.0998 -256.622 158.88 -24.4162 -21.9604 
158.977 -46.0264 85.7207 159.032 10.033 -338.454 159.088 1.00671 -27.1079 
159.105 19.2258 -330.503 159.39 14.7176 -22.853 159.607 45.9964 -1.05017 
159.696 76.3725 61.0418 159.852 0.02795 -269.012 160.108 -44.24 11.4264 
160.193 -10.4636 -17.7702 160.261 -51.2714 35.2718 160.339 75.5968 94.3526 
160.384 -21.9405 -8.15724 160.394 -33.1692 1.54454 160.754 -65.7503 -288.313 
160.861 65.3108 30.4534 160.964 -35.7032 -259.104 161.073 -41.4245 98.8716 
161.122 3.3614 -13.6942 161.137 31.5971 -5.41622 161.445 17.2758 -9.5754 
161.586 -12.2258 -265.248 161.589 -35.293 111.27 161.621 -7.75812 -4.14671 
161.695 -24.612 -261.777 161.727 15.8142 151.853 161.833 60.8955 128.997 
161.868 -28.1578 122.739 161.903 -18.9261 5.47698 161.986 -72.7339 -311.421 
162.01 -40.7893 25.06 162.062 49.3289 12.1802 162.126 -55.9417 -278.423 
162.168 -29.9676 15.1921 162.346 -47.8112 48.8478 162.35 4.06296 -282.972 
162.412 6.25632 -0.16887 162.426 -45.8567 -268.719 162.5 76.1481 70.2377 
162.598 15.3507 -317.267 162.803 -4.76831 9.40232 162.807 20.2956 3.86276 
162.825 -19.931 133.287 162.9 34.5313 7.97251 163.132 -15.734 19.023 
163.382 -67.6269 -325.049 163.605 2.7838 148.62 163.632 10.885 -303.948 
163.633 9.29856 13.3874 163.642 -9.39023 142.202 163.679 -26.5358 28.7473 
163.805 -37.4122 38.5976 164.136 -43.9406 62.277 164.22 50.5552 138.344 
164.224 -1.62032 22.9522 164.293 66.6406 43.717 164.453 23.4224 17.3784 
164.496 -63.2504 -301.45 164.536 52.3629 25.3654 164.66 -33.8185 -271.553 
164.683 -8.8273 -278.301 164.888 -12.3819 32.5619 165.062 37.7281 21.3601 
165.113 -39.3283 75.4828 165.18 39.0786 145.296 165.384 -21.4971 -274.747 
165.403 68.4429 105.756 165.482 12.4618 26.8918 165.671 -23.0976 42.225 
165.8 -33.8601 52.0239 165.94 0.004244 -336.291 165.958 -53.4631 -291.401 
166.04 -43.5553 -281.43 166.255 1.65602 36.4417 166.336 7.84712 -327.239 
166.626 26.5332 30.8161 166.742 -55.4933 -328.364 166.878 -5.26807 -290.79 
167.008 73.1268 82.5204 167.19 54.2745 38.6137 167.218 -8.98978 46.0125 
167.423 -59.9281 -314.843 167.46 40.6881 34.6001 167.517 67.3481 58.3999 
167.758 3.0348 -314.925 167.769 -30.08 65.3897 167.783 15.6457 40.3582 
167.808 -19.6215 55.6539 167.971 -1.32526 -302.753 168.035 -30.8644 -284.586 
168.047 -13.8388 -334.018 168.282 -18.0155 -287.791 168.487 -35.805 88.6111 
168.559 -28.0534 -333.052 168.743 4.98194 49.942 169.146 29.5403 44.2003 
169.308 -50.4311 -304.621 169.41 -40.6272 -294.556 169.445 60.1895 116.573 
169.491 -5.59028 59.5134 169.639 -42.1786 -331.737 169.928 55.7065 52.3198 
169.979 26.8927 144.537 170.048 43.0568 47.913 170.135 -16.1064 69.0015 
170.194 -26.3731 78.6335 170.242 -5.11424 -325.029 170.289 18.7953 53.884 
170.44 -14.3392 -300.442 170.774 -25.9622 114.265 170.823 -27.575 -297.65 
170.966 66.8828 71.7573 171.074 8.27268 63.5396 171.28 -31.8716 101.863 
171.335 -10.0206 -312.862 171.628 32.2293 57.8406 171.669 -46.943 -318.24 
171.767 13.9161 141.153 171.86 -18.5554 124.203 171.861 50.3773 126.675 
171.881 -2.20258 72.9386 172.239 -9.71615 131.283 172.269 -37.2755 -307.749 
172.376 1.36149 136.929 172.381 57.202 66.6635 172.599 -18.9073 -322.991 
172.627 45.0613 61.8946 172.655 21.9277 67.6528 172.68 -12.5526 82.2278 
172.71 66.5509 93.0178 172.837 -23.7174 -310.522 172.99 39.4697 135.75 
173.193 -22.5941 91.6246 173.42 -33.1024 -321.157 173.509 11.7239 77.1055 
174.161 35.2237 71.9199 174.391 1.46436 86.2826 174.395 60.981 80.5757 
174.589 -13.6209 117.915 174.792 57.26 103.323 174.949 48.3042 76.1489 
175.089 25.4729 81.4576 175.413 -18.5332 104.474 175.475 -8.71159 95.3342 
175.713 15.4236 90.6155 175.95 -0.878345 122.693 175.964 25.6371 131.779 
176.03 47.3813 113.171 176.202 12.0101 127.282 176.421 5.21803 99.6365 
176.498 39.1793 85.8282 176.716 -4.72428 108.624 176.82 37.0669 122.722 
176.917 29.3813 95.1006 177.017 53.0203 89.9244 177.138 19.2075 104.167 
177.155 8.92094 113.282 177.253 22.8658 117.974 177.534 43.4352 99.5592 
177.556 33.3051 108.803 
POLYGONS 5968 23872
3 1659 1787 1716 
3 1716 1787 1802 
3 1659 1716 1628 
3 1769 1787 1659 
3 1802 1787 1881 
3 1802 1709 1716 
3 1716 1622 1628 
3 1540 1659 1628 
3 1659 1656 1769 
3 1769 1871 1787 
3 1787 1871 1881 
3 1881 1890 1802 
3 1709 1622 1716 
3 1802 1790 1709 
3 1628 1622 1529 
3 1628 1529 1540 
3 1557 1659 1540 
3 1656 1757 1769 
3 1557 1656 1659 
3 1864 1871 1769 
3 1881 1871 1970 
3 1802 1890 1790 
3 1881 1977 1890 
3 1603 1622 1709 
3 1790 1688 1709 
3 1529 1622 1523 
3 1540 1529 1440 
3 1540 1456 1557 
3 1769 1757 1864 
3 1657 1757 1656 
3 1560 1656 1557 
3 1963 1871 1864 
3 1970 1871 1963 
3 1970 1977 1881 
3 1890 1873 1790 
3 1890 1977 1972 
3 1709 1688 1603 
3 1523 1622 1603 
3 1772 1688 1790 
3 1523 1426 1529 
3 1529 1426 1440 
3 1440 1456 1540 
3 1557 1456 1462 
3 1864 1757 1850 
3 1560 1657 1656 
3 1753 1757 1657 
3 1557 1462 1560 
3 1957 1963 1864 
3 1970 1963 2058 
3 2062 1977 1970 
3 1873 1772 1790 
3 1972 1873 1890 
3 1977 2067 1972 
3 1688 1582 1603 
3 1603 1498 1523 
3 1663 1688 1772 
3 1523 1418 1426 
3 1440 1426 1342 
3 1358 1456 1440 
3 1462 1456 1364 
3 1850 1757 1753 
3 1864 1850 1957 
3 1560 1559 1657 
3 1657 1654 1753 
3 1560 1462 1461 
3 1957 2053 1963 
3 1963 2053 2058 
3 1970 2058 2062 
3 2062 2067 1977 
3 1873 1835 1772 
3 1972 1944 1873 
3 1972 2067 2050 
3 1603 1582 1498 
3 1663 1582 1688 
3 1523 1498 1418 
3 1731 1663 1772 
3 1426 1418 1325 
3 1342 1426 1325 
3 1440 1342 1358 
3 1364 1456 1358 
3 1362 1462 1364 
3 1753 1842 1850 
3 1957 1850 1952 
3 1559 1654 1657 
3 1461 1559 1560 
3 1753 1654 1747 
3 1461 1462 1362 
3 1957 2049 2053 
3 2053 2155 2058 
3 2058 2152 2062 
3 2151 2067 2062 
3 1772 1835 1731 
3 1873 1944 1835 
3 2050 1944 1972 
3 2067 2146 2050 
3 1582 1476 1498 
3 1663 1548 1582 
3 1498 1397 1418 
3 1731 1619 1663 
3 1418 1312 1325 
3 1325 1248 1342 
3 1358 1342 1263 
3 1364 1358 1274 
3 1272 1362 1364 
3 1850 1842 1952 
3 1747 1842 1753 
3 1952 2049 1957 
3 1558 1654 1559 
3 1459 1559 1461 
3 1747 1654 1652 
3 1362 1359 1461 
3 2049 2150 2053 
3 2058 2155 2152 
3 2150 2155 2053 
3 2152 2151 2062 
3 2151 2146 2067 
3 1731 1835 1805 
3 1835 1944 1914 
3 2050 2022 1944 
3 2050 2146 2132 
3 1498 1476 1397 
3 1582 1548 1476 
3 1663 1619 1548 
3 1418 1397 1312 
3 1731 1696 1619 
3 1325 1312 1223 
3 1342 1248 1263 
3 1223 1248 1325 
3 1274 1358 1263 
3 1272 1364 1274 
3 1262 1362 1272 
3 1842 1939 1952 
3 1747 1840 1842 
3 1952 2045 2049 
3 1459 1558 1559 
3 1652 1654 1558 
3 1461 1359 1459 
3 1652 1745 1747 
3 1262 1359 1362 
3 2049 2148 2150 
3 2155 2252 2152 
3 2254 2155 2150 
3 2248 2151 2152 
3 2245 2146 2151 
3 1835 1914 1805 
3 1805 1696 1731 
3 1944 2022 1914 
3 2132 2022 2050 
3 2132 2146 2235 
3 1476 1363 1397 
3 1476 1548 1429 
3 1548 1619 1512 
3 1312 1397 1290 
3 1619 1696 1591 
3 1312 1207 1223 
3 1263 1248 1169 
3 1162 1248 1223 
3 1263 1184 1274 
3 1274 1179 1272 
3 1272 1165 1262 
3 1952 1939 2045 
3 1840 1939 1842 
3 1745 1840 1747 
3 2045 2148 2049 
3 1455 1558 1459 
3 1558 1555 1652 
3 1459 1359 1356 
3 1650 1745 1652 
3 1255 1359 1262 
3 2148 2251 2150 
3 2152 2252 2248 
3 2254 2252 2155 
3 2150 2251 2254 
3 2245 2151 2248 
3 2235 2146 2245 
3 1805 1914 1887 
3 1782 1696 1805 
3 1914 2022 1993 
3 2105 2022 2132 
3 2235 2218 2132 
3 1397 1363 1290 
3 1429 1363 1476 
3 1429 1548 1512 
3 1512 1619 1591 
3 1290 1207 1312 
3 1591 1696 1677 
3 1223 1207 1162 
3 1169 1248 1162 
3 1169 1184 1263 
3 1274 1184 1179 
3 1179 1165 1272 
3 1165 1160 1262 
3 1939 2044 2045 
3 1840 1940 1939 
3 1745 1839 1840 
3 2045 2147 2148 
3 1356 1455 1459 
3 1455 1555 1558 
3 1652 1555 1650 
3 1356 1359 1255 
3 1650 1743 1745 
3 1160 1255 1262 
3 2148 2250 2251 
3 2252 2346 2248 
3 2254 2349 2252 
3 2251 2351 2254 
3 2248 2345 2245 
3 2341 2235 2245 
3 1914 1993 1887 
3 1887 1782 1805 
3 1677 1696 1782 
3 1993 2022 2105 
3 2132 2218 2105 
3 2334 2218 2235 
3 1290 1363 1252 
3 1429 1321 1363 
3 1512 1399 1429 
3 1591 1484 1512 
3 1178 1207 1290 
3 1677 1563 1591 
3 1162 1207 1117 
3 1169 1162 1097 
3 1095 1184 1169 
3 1179 1184 1089 
3 1075 1165 1179 
3 1064 1160 1165 
3 2044 2147 2045 
3 1940 2044 1939 
3 1839 1940 1840 
3 1743 1839 1745 
3 2148 2147 2250 
3 1354 1455 1356 
3 1453 1555 1455 
3 1650 1555 1552 
3 1356 1255 1251 
3 1647 1743 1650 
3 1153 1255 1160 
3 2250 2350 2251 
3 2248 2346 2345 
3 2252 2349 2346 
3 2254 2351 2349 
3 2350 2351 2251 
3 2245 2345 2341 
3 2341 2334 2235 
3 1993 1976 1887 
3 1887 1868 1782 
3 1782 1744 1677 
3 2083 1993 2105 
3 2105 2218 2190 
3 2334 2327 2218 
3 1363 1321 1252 
3 1290 1252 1178 
3 1429 1399 1321 
3 1484 1399 1512 
3 1591 1563 1484 
3 1117 1207 1178 
3 1677 1632 1563 
3 1162 1117 1097 
3 1095 1169 1097 
3 1089 1184 1095 
3 1075 1179 1089 
3 1064 1165 1075 
3 1058 1160 1064 
3 2149 2147 2044 
3 2047 2044 1940 
3 1945 1940 1839 
3 1743 1841 1839 
3 2250 2147 2253 
3 1251 1354 1356 
3 1453 1455 1354 
3 1552 1555 1453 
3 1647 1650 1552 
3 1251 1255 1153 
3 1647 1746 1743 
3 1052 1153 1160 
3 2250 2352 2350 
3 2345 2346 2454 
3 2346 2349 2459 
3 2349 2351 2461 
3 2460 2351 2350 
3 2341 2345 2450 
3 2341 2445 2334 
3 1887 1976 1868 
3 2083 1976 1993 
3 1868 1744 1782 
3 1744 1632 1677 
3 2105 2190 2083 
3 2218 2327 2190 
3 2443 2327 2334 
3 1321 1212 1252 
3 1252 1140 1178 
3 1399 1292 1321 
3 1368 1399 1484 
3 1563 1443 1484 
3 1178 1071 1117 
3 1632 1520 1563 
3 1097 1117 1045 
3 1097 1020 1095 
3 1095 1008 1089 
3 1089 983 1075 
3 969 1064 1075 
3 1064 963 1058 
3 1058 1052 1160 
3 2149 2044 2047 
3 2253 2147 2149 
3 2047 1940 1945 
3 1841 1945 1839 
3 1746 1841 1743 
3 2253 2352 2250 
3 1251 1246 1354 
3 1354 1349 1453 
3 1453 1449 1552 
3 1551 1647 1552 
3 1251 1153 1145 
3 1649 1746 1647 
3 1052 1047 1153 
3 2350 2352 2458 
3 2454 2346 2459 
3 2450 2345 2454 
3 2459 2349 2461 
3 2461 2351 2460 
3 2460 2350 2458 
3 2450 2445 2341 
3 2445 2443 2334 
3 1976 1933 1868 
3 2083 2054 1976 
3 1868 1821 1744 
3 1744 1710 1632 
3 2190 2168 2083 
3 2327 2272 2190 
3 2442 2327 2443 
3 1252 1212 1140 
3 1321 1292 1212 
3 1178 1140 1071 
3 1368 1292 1399 
3 1484 1443 1368 
3 1520 1443 1563 
3 1117 1071 1045 
3 1632 1599 1520 
3 1045 1020 1097 
3 1095 1020 1008 
3 1008 983 1089 
3 1075 983 969 
3 969 963 1064 
3 963 958 1058 
3 1058 958 1052 
3 2047 2156 2149 
3 2149 2257 2253 
3 1945 2051 2047 
3 1953 1945 1841 
3 1746 1844 1841 
3 2356 2352 2253 
3 1246 1349 1354 
3 1145 1246 1251 
3 1349 1449 1453 
3 1552 1449 1551 
3 1551 1649 1647 
3 1153 1047 1145 
3 1649 1748 1746 
3 1052 949 1047 
3 2458 2352 2455 
3 2459 2595 2454 
3 2454 2586 2450 
3 2461 2593 2459 
3 2460 2590 2461 
3 2458 2587 2460 
3 2450 2572 2445 
3 2445 2564 2443 
3 1868 1933 1821 
3 2054 1933 1976 
3 2168 2054 2083 
3 1821 1710 1744 
3 1710 1599 1632 
3 2190 2272 2168 
3 2343 2272 2327 
3 2554 2442 2443 
3 2343 2327 2442 
3 1140 1212 1101 
3 1212 1292 1171 
3 1071 1140 1035 
3 1368 1250 1292 
3 1368 1443 1323 
3 1406 1443 1520 
3 1071 977 1045 
3 1599 1494 1520 
3 1045 956 1020 
3 1020 931 1008 
3 1008 905 983 
3 983 878 969 
3 867 963 969 
3 860 958 963 
3 958 949 1052 
3 2156 2257 2149 
3 2051 2156 2047 
3 2257 2356 2253 
3 1953 2051 1945 
3 1841 1844 1953 
3 1746 1748 1844 
3 2455 2352 2356 
3 1242 1349 1246 
3 1141 1246 1145 
3 1346 1449 1349 
3 1551 1449 1448 
3 1551 1547 1649 
3 1047 1042 1145 
3 1651 1748 1649 
3 1047 949 944 
3 2455 2585 2458 
3 2454 2595 2586 
3 2459 2593 2595 
3 2586 2572 2450 
3 2461 2590 2593 
3 2460 2587 2590 
3 2458 2585 2587 
3 2572 2564 2445 
3 2564 2554 2443 
3 1821 1933 1895 
3 2054 2009 1933 
3 2127 2054 2168 
3 1821 1789 1710 
3 1710 1683 1599 
3 2272 2241 2168 
3 2343 2241 2272 
3 2554 2538 2442 
3 2419 2343 2442 
3 1101 1212 1171 
3 1035 1140 1101 
3 1292 1250 1171 
3 1035 977 1071 
3 1323 1250 1368 
3 1323 1443 1406 
3 1520 1494 1406 
3 1045 977 956 
3 1599 1575 1494 
3 1020 956 931 
3 1008 931 905 
3 905 878 983 
3 969 878 867 
3 867 860 963 
3 860 853 958 
3 853 949 958 
3 2156 2259 2257 
3 2157 2156 2051 
3 2257 2359 2356 
3 1953 2056 2051 
3 1844 1956 1953 
3 1844 1748 1847 
3 2356 2457 2455 
3 1141 1242 1246 
3 1242 1346 1349 
3 1145 1042 1141 
3 1448 1449 1346 
3 1448 1547 1551 
3 1649 1547 1651 
3 944 1042 1047 
3 1751 1748 1651 
3 944 949 848 
3 2455 2582 2585 
3 2595 2746 2586 
3 2593 2743 2595 
3 2586 2736 2572 
3 2590 2737 2593 
3 2587 2735 2590 
3 2585 2731 2587 
3 2572 2715 2564 
3 2564 2702 2554 
3 1933 2009 1895 
3 1821 1895 1789 
3 2127 2009 2054 
3 2168 2241 2127 
3 1789 1683 1710 
3 1599 1683 1575 
3 2312 2241 2343 
3 2442 2538 2419 
3 2554 2685 2538 
3 2419 2312 2343 
3 1171 1059 1101 
3 1101 980 1035 
3 1171 1250 1130 
3 933 977 1035 
3 1208 1250 1323 
3 1323 1406 1294 
3 1406 1494 1382 
3 956 977 877 
3 1575 1466 1494 
3 956 859 931 
3 931 827 905 
3 905 796 878 
3 878 773 867 
3 767 860 867 
3 752 853 860 
3 848 949 853 
3 2259 2359 2257 
3 2157 2259 2156 
3 2051 2056 2157 
3 2359 2457 2356 
3 1956 2056 1953 
3 1847 1956 1844 
3 1847 1748 1751 
3 2457 2582 2455 
3 1136 1242 1141 
3 1239 1346 1242 
3 1042 1037 1141 
3 1346 1344 1448 
3 1446 1547 1448 
3 1547 1546 1651 
3 938 1042 944 
3 1651 1648 1751 
3 848 834 944 
3 2582 2723 2585 
3 2586 2746 2736 
3 2595 2743 2746 
3 2593 2737 2743 
3 2736 2715 2572 
3 2590 2735 2737 
3 2587 2731 2735 
3 2585 2723 2731 
3 2715 2702 2564 
3 2702 2685 2554 
3 1895 2009 1981 
3 1895 1872 1789 
3 2088 2009 2127 
3 2241 2199 2127 
3 1764 1683 1789 
3 1575 1683 1655 
3 2312 2199 2241 
3 2419 2538 2509 
3 2538 2685 2655 
3 2419 2394 2312 
3 1101 1059 980 
3 1171 1130 1059 
3 1035 980 933 
3 1130 1250 1208 
3 877 977 933 
3 1294 1208 1323 
3 1406 1382 1294 
3 1494 1466 1382 
3 877 859 956 
3 1542 1466 1575 
3 931 859 827 
3 905 827 796 
3 796 773 878 
3 867 773 767 
3 767 752 860 
3 741 853 752 
3 848 853 741 
3 2259 2362 2359 
3 2157 2261 2259 
3 2157 2056 2161 
3 2359 2463 2457 
3 2059 2056 1956 
3 1959 1956 1847 
3 1751 1851 1847 
3 2576 2582 2457 
3 1141 1037 1136 
3 1136 1239 1242 
3 1239 1344 1346 
3 938 1037 1042 
3 1344 1446 1448 
3 1446 1546 1547 
3 1546 1648 1651 
3 944 834 938 
3 1751 1648 1750 
3 735 834 848 
3 2582 2716 2723 
3 2746 2872 2736 
3 2746 2743 2875 
3 2737 2868 2743 
3 2736 2851 2715 
3 2737 2735 2853 
3 2735 2731 2848 
3 2723 2843 2731 
3 2807 2702 2715 
3 2807 2685 2702 
3 1981 2009 2088 
3 1981 1872 1895 
3 1789 1872 1764 
3 2127 2199 2088 
3 1655 1683 1764 
3 1575 1655 1542 
3 2281 2199 2312 
3 2538 2655 2509 
3 2509 2394 2419 
3 2685 2784 2655 
3 2394 2281 2312 
3 980 1059 946 
3 1130 1014 1059 
3 980 869 933 
3 1130 1208 1094 
3 933 820 877 
3 1172 1208 1294 
3 1294 1382 1261 
3 1466 1350 1382 
3 777 859 877 
3 1542 1425 1466 
3 859 749 827 
3 827 717 796 
3 796 690 773 
3 767 773 668 
3 654 752 767 
3 752 643 741 
3 741 735 848 
3 2362 2463 2359 
3 2261 2362 2259 
3 2161 2261 2157 
3 2161 2056 2059 
3 2457 2463 2576 
3 2059 1956 1959 
3 1851 1959 1847 
3 1750 1851 1751 
3 2576 2716 2582 
3 1037 1031 1136 
3 1132 1239 1136 
3 1236 1344 1239 
3 930 1037 938 
3 1341 1446 1344 
3 1445 1546 1446 
3 1545 1648 1546 
3 834 831 938 
3 1750 1648 1646 
3 731 834 735 
3 2716 2826 2723 
3 2736 2872 2851 
3 2746 2875 2872 
3 2743 2868 2875 
3 2853 2868 2737 
3 2715 2851 2807 
3 2853 2735 2848 
3 2731 2843 2848 
3 2723 2826 2843 
3 2807 2784 2685 
3 2088 2060 1981 
3 1937 1872 1981 
3 1764 1872 1833 
3 2199 2173 2088 
3 1764 1727 1655 
3 1655 1621 1542 
3 2281 2173 2199 
3 2655 2617 2509 
3 2509 2478 2394 
3 2784 2761 2655 
3 2394 2361 2281 
3 1059 1014 946 
3 946 869 980 
3 1094 1014 1130 
3 933 869 820 
3 1094 1208 1172 
3 877 820 777 
3 1172 1294 1261 
3 1382 1350 1261 
3 1466 1425 1350 
3 777 749 859 
3 1542 1514 1425 
3 827 749 717 
3 717 690 796 
3 773 690 668 
3 654 767 668 
3 654 643 752 
3 643 638 741 
3 741 638 735 
3 2466 2463 2362 
3 2261 2366 2362 
3 2161 2263 2261 
3 2059 2162 2161 
3 2576 2463 2579 
3 1959 2066 2059 
3 1851 1960 1959 
3 1750 1854 1851 
3 2576 2710 2716 
3 1136 1031 1132 
3 930 1031 1037 
3 1236 1239 1132 
3 1341 1344 1236 
3 938 831 930 
3 1445 1446 1341 
3 1445 1545 1546 
3 1646 1648 1545 
3 731 831 834 
3 1646 1752 1750 
3 735 629 731 
3 2716 2821 2826 
3 2872 2943 2851 
3 2875 2949 2872 
3 2875 2868 2947 
3 2853 2944 2868 
3 2851 2928 2807 
3 2848 2935 2853 
3 2843 2939 2848 
3 2843 2826 2918 
3 2807 2890 2784 
3 2060 1937 1981 
3 2088 2173 2060 
3 1833 1872 1937 
3 1833 1727 1764 
3 1727 1621 1655 
3 1621 1514 1542 
3 2246 2173 2281 
3 2509 2617 2478 
3 2655 2761 2617 
3 2478 2361 2394 
3 2879 2761 2784 
3 2361 2246 2281 
3 946 1014 890 
3 946 821 869 
3 972 1014 1094 
3 869 766 820 
3 1172 1061 1094 
3 820 712 777 
3 1261 1147 1172 
3 1350 1230 1261 
3 1350 1425 1315 
3 672 749 777 
3 1514 1408 1425 
3 749 640 717 
3 604 690 717 
3 690 575 668 
3 668 556 654 
3 654 544 643 
3 643 526 638 
3 735 638 629 
3 2362 2366 2466 
3 2579 2463 2466 
3 2263 2366 2261 
3 2162 2263 2161 
3 2066 2162 2059 
3 2579 2710 2576 
3 1960 2066 1959 
3 1851 1854 1960 
3 1752 1854 1750 
3 2710 2821 2716 
3 1031 1026 1132 
3 930 926 1031 
3 1132 1128 1236 
3 1231 1341 1236 
3 831 825 930 
3 1341 1338 1445 
3 1439 1545 1445 
3 1646 1545 1544 
3 728 831 731 
3 1644 1752 1646 
3 629 625 731 
3 2826 2821 2889 
3 2851 2943 2928 
3 2949 2943 2872 
3 2875 2947 2949 
3 2868 2944 2947 
3 2935 2944 2853 
3 2807 2928 2890 
3 2848 2939 2935 
3 2918 2939 2843 
3 2918 2826 2889 
3 2890 2879 2784 
3 2017 1937 2060 
3 2173 2133 2060 
3 1937 1909 1833 
3 1806 1727 1833 
3 1727 1701 1621 
3 1621 1600 1514 
3 2246 2133 2173 
3 2617 2563 2478 
3 2617 2761 2726 
3 2478 2430 2361 
3 2879 2852 2761 
3 2361 2314 2246 
3 890 1014 972 
3 890 821 946 
3 869 821 766 
3 1094 1061 972 
3 820 766 712 
3 1172 1147 1061 
3 777 712 672 
3 1261 1230 1147 
3 1315 1230 1350 
3 1425 1408 1315 
3 672 640 749 
3 1514 1497 1408 
3 717 640 604 
3 604 575 690 
3 668 575 556 
3 556 544 654 
3 544 526 643 
3 526 516 638 
3 638 516 629 
3 2366 2468 2466 
3 2466 2581 2579 
3 2370 2366 2263 
3 2267 2263 2162 
3 2066 2167 2162 
3 2579 2705 2710 
3 1960 2070 2066 
3 1854 1965 1960 
3 1752 1857 1854 
3 2805 2821 2710 
3 1026 1128 1132 
3 926 1026 1031 
3 825 926 930 
3 1236 1128 1231 
3 1231 1338 1341 
3 728 825 831 
3 1445 1338 1439 
3 1544 1545 1439 
3 1544 1644 1646 
3 731 625 728 
3 1644 1749 1752 
3 510 625 629 
3 2889 2821 2878 
3 2928 2943 2972 
3 2974 2943 2949 
3 2947 2971 2949 
3 2947 2944 2964 
3 2964 2944 2935 
3 2890 2928 2957 
3 2935 2939 2968 
3 2958 2939 2918 
3 2889 2931 2918 
3 2890 2957 2879 
3 2060 2133 2017 
3 2017 1909 1937 
3 1833 1909 1806 
3 1806 1701 1727 
3 1701 1600 1621 
3 1600 1497 1514 
3 2208 2133 2246 
3 2478 2563 2430 
3 2726 2563 2617 
3 2761 2852 2726 
3 2430 2314 2361 
3 2945 2852 2879 
3 2246 2314 2208 
3 972 863 890 
3 890 775 821 
3 766 821 705 
3 972 1061 950 
3 766 650 712 
3 1061 1147 1036 
3 672 712 599 
3 1147 1230 1120 
3 1210 1230 1315 
3 1408 1297 1315 
3 555 640 672 
3 1497 1393 1408 
3 604 640 505 
3 483 575 604 
3 556 575 449 
3 424 544 556 
3 399 526 544 
3 393 516 526 
3 516 510 629 
3 2466 2468 2581 
3 2370 2468 2366 
3 2581 2705 2579 
3 2370 2263 2267 
3 2162 2167 2267 
3 2070 2167 2066 
3 2710 2705 2805 
3 1960 1965 2070 
3 1857 1965 1854 
3 1749 1857 1752 
3 2878 2821 2805 
3 1025 1128 1026 
3 926 924 1026 
3 818 926 825 
3 1128 1125 1231 
3 1227 1338 1231 
3 725 825 728 
3 1439 1338 1332 
3 1438 1544 1439 
3 1544 1541 1644 
3 728 625 624 
3 1644 1643 1749 
3 510 511 625 
3 2878 2911 2889 
3 2972 2943 2974 
3 2957 2928 2972 
3 2949 2971 2974 
3 2964 2971 2947 
3 2935 2968 2964 
3 2968 2939 2958 
3 2918 2931 2958 
3 2889 2911 2931 
3 2957 2945 2879 
3 2133 2094 2017 
3 1990 1909 2017 
3 1806 1909 1889 
3 1788 1701 1806 
3 1687 1600 1701 
3 1600 1583 1497 
3 2208 2094 2133 
3 2430 2563 2510 
3 2726 2665 2563 
3 2852 2808 2726 
3 2390 2314 2430 
3 2924 2852 2945 
3 2314 2184 2208 
3 890 863 775 
3 950 863 972 
3 821 775 705 
3 705 650 766 
3 1061 1036 950 
3 712 650 599 
3 1036 1147 1120 
3 672 599 555 
3 1120 1230 1210 
3 1315 1297 1210 
3 1408 1393 1297 
3 505 640 555 
3 1497 1478 1393 
3 483 604 505 
3 449 575 483 
3 449 424 556 
3 424 399 544 
3 393 526 399 
3 389 516 393 
3 389 510 516 
3 2468 2574 2581 
3 2370 2471 2468 
3 2581 2703 2705 
3 2267 2373 2370 
3 2167 2270 2267 
3 2172 2167 2070 
3 2705 2786 2805 
3 1965 2073 2070 
3 1857 1967 1965 
3 1749 1855 1857 
3 2805 2860 2878 
3 1026 924 1025 
3 1025 1125 1128 
3 818 924 926 
3 818 825 725 
3 1125 1227 1231 
3 1332 1338 1227 
3 624 725 728 
3 1438 1439 1332 
3 1438 1541 1544 
3 1541 1643 1644 
3 625 511 624 
3 1643 1742 1749 
3 395 511 510 
3 2895 2911 2878 
3 2974 2983 2972 
3 2972 2978 2957 
3 2974 2971 2982 
3 2977 2971 2964 
3 2964 2968 2977 
3 2958 2969 2968 
3 2931 2954 2958 
3 2911 2930 2931 
3 2957 2978 2945 
3 2017 2094 1990 
3 1889 1909 1990 
3 1889 1788 1806 
3 1687 1701 1788 
3 1687 1583 1600 
3 1497 1583 1478 
3 2208 2184 2094 
3 2563 2665 2510 
3 2510 2390 2430 
3 2726 2808 2665 
3 2924 2808 2852 
3 2390 2271 2314 
3 2945 2973 2924 
3 2314 2271 2184 
3 775 863 748 
3 836 863 950 
3 775 664 705 
3 705 592 650 
3 950 1036 923 
3 599 650 534 
3 1120 1013 1036 
3 599 476 555 
3 1210 1102 1120 
3 1297 1195 1210 
3 1393 1281 1297 
3 505 555 412 
3 1478 1370 1393 
3 357 483 505 
3 483 319 449 
3 449 283 424 
3 260 399 424 
3 393 399 251 
3 252 389 393 
3 395 510 389 
3 2574 2703 2581 
3 2471 2574 2468 
3 2373 2471 2370 
3 2703 2786 2705 
3 2270 2373 2267 
3 2172 2270 2167 
3 2073 2172 2070 
3 2805 2786 2860 
3 1967 2073 1965 
3 1855 1967 1857 
3 1749 1742 1855 
3 2878 2860 2895 
3 1025 924 918 
3 1025 1022 1125 
3 814 924 818 
3 725 723 818 
3 1124 1227 1125 
3 1332 1227 1226 
3 624 623 725 
3 1332 1329 1438 
3 1435 1541 1438 
3 1539 1643 1541 
3 511 517 624 
3 1640 1742 1643 
3 400 511 395 
3 2895 2913 2911 
3 2972 2983 2978 
3 2982 2983 2974 
3 2982 2971 2977 
3 2968 2969 2977 
3 2958 2954 2969 
3 2931 2930 2954 
3 2911 2913 2930 
3 2978 2973 2945 
3 2094 2078 1990 
3 1990 1978 1889 
3 1889 1874 1788 
3 1776 1687 1788 
3 1673 1583 1687 
3 1478 1583 1566 
3 2184 2078 2094 
3 2665 2489 2510 
3 2510 2489 2390 
3 2808 2759 2665 
3 2892 2808 2924 
3 2390 2347 2271 
3 2973 2965 2924 
3 2271 2170 2184 
3 748 863 836 
3 748 664 775 
3 836 950 923 
3 705 664 592 
3 650 592 534 
3 1036 1013 923 
3 599 534 476 
3 1120 1102 1013 
3 555 476 412 
3 1195 1102 1210 
3 1297 1281 1195 
3 1393 1370 1281 
3 412 357 505 
3 1478 1457 1370 
3 357 319 483 
3 319 283 449 
3 424 283 260 
3 251 399 260 
3 251 252 393 
3 252 255 389 
3 389 255 395 
3 2574 2699 2703 
3 2578 2574 2471 
3 2479 2471 2373 
3 2778 2786 2703 
3 2270 2377 2373 
3 2275 2270 2172 
3 2073 2175 2172 
3 2860 2786 2836 
3 1967 2072 2073 
3 1855 1962 1967 
3 1742 1843 1855 
3 2860 2877 2895 
3 918 924 814 
3 918 1022 1025 
3 1022 1124 1125 
3 723 814 818 
3 725 623 723 
3 1226 1227 1124 
3 1226 1329 1332 
3 517 623 624 
3 1438 1329 1435 
3 1435 1539 1541 
3 1640 1643 1539 
3 400 517 511 
3 1640 1739 1742 
3 395 267 400 
3 2895 2894 2913 
3 2983 2985 2978 
3 2982 2981 2983 
3 2977 2975 2982 
3 2977 2969 2975 
3 2969 2954 2962 
3 2930 2946 2954 
3 2913 2925 2930 
3 2978 2985 2973 
3 1990 2078 1978 
3 1978 1874 1889 
3 1788 1874 1776 
3 1776 1673 1687 
3 1566 1583 1673 
3 1566 1457 1478 
3 2184 2170 2078 
3 2665 2588 2489 
3 2489 2347 2390 
3 2665 2759 2588 
3 2892 2759 2808 
3 2924 2965 2892 
3 2347 2230 2271 
3 2984 2965 2973 
3 2271 2230 2170 
3 836 720 748 
3 748 636 664 
3 923 804 836 
3 592 664 552 
3 534 592 470 
3 923 1013 898 
3 476 534 384 
3 1013 1102 988 
3 476 321 412 
3 1195 1081 1102 
3 1281 1168 1195 
3 1281 1370 1257 
3 412 254 357 
3 1370 1457 1345 
3 210 319 357 
3 319 178 283 
3 260 283 158 
3 260 149 251 
3 251 150 252 
3 252 159 255 
3 255 267 395 
3 2703 2699 2778 
3 2578 2699 2574 
3 2578 2471 2479 
3 2373 2377 2479 
3 2836 2786 2778 
3 2275 2377 2270 
3 2172 2175 2275 
3 2072 2175 2073 
3 2836 2877 2860 
3 1962 2072 1967 
3 1843 1962 1855 
3 1739 1843 1742 
3 2877 2894 2895 
3 814 811 918 
3 919 1022 918 
3 1022 1024 1124 
3 723 721 814 
3 723 623 622 
3 1226 1124 1126 
3 1229 1329 1226 
3 523 623 517 
3 1329 1330 1435 
3 1434 1539 1435 
3 1539 1537 1640 
3 408 517 400 
3 1640 1639 1739 
3 267 286 400 
3 2894 2906 2913 
3 2983 2981 2985 
3 2975 2981 2982 
3 2969 2962 2975 
3 2954 2946 2962 
3 2930 2925 2946 
3 2913 2906 2925 
3 2985 2984 2973 
3 2078 2071 1978 
3 1978 1961 1874 
3 1776 1874 1856 
3 1776 1756 1673 
3 1673 1645 1566 
3 1566 1536 1457 
3 2170 2071 2078 
3 2588 2434 2489 
3 2489 2434 2347 
3 2588 2759 2700 
3 2892 2837 2759 
3 2892 2965 2955 
3 2300 2230 2347 
3 2984 2980 2965 
3 2170 2230 2178 
3 720 636 748 
3 836 804 720 
3 664 636 552 
3 898 804 923 
3 592 552 470 
3 534 470 384 
3 1013 988 898 
3 384 321 476 
3 1102 1081 988 
3 412 321 254 
3 1195 1168 1081 
3 1257 1168 1281 
3 1257 1370 1345 
3 254 210 357 
3 1457 1424 1345 
3 210 178 319 
3 283 178 158 
3 158 149 260 
3 149 150 251 
3 150 159 252 
3 255 159 167 
3 255 167 267 
3 2778 2699 2764 
3 2578 2682 2699 
3 2575 2578 2479 
3 2479 2377 2484 
3 2778 2819 2836 
3 2380 2377 2275 
3 2175 2277 2275 
3 2072 2174 2175 
3 2836 2856 2877 
3 1962 2069 2072 
3 1843 1955 1962 
3 1739 1836 1843 
3 2876 2894 2877 
3 811 919 918 
3 814 721 811 
3 919 1024 1022 
3 1124 1024 1126 
3 723 622 721 
3 622 623 523 
3 1229 1226 1126 
3 1229 1330 1329 
3 523 517 408 
3 1330 1434 1435 
3 1434 1537 1539 
3 1537 1639 1640 
3 286 408 400 
3 1639 1736 1739 
3 267 189 286 
3 2894 2887 2906 
3 2981 2979 2985 
3 2975 2970 2981 
3 2975 2962 2970 
3 2962 2946 2960 
3 2925 2938 2946 
3 2925 2906 2920 
3 2985 2979 2984 
3 2071 1961 1978 
3 1874 1961 1856 
3 1856 1756 1776 
3 1756 1645 1673 
3 1645 1536 1566 
3 1536 1424 1457 
3 2178 2071 2170 
3 2524 2434 2588 
3 2347 2434 2300 
3 2759 2837 2700 
3 2524 2588 2700 
3 2955 2837 2892 
3 2965 2980 2955 
3 2178 2230 2300 
3 2984 2976 2980 
3 606 636 720 
3 720 804 697 
3 552 636 504 
3 786 804 898 
3 470 552 405 
3 384 470 316 
3 898 988 874 
3 384 242 321 
3 988 1081 971 
3 321 190 254 
3 1081 1168 1062 
3 1257 1154 1168 
3 1345 1235 1257 
3 254 142 210 
3 1345 1424 1317 
3 104 178 210 
3 158 178 83 
3 54 149 158 
3 149 69 150 
3 89 159 150 
3 167 159 102 
3 167 189 267 
3 2699 2682 2764 
3 2764 2819 2778 
3 2575 2682 2578 
3 2484 2575 2479 
3 2484 2377 2380 
3 2819 2856 2836 
3 2275 2277 2380 
3 2174 2277 2175 
3 2069 2174 2072 
3 2877 2856 2876 
3 1955 2069 1962 
3 1836 1955 1843 
3 1736 1836 1739 
3 2876 2887 2894 
3 811 812 919 
3 811 721 714 
3 919 925 1024 
3 1126 1024 1030 
3 622 621 721 
3 523 530 622 
3 1126 1131 1229 
3 1232 1330 1229 
3 408 430 523 
3 1330 1333 1434 
3 1432 1537 1434 
3 1535 1639 1537 
3 286 315 408 
3 1637 1736 1639 
3 286 189 221 
3 2887 2899 2906 
3 2981 2970 2979 
3 2962 2960 2970 
3 2946 2938 2960 
3 2920 2938 2925 
3 2906 2899 2920 
3 2979 2976 2984 
3 2071 2057 1961 
3 1961 1934 1856 
3 1856 1830 1756 
3 1756 1730 1645 
3 1645 1625 1536 
3 1517 1424 1536 
3 2178 2057 2071 
3 2524 2395 2434 
3 2434 2395 2300 
3 2837 2781 2700 
3 2700 2639 2524 
3 2904 2837 2955 
3 2980 2963 2955 
3 2300 2165 2178 
3 2976 2966 2980 
3 606 720 697 
3 504 636 606 
3 697 804 786 
3 552 504 405 
3 898 874 786 
3 470 405 316 
3 316 242 384 
3 874 988 971 
3 321 242 190 
3 971 1081 1062 
3 190 142 254 
3 1168 1154 1062 
3 1257 1235 1154 
3 1317 1235 1345 
3 210 142 104 
3 1424 1411 1317 
3 83 178 104 
3 158 83 54 
3 54 69 149 
3 69 89 150 
3 102 159 89 
3 102 117 167 
3 117 189 167 
3 2682 2752 2764 
3 2795 2819 2764 
3 2575 2666 2682 
3 2484 2569 2575 
3 2380 2483 2484 
3 2819 2834 2856 
3 2380 2277 2379 
3 2174 2273 2277 
3 2069 2166 2174 
3 2876 2856 2859 
3 2055 2069 1955 
3 1836 1935 1955 
3 1736 1832 1836 
3 2876 2870 2887 
3 812 925 919 
3 714 812 811 
3 721 621 714 
3 1024 925 1030 
3 1030 1131 1126 
3 530 621 622 
3 523 430 530 
3 1131 1232 1229 
3 1232 1333 1330 
3 408 315 430 
3 1434 1333 1432 
3 1432 1535 1537 
3 1637 1639 1535 
3 221 315 286 
3 1637 1734 1736 
3 221 189 146 
3 2887 2880 2899 
3 2970 2967 2979 
3 2970 2960 2967 
3 2960 2938 2953 
3 2920 2933 2938 
3 2899 2912 2920 
3 2979 2967 2976 
3 2057 1934 1961 
3 1934 1830 1856 
3 1756 1830 1730 
3 1730 1625 1645 
3 1536 1625 1517 
3 1517 1411 1424 
3 2178 2165 2057 
3 2524 2494 2395 
3 2395 2268 2300 
3 2700 2781 2639 
3 2904 2781 2837 
3 2639 2494 2524 
3 2955 2963 2904 
3 2966 2963 2980 
3 2300 2268 2165 
3 2976 2961 2966 
3 697 584 606 
3 489 504 606 
3 697 786 682 
3 504 366 405 
3 786 874 770 
3 316 405 256 
3 184 242 316 
3 874 971 866 
3 242 133 190 
3 1062 960 971 
3 190 105 142 
3 1154 1048 1062 
3 1154 1235 1129 
3 1216 1235 1317 
3 142 63 104 
3 1411 1305 1317 
3 41 83 104 
3 83 16 54 
3 54 13 69 
3 69 42 89 
3 61 102 89 
3 102 77 117 
3 146 189 117 
3 2764 2752 2795 
3 2666 2752 2682 
3 2795 2834 2819 
3 2569 2666 2575 
3 2484 2483 2569 
3 2379 2483 2380 
3 2856 2834 2859 
3 2277 2273 2379 
3 2166 2273 2174 
3 2055 2166 2069 
3 2859 2870 2876 
3 1955 1935 2055 
3 1836 1832 1935 
3 1734 1832 1736 
3 2870 2880 2887 
3 812 823 925 
3 714 718 812 
3 714 621 626 
3 1030 925 937 
3 1030 1040 1131 
3 537 621 530 
3 430 441 530 
3 1131 1139 1232 
3 1232 1234 1333 
3 430 315 340 
3 1432 1333 1334 
3 1433 1535 1432 
3 1532 1637 1535 
3 221 249 315 
3 1636 1734 1637 
3 146 182 221 
3 2880 2893 2899 
3 2960 2953 2967 
3 2938 2933 2953 
3 2920 2912 2933 
3 2899 2893 2912 
3 2967 2961 2976 
3 2057 2033 1934 
3 1921 1830 1934 
3 1730 1830 1815 
3 1730 1712 1625 
3 1625 1606 1517 
3 1499 1411 1517 
3 2165 2033 2057 
3 2494 2367 2395 
3 2395 2367 2268 
3 2781 2744 2639 
3 2904 2864 2781 
3 2639 2599 2494 
3 2904 2963 2937 
3 2950 2963 2966 
3 2268 2140 2165 
3 2961 2952 2966 
3 606 584 489 
3 682 584 697 
3 489 366 504 
3 786 770 682 
3 405 366 256 
3 874 866 770 
3 316 256 184 
3 184 133 242 
3 971 960 866 
3 133 105 190 
3 1062 1048 960 
3 105 63 142 
3 1129 1048 1154 
3 1129 1235 1216 
3 1317 1305 1216 
3 104 63 41 
3 1411 1396 1305 
3 41 16 83 
3 16 13 54 
3 69 13 42 
3 42 61 89 
3 61 77 102 
3 117 77 101 
3 101 146 117 
3 2795 2752 2774 
3 2666 2722 2752 
3 2813 2834 2795 
3 2648 2666 2569 
3 2569 2483 2480 
3 2480 2483 2379 
3 2834 2839 2859 
3 2379 2273 2374 
3 2264 2273 2166 
3 2154 2166 2055 
3 2859 2854 2870 
3 1935 2039 2055 
3 1832 1927 1935 
3 1828 1832 1734 
3 2870 2866 2880 
3 925 823 937 
3 718 823 812 
3 714 626 718 
3 626 621 537 
3 1030 937 1040 
3 1040 1139 1131 
3 530 441 537 
3 430 340 441 
3 1139 1234 1232 
3 1333 1234 1334 
3 315 249 340 
3 1334 1433 1432 
3 1532 1535 1433 
3 1636 1637 1532 
3 182 249 221 
3 1636 1732 1734 
3 146 131 182 
3 2880 2874 2893 
3 2967 2953 2961 
3 2953 2933 2941 
3 2933 2912 2921 
3 2912 2893 2901 
3 1934 2033 1921 
3 1815 1830 1921 
3 1730 1815 1712 
3 1712 1606 1625 
3 1517 1606 1499 
3 1499 1396 1411 
3 2165 2140 2033 
3 2452 2367 2494 
3 2367 2244 2268 
3 2639 2744 2599 
3 2864 2744 2781 
3 2937 2864 2904 
3 2494 2599 2452 
3 2937 2963 2950 
3 2952 2950 2966 
3 2268 2244 2140 
3 2961 2941 2952 
3 584 469 489 
3 570 584 682 
3 345 366 489 
3 770 666 682 
3 366 232 256 
3 770 866 765 
3 256 155 184 
3 184 90 133 
3 866 960 858 
3 133 48 105 
3 960 1048 947 
3 105 48 63 
3 1028 1048 1129 
3 1129 1216 1112 
3 1216 1305 1198 
3 63 36 41 
3 1396 1291 1305 
3 41 28 16 
3 11 13 16 
3 42 13 15 
3 34 61 42 
3 50 77 61 
3 101 77 70 
3 101 131 146 
3 2752 2722 2774 
3 2813 2795 2774 
3 2648 2722 2666 
3 2813 2839 2834 
3 2546 2648 2569 
3 2546 2569 2480 
3 2480 2379 2374 
3 2839 2854 2859 
3 2374 2273 2264 
3 2264 2166 2154 
3 2039 2154 2055 
3 2854 2866 2870 
3 1935 1927 2039 
3 1828 1927 1832 
3 1734 1732 1828 
3 2866 2874 2880 
3 823 849 937 
3 734 823 718 
3 718 626 637 
3 626 537 546 
3 937 953 1040 
3 1040 1057 1139 
3 441 459 537 
3 340 364 441 
3 1139 1142 1234 
3 1334 1234 1233 
3 249 284 340 
3 1337 1433 1334 
3 1433 1437 1532 
3 1538 1636 1532 
3 225 249 182 
3 1638 1732 1636 
3 131 164 182 
3 2893 2874 2882 
3 2961 2953 2941 
3 2933 2921 2941 
3 2912 2901 2921 
3 2893 2882 2901 
3 1921 2033 2013 
3 1921 1905 1815 
3 1815 1795 1712 
3 1712 1692 1606 
3 1606 1590 1499 
3 1499 1490 1396 
3 2033 2140 2013 
3 2452 2337 2367 
3 2367 2337 2244 
3 2599 2744 2708 
3 2832 2744 2864 
3 2937 2909 2864 
3 2599 2550 2452 
3 2950 2909 2937 
3 2952 2927 2950 
3 2244 2114 2140 
3 2952 2941 2929 
3 489 469 345 
3 570 469 584 
3 682 666 570 
3 345 232 366 
3 770 765 666 
3 256 232 155 
3 866 858 765 
3 184 155 90 
3 90 48 133 
3 960 947 858 
3 947 1048 1028 
3 48 36 63 
3 1129 1112 1028 
3 1216 1198 1112 
3 1305 1291 1198 
3 41 36 28 
3 1383 1291 1396 
3 28 11 16 
3 15 13 11 
3 34 42 15 
3 50 61 34 
3 70 77 50 
3 70 95 101 
3 95 131 101 
3 2774 2722 2749 
3 2774 2785 2813 
3 2648 2694 2722 
3 2813 2822 2839 
3 2546 2620 2648 
3 2480 2451 2546 
3 2374 2451 2480 
3 2839 2838 2854 
3 2264 2357 2374 
3 2154 2243 2264 
3 2039 2131 2154 
3 2854 2849 2866 
3 2039 1927 2020 
3 1828 1916 1927 
3 1732 1824 1828 
3 2866 2862 2874 
3 937 849 953 
3 734 849 823 
3 637 734 718 
3 637 626 546 
3 537 459 546 
3 1040 953 1057 
3 1057 1142 1139 
3 441 364 459 
3 284 364 340 
3 1234 1142 1233 
3 1233 1337 1334 
3 225 284 249 
3 1337 1437 1433 
3 1437 1538 1532 
3 1538 1638 1636 
3 182 164 225 
3 1735 1732 1638 
3 125 164 131 
3 2874 2867 2882 
3 2941 2921 2929 
3 2921 2901 2908 
3 2901 2882 2888 
3 2013 1905 1921 
3 1815 1905 1795 
3 1795 1692 1712 
3 1692 1590 1606 
3 1590 1490 1499 
3 1396 1490 1383 
3 2140 2114 2013 
3 2424 2337 2452 
3 2244 2337 2214 
3 2708 2744 2832 
3 2708 2550 2599 
3 2864 2909 2832 
3 2452 2550 2424 
3 2927 2909 2950 
3 2929 2927 2952 
3 2214 2114 2244 
3 469 326 345 
3 458 469 570 
3 666 560 570 
3 345 222 232 
3 765 658 666 
3 232 143 155 
3 858 756 765 
3 90 155 76 
3 90 45 48 
3 947 852 858 
3 1028 939 947 
3 45 36 48 
3 1112 1009 1028 
3 1198 1086 1112 
3 1291 1175 1198 
3 28 36 40 
3 1270 1291 1383 
3 28 23 11 
3 11 10 15 
3 15 18 34 
3 34 35 50 
3 50 56 70 
3 70 80 95 
3 95 125 131 
3 2722 2694 2749 
3 2749 2785 2774 
3 2785 2822 2813 
3 2620 2694 2648 
3 2822 2838 2839 
3 2517 2620 2546 
3 2451 2517 2546 
3 2374 2357 2451 
3 2838 2849 2854 
3 2243 2357 2264 
3 2154 2131 2243 
3 2020 2131 2039 
3 2849 2862 2866 
3 1927 1916 2020 
3 1824 1916 1828 
3 1735 1824 1732 
3 2874 2862 2867 
3 953 849 865 
3 763 849 734 
3 637 655 734 
3 546 561 637 
3 459 481 546 
3 953 974 1057 
3 1057 1108 1142 
3 459 364 396 
3 323 364 284 
3 1142 1108 1233 
3 1233 1228 1337 
3 258 284 225 
3 1340 1437 1337 
3 1437 1444 1538 
3 1543 1638 1538 
3 225 164 213 
3 1735 1638 1641 
3 160 164 125 
3 2882 2867 2869 
3 2921 2908 2929 
3 2901 2888 2908 
3 2882 2869 2888 
3 2013 1995 1905 
3 1905 1888 1795 
3 1795 1785 1692 
3 1682 1590 1692 
3 1590 1578 1490 
3 1490 1469 1383 
3 2114 1995 2013 
3 2303 2337 2424 
3 2214 2337 2303 
3 2832 2803 2708 
3 2708 2671 2550 
3 2832 2909 2803 
3 2424 2550 2519 
3 2881 2909 2927 
3 2929 2905 2927 
3 2214 2093 2114 
3 345 326 222 
3 458 326 469 
3 570 560 458 
3 666 658 560 
3 232 222 143 
3 765 756 658 
3 155 143 76 
3 852 756 858 
3 76 45 90 
3 947 939 852 
3 1028 1009 939 
3 40 36 45 
3 1112 1086 1009 
3 1198 1175 1086 
3 1270 1175 1291 
3 40 23 28 
3 1383 1360 1270 
3 23 10 11 
3 10 18 15 
3 34 18 35 
3 35 56 50 
3 70 56 80 
3 80 99 95 
3 95 99 125 
3 2694 2718 2749 
3 2763 2785 2749 
3 2785 2794 2822 
3 2620 2653 2694 
3 2825 2838 2822 
3 2517 2565 2620 
3 2451 2416 2517 
3 2357 2416 2451 
3 2838 2835 2849 
3 2243 2320 2357 
3 2243 2131 2210 
3 2020 2101 2131 
3 2844 2862 2849 
3 2020 1916 1997 
3 1901 1916 1824 
3 1845 1824 1735 
3 2867 2862 2846 
3 865 849 763 
3 865 974 953 
3 734 655 763 
3 637 561 655 
3 546 481 561 
3 396 481 459 
3 1057 974 1108 
3 396 364 323 
3 323 284 258 
3 1233 1108 1228 
3 1337 1228 1340 
3 225 213 258 
3 1340 1444 1437 
3 1444 1543 1538 
3 1641 1638 1543 
3 213 164 160 
3 1641 1741 1735 
3 124 160 125 
3 2867 2845 2869 
3 2929 2908 2905 
3 2908 2888 2884 
3 2888 2869 2857 
3 1995 1888 1905 
3 1888 1785 1795 
3 1692 1785 1682 
3 1682 1578 1590 
3 1578 1469 1490 
3 1469 1360 1383 
3 2114 2093 1995 
3 2424 2398 2303 
3 2303 2187 2214 
3 2803 2671 2708 
3 2550 2671 2519 
3 2803 2909 2881 
3 2519 2398 2424 
3 2927 2905 2881 
3 2187 2093 2214 
3 222 326 217 
3 320 326 458 
3 458 560 445 
3 560 658 554 
3 222 138 143 
3 658 756 649 
3 76 143 84 
3 747 756 852 
3 51 45 76 
3 939 851 852 
3 1009 954 939 
3 40 45 51 
3 1086 951 1009 
3 1086 1175 1056 
3 1270 1156 1175 
3 37 23 40 
3 1270 1360 1247 
3 19 10 23 
3 14 18 10 
3 18 27 35 
3 46 56 35 
3 80 56 68 
3 80 88 99 
3 125 99 124 
3 2749 2718 2763 
3 2653 2718 2694 
3 2763 2794 2785 
3 2822 2794 2825 
3 2565 2653 2620 
3 2825 2835 2838 
3 2481 2565 2517 
3 2517 2416 2481 
3 2320 2416 2357 
3 2849 2835 2844 
3 2210 2320 2243 
3 2131 2101 2210 
3 1997 2101 2020 
3 2846 2862 2844 
3 1997 1916 1901 
3 1901 1824 1845 
3 1735 1741 1845 
3 2846 2845 2867 
3 763 784 865 
3 892 974 865 
3 655 685 763 
3 561 589 655 
3 481 499 561 
3 396 435 481 
3 1108 974 1012 
3 323 352 396 
3 258 292 323 
3 1228 1108 1127 
3 1228 1241 1340 
3 213 244 258 
3 1347 1444 1340 
3 1450 1543 1444 
3 1543 1553 1641 
3 160 198 213 
3 1653 1741 1641 
3 124 157 160 
3 2869 2845 2831 
3 2905 2908 2884 
3 2888 2857 2884 
3 2869 2831 2857 
3 1984 1888 1995 
3 1888 1878 1785 
3 1682 1785 1773 
3 1682 1666 1578 
3 1578 1562 1469 
3 1451 1360 1469 
3 1995 2093 1984 
3 2398 2286 2303 
3 2303 2286 2187 
3 2803 2772 2671 
3 2519 2671 2636 
3 2881 2772 2803 
3 2519 2495 2398 
3 2905 2841 2881 
3 2079 2093 2187 
3 217 326 320 
3 217 138 222 
3 445 320 458 
3 560 554 445 
3 658 649 554 
3 143 138 84 
3 649 756 747 
3 76 84 51 
3 852 851 747 
3 939 954 851 
3 1009 951 954 
3 51 37 40 
3 1056 951 1086 
3 1175 1156 1056 
3 1247 1156 1270 
3 37 19 23 
3 1247 1360 1339 
3 14 10 19 
3 14 27 18 
3 35 27 46 
3 68 56 46 
3 68 88 80 
3 99 88 107 
3 124 99 107 
3 2718 2734 2763 
3 2653 2670 2718 
3 2763 2773 2794 
3 2794 2799 2825 
3 2604 2653 2565 
3 2816 2835 2825 
3 2481 2511 2565 
3 2416 2378 2481 
3 2320 2378 2416 
3 2835 2828 2844 
3 2285 2320 2210 
3 2101 2182 2210 
3 1997 2082 2101 
3 2844 2830 2846 
3 1901 1980 1997 
3 1845 1980 1901 
3 1845 1741 1848 
3 2846 2823 2845 
3 784 892 865 
3 763 685 784 
3 1012 974 892 
3 655 589 685 
3 499 589 561 
3 435 499 481 
3 352 435 396 
3 1127 1108 1012 
3 323 292 352 
3 258 244 292 
3 1228 1127 1241 
3 1340 1241 1347 
3 198 244 213 
3 1347 1450 1444 
3 1450 1553 1543 
3 1641 1553 1653 
3 160 157 198 
3 1653 1755 1741 
3 124 127 157 
3 2845 2797 2831 
3 2905 2884 2841 
3 2884 2857 2810 
3 2857 2831 2782 
3 1984 1878 1888 
3 1785 1878 1773 
3 1773 1666 1682 
3 1666 1562 1578 
3 1469 1562 1451 
3 1339 1360 1451 
3 1984 2093 2079 
3 2398 2376 2286 
3 2286 2176 2187 
3 2671 2772 2636 
3 2636 2495 2519 
3 2841 2772 2881 
3 2398 2495 2376 
3 2187 2176 2079 
3 320 212 217 
3 137 138 217 
3 445 312 320 
3 554 438 445 
3 649 550 554 
3 138 78 84 
3 747 646 649 
3 84 49 51 
3 747 851 742 
3 851 954 850 
3 954 951 850 
3 51 49 37 
3 942 951 1056 
3 1056 1156 1041 
3 1137 1156 1247 
3 29 19 37 
3 1339 1225 1247 
3 14 19 20 
3 22 27 14 
3 46 27 33 
3 46 53 68 
3 71 88 68 
3 88 92 107 
3 107 127 124 
3 2734 2773 2763 
3 2670 2734 2718 
3 2604 2670 2653 
3 2773 2799 2794 
3 2825 2799 2816 
3 2565 2511 2604 
3 2816 2828 2835 
3 2427 2511 2481 
3 2481 2378 2427 
3 2285 2378 2320 
3 2844 2828 2830 
3 2182 2285 2210 
3 2101 2082 2182 
3 1980 2082 1997 
3 2830 2823 2846 
3 1845 1964 1980 
3 1741 1755 1848 
3 1848 1964 1845 
3 2845 2823 2797 
3 784 816 892 
3 685 719 784 
3 892 928 1012 
3 685 589 628 
3 547 589 499 
3 435 464 499 
3 352 385 435 
3 1012 1039 1127 
3 292 333 352 
3 244 278 292 
3 1127 1144 1241 
3 1241 1249 1347 
3 198 235 244 
3 1347 1355 1450 
3 1458 1553 1450 
3 1653 1553 1561 
3 157 194 198 
3 1660 1755 1653 
3 157 127 161 
3 2831 2797 2756 
3 2884 2810 2841 
3 2810 2857 2782 
3 2831 2756 2782 
3 1984 1971 1878 
3 1773 1878 1866 
3 1754 1666 1773 
3 1642 1562 1666 
3 1562 1530 1451 
3 1451 1423 1339 
3 2079 1971 1984 
3 2286 2376 2265 
3 2286 2265 2176 
3 2772 2740 2636 
3 2636 2605 2495 
3 2841 2740 2772 
3 2495 2469 2376 
3 2176 2065 2079 
3 217 212 137 
3 320 312 212 
3 137 78 138 
3 445 438 312 
3 554 550 438 
3 649 646 550 
3 78 49 84 
3 747 742 646 
3 742 851 850 
3 850 951 838 
3 37 49 29 
3 1056 1041 942 
3 838 951 942 
3 1041 1156 1137 
3 1247 1225 1137 
3 20 19 29 
3 1339 1319 1225 
3 20 22 14 
3 33 27 22 
3 33 53 46 
3 53 71 68 
3 71 92 88 
3 92 113 107 
3 113 127 107 
3 2734 2745 2773 
3 2670 2695 2734 
3 2604 2623 2670 
3 2773 2775 2799 
3 2799 2789 2816 
3 2511 2543 2604 
3 2802 2828 2816 
3 2427 2476 2511 
3 2427 2378 2340 
3 2340 2378 2285 
3 2830 2828 2798 
3 2182 2255 2285 
3 2182 2082 2160 
3 2068 2082 1980 
3 2830 2787 2823 
3 1964 2068 1980 
3 1848 1755 1853 
3 1954 1964 1848 
3 2823 2766 2797 
3 892 816 928 
3 784 719 816 
3 628 719 685 
3 1012 928 1039 
3 628 589 547 
3 499 464 547 
3 435 385 464 
3 333 385 352 
3 1039 1144 1127 
3 278 333 292 
3 235 278 244 
3 1144 1249 1241 
3 1347 1249 1355 
3 194 235 198 
3 1450 1355 1458 
3 1561 1553 1458 
3 1561 1660 1653 
3 161 194 157 
3 1759 1755 1660 
3 127 134 161 
3 2797 2720 2756 
3 2841 2810 2740 
3 2706 2810 2782 
3 2782 2756 2667 
3 1878 1971 1866 
3 1866 1754 1773 
3 1642 1666 1754 
3 1642 1530 1562 
3 1530 1423 1451 
3 1339 1423 1319 
3 2079 2065 1971 
3 2376 2354 2265 
3 2265 2153 2176 
3 2740 2605 2636 
3 2605 2469 2495 
3 2376 2469 2354 
3 2153 2065 2176 
3 212 136 137 
3 312 207 212 
3 93 78 137 
3 438 302 312 
3 550 433 438 
3 646 543 550 
3 78 47 49 
3 646 742 641 
3 742 850 736 
3 850 838 736 
3 49 47 29 
3 1041 934 942 
3 942 832 838 
3 1137 1027 1041 
3 1137 1225 1121 
3 29 32 20 
3 1225 1319 1217 
3 20 24 22 
3 22 25 33 
3 33 44 53 
3 53 67 71 
3 86 92 71 
3 98 113 92 
3 113 134 127 
3 2745 2775 2773 
3 2695 2745 2734 
3 2623 2695 2670 
3 2543 2623 2604 
3 2775 2789 2799 
3 2816 2789 2802 
3 2476 2543 2511 
3 2798 2828 2802 
3 2393 2476 2427 
3 2340 2393 2427 
3 2285 2255 2340 
3 2798 2787 2830 
3 2160 2255 2182 
3 2160 2082 2068 
3 2823 2787 2766 
3 2046 2068 1964 
3 1853 1755 1759 
3 1853 1954 1848 
3 2046 1964 1954 
3 2797 2766 2720 
3 816 856 928 
3 719 758 816 
3 628 663 719 
3 928 955 1039 
3 547 582 628 
3 464 498 547 
3 385 419 464 
3 333 419 385 
3 1039 1054 1144 
3 278 325 333 
3 235 266 278 
3 1158 1249 1144 
3 1355 1249 1256 
3 227 235 194 
3 1355 1361 1458 
3 1458 1465 1561 
3 1564 1660 1561 
3 161 193 194 
3 1759 1660 1664 
3 161 134 166 
3 2756 2720 2635 
3 2740 2810 2706 
3 2782 2667 2706 
3 2756 2635 2667 
3 1866 1971 1941 
3 1866 1834 1754 
3 1754 1728 1642 
3 1642 1623 1530 
3 1518 1423 1530 
3 1319 1423 1416 
3 1971 2065 1941 
3 2265 2354 2240 
3 2265 2240 2153 
3 2706 2605 2740 
3 2605 2561 2469 
3 2469 2438 2354 
3 2035 2065 2153 
3 137 136 93 
3 212 207 136 
3 312 302 207 
3 93 47 78 
3 433 302 438 
3 550 543 433 
3 646 641 543 
3 742 736 641 
3 838 730 736 
3 29 47 32 
3 934 832 942 
3 1041 1027 934 
3 838 832 730 
3 1121 1027 1137 
3 1225 1217 1121 
3 32 24 20 
3 1217 1319 1310 
3 22 24 25 
3 25 44 33 
3 44 67 53 
3 67 86 71 
3 86 98 92 
3 123 113 98 
3 123 134 113 
3 2747 2775 2745 
3 2695 2707 2745 
3 2623 2650 2695 
3 2543 2580 2623 
3 2768 2789 2775 
3 2802 2789 2776 
3 2476 2507 2543 
3 2802 2777 2798 
3 2393 2433 2476 
3 2340 2302 2393 
3 2255 2302 2340 
3 2760 2787 2798 
3 2233 2255 2160 
3 2160 2068 2142 
3 2787 2729 2766 
3 2142 2068 2046 
3 1759 1859 1853 
3 1853 1951 1954 
3 1954 2042 2046 
3 2766 2676 2720 
3 928 856 955 
3 816 758 856 
3 663 758 719 
3 628 582 663 
3 955 1054 1039 
3 547 498 582 
3 464 419 498 
3 325 419 333 
3 1144 1054 1158 
3 278 266 325 
3 227 266 235 
3 1256 1249 1158 
3 1355 1256 1361 
3 194 193 227 
3 1458 1361 1465 
3 1561 1465 1564 
3 1664 1660 1564 
3 161 166 193 
3 1664 1761 1759 
3 166 134 154 
3 2720 2598 2635 
3 2706 2667 2561 
3 2667 2635 2528 
3 1941 1834 1866 
3 1834 1728 1754 
3 1728 1623 1642 
3 1530 1623 1518 
3 1416 1423 1518 
3 1310 1319 1416 
3 1941 2065 2035 
3 2354 2325 2240 
3 2240 2123 2153 
3 2706 2561 2605 
3 2561 2438 2469 
3 2438 2325 2354 
3 2153 2123 2035 
3 136 130 93 
3 136 207 130 
3 207 302 197 
3 55 47 93 
3 290 302 433 
3 543 417 433 
3 641 533 543 
3 641 736 631 
3 736 730 631 
3 32 47 55 
3 934 817 832 
3 1027 920 934 
3 832 724 730 
3 1018 1027 1121 
3 1217 1113 1121 
3 39 24 32 
3 1310 1205 1217 
3 25 24 30 
3 38 44 25 
3 57 67 44 
3 75 86 67 
3 97 98 86 
3 98 122 123 
3 154 134 123 
3 2745 2707 2747 
3 2768 2775 2747 
3 2650 2707 2695 
3 2580 2650 2623 
3 2507 2580 2543 
3 2776 2789 2768 
3 2776 2777 2802 
3 2433 2507 2476 
3 2777 2760 2798 
3 2348 2433 2393 
3 2302 2348 2393 
3 2233 2302 2255 
3 2760 2729 2787 
3 2142 2233 2160 
3 2766 2729 2676 
3 2046 2136 2142 
3 1859 1951 1853 
3 1761 1859 1759 
3 1951 2042 1954 
3 2042 2136 2046 
3 2720 2676 2598 
3 856 870 955 
3 758 776 856 
3 689 758 663 
3 582 634 663 
3 955 966 1054 
3 582 498 558 
3 419 478 498 
3 325 382 419 
3 1158 1054 1065 
3 266 307 325 
3 227 253 266 
3 1158 1163 1256 
3 1256 1265 1361 
3 193 223 227 
3 1361 1365 1465 
3 1465 1467 1564 
3 1564 1567 1664 
3 166 195 193 
3 1665 1761 1664 
3 154 183 166 
3 2635 2598 2503 
3 2667 2528 2561 
3 2635 2503 2528 
3 1923 1834 1941 
3 1834 1816 1728 
3 1728 1711 1623 
3 1623 1607 1518 
3 1518 1502 1416 
3 1416 1400 1310 
3 1941 2035 1923 
3 2240 2325 2213 
3 2240 2213 2123 
3 2561 2528 2438 
3 2438 2410 2325 
3 2123 2010 2035 
3 130 73 93 
3 130 207 197 
3 197 302 290 
3 93 73 55 
3 433 417 290 
3 543 533 417 
3 641 631 533 
3 730 619 631 
3 55 39 32 
3 832 817 724 
3 934 920 817 
3 1018 920 1027 
3 730 724 619 
3 1121 1113 1018 
3 1217 1205 1113 
3 30 24 39 
3 1301 1205 1310 
3 30 38 25 
3 57 44 38 
3 57 75 67 
3 97 86 75 
3 97 122 98 
3 123 122 152 
3 152 154 123 
3 2747 2707 2719 
3 2747 2741 2768 
3 2672 2707 2650 
3 2615 2650 2580 
3 2507 2535 2580 
3 2768 2754 2776 
3 2776 2750 2777 
3 2433 2485 2507 
3 2777 2732 2760 
3 2348 2404 2433 
3 2233 2348 2302 
3 2697 2729 2760 
3 2142 2232 2233 
3 2676 2729 2633 
3 2136 2232 2142 
3 1859 1949 1951 
3 1761 1861 1859 
3 2040 2042 1951 
3 2042 2128 2136 
3 2676 2549 2598 
3 955 870 966 
3 856 776 870 
3 689 776 758 
3 663 634 689 
3 558 634 582 
3 1054 966 1065 
3 498 478 558 
3 382 478 419 
3 325 307 382 
3 1158 1065 1163 
3 266 253 307 
3 223 253 227 
3 1256 1163 1265 
3 1265 1365 1361 
3 195 223 193 
3 1365 1467 1465 
3 1467 1567 1564 
3 1664 1567 1665 
3 183 195 166 
3 1665 1763 1761 
3 154 180 183 
3 2598 2475 2503 
3 2528 2503 2410 
3 1923 1816 1834 
3 1816 1711 1728 
3 1711 1607 1623 
3 1607 1502 1518 
3 1416 1502 1400 
3 1400 1301 1310 
3 2035 2010 1923 
3 2213 2325 2299 
3 2123 2213 2096 
3 2528 2410 2438 
3 2325 2410 2299 
3 2096 2010 2123 
3 120 73 130 
3 130 197 120 
3 290 188 197 
3 55 73 39 
3 417 280 290 
3 533 404 417 
3 631 518 533 
3 631 619 518 
3 817 713 724 
3 920 806 817 
3 1018 909 920 
3 619 724 616 
3 1113 1010 1018 
3 1113 1205 1104 
3 39 58 30 
3 1197 1205 1301 
3 52 38 30 
3 38 66 57 
3 57 79 75 
3 75 96 97 
3 122 97 96 
3 152 122 173 
3 152 180 154 
3 2719 2707 2672 
3 2719 2741 2747 
3 2768 2741 2754 
3 2672 2650 2615 
3 2580 2535 2615 
3 2485 2535 2507 
3 2754 2750 2776 
3 2777 2750 2732 
3 2404 2485 2433 
3 2760 2732 2697 
3 2316 2404 2348 
3 2232 2348 2233 
3 2633 2729 2697 
3 2633 2549 2676 
3 2136 2219 2232 
3 1951 1949 2040 
3 1861 1949 1859 
3 1763 1861 1761 
3 2040 2128 2042 
3 2128 2219 2136 
3 2598 2549 2475 
3 870 881 966 
3 776 795 870 
3 689 709 776 
3 689 634 609 
3 609 634 558 
3 966 975 1065 
3 478 515 558 
3 439 478 382 
3 382 307 350 
3 1065 1069 1163 
3 307 253 288 
3 245 253 223 
3 1163 1166 1265 
3 1265 1269 1365 
3 195 224 223 
3 1365 1369 1467 
3 1468 1567 1467 
3 1567 1569 1665 
3 183 209 195 
3 1667 1763 1665 
3 180 215 183 
3 2503 2475 2389 
3 2503 2389 2410 
3 1923 1902 1816 
3 1816 1794 1711 
3 1711 1693 1607 
3 1595 1502 1607 
3 1400 1502 1496 
3 1400 1395 1301 
3 2010 1902 1923 
3 2299 2185 2213 
3 2213 2185 2096 
3 2410 2389 2299 
3 2096 1988 2010 
3 120 58 73 
3 197 188 120 
3 290 280 188 
3 73 58 39 
3 404 280 417 
3 533 518 404 
3 518 619 507 
3 724 713 616 
3 817 806 713 
3 920 909 806 
3 1010 909 1018 
3 507 619 616 
3 1113 1104 1010 
3 1104 1205 1197 
3 30 58 52 
3 1301 1293 1197 
3 52 66 38 
3 66 79 57 
3 79 96 75 
3 156 122 96 
3 173 122 156 
3 173 200 152 
3 200 180 152 
3 2672 2692 2719 
3 2719 2711 2741 
3 2741 2721 2754 
3 2615 2651 2672 
3 2615 2535 2591 
3 2462 2535 2485 
3 2754 2712 2750 
3 2750 2690 2732 
3 2404 2462 2485 
3 2732 2646 2697 
3 2232 2316 2348 
3 2316 2385 2404 
3 2697 2589 2633 
3 2513 2549 2633 
3 2219 2316 2232 
3 1949 2036 2040 
3 1861 1947 1949 
3 1862 1861 1763 
3 2040 2122 2128 
3 2128 2209 2219 
3 2549 2439 2475 
3 966 881 975 
3 870 795 881 
3 776 709 795 
3 609 709 689 
3 558 515 609 
3 1065 975 1069 
3 439 515 478 
3 439 382 350 
3 350 307 288 
3 1163 1069 1166 
3 288 253 245 
3 223 224 245 
3 1166 1269 1265 
3 1365 1269 1369 
3 209 224 195 
3 1467 1369 1468 
3 1468 1569 1567 
3 1665 1569 1667 
3 183 215 209 
3 1766 1763 1667 
3 233 215 180 
3 2389 2475 2365 
3 1902 1794 1816 
3 1794 1693 1711 
3 1607 1693 1595 
3 1496 1502 1595 
3 1496 1395 1400 
3 1301 1395 1293 
3 1988 1902 2010 
3 2299 2279 2185 
3 2185 2081 2096 
3 2389 2279 2299 
3 2096 2081 1988 
3 112 58 120 
3 188 112 120 
3 188 280 175 
3 404 274 280 
3 518 401 404 
3 507 401 518 
3 713 610 616 
3 806 698 713 
3 806 909 799 
3 901 909 1010 
3 616 512 507 
3 1010 1104 1002 
3 1197 1096 1104 
3 52 58 112 
3 1293 1193 1197 
3 109 66 52 
3 111 79 66 
3 79 128 96 
3 128 156 96 
3 230 173 156 
3 250 200 173 
3 200 233 180 
3 2719 2692 2711 
3 2672 2651 2692 
3 2711 2721 2741 
3 2721 2712 2754 
3 2591 2651 2615 
3 2591 2535 2512 
3 2512 2535 2462 
3 2712 2690 2750 
3 2732 2690 2646 
3 2385 2462 2404 
3 2646 2589 2697 
3 2296 2385 2316 
3 2633 2589 2513 
3 2513 2439 2549 
3 2219 2296 2316 
3 2036 2122 2040 
3 1947 2036 1949 
3 1862 1947 1861 
3 1862 1763 1766 
3 2122 2209 2128 
3 2209 2296 2219 
3 2475 2439 2365 
3 881 896 975 
3 795 810 881 
3 709 732 795 
3 609 645 709 
3 609 515 559 
3 1069 975 981 
3 480 515 439 
3 350 397 439 
3 288 327 350 
3 1166 1069 1076 
3 288 245 281 
3 245 224 248 
3 1166 1170 1269 
3 1269 1273 1369 
3 209 237 224 
3 1369 1371 1468 
3 1470 1569 1468 
3 1569 1571 1667 
3 209 215 239 
3 1667 1669 1766 
3 262 215 233 
3 2365 2279 2389 
3 1902 1885 1794 
3 1794 1781 1693 
3 1693 1685 1595 
3 1595 1587 1496 
3 1489 1395 1496 
3 1293 1395 1391 
3 1988 1885 1902 
3 2185 2279 2171 
3 2185 2171 2081 
3 2081 1974 1988 
3 188 175 112 
3 280 274 175 
3 404 401 274 
3 403 401 507 
3 616 610 512 
3 713 698 610 
3 806 799 698 
3 799 909 901 
3 1010 1002 901 
3 507 512 403 
3 1104 1096 1002 
3 1193 1096 1197 
3 112 109 52 
3 1293 1288 1193 
3 109 111 66 
3 111 128 79 
3 128 206 156 
3 156 206 230 
3 230 250 173 
3 250 279 200 
3 200 279 233 
3 2692 2680 2711 
3 2651 2664 2692 
3 2711 2688 2721 
3 2673 2712 2721 
3 2591 2632 2651 
3 2512 2571 2591 
3 2512 2462 2441 
3 2645 2690 2712 
3 2646 2690 2607 
3 2441 2462 2385 
3 2539 2589 2646 
3 2372 2385 2296 
3 2513 2589 2490 
3 2409 2439 2513 
3 2117 2122 2036 
3 1947 2031 2036 
3 1862 1942 1947 
3 1860 1862 1766 
3 2122 2200 2209 
3 2209 2287 2296 
3 2365 2439 2335 
3 975 896 981 
3 881 810 896 
3 795 732 810 
3 709 645 732 
3 609 559 645 
3 559 515 480 
3 1076 1069 981 
3 439 397 480 
3 327 397 350 
3 281 327 288 
3 1166 1076 1170 
3 245 248 281 
3 224 237 248 
3 1269 1170 1273 
3 1369 1273 1371 
3 239 237 209 
3 1468 1371 1470 
3 1470 1571 1569 
3 1571 1669 1667 
3 239 215 262 
3 1669 1765 1766 
3 318 262 233 
3 2258 2279 2365 
3 1885 1781 1794 
3 1781 1685 1693 
3 1685 1587 1595 
3 1496 1587 1489 
3 1391 1395 1489 
3 1391 1288 1293 
3 1988 1974 1885 
3 2171 2279 2258 
3 2171 2063 2081 
3 2063 1974 2081 
3 175 109 112 
3 274 174 175 
3 274 401 276 
3 276 401 403 
3 512 610 539 
3 698 572 610 
3 698 799 692 
3 901 797 799 
3 901 1002 900 
3 403 512 421 
3 1002 1096 997 
3 1193 1084 1096 
3 1193 1288 1174 
3 109 174 111 
3 186 128 111 
3 186 206 128 
3 230 206 313 
3 230 336 250 
3 360 279 250 
3 233 279 318 
3 2680 2688 2711 
3 2692 2664 2680 
3 2632 2664 2651 
3 2721 2688 2673 
3 2645 2712 2673 
3 2571 2632 2591 
3 2502 2571 2512 
3 2441 2502 2512 
3 2607 2690 2645 
3 2646 2607 2539 
3 2441 2385 2372 
3 2490 2589 2539 
3 2296 2287 2372 
3 2513 2490 2409 
3 2335 2439 2409 
3 2036 2031 2117 
3 2117 2200 2122 
3 1942 2031 1947 
3 1860 1942 1862 
3 1766 1765 1860 
3 2200 2287 2209 
3 2365 2335 2258 
3 981 896 906 
3 896 810 824 
3 732 743 810 
3 645 660 732 
3 559 578 645 
3 496 559 480 
3 981 989 1076 
3 397 432 480 
3 327 358 397 
3 281 314 327 
3 1076 1082 1170 
3 248 282 281 
3 248 237 268 
3 1170 1177 1273 
3 1273 1276 1371 
3 275 237 239 
3 1371 1373 1470 
3 1472 1571 1470 
3 1572 1669 1571 
3 262 295 239 
3 1670 1765 1669 
3 318 347 262 
3 1885 1869 1781 
3 1762 1685 1781 
3 1672 1587 1685 
3 1489 1587 1580 
3 1489 1483 1391 
3 1391 1384 1288 
3 1974 1869 1885 
3 2258 2141 2171 
3 2171 2141 2063 
3 2063 1938 1974 
3 175 174 109 
3 276 174 274 
3 403 287 276 
3 610 572 539 
3 421 512 539 
3 692 572 698 
3 799 797 692 
3 900 797 901 
3 1002 997 900 
3 421 287 403 
3 1096 1084 997 
3 1174 1084 1193 
3 1288 1277 1174 
3 111 174 186 
3 287 206 186 
3 313 206 287 
3 313 336 230 
3 336 360 250 
3 391 279 360 
3 318 279 391 
3 2680 2660 2688 
3 2680 2664 2661 
3 2649 2664 2632 
3 2673 2688 2642 
3 2673 2613 2645 
3 2612 2632 2571 
3 2502 2551 2571 
3 2441 2428 2502 
3 2645 2562 2607 
3 2607 2508 2539 
3 2372 2428 2441 
3 2539 2446 2490 
3 2287 2363 2372 
3 2490 2383 2409 
3 2409 2301 2335 
3 2117 2031 2112 
3 2196 2200 2117 
3 2030 2031 1942 
3 1860 1943 1942 
3 1765 1863 1860 
3 2200 2283 2287 
3 2335 2225 2258 
3 906 896 824 
3 906 989 981 
3 810 743 824 
3 732 660 743 
3 645 578 660 
3 496 578 559 
3 480 432 496 
3 1076 989 1082 
3 397 358 432 
3 314 358 327 
3 281 282 314 
3 1170 1082 1177 
3 268 282 248 
3 268 237 275 
3 1273 1177 1276 
3 1371 1276 1373 
3 239 295 275 
3 1470 1373 1472 
3 1472 1572 1571 
3 1670 1669 1572 
3 347 295 262 
3 1670 1767 1765 
3 318 426 347 
3 1781 1869 1762 
3 1672 1685 1762 
3 1580 1587 1672 
3 1580 1483 1489 
3 1483 1384 1391 
3 1384 1277 1288 
3 1974 1938 1869 
3 2258 2225 2141 
3 2141 2027 2063 
3 2027 1938 2063 
3 186 174 276 
3 276 287 186 
3 539 572 444 
3 539 444 421 
3 692 580 572 
3 692 797 694 
3 900 800 797 
3 900 997 904 
3 313 287 421 
3 997 1084 991 
3 1174 1066 1084 
3 1174 1277 1164 
3 444 336 313 
3 472 360 336 
3 391 360 490 
3 391 426 318 
3 2688 2660 2642 
3 2680 2661 2660 
3 2661 2664 2649 
3 2649 2632 2612 
3 2642 2613 2673 
3 2645 2613 2562 
3 2551 2612 2571 
3 2496 2551 2502 
3 2502 2428 2496 
3 2607 2562 2508 
3 2539 2508 2446 
3 2363 2428 2372 
3 2446 2383 2490 
3 2283 2363 2287 
3 2409 2383 2301 
3 2301 2225 2335 
3 2112 2031 2030 
3 2112 2196 2117 
3 2196 2283 2200 
3 1942 1943 2030 
3 1863 1943 1860 
3 1767 1863 1765 
3 824 833 906 
3 906 911 989 
3 824 743 754 
3 743 660 670 
3 660 578 591 
3 496 509 578 
3 432 452 496 
3 989 996 1082 
3 358 379 432 
3 314 341 358 
3 314 282 311 
3 1082 1088 1177 
3 298 282 268 
3 275 309 268 
3 1177 1181 1276 
3 1373 1276 1278 
3 275 295 335 
3 1373 1375 1472 
3 1475 1572 1472 
3 1572 1574 1670 
3 381 295 347 
3 1671 1767 1670 
3 426 456 347 
3 1762 1869 1831 
3 1762 1724 1672 
3 1661 1580 1672 
3 1580 1586 1483 
3 1481 1384 1483 
3 1384 1374 1277 
3 1869 1938 1831 
3 2141 2225 2110 
3 2110 2027 2141 
3 1915 1938 2027 
3 572 472 444 
3 421 444 313 
3 572 580 472 
3 694 580 692 
3 797 800 694 
3 904 800 900 
3 997 991 904 
3 1084 1066 991 
3 1164 1066 1174 
3 1164 1277 1268 
3 444 472 336 
3 490 360 472 
3 490 500 391 
3 391 500 426 
3 2660 2618 2642 
3 2661 2640 2660 
3 2649 2644 2661 
3 2612 2631 2649 
3 2573 2613 2642 
3 2562 2613 2529 
3 2551 2603 2612 
3 2496 2542 2551 
3 2428 2422 2496 
3 2562 2487 2508 
3 2508 2413 2446 
3 2363 2422 2428 
3 2355 2383 2446 
3 2283 2358 2363 
3 2383 2280 2301 
3 2194 2225 2301 
3 2030 2115 2112 
3 2112 2193 2196 
3 2196 2278 2283 
3 1943 2037 2030 
3 1863 1950 1943 
3 1858 1863 1767 
3 833 911 906 
3 824 754 833 
3 989 911 996 
3 754 743 670 
3 670 660 591 
3 578 509 591 
3 496 452 509 
3 432 379 452 
3 1082 996 1088 
3 341 379 358 
3 314 311 341 
3 311 282 298 
3 1177 1088 1181 
3 268 309 298 
3 335 309 275 
3 1276 1181 1278 
3 1278 1375 1373 
3 335 295 381 
3 1472 1375 1475 
3 1475 1574 1572 
3 1670 1574 1671 
3 456 381 347 
3 1768 1767 1671 
3 531 456 426 
3 1831 1724 1762 
3 1672 1724 1661 
3 1661 1586 1580 
3 1483 1586 1481 
3 1481 1374 1384 
3 1277 1374 1268 
3 1831 1938 1915 
3 2110 2225 2194 
3 2110 2003 2027 
3 2003 1915 2027 
3 472 580 490 
3 594 580 694 
3 694 800 703 
3 809 800 904 
3 991 913 904 
3 991 1066 913 
3 1053 1066 1164 
3 1268 1157 1164 
3 594 500 490 
3 426 500 531 
3 2618 2573 2642 
3 2640 2618 2660 
3 2644 2640 2661 
3 2649 2631 2644 
3 2603 2631 2612 
3 2529 2613 2573 
3 2529 2487 2562 
3 2542 2603 2551 
3 2493 2542 2496 
3 2496 2422 2493 
3 2508 2487 2413 
3 2446 2413 2355 
3 2358 2422 2363 
3 2355 2280 2383 
3 2278 2358 2283 
3 2301 2280 2194 
3 2115 2193 2112 
3 2030 2037 2115 
3 2193 2278 2196 
3 1950 2037 1943 
3 1858 1950 1863 
3 1858 1767 1768 
3 833 841 911 
3 754 759 833 
3 911 916 996 
3 670 677 754 
3 591 603 670 
3 591 509 529 
3 452 463 509 
3 379 402 452 
3 996 1003 1088 
3 341 354 379 
3 311 338 341 
3 298 328 311 
3 1088 1090 1181 
3 363 298 309 
3 335 363 309 
3 1181 1187 1278 
3 1278 1280 1375 
3 381 413 335 
3 1375 1380 1475 
3 1477 1574 1475 
3 1574 1576 1671 
3 456 485 381 
3 1768 1671 1674 
3 531 553 456 
3 1808 1724 1831 
3 1695 1661 1724 
3 1695 1586 1661 
3 1481 1586 1584 
3 1481 1474 1374 
3 1374 1366 1268 
3 1915 1808 1831 
3 2194 2086 2110 
3 2086 2003 2110 
3 2003 1893 1915 
3 490 580 594 
3 694 703 594 
3 703 800 809 
3 904 913 809 
3 913 1066 1053 
3 1164 1157 1053 
3 1268 1254 1157 
3 613 500 594 
3 531 500 613 
3 2618 2545 2573 
3 2640 2592 2618 
3 2644 2621 2640 
3 2631 2626 2644 
3 2603 2622 2631 
3 2573 2505 2529 
3 2529 2449 2487 
3 2542 2600 2603 
3 2541 2542 2493 
3 2493 2422 2420 
3 2487 2392 2413 
3 2413 2323 2355 
3 2420 2422 2358 
3 2256 2280 2355 
3 2278 2360 2358 
3 2280 2177 2194 
3 2201 2193 2115 
3 2115 2037 2130 
3 2284 2278 2193 
3 1950 2043 2037 
3 1858 1929 1950 
3 1768 1852 1858 
3 911 841 916 
3 833 759 841 
3 754 677 759 
3 996 916 1003 
3 670 603 677 
3 529 603 591 
3 509 463 529 
3 452 402 463 
3 354 402 379 
3 1088 1003 1090 
3 338 354 341 
3 328 338 311 
3 298 363 328 
3 1181 1090 1187 
3 413 363 335 
3 1278 1187 1280 
3 1375 1280 1380 
3 485 413 381 
3 1475 1380 1477 
3 1477 1576 1574 
3 1671 1576 1674 
3 553 485 456 
3 1674 1770 1768 
3 531 635 553 
3 1695 1724 1808 
3 1584 1586 1695 
3 1584 1474 1481 
3 1474 1366 1374 
3 1366 1254 1268 
3 1915 1893 1808 
3 2194 2177 2086 
3 2086 1982 2003 
3 2003 1982 1893 
3 594 703 613 
3 809 722 703 
3 913 822 809 
3 1053 940 913 
3 1053 1157 1049 
3 1157 1254 1146 
3 613 635 531 
3 2545 2505 2573 
3 2592 2545 2618 
3 2621 2592 2640 
3 2626 2621 2644 
3 2631 2622 2626 
3 2600 2622 2603 
3 2529 2505 2449 
3 2487 2449 2392 
3 2541 2600 2542 
3 2493 2497 2541 
3 2420 2497 2493 
3 2413 2392 2323 
3 2355 2323 2256 
3 2358 2360 2420 
3 2256 2177 2280 
3 2284 2360 2278 
3 2130 2201 2115 
3 2284 2193 2201 
3 2037 2043 2130 
3 1929 2043 1950 
3 1852 1929 1858 
3 1770 1852 1768 
3 916 841 847 
3 759 762 841 
3 677 681 759 
3 916 922 1003 
3 677 603 605 
3 529 542 603 
3 463 475 529 
3 402 418 463 
3 354 378 402 
3 1090 1003 1007 
3 353 354 338 
3 328 351 338 
3 363 372 328 
3 1187 1090 1093 
3 413 437 363 
3 1187 1191 1280 
3 1280 1282 1380 
3 495 413 485 
3 1477 1380 1385 
3 1480 1576 1477 
3 1674 1576 1577 
3 553 567 485 
3 1678 1770 1674 
3 635 647 553 
3 1808 1786 1695 
3 1695 1681 1584 
3 1584 1573 1474 
3 1463 1366 1474 
3 1353 1254 1366 
3 1893 1786 1808 
3 2177 2074 2086 
3 2086 2074 1982 
3 1893 1982 1876 
3 703 722 613 
3 809 822 722 
3 913 940 822 
3 1053 1049 940 
3 1157 1146 1049 
3 1254 1244 1146 
3 722 635 613 
3 2545 2491 2505 
3 2592 2525 2545 
3 2621 2568 2592 
3 2626 2608 2621 
3 2622 2624 2626 
3 2602 2622 2600 
3 2505 2426 2449 
3 2449 2371 2392 
3 2541 2602 2600 
3 2541 2497 2557 
3 2429 2497 2420 
3 2392 2295 2323 
3 2323 2223 2256 
3 2420 2360 2429 
3 2145 2177 2256 
3 2284 2369 2360 
3 2130 2222 2201 
3 2201 2294 2284 
3 2130 2043 2159 
3 2002 2043 1929 
3 1852 1932 1929 
3 1865 1852 1770 
3 841 762 847 
3 847 922 916 
3 759 681 762 
3 605 681 677 
3 1003 922 1007 
3 603 542 605 
3 529 475 542 
3 463 418 475 
3 402 378 418 
3 353 378 354 
3 1093 1090 1007 
3 338 351 353 
3 372 351 328 
3 437 372 363 
3 1093 1191 1187 
3 495 437 413 
3 1280 1191 1282 
3 1380 1282 1385 
3 567 495 485 
3 1480 1477 1385 
3 1577 1576 1480 
3 1674 1577 1678 
3 553 647 567 
3 1774 1770 1678 
3 733 647 635 
3 1786 1681 1695 
3 1681 1573 1584 
3 1474 1573 1463 
3 1353 1366 1463 
3 1353 1244 1254 
3 1876 1786 1893 
3 2145 2074 2177 
3 2074 1966 1982 
3 1982 1966 1876 
3 822 733 722 
3 940 835 822 
3 940 1049 943 
3 1049 1146 1043 
3 1146 1244 1138 
3 722 733 635 
3 2491 2426 2505 
3 2525 2491 2545 
3 2568 2525 2592 
3 2608 2568 2621 
3 2624 2608 2626 
3 2627 2624 2622 
3 2602 2627 2622 
3 2449 2426 2371 
3 2392 2371 2295 
3 2557 2602 2541 
3 2497 2506 2557 
3 2429 2506 2497 
3 2323 2295 2223 
3 2256 2223 2145 
3 2360 2369 2429 
3 2294 2369 2284 
3 2222 2294 2201 
3 2159 2222 2130 
3 2043 2087 2159 
3 1929 1932 2002 
3 2002 2087 2043 
3 1865 1932 1852 
3 1774 1865 1770 
3 762 761 847 
3 845 922 847 
3 681 680 762 
3 605 607 681 
3 1007 922 921 
3 605 542 541 
3 542 475 484 
3 475 418 429 
3 418 378 386 
3 353 371 378 
3 1007 1005 1093 
3 353 351 374 
3 372 398 351 
3 447 372 437 
3 1092 1191 1093 
3 501 437 495 
3 1282 1191 1189 
3 1385 1282 1284 
3 567 577 495 
3 1385 1386 1480 
3 1482 1577 1480 
3 1678 1577 1579 
3 647 652 567 
3 1680 1774 1678 
3 733 740 647 
3 1771 1681 1786 
3 1681 1662 1573 
3 1573 1554 1463 
3 1463 1442 1353 
3 1353 1331 1244 
3 1771 1786 1876 
3 2041 2074 2145 
3 2041 1966 2074 
3 1876 1966 1846 
3 822 835 733 
3 943 835 940 
3 943 1049 1043 
3 1043 1146 1138 
3 1138 1244 1224 
3 2491 2408 2426 
3 2525 2464 2491 
3 2568 2515 2525 
3 2608 2567 2568 
3 2614 2608 2624 
3 2627 2638 2624 
3 2616 2627 2602 
3 2371 2426 2344 
3 2371 2276 2295 
3 2557 2616 2602 
3 2557 2506 2577 
3 2447 2506 2429 
3 2295 2197 2223 
3 2223 2120 2145 
3 2369 2447 2429 
3 2294 2386 2369 
3 2222 2313 2294 
3 2159 2249 2222 
3 2087 2180 2159 
3 2002 1932 2018 
3 2018 2087 2002 
3 1946 1932 1865 
3 1870 1865 1774 
3 847 761 845 
3 762 680 761 
3 921 922 845 
3 681 607 680 
3 541 607 605 
3 921 1005 1007 
3 542 484 541 
3 484 475 429 
3 429 418 386 
3 378 371 386 
3 374 371 353 
3 1093 1005 1092 
3 351 398 374 
3 447 398 372 
3 447 437 501 
3 1189 1191 1092 
3 495 577 501 
3 1282 1189 1284 
3 1385 1284 1386 
3 567 652 577 
3 1480 1386 1482 
3 1579 1577 1482 
3 1678 1579 1680 
3 740 652 647 
3 1680 1778 1774 
3 835 740 733 
3 1771 1662 1681 
3 1662 1554 1573 
3 1463 1554 1442 
3 1442 1331 1353 
3 1244 1331 1224 
3 1876 1846 1771 
3 2120 2041 2145 
3 2041 1930 1966 
3 1966 1930 1846 
3 943 843 835 
3 943 1043 941 
3 1043 1138 1034 
3 1224 1122 1138 
3 2426 2408 2344 
3 2464 2408 2491 
3 2515 2464 2525 
3 2567 2515 2568 
3 2614 2567 2608 
3 2624 2638 2614 
3 2652 2638 2627 
3 2616 2652 2627 
3 2371 2344 2276 
3 2295 2276 2197 
3 2577 2616 2557 
3 2506 2526 2577 
3 2447 2526 2506 
3 2223 2197 2120 
3 2386 2447 2369 
3 2313 2386 2294 
3 2249 2313 2222 
3 2159 2180 2249 
3 2106 2180 2087 
3 2018 1932 1946 
3 2106 2087 2018 
3 1870 1946 1865 
3 1778 1870 1774 
3 761 757 845 
3 680 675 761 
3 845 839 921 
3 607 602 680 
3 541 538 607 
3 912 1005 921 
3 484 477 541 
3 429 427 484 
3 386 383 429 
3 371 376 386 
3 390 371 374 
3 1092 1005 998 
3 374 398 423 
3 466 398 447 
3 513 447 501 
3 1092 1087 1189 
3 501 577 586 
3 1284 1189 1186 
3 1386 1284 1283 
3 652 661 577 
3 1386 1387 1482 
3 1485 1579 1482 
3 1680 1579 1585 
3 746 652 740 
3 1680 1686 1778 
3 835 843 740 
3 1771 1738 1662 
3 1662 1634 1554 
3 1554 1527 1442 
3 1422 1331 1442 
3 1224 1331 1318 
3 1846 1738 1771 
3 2120 2016 2041 
3 2041 2016 1930 
3 1846 1930 1827 
3 941 843 943 
3 1043 1034 941 
3 1138 1122 1034 
3 1224 1218 1122 
3 2408 2328 2344 
3 2464 2397 2408 
3 2515 2453 2464 
3 2567 2518 2515 
3 2614 2583 2567 
3 2638 2629 2614 
3 2662 2638 2652 
3 2641 2652 2616 
3 2276 2344 2262 
3 2276 2183 2197 
3 2577 2641 2616 
3 2526 2611 2577 
3 2474 2526 2447 
3 2197 2095 2120 
3 2474 2447 2386 
3 2313 2407 2386 
3 2339 2313 2249 
3 2249 2180 2269 
3 2195 2180 2106 
3 1946 2034 2018 
3 2018 2034 2106 
3 1968 1946 1870 
3 1778 1877 1870 
3 845 757 839 
3 761 675 757 
3 680 602 675 
3 921 839 912 
3 607 538 602 
3 541 477 538 
3 998 1005 912 
3 484 427 477 
3 429 383 427 
3 386 376 383 
3 390 376 371 
3 374 423 390 
3 1092 998 1087 
3 423 398 466 
3 513 466 447 
3 501 586 513 
3 1189 1087 1186 
3 577 661 586 
3 1283 1284 1186 
3 1386 1283 1387 
3 746 661 652 
3 1482 1387 1485 
3 1585 1579 1485 
3 1585 1686 1680 
3 740 843 746 
3 1778 1686 1784 
3 1738 1634 1662 
3 1634 1527 1554 
3 1442 1527 1422 
3 1318 1331 1422 
3 1318 1218 1224 
3 1827 1738 1846 
3 2095 2016 2120 
3 2016 1910 1930 
3 1930 1910 1827 
3 844 843 941 
3 1034 936 941 
3 1122 1023 1034 
3 1218 1116 1122 
3 2344 2328 2262 
3 2397 2328 2408 
3 2453 2397 2464 
3 2518 2453 2515 
3 2583 2518 2567 
3 2629 2583 2614 
3 2662 2629 2638 
3 2662 2652 2677 
3 2677 2652 2641 
3 2262 2183 2276 
3 2197 2183 2095 
3 2611 2641 2577 
3 2553 2611 2526 
3 2474 2553 2526 
3 2386 2407 2474 
3 2339 2407 2313 
3 2269 2339 2249 
3 2269 2180 2195 
3 2124 2195 2106 
3 1968 2034 1946 
3 2106 2034 2124 
3 1877 1968 1870 
3 1784 1877 1778 
3 839 757 745 
3 757 675 662 
3 675 602 590 
3 912 839 830 
3 538 522 602 
3 538 477 462 
3 907 998 912 
3 477 427 406 
3 383 377 427 
3 376 370 383 
3 390 387 376 
3 423 436 390 
3 1087 998 993 
3 466 479 423 
3 513 532 466 
3 586 593 513 
3 1186 1087 1085 
3 586 661 667 
3 1186 1185 1283 
3 1387 1283 1286 
3 751 661 746 
3 1387 1389 1485 
3 1491 1585 1485 
3 1585 1589 1686 
3 746 843 844 
3 1686 1690 1784 
3 1721 1634 1738 
3 1616 1527 1634 
3 1527 1516 1422 
3 1422 1414 1318 
3 1318 1311 1218 
3 1721 1738 1827 
3 2095 1996 2016 
3 2016 1996 1910 
3 1827 1910 1809 
3 941 936 844 
3 1034 1023 936 
3 1116 1023 1122 
3 1218 1206 1116 
3 2328 2247 2262 
3 2321 2328 2397 
3 2453 2396 2397 
3 2518 2467 2453 
3 2583 2531 2518 
3 2629 2609 2583 
3 2659 2629 2662 
3 2677 2701 2662 
3 2641 2675 2677 
3 2169 2183 2262 
3 2183 2084 2095 
3 2611 2675 2641 
3 2553 2643 2611 
3 2501 2553 2474 
3 2474 2407 2501 
3 2339 2436 2407 
3 2364 2339 2269 
3 2195 2289 2269 
3 2124 2216 2195 
3 2052 2034 1968 
3 2124 2034 2052 
3 1973 1968 1877 
3 1784 1882 1877 
3 757 662 745 
3 839 745 830 
3 662 675 590 
3 602 522 590 
3 912 830 907 
3 462 522 538 
3 462 477 406 
3 993 998 907 
3 427 377 406 
3 383 370 377 
3 376 387 370 
3 390 436 387 
3 479 436 423 
3 1085 1087 993 
3 532 479 466 
3 513 593 532 
3 667 593 586 
3 1085 1185 1186 
3 667 661 751 
3 1283 1185 1286 
3 1286 1389 1387 
3 746 844 751 
3 1485 1389 1491 
3 1491 1589 1585 
3 1686 1589 1690 
3 1690 1791 1784 
3 1616 1634 1721 
3 1616 1516 1527 
3 1422 1516 1414 
3 1414 1311 1318 
3 1311 1206 1218 
3 1827 1809 1721 
3 2084 1996 2095 
3 1996 1894 1910 
3 1910 1894 1809 
3 936 842 844 
3 936 1023 927 
3 1116 1016 1023 
3 1206 1106 1116 
3 2262 2247 2169 
3 2321 2247 2328 
3 2397 2396 2321 
3 2467 2396 2453 
3 2531 2467 2518 
3 2609 2531 2583 
3 2659 2609 2629 
3 2662 2701 2659 
3 2717 2701 2677 
3 2677 2675 2717 
3 2169 2084 2183 
3 2643 2675 2611 
3 2594 2643 2553 
3 2501 2594 2553 
3 2407 2436 2501 
3 2364 2436 2339 
3 2269 2289 2364 
3 2216 2289 2195 
3 2143 2216 2124 
3 1973 2052 1968 
3 2052 2143 2124 
3 1877 1882 1973 
3 1784 1791 1882 
3 745 662 653 
3 830 745 737 
3 590 576 662 
3 590 522 503 
3 907 830 813 
3 448 522 462 
3 406 392 462 
3 907 899 993 
3 377 356 406 
3 370 349 377 
3 387 367 370 
3 436 411 387 
3 479 474 436 
3 1085 993 986 
3 532 527 479 
3 593 598 532 
3 667 671 593 
3 1083 1185 1085 
3 751 755 667 
3 1286 1185 1182 
3 1286 1287 1389 
3 844 842 751 
3 1389 1390 1491 
3 1492 1589 1491 
3 1690 1589 1592 
3 1694 1791 1690 
3 1721 1705 1616 
3 1616 1601 1516 
3 1516 1500 1414 
3 1398 1311 1414 
3 1296 1206 1311 
3 1809 1705 1721 
3 2084 1985 1996 
3 1985 1894 1996 
3 1894 1793 1809 
3 927 842 936 
3 1023 1016 927 
3 1116 1106 1016 
3 1206 1196 1106 
3 2247 2158 2169 
3 2237 2247 2321 
3 2321 2396 2317 
3 2399 2396 2467 
3 2486 2467 2531 
3 2556 2531 2609 
3 2659 2637 2609 
3 2659 2701 2698 
3 2717 2733 2701 
3 2675 2709 2717 
3 2076 2084 2169 
3 2643 2709 2675 
3 2594 2684 2643 
3 2527 2594 2501 
3 2436 2527 2501 
3 2381 2436 2364 
3 2364 2289 2381 
3 2307 2289 2216 
3 2238 2216 2143 
3 1973 2075 2052 
3 2075 2143 2052 
3 1882 1983 1973 
3 1791 1892 1882 
3 662 576 653 
3 745 653 737 
3 830 737 813 
3 503 576 590 
3 503 522 448 
3 813 899 907 
3 462 392 448 
3 406 356 392 
3 993 899 986 
3 377 349 356 
3 370 367 349 
3 387 411 367 
3 436 474 411 
3 527 474 479 
3 1085 986 1083 
3 598 527 532 
3 593 671 598 
3 755 671 667 
3 1182 1185 1083 
3 751 842 755 
3 1182 1287 1286 
3 1287 1390 1389 
3 1491 1390 1492 
3 1592 1589 1492 
3 1690 1592 1694 
3 1694 1796 1791 
3 1705 1601 1616 
3 1601 1500 1516 
3 1414 1500 1398 
3 1296 1311 1398 
3 1296 1196 1206 
3 1809 1793 1705 
3 2076 1985 2084 
3 1883 1894 1985 
3 1883 1793 1894 
3 927 837 842 
3 927 1016 914 
3 1106 1004 1016 
3 1196 1091 1106 
3 2169 2158 2076 
3 2237 2158 2247 
3 2317 2237 2321 
3 2317 2396 2399 
3 2399 2467 2486 
3 2486 2531 2556 
3 2609 2637 2556 
3 2698 2637 2659 
3 2701 2733 2698 
3 2755 2733 2717 
3 2717 2709 2755 
3 2684 2709 2643 
3 2628 2684 2594 
3 2628 2594 2527 
3 2470 2527 2436 
3 2470 2436 2381 
3 2381 2289 2307 
3 2307 2216 2238 
3 2163 2238 2143 
3 1973 1983 2075 
3 2163 2143 2075 
3 1892 1983 1882 
3 1796 1892 1791 
3 576 563 653 
3 737 653 644 
3 737 727 813 
3 492 576 503 
3 448 425 503 
3 805 899 813 
3 448 392 365 
3 392 356 332 
3 986 899 895 
3 349 324 356 
3 367 342 349 
3 411 380 367 
3 474 451 411 
3 527 506 474 
3 1083 986 982 
3 598 587 527 
3 671 665 598 
3 755 750 671 
3 1080 1182 1083 
3 842 837 755 
3 1183 1287 1182 
3 1285 1390 1287 
3 1390 1388 1492 
3 1486 1592 1492 
3 1592 1596 1694 
3 1694 1706 1796 
3 1705 1691 1601 
3 1601 1593 1500 
3 1398 1500 1495 
3 1398 1392 1296 
3 1289 1196 1296 
3 1793 1691 1705 
3 1975 1985 2076 
3 1883 1985 1975 
3 1783 1793 1883 
3 927 914 837 
3 1016 1004 914 
3 1106 1091 1004 
3 1196 1176 1091 
3 2076 2158 2064 
3 2144 2158 2237 
3 2317 2231 2237 
3 2399 2319 2317 
3 2486 2406 2399 
3 2556 2498 2486 
3 2556 2637 2584 
3 2663 2637 2698 
3 2698 2733 2728 
3 2769 2733 2755 
3 2755 2709 2753 
3 2753 2709 2684 
3 2738 2684 2628 
3 2628 2527 2560 
3 2560 2527 2470 
3 2403 2470 2381 
3 2307 2403 2381 
3 2307 2238 2330 
3 2260 2238 2163 
3 2075 1983 2080 
3 2163 2075 2080 
3 1892 1989 1983 
3 1900 1892 1796 
3 653 563 644 
3 492 563 576 
3 737 644 727 
3 813 727 805 
3 503 425 492 
3 448 365 425 
3 895 899 805 
3 392 332 365 
3 356 324 332 
3 986 895 982 
3 349 342 324 
3 367 380 342 
3 411 451 380 
3 474 506 451 
3 527 587 506 
3 982 1080 1083 
3 665 587 598 
3 750 665 671 
3 837 750 755 
3 1183 1182 1080 
3 1285 1287 1183 
3 1285 1388 1390 
3 1492 1388 1486 
3 1486 1596 1592 
3 1694 1596 1706 
3 1706 1811 1796 
3 1691 1593 1601 
3 1500 1593 1495 
3 1398 1495 1392 
3 1392 1289 1296 
3 1289 1176 1196 
3 1783 1691 1793 
3 2064 1975 2076 
3 1883 1975 1875 
3 1875 1783 1883 
3 914 826 837 
3 914 1004 903 
3 1004 1091 984 
3 1091 1176 1070 
3 2064 2158 2144 
3 2231 2144 2237 
3 2317 2319 2231 
3 2406 2319 2399 
3 2486 2498 2406 
3 2584 2498 2556 
3 2584 2637 2663 
3 2728 2663 2698 
3 2728 2733 2769 
3 2779 2769 2755 
3 2779 2755 2753 
3 2753 2684 2738 
3 2628 2724 2738 
3 2560 2657 2628 
3 2500 2560 2470 
3 2500 2470 2403 
3 2330 2403 2307 
3 2330 2238 2260 
3 2163 2179 2260 
3 1983 1989 2080 
3 2080 2179 2163 
3 1900 1989 1892 
3 1796 1811 1900 
3 644 563 549 
3 467 563 492 
3 644 632 727 
3 727 715 805 
3 492 425 394 
3 365 337 425 
3 895 805 801 
3 332 305 365 
3 332 324 289 
3 982 895 891 
3 324 342 300 
3 380 346 342 
3 451 410 380 
3 506 493 451 
3 587 569 506 
3 982 979 1080 
3 651 587 665 
3 750 738 665 
3 837 826 750 
3 1079 1183 1080 
3 1183 1180 1285 
3 1279 1388 1285 
3 1486 1388 1377 
3 1471 1596 1486 
3 1706 1596 1617 
3 1706 1720 1811 
3 1684 1593 1691 
3 1495 1593 1581 
3 1495 1479 1392 
3 1372 1289 1392 
3 1266 1176 1289 
3 1684 1691 1783 
3 2064 1969 1975 
3 1975 1969 1875 
3 1775 1783 1875 
3 914 903 826 
3 903 1004 984 
3 1091 1070 984 
3 1070 1176 1159 
3 2144 2048 2064 
3 2231 2138 2144 
3 2319 2227 2231 
3 2406 2315 2319 
3 2406 2498 2405 
3 2516 2498 2584 
3 2619 2584 2663 
3 2728 2704 2663 
3 2769 2767 2728 
3 2788 2769 2779 
3 2783 2779 2753 
3 2783 2753 2738 
3 2780 2738 2724 
3 2628 2657 2724 
3 2601 2657 2560 
3 2601 2560 2500 
3 2403 2423 2500 
3 2330 2423 2403 
3 2260 2353 2330 
3 2179 2274 2260 
3 2080 1989 2090 
3 2090 2179 2080 
3 2004 1989 1900 
3 1811 1913 1900 
3 549 563 467 
3 549 632 644 
3 492 394 467 
3 727 632 715 
3 805 715 801 
3 425 337 394 
3 365 305 337 
3 891 895 801 
3 332 289 305 
3 289 324 300 
3 891 979 982 
3 342 346 300 
3 380 410 346 
3 451 493 410 
3 506 569 493 
3 651 569 587 
3 1080 979 1079 
3 665 738 651 
3 826 738 750 
3 1079 1180 1183 
3 1285 1180 1279 
3 1377 1388 1279 
3 1377 1471 1486 
3 1549 1596 1471 
3 1617 1596 1549 
3 1617 1720 1706 
3 1811 1720 1820 
3 1581 1593 1684 
3 1495 1581 1479 
3 1392 1479 1372 
3 1372 1266 1289 
3 1159 1176 1266 
3 1775 1684 1783 
3 2048 1969 2064 
3 1875 1969 1867 
3 1775 1875 1867 
3 903 807 826 
3 984 886 903 
3 1070 970 984 
3 1159 1055 1070 
3 2144 2138 2048 
3 2231 2227 2138 
3 2315 2227 2319 
3 2405 2315 2406 
3 2498 2492 2405 
3 2619 2516 2584 
3 2516 2492 2498 
3 2704 2619 2663 
3 2728 2767 2704 
3 2788 2767 2769 
3 2779 2806 2788 
3 2783 2806 2779 
3 2780 2783 2738 
3 2762 2780 2724 
3 2724 2657 2691 
3 2691 2657 2601 
3 2523 2601 2500 
3 2500 2423 2523 
3 2353 2423 2330 
3 2274 2353 2260 
3 2186 2274 2179 
3 2090 1989 2004 
3 2090 2186 2179 
3 1900 1913 2004 
3 1820 1913 1811 
3 467 442 549 
3 528 632 549 
3 467 394 359 
3 632 620 715 
3 715 711 801 
3 337 304 394 
3 305 272 337 
3 801 798 891 
3 289 257 305 
3 300 270 289 
3 891 887 979 
3 346 306 300 
3 346 410 369 
3 410 493 461 
3 569 548 493 
3 651 627 569 
3 979 978 1079 
3 651 738 716 
3 826 807 738 
3 1077 1180 1079 
3 1180 1173 1279 
3 1279 1275 1377 
3 1377 1367 1471 
3 1471 1460 1549 
3 1533 1617 1549 
3 1627 1720 1617 
3 1820 1720 1726 
3 1684 1675 1581 
3 1581 1570 1479 
3 1479 1464 1372 
3 1372 1352 1266 
3 1266 1240 1159 
3 1775 1675 1684 
3 2048 1948 1969 
3 1969 1948 1867 
3 1867 1760 1775 
3 903 886 807 
3 984 970 886 
3 1070 1055 970 
3 1133 1055 1159 
3 2048 2138 2038 
3 2227 2126 2138 
3 2315 2217 2227 
3 2405 2304 2315 
3 2405 2492 2402 
3 2555 2516 2619 
3 2555 2492 2516 
3 2656 2619 2704 
3 2767 2742 2704 
3 2767 2788 2809 
3 2788 2806 2809 
3 2824 2806 2783 
3 2824 2783 2780 
3 2724 2691 2762 
3 2818 2780 2762 
3 2634 2691 2601 
3 2634 2601 2523 
3 2523 2423 2448 
3 2448 2423 2353 
3 2375 2353 2274 
3 2292 2274 2186 
3 2004 2102 2090 
3 2102 2186 2090 
3 1913 2015 2004 
3 1820 1922 1913 
3 549 442 528 
3 467 359 442 
3 528 620 632 
3 394 304 359 
3 715 620 711 
3 801 711 798 
3 337 272 304 
3 305 257 272 
3 798 887 891 
3 289 270 257 
3 261 270 300 
3 887 978 979 
3 300 306 261 
3 369 306 346 
3 369 410 461 
3 493 548 461 
3 569 627 548 
3 716 627 651 
3 1079 978 1077 
3 738 807 716 
3 1077 1173 1180 
3 1173 1275 1279 
3 1275 1367 1377 
3 1367 1460 1471 
3 1549 1460 1533 
3 1533 1627 1617 
3 1726 1720 1627 
3 1726 1826 1820 
3 1675 1570 1581 
3 1570 1464 1479 
3 1464 1352 1372 
3 1266 1352 1240 
3 1240 1133 1159 
3 1775 1760 1675 
3 2038 1948 2048 
3 1867 1948 1838 
3 1838 1760 1867 
3 886 793 807 
3 886 970 872 
3 970 1055 957 
3 1032 1055 1133 
3 2138 2126 2038 
3 2227 2217 2126 
3 2315 2304 2217 
3 2402 2304 2405 
3 2402 2492 2499 
3 2656 2555 2619 
3 2499 2492 2555 
3 2704 2742 2656 
3 2800 2742 2767 
3 2800 2767 2809 
3 2806 2850 2809 
3 2842 2806 2824 
3 2818 2824 2780 
3 2762 2691 2730 
3 2796 2818 2762 
3 2730 2691 2634 
3 2552 2634 2523 
3 2523 2448 2552 
3 2375 2448 2353 
3 2292 2375 2274 
3 2292 2186 2205 
3 2004 2015 2102 
3 2205 2186 2102 
3 1913 1922 2015 
3 1820 1826 1922 
3 442 414 528 
3 442 359 331 
3 508 620 528 
3 359 304 273 
3 711 620 617 
3 798 711 704 
3 304 272 241 
3 272 257 231 
3 798 792 887 
3 270 238 257 
3 261 238 270 
3 887 883 978 
3 306 265 261 
3 330 306 369 
3 369 461 415 
3 461 548 502 
3 548 627 596 
3 688 627 716 
3 978 976 1077 
3 807 793 716 
3 1077 1074 1173 
3 1173 1167 1275 
3 1275 1260 1367 
3 1367 1357 1460 
3 1460 1447 1533 
3 1533 1534 1627 
3 1627 1631 1726 
3 1726 1729 1826 
3 1675 1658 1570 
3 1550 1464 1570 
3 1464 1436 1352 
3 1240 1352 1320 
3 1240 1211 1133 
3 1675 1760 1658 
3 2038 1931 1948 
3 1948 1931 1838 
3 1838 1737 1760 
3 872 793 886 
3 872 970 957 
3 957 1055 1032 
3 1133 1109 1032 
3 2126 2023 2038 
3 2217 2116 2126 
3 2304 2207 2217 
3 2402 2298 2304 
3 2499 2391 2402 
3 2656 2597 2555 
3 2555 2597 2499 
3 2742 2696 2656 
3 2771 2742 2800 
3 2847 2800 2809 
3 2850 2847 2809 
3 2842 2850 2806 
3 2863 2842 2824 
3 2863 2824 2818 
3 2796 2762 2730 
3 2858 2818 2796 
3 2634 2674 2730 
3 2552 2674 2634 
3 2552 2448 2488 
3 2488 2448 2375 
3 2292 2401 2375 
3 2205 2306 2292 
3 2015 2119 2102 
3 2102 2119 2205 
3 1922 2025 2015 
3 1826 1926 1922 
3 528 414 508 
3 331 414 442 
3 359 273 331 
3 617 620 508 
3 273 304 241 
3 711 617 704 
3 798 704 792 
3 241 272 231 
3 257 238 231 
3 792 883 887 
3 229 238 261 
3 883 976 978 
3 261 265 229 
3 330 265 306 
3 330 369 415 
3 415 461 502 
3 502 548 596 
3 596 627 688 
3 716 774 688 
3 976 1074 1077 
3 716 793 774 
3 1074 1167 1173 
3 1167 1260 1275 
3 1260 1357 1367 
3 1357 1447 1460 
3 1533 1447 1534 
3 1534 1631 1627 
3 1631 1729 1726 
3 1826 1729 1825 
3 1658 1550 1570 
3 1550 1436 1464 
3 1352 1436 1320 
3 1320 1211 1240 
3 1211 1109 1133 
3 1760 1737 1658 
3 2023 1931 2038 
3 1931 1829 1838 
3 1838 1829 1737 
3 774 793 872 
3 872 957 857 
3 1032 929 957 
3 1032 1109 1000 
3 2126 2116 2023 
3 2217 2207 2116 
3 2298 2207 2304 
3 2391 2298 2402 
3 2522 2391 2499 
3 2696 2597 2656 
3 2499 2597 2522 
3 2771 2696 2742 
3 2771 2800 2833 
3 2833 2800 2847 
3 2891 2847 2850 
3 2885 2850 2842 
3 2863 2885 2842 
3 2858 2863 2818 
3 2770 2796 2730 
3 2840 2858 2796 
3 2730 2674 2770 
3 2606 2674 2552 
3 2552 2488 2606 
3 2401 2488 2375 
3 2306 2401 2292 
3 2224 2306 2205 
3 2015 2025 2119 
3 2119 2224 2205 
3 1922 1926 2025 
3 1825 1926 1826 
3 414 455 508 
3 296 414 331 
3 273 240 331 
3 508 535 617 
3 273 241 208 
3 704 617 615 
3 792 704 702 
3 231 196 241 
3 231 238 205 
3 792 789 883 
3 205 238 229 
3 883 876 976 
3 229 265 226 
3 330 277 265 
3 415 361 330 
3 502 471 415 
3 596 564 502 
3 688 659 596 
3 774 760 688 
3 976 973 1074 
3 1074 1067 1167 
3 1167 1161 1260 
3 1260 1253 1357 
3 1357 1348 1447 
3 1534 1447 1441 
3 1534 1531 1631 
3 1629 1729 1631 
3 1825 1729 1725 
3 1633 1550 1658 
3 1550 1526 1436 
3 1436 1415 1320 
3 1320 1295 1211 
3 1211 1188 1109 
3 1658 1737 1633 
3 1919 1931 2023 
3 1919 1829 1931 
3 1737 1829 1723 
3 872 857 774 
3 957 929 857 
3 1000 929 1032 
3 1109 1073 1000 
3 2116 2012 2023 
3 2116 2207 2107 
3 2198 2207 2298 
3 2293 2298 2391 
3 2522 2456 2391 
3 2630 2597 2696 
3 2522 2597 2630 
3 2727 2696 2771 
3 2833 2792 2771 
3 2886 2833 2847 
3 2891 2850 2885 
3 2886 2847 2891 
3 2898 2885 2863 
3 2898 2863 2858 
3 2840 2796 2770 
3 2840 2897 2858 
3 2770 2674 2725 
3 2725 2674 2606 
3 2488 2514 2606 
3 2401 2514 2488 
3 2326 2401 2306 
3 2326 2306 2224 
3 2119 2025 2134 
3 2119 2134 2224 
3 1926 2024 2025 
3 1924 1926 1825 
3 455 535 508 
3 455 414 375 
3 331 240 296 
3 375 414 296 
3 273 208 240 
3 617 535 615 
3 241 196 208 
3 702 704 615 
3 702 789 792 
3 231 205 196 
3 789 876 883 
3 229 187 205 
3 876 973 976 
3 265 277 226 
3 226 187 229 
3 361 277 330 
3 415 471 361 
3 502 564 471 
3 596 659 564 
3 688 760 659 
3 857 760 774 
3 1074 973 1067 
3 1067 1161 1167 
3 1161 1253 1260 
3 1253 1348 1357 
3 1447 1348 1441 
3 1441 1531 1534 
3 1631 1531 1629 
3 1725 1729 1629 
3 1725 1822 1825 
3 1633 1526 1550 
3 1526 1415 1436 
3 1320 1415 1295 
3 1211 1295 1188 
3 1188 1073 1109 
3 1633 1737 1723 
3 2023 2012 1919 
3 1817 1829 1919 
3 1723 1829 1817 
3 857 929 828 
3 894 929 1000 
3 1000 1073 965 
3 2107 2012 2116 
3 2107 2207 2198 
3 2198 2298 2293 
3 2391 2384 2293 
3 2456 2384 2391 
3 2548 2456 2522 
3 2727 2630 2696 
3 2630 2548 2522 
3 2771 2792 2727 
3 2861 2792 2833 
3 2886 2861 2833 
3 2915 2891 2885 
3 2886 2891 2917 
3 2898 2915 2885 
3 2897 2898 2858 
3 2811 2840 2770 
3 2883 2897 2840 
3 2725 2811 2770 
3 2647 2725 2606 
3 2606 2514 2647 
3 2435 2514 2401 
3 2326 2435 2401 
3 2224 2229 2326 
3 2025 2024 2134 
3 2134 2229 2224 
3 1924 2024 1926 
3 1825 1822 1924 
3 446 535 455 
3 455 375 446 
3 296 240 214 
3 263 375 296 
3 208 177 240 
3 615 535 525 
3 196 163 208 
3 702 615 612 
3 702 699 789 
3 205 165 196 
3 789 785 876 
3 205 187 165 
3 876 873 973 
3 226 277 228 
3 176 187 226 
3 301 277 361 
3 361 471 407 
3 471 564 514 
3 564 659 618 
3 659 760 726 
3 857 828 760 
3 973 968 1067 
3 1060 1161 1067 
3 1161 1151 1253 
3 1245 1348 1253 
3 1441 1348 1343 
3 1431 1531 1441 
3 1531 1528 1629 
3 1629 1626 1725 
3 1722 1822 1725 
3 1618 1526 1633 
3 1511 1415 1526 
3 1295 1415 1378 
3 1295 1259 1188 
3 1188 1150 1073 
3 1723 1618 1633 
3 1919 2012 1908 
3 1908 1817 1919 
3 1723 1817 1714 
3 828 929 894 
3 1000 965 894 
3 965 1073 1044 
3 2005 2012 2107 
3 2198 2098 2107 
3 2192 2198 2293 
3 2293 2384 2291 
3 2473 2384 2456 
3 2473 2456 2548 
3 2658 2630 2727 
3 2658 2548 2630 
3 2727 2792 2751 
3 2861 2814 2792 
3 2903 2861 2886 
3 2917 2891 2915 
3 2917 2903 2886 
3 2923 2915 2898 
3 2923 2898 2897 
3 2811 2883 2840 
3 2883 2922 2897 
3 2765 2811 2725 
3 2765 2725 2647 
3 2647 2514 2544 
3 2544 2514 2435 
3 2338 2435 2326 
3 2326 2229 2338 
3 2134 2024 2125 
3 2125 2229 2134 
3 2021 2024 1924 
3 1924 1822 1917 
3 525 535 446 
3 446 375 334 
3 240 177 214 
3 296 214 263 
3 334 375 263 
3 208 163 177 
3 615 525 612 
3 196 165 163 
3 612 699 702 
3 789 699 785 
3 785 873 876 
3 165 187 147 
3 873 968 973 
3 228 277 301 
3 226 228 176 
3 147 187 176 
3 361 407 301 
3 407 471 514 
3 514 564 618 
3 618 659 726 
3 760 828 726 
3 1067 968 1060 
3 1060 1151 1161 
3 1253 1151 1245 
3 1343 1348 1245 
3 1343 1431 1441 
3 1431 1528 1531 
3 1528 1626 1629 
3 1725 1626 1722 
3 1818 1822 1722 
3 1511 1526 1618 
3 1378 1415 1511 
3 1378 1259 1295 
3 1188 1259 1150 
3 1073 1150 1044 
3 1714 1618 1723 
3 1908 2012 2005 
3 1801 1817 1908 
3 1714 1817 1801 
3 788 828 894 
3 894 965 861 
3 1044 935 965 
3 2098 2005 2107 
3 2192 2098 2198 
3 2291 2192 2293 
3 2291 2384 2388 
3 2388 2384 2473 
3 2566 2473 2548 
3 2751 2658 2727 
3 2566 2548 2658 
3 2792 2814 2751 
3 2873 2814 2861 
3 2914 2861 2903 
3 2917 2915 2936 
3 2934 2903 2917 
3 2936 2915 2923 
3 2922 2923 2897 
3 2811 2855 2883 
3 2907 2922 2883 
3 2765 2855 2811 
3 2647 2693 2765 
3 2544 2693 2647 
3 2435 2444 2544 
3 2338 2444 2435 
3 2338 2229 2226 
3 2125 2024 2021 
3 2226 2229 2125 
3 1924 1917 2021 
3 1917 1822 1818 
3 525 446 431 
3 446 334 431 
3 214 177 153 
3 263 214 185 
3 263 236 334 
3 177 163 135 
3 612 525 519 
3 163 165 132 
3 611 699 612 
3 699 695 785 
3 779 873 785 
3 165 147 132 
3 873 868 968 
3 228 301 243 
3 176 228 179 
3 140 147 176 
3 301 407 344 
3 514 468 407 
3 514 618 573 
3 618 726 686 
3 726 828 788 
3 968 961 1060 
3 1051 1151 1060 
3 1245 1151 1148 
3 1245 1243 1343 
3 1343 1336 1431 
3 1427 1528 1431 
3 1528 1525 1626 
3 1722 1626 1620 
3 1722 1718 1818 
3 1618 1609 1511 
3 1511 1506 1378 
3 1327 1259 1378 
3 1150 1259 1219 
3 1044 1150 1114 
3 1714 1609 1618 
3 2005 1896 1908 
3 1908 1896 1801 
3 1801 1697 1714 
3 894 861 788 
3 965 935 861 
3 1044 1001 935 
3 2098 1994 2005 
3 2092 2098 2192 
3 2191 2192 2291 
3 2291 2388 2290 
3 2482 2388 2473 
3 2482 2473 2566 
3 2669 2658 2751 
3 2669 2566 2658 
3 2814 2757 2751 
3 2873 2861 2914 
3 2812 2814 2873 
3 2934 2914 2903 
3 2936 2934 2917 
3 2948 2936 2923 
3 2922 2948 2923 
3 2883 2855 2907 
3 2907 2942 2922 
3 2790 2855 2765 
3 2693 2790 2765 
3 2544 2558 2693 
3 2444 2558 2544 
3 2338 2329 2444 
3 2226 2329 2338 
3 2021 2121 2125 
3 2125 2121 2226 
3 1917 2014 2021 
3 1818 1911 1917 
3 525 431 519 
3 431 334 308 
3 153 177 135 
3 214 153 185 
3 185 236 263 
3 334 236 308 
3 135 163 132 
3 519 611 612 
3 611 695 699 
3 785 695 779 
3 779 868 873 
3 132 147 115 
3 868 961 968 
3 301 344 243 
3 228 243 179 
3 176 179 140 
3 115 147 140 
3 407 468 344 
3 573 468 514 
3 573 618 686 
3 726 788 686 
3 1060 961 1051 
3 1148 1151 1051 
3 1148 1243 1245 
3 1243 1336 1343 
3 1336 1427 1431 
3 1427 1525 1528 
3 1626 1525 1620 
3 1620 1718 1722 
3 1818 1718 1813 
3 1511 1609 1506 
3 1378 1506 1428 
3 1428 1327 1378 
3 1219 1259 1327 
3 1114 1150 1219 
3 1044 1114 1001 
3 1714 1697 1609 
3 1994 1896 2005 
3 1896 1792 1801 
3 1801 1792 1697 
3 788 861 753 
3 935 815 861 
3 1001 884 935 
3 2092 1994 2098 
3 2191 2092 2192 
3 2290 2191 2291 
3 2290 2388 2387 
3 2387 2388 2482 
3 2566 2570 2482 
3 2751 2757 2669 
3 2669 2570 2566 
3 2812 2757 2814 
3 2910 2873 2914 
3 2865 2812 2873 
3 2940 2914 2934 
3 2956 2934 2936 
3 2948 2956 2936 
3 2942 2948 2922 
3 2907 2855 2871 
3 2902 2942 2907 
3 2871 2855 2790 
3 2693 2689 2790 
3 2693 2558 2689 
3 2432 2558 2444 
3 2444 2329 2432 
3 2226 2221 2329 
3 2021 2014 2121 
3 2121 2221 2226 
3 1917 1911 2014 
3 1818 1813 1911 
3 431 409 519 
3 431 308 409 
3 153 135 110 
3 185 153 126 
3 162 236 185 
3 308 236 220 
3 135 132 103 
3 520 611 519 
3 614 695 611 
3 779 695 683 
3 772 868 779 
3 103 132 115 
3 868 864 961 
3 243 344 269 
3 243 191 179 
3 179 139 140 
3 115 140 100 
3 344 468 388 
3 573 521 468 
3 686 642 573 
3 788 753 686 
3 961 959 1051 
3 1051 1050 1148 
3 1143 1243 1148 
3 1243 1237 1336 
3 1326 1427 1336 
3 1421 1525 1427 
3 1620 1525 1521 
3 1615 1718 1620 
3 1718 1713 1813 
3 1506 1609 1597 
3 1506 1501 1428 
3 1428 1404 1327 
3 1327 1299 1219 
3 1219 1194 1114 
3 1001 1114 1072 
3 1609 1697 1597 
3 1991 1896 1994 
3 1896 1886 1792 
3 1792 1689 1697 
3 861 815 753 
3 935 884 815 
3 964 884 1001 
3 2092 1991 1994 
3 2191 2091 2092 
3 2290 2188 2191 
3 2387 2288 2290 
3 2477 2387 2482 
3 2482 2570 2477 
3 2757 2668 2669 
3 2668 2570 2669 
3 2748 2757 2812 
3 2910 2914 2940 
3 2910 2865 2873 
3 2865 2791 2812 
3 2956 2940 2934 
3 2948 2959 2956 
3 2942 2959 2948 
3 2871 2902 2907 
3 2902 2926 2942 
3 2793 2871 2790 
3 2689 2793 2790 
3 2558 2540 2689 
3 2432 2540 2558 
3 2432 2329 2324 
3 2329 2221 2324 
3 2014 2113 2121 
3 2113 2221 2121 
3 2014 1911 2008 
3 1813 1907 1911 
3 409 520 519 
3 409 308 291 
3 135 103 110 
3 153 110 126 
3 185 126 162 
3 220 236 162 
3 291 308 220 
3 520 614 611 
3 683 695 614 
3 683 772 779 
3 772 864 868 
3 115 74 103 
3 864 959 961 
3 344 388 269 
3 243 269 191 
3 179 191 139 
3 140 139 100 
3 100 74 115 
3 468 521 388 
3 573 642 521 
3 753 642 686 
3 959 1050 1051 
3 1148 1050 1143 
3 1143 1237 1243 
3 1336 1237 1326 
3 1326 1421 1427 
3 1521 1525 1421 
3 1521 1615 1620 
3 1615 1713 1718 
3 1813 1713 1804 
3 1597 1501 1506 
3 1428 1501 1404 
3 1404 1299 1327 
3 1219 1299 1194 
3 1114 1194 1072 
3 1001 1072 964 
3 1697 1689 1597 
3 1896 1991 1886 
3 1792 1886 1780 
3 1780 1689 1792 
3 753 815 706 
3 815 884 771 
3 964 855 884 
3 2091 1991 2092 
3 2191 2188 2091 
3 2288 2188 2290 
3 2382 2288 2387 
3 2477 2382 2387 
3 2477 2570 2559 
3 2748 2668 2757 
3 2559 2570 2668 
3 2812 2791 2748 
3 2932 2910 2940 
3 2900 2865 2910 
3 2829 2791 2865 
3 2951 2940 2956 
3 2956 2959 2951 
3 2926 2959 2942 
3 2801 2902 2871 
3 2820 2926 2902 
3 2801 2871 2793 
3 2689 2683 2793 
3 2689 2540 2683 
3 2425 2540 2432 
3 2324 2425 2432 
3 2324 2221 2215 
3 2008 2113 2014 
3 2215 2221 2113 
3 1911 1907 2008 
3 1813 1804 1907 
3 409 416 520 
3 291 416 409 
3 103 65 110 
3 126 110 72 
3 126 108 162 
3 220 162 145 
3 220 202 291 
3 520 540 614 
3 683 614 639 
3 683 701 772 
3 772 862 864 
3 103 74 65 
3 864 862 959 
3 388 317 269 
3 269 219 191 
3 191 148 139 
3 139 106 100 
3 62 74 100 
3 388 521 453 
3 521 642 597 
3 706 642 753 
3 952 1050 959 
3 1143 1050 1046 
3 1135 1237 1143 
3 1237 1222 1326 
3 1322 1421 1326 
3 1421 1419 1521 
3 1521 1515 1615 
3 1612 1713 1615 
3 1804 1713 1707 
3 1597 1588 1501 
3 1404 1501 1487 
3 1379 1299 1404 
3 1194 1299 1267 
3 1194 1152 1072 
3 1072 1038 964 
3 1689 1588 1597 
3 1987 1886 1991 
3 1886 1879 1780 
3 1676 1689 1780 
3 706 815 771 
3 884 855 771 
3 917 855 964 
3 2091 1987 1991 
3 2091 2188 2085 
3 2282 2188 2288 
3 2282 2288 2382 
3 2465 2382 2477 
3 2477 2559 2465 
3 2654 2668 2748 
3 2654 2559 2668 
3 2791 2713 2748 
3 2932 2940 2951 
3 2932 2900 2910 
3 2829 2865 2900 
3 2829 2739 2791 
3 2951 2959 2919 
3 2919 2959 2926 
3 2801 2820 2902 
3 2820 2817 2926 
3 2793 2683 2801 
3 2683 2540 2536 
3 2536 2540 2425 
3 2324 2318 2425 
3 2215 2318 2324 
3 2008 2108 2113 
3 2113 2108 2215 
3 1907 2006 2008 
3 1804 1903 1907 
3 416 540 520 
3 291 297 416 
3 110 65 72 
3 72 108 126 
3 162 108 145 
3 145 202 220 
3 291 202 297 
3 614 540 639 
3 639 701 683 
3 772 701 768 
3 768 862 772 
3 74 26 65 
3 959 862 952 
3 269 317 219 
3 453 317 388 
3 191 219 148 
3 148 106 139 
3 100 106 62 
3 62 26 74 
3 521 597 453 
3 597 642 706 
3 1046 1050 952 
3 1046 1135 1143 
3 1135 1222 1237 
3 1326 1222 1322 
3 1322 1419 1421 
3 1521 1419 1515 
3 1515 1612 1615 
3 1707 1713 1612 
3 1707 1800 1804 
3 1501 1588 1487 
3 1487 1379 1404 
3 1267 1299 1379 
3 1267 1152 1194 
3 1072 1152 1038 
3 964 1038 917 
3 1676 1588 1689 
3 1987 1879 1886 
3 1780 1879 1758 
3 1758 1676 1780 
3 706 771 669 
3 771 855 739 
3 803 855 917 
3 2085 1987 2091 
3 2188 2181 2085 
3 2282 2181 2188 
3 2382 2368 2282 
3 2465 2368 2382 
3 2465 2559 2537 
3 2748 2713 2654 
3 2537 2559 2654 
3 2739 2713 2791 
3 2916 2932 2951 
3 2896 2900 2932 
3 2827 2829 2900 
3 2714 2739 2829 
3 2919 2916 2951 
3 2926 2817 2919 
3 2801 2686 2820 
3 2687 2817 2820 
3 2683 2686 2801 
3 2536 2686 2683 
3 2425 2418 2536 
3 2318 2418 2425 
3 2215 2211 2318 
3 2008 2006 2108 
3 2108 2211 2215 
3 1907 1903 2006 
3 1800 1903 1804 
3 416 457 540 
3 297 457 416 
3 72 65 12 
3 43 108 72 
3 145 108 87 
3 129 202 145 
3 202 204 297 
3 639 540 581 
3 701 639 581 
3 768 701 656 
3 854 862 768 
3 65 26 12 
3 952 862 854 
3 219 317 247 
3 362 317 453 
3 219 170 148 
3 148 116 106 
3 62 106 64 
3 8 26 62 
3 453 597 566 
3 669 597 706 
3 952 945 1046 
3 1046 1033 1135 
3 1123 1222 1135 
3 1322 1222 1220 
3 1314 1419 1322 
3 1419 1417 1515 
3 1515 1510 1612 
3 1612 1610 1707 
3 1707 1702 1800 
3 1487 1588 1565 
3 1487 1452 1379 
3 1379 1335 1267 
3 1267 1221 1152 
3 1038 1152 1111 
3 917 1038 987 
3 1565 1588 1676 
3 1986 1879 1987 
3 1879 1807 1758 
3 1758 1635 1676 
3 669 771 739 
3 739 855 803 
3 917 871 803 
3 1986 1987 2085 
3 2085 2181 2077 
3 2266 2181 2282 
3 2282 2368 2266 
3 2437 2368 2465 
3 2537 2437 2465 
3 2654 2713 2610 
3 2610 2537 2654 
3 2625 2713 2739 
3 2916 2896 2932 
3 2896 2827 2900 
3 2714 2829 2827 
3 2596 2739 2714 
3 2815 2916 2919 
3 2919 2817 2815 
3 2686 2687 2820 
3 2681 2817 2687 
3 2534 2686 2536 
3 2418 2534 2536 
3 2318 2311 2418 
3 2318 2211 2311 
3 2006 2103 2108 
3 2108 2103 2211 
3 2006 1903 2000 
3 1899 1903 1800 
3 540 457 581 
3 368 457 297 
3 72 12 43 
3 87 108 43 
3 87 129 145 
3 129 204 202 
3 297 204 368 
3 656 701 581 
3 656 744 768 
3 744 854 768 
3 12 26 4 
3 854 945 952 
3 247 317 362 
3 219 247 170 
3 453 488 362 
3 148 170 116 
3 106 116 64 
3 62 64 8 
3 4 26 8 
3 566 597 669 
3 566 488 453 
3 945 1033 1046 
3 1033 1123 1135 
3 1220 1222 1123 
3 1220 1314 1322 
3 1314 1417 1419 
3 1515 1417 1510 
3 1510 1610 1612 
3 1707 1610 1702 
3 1702 1798 1800 
3 1487 1565 1452 
3 1452 1335 1379 
3 1267 1335 1221 
3 1152 1221 1111 
3 1038 1111 987 
3 987 871 917 
3 1676 1635 1565 
3 1891 1879 1986 
3 1758 1807 1703 
3 1891 1807 1879 
3 1703 1635 1758 
3 739 633 669 
3 739 803 693 
3 803 871 764 
3 2077 1986 2085 
3 2077 2181 2164 
3 2164 2181 2266 
3 2266 2368 2342 
3 2342 2368 2437 
3 2504 2437 2537 
3 2610 2713 2625 
3 2610 2504 2537 
3 2625 2739 2596 
3 2804 2896 2916 
3 2758 2827 2896 
3 2714 2827 2758 
3 2547 2596 2714 
3 2815 2804 2916 
3 2815 2817 2681 
3 2534 2687 2686 
3 2687 2533 2681 
3 2415 2534 2418 
3 2418 2311 2415 
3 2311 2211 2206 
3 2000 2103 2006 
3 2211 2103 2206 
3 2000 1903 1899 
3 1800 1798 1899 
3 581 457 536 
3 536 457 368 
3 43 12 5 
3 43 9 87 
3 87 59 129 
3 141 204 129 
3 204 234 368 
3 581 536 656 
3 630 744 656 
3 744 840 854 
3 12 4 5 
3 854 840 945 
3 294 247 362 
3 170 247 203 
3 362 488 422 
3 116 170 144 
3 64 116 91 
3 8 64 21 
3 4 8 2 
3 669 633 566 
3 524 488 566 
3 945 932 1033 
3 1033 1021 1123 
3 1119 1220 1123 
3 1220 1214 1314 
3 1313 1417 1314 
3 1417 1409 1510 
3 1507 1610 1510 
3 1702 1610 1605 
3 1699 1798 1702 
3 1565 1524 1452 
3 1413 1335 1452 
3 1221 1335 1298 
3 1111 1221 1190 
3 1111 1063 987 
3 948 871 987 
3 1565 1635 1524 
3 1986 1979 1891 
3 1703 1807 1779 
3 1880 1807 1891 
3 1598 1635 1703 
3 693 633 739 
3 693 803 764 
3 764 871 829 
3 2077 1979 1986 
3 2061 2077 2164 
3 2239 2164 2266 
3 2239 2266 2342 
3 2400 2342 2437 
3 2400 2437 2504 
3 2520 2610 2625 
3 2520 2504 2610 
3 2596 2521 2625 
3 2804 2758 2896 
3 2714 2758 2679 
3 2679 2547 2714 
3 2440 2596 2547 
3 2815 2678 2804 
3 2681 2678 2815 
3 2534 2533 2687 
3 2533 2530 2681 
3 2415 2533 2534 
3 2311 2309 2415 
3 2206 2309 2311 
3 2000 2099 2103 
3 2103 2099 2206 
3 1899 1998 2000 
3 1899 1798 1897 
3 536 368 497 
3 43 5 9 
3 87 9 59 
3 59 141 129 
3 141 234 204 
3 234 348 368 
3 656 536 630 
3 630 729 744 
3 729 840 744 
3 5 4 0 
3 840 932 945 
3 294 362 422 
3 203 247 294 
3 144 170 203 
3 422 488 524 
3 91 116 144 
3 64 91 21 
3 8 21 2 
3 4 2 0 
3 566 633 524 
3 1033 932 1021 
3 1123 1021 1119 
3 1119 1214 1220 
3 1314 1214 1313 
3 1313 1409 1417 
3 1510 1409 1507 
3 1605 1610 1507 
3 1605 1699 1702 
3 1797 1798 1699 
3 1452 1524 1413 
3 1298 1335 1413 
3 1190 1221 1298 
3 1190 1063 1111 
3 987 1063 948 
3 829 871 948 
3 1524 1635 1598 
3 1891 1979 1880 
3 1779 1807 1880 
3 1679 1703 1779 
3 1679 1598 1703 
3 585 633 693 
3 693 764 648 
3 707 764 829 
3 2061 1979 2077 
3 2164 2135 2061 
3 2239 2135 2164 
3 2239 2342 2297 
3 2297 2342 2400 
3 2431 2400 2504 
3 2625 2521 2520 
3 2431 2504 2520 
3 2440 2521 2596 
3 2804 2679 2758 
3 2532 2547 2679 
3 2440 2547 2421 
3 2678 2679 2804 
3 2530 2678 2681 
3 2412 2530 2533 
3 2412 2533 2415 
3 2415 2309 2412 
3 2206 2203 2309 
3 1998 2099 2000 
3 2206 2099 2203 
3 1899 1897 1998 
3 1897 1798 1797 
3 368 348 497 
3 536 497 630 
3 9 5 3 
3 9 17 59 
3 59 119 141 
3 218 234 141 
3 218 348 234 
3 608 729 630 
3 729 819 840 
3 3 5 0 
3 819 932 840 
3 422 355 294 
3 203 294 246 
3 203 169 144 
3 422 524 486 
3 91 144 118 
3 91 60 21 
3 2 21 7 
3 0 2 1 
3 524 633 585 
3 932 915 1021 
3 1021 1017 1119 
3 1119 1115 1214 
3 1214 1209 1313 
3 1308 1409 1313 
3 1409 1405 1507 
3 1507 1504 1605 
3 1602 1699 1605 
3 1699 1700 1797 
3 1413 1524 1493 
3 1298 1413 1381 
3 1190 1298 1258 
3 1134 1063 1190 
3 948 1063 1015 
3 829 948 889 
3 1493 1524 1598 
3 1880 1979 1958 
3 1779 1880 1849 
3 1779 1740 1679 
3 1568 1598 1679 
3 585 693 648 
3 648 764 707 
3 707 829 769 
3 1958 1979 2061 
3 2061 2135 2029 
3 2189 2135 2239 
3 2239 2297 2189 
3 2331 2297 2400 
3 2331 2400 2431 
3 2521 2472 2520 
3 2417 2431 2520 
3 2440 2472 2521 
3 2532 2679 2678 
3 2421 2547 2532 
3 2421 2322 2440 
3 2532 2678 2530 
3 2411 2530 2412 
3 2412 2309 2305 
3 2309 2203 2305 
3 1998 2097 2099 
3 2099 2097 2203 
3 1998 1897 1999 
3 1797 1898 1897 
3 497 348 491 
3 497 608 630 
3 3 17 9 
3 17 119 59 
3 141 119 218 
3 343 348 218 
3 608 710 729 
3 729 710 819 
3 0 6 3 
3 819 915 932 
3 294 355 246 
3 422 486 355 
3 246 169 203 
3 144 169 118 
3 486 524 585 
3 118 60 91 
3 21 60 7 
3 2 7 1 
3 1 6 0 
3 1021 915 1017 
3 1017 1115 1119 
3 1115 1209 1214 
3 1209 1308 1313 
3 1308 1405 1409 
3 1405 1504 1507 
3 1605 1504 1602 
3 1602 1700 1699 
3 1797 1700 1799 
3 1413 1493 1381 
3 1298 1381 1258 
3 1190 1258 1134 
3 1015 1063 1134 
3 948 1015 889 
3 829 889 769 
3 1493 1598 1568 
3 1849 1880 1958 
3 1849 1740 1779 
3 1679 1740 1630 
3 1568 1679 1630 
3 585 648 545 
3 601 648 707 
3 707 769 657 
3 2061 2029 1958 
3 2029 2135 2089 
3 2089 2135 2189 
3 2297 2236 2189 
3 2331 2236 2297 
3 2431 2336 2331 
3 2520 2472 2417 
3 2417 2336 2431 
3 2333 2472 2440 
3 2532 2414 2421 
3 2322 2333 2440 
3 2310 2322 2421 
3 2530 2414 2532 
3 2305 2411 2412 
3 2411 2414 2530 
3 2203 2202 2305 
3 1999 2097 1998 
3 2203 2097 2202 
3 1897 1898 1999 
3 1797 1799 1898 
3 491 348 343 
3 497 491 608 
3 3 31 17 
3 121 119 17 
3 119 211 218 
3 218 211 343 
3 608 595 710 
3 710 808 819 
3 6 31 3 
3 819 808 915 
3 246 355 303 
3 355 486 434 
3 216 169 246 
3 118 169 151 
3 545 486 585 
3 114 60 118 
3 7 60 85 
3 1 7 81 
3 1 82 6 
3 915 910 1017 
3 1017 1011 1115 
3 1115 1110 1209 
3 1209 1204 1308 
3 1306 1405 1308 
3 1402 1504 1405 
3 1602 1504 1503 
3 1602 1604 1700 
3 1799 1700 1704 
3 1381 1493 1454 
3 1258 1381 1328 
3 1134 1258 1201 
3 1015 1134 1078 
3 889 1015 962 
3 769 889 846 
3 1454 1493 1568 
3 1958 1920 1849 
3 1812 1740 1849 
3 1630 1740 1698 
3 1630 1522 1568 
3 545 648 601 
3 601 707 657 
3 769 708 657 
3 2029 1920 1958 
3 1992 2029 2089 
3 2111 2089 2189 
3 2189 2236 2111 
3 2242 2236 2331 
3 2331 2336 2242 
3 2417 2472 2332 
3 2332 2336 2417 
3 2332 2472 2333 
3 2421 2414 2310 
3 2220 2333 2322 
3 2212 2322 2310 
3 2305 2308 2411 
3 2411 2308 2414 
3 2202 2308 2305 
3 2100 2097 1999 
3 2202 2097 2100 
3 1898 2001 1999 
3 1799 1904 1898 
3 343 482 491 
3 491 595 608 
3 17 31 121 
3 121 211 119 
3 211 329 343 
3 710 595 700 
3 700 808 710 
3 94 31 6 
3 808 910 915 
3 303 355 434 
3 246 303 216 
3 434 486 545 
3 151 169 216 
3 118 151 114 
3 85 60 114 
3 81 7 85 
3 1 81 82 
3 6 82 94 
3 910 1011 1017 
3 1115 1011 1110 
3 1110 1204 1209 
3 1308 1204 1306 
3 1402 1405 1306 
3 1503 1504 1402 
3 1503 1604 1602 
3 1700 1604 1704 
3 1704 1803 1799 
3 1328 1381 1454 
3 1258 1328 1201 
3 1134 1201 1078 
3 962 1015 1078 
3 889 962 846 
3 846 708 769 
3 1568 1522 1454 
3 1849 1920 1812 
3 1698 1740 1812 
3 1594 1630 1698 
3 1594 1522 1630 
3 545 601 494 
3 601 657 551 
3 657 708 600 
3 1992 1920 2029 
3 2111 1992 2089 
3 2111 2236 2139 
3 2139 2236 2242 
3 2242 2336 2234 
3 2234 2336 2332 
3 2333 2228 2332 
3 2414 2308 2310 
3 2212 2220 2322 
3 2220 2228 2333 
3 2204 2212 2310 
3 2204 2308 2202 
3 1999 2001 2100 
3 2204 2202 2100 
3 1898 1904 2001 
3 1799 1803 1904 
3 482 595 491 
3 343 329 482 
3 94 121 31 
3 201 211 121 
3 201 329 211 
3 700 595 588 
3 700 802 808 
3 802 910 808 
3 434 373 303 
3 216 303 264 
3 434 545 494 
3 199 151 216 
3 114 151 171 
3 114 172 85 
3 85 168 81 
3 81 181 82 
3 82 192 94 
3 902 1011 910 
3 1110 1011 1006 
3 1107 1204 1110 
3 1306 1204 1202 
3 1306 1304 1402 
3 1402 1401 1503 
3 1505 1604 1503 
3 1704 1604 1608 
3 1708 1803 1704 
3 1454 1410 1328 
3 1201 1328 1302 
3 1078 1201 1149 
3 1078 1029 962 
3 846 962 908 
3 791 708 846 
3 1454 1522 1410 
3 1812 1920 1884 
3 1812 1777 1698 
3 1668 1594 1698 
3 1488 1522 1594 
3 494 601 551 
3 551 657 600 
3 708 679 600 
3 1884 1920 1992 
3 2028 1992 2111 
3 2028 2111 2139 
3 2137 2139 2242 
3 2234 2137 2242 
3 2332 2228 2234 
3 2310 2308 2204 
3 2109 2220 2212 
3 2118 2228 2220 
3 2204 2104 2212 
3 2001 2104 2100 
3 2100 2104 2204 
3 1904 2007 2001 
3 1904 1803 1906 
3 588 595 482 
3 482 329 473 
3 121 94 201 
3 322 329 201 
3 588 696 700 
3 700 696 802 
3 802 902 910 
3 303 373 264 
3 494 373 434 
3 216 264 199 
3 171 151 199 
3 114 171 172 
3 85 172 168 
3 81 168 181 
3 181 192 82 
3 94 192 201 
3 1006 1011 902 
3 1006 1107 1110 
3 1202 1204 1107 
3 1202 1304 1306 
3 1304 1401 1402 
3 1401 1505 1503 
3 1608 1604 1505 
3 1608 1708 1704 
3 1810 1803 1708 
3 1328 1410 1302 
3 1201 1302 1264 
3 1149 1201 1264 
3 1149 1029 1078 
3 962 1029 908 
3 846 908 791 
3 791 679 708 
3 1410 1522 1488 
3 1884 1777 1812 
3 1698 1777 1668 
3 1556 1594 1668 
3 1488 1594 1556 
3 494 551 443 
3 600 487 551 
3 600 679 565 
3 1884 1992 1936 
3 1936 1992 2028 
3 2139 2032 2028 
3 2137 2032 2139 
3 2129 2137 2234 
3 2234 2228 2129 
3 2212 2104 2109 
3 2109 2118 2220 
3 2129 2228 2118 
3 2001 2007 2104 
3 1906 2007 1904 
3 1906 1803 1810 
3 473 588 482 
3 473 329 322 
3 201 192 322 
3 583 696 588 
3 802 696 794 
3 794 902 802 
3 264 373 339 
3 443 373 494 
3 264 271 199 
3 199 259 171 
3 172 171 285 
3 172 293 168 
3 168 299 181 
3 181 310 192 
3 1006 902 897 
3 1006 999 1107 
3 1107 1100 1202 
3 1202 1199 1304 
3 1303 1401 1304 
3 1403 1505 1401 
3 1608 1505 1508 
3 1608 1611 1708 
3 1708 1715 1810 
3 1302 1410 1376 
3 1264 1302 1376 
3 1149 1264 1215 
3 1105 1029 1149 
3 908 1029 985 
3 791 908 875 
3 780 679 791 
3 1376 1410 1488 
3 1837 1777 1884 
3 1668 1777 1733 
3 1668 1624 1556 
3 1430 1488 1556 
3 551 487 443 
3 565 487 600 
3 565 679 674 
3 1837 1884 1936 
3 1928 1936 2028 
3 2028 2032 1928 
3 2026 2032 2137 
3 2129 2026 2137 
3 2104 2007 2109 
3 2011 2118 2109 
3 2129 2118 2019 
3 2011 2007 1906 
3 1810 1912 1906 
3 473 583 588 
3 322 465 473 
3 192 310 322 
3 691 696 583 
3 794 696 691 
3 897 902 794 
3 339 373 443 
3 339 271 264 
3 271 259 199 
3 171 259 285 
3 172 285 293 
3 168 293 299 
3 299 310 181 
3 897 999 1006 
3 999 1100 1107 
3 1100 1199 1202 
3 1199 1303 1304 
3 1403 1401 1303 
3 1403 1407 1505 
3 1505 1407 1508 
3 1508 1611 1608 
3 1611 1715 1708 
3 1810 1715 1814 
3 1376 1324 1264 
3 1264 1324 1215 
3 1105 1149 1215 
3 985 1029 1105 
3 908 985 875 
3 791 875 780 
3 674 679 780 
3 1376 1488 1430 
3 1733 1777 1837 
3 1733 1624 1668 
3 1556 1624 1509 
3 1430 1556 1509 
3 443 487 420 
3 420 487 565 
3 565 674 557 
3 1928 1837 1936 
3 1928 2032 1925 
3 1925 2032 2026 
3 2019 2026 2129 
3 2109 2007 2011 
3 2019 2118 2011 
3 1906 1912 2011 
3 1810 1814 1912 
3 465 583 473 
3 322 310 465 
3 691 583 579 
3 790 794 691 
3 897 794 790 
3 339 443 420 
3 271 339 420 
3 259 271 428 
3 259 440 285 
3 285 450 293 
3 293 454 299 
3 460 310 299 
3 893 999 897 
3 999 994 1100 
3 1099 1199 1100 
3 1199 1200 1303 
3 1303 1307 1403 
3 1307 1407 1403 
3 1508 1407 1412 
3 1508 1513 1611 
3 1614 1715 1611 
3 1814 1715 1717 
3 1430 1324 1376 
3 1215 1324 1300 
3 1105 1215 1192 
3 985 1105 1068 
3 875 985 967 
3 780 875 879 
3 782 674 780 
3 1837 1823 1733 
3 1719 1624 1733 
3 1509 1624 1613 
3 1509 1394 1430 
3 565 557 420 
3 557 674 673 
3 1928 1823 1837 
3 1925 1823 1928 
3 1925 2026 1918 
3 1918 2026 2019 
3 2011 1912 2019 
3 1912 1814 1918 
3 579 583 465 
3 465 310 460 
3 691 579 687 
3 687 790 691 
3 893 897 790 
3 428 271 420 
3 428 440 259 
3 285 440 450 
3 450 454 293 
3 299 454 460 
3 893 994 999 
3 1100 994 1099 
3 1099 1200 1199 
3 1303 1200 1307 
3 1309 1407 1307 
3 1412 1407 1309 
3 1412 1513 1508 
3 1611 1513 1614 
3 1717 1715 1614 
3 1717 1819 1814 
3 1394 1324 1430 
3 1300 1324 1394 
3 1192 1215 1300 
3 1068 1105 1192 
3 967 985 1068 
3 875 967 879 
3 780 879 782 
3 673 674 782 
3 1733 1823 1719 
3 1613 1624 1719 
3 1509 1613 1473 
3 1473 1394 1509 
3 420 557 428 
3 562 557 673 
3 1819 1823 1925 
3 1918 1819 1925 
3 1912 1918 2019 
3 1814 1819 1918 
3 465 460 579 
3 579 574 687 
3 787 790 687 
3 787 893 790 
3 562 440 428 
3 450 440 568 
3 571 454 450 
3 460 454 574 
3 888 994 893 
3 1099 994 992 
3 1098 1200 1099 
3 1307 1200 1203 
3 1203 1309 1307 
3 1309 1316 1412 
3 1420 1513 1412 
3 1513 1519 1614 
3 1614 1613 1717 
3 1719 1819 1717 
3 1300 1394 1271 
3 1192 1300 1271 
3 1068 1192 1155 
3 967 1068 1019 
3 879 967 1019 
3 782 879 885 
3 673 782 778 
3 1719 1823 1819 
3 1717 1613 1719 
3 1473 1613 1519 
3 1351 1394 1473 
3 428 557 562 
3 562 673 676 
3 460 574 579 
3 574 684 687 
3 687 684 787 
3 787 888 893 
3 568 440 562 
3 568 571 450 
3 574 454 571 
3 992 994 888 
3 992 1098 1099 
3 1203 1200 1098 
3 1213 1309 1203 
3 1316 1420 1412 
3 1213 1316 1309 
3 1420 1519 1513 
3 1519 1613 1614 
3 1271 1394 1351 
3 1155 1192 1271 
3 1019 1068 1155 
3 885 879 1019 
3 778 782 885 
3 673 778 676 
3 1473 1519 1420 
3 1351 1473 1420 
3 562 676 568 
3 571 684 574 
3 787 684 783 
3 783 888 787 
3 568 678 571 
3 888 882 992 
3 992 990 1098 
3 1103 1203 1098 
3 1103 1213 1203 
3 1351 1420 1316 
3 1213 1238 1316 
3 1351 1238 1271 
3 1271 1238 1155 
3 1019 1155 1118 
3 885 1019 995 
3 880 778 885 
3 778 781 676 
3 568 676 678 
3 678 684 571 
3 783 684 678 
3 783 882 888 
3 882 990 992 
3 1098 990 1103 
3 1103 1118 1213 
3 1316 1238 1351 
3 1118 1238 1213 
3 1155 1238 1118 
3 1019 1118 995 
3 885 995 880 
3 880 781 778 
3 676 781 678 
3 678 781 783 
3 781 882 783 
3 880 990 882 
3 1103 990 995 
3 995 1118 1103 
3 995 990 880 
3 880 882 781 

