# vtk DataFile Version 4.2
vtk output
ASCII
DATASET POLYDATA
POINTS 3003 float
-164.941 -15.903 -302.043 -164.425 -20.0447 -289.103 -164.022 -5.55976 -292.747 
-163.95 -1.72693 -305.046 -163.732 -30.4329 -298.629 -162.634 -34.0913 -285.909 
-162.533 -9.43055 -279.798 -162.279 -23.5765 -276.267 -162.031 -11.667 -314.055 
-161.49 -25.8759 -311.235 -161.198 8.20441 -296.025 -160.728 -43.8943 -295.727 
-160.698 4.75793 -283.72 -160.382 -40.015 -307.635 -160.234 10.5961 -304.093 
-159.941 -12.9179 -267.01 -159.714 -37.3308 -273.128 -159.494 1.70125 -314.898 
-158.789 1.108 -270.797 -158.761 -47.3156 -283.265 -158.703 -26.8379 -263.516 
-158.148 -53.5105 -304.854 -157.022 18.7716 -288.436 -156.637 -56.6699 -293.502 
-156.608 22.5643 -302.441 -156.503 -49.2089 -316.186 -156.434 14.1518 -313.674 
-156.019 -16.4214 -254.428 -155.874 -2.51214 -258.153 -155.797 15.1224 -275.24 
-155.334 -40.3506 -260.417 -154.969 -50.4262 -270.456 -154.955 -34.7831 -318.802 
-154.461 -64.0491 -309.528 -154.16 -30.129 -250.9 -154.086 -20.9235 -320.948 
-153.55 11.4655 -262.414 -153.119 -59.7974 -280.943 -152.74 -7.20799 -321.319 
-152.581 25.942 -311.998 -151.98 -6.29774 -245.684 -151.851 32.006 -294.165 
-151.254 -20.0583 -241.998 -151.009 28.6883 -280.692 -150.71 -9.01875 95.9642 
-150.473 6.03038 -321.694 -150.472 7.64598 -249.841 -150.438 2.11145 104.55 
-150.43 -11.0433 109.907 -150.395 -43.3817 -247.791 -150.379 35.1689 -307.835 
-150.344 -7.16604 82.1038 -150.312 -68.6932 -291.848 -150.211 -0.461242 118.446 
-150.18 -53.282 -257.692 -150.158 -20.5996 87.5086 -150.054 4.29846 90.582 
-150.021 12.8522 113.082 -149.837 6.30907 76.5566 -149.771 -22.2134 101.224 
-149.473 -18.5888 73.7259 -149.462 19.712 70.8056 -149.412 -5.17265 68.1866 
-149.344 25.0532 -267.463 -149.286 8.11825 62.4302 -149.219 21.4285 55.9762 
-149.201 17.7538 85.0722 -149.112 33.183 64.5857 -149.105 15.5473 99.2129 
-148.926 23.0626 122.118 -148.916 34.8768 48.0083 -148.904 -33.391 -238.484 
-148.871 -32.3164 79.1561 -148.697 -16.7086 59.9171 -148.608 -3.49246 54.2504 
-148.606 9.68581 48.0778 -148.55 -30.2173 65.3043 -148.534 22.7501 41.0436 
-148.533 31.3496 79.7598 -148.511 -62.7169 -268.095 -148.487 47.0363 54.7785 
-148.25 35.7253 33.3229 -148.216 26.3733 108.289 -148.128 45.9587 65.0105 
-147.918 48.2722 39.3694 -147.889 29.1371 94.0669 -147.835 -57.5524 -322.893 
-147.804 -34.003 92.8708 -147.8 -28.5003 51.5555 -147.792 -15.1517 46.115 
-147.776 9.81497 126.32 -147.769 44.8812 75.2425 -147.588 23.41 26.7738 
-147.585 10.7765 33.8369 -147.487 -2.09157 40.2961 -147.386 -10.2374 -233.304 
-147.378 -26.8384 37.8283 -147.309 -70.6413 -317.725 -147.079 35.7256 19.3855 
-147.039 18.9671 -320.257 -147.016 21.1821 -254.456 -146.974 -13.2517 123.6 
-146.849 -40.1473 42.9774 -146.827 -13.7844 32.3042 -146.804 48.1694 25.2298 
-146.705 -25.3704 24.139 -146.6 -41.96 56.7075 -146.593 42.8193 89.3195 
-146.568 -23.6253 -229.396 -146.545 11.3023 19.9826 -146.542 -1.09048 26.4022 
-146.482 23.3631 13.2115 -146.31 3.33474 -237.439 -146.262 -12.8309 18.6492 
-146.19 -76.75 -303.752 -146.166 -38.3473 29.2919 -146.049 -0.631257 12.7704 
-146.01 -43.3582 -323.28 -145.921 44.5519 -300.468 -145.914 11.2051 6.53687 
-145.854 -23.2034 114.397 -145.763 39.7874 103.493 -145.734 59.9087 58.1338 
-145.697 34.9582 5.83617 -145.693 36.1399 118.917 -145.628 -12.4293 5.24919 
-145.506 -0.808 -0.601216 -145.479 41.1247 -286.565 -145.465 -24.2987 10.6831 
-145.463 -71.4306 -278.94 -145.455 22.8365 -0.123448 -145.419 -43.3712 70.3992 
-145.322 60.4971 44.7053 -145.182 10.6092 -6.68519 -145.14 -46.3272 -235.243 
-145.037 32.0871 -318.952 -145.011 -56.0597 -245.025 -144.776 -2.81489 131.26 
-144.76 46.957 11.4154 -144.717 58.0036 71.0126 -144.546 -12.6279 -7.9481 
-144.414 56.3054 84.5986 -144.295 -36.51 15.8205 -144.233 -1.55842 -13.6036 
-144.182 -29.7485 -324.336 -143.987 -36.6424 -225.865 -143.981 37.6957 -273.015 
-143.871 22.0744 -13.5333 -143.754 -23.9424 -2.37896 -143.677 34.0887 -7.51942 
-143.625 16.8425 -241.816 -143.554 60.2781 31.0897 -143.526 45.0049 -314.626 
-143.406 9.73301 -19.8847 -143.341 -65.3794 -255.349 -143.32 18.4659 133.382 
-143.304 -51.034 34.1937 -143.142 -44.6302 83.9958 -142.956 -33.5171 105.707 
-142.5 -15.9833 -324.852 -142.427 -52.8148 47.9848 -142.413 53.0277 98.3105 
-142.381 -14.2439 -220.945 -142.327 -35.2865 2.72824 -142.288 -13.0024 -20.9464 
-141.963 -48.8712 20.7283 -141.956 33.8557 -259.699 -141.821 -79.8092 -290.166 
-141.816 -2.73247 -26.4116 -141.782 -0.976479 -225.121 -141.594 -23.2315 -15.7165 
-141.509 45.3965 -1.84686 -141.351 21.0815 -26.8272 -141.305 -27.1713 -216.933 
-141.21 58.7319 17.3241 -141.036 30.0606 132.028 -140.746 48.9342 112.33 
-140.487 -2.51622 -324.565 -140.464 -74.1739 -266.034 -140.12 -53.6856 61.4656 
-139.871 -49.1274 -222.656 -139.812 8.56683 -32.7337 -139.768 -58.748 -232.382 
-139.742 -46.8893 7.54998 -139.714 32.9347 -20.3547 -139.689 -34.4851 -10.2142 
-139.601 12.2019 -229.47 -139.451 -22.6839 125.275 -139.155 8.24727 137.13 
-139.109 29.5827 -246.78 -139.04 -39.76 -213.177 -138.997 52.8638 -292.846 
-138.939 55.3041 -307.669 -138.886 -16.2721 -32.2782 -138.601 -80.3223 -315.968 
-138.381 56.4029 3.75513 -138.277 70.904 51.2673 -138.252 -68.1019 -242.563 
-138.094 -4.10622 -38.8396 -137.982 44.1073 -14.8526 -137.963 69.592 65.0789 
-137.897 -18.0073 -208.221 -137.89 10.8501 -324.24 -137.71 -43.3656 96.6589 
-137.632 49.3898 -278.993 -137.287 -5.06485 -212.643 -137.269 -33.2758 -23.6702 
-137.263 67.5425 78.8338 -137.207 -45.4354 -5.41984 -137.043 -67.0086 -323.445 
-136.953 70.5303 37.5926 -136.844 -24.0224 -34.8396 -136.844 -30.6003 -204.055 
-136.765 -14.0823 133.302 -136.658 -60.3027 25.5664 -136.554 -82.3242 -277.134 
-136.543 -86.6295 -302.007 -136.359 -53.4775 74.6634 -136.243 19.5771 -39.554 
-135.951 7.20555 -45.7396 -135.941 64.7655 92.5346 -135.912 45.8241 -265.357 
-135.828 -61.9622 39.134 -135.784 -31.1793 118.11 -135.702 41.5868 129.914 
-135.645 24.6333 -324.007 -135.542 24.9768 -234.237 -135.534 -17.6089 -44.6431 
-135.498 31.6709 -33.2592 -135.341 -52.4241 -325.141 -135.328 -76.8276 -253.156 
-135.301 7.63951 -217.299 -135.283 -57.9582 12.2857 -135.142 -44.8038 -18.4175 
-134.874 -51.8274 -209.93 -134.802 -31.7727 -37.401 -134.772 21.3167 140.054 
-134.731 69.0747 23.9985 -134.599 53.2101 -9.67041 -134.571 -4.90958 -51.6624 
-134.304 60.8997 105.948 -134.178 -61.033 -219.8 -134.154 -42.6969 -200.379 
-134.143 -56.5133 -0.957149 -133.917 38.6452 -323.046 -133.761 -21.7298 -195.259 
-133.653 -38.6117 -325.661 -133.491 41.775 -252.135 -133.326 -9.04592 -199.93 
-133.105 -62.4997 52.4354 -132.82 44.0581 -26.5364 -132.785 -44.8872 -31.2674 
-132.709 -55.2719 -14.0368 -132.701 -70.3006 -229.853 -132.556 -17.245 -57.7427 
-132.388 52.3134 -320.529 -132.287 -33.7879 -191.159 -132.185 66.8489 10.3395 
-132.174 56.2933 117.809 -132.077 -30.6063 -50.9573 -132.072 -2.35901 139.275 
-131.907 63.8488 -299.782 -131.905 -24.8735 -325.899 -131.888 6.4509 -58.952 
-131.864 18.1231 -52.9985 -131.837 -89.7773 -288.691 -131.655 20.1421 -221.971 
-131.526 48.8834 -23.8967 -131.482 -85.0352 -264.053 -131.275 -4.51685 -64.5122 
-131.22 3.4993 -204.754 -130.918 -54.7296 -27.0726 -130.9 -51.6645 87.0567 
-130.749 30.2265 -46.5033 -130.603 60.3982 -285.204 -130.43 -44.2246 -44.4749 
-130.328 -39.4774 108.641 -130.124 64.857 -315.726 -130.123 -79.2346 -240.234 
-130.112 37.199 -239.445 -130.07 -25.2855 -181.93 -130.051 -53.8763 -197.158 
-129.984 -12.618 -186.829 -129.909 -11.2325 -325.892 -129.901 -67.7005 3.54409 
-129.7 -66.1896 -9.74883 -129.697 -69.2267 16.8426 -129.598 -44.318 -187.79 
-129.457 -16.3302 -70.866 -129.443 34.1036 139.265 -129.327 -63.1432 -206.919 
-129.302 63.7379 -3.42311 -129.246 -29.4291 -64.381 -129.097 -61.8082 65.3312 
-129.037 -63.5445 -23.6117 -128.833 51.1662 127.715 -128.788 56.8045 -271.374 
-128.611 -89.7546 -313.726 -128.505 42.2638 -39.6994 -128.44 -70.2954 30.1032 
-128.386 -33.9654 -178.976 -128.087 -0.261402 -191.892 -128.077 -23.5726 129.472 
-127.899 -58.3793 -38.4268 -127.868 7.16937 -71.3899 -127.853 78.0188 58.8406 
-127.849 -42.5881 -58.0479 -127.815 -3.37894 -77.2137 -127.807 15.5961 -209.708 
-127.692 2.27202 -325.804 -127.594 76.4568 72.6847 -127.439 16.9731 -66.2765 
-127.414 78.4334 44.9585 -127.403 10.6143 143.774 -127.387 -72.1969 -216.991 
-127.377 -77.3082 -323.36 -126.994 -15.9546 -173.469 -126.94 74.2018 86.468 
-126.702 -92.4242 -275.452 -126.702 -42.6454 -176.021 -126.644 -15.1212 -84.1263 
-126.624 52.993 -257.998 -126.607 -28.0675 -77.8143 -126.406 32.1516 -227.154 
-126.361 -29.8475 -168.133 -126.311 -87.4892 -250.997 -126.309 59.9895 -17.2979 
-126.107 28.6337 -60.1875 -126.057 77.6052 31.1268 -125.936 -70.8328 43.3727 
-125.872 -54.955 -184.481 -125.776 70.7713 99.963 -125.606 -75.6673 -18.936 
-125.57 -95.2853 -300.455 -125.514 -55.9611 -51.9702 -125.4 -3.579 -178.8 
-125.352 15.9582 -325.783 -125.293 -77.5494 -5.36965 -125.249 -40.9007 -71.6312 
-124.814 -61.9929 -325.81 -124.695 -64.6955 -193.972 -124.66 -72.7413 -32.7136 
-124.648 -26.727 -91.5732 -124.634 -81.0937 -227.31 -124.634 11.7235 -197.036 
-124.621 -2.20563 -90.2339 -124.454 -14.0536 -97.6976 -124.299 -48.1816 98.714 
-124.202 66.246 112.966 -124.156 -78.8265 7.97892 -124.036 -19.0765 -160.137 
-124.004 75.7793 17.4096 -123.866 74.2998 -306.768 -123.805 9.71534 -83.04 
-123.65 -59.4582 77.4669 -123.583 48.5334 -245.163 -123.483 55.0487 -31.7592 
-123.474 -43.2504 -163.31 -123.461 40.5948 -53.5462 -123.319 -12.5362 138.016 
-123.261 30.1003 -325.412 -123.178 -39.2043 -85.351 -123.097 16.0809 -79.4472 
-123.02 -32.1081 -154.967 -122.98 -47.7736 -326.139 -122.958 -25.569 -105.407 
-122.875 70.7894 -291.614 -122.838 27.4001 -214.82 -122.822 -53.6172 -65.4902 
-122.75 -6.51164 -165.576 -122.724 -69.5702 -46.3432 -122.711 -39.8548 111.17 
-122.609 24.1773 145.571 -122.524 -13.0681 -111.325 -122.428 -73.9336 -203.93 
-122.374 -54.6271 -171.975 -122.13 -32.6395 121.49 -122.112 -21.3 -146.721 
-122.074 8.26914 -184.096 -122.028 -1.50823 -103.61 -122.013 -24.4751 -119.223 
-121.997 -79.4826 21.2098 -121.987 50.2981 133.699 -121.791 -70.0479 56.1714 
-121.72 59.7015 124.605 -121.649 73.2615 3.6694 -121.622 -23.0574 -132.988 
-121.603 44.4957 -325.241 -121.561 -37.8625 -99.3624 -121.504 -94.9804 -262.253 
-121.386 26.6516 -73.6922 -121.303 -33.9418 -141.361 -121.124 -33.9429 -326.273 
-121.067 -8.90066 -152.155 -121.018 67.1888 -277.458 -121.003 -11.9916 -124.916 
-120.911 -89.5738 -237.972 -120.892 -98.6097 -287.189 -120.792 -87.483 -14.4046 
-120.786 -36.9268 -113.441 -120.73 -85.4088 -27.9318 -120.646 -35.614 -127.475 
-120.553 -65.6 -181.038 -120.489 -44.8848 -149.958 -120.443 -10.7474 -138.554 
-120.312 -51.4361 -79.1418 -120.274 58.9796 -324.637 -120.255 10.1929 -96.0212 
-119.933 43.3902 -232.756 -119.919 -66.3503 -59.7268 -119.76 5.31736 -170.918 
-119.628 -0.828991 -117.069 -119.569 -82.6927 -41.4191 -119.566 51.6076 -46.0044 
-119.553 23.1842 -202.357 -119.273 -82.6673 -214.218 -119.25 -88.6953 -0.933608 
-119.244 70.2868 -10.2227 -119.146 -20.1058 -326.306 -119.016 0.090534 144.536 
-118.945 -55.7073 -158.758 -118.942 -79.4214 34.2527 -118.651 -46.492 -136.207 
-118.632 -49.7555 -93.1765 -118.602 63.1271 -264.156 -118.447 72.9806 -321.218 
-118.191 2.88059 -157.572 -118.173 38.4869 -67.1077 -117.845 -48.7856 -107.483 
-117.842 -0.099762 -130.548 -117.669 -47.8304 -121.984 -117.665 -75.3117 -190.775 
-117.581 -87.4731 -322.99 -117.525 1.05647 -144.107 -117.498 22.9787 -88.2846 
-117.371 -56.0245 89.0434 -117.365 10.4829 -109.37 -117.161 19.6897 -189.463 
-117.05 -6.52138 -326.311 -116.972 -79.2856 -54.6909 -116.791 -63.3459 -73.0761 
-116.757 -97.2446 -311.775 -116.756 83.8084 66.5454 -116.584 84.7301 52.5918 
-116.553 37.8197 145.268 -116.527 -66.3002 -167.88 -116.47 81.9135 80.4051 
-116.469 66.514 -24.0719 -116.422 -89.0163 12.2359 -116.36 -67.5077 68.2627 
-116.327 38.3188 -220.463 -116.012 -97.1147 -249.141 -115.928 -57.1563 -145.168 
-115.844 58.8071 -251.187 -115.76 -101.311 -273.829 -115.752 84.4054 38.619 
-115.66 78.7692 94.0329 -115.652 -97.2952 -23.4193 -115.334 -22.6299 132.387 
-115.279 -91.1151 -224.924 -115.142 49.43 139.682 -115.094 -40.2322 113.698 
-115.076 -95.0344 -36.8956 -115.045 16.6071 -176.425 -114.859 7.07429 -326.307 
-114.806 -78.5241 47.043 -114.709 -72.0813 -325.974 -114.705 10.7063 -122.712 
-114.673 13.4463 148.487 -114.642 -60.9646 -86.882 -114.59 -98.6087 -9.91925 
-114.524 74.5599 107.337 -114.514 83.3365 24.6769 -114.045 79.8857 -297.379 
-113.997 21.9102 -101.749 -113.936 -58.4454 -130.991 -113.863 -103.081 -299.047 
-113.841 -83.8743 -201.09 -113.839 62.3427 -38.062 -113.621 14.1791 -163.045 
-113.45 -59.6928 -101.35 -113.414 35.9909 -80.7021 -113.242 -76.2079 -177.436 
-113.227 -75.3765 -67.6255 -113.168 -59.2199 -116.225 -113.166 11.2239 -136.151 
-113.09 33.7984 -208.063 -112.991 12.3192 -149.635 -112.967 -91.8615 -50.1162 
-112.812 -88.7541 25.2548 -112.808 68.7492 119.983 -112.783 21.0082 -326.271 
-112.774 81.5725 10.7968 -112.743 82.5966 -312.33 -112.708 -67.4095 -154.398 
-112.486 53.684 -238.719 -112.383 76.3967 -283.537 -112.337 -57.1666 -326.324 
-112.164 50.8344 -61.0579 -111.567 -98.9938 3.34704 -111.114 -51.4498 99.6695 
-110.788 35.2101 -326.123 -110.712 61.3974 131.878 -110.632 78.9759 -3.00966 
-110.582 21.4583 -114.996 -110.566 30.0073 -195.241 -110.423 -103.775 -260.6 
-110.355 -98.8236 -236.077 -110.321 -43.0699 -326.396 -110.23 -63.9479 79.8112 
-110.099 -71.8683 -80.8914 -110.056 72.6304 -270.146 -109.801 -9.24601 142.427 
-109.723 26.9894 150.825 -109.653 -92.2443 -211.741 -109.474 -65.8017 -107.221 
-109.44 -76.1995 59.4064 -109.421 -68.6738 -140.468 -109.328 -106.619 -285.665 
-109.317 -108.328 -18.9614 -109.278 -87.5981 -62.8435 -109.217 -106.691 -32.3909 
-109.204 59.2731 -52.0594 -109.056 33.5268 -94.138 -108.951 -84.9016 -187.565 
-108.927 48.3055 -226.485 -108.859 27.0776 -182.112 -108.771 -77.0608 -163.991 
-108.738 49.5432 -326.109 -108.581 -69.4584 -94.8017 -108.454 -32.2222 124.166 
-108.411 51.4529 142.637 -108.298 -29.1974 -326.385 -108.269 75.9092 -16.801 
-108.212 21.3135 -128.396 -108.145 -87.3494 37.9053 -107.41 -103.914 -45.6118 
-107.357 24.4342 -168.889 -107.25 -98.3647 16.1934 -107.171 -69.9412 -126.462 
-107.082 67.9371 -257.382 -107.066 -108.905 -5.658 -107.056 47.7054 -74.1901 
-106.752 64.0124 -325.693 -106.733 21.501 -141.814 -106.526 22.5591 -155.371 
-106.382 -95.779 -322.944 -106.184 -15.4773 -326.41 -105.898 -46.3717 108.203 
-105.875 72.4479 -30.5972 -105.795 3.08251 148.426 -105.549 43.4321 -214.073 
-105.538 -105.587 -311.107 -105.498 -71.9106 -113.091 -105.498 32.0392 -107.398 
-105.417 -83.1706 -75.5579 -105.212 89.8762 60.2496 -105.105 88.2886 74.2387 
-104.789 90.1955 46.1809 -104.764 -105.704 -247.577 -104.678 -100.167 -222.944 
-104.62 85.6456 88.0553 -104.563 -78.0495 -150.335 -104.412 -81.3944 -325.93 
-104.321 78.2148 -322.78 -104.315 -92.964 -198.061 -104.214 -109.424 -272.199 
-104.121 -99.5741 -58.2234 -104.113 -85.6979 -173.986 -104.068 89.8109 32.0979 
-104.058 -1.88227 -326.406 -104.029 63.0445 -244.796 -103.862 -59.1596 90.5166 
-103.855 82.0171 101.634 -103.708 87.5359 -302.899 -103.589 40.4982 150.869 
-103.327 -23.7452 132.723 -103.212 -72.3281 70.9688 -103.188 68.2906 -44.0166 
-103.042 -79.5296 -88.8287 -103.027 84.4992 -289.328 -103.01 88.7871 18.0451 
-102.667 77.11 114.776 -102.658 -76.5822 -102.287 -102.635 39.1614 -201.405 
-102.595 -108.48 7.28674 -102.585 44.7778 -87.1195 -102.562 -84.7291 50.3474 
-102.222 -110.898 -297.61 -102.211 -96.7763 28.7777 -102.111 30.896 -120.673 
-102.031 -117.094 -27.6285 -101.962 11.7608 -326.403 -101.763 -66.4966 -326.341 
-101.549 15.9098 152.818 -101.427 -117.852 -14.7751 -101.202 86.425 4.14508 
-100.973 70.5108 127.079 -100.913 -79.4597 -136.843 -100.872 36.1517 -188.268 
-100.747 80.9786 -276.252 -100.654 57.4792 -232.579 -100.51 -39.8225 117.133 
-100.209 -114.969 -40.5769 -100.099 -94.6611 -70.6627 -100.059 30.4476 -134.094 
-100.023 25.6941 -326.393 -100.004 -16.2579 139.044 -99.9992 63.8551 -56.67 
-99.5887 -52.2451 -326.415 -99.5375 33.5152 -174.975 -99.506 88.1265 -314.811 
-99.4673 -86.5151 -160.408 -99.2794 -100.865 -209.062 -99.1298 83.9085 -9.64862 
-99.0523 -107.348 -234.529 -99.0519 -93.5834 -184.347 -99.0346 42.5758 -100.231 
-98.9468 31.8041 -161.401 -98.819 30.5771 -147.73 -98.7977 -111.844 -259.114 
-98.7833 62.5976 138.46 -98.0722 39.8981 -326.332 -98.0503 -81.4416 -123.634 
-97.9342 76.4562 -263.592 -97.9339 -53.7667 100.334 -97.8508 59.0728 -68.4869 
-97.5335 -114.234 -283.924 -97.4757 -117.699 -2.10447 -97.462 -38.3256 -326.42 
-97.4097 -111.099 -53.2099 -97.2883 52.1591 -220.309 -96.8978 -106.449 19.4911 
-96.7193 -90.1639 -83.6634 -96.7074 28.9928 155.79 -96.6883 80.7016 -23.2685 
-96.6822 -67.4972 81.8836 -96.523 -6.30694 146.114 -96.227 -80.9548 62.2851 
-96.1147 -93.7592 41.3278 -95.8608 54.1052 -326.268 -95.8195 -83.8073 -110.679 
-95.6982 52.6317 148.115 -95.4708 40.4192 -113.383 -95.2587 -24.5781 -326.417 
-95.2477 -86.5428 -97.2272 -95.2438 -104.703 -322.271 -95.1609 -32.0588 126.27 
-95.0915 -87.6444 -146.904 -94.7873 71.3326 -251.156 -94.4474 47.7533 -207.601 
-94.3102 55.0898 -80.6673 -94.13 76.8937 -36.7483 -94.0261 -94.2505 -170.666 
-93.9485 -113.405 -309.727 -93.8764 -101.05 -194.903 -93.767 -105.762 -65.4612 
-93.6702 -90.3232 -326.309 -93.556 -108.558 -220.925 -93.2515 68.235 -325.684 
-93.2213 93.5242 67.8451 -93.1791 94.6543 53.7758 -93.1311 91.281 -295.454 
-93.0701 -113.75 -246.139 -93.0654 -10.9477 -326.422 -92.9475 91.5146 81.8227 
-92.7828 94.9951 39.6528 -92.7299 5.25271 152.196 -92.6427 38.9528 -126.676 
-92.4702 -123.99 -34.2177 -92.4237 88.3122 95.5583 -92.3509 -47.4949 109.627 
-92.3491 -117.073 -270.636 -92.2406 94.4793 25.4391 -92.2053 93.7826 -307.999 
-92.1569 44.0901 -194.572 -92.0011 -125.13 -12.0399 -91.7186 84.3322 109.057 
-91.6695 -116.021 10.0669 -91.5737 65.8516 -238.868 -91.3326 -75.8117 -326.395 
-91.3062 -89.2901 -133.54 -91.2884 72.4687 -49.6961 -91.0188 92.7624 11.3978 
-90.9865 88.0865 -282.634 -90.9624 2.61661 -326.419 -90.8606 38.3156 -140.185 
-90.7336 41.8048 156.164 -90.6858 51.9995 -93.2577 -90.6676 -23.9015 134.217 
-90.6486 41.3403 -181.263 -90.5714 -103.568 31.8674 -90.4383 78.3801 121.816 
-90.3444 -61.7859 92.145 -90.1803 38.8499 -153.93 -90.1012 39.809 -167.676 
-90.0924 -117.775 -295.726 -89.9903 81.5637 -322.873 -89.789 -100.746 -78.4501 
-89.5581 -75.858 73.3465 -89.401 -95.1022 -157.115 -89.2489 -89.3848 53.5254 
-89.2381 90.4079 -2.52383 -89.1033 -121.726 -46.5108 -89.0294 16.2362 -326.417 
-88.998 -61.5463 -326.407 -88.8497 71.3404 133.784 -88.6588 17.4146 157.365 
-88.5702 -128.155 -23.1109 -88.4946 -108.355 -205.855 -88.4257 -101.429 -181.127 
-88.3567 67.9192 -62.1574 -88.3529 -91.2815 -120.138 -88.2696 60.2196 -226.669 
-88.2676 83.9501 -270.121 -87.4348 -115.664 -233.051 -87.368 49.3315 -106.278 
-87.2505 30.0364 -326.415 -87.0988 -14.9537 141.755 -86.9797 -96.8011 -92.4809 
-86.9674 87.5059 -16.1271 -86.91 -40.2984 118.997 -86.8704 -119.492 -257.666 
-86.7345 -93.6266 -106.425 -86.6997 -47.4837 -326.421 -86.5631 62.8172 144.226 
-86.469 -124.838 0.049408 -86.034 92.4576 -315.864 -85.9504 -116.803 -59.2545 
-85.4209 -113.265 21.5635 -85.3338 55.2675 -214.116 -85.2927 -121.239 -282.169 
-85.2568 44.0218 -326.398 -85.1252 78.7868 -257.87 -84.9507 -96.3832 -143.635 
-84.918 63.505 -74.22 -84.6698 47.269 -119.556 -84.4389 -33.6909 -326.422 
-84.4 -55.4707 101.915 -84.209 83.9025 -29.4031 -83.9205 30.0683 160.931 
-83.6373 -4.83306 149.732 -83.4915 -102.167 -167.512 -83.3489 -111.673 -319.581 
-83.2882 53.3261 153.651 -83.0793 -110.834 -72.0419 -82.9601 -108.341 -191.646 
-82.9281 -69.971 83.8078 -82.836 51.0448 -201.197 -82.8295 96.5803 -303.003 
-82.6661 -99.0146 -326.143 -82.5532 57.9974 -326.315 -82.4981 -98.2388 45.1407 
-82.3834 -84.2655 64.8063 -82.2496 45.3924 -133.002 -82.0994 -20.0739 -326.424 
-81.9713 -32.5214 128.13 -81.9503 73.3947 -245.59 -81.9276 -116.381 -218.954 
-81.7284 -119.76 -307.109 -81.621 79.7757 -42.5736 -81.3927 -130.06 -36.2173 
-81.2857 59.9943 -86.4052 -81.1988 93.9846 -289.695 -81.1394 -121.6 -244.768 
-81.1046 -98.3029 -130.147 -81.0422 45.1106 -146.707 -81.0306 47.8323 -187.912 
-81.0107 -131.4 -11.2929 -80.9395 98.3958 47.1058 -80.9069 97.3164 61.2005 
-80.6873 95.5063 75.203 -80.5838 -84.6569 -326.451 -80.4168 98.0956 32.8562 
-80.3737 45.3621 -160.526 -80.326 46.2014 -174.303 -80.3064 92.8458 89.0538 
-80.1905 -124.331 -269.178 -79.9767 6.38286 156.672 -79.9035 -122.375 11.6094 
-79.8424 97.5039 18.7076 -79.8359 89.43 102.732 -79.7953 -6.5265 -326.423 
-79.7122 -105.865 -85.9353 -79.6274 71.9054 -325.509 -79.4513 -109.796 31.3561 
-79.0969 84.5484 115.902 -78.8846 75.0737 -55.3858 -78.8248 -103.13 -154.02 
-78.7203 67.658 -233.378 -78.7 95.5404 4.62884 -78.6785 -48.5063 111.685 
-78.3178 -70.5765 -326.421 -78.2789 90.0003 -277.358 -78.1853 57.2022 -99.219 
-78.1737 78.7506 128.554 -78.1478 -100.869 -116.507 -78.099 42.5978 161.373 
-77.8489 -23.9239 136.928 -77.7076 -124.321 -293.64 -77.6462 6.95234 -326.422 
-77.5966 -114.972 -202.124 -77.593 -108.862 -178.002 -76.8124 92.7697 -9.11494 
-76.6501 -63.5635 93.9121 -76.5753 71.347 139.826 -76.4174 -128.058 -49.2304 
-76.3331 20.3507 -326.42 -76.3084 -103.939 -102.937 -76.0154 18.3545 162.655 
-75.9935 85.1201 -322.397 -75.9833 -56.6515 -326.419 -75.8119 70.5873 -67.8502 
-75.6332 62.0801 -221.006 -75.5937 -78.1961 75.3812 -75.5055 54.6102 -112.408 
-75.2862 -92.7249 56.3617 -75.2065 -106.756 37.7868 -75.1549 85.1999 -265.106 
-75.0162 -123.632 -232.166 -74.9041 -134.622 -23.7507 -74.6308 -126.807 -256.319 
-74.5263 33.9376 -326.415 -74.4492 -104.719 -140.51 -74.375 -14.478 145.825 
-74.1233 -130.374 0.982966 -74.118 -108.88 -90.5332 -74.0973 62.7932 149.564 
-74.0923 89.5527 -22.2866 -73.6294 -42.8665 -326.422 -73.5239 -118.833 21.6526 
-73.4262 -41.0536 121.639 -73.2464 52.4269 -125.947 -72.9826 57.1091 -208.233 
-72.8991 -128.007 -280.652 -72.6762 -109.698 -164.502 -72.6727 -114.731 -78.6603 
-72.4764 -120.946 -212.115 -72.3636 96.715 -314.423 -72.165 47.6849 -326.373 
-72.0529 -123.546 -62.4806 -71.9315 79.959 -252.885 -71.9244 -115.33 -188.517 
-71.7601 66.9815 -79.6901 -71.4659 50.8727 -139.595 -71.4205 -106.078 -323.24 
-71.3968 86.0329 -35.3649 -71.3895 31.2135 166.416 -71.3369 -117.221 -315.408 
-71.2104 -29.2454 -326.424 -71.0437 -4.24132 154.515 -70.9343 53.1519 -195.06 
-70.6979 53.7896 158.345 -70.6568 -56.7484 104.047 -70.5854 -107.112 -126.894 
-70.2667 49.9326 -153.502 -69.8672 50.8547 -181.4 -69.7893 50.1623 -167.471 
-69.6622 -92.9267 -325.702 -69.5514 -126.076 -304.796 -69.2489 61.5224 -326.074 
-69.0188 -71.649 85.6321 -68.9692 99.3874 -300.786 -68.8377 -129.103 -243.573 
-68.8194 81.2294 -48.3386 -68.8126 -135.399 -36.5875 -68.7962 -15.7406 -326.424 
-68.7636 -32.9005 131.505 -68.7466 74.4056 -240.621 -68.5695 95.4288 -285.15 
-68.3446 99.4484 54.2964 -68.2981 -86.6102 66.9542 -68.241 -101.159 48.0068 
-68.18 99.9527 40.0864 -68.1615 98.0929 68.3805 -68.1414 -135.834 -10.989 
-68.0361 -110.972 -151.005 -68.0147 64.142 -91.9694 -67.8208 99.8886 25.86 
-67.8191 6.76007 162.717 -67.8111 95.36 82.2005 -67.7149 -131.141 -267.862 
-67.6974 -125.973 -221.12 -67.651 -114.75 30.3184 -67.5276 -127.678 12.3348 
-67.4672 92.5628 95.9667 -67.3055 98.9302 11.7702 -67.2573 -79.2726 -326.404 
-67.2219 -110.245 -113.326 -66.9856 88.5978 109.416 -66.7026 -115.945 -175.061 
-66.5217 83.5775 122.33 -66.4427 -121.56 -198.941 -66.3984 76.3549 -61.2327 
-66.1522 96.4801 -2.19184 -66.1319 -2.22845 -326.423 -65.7039 75.3354 -324.791 
-65.6437 77.5327 134.457 -65.5318 68.4235 -228.348 -65.4559 43.7194 165.754 
-65.3187 61.1537 -105.089 -65.145 90.8814 -272.942 -65.0823 -130.537 -291.972 
-65.0332 -23.9812 141.32 -65.0218 23.7864 -326.42 -65.0198 -49.5126 114.509 
-64.9226 -65.558 -326.413 -64.1223 -114.012 -99.8751 -63.9742 70.1675 145.097 
-63.9131 93.5471 -15.4055 -63.9069 -122.254 -72.5815 -63.708 -112.983 -137.469 
-63.5954 19.5227 168.639 -63.368 72.1305 -73.7646 -63.2282 58.488 -118.64 
-62.7245 -64.8245 95.9164 -62.7099 62.7153 -215.763 -62.6104 -51.9565 -326.42 
-62.4235 -133.318 -49.1204 -62.2623 -131.063 -231.36 -62.2243 37.2472 -326.405 
-61.9771 -14.6334 151.246 -61.9562 -133.587 -255.125 -61.893 -138.546 -23.7049 
-61.8229 -117.101 -161.661 -61.7908 85.7337 -260.683 -61.7689 89.0004 -322.314 
-61.4944 -79.8501 77.1865 -61.3029 55.8592 -132.323 -61.184 -118.544 -85.837 
-61.1503 -95.0187 58.4836 -61.1295 62.5916 154.499 -61.0861 -109.477 39.7145 
-61.0704 -127.164 -209.061 -61.0423 -134.435 1.24502 -60.858 -122.098 -185.649 
-60.8397 12.1021 -326.422 -60.789 -123.324 21.9272 -60.6011 90.3681 -27.9341 
-60.4786 57.968 -202.694 -60.4142 -124.904 -314.682 -60.2551 -38.4238 -326.423 
-60.209 -113.148 -321.355 -60.1131 -134.14 -279.366 -59.9809 -42.0414 125.332 
-59.9117 54.2383 -146.362 -59.7093 -115.739 -124.006 -59.6719 99.6985 -293.34 
-59.1638 50.7858 -326.265 -59.1514 -4.58299 160.935 -59.0734 54.777 -189.034 
-58.8154 53.1341 -160.545 -58.6559 -100.484 -324.35 -58.5742 80.3153 -248.456 
-58.5347 53.3837 -174.835 -58.4609 32.8257 170.064 -57.9394 -25.0525 -326.424 
-57.922 54.57 162.639 -57.8875 86.5513 -40.9554 -57.1888 99.98 -314.079 
-57.1295 -131.944 -303.257 -57.1042 -118.774 -148.269 -56.7129 -57.6335 106.753 
-56.1046 -87.5673 -325.951 -55.9387 -118.494 -110.506 -55.8215 -135.655 -242.584 
-55.8147 81.7365 -54.0966 -55.7828 64.5199 -325.72 -55.7188 -33.452 136.026 
-55.6811 70.7978 -83.316 -55.616 -123.038 -172.398 -55.5998 99.8055 47.1513 
-55.5448 98.752 61.2463 -55.517 100.152 32.9058 -55.4822 -132.326 -219.328 
-55.4479 7.55125 168.982 -55.4359 96.0571 -281.24 -55.3292 74.3691 -236.246 
-55.3268 99.8043 18.5904 -55.3223 -11.6508 -326.423 -55.2844 -138.577 -36.2262 
-55.2761 -130.607 -61.048 -55.2742 96.7044 75.1714 -55.043 93.9783 88.9591 
-54.9902 -127.978 -196.302 -54.9387 -72.8411 87.4936 -54.8789 98.5426 4.53524 
-54.7172 -139.184 -10.9294 -54.7047 90.883 102.647 -54.6691 -137.103 -266.706 
-54.4177 86.7158 116 -54.2129 76.7745 -67.6103 -54.1236 -88.1234 68.6635 
-54.1016 95.9876 -9.27172 -54.054 81.5709 128.794 -53.9831 -130.465 11.9465 
-53.9644 -103.063 49.6889 -53.9175 -117.559 31.1373 -53.8981 67.0003 -97.1003 
-53.7006 26.6256 -326.415 -53.5351 75.1023 140.643 -53.3647 -74.251 -326.293 
-53.2413 -120.763 -97.212 -52.7999 45.0053 168.636 -52.5737 -121.077 -134.834 
-52.5501 -24.4635 147.093 -52.2868 63.5912 -110.98 -52.2417 68.3204 -223.743 
-52.1776 -136.047 -290.775 -51.7878 102.886 -301.86 -51.7814 78.1186 -324.348 
-51.7147 91.1011 -269.034 -51.5611 68.4358 151.041 -51.5506 1.96528 -326.422 
-51.173 -50.422 118.16 -50.735 60.302 -124.887 -50.6605 -60.7695 -326.412 
-50.6212 -124.392 -159.176 -50.5041 -15.6887 158.343 -50.3981 22.2272 172.793 
-50.2972 -123.772 -84.8707 -49.8334 40.0979 -326.326 -49.7193 62.8285 -210.604 
-49.6578 -120.135 -320.124 -49.4334 -128.774 -183.207 -49.2749 -137.019 -230.233 
-49.2268 57.4702 -138.953 -49.0355 -133.22 -206.945 -48.6882 -130.457 -313.773 
-48.653 -139.455 -254.13 -48.5399 -65.5866 98.5006 -48.398 -136.666 -48.2996 
-48.3576 85.7124 -256.742 -48.2391 -6.76895 168.013 -48.075 -123.653 -121.424 
-47.9944 -140.587 -23.4385 -47.8851 58.6101 -196.994 -47.8177 55.4658 -153.39 
-47.6846 -108.44 -323.277 -47.5473 92.0594 -321.785 -47.3314 -80.8815 78.7888 
-47.2616 -34.4585 -326.423 -47.2159 -136.289 0.787982 -46.8948 -139.462 -278.302 
-46.867 -128.252 -72.0586 -46.8307 -125.03 21.7874 -46.813 -96.1327 59.8417 
-46.7865 54.8032 -168.139 -46.7816 55.8016 -182.79 -46.7605 -110.933 40.7774 
-46.4791 100.686 -289.926 -46.4476 61.8798 159.664 -46.323 -42.6826 129.728 
-46.3161 15.8047 -326.419 -46.2436 53.4574 -326.012 -45.9006 -124.175 -96.5274 
-45.8139 2.20521 174.047 -45.7896 90.1391 -32.9506 -45.7638 -46.6289 -326.422 
-45.6605 34.5912 172.271 -45.6203 -126.099 -145.916 -45.1695 79.8775 -244.56 
-45.0031 -95.8497 -325.091 -44.9607 -21.2349 -326.423 -44.9438 55.4733 164.901 
-44.6806 94.2062 -18.0022 -44.6064 85.9902 -46.8291 -44.2726 -136.764 -302.189 
-44.0626 -129.849 -170.182 -43.3521 81.0805 -60.5398 -43.3152 -125.671 -108.211 
-43.0954 99.0984 11.1986 -43.0763 97.5484 -2.94502 -43.067 99.4123 25.5743 
-43.0515 98.3293 53.9698 -43.048 99.2274 39.844 -42.9769 -133.986 -194.23 
-42.871 96.6451 67.9279 -42.7287 -137.95 -217.851 -42.7106 94.3841 81.7812 
-42.6728 102.18 -312.804 -42.498 71.8767 147.538 -42.4835 -58.1655 110.247 
-42.4295 76.3386 -74.3668 -42.4257 91.7005 95.575 -42.388 -34.1998 141.364 
-42.3697 -141.162 -241.651 -42.1914 88.4038 109.206 -42.1732 66.7712 -325.036 
-42.0457 73.8257 -232.269 -42.0378 12.3628 175.959 -42.0374 84.1155 122.524 
-42.0187 96.0491 -277.91 -41.9777 78.519 135.282 -41.8251 -82.824 -326.042 
-41.7377 -7.93996 -326.422 -41.6129 71.744 -88.3379 -41.5009 -24.9681 154.897 
-41.327 29.3661 -326.364 -41.2438 -140.018 -35.8054 -41.2167 -133.82 -59.7367 
-41.0926 -142.092 -265.794 -40.812 67.6591 -102.851 -40.7745 -73.4835 89.5133 
-40.7558 -128.404 -132.604 -40.47 -140.165 -11.141 -40.1681 46.7953 170.436 
-40.0529 -18.545 167.171 -39.9137 -127.759 -83.5645 -39.8375 -88.7231 69.8986 
-39.8255 -131.571 11.5284 -39.6244 -118.576 31.6029 -39.6237 63.6611 -117.24 
-39.5372 -103.854 50.7303 -39.1572 67.9814 -219.422 -38.9823 -140.899 -289.899 
-38.8283 -131 -157.095 -38.7782 -9.92861 177.084 -38.6758 60.4336 -131.384 
-38.4178 -69.4961 -326.389 -38.1993 90.8321 -265.575 -37.9837 80.2679 -323.637 
-37.824 -117.136 -322.09 -37.7366 24.4154 175.643 -37.5699 57.5241 -145.661 
-37.5123 5.51774 -326.421 -37.489 103.915 -300.153 -37.2312 -134.793 -181.376 
-37.1285 -51.0152 122.101 -37.0965 42.5213 -326.145 -36.8032 62.6989 -205.738 
-36.4918 -134.313 -312.876 -36.2862 -138.608 -205.346 -35.8878 -31.1942 -326.422 
-35.8723 -142.127 -229.199 -35.1897 -130.113 -119.442 -34.9678 -144.15 -253.31 
-34.9064 58.409 -191.427 -34.8705 85.0587 -253.194 -34.5929 55.8415 -161.518 
-34.5576 -31.293 150.593 -34.3359 -137.655 -47.6254 -34.262 -104.699 -324.009 
-34.1718 -65.6632 101.681 -34.0412 1.9985 179.78 -33.9011 -128.901 -95.1253 
-33.8755 -131.517 -71.0454 -33.7962 55.8237 -176.665 -33.7672 -140.622 -23.6261 
-33.4515 -55.5908 -326.42 -33.3825 -132.199 -143.956 -33.3483 -143.963 -277.514 
-33.2842 36.8281 173.899 -33.2747 -81.4137 80.089 -33.2702 93.7876 -321.226 
-32.9503 55.5698 -325.37 -32.9148 -136.595 0.304832 -32.8024 18.8507 -326.413 
-32.6883 100.473 -287.578 -32.585 58.5875 165.666 -32.5768 88.7846 -39.4162 
-32.5156 -125.342 21.6387 -32.3975 -96.3387 60.6369 -32.3289 -111.447 41.4345 
-32.2359 92.6379 -25.1119 -32.1642 -17.8748 -326.423 -32.1616 -43.5656 133.809 
-32.1373 84.3548 -53.4381 -31.7854 79.0703 -240.868 -31.7776 -135.574 -168.444 
-31.6151 48.9704 170.768 -31.4933 79.7321 -67.1498 -31.3955 68.5894 155.049 
-31.382 95.8471 -10.5213 -31.3386 -27.7353 164.364 -31.2757 -140.919 -301.657 
-30.9899 97.6485 3.78702 -30.8295 -21.6674 178.302 -30.7937 98.2403 18.1502 
-30.7929 75.0667 -80.8192 -30.7653 -91.8968 -325.43 -30.743 97.8947 32.4306 
-30.6862 96.9444 46.5595 -30.5648 95.4907 60.5724 -30.3282 93.4833 74.4882 
-30.2116 75.6309 142.539 -30.0673 91.4299 88.4029 -29.9644 70.4216 -94.746 
-29.945 -138.927 -192.758 -29.8839 88.5675 102.197 -29.8193 80.8568 129.376 
-29.7319 85.1625 115.916 -29.5023 -126.476 -320.125 -29.4283 14.3555 179.178 
-29.3532 -142.737 -216.736 -28.8756 73.2156 -228.413 -28.6869 68.7266 -324.165 
-28.6333 -145.61 -240.834 -28.528 66.0333 -109.443 -28.4699 95.5863 -275.087 
-28.3075 -58.4811 113.894 -28.249 31.9103 -326.31 -28.1341 103.215 -312.211 
-28.1044 -4.54225 -326.422 -27.8913 -41.5642 -326.422 -27.7287 -131.312 -106.582 
-27.6961 -133.544 -130.858 -27.6142 -37.6179 146.289 -27.3943 -135.176 -59.1356 
-27.349 -146.24 -265.069 -27.3311 62.2158 -124.089 -27.1869 -139.344 -36.0357 
-27.1572 59.204 -138.037 -27.0495 -78.6944 -326.215 -26.9704 -131.25 -82.4615 
-26.7173 56.6869 -152.148 -26.7162 -73.7678 91.6469 -26.3474 -136.097 -155.449 
-26.2284 -8.96029 183.422 -26.2058 67.5544 -215.551 -26.1568 -138.894 -11.8892 
-25.7468 -88.9923 70.72 -25.5547 -144.966 -289.441 -25.4989 -131.151 10.9773 
-25.2936 27.0983 177.195 -25.2037 -118.475 31.6456 -25.0579 -103.885 51.3278 
-24.7852 90.0872 -262.434 -24.3761 -114.309 -323.048 -24.1595 -139.579 -179.921 
-24.0255 81.7578 -323.174 -23.9177 44.6378 -325.867 -23.851 61.9559 -201.873 
-23.783 -137.408 -313.361 -23.6815 8.67687 -326.418 -23.2932 103.15 -298.649 
-23.0864 -27.9201 -326.423 -23.0621 51.1454 171.099 -22.9949 -51.3972 125.734 
-22.9348 -65.2301 -326.403 -22.8661 -34.7812 159.185 -22.7355 -142.831 -204.238 
-22.1154 -146.031 -228.385 -21.7586 39.9067 174.567 -21.6839 57.0355 -186.236 
-21.4686 84.1733 -249.713 -21.1595 -31.5003 175.06 -21.1495 -147.918 -252.645 
-21.0369 4.12344 182.411 -20.8915 -134.079 -117.947 -20.6625 -136.97 -48.1874 
-20.5361 -136.558 -142.467 -20.3917 -101.522 -324.489 -20.2999 87.0287 -46.2312 
-20.2632 -132.478 -94.059 -20.1645 82.511 -59.9437 -20.136 -133.207 -70.1309 
-20.1291 64.3033 162.79 -20.0263 91.1299 -32.1494 -19.9908 55.3136 -170.922 
-19.9819 77.6784 -73.437 -19.8193 -82.272 80.6989 -19.7752 -65.3126 105.414 
-19.7743 72.6625 -86.8868 -19.615 -139.003 -24.4913 -19.5263 -147.626 -277.031 
-19.4559 68.1122 -100.626 -19.4284 57.4172 -324.506 -19.4113 94.2968 -17.9065 
-19.2345 21.5557 -326.386 -19.1768 94.4587 -320.475 -18.9788 99.9723 -285.345 
-18.8909 -139.387 -167.144 -18.8243 96.4635 -3.6839 -18.7009 72.298 150.264 
-18.6957 -14.5584 -326.423 -18.6128 -135.067 -0.695339 -18.534 78.2442 -237.031 
-18.5312 97.0705 10.6042 -18.4765 96.519 24.9148 -18.4484 95.3458 39.0649 
-18.4466 -51.607 -326.42 -18.3324 93.8859 53.1121 -18.212 -96.0317 61.091 
-18.1896 -124.967 21.3846 -18.0865 92.2687 67.111 -18.0166 -144.245 -301.671 
-17.9395 -111.118 41.6501 -17.8553 -44.4947 137.549 -17.8417 77.9402 137.057 
-17.787 90.4655 81.0956 -17.7737 -20.268 184.526 -17.7307 55.7566 -157.806 
-17.5256 88.2692 95.1092 -17.4279 82.1286 123.15 -17.3833 85.5448 109.15 
-16.6931 17.3347 180.575 -16.5996 -88.4138 -325.735 -16.1155 -142.585 -191.622 
-15.9193 -125.194 -321.119 -15.8127 57.1604 -144.781 -15.7765 72.4145 -224.598 
-15.3981 -145.77 -215.98 -15.2228 59.7118 -131.111 -15.0295 94.9142 -272.484 
-14.9897 62.8139 -117.062 -14.8336 34.1539 -326.127 -14.7645 70.1695 -323.561 
-14.7392 -76.1709 90.0078 -14.7067 -148.621 -240.224 -14.3617 -1.3019 -326.42 
-14.2457 -58.4089 117.121 -14.1842 -134.83 -60.3397 -14.1038 -136.648 -129.751 
-13.9369 103.237 -311.448 -13.8143 -38.023 -326.424 -13.6283 -134.207 -105.576 
-13.5315 -40.4359 151.472 -13.4588 -139.201 -154.357 -13.3877 -149.459 -264.623 
-13.3207 -137.605 -37.1239 -13.3108 66.5959 -212.283 -13.1068 -133.437 -81.3834 
-13.1033 30.5907 177.779 -12.5898 -75.0874 -326.315 -12.4389 -6.36025 184.609 
-11.994 -136.914 -13.1035 -11.9853 -89.009 71.2791 -11.8794 -147.728 -289.299 
-11.3731 89.102 -259.191 -11.3122 65.8963 -105.265 -11.2126 -130.073 10.2393 
-11.159 43.9554 174.481 -11.1121 -38.2571 166.952 -10.9733 -117.926 31.4471 
-10.966 60.774 -198.809 -10.9019 -103.33 51.5341 -10.8695 -111.904 -323.482 
-10.6185 -71.115 97.9962 -10.3336 46.6661 -325.164 -9.94782 11.5622 -326.395 
-9.85852 82.8011 -322.575 -9.57326 58.1409 -188.748 -9.47087 69.9014 -92.7245 
-9.41201 57.5277 169.163 -9.29571 103.009 -297.123 -9.25694 -24.6107 -326.423 
-9.08777 -136.654 -315.734 -8.96465 74.8306 -79.5879 -8.96143 -51.4681 128.848 
-8.64604 80.0226 -66.4364 -8.50351 -144.936 -203.539 -8.49052 -142.132 -178.871 
-8.46151 -61.6431 -326.401 -8.44267 -31.3526 181.453 -8.39175 84.8451 -53.0438 
-8.18049 55.5077 -178.686 -8.0944 83.1542 -245.877 -8.03615 -148.169 -227.845 
-7.92664 89.1392 -39.2559 -7.73339 7.38807 182.919 -7.47353 68.0315 158.82 
-7.37079 -139.026 -141.667 -7.30696 92.4957 -25.339 -7.19874 -135.961 -49.8562 
-7.11596 -150.288 -252.208 -7.07095 -136.495 -117.137 -6.71303 95.0406 -11.2847 
-6.5906 -98.5294 -324.737 -6.53356 54.6578 -165.064 -6.40779 96.1474 2.94862 
-6.37342 -82.4792 81.2459 -6.35148 95.6502 17.3408 -6.29341 94.1836 31.5055 
-6.28589 -134.255 -92.9697 -6.21487 -141.334 -166.367 -6.17337 74.8356 145.27 
-6.1457 92.7629 45.5863 -5.95096 91.1566 59.6355 -5.68831 59.1107 -323.915 
-5.64233 -149.722 -276.865 -5.63629 23.9367 -326.234 -5.59851 -137.397 -25.821 
-5.58206 -64.7227 108.308 -5.56796 89.9409 73.7027 -5.40292 99.5052 -283.161 
-5.34817 79.4312 130.879 -5.28551 77.0385 -233.208 -5.25771 88.102 87.7865 
-5.07267 85.708 102.003 -5.01854 82.8528 116.398 -4.88783 -11.3454 -326.42 
-4.77222 55.2189 -151.749 -4.77199 -146.014 -301.451 -4.59099 94.7874 -319.709 
-4.43229 -133.565 -1.80986 -4.25937 -95.6167 61.6112 -4.17985 -48.1707 -326.422 
-4.02814 -124.146 20.8609 -4.01307 -45.5658 141.507 -3.90386 21.2114 180.599 
-3.86435 -110.443 41.4649 -3.57491 56.9745 -138.109 -3.39606 -17.0327 184.86 
-2.79129 -134.195 -64.9966 -2.7492 70.9344 -220.972 -2.59715 -85.1632 -325.875 
-2.58038 59.6875 -124.454 -1.87477 -122.599 -322.239 -1.63448 94.0876 -269.873 
-1.3483 -76.4292 90.7457 -1.27274 35.9325 -325.538 -1.26957 35.1033 177.823 
-1.1075 -146.756 -215.56 -0.999815 -143.748 -191.004 -0.783278 71.7009 -323.35 
-0.703865 63.0228 -111.493 -0.558368 -150.076 -239.823 -0.515805 1.63194 -326.407 
-0.474773 -138.362 -129.235 -0.453582 65.1361 -208.981 -0.326029 -140.765 -153.803 
-0.304176 -57.5309 119.462 -0.218636 -38.5757 174.443 0.18758 -34.7296 -326.424 
0.282019 -135.416 -104.86 0.500002 -42.9598 155.659 0.581287 103.347 -310.762 
0.600252 -136.785 -38.6365 0.642817 -150.864 -264.427 0.934022 49.2596 174.014 
1.14828 66.7374 -98.8151 1.33473 -71.7396 -326.317 1.36614 -2.68392 183.617 
1.37616 -141.543 -312.198 1.53103 60.0368 -197.255 1.76404 -88.664 71.8652 
1.83037 -148.957 -289.278 2.12551 -133.875 -79.3478 2.13671 71.6746 -85.9323 
2.14429 -135.638 -14.4386 2.16272 87.867 -255.351 2.7906 77.0885 -73.0549 
2.81222 -109.061 -323.669 2.85607 -128.918 9.35843 3.04229 -117.379 31.1024 
3.06731 -102.537 51.556 3.15793 56.1639 -185.429 3.2273 62.0963 166.818 
3.30596 48.1131 -324.373 3.33975 82.1827 -59.916 3.38749 -70.3091 100.066 
3.73458 13.9232 -326.308 3.97658 86.7983 -46.4957 4.53075 84.0624 -322.608 
4.56623 -21.4101 -326.422 4.6746 90.6043 -32.8776 4.76408 54.3633 -172.602 
4.77843 102.852 -295.821 4.97729 -50.4151 131.097 5.21255 71.215 154.283 
5.37817 93.517 -19.031 5.40362 81.5605 -241.723 5.43549 -58.3287 -326.408 
5.59102 11.4629 181.863 5.67351 -27.8106 183.45 5.76081 94.2534 23.9927 
5.80312 95.635 9.6084 5.80447 95.3089 -4.88195 6.00291 92.668 38.056 
6.17696 -145.049 -203.239 6.19946 -140.002 -141.429 6.21781 -142.204 -166.03 
6.24551 -148.588 -227.591 6.25235 91.1135 52.1143 6.3961 54.0915 -159.168 
6.4509 -135.328 -51.6469 6.49235 -43.0918 168.396 6.53961 77.0527 138.808 
6.60447 -132.802 -319.188 6.61365 89.7673 66.1609 6.70195 -137.167 -117.007 
6.96741 88.3087 80.2053 7.08693 -95.5663 -324.976 7.09738 -151.126 -252.024 
7.15071 80.9186 124.095 7.22542 86.3982 94.3489 7.2357 -82.2 81.9166 
7.35461 83.7977 108.802 7.81825 98.6127 -281.001 7.90168 55.0959 -145.424 
7.92126 25.5475 -325.952 7.92622 75.3554 -229.416 8.01089 -134.409 -92.2381 
8.15405 60.4082 -323.615 8.25791 -150.54 -276.876 8.40613 -63.4583 110.334 
8.58141 -136.78 -27.2841 8.61144 -146.397 -301.311 8.67936 25.7423 179.859 
8.92595 -8.31253 -326.402 9.12039 57.6323 -131.83 9.64763 -94.9295 62.0178 
9.68013 -44.9035 -326.423 9.69926 -132.783 -2.91708 9.99829 -123.434 20.1908 
10.0781 -109.931 41.2542 10.137 96.0043 -320.084 10.1939 -45.854 144.018 
10.2471 69.1824 -217.243 10.3237 -142.923 -178.381 10.6127 60.6689 -118.477 
10.7748 -12.7311 183.151 11.0435 -82.0709 -326.072 11.2064 40.1333 177.514 
11.3799 93.468 -268.197 11.4865 -133.852 -65.3714 11.7585 -119.945 -322.608 
12.2589 64.3718 -105.576 12.2845 37.1896 -324.933 12.3145 -75.8429 91.6823 
12.3845 63.3596 -205.159 12.9541 -141.354 -153.681 13.1322 3.92077 -326.35 
13.2322 -138.823 -129.336 13.3816 -146.48 -215.46 13.4025 72.686 -323.429 
13.4561 68.6294 -92.628 13.5963 53.9694 173.066 13.6007 -56.2199 121.298 
13.7562 -150.261 -239.7 13.9776 -31.5364 -326.422 14.1925 -135.602 -104.975 
14.2861 -37.6163 178.927 14.2879 58.2675 -193.005 14.2938 74.1679 -79.9173 
14.3206 88.8804 -257.255 14.5381 -143.621 -190.767 14.714 -136.311 -40.3227 
14.7496 -151.314 -264.458 14.7542 -140.645 -311.854 14.9671 79.3649 -66.988 
15.022 -68.5728 -326.359 15.2288 1.57311 181.684 15.5627 -149.179 -289.511 
15.5737 -87.9784 72.4865 15.725 84.3177 -53.8951 15.8058 -43.9144 157.084 
15.889 65.4232 164.661 15.9717 55.3978 -180.168 16.3057 104.273 -311.696 
16.3099 -106.245 -323.937 16.3654 -133.042 -79.4969 16.4035 85.0952 -248.656 
16.4798 -135.535 -15.7967 16.5671 88.7376 -40.5556 16.6848 101.968 -291.819 
16.9401 -128.552 8.56398 16.9832 49.2516 -323.953 17.0078 -117.116 30.7075 
17.0773 -101.979 51.8555 17.0826 15.0005 -326.076 17.0982 70.2787 155.237 
17.2531 -69.1195 101.561 17.4069 92.1712 -26.9391 17.5707 54.2338 -166.843 
17.667 95.2585 16.4171 17.8748 93.7816 30.6309 18.0462 94.3756 -12.9038 
18.1336 95.866 1.56899 18.2236 92.3674 44.7177 18.3073 75.1342 145.813 
18.3646 -18.2379 -326.408 18.6406 91.1766 58.7238 18.748 -49.5532 132.873 
18.8304 15.9616 179.907 18.8483 79.4704 -237.471 18.9716 84.987 -322.508 
19.0844 89.4635 72.6197 19.1001 79.4068 132.448 19.1109 54.6913 -153.245 
19.1523 -55.1153 -326.416 19.2033 -142.186 -165.975 19.4061 81.5641 122.87 
19.4652 87.9485 86.5041 19.6999 85.8477 99.993 19.712 83.7213 113.292 
19.846 -139.916 -141.633 20.2434 -134.71 -53.3806 20.273 -22.5578 181.981 
20.3328 -130.335 -319.384 20.4993 56.7794 -139.508 20.5236 -92.5579 -325.243 
20.5381 -136.916 -117.488 20.7131 97.752 -278.925 20.762 -148.186 -227.64 
20.8776 -144.59 -203.164 20.9382 -81.4944 82.6357 21.092 73.3881 -225.532 
21.2937 26.2915 -325.483 21.3582 -151.037 -252.104 21.5802 30.3571 178.363 
21.9447 -133.647 -92.8156 22.0221 59.5499 -126.084 22.0456 61.4761 -323.477 
22.1842 -150.563 -277.159 22.2818 -146.165 -301.866 22.2991 -61.8851 111.913 
22.7718 -5.34876 -326.319 22.9201 -41.7613 169.298 22.991 -136.355 -29.1584 
23.2188 67.3605 -213.284 23.3643 -41.7107 -326.422 23.4966 62.9027 -112.848 
23.5715 104.489 -300.518 23.6578 -94.2577 62.7951 23.9543 -109.981 41.2774 
24.0265 -123.707 19.8899 24.0628 -132.907 -4.12346 24.1043 44.5182 176.388 
24.1167 -44.9509 145.4 24.117 93.0808 -267.24 24.3312 -142.594 -178.332 
24.5323 -78.9334 -326.124 24.7925 66.9475 -99.9744 25.1186 96.3829 -319.994 
25.134 -8.19987 180.987 25.1416 -132.6 -66.7533 25.2255 61.8155 -200.883 
25.3011 -117.118 -322.679 25.7927 71.8101 -87.1789 25.8753 38.2291 -324.312 
26.0371 3.83025 -326.167 26.0547 -74.8196 92.7383 26.3573 -140.849 -153.913 
26.5183 57.4186 171.565 26.5184 76.811 -74.3631 26.9161 -138.135 -129.841 
27.0348 57.8793 -187.993 27.2783 88.2342 -255.837 27.3279 81.7747 -61.4595 
27.4045 -54.587 122.723 27.4921 73.6756 -323.239 27.7448 -28.2926 -326.418 
27.8961 -145.917 -215.525 27.9815 -134.826 -105.757 28.239 -149.862 -239.89 
28.2617 86.3624 -48.2809 28.4939 -139.271 -313.03 28.5415 66.9711 162.687 
28.5765 -65.3848 -326.38 28.7085 55.5552 -174.704 28.8717 -135.983 -42.1691 
28.8805 -151.113 -264.773 29.0768 6.02713 179.314 29.1423 95.6391 23.4447 
29.2578 -148.495 -289.921 29.2747 90.3313 -34.8514 29.2804 -142.92 -190.797 
29.4015 96.0021 8.71354 29.4705 -87.2981 73.4586 29.5119 101.357 -289.029 
29.6217 94.6249 37.5777 29.7178 -103.189 -324.225 29.8379 82.9364 -244.919 
29.8525 -31.679 179.233 29.881 73.1892 152.031 30.1078 -132.105 -80.5287 
30.1358 15.0093 -325.719 30.2082 55.4538 -161.194 30.219 93.5221 51.5467 
30.2356 93.3751 -21.0609 30.3321 -41.6093 157.7 30.7927 50.4685 -323.639 
30.8045 95.3066 -6.85744 30.8348 92.3333 65.3562 30.8523 78.291 140.121 
30.9428 -117.792 30.8036 31.071 -129.35 8.16004 31.1028 -67.6511 102.891 
31.173 -135.949 -17.8733 31.2277 -101.732 52.8162 31.3966 90.7032 79.0109 
31.4632 81.8786 128.308 31.6176 57.0071 -147.602 31.6768 105.017 -312.055 
31.8528 88.6443 92.4526 31.9003 84.424 117.437 31.9702 20.4942 177.804 
32.0766 86.519 105.353 32.1315 77.1139 -233.594 32.394 -14.644 -326.389 
32.4833 -141.137 -166.207 32.5005 -47.8618 133.99 32.7239 -51.9244 -326.419 
33.107 59.4487 -134.083 33.2645 -138.755 -142.141 33.3022 85.7239 -322.638 
33.7263 96.9337 -276.823 33.9199 -89.383 -325.603 33.9554 -127.712 -320.025 
33.9931 -133.901 -55.1356 34.1377 -135.736 -118.344 34.1793 71.1592 -221.57 
34.4987 34.5239 176.495 34.5718 62.3838 -120.76 34.7333 -17.0339 179.875 
34.7495 27.1311 -324.771 34.7625 -80.5909 83.6735 35.2355 -147.428 -227.817 
35.3678 -143.593 -203.277 35.634 -132.61 -93.9264 35.6727 -150.346 -252.427 
35.9463 -149.693 -277.441 35.9751 62.7383 -323.39 36.0044 65.9505 -107.693 
36.039 -144.651 -302.524 36.1497 65.5501 -209.072 36.1535 -60.1812 113.228 
37.0695 -38.4512 -326.421 37.1019 48.1712 174.514 37.2387 70.0447 -94.8302 
37.3888 96.3611 3.33644 37.431 -136.884 -31.1213 37.4355 91.9579 -264.845 
37.6586 -110.924 41.4474 37.7228 -42.0743 145.665 37.766 -93.6386 64.1002 
37.8659 -124.372 20.0969 37.8772 -36.8317 169.71 37.9116 -140.981 -178.553 
37.9418 -75.7241 -326.254 37.9971 74.5062 -82.0062 38.0221 60.8741 -196.152 
38.055 104.747 -299.429 38.4834 2.34682 -326.065 38.7071 -131.898 -68.3662 
38.7095 -114.014 -322.928 38.7563 79.1934 -69.2051 39.4092 97.2251 16.74 
39.512 60.1245 168.451 39.5565 -139.147 -154.334 39.6034 97.1003 -319.584 
39.6099 39.451 -323.827 39.6504 -134.72 -7.2548 39.7298 57.9148 -182.854 
39.7639 83.6428 -56.1133 39.8789 -73.2947 93.7724 39.9142 -3.76507 178.435 
40.2585 -136.504 -130.805 40.3516 96.9663 30.6885 40.5234 86.5271 -253.143 
40.9938 87.8623 -42.8483 41.1563 -52.6718 123.845 41.2433 56.737 -169.439 
41.2984 68.9628 158.329 41.348 96.3405 44.497 41.4198 74.9085 -323.088 
41.6389 -133.376 -106.991 41.6548 -24.8842 -326.406 42.0306 -62.1573 -326.396 
42.2457 95.3699 58.2191 42.25 -136.726 -313.46 42.2844 -144.344 -215.79 
42.3153 91.4885 -29.2847 42.447 75.9131 147.149 42.5742 -148.356 -240.256 
42.6215 10.6816 176.976 42.6438 57.6489 -155.915 42.7454 -149.5 -265.061 
42.8867 -146.707 -290.244 42.9423 -135.98 -44.0881 42.9921 94.133 71.907 
43.065 80.6252 -241.622 43.076 100.754 -286.597 43.1239 -99.9163 -324.411 
43.2468 81.2216 135.255 43.3413 -140.978 -191.064 43.4225 -86.3722 74.5736 
43.5312 15.7454 -325.279 43.5851 -130.937 -81.8665 43.5898 -36.2956 156.927 
43.6551 92.2998 85.4569 43.7104 -24.9918 177.077 43.7754 94.3372 -15.6854 
43.8174 84.7544 123.339 44.0956 90.1262 98.6373 44.1033 87.6737 111.222 
44.1151 59.5002 -142.402 44.1674 -129.913 9.79764 44.5951 -118.603 30.8734 
44.635 51.8319 -323.488 44.9492 -65.6933 103.931 45.0468 24.8403 175.855 
45.2485 74.6485 -229.779 45.376 96.7202 -2.04067 45.5534 -138.737 -166.477 
45.773 61.9599 -128.991 45.8558 -100.88 54.8292 46.0239 -45.1174 134.445 
46.0527 -137.197 -20.2357 46.1615 104.854 -310.69 46.3446 -48.6833 -326.42 
46.4533 -136.636 -143.019 46.8292 -10.2886 -326.237 47.1712 68.9745 -217.435 
47.2802 95.7038 -274.185 47.2817 86.4242 -322.04 47.313 -86.0486 -325.74 
47.3512 64.9793 -115.733 47.3862 -133.658 -119.902 47.5019 -124.474 -320.124 
47.5849 38.6842 174.735 47.7872 -133.641 -57.0689 48.4596 28.3449 -324.292 
48.6414 -79.0788 84.6131 48.8303 68.4592 -102.631 48.9475 98.3519 10.3227 
48.9947 63.9923 -204.55 49.001 -133.63 1.63261 49.2331 -131.019 -95.3841 
49.405 -145.159 -228.212 49.4331 -140.894 -203.634 49.438 -141.201 -302.494 
49.4731 -146.788 -277.748 49.6387 -148.022 -252.82 49.6457 72.154 -89.8329 
49.7803 -28.4238 167.226 49.794 64.1234 -323.3 49.9625 76.4026 -77.1798 
49.9677 -57.9563 114.161 50.3031 52.0685 171.715 50.7505 60.2461 -191.245 
50.8435 99.0063 23.7671 50.87 -35.1595 -326.414 50.8818 -111.985 40.6316 
50.946 80.6115 -64.1374 50.9472 -37.7055 144.958 50.9514 90.2106 -262.024 
51.2315 -137.82 -178.849 51.3604 -72.3842 -326.244 51.3891 -125.362 21.0364 
51.8367 -137.414 -33.1626 51.9866 -92.6062 65.6 52.1158 -131.135 -70.072 
52.1765 103.959 -296.992 52.207 4.13593 -325.638 52.2699 99.3096 37.3984 
52.2808 58.101 -177.858 52.2998 -110.345 -322.942 52.3424 84.7749 -50.9321 
52.4693 -14.2171 174.515 52.489 63.1702 164.043 52.8313 -134.047 -133.135 
53.167 -135.764 -154.111 53.4529 98.6308 51.0739 53.4604 40.9243 -323.634 
53.6727 57.6759 -164.336 53.6823 96.9954 -318.046 53.7458 -71.3179 94.6245 
53.7534 1.14838 175.308 53.7637 84.2462 -250.091 53.9225 88.8692 -37.5999 
53.9485 71.87 153.524 54.4181 97.6865 64.7678 54.771 -137.1 -9.62469 
54.7834 -49.8286 124.251 54.9216 -130.812 -108.752 54.9896 78.7135 142.003 
55.1258 58.6808 -150.782 55.196 75.9045 -322.777 55.2557 96.1572 78.4263 
55.5814 -58.8665 -326.393 55.6521 -106.029 48.4512 55.6892 92.5217 -24.0788 
55.6911 15.4229 174.672 55.6974 84.1442 130.018 55.7516 -21.3218 -326.358 
55.7809 -29.6837 154.936 55.8278 -132.476 -313.081 55.9029 93.945 91.869 
56.0935 -141.029 -216.275 56.0999 88.3654 117.715 56.1798 91.6267 104.929 
56.1883 78.1174 -238.13 56.1982 -142.837 -290.497 56.2824 -145.998 -265.513 
56.4115 -145.122 -240.726 56.6552 -96.2951 -324.675 56.7458 60.6626 -137.309 
56.7891 -137.01 -191.431 56.9552 99.3961 -283.937 57.0249 -136.136 -46.2769 
57.1329 -129.53 -83.7096 57.3047 17.2999 -324.525 57.408 -85.0447 75.6221 
57.6409 95.8309 -10.5714 57.6751 -130.842 11.2217 58.1652 29.1977 174.029 
58.201 72.0491 -225.887 58.3258 -119.354 31.0147 58.4602 53.3585 -323.425 
58.6557 63.1707 -123.977 58.7905 -63.2784 104.59 58.8051 -133.004 -145.523 
58.9278 -134.323 -166.332 59.4393 -41.5266 134.18 59.6813 98.5447 2.88091 
59.9955 66.6378 -213.161 60.0542 -130.424 -122.452 60.09 -45.4208 -326.418 
60.497 103.917 -308.791 60.574 65.9937 -110.62 60.6977 -82.5479 -325.844 
60.6991 -138.574 -22.3103 60.7127 -98.9916 57.144 60.9152 43.0538 172.995 
60.9857 -7.22313 -326.014 61.0565 87.1871 -320.969 61.085 93.8333 -271.218 
61.3204 -20.6556 164.448 61.357 -133.23 -59.232 61.3965 -120.271 -320.339 
61.462 76.985 -72.5789 61.6835 100.256 16.3329 61.7138 62.2269 -199.928 
61.7612 72.9138 -85.1153 62.3583 69.066 -97.4169 62.3722 30.051 -323.789 
62.575 -77.2047 85.4908 62.7472 -142.462 -278.301 62.7818 -136.491 -204.249 
62.8321 -136.954 -302.91 62.842 -127.78 -97.4616 62.8987 -141.012 -228.778 
63.056 81.1133 -59.3749 63.0631 -143.797 -253.346 63.2435 59.0131 -186.536 
63.4258 101.307 29.9118 63.4813 65.6356 -323.198 63.5463 56.0064 168.208 
63.6313 -135.468 0.610447 63.6406 -54.91 114.385 63.7994 -32.5471 143.606 
64.2544 -132.69 -178.912 64.3314 -112.295 40.1883 64.3364 87.7951 -258.859 
64.4432 -130.244 -136.935 64.6377 57.4721 -172.935 64.6424 -7.80118 170.183 
64.8452 -69.0168 -326.308 64.8503 101.046 43.6309 64.8593 -31.8306 -326.393 
64.9606 85.5144 -46.0571 65.0414 -129.765 -72.1287 65.2988 66.25 159.028 
65.4669 -125.839 21.1154 65.9519 100.71 57.4023 66.0045 57.1378 -159.312 
66.0328 -106.398 -323.438 66.1736 6.28589 -325.003 66.1906 -91.0479 66.8122 
66.2132 -138.071 -35.4759 66.4115 102.186 -294.615 66.4165 6.26172 171.675 
66.573 74.8869 148.283 66.8671 81.4923 -246.77 66.8838 99.5072 71.1717 
66.9045 89.6276 -32.62 67.3838 42.6099 -323.487 67.5624 58.2049 -145.754 
67.5976 81.868 136.56 67.631 -68.8913 95.2249 67.7047 97.4524 84.8184 
67.9182 -129.486 -152.325 68.0175 -126.643 -111.231 68.1166 96.1793 -317.073 
68.1793 -23.4993 152.442 68.1849 87.3907 124.184 68.2135 94.963 98.2421 
68.3036 -46.4621 124.153 68.3725 91.8159 111.459 68.4789 19.9586 172.057 
68.7296 77.396 -322.266 68.9604 75.0138 -234.534 68.9947 93.5965 -19.0477 
69.1589 -136.003 -216.962 69.2428 -138.371 -291.173 69.2819 -55.6299 -326.408 
69.3713 -141.231 -266.152 69.4865 60.1801 -132.276 69.5056 -131.377 -192.172 
69.5863 -140.2 -241.371 69.6365 -138.034 -11.4657 69.6868 -104.95 48.9745 
69.7436 72.7489 -82.1795 69.9191 -18.1189 -326.156 70.0492 -92.5592 -325.178 
70.4641 -128.598 -314.588 70.7363 68.8633 -221.96 70.8894 96.988 -5.28977 
70.9319 -135.964 -48.7365 71.1271 33.486 171.882 71.129 96.936 -280.961 
71.2952 19.2442 -324.004 71.3895 -83.0529 76.4488 71.6409 62.4334 -118.919 
71.9584 -127.865 -166.439 72.003 -131.503 10.7614 72.2342 55.1537 -323.363 
72.248 -118.969 30.656 72.4042 -125.542 -125.381 72.5156 -60.3099 104.83 
72.5496 63.7561 -208.788 72.5914 -13.2473 160.168 72.7008 -37.337 133.63 
72.7985 99.5321 8.40652 73.0789 76.6901 -68.159 73.2071 -125.361 -86.5113 
73.9683 46.8792 169.428 73.9823 -42.2401 -326.406 74.1511 59.5491 -195.319 
74.1558 -78.9924 -326.03 74.3168 64.6424 -105.436 74.6332 -131.83 -61.6559 
74.6359 101.33 22.1006 74.8568 -97.1573 58.0495 74.8805 90.8107 -267.897 
74.9944 102.402 -307.403 75.0817 -4.61687 -325.422 75.3768 -130.599 -205.108 
75.4072 81.2974 -54.7025 75.4332 -137.304 -279.036 75.4667 -138.561 -24.582 
75.5379 56.8999 -181.682 75.6371 -116.131 -321.55 75.708 -135.446 -229.571 
75.848 -138.109 -254.096 76.036 -124.171 -139.875 76.153 -1.39649 165.634 
76.2528 -125.829 -180.091 76.3 58.8023 162.588 76.3189 101.991 35.8738 
76.3833 31.9146 -323.549 76.4225 -127.409 -74.3272 76.452 -132.551 -303.681 
76.5044 -74.5892 85.9911 76.7919 55.5809 -168.013 76.8435 -27.678 142.388 
76.955 67.5691 -322.824 77.2008 -51.5275 114.382 77.3183 -122.576 -100.395 
77.5561 84.3613 -255.527 77.6741 85.7172 -41.2921 77.6773 102.192 49.702 
78 67.6477 -91.8409 78.0022 69.1802 153.407 78.1145 55.2469 -154.361 
78.157 -111.183 39.8728 78.2595 83.7679 -320.679 78.4435 -135.968 -0.636737 
78.4475 -65.7458 -326.363 78.5611 11.1535 168.085 78.7878 101.651 63.5952 
78.9097 -28.7574 -326.251 79.2787 77.8894 142.52 79.5221 -122.405 -154.393 
79.5235 -102.213 -323.886 79.5919 77.7216 -243.199 79.6408 99.8233 77.4093 
79.6981 56.0036 -140.782 79.7207 -125.279 20.6071 79.9722 90.001 -27.7698 
80.1023 84.6515 130.356 80.1429 -88.919 67.4901 80.2064 8.48847 -324.391 
80.3081 97.6225 91.1218 80.5526 90.4124 117.786 80.555 -137.321 -38.0523 
80.5897 94.4939 104.614 80.7372 -133.463 -291.781 80.7402 -17.4071 150.044 
80.7521 -120.407 -114.357 80.808 99.3632 -291.994 81.0826 23.9044 169.261 
81.1755 71.0195 -230.743 81.2698 44.5982 -323.369 81.4429 -65.9618 95.5526 
81.4489 -124.483 -193.387 81.5259 -129.771 -217.917 81.6878 -42.493 123.857 
81.8022 -135.111 -266.974 81.8838 57.4673 -127.255 81.9721 -129.932 -303.922 
81.9903 -133.878 -242.237 82.0999 93.8639 -13.8873 82.1939 71.3243 -77.5013 
83.1223 -52.5687 -326.401 83.1278 64.8598 -217.747 83.2183 94.8183 -317.11 
83.2769 -120.225 -168.169 83.4529 -88.711 -325.305 83.5136 -103.068 49.0063 
83.8958 96.9782 0.154572 83.9048 37.2631 168.861 84.0021 -15.3988 -325.625 
84.0928 -118.607 -128.394 84.471 -137.526 -13.5918 84.564 59.5195 -113.928 
84.625 -134.194 -51.4829 84.6905 -6.88272 156.761 85.1438 59.833 -204.149 
85.2355 75.7825 -63.6903 85.2949 93.1442 -277.293 85.3111 -80.402 76.9315 
85.3518 21.313 -323.66 85.5846 -122.931 -314.997 85.8176 99.6922 13.9994 
85.8719 -32.7566 132.846 85.8816 57.2919 -323.006 86.1827 -56.9945 105.003 
86.2603 -117.371 29.9957 86.5259 55.9762 -190.48 86.6733 -130.566 9.49481 
86.8305 50.388 164.8 87.0679 -131.49 -279.772 87.0779 -116.47 -142.538 
87.2017 -128.643 -64.2842 87.2868 -123.515 -206.313 87.5801 -118.136 -181.668 
87.6198 53.5553 -176.737 87.6471 -75.6515 -326.106 87.6833 101.177 27.8482 
87.7442 -128.548 -230.545 87.7979 2.67469 161.529 87.8081 61.518 -100.59 
87.9374 -39.2977 -326.336 87.9396 -131.526 -255.005 87.9549 80.5997 -50.1829 
88.2704 86.6284 -264.482 88.3665 -123.2 -76.9138 88.5372 52.0693 -163.107 
88.7759 -94.7276 58.3419 88.8894 -118.652 -90.0746 89.0053 -110.873 -321.454 
89.0342 61.921 157.066 89.1386 -2.26145 -324.505 89.2538 101.674 41.7239 
89.3404 99.7676 -304.69 89.6978 51.7003 -149.489 89.8662 -22.5692 141.098 
90.0046 -136.813 -27.2125 90.1041 70.2455 -321.808 90.1444 -115.142 -103.641 
90.331 79.8998 -252.031 90.3343 34.1263 -323.423 90.3857 -71.6388 86.3769 
90.4004 -114.186 -156.519 90.5344 101.732 55.7053 90.5651 14.0381 164.491 
90.5939 85.029 -36.579 90.7125 71.8608 147.305 90.7144 -47.789 114.298 
91.1777 -128.028 -292.26 91.3074 51.9518 -135.851 91.527 73.0042 -239.585 
91.5309 64.7662 -87.1601 91.5543 100.476 69.66 91.8615 80.1096 136.014 
91.9723 -108.791 39.2567 92.2216 66.536 -227.091 92.239 -62.7527 -326.376 
92.2448 -112.651 -117.551 92.3165 -97.7696 -324.181 92.4388 98.7149 83.5526 
92.5792 86.6747 123.667 92.8954 96.0518 97.325 92.9257 -116.913 -194.8 
92.9555 -26.0733 -325.922 92.9629 91.9035 110.677 93.0872 83.8487 -319.549 
93.1725 89.4559 -23.0013 93.2855 -133.912 -2.91634 93.3502 -128.419 -267.747 
93.358 -122.525 -218.99 93.4857 27.2436 166.225 93.7194 53.0164 -122.423 
93.8116 -126.909 -243.205 93.8843 -11.8079 148.572 93.9534 -85.8176 67.5521 
94.0158 -111.91 -170.133 94.0525 -123.017 19.2023 94.2986 10.7124 -323.751 
94.4302 -134.096 -40.9262 94.6471 94.0197 -314.05 94.6701 -110.332 -131.456 
94.8925 68.6828 -73.1708 94.9801 -38.1535 123.445 95.0832 46.9846 -323.208 
95.2169 -62.6293 95.8104 95.2555 94.3612 -287.606 95.3205 -123.842 -304.504 
95.4878 92.8702 -8.97094 96.5913 -85.1022 -325.584 96.5957 95.8601 5.88734 
96.6694 40.9556 165.321 96.9898 -49.7698 -326.391 97.023 55.094 -109.173 
97.1807 -99.9467 48.4949 97.2475 -107.881 -145.286 97.4144 -129.591 -54.2796 
97.6495 73.9225 -59.0415 97.8944 54.1678 -199.084 98.0426 -12.9697 -324.744 
98.2134 58.2567 -212.082 98.2275 50.7986 -185.584 98.2572 -125.202 -280.334 
98.5277 -110.062 -183.486 98.5791 2.16759 156.256 98.5929 98.0347 19.7802 
98.7598 -115.831 -207.618 98.7817 48.4705 -172.01 98.7905 88.0006 -273.829 
98.815 -116.988 -315.777 99.1008 -28.1979 132.225 99.1097 -134.879 -16.1697 
99.1314 -76.9885 77.0015 99.2874 -122.961 -67.3647 99.2959 23.66 -323.461 
99.3233 46.8483 -158.351 99.3485 -120.973 -231.619 99.3555 -124.321 -255.905 
99.3619 53.3527 159.35 99.4883 59.8547 -322.376 99.8109 -53.3115 105.078 
100.06 62.7422 -224.215 100.124 -114.068 28.665 100.263 78.6003 -45.0981 
100.352 46.2204 -144.557 100.489 99.2843 33.6007 100.497 -105.418 -158.939 
100.547 -110.651 -93.7437 100.613 57.2877 -95.9753 100.704 -115.765 -80.621 
100.918 81.1222 -261.359 101.101 -106.951 -107.223 101.223 -127.274 7.26974 
101.319 -72.6865 -326.227 101.342 -105.752 -322.061 101.72 64.4562 151.191 
101.753 67.9161 -236.193 101.889 -36.7332 -326.147 102.036 74.3148 -248.509 
102.074 99.941 47.573 102.263 46.331 -130.907 102.418 -91.0683 57.8997 
102.474 16.997 160.874 102.633 -104.129 -120.879 102.687 95.2881 -305.184 
102.873 -121.849 -292.702 103.137 -17.6921 140.311 103.181 73.3033 -320.468 
103.199 0.08145 -323.754 103.352 83.2768 -31.6783 103.365 73.68 140.703 
103.375 99.3504 61.6061 103.995 -108.876 -196.488 104.069 -132.926 -30.2729 
104.16 -43.6957 114.228 104.194 36.6403 -323.381 104.21 -68.1071 86.5256 
104.328 -101.225 -134.572 104.378 -103.321 -172.331 104.501 98.1397 75.6017 
104.511 81.3366 128.925 104.546 60.2853 -82.7884 104.68 -121.488 -268.522 
104.695 -114.488 -220.269 105.133 -119.041 -244.263 105.199 87.4367 116.247 
105.237 95.736 89.4399 105.271 47.5547 -117.401 105.317 -94.0054 -324.373 
105.346 -104.807 38.0734 105.463 87.0197 -316.26 105.479 92.4334 103.116 
105.557 93.1285 -296.009 105.641 30.6664 161.776 106.038 -60.1333 -326.384 
106.822 86.386 -18.5128 106.907 -98.772 -148.151 106.923 -23.6878 -325.263 
107.027 91.0933 -2.51421 107.233 -6.18731 147.566 107.282 -117.507 -304.744 
107.402 -129.067 -44.1319 107.551 -81.7752 67.1274 107.761 -130.104 -5.35935 
107.793 -118.628 17.1262 108.194 64.1899 -69.413 108.257 13.1573 -323.483 
108.352 -33.9876 123.347 108.587 43.652 159.175 108.71 93.7921 11.8859 
108.729 47.3348 -194.312 108.734 -123.588 -57.5282 108.769 49.4684 -104.178 
108.77 44.0822 -180.9 108.858 87.7553 -283.646 108.887 -58.8275 95.8729 
108.927 41.9376 -167.325 108.943 49.614 -323.017 109.15 71.4249 -53.3348 
109.172 40.229 -153.497 109.199 51.509 -207.446 109.25 -101.781 -185.481 
109.604 -118.312 -280.984 109.844 -107.686 -209.146 110.247 -82.3604 -325.641 
110.277 56.3113 -220.09 110.32 39.3782 -139.394 110.345 -96.5061 -161.573 
110.391 -101.182 -97.462 110.517 -112.788 -232.899 110.518 -95.5306 47.4621 
110.562 -110.895 -316.151 110.595 -97.3753 -110.824 110.631 -116.627 -256.911 
110.828 -47.3946 -326.256 111.001 95.258 25.5071 111.394 -106.196 -84.5459 
111.416 7.10758 154.12 111.516 81.711 -271.065 111.576 61.8783 -232.563 
111.691 -94.3601 -124.411 111.713 55.5904 153.294 111.769 88.2199 -6.5996 
111.784 -99.5435 -322.704 112.002 -10.5971 -324.021 112.294 75.7242 -39.7189 
112.463 67.9984 -245.159 112.479 -23.933 132.098 112.624 51.5997 -91.1114 
112.667 74.8112 -258.031 112.745 39.5699 -125.629 112.824 -72.7414 76.5818 
112.95 -112.068 -71.9404 113.072 96.3823 39.3153 113.112 -130.014 -19.2256 
113.117 62.5955 -321.516 113.235 26.1664 -323.402 113.287 -109.089 26.885 
113.334 -49.3111 105.147 113.545 -91.6293 -137.999 113.982 88.8967 -305.784 
114.136 65.9753 144.402 114.228 -114.792 -293.2 114.535 -94.5962 -174.744 
114.686 65.759 -58.7596 114.722 -100.453 -198.34 114.817 20.8526 157.482 
114.849 -121.724 4.65064 114.884 -69.974 -326.237 114.929 96.8529 53.3316 
115.646 -106.061 -221.81 115.652 -86.1367 56.8345 115.772 -34.4658 -325.668 
115.899 -113.917 -269.437 115.924 74.7703 133.563 115.972 -117.207 -60.035 
115.989 40.6987 -112.212 116.12 78.3468 -316.778 116.218 95.513 67.325 
116.223 -110.776 -245.506 116.338 79.0574 -26.95 116.483 -89.4645 -151.31 
116.592 -13.1475 140.082 116.823 54.1727 -78.1851 116.844 -126.722 -33.7101 
117.074 2.64995 -323.518 117.184 81.8547 121.465 117.334 93.8099 81.2365 
117.485 88.5861 4.34726 117.662 -39.7448 114.414 117.664 34.0473 157.44 
117.814 -63.7235 86.152 117.829 87.0626 108.425 117.88 90.9969 94.9783 
117.942 33.665 -162.434 117.989 32.0494 -148.16 118.011 35.9343 -176.199 
118.081 -121.952 -47.4676 118.082 39.1873 -323.198 118.191 -99.2825 36.3235 
118.32 85.7105 -293.75 118.429 -110.415 -305.304 118.453 39.3362 -189.646 
118.57 -90.5728 -101.228 118.912 -87.0743 -114.649 118.96 43.2764 -202.868 
119.427 31.3396 -133.904 119.51 -93.0786 -187.674 119.555 42.2329 -98.9466 
119.665 -95.0925 -88.1345 119.786 -57.8749 -326.29 120.045 48.3209 -215.679 
120.071 -84.1747 -128.136 120.125 67.9865 -47.2527 120.134 -87.3437 -164.452 
120.273 -93.1923 -323.447 120.399 90.327 17.6038 120.437 -98.9644 -210.958 
120.567 -112.257 14.6033 120.689 -1.43225 147.047 120.728 -110.78 -281.848 
120.766 -21.4238 -324.448 120.84 80.9007 -14.7129 120.862 46.2153 153.942 
120.871 -76.6095 66.0761 120.909 -123.111 -8.48483 121.274 80.1427 -281.49 
121.303 53.8482 -228.192 121.364 -104.367 -316.822 121.47 -104.249 -234.411 
121.545 57.0054 -65.7707 121.785 -108.462 -258.083 121.835 -100.739 -75.5811 
121.844 -30.0996 123.663 122.096 15.8098 -323.425 122.223 31.5456 -120.17 
122.232 -81.6533 -141.498 122.409 -54.3618 95.5495 122.647 60.0711 -240.881 
122.845 52.2853 -322.528 123.029 91.4261 31.1698 123.194 -89.6201 45.7462 
123.333 74.3844 -268.73 123.386 -80.1497 -325.739 123.472 44.1876 -85.8659 
123.484 67.4501 -255.365 124.087 57.2983 147.144 124.307 11.4528 151.975 
124.344 -85.3641 -177.397 124.398 -106.984 -63.1584 124.433 70.7124 -34.6601 
124.655 -45.2838 -325.987 124.794 -91.376 -200.386 125.178 80.8414 -305.04 
125.216 -107.176 -294.188 125.307 91.8992 45.0033 125.334 -121.844 -22.8204 
125.352 -102.249 24.4574 125.4 22.4293 -142.496 125.437 -79.5313 -154.579 
125.527 82.2853 -3.07264 125.582 23.7391 -157.343 125.647 32.4405 -106.835 
125.669 -79.3902 -105.293 125.732 -8.1648 -323.703 125.925 -19.8765 132.357 
126.127 -97.0527 -223.588 126.198 -67.4858 75.6045 126.225 -76.2532 -118.687 
126.317 26.442 -171.386 126.489 66.6992 137.314 126.55 64.5112 -319.567 
126.55 -83.3257 -92.1127 126.578 -112.782 -50.5415 126.743 59.1869 -53.9385 
126.868 -45.1099 105.134 126.962 -105.758 -270.615 126.997 29.7811 -184.958 
127.025 -114.089 1.66118 127.099 28.7952 -323.219 127.11 -102.092 -246.995 
127.123 -117.856 -37.1925 127.165 72.7848 -314.366 127.203 91.5085 58.9192 
127.269 24.6048 153.997 127.426 22.2438 -128.185 127.591 -73.4684 -132.076 
127.664 46.2107 -72.9987 127.883 33.8801 -198.207 128.258 -79.7724 55.005 
128.418 74.5037 126.01 128.541 -68.097 -326.217 128.742 90.3158 72.8486 
128.776 -88.067 -79.2563 128.814 72.8024 -22.331 129.007 -77.2954 -167.522 
129.059 33.5241 -93.5184 129.068 84.1427 9.5 129.082 -83.5384 -190.062 
129.156 38.747 -211.024 129.553 -103.475 -306.419 129.57 -32.391 -324.997 
129.677 36.7338 152.851 129.721 80.6194 113.491 129.761 88.2156 86.6956 
129.785 77.1346 -292.142 129.852 -70.9285 -145.176 130.099 -92.0508 33.8697 
130.173 -8.93562 140.32 130.205 85.144 100.315 130.318 -89.5133 -212.942 
130.455 22.317 -114.56 130.617 44.1196 -223.499 130.621 5.13353 -323.452 
131.132 -58.3826 85.2136 131.242 -35.9289 114.836 131.442 61.331 -41.9144 
131.673 -103.891 11.5503 131.675 -102.46 -283.183 131.697 -96.9159 -318.045 
131.767 -93.8591 -66.7405 131.903 -67.8591 -109.794 131.984 -95.1229 -236.133 
131.998 85.6207 22.855 132.011 49.7636 -235.628 132.04 41.5405 -322.383 
132.047 -113.982 -12.0603 132.047 12.1088 -136.862 132.344 12.2104 -152.573 
132.48 -71.2748 -96.5526 132.499 -99.5775 -259.597 132.512 71.5065 -279.759 
132.599 47.624 148.407 132.611 -64.9957 -123.161 132.745 48.1599 -60.7539 
132.992 34.9883 -80.46 133.021 -75.0707 -180.197 133.051 -68.6793 -158.01 
133.118 74.7817 -10.4718 133.12 15.2321 -166.771 133.3 55.6709 -247.192 
133.504 22.7203 -101.135 133.617 -56.0401 -326.248 133.691 -70.198 64.3794 
133.827 59.9607 -255.986 133.86 65.6735 -267.562 133.88 -62.126 -136.206 
133.937 -81.3754 -202.637 134 18.6916 -180.454 134.146 12.3032 -122.29 
134.242 2.9706 146.761 134.258 -100.226 -53.9565 134.281 -75.1915 -83.4096 
134.505 -19.242 -324.04 134.836 86.4957 36.5344 134.903 -111.532 -26.2614 
134.972 -82.0354 43.2596 135.018 5.22597 -142.952 135.324 -26.331 124.165 
135.325 -106.415 -40.5521 135.384 22.988 -193.792 135.695 18.1339 -323.296 
135.83 72.0294 -303.319 135.858 -49.318 94.9262 135.95 -87.3603 -225.52 
135.959 57.2388 140.396 135.975 63.3847 -29.8324 136.002 -59.3626 -149.053 
136.048 -77.9305 -324.947 136.184 -66.0965 -170.742 136.237 -93.6108 21.3459 
136.252 -99.197 -295.78 136.464 2.56268 -129.707 136.828 76.8594 1.61959 
136.864 23.5375 -87.9692 136.899 27.8297 -206.696 136.92 54.4022 -319.997 
136.922 11.9606 -108.649 137.083 -79.6098 -70.5754 137.3 -55.8858 -114.715 
137.329 86.486 50.4077 137.365 -72.9447 -192.634 137.438 -92.6472 -248.748 
137.513 15.9361 150.12 137.557 -104.756 -1.67005 137.62 -58.7889 -101.447 
137.665 -96.7459 -272.247 137.683 50.5864 -48.8154 137.684 36.3429 -67.947 
137.763 -53.1438 -127.718 137.989 -1.65683 -149.042 138.08 64.6463 -312.493 
138.288 2.64564 -162.341 138.508 -43.4025 -325.744 138.57 -56.7076 -161.563 
138.592 65.5248 130.031 138.793 33.1163 -219.264 138.845 -62.1136 -88.0835 
138.867 -6.43505 -136.917 138.926 -50.1204 -140.45 138.983 -98.0843 -42.7316 
139.038 -61.0831 74.0548 139.064 -5.97901 -323.558 139.123 1.51114 -116.204 
139.169 -79.2232 -215.105 139.343 -16.1029 132.98 139.421 85.7392 64.3194 
139.502 29.0213 150.085 139.528 6.57709 -176.246 139.827 12.0398 -95.3457 
139.942 -63.805 -182.999 140.069 65.6086 -17.9311 140.087 78.739 14.4733 
140.153 -95.4272 -308.736 140.174 -72.0957 52.6009 140.24 67.4356 -290.636 
140.294 -84.5544 -57.9418 140.385 -87.7964 -320.453 140.399 -40.4932 104.97 
140.494 72.2737 118.148 140.524 -8.59106 -123.536 140.634 -47.1635 -152.989 
140.716 30.8199 -322.432 140.717 -103.136 -15.6472 140.722 -83.0871 30.7412 
140.737 38.7962 -231.476 140.746 -43.3331 -119.653 140.84 -40.4752 -132.506 
140.869 -15.293 -144.119 140.94 84.3666 78.3123 141.075 -66.1643 -74.9211 
141.116 24.4064 -75.1742 141.121 -94.0111 8.07124 141.131 -10.8686 -157.643 
141.218 10.6836 -189.506 141.326 -18.4633 -130.875 141.372 -45.8861 -106.413 
141.407 -99.8594 -29.7001 141.487 77.5004 105.406 141.495 -27.8294 -138.004 
141.52 81.4241 92.0576 141.624 -85.0674 -238.066 141.762 0.808459 -102.728 
141.781 -37.5171 -145.326 141.786 -54.2968 -173.808 141.956 -30.7352 -125.063 
141.961 -70.522 -205.021 141.975 52.6272 -36.9419 142.303 -24.4455 -151.562 
142.304 -93.4735 -285.025 142.318 -66.8835 -325.947 142.377 -48.7182 -93.2625 
142.564 44.6662 -243.298 142.605 61.7003 -278.263 142.607 -44.4342 -165.109 
142.61 -89.8285 -261.421 142.63 37.5511 -55.5286 142.64 -89.7541 -44.911 
142.783 -20.5696 -117.582 142.793 -10.0758 -110.19 142.949 -6.42252 -172.228 
142.958 15.3269 -202.703 143.018 -33.122 -111.873 143.068 -34.3275 -157.88 
143.179 12.3557 -82.3553 143.35 -30.4198 -324.691 143.43 80.2367 27.9052 
143.582 50.2452 -254.745 143.651 55.7542 -266.205 143.668 -4.5069 140.244 
143.774 68.3651 -6.19572 143.816 7.22251 -323.285 143.821 46.8115 142.71 
143.872 -61.2054 -195.335 143.976 -70.2451 -61.957 144.144 -52.422 -79.8688 
144.303 -52.1913 83.8857 144.311 -35.3126 -98.6133 144.399 -19.9589 -167.363 
144.41 -22.4029 -104.312 144.559 0.507016 -89.6461 144.676 -31.4957 114.947 
144.784 -76.8835 -227.629 144.838 -31.7922 -167.837 144.908 -93.3862 -5.69146 
145.102 -11.197 -96.9117 145.111 -2.3209 -185.65 145.164 20.9211 -215.483 
145.276 -41.8386 -176.473 145.382 -51.7329 -185.867 145.387 -83.29 17.6933 
145.393 43.0733 -319.247 145.422 -72.7837 40.0728 145.433 -89.4869 -32.7247 
145.443 61.7465 -301.531 145.621 -62.6748 62.1702 145.96 54.7702 -25.0237 
145.964 24.9983 -62.4758 146.265 -37.4993 -85.5917 146.426 -91.2783 -19.4902 
146.543 -56.998 -66.3974 146.587 -23.9768 -91.2007 146.722 -90.2838 -298.061 
146.748 -82.1986 -250.743 146.848 81.1247 41.642 146.848 -74.0079 -49.0311 
146.938 39.5053 -43.4082 146.944 -15.717 -182.166 146.946 -68.204 -217.417 
147.055 -28.9982 -178.929 147.1 70.5987 6.20033 147.368 12.4798 -69.5637 
147.47 -86.7179 -274.206 147.489 -11.7878 -83.9604 147.49 1.94061 -198.641 
147.548 8.08594 144.658 147.607 -54.6056 -325.99 147.681 26.7559 -227.842 
147.794 0.408608 -76.795 147.868 -17.242 -323.953 147.876 54.2063 -311.336 
148.269 -44.2475 -70.9747 148.321 -58.6958 -207.631 148.397 55.7272 133.879 
148.418 -82.5512 4.12196 148.487 -22.2747 124.37 148.722 -38.8414 -188.731 
148.967 -24.6666 -78.5534 148.969 -36.7047 -73.8079 149.002 -77.24 -36.0379 
149.002 -48.8318 -198.115 149.153 57.8782 -13.4319 149.17 20.0172 -322.598 
149.21 -60.3136 -53.2221 149.287 34.8513 144.349 149.357 -43.6055 94.0366 
149.394 -78.2279 -323.069 149.475 56.7634 -289.235 149.571 -11.6913 -195.061 
149.616 80.9162 55.6012 149.641 -72.5777 27.039 149.908 -73.9761 -240.245 
150.011 21.5887 145.566 150.083 -81.1198 -9.63611 150.108 -79.3383 -22.9956 
150.118 -25.4028 -191.725 150.193 32.5752 -240.029 150.197 7.29159 -211.576 
150.419 -11.9696 -71.4307 150.569 25.2697 -49.6241 150.606 62.8473 122.814 
150.7 -63.0439 49.5613 150.726 72.5502 19.2903 150.801 -47.3139 -57.7799 
150.864 42.1123 -31.4545 150.891 -86.9494 -311.96 151.12 -4.1288 -323.525 
151.276 -53.7409 72.1182 151.293 79.4079 69.705 151.327 0.054581 -63.9624 
151.463 -78.9731 -263.485 151.607 -63.4274 -40.0911 151.646 12.1403 -56.5617 
151.657 -23.8094 -66.5876 151.681 -35.0252 -62.2458 151.692 50.7899 -276.569 
151.866 68.5949 110.57 152.008 38.4858 -252.015 152.016 -65.3693 -229.925 
152.071 -35.5751 -201.074 152.089 -71.5184 13.6137 152.096 -83.6272 -287.12 
152.272 -11.5753 132.792 152.344 -41.794 -325.477 152.409 77.1172 83.7697 
152.585 44.3985 -264.105 152.656 73.5136 97.4923 152.681 -56.037 -220.071 
152.705 61.157 -1.87772 152.881 13.7675 -224.402 152.916 -46.0477 -210.464 
152.96 -7.33786 -207.734 153.034 -66.1839 -26.811 153.304 -70.023 -0.012633 
153.309 -50.0638 -44.6066 153.435 -12.2342 -58.8172 153.548 -21.7834 -204.19 
153.593 -68.3474 -13.4553 153.792 -34.7958 104.329 153.953 32.0453 -318.998 
154.2 43.6535 -19.1089 154.351 -37.059 -49.3214 154.447 -62.1806 36.4958 
154.473 -24.366 -54.0164 154.64 50.8321 -300.241 154.676 24.8908 -36.4488 
154.683 -0.76405 -50.8491 154.818 -70.8438 -252.914 154.841 73.9736 32.7171 
155.017 50.643 -9.46144 155.032 -52.6671 -31.3126 155.545 10.9502 -43.0725 
155.78 19.7092 -236.736 155.784 62.8041 11.1706 155.956 -32.7233 -213.402 
156.043 -55.0789 -17.8432 156.058 30.7916 -25.8903 156.107 -60.5359 22.9111 
156.212 -66.3895 -323.117 156.227 -13.3913 -45.7134 156.229 -0.799343 -220.859 
156.254 -53.4949 59.3295 156.312 -39.4473 -36.0529 156.316 0.611059 137.516 
156.452 -76.0539 -276.195 156.471 -80.5512 -300.348 156.538 8.71784 -322.816 
156.676 -58.8581 9.28455 156.684 -57.0622 -4.3528 156.854 -62.1357 -242.556 
156.864 -26.2786 -40.8283 156.911 42.7668 136.195 156.986 -43.4249 -222.802 
157.216 -44.9985 82.1651 157.273 -17.5449 -216.839 157.321 -25.3345 114.03 
157.328 -28.7483 -324.824 157.527 -53.045 -232.489 157.561 -41.689 -22.5426 
157.62 43.541 -311.764 157.645 -2.21406 -37.5527 157.65 45.6623 -287.801 
158.35 -28.3934 -27.4019 158.372 51.8422 3.51404 158.395 -15.2465 -32.391 
158.512 9.06486 -29.2889 158.513 -43.7013 -8.93507 158.548 25.4306 -249.031 
158.612 19.8923 -20.8582 158.635 74.1892 46.5587 158.657 30.8739 -12.6165 
158.706 41.2324 -4.35507 158.79 -51.7646 45.9585 158.901 51.6688 127.304 
159.187 -30.3455 -13.7161 159.301 -3.97943 -23.834 159.433 -45.6341 4.75591 
159.47 6.12156 -233.801 159.493 -17.1143 -18.6848 159.604 7.31138 -15.2662 
159.699 -67.7302 -265.562 159.792 -47.513 18.5937 159.824 -76.3269 -313.606 
159.843 13.8985 139.163 159.871 -30.3385 -225.648 159.932 18.5381 -6.79866 
159.972 -32.1615 0.083207 159.982 -5.71094 -9.8826 159.997 -18.8694 -4.80618 
160.094 64.189 24.4033 160.122 38.8811 -274.654 160.266 -49.6906 32.3963 
160.269 58.4218 116.173 160.284 29.5107 1.53495 160.294 -15.8911 122.575 
160.303 5.73881 -1.22907 160.356 28.4229 138.035 160.506 31.1969 -261.505 
160.519 73.3717 60.8272 160.557 -7.3659 4.07586 160.708 -20.5904 9.15451 
160.818 -34.005 13.9968 160.862 40.7634 9.36564 160.883 17.1284 7.24701 
160.921 -72.9759 -289.125 161.066 -6.59283 -231.03 161.257 -53.5072 -323.842 
161.324 4.19795 12.7537 161.371 -17.0762 -228.573 161.434 52.4206 16.8762 
161.46 -6.6578 129.522 161.728 -9.05667 18.0131 161.738 71.2869 74.9492 
161.851 -43.9578 69.179 161.893 28.6524 15.2718 161.938 -40.391 -235.071 
161.946 -58.997 -255.147 162.033 -22.4734 23.097 162.062 -36.0893 27.8671 
162.435 -35.9133 92.4551 162.474 -49.7411 -245.024 162.511 63.976 102.889 
162.577 15.824 21.0566 162.598 -38.3356 41.6879 162.609 -2.96024 -322.931 
162.7 39.0857 -299.406 162.754 -40.9359 55.3946 162.802 20.9233 -320.614 
162.935 11.748 -246.25 163.023 68.442 89.0054 163.044 40.4538 22.8896 
163.134 2.47177 26.7197 163.351 63.9364 38.1595 163.423 -10.9969 32.021 
163.49 -24.5766 36.9858 163.81 27.5966 28.7757 164.067 52.2474 30.4243 
164.299 -64.5639 -278.301 164.387 29.3913 -273.116 164.462 -27.4342 -237.929 
164.518 34.462 -286.435 164.583 14.1478 35.1504 164.72 47.1312 122.103 
164.789 -69.6224 -302.257 164.868 -27.0479 50.9156 164.975 0.442194 41.1626 
165.027 -1.87217 -243.621 165.095 -13.2423 46.1994 165.296 39.4755 36.2499 
165.463 5.45734 129.61 165.519 -14.5513 -240.861 165.683 31.5738 -311.551 
165.71 -40.3951 -323.329 165.787 63.3646 51.9819 165.881 -26.3847 102.641 
165.909 25.9664 42.3829 165.985 -63.668 -314.765 165.996 -29.9079 64.9082 
166.21 -15.8265 -322.784 166.224 16.5773 -258.81 166.369 -55.5562 -267.91 
166.444 -15.8065 60.5728 166.491 51.3403 43.9411 166.51 -36.8121 -247.707 
166.611 -33.1402 78.8136 166.615 11.82 50.6031 166.617 -2.0326 56.019 
166.678 34.0376 125.889 167.114 -46.2599 -257.72 167.148 24.303 52.8851 
167.213 37.8961 49.4159 167.254 -15.1742 111.416 167.283 61.6899 65.8775 
167.374 19.6516 128.129 167.609 -4.25254 119.989 167.926 51.4649 107.649 
168.191 49.7192 57.3158 168.229 -18.8641 74.6995 168.233 -4.90631 70.4469 
168.318 9.05834 65.9074 168.386 22.6396 63.3874 168.4 58.9142 79.5054 
168.452 -61.3799 -291.204 168.512 35.9424 62.0579 168.653 19.9015 -271.578 
168.764 -23.6485 -250.608 168.93 2.6762 -256.335 168.961 8.06824 -319.658 
168.983 -22.7946 88.6643 169.191 55.5354 93.256 169.359 26.9169 -298.171 
169.46 47.4841 70.3804 169.623 -10.5322 -253.555 169.681 33.6706 73.8991 
169.744 38.1456 111.662 169.776 23.0587 -284.647 169.783 20.0494 76.7291 
170.056 9.64319 117.371 170.06 6.11458 80.3992 170.072 -8.23318 84.4516 
170.377 24.0915 114.693 170.38 -12.1563 98.2343 170.47 44.7354 83.2863 
170.508 -52.1591 -280.713 170.694 -33.1347 -260.56 170.774 30.867 86.8331 
170.85 41.6807 97.1066 170.966 -1.14136 107.506 171.061 17.0594 90.447 
171.197 27.807 100.722 171.284 2.5076 94.1203 171.367 -42.6975 -270.543 
171.403 -57.5847 -304.136 171.426 13.6749 104.043 171.965 -51.2959 -316.15 
171.97 6.99012 -269.203 172.131 -28.4297 -320.928 172.286 18.4893 -310.5 
172.685 -19.7602 -263.481 173.145 -6.40522 -266.495 173.689 10.9745 -282.359 
174.08 14.5045 -295.956 174.288 -48.7069 -293.461 174.598 -29.3727 -273.486 
174.665 -4.92982 -316.299 174.935 -39.0369 -283.466 175.7 -2.27683 -279.638 
175.751 -15.8504 -276.635 175.815 -39.755 -314.451 175.88 -44.4581 -306.186 
176.485 5.13009 -307.335 176.863 1.61418 -293.069 177.187 -25.5239 -286.657 
177.698 -35.1143 -296.313 177.735 -18.0334 -313.033 177.766 -11.921 -289.95 
178.621 -8.11624 -303.342 178.638 -30.9488 -308.497 179.333 -21.6036 -299.836 

POLYGONS 6002 24008
3 2526 2496 2601 
3 2478 2601 2496 
3 2526 2417 2496 
3 2601 2666 2526 
3 2601 2478 2577 
3 2384 2478 2496 
3 2417 2384 2496 
3 2417 2526 2440 
3 2559 2526 2666 
3 2601 2728 2666 
3 2478 2441 2577 
3 2736 2601 2577 
3 2384 2360 2478 
3 2302 2384 2417 
3 2440 2526 2559 
3 2335 2417 2440 
3 2559 2666 2717 
3 2815 2666 2728 
3 2601 2736 2728 
3 2441 2544 2577 
3 2360 2441 2478 
3 2736 2577 2709 
3 2287 2360 2384 
3 2287 2384 2302 
3 2335 2302 2417 
3 2440 2559 2464 
3 2335 2440 2355 
3 2666 2815 2717 
3 2589 2559 2717 
3 2815 2728 2860 
3 2728 2736 2860 
3 2577 2544 2709 
3 2413 2544 2441 
3 2441 2360 2331 
3 2736 2709 2847 
3 2287 2256 2360 
3 2287 2302 2205 
3 2302 2335 2232 
3 2464 2559 2589 
3 2355 2440 2464 
3 2335 2355 2249 
3 2815 2837 2717 
3 2589 2717 2744 
3 2931 2815 2860 
3 2736 2847 2860 
3 2544 2663 2709 
3 2413 2502 2544 
3 2413 2441 2331 
3 2360 2256 2331 
3 2709 2807 2847 
3 2256 2287 2185 
3 2302 2232 2205 
3 2185 2287 2205 
3 2232 2335 2249 
3 2464 2589 2484 
3 2368 2355 2464 
3 2355 2264 2249 
3 2717 2837 2744 
3 2837 2815 2906 
3 2613 2589 2744 
3 2815 2931 2906 
3 2937 2931 2860 
3 2847 2937 2860 
3 2663 2807 2709 
3 2544 2502 2663 
3 2502 2413 2376 
3 2293 2413 2331 
3 2256 2218 2331 
3 2807 2913 2847 
3 2159 2256 2185 
3 2232 2124 2205 
3 2104 2185 2205 
3 2145 2232 2249 
3 2589 2613 2484 
3 2368 2464 2484 
3 2264 2355 2368 
3 2249 2264 2161 
3 2744 2837 2856 
3 2837 2906 2856 
3 2760 2613 2744 
3 2906 2931 2958 
3 2937 2964 2931 
3 2913 2937 2847 
3 2807 2663 2766 
3 2663 2502 2599 
3 2413 2293 2376 
3 2502 2376 2459 
3 2218 2293 2331 
3 2218 2256 2159 
3 2807 2874 2913 
3 2084 2159 2185 
3 2124 2104 2205 
3 2124 2232 2145 
3 2104 2084 2185 
3 2145 2249 2161 
3 2484 2613 2497 
3 2380 2368 2484 
3 2264 2368 2274 
3 2264 2168 2161 
3 2760 2744 2856 
3 2906 2939 2856 
3 2613 2760 2632 
3 2931 2964 2958 
3 2939 2906 2958 
3 2937 2961 2964 
3 2937 2913 2961 
3 2663 2599 2766 
3 2874 2807 2766 
3 2599 2502 2459 
3 2293 2260 2376 
3 2376 2341 2459 
3 2218 2188 2293 
3 2134 2218 2159 
3 2913 2874 2938 
3 2084 2062 2159 
3 2104 2124 2019 
3 2124 2145 2041 
3 2002 2084 2104 
3 2056 2145 2161 
3 2613 2632 2497 
3 2380 2484 2497 
3 2274 2368 2380 
3 2168 2264 2274 
3 2168 2065 2161 
3 2885 2760 2856 
3 2939 2885 2856 
3 2632 2760 2770 
3 2964 2973 2958 
3 2970 2939 2958 
3 2964 2961 2977 
3 2913 2938 2961 
3 2599 2719 2766 
3 2858 2874 2766 
3 2552 2599 2459 
3 2260 2341 2376 
3 2293 2188 2260 
3 2341 2427 2459 
3 2110 2188 2218 
3 2110 2218 2134 
3 2062 2134 2159 
3 2874 2858 2938 
3 2062 2084 1982 
3 2124 2041 2019 
3 2002 2104 2019 
3 2041 2145 2056 
3 2084 2002 1982 
3 2065 2056 2161 
3 2632 2503 2497 
3 2386 2380 2497 
3 2274 2380 2279 
3 2168 2274 2175 
3 2065 2168 2073 
3 2760 2885 2770 
3 2885 2939 2953 
3 2634 2632 2770 
3 2973 2970 2958 
3 2973 2964 2977 
3 2939 2970 2953 
3 2961 2971 2977 
3 2961 2938 2971 
3 2719 2858 2766 
3 2599 2552 2719 
3 2427 2552 2459 
3 2260 2224 2341 
3 2188 2150 2260 
3 2341 2301 2427 
3 2110 2081 2188 
3 2039 2110 2134 
3 2039 2134 2062 
3 2938 2858 2935 
3 1964 2062 1982 
3 2041 1940 2019 
3 1916 2002 2019 
3 1955 2041 2056 
3 2002 1898 1982 
3 2056 2065 1965 
3 2503 2386 2497 
3 2632 2634 2503 
3 2279 2380 2386 
3 2175 2274 2279 
3 2168 2175 2073 
3 1971 2065 2073 
3 2885 2893 2770 
3 2893 2885 2953 
3 2768 2634 2770 
3 2970 2973 2969 
3 2973 2977 2972 
3 2970 2966 2953 
3 2977 2971 2974 
3 2938 2935 2971 
3 2819 2858 2719 
3 2719 2552 2675 
3 2552 2427 2509 
3 2341 2224 2301 
3 2150 2224 2260 
3 2188 2081 2150 
3 2427 2301 2383 
3 2110 2014 2081 
3 2014 2110 2039 
3 1964 2039 2062 
3 2858 2819 2935 
3 1875 1964 1982 
3 1940 1916 2019 
3 1940 2041 1955 
3 1898 2002 1916 
3 1955 2056 1965 
3 1898 1875 1982 
3 2065 1971 1965 
3 2386 2503 2387 
3 2503 2634 2498 
3 2279 2386 2285 
3 2175 2279 2179 
3 2073 2175 2077 
3 1971 2073 1978 
3 2893 2768 2770 
3 2945 2893 2953 
3 2634 2768 2623 
3 2973 2972 2969 
3 2966 2970 2969 
3 2972 2977 2974 
3 2966 2945 2953 
3 2971 2965 2974 
3 2971 2935 2965 
3 2819 2719 2675 
3 2675 2552 2509 
3 2427 2383 2509 
3 2301 2224 2197 
3 2224 2150 2118 
3 2150 2081 2048 
3 2383 2301 2268 
3 2014 1977 2081 
3 1949 2014 2039 
3 1964 1949 2039 
3 2935 2819 2918 
3 1964 1875 1860 
3 1916 1940 1831 
3 1852 1940 1955 
3 1812 1898 1916 
3 1863 1955 1965 
3 1793 1875 1898 
3 1965 1971 1868 
3 2387 2503 2498 
3 2285 2386 2387 
3 2498 2634 2623 
3 2179 2279 2285 
3 2077 2175 2179 
3 1978 2073 2077 
3 1876 1971 1978 
3 2768 2893 2876 
3 2893 2945 2876 
3 2623 2768 2752 
3 2969 2972 2960 
3 2966 2969 2957 
3 2962 2972 2974 
3 2945 2966 2955 
3 2965 2963 2974 
3 2965 2935 2918 
3 2819 2675 2782 
3 2612 2675 2509 
3 2383 2469 2509 
3 2224 2118 2197 
3 2268 2301 2197 
3 2150 2048 2118 
3 2081 1977 2048 
3 2383 2268 2352 
3 2014 1920 1977 
3 1949 1920 2014 
3 1949 1964 1860 
3 2819 2782 2918 
3 1875 1767 1860 
3 1940 1852 1831 
3 1812 1916 1831 
3 1852 1955 1863 
3 1793 1898 1812 
3 1863 1965 1868 
3 1767 1875 1793 
3 1971 1876 1868 
3 2387 2498 2381 
3 2285 2387 2280 
3 2486 2498 2623 
3 2176 2179 2285 
3 2077 2179 2079 
3 1978 2077 1981 
3 1876 1978 1882 
3 2768 2876 2752 
3 2945 2936 2876 
3 2600 2623 2752 
3 2972 2962 2960 
3 2969 2960 2957 
3 2966 2957 2955 
3 2963 2962 2974 
3 2945 2955 2936 
3 2965 2952 2963 
3 2952 2965 2918 
3 2675 2612 2782 
3 2469 2612 2509 
3 2383 2352 2469 
3 2118 2090 2197 
3 2162 2268 2197 
3 2048 2015 2118 
3 1977 1943 2048 
3 2268 2234 2352 
3 1977 1920 1878 
3 1851 1920 1949 
3 1851 1949 1860 
3 2918 2782 2883 
3 1767 1748 1860 
3 1852 1740 1831 
3 1720 1812 1831 
3 1755 1852 1863 
3 1704 1793 1812 
3 1765 1863 1868 
3 1688 1767 1793 
3 1876 1776 1868 
3 2498 2486 2381 
3 2280 2387 2381 
3 2176 2285 2280 
3 2600 2486 2623 
3 2179 2176 2079 
3 2077 2079 1981 
3 1882 1978 1981 
3 1876 1882 1785 
3 2876 2862 2752 
3 2936 2862 2876 
3 2733 2600 2752 
3 2960 2962 2943 
3 2957 2960 2944 
3 2955 2957 2947 
3 2962 2963 2942 
3 2955 2940 2936 
3 2963 2952 2941 
3 2952 2918 2883 
3 2782 2612 2729 
3 2612 2469 2557 
3 2469 2352 2431 
3 2090 2162 2197 
3 2015 2090 2118 
3 2268 2162 2234 
3 1943 2015 2048 
3 1943 1977 1878 
3 2352 2234 2309 
3 1920 1827 1878 
3 1851 1827 1920 
3 1748 1851 1860 
3 2782 2729 2883 
3 1654 1748 1767 
3 1740 1720 1831 
3 1852 1755 1740 
3 1720 1704 1812 
3 1765 1755 1863 
3 1688 1793 1704 
3 1776 1765 1868 
3 1654 1767 1688 
3 1776 1876 1785 
3 2486 2372 2381 
3 2273 2280 2381 
3 2176 2280 2174 
3 2486 2600 2477 
3 2079 2176 2076 
3 1981 2079 1979 
3 1882 1981 1883 
3 1882 1787 1785 
3 2862 2733 2752 
3 2936 2917 2862 
3 2574 2600 2733 
3 2962 2942 2943 
3 2960 2943 2944 
3 2957 2944 2947 
3 2940 2955 2947 
3 2942 2963 2941 
3 2940 2917 2936 
3 2952 2928 2941 
3 2952 2883 2928 
3 2612 2557 2729 
3 2469 2431 2557 
3 2352 2309 2431 
3 2090 2050 2162 
3 2090 2015 1980 
3 2162 2120 2234 
3 1943 1906 2015 
3 1837 1943 1878 
3 2234 2199 2309 
3 1827 1781 1878 
3 1851 1783 1827 
3 1706 1851 1748 
3 2729 2817 2883 
3 1654 1626 1748 
3 1635 1720 1740 
3 1755 1649 1740 
3 1704 1720 1619 
3 1755 1765 1666 
3 1601 1688 1704 
3 1765 1776 1676 
3 1654 1688 1575 
3 1683 1776 1785 
3 2372 2273 2381 
3 2372 2486 2477 
3 2174 2280 2273 
3 2076 2176 2174 
3 2600 2574 2477 
3 1979 2079 2076 
3 1883 1981 1979 
3 1787 1882 1883 
3 1785 1787 1687 
3 2733 2862 2833 
3 2862 2917 2833 
3 2574 2733 2698 
3 2943 2942 2930 
3 2944 2943 2929 
3 2947 2944 2933 
3 2940 2947 2934 
3 2925 2942 2941 
3 2917 2940 2926 
3 2928 2921 2941 
3 2883 2817 2928 
3 2557 2670 2729 
3 2557 2431 2508 
3 2431 2309 2385 
3 2050 2120 2162 
3 2050 2090 1980 
3 2015 1906 1980 
3 2234 2120 2199 
3 1943 1837 1906 
3 1781 1837 1878 
3 2199 2270 2309 
3 1827 1729 1781 
3 1783 1729 1827 
3 1706 1783 1851 
3 1626 1706 1748 
3 2670 2817 2729 
3 1626 1654 1543 
3 1720 1635 1619 
3 1649 1635 1740 
3 1649 1755 1666 
3 1601 1704 1619 
3 1666 1765 1676 
3 1575 1688 1601 
3 1676 1776 1683 
3 1543 1654 1575 
3 1683 1785 1687 
3 2273 2372 2265 
3 2372 2477 2363 
3 2174 2273 2167 
3 2076 2174 2069 
3 2477 2574 2449 
3 1979 2076 1973 
3 1880 1883 1979 
3 1787 1883 1786 
3 1687 1787 1689 
3 2733 2833 2698 
3 2833 2917 2896 
3 2574 2698 2548 
3 2942 2925 2930 
3 2943 2930 2929 
3 2944 2929 2933 
3 2947 2933 2934 
3 2940 2934 2926 
3 2921 2925 2941 
3 2917 2926 2896 
3 2921 2928 2877 
3 2928 2817 2877 
3 2670 2557 2508 
3 2431 2385 2508 
3 2309 2270 2385 
3 2120 2050 2012 
3 1942 2050 1980 
3 1906 1866 1980 
3 2199 2120 2087 
3 1906 1837 1799 
3 1837 1781 1726 
3 2199 2156 2270 
3 1781 1729 1672 
3 1783 1665 1729 
3 1783 1706 1665 
3 1589 1706 1626 
3 2817 2670 2751 
3 1626 1543 1512 
3 1635 1528 1619 
3 1635 1649 1548 
3 1562 1649 1666 
3 1514 1601 1619 
3 1571 1666 1676 
3 1499 1575 1601 
3 1579 1676 1683 
3 1464 1543 1575 
3 1583 1683 1687 
3 2265 2372 2363 
3 2167 2273 2265 
3 2363 2477 2449 
3 2069 2174 2167 
3 1973 2076 2069 
3 2449 2574 2548 
3 1880 1979 1973 
3 1883 1880 1786 
3 1689 1787 1786 
3 1687 1689 1586 
3 2698 2833 2792 
3 2833 2896 2792 
3 2548 2698 2660 
3 2925 2911 2930 
3 2929 2930 2909 
3 2929 2919 2933 
3 2933 2919 2934 
3 2934 2912 2926 
3 2925 2921 2908 
3 2926 2900 2896 
3 2890 2921 2877 
3 2817 2751 2877 
3 2595 2670 2508 
3 2508 2385 2461 
3 2270 2345 2385 
3 2050 1942 2012 
3 2120 2012 2087 
3 1866 1942 1980 
3 1906 1799 1866 
3 2156 2199 2087 
3 1837 1726 1799 
3 1781 1672 1726 
3 2156 2226 2270 
3 1672 1729 1609 
3 1729 1665 1609 
3 1665 1706 1589 
3 1589 1626 1512 
3 2670 2595 2751 
3 1543 1433 1512 
3 1528 1514 1619 
3 1528 1635 1548 
3 1548 1649 1562 
3 1571 1562 1666 
3 1499 1601 1514 
3 1579 1571 1676 
3 1499 1464 1575 
3 1583 1579 1683 
3 1433 1543 1464 
3 1583 1687 1586 
3 2265 2363 2253 
3 2167 2265 2158 
3 2363 2449 2347 
3 2069 2167 2063 
3 1973 2069 1967 
3 2449 2548 2434 
3 1880 1973 1871 
3 1786 1880 1782 
3 1689 1786 1686 
3 1586 1689 1585 
3 2660 2698 2792 
3 2896 2853 2792 
3 2548 2660 2517 
3 2930 2911 2909 
3 2911 2925 2908 
3 2905 2929 2909 
3 2905 2919 2929 
3 2919 2912 2934 
3 2912 2900 2926 
3 2921 2890 2908 
3 2900 2853 2896 
3 2805 2890 2877 
3 2751 2805 2877 
3 2595 2508 2461 
3 2385 2345 2461 
3 2270 2226 2345 
3 1942 1903 2012 
3 2012 1972 2087 
3 1866 1830 1942 
3 1799 1753 1866 
3 2046 2156 2087 
3 1726 1693 1799 
3 1726 1672 1620 
3 2226 2156 2114 
3 1672 1609 1547 
3 1665 1533 1609 
3 1665 1589 1533 
3 1589 1512 1465 
3 2595 2689 2751 
3 1433 1403 1512 
3 1528 1430 1514 
3 1448 1528 1548 
3 1460 1548 1562 
3 1571 1460 1562 
3 1412 1499 1514 
3 1571 1579 1478 
3 1400 1464 1499 
3 1485 1579 1583 
3 1360 1433 1464 
3 1485 1583 1586 
3 2253 2363 2347 
3 2158 2265 2253 
3 2063 2167 2158 
3 2347 2449 2434 
3 1967 2069 2063 
3 1973 1967 1871 
3 2434 2548 2517 
3 1782 1880 1871 
3 1686 1786 1782 
3 1689 1686 1585 
3 1488 1586 1585 
3 2746 2660 2792 
3 2853 2746 2792 
3 2517 2660 2606 
3 2911 2897 2909 
3 2898 2911 2908 
3 2895 2905 2909 
3 2919 2905 2899 
3 2912 2919 2899 
3 2900 2912 2894 
3 2908 2890 2887 
3 2853 2900 2873 
3 2890 2805 2836 
3 2689 2805 2751 
3 2537 2595 2461 
3 2345 2418 2461 
3 2226 2296 2345 
3 1903 1972 2012 
3 1942 1830 1903 
3 1972 2046 2087 
3 1753 1830 1866 
3 1693 1753 1799 
3 2156 2046 2114 
3 1693 1726 1620 
3 1620 1672 1547 
3 2226 2114 2189 
3 1609 1477 1547 
3 1533 1477 1609 
3 1533 1589 1465 
3 1512 1403 1465 
3 2595 2537 2689 
3 1433 1325 1403 
3 1430 1412 1514 
3 1430 1528 1448 
3 1448 1548 1460 
3 1571 1478 1460 
3 1412 1400 1499 
3 1478 1579 1485 
3 1360 1464 1400 
3 1325 1433 1360 
3 1488 1485 1586 
3 2239 2253 2347 
3 2158 2253 2147 
3 2063 2158 2054 
3 2347 2434 2329 
3 1967 2063 1957 
3 1871 1967 1864 
3 2434 2517 2410 
3 1772 1782 1871 
3 1686 1782 1682 
3 1686 1584 1585 
3 1486 1488 1585 
3 2660 2746 2606 
3 2746 2853 2797 
3 2517 2606 2491 
3 2897 2895 2909 
3 2897 2911 2898 
3 2898 2908 2887 
3 2886 2905 2895 
3 2905 2886 2899 
3 2894 2912 2899 
3 2900 2894 2873 
3 2890 2836 2887 
3 2853 2873 2797 
3 2805 2745 2836 
3 2805 2689 2745 
3 2418 2537 2461 
3 2345 2296 2418 
3 2226 2189 2296 
3 1859 1972 1903 
3 1830 1792 1903 
3 2046 1972 1929 
3 1830 1753 1718 
3 1753 1693 1641 
3 2046 2005 2114 
3 1693 1620 1574 
3 1508 1620 1547 
3 2114 2074 2189 
3 1547 1477 1426 
3 1533 1423 1477 
3 1423 1533 1465 
3 1465 1403 1354 
3 2689 2537 2608 
3 1325 1291 1403 
3 1332 1412 1430 
3 1344 1430 1448 
3 1361 1448 1460 
3 1478 1376 1460 
3 1400 1412 1323 
3 1386 1478 1485 
3 1296 1360 1400 
3 1325 1360 1248 
3 1485 1488 1390 
3 2253 2239 2147 
3 2239 2347 2329 
3 2054 2158 2147 
3 1957 2063 2054 
3 2329 2434 2410 
3 1967 1957 1864 
3 1772 1871 1864 
3 2410 2517 2491 
3 1782 1772 1682 
3 1584 1686 1682 
3 1584 1486 1585 
3 1488 1486 1389 
3 2746 2704 2606 
3 2704 2746 2797 
3 2606 2567 2491 
3 2897 2875 2895 
3 2897 2898 2881 
3 2882 2898 2887 
3 2886 2895 2871 
3 2899 2886 2878 
3 2894 2899 2878 
3 2873 2894 2866 
3 2836 2855 2887 
3 2797 2873 2827 
3 2745 2786 2836 
3 2689 2608 2745 
3 2418 2483 2537 
3 2418 2296 2365 
3 2296 2189 2255 
3 1972 1859 1929 
3 1792 1859 1903 
3 1792 1830 1718 
3 2046 1929 2005 
3 1718 1753 1641 
3 1641 1693 1574 
3 2114 2005 2074 
3 1620 1508 1574 
3 1508 1547 1426 
3 2189 2074 2142 
3 1426 1477 1333 
3 1477 1423 1333 
3 1423 1465 1354 
3 1403 1291 1354 
3 2537 2483 2608 
3 1291 1325 1218 
3 1412 1332 1323 
3 1344 1332 1430 
3 1344 1448 1361 
3 1376 1361 1460 
3 1376 1478 1386 
3 1296 1400 1323 
3 1386 1485 1390 
3 1360 1296 1248 
3 1218 1325 1248 
3 1390 1488 1389 
3 2147 2239 2132 
3 2219 2239 2329 
3 2054 2147 2042 
3 1957 2054 1951 
3 2303 2329 2410 
3 1957 1855 1864 
3 1761 1772 1864 
3 2410 2491 2382 
3 1772 1675 1682 
3 1578 1584 1682 
3 1486 1584 1482 
3 1389 1486 1388 
3 2704 2567 2606 
3 2704 2797 2772 
3 2491 2567 2454 
3 2895 2875 2871 
3 2897 2881 2875 
3 2898 2882 2881 
3 2855 2882 2887 
3 2886 2871 2867 
3 2886 2867 2878 
3 2894 2878 2866 
3 2827 2873 2866 
3 2836 2786 2855 
3 2797 2827 2772 
3 2786 2745 2686 
3 2745 2608 2686 
3 2483 2418 2365 
3 2296 2255 2365 
3 2255 2189 2142 
3 1929 1859 1815 
3 1859 1792 1747 
3 1792 1718 1679 
3 2005 1929 1895 
3 1718 1641 1607 
3 1529 1641 1574 
3 2074 2005 1961 
3 1508 1459 1574 
3 1508 1426 1399 
3 2074 2026 2142 
3 1317 1426 1333 
3 1423 1354 1333 
3 1291 1246 1354 
3 2483 2550 2608 
3 1291 1218 1177 
3 1323 1332 1243 
3 1332 1344 1237 
3 1344 1361 1257 
3 1274 1361 1376 
3 1289 1376 1386 
3 1224 1296 1323 
3 1386 1390 1294 
3 1296 1193 1248 
3 1144 1218 1248 
3 1390 1389 1295 
3 2239 2219 2132 
3 2042 2147 2132 
3 2219 2329 2303 
3 2054 2042 1951 
3 1855 1957 1951 
3 2303 2410 2382 
3 1855 1761 1864 
3 1675 1772 1761 
3 2382 2491 2454 
3 1675 1578 1682 
3 1482 1584 1578 
3 1388 1486 1482 
3 1293 1389 1388 
3 2567 2704 2664 
3 2704 2772 2664 
3 2567 2532 2454 
3 2871 2875 2863 
3 2875 2881 2864 
3 2881 2882 2865 
3 2855 2845 2882 
3 2867 2871 2859 
3 2867 2857 2878 
3 2878 2857 2866 
3 2835 2827 2866 
3 2855 2786 2801 
3 2772 2827 2793 
3 2734 2786 2686 
3 2608 2550 2686 
3 2483 2365 2435 
3 2365 2255 2324 
3 2208 2255 2142 
3 1859 1747 1815 
3 1929 1815 1895 
3 1792 1679 1747 
3 1679 1718 1607 
3 2005 1895 1961 
3 1641 1529 1607 
3 1459 1529 1574 
3 2026 2074 1961 
3 1459 1508 1399 
3 1426 1317 1399 
3 2026 2102 2142 
3 1240 1317 1333 
3 1354 1246 1333 
3 1291 1177 1246 
3 2550 2483 2435 
3 1218 1117 1177 
3 1243 1332 1237 
3 1224 1323 1243 
3 1237 1344 1257 
3 1361 1274 1257 
3 1274 1376 1289 
3 1289 1386 1294 
3 1193 1296 1224 
3 1294 1390 1295 
3 1193 1144 1248 
3 1117 1218 1144 
3 1389 1293 1295 
3 2219 2117 2132 
3 2025 2042 2132 
3 2219 2303 2204 
3 2042 1938 1951 
3 1847 1855 1951 
3 2303 2382 2292 
3 1761 1855 1756 
3 1675 1761 1670 
3 2336 2382 2454 
3 1578 1675 1573 
3 1480 1482 1578 
3 1384 1388 1482 
3 1293 1388 1290 
3 2567 2664 2532 
3 2664 2772 2725 
3 2532 2416 2454 
3 2875 2864 2863 
3 2871 2863 2859 
3 2881 2865 2864 
3 2882 2845 2865 
3 2845 2855 2801 
3 2849 2867 2859 
3 2857 2867 2849 
3 2857 2835 2866 
3 2827 2835 2793 
3 2786 2734 2801 
3 2772 2793 2725 
3 2618 2734 2686 
3 2550 2618 2686 
3 2365 2324 2435 
3 2255 2208 2324 
3 2102 2208 2142 
3 1815 1747 1708 
3 1895 1815 1778 
3 1679 1633 1747 
3 1563 1679 1607 
3 1895 1843 1961 
3 1529 1496 1607 
3 1529 1459 1422 
3 1915 2026 1961 
3 1459 1399 1349 
3 1399 1317 1288 
3 2102 2026 1994 
3 1317 1240 1207 
3 1246 1240 1333 
3 1246 1177 1174 
3 2501 2550 2435 
3 1177 1117 1107 
3 1170 1243 1237 
3 1224 1243 1152 
3 1159 1237 1257 
3 1274 1172 1257 
3 1274 1289 1185 
3 1190 1289 1294 
3 1123 1193 1224 
3 1191 1294 1295 
3 1144 1193 1090 
3 1056 1117 1144 
3 1293 1189 1295 
3 2117 2025 2132 
3 2117 2219 2204 
3 1938 2042 2025 
3 2204 2303 2292 
3 1938 1847 1951 
3 1855 1847 1756 
3 2292 2382 2336 
3 1761 1756 1670 
3 1573 1675 1670 
3 2416 2336 2454 
3 1480 1578 1573 
3 1480 1384 1482 
3 1388 1384 1290 
3 1186 1293 1290 
3 2532 2664 2605 
3 2664 2725 2605 
3 2488 2416 2532 
3 2864 2852 2863 
3 2859 2863 2851 
3 2864 2865 2850 
3 2865 2845 2840 
3 2845 2801 2811 
3 2843 2849 2859 
3 2857 2849 2834 
3 2857 2834 2835 
3 2835 2784 2793 
3 2734 2764 2801 
3 2793 2784 2725 
3 2734 2618 2684 
3 2618 2550 2501 
3 2435 2324 2393 
3 2324 2208 2283 
3 2208 2102 2169 
3 1747 1633 1708 
3 1778 1815 1708 
3 1895 1778 1843 
3 1633 1679 1563 
3 1496 1563 1607 
3 1843 1915 1961 
3 1496 1529 1422 
3 1422 1459 1349 
3 2026 1915 1994 
3 1349 1399 1288 
3 1288 1317 1207 
3 2102 1994 2058 
3 1240 1140 1207 
3 1240 1246 1174 
3 1174 1177 1107 
3 2501 2435 2393 
3 1107 1117 1033 
3 1152 1243 1170 
3 1170 1237 1159 
3 1123 1224 1152 
3 1172 1159 1257 
3 1172 1274 1185 
3 1289 1190 1185 
3 1191 1190 1294 
3 1193 1123 1090 
3 1189 1191 1295 
3 1056 1144 1090 
3 1117 1056 1033 
3 1186 1189 1293 
3 2025 2117 2016 
3 2117 2204 2103 
3 1938 2025 1924 
3 2204 2292 2202 
3 1833 1847 1938 
3 1756 1847 1750 
3 2292 2336 2202 
3 1756 1662 1670 
3 1570 1573 1670 
3 2336 2416 2289 
3 1480 1573 1474 
3 1384 1480 1378 
3 1384 1285 1290 
3 1186 1290 1184 
3 2488 2532 2605 
3 2725 2690 2605 
3 2416 2488 2374 
3 2863 2852 2851 
3 2864 2850 2852 
3 2843 2859 2851 
3 2865 2840 2850 
3 2845 2811 2840 
3 2801 2764 2811 
3 2849 2843 2832 
3 2834 2849 2832 
3 2835 2834 2784 
3 2734 2684 2764 
3 2784 2690 2725 
3 2618 2564 2684 
3 2618 2501 2564 
3 2393 2324 2283 
3 2208 2169 2283 
3 2102 2058 2169 
3 1708 1633 1597 
3 1778 1708 1660 
3 1843 1778 1727 
3 1633 1563 1520 
3 1563 1496 1451 
3 1915 1843 1798 
3 1383 1496 1422 
3 1311 1422 1349 
3 1994 1915 1873 
3 1349 1288 1238 
3 1288 1207 1166 
3 2058 1994 1945 
3 1085 1207 1140 
3 1240 1174 1140 
3 1174 1107 1097 
3 2501 2393 2451 
3 1018 1107 1033 
3 1170 1106 1152 
3 1159 1106 1170 
3 1059 1123 1152 
3 1051 1159 1172 
3 1081 1172 1185 
3 1190 1093 1185 
3 1091 1190 1191 
3 1123 1019 1090 
3 1087 1191 1189 
3 975 1056 1090 
3 1056 975 1033 
3 1189 1186 1084 
3 2016 2117 2103 
3 1924 2025 2016 
3 2103 2204 2202 
3 1833 1938 1924 
3 1847 1833 1750 
3 1662 1756 1750 
3 2202 2336 2289 
3 1662 1570 1670 
3 1474 1573 1570 
3 2289 2416 2374 
3 1480 1474 1378 
3 1285 1384 1378 
3 1290 1285 1184 
3 1079 1186 1184 
3 2560 2488 2605 
3 2690 2560 2605 
3 2488 2444 2374 
3 2852 2842 2851 
3 2852 2850 2838 
3 2843 2851 2839 
3 2840 2830 2850 
3 2811 2812 2840 
3 2764 2777 2811 
3 2832 2843 2829 
3 2800 2834 2832 
3 2834 2800 2784 
3 2764 2684 2718 
3 2690 2784 2748 
3 2684 2564 2626 
3 2501 2451 2564 
3 2393 2283 2351 
3 2169 2236 2283 
3 2169 2058 2121 
3 1633 1520 1597 
3 1708 1597 1660 
3 1727 1778 1660 
3 1843 1727 1798 
3 1520 1563 1451 
3 1496 1383 1451 
3 1873 1915 1798 
3 1311 1383 1422 
3 1311 1349 1238 
3 1994 1873 1945 
3 1238 1288 1166 
3 1207 1085 1166 
3 2010 2058 1945 
3 1140 1097 1085 
3 1140 1174 1097 
3 1107 1018 1097 
3 2451 2393 2351 
3 949 1018 1033 
3 1059 1152 1106 
3 1064 1106 1159 
3 1123 1059 1019 
3 1064 1159 1051 
3 1081 1051 1172 
3 1093 1081 1185 
3 1091 1093 1190 
3 1091 1191 1087 
3 1019 975 1090 
3 1087 1189 1084 
3 975 949 1033 
3 1084 1186 1079 
3 2016 2103 2000 
3 1924 2016 1907 
3 2103 2202 2095 
3 1833 1924 1817 
3 1750 1833 1739 
3 1655 1662 1750 
3 2181 2202 2289 
3 1570 1662 1567 
3 1474 1570 1469 
3 2263 2289 2374 
3 1474 1377 1378 
3 1282 1285 1378 
3 1184 1285 1183 
3 1077 1079 1184 
3 2488 2560 2444 
3 2560 2690 2641 
3 2444 2339 2374 
3 2851 2842 2839 
3 2842 2852 2838 
3 2850 2830 2838 
3 2843 2839 2829 
3 2812 2830 2840 
3 2777 2812 2811 
3 2777 2764 2718 
3 2789 2832 2829 
3 2789 2800 2832 
3 2784 2800 2748 
3 2684 2626 2718 
3 2641 2690 2748 
3 2564 2511 2626 
3 2564 2451 2511 
3 2283 2236 2351 
3 2169 2121 2236 
3 2058 2010 2121 
3 1520 1487 1597 
3 1660 1597 1545 
3 1615 1727 1660 
3 1798 1727 1681 
3 1520 1451 1410 
3 1451 1383 1338 
3 1873 1798 1835 
3 1383 1311 1262 
3 1311 1238 1200 
3 1945 1873 1835 
3 1238 1166 1128 
3 1085 1052 1166 
3 2010 1945 1900 
3 1085 1097 1005 
3 1097 1018 1005 
3 2412 2451 2351 
3 1018 949 921 
3 1059 1106 1003 
3 1003 1106 1064 
3 1019 1059 955 
3 1064 1051 957 
3 1051 1081 1012 
3 1000 1081 1093 
3 994 1093 1091 
3 990 1091 1087 
3 912 975 1019 
3 988 1087 1084 
3 949 975 879 
3 983 1084 1079 
3 2000 2103 2095 
3 1907 2016 2000 
3 1817 1924 1907 
3 2202 2181 2095 
3 1739 1833 1817 
3 1655 1750 1739 
3 1662 1655 1567 
3 2263 2181 2289 
3 1469 1570 1567 
3 1377 1474 1469 
3 2339 2263 2374 
3 1377 1282 1378 
3 1285 1282 1183 
3 1077 1184 1183 
3 1077 982 1079 
3 2444 2560 2510 
3 2560 2641 2510 
3 2339 2444 2407 
3 2842 2828 2839 
3 2826 2842 2838 
3 2830 2822 2838 
3 2839 2824 2829 
3 2830 2812 2799 
3 2777 2781 2812 
3 2737 2777 2718 
3 2789 2829 2795 
3 2800 2789 2748 
3 2626 2678 2718 
3 2641 2748 2700 
3 2626 2511 2578 
3 2451 2412 2511 
3 2236 2298 2351 
3 2236 2121 2191 
3 2121 2010 2071 
3 1597 1487 1545 
3 1487 1520 1410 
3 1615 1660 1545 
3 1727 1615 1681 
3 1798 1681 1725 
3 1451 1338 1410 
3 1338 1383 1262 
3 1835 1798 1725 
3 1262 1311 1200 
3 1238 1128 1200 
3 1900 1945 1835 
3 1166 1052 1128 
3 1052 1085 968 
3 1956 2010 1900 
3 1085 1005 968 
3 1018 921 1005 
3 2298 2412 2351 
3 949 850 921 
3 955 1059 1003 
3 1003 1064 957 
3 912 1019 955 
3 1051 931 957 
3 1012 1081 1000 
3 931 1051 1012 
3 1000 1093 994 
3 990 994 1091 
3 988 990 1087 
3 975 912 879 
3 983 988 1084 
3 850 949 879 
3 982 983 1079 
3 1985 2000 2095 
3 1907 2000 1896 
3 1817 1907 1795 
3 2181 2072 2095 
3 1739 1817 1722 
3 1655 1739 1659 
3 1655 1566 1567 
3 2181 2263 2160 
3 1469 1567 1466 
3 1373 1377 1469 
3 2263 2339 2237 
3 1282 1377 1280 
3 1282 1182 1183 
3 1077 1183 1074 
3 972 982 1077 
3 2444 2510 2407 
3 2510 2641 2581 
3 2339 2407 2312 
3 2828 2824 2839 
3 2842 2826 2828 
3 2822 2826 2838 
3 2830 2799 2822 
3 2829 2824 2795 
3 2812 2781 2799 
3 2777 2737 2781 
3 2678 2737 2718 
3 2743 2789 2795 
3 2748 2789 2700 
3 2678 2626 2578 
3 2581 2641 2700 
3 2511 2472 2578 
3 2412 2472 2511 
3 2298 2236 2191 
3 2121 2071 2191 
3 2010 1956 2071 
3 1487 1436 1545 
3 1487 1410 1371 
3 1615 1545 1502 
3 1615 1560 1681 
3 1681 1616 1725 
3 1338 1308 1410 
3 1216 1338 1262 
3 1835 1725 1790 
3 1262 1200 1143 
3 1200 1128 1082 
3 1900 1835 1790 
3 1128 1052 1014 
3 944 1052 968 
3 1956 1900 1841 
3 1005 903 968 
3 921 903 1005 
3 2412 2298 2361 
3 921 850 824 
3 899 955 1003 
3 899 1003 957 
3 912 955 847 
3 931 852 957 
3 908 1012 1000 
3 931 1012 908 
3 1000 994 897 
3 994 990 891 
3 990 988 889 
3 879 912 809 
3 988 983 885 
3 778 850 879 
3 880 983 982 
3 1896 2000 1985 
3 2072 1985 2095 
3 1795 1907 1896 
3 1722 1817 1795 
3 2072 2181 2160 
3 1739 1722 1659 
3 1566 1655 1659 
3 1567 1566 1466 
3 2160 2263 2237 
3 1373 1469 1466 
3 1377 1373 1280 
3 2237 2339 2312 
3 1182 1282 1280 
3 1183 1182 1074 
3 972 1077 1074 
3 982 972 874 
3 2407 2510 2468 
3 2510 2581 2468 
3 2312 2407 2358 
3 2824 2828 2803 
3 2828 2826 2814 
3 2826 2822 2806 
3 2822 2799 2794 
3 2824 2790 2795 
3 2799 2781 2776 
3 2781 2737 2738 
3 2737 2678 2693 
3 2789 2743 2700 
3 2743 2795 2756 
3 2617 2678 2578 
3 2581 2700 2650 
3 2578 2472 2520 
3 2472 2412 2361 
3 2246 2298 2191 
3 2071 2123 2191 
3 1956 2008 2071 
3 1545 1436 1502 
3 1436 1487 1371 
3 1410 1308 1371 
3 1560 1615 1502 
3 1560 1616 1681 
3 1616 1677 1725 
3 1216 1308 1338 
3 1216 1262 1143 
3 1725 1677 1790 
3 1200 1082 1143 
3 1082 1128 1014 
3 1900 1790 1841 
3 1052 944 1014 
3 944 968 867 
3 1897 1956 1841 
3 968 903 867 
3 921 824 903 
3 2298 2246 2361 
3 824 850 741 
3 955 899 847 
3 852 899 957 
3 809 912 847 
3 931 827 852 
3 908 1000 897 
3 827 931 908 
3 897 994 891 
3 891 990 889 
3 889 988 885 
3 778 879 809 
3 983 880 885 
3 850 778 741 
3 880 982 874 
3 1896 1985 1874 
3 1985 2072 1968 
3 1795 1896 1784 
3 1722 1795 1674 
3 2072 2160 2053 
3 1674 1659 1722 
3 1566 1659 1569 
3 1566 1467 1466 
3 2160 2237 2138 
3 1372 1373 1466 
3 1280 1373 1279 
3 2237 2312 2211 
3 1181 1182 1280 
3 1074 1182 1075 
3 971 972 1074 
3 874 972 870 
3 2407 2468 2358 
3 2581 2528 2468 
3 2312 2358 2299 
3 2803 2828 2814 
3 2790 2824 2803 
3 2826 2806 2814 
3 2822 2794 2806 
3 2794 2799 2776 
3 2795 2790 2756 
3 2781 2738 2776 
3 2737 2693 2738 
3 2678 2617 2693 
3 2700 2743 2650 
3 2743 2756 2691 
3 2617 2578 2520 
3 2528 2581 2650 
3 2472 2419 2520 
3 2472 2361 2419 
3 2123 2246 2191 
3 2008 2123 2071 
3 2008 1956 1897 
3 1502 1436 1396 
3 1436 1371 1327 
3 1308 1261 1371 
3 1446 1560 1502 
3 1560 1506 1616 
3 1616 1559 1677 
3 1261 1308 1216 
3 1103 1216 1143 
3 1677 1728 1790 
3 1082 1030 1143 
3 1082 1014 962 
3 1790 1728 1841 
3 944 905 1014 
3 831 944 867 
3 1789 1897 1841 
3 903 798 867 
3 903 824 798 
3 2361 2246 2297 
3 718 824 741 
3 847 899 797 
3 797 899 852 
3 740 809 847 
3 827 744 852 
3 805 908 897 
3 827 908 805 
3 795 897 891 
3 786 891 889 
3 781 889 885 
3 707 778 809 
3 880 776 885 
3 778 667 741 
3 880 874 771 
3 1874 1985 1968 
3 1784 1896 1874 
3 1968 2072 2053 
3 1795 1784 1674 
3 2053 2160 2138 
3 1569 1659 1674 
3 1467 1566 1569 
3 1467 1372 1466 
3 2237 2211 2138 
3 1373 1372 1279 
3 1181 1280 1279 
3 2211 2312 2299 
3 1182 1181 1075 
3 971 1074 1075 
3 870 972 971 
3 770 874 870 
3 2358 2468 2424 
3 2468 2528 2424 
3 2358 2424 2299 
3 2787 2803 2814 
3 2779 2790 2803 
3 2806 2785 2814 
3 2806 2794 2778 
3 2794 2776 2755 
3 2790 2753 2756 
3 2738 2723 2776 
3 2738 2693 2687 
3 2693 2617 2631 
3 2650 2743 2691 
3 2756 2705 2691 
3 2617 2520 2549 
3 2528 2650 2582 
3 2520 2419 2450 
3 2419 2361 2297 
3 2246 2123 2182 
3 2123 2008 2060 
3 2008 1897 1941 
3 1396 1436 1327 
3 1446 1502 1396 
3 1371 1261 1327 
3 1560 1446 1506 
3 1616 1506 1559 
3 1677 1559 1617 
3 1261 1216 1153 
3 1216 1103 1153 
3 1030 1103 1143 
3 1677 1617 1728 
3 1030 1082 962 
3 1014 905 962 
3 1728 1789 1841 
3 944 831 905 
3 831 867 756 
3 1897 1789 1819 
3 867 798 756 
3 824 718 798 
3 2246 2182 2297 
3 637 718 741 
3 740 847 797 
3 744 797 852 
3 740 707 809 
3 725 744 827 
3 795 805 897 
3 725 827 805 
3 786 795 891 
3 781 786 889 
3 776 781 885 
3 778 707 667 
3 776 880 771 
3 667 637 741 
3 874 770 771 
3 1862 1874 1968 
3 1784 1874 1764 
3 1968 2053 1953 
3 1674 1784 1671 
3 2031 2053 2138 
3 1569 1674 1568 
3 1468 1467 1569 
3 1372 1467 1370 
3 2211 2112 2138 
3 1279 1372 1278 
3 1178 1181 1279 
3 2211 2299 2196 
3 1075 1181 1073 
3 971 1075 973 
3 873 870 971 
3 770 870 769 
3 2424 2528 2481 
3 2299 2424 2377 
3 2787 2779 2803 
3 2785 2787 2814 
3 2753 2790 2779 
3 2785 2806 2778 
3 2794 2755 2778 
3 2776 2723 2755 
3 2753 2705 2756 
3 2738 2687 2723 
3 2693 2631 2687 
3 2631 2617 2549 
3 2650 2691 2582 
3 2705 2625 2691 
3 2520 2450 2549 
3 2481 2528 2582 
3 2419 2348 2450 
3 2348 2419 2297 
3 2182 2123 2060 
3 2008 1941 2060 
3 1941 1897 1819 
3 1283 1396 1327 
3 1446 1396 1336 
3 1327 1261 1221 
3 1506 1446 1401 
3 1506 1445 1559 
3 1617 1559 1505 
3 1261 1153 1221 
3 1153 1103 1040 
3 1103 1030 985 
3 1728 1617 1678 
3 1030 962 915 
3 905 853 962 
3 1789 1728 1678 
3 905 831 791 
3 721 831 756 
3 1789 1744 1819 
3 756 798 689 
3 798 718 689 
3 2182 2225 2297 
3 718 637 607 
3 740 797 687 
3 797 744 687 
3 634 707 740 
3 725 642 744 
3 706 805 795 
3 706 725 805 
3 786 692 795 
3 677 786 781 
3 670 781 776 
3 667 707 594 
3 665 776 771 
3 667 550 637 
3 770 660 771 
3 1764 1874 1862 
3 1862 1968 1953 
3 1784 1764 1671 
3 2053 2031 1953 
3 1568 1674 1671 
3 2112 2031 2138 
3 1468 1569 1568 
3 1467 1468 1370 
3 1372 1370 1278 
3 2112 2211 2196 
3 1178 1279 1278 
3 1181 1178 1073 
3 2196 2299 2275 
3 973 1075 1073 
3 873 971 973 
3 870 873 769 
3 661 770 769 
3 2424 2481 2377 
3 2299 2377 2275 
3 2779 2787 2757 
3 2787 2785 2758 
3 2753 2779 2742 
3 2785 2778 2747 
3 2755 2727 2778 
3 2723 2699 2755 
3 2705 2753 2712 
3 2723 2687 2651 
3 2594 2687 2631 
3 2553 2631 2549 
3 2691 2625 2582 
3 2625 2705 2658 
3 2450 2475 2549 
3 2529 2481 2582 
3 2348 2378 2450 
3 2225 2348 2297 
3 2107 2182 2060 
3 1941 1993 2060 
3 1865 1941 1819 
3 1396 1283 1336 
3 1283 1327 1221 
3 1401 1446 1336 
3 1445 1506 1401 
3 1559 1445 1505 
3 1617 1505 1557 
3 1153 1109 1221 
3 1103 985 1040 
3 1153 1040 1109 
3 985 1030 915 
3 1678 1617 1557 
3 962 853 915 
3 853 905 791 
3 1789 1678 1744 
3 831 721 791 
3 647 721 756 
3 1744 1865 1819 
3 647 756 689 
3 689 718 607 
3 2225 2182 2107 
3 637 512 607 
3 634 740 687 
3 744 642 687 
3 707 634 594 
3 642 725 621 
3 692 706 795 
3 725 706 621 
3 677 692 786 
3 677 781 670 
3 670 776 665 
3 667 594 550 
3 660 665 771 
3 637 550 512 
3 660 770 661 
3 1764 1862 1752 
3 1850 1862 1953 
3 1671 1764 1657 
3 2031 1935 1953 
3 1564 1568 1671 
3 2031 2112 2017 
3 1461 1468 1568 
3 1370 1468 1367 
3 1370 1273 1278 
3 2112 2196 2096 
3 1178 1278 1176 
3 1073 1178 1071 
3 2166 2196 2275 
3 978 973 1073 
3 878 873 973 
3 873 773 769 
3 666 661 769 
3 2481 2438 2377 
3 2377 2342 2275 
3 2787 2758 2757 
3 2779 2757 2742 
3 2758 2785 2747 
3 2753 2742 2712 
3 2778 2727 2747 
3 2699 2727 2755 
3 2723 2651 2699 
3 2658 2705 2712 
3 2687 2594 2651 
3 2594 2631 2553 
3 2475 2553 2549 
3 2625 2529 2582 
3 2625 2658 2568 
3 2378 2475 2450 
3 2481 2529 2438 
3 2348 2267 2378 
3 2225 2267 2348 
3 1993 2107 2060 
3 1993 1941 1865 
3 1283 1226 1336 
3 1162 1283 1221 
3 1287 1401 1336 
3 1334 1445 1401 
3 1505 1445 1398 
3 1557 1505 1444 
3 1109 1162 1221 
3 1040 985 927 
3 1109 1040 992 
3 861 985 915 
3 1678 1557 1618 
3 915 853 804 
3 853 791 738 
3 1678 1618 1744 
3 721 671 791 
3 721 647 602 
3 1865 1744 1800 
3 576 647 689 
3 576 689 607 
3 2225 2107 2151 
3 607 512 458 
3 575 634 687 
3 642 575 687 
3 594 634 513 
3 531 642 621 
3 597 706 692 
3 706 597 621 
3 582 692 677 
3 677 670 573 
3 561 670 665 
3 550 594 468 
3 660 557 665 
3 512 550 419 
3 660 661 556 
3 1752 1862 1850 
3 1764 1752 1657 
3 1935 1850 1953 
3 1564 1671 1657 
3 1935 2031 2017 
3 1564 1461 1568 
3 2112 2096 2017 
3 1367 1468 1461 
3 1273 1370 1367 
3 1278 1273 1176 
3 2096 2196 2166 
3 1071 1178 1176 
3 978 1073 1071 
3 2166 2275 2242 
3 978 878 973 
3 878 773 873 
3 773 666 769 
3 666 558 661 
3 2377 2438 2342 
3 2275 2342 2242 
3 2757 2758 2722 
3 2757 2721 2742 
3 2758 2747 2715 
3 2712 2742 2707 
3 2727 2694 2747 
3 2668 2727 2699 
3 2651 2610 2699 
3 2658 2712 2674 
3 2545 2651 2594 
3 2594 2553 2545 
3 2553 2475 2467 
3 2529 2625 2568 
3 2568 2658 2603 
3 2475 2378 2391 
3 2438 2529 2490 
3 2267 2295 2378 
3 2267 2225 2151 
3 2107 1993 2033 
3 1993 1865 1914 
3 1226 1287 1336 
3 1226 1283 1162 
3 1287 1334 1401 
3 1445 1334 1398 
3 1505 1398 1444 
3 1504 1557 1444 
3 1162 1109 1046 
3 985 861 927 
3 992 1040 927 
3 1109 992 1046 
3 861 915 804 
3 1557 1504 1618 
3 853 738 804 
3 791 671 738 
3 1744 1618 1680 
3 721 602 671 
3 647 530 602 
3 1744 1680 1800 
3 1914 1865 1800 
3 647 576 530 
3 576 607 458 
3 2107 2033 2151 
3 512 359 458 
3 634 575 513 
3 575 642 531 
3 594 513 468 
3 502 531 621 
3 597 692 582 
3 597 502 621 
3 582 677 573 
3 573 670 561 
3 557 561 665 
3 419 550 468 
3 557 660 556 
3 512 419 359 
3 661 558 556 
3 1752 1850 1746 
3 1752 1647 1657 
3 1850 1935 1836 
3 1555 1564 1657 
3 1923 1935 2017 
3 1461 1564 1456 
3 2017 2096 1995 
3 1367 1461 1363 
3 1273 1367 1268 
3 1273 1173 1176 
3 2096 2166 2055 
3 1071 1176 1072 
3 986 978 1071 
3 2166 2242 2135 
3 878 978 886 
3 773 878 780 
3 666 773 673 
3 558 666 569 
3 2342 2438 2402 
3 2342 2306 2242 
3 2758 2715 2722 
3 2721 2757 2722 
3 2742 2721 2707 
3 2747 2694 2715 
3 2712 2707 2674 
3 2727 2668 2694 
3 2610 2668 2699 
3 2651 2545 2610 
3 2603 2658 2674 
3 2553 2467 2545 
3 2467 2475 2391 
3 2529 2568 2490 
3 2568 2603 2535 
3 2378 2295 2391 
3 2438 2490 2402 
3 2267 2193 2295 
3 2193 2267 2151 
3 2033 1993 1914 
3 1287 1226 1163 
3 1226 1162 1113 
3 1334 1287 1225 
3 1398 1334 1284 
3 1398 1331 1444 
3 1395 1504 1444 
3 1113 1162 1046 
3 927 861 814 
3 871 992 927 
3 992 930 1046 
3 747 861 804 
3 1618 1504 1554 
3 804 738 693 
3 738 671 625 
3 1618 1554 1680 
3 671 602 548 
3 602 530 461 
3 1800 1680 1723 
3 1914 1800 1842 
3 530 576 458 
3 2033 2078 2151 
3 359 302 458 
3 513 575 444 
3 575 531 444 
3 513 372 468 
3 460 531 502 
3 490 597 582 
3 502 597 490 
3 471 582 573 
3 456 573 561 
3 561 557 446 
3 313 419 468 
3 442 557 556 
3 359 419 260 
3 556 558 443 
3 1746 1850 1836 
3 1647 1752 1746 
3 1647 1555 1657 
3 1935 1923 1836 
3 1564 1555 1456 
3 1923 2017 1995 
3 1363 1461 1456 
3 1995 2096 2055 
3 1268 1367 1363 
3 1173 1273 1268 
3 1176 1173 1072 
3 2055 2166 2135 
3 986 1071 1072 
3 886 978 986 
3 2242 2207 2135 
3 780 878 886 
3 773 780 673 
3 569 666 673 
3 455 558 569 
3 2342 2402 2306 
3 2306 2207 2242 
3 2715 2669 2722 
3 2692 2721 2722 
3 2721 2695 2707 
3 2694 2669 2715 
3 2707 2679 2674 
3 2694 2668 2624 
3 2668 2610 2572 
3 2610 2545 2514 
3 2636 2603 2674 
3 2545 2467 2443 
3 2369 2467 2391 
3 2490 2568 2535 
3 2535 2603 2571 
3 2295 2305 2391 
3 2402 2490 2456 
3 2295 2193 2210 
3 2078 2193 2151 
3 2033 1914 1962 
3 1163 1226 1113 
3 1225 1287 1163 
3 1334 1225 1284 
3 1331 1398 1284 
3 1331 1395 1444 
3 1504 1395 1440 
3 996 1113 1046 
3 861 747 814 
3 871 927 814 
3 930 992 871 
3 930 996 1046 
3 747 804 693 
3 1504 1440 1554 
3 693 738 625 
3 671 548 625 
3 1680 1554 1610 
3 602 461 548 
3 530 376 461 
3 1680 1610 1723 
3 1842 1800 1723 
3 1962 1914 1842 
3 376 530 458 
3 2078 2033 1962 
3 302 376 458 
3 302 359 213 
3 372 513 444 
3 444 531 460 
3 372 313 468 
3 460 502 384 
3 490 582 471 
3 502 490 384 
3 471 573 456 
3 456 561 446 
3 557 442 446 
3 419 313 260 
3 442 556 443 
3 359 260 213 
3 558 455 443 
3 1738 1746 1836 
3 1640 1647 1746 
3 1555 1647 1546 
3 1923 1829 1836 
3 1555 1453 1456 
3 1926 1923 1995 
3 1359 1363 1456 
3 1995 2055 1927 
3 1268 1363 1258 
3 1173 1268 1164 
3 1072 1173 1065 
3 2023 2055 2135 
3 986 1072 993 
3 886 986 894 
3 2135 2207 2108 
3 790 780 886 
3 780 683 673 
3 581 569 673 
3 455 569 472 
3 2402 2370 2306 
3 2207 2306 2281 
3 2669 2692 2722 
3 2721 2692 2695 
3 2695 2679 2707 
3 2694 2624 2669 
3 2679 2636 2674 
3 2668 2572 2624 
3 2572 2610 2514 
3 2545 2443 2514 
3 2603 2636 2571 
3 2467 2369 2443 
3 2305 2369 2391 
3 2490 2535 2456 
3 2535 2571 2505 
3 2295 2210 2305 
3 2370 2402 2456 
3 2193 2109 2210 
3 2193 2078 2109 
3 1163 1113 1049 
3 1225 1163 1111 
3 1284 1225 1161 
3 1331 1284 1223 
3 1395 1331 1276 
3 1440 1395 1326 
3 1049 1113 996 
3 814 747 699 
3 753 871 814 
3 930 871 816 
3 996 930 872 
3 747 693 636 
3 1554 1440 1497 
3 572 693 625 
3 625 548 500 
3 1554 1497 1610 
3 461 371 548 
3 371 461 376 
3 1723 1610 1652 
3 1842 1723 1771 
3 1962 1842 1892 
3 2078 1962 2001 
3 376 302 223 
3 302 213 187 
3 289 372 444 
3 444 460 382 
3 313 372 236 
3 382 460 384 
3 490 471 348 
3 384 490 348 
3 331 471 456 
3 317 456 446 
3 442 310 446 
3 313 188 260 
3 305 442 443 
3 260 137 213 
3 455 312 443 
3 1738 1640 1746 
3 1829 1738 1836 
3 1546 1647 1640 
3 1453 1555 1546 
3 1829 1923 1926 
3 1453 1359 1456 
3 1926 1995 1927 
3 1363 1359 1258 
3 2055 2023 1927 
3 1164 1268 1258 
3 1173 1164 1065 
3 993 1072 1065 
3 2023 2135 2108 
3 894 986 993 
3 790 886 894 
3 2207 2186 2108 
3 780 790 683 
3 683 581 673 
3 472 569 581 
3 455 472 328 
3 2306 2370 2281 
3 2186 2207 2281 
3 2692 2669 2645 
3 2692 2671 2695 
3 2695 2673 2679 
3 2669 2624 2591 
3 2636 2679 2653 
3 2572 2546 2624 
3 2487 2572 2514 
3 2443 2426 2514 
3 2636 2597 2571 
3 2443 2369 2346 
3 2369 2305 2227 
3 2456 2535 2505 
3 2571 2543 2505 
3 2305 2210 2227 
3 2429 2370 2456 
3 2210 2109 2127 
3 2109 2078 2001 
3 1163 1049 1111 
3 1225 1111 1161 
3 1223 1284 1161 
3 1331 1223 1276 
3 1395 1276 1326 
3 1382 1440 1326 
3 1049 996 932 
3 699 747 636 
3 753 814 699 
3 871 753 816 
3 872 930 816 
3 996 872 932 
3 693 572 636 
3 1497 1440 1382 
3 572 625 500 
3 548 371 500 
3 1497 1538 1610 
3 376 276 371 
3 1610 1538 1652 
3 1723 1652 1771 
3 1892 1842 1771 
3 1962 1892 2001 
3 302 187 223 
3 376 223 276 
3 187 213 101 
3 372 289 236 
3 289 444 382 
3 313 236 188 
3 384 295 382 
3 471 331 348 
3 258 384 348 
3 331 456 317 
3 310 317 446 
3 310 442 305 
3 188 137 260 
3 312 305 443 
3 213 137 101 
3 312 455 328 
3 1636 1640 1738 
3 1732 1738 1829 
3 1546 1640 1541 
3 1453 1546 1450 
3 1829 1926 1826 
3 1359 1453 1355 
3 1826 1926 1927 
3 1258 1359 1253 
3 2023 1912 1927 
3 1160 1164 1258 
3 1065 1164 1057 
3 909 993 1065 
3 2006 2023 2108 
3 894 993 909 
3 803 790 894 
3 2108 2186 2092 
3 683 790 702 
3 581 683 596 
3 472 581 492 
3 472 351 328 
3 2370 2344 2281 
3 2254 2186 2281 
3 2645 2669 2591 
3 2692 2645 2671 
3 2695 2671 2673 
3 2679 2673 2653 
3 2624 2546 2591 
3 2597 2636 2653 
3 2572 2487 2546 
3 2426 2487 2514 
3 2426 2443 2346 
3 2571 2597 2543 
3 2369 2227 2346 
3 2429 2456 2505 
3 2543 2479 2505 
3 2210 2127 2227 
3 2370 2429 2344 
3 2127 2109 2024 
3 2109 2001 2024 
3 1049 997 1111 
3 1111 1045 1161 
3 1223 1161 1110 
3 1276 1223 1156 
3 1326 1276 1220 
3 1382 1326 1264 
3 997 1049 932 
3 577 699 636 
3 638 753 699 
3 753 701 816 
3 872 816 752 
3 932 872 817 
3 572 509 636 
3 1497 1382 1428 
3 435 572 500 
3 371 347 500 
3 1538 1497 1428 
3 347 371 276 
3 1652 1538 1588 
3 1652 1701 1771 
3 1813 1892 1771 
3 2001 1892 1921 
3 223 187 120 
3 223 158 276 
3 187 101 120 
3 236 289 175 
3 224 289 382 
3 236 155 188 
3 295 224 382 
3 258 295 384 
3 348 331 240 
3 258 348 240 
3 220 331 317 
3 207 317 310 
3 310 305 200 
3 137 188 90 
3 196 305 312 
3 137 53 101 
3 210 312 328 
3 1640 1636 1541 
3 1732 1636 1738 
3 1732 1829 1826 
3 1450 1546 1541 
3 1355 1453 1450 
3 1359 1355 1253 
3 1826 1927 1816 
3 1160 1258 1253 
3 1927 1912 1816 
3 1912 2023 2006 
3 1164 1160 1057 
3 938 1065 1057 
3 938 909 1065 
3 2006 2108 2092 
3 803 894 909 
3 702 790 803 
3 2092 2186 2164 
3 683 702 596 
3 492 581 596 
3 351 472 492 
3 328 351 237 
3 2344 2254 2281 
3 2186 2254 2164 
3 2579 2645 2591 
3 2645 2630 2671 
3 2671 2656 2673 
3 2673 2652 2653 
3 2546 2523 2591 
3 2614 2597 2653 
3 2487 2466 2546 
3 2487 2426 2403 
3 2330 2426 2346 
3 2597 2566 2543 
3 2227 2243 2346 
3 2479 2429 2505 
3 2479 2543 2521 
3 2127 2140 2227 
3 2344 2429 2400 
3 2127 2024 2044 
3 2024 2001 1921 
3 997 1045 1111 
3 1161 1045 1110 
3 1223 1110 1156 
3 1220 1276 1156 
3 1326 1220 1264 
3 1382 1264 1320 
3 883 997 932 
3 577 638 699 
3 509 577 636 
3 753 638 701 
3 816 701 752 
3 817 872 752 
3 883 932 817 
3 572 435 509 
3 1428 1382 1320 
3 347 435 500 
3 1538 1428 1476 
3 203 347 276 
3 1538 1476 1588 
3 1701 1652 1588 
3 1701 1813 1771 
3 1892 1813 1921 
3 158 223 120 
3 158 203 276 
3 101 48 120 
3 289 224 175 
3 155 236 175 
3 188 155 90 
3 176 224 295 
3 295 258 176 
3 331 220 240 
3 176 258 240 
3 220 317 207 
3 207 310 200 
3 305 196 200 
3 137 90 53 
3 196 312 210 
3 53 48 101 
3 210 328 237 
3 1636 1535 1541 
3 1636 1732 1630 
3 1732 1826 1721 
3 1442 1450 1541 
3 1350 1355 1450 
3 1355 1255 1253 
3 1721 1826 1816 
3 1167 1160 1253 
3 1816 1912 1809 
3 1912 2006 1902 
3 1160 1066 1057 
3 958 938 1057 
3 938 828 909 
3 1990 2006 2092 
3 828 803 909 
3 702 803 720 
3 2070 2092 2164 
3 596 702 614 
3 492 596 503 
3 351 492 385 
3 351 257 237 
3 2254 2344 2320 
3 2254 2238 2164 
3 2645 2579 2630 
3 2523 2579 2591 
3 2671 2630 2656 
3 2656 2652 2673 
3 2652 2614 2653 
3 2466 2523 2546 
3 2597 2614 2566 
3 2487 2403 2466 
3 2426 2330 2403 
3 2243 2330 2346 
3 2543 2566 2521 
3 2227 2140 2243 
3 2429 2479 2400 
3 2452 2479 2521 
3 2140 2127 2044 
3 2320 2344 2400 
3 2044 2024 1954 
3 2024 1921 1954 
3 1045 997 937 
3 1045 995 1110 
3 1110 1042 1156 
3 1105 1220 1156 
3 1220 1148 1264 
3 1264 1211 1320 
3 997 883 937 
3 638 577 516 
3 577 509 449 
3 701 638 587 
3 701 639 752 
3 691 817 752 
3 785 883 817 
3 435 354 509 
3 1364 1428 1320 
3 435 347 272 
3 1476 1428 1364 
3 347 203 272 
3 1588 1476 1516 
3 1701 1588 1627 
3 1813 1701 1736 
3 1921 1813 1844 
3 59 158 120 
3 203 158 87 
3 48 59 120 
3 175 224 124 
3 155 175 69 
3 90 155 69 
3 224 176 124 
3 220 161 240 
3 161 176 240 
3 141 220 207 
3 139 207 200 
3 200 196 122 
3 53 90 57 
3 132 196 210 
3 48 53 47 
3 151 210 237 
3 1535 1442 1541 
3 1535 1636 1630 
3 1630 1732 1721 
3 1350 1450 1442 
3 1355 1350 1255 
3 1255 1167 1253 
3 1721 1816 1715 
3 1066 1160 1167 
3 1809 1912 1902 
3 1715 1816 1809 
3 2006 1990 1902 
3 1066 958 1057 
3 938 958 846 
3 828 938 846 
3 2070 1990 2092 
3 803 828 720 
3 614 702 720 
3 2070 2164 2149 
3 596 614 503 
3 385 492 503 
3 257 351 385 
3 257 174 237 
3 2254 2320 2238 
3 2164 2238 2149 
3 2579 2573 2630 
3 2523 2515 2579 
3 2630 2620 2656 
3 2652 2656 2639 
3 2614 2652 2629 
3 2523 2466 2457 
3 2566 2614 2592 
3 2403 2397 2466 
3 2330 2322 2403 
3 2330 2243 2241 
3 2521 2566 2551 
3 2140 2143 2243 
3 2479 2452 2400 
3 2452 2521 2522 
3 2140 2044 2018 
3 2389 2320 2400 
3 2044 1954 2018 
3 1921 1844 1954 
3 995 1045 937 
3 995 1042 1110 
3 1042 1105 1156 
3 1148 1220 1105 
3 1264 1148 1211 
3 1211 1250 1320 
3 883 830 937 
3 577 449 516 
3 587 638 516 
3 509 354 449 
3 701 587 639 
3 639 691 752 
3 691 785 817 
3 830 883 785 
3 354 435 272 
3 1250 1364 1320 
3 1404 1476 1364 
3 272 203 157 
3 1476 1404 1516 
3 1627 1588 1516 
3 1736 1701 1627 
3 1844 1813 1736 
3 158 59 87 
3 203 87 157 
3 59 48 44 
3 69 175 124 
3 90 69 57 
3 124 176 121 
3 220 141 161 
3 176 161 121 
3 141 207 139 
3 139 200 122 
3 196 132 122 
3 47 53 57 
3 132 210 151 
3 44 48 47 
3 174 151 237 
3 1442 1535 1439 
3 1535 1630 1527 
3 1630 1721 1624 
3 1350 1442 1348 
3 1255 1350 1260 
3 1171 1167 1255 
3 1624 1721 1715 
3 1066 1167 1069 
3 1797 1809 1902 
3 1715 1809 1705 
3 1990 1889 1902 
3 1066 966 958 
3 846 958 864 
3 739 828 846 
3 1990 2070 1970 
3 828 739 720 
3 635 614 720 
3 2070 2149 2057 
3 614 533 503 
3 385 503 417 
3 257 385 291 
3 174 257 195 
3 2238 2320 2313 
3 2149 2238 2229 
3 2630 2573 2620 
3 2579 2515 2573 
3 2523 2457 2515 
3 2656 2620 2639 
3 2652 2639 2629 
3 2614 2629 2592 
3 2466 2397 2457 
3 2566 2592 2551 
3 2403 2322 2397 
3 2322 2330 2241 
3 2243 2143 2241 
3 2522 2521 2551 
3 2143 2140 2018 
3 2452 2389 2400 
3 2455 2452 2522 
3 2320 2389 2313 
3 1954 1893 2018 
3 1954 1844 1893 
3 995 937 884 
3 1042 995 934 
3 1105 1042 987 
3 1148 1105 1035 
3 1148 1099 1211 
3 1250 1211 1141 
3 937 830 884 
3 449 383 516 
3 587 516 465 
3 449 354 293 
3 639 587 535 
3 691 639 589 
3 785 691 729 
3 830 785 729 
3 354 272 217 
3 1364 1250 1312 
3 1404 1364 1312 
3 272 157 217 
3 1404 1438 1516 
3 1552 1627 1516 
3 1667 1736 1627 
3 1844 1736 1780 
3 87 59 55 
3 157 87 72 
3 59 44 55 
3 69 124 82 
3 69 82 57 
3 82 124 121 
3 141 107 161 
3 161 107 121 
3 141 139 91 
3 83 139 122 
3 122 132 80 
3 47 57 68 
3 132 151 84 
3 44 47 56 
3 151 174 104 
3 1439 1535 1527 
3 1348 1442 1439 
3 1527 1630 1624 
3 1350 1348 1260 
3 1171 1255 1260 
3 1167 1171 1069 
3 1613 1624 1715 
3 966 1066 1069 
3 1809 1797 1705 
3 1889 1797 1902 
3 1613 1715 1705 
3 1889 1990 1970 
3 958 966 864 
3 760 846 864 
3 760 739 846 
3 1970 2070 2057 
3 739 635 720 
3 533 614 635 
3 2149 2141 2057 
3 503 533 417 
3 291 385 417 
3 195 257 291 
3 174 195 138 
3 2238 2313 2229 
3 2149 2229 2141 
3 2620 2573 2583 
3 2573 2515 2527 
3 2457 2462 2515 
3 2620 2621 2639 
3 2639 2633 2629 
3 2592 2629 2622 
3 2397 2398 2457 
3 2592 2584 2551 
3 2322 2326 2397 
3 2245 2322 2241 
3 2241 2143 2153 
3 2551 2584 2522 
3 2143 2018 2051 
3 2389 2452 2455 
3 2455 2522 2533 
3 2389 2388 2313 
3 2018 1893 1933 
3 1893 1844 1780 
3 934 995 884 
3 987 1042 934 
3 1105 987 1035 
3 1099 1148 1035 
3 1211 1099 1141 
3 1250 1141 1208 
3 830 779 884 
3 516 383 465 
3 383 449 293 
3 587 465 535 
3 293 354 217 
3 639 535 589 
3 632 691 589 
3 691 632 729 
3 779 830 729 
3 1312 1250 1208 
3 1404 1312 1256 
3 217 157 131 
3 1438 1552 1516 
3 1438 1404 1322 
3 1552 1667 1627 
3 1736 1667 1780 
3 72 87 55 
3 157 72 131 
3 55 44 51 
3 57 82 68 
3 82 121 85 
3 107 141 91 
3 121 107 85 
3 139 83 91 
3 83 122 80 
3 80 132 84 
3 47 68 56 
3 84 151 104 
3 51 44 56 
3 104 174 138 
3 1439 1527 1431 
3 1348 1439 1343 
3 1527 1624 1518 
3 1260 1348 1263 
3 1171 1260 1179 
3 1069 1171 1083 
3 1518 1624 1613 
3 966 1069 991 
3 1797 1695 1705 
3 1797 1889 1788 
3 1603 1613 1705 
3 1889 1970 1869 
3 864 966 893 
3 787 760 864 
3 739 760 652 
3 1970 2057 1958 
3 635 739 652 
3 549 533 635 
3 2057 2141 2047 
3 417 533 447 
3 326 291 417 
3 238 195 291 
3 195 171 138 
3 2229 2313 2310 
3 2229 2221 2141 
3 2573 2527 2583 
3 2621 2620 2583 
3 2515 2462 2527 
3 2398 2462 2457 
3 2639 2621 2633 
3 2629 2633 2622 
3 2584 2592 2622 
3 2397 2326 2398 
3 2322 2245 2326 
3 2245 2241 2153 
3 2153 2143 2051 
3 2522 2584 2586 
3 2018 1933 2051 
3 2389 2455 2388 
3 2522 2586 2533 
3 2463 2455 2533 
3 2313 2388 2310 
3 1933 1893 1820 
3 1893 1780 1820 
3 934 884 825 
3 875 987 934 
3 1035 987 923 
3 980 1099 1035 
3 1141 1099 1031 
3 1141 1100 1208 
3 884 779 825 
3 465 383 329 
3 249 383 293 
3 535 465 421 
3 179 293 217 
3 589 535 489 
3 632 589 538 
3 729 632 678 
3 779 729 678 
3 1256 1312 1208 
3 1322 1404 1256 
3 179 217 131 
3 1552 1438 1493 
3 1438 1322 1374 
3 1667 1552 1602 
3 1667 1711 1780 
3 60 72 55 
3 72 76 131 
3 60 55 51 
3 68 82 85 
3 78 107 91 
3 107 78 85 
3 67 91 83 
3 67 83 80 
3 70 80 84 
3 68 66 56 
3 81 84 104 
3 51 56 58 
3 98 104 138 
3 1527 1518 1431 
3 1343 1439 1431 
3 1348 1343 1263 
3 1179 1260 1263 
3 1083 1171 1179 
3 991 1069 1083 
3 1518 1613 1511 
3 966 991 893 
3 1695 1603 1705 
3 1695 1797 1788 
3 1788 1889 1869 
3 1613 1603 1511 
3 1869 1970 1958 
3 787 864 893 
3 760 787 682 
3 652 760 682 
3 2057 2047 1958 
3 549 635 652 
3 533 549 447 
3 2141 2130 2047 
3 326 417 447 
3 326 238 291 
3 171 195 238 
3 171 123 138 
3 2221 2229 2310 
3 2221 2130 2141 
3 2527 2540 2583 
3 2593 2621 2583 
3 2462 2480 2527 
3 2462 2398 2406 
3 2633 2621 2637 
3 2633 2642 2622 
3 2627 2584 2622 
3 2398 2326 2334 
3 2326 2245 2257 
3 2172 2245 2153 
3 2153 2051 2082 
3 2584 2627 2586 
3 2051 1933 1975 
3 2388 2455 2463 
3 2586 2602 2533 
3 2542 2463 2533 
3 2310 2388 2390 
3 1933 1820 1867 
3 1780 1711 1820 
3 875 934 825 
3 987 875 923 
3 980 1035 923 
3 1099 980 1031 
3 1141 1031 1100 
3 1100 1146 1208 
3 779 726 825 
3 383 249 329 
3 465 329 421 
3 249 293 179 
3 489 535 421 
3 589 489 538 
3 632 538 585 
3 678 632 585 
3 726 779 678 
3 1146 1256 1208 
3 1322 1256 1214 
3 106 179 131 
3 1493 1438 1374 
3 1602 1552 1493 
3 1374 1322 1254 
3 1667 1602 1711 
3 60 76 72 
3 76 106 131 
3 62 60 51 
3 66 68 85 
3 67 78 91 
3 78 66 85 
3 67 80 70 
3 70 84 81 
3 56 66 58 
3 98 81 104 
3 62 51 58 
3 123 98 138 
3 1518 1416 1431 
3 1330 1343 1431 
3 1343 1266 1263 
3 1179 1263 1187 
3 1083 1179 1096 
3 991 1083 969 
3 1416 1518 1511 
3 991 913 893 
3 1591 1603 1695 
3 1684 1695 1788 
3 1788 1869 1768 
3 1603 1501 1511 
3 1869 1958 1857 
3 812 787 893 
3 682 787 711 
3 578 652 682 
3 1958 2047 1948 
3 578 549 652 
3 549 478 447 
3 2047 2130 2034 
3 356 326 447 
3 238 326 267 
3 171 238 199 
3 123 171 149 
3 2307 2221 2310 
3 2221 2215 2130 
3 2540 2593 2583 
3 2480 2540 2527 
3 2621 2593 2637 
3 2480 2462 2406 
3 2398 2334 2406 
3 2642 2633 2637 
3 2642 2627 2622 
3 2334 2326 2257 
3 2245 2172 2257 
3 2172 2153 2082 
3 2082 2051 1975 
3 2627 2654 2586 
3 1933 1867 1975 
3 2388 2463 2390 
3 2602 2542 2533 
3 2654 2602 2586 
3 2463 2542 2471 
3 2307 2310 2390 
3 1820 1758 1867 
3 1711 1758 1820 
3 768 875 825 
3 875 820 923 
3 865 980 923 
3 1031 980 918 
3 1100 1031 981 
3 1044 1146 1100 
3 726 768 825 
3 329 249 222 
3 329 299 421 
3 249 179 160 
3 489 421 381 
3 538 489 448 
3 585 538 499 
3 678 585 628 
3 726 678 628 
3 1256 1146 1214 
3 1322 1214 1254 
3 179 106 160 
3 1425 1493 1374 
3 1532 1602 1493 
3 1316 1374 1254 
3 1711 1602 1645 
3 76 60 73 
3 76 88 106 
3 60 62 73 
3 61 78 67 
3 66 78 61 
3 65 67 70 
3 77 70 81 
3 66 61 58 
3 81 98 92 
3 62 58 64 
3 111 98 123 
3 1416 1330 1431 
3 1266 1343 1330 
3 1263 1266 1187 
3 1096 1179 1187 
3 969 1083 1096 
3 913 991 969 
3 1416 1511 1407 
3 913 812 893 
3 1603 1591 1501 
3 1591 1695 1684 
3 1684 1788 1768 
3 1768 1869 1857 
3 1511 1501 1407 
3 1958 1948 1857 
3 711 787 812 
3 608 682 711 
3 608 578 682 
3 1948 2047 2034 
3 478 549 578 
3 478 356 447 
3 2034 2130 2122 
3 326 356 267 
3 199 238 267 
3 171 199 149 
3 130 123 149 
3 2221 2307 2215 
3 2130 2215 2122 
3 2593 2540 2561 
3 2480 2500 2540 
3 2593 2615 2637 
3 2430 2480 2406 
3 2334 2353 2406 
3 2642 2637 2657 
3 2627 2642 2672 
3 2334 2257 2271 
3 2257 2172 2195 
3 2172 2082 2106 
3 2082 1975 2011 
3 2627 2672 2654 
3 1867 1909 1975 
3 2463 2471 2390 
3 2542 2602 2628 
3 2680 2602 2654 
3 2542 2554 2471 
3 2396 2307 2390 
3 1758 1810 1867 
3 1758 1711 1645 
3 875 768 820 
3 820 865 923 
3 980 865 918 
3 1031 918 981 
3 1044 1100 981 
3 1146 1044 1108 
3 768 726 676 
3 249 160 222 
3 299 329 222 
3 421 299 381 
3 448 489 381 
3 538 448 499 
3 541 585 499 
3 585 541 628 
3 676 726 628 
3 1214 1146 1108 
3 1214 1145 1254 
3 106 102 160 
3 1425 1532 1493 
3 1316 1425 1374 
3 1602 1532 1645 
3 1205 1316 1254 
3 88 76 73 
3 106 88 102 
3 73 62 74 
3 61 67 65 
3 65 70 77 
3 77 81 92 
3 58 61 64 
3 98 111 92 
3 74 62 64 
3 111 123 130 
3 1330 1416 1305 
3 1266 1330 1305 
3 1187 1266 1198 
3 1102 1096 1187 
3 998 969 1096 
3 843 913 969 
3 1305 1416 1407 
3 913 843 812 
3 1591 1490 1501 
3 1580 1591 1684 
3 1669 1684 1768 
3 1768 1857 1754 
3 1407 1501 1402 
3 1948 1848 1857 
3 711 812 735 
3 626 608 711 
3 522 578 608 
3 1948 2034 1937 
3 478 578 522 
3 356 478 413 
3 2034 2122 2021 
3 356 250 267 
3 250 199 267 
3 199 184 149 
3 147 130 149 
3 2307 2304 2215 
3 2215 2212 2122 
3 2540 2500 2561 
3 2593 2561 2615 
3 2480 2430 2500 
3 2637 2615 2657 
3 2353 2430 2406 
3 2334 2271 2353 
3 2642 2657 2672 
3 2271 2257 2195 
3 2172 2106 2195 
3 2082 2011 2106 
3 1975 1909 2011 
3 2654 2672 2701 
3 1810 1909 1867 
3 2471 2396 2390 
3 2602 2680 2628 
3 2554 2542 2628 
3 2680 2654 2701 
3 2471 2554 2482 
3 2307 2396 2304 
3 1810 1758 1702 
3 1758 1645 1702 
3 820 768 708 
3 865 820 761 
3 918 865 806 
3 981 918 840 
3 910 1044 981 
3 1108 1044 1020 
3 768 676 708 
3 160 156 222 
3 214 299 222 
3 381 299 286 
3 448 381 349 
3 448 416 499 
3 541 499 470 
3 541 595 628 
3 595 676 628 
3 1214 1108 1145 
3 1145 1205 1254 
3 102 156 160 
3 1532 1425 1481 
3 1425 1316 1366 
3 1645 1532 1593 
3 1316 1205 1249 
3 88 73 89 
3 102 88 96 
3 73 74 89 
3 61 65 64 
3 75 65 77 
3 93 77 92 
3 111 109 92 
3 75 74 64 
3 119 111 130 
3 1266 1305 1198 
3 1102 1187 1198 
3 1102 998 1096 
3 998 877 969 
3 877 843 969 
3 1305 1407 1303 
3 812 843 735 
3 1501 1490 1402 
3 1580 1490 1591 
3 1580 1684 1669 
3 1669 1768 1754 
3 1857 1848 1754 
3 1407 1402 1303 
3 1848 1948 1937 
3 626 711 735 
3 498 608 626 
3 522 608 498 
3 1937 2034 2021 
3 413 478 522 
3 356 413 298 
3 2122 2111 2021 
3 250 356 298 
3 184 199 250 
3 184 147 149 
3 147 133 130 
3 2215 2304 2212 
3 2212 2111 2122 
3 2500 2531 2561 
3 2561 2588 2615 
3 2500 2430 2453 
3 2615 2648 2657 
3 2375 2430 2353 
3 2353 2271 2290 
3 2657 2677 2672 
3 2271 2195 2209 
3 2195 2106 2126 
3 2106 2011 2038 
3 2011 1909 1947 
3 2672 2703 2701 
3 1909 1810 1853 
3 2396 2471 2482 
3 2680 2708 2628 
3 2554 2628 2655 
3 2732 2680 2701 
3 2554 2569 2482 
3 2304 2396 2399 
3 1810 1702 1749 
3 1702 1645 1593 
3 761 820 708 
3 865 761 806 
3 918 806 840 
3 910 981 840 
3 1044 910 1020 
3 1108 1020 1055 
3 676 595 708 
3 156 214 222 
3 299 214 286 
3 381 286 349 
3 416 448 349 
3 499 416 470 
3 519 541 470 
3 595 541 519 
3 1145 1108 1055 
3 1205 1145 1070 
3 156 102 115 
3 1481 1425 1366 
3 1532 1481 1593 
3 1316 1249 1366 
3 1249 1205 1135 
3 96 88 89 
3 102 96 115 
3 74 94 89 
3 65 75 64 
3 93 75 77 
3 109 93 92 
3 109 111 119 
3 75 94 74 
3 133 119 130 
3 1305 1210 1198 
3 1112 1102 1198 
3 998 1102 1006 
3 877 998 900 
3 762 843 877 
3 1210 1305 1303 
3 843 762 735 
3 1402 1490 1392 
3 1490 1580 1475 
3 1580 1669 1565 
3 1651 1669 1754 
3 1848 1745 1754 
3 1303 1402 1300 
3 1832 1848 1937 
3 651 626 735 
3 542 498 626 
3 413 522 498 
3 1925 1937 2021 
3 413 358 298 
3 2021 2111 2013 
3 228 250 298 
3 184 250 228 
3 147 184 172 
3 153 133 147 
3 2212 2304 2314 
3 2111 2212 2214 
3 2561 2531 2588 
3 2500 2453 2531 
3 2588 2648 2615 
3 2430 2375 2453 
3 2648 2677 2657 
3 2375 2353 2290 
3 2271 2209 2290 
3 2677 2703 2672 
3 2209 2195 2126 
3 2126 2106 2038 
3 2011 1947 2038 
3 1909 1853 1947 
3 2703 2739 2701 
3 1810 1749 1853 
3 2396 2482 2399 
3 2628 2708 2655 
3 2680 2732 2708 
3 2569 2554 2655 
3 2739 2732 2701 
3 2482 2569 2493 
3 2304 2399 2314 
3 1749 1702 1637 
3 1702 1593 1637 
3 669 761 708 
3 806 761 703 
3 806 728 840 
3 836 910 840 
3 910 929 1020 
3 1055 1020 1002 
3 595 591 708 
3 214 156 165 
3 214 232 286 
3 349 286 284 
3 416 349 337 
3 416 398 470 
3 457 519 470 
3 591 595 519 
3 1145 1055 1070 
3 1135 1205 1070 
3 165 156 115 
3 1481 1366 1419 
3 1481 1524 1593 
3 1249 1313 1366 
3 1249 1135 1206 
3 103 96 89 
3 96 105 115 
3 94 103 89 
3 93 94 75 
3 110 93 109 
3 116 109 119 
3 133 126 119 
3 1210 1112 1198 
3 1102 1112 1006 
3 900 998 1006 
3 877 900 794 
3 762 877 794 
3 1210 1303 1212 
3 762 651 735 
3 1490 1475 1392 
3 1402 1392 1300 
3 1475 1580 1565 
3 1669 1651 1565 
3 1745 1651 1754 
3 1745 1848 1832 
3 1212 1303 1300 
3 1925 1832 1937 
3 651 542 626 
3 542 427 498 
3 358 413 498 
3 1925 2021 2013 
3 358 273 298 
3 2111 2098 2013 
3 273 228 298 
3 172 184 228 
3 153 147 172 
3 133 153 143 
3 2212 2314 2214 
3 2098 2111 2214 
3 2531 2563 2588 
3 2453 2489 2531 
3 2588 2638 2648 
3 2375 2408 2453 
3 2677 2648 2682 
3 2375 2290 2321 
3 2209 2240 2290 
3 2703 2677 2682 
3 2157 2209 2126 
3 2066 2126 2038 
3 1947 1974 2038 
3 1853 1904 1947 
3 2739 2703 2720 
3 1749 1803 1853 
3 2482 2493 2399 
3 2708 2741 2655 
3 2708 2732 2775 
3 2569 2655 2681 
3 2739 2780 2732 
3 2569 2590 2493 
3 2314 2399 2405 
3 1749 1637 1696 
3 1593 1524 1637 
3 761 669 703 
3 591 669 708 
3 806 703 728 
3 840 728 745 
3 929 910 836 
3 836 840 745 
3 1020 929 1002 
3 1055 1002 1070 
3 214 165 232 
3 286 232 284 
3 349 284 337 
3 398 416 337 
3 398 457 470 
3 519 457 521 
3 591 519 521 
3 1135 1070 1034 
3 142 165 115 
3 1366 1313 1419 
3 1524 1481 1419 
3 1313 1249 1206 
3 1206 1135 1104 
3 96 103 105 
3 105 142 115 
3 103 94 110 
3 94 93 110 
3 110 109 116 
3 126 116 119 
3 126 133 143 
3 1118 1112 1210 
3 1006 1112 1015 
3 914 900 1006 
3 900 815 794 
3 688 762 794 
3 1118 1210 1212 
3 651 762 688 
3 1475 1369 1392 
3 1392 1292 1300 
3 1475 1565 1457 
3 1565 1651 1549 
3 1651 1745 1638 
3 1745 1832 1733 
3 1215 1212 1300 
3 1832 1925 1818 
3 586 542 651 
3 427 358 498 
3 427 542 481 
3 1925 2013 1908 
3 273 358 327 
3 2098 1999 2013 
3 218 228 273 
3 172 228 218 
3 181 153 172 
3 153 168 143 
3 2314 2319 2214 
3 2098 2214 2235 
3 2588 2563 2638 
3 2489 2563 2531 
3 2453 2408 2489 
3 2648 2638 2682 
3 2408 2375 2321 
3 2290 2240 2321 
3 2209 2157 2240 
3 2703 2682 2720 
3 2066 2157 2126 
3 1974 2066 2038 
3 1974 1947 1904 
3 1803 1904 1853 
3 2763 2739 2720 
3 1803 1749 1696 
3 2399 2493 2405 
3 2655 2741 2681 
3 2741 2708 2775 
3 2732 2780 2775 
3 2590 2569 2681 
3 2739 2763 2780 
3 2493 2590 2506 
3 2319 2314 2405 
3 1637 1587 1696 
3 1524 1587 1637 
3 703 669 603 
3 669 591 603 
3 728 703 630 
3 728 656 745 
3 929 836 826 
3 836 745 783 
3 929 907 1002 
3 1070 1002 964 
3 232 165 183 
3 284 232 243 
3 337 284 285 
3 332 398 337 
3 457 398 400 
3 521 457 462 
3 603 591 521 
3 1070 964 1034 
3 1104 1135 1034 
3 165 142 183 
3 1313 1362 1419 
3 1471 1524 1419 
3 1313 1206 1251 
3 1150 1206 1104 
3 105 103 113 
3 142 105 128 
3 103 110 113 
3 113 110 116 
3 126 125 116 
3 140 126 143 
3 1112 1118 1015 
3 914 1006 1015 
3 815 900 914 
3 794 815 716 
3 688 794 716 
3 1118 1212 1124 
3 586 651 688 
3 1369 1292 1392 
3 1369 1475 1457 
3 1292 1215 1300 
3 1457 1565 1549 
3 1549 1651 1638 
3 1638 1745 1733 
3 1832 1818 1733 
3 1212 1215 1124 
3 1818 1925 1908 
3 542 586 481 
3 358 427 327 
3 390 427 481 
3 2013 1999 1908 
3 264 273 327 
3 1999 2098 2085 
3 218 273 264 
3 181 172 218 
3 168 153 181 
3 168 164 143 
3 2214 2319 2235 
3 2098 2235 2170 
3 2563 2604 2638 
3 2563 2489 2530 
3 2408 2442 2489 
3 2638 2683 2682 
3 2408 2321 2357 
3 2240 2272 2321 
3 2240 2157 2190 
3 2682 2683 2720 
3 2157 2066 2100 
3 2066 1974 2007 
3 1904 1854 1974 
3 1904 1803 1854 
3 2724 2763 2720 
3 1803 1696 1741 
3 2405 2493 2506 
3 2741 2773 2681 
3 2804 2741 2775 
3 2780 2818 2775 
3 2711 2590 2681 
3 2780 2763 2798 
3 2590 2619 2506 
3 2319 2405 2421 
3 1696 1587 1634 
3 1587 1524 1471 
3 703 603 630 
3 656 728 630 
3 745 656 698 
3 826 836 783 
3 907 929 826 
3 783 745 698 
3 1002 907 964 
3 232 183 243 
3 284 243 285 
3 332 337 285 
3 400 398 332 
3 457 400 462 
3 536 521 462 
3 603 521 536 
3 1034 964 946 
3 1104 1034 1004 
3 183 142 163 
3 1362 1471 1419 
3 1362 1313 1251 
3 1206 1150 1251 
3 1060 1150 1104 
3 105 113 128 
3 142 128 163 
3 125 113 116 
3 125 126 140 
3 164 140 143 
3 1118 1026 1015 
3 928 914 1015 
3 815 914 832 
3 815 736 716 
3 617 688 716 
3 1026 1118 1124 
3 586 688 617 
3 1292 1369 1259 
3 1369 1457 1356 
3 1215 1292 1139 
3 1447 1457 1549 
3 1534 1549 1638 
3 1628 1638 1733 
3 1733 1818 1717 
3 1124 1215 1139 
3 1818 1908 1805 
3 481 586 523 
3 427 390 327 
3 390 481 434 
3 1999 1899 1908 
3 264 327 311 
3 2085 2098 2170 
3 1999 2085 1984 
3 219 218 264 
3 181 218 219 
3 168 181 198 
3 164 168 193 
3 2319 2333 2235 
3 2235 2250 2170 
3 2638 2604 2683 
3 2563 2530 2604 
3 2489 2442 2530 
3 2442 2408 2357 
3 2321 2272 2357 
3 2272 2240 2190 
3 2157 2100 2190 
3 2683 2724 2720 
3 2100 2066 2007 
3 2007 1974 1905 
3 1974 1854 1905 
3 1854 1803 1741 
3 2724 2774 2763 
3 1741 1696 1634 
3 2405 2506 2421 
3 2773 2711 2681 
3 2741 2804 2773 
3 2818 2804 2775 
3 2818 2780 2798 
3 2590 2711 2619 
3 2763 2774 2798 
3 2619 2518 2506 
3 2333 2319 2421 
3 1587 1522 1634 
3 1587 1471 1522 
3 603 536 630 
3 567 656 630 
3 698 656 604 
3 719 826 783 
3 907 826 808 
3 719 783 698 
3 964 907 888 
3 243 183 208 
3 285 243 252 
3 332 285 294 
3 400 332 341 
3 462 400 412 
3 536 462 488 
3 964 888 946 
3 1034 946 1004 
3 1060 1104 1004 
3 183 163 208 
3 1471 1362 1421 
3 1362 1251 1318 
3 1251 1150 1217 
3 1150 1060 1116 
3 128 113 125 
3 128 148 163 
3 148 125 140 
3 164 170 140 
3 1026 928 1015 
3 914 928 832 
3 736 815 832 
3 736 643 716 
3 643 617 716 
3 1026 1124 1037 
3 586 617 523 
3 1259 1369 1356 
3 1139 1292 1259 
3 1457 1447 1356 
3 1534 1447 1549 
3 1628 1534 1638 
3 1628 1733 1717 
3 1818 1805 1717 
3 1037 1124 1139 
3 1908 1899 1805 
3 481 523 434 
3 327 390 311 
3 362 390 434 
3 1899 1999 1984 
3 263 264 311 
3 2165 2085 2170 
3 2085 2068 1984 
3 219 264 263 
3 181 219 198 
3 193 168 198 
3 211 164 193 
3 2333 2250 2235 
3 2250 2165 2170 
3 2683 2604 2667 
3 2604 2530 2575 
3 2530 2442 2492 
3 2401 2442 2357 
3 2272 2315 2357 
3 2272 2190 2217 
3 2190 2100 2129 
3 2724 2683 2667 
3 2100 2007 2040 
3 2007 1905 1944 
3 1854 1796 1905 
3 1796 1854 1741 
3 2724 2716 2774 
3 1741 1634 1692 
3 2506 2518 2421 
3 2773 2796 2711 
3 2804 2841 2773 
3 2804 2818 2872 
3 2848 2818 2798 
3 2711 2740 2619 
3 2774 2816 2798 
3 2518 2619 2646 
3 2432 2333 2421 
3 1522 1582 1634 
3 1522 1471 1421 
3 536 567 630 
3 656 567 604 
3 633 698 604 
3 826 719 808 
3 888 907 808 
3 633 719 698 
3 243 208 252 
3 285 252 294 
3 332 294 341 
3 412 400 341 
3 462 412 488 
3 567 536 488 
3 946 888 854 
3 946 911 1004 
3 961 1060 1004 
3 163 185 208 
3 1421 1362 1318 
3 1251 1217 1318 
3 1217 1150 1116 
3 1060 1017 1116 
3 128 125 148 
3 148 185 163 
3 170 148 140 
3 170 164 211 
3 928 1026 945 
3 832 928 844 
3 754 736 832 
3 736 668 643 
3 554 617 643 
3 945 1026 1037 
3 523 617 554 
3 1259 1356 1244 
3 1139 1259 1147 
3 1447 1342 1356 
3 1447 1534 1435 
3 1534 1628 1521 
3 1611 1628 1717 
3 1717 1805 1703 
3 1047 1037 1139 
3 1805 1899 1794 
3 434 523 474 
3 390 362 311 
3 353 362 434 
3 1899 1984 1884 
3 304 263 311 
3 2165 2068 2085 
3 2068 1966 1984 
3 239 219 263 
3 198 219 239 
3 227 193 198 
3 211 193 227 
3 2333 2340 2250 
3 2165 2250 2252 
3 2604 2575 2667 
3 2530 2492 2575 
3 2442 2401 2492 
3 2315 2401 2357 
3 2315 2272 2217 
3 2217 2190 2129 
3 2100 2040 2129 
3 2716 2724 2667 
3 2040 2007 1944 
3 1944 1905 1839 
3 1905 1796 1839 
3 1796 1741 1692 
3 2774 2716 2771 
3 1634 1582 1692 
3 2518 2432 2421 
3 2711 2796 2740 
3 2773 2841 2796 
3 2841 2804 2869 
3 2818 2848 2872 
3 2804 2872 2869 
3 2816 2848 2798 
3 2619 2740 2646 
3 2774 2771 2816 
3 2534 2518 2646 
3 2340 2333 2432 
3 1472 1582 1522 
3 1472 1522 1421 
3 604 567 520 
3 555 633 604 
3 719 723 808 
3 796 888 808 
3 719 633 645 
3 252 208 233 
3 294 252 271 
3 294 303 341 
3 412 341 370 
3 488 412 439 
3 567 488 520 
3 888 796 854 
3 911 946 854 
3 911 961 1004 
3 1017 1060 961 
3 208 185 233 
3 1421 1318 1375 
3 1318 1217 1272 
3 1169 1217 1116 
3 1017 1068 1116 
3 185 148 170 
3 206 170 211 
3 928 945 844 
3 754 832 844 
3 668 736 754 
3 668 590 643 
3 590 554 643 
3 951 945 1037 
3 474 523 554 
3 1244 1356 1342 
3 1147 1259 1244 
3 1047 1139 1147 
3 1342 1447 1435 
3 1435 1534 1521 
3 1521 1628 1611 
3 1611 1717 1703 
3 1703 1805 1794 
3 1047 951 1037 
3 1794 1899 1884 
3 407 434 474 
3 362 304 311 
3 362 353 304 
3 407 353 434 
3 1984 1966 1884 
3 269 263 304 
3 2068 2165 2154 
3 2068 2052 1966 
3 239 263 269 
3 227 198 239 
3 227 235 211 
3 2250 2340 2252 
3 2154 2165 2252 
3 2575 2640 2667 
3 2492 2541 2575 
3 2401 2446 2492 
3 2401 2315 2359 
3 2315 2217 2266 
3 2217 2129 2177 
3 2129 2040 2088 
3 2640 2716 2667 
3 1991 2040 1944 
3 1944 1839 1890 
3 1796 1730 1839 
3 1730 1796 1692 
3 2716 2702 2771 
3 1582 1622 1692 
3 2518 2534 2432 
3 2796 2831 2740 
3 2796 2841 2892 
3 2910 2841 2869 
3 2848 2903 2872 
3 2872 2914 2869 
3 2848 2816 2879 
3 2740 2761 2646 
3 2816 2771 2821 
3 2661 2534 2646 
3 2340 2432 2439 
3 1582 1472 1510 
3 1472 1421 1375 
3 555 604 520 
3 633 555 579 
3 723 796 808 
3 723 719 645 
3 645 633 579 
3 252 233 271 
3 303 294 271 
3 341 303 370 
3 439 412 370 
3 488 439 520 
3 854 796 765 
3 823 911 854 
3 961 911 876 
3 1017 961 924 
3 233 185 206 
3 1318 1272 1375 
3 1217 1169 1272 
3 1068 1169 1116 
3 1068 1017 970 
3 185 170 206 
3 206 211 235 
3 945 855 844 
3 766 754 844 
3 668 754 686 
3 590 668 605 
3 590 504 554 
3 855 945 951 
3 504 474 554 
3 1244 1342 1335 
3 1147 1244 1137 
3 1048 1047 1147 
3 1342 1435 1335 
3 1435 1521 1420 
3 1509 1521 1611 
3 1598 1611 1703 
3 1690 1703 1794 
3 954 951 1047 
3 1773 1794 1884 
3 436 407 474 
3 304 353 307 
3 345 353 407 
3 1966 1861 1884 
3 269 304 307 
3 2068 2154 2052 
3 2052 1946 1966 
3 254 239 269 
3 227 239 254 
3 235 227 259 
3 2340 2343 2252 
3 2244 2154 2252 
3 2575 2541 2640 
3 2492 2446 2541 
3 2446 2401 2359 
3 2359 2315 2266 
3 2217 2177 2266 
3 2177 2129 2088 
3 2040 1991 2088 
3 2716 2640 2702 
3 1991 1944 1890 
3 1839 1777 1890 
3 1730 1777 1839 
3 1622 1730 1692 
3 2702 2762 2771 
3 1622 1582 1510 
3 2432 2534 2538 
3 2740 2831 2761 
3 2796 2892 2831 
3 2841 2910 2892 
3 2914 2910 2869 
3 2903 2914 2872 
3 2848 2879 2903 
3 2816 2821 2879 
3 2761 2661 2646 
3 2771 2762 2821 
3 2534 2661 2538 
3 2439 2432 2538 
3 2340 2439 2343 
3 1472 1352 1510 
3 1352 1472 1375 
3 483 555 520 
3 555 510 579 
3 796 723 712 
3 723 645 641 
3 645 579 583 
3 271 233 251 
3 303 271 251 
3 370 303 334 
3 409 439 370 
3 439 483 520 
3 796 712 765 
3 823 854 765 
3 911 823 876 
3 961 876 924 
3 970 1017 924 
3 233 206 251 
3 1272 1352 1375 
3 1169 1229 1272 
3 1169 1068 1127 
3 1068 970 1024 
3 251 206 235 
3 855 766 844 
3 686 754 766 
3 605 668 686 
3 534 590 605 
3 534 504 590 
3 857 855 951 
3 504 436 474 
3 1244 1335 1232 
3 1137 1244 1232 
3 1048 1147 1137 
3 954 1047 1048 
3 1435 1420 1335 
3 1420 1521 1509 
3 1509 1611 1598 
3 1690 1598 1703 
3 1773 1690 1794 
3 857 951 954 
3 1861 1773 1884 
3 379 407 436 
3 353 345 307 
3 379 345 407 
3 1966 1946 1861 
3 288 269 307 
3 2154 2139 2052 
3 1946 2052 2027 
3 288 254 269 
3 259 227 254 
3 275 235 259 
3 2343 2244 2252 
3 2244 2139 2154 
3 2640 2541 2598 
3 2541 2446 2504 
3 2446 2359 2411 
3 2359 2266 2317 
3 2266 2177 2220 
3 2177 2088 2128 
3 2088 1991 2030 
3 2640 2598 2702 
3 1931 1991 1890 
3 1890 1777 1822 
3 1777 1730 1658 
3 1730 1622 1658 
3 2676 2762 2702 
3 1622 1510 1537 
3 2761 2831 2861 
3 2831 2892 2923 
3 2892 2910 2950 
3 2914 2956 2910 
3 2914 2903 2949 
3 2879 2927 2903 
3 2821 2884 2879 
3 2661 2761 2769 
3 2762 2813 2821 
3 2661 2662 2538 
3 2539 2439 2538 
3 2343 2439 2436 
3 1510 1352 1414 
3 555 483 510 
3 579 510 529 
3 712 723 641 
3 641 645 583 
3 583 579 529 
3 303 251 275 
3 303 275 334 
3 409 370 334 
3 439 409 483 
3 712 681 765 
3 734 823 765 
3 823 788 876 
3 876 835 924 
3 970 924 890 
3 1229 1352 1272 
3 1169 1127 1229 
3 1127 1068 1024 
3 1024 970 935 
3 275 251 235 
3 855 774 766 
3 694 686 766 
3 605 686 619 
3 544 534 605 
3 504 534 467 
3 774 855 857 
3 436 504 467 
3 1232 1335 1321 
3 1137 1232 1130 
3 1036 1048 1137 
3 950 954 1048 
3 1335 1420 1321 
3 1420 1509 1405 
3 1492 1509 1598 
3 1598 1690 1576 
3 1690 1773 1664 
3 856 857 954 
3 1773 1861 1751 
3 379 436 411 
3 345 320 307 
3 345 379 346 
3 1861 1946 1838 
3 320 288 307 
3 2052 2139 2027 
3 1946 2027 1919 
3 288 292 254 
3 292 259 254 
3 306 275 259 
3 2343 2332 2244 
3 2139 2244 2222 
3 2598 2541 2504 
3 2504 2446 2411 
3 2411 2359 2317 
3 2317 2266 2220 
3 2177 2128 2220 
3 2128 2088 2030 
3 1991 1931 2030 
3 2598 2676 2702 
3 1931 1890 1822 
3 1822 1777 1710 
3 1777 1658 1710 
3 1622 1537 1658 
3 2762 2676 2735 
3 1510 1414 1537 
3 2831 2923 2861 
3 2761 2861 2769 
3 2892 2950 2923 
3 2910 2956 2950 
3 2956 2914 2949 
3 2903 2927 2949 
3 2879 2884 2927 
3 2821 2813 2884 
3 2662 2661 2769 
3 2762 2735 2813 
3 2662 2539 2538 
3 2439 2539 2436 
3 2332 2343 2436 
3 1414 1352 1298 
3 510 483 440 
3 510 469 529 
3 712 641 623 
3 553 641 583 
3 515 583 529 
3 334 275 306 
3 409 334 368 
3 483 409 440 
3 681 734 765 
3 681 712 623 
3 823 734 788 
3 788 835 876 
3 924 835 890 
3 970 890 935 
3 1352 1229 1298 
3 1229 1127 1188 
3 1127 1024 1076 
3 1024 935 984 
3 774 694 766 
3 619 686 694 
3 544 605 619 
3 485 534 544 
3 534 485 467 
3 774 857 775 
3 411 436 467 
3 1232 1321 1219 
3 1130 1232 1219 
3 1036 1137 1130 
3 950 1048 1036 
3 950 856 954 
3 1420 1405 1321 
3 1405 1509 1492 
3 1492 1598 1576 
3 1576 1690 1664 
3 1664 1773 1751 
3 857 856 775 
3 1861 1838 1751 
3 373 379 411 
3 320 345 346 
3 379 373 346 
3 1946 1919 1838 
3 288 320 322 
3 2027 2139 2113 
3 1919 2027 2003 
3 292 288 322 
3 292 306 259 
3 2244 2332 2222 
3 2139 2222 2113 
3 2558 2598 2504 
3 2460 2504 2411 
3 2364 2411 2317 
3 2317 2220 2277 
3 2128 2184 2220 
3 2128 2030 2089 
3 1931 1986 2030 
3 2598 2558 2676 
3 1881 1931 1822 
3 1822 1710 1763 
3 1710 1658 1596 
3 1658 1537 1596 
3 2676 2635 2735 
3 1414 1470 1537 
3 2861 2923 2948 
3 2861 2854 2769 
3 2950 2979 2923 
3 2950 2956 2983 
3 2982 2956 2949 
3 2927 2968 2949 
3 2884 2932 2927 
3 2884 2813 2880 
3 2759 2662 2769 
3 2735 2791 2813 
3 2662 2647 2539 
3 2436 2539 2525 
3 2420 2332 2436 
3 1351 1414 1298 
3 510 440 469 
3 529 469 480 
3 641 553 623 
3 583 515 553 
3 515 529 480 
3 334 306 368 
3 440 409 368 
3 734 681 648 
3 598 681 623 
3 788 734 700 
3 742 835 788 
3 890 835 802 
3 935 890 842 
3 1298 1229 1188 
3 1188 1127 1076 
3 1076 1024 984 
3 984 935 892 
3 694 774 695 
3 619 694 618 
3 544 619 545 
3 485 544 487 
3 485 429 467 
3 695 774 775 
3 429 411 467 
3 1219 1321 1301 
3 1114 1130 1219 
3 1036 1130 1022 
3 950 1036 939 
3 950 851 856 
3 1321 1405 1301 
3 1405 1492 1387 
3 1492 1576 1462 
3 1576 1664 1553 
3 1664 1751 1639 
3 856 767 775 
3 1838 1724 1751 
3 395 373 411 
3 342 320 346 
3 346 373 365 
3 1838 1919 1806 
3 320 342 322 
3 2027 2113 2003 
3 1891 1919 2003 
3 338 292 322 
3 306 292 338 
3 2222 2332 2308 
3 2222 2200 2113 
3 2460 2558 2504 
3 2364 2460 2411 
3 2364 2317 2277 
3 2220 2184 2277 
3 2184 2128 2089 
3 2030 1986 2089 
3 1986 1931 1881 
3 2676 2558 2635 
3 1881 1822 1763 
3 1710 1644 1763 
3 1644 1710 1596 
3 1537 1470 1596 
3 2635 2697 2735 
3 1470 1414 1351 
3 2923 2979 2948 
3 2861 2948 2902 
3 2854 2759 2769 
3 2861 2902 2854 
3 2950 2983 2979 
3 2956 2982 2983 
3 2968 2982 2949 
3 2927 2932 2968 
3 2932 2884 2880 
3 2813 2791 2880 
3 2662 2759 2647 
3 2697 2791 2735 
3 2539 2647 2525 
3 2420 2436 2525 
3 2332 2420 2308 
3 1351 1298 1241 
3 469 440 405 
3 469 423 480 
3 553 539 623 
3 484 553 515 
3 484 515 480 
3 368 306 338 
3 440 368 405 
3 648 681 598 
3 734 648 700 
3 539 598 623 
3 742 788 700 
3 835 742 802 
3 890 802 842 
3 935 842 892 
3 1298 1188 1241 
3 1132 1188 1076 
3 1027 1076 984 
3 933 984 892 
3 618 694 695 
3 619 618 545 
3 487 544 545 
3 485 487 433 
3 429 485 433 
3 695 775 690 
3 429 395 411 
3 1219 1301 1195 
3 1130 1114 1022 
3 1114 1219 1195 
3 939 1036 1022 
3 851 950 939 
3 856 851 767 
3 1405 1387 1301 
3 1387 1492 1462 
3 1462 1576 1553 
3 1553 1664 1639 
3 1751 1724 1639 
3 775 767 690 
3 1724 1838 1806 
3 380 373 395 
3 342 346 365 
3 373 380 365 
3 1919 1891 1806 
3 342 361 322 
3 2003 2113 2083 
3 1963 1891 2003 
3 361 338 322 
3 2200 2222 2308 
3 2113 2200 2083 
3 2558 2460 2516 
3 2460 2364 2423 
3 2323 2364 2277 
3 2184 2230 2277 
3 2133 2184 2089 
3 1986 2036 2089 
3 1986 1881 1934 
3 2635 2558 2516 
3 1881 1763 1821 
3 1644 1709 1763 
3 1525 1644 1596 
3 1470 1525 1596 
3 2635 2576 2697 
3 1470 1351 1413 
3 2948 2979 2984 
3 2902 2948 2959 
3 2759 2854 2825 
3 2854 2902 2904 
3 2979 2983 2990 
3 2982 2991 2983 
3 2968 2987 2982 
3 2932 2975 2968 
3 2924 2932 2880 
3 2791 2844 2880 
3 2647 2759 2731 
3 2791 2697 2754 
3 2647 2609 2525 
3 2499 2420 2525 
3 2420 2394 2308 
3 1302 1351 1241 
3 423 469 405 
3 423 428 480 
3 539 553 484 
3 428 484 480 
3 405 368 338 
3 648 598 562 
3 700 648 612 
3 598 539 517 
3 742 700 653 
3 742 710 802 
3 802 746 842 
3 842 801 892 
3 1241 1188 1132 
3 1027 1132 1076 
3 933 1027 984 
3 837 933 892 
3 618 695 610 
3 618 537 545 
3 479 487 545 
3 433 487 426 
3 404 429 433 
3 610 695 690 
3 404 395 429 
3 1195 1301 1277 
3 1114 1007 1022 
3 1114 1195 1089 
3 916 939 1022 
3 833 851 939 
3 767 851 748 
3 1301 1387 1277 
3 1387 1462 1357 
3 1462 1553 1441 
3 1536 1553 1639 
3 1639 1724 1621 
3 690 767 675 
3 1724 1806 1698 
3 386 380 395 
3 388 342 365 
3 380 399 365 
3 1891 1774 1806 
3 388 361 342 
3 1963 2003 2083 
3 1891 1963 1845 
3 361 405 338 
3 2286 2200 2308 
3 2200 2148 2083 
3 2516 2460 2423 
3 2364 2323 2423 
3 2230 2323 2277 
3 2230 2184 2133 
3 2036 2133 2089 
3 2036 1986 1934 
3 1881 1821 1934 
3 2576 2635 2516 
3 1763 1709 1821 
3 1709 1644 1595 
3 1644 1525 1595 
3 1470 1413 1525 
3 2697 2576 2649 
3 1413 1351 1302 
3 2979 2990 2984 
3 2948 2984 2959 
3 2902 2959 2904 
3 2854 2904 2825 
3 2759 2825 2731 
3 2983 2991 2990 
3 2982 2987 2991 
3 2968 2975 2987 
3 2932 2924 2975 
3 2844 2924 2880 
3 2791 2754 2844 
3 2647 2731 2609 
3 2697 2649 2754 
3 2609 2499 2525 
3 2420 2499 2394 
3 2394 2286 2308 
3 1194 1302 1241 
3 361 423 405 
3 428 423 388 
3 539 484 475 
3 430 484 428 
3 562 598 517 
3 648 562 612 
3 653 700 612 
3 539 475 517 
3 710 742 653 
3 710 746 802 
3 746 801 842 
3 801 837 892 
3 1194 1241 1132 
3 1027 1078 1132 
3 933 974 1027 
3 933 837 882 
3 537 618 610 
3 537 479 545 
3 487 479 426 
3 393 433 426 
3 393 404 433 
3 599 610 690 
3 404 386 395 
3 1195 1277 1168 
3 1007 916 1022 
3 1007 1114 1089 
3 1089 1195 1168 
3 916 833 939 
3 748 851 833 
3 767 748 675 
3 1277 1387 1357 
3 1357 1462 1441 
3 1553 1536 1441 
3 1536 1639 1621 
3 1724 1698 1621 
3 599 690 675 
3 1806 1774 1698 
3 386 401 380 
3 399 388 365 
3 401 399 380 
3 1774 1891 1845 
3 423 361 388 
3 2028 1963 2083 
3 1963 1911 1845 
3 2200 2286 2258 
3 2148 2028 2083 
3 2200 2258 2148 
3 2474 2516 2423 
3 2423 2323 2373 
3 2278 2323 2230 
3 2230 2133 2187 
3 2133 2036 2094 
3 1992 2036 1934 
3 1934 1821 1887 
3 2474 2576 2516 
3 1709 1766 1821 
3 1709 1595 1646 
3 1595 1525 1473 
3 1525 1413 1473 
3 2576 2524 2649 
3 1413 1302 1358 
3 2990 2995 2984 
3 2959 2984 2985 
3 2904 2959 2954 
3 2904 2889 2825 
3 2731 2825 2788 
3 2991 2999 2990 
3 2987 2996 2991 
3 2987 2975 2989 
3 2975 2924 2967 
3 2844 2901 2924 
3 2844 2754 2808 
3 2609 2731 2688 
3 2754 2649 2706 
3 2499 2609 2556 
3 2394 2499 2447 
3 2286 2394 2354 
3 1302 1194 1242 
3 428 388 399 
3 484 430 475 
3 430 428 399 
3 562 517 494 
3 612 562 527 
3 568 653 612 
3 475 452 517 
3 710 653 616 
3 746 710 655 
3 801 746 709 
3 837 801 758 
3 1078 1194 1132 
3 974 1078 1027 
3 974 933 882 
3 882 837 758 
3 537 610 526 
3 463 479 537 
3 479 410 426 
3 369 393 426 
3 377 404 393 
3 526 610 599 
3 386 404 377 
3 1277 1245 1168 
3 916 1007 898 
3 977 1007 1089 
3 1061 1089 1168 
3 833 916 813 
3 730 748 833 
3 748 650 675 
3 1245 1277 1357 
3 1357 1441 1329 
3 1536 1515 1441 
3 1515 1536 1621 
3 1698 1594 1621 
3 584 599 675 
3 1698 1774 1661 
3 391 401 386 
3 401 430 399 
3 1734 1774 1845 
3 1963 2028 1911 
3 1845 1911 1801 
3 2286 2354 2258 
3 2148 2099 2028 
3 2258 2194 2148 
3 2474 2423 2373 
3 2323 2278 2373 
3 2278 2230 2187 
3 2187 2133 2094 
3 2094 2036 1992 
3 1992 1934 1887 
3 1821 1766 1887 
3 2576 2474 2524 
3 1766 1709 1646 
3 1595 1530 1646 
3 1595 1473 1530 
3 1473 1413 1358 
3 2649 2524 2580 
3 1302 1242 1358 
3 2984 2995 2985 
3 2990 2999 2995 
3 2959 2985 2954 
3 2889 2904 2954 
3 2825 2889 2788 
3 2731 2788 2688 
3 2991 2996 2999 
3 2987 2989 2996 
3 2975 2967 2989 
3 2924 2901 2967 
3 2901 2844 2808 
3 2754 2706 2808 
3 2609 2688 2556 
3 2649 2580 2706 
3 2499 2556 2447 
3 2354 2394 2447 
3 1242 1194 1134 
3 475 430 422 
3 517 452 494 
3 527 562 494 
3 568 612 527 
3 653 568 616 
3 475 422 452 
3 710 616 655 
3 709 746 655 
3 801 709 758 
3 1134 1194 1078 
3 1078 974 1025 
3 974 882 919 
3 882 758 819 
3 463 537 526 
3 410 479 463 
3 410 369 426 
3 369 350 393 
3 350 377 393 
3 526 599 505 
3 391 386 377 
3 1245 1138 1168 
3 898 1007 977 
3 813 916 898 
3 1061 977 1089 
3 1138 1061 1168 
3 730 833 813 
3 650 748 730 
3 650 584 675 
3 1245 1357 1329 
3 1441 1409 1329 
3 1515 1409 1441 
3 1594 1515 1621 
3 1594 1698 1661 
3 505 599 584 
3 1774 1734 1661 
3 422 401 391 
3 422 430 401 
3 1734 1845 1801 
3 2028 1976 1911 
3 1801 1911 1858 
3 2258 2354 2284 
3 2099 1976 2028 
3 2148 2194 2099 
3 2194 2258 2284 
3 2425 2474 2373 
3 2278 2327 2373 
3 2231 2278 2187 
3 2137 2187 2094 
3 2094 1992 2037 
3 1936 1992 1887 
3 1766 1825 1887 
3 2524 2474 2425 
3 1712 1766 1646 
3 1646 1530 1600 
3 1473 1417 1530 
3 1417 1473 1358 
3 2580 2524 2470 
3 1358 1242 1309 
3 2995 2994 2985 
3 2995 2999 3000 
3 2985 2981 2954 
3 2915 2889 2954 
3 2788 2889 2823 
3 2688 2788 2714 
3 2996 3002 2999 
3 2996 2989 2997 
3 2967 2986 2989 
3 2967 2901 2946 
3 2868 2901 2808 
3 2706 2765 2808 
3 2556 2688 2585 
3 2706 2580 2643 
3 2556 2476 2447 
3 2371 2354 2447 
3 1242 1134 1197 
3 452 420 494 
3 445 527 494 
3 568 527 482 
3 568 524 616 
3 422 403 452 
3 616 565 655 
3 709 655 613 
3 758 709 658 
3 1134 1078 1025 
3 1025 974 919 
3 919 882 819 
3 819 758 715 
3 437 463 526 
3 410 463 378 
3 335 369 410 
3 350 369 316 
3 350 363 377 
3 437 526 505 
3 363 391 377 
3 1138 1245 1227 
3 898 977 868 
3 789 813 898 
3 977 1061 953 
3 1061 1138 1032 
3 730 813 713 
3 650 730 631 
3 584 650 551 
3 1227 1245 1329 
3 1409 1304 1329 
3 1409 1515 1489 
3 1515 1594 1489 
3 1594 1661 1556 
3 486 505 584 
3 1661 1734 1614 
3 403 422 391 
3 1734 1801 1685 
3 1911 1976 1858 
3 1801 1858 1742 
3 2354 2371 2284 
3 1976 2099 2059 
3 2194 2180 2099 
3 2180 2194 2284 
3 2327 2425 2373 
3 2231 2327 2278 
3 2137 2231 2187 
3 2137 2094 2037 
3 2037 1992 1936 
3 1825 1936 1887 
3 1766 1712 1825 
3 2524 2425 2470 
3 1712 1646 1600 
3 1530 1484 1600 
3 1530 1417 1484 
3 1417 1358 1309 
3 2512 2580 2470 
3 1242 1197 1309 
3 2985 2994 2981 
3 2994 2995 3000 
3 2999 3002 3000 
3 2981 2915 2954 
3 2889 2915 2823 
3 2788 2823 2714 
3 2688 2714 2585 
3 3002 2996 2997 
3 2989 2986 2997 
3 2967 2946 2986 
3 2901 2868 2946 
3 2765 2868 2808 
3 2706 2643 2765 
3 2556 2585 2476 
3 2643 2580 2512 
3 2476 2371 2447 
3 1197 1134 1086 
3 420 445 494 
3 452 403 420 
3 527 445 482 
3 524 568 482 
3 524 565 616 
3 655 565 613 
3 658 709 613 
3 758 658 715 
3 1086 1134 1025 
3 1025 919 965 
3 863 919 819 
3 819 715 764 
3 463 437 378 
3 335 410 378 
3 369 335 316 
3 324 350 316 
3 324 363 350 
3 414 437 505 
3 403 391 363 
3 1138 1227 1120 
3 868 977 953 
3 789 898 868 
3 813 789 713 
3 953 1061 1032 
3 1032 1138 1120 
3 631 730 713 
3 551 650 631 
3 486 584 551 
3 1304 1227 1329 
3 1304 1409 1385 
3 1409 1489 1385 
3 1489 1594 1556 
3 1556 1661 1614 
3 414 505 486 
3 1734 1685 1614 
3 1685 1801 1742 
3 1976 1918 1858 
3 1858 1807 1742 
3 2371 2261 2284 
3 2099 2180 2059 
3 1976 2059 1918 
3 2261 2180 2284 
3 2327 2367 2425 
3 2276 2327 2231 
3 2183 2231 2137 
3 2137 2037 2091 
3 2037 1936 1989 
3 1936 1825 1886 
3 1825 1712 1769 
3 2425 2367 2470 
3 1712 1600 1653 
3 1484 1539 1600 
3 1484 1417 1365 
3 1417 1309 1365 
3 2414 2512 2470 
3 1197 1247 1309 
3 2994 2951 2981 
3 2994 3000 2988 
3 3002 2998 3000 
3 2915 2981 2891 
3 2823 2915 2783 
3 2714 2823 2685 
3 2585 2714 2570 
3 3002 2997 3001 
3 2997 2986 2993 
3 2986 2946 2976 
3 2946 2868 2907 
3 2868 2765 2809 
3 2765 2643 2696 
3 2476 2585 2465 
3 2643 2512 2565 
3 2476 2465 2371 
3 1136 1197 1086 
3 445 420 375 
3 420 403 357 
3 482 445 402 
3 431 524 482 
3 565 524 477 
3 565 514 613 
3 560 658 613 
3 715 658 615 
3 1086 1025 965 
3 919 863 965 
3 863 819 764 
3 764 715 663 
3 378 437 344 
3 301 335 378 
3 335 282 316 
3 280 324 316 
3 357 363 324 
3 344 437 414 
3 357 403 363 
3 1120 1227 1199 
3 841 868 953 
3 757 789 868 
3 789 679 713 
3 953 1032 925 
3 1032 1120 1011 
3 601 631 713 
3 525 551 631 
3 450 486 551 
3 1227 1304 1199 
3 1304 1385 1271 
3 1385 1489 1458 
3 1489 1556 1458 
3 1556 1614 1458 
3 367 414 486 
3 1614 1685 1550 
3 1625 1685 1742 
3 1858 1918 1807 
3 1742 1807 1697 
3 2261 2371 2349 
3 2180 2152 2059 
3 2059 1983 1918 
3 2180 2261 2152 
3 2327 2276 2367 
3 2276 2231 2183 
3 2183 2137 2091 
3 2037 1989 2091 
3 1989 1936 1886 
3 1825 1769 1886 
3 1769 1712 1653 
3 2367 2414 2470 
3 1600 1539 1653 
3 1484 1429 1539 
3 1429 1484 1365 
3 1309 1247 1365 
3 2512 2414 2448 
3 1197 1136 1247 
3 2981 2951 2891 
3 2951 2994 2988 
3 3000 2998 2988 
3 3002 3001 2998 
3 2915 2891 2783 
3 2823 2783 2685 
3 2714 2685 2570 
3 2465 2585 2570 
3 2997 2993 3001 
3 2993 2986 2976 
3 2946 2907 2976 
3 2868 2809 2907 
3 2765 2696 2809 
3 2696 2643 2565 
3 2512 2448 2565 
3 2371 2465 2349 
3 1136 1086 1029 
3 375 420 357 
3 445 375 402 
3 431 482 402 
3 524 431 477 
3 565 477 514 
3 514 560 613 
3 658 560 615 
3 663 715 615 
3 1029 1086 965 
3 965 863 922 
3 863 764 821 
3 764 663 722 
3 301 378 344 
3 282 335 301 
3 282 280 316 
3 324 280 300 
3 357 324 319 
3 344 414 308 
3 1092 1120 1199 
3 757 868 841 
3 841 953 925 
3 679 789 757 
3 679 601 713 
3 925 1032 1011 
3 1011 1120 1092 
3 525 631 601 
3 450 551 525 
3 367 486 450 
3 1199 1304 1271 
3 1271 1385 1345 
3 1385 1458 1345 
3 1458 1614 1550 
3 414 367 308 
3 1685 1625 1550 
3 1625 1742 1697 
3 1918 1870 1807 
3 1807 1757 1697 
3 2233 2261 2349 
3 2152 2049 2059 
3 1918 1983 1870 
3 2059 2049 1983 
3 2261 2233 2152 
3 2367 2276 2316 
3 2276 2183 2216 
3 2125 2183 2091 
3 1989 2032 2091 
3 1930 1989 1886 
3 1886 1769 1824 
3 1769 1653 1713 
3 2414 2367 2316 
3 1539 1605 1653 
3 1539 1429 1495 
3 1319 1429 1365 
3 1247 1319 1365 
3 2448 2414 2356 
3 1247 1136 1209 
3 2951 2810 2891 
3 2888 2951 2988 
3 2998 2922 2988 
3 2998 3001 2980 
3 2891 2726 2783 
3 2783 2616 2685 
3 2685 2519 2570 
3 2433 2465 2570 
3 3001 2993 2992 
3 2993 2976 2978 
3 2976 2907 2920 
3 2907 2809 2846 
3 2809 2696 2749 
3 2696 2565 2607 
3 2565 2448 2494 
3 2465 2433 2349 
3 1136 1029 1101 
3 375 357 319 
3 402 375 330 
3 340 431 402 
3 477 431 374 
3 514 477 415 
3 560 514 459 
3 560 507 615 
3 559 663 615 
3 1029 965 922 
3 863 821 922 
3 821 764 722 
3 722 663 620 
3 270 301 344 
3 248 282 301 
3 245 280 282 
3 300 280 256 
3 319 324 300 
3 270 344 308 
3 1158 1092 1199 
3 757 841 733 
3 841 925 818 
3 649 679 757 
3 601 679 571 
3 901 925 1011 
3 1011 1092 976 
3 495 525 601 
3 450 525 408 
3 323 367 450 
3 1158 1199 1271 
3 1271 1345 1235 
3 1345 1458 1427 
3 1458 1550 1427 
3 367 266 308 
3 1550 1625 1507 
3 1625 1697 1577 
3 1807 1870 1757 
3 1697 1757 1642 
3 2311 2233 2349 
3 2119 2049 2152 
3 1983 1939 1870 
3 1983 2049 1939 
3 2233 2119 2152 
3 2276 2216 2316 
3 2216 2183 2125 
3 2032 2125 2091 
3 2032 1989 1930 
3 1930 1886 1824 
3 1824 1769 1713 
3 1653 1605 1713 
3 2414 2316 2356 
3 1539 1495 1605 
3 1495 1429 1380 
3 1429 1319 1380 
3 1319 1247 1209 
3 2448 2356 2395 
3 1209 1136 1101 
3 2891 2810 2726 
3 2951 2888 2810 
3 2922 2888 2988 
3 2998 2980 2922 
3 3001 2992 2980 
3 2726 2616 2783 
3 2616 2519 2685 
3 2519 2433 2570 
3 2992 2993 2978 
3 2976 2920 2978 
3 2920 2907 2846 
3 2846 2809 2749 
3 2696 2607 2749 
3 2607 2565 2494 
3 2448 2395 2494 
3 2433 2311 2349 
3 1101 1029 989 
3 330 375 319 
3 340 402 330 
3 374 431 340 
3 477 374 415 
3 514 415 459 
3 507 560 459 
3 507 559 615 
3 663 559 620 
3 1029 922 989 
3 922 821 881 
3 777 821 722 
3 722 620 672 
3 248 301 270 
3 248 245 282 
3 280 245 256 
3 287 300 256 
3 287 319 300 
3 231 270 308 
3 1092 1158 1050 
3 733 841 818 
3 649 757 733 
3 925 901 818 
3 571 679 649 
3 495 601 571 
3 901 1011 976 
3 976 1092 1050 
3 525 495 408 
3 323 450 408 
3 266 367 323 
3 1158 1271 1235 
3 1235 1345 1314 
3 1345 1427 1314 
3 1550 1507 1427 
3 266 231 308 
3 1507 1625 1577 
3 1697 1642 1577 
3 1870 1828 1757 
3 1757 1714 1642 
3 2198 2233 2311 
3 2049 2119 2009 
3 1939 1828 1870 
3 2049 2009 1939 
3 2198 2119 2233 
3 2316 2216 2259 
3 2216 2125 2163 
3 2080 2125 2032 
3 2032 1930 1987 
3 1930 1824 1885 
3 1770 1824 1713 
3 1713 1605 1656 
3 2356 2316 2259 
3 1605 1495 1544 
3 1437 1495 1380 
3 1380 1319 1265 
3 1265 1319 1209 
3 2395 2356 2294 
3 1209 1101 1151 
3 2726 2810 2665 
3 2888 2750 2810 
3 2922 2750 2888 
3 2980 2820 2922 
3 2992 2916 2980 
3 2555 2616 2726 
3 2519 2616 2473 
3 2433 2519 2392 
3 2916 2992 2978 
3 2920 2870 2978 
3 2802 2920 2846 
3 2730 2846 2749 
3 2607 2611 2749 
3 2607 2494 2513 
3 2494 2395 2422 
3 2433 2392 2311 
3 1043 1101 989 
3 287 330 319 
3 340 330 281 
3 374 340 290 
3 415 374 314 
3 415 343 459 
3 396 507 459 
3 559 507 451 
3 559 506 620 
3 922 881 989 
3 821 777 881 
3 777 722 672 
3 620 566 672 
3 205 248 270 
3 245 248 201 
3 245 212 256 
3 242 287 256 
3 205 270 231 
3 1050 1158 1126 
3 714 733 818 
3 624 649 733 
3 818 901 793 
3 540 571 649 
3 453 495 571 
3 901 976 869 
3 976 1050 947 
3 408 495 355 
3 279 323 408 
3 226 266 323 
3 1126 1158 1235 
3 1202 1235 1314 
3 1427 1394 1314 
3 1427 1507 1394 
3 186 231 266 
3 1454 1507 1577 
3 1577 1642 1526 
3 1757 1828 1714 
3 1642 1714 1604 
3 2269 2198 2311 
3 2009 2119 2086 
3 1828 1939 1901 
3 1939 2009 1901 
3 2119 2198 2086 
3 2259 2216 2163 
3 2125 2080 2163 
3 2080 2032 1987 
3 1987 1930 1885 
3 1824 1770 1885 
3 1770 1713 1656 
3 1605 1544 1656 
3 2356 2259 2294 
3 1495 1437 1544 
3 1437 1380 1328 
3 1380 1265 1328 
3 1265 1209 1151 
3 2325 2395 2294 
3 1101 1043 1151 
3 2810 2750 2665 
3 2555 2726 2665 
3 2750 2922 2713 
3 2922 2820 2713 
3 2980 2916 2820 
3 2616 2555 2473 
3 2519 2473 2392 
3 2870 2916 2978 
3 2802 2870 2920 
3 2730 2802 2846 
3 2611 2730 2749 
3 2611 2607 2513 
3 2513 2494 2422 
3 2395 2325 2422 
3 2392 2269 2311 
3 1043 989 943 
3 330 287 281 
3 290 340 281 
3 374 290 314 
3 343 415 314 
3 343 396 459 
3 451 507 396 
3 506 559 451 
3 506 566 620 
3 989 881 943 
3 881 777 834 
3 731 777 672 
3 566 627 672 
3 201 248 205 
3 212 245 201 
3 212 242 256 
3 287 242 281 
3 169 205 231 
3 1050 1126 1009 
3 624 733 714 
3 714 818 793 
3 540 649 624 
3 901 869 793 
3 453 571 540 
3 355 495 453 
3 869 976 947 
3 1050 1009 947 
3 279 408 355 
3 226 323 279 
3 186 266 226 
3 1202 1126 1235 
3 1270 1202 1314 
3 1394 1270 1314 
3 1507 1454 1394 
3 169 231 186 
3 1454 1577 1526 
3 1642 1604 1526 
3 1828 1791 1714 
3 1714 1673 1604 
3 2198 2269 2155 
3 2009 2086 1969 
3 1828 1901 1791 
3 2009 1969 1901 
3 2198 2155 2086 
3 2259 2163 2201 
3 2163 2080 2093 
3 2080 1987 2045 
3 1932 1987 1885 
3 1770 1823 1885 
3 1716 1770 1656 
3 1544 1606 1656 
3 2294 2259 2201 
3 1544 1437 1498 
3 1437 1328 1393 
3 1265 1222 1328 
3 1222 1265 1151 
3 2325 2294 2223 
3 1151 1043 1115 
3 2750 2596 2665 
3 2507 2555 2665 
3 2596 2750 2713 
3 2713 2820 2659 
3 2916 2767 2820 
3 2473 2555 2428 
3 2392 2473 2350 
3 2767 2916 2870 
3 2870 2802 2710 
3 2802 2730 2644 
3 2730 2611 2562 
3 2437 2611 2513 
3 2513 2422 2409 
3 2325 2337 2422 
3 2269 2392 2350 
3 1043 943 1008 
3 290 281 234 
3 314 290 241 
3 343 314 253 
3 396 343 278 
3 451 396 325 
3 389 506 451 
3 506 454 566 
3 881 834 943 
3 777 731 834 
3 627 731 672 
3 627 566 518 
3 162 201 205 
3 173 212 201 
3 190 242 212 
3 281 242 234 
3 162 205 169 
3 1009 1126 1080 
3 600 624 714 
3 684 714 793 
3 540 624 511 
3 869 763 793 
3 453 540 424 
3 321 355 453 
3 862 869 947 
3 1009 862 947 
3 247 279 355 
3 189 226 279 
3 186 226 150 
3 1126 1202 1080 
3 1154 1202 1270 
3 1341 1270 1394 
3 1454 1341 1394 
3 112 169 186 
3 1415 1454 1526 
3 1526 1604 1494 
3 1791 1673 1714 
3 1673 1558 1604 
3 2269 2228 2155 
3 2086 2043 1969 
3 1901 1856 1791 
3 1969 1856 1901 
3 2155 2043 2086 
3 2163 2093 2201 
3 2080 2045 2093 
3 2045 1987 1932 
3 1823 1932 1885 
3 1770 1716 1823 
3 1606 1716 1656 
3 1606 1544 1498 
3 2294 2201 2223 
3 1437 1393 1498 
3 1393 1328 1286 
3 1328 1222 1286 
3 1222 1151 1115 
3 2325 2223 2248 
3 1115 1043 1008 
3 2596 2507 2665 
3 2555 2507 2428 
3 2596 2713 2547 
3 2820 2767 2659 
3 2713 2659 2547 
3 2473 2428 2350 
3 2767 2870 2710 
3 2802 2644 2710 
3 2644 2730 2562 
3 2437 2562 2611 
3 2437 2513 2409 
3 2422 2337 2409 
3 2337 2325 2248 
3 2228 2269 2350 
3 943 902 1008 
3 241 290 234 
3 314 241 253 
3 278 343 253 
3 396 278 325 
3 389 451 325 
3 389 454 506 
3 566 454 518 
3 834 902 943 
3 834 731 799 
3 731 627 696 
3 627 518 588 
3 173 201 162 
3 190 212 173 
3 242 190 234 
3 95 162 169 
3 959 1009 1080 
3 511 624 600 
3 600 714 684 
3 763 684 793 
3 540 511 424 
3 763 869 862 
3 321 453 424 
3 247 355 321 
3 862 1009 959 
3 189 279 247 
3 150 226 189 
3 112 186 150 
3 1202 1154 1080 
3 1154 1270 1230 
3 1270 1341 1230 
3 1454 1415 1341 
3 95 169 112 
3 1415 1526 1494 
3 1604 1558 1494 
3 1791 1743 1673 
3 1558 1673 1631 
3 2155 2228 2115 
3 2043 1928 1969 
3 1791 1856 1743 
3 1928 1856 1969 
3 2155 2115 2043 
3 2201 2093 2116 
3 2093 2045 1998 
3 2045 1932 1998 
3 1932 1823 1879 
3 1823 1716 1762 
3 1716 1606 1648 
3 1540 1606 1498 
3 2201 2116 2223 
3 1393 1434 1498 
3 1393 1286 1347 
3 1222 1175 1286 
3 1175 1222 1115 
3 2248 2223 2144 
3 1115 1008 1067 
3 2507 2596 2458 
3 2507 2379 2428 
3 2458 2596 2547 
3 2767 2587 2659 
3 2547 2659 2495 
3 2428 2300 2350 
3 2587 2767 2710 
3 2710 2644 2536 
3 2644 2562 2485 
3 2562 2437 2485 
3 2437 2409 2318 
3 2337 2282 2409 
3 2337 2248 2282 
3 2300 2228 2350 
3 902 960 1008 
3 241 234 180 
3 241 182 253 
3 197 278 253 
3 278 230 325 
3 268 389 325 
3 454 389 318 
3 454 397 518 
3 902 834 799 
3 799 731 696 
3 696 627 588 
3 518 476 588 
3 108 173 162 
3 145 190 173 
3 234 190 180 
3 108 162 95 
3 959 1080 1039 
3 511 600 496 
3 580 600 684 
3 684 763 662 
3 511 394 424 
3 749 763 862 
3 296 321 424 
3 221 247 321 
3 838 862 959 
3 189 247 166 
3 150 189 100 
3 46 112 150 
3 1080 1154 1039 
3 1154 1230 1121 
3 1230 1341 1307 
3 1341 1415 1307 
3 95 112 40 
3 1379 1415 1494 
3 1558 1449 1494 
3 1673 1743 1631 
3 1558 1631 1519 
3 2228 2192 2115 
3 2043 2004 1928 
3 1856 1814 1743 
3 1814 1856 1928 
3 2043 2115 2004 
3 2116 2093 1998 
3 1998 1932 1879 
3 1879 1823 1762 
3 1716 1648 1762 
3 1648 1606 1540 
3 1434 1540 1498 
3 2223 2116 2144 
3 1434 1393 1347 
3 1286 1233 1347 
3 1175 1233 1286 
3 1175 1115 1067 
3 2248 2144 2173 
3 1008 960 1067 
3 2507 2458 2379 
3 2379 2300 2428 
3 2415 2458 2547 
3 2659 2587 2495 
3 2415 2547 2495 
3 2587 2710 2536 
3 2536 2644 2485 
3 2437 2362 2485 
3 2409 2282 2318 
3 2362 2437 2318 
3 2282 2248 2173 
3 2228 2300 2192 
3 902 859 960 
3 182 241 180 
3 182 197 253 
3 278 197 230 
3 230 268 325 
3 389 268 318 
3 454 318 397 
3 397 476 518 
3 859 902 799 
3 799 696 759 
3 654 696 588 
3 476 552 588 
3 145 173 108 
3 190 145 180 
3 108 95 42 
3 926 959 1039 
3 496 600 580 
3 394 511 496 
3 580 684 662 
3 763 749 662 
3 394 296 424 
3 749 862 838 
3 221 321 296 
3 247 221 166 
3 926 838 959 
3 100 189 166 
3 46 150 100 
3 40 112 46 
3 1039 1154 1121 
3 1121 1230 1196 
3 1230 1307 1196 
3 1415 1379 1307 
3 42 95 40 
3 1449 1379 1494 
3 1449 1558 1519 
3 1743 1707 1631 
3 1631 1599 1519 
3 2192 2075 2115 
3 1928 2004 1894 
3 1743 1814 1707 
3 1814 1928 1894 
3 2115 2075 2004 
3 2035 2116 1998 
3 1922 1998 1879 
3 1879 1762 1811 
3 1648 1700 1762 
3 1648 1540 1590 
3 1540 1434 1479 
3 2116 2035 2144 
3 1434 1347 1479 
3 1233 1299 1347 
3 1233 1175 1131 
3 1175 1067 1131 
3 2144 2067 2173 
3 960 1028 1067 
3 2379 2458 2338 
3 2300 2379 2262 
3 2458 2415 2338 
3 2587 2445 2495 
3 2366 2415 2495 
3 2587 2536 2445 
3 2404 2536 2485 
3 2362 2404 2485 
3 2282 2203 2318 
3 2362 2318 2247 
3 2203 2282 2173 
3 2300 2262 2192 
3 960 859 940 
3 134 182 180 
3 197 182 136 
3 230 197 154 
3 268 230 178 
3 318 268 215 
3 397 318 265 
3 476 397 333 
3 859 799 759 
3 696 654 759 
3 552 654 588 
3 552 476 441 
3 145 108 71 
3 145 134 180 
3 108 42 71 
3 926 1039 1010 
3 473 496 580 
3 366 394 496 
3 574 580 662 
3 749 674 662 
3 274 296 394 
3 727 749 838 
3 204 221 296 
3 221 146 166 
3 838 926 810 
3 63 100 166 
3 46 100 36 
3 40 46 28 
3 1010 1039 1121 
3 1088 1121 1196 
3 1196 1307 1267 
3 1307 1379 1267 
3 27 42 40 
3 1449 1339 1379 
3 1449 1519 1411 
3 1631 1707 1599 
3 1599 1491 1519 
3 2146 2075 2192 
3 2004 1960 1894 
3 1814 1779 1707 
3 1779 1814 1894 
3 2004 2075 1960 
3 1922 2035 1998 
3 1922 1879 1811 
3 1762 1700 1811 
3 1700 1648 1590 
3 1590 1540 1479 
3 2035 2067 2144 
3 1479 1347 1408 
3 1347 1299 1408 
3 1233 1192 1299 
3 1192 1233 1131 
3 1067 1028 1131 
3 2173 2067 2101 
3 1028 960 940 
3 2262 2379 2338 
3 2415 2291 2338 
3 2445 2366 2495 
3 2415 2366 2291 
3 2536 2404 2445 
3 2404 2362 2288 
3 2318 2203 2247 
3 2288 2362 2247 
3 2203 2173 2101 
3 2262 2146 2192 
3 940 859 848 
3 182 134 136 
3 197 136 154 
3 230 154 178 
3 268 178 215 
3 265 318 215 
3 397 265 333 
3 441 476 333 
3 848 859 759 
3 654 743 759 
3 654 552 646 
3 552 441 546 
3 134 145 71 
3 42 34 71 
3 896 926 1010 
3 366 496 473 
3 473 580 574 
3 274 394 366 
3 674 574 662 
3 674 749 727 
3 204 296 274 
3 727 838 810 
3 146 221 204 
3 146 63 166 
3 810 926 896 
3 100 63 36 
3 28 46 36 
3 27 40 28 
3 1088 1010 1121 
3 1155 1088 1196 
3 1155 1196 1267 
3 1379 1339 1267 
3 27 34 42 
3 1339 1449 1411 
3 1519 1491 1411 
3 1707 1668 1599 
3 1599 1561 1491 
3 2075 2146 2029 
3 1960 1846 1894 
3 1779 1668 1707 
3 1846 1779 1894 
3 2075 2029 1960 
3 2035 1922 1959 
3 1849 1922 1811 
3 1700 1737 1811 
3 1700 1590 1629 
3 1590 1479 1517 
3 2067 2035 1959 
3 1517 1479 1408 
3 1299 1337 1408 
3 1299 1192 1228 
3 1122 1192 1131 
3 1122 1131 1028 
3 2101 2067 1997 
3 1028 940 1023 
3 2213 2262 2338 
3 2291 2213 2338 
3 2366 2445 2328 
3 2291 2366 2251 
3 2445 2404 2328 
3 2404 2288 2328 
3 2203 2131 2247 
3 2171 2288 2247 
3 2131 2203 2101 
3 2262 2213 2146 
3 940 848 942 
3 136 134 49 
3 154 136 54 
3 178 154 79 
3 178 129 215 
3 167 265 215 
3 265 216 333 
3 441 333 297 
3 743 848 759 
3 743 654 646 
3 646 552 546 
3 441 432 546 
3 49 134 71 
3 34 49 71 
3 967 896 1010 
3 366 473 352 
3 493 473 574 
3 261 274 366 
3 674 611 574 
3 611 674 727 
3 191 204 274 
3 697 727 810 
3 146 204 127 
3 43 63 146 
3 784 810 896 
3 36 63 29 
3 18 28 36 
3 15 27 28 
3 1088 967 1010 
3 1088 1155 1054 
3 1231 1155 1267 
3 1339 1231 1267 
3 34 27 20 
3 1306 1339 1411 
3 1491 1381 1411 
3 1668 1561 1599 
3 1561 1452 1491 
3 2146 2105 2029 
3 1917 1846 1960 
3 1779 1735 1668 
3 1779 1846 1735 
3 2029 1917 1960 
3 1922 1849 1959 
3 1737 1849 1811 
3 1737 1700 1629 
3 1590 1517 1629 
3 2067 1959 1997 
3 1517 1408 1443 
3 1408 1337 1443 
3 1337 1299 1228 
3 1192 1122 1228 
3 1028 1023 1122 
3 2022 2101 1997 
3 1023 940 942 
3 2213 2291 2178 
3 2366 2328 2251 
3 2178 2291 2251 
3 2328 2288 2206 
3 2131 2171 2247 
3 2288 2171 2206 
3 2022 2131 2101 
3 2213 2105 2146 
3 848 845 942 
3 136 49 54 
3 154 54 79 
3 129 178 79 
3 129 167 215 
3 265 167 216 
3 333 216 297 
3 432 441 297 
3 848 743 845 
3 743 646 750 
3 646 546 657 
3 432 563 546 
3 49 34 30 
3 967 860 896 
3 352 473 493 
3 261 366 352 
3 611 493 574 
3 191 274 261 
3 611 727 697 
3 127 204 191 
3 784 697 810 
3 43 146 127 
3 63 43 29 
3 860 784 896 
3 18 36 29 
3 18 15 28 
3 20 27 15 
3 967 1088 1054 
3 1155 1129 1054 
3 1129 1155 1231 
3 1339 1306 1231 
3 30 34 20 
3 1381 1306 1411 
3 1452 1381 1491 
3 1668 1632 1561 
3 1561 1523 1452 
3 2029 2105 1996 
3 1846 1917 1804 
3 1735 1632 1668 
3 1735 1846 1804 
3 2029 1996 1917 
3 1849 1888 1959 
3 1849 1737 1775 
3 1737 1629 1663 
3 1517 1551 1629 
3 1959 1888 1997 
3 1551 1517 1443 
3 1443 1337 1368 
3 1252 1337 1228 
3 1228 1122 1142 
3 1122 1023 1038 
3 1913 2022 1997 
3 1023 942 1038 
3 2213 2178 2105 
3 2251 2328 2206 
3 2136 2178 2251 
3 2171 2131 2061 
3 2171 2097 2206 
3 2131 2022 2061 
3 942 845 952 
3 54 49 30 
3 54 31 79 
3 37 129 79 
3 167 129 52 
3 216 167 114 
3 216 194 297 
3 315 432 297 
3 845 743 750 
3 750 646 657 
3 546 563 657 
3 563 432 466 
3 860 967 948 
3 352 493 425 
3 277 261 352 
3 611 564 493 
3 191 261 192 
3 564 611 697 
3 127 191 118 
3 659 697 784 
3 41 43 127 
3 43 22 29 
3 784 860 751 
3 12 18 29 
3 18 6 15 
3 7 20 15 
3 948 967 1054 
3 1129 1021 1054 
3 1201 1129 1231 
3 1306 1201 1231 
3 16 30 20 
3 1306 1381 1269 
3 1340 1381 1452 
3 1632 1523 1561 
3 1523 1418 1452 
3 2105 2064 1996 
3 1917 1877 1804 
3 1735 1608 1632 
3 1691 1735 1804 
3 1996 1877 1917 
3 1888 1849 1775 
3 1775 1737 1663 
3 1629 1551 1663 
3 1888 1913 1997 
3 1483 1551 1443 
3 1337 1252 1368 
3 1483 1443 1368 
3 1252 1228 1142 
3 1142 1122 1038 
3 2022 1913 1950 
3 1038 942 952 
3 2178 2064 2105 
3 2136 2251 2206 
3 2136 2064 2178 
3 2097 2171 2061 
3 2097 2136 2206 
3 2061 2022 1950 
3 845 858 952 
3 31 54 30 
3 31 37 79 
3 129 37 52 
3 167 52 114 
3 216 114 194 
3 194 315 297 
3 432 315 466 
3 858 845 750 
3 772 750 657 
3 563 680 657 
3 593 563 466 
3 839 860 948 
3 493 564 425 
3 277 352 425 
3 261 277 192 
3 118 191 192 
3 659 564 697 
3 41 127 118 
3 659 784 751 
3 22 43 41 
3 22 12 29 
3 751 860 839 
3 6 18 12 
3 6 7 15 
3 16 20 7 
3 1021 948 1054 
3 1098 1021 1129 
3 1201 1098 1129 
3 1201 1306 1269 
3 16 31 30 
3 1381 1340 1269 
3 1418 1340 1452 
3 1632 1608 1523 
3 1523 1500 1418 
3 2064 1952 1996 
3 1877 1759 1804 
3 1735 1691 1608 
3 1759 1691 1804 
3 1952 1877 1996 
3 1888 1775 1808 
3 1699 1775 1663 
3 1663 1551 1592 
3 1913 1888 1808 
3 1551 1483 1592 
3 1252 1297 1368 
3 1483 1368 1406 
3 1180 1252 1142 
3 1142 1038 1062 
3 1913 1840 1950 
3 1038 952 1062 
3 2064 2136 2020 
3 2097 2061 1988 
3 2136 2097 2020 
3 2061 1950 1988 
3 952 858 963 
3 37 31 19 
3 52 37 23 
3 114 52 33 
3 194 114 97 
3 315 194 209 
3 466 315 339 
3 772 858 750 
3 680 772 657 
3 680 563 593 
3 593 466 497 
3 920 839 948 
3 564 543 425 
3 406 277 425 
3 277 255 192 
3 118 192 152 
3 543 564 659 
3 41 118 50 
3 640 659 751 
3 22 41 24 
3 22 10 12 
3 732 751 839 
3 2 6 12 
3 6 1 7 
3 16 7 5 
3 1021 920 948 
3 999 1021 1098 
3 1201 1157 1098 
3 1201 1269 1157 
3 31 16 19 
3 1340 1234 1269 
3 1418 1310 1340 
3 1608 1500 1523 
3 1500 1391 1418 
3 2064 2020 1952 
3 1759 1877 1834 
3 1691 1572 1608 
3 1759 1643 1691 
3 1834 1877 1952 
3 1808 1775 1699 
3 1699 1663 1592 
3 1913 1808 1840 
3 1483 1513 1592 
3 1368 1297 1406 
3 1252 1180 1297 
3 1513 1483 1406 
3 1180 1142 1062 
3 1840 1872 1950 
3 1062 952 963 
3 2020 2097 1988 
3 1950 1872 1988 
3 858 887 963 
3 37 19 23 
3 52 23 33 
3 114 33 97 
3 209 194 97 
3 315 209 339 
3 466 339 497 
3 858 772 887 
3 772 680 792 
3 680 593 705 
3 593 497 609 
3 920 822 839 
3 543 406 425 
3 255 277 406 
3 192 255 152 
3 50 118 152 
3 640 543 659 
3 24 41 50 
3 732 640 751 
3 10 22 24 
3 10 2 12 
3 822 732 839 
3 1 6 2 
3 7 1 5 
3 19 16 5 
3 999 920 1021 
3 1053 999 1098 
3 1157 1053 1098 
3 1269 1234 1157 
3 1340 1310 1234 
3 1391 1310 1418 
3 1608 1572 1500 
3 1455 1391 1500 
3 2020 1910 1952 
3 1719 1759 1834 
3 1691 1643 1572 
3 1759 1719 1643 
3 1910 1834 1952 
3 1808 1699 1731 
3 1623 1699 1592 
3 1840 1808 1731 
3 1513 1623 1592 
3 1406 1297 1324 
3 1297 1180 1213 
3 1432 1513 1406 
3 1094 1180 1062 
3 1872 1840 1760 
3 1094 1062 963 
3 1910 2020 1988 
3 1872 1910 1988 
3 887 1001 963 
3 23 19 11 
3 23 21 33 
3 33 86 97 
3 86 209 97 
3 339 209 229 
3 497 339 364 
3 887 772 792 
3 792 680 705 
3 705 593 609 
3 609 497 508 
3 920 904 822 
3 528 406 543 
3 255 406 387 
3 255 244 152 
3 135 50 152 
3 528 543 640 
3 39 24 50 
3 622 640 732 
3 14 10 24 
3 3 2 10 
3 717 732 822 
3 0 1 2 
3 1 4 5 
3 11 19 5 
3 920 999 904 
3 999 1053 936 
3 1125 1053 1157 
3 1234 1125 1157 
3 1310 1203 1234 
3 1391 1275 1310 
3 1572 1455 1500 
3 1455 1346 1391 
3 1802 1719 1834 
3 1643 1531 1572 
3 1719 1612 1643 
3 1910 1802 1834 
3 1731 1699 1623 
3 1840 1731 1760 
3 1513 1542 1623 
3 1324 1297 1213 
3 1432 1406 1324 
3 1180 1094 1213 
3 1542 1513 1432 
3 1872 1760 1802 
3 1001 1094 963 
3 1910 1872 1802 
3 1001 887 906 
3 23 11 21 
3 33 21 25 
3 86 33 25 
3 209 86 229 
3 339 229 364 
3 508 497 364 
3 887 792 906 
3 792 705 811 
3 705 609 724 
3 609 508 629 
3 904 807 822 
3 406 528 387 
3 244 255 387 
3 244 135 152 
3 135 39 50 
3 622 528 640 
3 39 26 24 
3 717 622 732 
3 3 10 14 
3 26 14 24 
3 0 2 3 
3 807 717 822 
3 4 1 0 
3 4 11 5 
3 999 936 904 
3 1053 1013 936 
3 1013 1053 1125 
3 1203 1125 1234 
3 1310 1275 1203 
3 1391 1346 1275 
3 1572 1531 1455 
3 1424 1346 1455 
3 1719 1802 1694 
3 1643 1612 1531 
3 1612 1719 1694 
3 1731 1623 1650 
3 1731 1650 1760 
3 1623 1542 1650 
3 1324 1213 1239 
3 1353 1432 1324 
3 1094 1119 1213 
3 1542 1432 1463 
3 1802 1760 1694 
3 1094 1001 1119 
3 1001 906 1016 
3 21 11 13 
3 21 13 25 
3 117 86 25 
3 86 117 229 
3 229 246 364 
3 392 508 364 
3 906 792 811 
3 811 705 724 
3 609 629 724 
3 629 508 532 
3 936 807 904 
3 528 501 387 
3 360 244 387 
3 135 244 225 
3 39 135 99 
3 501 528 622 
3 26 39 99 
3 606 622 717 
3 17 3 14 
3 17 14 26 
3 0 3 8 
3 704 717 807 
3 9 4 0 
3 11 4 13 
3 1013 895 936 
3 1095 1013 1125 
3 1203 1095 1125 
3 1275 1165 1203 
3 1346 1236 1275 
3 1531 1424 1455 
3 1315 1346 1424 
3 1612 1503 1531 
3 1581 1612 1694 
3 1760 1650 1694 
3 1650 1542 1581 
3 1213 1119 1239 
3 1353 1324 1239 
3 1432 1353 1463 
3 1581 1542 1463 
3 1119 1001 1016 
3 1016 906 917 
3 13 32 25 
3 32 117 25 
3 229 117 246 
3 246 392 364 
3 508 392 532 
3 906 811 917 
3 829 811 724 
3 629 737 724 
3 629 532 644 
3 936 800 807 
3 501 360 387 
3 244 360 225 
3 99 135 225 
3 606 501 622 
3 45 26 99 
3 704 606 717 
3 3 17 8 
3 17 26 45 
3 9 0 8 
3 800 704 807 
3 13 4 9 
3 895 800 936 
3 1013 979 895 
3 979 1013 1095 
3 1165 1095 1203 
3 1236 1165 1275 
3 1346 1315 1236 
3 1531 1503 1424 
3 1397 1315 1424 
3 1581 1503 1612 
3 1650 1581 1694 
3 1239 1119 1149 
3 1353 1239 1281 
3 1353 1397 1463 
3 1503 1581 1463 
3 1119 1016 1149 
3 1016 917 1058 
3 13 9 32 
3 117 32 144 
3 117 144 246 
3 392 246 262 
3 532 392 418 
3 917 811 829 
3 737 829 724 
3 737 629 644 
3 644 532 547 
3 491 360 501 
3 360 336 225 
3 202 99 225 
3 606 491 501 
3 202 45 99 
3 592 606 704 
3 8 17 38 
3 17 45 38 
3 35 9 8 
3 800 685 704 
3 782 800 895 
3 979 866 895 
3 1063 979 1095 
3 1165 1063 1095 
3 1236 1133 1165 
3 1315 1204 1236 
3 1503 1397 1424 
3 1315 1397 1281 
3 1239 1149 1281 
3 1397 1353 1281 
3 1397 1503 1463 
3 1149 1016 1058 
3 1058 917 941 
3 32 9 35 
3 32 35 144 
3 246 144 262 
3 392 262 418 
3 532 418 547 
3 917 829 941 
3 829 737 849 
3 737 644 755 
3 644 547 664 
3 336 360 491 
3 336 202 225 
3 491 606 592 
3 177 45 202 
3 685 592 704 
3 35 8 38 
3 45 177 38 
3 800 782 685 
3 866 782 895 
3 979 956 866 
3 956 979 1063 
3 1165 1133 1063 
3 1204 1133 1236 
3 1315 1281 1204 
3 1281 1149 1204 
3 1149 1058 1204 
3 1041 1058 941 
3 144 35 159 
3 144 159 262 
3 262 283 418 
3 418 438 547 
3 829 849 941 
3 849 737 755 
3 755 644 664 
3 547 570 664 
3 464 336 491 
3 309 202 336 
3 464 491 592 
3 177 202 309 
3 570 592 685 
3 35 38 159 
3 38 177 159 
3 782 664 685 
3 755 782 866 
3 956 849 866 
3 1041 956 1063 
3 1133 1041 1063 
3 1058 1133 1204 
3 1041 1133 1058 
3 1041 941 956 
3 159 283 262 
3 418 283 438 
3 438 570 547 
3 941 849 956 
3 849 755 866 
3 755 664 782 
3 664 570 685 
3 309 336 464 
3 570 464 592 
3 283 177 309 
3 177 283 159 
3 283 309 438 
3 464 570 438 
3 309 464 438 

