# vtk DataFile Version 4.2
vtk output
ASCII
DATASET POLYDATA
POINTS 2977 float
-155.315 -10.7707 128.776 -155.263 21.8751 130.513 -155.206 13.849 140.509 
-155.165 29.809 134.73 -155.164 -13.0092 115.14 -155.137 11.1594 125.116 
-155.019 1.67575 134.355 -155.011 -0.329993 120.019 -154.785 21.732 117.002 
-154.711 10.3668 111.79 -154.541 21.505 104.305 -154.451 32.9946 109.673 
-154.39 -1.62368 106.821 -154.234 32.7863 96.9764 -154.227 32.2255 122.406 
-154.093 9.44847 99.1077 -153.921 20.5877 91.5017 -153.511 32.0085 84.0008 
-153.304 44.4347 102.812 -153.243 -13.9698 101.733 -153.195 -2.91755 93.8584 
-152.878 8.24457 86.2713 -152.839 -24.0056 124.65 -152.805 -7.68977 142.776 
-152.775 44.1991 89.7646 -152.548 19.5546 78.6028 -152.537 27.1875 146.418 
-152.492 43.3767 115.666 -152.481 31.1232 70.9777 -152.151 43.5216 76.5835 
-151.917 3.67934 148.939 -151.906 41.4226 128.02 -151.694 -24.693 110.398 
-151.38 39.1049 139.793 -151.174 42.6111 63.3655 -151.071 -4.16309 81.1152 
-150.898 7.03663 73.4689 -150.755 18.3285 65.7395 -150.605 29.5309 58.0057 
-150.541 -15.1471 88.8817 -150.046 -19.7757 136.97 -149.48 -25.6091 96.9591 
-148.784 15.8238 153.677 -148.624 40.5939 50.3675 -148.496 54.9457 96.077 
-147.932 53.8785 109.229 -147.79 54.6918 82.7885 -147.77 35.2234 148.849 
-147.739 16.5646 53.0721 -147.547 27.4508 45.2122 -147.544 5.57569 60.9291 
-147.503 -5.42946 68.627 -146.909 -16.3429 76.3613 -146.499 53.8485 69.6096 
-146.191 -26.9506 84.1434 -146.167 51.3926 122.035 -145.665 -14.846 146.455 
-145.304 48.7075 134.32 -144.838 38.0741 37.7789 -144.487 26.7521 155.335 
-143.967 -5.90609 153.932 -143.875 52.1498 56.7358 -143.634 -34.0409 105.966 
-143.624 25.2967 32.6642 -143.522 14.8624 40.7735 -143.197 4.07592 48.6757 
-143.184 -31.8284 119.64 -143.115 43.9539 145.689 -142.689 -6.67797 56.5007 
-142.577 -17.5475 64.0299 -142.484 -36.2202 92.6498 -142.452 -28.2872 71.532 
-141.391 35.6122 25.0854 -140.924 -27.9388 132.327 -140.544 5.70242 159.316 
-140.336 49.6703 44.2093 -139.803 -38.04 79.8121 -139.692 36.523 154.745 
-139.646 61.4991 102.736 -139.256 61.8223 89.5426 -139.041 23.2333 20.4852 
-138.892 59.9476 115.998 -138.442 13.2514 28.8439 -138.209 -29.4794 59.0074 
-138.026 61.3725 76.5281 -137.903 2.78647 36.8753 -137.762 -18.6666 51.9031 
-137.718 57.1497 128.869 -137.628 -7.89896 44.5613 -137.031 -21.7907 143.406 
-136.941 33.1423 12.7416 -136.827 17.064 162.446 -136.738 -39.8055 66.8822 
-136.406 47.0975 31.9239 -136.051 60.4168 63.7746 -135.838 52.5927 140.829 
-135.431 27.4664 161.625 -134.731 -58.8574 -343.098 -134.018 -46.8318 -348.539 
-133.897 -13.6978 152.774 -133.723 -70.9708 -338.574 -133.693 -60.6416 -330.346 
-133.667 21.1014 8.71551 -133.541 -48.553 -335.338 -133.331 58.8725 51.24 
-133.184 11.569 17.0537 -133.176 46.2057 151.788 -133.073 -68.7242 -351.008 
-133.06 -30.2388 46.8589 -132.921 -57.1928 -355.583 -132.752 -41.3616 101.382 
-132.564 -19.6611 39.9968 -132.423 1.45931 25.2169 -132.422 44.5659 19.7264 
-132.259 -40.5851 54.2177 -132.218 -9.03895 32.8495 -132.194 -38.0368 114.21 
-131.978 -44.2462 88.5366 -131.856 -36.5688 -340.774 -131.6 -49.583 -322.819 
-131.361 -34.8983 -354.695 -131.291 -72.6202 -325.924 -131.188 -3.49247 160.542 
-130.693 17.5209 165.624 -130.639 -33.9282 126.654 -130.534 -80.3972 -346.815 
-130.491 -38.5077 -327.533 -130.463 -45.8851 -361.873 -130.459 -61.8066 -317.992 
-130.289 30.605 1.60397 -130.205 -46.9618 75.6251 -129.993 57.1624 38.9468 
-129.922 -82.3829 -334.266 -129.919 67.2966 96.2748 -129.741 66.6045 109.615 
-129.522 38 160.83 -129.253 67.3102 83.1798 -128.732 64.1564 122.73 
-128.272 -48.256 -311.346 -127.984 -24.8022 -346.318 -127.918 9.87761 5.25411 
-127.807 41.7993 7.94284 -127.703 66.6815 70.3537 -127.702 -28.1528 138.244 
-127.696 19.194 -2.93606 -127.572 -48.7485 62.4199 -127.391 -26.913 -332.701 
-127.347 -64.9504 -360.726 -127.291 60.3475 135.447 -127.211 -30.6358 35.0755 
-127.13 -73.6593 -313.622 -127.039 -40.5447 41.7322 -126.983 0.137781 13.5965 
-126.854 -20.6641 28.5121 -126.796 -62.1713 -305.881 -126.706 -89.4497 -341.473 
-126.619 -10.2212 21.3513 -126.479 -30.3638 -318.687 -126.44 54.9882 26.7954 
-126.335 -23.4533 -360.165 -125.944 7.60403 166.627 -125.905 -83.8335 -322.11 
-125.526 -77.0086 -357.492 -125.491 66.3582 57.9525 -125.358 54.8633 147.392 
-125.313 -34.6381 -367.3 -125.011 -48.9234 -299.052 -124.896 28.3381 167.31 
-124.671 -50.0165 49.3127 -124.43 -34.0089 -304.917 -124.277 -20.605 148.693 
-123.936 -56.4338 -365.028 -123.864 29.2273 -10.8022 -123.746 38.5263 -3.67038 
-123.053 8.36432 -6.83363 -122.977 52.2878 14.643 -122.861 18.2308 -15.865 
-122.86 -62.3289 -293.801 -122.848 -15.3061 -337.889 -122.722 -13.4298 -351.531 
-122.7 -74.2373 -301.475 -122.537 47.6582 158.008 -122.394 -92.2196 -331.553 
-122.373 -17.5449 -324.321 -122.078 -1.31039 1.76069 -121.909 -88.7936 -352.526 
-121.837 66.2821 46.3822 -121.774 33.207 -14.0013 -121.57 -39.8925 29.2127 
-121.471 -11.9986 -365.405 -121.349 -36.2946 -291.977 -121.312 -49.7213 -286.522 
-121.296 -31.0887 23.5189 -121.252 -11.5665 9.953 -121.241 -47.3495 96.054 
-121.18 -20.3491 -310.686 -121.04 -22.0132 17.4488 -121.017 -11.5359 157.883 
-121 -84.6909 -310.101 -120.793 -43.364 108.371 -120.772 -50.9873 83.3946 
-120.611 -50.178 36.3951 -119.911 72.444 89.8143 -119.878 72.0562 103.162 
-119.814 -23.3362 -372.224 -119.712 49.0674 2.61785 -119.627 6.92156 -19.6128 
-119.561 -54.0451 70.4185 -119.531 -38.8603 120.398 -119.376 16.6005 -29.12 
-119.311 18.6917 170.876 -119.285 72.0863 76.62 -119.281 -45.5613 -369.303 
-119.172 70.3728 116.46 -119.151 64.7405 33.9663 -118.817 -62.4429 -281.434 
-118.72 -23.145 -297.561 -118.684 29.2615 -25.5797 -118.653 38.7499 166.476 
-118.438 71.4267 63.4028 -118.416 -2.83343 -10.4557 -118.262 -57.0194 57.4 
-118.011 67.3167 129.554 -117.985 -74.0166 -289.394 -117.762 -38.0035 -279.02 
-117.591 -93.8841 -319.854 -117.539 -2.30892 -355.994 -117.4 5.062 -32.5703 
-117.398 -50.7529 -273.805 -117.35 -4.12711 -342.628 -117.298 -1.543 165.911 
-117.283 -33.4039 132.103 -117.153 45.3057 -9.1632 -117.12 -96.7272 -342.974 
-117.076 -69.7812 -363.155 -117.029 -6.04862 -329.429 -116.879 -13.0635 -1.83096 
-116.662 13.3979 -42.2844 -116.519 62.671 142.162 -116.45 62.1712 21.4525 
-116.405 -37.8908 15.6924 -116.25 -50.0116 23.5869 -116.23 -59.0866 44.3594 
-116.225 -8.40646 -316.127 -116.194 -24.0139 6.40088 -116.157 -4.37038 -23.3058 
-116.091 25.9036 -38.2629 -115.968 -0.592455 -369.047 -115.827 -25.5192 -284.571 
-115.768 -84.9116 -298.069 -115.227 3.24992 -45.4145 -115.164 -63.3924 -269.3 
-114.827 41.5558 -21.1787 -114.52 56.4987 153.946 -114.464 -5.49306 -36.0889 
-114.439 -26.6348 143.12 -114.421 -11.1214 -302.985 -114.246 -11.9849 -376.388 
-114.209 -39.7155 -266.17 -114.151 -52.0936 -262.032 -114.087 -14.5819 -14.4998 
-113.935 7.56985 -56.2258 -113.907 -34.2611 -373.11 -113.871 28.7135 172.132 
-113.805 59.0572 9.06195 -113.662 -74.1101 -277.167 -113.253 22.0064 -51.368 
-113.24 -60.1101 31.4151 -113.215 -5.76669 -48.5049 -112.988 -81.726 -358.914 
-112.711 -25.2795 -6.0121 -112.449 -27.5795 -271.376 -112.365 37.8916 -33.5731 
-112.337 -56.8901 -367.664 -112.315 9.29237 172.535 -112.294 -37.2526 2.5696 
-112.247 -100.393 -330.835 -112.137 -16.0794 -27.3558 -112.043 -94.2074 -307.746 
-111.802 -49.5488 10.8354 -111.796 3.84057 -69.4737 -111.793 -7.11501 -61.1246 
-111.784 6.1668 -346.627 -111.775 -13.7223 -290.097 -111.642 48.3617 164.052 
-111.633 7.97754 -359.44 -111.362 -40.8604 -255.056 -111.19 55.6029 -3.17866 
-111.181 -18.4076 153.037 -111.116 17.6713 -64.662 -111.051 -64.0701 -257.077 
-110.923 -52.8399 -251.061 -110.712 -84.4658 -285.756 -110.574 5.02601 -334.103 
-110.46 -17.2501 -40.1844 -110.365 -9.33427 -73.8833 -110.102 -53.4924 90.1657 
-110.096 75.345 55.7148 -110.059 -26.5788 -18.8489 -110.041 34.2782 -46.5921 
-110.033 73.0826 41.5992 -109.961 0.296001 -379.21 -109.932 -57.6844 77.6885 
-109.854 -41.2648 -247.274 -109.84 10.6831 -371.938 -109.833 0.936425 -82.2356 
-109.792 2.6311 -321.206 -109.727 77.4746 83.4741 -109.679 -48.8876 102.343 
-109.605 77.1367 96.8462 -109.578 -62.5199 -366.047 -109.555 -60.4722 18.6783 
-109.507 -61.7445 65.0428 -109.48 77.1002 70.0438 -109.432 -74.5063 -264.572 
-109.149 -29.1133 -257.904 -109.042 75.6992 110.117 -108.965 -18.2004 -52.795 
-108.93 -37.5634 -10.4287 -108.882 -15.9832 -277.147 -108.83 -92.7979 -352.37 
-108.78 0.073553 -308.197 -108.763 51.9415 -15.4528 -108.722 -11.8805 -86.6528 
-108.63 -65.4286 52.4035 -108.578 -43.7665 114.111 -108.459 37.701 171.89 
-108.456 13.7522 -77.585 -108.44 -23.0526 -377.14 -108.394 70.8545 28.5365 
-108.291 73.7433 123.473 -108.19 -53.2254 -239.018 -108.122 -1.97862 -95.0304 
-107.955 -49.0728 -2.05406 -107.94 -19.87 -65.557 -107.929 -14.5804 -99.6112 
-107.784 -9.47979 162.204 -107.714 -44.7335 -371.422 -107.585 -27.8068 -31.7456 
-107.363 30.3073 -59.7351 -107.292 -22.0518 -78.3166 -107.138 -64.7896 -244.487 
-107.118 -68.1955 39.6618 -107.008 69.8924 136.505 -106.915 -101.809 -318.481 
-106.866 -4.81444 -107.887 -106.839 -24.6105 -91.134 -106.799 -41.8027 -233.957 
-106.789 -17.1131 -112.732 -106.73 -38.2007 125.608 -106.612 48.4607 -27.9846 
-106.549 -93.9186 -295.145 -106.472 10.4655 -90.3139 -106.464 14.7046 -350.011 
-106.386 -2.73291 -295.408 -106.163 67.879 15.8623 -106.138 -27.2166 -104.305 
-106.03 22.7512 176.775 -106.017 -30.2368 -242.057 -105.976 -83.7077 -273.169 
-105.786 -60.2791 5.99594 -105.762 -17.7496 -263.839 -105.698 11.8201 -384.382 
-105.421 -29.1025 -44.6522 -105.405 64.411 148.9 -105.399 -29.6124 -117.655 
-105.363 -38.1917 -23.4234 -105.25 18.2385 -363.318 -105.187 26.3623 -72.7538 
-105.158 -19.2629 -126.152 -105.031 -53.2453 -226.468 -104.769 -7.56491 -120.84 
-104.679 -69.7118 26.93 -104.641 -72.8102 -362.603 -104.561 7.17139 -102.915 
-104.463 -100.777 -342.286 -104.362 45.0133 -40.9892 -104.314 -32.1214 136.982 
-104.245 -48.7324 -15.0158 -104.049 -41.6614 -221.301 -103.873 -31.6916 -130.936 
-103.799 64.5952 3.3078 -103.779 0.105195 171.114 -103.739 -76.3889 -250.992 
-103.696 21.5434 -376.761 -103.691 -64.8548 -231.96 -103.654 -30.0574 -57.4557 
-103.509 -5.0609 -282.568 -103.445 -32.0569 -70.2246 -103.398 -30.6865 -228.929 
-103.38 -11.5902 -380.973 -103.358 57.3083 160.307 -103.219 -34.3635 -83.0078 
-103.21 -36.9922 -96.0692 -103.13 -21.0092 -139.709 -103.009 -39.6136 -109.301 
-102.988 3.98967 -115.559 -102.894 22.5624 -85.3892 -102.795 -19.1911 -249.727 
-102.68 16.4247 -338.802 -102.197 -59.4863 -6.76282 -102.153 13.0947 -325.685 
-102.09 -52.7556 -213.759 -102.063 -70.6331 14.0262 -102.057 -54.704 -368.599 
-101.927 -33.7017 -375.037 -101.891 -41.8138 -122.563 -101.882 -39.3448 -36.5062 
-101.771 -33.5242 -144.13 -101.77 -83.0511 -260.471 -101.73 41.5053 -54.4154 
-101.569 -41.0764 -208.737 -101.471 -92.8153 -282.184 -101.438 61.015 -9.18343 
-101.373 -24.9697 147.582 -101.259 10.0759 -312.983 -101.253 0.071635 -127.394 
-101.045 -101.538 -305.229 -100.953 -22.638 -153.1 -100.936 -6.98938 -136.505 
-100.826 -30.5865 -216.521 -100.687 18.8512 -97.9004 -100.6 47.7771 169.631 
-100.344 -7.02542 -269.689 -100.304 -35.0891 -157.408 -100.13 -20.0419 -235.953 
-100.118 -64.4233 -219.219 -100.071 -84.4263 -358.156 -100.054 -43.5881 -135.779 
-99.8245 10.9212 177.973 -99.7959 80.1032 49.4275 -99.7291 -105.595 -330.058 
-99.719 -39.9754 -196.115 -99.6766 22.5514 -391.009 -99.6213 7.1367 -300.38 
-99.5621 -64.7455 72.1152 -99.5566 -51.6115 -201.073 -99.4679 -60.0897 84.3897 
-99.4128 81.5197 63.5264 -99.3445 82.1646 77.1915 -99.2864 23.689 -353.671 
-99.2772 -36.8628 -170.54 -99.2242 -24.8013 -166.081 -99.2197 78.3102 35.7616 
-99.2022 57.4217 -21.7291 -99.1987 37.6577 -67.5268 -99.1315 -40.1908 -49.5573 
-99.1017 81.7949 90.5993 -99.1014 -38.4605 -183.375 -99.0815 -76.7522 -237.887 
-99.058 -69.3859 60.0794 -98.9552 -55.1456 96.426 -98.8784 15.3549 -110.402 
-98.8679 -49.9845 -28.5724 -98.7081 -29.9897 -204.218 -98.6125 -58.0415 -19.3148 
-98.5629 -70.1843 1.26963 -98.5102 80.1987 103.776 -98.4613 -45.1121 -149.027 
-98.4188 -9.36795 -149.554 -98.3277 -73.5241 47.9133 -98.203 -0.218578 -385.108 
-98.1746 -26.8134 -178.854 -98.1224 -48.7697 -101.155 -97.9982 35.9636 176.786 
-97.9769 -46.0303 -88.0845 -97.9768 -16.6902 157.246 -97.8994 -49.7359 108.174 
-97.8751 -50.0273 -188.222 -97.8542 -28.6615 -191.53 -97.8481 -43.3676 -75.0535 
-97.8112 -41.1626 -62.3035 -97.7659 78.3248 116.968 -97.6472 27.998 -367.461 
-97.5222 -46.7478 -162.234 -97.52 -8.81858 -256.417 -97.5031 -51.1269 -114.369 
-97.424 75.6501 22.8133 -97.4182 -20.7583 -223.994 -97.3684 -76.8902 35.4001 
-97.3072 11.5812 -122.466 -97.2345 -48.3826 -175.298 -97.1339 54.0568 -34.6381 
-97.1257 -63.0197 -206.459 -96.9771 -91.3086 -269.312 -96.9212 4.64483 -287.876 
-96.8354 -64.4085 -365.235 -96.786 75.6073 130.216 -96.7516 33.486 -80.0936 
-96.4019 -43.9999 119.555 -96.2691 31.632 -381.354 -96.2673 -12.4933 -161.931 
-96.1673 -22.5798 -378.635 -95.8827 -52.8301 -127.662 -95.652 -44.2268 -371.783 
-95.6185 -94.9073 -350.975 -95.6055 -20.526 -212.084 -95.4931 7.2935 -134.082 
-95.4613 71.2012 143.144 -95.3664 -100.382 -291.441 -95.2834 -78.5792 22.5679 
-95.2336 -75.4822 -225.384 -95.2135 72.2395 10.149 -95.1027 -68.6831 -11.3865 
-95.0223 -10.118 -242.766 -94.8636 -15.3367 -174.399 -94.6725 23.252 181.495 
-94.6657 29.5702 -92.575 -94.5964 -61.1526 -193.567 -94.4672 -54.4405 -141.058 
-94.3622 -37.9948 130.784 -94.3605 50.9047 -48.304 -94.325 -19.5474 -199.68 
-94.2747 -8.02268 166.495 -94.2516 -106.653 -316.258 -94.239 -50.5098 -41.7481 
-93.9508 -17.7989 -186.983 -93.8638 65.2127 155.483 -93.8612 -89.1299 -256.949 
-93.6003 22.7183 -329.951 -93.4975 3.0603 -145.794 -93.4067 2.92073 -275.471 
-93.3082 -59.3699 -180.538 -93.1473 -55.861 -154.328 -92.9712 -79.4013 9.52534 
-92.951 -57.5856 -167.481 -92.9386 68.6697 -2.45601 -92.819 19.1118 -317.369 
-92.7663 -10.9929 -229.818 -92.7489 25.8026 -105.016 -92.4171 27.5828 -343.619 
-92.0827 -73.8646 -212.605 -92.0331 32.8433 -395.163 -91.9994 10.5867 -389.624 
-91.9061 -74.7792 -361.543 -91.8435 -50.1881 -54.418 -91.8281 -66.053 -23.4962 
-91.7165 -31.431 141.711 -91.6819 56.7553 166.122 -91.5788 47.3825 -61.8093 
-91.4699 15.8164 -304.955 -91.456 -0.835574 -157.809 -91.2522 22.1736 -117.301 
-91.1848 -102.956 -340.516 -91.107 -87.2419 -244.651 -90.9443 -11.2328 -218.743 
-90.8841 -56.4526 -93.3565 -90.8259 -59.1241 -106.473 -90.7807 -51.393 -67.2967 
-90.7585 65.0484 -15.1021 -90.6161 -98.9277 -278.084 -90.6044 -53.6673 -80.3594 
-90.4377 0.720515 -262.742 -90.2377 -11.4668 -382.234 -90.2155 32.5358 -357.631 
-90.1047 0.975582 175.669 -89.8479 -78.6742 -3.38562 -89.8095 -54.6504 -368.153 
-89.7151 -4.48144 -169.894 -89.6878 -61.004 -119.787 -89.5756 11.2821 182.009 
-89.4949 18.2605 -129.367 -89.488 12.6375 -292.614 -89.4664 -33.3324 -375.152 
-89.4006 -71.6259 -199.55 -89.3203 46.5898 175.172 -89.2913 -10.9947 -207.439 
-89.1621 43.2591 -74.5988 -89.0079 -66.7052 78.7237 -88.9962 36.8899 -371.094 
-88.9599 85.2042 57.0722 -88.8317 -62.3206 -34.8977 -88.7667 61.5701 -27.8724 
-88.753 84.0214 43.3389 -88.6382 85.5003 70.8844 -88.6105 -61.7488 90.7035 
-88.5986 -7.50455 -182.327 -88.5782 -71.5886 67.0328 -88.4421 -23.7955 151.746 
-88.3789 -9.74861 -195.001 -88.3734 -62.8063 -133.26 -88.3 85.3 84.3607 
-88.0422 -0.995239 -249.321 -88.0348 -105.932 -300.875 -88.0054 -85.4348 -232.241 
-87.9277 -76.6231 55.5683 -87.7637 84.0355 97.5067 -87.6891 -56.3668 102.463 
-87.5707 81.7243 30.0397 -87.4601 -69.4584 -186.293 -87.3794 14.0325 -141.293 
-87.2667 40.8055 -384.152 -87.2548 -80.8567 43.5074 -87.0415 -85.9617 -356.348 
-86.9965 -64.3447 -146.66 -86.9938 81.9907 110.409 -86.9823 39.0363 -87.0231 
-86.6593 35.1717 182.12 -86.5861 -67.6876 -173.179 -86.5797 -97.1724 -265.209 
-86.4634 -76.9292 -16.0705 -86.4258 -107.634 -328.146 -86.2957 -50.5853 113.887 
-86.2909 -65.779 -159.959 -86.2291 58.3448 -41.2891 -86.1641 -84.0444 30.9556 
-86.1118 79.6889 123.447 -86.004 -2.22635 -235.927 -85.9775 10.4303 -280.731 
-85.765 78.6811 17.1536 -85.3288 -59.5864 -46.8116 -85.3192 9.80386 -153.276 
-85.1646 35.1049 -99.3684 -84.9737 76.3494 136.601 -84.6912 -83.1899 -219.761 
-84.6557 -15.6556 161.372 -84.638 -86.0728 17.9568 -84.4934 -44.5283 125.033 
-84.445 21.3618 -392.104 -84.2744 -65.2314 -364.504 -84.1537 26.7982 -321.242 
-83.9585 30.9402 -334.127 -83.9198 -2.95173 -222.066 -83.8743 -0.525632 -385.844 
-83.6401 75.1022 4.47752 -83.6243 71.6216 149.542 -83.4619 31.2463 -111.628 
-83.4553 5.68942 -165.321 -83.3388 22.9968 186.26 -83.178 -95.2621 -252.591 
-83.1645 -44.0264 -371.334 -83.1183 -22.4276 -378.585 -82.9413 -73.8561 -28.3559 
-82.9098 -104.515 -287.047 -82.8323 -58.9028 -59.664 -82.769 -2.7588 -212.586 
-82.6946 41.7109 -396.469 -82.4789 -65.4743 -98.8118 -82.4578 -96.4183 -348.954 
-82.4512 -86.598 4.86807 -82.1999 -38.0996 135.885 -82.1801 55.0861 -55.4911 
-82.1757 -62.5865 -85.8687 -82.1739 23.5301 -309.295 -82.1574 -80.8615 -206.726 
-82.0985 35.6947 -347.794 -82.0593 2.08821 -177.618 -81.9698 -67.8079 -112.039 
-81.9461 -60.1058 -72.8949 -81.8377 27.4876 -123.94 -81.8005 64.4008 161.318 
-81.6182 -2.56587 -203.107 -81.4893 71.3094 -8.11756 -81.4449 -0.731315 -190.365 
-80.9259 9.50933 -269.297 -80.8509 -70.1682 -125.605 -80.6406 19.7671 -296.999 
-80.6034 -7.7149 171.135 -80.4037 40.4033 -361.167 -80.043 -109.512 -311.323 
-80.0141 -78.347 -192.898 -79.9611 50.9795 -68.4216 -79.9495 23.4505 -136.128 
-79.9423 -93.292 -240.04 -79.765 55.534 171.936 -79.7009 15.2202 -284.235 
-79.6022 -85.8457 -8.11023 -79.5647 67.4851 -20.764 -79.2902 -31.0699 146.186 
-79.2643 -71.7079 -139.225 -79.2563 10.8259 185.873 -79.1059 6.81814 -255.832 
-79.0136 -76.1397 -360.408 -78.966 44.4961 -373.885 -78.7926 -70.3244 -40.2484 
-78.6852 -76.3073 -179.347 -78.6479 -103.081 -273.955 -78.3346 -73.0324 -152.635 
-78.1605 -74.6625 -166.02 -78.0994 19.3446 -148.308 -78.0831 46.882 -80.9722 
-78.0774 -67.838 84.9558 -77.9685 -72.8487 73.3543 -77.8929 -104.616 -338.733 
-77.6949 63.9273 -33.6 -77.6732 87.5935 50.8221 -77.6644 88.0935 64.5457 
-77.4979 45.1531 180.942 -77.4225 -62.5738 96.6809 -77.4065 5.18347 -242.243 
-77.3088 -54.8853 -367.57 -77.2748 87.8635 78.1375 -77.0403 86.0272 37.3238 
-77.0122 10.3735 -389.104 -76.709 -77.7958 62.2609 -76.7089 87.0477 91.3556 
-76.6856 -91.2667 -227.463 -76.5988 -11.5486 -381.983 -76.5842 -33.3012 -374.689 
-76.2612 42.9059 -93.38 -76.2593 -57.0176 108.227 -76.2214 15.0735 -160.434 
-76.1941 48.0148 -385.992 -76.1427 32.26 -396.193 -76.0388 85.0919 104.072 
-76.0303 -83.8301 -21.0402 -75.8693 4.16813 -228.459 -75.8106 -82.6471 50.9063 
-75.7988 83.6826 24.135 -75.6749 -23.4411 155.92 -75.3081 -67.3771 -52.3544 
-75.2512 -86.5607 38.7085 -75.222 82.7011 116.582 -75.2045 27.9481 -312.196 
-74.9154 33.7322 187.914 -74.9024 -101.394 -261.18 -74.6798 11.094 -172.693 
-74.6492 -51.1837 119.553 -74.632 39.0641 -105.723 -74.543 33.0602 -325.02 
-74.5365 0.206646 181.784 -74.3896 -89.8908 26.0578 -74.352 -108.63 -295.82 
-74.2123 79.9116 129.503 -74.211 3.78762 -213.888 -74.0692 -87.3069 -355.033 
-73.7363 80.0013 11.5086 -73.65 -88.5808 -214.822 -73.6488 7.68684 -185.453 
-73.4244 5.17006 -198.797 -73.4142 -110.302 -327.01 -73.3125 37.735 -338.095 
-73.2486 -66.6602 -65.3839 -73.1605 -73.1749 -104.337 -73.0804 -70.4476 -91.3274 
-73.0777 -92.0578 13.1154 -73.0042 35.1274 -118.059 -72.9883 76.1803 142.666 
-72.8219 -67.936 -78.414 -72.7313 -45.1412 130.443 -72.5153 -75.7139 -117.74 
-72.0637 60.6616 -48.456 -71.7601 76.1316 -0.909497 -71.7123 -80.5191 -33.7536 
-71.6891 -16.0476 166.089 -71.667 -65.8737 -363.761 -71.6333 21.4447 191.55 
-71.5099 42.4431 -351.171 -71.4745 -99.7483 -248.368 -71.4548 70.4017 155.229 
-71.3727 31.2178 -130.428 -71.1868 -85.7649 -200.745 -71.0428 -92.7373 0.060145 
-70.5299 -78.0688 -131.853 -70.4915 -44.1961 -370.712 -70.2404 -38.6668 140.862 
-69.9526 72.0014 -13.2949 -69.939 -22.5345 -378.099 -69.9359 -107.229 -282.74 
-69.8805 -0.620303 -385.264 -69.706 27.3035 -142.784 -69.666 21.4561 -392.383 
-69.6411 63.0644 167.122 -69.5948 46.291 -363.86 -69.5164 45.4171 -396.035 
-69.4616 -83.2231 -186.129 -69.3492 56.7285 -61.7726 -69.268 -97.6696 -347.572 
-69.2678 -112.045 -315.685 -69.2094 -79.2647 -145.523 -68.7365 17.1315 -276.266 
-68.6994 -81.6407 -172.565 -68.5464 -80.0575 -159.033 -68.4655 22.0056 -289.644 
-68.4293 13.3493 -262.686 -68.3431 68.1858 -25.9227 -68.154 -97.8221 -235.726 
-68.1204 -91.5868 -13.1048 -68.0704 52.9462 -74.4515 -67.9469 23.2363 -155.106 
-67.6338 53.8253 177.658 -67.5716 -76.4864 -45.7814 -67.3711 11.031 -249.03 
-67.3446 -9.06514 176.694 -67.3144 9.05086 190.821 -67.2572 49.8549 -375.746 
-67.1464 -73.2814 79.2199 -67.1263 -31.5757 150.591 -66.9019 -68.1118 90.7374 
-66.8749 64.4729 -38.6418 -66.7335 27.5332 -303.069 -66.6201 49.1355 -86.9939 
-66.3242 9.8522 -235.253 -66.2998 19.1674 -167.389 -66.2643 -78.2283 68.0159 
-66.2617 -76.9203 -359.337 -66.2216 89.0552 58.2495 -66.0526 -105.878 -269.968 
-66.0087 88.2172 44.6474 -66.0016 -62.7379 102.334 -65.9863 89.0805 71.8552 
-65.5103 88.5492 85.239 -65.377 9.29721 -221.422 -65.3443 43.1327 186.409 
-65.3384 86.1897 31.2543 -65.2103 -112.03 -304.19 -65.0768 -95.5759 -223.085 
-65.0719 15.3021 -180.107 -65.035 45.1989 -99.4262 -64.8606 87.0133 98.0034 
-64.6964 -57.2794 113.87 -64.6922 33.2798 -316.257 -64.6375 -105.864 -337.316 
-64.6335 -55.25 -366.874 -64.5648 -73.5495 -58.0899 -64.5411 12.2785 -193.427 
-64.5392 9.96451 -207.303 -64.1371 83.1548 18.2953 -64.1172 84.7117 109.896 
-64.0946 -88.9809 -26.3147 -63.6647 -33.484 -374.002 -63.5416 41.4853 -111.959 
-63.5187 -79.7355 -109.924 -63.4531 -24.2622 160.359 -63.4171 38.4929 -328.895 
-63.412 -77.184 -96.9173 -63.36 -81.4724 -123.113 -63.3326 -87.5607 45.796 
-63.2892 -83.3156 57.8008 -63.2665 82.0608 122.199 -63.2014 -72.9425 -71.0093 
-63.1912 -74.7686 -84.0061 -63.188 -11.6572 -381.378 -63.1255 -91.5906 33.5629 
-63.0761 -51.871 125.011 -62.9951 51.5242 -385.994 -62.942 10.3989 -388.349 
-62.5447 31.3571 192.728 -62.4653 -104.423 -257.173 -62.3017 33.3539 -395.48 
-62.2909 -94.797 20.9626 -62.1715 -92.5438 -210.051 -62.1499 78.8564 135.137 
-62.0754 37.6192 -124.468 -61.99 43.1135 -341.559 -61.8857 -2.00129 186.943 
-61.6877 79.3907 6.29079 -61.1644 -88.0084 -353.834 -61.0436 -96.7871 8.19387 
-60.9659 -45.8817 135.721 -60.9308 -110.899 -291.634 -60.7769 74.3198 148.06 
-60.6201 33.8251 -136.968 -60.2536 -111.776 -325.728 -60 47.3052 -354.323 
-59.6884 -89.1439 -193.32 -59.6739 75.3446 -5.66201 -59.5953 -17.9157 171.242 
-59.3295 -97.1565 -4.73678 -59.1937 -85.277 -39.335 -59.1373 -103.111 -244.313 
-59.1106 68.3198 160.6 -59.037 18.621 195.36 -59.0048 -66.2868 -362.809 
-58.9479 29.7551 -149.355 -58.8022 -84.3137 -138.765 -58.4978 -87.0368 -179.344 
-58.4161 -39.6278 145.383 -58.2911 71.4355 -18.0987 -58.1092 -84.5785 -152.287 
-58.0427 -85.5015 -165.842 -57.6717 -44.5139 -369.963 -57.6342 51.0767 -366.523 
-57.5175 60.7329 -55.0782 -57.3068 67.6233 -30.6295 -57.2848 60.8143 172.323 
-57.2818 64.1933 -42.8855 -57.2048 25.8584 -161.662 -57.1732 -78.2274 72.6477 
-57.1523 57.3803 -67.6252 -57.1222 -95.201 -17.7443 -57.0708 -84.5487 -126.745 
-56.9513 -109.739 -278.846 -56.8407 -22.7419 -377.309 -56.5679 18.3987 -269.174 
-56.3847 -0.722871 -384.444 -56.2664 22.5586 -282.37 -56.1996 53.7445 -80.2315 
-56.1992 -73.1255 84.7532 -56.1964 -98.345 -346.03 -56.169 15.3031 -255.702 
-56.0926 -101.502 -231.541 -56.091 -114.458 -313.571 -56.0275 21.518 -391.557 
-56.0169 -81.0082 -51.134 -55.7691 45.7484 -394.223 -55.7333 21.9271 -174.235 
-55.5908 13.7004 -242.025 -55.5391 -11.9096 182.334 -55.4784 -67.9525 96.3638 
-55.3596 -32.8831 154.919 -55.2315 27.4322 -295.349 -55.2302 51.377 182.633 
-55.1129 13.1264 -228.296 -54.9534 50.2451 -92.9583 -54.8928 18.4006 -187.411 
-54.8903 6.10148 194.579 -54.8679 52.9458 -375.57 -54.6525 13.5225 -214.541 
-54.6289 88.4536 51.9957 -54.5893 88.4901 65.5755 -54.4505 15.387 -200.814 
-54.4423 87.2 38.4777 -54.3399 -62.7751 108.024 -54.2273 -84.7287 -115.29 
-54.2136 87.9912 79.0576 -54.0701 84.6561 25.0731 -53.9393 32.7685 -307.978 
-53.7719 -78.5053 -63.7099 -53.632 -83.1087 -102.53 -53.6234 86.8415 92.0458 
-53.6226 46.5926 -105.593 -53.5871 -77.3043 -358.173 -53.2393 -80.7426 -89.7311 
-53.2332 -108.506 -265.952 -53.2092 -98.9973 -218.887 -53.0535 -78.7474 -76.8055 
-52.9347 -57.6296 119.598 -52.9309 37.7161 -320.295 -52.9233 85.012 103.886 
-52.7802 81.2926 12.4449 -52.7492 40.3535 190.764 -52.3119 42.7936 -118.241 
-52.1988 82.8713 114.782 -51.9692 42.5434 -332.451 -51.9636 -26.6181 165.682 
-51.8936 -114.176 -300.849 -51.8775 -55.5933 -365.971 -51.2553 79.8421 127.275 
-51.1997 -107.29 -335.262 -51.1963 -52.2492 130.741 -51.0998 39.157 -130.973 
-50.8217 -91.9003 40.1313 -50.7215 -96.1506 -206.063 -50.7174 -33.7786 -373.237 
-50.4746 -95.6351 27.9268 -50.34 -87.6002 52.2327 -50.315 47.0118 -344.847 
-50.1502 -5.43307 192.314 -50.0153 -11.8854 -380.524 -49.989 76.0394 140.113 
-49.9044 -98.1863 15.8568 -49.8594 -107.367 -253.03 -49.8268 -92.6318 -32.3879 
-49.7783 -94.6818 -199.318 -49.7065 34.9579 -143.506 -49.588 28.0005 195.846 
-49.5412 10.1779 -387.606 -49.4814 53.0824 -385.175 -49.1396 33.2029 -394.219 
-49.1054 -99.4265 3.6065 -49.0126 -46.4032 141.152 -48.8531 -82.924 64.8706 
-48.6776 -21.4858 177.456 -48.4929 -88.0959 -352.85 -48.4664 77.6145 2.20683 
-48.4303 71.4025 152.999 -48.2644 -92.1783 -185.956 -48.0861 -99.1464 -9.19792 
-47.9086 -96.7587 -21.4695 -47.7496 -113.239 -287.821 -47.6773 31.1211 -155.658 
-47.5254 51.2064 -357.911 -47.3922 -90.2274 -172.67 -47.2834 73.8248 -10.268 
-46.9994 -88.4944 -145.792 -46.9163 -88.9158 -159.305 -46.8276 -106.246 -240.148 
-46.8207 -88.4435 -132.71 -46.8188 -41.2182 149.821 -46.8169 -113.411 -323.548 
-46.7406 -88.379 -44.625 -46.6718 65.17 165.242 -46.4539 70.0434 -22.9149 
-46.4232 -77.7783 77.7751 -46.2249 -66.635 -361.787 -45.9545 15.1338 197.776 
-45.9225 66.5897 -35.4788 -45.6882 60.3426 -60.5948 -45.6338 63.338 -48.0434 
-45.5613 27.5032 -167.721 -45.3687 -16.8543 189.475 -45.253 57.2317 -73.3102 
-45.2238 -88.4472 -120.488 -45.0065 -72.6839 90.0455 -44.7993 -44.8528 -369.183 
-44.7437 57.4541 176.684 -44.5693 23.6946 -180.646 -44.3482 53.7259 -86.1603 
-44.3266 -84.3101 -56.7909 -44.2608 18.8645 -261.883 -44.1152 16.2622 -248.5 
-44.0773 22.4736 -275.061 -44.0625 -104.701 -227.262 -44.0286 15.2774 -234.924 
-43.9722 19.9927 -193.978 -43.9253 15.5048 -221.268 -43.8925 -35.0685 159.787 
-43.8873 -112.234 -274.679 -43.8594 82.0225 18.4153 -43.8552 -67.7267 101.953 
-43.8505 -87.9872 -108.153 -43.8278 -22.9943 -376.447 -43.8184 17.0923 -207.573 
-43.4297 26.9612 -287.827 -43.3676 86.4224 59.2339 -43.314 50.4381 -99.0739 
-43.2878 84.6604 32.2225 -43.2795 86.216 45.7318 -43.1683 -1.07544 -383.731 
-43.1197 -85.9423 -95.4936 -43.05 85.9013 72.7388 -42.8888 -82.6697 -69.7116 
-42.8338 -116.18 -310.869 -42.7086 21.0024 -390.851 -42.704 54.2713 -372.99 
-42.7011 -83.6999 -82.7171 -42.6146 44.9472 -393.178 -42.5988 -99.7993 -343.604 
-42.5588 -62.8181 113.709 -42.5111 47.9073 186.539 -42.4682 31.9138 -300.061 
-42.4587 84.9486 86.1929 -42.4195 2.38674 198.714 -42.2043 46.8493 -111.835 
-41.9758 36.472 -311.949 -41.7687 83.2135 99.3168 -41.7391 40.787 -323.68 
-41.4849 -102.408 -214.697 -41.319 81.9364 106.717 -41.1541 42.9918 -124.61 
-41.1061 -30.074 171.653 -40.9954 -57.894 125.487 -40.7806 -77.7423 -357.313 
-40.4569 -111.223 -261.676 -40.4305 45.3211 -335.679 -40.3938 79.475 118.841 
-40.2075 38.9718 -137.448 -39.7188 36.7037 193.734 -39.6025 -100.046 -203.286 
-39.1235 76.3167 131.841 -39.1121 -10.1925 199.023 -39.0294 -52.2457 137.022 
-38.9787 -55.9425 -365.097 -38.963 34.7969 -150.129 -38.9409 -26.7437 184.648 
-38.5703 -116.266 -297.185 -38.2091 -97.6561 -192.169 -38.1684 -95.7685 32.6773 
-38.0169 -91.4959 45.6761 -37.9936 49.6202 -348.089 -37.9878 -97.7674 22.7909 
-37.8073 -99.7664 12.9046 -37.7518 -34.1175 -372.466 -37.6573 72.4748 144.724 
-37.5127 -110.36 -248.741 -37.4296 -108.708 -332.261 -37.4229 -100.546 -0.742692 
-37.2458 -86.923 57.9499 -37.0781 -95.3686 -179.4 -37.064 -99.6339 -13.6227 
-36.9447 -97.1297 -25.8556 -36.9201 -12.2242 -379.672 -36.4108 24.2483 198 
-36.3231 9.62932 -386.994 -36.2104 52.3181 -385.759 -36.209 -93.4318 -166.188 
-36.1392 -82.021 70.4081 -35.9867 -93.5911 -37.8212 -35.9811 67.695 157.542 
-35.9432 31.9273 -393.338 -35.8819 -87.9717 -352.123 -35.7969 -22.7036 197.444 
-35.7071 -92.4365 -152.851 -35.4539 -92.2317 -139.564 -35.2847 -43.191 153.051 
-34.8921 -92.0789 -126.581 -34.8773 71.8321 -15.0533 -34.8297 75.3854 -1.84678 
-34.7726 -77.0764 82.9357 -34.6693 -109.325 -235.702 -34.5525 68.484 -27.9125 
-34.4721 -115.587 -283.451 -34.2566 53.168 -361.11 -34.2091 65.3822 -40.7085 
-34.1475 61.3844 169.447 -34.1371 -89.2467 -49.9645 -34.0519 62.2435 -53.4075 
-33.9385 59.347 -66.1885 -33.7892 -91.6742 -113.993 -33.6861 78.8617 11.9199 
-33.5033 56.2605 -79.1615 -33.4769 -114.498 -321.281 -33.4565 -72.0824 95.2795 
-33.2535 -67.1546 -360.978 -33.1858 27.7105 -173.197 -33.0304 23.7604 -186.61 
-33.0237 11.2789 200.373 -32.8888 -90.4917 -101.326 -32.8573 20.1745 -200.159 
-32.7907 17.7096 -213.867 -32.7738 -86.7151 -62.7297 -32.7153 16.5208 -227.557 
-32.692 52.7418 -92.1729 -32.6446 16.7792 -241.334 -32.58 -37.8199 165.175 
-32.5718 32.1949 -159.401 -32.5356 81.5123 25.8484 -32.5058 18.9631 -254.778 
-32.39 82.825 39.4102 -32.3122 83.3155 52.8693 -32.2845 -88.2879 -88.6336 
-32.1757 -86.5506 -75.8137 -32.1111 53.7723 180.591 -32.0949 22.2219 -267.887 
-32.0664 -67.4316 107.434 -32.0142 82.9605 66.4007 -31.9371 -107.96 -222.702 
-31.8964 38.8707 -314.751 -31.8378 -45.2337 -368.469 -31.7791 -95.8824 -346.306 
-31.6457 49.4102 -105.073 -31.4898 82.1698 79.9568 -31.3917 26.3909 -280.465 
-30.9806 -114.832 -270.205 -30.923 -47.3962 148.482 -30.8589 -34.7046 177.918 
-30.8327 43.0937 -326.577 -30.764 -23.3501 -375.66 -30.7033 45.5982 -117.865 
-30.6774 80.6024 94.4731 -30.6259 -62.9578 119.521 -30.21 30.9931 -292.477 
-30.045 41.4138 -130.825 -30.0179 -1.54714 -383.016 -29.8896 -1.67945 202.365 
-29.8762 -105.882 -210.264 -29.6688 -32.8916 191.601 -29.6673 37.2681 -144.041 
-29.6321 78.225 109.731 -29.5961 -118.155 -308.162 -29.5953 44.3589 189.729 
-29.4866 20.259 -390.083 -29.3377 42.3756 -392.781 -29.1789 54.4377 -374.567 
-28.8669 -57.8567 131.544 -28.4653 47.4317 -338.59 -28.4221 75.4632 123.23 
-28.3075 -103.402 -198.335 -28.0532 -113.975 -257.307 -27.9023 -78.1862 -356.552 
-27.8686 -103.25 -339.164 -27.6504 35.8421 -304.433 -27.1145 -14.8075 203.773 
-27.0063 72.2666 136.313 -26.9673 -100.703 -185.968 -26.5925 33.0755 196.311 
-26.5614 -51.6015 143.912 -26.0351 -98.0773 22.7505 -25.9997 -94.3461 37.3928 
-25.9365 -56.3637 -364.3 -25.8653 -98.3932 -172.914 -25.7164 -100.47 7.78972 
-25.6458 -89.9488 50.7053 -25.4487 -100.555 -5.94452 -25.3923 -113.123 -244.299 
-25.3775 68.5425 149.173 -25.2577 51.2355 -350.896 -25.0768 -98.8744 -18.8069 
-25.03 -96.7264 -159.667 -24.851 -85.4524 63.1369 -24.7959 -118.478 -291.682 
-24.7001 -34.5299 -371.827 -24.5278 -96.1338 -31.0175 -24.419 -95.867 -146.39 
-24.0209 -109.894 -329.999 -23.8845 -95.5779 -133.222 -23.8642 -80.8081 75.5965 
-23.8087 -27.7553 202.012 -23.7661 -12.607 -378.844 -23.5961 63.5919 161.519 
-23.5181 -44.733 157.877 -23.3651 20.4136 200.129 -23.2715 -92.697 -43.404 
-23.1756 -94.9259 -120.22 -23.133 -87.9516 -351.468 -23.1214 9.06134 -386.271 
-22.8788 69.5828 -20.3039 -22.795 51.1825 -387.209 -22.7839 66.5988 -33.2631 
-22.747 -76.0618 88.1441 -22.7321 30.8516 -392.293 -22.7043 72.7019 -7.12645 
-22.5998 63.5822 -46.1329 -22.5953 60.5736 -58.9482 -22.5107 57.4784 -71.8603 
-22.331 75.7253 6.13911 -22.3288 -93.8501 -107.417 -22.1908 -89.9722 -56.0224 
-22.0196 53.9375 -84.8758 -21.9968 -112.35 -230.736 -21.8036 78.3486 19.5168 
-21.7034 22.7242 -192.598 -21.679 -92.1735 -94.64 -21.6611 40.9295 -317.266 
-21.6084 19.7047 -206.262 -21.5948 57.6974 173.33 -21.5946 26.3488 -178.946 
-21.588 18.0007 -220.124 -21.5632 79.6194 33.0439 -21.5171 79.8874 46.4245 
-21.5064 -41.3709 170.823 -21.4775 -89.0168 -69.0192 -21.4698 -71.4874 100.576 
-21.4106 17.8341 -233.975 -21.3267 -118.001 -278.504 -21.2862 -90.0307 -81.9161 
-21.1886 79.8205 59.857 -21.1846 19.0836 -247.517 -21.0767 54.0832 -363.442 
-21.0583 50.2907 -97.9772 -20.8772 30.3387 -165.024 -20.6485 21.8764 -260.679 
-20.6458 -40.4623 183.655 -20.6166 79.2628 73.3798 -20.4435 -115.939 -319.666 
-20.2806 -67.5892 -360.218 -20.2616 7.34248 202.658 -20.103 46.4157 -110.792 
-20.0399 -67.1963 113.031 -19.8912 78.0825 87.3375 -19.7957 34.3622 -150.908 
-19.7644 25.9301 -273.302 -19.5598 -38.8346 197.241 -19.5237 -110.625 -217.675 
-19.5 42.4622 -123.901 -19.3335 38.3612 -137.21 -19.254 50.3418 184.066 
-19.0055 45.1455 -329.232 -18.968 76.1736 101.17 -18.7999 -96.5843 -345.464 
-18.7314 -45.6272 -367.776 -18.4413 -62.3936 125.218 -18.4272 -117.352 -265.762 
-18.2204 30.3408 -285.129 -17.9566 -108.362 -205.102 -17.7795 74.0046 114.623 
-17.6 -23.7508 -375.019 -17.2876 -119.353 -308.764 -17.2691 -5.78857 205.17 
-16.8002 -1.97902 -382.255 -16.6239 -105.433 -192.579 -16.5625 41.1497 193.11 
-16.4062 -56.5392 137.382 -16.3923 71.4632 127.772 -16.2847 19.6826 -389.201 
-16.1242 41.398 -392.792 -16.0843 -116.444 -252.946 -15.9169 49.1139 -341.255 
-15.8654 55.5322 -376.247 -15.7517 34.4586 -296.003 -15.358 -102.5 -179.681 
-14.9854 -78.5135 -355.82 -14.8137 68.3684 140.632 -14.7387 -104.35 -337.638 
-14.5117 -120.23 -298.681 -14.3825 -100.505 -166.482 -14.301 -19.1138 205.911 
-14.1964 -95.4965 29.0387 -14.0572 -98.1999 15.1791 -13.9802 -91.9347 42.6047 
-13.8569 -49.8178 149.91 -13.8372 -99.2305 1.60442 -13.5834 -99.191 -153.189 
-13.5622 29.4761 199.08 -13.4866 -98.5662 -11.5803 -13.4316 -87.8901 55.6769 
-13.0352 64.5689 153.169 -12.8676 -56.7678 -363.527 -12.863 -96.622 -24.1419 
-12.8224 -98.1202 -139.975 -12.5609 -83.6466 68.1838 -12.5366 38.7563 -307.875 
-12.439 -115.646 -239.201 -12.2177 52.423 -353.353 -12.1675 -97.4189 -126.805 
-12.0072 -93.9804 -36.5992 -11.6145 -79.337 80.7771 -11.571 -45.4214 163.129 
-11.5057 -34.9386 -371.208 -11.4495 -96.2197 -113.843 -11.4073 57.7841 -64.4698 
-11.4061 -120.445 -286.696 -11.3178 54.205 -77.3885 -11.2459 -32.2319 205.193 
-11.2427 61.0337 -51.6165 -11.2075 64.0793 -38.7713 -11.2039 66.9467 -25.8388 
-11.1701 69.6692 -12.8335 -11.147 -91.5226 -49.2941 -11.035 59.9 165.291 
-10.9394 -111.019 -328.207 -10.9302 72.673 0.227954 -10.7626 -94.6857 -100.968 
-10.732 75.248 13.3023 -10.6942 77.2126 39.6718 -10.6842 76.891 26.515 
-10.5599 16.6003 202.317 -10.5172 -12.9794 -378.112 -10.5016 50.3647 -90.5336 
-10.4883 -74.9262 93.3437 -10.4766 -90.3786 -62.22 -10.4212 21.4371 -198.698 
-10.4174 76.9465 52.8779 -10.3877 24.5292 -184.981 -10.3795 19.2817 -212.582 
-10.283 -92.7876 -88.1339 -10.2789 18.5732 -226.537 -10.1988 -88.4464 -351.036 
-10.1757 -45.1077 176.52 -10.1505 -90.8551 -75.247 -9.9644 19.4633 -240.174 
-9.92233 27.9923 -171.121 -9.87067 8.64354 -385.497 -9.85121 76.5499 66.2112 
-9.68593 51.5378 -388.149 -9.55876 30.3876 -391.594 -9.49935 42.9969 -319.923 
-9.46729 46.2238 -103.757 -9.42589 21.7608 -253.452 -9.24784 31.4994 -157.362 
-9.18953 -70.6218 105.931 -9.16899 -45.1157 189.163 -9.12247 75.7453 79.6277 
-8.85159 42.2978 -116.892 -8.79054 54.1788 176.845 -8.75199 34.893 -143.685 
-8.61861 38.5072 -130.189 -8.52609 -119.937 -274.204 -8.40022 25.243 -266.612 
-8.34756 -43.9026 199.833 -8.2298 -114.042 -225.068 -8.21242 74.3885 93.0945 
-7.79709 54.7234 -365.28 -7.74265 -66.1553 118.371 -7.5421 -116.715 -318.038 
-7.50758 3.34994 204.411 -7.23254 -68.0081 -359.534 -7.07023 72.6256 106.346 
-7.06688 28.3024 -275.282 -6.90024 -111.685 -212.224 -6.43857 46.908 -331.956 
-6.3059 47.3392 187.687 -6.23682 -119.109 -261.481 -6.03261 -60.6943 130.589 
-5.79199 -97.5915 -344.619 -5.73354 31.3618 -283.953 -5.72989 70.6 119.318 
-5.6823 -108.89 -199.426 -5.5152 -46.0544 -367.014 -4.53319 -105.455 -186.642 
-4.43064 -9.86455 205.823 -4.42773 -120.242 -307.039 -4.41284 -117.997 -248.478 
-4.31612 -24.1651 -374.374 -4.21126 68.1279 132.183 -3.79803 -54.0779 142.708 
-3.60301 38.0281 196.613 -3.5297 -115.963 -235.521 -3.50858 -2.33955 -381.499 
-3.47707 -102.788 -173.511 -3.04894 41.0901 -392.461 -3.03629 19.2794 -388.466 
-3.02447 50.3999 -343.9 -2.82281 36.1692 -298.061 -2.66842 -101.324 -160.164 
-2.62535 55.2161 -377.184 -2.56183 -95.8546 21.5756 -2.51283 -93.3103 34.9302 
-2.43946 64.992 144.866 -2.32751 -97.1914 8.36716 -2.06586 -89.8886 48.1256 
-1.99486 -78.9199 -355.358 -1.93504 -97.0975 -4.66087 -1.84479 -100.157 -146.868 
-1.76214 -105.271 -335.99 -1.43211 -48.6626 155.699 -1.38085 -121.514 -295.223 
-1.31021 -23.2199 205.426 -1.28516 -86.0171 60.8118 -1.2637 -95.8413 -17.3507 
-1.04879 -98.7984 -133.652 -0.711474 25.8862 201.4 -0.573636 -93.885 -29.8472 
-0.514372 61.3042 157.026 -0.412675 54.7436 -70.0367 -0.390313 -82.0272 73.4212 
-0.344117 58.212 -57.136 -0.337104 -97.7588 -120.513 -0.082352 61.2892 -44.293 
0.011219 50.9336 -83.1009 0.095388 40.4881 -310.549 0.163339 64.1868 -31.4307 
0.187535 -91.7598 -42.5734 0.217856 75.2318 32.7671 0.303434 -57.1936 -362.86 
0.309088 -96.159 -107.557 0.325922 75.1099 45.71 0.372479 66.985 -18.5737 
0.375732 -47.6522 169.26 0.422008 74.3278 19.9724 0.528933 69.7525 -5.67736 
0.649876 72.4442 7.19523 0.67069 -77.8949 86.0145 0.719471 -90.3913 -55.5187 
0.803837 23.0513 -191.226 0.813514 -94.3197 -94.6502 0.837421 53.1057 -355.659 
0.862166 20.7919 -205.044 0.959186 19.4562 -219.004 0.965076 74.7337 58.8446 
1.05311 -90.6109 -68.6613 1.10353 -92.3984 -81.6801 1.10368 26.0313 -177.435 
1.19662 19.6936 -232.799 1.35413 46.3614 -96.5174 1.483 -121.681 -282.797 
1.53197 -36.7411 203.768 1.64074 29.1919 -163.776 1.64814 56.8439 168.978 
1.74927 21.5322 -246.215 1.79303 -35.3703 -370.441 1.80201 74.2339 72.056 
1.84622 -73.6941 98.6172 2.02799 -111.613 -326.007 2.08829 -48.3963 182.708 
2.1626 32.3312 -150.214 2.17018 42.0585 -109.911 2.26128 12.8054 203.795 
2.39178 35.0074 -136.646 2.41233 38.3196 -123.272 2.77132 73.2401 85.2269 
2.79958 24.3815 -259.811 2.81133 -13.3872 -377.436 2.82256 -89.1798 -350.203 
2.83008 -47.9158 195.913 3.13633 44.6994 -322.818 3.13919 -69.2476 111.142 
3.35446 51.2477 -389.035 3.45732 8.30801 -384.824 3.62501 29.9298 -391.087 
3.86629 71.8989 98.3058 3.95262 -120.919 -269.987 4.04454 51.5877 180.571 
4.5881 -64.1825 123.483 4.7142 -113.695 -219.525 4.7855 28.7234 -274.417 
5.17446 70.2585 111.232 5.28248 -0.561719 204.614 5.29736 54.9048 -366.927 
5.3796 -116.28 -231.842 5.44337 -116.904 -315.468 5.65977 -110.545 -206.679 
5.73555 -119.628 -257.069 5.91717 -68.4352 -359.001 6.38849 -58.0843 135.546 
6.44448 48.3784 -334.887 6.57324 -107.182 -193.805 6.61737 44.7941 191.419 
6.67309 68.4237 124.095 6.70039 -118.237 -244.049 7.20259 -98.4975 -343.231 
7.35901 33.2886 -288.508 7.51796 -104.141 -180.722 7.77002 -46.5056 -366.241 
8.27586 65.9141 136.792 8.31179 -13.967 204.248 8.33319 -102.324 -167.352 
8.59588 -120.457 -303.911 8.62222 -51.9427 147.995 8.79448 -94.2677 27.442 
8.82332 -95.942 14.3827 9.05716 -24.5638 -373.557 9.15066 -101.047 -153.989 
9.21376 -91.5917 40.479 9.36789 -96.2973 1.55925 9.41059 34.8407 199.383 
9.86826 -2.69646 -380.841 9.9265 -88.1182 53.2707 9.95382 51.5971 -346.732 
10.0275 -99.7538 -140.653 10.075 40.6103 -392.784 10.0933 37.5503 -301.333 
10.1166 63.0508 149.276 10.2572 19.0478 -387.83 10.3014 55.2735 -378.567 
10.3556 56.0827 -62.9292 10.4544 -95.3193 -10.8687 10.5762 52.3433 -75.9367 
10.7769 58.9929 -50.0591 10.8016 -84.354 65.9341 10.8399 -98.5141 -127.392 
10.9062 -48.9358 161.658 11.1164 74.217 38.4822 11.1604 -79.514 -354.59 
11.1928 -93.5567 -23.3269 11.2263 -105.988 -333.882 11.2314 73.8025 25.8232 
11.2959 62.1183 -37.2824 11.3012 -27.5195 203.197 11.4731 -97.1285 -114.301 
11.5498 -121.846 -291.552 11.6695 74.2562 51.4105 11.6986 -91.629 -36.0695 
11.7872 -80.4318 78.5758 11.844 65.1344 -24.4994 11.9478 -95.3678 -101.293 
11.9602 48.087 -89.5606 12.0336 72.5801 13.5299 12.0714 22.5973 -197.756 
12.077 -90.1907 -49.0004 12.2011 22.2713 202.646 12.202 59.4671 161.392 
12.2092 20.9523 -211.507 12.2252 -93.4639 -88.3124 12.2373 25.0291 -184.054 
12.2608 67.8807 -11.6237 12.3132 -90.0093 -62.1758 12.391 -91.5366 -75.2673 
12.4275 20.4866 -225.282 12.4843 70.5204 1.14469 12.6514 27.9486 -170.397 
12.6539 73.8811 64.538 12.8615 -76.3269 91.1871 12.9137 21.2987 -238.844 
12.9538 41.7652 -313.866 13.0946 -49.2253 175.54 13.1908 31.0278 -157.001 
13.5781 -57.7353 -362.26 13.6278 33.9788 -143.649 13.7383 73.4241 77.67 
13.7511 43.615 -103.464 13.8426 23.4661 -252.356 13.8875 -41.3441 200.464 
13.9259 36.8241 -130.322 13.9299 53.8467 -357.976 14.0574 -72.0643 103.767 
14.0774 39.8318 -116.904 14.1989 -121.697 -278.661 14.4964 55.0506 173.147 
14.7046 -50.2839 189.67 14.8959 72.4995 90.7126 15.0371 -112.602 -323.675 
15.0384 8.91368 203.497 15.1954 -35.7613 -369.578 15.3729 -67.2958 116.223 
15.4437 26.3902 -266.256 15.8957 -90.0559 -349.069 16.0332 45.8187 -326.174 
16.1741 71.4376 103.687 16.215 -120.582 -265.564 16.2682 -13.8108 -376.774 
16.4171 50.9466 -389.997 16.8258 8.06065 -384.143 16.8617 -61.7279 128.412 
16.8918 29.7815 -390.792 16.9705 49.9627 184.812 16.9748 -115.299 -226.777 
17.2874 -112.163 -213.934 17.4262 -119.108 -252.438 17.576 69.8952 116.546 
17.5916 -117.566 -239.431 17.7294 30.1866 -279.768 17.8341 55.461 -367.685 
17.9216 -108.773 -201.017 17.9245 -4.43668 203.008 18.4759 -117.529 -312.561 
18.6025 -105.698 -187.954 18.7049 -55.7713 140.598 19.1169 67.8713 129.304 
19.1296 -69.0722 -358.166 19.3336 -103.059 -174.7 19.424 49.478 -338.387 
19.6422 42.4251 194.978 19.8211 -96.3666 6.98626 19.8285 -95.6124 19.9623 
20.1103 -101.545 -161.266 20.2174 -99.3099 -341.28 20.2814 34.2839 -292.633 
20.3079 -93.4829 32.9392 20.8041 65.6991 141.956 20.8332 -51.0678 153.504 
20.8945 -17.9023 202.026 20.9632 54.6063 -69.0648 20.9905 -100.159 -147.852 
21.0484 -90.525 45.7938 21.1971 -46.9844 -365.444 21.3372 57.8289 -56.2094 
21.468 -95.7206 -5.15627 21.4987 50.994 -82.3147 21.5006 74.2829 31.0841 
21.5881 -120.473 -300.427 21.9169 -99.0545 -134.443 21.9323 -86.7617 58.4326 
22.0589 61.0672 -43.4944 22.1231 75.0937 43.9263 22.3696 31.0616 200.565 
22.5128 73.6155 18.9888 22.5661 -24.9503 -372.709 22.7174 -98.0955 -121.097 
22.7353 62.8457 154.378 22.8716 64.0413 -30.7244 22.8859 -82.8605 71.0551 
22.9855 38.4326 -305.259 23.0248 56.4765 -379.275 23.1633 -49.0591 167.363 
23.2163 75.1265 57.0371 23.2713 -96.4292 -108.001 23.3121 52.5179 -350.795 
23.3357 40.7495 -392.997 23.3684 -3.04102 -380.162 23.3808 22.8444 -204.317 
23.4056 25.0322 -190.787 23.4755 -94.263 -17.0298 23.5825 -92.1436 -29.799 
23.5876 18.9599 -387.289 23.5885 21.5573 -217.855 23.614 -94.5651 -94.9452 
23.642 -90.2592 -42.8053 23.6872 67.121 -17.8918 23.6912 27.8109 -177.296 
23.7204 -92.5568 -81.9748 23.7208 -89.4496 -55.8858 23.7327 -90.5613 -69.0009 
23.8476 -31.4526 200.022 23.8966 -78.7776 83.6494 24.0102 21.5964 -231.342 
24.1692 30.9495 -163.927 24.2753 -80.3529 -353.561 24.3153 -106.996 -331.612 
24.3599 75.2223 70.1924 24.3645 -121.218 -287.51 24.4769 69.8675 -5.00273 
24.6777 34.1674 -150.853 24.7924 22.6412 -244.74 24.9712 18.3312 201.89 
24.9908 -74.5267 96.2364 25.0224 59.086 166.274 25.142 72.3032 7.82765 
25.1608 37.208 -137.746 25.5996 74.8457 83.2957 25.6261 40.2189 -124.643 
25.6633 -48.9652 181.566 25.858 42.8044 -317.61 26.1078 43.4992 -111.558 
26.1199 24.5599 -258.128 26.1917 -69.9574 108.778 26.339 47.2564 -98.5814 
26.5964 -120.446 -274.213 26.7125 -45.1824 195.163 26.9297 73.9501 96.3354 
26.955 -58.3089 -361.308 27.4834 54.4691 177.837 27.5262 -64.8617 121.109 
27.6102 5.09213 201.365 28.0739 27.3712 -271.568 28.1555 -113.629 -321.038 
28.1674 -119.004 -260.846 28.3008 72.8995 109.308 28.7652 -36.1556 -368.661 
28.8712 -117.291 -247.569 28.9486 46.7567 -330.012 28.9555 -115.515 -234.434 
29.0088 -91.3739 -347.861 29.0592 -59.3138 133.303 29.1228 -113.131 -221.369 
29.2663 55.7303 -366.41 29.4435 -110.084 -208.325 29.515 52.1254 -390.476 
29.8153 71.3206 122.181 29.8314 -14.1921 -376.099 29.8518 -107.001 -195.233 
30.0429 48.1442 188.554 30.096 50.8689 -87.9064 30.1281 -96.6227 -0.813188 
30.2278 29.9892 -390.516 30.2673 7.93809 -383.466 30.3417 -104.307 -181.983 
30.4142 -8.18602 200.356 30.4688 -97.065 12.2806 30.4992 30.8534 -284.544 
30.6093 75.0921 23.0452 30.8498 -53.6621 145.617 31.019 -101.992 -168.624 
31.1486 -95.7064 25.3725 31.1739 54.201 -75.5336 31.4091 69.4706 134.986 
31.5555 -118.065 -309.26 31.7043 57.5558 -62.7817 31.8605 -100.31 -155.18 
32.0314 -93.1966 38.3181 32.0336 76.4977 36.209 32.2858 -70.0014 -357.174 
32.3885 50.3477 -342.575 32.3892 60.6716 -49.9656 32.6229 39.2166 196.98 
32.7947 -49.1709 158.424 32.8386 -99.1092 -141.726 32.9831 -89.7877 51.0518 
33.1255 34.8105 -297.144 33.17 67.2219 147.675 33.2906 77.4341 49.3766 
33.3742 -21.3343 198.619 33.418 -100.73 -339.442 33.4811 63.6435 -37.2858 
33.8354 -98.282 -128.262 33.977 -85.5601 63.5743 34.5737 66.5863 -24.5062 
34.5858 -119.728 -296.342 34.5875 78.034 62.5707 34.6218 24.8467 -197.336 
34.6803 -47.4905 -364.453 34.7078 -97.3486 -114.879 34.7295 22.765 -210.639 
34.7941 27.5427 -184.048 34.9511 -81.2889 76.1163 35.0947 21.8679 -223.977 
35.1161 -89.5075 -63.0276 35.1484 -89.3611 -50.0267 35.1671 -46.8744 172.157 
35.1728 27.0447 200.149 35.2085 30.5475 -170.837 35.2946 -95.446 -101.733 
35.3332 63.9078 159.874 35.4264 -91.2772 -37.0235 35.4602 -91.1389 -75.8266 
35.5936 -93.3736 -88.6717 35.7007 69.6973 -11.6755 35.7523 33.941 -157.821 
35.7601 21.8695 -237.256 35.8311 78.357 75.7908 35.8583 57.1048 -378.844 
35.8587 39.2024 -309.451 35.9625 -76.7418 88.5921 35.9725 -93.9871 -23.9052 
36.1923 -25.3296 -371.921 36.2974 37.4003 -145.004 36.4099 53.7887 -355.578 
36.439 -34.2291 195.169 36.6352 41.5036 -393.011 36.8739 40.4189 -132.034 
36.888 -3.30935 -379.464 36.8915 22.7326 -250.442 36.9387 -119.244 -282.905 
36.9407 19.0839 -386.804 36.988 72.8044 1.24029 37.0216 -72.0231 101.094 
37.2185 77.7888 88.9581 37.4026 -81.627 -352.38 37.5123 14.3892 199.632 
37.5526 -108.422 -329.341 37.5973 -96.3959 -10.1898 37.613 43.5808 -119.202 
37.7352 59.3318 171.574 37.9076 -44.4729 186.154 38.2716 -67.1631 113.48 
38.5206 24.5873 -263.63 38.6448 -117.859 -269.369 38.6601 76.8422 102.058 
38.6688 46.9713 -106.614 38.6996 43.6168 -321.669 39.2649 75.7312 14.647 
39.6404 -62.1279 125.793 39.731 -116.214 -255.803 40.0401 1.44685 198.473 
40.0892 50.4526 -94.3898 40.1432 75.7003 115.107 40.1452 -59.2408 -360.294 
40.2127 -114.331 -242.41 40.3073 53.5079 182.454 40.4984 -112.352 -229.094 
40.6174 -97.9516 4.25 40.7252 27.5406 -276.687 40.7892 -109.848 -215.868 
41.0823 -56.5086 137.92 41.0915 -106.939 -202.71 41.3097 53.7397 -82.0738 
41.3988 -104.321 -189.442 41.4469 -114.427 -317.908 41.577 78.2809 28.1803 
41.5823 56.1944 -368.673 41.7478 47.4695 -334.019 41.766 74.1034 128.072 
41.8071 -97.7699 17.672 41.8569 -101.627 -176.117 42.1069 57.0748 -69.5078 
42.243 -36.6275 -367.808 42.2659 -92.6957 -345.989 42.5693 -99.5465 -162.676 
42.6072 -50.4044 149.876 42.803 53.1162 -390.189 42.8585 -11.4015 196.955 
42.9151 -95.7839 30.7815 42.9169 60.2398 -56.7963 42.9555 45.7172 191.915 
43.2522 31.2482 -289.326 43.2738 80.0401 41.4761 43.45 -14.4518 -375.381 
43.4757 72.1587 140.962 43.5189 30.4362 -390.183 43.5941 -98.2591 -149.216 
43.6419 7.87283 -382.832 43.9544 63.0479 -44.0023 43.9823 -92.7125 43.6983 
44.3544 -45.3171 162.492 44.7017 -97.2733 -135.724 44.7076 81.2949 54.7345 
44.9074 -117.422 -305.03 45.009 -88.6066 56.3187 45.1228 51.2419 -346.431 
45.1889 65.8248 -31.2316 45.4369 -23.6302 193.695 45.4439 34.9788 197.498 
45.4581 69.2039 153.463 45.5014 -71.3544 -356.149 45.853 -96.6303 -122.24 
45.9133 35.4787 -301.638 45.9239 23.1866 -203.544 45.9836 25.8318 -190.428 
45.995 81.9872 68.0432 46.0071 -83.8831 68.7315 46.1876 21.4916 -216.702 
46.2238 -88.2817 -57.5042 46.343 28.8251 -177.371 46.4283 -89.761 -44.6221 
46.4974 68.9999 -18.5131 46.6821 20.638 -229.907 46.715 -102.086 -337.069 
46.7565 -95.3506 -108.927 46.8755 31.9559 -164.38 46.9607 -78.8939 81.0354 
47.0712 -42.0114 175.808 47.2978 82.0746 81.3217 47.3139 -92.9423 -31.6408 
47.3612 -34.8521 187.203 47.3631 -117.271 -291.304 47.4017 -93.2532 -95.7078 
47.5076 36.0105 -151.805 47.6361 -88.6993 -69.8136 47.6596 20.6398 -243.025 
47.7022 22.8359 198.114 47.8076 -90.9568 -82.5959 47.8111 64.8513 165.378 
47.8627 -48.3009 -363.656 47.9069 72.5194 -5.80572 47.934 -73.8972 93.3518 
48.1494 39.4941 -139.09 48.5061 -96.1659 -18.2022 48.6492 39.9986 -313.69 
48.745 81.4266 94.5729 48.7594 54.4329 -359.497 48.9181 42.5164 -126.288 
49.0238 -68.8716 105.647 49.0283 21.8448 -256.101 49.0897 -115.902 -277.655 
49.6046 -25.67 -371.22 49.6266 76.1893 7.07606 49.8461 46.0304 -113.758 
49.8927 56.3623 -376.633 49.9243 10.5058 196.929 50.1127 42.0677 -392.841 
50.2045 19.158 -386.302 50.2353 80.4024 107.799 50.2487 -114.164 -264.065 
50.2944 -63.8646 117.926 50.3909 -3.36699 -378.793 50.4481 58.9615 176.579 
50.6028 -98.7987 -4.03506 50.6478 -83.1935 -350.922 50.8627 -109.38 -326.217 
50.8898 49.2861 -101.289 50.9534 24.3423 -268.971 50.9995 -112.302 -250.486 
51.465 -110.272 -237.018 51.5026 44.2315 -325.822 51.6253 -58.6259 130.099 
51.6582 79.7408 20.1735 51.7628 -107.866 -223.66 51.8435 52.6023 -88.8433 
51.8706 78.9629 120.926 52.0189 -105.196 -210.405 52.2021 -102.427 -197.154 
52.3185 -99.2411 9.76121 52.4597 -1.90227 195.156 52.462 -99.6066 -183.847 
52.6671 55.7884 -76.3018 52.9167 -52.5077 141.903 52.9615 -97.1967 -170.438 
53.2058 51.244 186.217 53.3279 27.7172 -281.589 53.3824 -60.4513 -359.363 
53.4767 58.8844 -63.6801 53.5089 82.3802 33.4309 53.6306 77.0461 133.916 
53.7025 -97.8642 23.1255 53.9531 -95.8925 -156.919 54.101 -45.8058 153.433 
54.4532 48.3192 -337.989 54.4746 61.9444 -50.964 54.7422 -114.164 -313.717 
54.935 -95.018 36.1745 54.9537 -14.0848 192.695 55.0712 84.2061 46.7087 
55.1827 -95.018 -143.408 55.3691 -37.2385 -366.887 55.4215 -39.6658 165.352 
55.4962 -94.2954 -343.774 55.5555 74.5956 146.771 55.6135 -87.5145 -53.356 
55.6936 64.866 -38.1965 55.8158 41.8115 193.526 55.9541 31.6573 -293.938 
56.0158 -91.09 48.8853 56.386 85.3398 60.0747 56.5281 -94.3188 -129.871 
56.8116 30.7233 -389.717 56.8312 -14.5303 -374.577 56.902 -25.4692 187.383 
56.989 7.81169 -382.133 57.0415 -86.4807 61.3613 57.0777 23.0253 -196.507 
57.1155 52.7341 -389.067 57.1474 20.6713 -209.468 57.175 67.7679 -25.3949 
57.3912 25.9239 -183.565 57.3947 -34.5044 177.576 57.5443 51.758 -350.533 
57.5626 -90.4357 -39.8778 57.5824 86.0694 73.4086 57.5928 19.38 -222.575 
57.7721 -93.6417 -116.513 57.8976 70.5518 159.089 57.8993 -115.003 -299.658 
57.9331 29.1844 -170.641 58.0075 -81.2637 73.5918 58.1607 30.8067 196.767 
58.4142 18.9923 -235.676 58.6049 32.825 -158 58.6772 71.474 -12.8328 
58.6776 -92.0797 -103.194 58.6965 35.9924 -306.059 58.8322 -72.8399 -354.69 
58.9184 -75.8585 85.7137 58.9991 85.5571 86.7512 59.3552 36.5261 -145.517 
59.3784 -89.7763 -89.927 59.3902 -94.4747 -26.6365 59.634 19.5166 -248.684 
59.6632 -113.626 -285.701 59.8876 -103.495 -334.149 59.8906 -70.5108 97.8274 
59.9894 -86.9945 -76.7425 60.1115 40.0352 -132.972 60.2704 19.1288 196.186 
60.2886 75.5103 -0.23084 60.3747 54.6355 -363.801 60.427 84.79 100.114 
60.5812 64.6202 170.471 60.773 -85.6017 -63.53 60.7733 -111.681 -272.008 
60.8468 -97.9972 -12.6005 60.8746 54.7364 -378.875 60.995 -65.1351 109.902 
61.0051 43.921 -120.591 61.0069 -49.1584 -362.5 61.2817 21.4948 -261.517 
61.456 40.3338 -318.03 61.5942 -109.811 -258.469 61.8565 47.3421 -108.116 
62.006 83.5077 113.401 62.0687 79.759 12.4029 62.2089 -59.8214 122.006 
62.2106 -107.793 -244.939 62.3754 7.36649 193.96 62.6076 -105.384 -231.436 
62.6175 -99.8499 1.55713 62.6351 50.6446 -95.6496 62.6707 -102.428 -218.173 
62.678 -96.3664 -191.737 62.6809 -99.3993 -204.979 62.7512 -26.1216 -370.218 
62.9965 -93.8076 -178.338 63.3305 19.0563 -385.68 63.3448 53.7579 -83.1617 
63.4241 -54.0938 133.903 63.4631 24.3257 -274.012 63.4774 56.962 180.662 
63.7372 -91.9448 -164.822 63.7774 81.6694 126.556 63.8263 -3.20375 -377.971 
63.9202 83.4184 25.3868 63.9344 -110.266 -322.518 64.0939 -85.4778 -349.203 
64.1272 56.7721 -70.6213 64.1707 44.2126 -330.1 64.3386 -99.286 15.2238 
64.3831 -4.43025 190.8 64.4153 -47.2346 145.218 64.5479 42.7348 -391.902 
65.0033 -86.7474 -49.2079 65.0495 -39.5129 155.974 65.0856 -91.1939 -151.269 
65.1022 59.8583 -58.0156 65.7245 85.9193 38.6267 65.7678 -96.9252 28.4461 
65.8071 79.0519 139.481 65.8129 -32.5146 167.017 65.9612 27.7809 -286.317 
66.1813 -15.851 186.127 66.2717 63.0267 -45.3757 66.4456 47.4688 189.474 
66.5847 -90.66 -137.745 66.6384 -61.5226 -358.21 66.8509 47.8648 -342.488 
66.9805 -93.2414 41.2812 66.9825 -25.634 177.94 67.169 87.5718 51.9449 
67.6709 66.288 -32.6686 67.9073 19.3425 -202.287 68.035 -88.617 53.7802 
68.0973 75.3313 152.055 68.1093 21.8275 -189.447 68.1492 -112.508 -308.157 
68.1787 -90.3825 -124.312 68.3074 88.8913 65.3005 68.3434 18.1239 -215.29 
68.4678 -37.9848 -365.748 68.5826 37.542 192.308 68.6464 -96.6609 -341.352 
68.6546 31.6262 -298.514 68.7249 25.1758 -176.669 69.0229 -83.4404 66.0563 
69.1322 17.6798 -228.38 69.2742 69.776 -19.9867 69.3297 -90.7415 -35.6914 
69.4663 -89.5787 -110.979 69.5314 28.7234 -163.975 69.5407 50.9961 -355.272 
69.5889 89.0523 78.684 69.9444 -77.8562 78.13 70.0854 30.8303 -388.904 
70.1937 -14.6269 -373.638 70.2241 17.6566 -241.408 70.2569 -87.5646 -97.6845 
70.29 7.99443 -381.415 70.3883 32.2817 -151.459 70.3926 51.2441 -383.305 
70.4677 -111.173 -293.646 70.7195 27.6153 195.142 70.7957 70.0586 164.063 
70.8276 -72.1232 90.0569 70.8319 -84.6969 -84.4805 70.926 74.0388 -7.51657 
70.9943 88.1285 92.0699 71.1781 52.4943 -369.102 71.2186 35.9612 -139.066 
71.4097 35.6878 -310.54 71.4874 -109.335 -279.832 71.6963 18.8554 -254.256 
71.7547 -95.0574 -22.1398 71.7691 -82.1523 -71.141 71.812 -66.4529 101.968 
72.0265 39.7138 -126.794 72.1893 -107.186 -266.268 72.2503 -98.6383 -6.56002 
72.3467 -75.1877 -353.288 72.4167 87.0116 105.5 72.4663 -105.279 -330.825 
72.7112 78.5032 4.92152 72.7491 -104.994 -252.714 72.7898 16.461 193.706 
72.8295 -89.9242 -186.187 72.8344 -60.7074 113.84 72.8375 43.5832 -114.538 
72.8747 -92.8578 -199.458 73.1076 -96.1169 -212.663 73.236 -102.46 -239.12 
73.3025 -99.4888 -225.8 73.3289 -87.7208 -172.76 73.5117 47.2078 -102.228 
73.5683 20.9096 -266.79 73.7839 62.8668 174.996 73.9584 -54.9847 125.714 
74.0247 39.4708 -322.485 74.0743 -82.2799 -57.6042 74.1355 -49.8335 -361.513 
74.145 85.2025 118.739 74.1521 50.7752 -89.9458 74.5225 -86.6548 -159.195 
74.5364 4.97195 190.274 74.5631 82.438 17.6276 74.6431 -99.2129 7.04849 
74.735 53.951 -77.5563 74.9457 -48.5756 137.21 75.4638 -40.8134 147.8 
75.571 57.0811 -65.0596 75.6907 -32.4767 157.861 75.8548 23.4819 -279.118 
75.9116 -6.16528 185.094 75.9427 -26.6927 -369.319 76.1556 82.8648 131.806 
76.2027 19.093 -384.856 76.2042 -86.3141 -145.728 76.2131 -24.6475 168.1 
76.2621 42.9424 -334.543 76.4112 -97.8206 20.4643 76.5314 85.707 30.6657 
76.6551 60.3018 -52.5373 76.6858 -16.2903 177.787 76.7367 42.6074 -386.032 
77.05 53.5983 184.905 77.3927 -2.74887 -377.338 77.3978 -88.6514 -347.236 
77.8206 -94.6048 33.3894 77.8791 -85.3158 -44.5153 77.9778 -86.0585 -132.238 
78.0245 63.7411 -39.9506 78.2334 87.993 43.8737 78.3402 16.7516 -195.046 
78.4651 79.3451 144.547 78.4667 26.7761 -291.245 78.5621 45.9721 -347.436 
78.6767 15.4694 -207.962 78.9025 19.5883 -182.302 78.9605 -90.2715 45.9609 
79.3987 89.7146 57.1659 79.5511 15.2146 -220.928 79.5553 -85.5465 -118.926 
79.6205 67.3766 -27.3287 79.64 -62.2871 -357.34 79.9234 23.1505 -169.706 
79.9799 -85.1583 58.2826 80.5224 -96.5376 -13.8225 80.5512 90.8106 70.5188 
80.5935 15.2124 -233.996 80.6406 -84.1157 -105.645 80.6763 39.4046 192.244 
80.8916 -79.4626 70.3673 81.0279 -109.21 -315.279 81.1223 26.8045 -157.184 
81.1245 48.2555 -361.042 81.1584 74.5182 156.844 81.1948 30.3163 -303.401 
81.1995 -81.4736 -92.4507 81.2779 -99.2838 -338.334 81.3076 48.4708 -375.005 
81.3148 71.5394 -14.8302 81.5305 -108.609 -301.503 81.6266 -38.7803 -365.02 
81.7954 -78.7091 -79.2365 81.7973 -73.6738 82.3141 81.8216 90.4499 83.9303 
81.9236 15.7797 -247.003 82.0667 -89.6059 -32.0261 82.1371 30.4526 -144.744 
82.1539 30.5378 -387.441 82.2088 -106.758 -287.635 82.6881 -67.7356 94.0844 
82.7846 -104.698 -273.868 82.816 -105.819 -326.952 82.9535 -86.3853 -193.788 
83.0506 -83.7734 -180.521 83.1012 34.3341 -132.456 83.1477 -102.246 -260.229 
83.1623 89.0684 97.2258 83.1859 -77.2637 -65.9 83.2489 76.0891 -2.45133 
83.2538 -89.4658 -206.983 83.3292 25.6937 193.188 83.469 16.7239 -259.941 
83.5215 8.44608 -380.981 83.5948 -61.6805 105.778 83.6389 -92.8051 -220.042 
83.688 -99.266 -246.56 83.7106 33.6414 -315.461 83.828 -82.0788 -167.115 
83.882 -14.4071 -373.161 83.9182 -96.2246 -233.14 83.9825 38.2754 -120.253 
84.1036 68.0674 168.446 84.1324 -97.4949 -1.09125 84.399 42.1203 -108.229 
84.5087 -55.543 117.422 84.6787 87.489 110.541 85.0056 46.5299 -96.3894 
85.2455 50.3739 -84.4486 85.2703 13.9706 190.741 85.2785 -76.7867 -351.788 
85.3002 80.3607 10.0796 85.386 -81.4188 -153.718 85.4136 18.3754 -272.446 
85.4618 -49.2658 128.957 85.7189 53.3719 -72.0984 85.878 37.1627 -327.342 
86.1631 -78.6906 -52.7678 86.1884 -42.2351 139.997 86.4765 -33.9927 150.118 
86.6059 -96.9367 12.2228 86.6504 -25.3097 159.79 86.6522 2.43351 186.09 
86.6621 84.9924 123.553 86.7516 56.7685 -59.7032 87.0666 40.4833 -339.363 
87.1133 -16.97 169.68 87.174 -93.2884 -20.4754 87.2071 -50.793 -360.916 
87.2837 58.9643 178.326 87.3017 -7.98971 178.925 87.3211 -81.2513 -140.316 
87.3387 83.7529 22.956 87.8278 20.711 -284.646 88.1352 60.1606 -47.1334 
88.2383 42.7542 -352.433 88.3062 11.069 -200.604 88.379 -94.6826 25.2427 
88.4238 12.9822 -187.765 88.4534 19.4049 -383.858 88.6845 40.4384 -381.649 
88.8845 81.8822 136.306 89.0545 -80.6913 -126.948 89.1079 10.4344 -213.533 
89.2512 -27.2745 -368.777 89.4389 86.4555 36.0317 89.5336 16.2722 -175.177 
89.7049 -90.9162 37.7897 89.7502 63.9025 -34.6026 90.2279 10.4523 -226.527 
90.2678 -82.2464 -40.3811 90.2696 -91.7928 -343.807 90.4152 -79.5991 -113.675 
90.6173 23.9616 -296.779 90.6813 48.1539 186.652 90.7895 -86.1541 50.1573 
90.9001 88.5238 49.0844 90.9945 19.8266 -162.648 91.1695 -77.3718 -100.418 
91.4359 -1.73508 -377.403 91.4652 10.7935 -239.666 91.4692 77.6749 148.763 
91.4751 -74.2888 -87.2692 91.496 67.8227 -22.0748 91.7562 -80.6391 62.3449 
91.8346 30.5255 -384.09 91.9207 89.9058 62.2944 92.1497 -94.7641 -8.59324 
92.1684 23.2813 -150.111 92.2753 -71.9977 -74.0419 92.2816 -62.6629 -356.745 
92.5281 41.5427 -368.663 92.6306 -74.7627 74.3515 92.8091 -100.814 -334.162 
92.826 -79.8478 -188.128 92.854 11.4917 -252.848 93.021 90.4228 75.5904 
93.0539 -102.154 -281.553 93.0878 -82.5242 -201.343 93.1026 26.8635 -308.829 
93.133 -104.136 -295.272 93.1528 -77.533 -174.926 93.243 -99.4078 -267.697 
93.4894 72.1085 -9.62611 93.553 -68.9329 86.2403 93.5562 35.567 190.415 
93.6038 -105.78 -308.676 93.629 27.3101 -137.772 93.6448 -85.6205 -214.338 
93.8236 -105.386 -322.064 94.119 89.695 88.8795 94.145 -76.0602 -161.661 
94.2357 -95.6054 -253.394 94.2836 -89.0121 -227.174 94.3984 -62.7069 97.8304 
94.4037 71.9216 160.646 94.4441 -71.8369 -60.8528 94.4655 12.3894 -265.746 
94.5996 -92.413 -240.059 94.757 -39.9113 -364.409 94.8271 31.3975 -125.522 
94.9795 39.2543 -356.676 95.0794 -86.4587 -28.6155 95.2176 -56.2474 109.279 
95.3772 30.2736 -320.877 95.41 88.4751 102.019 95.5021 48.611 -78.9757 
95.7078 76.2767 2.88453 95.8483 -75.3993 -148.358 95.9137 35.5413 -113.334 
95.9249 -94.4345 4.07951 95.9298 23.0158 190.524 96.021 -49.7113 120.655 
96.146 -73.1918 -352.628 96.3568 9.28075 -380.686 96.4021 44.4633 -90.1985 
96.4672 33.2418 -332.94 96.5062 52.014 -66.6494 96.5306 36.3464 -344.858 
96.6795 39.7508 -101.384 96.695 14.1198 -278.2 96.7926 -42.9328 131.852 
97.0312 86.3181 115.022 97.2901 5.49005 -193.151 97.3702 -35.4258 142.528 
97.4136 63.9422 171.198 97.6267 -26.9008 152.426 97.6749 10.8362 187.334 
97.8309 4.45051 -206.048 97.8389 -18.1189 162.01 97.8432 -74.9586 -135.043 
97.8703 -73.6963 -48.1792 97.9754 80.1322 15.5128 97.984 7.94397 -180.397 
97.9883 55.5858 -54.1782 98.2127 -9.47679 171.695 98.3912 -92.8996 17.0188 
98.4366 -12.98 -373.458 98.4372 -0.413656 180.987 98.995 4.13256 -219.031 
99.1484 83.4292 127.707 99.3562 -73.8661 -121.748 99.3696 16.7305 -290.412 
99.3974 11.1016 -167.776 99.5202 -83.9239 -347.618 99.5662 59.0878 -41.6157 
99.654 -89.2811 -16.4885 99.8229 32.1023 -376.613 99.9018 20.7436 -381.735 
100.014 -89.934 29.3155 100.206 4.29669 -232.188 100.209 -52.1125 -360.215 
100.21 82.9081 28.4974 100.542 -72.219 -108.423 100.867 53.4598 180.057 
101.009 14.6713 -155.27 101.01 -69.486 -95.2538 101.137 -93.8928 -262.345 
101.228 -66.4878 -82.1595 101.232 -85.7427 41.457 101.316 62.8177 -29.084 
101.479 4.99515 -245.584 101.627 79.7651 140.152 101.707 -71.9996 -182.613 
101.869 -77.2733 -36.2732 101.874 19.3423 -302.714 101.894 -74.4713 -195.7 
102.115 -96.775 -275.653 102.248 -70.0254 -169.505 102.275 85.3096 41.3721 
102.333 -80.7827 53.7838 102.346 -64.6992 -68.9418 102.411 -28.3127 -368.203 
102.436 -94.4459 -339.851 102.673 42.2842 -86.2541 102.705 18.6213 -142.854 
102.926 -77.4761 -208.58 103.004 5.90014 -258.744 103.206 -99.1454 -289.041 
103.274 66.5872 -16.5189 103.299 -75.2412 66.0258 103.518 -68.6474 -156.368 
103.598 87.0714 54.298 103.655 42.5002 185.163 103.695 31.8751 -364.481 
104.016 -80.731 -221.229 104.034 -90.0359 -3.97624 104.082 22.1189 -314.949 
104.222 -69.4316 78.0289 104.272 -101.292 -328.6 104.308 -101.343 -302.232 
104.341 22.7856 -130.573 104.483 75.0102 152.27 104.495 87.9403 67.3457 
104.658 -84.1846 -233.594 104.698 -102.866 -315.518 104.886 6.80478 -271.576 
104.916 -86.9654 -245.953 104.953 -63.981 -355.845 105.017 -64.8136 -55.9184 
105.165 -63.4225 89.8037 105.222 -3.07694 -198.429 105.341 88.182 80.4299 
105.378 45.7621 -73.2731 105.406 -0.16164 -377.535 105.41 -1.29617 -185.611 
105.415 -67.9647 -143.172 105.485 29.9256 -352.142 105.521 70.4689 -3.99451 
105.552 24.9151 -327.437 105.674 26.6627 -118.038 105.916 32.6885 187.246 
105.989 -57.0514 101.28 106.222 27.6642 -339.819 106.3 87.4096 93.4608 
106.372 -3.73105 -211.309 106.438 -89.0384 -258.072 106.603 -81.0504 -24.6514 
106.746 1.36789 -172.887 106.774 -50.4301 112.61 106.879 -21.6504 -370.443 
107.083 49.4286 -60.8582 107.209 -66.934 -129.898 107.242 30.6195 -105.562 
107.313 8.54339 -284.184 107.375 -88.9248 8.89159 107.45 85.9756 106.205 
107.469 -43.5579 123.737 107.521 68.0151 163.214 107.749 -41.4903 -363.62 
107.774 73.8079 8.66202 107.885 -3.99801 -224.307 108.112 -36.4414 134.633 
108.152 20.0311 186.595 108.521 4.62406 -160.254 108.568 -65.4004 -116.615 
108.583 -28.6428 145.08 108.591 10.9987 -378.303 108.72 -75.7577 -351.192 
108.86 -19.9758 154.834 108.874 53.0815 -48.3782 109.053 22.6809 -373.522 
109.096 -11.1537 164.337 109.102 -62.8933 -177.228 109.215 -64.995 -190.261 
109.273 83.7316 118.763 109.275 -3.27026 -237.795 109.402 7.7362 182.08 
109.507 -86.7693 20.9958 109.509 -2.35985 173.94 109.513 -63.3054 -103.411 
109.526 34.261 -92.7264 109.744 -90.2497 -269.935 109.794 -60.4512 -90.33 
109.84 10.8248 -296.708 109.849 -65.8208 -42.9687 109.99 -61.1421 -164.215 
110.289 -57.9421 -77.2004 110.337 8.29536 -147.702 110.363 77.2022 21.3376 
110.436 -1.92784 -251.742 110.446 -67.8075 -203.057 110.509 56.3554 -35.7528 
110.607 -71.3904 -32.541 110.825 -82.4568 -12.1511 110.854 58.1768 172.705 
111.109 -83.7203 32.4508 111.309 -11.6486 -190.706 111.551 -59.8156 -151.169 
111.642 80.8563 131.08 111.852 -56.475 -64.0389 111.938 -9.59242 -177.878 
111.959 12.3813 -135.253 112.004 -87.7664 -345.379 112.057 13.2853 -309.302 
112.077 -1.3607 -264.844 112.082 -70.4913 -215.777 112.146 -12.8002 -203.522 
112.179 -92.5392 -282.901 112.379 59.7203 -23.1439 112.458 -79.6385 44.633 
112.641 37.5856 -79.4785 112.677 79.7835 34.1429 112.863 22.1069 -360.381 
113.133 -73.8815 -227.843 113.184 -77.8773 -239.162 113.418 -54.2569 -359.034 
113.539 16.4911 -122.77 113.547 -58.7711 -138.092 113.635 -79.9885 -251.338 
113.644 -74.7307 57.0996 113.653 15.7756 -322.062 113.685 -13.5321 -216.369 
113.744 -10.2669 -373.696 114.111 -6.71462 -165.219 114.179 20.1731 -347.549 
114.238 76.7323 143.142 114.307 -96.5546 -334.851 114.308 -0.280717 -277.797 
114.341 17.9907 -334.81 114.4 -8.99645 -246.391 114.478 -95.0879 -295.92 
114.514 63.1881 -10.5887 114.638 44.7251 180.027 114.653 -69.1787 69.4084 
114.699 -31.04 -367.13 114.705 -54.499 -185.016 114.826 -52.543 -172.027 
114.971 20.2522 -110.043 115.006 41.4442 -67.0033 115.033 -56.1454 -50.9192 
115.042 -57.2133 -124.932 115.044 82.4075 46.8091 115.105 -82.7777 0.776031 
115.11 -99.7244 -321.478 115.299 -73.1643 -20.2316 115.555 -14.2916 -229.182 
115.602 -97.6217 -308.664 115.614 -56.7189 -197.885 115.645 -63.3535 81.3426 
115.979 83.6335 59.6608 115.985 -20.9532 -182.964 116.1 -50.8675 -159.052 
116.227 -22.6138 -195.772 116.287 -81.8743 -263.803 116.291 -55.4258 -111.76 
116.48 -3.30266 -152.594 116.57 -57.2302 93.0161 116.671 84.5753 72.4716 
116.898 1.36639 -290.559 116.95 -53.0241 -98.6624 116.951 24.0931 -97.4012 
117.02 66.6765 1.90689 117.045 45.1445 -54.5587 117.244 -18.8484 -170.133 
117.249 -59.0324 -210.614 117.293 71.0518 154.362 117.344 -23.7588 -208.591 
117.359 84.6959 85.1899 117.408 -50.5198 -85.5659 117.443 -50.8547 104.462 
117.61 -42.921 -179.996 117.726 12.6525 -368.804 117.766 -49.308 -146.106 
117.82 29.9188 183.029 117.836 -66.9306 -354.266 117.84 -9.84619 -258.487 
117.913 -32.7899 -187.966 117.918 -44.8061 -192.941 117.933 -81.2929 13.472 
118.067 0.300279 -139.803 118.182 84.1262 97.7727 118.19 -63.9283 -28.5619 
118.242 2.01741 -373.067 118.273 -44.3001 115.77 118.365 -16.0651 -241.041 
118.387 -30.9534 -175.053 118.395 -48.4623 -72.4293 118.483 -41.1363 -167.03 
118.892 48.5103 -42.017 118.941 -37.4135 126.783 118.973 -61.1499 -223.353 
119.075 27.8995 -84.8581 119.079 -34.3732 -200.825 119.126 -24.8555 -221.385 
119.233 -70.4548 -244.762 119.243 3.54103 -303.469 119.379 -84.0342 -276.512 
119.462 82.633 109.858 119.468 69.8599 14.5417 119.477 -30.2775 137.554 
119.497 4.49324 -127.065 119.538 -46.8144 -205.698 119.603 -16.2491 -157.404 
119.674 16.5721 181.204 119.734 -47.9497 -133.184 119.869 -79.3435 23.6922 
119.922 -22.4713 147.913 120.001 -29.0086 -162.185 120.164 -9.47527 -271.444 
120.185 -13.7763 157.547 120.185 -46.991 -59.2009 120.241 -39.3534 -154.122 
120.242 -73.9941 -7.57754 120.45 -4.78583 166.898 120.493 62.8611 164.366 
120.505 -54.8619 -37.1746 120.576 4.78511 175.619 120.58 51.5758 -29.42 
120.709 -35.8065 -213.658 120.801 5.92194 -316.545 120.832 11.7129 -355.578 
120.911 8.75111 -114.354 120.924 -20.813 -369.828 121.195 -62.1901 -236.713 
121.203 -79.2658 -348.901 121.218 31.6265 -72.4384 121.269 -46.2991 -120.212 
121.348 -26.1272 -233.895 121.354 -72.0844 -257.497 121.356 -43.953 -362.627 
121.359 -18.2127 -252.757 121.411 -48.5171 -218.506 121.456 80.5968 121.846 
121.717 -13.1742 -144.583 121.772 -76.7595 34.8432 121.788 8.09227 -329.676 
121.868 9.95072 -342.647 121.979 72.636 27.2277 122.278 -26.8415 -149.394 
122.293 -44.4084 -107.238 122.363 -37.529 -141.252 122.515 54.5944 -16.8332 
122.572 -37.0176 -226.411 122.65 -8.80287 -284.27 122.82 -85.8766 -289.571 
122.849 -42.0197 -94.2025 122.881 12.8429 -101.743 123.028 -94.6091 -312.616 
123.283 -64.2442 -15.8105 123.283 -72.6883 47.4758 123.309 -49.6414 -231.562 
123.397 -45.491 -45.7423 123.646 35.4451 -60.1022 123.721 -9.80737 -131.791 
123.796 -19.0843 -265.366 123.848 -39.9398 -81.0545 123.856 -27.8197 -246.163 
123.892 52.3404 172.453 123.96 77.4358 133.644 124.172 -90.2194 -340.689 
124.321 -74.0305 -270.129 124.409 -36.0772 -128.584 124.414 -24.627 -136.673 
124.489 -67.6931 60.0791 124.699 16.7335 -89.292 124.724 75.331 39.8967 
124.772 -73.8124 5.58284 124.811 2.01779 -362.746 124.85 -61.498 -251.061 
124.929 -4.3345 -118.41 124.936 57.8244 -4.37876 124.956 -38.3079 -239.15 
125.189 -38.1318 -67.8098 125.308 -7.28648 -297.119 125.451 -54.1945 -24.0463 
125.517 -34.9223 -116.016 125.542 -95.8311 -327.494 125.649 38.8599 -47.6347 
125.653 -8.59468 -368.525 125.814 -62.4738 72.5506 126.147 -50.2499 -244.846 
126.268 -28.9824 -258.799 126.269 -24.1927 -124.568 126.322 72.9128 144.821 
126.363 -32.9229 -103.121 126.369 20.5574 -77.067 126.574 -19.2527 -277.852 
126.592 0.426843 -105.518 126.62 -18.0921 -122.691 126.818 -39.4931 -251.869 
126.868 77.2463 52.5734 126.917 -56.7728 84.4787 126.948 -36.3193 -54.4558 
127.051 -57.945 -357.45 127.095 -62.8978 -263.837 127.226 39.5269 177.662 
127.299 -44.3174 -32.5457 127.3 -4.67441 -310.544 127.408 -30.614 -89.9672 
127.522 41.9736 -35.1108 127.531 61.0483 8.10278 127.563 -24.0344 -112.464 
127.667 -31.7848 -365.676 127.889 -12.3559 -109.041 127.945 -87.1162 -303.447 
127.967 -51.2167 -257.781 127.989 -50.7262 96.1564 127.992 0.854807 -350.796 
127.993 78.9501 65.1832 128.192 -2.43524 -324.252 128.218 -75.7021 -282.945 
128.227 -64.0474 -2.94179 128.267 24.3256 -64.9341 128.428 -71.9162 20.5345 
128.526 4.27926 -92.8343 128.601 -21.0695 -99.3163 128.715 -0.553016 -337.653 
128.798 80.1457 77.675 128.881 -28.7796 -76.6072 128.882 -29.7647 -271.462 
128.937 -44.6644 107.623 129.225 80.5757 89.9613 129.347 -40.5123 -264.576 
129.355 66.3026 155.018 129.376 -34.6353 -41.1466 129.425 44.928 -22.6509 
129.682 -18.7905 -290.524 129.765 25.6808 178.744 129.778 -38.3781 118.904 
129.888 80.0268 101.673 129.951 -8.63257 -95.9508 130.001 -53.7303 -11.2998 
130.206 -26.911 -63.2216 130.253 64.1598 20.5903 130.354 7.95984 -80.296 
130.471 -31.8114 130.033 130.476 -70.7166 -352.205 130.606 27.9219 -52.6769 
130.643 -18.7913 -85.8991 130.824 -64.3356 -276.453 130.849 -52.377 -270.432 
130.982 -43.3519 -19.5647 130.983 -24.8321 140.857 131.267 12.546 175.968 
131.345 -16.9567 151.103 131.44 12.9099 -69.4298 131.55 78.7956 113.206 
131.572 -8.0842 160.539 131.619 -68.5528 36.8532 131.698 47.9698 -10.2955 
131.712 1.38296 169.327 131.934 -25.0899 -49.9324 132.025 -6.45557 -82.117 
132.068 -20.175 -364.931 132.077 1.13726 -73.8689 132.101 -17.1763 -72.1369 
132.28 -30.1535 -283.908 132.288 -33.3089 -28.147 132.309 74.41 134.343 
132.487 31.1167 -40.2546 132.536 -17.168 -303.646 132.552 -76.8238 -296.19 
132.587 -41.3339 -277.183 132.638 -8.75337 -359.317 132.71 57.4843 163.693 
132.773 -63.3316 10.3893 133.093 -82.2961 -345.359 133.232 -64.3183 49.9742 
133.248 67.1281 33.135 133.341 -87.9465 -318.053 133.374 -42.7186 -362.544 
133.621 16.3406 -57.281 133.703 -15.2838 -58.7211 133.799 -5.68531 -67.4417 
133.915 -23.3939 -36.7807 134.166 -14.2357 -317.756 134.285 -52.9799 1.61224 
134.388 51.1974 2.03331 134.546 5.28086 -62.3065 134.577 -53.2638 -283.147 
134.589 -42.3179 -6.66983 134.629 34.0242 -27.8462 134.684 -11.3645 -332.143 
134.888 -59.8028 62.745 134.945 -65.2663 -289.371 134.979 76.1823 124.428 
135.038 -9.68551 -345.932 135.062 -31.8751 -15.0796 135.438 -13.5353 -45.5378 
135.573 19.5496 -44.9928 135.585 -29.867 -296.669 135.853 -3.71427 -54.1776 
135.978 69.5563 45.8343 136.001 -89.0414 -333.563 136.02 69.0708 145.122 
136.166 -21.7643 -23.788 136.352 46.8754 170.506 136.38 -41.8179 -289.947 
136.425 -50.0136 -359.817 136.448 -61.2632 24.8128 136.5 -55.022 75.3908 
136.748 7.89721 -49.6014 136.96 36.9667 -15.5885 137.339 -11.7631 -32.5684 
137.339 54.5091 14.335 137.409 -77.5432 -309.902 137.685 22.3706 -32.5817 
137.717 -1.77308 -41.2022 137.971 -30.2667 -2.16709 137.993 -49.7047 87.5025 
138.291 -40.9259 6.26356 138.387 -19.9294 -10.8443 138.501 71.8556 58.4566 
138.516 -29.4675 -309.628 138.527 -51.7245 14.8071 138.611 10.3227 -36.949 
138.615 -53.8454 -296.072 139.013 -65.9204 -302.625 139.189 -22.0628 -326.489 
139.459 -9.86756 -19.6828 139.477 34.3969 174.211 139.482 -44.374 99.3849 
139.545 -19.7771 -354.816 139.65 40.0875 -3.38122 139.719 -58.2862 39.0916 
139.772 -31.4474 -362.726 139.792 -42.1322 -302.876 139.893 0.260473 -28.4709 
140.05 -62.4128 -354.303 140.133 73.9405 71.0007 140.361 -20.7257 -340.548 
140.485 25.156 -20.3594 140.568 61.4857 154.603 140.658 71.3841 135.042 
140.699 57.8448 26.5716 140.735 -38.7889 111.017 140.859 -17.8626 1.98712 
140.945 75.427 83.3227 141.039 75.9061 95.451 141.207 -73.9923 -346.97 
141.208 12.6987 -24.5467 141.242 -78.283 -324.006 141.278 75.6452 106.98 
141.461 -30.6277 -322.007 141.524 -28.4055 10.5807 141.561 -7.60819 -6.94477 
141.693 21.0959 174.298 141.697 -33.0633 122.503 142.138 -54.3347 -309.384 
142.162 -54.6451 52.2562 142.214 -26.8003 133.706 142.253 2.5218 -15.9112 
142.396 43.211 8.8822 142.523 -39.0368 19.1649 142.551 -19.824 144.496 
142.702 -11.584 154.374 142.725 -66.4467 -316.423 142.731 8.44883 170.546 
142.732 -42.4021 -315.86 142.804 -2.24191 163.273 142.813 -49.6665 28.2737 
143.087 28.0318 -8.11894 143.638 -78.1753 -338.012 143.716 -5.19167 5.77053 
143.834 -15.6424 14.6448 143.882 15.2943 -12.205 143.978 60.6607 39.0853 
144.021 -31.7067 -334.882 144.196 73.7874 116.034 144.24 -50.6249 65.1894 
144.39 5.01365 -3.3265 144.508 -31.0263 -349.67 144.93 52.311 162.363 
145.086 -41.5469 -358.259 145.29 -26.1594 23.2428 145.575 -54.4892 -322.92 
145.681 31.0207 4.15508 145.693 -42.6676 -329.102 146.086 46.8256 20.8435 
146.293 18.1061 0.174303 146.308 -66.3134 -330.161 146.371 -2.61422 18.3214 
146.56 7.81827 9.2039 146.67 -46.7918 77.9765 146.711 -47.0112 41.662 
147.154 -36.9249 31.8441 147.425 64.4595 144.652 147.596 64.0843 51.5008 
147.613 -13.0696 27.0642 147.683 71.0292 124.575 147.896 -41.9505 -343.636 
147.936 -65.2186 -344.079 148.051 -52.7541 -351.702 148.454 34.1271 16.3944 
148.531 -54.0162 -336.821 148.648 21.0556 12.5863 148.766 41.5526 167.904 
148.967 -42.3293 90.3594 149.041 -43.3896 54.6783 149.567 10.7866 21.5767 
149.719 -23.6126 35.5848 150.24 50.364 32.7793 150.419 66.8313 64.2584 
150.589 71.415 114.079 150.635 0.384006 30.507 150.834 -33.9816 44.6371 
150.996 -37.6605 102.509 151.644 29.1854 169.976 151.864 24.1536 24.7984 
152.078 69.2564 77.0117 152.244 -10.0785 39.2043 152.257 71.5204 102.075 
152.269 -40.1075 67.4162 152.691 56.3319 153.054 152.698 37.7288 28.1623 
152.744 -32.6472 114.459 152.755 70.8454 89.6525 153.529 16.3167 168.706 
153.623 -6.00873 157.001 153.736 -20.5251 47.9828 153.746 -14.5514 147.999 
153.868 13.8526 33.6323 153.87 4.12761 164.18 153.966 -27.6035 126.277 
154.018 65.5468 133.782 154.05 -30.6357 57.3006 154.111 -21.7345 137.59 
154.622 54.1796 44.8235 155.472 3.46114 42.45 155.51 -36.7121 80.0273 
156.682 27.5791 36.6217 156.846 -6.86074 51.307 157.091 46.7997 159.587 
157.59 -17.115 60.3769 157.616 -27.2374 69.8101 158.284 41.8139 39.5647 
158.581 -32.9448 92.5118 158.816 17.1855 45.5062 158.85 58.0668 57.1448 
159.215 65.8752 122.153 159.998 58.6658 142.342 160.273 6.75027 54.4324 
160.569 35.9608 163.26 161.087 -3.51092 63.5089 161.243 -28.8403 104.878 
161.249 -23.8829 82.2479 161.501 -13.736 72.7195 161.805 31.2689 48.4019 
162.211 61.4539 70.0356 162.298 66.0772 109.693 163.103 45.8262 51.6115 
163.421 24.083 163.862 163.609 20.7334 57.4913 163.819 65.5585 96.6864 
163.866 -0.196613 155.906 163.887 64.2034 83.2635 163.893 -8.40592 150.106 
164.423 11.5678 160.932 164.684 10.3193 66.5941 164.697 -25.0814 117.078 
164.81 50.7208 149.629 165.04 -20.3543 94.6003 165.094 -15.021 141.051 
165.171 -0.041169 75.8016 165.43 -10.2253 85.09 166.451 -20.845 129.502 
166.517 59.2437 130.481 166.602 35.0488 60.4376 167.152 49.6155 64.1699 
167.985 24.352 69.6744 168.581 41.4367 154.379 168.602 -16.9403 106.894 
168.715 13.8337 78.8802 169.169 3.43296 88.117 169.507 -6.87738 97.3702 
170.722 38.7938 72.8991 170.897 58.972 117.667 171.296 53.253 76.8939 
171.328 51.3542 138.464 171.762 31.5691 155.945 171.874 28.0156 82.0796 
172.177 -4.97277 143.945 172.553 17.3029 91.2261 172.796 19.6834 153.304 
172.798 -14.1627 119.26 172.999 6.72162 100.424 173.128 41.2872 145.41 
173.294 7.41519 149.612 173.332 -3.7845 109.646 173.642 58.5717 104.196 
173.7 56.6097 90.258 174.156 -9.72979 131.895 174.246 42.223 85.6703 
175.201 31.3723 94.6737 175.736 20.5972 103.711 175.899 -0.470212 122.267 
175.961 10.1012 112.92 176.2 49.6531 125.538 176.545 28.7108 142.876 
176.757 45.4199 98.6588 176.821 3.4469 135.772 176.849 39.3714 133.583 
176.985 16.3535 139.667 177.28 13.2707 125.926 177.376 47.8865 112.088 
177.531 34.4161 107.424 177.585 23.8122 116.432 177.794 26.4396 129.525 
178.093 37.1178 120.528 
POLYGONS 5950 23800
3 2726 2801 2753 
3 2753 2801 2857 
3 2726 2762 2801 
3 2753 2626 2726 
3 2857 2801 2892 
3 2753 2857 2836 
3 2801 2762 2854 
3 2726 2651 2762 
3 2651 2726 2626 
3 2626 2753 2600 
3 2801 2854 2892 
3 2907 2857 2892 
3 2836 2857 2871 
3 2753 2836 2714 
3 2762 2800 2854 
3 2651 2691 2762 
3 2651 2626 2493 
3 2753 2714 2600 
3 2466 2626 2600 
3 2854 2908 2892 
3 2857 2907 2871 
3 2934 2907 2892 
3 2871 2810 2836 
3 2836 2810 2714 
3 2800 2881 2854 
3 2762 2691 2800 
3 2533 2691 2651 
3 2626 2466 2493 
3 2533 2651 2493 
3 2714 2565 2600 
3 2466 2600 2442 
3 2908 2934 2892 
3 2854 2881 2908 
3 2871 2907 2917 
3 2907 2934 2944 
3 2810 2871 2879 
3 2714 2810 2697 
3 2840 2881 2800 
3 2691 2732 2800 
3 2582 2691 2533 
3 2466 2359 2493 
3 2389 2533 2493 
3 2600 2565 2442 
3 2565 2714 2697 
3 2337 2466 2442 
3 2946 2934 2908 
3 2881 2928 2908 
3 2907 2944 2917 
3 2879 2871 2917 
3 2934 2965 2944 
3 2810 2879 2806 
3 2697 2810 2806 
3 2881 2840 2900 
3 2732 2840 2800 
3 2582 2732 2691 
3 2425 2582 2533 
3 2359 2389 2493 
3 2337 2359 2466 
3 2425 2533 2389 
3 2565 2423 2442 
3 2548 2565 2697 
3 2319 2337 2442 
3 2946 2965 2934 
3 2928 2946 2908 
3 2928 2881 2900 
3 2944 2957 2917 
3 2921 2879 2917 
3 2944 2965 2972 
3 2806 2879 2884 
3 2697 2806 2689 
3 2840 2864 2900 
3 2732 2764 2840 
3 2625 2732 2582 
3 2582 2425 2462 
3 2389 2359 2258 
3 2238 2359 2337 
3 2292 2425 2389 
3 2423 2319 2442 
3 2423 2565 2548 
3 2548 2697 2689 
3 2220 2337 2319 
3 2965 2946 2969 
3 2928 2954 2946 
3 2938 2928 2900 
3 2957 2921 2917 
3 2944 2972 2957 
3 2879 2921 2884 
3 2965 2976 2972 
3 2805 2806 2884 
3 2806 2805 2689 
3 2864 2910 2900 
3 2840 2764 2864 
3 2732 2625 2764 
3 2625 2582 2462 
3 2425 2322 2462 
3 2359 2238 2258 
3 2292 2389 2258 
3 2238 2337 2220 
3 2322 2425 2292 
3 2423 2302 2319 
3 2423 2548 2411 
3 2548 2689 2535 
3 2203 2220 2319 
3 2946 2954 2969 
3 2965 2969 2976 
3 2938 2954 2928 
3 2910 2938 2900 
3 2921 2957 2958 
3 2957 2972 2967 
3 2921 2923 2884 
3 2972 2976 2973 
3 2877 2805 2884 
3 2689 2805 2685 
3 2875 2910 2864 
3 2764 2788 2864 
3 2625 2663 2764 
3 2500 2625 2462 
3 2322 2351 2462 
3 2258 2238 2139 
3 2161 2292 2258 
3 2120 2238 2220 
3 2199 2322 2292 
3 2302 2203 2319 
3 2302 2423 2411 
3 2411 2548 2535 
3 2535 2689 2685 
3 2220 2203 2106 
3 2969 2954 2966 
3 2969 2975 2976 
3 2954 2938 2947 
3 2938 2910 2947 
3 2958 2957 2967 
3 2921 2958 2923 
3 2972 2973 2967 
3 2923 2877 2884 
3 2976 2974 2973 
3 2805 2877 2797 
3 2685 2805 2797 
3 2910 2875 2919 
3 2788 2875 2864 
3 2764 2663 2788 
3 2663 2625 2500 
3 2351 2500 2462 
3 2351 2322 2226 
3 2238 2120 2139 
3 2161 2258 2139 
3 2199 2292 2161 
3 2120 2220 2106 
3 2226 2322 2199 
3 2203 2302 2184 
3 2287 2302 2411 
3 2399 2411 2535 
3 2525 2535 2685 
3 2203 2086 2106 
3 2954 2947 2966 
3 2975 2969 2966 
3 2976 2975 2974 
3 2910 2919 2947 
3 2960 2958 2967 
3 2923 2958 2945 
3 2973 2961 2967 
3 2877 2923 2916 
3 2974 2962 2973 
3 2797 2877 2870 
3 2685 2797 2676 
3 2875 2885 2919 
3 2788 2814 2875 
3 2663 2695 2788 
3 2541 2663 2500 
3 2351 2380 2500 
3 2251 2351 2226 
3 2120 2025 2139 
3 2040 2161 2139 
3 2069 2199 2161 
3 2008 2120 2106 
3 2101 2226 2199 
3 2302 2287 2184 
3 2086 2203 2184 
3 2399 2287 2411 
3 2525 2399 2535 
3 2525 2685 2676 
3 2086 1989 2106 
3 2947 2951 2966 
3 2970 2975 2966 
3 2974 2975 2971 
3 2919 2951 2947 
3 2958 2960 2945 
3 2961 2960 2967 
3 2916 2923 2945 
3 2962 2961 2973 
3 2877 2916 2870 
3 2964 2962 2974 
3 2797 2870 2780 
3 2676 2797 2780 
3 2885 2925 2919 
3 2875 2814 2885 
3 2695 2814 2788 
3 2541 2695 2663 
3 2408 2541 2500 
3 2380 2408 2500 
3 2351 2251 2380 
3 2130 2251 2226 
3 2025 2040 2139 
3 2025 2120 2008 
3 2040 2069 2161 
3 2069 2101 2199 
3 1989 2008 2106 
3 2101 2130 2226 
3 2184 2287 2171 
3 2073 2086 2184 
3 2287 2399 2273 
3 2390 2399 2525 
3 2517 2525 2676 
3 1989 2086 1976 
3 2951 2970 2966 
3 2975 2970 2971 
3 2964 2974 2971 
3 2919 2925 2951 
3 2960 2943 2945 
3 2960 2961 2948 
3 2936 2916 2945 
3 2961 2962 2950 
3 2916 2906 2870 
3 2962 2964 2953 
3 2780 2870 2855 
3 2676 2780 2658 
3 2890 2925 2885 
3 2814 2825 2885 
3 2695 2711 2814 
3 2571 2695 2541 
3 2541 2408 2430 
3 2380 2282 2408 
3 2251 2282 2380 
3 2130 2156 2251 
3 1927 2040 2025 
3 1913 2025 2008 
3 1951 2069 2040 
3 1977 2101 2069 
3 1989 1899 2008 
3 2101 2006 2130 
3 2287 2273 2171 
3 2073 2184 2171 
3 2086 2073 1976 
3 2273 2399 2390 
3 2390 2525 2517 
3 2517 2676 2658 
3 1882 1989 1976 
3 2951 2955 2970 
3 2970 2968 2971 
3 2964 2971 2963 
3 2951 2925 2955 
3 2943 2936 2945 
3 2960 2948 2943 
3 2961 2950 2948 
3 2916 2936 2906 
3 2950 2962 2953 
3 2870 2906 2855 
3 2964 2956 2953 
3 2760 2780 2855 
3 2780 2760 2658 
3 2925 2890 2922 
3 2825 2890 2885 
3 2814 2711 2825 
3 2695 2571 2711 
3 2571 2541 2430 
3 2408 2308 2430 
3 2282 2308 2408 
3 2156 2282 2251 
3 2030 2156 2130 
3 1951 2040 1927 
3 1927 2025 1913 
3 1899 1913 2008 
3 1977 2069 1951 
3 1977 2006 2101 
3 1882 1899 1989 
3 2006 2030 2130 
3 2273 2153 2171 
3 2058 2073 2171 
3 2073 1963 1976 
3 2273 2390 2263 
3 2390 2517 2379 
3 2509 2517 2658 
3 1869 1882 1976 
3 2955 2968 2970 
3 2971 2968 2963 
3 2956 2964 2963 
3 2925 2922 2955 
3 2936 2943 2935 
3 2943 2948 2937 
3 2948 2950 2940 
3 2906 2936 2918 
3 2941 2950 2953 
3 2855 2906 2895 
3 2956 2942 2953 
3 2760 2855 2834 
3 2658 2760 2633 
3 2890 2886 2922 
3 2825 2827 2890 
3 2711 2718 2825 
3 2571 2584 2711 
3 2444 2571 2430 
3 2308 2324 2430 
3 2282 2188 2308 
3 2156 2188 2282 
3 2156 2030 2047 
3 1833 1951 1927 
3 1818 1927 1913 
3 1913 1899 1802 
3 1862 1977 1951 
3 1977 1886 2006 
3 1882 1786 1899 
3 1908 2030 2006 
3 2153 2058 2171 
3 2153 2273 2263 
3 1963 2073 2058 
3 1963 1869 1976 
3 2263 2390 2379 
3 2517 2509 2379 
3 2509 2658 2633 
3 1778 1882 1869 
3 2955 2949 2968 
3 2968 2959 2963 
3 2952 2956 2963 
3 2955 2922 2949 
3 2943 2937 2935 
3 2918 2936 2935 
3 2948 2940 2937 
3 2950 2941 2940 
3 2906 2918 2895 
3 2942 2941 2953 
3 2855 2895 2834 
3 2942 2956 2939 
3 2760 2834 2736 
3 2633 2760 2736 
3 2922 2886 2924 
3 2890 2827 2886 
3 2718 2827 2825 
3 2711 2584 2718 
3 2571 2444 2584 
3 2324 2444 2430 
3 2206 2324 2308 
3 2188 2206 2308 
3 2068 2188 2156 
3 1930 2047 2030 
3 2047 2068 2156 
3 1862 1951 1833 
3 1818 1833 1927 
3 1818 1913 1802 
3 1899 1786 1802 
3 1886 1977 1862 
3 1886 1908 2006 
3 1786 1882 1778 
3 1908 1930 2030 
3 2058 2153 2044 
3 2145 2153 2263 
3 1948 1963 2058 
3 1852 1869 1963 
3 2253 2263 2379 
3 2379 2509 2366 
3 2479 2509 2633 
3 1778 1869 1767 
3 2968 2949 2959 
3 2959 2952 2963 
3 2956 2952 2939 
3 2949 2922 2924 
3 2935 2937 2920 
3 2918 2935 2915 
3 2937 2940 2926 
3 2940 2941 2931 
3 2895 2918 2903 
3 2941 2942 2932 
3 2895 2869 2834 
3 2942 2939 2929 
3 2736 2834 2802 
3 2605 2633 2736 
3 2886 2888 2924 
3 2827 2823 2886 
3 2827 2718 2715 
3 2584 2581 2718 
3 2584 2444 2446 
3 2444 2324 2335 
3 2324 2206 2219 
3 2188 2090 2206 
3 2090 2188 2068 
3 1955 2047 1930 
3 1955 2068 2047 
3 1743 1862 1833 
3 1833 1818 1720 
3 1706 1818 1802 
3 1786 1689 1802 
3 1773 1886 1862 
3 1908 1886 1789 
3 1678 1786 1778 
3 1930 1908 1814 
3 2044 2153 2145 
3 1948 2058 2044 
3 2145 2263 2253 
3 1852 1963 1948 
3 1869 1852 1767 
3 2253 2379 2366 
3 2509 2479 2366 
3 2605 2479 2633 
3 1670 1778 1767 
3 2949 2930 2959 
3 2933 2952 2959 
3 2939 2952 2927 
3 2949 2924 2930 
3 2937 2926 2920 
3 2935 2920 2915 
3 2918 2915 2903 
3 2940 2931 2926 
3 2941 2932 2931 
3 2869 2895 2903 
3 2942 2929 2932 
3 2834 2869 2802 
3 2939 2912 2929 
3 2701 2736 2802 
3 2701 2605 2736 
3 2924 2888 2930 
3 2886 2823 2888 
3 2827 2715 2823 
3 2718 2581 2715 
3 2584 2446 2581 
3 2444 2335 2446 
3 2324 2219 2335 
3 2206 2109 2219 
3 2206 2090 2109 
3 1973 2090 2068 
3 1832 1955 1930 
3 1955 1973 2068 
3 1773 1862 1743 
3 1743 1833 1720 
3 1818 1706 1720 
3 1689 1706 1802 
3 1689 1786 1678 
3 1886 1773 1789 
3 1814 1908 1789 
3 1678 1778 1670 
3 1832 1930 1814 
3 2036 2044 2145 
3 1948 2044 1933 
3 2137 2145 2253 
3 1852 1948 1839 
3 1852 1750 1767 
3 2253 2366 2242 
3 2479 2349 2366 
3 2479 2605 2456 
3 1670 1767 1660 
3 2930 2933 2959 
3 2952 2933 2927 
3 2912 2939 2927 
3 2926 2909 2920 
3 2920 2905 2915 
3 2903 2915 2898 
3 2926 2931 2911 
3 2931 2932 2914 
3 2882 2869 2903 
3 2929 2913 2932 
3 2802 2869 2846 
3 2929 2912 2904 
3 2701 2802 2772 
3 2605 2701 2566 
3 2930 2888 2894 
3 2888 2823 2822 
3 2823 2715 2712 
3 2715 2581 2577 
3 2581 2446 2439 
3 2446 2335 2332 
3 2335 2219 2227 
3 2219 2109 2118 
3 2090 1993 2109 
3 2090 1973 1993 
3 1955 1832 1860 
3 1973 1955 1860 
3 1773 1743 1657 
3 1620 1743 1720 
3 1706 1600 1720 
3 1589 1706 1689 
3 1580 1689 1678 
3 1773 1672 1789 
3 1692 1814 1789 
3 1569 1678 1670 
3 1832 1814 1715 
3 1933 2044 2036 
3 2036 2145 2137 
3 1839 1948 1933 
3 2137 2253 2242 
3 1750 1852 1839 
3 1767 1750 1660 
3 2366 2349 2242 
3 2349 2479 2456 
3 2456 2605 2566 
3 1561 1670 1660 
3 2933 2930 2894 
3 2933 2891 2927 
3 2912 2927 2883 
3 2909 2905 2920 
3 2926 2911 2909 
3 2915 2905 2898 
3 2882 2903 2898 
3 2931 2914 2911 
3 2932 2913 2914 
3 2869 2882 2846 
3 2929 2904 2913 
3 2802 2846 2772 
3 2912 2874 2904 
3 2668 2701 2772 
3 2701 2668 2566 
3 2888 2822 2894 
3 2823 2712 2822 
3 2715 2577 2712 
3 2581 2439 2577 
3 2439 2446 2332 
3 2335 2227 2332 
3 2219 2118 2227 
3 2118 2109 2016 
3 2109 1993 2016 
3 1973 1879 1993 
3 1832 1740 1860 
3 1879 1973 1860 
3 1743 1620 1657 
3 1672 1773 1657 
3 1600 1620 1720 
3 1706 1589 1600 
3 1589 1689 1580 
3 1580 1678 1569 
3 1672 1692 1789 
3 1715 1814 1692 
3 1561 1569 1670 
3 1740 1832 1715 
3 1933 2036 1922 
3 2036 2137 2023 
3 1839 1933 1826 
3 2126 2137 2242 
3 1750 1839 1729 
3 1750 1650 1660 
3 2349 2229 2242 
3 2349 2456 2329 
3 2427 2456 2566 
3 1561 1660 1550 
3 2933 2894 2891 
3 2927 2891 2883 
3 2874 2912 2883 
3 2896 2905 2909 
3 2911 2899 2909 
3 2905 2889 2898 
3 2876 2882 2898 
3 2914 2901 2911 
3 2914 2913 2902 
3 2882 2861 2846 
3 2913 2904 2897 
3 2846 2820 2772 
3 2904 2874 2865 
3 2745 2668 2772 
3 2668 2529 2566 
3 2822 2818 2894 
3 2822 2712 2710 
3 2712 2577 2574 
3 2439 2436 2577 
3 2326 2439 2332 
3 2332 2227 2223 
3 2227 2118 2128 
3 2028 2118 2016 
3 1993 1903 2016 
3 1993 1879 1903 
3 1740 1769 1860 
3 1769 1879 1860 
3 1657 1620 1532 
3 1559 1672 1657 
3 1503 1620 1600 
3 1589 1485 1600 
3 1589 1580 1479 
3 1580 1569 1467 
3 1692 1672 1576 
3 1593 1715 1692 
3 1461 1569 1561 
3 1616 1740 1715 
3 1922 2036 2023 
3 1826 1933 1922 
3 2023 2137 2126 
3 1839 1826 1729 
3 2229 2126 2242 
3 1650 1750 1729 
3 1660 1650 1550 
3 2229 2349 2329 
3 2329 2456 2427 
3 2529 2427 2566 
3 1451 1561 1550 
3 2894 2818 2891 
3 2891 2815 2883 
3 2874 2883 2803 
3 2905 2896 2889 
3 2899 2896 2909 
3 2901 2899 2911 
3 2889 2876 2898 
3 2882 2876 2861 
3 2901 2914 2902 
3 2913 2897 2902 
3 2861 2820 2846 
3 2904 2865 2897 
3 2820 2745 2772 
3 2874 2789 2865 
3 2668 2745 2638 
3 2529 2668 2638 
3 2822 2710 2818 
3 2712 2574 2710 
3 2577 2436 2574 
3 2439 2326 2436 
3 2326 2332 2223 
3 2227 2128 2223 
3 2118 2028 2128 
3 1921 2028 2016 
3 1903 1921 2016 
3 1879 1784 1903 
3 1740 1655 1769 
3 1784 1879 1769 
3 1620 1503 1532 
3 1559 1657 1532 
3 1576 1672 1559 
3 1485 1503 1600 
3 1485 1589 1479 
3 1479 1580 1467 
3 1569 1461 1467 
3 1593 1692 1576 
3 1616 1715 1593 
3 1451 1461 1561 
3 1655 1740 1616 
3 1922 2023 1912 
3 1826 1922 1816 
3 2023 2126 2010 
3 1826 1721 1729 
3 2110 2126 2229 
3 1626 1650 1729 
3 1650 1542 1550 
3 2229 2329 2208 
3 2329 2427 2304 
3 2427 2529 2405 
3 1442 1451 1550 
3 2818 2815 2891 
3 2883 2815 2803 
3 2874 2803 2789 
3 2889 2896 2872 
3 2896 2899 2878 
3 2899 2901 2887 
3 2876 2889 2867 
3 2861 2876 2863 
3 2901 2902 2893 
3 2897 2880 2902 
3 2820 2861 2844 
3 2865 2851 2897 
3 2745 2820 2791 
3 2789 2777 2865 
3 2745 2717 2638 
3 2529 2638 2499 
3 2818 2710 2703 
3 2710 2574 2567 
3 2436 2433 2574 
3 2436 2326 2323 
3 2326 2223 2218 
3 2223 2128 2123 
3 2028 2035 2128 
3 2028 1921 1937 
3 1903 1811 1921 
3 1784 1811 1903 
3 1769 1655 1674 
3 1784 1769 1674 
3 1503 1404 1532 
3 1439 1559 1532 
3 1463 1576 1559 
3 1389 1503 1485 
3 1375 1485 1479 
3 1367 1479 1467 
3 1461 1358 1467 
3 1478 1593 1576 
3 1496 1616 1593 
3 1461 1451 1352 
3 1531 1655 1616 
3 1912 2023 2010 
3 1816 1922 1912 
3 1721 1826 1816 
3 2126 2110 2010 
3 1721 1626 1729 
3 2110 2229 2208 
3 1542 1650 1626 
3 1542 1442 1550 
3 2208 2329 2304 
3 2304 2427 2405 
3 2405 2529 2499 
3 1451 1442 1343 
3 2818 2703 2815 
3 2815 2696 2803 
3 2803 2688 2789 
3 2872 2896 2878 
3 2889 2872 2867 
3 2899 2887 2878 
3 2887 2901 2893 
3 2876 2867 2863 
3 2861 2863 2844 
3 2902 2880 2893 
3 2851 2880 2897 
3 2791 2820 2844 
3 2777 2851 2865 
3 2717 2745 2791 
3 2674 2777 2789 
3 2638 2717 2609 
3 2499 2638 2609 
3 2710 2567 2703 
3 2574 2433 2567 
3 2436 2323 2433 
3 2323 2326 2218 
3 2223 2123 2218 
3 2128 2035 2123 
3 2028 1937 2035 
3 1921 1831 1937 
3 1921 1811 1831 
3 1784 1698 1811 
3 1655 1563 1674 
3 1698 1784 1674 
3 1404 1439 1532 
3 1404 1503 1389 
3 1439 1463 1559 
3 1478 1576 1463 
3 1375 1389 1485 
3 1367 1375 1479 
3 1358 1367 1467 
3 1358 1461 1352 
3 1496 1593 1478 
3 1531 1616 1496 
3 1352 1451 1343 
3 1531 1563 1655 
3 1896 1912 2010 
3 1816 1912 1799 
3 1721 1816 1711 
3 2010 2110 1990 
3 1626 1721 1615 
3 2110 2208 2088 
3 1522 1542 1626 
3 1430 1442 1542 
3 2186 2208 2304 
3 2304 2405 2280 
3 2405 2499 2376 
3 1343 1442 1334 
3 2815 2703 2696 
3 2696 2688 2803 
3 2688 2674 2789 
3 2872 2878 2856 
3 2867 2872 2849 
3 2887 2868 2878 
3 2887 2893 2873 
3 2863 2867 2850 
3 2844 2863 2847 
3 2880 2866 2893 
3 2880 2851 2837 
3 2791 2844 2829 
3 2777 2768 2851 
3 2717 2791 2770 
3 2777 2674 2659 
3 2609 2717 2693 
3 2476 2499 2609 
3 2703 2567 2557 
3 2567 2433 2429 
3 2433 2323 2321 
3 2216 2323 2218 
3 2123 2116 2218 
3 2035 2026 2123 
3 1937 1945 2035 
3 1831 1854 1937 
3 1811 1722 1831 
3 1698 1722 1811 
3 1563 1585 1674 
3 1585 1698 1674 
3 1439 1404 1310 
3 1287 1404 1389 
3 1439 1345 1463 
3 1362 1478 1463 
3 1375 1273 1389 
3 1375 1367 1264 
3 1256 1367 1358 
3 1249 1358 1352 
3 1377 1496 1478 
3 1402 1531 1496 
3 1240 1352 1343 
3 1448 1563 1531 
3 1799 1912 1896 
3 1896 2010 1990 
3 1816 1799 1711 
3 1615 1721 1711 
3 1990 2110 2088 
3 1522 1626 1615 
3 2208 2186 2088 
3 1522 1430 1542 
3 1442 1430 1334 
3 2186 2304 2280 
3 2280 2405 2376 
3 2376 2499 2476 
3 1234 1343 1334 
3 2703 2557 2696 
3 2696 2551 2688 
3 2688 2537 2674 
3 2878 2868 2856 
3 2849 2872 2856 
3 2867 2849 2850 
3 2868 2887 2873 
3 2893 2866 2873 
3 2847 2863 2850 
3 2844 2847 2829 
3 2880 2837 2866 
3 2851 2768 2837 
3 2791 2829 2770 
3 2768 2777 2659 
3 2717 2770 2693 
3 2674 2524 2659 
3 2585 2609 2693 
3 2476 2609 2585 
3 2557 2567 2429 
3 2433 2321 2429 
3 2323 2216 2321 
3 2116 2216 2218 
3 2026 2116 2123 
3 2035 1945 2026 
3 1937 1854 1945 
3 1831 1758 1854 
3 1722 1758 1831 
3 1698 1602 1722 
3 1563 1468 1585 
3 1698 1585 1602 
3 1404 1287 1310 
3 1345 1439 1310 
3 1273 1287 1389 
3 1345 1362 1463 
3 1362 1377 1478 
3 1273 1375 1264 
3 1264 1367 1256 
3 1256 1358 1249 
3 1240 1249 1352 
3 1377 1402 1496 
3 1402 1448 1531 
3 1234 1240 1343 
3 1448 1468 1563 
3 1799 1896 1781 
3 1876 1896 1990 
3 1711 1799 1701 
3 1610 1615 1711 
3 1974 1990 2088 
3 1513 1522 1615 
3 2186 2072 2088 
3 1430 1522 1417 
3 1430 1323 1334 
3 2166 2186 2280 
3 2260 2280 2376 
3 2376 2476 2357 
3 1227 1234 1334 
3 2696 2557 2551 
3 2551 2537 2688 
3 2674 2537 2524 
3 2856 2868 2842 
3 2849 2856 2832 
3 2849 2831 2850 
3 2868 2873 2853 
3 2866 2852 2873 
3 2847 2850 2838 
3 2829 2847 2833 
3 2837 2817 2866 
3 2768 2751 2837 
3 2770 2829 2799 
3 2647 2768 2659 
3 2693 2770 2749 
3 2524 2516 2659 
3 2585 2693 2667 
3 2459 2476 2585 
3 2424 2557 2429 
3 2321 2318 2429 
3 2321 2216 2215 
3 2216 2116 2114 
3 2116 2026 2020 
3 2026 1945 1925 
3 1945 1854 1851 
3 1854 1758 1774 
3 1758 1722 1644 
3 1722 1602 1644 
3 1585 1468 1486 
3 1602 1585 1486 
3 1287 1190 1310 
3 1216 1345 1310 
3 1273 1176 1287 
3 1247 1362 1345 
3 1377 1362 1262 
3 1164 1273 1264 
3 1157 1264 1256 
3 1149 1256 1249 
3 1140 1249 1240 
3 1284 1402 1377 
3 1317 1448 1402 
3 1234 1132 1240 
3 1468 1448 1356 
3 1896 1876 1781 
3 1701 1799 1781 
3 1974 1876 1990 
3 1610 1711 1701 
3 1610 1513 1615 
3 2072 1974 2088 
3 1417 1522 1513 
3 2072 2186 2166 
3 1323 1430 1417 
3 1323 1227 1334 
3 2166 2280 2260 
3 2260 2376 2357 
3 2476 2459 2357 
3 1126 1234 1227 
3 2557 2424 2551 
3 2537 2551 2416 
3 2537 2409 2524 
3 2868 2853 2842 
3 2856 2842 2832 
3 2849 2832 2831 
3 2850 2831 2838 
3 2873 2852 2853 
3 2866 2817 2852 
3 2833 2847 2838 
3 2829 2833 2799 
3 2751 2817 2837 
3 2647 2751 2768 
3 2749 2770 2799 
3 2516 2647 2659 
3 2693 2749 2667 
3 2397 2516 2524 
3 2585 2667 2556 
3 2459 2585 2556 
3 2318 2424 2429 
3 2321 2215 2318 
3 2216 2114 2215 
3 2116 2020 2114 
3 2026 1925 2020 
3 1925 1945 1851 
3 1854 1774 1851 
3 1758 1669 1774 
3 1669 1758 1644 
3 1602 1519 1644 
3 1468 1371 1486 
3 1602 1486 1519 
3 1190 1216 1310 
3 1176 1190 1287 
3 1247 1345 1216 
3 1176 1273 1164 
3 1362 1247 1262 
3 1284 1377 1262 
3 1157 1164 1264 
3 1157 1256 1149 
3 1140 1149 1249 
3 1132 1140 1240 
3 1317 1402 1284 
3 1448 1317 1356 
3 1234 1126 1132 
3 1468 1356 1371 
3 1876 1765 1781 
3 1658 1701 1781 
3 1876 1974 1864 
3 1617 1610 1701 
3 1513 1610 1517 
3 1958 1974 2072 
3 1414 1417 1513 
3 2053 2072 2166 
3 1315 1323 1417 
3 1323 1220 1227 
3 2148 2166 2260 
3 2260 2357 2245 
3 2357 2459 2342 
3 1120 1126 1227 
3 2551 2424 2416 
3 2537 2416 2409 
3 2409 2397 2524 
3 2853 2821 2842 
3 2842 2812 2832 
3 2831 2832 2804 
3 2838 2831 2813 
3 2852 2828 2853 
3 2852 2817 2792 
3 2819 2833 2838 
3 2799 2833 2808 
3 2817 2751 2735 
3 2751 2647 2631 
3 2749 2799 2774 
3 2501 2647 2516 
3 2667 2749 2727 
3 2397 2385 2516 
3 2556 2667 2645 
3 2459 2556 2437 
3 2424 2318 2309 
3 2318 2215 2211 
3 2215 2114 2113 
3 2114 2020 2017 
3 1925 1916 2020 
3 1824 1925 1851 
3 1851 1774 1739 
3 1774 1669 1662 
3 1553 1669 1644 
3 1519 1553 1644 
3 1371 1398 1486 
3 1486 1398 1519 
3 1095 1216 1190 
3 1079 1190 1176 
3 1123 1247 1216 
3 1064 1176 1164 
3 1247 1151 1262 
3 1166 1284 1262 
3 1050 1164 1157 
3 1046 1157 1149 
3 1039 1149 1140 
3 1032 1140 1132 
3 1192 1317 1284 
3 1356 1317 1237 
3 1126 1021 1132 
3 1356 1259 1371 
3 1765 1658 1781 
3 1765 1876 1864 
3 1617 1701 1658 
3 1974 1958 1864 
3 1517 1610 1617 
3 1414 1513 1517 
3 1958 2072 2053 
3 1315 1417 1414 
3 2053 2166 2148 
3 1220 1323 1315 
3 1220 1120 1227 
3 2148 2260 2245 
3 2245 2357 2342 
3 2342 2459 2437 
3 1120 1015 1126 
3 2424 2309 2416 
3 2416 2300 2409 
3 2409 2291 2397 
3 2821 2812 2842 
3 2828 2821 2853 
3 2832 2812 2804 
3 2831 2804 2813 
3 2819 2838 2813 
3 2828 2852 2792 
3 2817 2735 2792 
3 2833 2819 2808 
3 2799 2808 2774 
3 2735 2751 2631 
3 2647 2501 2631 
3 2749 2774 2727 
3 2385 2501 2516 
3 2667 2727 2645 
3 2281 2385 2397 
3 2556 2645 2530 
3 2437 2556 2530 
3 2318 2211 2309 
3 2215 2113 2211 
3 2113 2114 2017 
3 2020 1916 2017 
3 1824 1916 1925 
3 1824 1851 1739 
3 1774 1662 1739 
3 1669 1560 1662 
3 1553 1560 1669 
3 1437 1553 1519 
3 1398 1371 1277 
3 1398 1437 1519 
3 1095 1123 1216 
3 1095 1190 1079 
3 1064 1079 1176 
3 1151 1247 1123 
3 1050 1064 1164 
3 1151 1166 1262 
3 1192 1284 1166 
3 1046 1050 1157 
3 1039 1046 1149 
3 1036 1039 1140 
3 1032 1036 1140 
3 1021 1032 1132 
3 1317 1192 1237 
3 1259 1356 1237 
3 1015 1021 1126 
3 1371 1259 1277 
3 1658 1765 1652 
3 1747 1765 1864 
3 1528 1617 1658 
3 1958 1845 1864 
3 1528 1517 1617 
3 1420 1414 1517 
3 1943 1958 2053 
3 1316 1315 1414 
3 2037 2053 2148 
3 1219 1220 1315 
3 1120 1220 1119 
3 2136 2148 2245 
3 2245 2342 2231 
3 2342 2437 2331 
3 1015 1120 1018 
3 2309 2300 2416 
3 2300 2291 2409 
3 2291 2281 2397 
3 2812 2821 2778 
3 2821 2828 2782 
3 2812 2776 2804 
3 2804 2779 2813 
3 2819 2813 2787 
3 2767 2828 2792 
3 2792 2735 2716 
3 2808 2819 2795 
3 2774 2808 2783 
3 2735 2631 2617 
3 2631 2501 2487 
3 2727 2774 2757 
3 2501 2385 2377 
3 2645 2727 2705 
3 2385 2281 2269 
3 2530 2645 2620 
3 2418 2437 2530 
3 2309 2211 2202 
3 2211 2113 2102 
3 2004 2113 2017 
3 2017 1916 1906 
3 1824 1809 1916 
3 1716 1824 1739 
3 1739 1662 1625 
3 1662 1560 1546 
3 1560 1553 1455 
3 1553 1437 1455 
3 1304 1398 1277 
3 1398 1304 1437 
3 996 1123 1095 
3 982 1095 1079 
3 1079 1064 966 
3 1030 1151 1123 
3 950 1064 1050 
3 1151 1048 1166 
3 1073 1192 1166 
3 938 1050 1046 
3 933 1046 1039 
3 929 1039 1036 
3 920 1036 1032 
3 915 1032 1021 
3 1192 1107 1237 
3 1145 1259 1237 
3 910 1021 1015 
3 1277 1259 1163 
3 1765 1747 1652 
3 1540 1658 1652 
3 1845 1747 1864 
3 1540 1528 1658 
3 1845 1958 1943 
3 1420 1517 1528 
3 1316 1414 1420 
3 1943 2053 2037 
3 1219 1315 1316 
3 2136 2037 2148 
3 1119 1220 1219 
3 1018 1120 1119 
3 2136 2245 2231 
3 2231 2342 2331 
3 2331 2437 2418 
3 909 1015 1018 
3 2309 2202 2300 
3 2300 2191 2291 
3 2291 2177 2281 
3 2778 2821 2782 
3 2812 2778 2776 
3 2828 2767 2782 
3 2776 2779 2804 
3 2813 2779 2787 
3 2819 2787 2795 
3 2767 2792 2716 
3 2735 2617 2716 
3 2808 2795 2783 
3 2774 2783 2757 
3 2631 2487 2617 
3 2501 2377 2487 
3 2727 2757 2705 
3 2377 2385 2269 
3 2645 2705 2620 
3 2281 2170 2269 
3 2530 2620 2506 
3 2418 2530 2506 
3 2211 2102 2202 
3 2113 2004 2102 
3 2004 2017 1906 
3 1916 1809 1906 
3 1716 1809 1824 
3 1716 1739 1625 
3 1662 1546 1625 
3 1560 1445 1546 
3 1445 1560 1455 
3 1437 1350 1455 
3 1304 1277 1188 
3 1437 1304 1350 
3 996 1030 1123 
3 982 996 1095 
3 982 1079 966 
3 1064 950 966 
3 1030 1048 1151 
3 938 950 1050 
3 1048 1073 1166 
3 1073 1107 1192 
3 933 938 1046 
3 929 933 1039 
3 920 929 1036 
3 915 920 1032 
3 910 915 1021 
3 1107 1145 1237 
3 1259 1145 1163 
3 910 1015 909 
3 1277 1163 1188 
3 1747 1639 1652 
3 1536 1540 1652 
3 1727 1747 1845 
3 1540 1422 1528 
3 1845 1943 1830 
3 1422 1420 1528 
3 1314 1316 1420 
3 1929 1943 2037 
3 1219 1316 1211 
3 2037 2136 2029 
3 1119 1219 1117 
3 1018 1119 1017 
3 2127 2136 2231 
3 2221 2231 2331 
3 2314 2331 2418 
3 912 909 1018 
3 2300 2202 2191 
3 2191 2177 2291 
3 2281 2177 2170 
3 2744 2778 2782 
3 2778 2748 2776 
3 2767 2733 2782 
3 2779 2776 2755 
3 2779 2763 2787 
3 2787 2771 2795 
3 2681 2767 2716 
3 2617 2602 2716 
3 2783 2795 2775 
3 2757 2783 2769 
3 2487 2477 2617 
3 2377 2367 2487 
3 2705 2757 2739 
3 2261 2377 2269 
3 2705 2680 2620 
3 2170 2157 2269 
3 2620 2593 2506 
3 2400 2418 2506 
3 2202 2102 2092 
3 2102 2004 1991 
3 1895 2004 1906 
3 1809 1794 1906 
3 1809 1716 1702 
3 1716 1625 1601 
3 1546 1512 1625 
3 1445 1419 1546 
3 1342 1445 1455 
3 1350 1342 1455 
3 1243 1304 1188 
3 1350 1304 1243 
3 996 902 1030 
3 996 982 875 
3 861 982 966 
3 950 851 966 
3 931 1048 1030 
3 950 938 842 
3 956 1073 1048 
3 986 1107 1073 
3 829 938 933 
3 818 933 929 
3 809 929 920 
3 801 920 915 
3 910 800 915 
3 1107 1033 1145 
3 1145 1051 1163 
3 796 910 909 
3 1163 1082 1188 
3 1639 1536 1652 
3 1727 1639 1747 
3 1540 1536 1421 
3 1727 1845 1830 
3 1422 1540 1421 
3 1943 1929 1830 
3 1314 1420 1422 
3 1211 1316 1314 
3 1929 2037 2029 
3 1117 1219 1211 
3 2029 2136 2127 
3 1017 1119 1117 
3 912 1018 1017 
3 2127 2231 2221 
3 2221 2331 2314 
3 2314 2418 2400 
3 798 909 912 
3 2202 2092 2191 
3 2191 2081 2177 
3 2177 2070 2170 
3 2778 2744 2748 
3 2733 2744 2782 
3 2776 2748 2755 
3 2767 2681 2733 
3 2779 2755 2763 
3 2763 2771 2787 
3 2795 2771 2775 
3 2602 2681 2716 
3 2477 2602 2617 
3 2783 2775 2769 
3 2757 2769 2739 
3 2367 2477 2487 
3 2367 2377 2261 
3 2680 2705 2739 
3 2157 2261 2269 
3 2680 2593 2620 
3 2170 2059 2157 
3 2593 2478 2506 
3 2478 2400 2506 
3 2102 1991 2092 
3 2004 1895 1991 
3 1794 1895 1906 
3 1809 1702 1794 
3 1702 1716 1601 
3 1625 1512 1601 
3 1546 1419 1512 
3 1445 1329 1419 
3 1445 1342 1329 
3 1350 1243 1342 
3 1147 1243 1188 
3 902 931 1030 
3 996 875 902 
3 875 982 861 
3 851 861 966 
3 851 950 842 
3 931 956 1048 
3 938 829 842 
3 956 986 1073 
3 1033 1107 986 
3 818 829 933 
3 809 818 929 
3 801 809 920 
3 800 801 915 
3 910 796 800 
3 1033 1051 1145 
3 1163 1051 1082 
3 798 796 909 
3 1082 1147 1188 
3 1536 1639 1525 
3 1639 1727 1621 
3 1536 1418 1421 
3 1724 1727 1830 
3 1312 1422 1421 
3 1830 1929 1822 
3 1312 1314 1422 
3 1206 1211 1314 
3 1918 1929 2029 
3 1100 1117 1211 
3 2022 2029 2127 
3 1017 1117 1009 
3 916 912 1017 
3 2115 2127 2221 
3 2212 2221 2314 
3 2314 2400 2303 
3 804 798 912 
3 2092 2081 2191 
3 2081 2070 2177 
3 2170 2070 2059 
3 2748 2744 2699 
3 2733 2679 2744 
3 2755 2748 2709 
3 2733 2681 2634 
3 2763 2755 2725 
3 2771 2763 2742 
3 2771 2756 2775 
3 2602 2573 2681 
3 2602 2477 2463 
3 2775 2759 2769 
3 2739 2769 2746 
3 2477 2367 2356 
3 2367 2261 2252 
3 2713 2680 2739 
3 2261 2157 2151 
3 2593 2680 2653 
3 2157 2059 2051 
3 2478 2593 2559 
3 2371 2400 2478 
3 1991 1982 2092 
3 1895 1884 1991 
3 1895 1794 1782 
3 1794 1702 1684 
3 1588 1702 1601 
3 1512 1489 1601 
3 1512 1419 1396 
3 1419 1329 1298 
3 1342 1233 1329 
3 1243 1233 1342 
3 1147 1233 1243 
3 803 931 902 
3 875 780 902 
3 762 875 861 
3 861 851 749 
3 737 851 842 
3 837 956 931 
3 829 723 842 
3 862 986 956 
3 1033 986 906 
3 818 712 829 
3 704 818 809 
3 695 809 801 
3 800 691 801 
3 796 686 800 
3 1051 1033 948 
3 1051 991 1082 
3 685 796 798 
3 1055 1147 1082 
3 1525 1639 1621 
3 1418 1536 1525 
3 1621 1727 1724 
3 1418 1308 1421 
3 1724 1830 1822 
3 1308 1312 1421 
3 1929 1918 1822 
3 1312 1206 1314 
3 1206 1100 1211 
3 1918 2029 2022 
3 1117 1100 1009 
3 2022 2127 2115 
3 916 1017 1009 
3 804 912 916 
3 2115 2221 2212 
3 2212 2314 2303 
3 2400 2371 2303 
3 798 804 692 
3 2092 1982 2081 
3 1970 2070 2081 
3 2070 1962 2059 
3 2744 2679 2699 
3 2748 2699 2709 
3 2679 2733 2634 
3 2755 2709 2725 
3 2634 2681 2546 
3 2763 2725 2742 
3 2771 2742 2756 
3 2756 2759 2775 
3 2681 2573 2546 
3 2602 2463 2573 
3 2477 2356 2463 
3 2769 2759 2746 
3 2713 2739 2746 
3 2367 2252 2356 
3 2261 2151 2252 
3 2680 2713 2653 
3 2157 2051 2151 
3 2559 2593 2653 
3 2059 1954 2051 
3 2478 2559 2448 
3 2371 2478 2448 
3 1991 1884 1982 
3 1895 1782 1884 
3 1794 1684 1782 
3 1702 1588 1684 
3 1489 1588 1601 
3 1512 1396 1489 
3 1419 1298 1396 
3 1329 1221 1298 
3 1329 1233 1221 
3 1233 1147 1136 
3 803 837 931 
3 780 803 902 
3 875 762 780 
3 762 861 749 
3 851 737 749 
3 723 737 842 
3 837 862 956 
3 712 723 829 
3 986 862 906 
3 1033 906 948 
3 712 818 704 
3 695 704 809 
3 691 695 801 
3 686 691 800 
3 686 796 685 
3 1051 948 991 
3 991 1055 1082 
3 685 798 692 
3 1147 1055 1136 
3 1518 1525 1621 
3 1412 1418 1525 
3 1614 1621 1724 
3 1308 1418 1307 
3 1714 1724 1822 
3 1202 1312 1308 
3 1822 1918 1813 
3 1206 1312 1202 
3 1088 1100 1206 
3 1911 1918 2022 
3 1009 1100 965 
3 2013 2022 2115 
3 930 916 1009 
3 804 916 817 
3 2115 2212 2112 
3 2205 2212 2303 
3 2303 2371 2312 
3 692 804 708 
3 1982 1970 2081 
3 1970 1962 2070 
3 1962 1954 2059 
3 2699 2679 2616 
3 2699 2642 2709 
3 2679 2634 2580 
3 2725 2709 2664 
3 2510 2634 2546 
3 2742 2725 2692 
3 2756 2742 2719 
3 2759 2756 2740 
3 2573 2445 2546 
3 2573 2463 2445 
3 2463 2356 2346 
3 2759 2741 2746 
3 2722 2713 2746 
3 2356 2252 2244 
3 2252 2151 2144 
3 2713 2702 2653 
3 2151 2051 2039 
3 2632 2559 2653 
3 2051 1954 1939 
3 2448 2559 2528 
3 2371 2448 2312 
3 1982 1884 1872 
3 1884 1782 1775 
3 1782 1684 1673 
3 1588 1574 1684 
3 1588 1489 1475 
3 1489 1396 1376 
3 1298 1281 1396 
3 1221 1191 1298 
3 1233 1136 1221 
3 803 714 837 
3 687 803 780 
3 780 762 664 
3 650 762 749 
3 737 625 749 
3 737 723 613 
3 862 837 746 
3 723 712 606 
3 906 862 784 
3 948 906 845 
3 595 712 704 
3 704 695 586 
3 695 691 581 
3 691 686 574 
3 686 685 570 
3 991 948 898 
3 1055 991 963 
3 573 685 692 
3 1055 1041 1136 
3 1412 1525 1518 
3 1518 1621 1614 
3 1418 1412 1307 
3 1614 1724 1714 
3 1197 1308 1307 
3 1714 1822 1813 
3 1197 1202 1308 
3 1918 1911 1813 
3 1088 1206 1202 
3 1100 1088 965 
3 2013 1911 2022 
3 930 1009 965 
3 2013 2115 2112 
3 916 930 817 
3 708 804 817 
3 2112 2212 2205 
3 2205 2303 2312 
3 588 692 708 
3 1970 1982 1872 
3 1962 1970 1865 
3 1954 1962 1850 
3 2679 2580 2616 
3 2642 2699 2616 
3 2709 2642 2664 
3 2634 2510 2580 
3 2725 2664 2692 
3 2422 2510 2546 
3 2742 2692 2719 
3 2740 2756 2719 
3 2759 2740 2741 
3 2445 2422 2546 
3 2463 2346 2445 
3 2356 2244 2346 
3 2741 2722 2746 
3 2713 2722 2702 
3 2252 2144 2244 
3 2151 2039 2144 
3 2702 2632 2653 
3 2051 1939 2039 
3 2559 2632 2528 
3 1954 1840 1939 
3 2420 2448 2528 
3 2312 2448 2316 
3 1884 1775 1872 
3 1775 1782 1673 
3 1684 1574 1673 
3 1588 1475 1574 
3 1489 1376 1475 
3 1396 1281 1376 
3 1298 1191 1281 
3 1221 1115 1191 
3 1136 1115 1221 
3 837 714 746 
3 687 714 803 
3 687 780 664 
3 762 650 664 
3 625 650 749 
3 625 737 613 
3 613 723 606 
3 862 746 784 
3 712 595 606 
3 906 784 845 
3 898 948 845 
3 595 704 586 
3 695 581 586 
3 581 691 574 
3 574 686 570 
3 685 573 570 
3 991 898 963 
3 1041 1055 963 
3 588 573 692 
3 1136 1041 1115 
3 1412 1518 1409 
3 1509 1518 1614 
3 1307 1412 1306 
3 1607 1614 1714 
3 1199 1197 1307 
3 1708 1714 1813 
3 1202 1197 1087 
3 1911 1805 1813 
3 1088 1202 1087 
3 1088 974 965 
3 1911 2013 1905 
3 846 930 965 
3 2003 2013 2112 
3 930 846 817 
3 726 708 817 
3 2107 2112 2205 
3 2204 2205 2312 
3 609 588 708 
3 1970 1872 1865 
3 1962 1865 1850 
3 1840 1954 1850 
3 2580 2512 2616 
3 2549 2642 2616 
3 2664 2642 2583 
3 2580 2510 2461 
3 2692 2664 2619 
3 2510 2422 2383 
3 2692 2660 2719 
3 2700 2740 2719 
3 2741 2740 2723 
3 2445 2333 2422 
3 2445 2346 2333 
3 2346 2244 2234 
3 2722 2741 2720 
3 2720 2702 2722 
3 2244 2144 2133 
3 2039 2034 2144 
3 2632 2702 2682 
3 2039 1939 1932 
3 2528 2632 2614 
3 1939 1840 1828 
3 2316 2448 2420 
3 2420 2528 2505 
3 2204 2312 2316 
3 1872 1775 1766 
3 1666 1775 1673 
3 1574 1565 1673 
3 1475 1464 1574 
3 1475 1376 1364 
3 1376 1281 1263 
3 1281 1191 1167 
3 1191 1115 1085 
3 714 628 746 
3 597 714 687 
3 565 687 664 
3 650 538 664 
3 517 650 625 
3 498 625 613 
3 487 613 606 
3 746 670 784 
3 595 472 606 
3 784 720 845 
3 898 845 783 
3 457 595 586 
3 581 447 586 
3 439 581 574 
3 438 574 570 
3 573 430 570 
3 898 857 963 
3 1041 963 935 
3 573 588 443 
3 1115 1041 1007 
3 1409 1518 1509 
3 1306 1412 1409 
3 1509 1614 1607 
3 1199 1307 1306 
3 1607 1714 1708 
3 1091 1197 1199 
3 1805 1708 1813 
3 1197 1091 1087 
3 1805 1911 1905 
3 974 1088 1087 
3 974 856 965 
3 1905 2013 2003 
3 856 846 965 
3 2003 2112 2107 
3 846 726 817 
3 726 609 708 
3 2107 2205 2204 
3 588 609 477 
3 1872 1766 1865 
3 1865 1753 1850 
3 1735 1840 1850 
3 2512 2549 2616 
3 2512 2580 2461 
3 2642 2549 2583 
3 2664 2583 2619 
3 2510 2383 2461 
3 2692 2619 2660 
3 2383 2422 2307 
3 2660 2700 2719 
3 2740 2700 2723 
3 2741 2723 2720 
3 2422 2333 2307 
3 2346 2234 2333 
3 2244 2133 2234 
3 2702 2720 2682 
3 2144 2034 2133 
3 2034 2039 1932 
3 2632 2682 2614 
3 1939 1828 1932 
3 2505 2528 2614 
3 1840 1726 1828 
3 2306 2316 2420 
3 2407 2420 2505 
3 2201 2204 2316 
3 1775 1666 1766 
3 1565 1666 1673 
3 1574 1464 1565 
3 1464 1475 1364 
3 1376 1263 1364 
3 1263 1281 1167 
3 1191 1135 1167 
3 1115 1007 1085 
3 1191 1085 1135 
3 628 670 746 
3 597 628 714 
3 597 687 565 
3 538 565 664 
3 538 650 517 
3 517 625 498 
3 487 498 613 
3 472 487 606 
3 784 670 720 
3 595 457 472 
3 845 720 783 
3 857 898 783 
3 447 457 586 
3 447 581 439 
3 439 574 438 
3 430 438 570 
3 430 573 443 
3 963 857 935 
3 1041 935 1007 
3 443 588 477 
3 1407 1409 1509 
3 1305 1306 1409 
3 1506 1509 1607 
3 1203 1199 1306 
3 1603 1607 1708 
3 1094 1091 1199 
3 1708 1805 1705 
3 1091 983 1087 
3 1805 1905 1796 
3 983 974 1087 
3 856 974 868 
3 1905 2003 1898 
3 742 846 856 
3 1996 2003 2107 
3 742 726 846 
3 624 609 726 
3 2107 2204 2099 
3 609 502 477 
3 1865 1766 1753 
3 1753 1735 1850 
3 1840 1735 1726 
3 2549 2512 2460 
3 2512 2461 2414 
3 2583 2549 2452 
3 2619 2583 2507 
3 2383 2343 2461 
3 2619 2578 2660 
3 2264 2383 2307 
3 2700 2660 2640 
3 2723 2700 2686 
3 2723 2706 2720 
3 2333 2217 2307 
3 2333 2234 2217 
3 2234 2133 2125 
3 2720 2698 2682 
3 2034 2024 2133 
3 2034 1932 1920 
3 2682 2655 2614 
3 1932 1828 1823 
3 2505 2614 2589 
3 1828 1726 1718 
3 2201 2316 2306 
3 2407 2306 2420 
3 2484 2407 2505 
3 2099 2204 2201 
3 1766 1666 1656 
3 1666 1565 1556 
3 1464 1457 1565 
3 1464 1364 1354 
3 1263 1252 1364 
3 1155 1263 1167 
3 1167 1135 1052 
3 1007 979 1085 
3 1085 979 1135 
3 670 628 560 
3 506 628 597 
3 464 597 565 
3 538 422 565 
3 391 538 517 
3 364 517 498 
3 487 343 498 
3 330 487 472 
3 670 555 720 
3 472 457 316 
3 720 657 783 
3 744 857 783 
3 309 457 447 
3 307 447 439 
3 313 439 438 
3 297 438 430 
3 300 430 443 
3 857 823 935 
3 935 900 1007 
3 329 443 477 
3 1305 1409 1407 
3 1506 1407 1509 
3 1203 1306 1305 
3 1506 1607 1603 
3 1203 1094 1199 
3 1603 1708 1705 
3 987 1091 1094 
3 1705 1805 1796 
3 983 1091 987 
3 1796 1905 1898 
3 868 974 983 
3 756 856 868 
3 2003 1996 1898 
3 756 742 856 
3 1996 2107 2099 
3 742 624 726 
3 502 609 624 
3 502 355 477 
3 1766 1656 1753 
3 1735 1753 1645 
3 1726 1735 1622 
3 2512 2414 2460 
3 2549 2460 2452 
3 2461 2343 2414 
3 2583 2452 2507 
3 2578 2619 2507 
3 2383 2264 2343 
3 2660 2578 2640 
3 2200 2264 2307 
3 2686 2700 2640 
3 2706 2723 2686 
3 2706 2698 2720 
3 2217 2200 2307 
3 2234 2125 2217 
3 2133 2024 2125 
3 2698 2655 2682 
3 2034 1920 2024 
3 1932 1823 1920 
3 2614 2655 2589 
3 1828 1718 1823 
3 2484 2505 2589 
3 1718 1726 1613 
3 2198 2201 2306 
3 2407 2297 2306 
3 2407 2484 2388 
3 2093 2099 2201 
3 1666 1556 1656 
3 1565 1457 1556 
3 1464 1354 1457 
3 1364 1252 1354 
3 1263 1155 1252 
3 1155 1167 1052 
3 1135 961 1052 
3 1007 900 979 
3 979 961 1135 
3 628 506 560 
3 555 670 560 
3 506 597 464 
3 422 464 565 
3 538 391 422 
3 391 517 364 
3 343 364 498 
3 343 487 330 
3 330 472 316 
3 555 657 720 
3 457 309 316 
3 657 744 783 
3 857 744 823 
3 309 447 307 
3 307 439 313 
3 313 438 297 
3 300 297 430 
3 300 443 329 
3 823 900 935 
3 355 329 477 
3 1301 1305 1407 
3 1407 1506 1405 
3 1204 1203 1305 
3 1508 1506 1603 
3 1097 1094 1203 
3 1609 1603 1705 
3 989 987 1094 
3 1693 1705 1796 
3 874 983 987 
3 1785 1796 1898 
3 874 868 983 
3 775 756 868 
3 1996 1890 1898 
3 652 742 756 
3 1988 1996 2099 
3 624 742 652 
3 526 502 624 
3 381 355 502 
3 1753 1656 1645 
3 1735 1645 1622 
3 1726 1622 1613 
3 2414 2361 2460 
3 2460 2361 2452 
3 2343 2299 2414 
3 2452 2396 2507 
3 2467 2578 2507 
3 2264 2224 2343 
3 2640 2578 2554 
3 2264 2200 2152 
3 2623 2686 2640 
3 2666 2706 2686 
3 2698 2706 2683 
3 2217 2111 2200 
3 2217 2125 2111 
3 2024 2015 2125 
3 2655 2698 2671 
3 2024 1920 1914 
3 1920 1823 1812 
3 2655 2637 2589 
3 1823 1718 1710 
3 2568 2484 2589 
3 1718 1613 1605 
3 2198 2093 2201 
3 2297 2198 2306 
3 2297 2407 2388 
3 2484 2469 2388 
3 2093 1988 2099 
3 1656 1556 1543 
3 1556 1457 1443 
3 1457 1354 1341 
3 1252 1239 1354 
3 1252 1155 1141 
3 1155 1052 1042 
3 961 940 1052 
3 900 867 979 
3 979 867 961 
3 506 429 560 
3 429 555 560 
3 357 506 464 
3 326 464 422 
3 391 284 422 
3 253 391 364 
3 238 364 343 
3 222 343 330 
3 213 330 316 
3 555 513 657 
3 316 309 203 
3 744 657 615 
3 744 709 823 
3 309 307 202 
3 307 313 211 
3 219 313 297 
3 297 300 186 
3 214 300 329 
3 900 823 787 
3 355 239 329 
3 1204 1305 1301 
3 1301 1407 1405 
3 1405 1506 1508 
3 1097 1203 1204 
3 1508 1603 1609 
3 1097 989 1094 
3 1609 1705 1693 
3 989 876 987 
3 1693 1796 1785 
3 876 874 987 
3 1890 1785 1898 
3 874 775 868 
3 667 756 775 
3 1890 1996 1988 
3 667 652 756 
3 526 624 652 
3 381 502 526 
3 264 355 381 
3 1656 1543 1645 
3 1645 1524 1622 
3 1622 1510 1613 
3 2299 2361 2414 
3 2361 2328 2452 
3 2224 2299 2343 
3 2396 2467 2507 
3 2328 2396 2452 
3 2578 2467 2554 
3 2264 2152 2224 
3 2623 2640 2554 
3 2200 2084 2152 
3 2623 2666 2686 
3 2706 2666 2683 
3 2698 2683 2671 
3 2111 2084 2200 
3 2125 2015 2111 
3 2024 1914 2015 
3 2637 2655 2671 
3 1920 1812 1914 
3 1823 1710 1812 
3 2637 2568 2589 
3 1710 1718 1605 
3 2469 2484 2568 
3 1613 1498 1605 
3 2082 2093 2198 
3 2198 2297 2182 
3 2284 2297 2388 
3 2469 2372 2388 
3 1983 1988 2093 
3 1556 1443 1543 
3 1457 1341 1443 
3 1354 1239 1341 
3 1252 1141 1239 
3 1141 1155 1042 
3 1052 940 1042 
3 961 849 940 
3 900 787 867 
3 961 867 849 
3 506 357 429 
3 555 429 382 
3 357 464 326 
3 284 326 422 
3 284 391 253 
3 253 364 238 
3 238 343 222 
3 222 330 213 
3 213 316 203 
3 657 513 615 
3 513 555 382 
3 203 309 202 
3 709 744 615 
3 823 709 787 
3 202 307 211 
3 211 313 219 
3 219 297 186 
3 186 300 214 
3 239 214 329 
3 264 239 355 
3 1205 1204 1301 
3 1303 1301 1405 
3 1410 1405 1508 
3 1098 1097 1204 
3 1527 1508 1609 
3 989 1097 988 
3 1667 1609 1693 
3 876 989 873 
3 1667 1693 1785 
3 789 874 876 
3 1785 1890 1779 
3 775 874 789 
3 684 667 775 
3 1890 1988 1877 
3 549 652 667 
3 526 652 549 
3 413 381 526 
3 287 264 381 
3 1645 1543 1524 
3 1524 1510 1622 
3 1510 1498 1613 
3 2361 2299 2247 
3 2361 2247 2328 
3 2173 2299 2224 
3 2396 2368 2467 
3 2293 2396 2328 
3 2467 2454 2554 
3 2152 2079 2224 
3 2536 2623 2554 
3 2084 2079 2152 
3 2613 2666 2623 
3 2666 2652 2683 
3 2683 2669 2671 
3 2111 1995 2084 
3 2111 2015 1995 
3 2015 1914 1902 
3 2637 2671 2656 
3 1914 1812 1803 
3 1812 1710 1704 
3 2568 2637 2621 
3 1710 1605 1599 
3 2469 2568 2547 
3 1498 1494 1605 
3 1983 2093 2082 
3 2082 2198 2182 
3 2182 2297 2284 
3 2372 2284 2388 
3 2372 2469 2455 
3 1988 1983 1877 
3 1543 1443 1423 
3 1341 1320 1443 
3 1239 1223 1341 
3 1239 1141 1125 
3 1141 1042 1029 
3 940 927 1042 
3 849 834 940 
3 867 787 755 
3 849 867 755 
3 357 274 429 
3 429 274 382 
3 263 357 326 
3 284 218 326 
3 181 284 253 
3 164 253 238 
3 148 238 222 
3 137 222 213 
3 134 213 203 
3 513 466 615 
3 336 513 382 
3 133 203 202 
3 709 615 578 
3 787 709 668 
3 136 202 211 
3 142 211 219 
3 163 219 186 
3 131 186 214 
3 239 158 214 
3 264 175 239 
3 1098 1204 1205 
3 1205 1301 1303 
3 1303 1405 1410 
3 1410 1508 1527 
3 988 1097 1098 
3 1667 1527 1609 
3 989 988 873 
3 741 876 873 
3 1667 1785 1779 
3 789 876 741 
3 1779 1890 1877 
3 684 775 789 
3 572 667 684 
3 549 667 572 
3 413 526 549 
3 287 381 413 
3 264 287 205 
3 1543 1423 1524 
3 1406 1510 1524 
3 1510 1399 1498 
3 2299 2173 2247 
3 2247 2214 2328 
3 2079 2173 2224 
3 2467 2368 2454 
3 2396 2293 2368 
3 2214 2293 2328 
3 2454 2536 2554 
3 2613 2623 2536 
3 2084 1980 2079 
3 2666 2613 2652 
3 2652 2669 2683 
3 2671 2669 2656 
3 2084 1995 1980 
3 2015 1902 1995 
3 1914 1803 1902 
3 2637 2656 2621 
3 1803 1812 1704 
3 1710 1599 1704 
3 2568 2621 2547 
3 1605 1494 1599 
3 2455 2469 2547 
3 1494 1498 1391 
3 1972 1983 2082 
3 2075 2082 2182 
3 2174 2182 2284 
3 2372 2265 2284 
3 2352 2372 2455 
3 1877 1983 1871 
3 1443 1320 1423 
3 1223 1320 1341 
3 1239 1125 1223 
3 1125 1141 1029 
3 1042 927 1029 
3 940 834 927 
3 834 849 739 
3 787 668 755 
3 849 755 739 
3 357 210 274 
3 274 230 382 
3 210 357 263 
3 218 263 326 
3 218 284 181 
3 181 253 164 
3 164 238 148 
3 148 222 137 
3 137 213 134 
3 133 134 203 
3 615 466 578 
3 513 336 466 
3 230 336 382 
3 136 133 202 
3 668 709 578 
3 142 136 211 
3 163 142 219 
3 104 163 186 
3 131 104 186 
3 158 131 214 
3 239 175 158 
3 175 264 205 
3 1101 1098 1205 
3 1209 1205 1303 
3 1319 1303 1410 
3 1435 1410 1527 
3 992 988 1098 
3 1527 1667 1551 
3 873 988 879 
3 766 741 873 
3 1664 1667 1779 
3 684 789 741 
3 1772 1779 1877 
3 604 572 684 
3 444 549 572 
3 444 413 549 
3 322 287 413 
3 205 287 232 
3 1423 1406 1524 
3 1510 1406 1399 
3 1498 1399 1391 
3 2173 2134 2247 
3 2247 2134 2214 
3 2079 2054 2173 
3 2368 2355 2454 
3 2368 2293 2266 
3 2293 2214 2185 
3 2454 2450 2536 
3 2613 2536 2527 
3 2079 1980 1966 
3 2652 2613 2607 
3 2652 2643 2669 
3 2669 2650 2656 
3 1995 1887 1980 
3 1995 1902 1887 
3 1902 1803 1791 
3 2656 2650 2621 
3 1803 1704 1699 
3 1599 1595 1704 
3 2621 2601 2547 
3 1494 1490 1599 
3 2523 2455 2547 
3 1494 1391 1388 
3 1983 1972 1871 
3 1972 2082 2075 
3 2174 2075 2182 
3 2265 2174 2284 
3 2372 2352 2265 
3 2431 2352 2455 
3 1772 1877 1871 
3 1320 1297 1423 
3 1200 1320 1223 
3 1125 1103 1223 
3 1010 1125 1029 
3 1029 927 913 
3 834 810 927 
3 717 834 739 
3 668 640 755 
3 755 640 739 
3 274 210 160 
3 274 160 230 
3 210 263 167 
3 263 218 167 
3 135 218 181 
3 106 181 164 
3 95 164 148 
3 87 148 137 
3 81 137 134 
3 78 134 133 
3 466 414 578 
3 466 336 288 
3 197 336 230 
3 79 133 136 
3 537 668 578 
3 84 136 142 
3 94 142 163 
3 104 94 163 
3 75 104 131 
3 93 131 158 
3 175 113 158 
3 141 175 205 
3 992 1098 1101 
3 1101 1205 1209 
3 1319 1209 1303 
3 1319 1410 1435 
3 1435 1527 1551 
3 988 992 879 
3 1551 1667 1664 
3 766 873 879 
3 641 741 766 
3 1664 1779 1772 
3 604 684 741 
3 482 572 604 
3 482 444 572 
3 322 413 444 
3 287 322 232 
3 173 205 232 
3 1297 1406 1423 
3 1406 1291 1399 
3 1399 1286 1391 
3 2173 2054 2134 
3 2134 2104 2214 
3 2079 1966 2054 
3 2454 2355 2450 
3 2368 2266 2355 
3 2266 2293 2185 
3 2214 2104 2185 
3 2536 2450 2527 
3 2613 2527 2607 
3 1980 1867 1966 
3 2652 2607 2643 
3 2669 2643 2650 
3 1887 1867 1980 
3 1902 1791 1887 
3 1791 1803 1699 
3 2650 2630 2621 
3 1704 1595 1699 
3 1490 1595 1599 
3 2601 2523 2547 
3 2630 2601 2621 
3 1490 1494 1388 
3 2523 2431 2455 
3 1391 1280 1388 
3 1972 1866 1871 
3 1964 1972 2075 
3 2065 2075 2174 
3 2159 2174 2265 
3 2352 2254 2265 
3 2352 2431 2340 
3 1760 1772 1871 
3 1320 1200 1297 
3 1103 1200 1223 
3 1125 1010 1103 
3 1010 1029 913 
3 927 810 913 
3 834 717 810 
3 617 717 739 
3 668 537 640 
3 640 617 739 
3 210 123 160 
3 160 122 230 
3 123 210 167 
3 218 135 167 
3 106 135 181 
3 106 164 95 
3 95 148 87 
3 87 137 81 
3 78 81 134 
3 79 78 133 
3 414 537 578 
3 466 288 414 
3 336 197 288 
3 122 197 230 
3 84 79 136 
3 94 84 142 
3 104 61 94 
3 104 75 61 
3 93 75 131 
3 113 93 158 
3 113 175 141 
3 141 205 173 
3 998 992 1101 
3 1113 1101 1209 
3 1209 1319 1230 
3 1338 1319 1435 
3 1447 1435 1551 
3 992 887 879 
3 1557 1551 1664 
3 778 766 879 
3 641 604 741 
3 661 641 766 
3 1661 1664 1772 
3 511 482 604 
3 350 444 482 
3 350 322 444 
3 322 252 232 
3 187 173 232 
3 1406 1297 1291 
3 1399 1291 1286 
3 1286 1280 1391 
3 2134 2054 2019 
3 2104 2134 2019 
3 2054 1966 1947 
3 2355 2353 2450 
3 2266 2259 2355 
3 2266 2185 2169 
3 2104 2080 2185 
3 2450 2447 2527 
3 2527 2522 2607 
3 1966 1867 1853 
3 2643 2607 2594 
3 2650 2643 2629 
3 1867 1887 1771 
3 1887 1791 1771 
3 1791 1699 1694 
3 2630 2650 2629 
3 1699 1595 1594 
3 1491 1595 1490 
3 2523 2601 2570 
3 2601 2630 2606 
3 1490 1388 1387 
3 2431 2523 2491 
3 1388 1280 1278 
3 1866 1760 1871 
3 1866 1972 1964 
3 2065 1964 2075 
3 2159 2065 2174 
3 2254 2159 2265 
3 2254 2352 2340 
3 2431 2415 2340 
3 1661 1772 1760 
3 1297 1200 1187 
3 1200 1103 1089 
3 1103 1010 994 
3 1010 913 899 
3 810 799 913 
3 810 717 700 
3 617 602 717 
3 537 510 640 
3 640 510 617 
3 160 123 91 
3 160 74 122 
3 96 123 167 
3 135 96 167 
3 135 106 77 
3 67 106 95 
3 57 95 87 
3 55 87 81 
3 45 81 78 
3 44 78 79 
3 414 377 537 
3 288 255 414 
3 288 197 170 
3 122 99 197 
3 46 79 84 
3 53 84 94 
3 61 53 94 
3 75 43 61 
3 75 93 58 
3 72 93 113 
3 90 113 141 
3 129 141 173 
3 887 992 998 
3 998 1101 1113 
3 1113 1209 1230 
3 1230 1319 1338 
3 1338 1435 1447 
3 1557 1447 1551 
3 887 778 879 
3 1557 1664 1661 
3 778 661 766 
3 511 604 641 
3 661 539 641 
3 376 482 511 
3 376 350 482 
3 252 322 350 
3 252 187 232 
3 172 173 187 
3 1297 1187 1291 
3 1291 1180 1286 
3 1173 1280 1286 
3 2054 1947 2019 
3 1978 2104 2019 
3 1966 1853 1947 
3 2450 2353 2447 
3 2259 2353 2355 
3 2259 2266 2169 
3 2185 2080 2169 
3 1978 2080 2104 
3 2447 2522 2527 
3 2607 2522 2594 
3 1867 1754 1853 
3 2643 2594 2629 
3 1754 1867 1771 
3 1791 1694 1771 
3 1699 1594 1694 
3 2630 2629 2608 
3 1595 1491 1594 
3 1491 1490 1387 
3 2570 2601 2606 
3 2491 2523 2570 
3 2630 2608 2606 
3 1388 1278 1387 
3 2415 2431 2491 
3 1280 1169 1278 
3 1760 1866 1756 
3 1857 1866 1964 
3 2065 1957 1964 
3 2056 2065 2159 
3 2150 2159 2254 
3 2243 2254 2340 
3 2415 2330 2340 
3 1659 1661 1760 
3 1200 1089 1187 
3 1103 994 1089 
3 994 1010 899 
3 913 799 899 
3 810 700 799 
3 717 602 700 
3 602 617 489 
3 537 377 510 
3 617 510 489 
3 123 96 91 
3 74 160 91 
3 122 74 60 
3 135 77 96 
3 77 106 67 
3 57 67 95 
3 55 57 87 
3 45 55 81 
3 44 45 78 
3 46 44 79 
3 255 377 414 
3 288 170 255 
3 197 99 170 
3 99 122 60 
3 53 46 84 
3 34 53 61 
3 43 34 61 
3 43 75 58 
3 93 72 58 
3 90 72 113 
3 129 90 141 
3 172 129 173 
3 887 998 904 
3 1016 998 1113 
3 1131 1113 1230 
3 1238 1230 1338 
3 1344 1338 1447 
3 1447 1557 1450 
3 791 778 887 
3 1554 1557 1661 
3 680 661 778 
3 539 511 641 
3 661 567 539 
3 410 376 511 
3 272 350 376 
3 272 252 350 
3 252 217 187 
3 217 172 187 
3 1187 1180 1291 
3 1180 1173 1286 
3 1280 1173 1169 
3 1947 1928 2019 
3 1978 2019 1928 
3 1853 1844 1947 
3 2353 2350 2447 
3 2259 2255 2353 
3 2163 2259 2169 
3 2080 2071 2169 
3 2080 1978 1971 
3 2447 2432 2522 
3 2522 2508 2594 
3 1754 1744 1853 
3 2594 2572 2629 
3 1754 1771 1633 
3 1694 1608 1771 
3 1694 1594 1608 
3 2629 2572 2608 
3 1491 1495 1594 
3 1491 1387 1390 
3 2575 2570 2606 
3 2531 2491 2570 
3 2608 2579 2606 
3 1278 1279 1387 
3 2468 2415 2491 
3 1169 1168 1278 
3 1756 1866 1857 
3 1659 1760 1756 
3 1957 1857 1964 
3 1957 2065 2056 
3 2150 2056 2159 
3 2243 2150 2254 
3 2330 2243 2340 
3 2415 2402 2330 
3 1659 1554 1661 
3 1187 1089 1077 
3 994 984 1089 
3 888 994 899 
3 799 788 899 
3 799 700 688 
3 700 602 587 
3 467 602 489 
3 510 377 349 
3 510 349 489 
3 96 59 91 
3 42 74 91 
3 74 30 60 
3 77 59 96 
3 47 77 67 
3 33 67 57 
3 31 57 55 
3 27 55 45 
3 18 45 44 
3 24 44 46 
3 231 377 255 
3 255 170 143 
3 99 89 170 
3 99 60 56 
3 29 46 53 
3 34 29 53 
3 34 43 38 
3 49 43 58 
3 72 63 58 
3 72 90 80 
3 102 90 129 
3 144 129 172 
3 904 998 1016 
3 791 887 904 
3 1131 1016 1113 
3 1131 1230 1238 
3 1238 1338 1344 
3 1344 1447 1450 
3 1557 1554 1450 
3 680 778 791 
3 567 661 680 
3 410 511 539 
3 567 445 539 
3 299 376 410 
3 299 272 376 
3 217 252 272 
3 217 176 172 
3 1180 1187 1077 
3 1180 1068 1173 
3 1173 1059 1169 
3 1844 1928 1947 
3 1928 1842 1978 
3 1744 1844 1853 
3 2447 2350 2432 
3 2353 2255 2350 
3 2163 2255 2259 
3 2071 2163 2169 
3 2071 2080 1971 
3 1978 1858 1971 
3 2522 2432 2508 
3 2508 2572 2594 
3 1754 1634 1744 
3 1771 1608 1633 
3 1634 1754 1633 
3 1594 1495 1608 
3 2572 2540 2608 
3 1495 1491 1390 
3 1387 1279 1390 
3 2575 2531 2570 
3 2579 2575 2606 
3 2531 2468 2491 
3 2540 2579 2608 
3 1168 1279 1278 
3 2468 2402 2415 
3 1169 1058 1168 
3 1748 1756 1857 
3 1653 1659 1756 
3 1957 1849 1857 
3 1953 1957 2056 
3 2050 2056 2150 
3 2143 2150 2243 
3 2235 2243 2330 
3 2402 2320 2330 
3 1549 1554 1659 
3 1089 984 1077 
3 994 888 984 
3 788 888 899 
3 799 688 788 
3 700 587 688 
3 602 467 587 
3 325 467 489 
3 377 231 349 
3 349 325 489 
3 59 42 91 
3 74 42 30 
3 30 23 60 
3 59 77 47 
3 33 47 67 
3 31 33 57 
3 31 55 27 
3 18 27 45 
3 24 18 44 
3 29 24 46 
3 231 255 143 
3 170 89 143 
3 89 99 56 
3 60 23 56 
3 28 29 34 
3 38 43 49 
3 28 34 38 
3 63 49 58 
3 63 72 80 
3 90 102 80 
3 144 102 129 
3 176 144 172 
3 921 904 1016 
3 808 791 904 
3 1131 1034 1016 
3 1139 1131 1238 
3 1245 1238 1344 
3 1347 1344 1450 
3 1450 1554 1449 
3 699 680 791 
3 596 567 680 
3 445 410 539 
3 445 567 488 
3 299 410 339 
3 246 272 299 
3 246 217 272 
3 176 217 209 
3 1068 1180 1077 
3 1068 1059 1173 
3 1169 1059 1058 
3 1928 1844 1842 
3 1978 1842 1858 
3 1744 1738 1844 
3 2350 2338 2432 
3 2255 2249 2350 
3 2255 2163 2155 
3 2071 2063 2163 
3 2071 1971 1965 
3 1858 1861 1971 
3 2432 2419 2508 
3 2508 2485 2572 
3 1634 1638 1744 
3 1608 1507 1633 
3 1515 1634 1633 
3 1608 1495 1507 
3 2485 2540 2572 
3 1393 1495 1390 
3 1279 1282 1390 
3 2553 2531 2575 
3 2555 2575 2579 
3 2531 2518 2468 
3 2519 2579 2540 
3 1168 1172 1279 
3 2464 2402 2468 
3 1168 1058 1061 
3 1748 1653 1756 
3 1849 1748 1857 
3 1549 1659 1653 
3 1849 1957 1953 
3 2050 1953 2056 
3 2143 2050 2150 
3 2235 2143 2243 
3 2320 2235 2330 
3 2402 2398 2320 
3 1554 1549 1449 
3 984 962 1077 
3 984 888 878 
3 888 788 786 
3 788 688 681 
3 587 575 688 
3 467 451 587 
3 325 308 467 
3 231 208 349 
3 208 325 349 
3 42 59 26 
3 30 42 2 
3 23 30 6 
3 26 59 47 
3 26 47 33 
3 33 31 3 
3 14 31 27 
3 18 11 27 
3 13 18 24 
3 29 17 24 
3 124 231 143 
3 89 73 143 
3 89 56 40 
3 56 23 40 
3 29 28 17 
3 48 38 49 
3 37 28 38 
3 63 64 49 
3 82 63 80 
3 102 105 80 
3 140 102 144 
3 174 144 176 
3 921 808 904 
3 1034 921 1016 
3 699 791 808 
3 1034 1131 1139 
3 1245 1139 1238 
3 1245 1344 1347 
3 1347 1450 1449 
3 596 680 699 
3 567 596 488 
3 339 410 445 
3 368 445 488 
3 266 299 339 
3 246 299 266 
3 217 246 209 
3 206 176 209 
3 962 1068 1077 
3 1059 1068 946 
3 1059 942 1058 
3 1844 1738 1842 
3 1842 1737 1858 
3 1744 1638 1738 
3 2432 2338 2419 
3 2350 2249 2338 
3 2255 2155 2249 
3 2163 2063 2155 
3 2063 2071 1965 
3 1971 1861 1965 
3 1745 1861 1858 
3 2508 2419 2485 
3 1634 1523 1638 
3 1507 1515 1633 
3 1523 1634 1515 
3 1495 1393 1507 
3 2540 2485 2465 
3 1282 1393 1390 
3 1279 1172 1282 
3 2531 2553 2518 
3 2555 2553 2575 
3 2555 2579 2519 
3 2518 2464 2468 
3 2519 2540 2465 
3 1062 1172 1168 
3 2402 2464 2398 
3 1058 945 1061 
3 1062 1168 1061 
3 1647 1653 1748 
3 1849 1741 1748 
3 1547 1549 1653 
3 1843 1849 1953 
3 1944 1953 2050 
3 2041 2050 2143 
3 2138 2143 2235 
3 2233 2235 2320 
3 2398 2325 2320 
3 1549 1446 1449 
3 984 878 962 
3 888 786 878 
3 786 788 681 
3 688 575 681 
3 587 451 575 
3 308 451 467 
3 325 199 308 
3 208 231 124 
3 325 208 199 
3 42 26 2 
3 30 2 6 
3 0 23 6 
3 26 33 3 
3 3 31 14 
3 11 14 27 
3 11 18 13 
3 17 13 24 
3 73 124 143 
3 73 89 40 
3 23 0 40 
3 28 25 17 
3 48 37 38 
3 64 48 49 
3 28 37 25 
3 82 64 63 
3 105 82 80 
3 140 105 102 
3 140 144 174 
3 174 176 206 
3 821 808 921 
3 932 921 1034 
3 718 699 808 
3 1040 1034 1139 
3 1143 1139 1245 
3 1246 1245 1347 
3 1346 1347 1449 
3 612 596 699 
3 488 596 507 
3 368 339 445 
3 397 368 488 
3 289 266 339 
3 237 246 266 
3 246 237 209 
3 227 206 209 
3 1068 962 946 
3 942 1059 946 
3 942 945 1058 
3 1738 1737 1842 
3 1737 1745 1858 
3 1638 1642 1738 
3 2338 2327 2419 
3 2249 2239 2338 
3 2155 2147 2249 
3 2063 2055 2155 
3 1959 2063 1965 
3 1861 1856 1965 
3 1746 1861 1745 
3 2419 2403 2485 
3 1523 1530 1638 
3 1507 1400 1515 
3 1403 1523 1515 
3 1393 1400 1507 
3 2485 2403 2465 
3 1282 1285 1393 
3 1282 1172 1174 
3 2518 2553 2544 
3 2553 2555 2538 
3 2504 2555 2519 
3 2518 2520 2464 
3 2453 2519 2465 
3 1172 1062 1067 
3 2464 2474 2398 
3 945 951 1061 
3 951 1062 1061 
3 1647 1547 1653 
3 1741 1647 1748 
3 1741 1849 1843 
3 1549 1547 1446 
3 1944 1843 1953 
3 2041 1944 2050 
3 2138 2041 2143 
3 2233 2138 2235 
3 2325 2233 2320 
3 2412 2325 2398 
3 1446 1346 1449 
3 962 878 828 
3 786 794 878 
3 682 786 681 
3 575 568 681 
3 451 437 575 
3 451 308 296 
3 308 199 194 
3 116 208 124 
3 208 116 199 
3 2 26 3 
3 6 2 5 
3 0 6 7 
3 1 3 14 
3 11 8 14 
3 10 11 13 
3 16 13 17 
3 73 66 124 
3 22 73 40 
3 0 22 40 
3 25 16 17 
3 48 50 37 
3 65 48 64 
3 37 36 25 
3 85 64 82 
3 82 105 112 
3 152 105 140 
3 184 140 174 
3 220 174 206 
3 718 808 821 
3 932 821 921 
3 932 1034 1040 
3 612 699 718 
3 1143 1040 1139 
3 1143 1245 1246 
3 1346 1246 1347 
3 596 612 507 
3 397 488 507 
3 289 339 368 
3 397 327 368 
3 289 261 266 
3 261 237 266 
3 237 227 209 
3 245 206 227 
3 962 828 946 
3 942 946 827 
3 945 942 833 
3 1738 1642 1737 
3 1737 1643 1745 
3 1530 1642 1638 
3 2327 2403 2419 
3 2338 2239 2327 
3 2249 2147 2239 
3 2155 2055 2147 
3 2063 1959 2055 
3 1856 1959 1965 
3 1861 1746 1856 
3 1641 1746 1745 
3 1523 1413 1530 
3 1400 1403 1515 
3 1523 1403 1413 
3 1393 1285 1400 
3 2403 2378 2465 
3 1282 1174 1285 
3 1172 1067 1174 
3 2544 2553 2538 
3 2520 2518 2544 
3 2555 2504 2538 
3 2453 2504 2519 
3 2464 2520 2474 
3 2378 2453 2465 
3 1062 960 1067 
3 2474 2412 2398 
3 951 945 840 
3 951 960 1062 
3 1541 1547 1647 
3 1741 1640 1647 
3 1734 1741 1843 
3 1547 1438 1446 
3 1838 1843 1944 
3 1940 1944 2041 
3 2038 2041 2138 
3 2142 2138 2233 
3 2240 2233 2325 
3 2412 2336 2325 
3 1340 1346 1446 
3 878 794 828 
3 682 794 786 
3 568 682 681 
3 575 437 568 
3 437 451 296 
3 296 308 194 
3 199 110 194 
3 66 116 124 
3 116 110 199 
3 1 2 3 
3 5 2 1 
3 7 6 5 
3 4 0 7 
3 8 1 14 
3 11 10 8 
3 16 10 13 
3 66 73 22 
3 0 4 22 
3 21 16 25 
3 50 36 37 
3 65 50 48 
3 85 65 64 
3 36 21 25 
3 85 82 112 
3 105 152 112 
3 184 152 140 
3 220 184 174 
3 245 220 206 
3 736 718 821 
3 932 843 821 
3 941 932 1040 
3 626 612 718 
3 1047 1040 1143 
3 1148 1143 1246 
3 1346 1241 1246 
3 612 529 507 
3 421 397 507 
3 327 289 368 
3 327 397 352 
3 261 289 280 
3 250 237 261 
3 237 250 227 
3 254 245 227 
3 946 828 827 
3 833 942 827 
3 945 833 840 
3 1642 1643 1737 
3 1643 1641 1745 
3 1530 1537 1642 
3 2403 2327 2305 
3 2239 2228 2327 
3 2147 2135 2239 
3 2055 2043 2147 
3 1959 1950 2055 
3 1856 1848 1959 
3 1746 1742 1856 
3 1641 1637 1746 
3 1413 1424 1530 
3 1289 1403 1400 
3 1403 1296 1413 
3 1285 1289 1400 
3 2403 2305 2378 
3 1285 1174 1178 
3 1067 1070 1174 
3 2545 2544 2538 
3 2560 2520 2544 
3 2538 2504 2503 
3 2453 2440 2504 
3 2474 2520 2534 
3 2378 2365 2453 
3 960 968 1067 
3 2489 2412 2474 
3 951 840 848 
3 960 951 848 
3 1547 1541 1438 
3 1640 1541 1647 
3 1734 1640 1741 
3 1838 1734 1843 
3 1438 1340 1446 
3 1940 1838 1944 
3 2038 1940 2041 
3 2142 2038 2138 
3 2240 2142 2233 
3 2336 2240 2325 
3 2412 2428 2336 
3 1241 1346 1340 
3 794 694 828 
3 794 682 694 
3 682 568 577 
3 568 437 435 
3 437 296 302 
3 200 296 194 
3 194 110 117 
3 116 66 62 
3 116 62 110 
3 5 1 8 
3 7 5 9 
3 12 4 7 
3 10 9 8 
3 15 10 16 
3 66 22 32 
3 22 4 32 
3 15 16 21 
3 51 36 50 
3 68 50 65 
3 88 65 85 
3 36 35 21 
3 115 85 112 
3 152 156 112 
3 193 152 184 
3 236 184 220 
3 260 220 245 
3 626 718 736 
3 843 736 821 
3 843 932 941 
3 1047 941 1040 
3 529 612 626 
3 1047 1143 1148 
3 1241 1148 1246 
3 529 421 507 
3 397 421 352 
3 280 289 327 
3 305 327 352 
3 281 261 280 
3 268 250 261 
3 250 254 227 
3 245 254 277 
3 828 707 827 
3 711 833 827 
3 840 833 721 
3 1642 1537 1643 
3 1643 1538 1641 
3 1530 1424 1537 
3 2327 2228 2305 
3 2239 2135 2228 
3 2147 2043 2135 
3 2055 1950 2043 
3 1959 1848 1950 
3 1742 1848 1856 
3 1746 1637 1742 
3 1641 1534 1637 
3 1413 1309 1424 
3 1289 1296 1403 
3 1296 1309 1413 
3 1289 1285 1178 
3 2378 2305 2288 
3 1174 1070 1178 
3 1067 968 1070 
3 2545 2560 2544 
3 2545 2538 2503 
3 2520 2560 2534 
3 2504 2440 2503 
3 2365 2440 2453 
3 2489 2474 2534 
3 2365 2378 2288 
3 960 858 968 
3 2489 2428 2412 
3 840 735 848 
3 960 848 858 
3 1541 1433 1438 
3 1541 1640 1535 
3 1640 1734 1632 
3 1730 1734 1838 
3 1332 1340 1438 
3 1940 1837 1838 
3 1942 1940 2038 
3 2045 2038 2142 
3 2240 2146 2142 
3 2246 2240 2336 
3 2428 2347 2336 
3 1231 1241 1340 
3 694 707 828 
3 682 577 694 
3 568 435 577 
3 435 437 302 
3 296 200 302 
3 200 194 117 
3 110 70 117 
3 62 66 32 
3 110 62 70 
3 9 5 8 
3 12 7 9 
3 4 12 19 
3 10 15 9 
3 4 19 32 
3 20 15 21 
3 36 51 35 
3 51 50 68 
3 88 68 65 
3 88 85 115 
3 35 20 21 
3 156 115 112 
3 152 193 156 
3 193 184 236 
3 260 236 220 
3 260 245 277 
3 626 736 649 
3 750 736 843 
3 852 843 941 
3 955 941 1047 
3 542 529 626 
3 1054 1047 1148 
3 1116 1148 1241 
3 452 421 529 
3 352 421 374 
3 305 280 327 
3 332 305 352 
3 281 268 261 
3 295 281 280 
3 268 254 250 
3 277 254 294 
3 707 711 827 
3 833 711 721 
3 735 840 721 
3 1537 1538 1643 
3 1538 1534 1641 
3 1424 1431 1537 
3 2228 2209 2305 
3 2135 2122 2228 
3 2043 2031 2135 
3 1950 1934 2043 
3 1848 1835 1950 
3 1848 1742 1732 
3 1637 1627 1742 
3 1534 1526 1637 
3 1309 1321 1424 
3 1183 1296 1289 
3 1296 1193 1309 
3 1183 1289 1178 
3 2305 2209 2288 
3 1070 1071 1178 
3 1070 968 969 
3 2560 2545 2569 
3 2515 2545 2503 
3 2560 2586 2534 
3 2440 2441 2503 
3 2440 2365 2360 
3 2561 2489 2534 
3 2278 2365 2288 
3 968 858 880 
3 2428 2489 2513 
3 735 752 848 
3 848 752 858 
3 1433 1332 1438 
3 1433 1541 1535 
3 1535 1640 1632 
3 1632 1734 1730 
3 1837 1730 1838 
3 1332 1231 1340 
3 1942 1837 1940 
3 2045 1942 2038 
3 2146 2045 2142 
3 2146 2240 2246 
3 2347 2246 2336 
3 2443 2347 2428 
3 1231 1116 1241 
3 585 707 694 
3 577 585 694 
3 435 450 577 
3 435 302 312 
3 200 207 302 
3 130 200 117 
3 70 76 117 
3 62 32 41 
3 62 41 70 
3 15 12 9 
3 19 12 20 
3 32 19 41 
3 12 15 20 
3 35 51 52 
3 51 68 69 
3 68 88 86 
3 111 88 115 
3 35 39 20 
3 153 115 156 
3 193 196 156 
3 193 236 244 
3 270 236 260 
3 298 260 277 
3 736 750 649 
3 542 626 649 
3 852 750 843 
3 955 852 941 
3 1054 955 1047 
3 452 529 542 
3 1116 1054 1148 
3 421 452 374 
3 332 352 374 
3 305 295 280 
3 323 305 332 
3 268 281 317 
3 334 281 295 
3 254 268 294 
3 338 277 294 
3 707 592 711 
3 711 605 721 
3 616 735 721 
3 1537 1431 1538 
3 1534 1538 1432 
3 1424 1321 1431 
3 2228 2122 2209 
3 2031 2122 2135 
3 1934 2031 2043 
3 1950 1835 1934 
3 1848 1732 1835 
3 1742 1627 1732 
3 1637 1526 1627 
3 1526 1534 1426 
3 1309 1208 1321 
3 1296 1183 1193 
3 1193 1208 1309 
3 1071 1183 1178 
3 2209 2195 2288 
3 1071 1070 969 
3 968 880 969 
3 2545 2515 2569 
3 2560 2569 2586 
3 2441 2515 2503 
3 2586 2561 2534 
3 2440 2360 2441 
3 2365 2278 2360 
3 2513 2489 2561 
3 2195 2278 2288 
3 858 777 880 
3 2443 2428 2513 
3 735 639 752 
3 752 777 858 
3 1324 1332 1433 
3 1425 1433 1535 
3 1529 1535 1632 
3 1631 1632 1730 
3 1837 1733 1730 
3 1217 1231 1332 
3 1942 1841 1837 
3 1949 1942 2045 
3 2052 2045 2146 
3 2154 2146 2246 
3 2347 2257 2246 
3 2443 2358 2347 
3 1231 1105 1116 
3 585 592 707 
3 450 585 577 
3 435 312 450 
3 302 207 312 
3 200 130 207 
3 76 130 117 
3 54 76 70 
3 41 54 70 
3 39 19 20 
3 19 39 41 
3 52 51 69 
3 39 35 52 
3 69 68 86 
3 88 111 86 
3 153 111 115 
3 196 153 156 
3 196 193 244 
3 236 270 244 
3 270 260 298 
3 338 298 277 
3 750 662 649 
3 561 542 649 
3 760 750 852 
3 852 955 864 
3 955 1054 971 
3 480 452 542 
3 971 1054 1116 
3 452 396 374 
3 345 332 374 
3 305 323 295 
3 335 323 332 
3 317 281 334 
3 294 268 317 
3 340 334 295 
3 363 338 294 
3 711 592 605 
3 605 616 721 
3 735 616 639 
3 1538 1431 1432 
3 1534 1432 1426 
3 1321 1330 1431 
3 2209 2122 2108 
3 2122 2031 2021 
3 2031 1934 1923 
3 1835 1825 1934 
3 1732 1725 1835 
3 1627 1619 1732 
3 1526 1520 1627 
3 1416 1526 1426 
3 1208 1222 1321 
3 1193 1183 1078 
3 1096 1208 1193 
3 1183 1071 1078 
3 2195 2209 2108 
3 1071 969 953 
3 969 880 953 
3 2515 2532 2569 
3 2569 2599 2586 
3 2441 2458 2515 
3 2610 2561 2586 
3 2360 2363 2441 
3 2278 2271 2360 
3 2595 2513 2561 
3 2278 2195 2181 
3 777 819 880 
3 2552 2443 2513 
3 639 666 752 
3 666 777 752 
3 1324 1217 1332 
3 1425 1324 1433 
3 1529 1425 1535 
3 1631 1529 1632 
3 1733 1631 1730 
3 1841 1733 1837 
3 1105 1231 1217 
3 1949 1841 1942 
3 2052 1949 2045 
3 2154 2052 2146 
3 2257 2154 2246 
3 2347 2358 2257 
3 2457 2358 2443 
3 1105 990 1116 
3 460 592 585 
3 460 585 450 
3 312 324 450 
3 207 221 312 
3 130 145 207 
3 76 92 130 
3 76 54 71 
3 39 54 41 
3 71 52 69 
3 54 39 52 
3 69 86 83 
3 111 108 86 
3 111 153 149 
3 153 196 192 
3 196 244 240 
3 270 275 244 
3 270 298 318 
3 298 338 366 
3 662 561 649 
3 760 662 750 
3 561 480 542 
3 760 852 864 
3 864 955 971 
3 396 452 480 
3 990 971 1116 
3 396 345 374 
3 335 332 345 
3 323 340 295 
3 335 346 323 
3 386 317 334 
3 363 294 317 
3 388 334 340 
3 338 363 407 
3 592 479 605 
3 500 616 605 
3 616 524 639 
3 1431 1330 1432 
3 1432 1326 1426 
3 1222 1330 1321 
3 2122 2021 2108 
3 2021 2031 1923 
3 1934 1825 1923 
3 1835 1725 1825 
3 1732 1619 1725 
3 1520 1619 1627 
3 1416 1520 1526 
3 1313 1416 1426 
3 1208 1111 1222 
3 1096 1193 1078 
3 1096 1111 1208 
3 1071 953 1078 
3 2098 2195 2108 
3 880 819 953 
3 2532 2599 2569 
3 2458 2532 2515 
3 2599 2610 2586 
3 2363 2458 2441 
3 2610 2595 2561 
3 2271 2363 2360 
3 2271 2278 2181 
3 2595 2552 2513 
3 2195 2098 2181 
3 777 705 819 
3 2443 2552 2497 
3 556 666 639 
3 666 705 777 
3 1212 1217 1324 
3 1322 1324 1425 
3 1428 1425 1529 
3 1631 1533 1529 
3 1631 1733 1636 
3 1733 1841 1736 
3 1106 1105 1217 
3 1846 1841 1949 
3 1956 1949 2052 
3 2062 2052 2154 
3 2257 2172 2154 
3 2358 2272 2257 
3 2457 2374 2358 
3 2457 2443 2497 
3 997 990 1105 
3 592 460 479 
3 324 460 450 
3 221 324 312 
3 145 221 207 
3 92 145 130 
3 76 71 92 
3 54 52 71 
3 71 69 83 
3 86 108 83 
3 108 111 149 
3 149 153 192 
3 192 196 240 
3 244 275 240 
3 275 270 318 
3 318 298 366 
3 366 338 407 
3 590 561 662 
3 679 662 760 
3 497 480 561 
3 779 760 864 
3 877 864 971 
3 416 396 480 
3 990 877 971 
3 345 396 371 
3 348 335 345 
3 323 346 340 
3 335 356 346 
3 386 363 317 
3 388 386 334 
3 392 388 340 
3 363 446 407 
3 479 500 605 
3 524 616 500 
3 524 556 639 
3 1330 1326 1432 
3 1326 1313 1426 
3 1330 1222 1226 
3 2021 2007 2108 
3 1915 2021 1923 
3 1825 1820 1923 
3 1725 1717 1825 
3 1619 1612 1725 
3 1619 1520 1511 
3 1416 1408 1520 
3 1313 1300 1416 
3 1111 1122 1222 
3 981 1096 1078 
3 1096 999 1111 
3 953 981 1078 
3 2007 2098 2108 
3 819 859 953 
3 2532 2558 2599 
3 2458 2473 2532 
3 2618 2610 2599 
3 2373 2458 2363 
3 2610 2639 2595 
3 2271 2275 2363 
3 2180 2271 2181 
3 2624 2552 2595 
3 2098 2091 2181 
3 705 743 819 
3 2552 2598 2497 
3 666 556 600 
3 666 600 705 
3 1212 1106 1217 
3 1322 1212 1324 
3 1428 1322 1425 
3 1533 1428 1529 
3 1533 1631 1636 
3 1636 1733 1736 
3 1841 1846 1736 
3 1106 997 1105 
3 1956 1846 1949 
3 2062 1956 2052 
3 2172 2062 2154 
3 2272 2172 2257 
3 2358 2374 2272 
3 2472 2374 2457 
3 2543 2457 2497 
3 997 896 990 
3 460 342 479 
3 460 324 342 
3 221 242 324 
3 221 145 168 
3 114 145 92 
3 92 71 83 
3 108 114 83 
3 108 149 151 
3 149 192 188 
3 188 192 240 
3 275 279 240 
3 275 318 333 
3 318 366 378 
3 453 366 407 
3 590 497 561 
3 679 590 662 
3 679 760 779 
3 497 416 480 
3 877 779 864 
3 396 416 371 
3 896 877 990 
3 348 345 371 
3 356 335 348 
3 346 392 340 
3 346 356 393 
3 386 446 363 
3 388 471 386 
3 388 392 470 
3 446 515 407 
3 479 372 500 
3 403 524 500 
3 524 456 556 
3 1330 1226 1326 
3 1313 1326 1213 
3 1222 1122 1226 
3 2021 1915 2007 
3 1820 1915 1923 
3 1825 1717 1820 
3 1725 1612 1717 
3 1619 1511 1612 
3 1520 1408 1511 
3 1300 1408 1416 
3 1313 1207 1300 
3 1022 1122 1111 
3 981 999 1096 
3 999 1022 1111 
3 859 981 953 
3 2098 2007 2001 
3 743 859 819 
3 2558 2618 2599 
3 2473 2558 2532 
3 2373 2473 2458 
3 2618 2639 2610 
3 2275 2373 2363 
3 2639 2624 2595 
3 2180 2275 2271 
3 2091 2180 2181 
3 2598 2552 2624 
3 2098 2001 2091 
3 705 632 743 
3 2598 2543 2497 
3 556 503 600 
3 600 632 705 
3 1109 1106 1212 
3 1215 1212 1322 
3 1428 1325 1322 
3 1429 1428 1533 
3 1539 1533 1636 
3 1646 1636 1736 
3 1846 1749 1736 
3 1005 997 1106 
3 1956 1859 1846 
3 1967 1956 2062 
3 2062 2172 2078 
3 2189 2172 2272 
3 2374 2294 2272 
3 2472 2393 2374 
3 2543 2472 2457 
3 905 896 997 
3 342 372 479 
3 324 242 342 
3 221 168 242 
3 145 114 168 
3 114 92 83 
3 114 108 151 
3 151 149 188 
3 241 188 240 
3 279 241 240 
3 275 333 279 
3 333 318 378 
3 378 366 453 
3 515 453 407 
3 520 497 590 
3 611 590 679 
3 701 679 779 
3 416 497 419 
3 877 793 779 
3 371 416 419 
3 877 896 793 
3 369 348 371 
3 365 356 348 
3 392 346 393 
3 356 395 393 
3 386 471 446 
3 471 388 470 
3 392 465 470 
3 515 446 535 
3 372 403 500 
3 403 456 524 
3 456 503 556 
3 1326 1226 1213 
3 1207 1313 1213 
3 1122 1121 1226 
3 1915 1907 2007 
3 1820 1808 1915 
3 1820 1717 1709 
3 1612 1604 1717 
3 1511 1500 1612 
3 1408 1401 1511 
3 1295 1408 1300 
3 1300 1207 1194 
3 1026 1122 1022 
3 981 894 999 
3 918 1022 999 
3 859 894 981 
3 2007 1907 2001 
3 859 743 781 
3 2558 2591 2618 
3 2558 2473 2481 
3 2473 2373 2382 
3 2648 2639 2618 
3 2275 2285 2373 
3 2639 2657 2624 
3 2180 2187 2275 
3 2094 2180 2091 
3 2649 2598 2624 
3 2001 1998 2091 
3 743 632 674 
3 2622 2543 2598 
3 503 536 600 
3 600 536 632 
3 1109 1005 1106 
3 1215 1109 1212 
3 1325 1215 1322 
3 1429 1325 1428 
3 1539 1429 1533 
3 1646 1539 1636 
3 1749 1646 1736 
3 1859 1749 1846 
3 905 997 1005 
3 1859 1956 1967 
3 1967 2062 2078 
3 2172 2189 2078 
3 2294 2189 2272 
3 2374 2393 2294 
3 2495 2393 2472 
3 2472 2543 2576 
3 905 807 896 
3 342 267 372 
3 242 267 342 
3 168 201 242 
3 114 151 168 
3 201 151 188 
3 241 201 188 
3 241 279 311 
3 279 333 360 
3 333 378 400 
3 378 453 455 
3 453 515 571 
3 497 520 419 
3 611 520 590 
3 611 679 701 
3 793 701 779 
3 369 371 419 
3 896 807 793 
3 369 365 348 
3 395 356 365 
3 465 392 393 
3 395 463 393 
3 446 471 535 
3 471 470 548 
3 470 465 551 
3 515 535 610 
3 311 403 372 
3 403 360 456 
3 456 400 503 
3 1226 1121 1213 
3 1108 1207 1213 
3 1122 1026 1121 
3 1915 1808 1907 
3 1808 1820 1709 
3 1717 1604 1709 
3 1500 1604 1612 
3 1401 1500 1511 
3 1408 1295 1401 
3 1295 1300 1194 
3 1207 1099 1194 
3 1026 1022 926 
3 894 918 999 
3 1022 918 926 
3 894 859 781 
3 1907 1904 2001 
3 743 674 781 
3 2591 2648 2618 
3 2591 2558 2481 
3 2473 2382 2481 
3 2373 2285 2382 
3 2648 2657 2639 
3 2187 2285 2275 
3 2657 2649 2624 
3 2094 2187 2180 
3 1998 2094 2091 
3 2649 2622 2598 
3 1904 1998 2001 
3 632 571 674 
3 2543 2622 2576 
3 536 503 455 
3 632 536 571 
3 1005 1109 1013 
3 1110 1109 1215 
3 1325 1218 1215 
3 1327 1325 1429 
3 1434 1429 1539 
3 1544 1539 1646 
3 1749 1654 1646 
3 1859 1762 1749 
3 905 1005 911 
3 1873 1859 1967 
3 1985 1967 2078 
3 2189 2100 2078 
3 2294 2210 2189 
3 2393 2317 2294 
3 2495 2421 2393 
3 2495 2472 2576 
3 807 905 815 
3 267 311 372 
3 242 201 267 
3 168 151 201 
3 201 241 267 
3 279 360 311 
3 267 241 311 
3 360 333 400 
3 400 378 455 
3 453 536 455 
3 515 610 571 
3 536 453 571 
3 520 459 419 
3 520 611 541 
3 627 611 701 
3 716 701 793 
3 394 369 419 
3 807 716 793 
3 380 365 369 
3 395 365 406 
3 463 465 393 
3 463 395 476 
3 535 471 548 
3 548 470 551 
3 465 546 551 
3 535 634 610 
3 360 403 311 
3 360 400 456 
3 503 400 455 
3 1121 1108 1213 
3 1207 1108 1099 
3 1121 1026 1020 
3 1907 1808 1804 
3 1703 1808 1709 
3 1604 1596 1709 
3 1493 1604 1500 
3 1394 1500 1401 
3 1295 1290 1401 
3 1186 1295 1194 
3 1099 1086 1194 
3 923 1026 926 
3 894 814 918 
3 918 830 926 
3 814 894 781 
3 1904 1907 1804 
3 674 710 781 
3 2636 2648 2591 
3 2482 2591 2481 
3 2382 2391 2481 
3 2285 2290 2382 
3 2648 2673 2657 
3 2285 2187 2192 
3 2690 2649 2657 
3 2187 2094 2095 
3 2094 1998 1999 
3 2649 2687 2622 
3 1904 1901 1998 
3 571 610 674 
3 2622 2654 2576 
3 1013 1109 1110 
3 911 1005 1013 
3 1218 1110 1215 
3 1325 1327 1218 
3 1327 1429 1434 
3 1544 1434 1539 
3 1654 1544 1646 
3 1762 1654 1749 
3 1762 1859 1873 
3 815 905 911 
3 1985 1873 1967 
3 2100 1985 2078 
3 2210 2100 2189 
3 2317 2210 2294 
3 2421 2317 2393 
3 2526 2421 2495 
3 2611 2495 2576 
3 728 807 815 
3 459 394 419 
3 459 520 541 
3 611 627 541 
3 716 627 701 
3 380 369 394 
3 728 716 807 
3 365 380 406 
3 476 395 406 
3 465 463 546 
3 463 476 547 
3 634 535 548 
3 548 551 648 
3 546 642 551 
3 610 634 710 
3 1121 1020 1108 
3 1108 1011 1099 
3 1026 923 1020 
3 1808 1703 1804 
3 1596 1703 1709 
3 1493 1596 1604 
3 1394 1493 1500 
3 1290 1394 1401 
3 1295 1186 1290 
3 1086 1186 1194 
3 993 1086 1099 
3 831 923 926 
3 814 830 918 
3 830 831 926 
3 710 814 781 
3 1797 1904 1804 
3 610 710 674 
3 2636 2673 2648 
3 2636 2591 2562 
3 2591 2482 2562 
3 2391 2482 2481 
3 2290 2391 2382 
3 2290 2285 2192 
3 2673 2690 2657 
3 2187 2095 2192 
3 2690 2687 2649 
3 2094 1999 2095 
3 1998 1901 1999 
3 2622 2687 2654 
3 1901 1904 1797 
3 2654 2611 2576 
3 1006 1013 1110 
3 908 911 1013 
3 1112 1110 1218 
3 1327 1224 1218 
3 1331 1327 1434 
3 1544 1440 1434 
3 1544 1654 1552 
3 1665 1654 1762 
3 1762 1873 1776 
3 816 815 911 
3 1985 1891 1873 
3 2005 1985 2100 
3 2210 2117 2100 
3 2317 2230 2210 
3 2421 2339 2317 
3 2451 2421 2526 
3 2526 2495 2611 
3 728 815 729 
3 418 394 459 
3 491 459 541 
3 627 558 541 
3 646 627 716 
3 380 394 408 
3 646 716 728 
3 380 428 406 
3 493 476 406 
3 546 463 547 
3 547 476 559 
3 634 548 648 
3 551 642 648 
3 642 546 637 
3 710 634 732 
3 1020 1011 1108 
3 1011 993 1099 
3 923 919 1020 
3 1703 1697 1804 
3 1596 1591 1703 
3 1596 1493 1487 
3 1493 1394 1385 
3 1283 1394 1290 
3 1186 1184 1290 
3 1186 1086 1084 
3 978 1086 993 
3 831 825 923 
3 814 732 830 
3 738 831 830 
3 710 732 814 
3 1697 1797 1804 
3 2662 2673 2636 
3 2596 2636 2562 
3 2482 2486 2562 
3 2482 2391 2394 
3 2290 2295 2391 
3 2197 2290 2192 
3 2708 2690 2673 
3 2095 2097 2192 
3 2730 2687 2690 
3 1999 1997 2095 
3 1901 1900 1999 
3 2687 2724 2654 
3 1795 1901 1797 
3 2694 2611 2654 
3 1006 908 1013 
3 1112 1006 1110 
3 908 816 911 
3 1224 1112 1218 
3 1224 1327 1331 
3 1440 1331 1434 
3 1440 1544 1552 
3 1654 1665 1552 
3 1665 1762 1776 
3 1873 1891 1776 
3 815 816 729 
3 1891 1985 2005 
3 2117 2005 2100 
3 2230 2117 2210 
3 2317 2339 2230 
3 2451 2339 2421 
3 2563 2451 2526 
3 2641 2526 2611 
3 653 728 729 
3 394 418 408 
3 491 418 459 
3 558 491 541 
3 558 627 646 
3 428 380 408 
3 646 728 653 
3 428 493 406 
3 559 476 493 
3 546 547 637 
3 547 559 647 
3 732 634 648 
3 642 738 648 
3 642 637 734 
3 1020 919 1011 
3 1011 914 993 
3 923 825 919 
3 1703 1591 1697 
3 1596 1487 1591 
3 1493 1385 1487 
3 1394 1283 1385 
3 1184 1283 1290 
3 1184 1186 1084 
3 1086 978 1084 
3 881 978 993 
3 831 734 825 
3 732 738 830 
3 738 734 831 
3 1697 1691 1797 
3 2662 2708 2673 
3 2596 2662 2636 
3 2486 2596 2562 
3 2486 2482 2394 
3 2391 2295 2394 
3 2295 2290 2197 
3 2097 2197 2192 
3 2708 2730 2690 
3 1997 2097 2095 
3 2687 2730 2724 
3 1900 1997 1999 
3 1795 1900 1901 
3 2724 2694 2654 
3 1691 1795 1797 
3 2694 2641 2611 
3 1006 903 908 
3 1004 1006 1112 
3 802 816 908 
3 1114 1112 1224 
3 1228 1224 1331 
3 1440 1339 1331 
3 1452 1440 1552 
3 1665 1566 1552 
3 1675 1665 1776 
3 1891 1792 1776 
3 816 724 729 
3 1909 1891 2005 
3 2117 2027 2005 
3 2230 2140 2117 
3 2339 2250 2230 
3 2362 2339 2451 
3 2563 2471 2451 
3 2641 2563 2526 
3 651 653 729 
3 418 424 408 
3 418 491 442 
3 505 491 558 
3 576 558 646 
3 458 428 408 
3 576 646 653 
3 493 428 509 
3 559 493 580 
3 637 547 647 
3 647 559 655 
3 738 732 648 
3 738 642 734 
3 734 637 733 
3 919 914 1011 
3 914 881 993 
3 825 822 919 
3 1591 1587 1697 
3 1487 1483 1591 
3 1385 1380 1487 
3 1283 1276 1385 
3 1283 1184 1179 
3 1083 1184 1084 
3 978 975 1084 
3 978 881 865 
3 825 734 733 
3 1587 1691 1697 
3 2707 2708 2662 
3 2628 2662 2596 
3 2486 2521 2596 
3 2413 2486 2394 
3 2295 2289 2394 
3 2193 2295 2197 
3 2097 2096 2197 
3 2730 2708 2747 
3 1997 1994 2097 
3 2730 2765 2724 
3 1897 1997 1900 
3 1795 1793 1900 
3 2758 2694 2724 
3 1687 1795 1691 
3 2728 2641 2694 
3 903 802 908 
3 903 1006 1004 
3 1114 1004 1112 
3 802 724 816 
3 1228 1114 1224 
3 1339 1228 1331 
3 1452 1339 1440 
3 1566 1452 1552 
3 1665 1675 1566 
3 1792 1675 1776 
3 1909 1792 1891 
3 724 651 729 
3 2027 1909 2005 
3 2140 2027 2117 
3 2250 2140 2230 
3 2339 2362 2250 
3 2471 2362 2451 
3 2471 2563 2587 
3 2665 2563 2641 
3 651 579 653 
3 424 458 408 
3 424 418 442 
3 491 505 442 
3 505 558 576 
3 509 428 458 
3 579 576 653 
3 493 509 580 
3 559 580 655 
3 637 647 733 
3 647 655 740 
3 919 822 914 
3 826 881 914 
3 825 733 822 
3 1591 1483 1587 
3 1487 1380 1483 
3 1276 1380 1385 
3 1283 1179 1276 
3 1184 1083 1179 
3 975 1083 1084 
3 975 978 865 
3 881 753 865 
3 1587 1584 1691 
3 2708 2707 2747 
3 2628 2707 2662 
3 2521 2628 2596 
3 2413 2521 2486 
3 2289 2413 2394 
3 2295 2193 2289 
3 2096 2193 2197 
3 1994 2096 2097 
3 2765 2730 2747 
3 1997 1897 1994 
3 2765 2758 2724 
3 1793 1897 1900 
3 1793 1795 1687 
3 2758 2728 2694 
3 1584 1687 1691 
3 2728 2665 2641 
3 792 802 903 
3 897 903 1004 
3 1001 1004 1114 
3 706 724 802 
3 1118 1114 1228 
3 1339 1232 1228 
3 1349 1339 1452 
3 1466 1452 1566 
3 1675 1582 1566 
3 1792 1700 1675 
3 1815 1792 1909 
3 724 635 651 
3 1931 1909 2027 
3 2140 2049 2027 
3 2162 2140 2250 
3 2362 2276 2250 
3 2471 2384 2362 
3 2563 2665 2587 
3 2488 2471 2587 
3 566 579 651 
3 424 474 458 
3 441 424 442 
3 505 462 442 
3 516 505 576 
3 509 458 523 
3 516 576 579 
3 509 594 580 
3 580 669 655 
3 647 740 733 
3 740 655 753 
3 822 826 914 
3 753 881 826 
3 733 740 822 
3 1483 1477 1587 
3 1380 1370 1483 
3 1276 1271 1380 
3 1179 1171 1276 
3 1083 1076 1179 
3 1083 975 976 
3 975 865 869 
3 753 769 865 
3 1477 1584 1587 
3 2707 2752 2747 
3 2678 2707 2628 
3 2521 2564 2628 
3 2449 2521 2413 
3 2354 2413 2289 
3 2193 2183 2289 
3 2096 2089 2193 
3 1992 2096 1994 
3 2784 2765 2747 
3 1897 1893 1994 
3 2794 2758 2765 
3 1897 1793 1790 
3 1793 1687 1685 
3 2781 2728 2758 
3 1584 1578 1687 
3 2665 2728 2743 
3 792 706 802 
3 897 792 903 
3 1001 897 1004 
3 1118 1001 1114 
3 706 622 724 
3 1232 1118 1228 
3 1349 1232 1339 
3 1349 1452 1466 
3 1582 1466 1566 
3 1700 1582 1675 
3 1815 1700 1792 
3 1815 1909 1931 
3 635 566 651 
3 724 622 635 
3 2049 1931 2027 
3 2162 2049 2140 
3 2276 2162 2250 
3 2384 2276 2362 
3 2488 2384 2471 
3 2665 2677 2587 
3 2603 2488 2587 
3 566 512 579 
3 458 474 523 
3 474 424 441 
3 462 441 442 
3 462 505 516 
3 594 509 523 
3 512 516 579 
3 594 669 580 
3 655 669 753 
3 740 753 826 
3 822 740 826 
3 1483 1370 1477 
3 1271 1370 1380 
3 1276 1171 1271 
3 1179 1076 1171 
3 1076 1083 976 
3 976 975 869 
3 865 769 869 
3 753 669 769 
3 1584 1477 1472 
3 2752 2784 2747 
3 2678 2752 2707 
3 2564 2678 2628 
3 2449 2564 2521 
3 2354 2449 2413 
3 2279 2354 2289 
3 2183 2279 2289 
3 2089 2183 2193 
3 2096 1992 2089 
3 1893 1992 1994 
3 2784 2794 2765 
3 1893 1897 1790 
3 2794 2781 2758 
3 1793 1685 1790 
3 1687 1578 1685 
3 2728 2781 2743 
3 1578 1584 1472 
3 2677 2665 2743 
3 689 706 792 
3 782 792 897 
3 1001 890 897 
3 1000 1001 1118 
3 607 622 706 
3 1124 1118 1232 
3 1242 1232 1349 
3 1359 1349 1466 
3 1582 1482 1466 
3 1700 1598 1582 
3 1815 1719 1700 
3 1836 1815 1931 
3 545 566 635 
3 545 635 622 
3 2049 1960 1931 
3 2162 2076 2049 
3 2194 2162 2276 
3 2276 2384 2301 
3 2384 2488 2406 
3 2677 2603 2587 
3 2603 2496 2488 
3 496 512 566 
3 523 474 525 
3 481 474 441 
3 448 441 462 
3 469 462 516 
3 594 523 603 
3 512 469 516 
3 669 594 677 
3 1370 1368 1477 
3 1370 1271 1261 
3 1171 1165 1271 
3 1076 1069 1171 
3 1076 976 973 
3 870 976 869 
3 769 772 869 
3 669 677 769 
3 1477 1368 1472 
3 2785 2784 2752 
3 2729 2752 2678 
3 2564 2612 2678 
3 2564 2449 2475 
3 2354 2364 2449 
3 2279 2364 2354 
3 2279 2183 2178 
3 2083 2183 2089 
3 1992 1987 2089 
3 1992 1893 1892 
3 2794 2784 2816 
3 1788 1893 1790 
3 2781 2794 2826 
3 1685 1682 1790 
3 1578 1577 1685 
3 2781 2811 2743 
3 1465 1578 1472 
3 2750 2677 2743 
3 689 607 706 
3 782 689 792 
3 890 782 897 
3 1000 890 1001 
3 1124 1000 1118 
3 607 528 622 
3 1242 1124 1232 
3 1359 1242 1349 
3 1466 1366 1359 
3 1482 1366 1466 
3 1598 1482 1582 
3 1719 1598 1700 
3 1815 1836 1719 
3 1960 1836 1931 
3 545 496 566 
3 528 545 622 
3 2076 1960 2049 
3 2194 2076 2162 
3 2194 2276 2301 
3 2384 2406 2301 
3 2488 2496 2406 
3 2684 2603 2677 
3 2604 2496 2603 
3 496 454 512 
3 474 481 525 
3 523 525 603 
3 448 481 441 
3 469 448 462 
3 677 594 603 
3 454 469 512 
3 1370 1261 1368 
3 1271 1165 1261 
3 1171 1069 1165 
3 1076 973 1069 
3 976 870 973 
3 772 870 869 
3 677 772 769 
3 1368 1360 1472 
3 2784 2785 2816 
3 2729 2785 2752 
3 2612 2729 2678 
3 2612 2564 2475 
3 2449 2364 2475 
3 2279 2274 2364 
3 2183 2083 2178 
3 2274 2279 2178 
3 1987 2083 2089 
3 1987 1992 1892 
3 1893 1788 1892 
3 2826 2794 2816 
3 1682 1788 1790 
3 2811 2781 2826 
3 1577 1682 1685 
3 1578 1465 1577 
3 2811 2786 2743 
3 1360 1465 1472 
3 2750 2684 2677 
3 2786 2750 2743 
3 582 607 689 
3 671 689 782 
3 774 782 890 
3 884 890 1000 
3 1124 1002 1000 
3 528 607 504 
3 1124 1242 1133 
3 1254 1242 1359 
3 1254 1359 1366 
3 1384 1366 1482 
3 1502 1482 1598 
3 1623 1598 1719 
3 1719 1836 1752 
3 1960 1868 1836 
3 478 496 545 
3 478 545 528 
3 1986 1960 2076 
3 2194 2103 2076 
3 2213 2194 2301 
3 2406 2313 2301 
3 2496 2410 2406 
3 2684 2604 2603 
3 2604 2492 2496 
3 496 420 454 
3 525 481 522 
3 525 598 603 
3 468 481 448 
3 432 448 469 
3 678 677 603 
3 454 432 469 
3 1261 1255 1368 
3 1165 1158 1261 
3 1069 1057 1165 
3 973 967 1069 
3 870 866 973 
3 772 771 870 
3 677 678 772 
3 1368 1255 1360 
3 2785 2824 2816 
3 2785 2729 2773 
3 2729 2612 2672 
3 2498 2612 2475 
3 2364 2375 2475 
3 2274 2375 2364 
3 2083 2077 2178 
3 2176 2274 2178 
3 1987 1979 2083 
3 1883 1987 1892 
3 1788 1783 1892 
3 2843 2826 2816 
3 1682 1680 1788 
3 2845 2811 2826 
3 1581 1682 1577 
3 1465 1470 1577 
3 2835 2786 2811 
3 1360 1351 1465 
3 2754 2684 2750 
3 2786 2798 2750 
3 607 582 504 
3 671 582 689 
3 774 671 782 
3 884 774 890 
3 1002 884 1000 
3 1002 1124 1133 
3 425 528 504 
3 1242 1254 1133 
3 1254 1366 1270 
3 1366 1384 1270 
3 1502 1384 1482 
3 1623 1502 1598 
3 1623 1719 1752 
3 1836 1868 1752 
3 1960 1986 1868 
3 420 496 478 
3 425 478 528 
3 2103 1986 2076 
3 2213 2103 2194 
3 2313 2213 2301 
3 2410 2313 2406 
3 2492 2410 2496 
3 2675 2604 2684 
3 2588 2492 2604 
3 454 420 411 
3 481 468 522 
3 598 525 522 
3 598 678 603 
3 432 468 448 
3 432 454 411 
3 1261 1158 1255 
3 1165 1057 1158 
3 1069 967 1057 
3 973 866 967 
3 771 866 870 
3 772 678 771 
3 1255 1244 1360 
3 2824 2843 2816 
3 2824 2785 2773 
3 2773 2729 2672 
3 2612 2498 2672 
3 2375 2498 2475 
3 2375 2274 2277 
3 2077 2176 2178 
3 1979 2077 2083 
3 2274 2176 2277 
3 1987 1883 1979 
3 1783 1883 1892 
3 1680 1783 1788 
3 2843 2845 2826 
3 1680 1682 1581 
3 2845 2835 2811 
3 1470 1581 1577 
3 1351 1470 1465 
3 2786 2835 2798 
3 1244 1351 1360 
3 2754 2675 2684 
3 2798 2754 2750 
3 582 475 504 
3 552 582 671 
3 654 671 774 
3 884 770 774 
3 884 1002 886 
3 1014 1002 1133 
3 398 425 504 
3 1254 1142 1133 
3 1142 1254 1270 
3 1384 1292 1270 
3 1384 1502 1411 
3 1502 1623 1545 
3 1663 1623 1752 
3 1868 1780 1752 
3 1986 1894 1868 
3 420 478 389 
3 478 425 389 
3 1986 2103 2014 
3 2103 2213 2124 
3 2213 2313 2222 
3 2313 2410 2315 
3 2410 2492 2404 
3 2675 2588 2604 
3 2588 2480 2492 
3 420 379 411 
3 468 508 522 
3 589 598 522 
3 678 598 675 
3 468 432 436 
3 436 432 411 
3 1255 1158 1146 
3 1057 1049 1158 
3 967 954 1057 
3 866 855 967 
3 771 765 866 
3 678 675 771 
3 1244 1255 1146 
3 2848 2843 2824 
3 2809 2824 2773 
3 2737 2773 2672 
3 2498 2514 2672 
3 2375 2387 2498 
3 2375 2277 2387 
3 2176 2077 2067 
3 1968 2077 1979 
3 2176 2167 2277 
3 1883 1874 1979 
3 1783 1777 1883 
3 1680 1677 1783 
3 2862 2845 2843 
3 1579 1680 1581 
3 2845 2858 2835 
3 1470 1480 1581 
3 1351 1378 1470 
3 2835 2839 2798 
3 1351 1244 1210 
3 2731 2675 2754 
3 2790 2754 2798 
3 475 398 504 
3 552 475 582 
3 654 552 671 
3 770 654 774 
3 884 886 770 
3 886 1002 1014 
3 1142 1014 1133 
3 425 398 358 
3 1162 1142 1270 
3 1292 1162 1270 
3 1292 1384 1411 
3 1502 1545 1411 
3 1623 1663 1545 
3 1780 1663 1752 
3 1868 1894 1780 
3 1894 1986 2014 
3 379 420 389 
3 425 358 389 
3 2014 2103 2124 
3 2213 2222 2124 
3 2313 2315 2222 
3 2410 2404 2315 
3 2492 2480 2404 
3 2635 2588 2675 
3 2539 2480 2588 
3 379 402 411 
3 508 589 522 
3 508 468 436 
3 598 589 675 
3 402 436 411 
3 1158 1049 1146 
3 954 1049 1057 
3 967 855 954 
3 866 765 855 
3 771 675 765 
3 1127 1244 1146 
3 2848 2862 2843 
3 2809 2848 2824 
3 2737 2809 2773 
3 2615 2737 2672 
3 2514 2615 2672 
3 2387 2514 2498 
3 2277 2283 2387 
3 2077 1968 2067 
3 2167 2176 2067 
3 1874 1968 1979 
3 2167 2283 2277 
3 1777 1874 1883 
3 1677 1777 1783 
3 1677 1680 1579 
3 2862 2858 2845 
3 1480 1579 1581 
3 2835 2858 2839 
3 1378 1480 1470 
3 1351 1293 1378 
3 2839 2790 2798 
3 1244 1127 1210 
3 1293 1351 1210 
3 2731 2635 2675 
3 2790 2731 2754 
3 361 398 475 
3 423 475 552 
3 521 552 654 
3 770 665 654 
3 886 773 770 
3 901 886 1014 
3 1031 1014 1142 
3 398 315 358 
3 1162 1031 1142 
3 1292 1214 1162 
3 1337 1292 1411 
3 1545 1456 1411 
3 1663 1568 1545 
3 1681 1663 1780 
3 1894 1801 1780 
3 1917 1894 2014 
3 347 379 389 
3 358 347 389 
3 2033 2014 2124 
3 2222 2141 2124 
3 2315 2232 2222 
3 2404 2298 2315 
3 2480 2381 2404 
3 2635 2539 2588 
3 2539 2438 2480 
3 370 402 379 
3 589 508 564 
3 483 508 436 
3 675 589 660 
3 402 483 436 
3 1049 1038 1146 
3 954 943 1049 
3 855 943 954 
3 765 751 855 
3 675 660 765 
3 1038 1127 1146 
3 2862 2848 2859 
3 2830 2848 2809 
3 2809 2737 2761 
3 2644 2737 2615 
3 2511 2615 2514 
3 2387 2392 2514 
3 2283 2392 2387 
3 1968 1952 2067 
3 2042 2167 2067 
3 1874 1855 1968 
3 2158 2283 2167 
3 1874 1777 1763 
3 1677 1668 1777 
3 1570 1677 1579 
3 2860 2858 2862 
3 1480 1473 1579 
3 2858 2841 2839 
3 1378 1373 1480 
3 1293 1373 1378 
3 2793 2790 2839 
3 1127 1090 1210 
3 1175 1293 1210 
3 2646 2635 2731 
3 2721 2731 2790 
3 361 315 398 
3 423 361 475 
3 521 423 552 
3 608 521 654 
3 665 608 654 
3 773 665 770 
3 773 886 901 
3 1031 901 1014 
3 315 286 358 
3 1035 1031 1162 
3 1214 1128 1162 
3 1292 1337 1214 
3 1456 1337 1411 
3 1568 1456 1545 
3 1681 1568 1663 
3 1801 1681 1780 
3 1801 1894 1917 
3 2033 1917 2014 
3 347 370 379 
3 303 347 358 
3 2141 2033 2124 
3 2232 2141 2222 
3 2298 2232 2315 
3 2381 2298 2404 
3 2480 2438 2381 
3 2635 2550 2539 
3 2434 2438 2539 
3 370 426 402 
3 564 508 483 
3 589 564 660 
3 426 483 402 
3 1049 943 1038 
3 855 841 943 
3 751 841 855 
3 660 751 765 
3 1003 1127 1038 
3 2848 2830 2859 
3 2860 2862 2859 
3 2830 2809 2761 
3 2737 2644 2761 
3 2511 2644 2615 
3 2392 2511 2514 
3 2392 2283 2286 
3 1952 2042 2067 
3 1855 1952 1968 
3 2042 2158 2167 
3 1855 1874 1763 
3 2283 2158 2286 
3 1777 1668 1763 
3 1570 1668 1677 
3 1473 1570 1579 
3 2858 2860 2841 
3 1373 1473 1480 
3 2841 2793 2839 
3 1373 1293 1267 
3 2793 2721 2790 
3 1090 1175 1210 
3 1127 1003 1090 
3 1293 1175 1267 
3 2550 2635 2646 
3 2721 2646 2731 
3 271 315 361 
3 319 361 423 
3 521 387 423 
3 485 521 608 
3 608 665 562 
3 656 665 773 
3 790 773 901 
3 917 901 1031 
3 286 303 358 
3 286 315 258 
3 1035 917 1031 
3 1128 1035 1162 
3 1137 1128 1214 
3 1337 1248 1214 
3 1337 1456 1361 
3 1476 1456 1568 
3 1568 1681 1592 
3 1681 1801 1713 
3 1829 1801 1917 
3 2033 1946 1917 
3 331 370 347 
3 303 331 347 
3 2057 2033 2141 
3 2232 2160 2141 
3 2298 2160 2232 
3 2268 2298 2381 
3 2438 2344 2381 
3 2550 2434 2539 
3 2434 2345 2438 
3 385 426 370 
3 564 483 531 
3 564 644 660 
3 483 426 531 
3 943 925 1038 
3 841 925 943 
3 841 751 727 
3 660 644 751 
3 925 1003 1038 
3 2830 2807 2859 
3 2796 2860 2859 
3 2734 2830 2761 
3 2644 2627 2761 
3 2494 2644 2511 
3 2511 2392 2386 
3 2386 2392 2286 
3 1952 1919 2042 
3 1827 1952 1855 
3 2042 2011 2158 
3 1728 1855 1763 
3 2158 2179 2286 
3 1668 1651 1763 
3 1668 1570 1558 
3 1570 1473 1462 
3 2860 2766 2841 
3 1363 1473 1373 
3 2738 2793 2841 
3 1363 1373 1267 
3 2721 2793 2670 
3 1065 1175 1090 
3 1003 977 1090 
3 1175 1159 1267 
3 2490 2550 2646 
3 2590 2646 2721 
3 315 271 258 
3 319 271 361 
3 387 319 423 
3 387 521 485 
3 485 608 562 
3 665 656 562 
3 790 656 773 
3 790 901 917 
3 286 291 303 
3 259 286 258 
3 928 917 1035 
3 1035 1128 1037 
3 1128 1137 1037 
3 1248 1137 1214 
3 1248 1337 1361 
3 1456 1476 1361 
3 1476 1568 1592 
3 1681 1713 1592 
3 1801 1829 1713 
3 1946 1829 1917 
3 1946 2033 2057 
3 331 385 370 
3 291 331 303 
3 2160 2057 2141 
3 2268 2160 2298 
3 2344 2268 2381 
3 2345 2344 2438 
3 2550 2401 2434 
3 2345 2434 2311 
3 426 385 501 
3 644 564 531 
3 426 501 531 
3 925 841 806 
3 751 644 727 
3 841 727 806 
3 925 891 1003 
3 2807 2796 2859 
3 2734 2807 2830 
3 2860 2796 2766 
3 2627 2734 2761 
3 2627 2644 2494 
3 2494 2511 2386 
3 2270 2386 2286 
3 1919 2011 2042 
3 1827 1919 1952 
3 1728 1827 1855 
3 2011 2087 2158 
3 1651 1728 1763 
3 2179 2270 2286 
3 2087 2179 2158 
3 1651 1668 1558 
3 1570 1462 1558 
3 1473 1363 1462 
3 2766 2738 2841 
3 2793 2738 2670 
3 1253 1363 1267 
3 2590 2721 2670 
3 1065 1159 1175 
3 977 1065 1090 
3 891 977 1003 
3 1159 1253 1267 
3 2401 2550 2490 
3 2590 2490 2646 
3 258 271 224 
3 248 271 319 
3 319 387 283 
3 354 387 485 
3 434 485 562 
3 656 540 562 
3 643 656 790 
3 811 790 917 
3 291 286 259 
3 228 259 258 
3 928 811 917 
3 928 1035 1037 
3 1137 1045 1037 
3 1248 1156 1137 
3 1268 1248 1361 
3 1476 1383 1361 
3 1499 1476 1592 
3 1713 1628 1592 
3 1829 1757 1713 
3 1870 1829 1946 
3 1975 1946 2057 
3 341 385 331 
3 291 341 331 
3 2160 2074 2057 
3 2160 2268 2165 
3 2344 2237 2268 
3 2262 2344 2345 
3 2434 2401 2311 
3 2236 2345 2311 
3 385 449 501 
3 614 644 531 
3 501 614 531 
3 925 806 891 
3 644 614 727 
3 727 696 806 
3 2807 2704 2796 
3 2734 2704 2807 
3 2796 2661 2766 
3 2592 2734 2627 
3 2627 2494 2470 
3 2370 2494 2386 
3 2270 2370 2386 
3 2011 1919 1889 
3 1798 1919 1827 
3 1728 1707 1827 
3 2087 2011 1969 
3 1611 1728 1651 
3 2179 2164 2270 
3 2179 2087 2164 
3 1521 1651 1558 
3 1462 1436 1558 
3 1363 1348 1462 
3 2597 2738 2766 
3 2738 2597 2670 
3 1363 1253 1348 
3 2502 2590 2670 
3 1159 1065 1044 
3 1065 977 952 
3 860 977 891 
3 1159 1134 1253 
3 2401 2490 2334 
3 2490 2590 2417 
3 271 248 224 
3 228 258 224 
3 248 319 283 
3 387 354 283 
3 434 354 485 
3 540 434 562 
3 643 540 656 
3 713 643 790 
3 811 713 790 
3 290 291 259 
3 228 251 259 
3 928 824 811 
3 934 928 1037 
3 1045 934 1037 
3 1137 1156 1045 
3 1156 1248 1268 
3 1383 1268 1361 
3 1499 1383 1476 
3 1628 1499 1592 
3 1757 1628 1713 
3 1829 1870 1757 
3 1870 1946 1975 
3 2074 1975 2057 
3 385 341 449 
3 290 341 291 
3 2074 2160 2165 
3 2268 2237 2165 
3 2262 2237 2344 
3 2262 2345 2236 
3 2401 2256 2311 
3 2190 2236 2311 
3 449 584 501 
3 584 614 501 
3 806 776 891 
3 614 696 727 
3 696 776 806 
3 2704 2661 2796 
3 2592 2704 2734 
3 2661 2597 2766 
3 2592 2627 2470 
3 2494 2370 2470 
3 2248 2370 2270 
3 1919 1798 1889 
3 1969 2011 1889 
3 1707 1798 1827 
3 1728 1611 1707 
3 2048 2087 1969 
3 1521 1611 1651 
3 2164 2248 2270 
3 2087 2048 2164 
3 1436 1521 1558 
3 1348 1436 1462 
3 2597 2502 2670 
3 1253 1225 1348 
3 2590 2502 2417 
3 1065 952 1044 
3 1134 1159 1044 
3 977 860 952 
3 776 860 891 
3 1134 1225 1253 
3 2334 2490 2417 
3 2256 2401 2334 
3 248 190 224 
3 191 228 224 
3 216 248 283 
3 354 256 283 
3 434 321 354 
3 415 434 540 
3 643 527 540 
3 620 643 713 
3 719 713 811 
3 251 290 259 
3 215 251 228 
3 824 719 811 
3 934 824 928 
3 947 934 1045 
3 1156 1060 1045 
3 1177 1156 1268 
3 1383 1294 1268 
3 1427 1383 1499 
3 1555 1499 1628 
3 1686 1628 1757 
3 1870 1800 1757 
3 1878 1870 1975 
3 2074 1981 1975 
3 341 383 449 
3 341 290 383 
3 2066 2074 2165 
3 2237 2129 2165 
3 2175 2237 2262 
3 2175 2262 2236 
3 2256 2190 2311 
3 2190 2121 2236 
3 544 584 449 
3 614 584 696 
3 696 663 776 
3 2542 2661 2704 
3 2592 2542 2704 
3 2661 2483 2597 
3 2435 2592 2470 
3 2370 2341 2470 
3 2341 2370 2248 
3 1798 1770 1889 
3 1847 1969 1889 
3 1676 1798 1707 
3 1707 1611 1586 
3 1926 2048 1969 
3 1521 1488 1611 
3 2132 2248 2164 
3 2048 2132 2164 
3 1436 1397 1521 
3 1302 1436 1348 
3 2426 2502 2597 
3 1225 1302 1348 
3 2502 2369 2417 
3 952 924 1044 
3 1008 1134 1044 
3 860 838 952 
3 776 748 860 
3 1092 1225 1134 
3 2369 2334 2417 
3 2196 2256 2334 
3 190 191 224 
3 248 216 190 
3 191 215 228 
3 256 216 283 
3 321 256 354 
3 415 321 434 
3 527 415 540 
3 620 527 643 
3 719 620 713 
3 314 290 251 
3 215 265 251 
3 719 824 731 
3 844 824 934 
3 947 844 934 
3 1060 947 1045 
3 1177 1060 1156 
3 1294 1177 1268 
3 1383 1427 1294 
3 1555 1427 1499 
3 1686 1555 1628 
3 1800 1686 1757 
3 1878 1800 1870 
3 1981 1878 1975 
3 2066 1981 2074 
3 383 544 449 
3 290 314 383 
3 2129 2066 2165 
3 2175 2129 2237 
3 2121 2175 2236 
3 2190 2256 2131 
3 2190 2064 2121 
3 584 544 663 
3 584 663 696 
3 663 748 776 
3 2661 2542 2483 
3 2435 2542 2592 
3 2483 2426 2597 
3 2341 2435 2470 
3 2207 2341 2248 
3 1770 1847 1889 
3 1798 1676 1770 
3 1847 1926 1969 
3 1676 1707 1586 
3 1611 1488 1586 
3 2048 1926 2012 
3 1397 1488 1521 
3 2132 2207 2248 
3 2048 2012 2132 
3 1397 1436 1302 
3 2426 2369 2502 
3 1225 1181 1302 
3 924 1008 1044 
3 838 924 952 
3 1092 1134 1008 
3 748 838 860 
3 1225 1092 1181 
3 2369 2241 2334 
3 2256 2196 2131 
3 2241 2196 2334 
3 166 191 190 
3 216 169 190 
3 191 177 215 
3 256 195 216 
3 321 243 256 
3 415 306 321 
3 415 527 401 
3 527 620 519 
3 621 620 719 
3 265 314 251 
3 223 265 215 
3 824 844 731 
3 621 719 731 
3 844 947 854 
3 947 1060 972 
3 1093 1060 1177 
3 1229 1177 1294 
3 1427 1353 1294 
3 1427 1555 1469 
3 1555 1686 1583 
3 1800 1751 1686 
3 1878 1751 1800 
3 1941 1878 1981 
3 2066 1941 1981 
3 518 544 383 
3 314 409 383 
3 2066 2129 2018 
3 2060 2129 2175 
3 2060 2175 2121 
3 2064 2190 2131 
3 2064 2002 2121 
3 544 629 663 
3 663 629 748 
3 2542 2395 2483 
3 2435 2395 2542 
3 2348 2426 2483 
3 2435 2341 2310 
3 2310 2341 2207 
3 1723 1847 1770 
3 1676 1649 1770 
3 1807 1926 1847 
3 1562 1676 1586 
3 1488 1471 1586 
3 1926 1888 2012 
3 1372 1488 1397 
3 2085 2207 2132 
3 2012 2085 2132 
3 1275 1397 1302 
3 2369 2426 2296 
3 1181 1275 1302 
3 924 882 1008 
3 838 797 924 
3 970 1092 1008 
3 748 715 838 
3 1092 1056 1181 
3 2241 2369 2296 
3 2196 2061 2131 
3 2119 2196 2241 
3 177 191 166 
3 169 166 190 
3 195 169 216 
3 177 223 215 
3 243 195 256 
3 306 243 321 
3 306 415 401 
3 527 519 401 
3 620 621 519 
3 314 265 359 
3 223 292 265 
3 844 747 731 
3 645 621 731 
3 947 972 854 
3 747 844 854 
3 1060 1093 972 
3 1229 1093 1177 
3 1353 1229 1294 
3 1353 1427 1469 
3 1469 1555 1583 
3 1686 1624 1583 
3 1686 1751 1624 
3 1751 1878 1810 
3 1878 1941 1810 
3 1941 2066 2018 
3 544 518 629 
3 409 518 383 
3 409 314 359 
3 2129 2060 2018 
3 2002 2060 2121 
3 2009 2064 2131 
3 1938 2002 2064 
3 629 715 748 
3 2395 2348 2483 
3 2395 2435 2310 
3 2426 2348 2296 
3 2267 2310 2207 
3 1723 1807 1847 
3 1649 1723 1770 
3 1562 1649 1676 
3 1888 1926 1807 
3 1471 1562 1586 
3 1488 1372 1471 
3 1888 1961 2012 
3 1372 1397 1275 
3 2085 2149 2207 
3 1961 2085 2012 
3 1181 1150 1275 
3 882 970 1008 
3 797 882 924 
3 715 797 838 
3 1056 1092 970 
3 1056 1150 1181 
3 2168 2241 2296 
3 2061 2009 2131 
3 2061 2196 2119 
3 2168 2119 2241 
3 154 177 166 
3 169 138 166 
3 195 157 169 
3 177 180 223 
3 183 195 243 
3 306 235 243 
3 293 306 401 
3 519 399 401 
3 621 530 519 
3 265 292 359 
3 223 249 292 
3 747 645 731 
3 530 621 645 
3 972 872 854 
3 763 747 854 
3 1093 1025 972 
3 1093 1229 1154 
3 1269 1229 1353 
3 1386 1353 1469 
3 1505 1469 1583 
3 1624 1505 1583 
3 1751 1688 1624 
3 1688 1751 1810 
3 1941 1880 1810 
3 1880 1941 2018 
3 629 518 599 
3 409 484 518 
3 484 409 359 
3 2060 1935 2018 
3 1935 2060 2002 
3 2009 1938 2064 
3 1938 1881 2002 
3 715 629 599 
3 2395 2267 2348 
3 2267 2395 2310 
3 2348 2225 2296 
3 2149 2267 2207 
3 1683 1807 1723 
3 1649 1597 1723 
3 1516 1649 1562 
3 1768 1888 1807 
3 1444 1562 1471 
3 1372 1355 1471 
3 1961 1888 1834 
3 1258 1372 1275 
3 2032 2149 2085 
3 1961 2032 2085 
3 1150 1258 1275 
3 882 850 970 
3 882 797 758 
3 715 676 797 
3 936 1056 970 
3 1056 1023 1150 
3 2225 2168 2296 
3 1936 2009 2061 
3 2061 2119 2000 
3 2168 2046 2119 
3 177 154 180 
3 138 154 166 
3 157 138 169 
3 157 195 183 
3 180 249 223 
3 235 183 243 
3 235 306 293 
3 399 293 401 
3 530 399 519 
3 292 412 359 
3 249 351 292 
3 658 645 747 
3 554 530 645 
3 872 763 854 
3 1025 872 972 
3 763 658 747 
3 1025 1093 1154 
3 1154 1229 1269 
3 1386 1269 1353 
3 1505 1386 1469 
3 1572 1505 1624 
3 1688 1572 1624 
3 1759 1688 1810 
3 1880 1759 1810 
3 1935 1880 2018 
3 518 484 599 
3 412 484 359 
3 1881 1935 2002 
3 2009 1885 1938 
3 1938 1821 1881 
3 676 715 599 
3 2267 2225 2348 
3 2267 2149 2225 
3 1683 1768 1807 
3 1597 1683 1723 
3 1649 1516 1597 
3 1444 1516 1562 
3 1888 1768 1834 
3 1355 1444 1471 
3 1372 1258 1355 
3 1910 1961 1834 
3 2149 2032 2105 
3 1961 1910 2032 
3 1150 1235 1258 
3 850 936 970 
3 882 758 850 
3 797 676 758 
3 1056 936 1023 
3 1023 1102 1150 
3 2105 2168 2225 
3 1885 2009 1936 
3 1936 2061 2000 
3 2119 2046 2000 
3 2046 2168 2105 
3 154 150 180 
3 154 138 128 
3 119 138 157 
3 146 157 183 
3 198 249 180 
3 235 178 183 
3 229 235 293 
3 282 293 399 
3 530 440 399 
3 292 351 412 
3 249 278 351 
3 658 554 645 
3 554 440 530 
3 785 763 872 
3 1025 907 872 
3 673 658 763 
3 1075 1025 1154 
3 1198 1154 1269 
3 1335 1269 1386 
3 1458 1386 1505 
3 1572 1458 1505 
3 1688 1629 1572 
3 1759 1629 1688 
3 1880 1819 1759 
3 1935 1819 1880 
3 484 550 599 
3 484 412 550 
3 1819 1935 1881 
3 1938 1885 1821 
3 1821 1764 1881 
3 550 676 599 
3 2149 2105 2225 
3 1648 1768 1683 
3 1597 1567 1683 
3 1516 1481 1597 
3 1395 1516 1444 
3 1768 1712 1834 
3 1311 1444 1355 
3 1258 1235 1355 
3 1787 1910 1834 
3 2032 1984 2105 
3 1910 1984 2032 
3 1102 1235 1150 
3 805 936 850 
3 758 722 850 
3 676 633 758 
3 936 892 1023 
3 980 1102 1023 
3 1817 1885 1936 
3 1875 1936 2000 
3 2046 1924 2000 
3 1984 2046 2105 
3 150 198 180 
3 150 154 128 
3 138 119 128 
3 119 157 126 
3 157 146 126 
3 178 146 183 
3 249 198 278 
3 229 178 235 
3 282 229 293 
3 353 282 399 
3 440 353 399 
3 412 351 499 
3 278 417 351 
3 569 554 658 
3 554 473 440 
3 785 673 763 
3 907 785 872 
3 1025 958 907 
3 673 569 658 
3 958 1025 1075 
3 1198 1075 1154 
3 1335 1198 1269 
3 1458 1335 1386 
3 1501 1458 1572 
3 1629 1501 1572 
3 1695 1629 1759 
3 1819 1695 1759 
3 412 499 550 
3 1764 1819 1881 
3 1885 1761 1821 
3 1696 1764 1821 
3 633 676 550 
3 1712 1768 1648 
3 1567 1648 1683 
3 1597 1481 1567 
3 1481 1516 1395 
3 1311 1395 1444 
3 1712 1787 1834 
3 1235 1311 1355 
3 1910 1787 1863 
3 1984 1910 1863 
3 1102 1185 1235 
3 892 936 805 
3 722 805 850 
3 633 722 758 
3 892 980 1023 
3 980 1066 1102 
3 1885 1817 1761 
3 1817 1936 1875 
3 1924 1875 2000 
3 2046 1984 1924 
3 161 198 150 
3 150 128 121 
3 128 119 101 
3 103 119 126 
3 146 118 126 
3 146 178 139 
3 198 225 278 
3 178 229 179 
3 226 229 282 
3 353 285 282 
3 367 353 440 
3 351 417 499 
3 278 344 417 
3 569 473 554 
3 473 367 440 
3 785 702 673 
3 835 785 907 
3 958 835 907 
3 591 569 673 
3 1027 958 1075 
3 1198 1153 1075 
3 1198 1335 1266 
3 1381 1335 1458 
3 1381 1458 1501 
3 1629 1575 1501 
3 1695 1575 1629 
3 1764 1695 1819 
3 499 633 550 
3 1761 1696 1821 
3 1696 1635 1764 
3 1590 1712 1648 
3 1514 1648 1567 
3 1481 1454 1567 
3 1365 1481 1395 
3 1395 1311 1274 
3 1671 1787 1712 
3 1185 1311 1235 
3 1787 1731 1863 
3 1984 1863 1924 
3 1066 1185 1102 
3 768 892 805 
3 722 659 805 
3 722 633 583 
3 980 892 853 
3 1066 980 939 
3 1817 1690 1761 
3 1755 1817 1875 
3 1806 1875 1924 
3 198 161 225 
3 161 150 121 
3 128 101 121 
3 119 103 101 
3 118 103 126 
3 118 146 139 
3 178 179 139 
3 225 344 278 
3 229 226 179 
3 285 226 282 
3 285 353 367 
3 499 417 583 
3 344 514 417 
3 490 473 569 
3 473 384 367 
3 702 591 673 
3 835 702 785 
3 895 835 958 
3 591 490 569 
3 895 958 1027 
3 1153 1027 1075 
3 1153 1198 1266 
3 1335 1381 1266 
3 1381 1501 1460 
3 1501 1575 1460 
3 1635 1575 1695 
3 1635 1695 1764 
3 633 499 583 
3 1630 1696 1761 
3 1573 1635 1696 
3 1590 1671 1712 
3 1514 1590 1648 
3 1454 1514 1567 
3 1481 1365 1454 
3 1365 1395 1274 
3 1311 1185 1274 
3 1731 1787 1671 
3 1863 1731 1806 
3 1863 1806 1924 
3 1066 1161 1185 
3 892 768 853 
3 659 768 805 
3 659 722 583 
3 939 980 853 
3 1028 1066 939 
3 1690 1630 1761 
3 1690 1817 1755 
3 1806 1755 1875 
3 161 182 225 
3 132 161 121 
3 101 100 121 
3 103 97 101 
3 98 103 118 
3 120 118 139 
3 179 159 139 
3 344 225 276 
3 226 189 179 
3 285 247 226 
3 304 285 367 
3 417 514 583 
3 514 344 431 
3 490 384 473 
3 384 304 367 
3 636 591 702 
3 764 702 835 
3 895 764 835 
3 591 532 490 
3 959 895 1027 
3 1080 1027 1153 
3 1201 1153 1266 
3 1381 1336 1266 
3 1336 1381 1460 
3 1575 1504 1460 
3 1575 1635 1504 
3 1630 1573 1696 
3 1635 1573 1504 
3 1548 1671 1590 
3 1474 1590 1514 
3 1392 1514 1454 
3 1365 1328 1454 
3 1250 1365 1274 
3 1185 1161 1274 
3 1606 1731 1671 
3 1731 1679 1806 
3 1161 1066 1028 
3 768 730 853 
3 768 659 730 
3 514 659 583 
3 812 939 853 
3 889 1028 939 
3 1571 1630 1690 
3 1618 1690 1755 
3 1679 1755 1806 
3 225 182 276 
3 132 182 161 
3 100 132 121 
3 97 100 101 
3 103 98 97 
3 120 98 118 
3 159 120 139 
3 189 159 179 
3 344 276 431 
3 247 189 226 
3 285 304 247 
3 601 514 431 
3 490 433 384 
3 384 362 304 
3 636 532 591 
3 764 636 702 
3 764 895 839 
3 532 433 490 
3 839 895 959 
3 1080 959 1027 
3 1201 1080 1153 
3 1336 1201 1266 
3 1382 1336 1460 
3 1504 1382 1460 
3 1497 1573 1630 
3 1573 1459 1504 
3 1548 1606 1671 
3 1474 1548 1590 
3 1392 1474 1514 
3 1328 1392 1454 
3 1250 1328 1365 
3 1161 1250 1274 
3 1679 1731 1606 
3 1130 1161 1028 
3 730 812 853 
3 659 601 730 
3 514 601 659 
3 812 889 939 
3 889 964 1028 
3 1571 1497 1630 
3 1571 1690 1618 
3 1679 1618 1755 
3 182 233 276 
3 155 182 132 
3 125 132 100 
3 97 107 100 
3 98 109 97 
3 120 127 98 
3 159 165 120 
3 189 204 159 
3 276 375 431 
3 257 189 247 
3 304 301 247 
3 543 601 431 
3 433 362 384 
3 362 301 304 
3 703 532 636 
3 703 636 764 
3 703 764 839 
3 532 618 433 
3 893 839 959 
3 1080 1024 959 
3 1152 1080 1201 
3 1336 1265 1201 
3 1382 1265 1336 
3 1459 1382 1504 
3 1459 1573 1497 
3 1484 1606 1548 
3 1474 1415 1548 
3 1357 1474 1392 
3 1328 1272 1392 
3 1250 1195 1328 
3 1161 1130 1250 
3 1564 1679 1606 
3 1081 1130 1028 
3 683 812 730 
3 601 683 730 
3 812 767 889 
3 964 1081 1028 
3 847 964 889 
3 1497 1571 1453 
3 1492 1571 1618 
3 1679 1564 1618 
3 233 375 276 
3 182 155 233 
3 155 132 125 
3 107 125 100 
3 109 107 97 
3 127 109 98 
3 165 127 120 
3 204 165 159 
3 257 204 189 
3 375 543 431 
3 301 257 247 
3 601 543 683 
3 362 433 533 
3 461 301 362 
3 703 618 532 
3 761 703 839 
3 433 618 533 
3 893 761 839 
3 1024 893 959 
3 1024 1080 1152 
3 1265 1152 1201 
3 1333 1265 1382 
3 1459 1333 1382 
3 1379 1459 1497 
3 1484 1564 1606 
3 1415 1484 1548 
3 1415 1474 1357 
3 1272 1357 1392 
3 1195 1272 1328 
3 1130 1195 1250 
3 1130 1081 1195 
3 767 812 683 
3 767 847 889 
3 964 1043 1081 
3 847 922 964 
3 1571 1492 1453 
3 1379 1497 1453 
3 1564 1492 1618 
3 320 375 233 
3 155 185 233 
3 185 155 125 
3 107 162 125 
3 107 109 147 
3 127 171 109 
3 127 165 212 
3 204 262 165 
3 204 257 328 
3 543 375 495 
3 390 257 301 
3 543 638 683 
3 461 362 533 
3 461 390 301 
3 618 703 761 
3 618 693 533 
3 893 836 761 
3 893 1024 957 
3 1074 1024 1152 
3 1265 1196 1152 
3 1265 1333 1196 
3 1379 1333 1459 
3 1484 1441 1564 
3 1369 1484 1415 
3 1288 1415 1357 
3 1236 1357 1272 
3 1160 1272 1195 
3 1081 1160 1195 
3 638 767 683 
3 725 847 767 
3 1043 1160 1081 
3 964 922 1043 
3 922 847 795 
3 1492 1374 1453 
3 1318 1379 1453 
3 1441 1492 1564 
3 375 320 495 
3 185 320 233 
3 162 185 125 
3 162 107 147 
3 109 171 147 
3 171 127 212 
3 165 262 212 
3 262 204 328 
3 257 390 328 
3 543 495 638 
3 623 461 533 
3 461 553 390 
3 693 618 761 
3 693 623 533 
3 836 693 761 
3 836 893 957 
3 1024 1074 957 
3 1196 1074 1152 
3 1333 1260 1196 
3 1260 1333 1379 
3 1369 1441 1484 
3 1288 1369 1415 
3 1236 1288 1357 
3 1160 1236 1272 
3 638 725 767 
3 795 847 725 
3 1043 1104 1160 
3 1043 922 985 
3 863 922 795 
3 1374 1318 1453 
3 1492 1441 1374 
3 1318 1260 1379 
3 320 427 495 
3 185 269 320 
3 162 269 185 
3 234 162 147 
3 171 234 147 
3 273 171 212 
3 262 337 212 
3 405 262 328 
3 390 492 328 
3 495 593 638 
3 623 553 461 
3 553 492 390 
3 759 623 693 
3 759 693 836 
3 885 836 957 
3 1074 1019 957 
3 1144 1074 1196 
3 1260 1144 1196 
3 1299 1441 1369 
3 1251 1369 1288 
3 1170 1288 1236 
3 1104 1236 1160 
3 593 725 638 
3 672 795 725 
3 1104 1043 985 
3 922 863 985 
3 745 863 795 
3 1257 1318 1374 
3 1441 1299 1374 
3 1189 1260 1318 
3 427 593 495 
3 320 269 427 
3 162 234 269 
3 273 234 171 
3 337 273 212 
3 405 337 262 
3 492 405 328 
3 623 697 553 
3 553 631 492 
3 697 623 759 
3 885 759 836 
3 1019 885 957 
3 1019 1074 1144 
3 1260 1189 1144 
3 1251 1299 1369 
3 1170 1251 1288 
3 1104 1170 1236 
3 593 672 725 
3 672 745 795 
3 1053 1104 985 
3 863 937 985 
3 745 813 863 
3 1257 1189 1318 
3 1299 1257 1374 
3 427 534 593 
3 427 269 373 
3 269 234 373 
3 273 310 234 
3 337 404 273 
3 405 494 337 
3 492 563 405 
3 697 631 553 
3 631 563 492 
3 697 759 832 
3 832 759 885 
3 949 885 1019 
3 1072 1019 1144 
3 1189 1072 1144 
3 1182 1299 1251 
3 1251 1170 1129 
3 1053 1170 1104 
3 534 672 593 
3 672 619 745 
3 937 1053 985 
3 813 937 863 
3 690 813 745 
3 1138 1189 1257 
3 1182 1257 1299 
3 534 427 373 
3 234 310 373 
3 404 310 273 
3 494 404 337 
3 563 494 405 
3 631 697 757 
3 631 698 563 
3 757 697 832 
3 949 832 885 
3 1072 949 1019 
3 1138 1072 1189 
3 1182 1251 1129 
3 1170 1053 1129 
3 534 619 672 
3 619 690 745 
3 937 995 1053 
3 871 937 813 
3 690 754 813 
3 1182 1138 1257 
3 486 534 373 
3 310 486 373 
3 310 404 486 
3 404 494 557 
3 494 563 630 
3 698 631 757 
3 563 698 630 
3 883 757 832 
3 883 832 949 
3 1012 949 1072 
3 1138 1012 1072 
3 1063 1182 1129 
3 1053 995 1129 
3 486 619 534 
3 557 690 619 
3 995 937 871 
3 754 871 813 
3 630 754 690 
3 1063 1138 1182 
3 404 557 486 
3 494 630 557 
3 698 757 820 
3 630 698 754 
3 757 883 820 
3 1012 883 949 
3 1012 1138 1063 
3 995 1063 1129 
3 486 557 619 
3 557 630 690 
3 944 995 871 
3 754 820 871 
3 754 698 820 
3 883 944 820 
3 944 883 1012 
3 944 1012 1063 
3 944 1063 995 
3 820 944 871 

