# vtk DataFile Version 4.2
vtk output
ASCII
DATASET POLYDATA
POINTS 2995 float
-150.374 -1.63345 99.4075 -150.211 6.04381 109.638 -150.163 -7.00722 111.212 
-149.853 1.57483 121.027 -149.838 11.5138 98.2109 -149.676 4.25781 87.778 
-149.626 14.0665 119.237 -149.572 17.5427 86.8365 -149.32 18.5771 108.359 
-149.299 -14.9721 100.82 -149.037 10.8673 130.642 -149.021 24.489 117.584 
-149.016 -9.066 88.9368 -148.808 24.3341 97.4602 -148.725 10.4709 76.2354 
-148.709 23.3012 129.136 -148.488 -11.5605 122.807 -148.312 30.6297 86.5953 
-148.294 34.2069 117.72 -148.265 23.9778 75.6485 -148.25 30.4859 107.912 
-147.768 -2.93494 77.257 -147.581 37.5523 75.695 -147.506 -20.6158 113.044 
-147.439 -1.87512 132.03 -147.289 36.7522 97.3917 -147.022 30.8586 64.5665 
-147.007 -22.6843 90.1251 -146.867 43.8508 87.0254 -146.702 17.0414 64.9701 
-146.401 -16.3518 78.2394 -146.263 34.7452 125.955 -146.08 41.3202 108.393 
-146 6.7139 140.864 -145.931 3.42181 65.7775 -145.877 44.9136 64.8556 
-145.77 19.7155 139.934 -144.969 38.1648 53.5485 -144.818 -28.223 102.201 
-144.692 -10.0267 66.6496 -144.638 23.7449 53.7899 -144.627 43.694 119.525 
-144.405 32.8557 137.146 -144.21 50.7442 76.5998 -143.814 48.5424 98.5146 
-143.619 9.93513 54.4805 -143.558 -29.76 78.9529 -143.478 -13.7018 133.244 
-142.951 -23.4796 67.2784 -142.3 -3.55914 55.335 -141.977 30.5064 42.8163 
-141.791 -22.9802 124.506 -141.578 -6.14488 137.243 -141.363 43.8304 130.927 
-141.328 -35.52 91.0999 -141.207 16.5507 43.2668 -140.993 -16.9761 55.9318 
-140.909 51.7966 54.3523 -140.832 55.5644 88.5934 -140.72 51.5931 110.395 
-140.316 -50.0818 -325.441 -140.063 44.4613 43.2156 -139.931 -37.0949 -330.174 
-139.635 -38.8606 -318.19 -139.587 37.3415 31.8595 -139.583 3.01679 44.1647 
-139.581 -31.734 114.341 -139.376 23.124 31.9476 -139.061 57.1586 66.3772 
-138.75 -51.4437 -313.309 -138.537 -36.4262 67.9386 -138.392 -26.2491 -323.296 
-138.348 30.4477 20.3745 -138.258 14.1087 148.289 -138.178 -62.6039 -321.061 
-138.114 -24.2805 -334.807 -138.104 -30.312 56.4485 -138.058 -47.6904 -337.428 
-137.927 -10.3001 44.9355 -137.888 -60.6975 -332.967 -137.818 27.7005 146.514 
-137.576 -40.0719 -306.049 -137.429 1.12632 147.188 -137.109 9.55473 32.921 
-136.997 -27.6571 -311.551 -136.877 -34.728 -342.104 -136.649 52.5202 122.298 
-136.026 -73.0419 -328.858 -135.918 15.9995 21.3313 -135.911 58.1614 100.63 
-135.906 -23.564 45.4225 -135.891 -52.347 -301.067 -135.82 -63.5513 -308.735 
-135.813 -40.9437 79.85 -135.717 -10.4146 142.457 -135.559 22.7151 9.55797 
-135.468 40.4041 141.619 -135.134 -3.73869 33.8735 -135.069 61.0625 78.4932 
-134.766 -28.8115 -299.623 -134.743 -37.185 102.699 -134.734 -14.2967 -328.337 
-134.56 -41.024 -293.942 -134.438 -74.2484 -316.527 -134.154 -15.7678 -317.435 
-133.87 -12.0908 -339.34 -133.628 50.0086 33.2613 -133.609 43.5017 21.8512 
-133.541 -20.9228 134.347 -133.402 -21.8587 -346.141 -133.184 36.5595 10.3062 
-132.953 56.2832 44.696 -132.803 2.76217 22.6542 -132.745 -16.8517 34.6391 
-132.622 -16.8575 -305.98 -132.251 -53.0058 -288.888 -132.227 -64.0538 -296.435 
-132.166 8.9036 10.9884 -132.119 -42.7676 57.3738 -131.84 -36.3401 45.9598 
-131.776 -29.7801 -287.486 -131.653 -70.5785 -339.616 -131.382 50.8843 133.874 
-131.36 -57.7555 -342.928 -131.356 28.9883 -1.02362 -131.329 14.9864 -0.69992 
-131.201 61.5668 56.4682 -131.155 59.4073 112.752 -130.958 -41.9306 -281.836 
-130.895 -74.8514 -304.354 -130.666 -29.5299 124.328 -130.307 63.8086 90.6424 
-130.191 -3.16563 -332.4 -130.146 -17.9316 -293.855 -130.123 -83.4065 -324.903 
-130.048 -4.28307 -324.175 -129.999 -10.2964 23.6517 -129.782 -29.7766 35.0618 
-129.712 -45.1403 -346.802 -129.55 -42.6644 91.5691 -129.083 -5.34091 -312.963 
-128.984 -46.6961 69.223 -128.855 -10.5933 -350.753 -128.833 21.4724 153.456 
-128.828 -1.74724 -344.127 -128.79 -79.5403 -334.608 -128.468 8.01069 153.463 
-128.2 -53.7445 -276.823 -127.952 -3.93921 12.4393 -127.94 -30.8171 -275.333 
-127.921 -64.4461 -284.332 -127.75 65.3295 68.4414 -127.533 34.722 150.159 
-127.176 -84.6604 -313.033 -127.048 -6.44819 -300.745 -127 -42.8142 -269.717 
-126.98 -23.1076 24.3153 -126.897 -19.0041 -281.582 -126.703 2.13068 0.997827 
-126.681 -4.54951 149.829 -126.67 -36.1586 113.399 -126.575 -32.2905 -350.281 
-126.238 -74.8665 -292.3 -125.991 58.8199 124.775 -125.848 21.1541 -10.6023 
-125.415 47.8492 12.5637 -125.231 54.3442 23.6666 -125.109 65.0937 102.816 
-124.914 41.0925 1.33163 -124.888 -42.1327 35.7518 -124.809 7.23699 -336.393 
-124.723 46.8132 144.098 -124.696 -47.766 47.0902 -124.563 8.21668 -10.1703 
-124.501 60.1744 34.9897 -124.389 5.7084 -321.791 -124.31 -16.5831 13.4133 
-124.266 -15.9908 142.591 -124.164 -7.63408 -288.232 -123.851 -54.5852 -264.869 
-123.834 -31.9746 -263.161 -123.584 -48.1985 80.8072 -123.521 -35.8325 24.6894 
-123.421 -65.1036 -272.438 -123.352 68.0889 80.5052 -123.128 34.0004 -9.67591 
-123.003 -20.2791 -269.294 -122.941 -18.983 -353.265 -122.911 -84.6304 -300.833 
-122.772 64.9695 46.5522 -122.69 4.54416 -308.097 -122.675 -10.3823 2.15012 
-122.664 -43.8361 -257.681 -122.641 8.27881 -348.514 -122.285 -52.1328 58.7945 
-121.883 14.2619 -21.0372 -121.857 -41.6216 102.374 -121.731 -79.9672 -340.524 
-121.621 -87.5028 -333.688 -121.54 -25.3163 133.195 -121.41 -75.0969 -280.405 
-121.286 -67.34 -344.5 -121.261 -4.30526 -9.23131 -120.67 -29.1518 14.0667 
-120.642 -8.92698 -275.821 -120.333 26.9494 -20.3537 -120.206 -3.85728 -355.811 
-120.191 -91.308 -323.09 -120.117 1.65262 -20.6382 -120.094 3.25009 -295.249 
-120.089 56.4401 136.165 -120.004 65.3882 115.03 -119.918 68.8684 58.3135 
-119.838 -54.675 -347.976 -119.694 -33.1635 -250.966 -119.304 -55.5391 -253.037 
-119.045 -48.347 25.3746 -118.935 -22.8442 2.90025 -118.904 16.0865 -328.903 
-118.883 -21.6435 -257.059 -118.771 17.4636 -341.461 -118.722 -65.8743 -260.769 
-118.679 14.9869 158.23 -118.601 28.3068 157.088 -118.589 69.9235 92.6974 
-118.576 -53.8268 36.8911 -118.535 7.53163 -31.7676 -118.35 -44.9442 -245.624 
-118.296 20.2474 -31.4921 -118.064 -84.4201 -288.762 -117.956 -32.7099 122.673 
-117.698 -16.7134 -8.42013 -117.582 -41.9804 14.3601 -117.458 14.9946 -315.44 
-117.308 -53.9301 70.3944 -117.256 2.08004 155.403 -117.168 -42.0136 -350.954 
-117.053 -10.7418 -19.9058 -117.009 1.98494 -282.639 -116.959 -92.3911 -310.529 
-116.865 41.0334 152.818 -116.851 52.1915 3.25695 -116.756 57.9747 13.8494 
-116.733 19.0532 -352.914 -116.681 -75.7238 -268.603 -116.678 -4.92714 -31.4377 
-116.63 -47.4881 91.6716 -116.563 45.9705 -7.52144 -116.458 -10.5468 -263.601 
-116.241 13.5741 -42.6244 -116.178 63.4458 24.8402 -116.11 71.9869 70.2894 
-116.022 0.871082 -42.8385 -115.738 -57.5857 48.5473 -115.682 -35.4831 3.39605 
-115.63 39.1915 -18.7896 -115.508 -34.3586 -238.773 -115.175 13.8604 -302.43 
-115.12 -56.6032 -241.073 -114.901 -9.75056 149.404 -114.746 -22.9598 -244.808 
-114.734 32.6648 -30.3209 -114.707 68.2488 36.3392 -114.679 7.84122 -358.817 
-114.663 7.16292 -53.9828 -114.497 -29.2047 -7.88383 -114.393 64.077 126.912 
-114.17 -46.0765 -233.545 -114.05 -66.7236 -249.259 -113.944 -23.1278 -19.3485 
-113.916 -29.5625 -354.008 -113.89 -17.2027 -30.9403 -113.802 -11.4763 -42.5427 
-113.764 -5.6729 -54.0637 -113.618 -39.2913 112.244 -113.595 70.9411 105.005 
-113.591 26.2419 -41.7856 -113.495 -54.5541 15.0818 -113.443 52.3881 146.558 
-113.096 -84.6087 -276.812 -113.021 0.244533 -270.331 -112.988 -60.0999 26.6152 
-112.834 26.1077 -334.944 -112.746 -92.3775 -298.041 -112.559 -48.2929 3.85366 
-112.431 0.790627 -65.2117 -112.367 28.3716 -346.133 -112.316 19.8941 -53.2174 
-112.306 -12.0871 -251.334 -112.235 12.4534 -289.68 -112.232 72.1702 48.0057 
-112.229 -20.0859 141.072 -111.658 74.2351 82.4682 -111.655 -76.4098 -257.211 
-111.638 24.7893 -322.385 -111.489 -41.8899 -7.42979 -111.438 -12.116 -65.3314 
-111.411 -35.4644 -226.552 -111.133 -59.5779 60.1159 -111.131 -17.9543 -53.7774 
-111.086 30.2057 -357.224 -110.952 -57.6347 -229.182 -110.855 -53.6692 81.3393 
-110.831 13.5764 -64.6173 -110.811 -24.1475 -232.459 -110.8 -23.5893 -42.0565 
-110.759 -35.5946 -18.8694 -110.621 -29.4834 -30.4216 -110.537 -76.7948 -343.321 
-110.529 -84.0501 -338.509 -110.522 -91.3053 -333.696 -110.48 -64.2984 38.4825 
-110.247 -16.6144 -356.846 -110.064 -5.57082 -76.4603 -109.974 -47.0887 -221.52 
-109.738 -67.6257 -237.676 -109.31 19.0231 -363.006 -109.26 -63.3503 -346.639 
-109.247 23.5391 -309.603 -109.069 7.22268 -75.951 -109.035 -28.4508 131.306 
-108.906 -96.6703 -321.086 -108.845 -45.7073 101.885 -108.834 -1.56949 -258.104 
-108.698 75.4216 59.9629 -108.601 -18.2346 -76.5594 -108.55 10.6359 -277.262 
-108.532 -60.9455 4.67338 -108.452 44.1306 -28.3146 -108.369 38.0738 -40.1568 
-108.368 50.6 -16.4397 -108.301 21.8308 162.293 -108.291 -24.1259 -65.0522 
-108.229 -13.5366 -239.052 -108.222 34.4914 160.46 -108.201 70.5593 117.119 
-108.195 61.2067 138.175 -108.073 -92.3708 -285.769 -108.072 -11.8043 -87.7567 
-108.021 -54.6425 -6.8508 -107.996 56.8097 -5.36251 -107.865 32.0249 -51.8706 
-107.854 -85.2049 -264.593 -107.678 -66.5087 16.3874 -107.439 62.2514 4.78074 
-107.42 -36.5144 -213.837 -107.387 -29.6606 -53.3039 -107.293 -17.9026 -99.1976 
-107.288 -48.1489 -18.4144 -107.242 -77.1928 -246.058 -107.23 0.871436 -87.2683 
-107.173 8.87913 160.636 -107.076 -50.7753 -349.494 -107.037 -25.2218 -219.868 
-106.955 25.8757 -63.4554 -106.886 70.919 25.8266 -106.867 -35.4608 -41.5926 
-106.835 -24.2723 -87.919 -106.795 -41.669 -29.9515 -106.749 75.4951 94.7277 
-106.633 66.6404 14.5157 -106.434 -58.5776 -217.498 -106.351 22.1643 -296.938 
-106.337 -5.24091 -98.7649 -106.096 -3.90731 -359.805 -106.057 -23.9119 -110.608 
-105.941 -48.1946 -209.202 -105.88 -30.3946 -99.2494 -105.767 39.3223 -361.916 
-105.739 35.137 -341.419 -105.696 -30.2011 -76.3944 -105.678 -97.9499 -308.132 
-105.65 -66.0412 50.1354 -105.639 46.2572 155.203 -105.623 -11.1992 -110.278 
-105.585 19.5518 -74.892 -105.241 -3.10303 155.221 -105.215 -68.4268 -226.254 
-105.212 -35.8561 121.403 -105.187 -70.7176 28.2886 -105.162 34.0032 -329.165 
-105.097 -59.7812 71.2229 -104.785 75.0709 37.488 -104.706 -14.5263 -226.561 
-104.57 -3.35066 -245.902 -104.516 -17.2679 -121.702 -104.462 78.0092 72.1464 
-104.34 8.5267 -265.093 -104.333 13.2998 -86.3411 -104.25 -36.8135 -200.915 
-104.25 -29.9179 -121.944 -104.141 -38.5743 -352.427 -104.099 30.1036 -367.332 
-104.065 -35.6048 -64.6444 -103.975 40.117 -350.246 -103.85 -36.3517 -110.575 
-103.665 -36.173 -87.7237 -103.599 -26.4111 -206.525 -103.512 -51.9781 91.5786 
-103.484 -66.8837 -5.8461 -103.321 7.20231 -97.8529 -103.289 -23.3466 -133.152 
-103.212 -60.5869 -17.9689 -102.92 1.33632 -109.487 -102.891 32.7519 -316.764 
-102.831 -92.6472 -273.469 -102.757 -13.9097 147.814 -102.713 -41.0944 -52.8627 
-102.688 -72.8722 6.10023 -102.63 20.1762 -284.552 -102.564 -77.6652 -235.192 
-102.465 -53.8158 -29.6733 -102.344 -85.9961 -251.981 -102.27 68.6427 128.81 
-102.262 -50.2479 -196.236 -102.25 -47.273 -41.2683 -102.108 -4.70798 -120.996 
-102.035 -35.9872 -133.287 -101.964 -42.3184 -99.0162 -101.937 -40.7607 -186.348 
-101.663 -59.9583 -205.203 -101.603 -98.48 -295.405 -101.537 75.9076 106.971 
-101.53 -10.7909 -132.539 -101.39 78.6693 49.512 -101.378 -29.4872 -144.659 
-101.348 56.6679 148.349 -101.314 -15.2563 -214.069 -101.13 -42.2443 -121.855 
-101.01 42.8542 -49.7077 -100.942 8.09562 -362.744 -100.932 -41.4946 -76.0683 
-100.884 37.1969 -61.6049 -100.732 48.5877 -37.6799 -100.678 -27.0095 -190.849 
-100.671 -42.8752 111.368 -100.664 -26.4029 -355.204 -100.638 -4.76905 -233.663 
-100.603 -35.3449 -178.796 -100.547 -72.7534 40.1215 -100.369 -16.9589 -144.105 
-100.08 31.1361 -73.2461 -100.029 54.6847 -25.5109 -100.024 -29.345 -167.733 
-99.9881 -69.3016 -214.304 -99.9802 26.1269 165.245 -99.9399 -77.2376 18.0976 
-99.8841 -35.825 -156.195 -99.86 31.1662 -304.291 -99.8549 -23.4177 139.101 
-99.8297 6.29814 -253.026 -99.767 -66.2519 61.4553 -99.6387 -84.6099 -339.951 
-99.633 79.5117 84.4037 -99.5162 -42.6067 -168.18 -99.355 -23.1306 -155.749 
-99.1888 -95.0988 -330.795 -99.1113 41.9024 -336.704 -99.0444 -41.9914 -144.611 
-98.9778 24.7947 -84.7469 -98.9775 -48.0367 -110.328 -98.9662 61.1163 -13.3848 
-98.9527 -52.6343 -181.926 -98.7279 -71.5188 -344.675 -98.6867 -46.6482 -64.2291 
-98.5343 19.027 -96.4811 -98.3917 17.7181 -272.435 -98.3851 71.9019 15.2687 
-98.3043 -47.2558 -87.4085 -98.2333 -15.3116 -201.636 -98.2261 -86.1254 -243.319 
-98.1858 -22.3137 -178.763 -98.1308 -58.4202 81.6594 -98.1176 13.2943 -108.173 
-98.083 41.1134 -370.824 -98.066 -72.1784 -16.5833 -97.8486 -48.0773 -133.089 
-97.688 7.39689 -119.799 -97.6596 39.5943 163.268 -97.4387 47.6559 -357.671 
-97.4239 -100.735 -318.17 -97.3805 67.0628 -1.98802 -97.3319 -52.4556 -52.6223 
-97.2936 -48.5187 -155.903 -97.2688 -78.22 -223.751 -97.2657 1.24731 -131.372 
-97.2199 -5.51997 -221.558 -97.1479 -78.2234 -4.34623 -97.1426 76.6952 26.9997 
-97.1292 81.3119 61.7184 -97.1235 -61.8378 -192.654 -97.0921 -65.6526 -29.4791 
-96.9655 -58.9451 -41.1762 -96.9479 -58.9651 -347.532 -96.6932 -14.0799 -357.751 
-96.6601 -93.0623 -260.018 -96.6463 -98.5702 -283.014 -96.6273 -4.95504 -142.97 
-96.5778 -16.8718 -166.685 -96.4412 -31.6473 129.929 -96.1401 29.0612 -291.986 
-95.9755 65.4994 140.001 -95.8521 74.9062 118.945 -95.814 -11.213 -154.598 
-95.8121 69.8601 3.36116 -95.7722 40.9745 -324.321 -95.7686 -49.6674 101.405 
-95.6469 15.7633 165.309 -95.6225 19.9654 -365.478 -95.5675 4.38544 -240.852 
-95.4498 -53.0623 -98.7069 -95.4195 -53.7353 -121.515 -95.3468 -79.326 30.0275 
-95.2766 -13.9462 -189.463 -95.1533 -55.5763 -167.708 -95.0794 3.22949 161.174 
-94.7696 -52.0149 -75.6772 -94.6865 -72.9513 51.7108 -94.5467 -70.4271 -202.298 
-94.5455 -54.0166 -144.276 -94.447 -46.9695 -350.298 -94.4314 80.0948 96.6374 
-94.2676 -82.999 7.69347 -94.1987 51.1363 157.827 -94.1199 15.362 -260.343 
-94.1078 -102.736 -305.302 -94.0977 -5.64168 -209.854 -93.8628 80.8956 38.9921 
-93.5303 -86.2521 -233.825 -93.0904 -7.94623 154.491 -93.0657 -65.0098 72.2301 
-92.9707 48.9182 -344.976 -92.8056 -10.4461 -177.325 -92.7483 39.4238 -311.94 
-92.6753 -63.8587 -179.423 -92.411 46.5258 -58.8095 -92.3484 83.1137 74.0143 
-92.3448 -39.135 120.352 -92.3335 51.9387 -366.727 -92.2784 40.9458 -70.6997 
-92.1693 -1.79312 -360.514 -92.1192 52.0732 -46.7751 -92.0782 -57.1449 -64.0274 
-91.8179 26.4164 -279.896 -91.6749 -58.4919 -109.949 -91.659 30.423 168.198 
-91.6579 3.05217 -228.69 -91.6537 35.0572 -82.4274 -91.6504 -60.3489 -155.468 
-91.4544 24.1952 -106.259 -91.4252 -78.8602 -211.964 -91.3849 18.6028 -118.047 
-91.3794 29.4046 -94.2863 -91.2916 -82.8166 -14.6589 -91.2818 -59.1506 -132.677 
-91.279 -4.80084 -198.604 -91.2338 -35.1061 -353.097 -91.1964 -5.50191 -165.002 
-91.1653 57.6756 -34.5164 -91.1049 12.5404 -129.681 -91.0599 -57.2848 -87.0927 
-90.9898 -76.2027 -27.422 -90.9807 -98.7317 -270.406 -90.738 6.22543 -141.24 
-90.6642 -56.3767 91.6245 -90.6322 0.197679 -153.01 -90.4987 -17.8893 146.44 
-90.3332 -63.0681 -52.5679 -90.1432 31.8092 -368.109 -90.1373 77.1635 16.0217 
-89.9212 -85.698 19.9507 -89.7162 72.3151 130.351 -89.7018 63.7349 -22.0403 
-89.6339 -103.291 -292.828 -89.6274 83.9564 51.2473 -89.5862 -79.6483 41.798 
-89.545 12.8911 -248.23 -89.4973 -70.1233 -41.8617 -89.3657 -93.2867 -245.128 
-89.2654 60.9796 150.473 -89.1789 -71.7553 -190.225 -89.0311 37.1676 -299.689 
-88.918 79.702 108.661 -88.8256 48.5337 -332.425 -88.7827 -88.5569 -2.75952 
-88.608 -90.4052 -335.509 -88.3842 -3.06778 -187.356 -88.2028 -79.0603 -341.847 
-88.0669 -71.4897 62.8071 -87.9228 2.67437 -215.998 -87.7902 -66.6838 -166.788 
-87.764 -99.1676 -326.596 -87.6806 -46.5514 110.666 -87.6463 -64.0337 -121.076 
-87.5239 -23.1793 -355.74 -87.4351 -86.4869 -222.031 -87.4278 69.8246 -9.20256 
-87.3807 -26.8277 137.825 -87.3687 54.6576 -354.417 -87.3443 23.5405 -267.973 
-87.3188 -64.8258 -143.782 -87.1797 -62.5692 -98.3879 -87.1385 10.4594 -363.173 
-87.0779 83.5743 86.2553 -86.9422 -61.5267 -75.4883 -86.7264 -66.7417 -345.473 
-86.5824 44.0312 165.644 -86.1301 81.788 28.4791 -85.8068 -62.7426 82.4655 
-85.7891 0.132377 -175.14 -85.6275 -104.533 -314.626 -85.4419 3.37381 -206.609 
-85.3515 -78.5136 -35.4672 -85.3105 -79.3538 -200.459 -85.2928 10.9284 -235.777 
-85.1157 46.7484 -320.182 -84.8059 85.8656 63.5677 -84.7198 34.278 -287.671 
-84.5909 -55.082 -348.105 -84.5779 -98.9411 -257.111 -84.5334 43.633 -369.958 
-84.3459 -85.757 -24.508 -84.3456 -103.401 -280.418 -84.3399 -91.6312 9.57992 
-84.199 4.96929 -162.768 -84.188 -86.111 31.8448 -84.1202 9.11949 168.265 
-83.8028 10.7724 -150.881 -83.6686 -66.5776 -63.9422 -83.655 -34.9865 128.83 
-83.6326 -73.2865 -177.859 -83.4451 16.6335 -139.062 -83.3813 69.0521 141.555 
-83.3287 76.1103 4.69721 -83.2834 -11.0896 -358.229 -83.2158 22.5921 -127.36 
-83.183 -2.37384 161.427 -83.1207 28.308 -115.57 -83.0238 77.891 120.25 
-82.961 4.07325 -197.219 -82.9383 -78.073 53.1014 -82.9379 -70.2779 -154.913 
-82.8394 -69.0294 -132.186 -82.8296 -53.8421 101.035 -82.8146 33.428 -103.461 
-82.8084 -67.7369 -109.533 -82.8022 48.8292 -67.452 -82.7103 20.5941 -255.997 
-82.6715 -93.0951 -232.602 -82.6156 22.3652 172.451 -82.5928 43.5289 -79.4005 
-82.5167 54.179 -55.4145 -82.4674 38.3211 -91.3605 -82.412 -66.2843 -86.8418 
-82.31 -92.4941 -13.2964 -82.1934 55.0867 -341.492 -82.0979 55.0797 159.883 
-81.95 -106.367 -302.665 -81.9386 22.8212 -365.654 -81.7881 -43.472 -350.77 
-81.7849 85.2263 40.756 -81.651 59.3912 -43.1788 -81.6486 -72.9518 -53.2374 
-81.5695 83.1536 98.1733 -81.2892 44.4707 -307.935 -81.2216 -69.0753 73.7541 
-80.9505 -86.5106 -210.596 -80.9472 -12.451 153.654 -80.879 9.64627 -222.779 
-80.0978 64.6687 -30.7507 -80.0268 31.0841 -275.818 -80.0259 54.8526 -365.034 
-79.7717 5.86973 -185.045 -79.503 86.6449 75.873 -79.3683 -42.9957 119.532 
-79.3443 -80.1523 -188.783 -79.2623 -80.0865 -43.467 -78.694 -92.4462 21.7463 
-78.6134 1.25531 -360.732 -78.5437 35.9531 171.933 -78.4089 82.0232 17.9145 
-78.3765 -31.8578 -353.347 -78.2897 -103.355 -267.789 -78.2034 -96.6102 -1.11802 
-78.1831 -21.8783 145.566 -78.1739 17.9315 -243.802 -78.1374 -60.219 92.0792 
-77.9391 -75.4925 -166.049 -77.9128 -70.1525 -75.3496 -77.8838 -72.5978 -120.636 
-77.841 70.5139 -18.1253 -77.8311 -73.8958 -143.275 -77.8233 -71.1955 -98.0134 
-77.7893 -85.8551 -338.737 -77.7685 53.5816 -329.157 -77.7387 -84.855 43.3414 
-77.5751 -98.7788 -243.768 -77.441 9.3877 -172.441 -77.2745 -95.6216 -332.032 
-77.2348 -107.026 -290.617 -76.9787 87.5489 53.0701 -76.919 -87.4876 -33.8893 
-76.8675 41.3203 -295.954 -76.8294 35.3274 -368.213 -76.7647 74.8236 131.261 
-76.6834 10.0648 -208.16 -76.5607 -74.1628 -343.112 -76.5409 64.1387 151.82 
-76.2692 -93.1154 -220.976 -76.0617 14.344 -160.163 -76.057 -103.65 -322.415 
-76.0162 -75.2017 64.0751 -75.8986 81.8223 109.661 -75.5274 59.5765 -351.543 
-75.2467 27.627 -264.028 -75.2054 20.0605 -148.193 -74.8013 -30.6931 137.114 
-74.6472 -62.4812 -346.09 -74.5867 -75.3625 -64.2272 -74.5795 -94.441 -23.467 
-74.543 -50.9389 109.698 -74.4992 -86.528 -199.366 -74.4967 75.466 -5.1516 
-74.4558 47.8049 167.735 -74.3921 -20.053 -355.804 -74.3492 25.6746 -136.279 
-74.1136 -65.4948 84.4708 -73.9913 85.7721 87.66 -73.8549 31.1915 -124.368 
-73.8273 15.9498 -231.271 -73.8222 -107.567 -312.46 -73.7572 85.3731 30.3209 
-73.6988 13.7283 -363.264 -73.4263 36.3748 -112.342 -73.3092 51.1291 -317.062 
-73.1318 11.3014 -194.904 -73.0375 -81.1145 -177.092 -73.0081 2.43723 169.31 
-72.871 14.3023 175.507 -72.7987 40.9549 -100.103 -72.7731 -97.8621 11.1298 
-72.6612 -74.2788 -86.5423 -72.6049 -75.7116 -109.112 -72.4731 -77.0187 -131.717 
-72.3935 50.2157 -75.9397 -72.392 -78.3064 -154.393 -72.3864 45.5867 -88.0003 
-72.2559 54.9387 -63.8139 -72.2312 -91.2565 33.339 -72.1816 37.7479 -284.094 
-72.141 -51.4844 -348.556 -72.0123 48.6492 -368.213 -71.9163 -103.425 -255.151 
-71.6567 -107.139 -278.37 -71.6442 88.3504 65.453 -71.6034 -81.3925 -53.5223 
-71.5917 59.7847 -51.5769 -71.3564 -7.59915 161.397 -71.1314 -99.5796 -11.8832 
-70.9435 -98.6774 -231.75 -70.9026 -39.1424 128.327 -70.8011 -82.0375 54.3809 
-70.6014 24.3254 -252.06 -70.5578 27.5604 177.742 -70.4459 59.5659 -338.593 
-70.333 71.373 142.243 -70.2178 80.5503 7.74935 -70.2108 13.7765 -182.029 
-70.1774 64.5636 -39.26 -70.0078 -109.412 -301.37 -69.9845 -7.91656 -358.335 
-69.8609 79.1718 120.526 -69.4987 -92.6224 -209.862 -69.4672 15.1417 -218.07 
-69.2707 57.8637 160.813 -69.121 -71.7153 75.1097 -69.0817 -40.3475 -350.921 
-68.9176 -17.0793 153.293 -68.8951 87.7685 42.6215 -68.8248 -88.1363 -43.3525 
-68.8189 26.3155 -365.978 -68.7214 47.8364 -304.92 -68.6545 -59.308 98.3162 
-68.5624 84.4129 98.6662 -68.0622 69.5134 -26.7788 -67.9684 -86.6724 -188.053 
-67.9496 17.3483 -169.361 -67.8681 59.479 -360.351 -67.8153 -77.6343 -75.1286 
-67.3329 33.9479 -272.315 -67.2506 -78.5915 -97.6222 -67.208 -81.5443 -340.502 
-66.9768 -82.7978 -165.514 -66.8609 -79.668 -120.203 -66.8385 -81.207 -142.8 
-66.5986 40.0564 174.97 -66.5195 22.489 -157.13 -66.5009 -95.4121 -33.3698 
-66.4021 -97.0407 23.0064 -66.3308 -47.5183 118.646 -66.2237 -102.144 0.372418 
-66.1248 87.7879 77.4416 -66.0987 21.3954 -239.9 -65.8016 -26.1056 145.186 
-65.6844 15.7077 -204.668 -65.6327 -107.356 -266.117 -65.5952 84.6639 20.0193 
-65.5481 -91.0991 -335.573 -65.4935 -100.087 -328.434 -65.4748 56.9884 -326.684 
-65.4038 -28.9213 -353.287 -65.3638 -88.5243 44.4709 -65.3382 4.42447 -360.961 
-65.3299 -103.422 -243.031 -65.2141 74.4163 -14.2791 -65.1211 27.8282 -145.016 
-65.0007 -69.816 -343.815 -64.945 -110.215 -289.259 -64.3533 -98.4645 -220.491 
-64.1096 39.4673 -368.332 -64.0233 32.8992 -132.839 -63.9667 43.9502 -292.723 
-63.8057 -82.2455 -63.9305 -63.7172 -78.2696 65.1247 -63.6595 89.0443 55.0183 
-63.6334 76.2107 131.522 -63.4236 66.1427 152.142 -63.3377 37.9765 -120.735 
-63.3132 -101.238 -22.3467 -62.9309 -109.329 -313.838 -62.9261 6.50237 177.563 
-62.8985 62.8104 -348.638 -62.8497 82.4204 109.521 -62.689 -92.2208 -198.823 
-62.6559 30.2279 -260.463 -62.5824 42.5725 -108.557 -62.5134 -58.8519 -346.49 
-62.4199 17.496 -191.505 -62.2344 -34.9921 137.02 -62.2225 -67.5026 86.1555 
-62.0638 -3.95213 170.108 -61.8708 46.7842 -96.3544 -61.8194 -81.2461 -86.1596 
-61.806 18.8653 181.998 -61.7385 50.7808 168.998 -61.7271 19.6046 -227.237 
-61.512 78.617 -1.8384 -61.4956 50.9761 -84.2479 -61.4156 55.1067 -72.1487 
-61.4073 -82.5101 -108.682 -61.3416 -86.9888 -176.685 -61.3113 -17.0683 -355.848 
-61.2733 86.3259 87.3617 -61.0346 -83.6124 -131.269 -61.0275 -55.4607 108.181 
-60.9746 -84.8361 -153.928 -60.934 59.3446 -60.0105 -60.7399 86.8099 32.2781 
-60.6677 53.8407 -314.73 -60.6471 16.9164 -363.593 -60.5266 -88.3478 -53.2532 
-60.2424 -102.179 12.5347 -60.0047 -13.2773 161.704 -59.9864 63.6375 -47.7416 
-59.6822 -48.2894 -348.759 -59.6628 -89.3075 -336.532 -59.6277 20.3039 -178.599 
-59.6212 -94.5283 34.3541 -59.5633 53.3508 -367.015 -59.4193 -107.649 -254.299 
-59.2334 -110.659 -277.171 -59.1336 39.8805 -280.714 -59.0091 -104.655 -10.474 
-58.7192 -103.385 -231.53 -58.37 31.5878 181.116 -58.287 -84.7611 55.2548 
-58.2454 67.9259 -35.3796 -58.238 -112.542 -300.587 -58.1621 26.7906 -248.502 
-58.1563 -43.6755 128.109 -57.9272 88.3163 67.5538 -57.7343 18.9791 -214.072 
-57.6675 61.9579 -336.62 -57.5231 -94.9601 -42.8866 -57.5074 -97.9664 -209.488 
-57.404 24.1713 -165.984 -57.2273 82.3244 10.1962 -57.158 -22.0051 153.219 
-57.0305 72.1366 141.989 -56.8941 -4.98057 -358.506 -56.7457 -84.2292 -74.8247 
-56.7365 79.419 120.356 -56.6319 -74.1084 75.8343 -56.439 -37.7662 -350.916 
-56.237 60.0043 161.27 -56.015 29.5906 -366.19 -55.9844 84.5281 97.6204 
-55.9068 -77.7472 -341.353 -55.8856 -91.8153 -187.667 -55.8519 72.2596 -23.0919 
-55.7346 49.8929 -302.169 -55.6975 -84.7874 -97.2114 -55.6231 28.9448 -153.615 
-55.5991 87.8377 44.5931 -55.375 -104.708 -323.977 -55.3269 -62.8514 97.3694 
-55.3078 -86.1105 -119.762 -55.0943 62.8903 -358.268 -55.0395 -87.1826 -142.36 
-55.0188 -88.203 -165.117 -54.492 -101.046 -32.2691 -54.4168 35.6763 -268.933 
-54.1182 19.9644 -200.816 -54.0502 33.7701 -141.261 -53.968 43.3453 177.012 
-53.8015 23.9203 -236.251 -53.7024 -106.162 1.68318 -53.591 -99.9844 24.073 
-53.554 -30.7046 145.472 -53.3574 -51.5838 118.342 -53.2408 -111.326 -265.385 
-53.224 -1.32161 179.557 -52.9485 38.5774 -128.986 -52.9414 -66.1539 -344.386 
-52.8843 -107.749 -242.672 -52.8259 -113.518 -288.367 -52.6948 59.1828 -324.94 
-52.669 10.1361 185.316 -52.626 -26.3006 -353.331 -52.6136 76.1966 -11.0139 
-52.5656 84.9293 22.1184 -52.5357 -90.6987 45.2222 -52.384 -88.4166 -63.7006 
-52.3755 7.33573 -361.093 -52.0961 -103.29 -220.306 -51.9426 42.9109 -116.646 
-51.7585 -11.096 171.384 -51.371 42.6446 -367.911 -51.3197 -111.919 -312.775 
-51.136 -80.4737 65.8175 -51.0575 -105.428 -21.0303 -51.008 -96.456 -331.442 
-50.9849 47.1257 -104.459 -50.9187 22.2059 -187.769 -50.6339 -97.3388 -198.465 
-50.5888 45.2176 -289.31 -50.5484 86.1663 82.7838 -50.3832 75.9922 131.133 
-50.3504 51.1774 -92.3561 -50.2608 67.4039 151.993 -50.1758 -55.8 -346.725 
-50.1111 54.8019 -80.2581 -50.0227 87.5865 57.2013 -50.0106 -86.8717 -85.7914 
-49.9656 31.8486 -257.082 -49.9437 58.5502 -68.2532 -49.9195 81.6354 108.882 
-49.753 64.6032 -346.815 -49.6965 22.1038 -223.349 -49.6872 22.7176 185.772 
-49.6166 -69.5843 86.7667 -49.5458 -39.3515 137.558 -49.5371 -88.3855 -108.267 
-49.3304 62.2673 -56.182 -49.3111 -92.1236 -176.268 -49.3078 -19.5372 162.216 
-49.0403 -89.3891 -130.853 -48.9969 -90.3427 -153.522 -48.7859 53.2637 169.792 
-48.7097 79.4595 0.813104 -48.6571 -94.4241 -53.0631 -48.4512 -14.4569 -355.938 
-48.2542 25.5595 -174.893 -48.1791 66.1183 -44.0431 -48.0998 -58.7017 108.093 
-47.8702 55.459 -313.19 -47.8376 19.7393 -363.685 -47.6614 86.0188 34.2265 
-47.5021 -46.6905 -348.603 -47.2961 -104.588 13.5607 -47.0053 -86.0021 -337.716 
-46.9518 -114.329 -276.558 -46.9274 -111.795 -253.847 -46.8166 55.9758 -366.143 
-46.612 -96.4464 35.1255 -46.487 -107.616 -9.22092 -46.4028 -107.99 -231.289 
-46.3825 69.8901 -31.8411 -46.3354 -115.205 -299.899 -46.2291 -27.6226 153.347 
-45.9513 29.4483 -162.22 -45.8794 40.7732 -277.318 -45.7641 22.0472 -210.143 
-45.7336 28.3457 -244.995 -45.6848 35.0441 183.549 -45.4209 -86.4303 55.7842 
-45.3635 -102.961 -209.214 -45.3354 -47.6572 128.38 -44.6201 -100.1 -42.2416 
-44.6113 63.1405 -335.214 -44.5175 -89.0781 -74.4361 -44.364 82.1272 12.3517 
-44.0787 -2.33775 -358.62 -44.0264 33.8402 -149.723 -43.9633 -35.8065 -350.842 
-43.9602 -75.9188 76.4269 -43.8894 -96.982 -187.279 -43.7706 72.1377 141.283 
-43.6143 -104.514 -323.901 -43.5857 78.3599 119.894 -43.5775 73.3609 -19.7606 
-43.577 -74.1598 -341.811 -43.523 -90.0366 -96.8331 -43.5 86.0084 70.9683 
-43.4761 -9.58031 180.996 -43.2259 82.9622 96.8758 -43.2118 32.2368 -366.033 
-43.1829 -91.775 -119.367 -43.1362 61.3461 160.886 -43.0198 -93.4335 -164.743 
-43.003 1.44069 186.788 -42.8113 -92.4152 -141.981 -42.497 -65.342 97.5272 
-42.4434 38.2509 -137.279 -42.3305 86.0754 46.5606 -42.1401 -18.7765 172.52 
-42.0954 23.3634 -196.933 -41.979 64.989 -357.2 -41.8671 50.1561 -298.097 
-41.6836 25.4985 -232.533 -41.5509 36.6336 -265.579 -41.1117 42.3382 -124.907 
-41.0302 46.3344 178.202 -40.7978 -115.177 -265.029 -40.6272 -107.426 2.7117 
-40.585 -116.62 -287.911 -40.4909 -54.9729 118.512 -40.4449 -101.358 24.8147 
-40.4281 -111.919 -242.424 -40.4176 -61.9676 -344.958 -40.3776 13.656 188.529 
-40.0908 -104.972 -31.1144 -40.0606 76.4614 -8.09034 -40.0398 -93.3952 -63.3829 
-39.9992 -24.1315 -353.383 -39.8713 46.3903 -112.566 -39.8431 -34.9019 148.343 
-39.8282 -108.046 -220.028 -39.7801 59.91 -323.856 -39.674 83.6237 24.1151 
-39.6057 9.92962 -361.153 -39.5275 -26.1467 162.205 -39.4563 -92.0094 45.6963 
-39.2229 -108.194 -19.9387 -39.1974 -113.517 -311.495 -38.9819 50.2858 -100.306 
-38.8822 25.8331 -183.837 -38.7788 57.3587 -76.3723 -38.6296 -102.433 -198.072 
-38.5701 60.6095 -64.4726 -38.5471 45.0416 -367.437 -38.3518 54.2046 -88.1845 
-38.2016 -82.0305 66.3337 -38.1036 -94.4487 -331.746 -37.9887 -53.8912 -346.717 
-37.6598 64.0071 -52.4741 -37.5943 23.9677 -219.601 -37.4945 32.959 -253.66 
-37.4713 -91.4516 -85.4618 -37.3957 -97.417 -175.904 -37.195 74.6572 130.276 
-37.1608 67.4235 150.589 -37.0192 -93.3951 -107.933 -37.0098 45.4531 -285.492 
-36.9043 79.505 108.337 -36.8635 25.8665 187.068 -36.8102 -71.5708 87.031 
-36.7271 83.0537 84.6072 -36.7169 -95.2767 -153.171 -36.6752 -43.1199 138.413 
-36.6732 65.8476 -345.541 -36.6074 -94.4007 -130.511 -36.5738 67.4048 -40.559 
-36.4832 84.7937 59.401 -36.2449 29.3372 -170.961 -35.9998 78.9857 3.06405 
-35.7793 -12.0945 -356.174 -35.7459 54.9812 169.587 -35.5598 -45.8149 -348.476 
-35.4478 -98.1103 -52.3831 -35.3345 56.6425 -312.908 -35.1995 -61.4261 108.133 
-35.0431 -18.9828 183.251 -35.043 22.2113 -363.726 -34.674 83.8475 36.0066 
-34.6149 -8.33137 189.372 -34.4982 -117.71 -276.325 -34.4598 70.6771 -28.5127 
-34.3724 -83.0703 -337.868 -34.3557 -115.468 -253.615 -34.2121 -108.565 -318.779 
-34.1094 -117.622 -299.317 -34.0938 -105.286 14.2657 -33.9544 -112.166 -231.033 
-33.9304 33.0309 -158.197 -33.8816 -108.791 -8.18165 -33.8701 58.126 -366.027 
-33.5409 29.4057 -241.55 -33.4455 24.1523 -206.292 -33.3873 -97.2479 35.5253 
-33.2013 -107.811 -208.803 -32.7987 41.3047 -273.927 -32.6972 37.7882 184.131 
-32.6307 -26.2578 173.29 -32.4948 -50.9496 128.687 -32.2844 -87.568 56.1219 
-31.9678 -102.124 -186.862 -31.9649 -93.8502 -74.2336 -31.8966 36.8399 -145.541 
-31.7037 80.7521 14.0388 -31.6268 -34.015 -350.973 -31.6042 63.4467 -333.891 
-31.5292 53.4108 -303.179 -31.3837 -70.4137 -342.412 -31.3721 0.074751 -358.794 
-31.1956 4.255 190.481 -31.1163 73.7057 -16.4048 -31.036 -77.4141 76.5437 
-31.0013 70.9743 139.387 -30.8643 -98.3058 -164.418 -30.5764 -94.1245 -96.5813 
-30.4275 75.872 119.278 -30.3614 34.5049 -366.018 -30.3389 79.8153 96.5895 
-30.3223 -97.1046 -141.694 -30.3025 -96.116 -119.093 -30.1935 62.0243 159.775 
-30.19 82.5105 72.3931 -30.1683 40.6347 -133.089 -29.8872 -32.3525 161.531 
-29.7173 -102.42 -325.133 -29.665 -102.632 -41.3252 -29.6497 -67.5745 97.6562 
-29.6362 25.6637 -192.985 -29.544 26.6561 -229.013 -29.482 58.4301 -73.3063 
-29.2884 83.0357 48.223 -28.943 37.4461 -262.265 -28.774 65.6953 -356.079 
-28.6829 44.2825 -120.688 -28.1787 -118.418 -264.89 -28.145 -119.511 -287.75 
-27.9369 47.9526 177.517 -27.8639 -115.563 -242.222 -27.8162 -107.96 -19.0541 
-27.7994 -115.236 -309.754 -27.7873 49.7843 -293.138 -27.6231 16.4815 189.366 
-27.5919 -56.8216 -345.893 -27.5831 -107.193 3.27152 -27.5578 -57.5569 118.468 
-27.499 -21.9658 -353.682 -27.4678 -39.0701 149.409 -27.4404 47.9736 -108.356 
-27.3902 -112.131 -219.727 -27.1482 61.6299 -61.0371 -27.1234 -101.623 25.0914 
-27.105 -18.7312 192.984 -26.9938 81.4716 25.4262 -26.9857 -96.6429 -62.9931 
-26.9314 60.359 -322.587 -26.877 12.2469 -361.379 -26.5164 -28.4668 185.192 
-26.4696 -107.094 -197.632 -26.4511 28.0804 -179.808 -26.3998 76.546 -2.97037 
-26.3373 51.822 -95.9972 -26.2374 -92.7447 45.8961 -25.6081 47.0887 -367.473 
-25.333 67.8682 -37.4015 -25.2924 -102.18 -175.551 -25.257 25.2259 -215.913 
-25.138 -82.9145 66.2842 -25.1229 33.6287 -250.386 -24.8127 72.7844 127.932 
-24.6403 -93.0848 -332.332 -24.5541 66.665 148.391 -24.3385 -99.6444 -152.981 
-24.1577 -94.9394 -85.2564 -24.1147 -46.524 138.798 -23.8769 31.4265 -166.852 
-23.8741 -73.3175 87.0124 -23.8663 79.4201 84.737 -23.851 55.4383 -83.3495 
-23.835 28.4961 187.524 -23.8265 45.6111 -282.189 -23.7374 -98.4414 -130.338 
-23.7299 76.2134 108.177 -23.7069 -96.9131 -107.765 -23.5474 66.0627 -344.231 
-23.4823 64.8794 -48.4718 -23.4471 -44.125 -348.692 -23.4044 81.1712 60.7429 
-23.1529 -9.81633 -356.221 -22.8336 -33.294 173.127 -22.8011 -5.52299 193.596 
-22.7157 55.8852 168.533 -22.6519 70.9293 -25.217 -22.6099 57.2305 -311.8 
-22.2655 -63.6387 108.009 -22.2414 24.4238 -363.904 -22.1992 -105.445 -29.8929 
-22.1497 -109.653 -318.378 -21.9125 80.9698 37.2914 -21.8378 -120.467 -276.291 
-21.7811 -119.854 -299.196 -21.7024 -118.643 -253.5 -21.6322 -99.9254 -51.8142 
-21.5219 34.7775 -153.933 -21.3259 -115.53 -230.887 -21.3038 29.9856 -238.207 
-21.1566 -107.557 -7.7192 -20.8387 -104.417 14.3049 -20.8027 25.5291 -202.424 
-20.74 -81.5711 -338.283 -20.6962 -111.589 -208.51 -20.6817 59.7107 -366.159 
-20.1201 41.7298 -270.801 -20.0752 -97.2806 35.4901 -20.0085 78.8891 13.1362 
-19.6672 69.7846 135.413 -19.6579 -106.38 -186.498 -19.6307 -53.4282 128.652 
-19.6116 39.7452 183.706 -19.5356 -66.366 -343.316 -19.3406 37.8785 -141.232 
-19.3163 -31.9048 -351.36 -19.1908 -37.6525 161.015 -19.0926 -87.958 55.9462 
-18.7011 2.32696 -358.782 -18.6517 53.718 -301.335 -18.6402 63.5691 -332.473 
-18.6085 7.08428 192.075 -18.5419 -102.539 -164.248 -18.5323 58.7178 -70.2787 
-18.3708 -96.3677 -73.9583 -18.3464 73.6243 -12.6628 -18.0208 -78.3595 76.3907 
-17.7195 -28.6584 194.584 -17.6316 41.1723 -128.733 -17.5145 36.633 -366.221 
-17.4728 -100.639 -141.623 -17.4026 61.5065 157.81 -17.3694 78.6382 73.0121 
-17.3087 27.367 -225.493 -17.2864 76.244 96.6503 -16.9957 -99.228 -119.032 
-16.9891 -97.2465 -96.488 -16.9276 26.9875 -188.974 -16.6579 -69.2568 97.3929 
-16.5031 37.9102 -259.048 -16.4509 -101.783 -325.852 -16.4065 79.6412 49.455 
-16.233 44.569 -116.482 -16.2046 -36.1353 183.835 -15.6549 72.1661 120.909 
-15.5711 -42.7091 149.216 -15.4641 66.4619 -355.637 -15.4484 -121.583 -287.797 
-15.4447 -120.959 -264.885 -15.4333 -53.9501 -346.369 -15.3936 -102.683 -40.604 
-15.3493 -116.293 -309.645 -15.2068 -118.784 -242.129 -15.147 47.9675 -104.148 
-15.0118 -106.394 -18.6496 -15.0046 -19.7705 -353.912 -14.8894 49.4048 176.845 
-14.7982 49.7519 -290.558 -14.7336 19.1802 190.309 -14.6799 79.1971 25.7414 
-14.6518 67.9752 -34.7213 -14.6327 -114.891 -219.672 -14.5794 -59.485 118.154 
-14.5196 -105.739 3.29747 -14.1254 14.3825 -361.528 -14.0635 60.652 -321.209 
-13.9687 29.1611 -175.698 -13.8352 -100.871 24.8422 -13.7664 -109.901 -197.542 
-13.6472 62.0223 -57.4394 -13.5615 -14.6642 195.403 -13.4405 -97.9581 -62.6843 
-13.203 51.533 -91.8312 -13.2003 75.9797 0.429514 -12.9313 -92.6825 45.5785 
-12.8455 33.6995 -247.171 -12.7252 -105.382 -175.471 -12.6811 25.9896 -212.166 
-12.6402 48.85 -367.416 -12.3896 -74.7889 -340.737 -12.1574 65.6109 145.989 
-12.0339 -83.1989 65.9039 -11.9786 -39.1313 171.96 -11.6284 -48.8162 138.479 
-11.5649 -102.523 -153.053 -11.3815 32.2498 -162.616 -11.2558 -41.7873 -349.073 
-11.1275 45.8155 -279.344 -10.8987 -92.7905 -332.642 -10.8456 76.0413 85.0219 
-10.8402 -74.1746 86.6504 -10.8381 30.868 187.941 -10.5829 -7.61896 -356.144 
-10.5827 77.5405 61.5274 -10.5127 -101.169 -130.377 -10.4392 70.722 -22.208 
-10.4235 65.9429 -342.785 -10.0391 -99.0905 -107.813 -10.0208 -97.1259 -85.2608 
-9.87243 72.9449 108.844 -9.75914 55.1701 -79.3922 -9.75459 57.2228 -310.213 
-9.70735 56.1692 167.07 -9.42201 26.4208 -364.075 -9.3343 -1.91891 194.092 
-9.28512 78.0718 38.0952 -9.24805 -109.821 -318.519 -9.24372 -65.1166 107.604 
-9.17446 30.0312 -234.874 -9.09128 -122.668 -276.399 -9.01558 -120.985 -299.239 
-8.91067 -120.954 -253.557 -8.89743 -103.899 -29.5458 -8.72166 -99.741 -51.483 
-8.70855 35.0365 -149.741 -8.52877 -118.102 -230.891 -8.29971 -105.712 -7.77803 
-7.77429 -113.336 -208.658 -7.70886 -63.4807 -343.897 -7.69402 77.3171 13.6932 
-7.66627 26.1688 -198.395 -7.65637 64.9427 -44.5439 -7.64965 -102.975 13.9341 
-7.64725 -41.5546 160.132 -7.60865 41.9888 -267.708 -7.44809 60.1351 -364.755 
-7.04631 67.8483 133.561 -6.96506 -29.6935 -351.608 -6.89444 -35.7181 192.583 
-6.81478 -108.162 -186.653 -6.81116 -54.6736 127.954 -6.73096 -96.8267 35.072 
-6.58681 42.0728 184.304 -6.28111 37.7429 -137.03 -6.0183 4.3839 -358.761 
-5.89156 -87.9224 55.4723 -5.82193 53.5225 -299.273 -5.753 -104.724 -164.41 
-5.71393 63.7904 -330.995 -5.5935 73.2318 -9.67691 -5.48849 10.1133 192.685 
-5.42457 58.6262 -66.901 -5.34767 -83.2328 -337.83 -5.10244 -41.7316 182.08 
-5.05751 27.4267 -221.985 -4.91975 -78.8289 75.985 -4.5668 38.3991 -366.286 
-4.53201 61.0442 155.964 -4.44302 40.7306 -124.542 -4.43805 -102.619 -141.865 
-4.29082 75.7134 73.4853 -4.1902 27.3105 -184.887 -4.16514 37.9305 -255.847 
-4.03671 43.8611 -112.545 -3.7649 73.6031 97.0316 -3.60638 -70.1237 96.8987 
-3.57272 76.8722 50.2131 -3.51242 -45.1547 148.627 -3.41989 -101.526 -326.018 
-3.39226 -100.914 -119.203 -3.35552 -22.8438 194.838 -3.34292 -51.5902 -346.708 
-3.25025 47.253 -100.585 -3.23974 -97.5349 -73.9835 -2.97652 -98.8152 -96.6105 
-2.90343 67.8061 -31.9945 -2.82653 -101.329 -40.511 -2.67921 -123.064 -287.987 
-2.58556 -122.567 -265.065 -2.55936 -117.007 -309.875 -2.49959 -17.6255 -353.79 
-2.32788 -120.683 -242.274 -2.21186 -104.418 -18.8303 -2.20722 66.0488 -353.93 
-2.13864 77.0494 26.591 -2.0933 49.7094 -288.043 -1.78441 69.6421 121.109 
-1.76639 21.4862 191.229 -1.7125 -116.591 -219.839 -1.69072 -60.3054 117.398 
-1.67936 50.793 176.22 -1.48534 29.5623 -171.638 -1.4634 -104.132 2.92553 
-1.33494 16.3057 -361.474 -1.09632 60.6701 -319.656 -1.08385 -98.062 -62.7028 
-0.802339 -110.871 -197.87 -0.723449 33.4952 -243.903 -0.572253 -99.81 24.2912 
-0.460122 51.1122 -88.4121 -0.364149 75.4243 2.80623 -0.358417 61.902 -54.3901 
-0.179321 -42.8865 170.899 -0.167231 -72.6735 -341.176 0.157163 -106.51 -175.773 
0.337556 -10.447 194.166 0.346281 -92.3836 45.0075 0.539951 50.1402 -367.324 
0.612229 64.3883 144.186 0.951099 -49.6376 137.525 0.957805 26.5225 -208.1 
1.01593 -39.6136 -349.246 1.15852 -83.328 65.3798 1.18637 32.5751 -158.578 
1.41782 -103.803 -153.388 1.5115 45.7311 -276.451 1.89588 70.5133 -19.6355 
2.05966 -5.66546 -356.248 2.16181 -39.915 189.509 2.18069 -92.3013 -332.755 
2.21273 -74.5495 86.0805 2.21477 32.9291 189.243 2.47721 75.2724 62.1046 
2.50033 73.8767 85.3838 2.62606 66.0103 -341.403 2.86748 -102.413 -130.708 
2.89386 29.6957 -231.495 2.96366 -98.9819 -51.6673 3.0441 57.0904 -308.419 
3.21477 54.9197 -76.2207 3.33711 56.635 165.698 3.4918 28.1586 -364.108 
3.55219 76.079 38.8858 3.6475 -109.632 -318.508 3.71936 -123.607 -276.647 
3.7275 -65.5921 106.844 3.75299 -102.313 -29.8182 3.75772 -121.726 -299.443 
3.76568 71.0829 108.994 3.83561 -100.146 -108.093 3.96574 -122.548 -253.767 
4.07975 1.72061 193.124 4.14987 35.2998 -145.809 4.41503 -119.471 -231.146 
4.42268 -44.0636 159.322 4.48935 -61.2986 -344.06 4.58188 43.7802 -110.173 
4.61627 -103.988 -8.21358 4.62034 64.9395 -41.8 4.62287 -98.2309 -85.4634 
4.83174 41.6396 -264.602 5.13848 76.3261 15.3972 5.22376 -114.106 -209.027 
5.51921 -27.6332 -351.496 5.55814 -101.927 13.3399 5.59951 26.8544 -194.311 
5.67507 61.2953 -364.072 5.81529 -54.9879 126.944 5.90799 66.7597 132.305 
6.12917 -108.612 -187.103 6.57274 -96.2292 34.4041 6.65337 43.9936 184.204 
6.71414 6.24783 -358.844 6.85711 27.484 -218.516 6.88006 53.3298 -297.036 
6.91128 -97.7114 -62.9301 7.09384 -43.7588 180.9 7.11381 73.139 -7.42527 
7.12386 37.9789 -133.112 7.20497 -30.8853 192.627 7.21309 -105.218 -164.855 
7.34695 63.836 -329.488 7.35325 -87.8137 54.8542 7.45113 -82.1145 -337.87 
7.45516 11.8712 192.236 7.68494 58.7996 -64.04 8.03566 37.2826 -252.691 
8.21265 -78.9565 75.3521 8.31647 47.5108 -97.723 8.35802 61.1795 154.461 
8.35863 28.1578 -181.001 8.47467 39.8941 -366.365 8.69398 -103.265 -142.333 
8.8251 -45.9207 147.752 8.94912 -49.5133 -346.809 9.03619 74.6724 73.9836 
9.39119 -70.3326 96.1326 9.49058 75.5246 50.8878 9.52586 -100.966 -326.213 
9.53149 67.9952 -29.6383 9.65834 -100.126 -40.904 9.71896 72.5527 97.2238 
10.001 -123.522 -288.333 10.0884 -15.7118 -353.905 10.2123 -101.48 -119.659 
10.2269 -116.953 -309.942 10.2524 -123.578 -265.374 10.6012 49.2067 -285.377 
10.6083 -121.781 -242.59 10.6441 -103.179 -19.3402 10.717 -18.9378 192.895 
10.8256 76.347 27.7048 10.8802 66.9678 -353.278 10.9585 30.722 -167.887 
11.0476 -60.619 116.541 11.0964 22.7526 191.129 11.1609 -99.1061 -97.0308 
11.2249 32.8338 -240.632 11.2741 -117.219 -220.242 11.3431 69.2305 120.44 
11.4823 18.0842 -361.428 11.5127 52.0515 175.052 11.6747 -103.245 2.27674 
11.7043 41.0369 -120.047 11.8275 60.4913 -317.918 12.0413 51.7252 -85.5869 
12.1105 -44.8136 170.129 12.1294 -111.241 -198.381 12.3182 -71.0015 -341.329 
12.492 75.2027 4.66441 12.5299 62.2751 -51.7038 12.5593 -97.5162 -74.4042 
12.7098 -99.2416 23.5745 13.0797 -106.576 -176.31 13.3693 -49.7103 136.467 
13.4626 -37.6195 -349.193 13.5733 64.6763 142.95 13.5905 51.5659 -366.922 
13.614 -92.3241 44.3831 13.7918 33.7524 -154.984 14.0335 -6.24892 192.213 
14.077 44.6737 -273.597 14.1931 29.5855 -228.208 14.3337 -83.481 64.7741 
14.4307 -38.7165 189.218 14.4462 -104.02 -153.935 14.608 70.973 -17.6362 
14.7364 -3.82858 -356.425 15.1104 -91.3992 -332.917 15.1489 27.8103 -216.025 
15.1834 -98.3116 -52.0258 15.2678 -74.7603 85.3907 15.4765 35.0528 189.165 
15.7365 66.2483 -340.172 15.7719 75.4672 62.7001 15.7724 56.7835 -306.299 
15.8965 73.9304 85.728 15.92 27.3468 -203.621 16.0951 -102.569 -131.302 
16.2602 55.8969 -73.5307 16.3626 -121.298 -299.675 16.3736 29.8226 -363.986 
16.4219 57.6948 164.254 16.4911 -123.87 -277.061 16.5549 -101.465 -30.4041 
16.5861 -65.788 106.061 16.6145 44.9474 -107.36 16.6394 76.1065 39.7493 
16.6576 -109.078 -318.789 16.7383 -44.8429 158.536 16.8619 -59.3771 -344.155 
16.8949 -123.169 -254.16 17.0254 71.3039 108.758 17.0755 36.8431 -142.392 
17.1712 40.3463 -261.643 17.3396 65.6143 -39.632 17.3837 -119.846 -231.601 
17.5915 -100.237 -108.643 17.7023 -103.458 -8.88589 18.062 76.3894 16.719 
18.0657 -25.7522 -351.635 18.168 -114.355 -209.548 18.2331 28.0383 -190.477 
18.3947 -55.4469 126.154 18.6091 62.4203 -363.378 18.7996 -101.845 12.68 
18.8018 -97.9682 -85.9791 18.8476 67.8274 131.426 18.8947 9.69718 191.173 
19.0095 -108.474 -187.724 19.4726 7.99964 -358.894 19.6323 52.5226 -294.525 
19.798 -43.4725 181.192 19.8184 -96.3434 33.7598 19.8954 73.7211 -5.80752 
20.0242 46.0198 183.031 20.0265 35.9722 -249.633 20.2052 -104.952 -165.491 
20.2494 -80.7232 -338.01 20.3157 -97.1625 -63.4542 20.4023 63.8373 -327.945 
20.5906 -88.0504 54.2321 20.6393 49.2017 -95.2231 20.6614 29.8145 -177.411 
20.684 59.8245 -61.5967 20.9027 39.8447 -129.697 21.0566 -46.3045 146.891 
21.3031 -79.2572 74.7218 21.3336 62.5193 153.201 21.3996 41.4669 -365.967 
21.4112 -47.5692 -346.751 21.7943 -103.106 -142.997 22.1812 -29.7495 189.901 
22.2277 68.8274 -27.7879 22.3186 75.8594 74.4397 22.3358 -70.5509 95.4123 
22.346 -99.5132 -41.4641 22.4786 -123.309 -288.83 22.5924 32.3401 -237.371 
22.6885 -99.9655 -326.492 22.6922 76.6506 51.5786 22.7304 -13.8961 -354.052 
22.9031 73.7461 97.318 23.0721 -123.326 -265.919 23.3047 32.6065 -164.474 
23.3755 47.7762 -282.633 23.5407 -101.4 -120.33 23.5449 -121.363 -243.171 
23.6374 -103.148 -20.0674 23.7678 67.0341 -351.681 23.769 -61.1374 115.905 
23.7965 77.1179 28.6963 24.0999 24.8576 189.745 24.1919 -117.316 -220.787 
24.237 -15.3178 190.357 24.3006 70.7941 119.975 24.3393 19.735 -361.442 
24.5245 60.197 -315.953 24.6244 -44.3344 169.792 24.6707 53.7447 173.424 
24.7239 53.5942 -83.3168 24.7428 29.6141 -225.033 24.8468 -103.635 1.59455 
24.9092 -69.1589 -341.201 24.9909 -111.251 -198.971 25.0543 -98.8953 -97.6869 
25.073 43.5451 -117.264 25.3111 -115.779 -310.272 25.3587 75.8264 6.02214 
25.3681 63.2653 -49.6339 25.7663 -50.5337 135.867 25.9647 -99.8261 23.003 
25.9723 -106.312 -176.994 26.0124 -35.7348 -349.232 26.3424 -96.8442 -75.0275 
26.3849 66.7375 141.922 26.4231 35.7566 -151.843 26.4302 52.9281 -366.299 
26.5019 28.3728 -212.58 26.6563 43.2179 -270.599 26.837 -92.8226 43.7643 
27.3564 71.9429 -16.1007 27.4816 -84.015 64.2262 27.4881 -2.05323 -356.361 
27.4902 -103.66 -154.643 27.7337 -97.5527 -52.6126 27.7608 -1.15101 189.536 
27.9808 -120.633 -300.218 28.1297 -89.9058 -333.046 28.2655 -75.0536 84.7 
28.3683 28.481 -199.831 28.5637 55.9246 -303.965 28.6708 -43.5735 157.817 
28.7357 66.2855 -338.803 28.7649 37.1825 187.211 28.8809 77.6878 63.2422 
28.968 -122.943 -277.697 29.001 76.1078 86.0218 29.0909 57.5212 -71.4351 
29.1154 47.4976 -105.152 29.3017 -102.298 -132.055 29.3197 38.6352 -258.601 
29.3306 31.4127 -363.918 29.4002 59.715 162.842 29.4026 -65.9713 105.28 
29.4347 -101.541 -31.2022 29.4378 -57.4242 -344.076 29.6552 -122.125 -254.841 
29.7225 77.984 40.4876 29.8641 73.6887 108.714 29.9518 38.9536 -139.434 
29.9981 66.476 -37.8525 30.2415 -118.982 -232.321 30.4156 29.5332 -186.889 
30.7233 -23.9229 -351.745 30.7497 -107.88 -319.403 30.8171 -104.348 -9.68385 
30.9332 -55.9885 125.506 30.9369 77.924 17.7724 30.9742 -113.903 -210.233 
31.042 -99.9215 -109.434 31.3495 63.5895 -362.783 31.5346 34.3085 -246.549 
31.5847 70.5744 130.695 31.7882 -107.896 -188.476 32.0298 -102.912 12.1039 
32.1616 -39.5498 182.375 32.3067 13.8915 188.739 32.3425 9.67384 -358.82 
32.6516 -97.3975 -86.7616 32.6682 74.8278 -4.49559 32.8508 50.9524 -291.714 
32.8741 31.4678 -173.999 32.9691 -78.7753 -337.645 33.0529 -45.9061 145.952 
33.0623 -97.3555 33.2915 33.1282 63.5722 -326.279 33.1792 -104.328 -166.263 
33.2193 51.4526 -93.1857 33.3104 47.426 180.76 33.6184 61.0333 -59.6037 
33.6524 -95.9613 -64.0894 33.7274 42.2487 -127.136 33.7296 -88.9178 53.7806 
33.862 30.8971 -234.218 33.9855 -45.624 -346.621 34.1438 65.2058 151.991 
34.338 -79.7656 74.1538 34.3422 -121.92 -289.414 34.3867 43.0214 -365.833 
34.8729 -102.331 -143.831 34.9053 69.7869 -26.2749 35.0198 -99.4571 -42.1872 
35.0387 -25.7111 187.091 35.2005 78.9639 74.8534 35.2139 -70.5196 94.5611 
35.5061 -12.0918 -353.969 35.5489 -121.62 -266.688 35.5962 76.7224 97.5969 
35.6433 79.6643 52.1289 35.703 34.2522 -161.352 36.1444 -119.546 -244.091 
36.1528 -98.3713 -326.956 36.1851 29.0205 -221.669 36.4505 -61.1539 115.04 
36.5171 -40.69 168.997 36.5217 46.0682 -279.491 36.6735 67.7731 -350.668 
36.6738 -103.965 -20.9558 36.7294 79.4798 29.4425 36.842 -100.602 -121.235 
36.906 73.9631 119.58 36.9135 -115.763 -221.718 37.1278 -10.9745 187.125 
37.1626 26.9881 187.702 37.1748 59.3571 -313.707 37.2959 21.3001 -361.586 
37.512 55.3063 -81.3779 37.5629 -67.1931 -341.144 37.6414 45.5639 -114.966 
37.6515 -110.122 -199.839 37.8315 55.3192 171.553 38.0083 -105.028 0.904615 
38.0594 -50.385 134.931 38.163 64.2218 -47.9356 38.1993 77.3773 7.08148 
38.393 28.6633 -209.006 38.5285 -119.203 -300.818 38.7079 -33.855 -349.235 
38.7274 -98.3248 -98.5689 38.7873 -105.114 -177.868 38.952 37.3417 -149.016 
39.102 69.8765 140.9 39.2012 41.099 -267.484 39.2017 -101.32 22.6121 
39.3327 54.592 -366.339 40.0323 -93.8933 43.4178 40.0425 73.0519 -14.776 
40.1622 -95.8253 -75.9101 40.2343 -40.9468 156.109 40.3034 29.1144 -196.2 
40.3671 -0.314198 -356.22 40.4575 -102.57 -155.544 40.521 -96.8137 -53.3575 
40.5398 -84.485 63.6152 40.7726 3.2741 186.683 40.9736 -120.667 -278.475 
41.074 -87.9915 -333.249 41.1573 -75.1047 83.897 41.336 36.2818 -255.495 
41.389 66.0741 -337.09 41.5419 79.9085 86.4816 41.5935 81.5479 63.7001 
41.6756 49.4182 -103.075 41.6955 -114.354 -311.547 41.8619 54.2729 -301.175 
41.9791 58.789 -69.5776 42.012 -119.502 -255.846 42.0495 38.7089 185.193 
42.0627 -55.4237 -344.013 42.1209 -65.3148 104.131 42.1902 77.2748 108.953 
42.2498 62.493 161.565 42.3032 32.8902 -364.059 42.3591 -102.268 -32.0849 
42.3695 -100.897 -133.04 42.5027 40.3867 -136.81 42.5243 81.528 41.0286 
42.5523 30.2571 -183.366 42.6434 -116.358 -233.488 42.7046 67.3862 -36.3777 
43.3072 32.2681 -243.293 43.3974 -55.4774 124.395 43.4475 -111.748 -211.359 
43.5252 -22.0648 -351.636 43.7968 -33.5465 179.546 43.8048 80.1666 18.5406 
43.8977 -105.701 -10.5044 44.203 -105.681 -189.592 44.2615 74.1474 129.757 
44.3168 65.9908 -363.049 44.5359 -98.7675 -110.469 44.9025 -44.1836 144.245 
44.938 -106.07 -320.194 45.1772 32.0165 -170.685 45.2512 -104.344 11.5758 
45.3208 11.3415 -358.779 45.3736 16.8676 186.339 45.4647 76.3225 -3.44546 
45.515 62.7097 -323.861 45.5321 29.2858 -230.771 45.716 -76.8012 -337.881 
45.7436 -119.218 -290.097 45.7983 -102.126 -167.323 45.9862 52.8856 -91.189 
46.2651 43.4318 -124.674 46.2885 -98.5882 32.9911 46.437 -96.2457 -87.7944 
46.5068 49.4559 179.203 46.507 62.0034 -57.9117 46.7039 -43.6789 -346.626 
46.7918 48.8764 -288.38 46.802 -20.4079 183.423 46.8069 -89.5977 53.3436 
46.8678 68.3929 150.795 47.1589 44.4403 -365.8 47.2549 -79.6872 73.3377 
47.389 -35.2219 166.081 47.5709 -118.566 -267.647 47.5974 70.6953 -24.9595 
47.607 -94.5344 -65.0909 47.7305 82.9842 75.3111 47.7328 -100.157 -144.9 
47.7437 -99.3615 -43.1631 47.7565 80.6512 98.1556 47.7969 28.0243 -218.076 
47.9221 -69.7139 93.333 48.1493 34.8205 -158.374 48.3217 83.7708 52.5673 
48.3247 -116.325 -245.299 48.4277 -10.2693 -353.852 48.9726 -59.8676 113.572 
49.1365 -112.416 -223.083 49.2784 57.8269 -311.077 49.4208 -96.4626 -327.728 
49.4363 77.9126 118.987 49.486 82.7423 30.0072 49.5143 43.6495 -276.205 
49.5671 68.478 -348.825 49.6304 -6.55367 183.951 49.6813 -105.061 -21.851 
49.8301 -106.969 -201.193 50.0114 -98.7344 -122.407 50.0829 27.7727 -205.321 
50.2254 -49.0879 133.415 50.2304 46.6672 -112.693 50.2351 -65.1724 -341.334 
50.3068 22.8339 -361.559 50.3185 -116.967 -301.666 50.3724 29.1531 186.09 
50.4523 56.052 -79.3903 50.6977 58.1117 170.209 50.8357 65.051 -46.4214 
50.9863 -101.983 -179.197 51.0132 79.6532 7.82633 51.2016 -106.159 0.232059 
51.3796 37.8207 -146.257 51.5185 38.4199 -264.246 51.534 -31.9118 -349.084 
51.5787 -37.4071 153.327 51.8107 73.5644 139.69 51.9975 56.0969 -365.996 
52.2675 28.2535 -192.525 52.3466 -96.659 -99.7738 52.4456 -102.419 22.1602 
52.7348 -117.514 -279.323 52.8629 74.0519 -13.6558 52.9708 -99.3745 -156.786 
53.1494 -94.415 43.009 53.2693 33.807 -252.155 53.4336 1.44262 -356.206 
53.4392 -84.5599 62.9812 53.5803 -95.8455 -54.4013 53.7262 6.87527 184.32 
53.7991 83.9392 87.0227 53.8896 -74.3524 82.7905 53.9202 -85.954 -333.743 
53.9531 65.4607 -334.604 53.9972 -115.731 -257.01 54.1608 81.0331 109.643 
54.1839 -93.4817 -77.1536 54.2189 85.5824 64.114 54.3639 -111.854 -312.266 
54.3719 -27.2759 174.433 54.457 49.8981 -100.805 54.6801 -64.0575 102.69 
54.7044 29.2411 -179.784 54.7683 -112.674 -234.85 54.786 -53.3929 -344.052 
54.9133 40.6984 -134.204 55.0199 59.3393 -67.7736 55.0345 65.1703 160.076 
55.1258 30.0897 -239.779 55.1324 -97.6399 -134.354 55.141 34.2262 -363.984 
55.1568 85.4039 41.4718 55.1656 41.0227 183.623 55.256 -102.644 -33.1085 
55.3579 68.1445 -35.091 55.5016 -107.852 -212.856 55.7389 -53.8645 122.728 
56.1629 -101.995 -191.07 56.4869 -20.125 -351.498 56.5873 83.0666 19.0864 
56.8125 -41.8817 142.016 57.062 -106.705 -11.247 57.2023 77.9616 128.188 
57.2047 27.4904 -227.083 57.4881 31.2284 -167.367 57.5195 66.7321 -360.89 
57.5805 61.1521 -320.934 57.6827 -116.263 -290.85 57.7637 -98.1189 -168.837 
57.8323 -96.3483 -111.83 58.298 78.0544 -2.60403 58.3601 -103.905 -321.244 
58.4157 -30.2592 161.961 58.4608 -74.6534 -338.215 58.4739 -15.4696 179.121 
58.5065 19.4629 184.515 58.5212 -105.27 10.9971 58.5339 13.0976 -358.807 
58.7959 43.6215 -122.207 58.8058 51.3204 -296.796 58.9435 52.9359 -89.0291 
59.362 26.3669 -214.348 59.3924 -114.915 -268.654 59.4035 62.4374 -56.3265 
59.4488 51.5097 176.923 59.4756 -98.8128 32.4824 59.5322 -41.6356 -346.483 
59.6564 71.3638 149.376 59.7747 -89.3369 52.7316 59.7782 45.5618 -365.716 
59.7953 55.9509 -308.307 59.8544 84.3783 98.8258 59.9595 -79.0697 72.4964 
60.0287 -93.4806 -89.2646 60.1303 -98.876 -44.1877 60.1583 -96.1563 -146.373 
60.2038 86.945 75.7085 60.256 46.065 -284.649 60.3733 -112.341 -246.56 
60.3859 71.4316 -23.7575 60.4564 -68.575 92.0054 60.5104 33.9959 -155.3 
60.9558 87.6919 52.9375 61.1061 -108.281 -224.574 61.3933 -58.1535 111.881 
61.54 -8.39043 -353.917 61.6085 -102.571 -202.821 61.6976 25.953 -201.567 
61.9028 40.7478 -272.734 62.0803 -2.46858 180.743 62.2313 85.9988 30.4386 
62.3131 -46.9675 131.376 62.3953 -94.3515 -328.615 62.5132 67.1085 -345.739 
62.5729 -97.3025 -180.883 62.6279 -114.365 -302.246 62.7465 -105.493 -22.865 
62.7583 -94.6691 -55.2192 62.886 -95.0608 -123.909 62.8988 46.373 -110.252 
62.9269 -63.0161 -341.48 63.1932 -34.0755 150.175 63.3438 65.3205 -45.0493 
63.3678 -92.0414 -66.6737 63.5374 31.411 184.454 63.5454 60.2238 168.254 
63.552 24.5648 -361.437 63.6185 35.6176 -260.805 63.6748 55.9437 -77.3878 
63.7645 37.0117 -143.402 63.8611 81.9361 8.44362 64.1556 26.227 -188.77 
64.4066 56.9218 -365.621 64.4854 -29.8617 -348.971 64.4886 -107.121 -0.467155 
64.6007 -113.885 -280.15 64.7297 83.2386 113.228 64.7737 76.8391 138.045 
64.7782 -94.5226 -158.503 64.7889 -21.5892 169.199 65.1723 31.2419 -248.521 
65.5556 -92.9782 -101.419 65.6822 75.2045 -12.6546 65.7003 -102.484 21.5721 
65.8476 -111.61 -258.171 66.1739 -93.9135 42.4085 66.1912 -83.8044 62.4081 
66.3492 87.1899 87.3946 66.3781 63.1416 -330.983 66.4679 -73.2436 81.7355 
66.5777 9.94573 181.789 66.6702 3.34553 -356.293 66.7266 -83.7163 -334.326 
66.7433 -108.342 -236.288 66.7755 27.2124 -176.16 66.943 27.7785 -235.956 
67.0308 88.8988 64.4549 67.0822 -62.6129 101.101 67.1059 -109.298 -312.936 
67.1324 -103.079 -214.565 67.2968 39.5702 -131.401 67.395 49.1766 -98.4797 
67.5637 -51.27 -344.002 67.6291 -93.0724 -136.017 67.6397 -97.0913 -192.869 
67.8584 67.342 158.276 67.9621 -90.0547 -78.8512 67.9961 -51.8669 120.814 
68.018 -102.151 -34.3034 68.056 68.3009 -33.7579 68.0874 87.8775 41.8958 
68.1831 43.2313 181.394 68.3149 35.9171 -363.671 68.6085 59.0627 -65.9362 
68.7374 -39.3003 139.574 68.8128 25.335 -223.279 69.1185 -92.8685 -170.682 
69.518 -25.7306 157.655 69.5399 85.1135 19.6321 69.5663 58.4371 -317.517 
69.5853 -18.1069 -351.522 69.6098 29.1041 -163.918 69.7067 -10.5835 174.218 
69.7704 -112.846 -291.404 70.2634 -107.097 -12.2846 70.6047 -91.793 -113.585 
70.8352 66.1857 -358.694 70.8827 23.7801 -210.504 71.0323 81.6454 125.278 
71.0791 53.221 -305.019 71.1356 -72.4178 -338.578 71.1812 -101.732 -322.29 
71.1826 79.5609 -1.8728 71.2451 42.1745 -119.515 71.2541 -110.78 -269.628 
71.4849 21.9062 182.225 71.6058 48.0628 -292.994 71.7871 -105.211 10.276 
71.8061 14.9887 -358.88 71.8939 -97.1629 -45.5789 71.9181 62.0256 -54.7509 
71.9815 -90.8929 -148.237 72.2183 -107.848 -247.998 72.2548 46.6801 -365.093 
72.2853 86.6484 99.3308 72.3015 53.0936 174.519 72.3179 51.8332 -86.7719 
72.4447 -39.5067 -346.394 72.5316 42.5946 -281.112 72.5635 -98.2763 31.889 
72.5959 -88.2789 52.1773 72.5962 -77.8187 71.7877 72.6104 31.9492 -152.092 
72.7028 73.6359 147.546 72.8237 -103.511 -226.23 72.971 -67.1631 90.6636 
73.0165 -97.4842 -204.688 73.0882 -88.9199 -91.1645 73.132 89.3017 76.0226 
73.1738 71.7049 -22.5186 73.2266 23.1069 -197.704 73.7119 -56.1537 109.939 
73.8256 -91.901 -182.86 74.0114 37.166 -269.222 74.0244 89.8785 53.3056 
74.3048 1.03668 176.768 74.3964 -92.0184 -56.9245 74.453 -44.863 129.359 
74.7484 -6.37179 -353.94 74.8047 63.8024 -341.954 74.8735 -30.7203 146.915 
74.9132 -110.591 -302.547 75.156 -91.9471 -329.418 75.3163 87.5453 30.9443 
75.3688 32.2987 -257.167 75.4079 -89.7439 -125.81 75.5412 44.5206 -107.646 
75.5517 -16.5711 164.098 75.5858 64.895 -43.5433 75.6513 -60.794 -341.483 
75.6521 34.4601 -140.256 75.7415 23.099 -184.932 76.0485 -104.756 -24.2053 
76.0762 -88.8413 -160.506 76.4129 61.4484 166.004 76.4181 56.5247 -364.549 
76.5139 -109.891 -280.931 76.5362 33.646 182.063 76.8306 27.9248 -244.692 
76.8844 -87.7094 -68.6 76.8869 82.9436 9.20452 76.8957 26.5551 -361.394 
77.5424 -27.7137 -348.979 77.5957 -106.478 -1.48023 77.7027 -107.207 -259.457 
78.1803 -87.7152 -103.422 78.2066 54.6642 -75.1758 78.2322 85.3018 111.56 
78.4242 23.7502 -172.397 78.4595 -103.417 -237.91 78.4705 79.0268 135.59 
78.5004 24.3819 -232.07 78.5285 75.5664 -11.5079 78.5955 -98.0413 -216.424 
78.7629 -101.452 20.8028 78.9344 -91.801 -194.847 78.9367 -82.2556 61.7638 
79.0266 59.3779 -327.286 79.0394 -71.5851 80.7615 79.0502 -92.5801 41.7806 
79.2569 36.9892 -128.48 79.2857 88.7011 87.5999 79.3124 12.5987 178.723 
79.4545 -81.4359 -334.997 79.4707 -87.3183 -138.078 79.5473 -106.001 -313.374 
79.6397 -60.7405 99.191 79.9523 5.34026 -356.334 80.1717 90.1223 64.7915 
80.1967 -49.3259 118.587 80.2602 21.7457 -219.348 80.3778 -49.0877 -343.917 
80.3858 -87.2935 -172.804 80.5145 46.9928 -95.9595 80.6212 67.8334 -32.2183 
80.6685 -36.5793 137.042 80.6816 -85.1672 -80.9565 80.7469 61.2491 -53.5321 
80.954 68.7568 156.241 80.9813 44.5034 178.156 81.0224 -21.9222 153.769 
81.1283 -99.4245 -36.0365 81.1831 89.0687 42.2793 81.2395 -6.5345 169.177 
81.3841 25.6189 -160.344 81.5619 54.3094 -314.123 81.81 38.2642 -363.385 
81.8396 -108.768 -291.977 82.1784 19.8818 -206.567 82.6241 85.4567 20.3045 
82.6738 61.5918 -354.322 82.7173 49.2163 -301.6 82.7554 -15.9813 -351.636 
82.9749 -105.494 -13.5627 82.9787 -85.7727 -115.782 83.0111 -106.44 -270.763 
83.2487 -84.9174 -150.432 83.2964 38.988 -116.567 83.496 43.887 -289.493 
83.6933 -98.4886 -322.58 83.8252 -70.1175 -338.787 83.9368 -93.0273 -47.2719 
84.0015 28.2989 -148.689 84.0239 -103.208 -249.533 84.124 79.3725 -0.723975 
84.3318 37.9007 -277.753 84.356 -98.4151 -228.071 84.4162 -92.3015 -206.648 
84.4733 18.9553 -193.694 84.5233 23.959 180.335 84.6701 -103.402 9.26892 
84.8489 53.4884 171.785 84.9375 82.9044 122.873 85.0531 -86.4499 -184.951 
85.2184 17.0494 -358.937 85.2374 -75.7885 70.9301 85.2788 87.4416 99.2188 
85.3008 -86.2613 51.4652 85.4083 -37.3059 -346.477 85.4361 -96.359 31.0563 
85.4492 57.0196 -63.3592 85.4896 32.479 -265.812 85.5829 -82.9925 -93.4078 
85.7859 -65.2135 88.9555 85.9112 71.0569 -21.0124 86.0431 -86.9644 -58.6675 
86.0803 -53.6593 107.772 86.1778 74.8498 145.095 86.208 51.582 -363.185 
86.2089 49.4856 -84.2747 86.3081 89.7007 76.2499 86.517 -41.8024 126.781 
86.6986 4.05091 173.002 86.7546 27.652 -253.437 86.7585 -27.7293 143.987 
86.8104 30.7305 -137.081 86.8398 18.1522 -180.905 87.0818 -82.8484 -162.818 
87.0871 -106.609 -303.141 87.1627 -12.7216 159.81 87.192 -83.3718 -128.157 
87.2179 63.7261 -41.8652 87.2697 89.6115 53.6419 87.8209 58.2674 -337.838 
87.8443 -89.5744 -330.257 87.9567 41.0141 -104.747 88.0039 22.9799 -240.834 
88.0382 -4.23296 -354.049 88.2846 -82.1166 -70.7586 88.3303 86.6347 31.5166 
88.3886 -105.67 -281.609 88.3945 -58.6115 -341.505 89.1407 61.8665 163.559 
89.3842 19.14 -228.153 89.4415 -102.615 -260.904 89.5555 35.485 179.1 
89.8101 -103.635 -2.67922 89.8173 82.0341 10.1309 89.9168 18.5264 -168.384 
89.974 -92.6488 -218.435 90.0592 -98.5273 -239.738 90.2357 -81.0574 -105.812 
90.2565 -86.4303 -196.9 90.4925 29.0702 -361.292 90.5487 32.7567 -125.34 
90.6246 -80.6481 -140.582 90.6257 -25.4791 -349.252 91.0285 16.4875 -215.326 
91.315 -81.314 -175.105 91.3516 74.4161 -9.94977 91.4704 -98.7962 19.7548 
91.4844 -79.7965 61.0327 91.5058 53.4862 -323.816 91.614 85.4798 110.518 
91.6817 -89.9334 40.9451 91.8894 -69.2921 79.1123 91.9012 -102.435 -313.843 
92.0789 79.4663 133.169 92.0859 -99.623 -26.4124 92.1596 -79.1057 -335.642 
92.3053 15.1291 176.079 92.3103 -58.3916 97.2411 92.3468 88.5473 87.6887 
92.4092 -78.4386 -83.3311 92.4212 -46.3265 116.145 92.5016 51.611 -72.4841 
92.6397 55.5169 -349.607 92.6751 -33.6376 134.359 92.7896 66.4533 -30.4052 
92.795 -102.252 -14.6974 92.8059 14.3415 -202.417 92.8183 59.2419 -51.5262 
93.0058 -18.8619 150.516 93.1009 48.5417 -310.99 93.1177 44.1647 175.126 
93.2051 -46.904 -344.106 93.2939 43.1384 -92.9908 93.3498 89.0901 65.0207 
93.3876 7.5512 -356.643 93.4203 -3.08999 165.159 93.5631 23.8051 -145.517 
93.7173 19.6213 -156.029 93.8388 -104.507 -292.727 93.9214 69.1229 153.622 
94.1227 43.3331 -298.476 94.1444 -78.4589 -153.002 94.2001 -93.1244 -37.7892 
94.2415 87.6378 42.6112 94.4287 -78.2988 -118.37 94.6777 12.4285 -189.508 
94.7429 -102.082 -271.496 94.8547 34.4284 -113.441 94.8818 37.8334 -286.44 
95.0281 41.8259 -361.411 95.3 83.2508 20.9375 95.4093 31.8434 -274.587 
95.4889 -86.5704 -49.2151 95.5613 -97.8639 -251.46 95.6418 -86.61 -208.78 
95.704 -92.8751 -230.118 95.9607 -80.421 -187.271 95.9805 -13.6749 -351.563 
96.2576 26.5161 -262.355 96.2579 -95.6238 -323.173 96.4723 -80.225 -60.7322 
96.5478 -67.9219 -338.948 96.8578 77.1181 0.829861 96.92 -99.7278 7.9768 
96.9896 25.7141 -133.827 97.0859 53.1686 168.812 97.2387 21.154 -249.852 
97.3108 11.3865 -176.672 97.432 -75.2588 -96.0632 97.6044 -76.1054 -165.437 
97.6586 -72.9092 69.8942 97.7128 -83.1739 50.7043 97.8189 -75.5317 -130.893 
97.8437 -92.7528 29.9755 98.239 27.3277 177.385 98.268 68.9395 -18.9424 
98.275 16.324 -237.049 98.2921 -34.9715 -346.731 98.3611 86.7454 98.9432 
98.3717 82.3545 121.204 98.469 -75.3438 -72.9511 98.5608 -51.1057 105.733 
98.6321 -38.7527 124.195 98.6951 19.7158 -358.722 98.7824 53.6994 -60.7556 
98.8316 -25.0147 141.249 98.9209 -62.9134 86.4066 98.9345 61.0082 -39.6579 
99.0492 45.1858 -81.2989 99.3058 -102.608 -303.751 99.3731 74.6064 142.489 
99.4172 12.7485 -224.184 99.4441 87.9968 76.3809 99.4995 -9.73259 156.45 
99.58 6.79426 169.859 99.6972 35.848 -101.489 100.147 -101.256 -282.363 
100.316 87.4653 53.8553 100.561 -87.0476 -330.572 100.694 49.872 -346.312 
100.834 9.77017 -211.23 100.892 11.0558 -163.914 100.983 84.1171 31.818 
101.047 -86.5541 -220.666 101.076 27.1955 -121.983 101.088 -80.1379 -199.263 
101.119 -73.0583 -143.413 101.128 -56.4704 -341.717 101.207 -98.722 -4.15972 
101.333 -92.5354 -241.933 101.339 -72.3118 -108.71 101.381 49.6451 -333.761 
101.437 -1.86736 -354.173 101.516 -74.4577 -177.765 101.538 61.5019 160.571 
101.561 -97.5827 -263.51 101.735 18.3021 -142.373 101.889 6.33121 -198.16 
102.239 78.8302 11.0882 102.771 46.1632 -320.757 103.411 -93.8984 18.3031 
103.413 -76.1337 60.5527 103.439 -96.0324 -16.3957 103.606 4.10436 -185.132 
103.642 32.3785 -358.825 103.645 -70.1825 -155.951 103.702 -23.2583 -349.235 
103.825 41.28 -308.054 103.856 71.3692 -7.78717 103.862 -85.9041 39.9426 
104.084 42.7049 -354.066 104.103 41.4785 172.873 104.35 -98.8321 -314.231 
104.557 -91.4029 -28.3957 104.586 -69.4776 -121.326 104.665 35.9793 -295.59 
104.669 63.1358 -28.0039 104.671 46.6769 -69.3905 104.763 -43.6202 113.942 
104.78 83.9823 109.808 104.786 -30.7897 131.682 104.819 55.4717 -48.9274 
104.866 -76.9292 -335.79 104.906 -84.7138 -39.8055 104.981 -55.6846 95.1199 
105.121 30.3797 -283.53 105.141 37.5986 -89.7358 105.25 78.2708 131.228 
105.332 -16.4204 147.754 105.335 -97.0151 -270.878 105.362 24.6891 -271.444 
105.39 86.714 87.6743 105.409 28.1496 -109.93 105.414 -78.3108 -51.425 
105.45 10.6428 -151.075 105.549 17.7643 172.899 105.645 -68.0505 -86.7611 
105.754 -100.208 -293.404 105.785 -73.0129 -190.022 105.819 -72.4048 -63.1333 
105.862 18.9499 -258.918 105.946 -44.6986 -344.278 106.055 2.67381 -172.188 
106.123 -79.8232 -211.308 106.156 19.0323 -130.264 106.207 -0.461592 162.179 
106.339 86.5355 65.1869 106.347 -68.5945 -75.1469 106.399 68.0371 150.636 
106.436 -67.2779 74.18 106.581 -67.6915 -168.459 106.718 -86.4091 -232.559 
106.786 10.0902 -356.4 106.868 84.0648 42.8834 107.052 12.9604 -246.006 
107.247 -66.4753 -133.982 107.307 8.40909 -233.25 107.349 -91.9105 -254.599 
107.381 79.3132 21.2752 107.905 4.75955 -220.308 108.341 -93.7493 6.25963 
108.668 -65.1976 -99.3819 108.884 52.4168 165.879 108.968 -93.223 -324.059 
108.978 0.564173 -206.912 109.133 -65.6784 -339.082 109.237 -11.4809 -351.739 
109.414 -78.5393 49.9543 109.453 -63.488 -146.637 109.506 1.89481 -159.344 
109.541 72.7913 3.64646 109.544 -87.3104 28.5364 109.642 42.9496 -343.641 
109.759 -3.17159 -193.646 110.027 -65.7548 -180.922 110.068 28.8308 -97.7677 
110.134 64.6673 -16.2662 110.277 56.2603 -36.8233 110.295 10.6019 -138.574 
110.388 -69.1071 67.4435 110.392 38.8497 -77.7731 110.465 48.3713 -57.6775 
110.49 19.8534 -118.289 110.749 -5.56004 -180.61 110.903 -72.5616 -202.059 
110.942 -36.0031 121.903 111.023 -48.2355 103.657 111.079 29.6997 172.836 
111.099 -22.8555 138.6 111.112 -32.9251 -346.876 111.116 -60.4022 -159.322 
111.234 -96.1929 -282.341 111.285 80.3561 120.197 111.347 -79.2692 -223.424 
111.349 84.2979 98.7181 111.386 -62.4486 -112.034 111.411 -98.2244 -304.509 
111.432 22.6552 -355.598 111.46 41.4048 -330.732 111.659 -91.3228 -6.04492 
111.802 -59.8056 83.8536 111.941 72.584 140.1 112.19 -85.4182 -245.038 
112.194 -7.58265 154.011 112.35 84.9043 76.4659 112.664 37.3492 -317.892 
112.689 9.19148 166.937 112.85 -7.11791 -167.614 112.871 34.0189 -351.187 
112.97 83.4967 54.0961 113.088 79.4899 32.0738 113.28 -59.1719 -124.747 
113.336 -85.2888 -331.374 113.339 1.326 -146.722 113.378 -87.4893 -18.3366 
113.431 -57.847 -171.972 113.469 -68.0575 -53.5935 113.498 60.3128 157.182 
113.551 -63.1292 -65.6737 113.594 -81.5522 -30.134 113.643 -74.6711 -41.7931 
113.649 32.526 -305.232 113.706 -63.9888 -193.344 113.776 -54.2727 -341.82 
113.86 16.4006 -268.267 114.269 22.0928 -280.531 114.296 27.3899 -292.776 
114.34 -70.9363 60.7069 114.367 -59.4965 -77.9907 114.479 -87.123 16.582 
114.48 19.9379 -105.98 114.501 -4.70232 -216.28 114.543 -91.0646 -269.048 
114.596 10.9145 -126.467 114.697 -56.0044 -137.47 114.702 -0.592518 -229.42 
114.858 0.473344 -354.305 115.228 39.6568 -65.7625 115.243 29.6931 -85.8057 
115.276 -80.1623 38.7378 115.387 -71.598 -214.393 115.446 -52.6748 -150.267 
115.599 -13.7498 -189.054 115.64 2.83436 -241.941 115.69 -11.2144 -201.977 
115.711 49.2296 -45.6548 115.731 41.6117 168.718 115.733 57.4364 -24.8871 
115.875 65.9874 -4.41786 115.881 -56.8156 -90.4554 115.922 -8.26815 -154.79 
116.295 -15.8793 -176.07 116.299 -55.6138 -184.571 116.303 -49.6716 -163.058 
116.542 7.37645 -254.349 116.724 -21.3098 -349.467 116.821 -78.4563 -235.778 
117.05 -95.9904 -315.408 117.1 -94.711 -293.987 117.105 -28.5922 129.332 
117.254 -40.758 111.963 117.335 -74.8013 -335.796 117.468 81.0663 109.508 
117.516 -54.2218 -103 117.567 -52.4496 92.9867 117.602 -10.9036 -213.825 
117.659 -17.7336 -163.051 117.667 75.5304 129.857 117.732 -47.0474 -175.867 
117.821 1.44536 -134.584 117.872 -14.8304 145.458 118.192 83.0098 87.6221 
118.24 -62.8844 -205.635 118.364 10.7872 -114.219 118.414 -84.4266 -258.235 
118.47 65.9088 147.56 118.493 -85.5768 4.33064 118.512 34.1859 -340.508 
118.559 -42.633 -344.415 118.638 20.0731 169.42 118.649 73.5555 21.4501 
118.758 19.8226 -93.6781 118.816 -62.8786 71.6739 118.851 -38.2952 -167.15 
119.002 82.0423 65.35 119.051 -41.1378 -154.265 119.058 -24.6791 -184.498 
119.091 78.9404 43.2162 119.174 1.38779 159.686 119.279 -51.4414 -115.738 
119.298 -26.8623 -171.541 119.369 -53.6043 -197.196 119.524 -9.16117 -142.329 
119.645 -22.5549 -197.375 119.675 -35.881 -180.084 119.732 -29.2354 -158.583 
119.771 -44.4585 -141.449 119.774 -9.90991 -225.766 119.788 12.8238 -354.312 
119.868 29.977 -73.6625 119.917 -48.032 -128.602 119.974 -44.7373 -188.609 
119.998 -70.2173 -226.915 120.086 8.98503 -265.557 120.093 51.509 161.7 
120.146 -19.6557 -150.199 120.164 -79.9646 26.8214 120.199 40.6915 -53.9941 
120.233 -72.381 49.1019 120.643 -51.7794 -68.9613 120.674 31.4042 -327.491 
120.684 49.6203 -33.5271 120.694 -82.0354 -8.06515 120.879 24.2823 -348.306 
120.903 -56.0194 -56.6777 121.03 -70.2605 -32.0489 121.134 -33.5977 -192.926 
121.232 -20.8016 -209.944 121.286 1.27744 -122.421 121.299 58.3742 -12.8533 
121.451 -76.9193 -20.2525 121.458 -7.00127 -238.202 121.546 -31.9879 -145.669 
121.577 -91.4269 -324.206 121.646 -48.4792 -81.4323 121.651 -63.2108 -339.031 
121.671 -61.3579 -44.5341 121.733 27.265 -314.739 121.793 10.1206 -101.84 
121.952 -89.4745 -283.081 122.09 -76.975 -248.695 122.094 13.1186 -277.493 
122.177 -61.4347 -218.206 122.391 -42.7172 -201.361 122.45 -45.4936 -94.0271 
122.565 -9.59591 -352.097 122.628 22.8615 -302.159 122.689 -52.0509 -209.807 
122.772 18.0177 -289.788 122.85 66.4567 9.45346 122.923 -9.57041 -130.14 
122.999 -31.6261 -205.69 123.084 -21.6736 -137.522 123.223 -19.208 -222.205 
123.312 19.462 -81.4346 123.328 -35.5945 -132.684 123.341 -21.5673 136.255 
123.436 31.6936 168.249 123.468 76.7352 119.951 123.471 -33.5271 120.032 
123.491 -44.8835 101.581 123.499 -92.9769 -305.574 123.542 -3.66582 -250.403 
123.559 -42.6015 -106.815 123.845 -31.218 -347.112 123.953 69.5655 138.458 
123.996 80.354 98.7242 124.045 -39.3637 -119.723 124.064 0.382096 -110.029 
124.118 -55.4194 81.4402 124.163 30.5311 -61.7065 124.295 -78.5328 14.5946 
124.667 58.4834 154.042 124.684 73.2169 32.6362 124.854 -68.5577 -239.656 
124.916 41.121 -42.0291 124.999 -6.17959 151.816 125.044 -40.8922 -214.037 
125.062 80.4671 76.5721 125.089 -64.6333 59.6304 125.187 -17.0275 -234.58 
125.231 -29.7543 -218.264 125.279 77.956 54.3979 125.304 -82.9948 -271.867 
125.374 -72.493 37.0739 125.473 -9.66436 -118.201 125.562 -83.2479 -330.577 
125.641 9.2105 -89.472 125.645 -25.0291 -124.579 125.79 -0.018966 -262.427 
125.846 11.219 164.062 125.876 49.9891 -21.4669 126.007 -59.0421 -34.101 
126.015 -50.1895 -222.463 126.073 -59.5073 -230.93 126.253 -42.9745 -60.1648 
126.281 -39.6607 -72.5476 126.338 -51.9416 -341.829 126.5 23.5119 -337.111 
126.536 -33.6121 -97.9239 126.56 -36.5265 -85.2058 126.603 -30.5533 -110.823 
126.899 -0.886936 -97.546 127.061 -75.6313 2.18951 127.066 -20.3757 -114.299 
127.177 42.7519 164.031 127.179 58.5744 -0.469207 127.277 -65.2099 -22.2332 
127.366 -46.3616 -48.0083 127.369 -10.7721 -105.849 127.513 -14.2038 -246.849 
127.523 -27.6804 -230.756 127.675 18.3554 -68.9125 127.723 -38.8188 -226.686 
127.744 -70.9438 -10.0935 127.915 -75.1111 -261.853 127.925 31.6732 -50.175 
127.984 -22.0815 -101.785 128.063 2.60869 -352.198 128.208 -87.5858 -295.135 
128.217 3.69973 -274.418 128.862 20.4218 -324.306 128.871 71.471 130.279 
129.044 -49.4351 -36.2256 129.051 -27.2587 126.849 129.219 -24.4063 -89.2211 
129.224 7.54313 -76.8386 129.239 -70.8831 24.6994 129.324 -12.532 -93.2889 
129.402 22.1881 -58.3952 129.443 41.1112 -29.9181 129.481 66.3963 22.136 
129.554 -66.43 -252.607 129.675 -71.8585 -335.513 129.693 76.855 109.683 
129.695 -47.8265 90.5372 129.778 -48.0887 -235.035 129.841 -2.56778 -85.0143 
129.874 -19.9405 -349.886 129.904 -37.7714 110.246 129.921 -27.2463 -76.6132 
130.028 -25.1315 -243.142 130.034 14.2924 -346.287 130.111 8.13772 -286.652 
130.193 -30.2825 -63.9566 130.193 16.7524 -311.609 130.215 -57.0195 69.5231 
130.216 12.4515 -299.06 130.259 -10.8776 -258.984 130.337 -13.7629 143.232 
130.377 -64.7778 47.2733 130.538 63.0748 145.451 130.619 -57.3819 -243.575 
130.724 78.3232 87.8075 130.854 -36.5216 -239.194 130.948 -41.0128 -344.465 
130.987 -53.1667 -24.3597 131.062 72.7544 43.6712 131.085 51.5387 157.23 
131.087 -14.7768 -80.6861 131.156 -33.7404 -51.5186 131.246 49.9501 -9.22678 
131.265 -88.4544 -319.387 131.425 22.5102 165.412 131.563 76.7196 65.6292 
131.649 -80.8768 -284.729 131.882 -68.0028 12.2361 132.087 31.7165 -38.3066 
132.144 -5.03209 -72.3108 132.203 2.9192 157.155 132.307 -58.6285 -12.3401 
132.347 -17.6443 -68.0572 132.644 -36.9668 -39.3971 132.746 4.83474 -64.0256 
132.782 -63.7963 -0.159758 132.842 -7.0288 -271.151 132.903 -22.2592 -255.362 
133.385 22.483 -46.7703 133.423 -45.5709 -247.665 133.508 14.1369 -55.6139 
133.66 58.5552 11.9781 133.794 -20.8957 -55.4329 133.859 -72.9482 -274.671 
133.87 -40.2804 -27.2597 133.959 -33.7408 -251.624 134.294 -60.401 -338.889 
134.384 40.5479 -17.8025 134.444 -63.4946 34.7913 134.444 12.1992 -333.818 
134.513 -7.98931 -59.6628 134.694 -54.9686 -256.245 134.793 72.4324 120.67 
134.81 -84.9425 -307.041 134.937 -64.1998 -265.209 135.063 -21.0297 133.581 
135.132 -44.8931 -14.9832 135.153 -23.9724 -43.0414 135.222 -2.89981 -283.444 
135.25 34.1745 163.037 135.548 -57.3039 57.2612 135.579 -49.3903 78.7291 
135.86 -18.6611 -267.537 135.867 54.5994 152.413 135.89 -40.7404 99.5351 
135.956 66.0609 33.4552 136.008 -7.97117 -349.94 136.263 75.604 99.0139 
136.309 1.61337 -51.359 136.377 -30.2918 -346.965 136.395 -51.1654 -2.59463 
136.442 -26.9975 -30.8258 136.464 30.74 -26.2496 136.535 -10.9303 -47.132 
136.588 8.99572 -320.991 136.621 -60.4604 22.2174 136.634 1.33379 -295.786 
137.007 5.26538 -308.316 137.011 -42.8269 -260.135 137.04 49.6658 2.84016 
137.09 20.878 -34.5572 137.141 -79.1233 -329.423 137.217 45.2838 158.037 
137.241 11.2678 -42.9999 137.358 -56.3708 9.70226 137.386 -30.677 -263.88 
137.541 -29.9627 -18.5993 137.572 71.8794 54.8669 137.577 75.1021 76.9152 
137.654 -78.1991 -296.806 137.823 -29.2798 120.673 137.831 -5.11555 149.5 
137.944 3.22547 -343.122 137.978 -13.7887 -34.6749 138.536 -1.11517 -38.798 
138.632 -14.8506 -279.827 138.723 66.2587 132.535 138.799 13.3648 160.612 
138.888 -49.7367 -341.601 138.898 -34.0749 -6.2127 138.957 -52.2133 -268.794 
139.262 -70.2394 -287.092 139.396 -16.4862 -22.3978 139.408 -55.8046 44.6359 
139.504 -61.3659 -277.826 139.522 39.6937 -5.71663 139.935 8.8356 -30.5223 
139.977 58.3807 23.6452 140.149 -44.285 7.22243 140.357 -27.1864 -276.174 
140.452 -3.71823 -26.3634 140.546 -49.2691 66.5359 140.558 -39.7087 -272.504 
140.666 18.9988 -22.2579 140.705 -18.919 -10.132 140.761 29.3273 -14.0354 
141.106 -10.8284 -292.281 141.231 -48.7091 19.5164 141.241 -33.0214 4.84763 
141.317 -52.8513 31.9849 141.332 -42.2669 87.9317 141.363 72.0075 110.188 
141.445 -81.5811 -318.258 141.513 0.442921 -330.313 142.004 -6.28991 -13.989 
142.181 -21.4383 2.0207 142.234 -67.5859 -333.416 142.259 -6.80329 -304.8 
142.285 6.44898 -18.0884 142.573 -3.01906 -317.437 142.638 58.2729 142.589 
142.645 -13.0605 140.903 142.751 65.7625 44.4591 142.776 -39.98 -343.199 
142.785 -34.0665 109.037 142.822 -48.996 -281.254 142.898 49.4204 14.444 
142.934 73.0166 88.2812 143.089 -8.98514 -1.45457 143.334 -18.9922 -347.119 
143.344 -23.3921 -288.657 143.418 -36.7125 16.8706 143.543 -75.0455 -308.834 
143.631 16.7752 -9.8482 143.982 25.2536 160.565 143.994 3.82165 -5.56906 
143.997 70.6917 66.1493 144.007 -36.1928 -284.91 144.142 -47.6945 54.0851 
144.193 -58.1354 -290.122 144.2 -24.5409 14.0374 144.371 -66.867 -299.407 
144.529 39.0099 6.02448 144.561 -12.2087 11.0669 144.64 27.5921 -1.84745 
145.274 -40.8184 29.0464 145.296 4.38238 154.321 145.313 0.592748 7.23851 
145.41 -8.28658 -339.725 145.475 66.9716 121.324 145.62 48.379 150.634 
145.666 -41.3635 75.5677 145.679 -44.6579 41.4785 145.713 -19.3584 -301.096 
145.822 14.3136 2.69555 146.131 37.2643 156.725 146.693 58.1358 34.7315 
146.722 -71.6909 -322.066 146.738 -20.537 130.719 146.778 -45.3897 -293.66 
146.846 -15.3655 -313.659 146.922 -28.3114 26.0878 147.047 -56.1589 -336.118 
147.077 -32.3158 -297.507 147.089 -11.4731 -326.622 147.427 -15.8353 23.1711 
147.688 -35.1782 96.7956 147.694 -3.54821 20.0176 147.918 27.2061 9.96556 
147.998 70.3962 99.6327 148.032 18.339 13.0243 148.147 9.4719 16.083 
148.232 -30.464 -342.553 148.262 -54.5185 -302.547 148.451 -39.1524 63.122 
148.507 -63.4095 -311.852 148.927 48.9265 25.8367 148.983 -32.2153 38.2255 
149.225 38.7032 17.5846 149.322 -28.2719 -309.868 149.333 -35.8385 50.6162 
149.502 -20.6113 -335.365 149.533 60.5014 131.984 149.716 65.0164 55.7635 
149.761 69.3022 77.6801 149.906 -26.7363 118.952 149.911 -41.5392 -306.275 
150.311 -60.0669 -324.934 150.357 -19.5493 35.1494 150.449 -24.0124 -322.466 
150.678 -3.99456 146.644 151.007 -6.97463 32.1118 151.19 -42.2041 -337.005 
151.273 27.6956 21.4636 151.375 -33.777 84.4147 151.401 5.13128 28.7378 
151.62 16.6791 25.2307 151.66 -50.914 -315.216 151.798 15.8929 156.287 
152.034 66.1713 111.037 152.182 -37.5488 -318.443 152.368 -23.3077 47.3045 
152.454 -33.1584 -330.667 152.85 51.8182 141.434 153.037 -30.6433 71.9773 
153.111 -47.0996 -327.415 153.244 -27.0288 59.603 153.333 57.5716 46.0656 
153.818 37.9113 29.3601 153.998 -10.4741 44.097 154.193 -29.1246 105.784 
154.661 67.2439 89.4427 154.809 48.0672 37.3922 154.823 2.09432 40.764 
155.039 -12.1074 137.269 155.156 26.3166 33.4435 155.203 14.347 37.233 
155.352 40.9349 148.943 155.48 28.7795 154.203 155.655 60.5576 121.78 
156.042 -14.1583 56.2472 156.663 64.2964 67.2064 157.029 -17.8955 68.5356 
157.45 -21.9001 80.8147 157.485 -26.6143 93.1211 157.534 -1.15016 52.9118 
158.066 36.01 41.5661 158.355 6.32247 150.087 158.406 11.527 49.3566 
158.671 63.9002 101.249 158.723 23.9208 45.657 159.006 54.1411 131.179 
159.537 -4.54565 65.0824 159.628 46.3062 49.5963 159.833 -23.3216 114.256 
159.983 -18.0206 125.044 159.999 55.9495 57.7683 160.882 -8.26891 77.4256 
161.043 8.54869 61.5787 161.365 58.8269 112.946 161.525 62.5516 79.4049 
161.538 -1.9601 140.813 161.803 33.7782 53.8313 161.837 21.1651 57.8677 
162.03 44.0173 139.249 162.357 54.3464 125.001 162.428 -13.2775 89.7977 
162.769 -19.0903 102.134 162.784 19.2644 148.951 163.091 5.35354 73.7902 
163.224 -11.0849 133.195 163.709 32.2813 144.919 164.46 43.9695 61.8381 
164.679 18.2378 70.1316 164.795 1.29318 86.2987 165.133 31.1191 66.1184 
165.307 59.1811 91.8901 165.736 54.3905 69.9366 166.391 46.2646 128.881 
166.634 -12.7431 112.107 166.655 14.798 82.4779 166.908 -4.01862 98.8337 
167.323 9.77201 141.133 167.558 55.319 104.39 167.74 50.4077 116.621 
167.895 28.0284 78.5367 168.282 41.3609 74.2293 168.357 35.297 133.564 
168.459 1.26674 131.915 168.472 -6.31036 122.333 168.686 10.828 95.0152 
168.873 22.8063 137.999 168.897 51.6241 82.7917 169.596 -1.63939 109.775 
170.061 24.2535 91.0572 170.347 6.84161 107.687 170.597 37.7349 86.9169 
170.708 4.98955 119.761 170.854 38.7173 121.058 170.929 13.5023 129.234 
171.06 47.0976 95.5882 171.388 26.1374 125.547 171.501 20.3447 103.83 
171.602 42.9996 108.361 171.892 16.7971 116.685 172.168 33.7492 99.6441 
172.278 29.7633 112.594 
POLYGONS 5986 23944
3 2271 2298 2213 
3 2171 2213 2298 
3 2213 2175 2271 
3 2298 2271 2348 
3 2298 2248 2171 
3 2078 2213 2171 
3 2175 2228 2271 
3 2120 2175 2213 
3 2271 2228 2348 
3 2298 2348 2379 
3 2171 2248 2126 
3 2373 2248 2298 
3 2047 2078 2171 
3 2120 2213 2078 
3 2175 2104 2228 
3 2120 2061 2175 
3 2228 2360 2348 
3 2348 2441 2379 
3 2298 2379 2373 
3 2126 2248 2199 
3 2047 2171 2126 
3 2332 2248 2373 
3 1964 2078 2047 
3 2078 2007 2120 
3 2104 2142 2228 
3 2175 2061 2104 
3 2007 2061 2120 
3 2348 2360 2441 
3 2257 2360 2228 
3 2379 2441 2477 
3 2373 2379 2477 
3 2199 2248 2332 
3 2199 2073 2126 
3 2001 2047 2126 
3 2373 2466 2332 
3 1964 2047 1925 
3 1964 2007 2078 
3 2142 2257 2228 
3 2104 2023 2142 
3 2061 1988 2104 
3 2007 1940 2061 
3 2441 2360 2467 
3 2257 2368 2360 
3 2441 2546 2477 
3 2477 2466 2373 
3 2199 2332 2283 
3 2126 2073 2001 
3 2152 2073 2199 
3 1925 2047 2001 
3 2332 2466 2421 
3 1964 1925 1846 
3 1892 2007 1964 
3 2142 2170 2257 
3 2023 2054 2142 
3 2104 1988 2023 
3 1940 1988 2061 
3 1892 1940 2007 
3 2360 2368 2467 
3 2441 2467 2546 
3 2278 2368 2257 
3 2546 2582 2477 
3 2477 2582 2466 
3 2283 2332 2421 
3 2152 2199 2283 
3 2073 1952 2001 
3 2026 2073 2152 
3 2001 1878 1925 
3 2421 2466 2567 
3 1846 1925 1804 
3 1846 1892 1964 
3 2257 2170 2278 
3 2054 2170 2142 
3 2023 1941 2054 
3 2023 1988 1908 
3 1869 1988 1940 
3 1821 1940 1892 
3 2467 2368 2474 
3 2467 2579 2546 
3 2376 2368 2278 
3 2546 2657 2582 
3 2466 2582 2567 
3 2283 2421 2361 
3 2283 2232 2152 
3 1952 1878 2001 
3 2026 1952 2073 
3 2152 2103 2026 
3 1925 1878 1804 
3 2567 2505 2421 
3 1804 1730 1846 
3 1776 1892 1846 
3 2278 2170 2176 
3 2054 2064 2170 
3 1941 1965 2054 
3 1908 1941 2023 
3 1908 1988 1869 
3 1869 1940 1821 
3 1821 1892 1776 
3 2474 2368 2376 
3 2474 2579 2467 
3 2546 2579 2657 
3 2278 2289 2376 
3 2582 2657 2701 
3 2582 2701 2567 
3 2421 2505 2361 
3 2361 2232 2283 
3 2152 2232 2103 
3 1827 1878 1952 
3 1901 1952 2026 
3 2103 1980 2026 
3 1878 1757 1804 
3 2567 2677 2505 
3 1846 1730 1776 
3 1683 1730 1804 
3 2170 2064 2176 
3 2176 2289 2278 
3 1965 2064 2054 
3 1941 1864 1965 
3 1908 1830 1941 
3 1791 1908 1869 
3 1748 1869 1821 
3 1776 1702 1821 
3 2474 2376 2490 
3 2474 2596 2579 
3 2657 2579 2680 
3 2376 2289 2384 
3 2657 2747 2701 
3 2567 2701 2677 
3 2361 2505 2435 
3 2306 2232 2361 
3 2103 2232 2177 
3 1827 1952 1901 
3 1827 1757 1878 
3 2026 1980 1901 
3 2055 1980 2103 
3 1804 1757 1683 
3 2505 2677 2604 
3 1730 1658 1776 
3 1610 1730 1683 
3 2064 2071 2176 
3 2176 2183 2289 
3 1965 1954 2064 
3 1864 1954 1965 
3 1830 1864 1941 
3 1791 1830 1908 
3 1748 1791 1869 
3 1821 1702 1748 
3 1658 1702 1776 
3 2376 2384 2490 
3 2490 2596 2474 
3 2579 2596 2680 
3 2680 2747 2657 
3 2289 2297 2384 
3 2701 2747 2790 
3 2677 2701 2790 
3 2435 2505 2604 
3 2361 2435 2306 
3 2177 2232 2306 
3 2055 2103 2177 
3 1782 1827 1901 
3 1709 1757 1827 
3 1901 1980 1861 
3 1933 1980 2055 
3 1757 1637 1683 
3 2604 2677 2764 
3 1610 1658 1730 
3 1562 1610 1683 
3 2176 2071 2183 
3 1954 2071 2064 
3 2183 2297 2289 
3 1796 1954 1864 
3 1830 1756 1864 
3 1791 1717 1830 
3 1674 1791 1748 
3 1702 1630 1748 
3 1585 1702 1658 
3 2384 2495 2490 
3 2605 2596 2490 
3 2680 2596 2704 
3 2772 2747 2680 
3 2384 2297 2394 
3 2747 2821 2790 
3 2764 2677 2790 
3 2524 2435 2604 
3 2306 2435 2375 
3 2177 2306 2251 
3 2055 2177 2127 
3 1861 1782 1901 
3 1782 1709 1827 
3 1709 1637 1757 
3 1861 1980 1933 
3 1933 2055 2008 
3 1683 1637 1562 
3 2604 2764 2697 
3 1538 1658 1610 
3 1562 1492 1610 
3 2071 2083 2183 
3 1954 1972 2071 
3 2190 2297 2183 
3 1756 1796 1864 
3 1796 1842 1954 
3 1717 1756 1830 
3 1674 1717 1791 
3 1748 1630 1674 
3 1585 1630 1702 
3 1585 1658 1538 
3 2490 2495 2605 
3 2384 2394 2495 
3 2704 2596 2605 
3 2680 2704 2772 
3 2772 2821 2747 
3 2394 2297 2300 
3 2790 2821 2856 
3 2790 2856 2764 
3 2604 2697 2524 
3 2375 2435 2524 
3 2251 2306 2375 
3 2127 2177 2251 
3 2008 2055 2127 
3 1737 1782 1861 
3 1664 1709 1782 
3 1591 1637 1709 
3 1815 1861 1933 
3 1889 1933 2008 
3 1637 1521 1562 
3 2697 2764 2837 
3 1610 1492 1538 
3 1442 1492 1562 
3 2183 2083 2190 
3 1972 2083 2071 
3 1842 1972 1954 
3 2300 2297 2190 
3 1756 1672 1796 
3 1712 1842 1796 
3 1717 1638 1756 
3 1601 1717 1674 
3 1630 1554 1674 
3 1585 1513 1630 
3 1538 1467 1585 
3 2495 2607 2605 
3 2394 2494 2495 
3 2704 2605 2706 
3 2704 2775 2772 
3 2827 2821 2772 
3 2300 2399 2394 
3 2821 2872 2856 
3 2764 2856 2837 
3 2524 2697 2623 
3 2375 2524 2458 
3 2326 2251 2375 
3 2127 2251 2203 
3 2008 2127 2082 
3 1815 1737 1861 
3 1664 1782 1737 
3 1664 1591 1709 
3 1591 1521 1637 
3 1815 1933 1889 
3 2008 1961 1889 
3 1521 1442 1562 
3 2697 2837 2767 
3 1538 1492 1418 
3 1442 1367 1492 
3 2190 2083 2098 
3 1983 2083 1972 
3 1868 1972 1842 
3 2190 2206 2300 
3 1672 1712 1796 
3 1638 1672 1756 
3 1712 1747 1842 
3 1601 1638 1717 
3 1674 1554 1601 
3 1513 1554 1630 
3 1467 1513 1585 
3 1418 1467 1538 
3 2605 2607 2706 
3 2495 2494 2607 
3 2399 2494 2394 
3 2706 2775 2704 
3 2772 2775 2827 
3 2827 2872 2821 
3 2300 2307 2399 
3 2856 2872 2889 
3 2856 2889 2837 
3 2623 2697 2767 
3 2458 2524 2623 
3 2375 2458 2326 
3 2203 2251 2326 
3 2082 2127 2203 
3 2082 1961 2008 
3 1815 1695 1737 
3 1622 1664 1737 
3 1548 1591 1664 
3 1473 1521 1591 
3 1889 1769 1815 
3 1889 1961 1841 
3 1404 1442 1521 
3 2837 2880 2767 
3 1492 1367 1418 
3 1324 1367 1442 
3 2098 2083 1983 
3 2190 2098 2206 
3 1983 1972 1868 
3 1842 1747 1868 
3 2206 2307 2300 
3 1592 1712 1672 
3 1556 1672 1638 
3 1626 1747 1712 
3 1525 1638 1601 
3 1554 1482 1601 
3 1435 1554 1513 
3 1394 1513 1467 
3 1346 1467 1418 
3 2706 2607 2702 
3 2607 2494 2600 
3 2493 2494 2399 
3 2774 2775 2706 
3 2827 2775 2825 
3 2827 2868 2872 
3 2307 2409 2399 
3 2889 2872 2897 
3 2837 2889 2880 
3 2623 2767 2714 
3 2623 2547 2458 
3 2326 2458 2410 
3 2326 2280 2203 
3 2203 2156 2082 
3 2037 1961 2082 
3 1737 1695 1622 
3 1769 1695 1815 
3 1622 1548 1664 
3 1473 1591 1548 
3 1473 1404 1521 
3 1841 1769 1889 
3 1841 1961 1919 
3 1324 1442 1404 
3 2767 2880 2831 
3 1418 1367 1299 
3 1324 1250 1367 
3 1983 2002 2098 
3 2098 2109 2206 
3 1868 1888 1983 
3 1747 1774 1868 
3 2206 2218 2307 
3 1592 1672 1556 
3 1626 1712 1592 
3 1556 1638 1525 
3 1660 1747 1626 
3 1601 1482 1525 
3 1435 1482 1554 
3 1394 1435 1513 
3 1346 1394 1467 
3 1299 1346 1418 
3 2702 2607 2600 
3 2706 2702 2774 
3 2600 2494 2493 
3 2399 2409 2493 
3 2825 2775 2774 
3 2825 2868 2827 
3 2872 2868 2897 
3 2307 2315 2409 
3 2910 2889 2897 
3 2880 2889 2910 
3 2767 2831 2714 
3 2714 2547 2623 
3 2458 2547 2410 
3 2410 2280 2326 
3 2203 2280 2156 
3 2082 2156 2037 
3 1919 1961 2037 
3 1622 1695 1581 
3 1654 1695 1769 
3 1622 1504 1548 
3 1548 1428 1473 
3 1355 1404 1473 
3 1726 1769 1841 
3 1919 1800 1841 
3 1324 1404 1285 
3 2900 2831 2880 
3 1367 1250 1299 
3 1210 1250 1324 
3 2002 2109 2098 
3 1983 1888 2002 
3 2206 2109 2218 
3 1868 1774 1888 
3 1660 1774 1747 
3 2218 2315 2307 
3 1556 1475 1592 
3 1508 1626 1592 
3 1525 1439 1556 
3 1626 1542 1660 
3 1482 1405 1525 
3 1359 1482 1435 
3 1317 1435 1394 
3 1267 1394 1346 
3 1226 1346 1299 
3 2600 2679 2702 
3 2774 2702 2756 
3 2600 2493 2572 
3 2493 2409 2523 
3 2774 2814 2825 
3 2825 2861 2868 
3 2868 2887 2897 
3 2409 2315 2423 
3 2897 2908 2910 
3 2880 2910 2900 
3 2714 2831 2796 
3 2656 2547 2714 
3 2410 2547 2492 
3 2410 2356 2280 
3 2156 2280 2236 
3 2037 2156 2114 
3 1919 2037 1995 
3 1581 1695 1654 
3 1581 1504 1622 
3 1654 1769 1726 
3 1504 1428 1548 
3 1473 1428 1355 
3 1285 1404 1355 
3 1800 1726 1841 
3 1877 1800 1919 
3 1210 1324 1285 
3 2796 2831 2900 
3 1299 1250 1178 
3 1132 1250 1210 
3 2002 2015 2109 
3 1888 1900 2002 
3 2109 2123 2218 
3 1774 1790 1888 
3 1660 1682 1774 
3 2231 2315 2218 
3 1592 1475 1508 
3 1439 1475 1556 
3 1508 1542 1626 
3 1405 1439 1525 
3 1660 1542 1575 
3 1359 1405 1482 
3 1359 1435 1317 
3 1317 1394 1267 
3 1226 1267 1346 
3 1178 1226 1299 
3 2702 2679 2756 
3 2600 2572 2679 
3 2756 2814 2774 
3 2493 2523 2572 
3 2409 2423 2523 
3 2825 2814 2861 
3 2868 2861 2887 
3 2897 2887 2908 
3 2315 2325 2423 
3 2910 2908 2913 
3 2900 2910 2913 
3 2656 2714 2796 
3 2492 2547 2656 
3 2410 2492 2356 
3 2280 2356 2236 
3 2114 2156 2236 
3 2037 2114 1995 
3 1919 1995 1877 
3 1536 1581 1654 
3 1464 1504 1581 
3 1726 1611 1654 
3 1391 1428 1504 
3 1355 1428 1313 
3 1355 1239 1285 
3 1687 1726 1800 
3 1759 1800 1877 
3 1285 1171 1210 
3 2900 2870 2796 
3 1178 1250 1132 
3 1093 1132 1210 
3 2015 2123 2109 
3 2002 1900 2015 
3 1790 1900 1888 
3 2218 2123 2231 
3 1682 1790 1774 
3 1575 1682 1660 
3 2231 2325 2315 
3 1508 1475 1396 
3 1357 1475 1439 
3 1426 1542 1508 
3 1322 1439 1405 
3 1542 1461 1575 
3 1286 1405 1359 
3 1241 1359 1317 
3 1267 1199 1317 
3 1226 1148 1267 
3 1178 1106 1226 
3 2756 2679 2734 
3 2572 2648 2679 
3 2793 2814 2756 
3 2523 2648 2572 
3 2523 2423 2512 
3 2861 2814 2838 
3 2887 2861 2871 
3 2908 2887 2894 
3 2325 2425 2423 
3 2913 2908 2905 
3 2913 2870 2900 
3 2796 2744 2656 
3 2594 2492 2656 
3 2356 2492 2434 
3 2236 2356 2310 
3 2236 2185 2114 
3 2114 2065 1995 
3 1995 1948 1877 
3 1654 1611 1536 
3 1536 1464 1581 
3 1391 1504 1464 
3 1687 1611 1726 
3 1313 1428 1391 
3 1313 1239 1355 
3 1239 1171 1285 
3 1759 1687 1800 
3 1877 1832 1759 
3 1210 1171 1093 
3 2796 2870 2744 
3 1178 1132 1060 
3 1016 1132 1093 
3 2015 2030 2123 
3 1900 1923 2015 
3 1790 1812 1900 
3 2123 2136 2231 
3 1703 1790 1682 
3 1575 1597 1682 
3 2238 2325 2231 
3 1396 1475 1357 
3 1396 1426 1508 
3 1322 1357 1439 
3 1426 1461 1542 
3 1286 1322 1405 
3 1461 1487 1575 
3 1286 1359 1241 
3 1317 1199 1241 
3 1148 1199 1267 
3 1106 1148 1226 
3 1060 1106 1178 
3 2679 2648 2734 
3 2756 2734 2793 
3 2838 2814 2793 
3 2621 2648 2523 
3 2423 2425 2512 
3 2523 2512 2621 
3 2871 2861 2838 
3 2894 2887 2871 
3 2905 2908 2894 
3 2340 2425 2325 
3 2913 2905 2895 
3 2895 2870 2913 
3 2656 2744 2594 
3 2434 2492 2594 
3 2310 2356 2434 
3 2310 2185 2236 
3 2114 2185 2065 
3 1995 2065 1948 
3 1877 1948 1832 
3 1611 1495 1536 
3 1422 1464 1536 
3 1391 1464 1348 
3 1571 1611 1687 
3 1276 1313 1391 
3 1203 1239 1313 
3 1124 1171 1239 
3 1644 1687 1759 
3 1832 1714 1759 
3 1093 1171 1050 
3 2744 2870 2824 
3 1060 1132 1016 
3 976 1016 1093 
3 2030 2136 2123 
3 2015 1923 2030 
3 1812 1923 1900 
3 1703 1812 1790 
3 2231 2136 2238 
3 1682 1597 1703 
3 1487 1597 1575 
3 2340 2325 2238 
3 1396 1357 1278 
3 1396 1308 1426 
3 1240 1357 1322 
3 1345 1461 1426 
3 1208 1322 1286 
3 1373 1487 1461 
3 1286 1241 1170 
3 1199 1121 1241 
3 1080 1199 1148 
3 1027 1148 1106 
3 983 1106 1060 
3 2734 2648 2707 
3 2734 2760 2793 
3 2838 2793 2807 
3 2707 2648 2621 
3 2512 2425 2504 
3 2512 2590 2621 
3 2871 2838 2845 
3 2894 2871 2867 
3 2905 2894 2881 
3 2428 2425 2340 
3 2905 2883 2895 
3 2824 2870 2895 
3 2744 2692 2594 
3 2594 2530 2434 
3 2434 2391 2310 
3 2264 2185 2310 
3 2185 2148 2065 
3 1948 2065 2027 
3 1832 1948 1907 
3 1536 1495 1422 
3 1571 1495 1611 
3 1348 1464 1422 
3 1276 1391 1348 
3 1644 1571 1687 
3 1203 1313 1276 
3 1124 1239 1203 
3 1050 1171 1124 
3 1759 1714 1644 
3 1832 1788 1714 
3 976 1093 1050 
3 2824 2692 2744 
3 937 1060 1016 
3 895 1016 976 
3 2030 2050 2136 
3 2030 1923 1938 
3 1812 1831 1923 
3 1725 1812 1703 
3 2136 2155 2238 
3 1703 1597 1619 
3 1518 1597 1487 
3 2238 2252 2340 
3 1278 1357 1240 
3 1278 1308 1396 
3 1308 1345 1426 
3 1240 1322 1208 
3 1345 1373 1461 
3 1170 1208 1286 
3 1408 1487 1373 
3 1241 1121 1170 
3 1080 1121 1199 
3 1080 1148 1027 
3 983 1027 1106 
3 937 983 1060 
3 2707 2760 2734 
3 2793 2760 2807 
3 2838 2807 2845 
3 2707 2621 2669 
3 2504 2425 2428 
3 2512 2504 2590 
3 2621 2590 2669 
3 2871 2845 2867 
3 2894 2867 2881 
3 2905 2881 2883 
3 2340 2349 2428 
3 2895 2883 2865 
3 2824 2895 2865 
3 2594 2692 2530 
3 2434 2530 2391 
3 2310 2391 2264 
3 2264 2148 2185 
3 2065 2148 2027 
3 1948 2027 1907 
3 1907 1788 1832 
3 1422 1495 1382 
3 1456 1495 1571 
3 1422 1307 1348 
3 1348 1236 1276 
3 1529 1571 1644 
3 1161 1203 1276 
3 1086 1124 1203 
3 1002 1050 1124 
3 1644 1714 1599 
3 1714 1788 1669 
3 933 976 1050 
3 2824 2779 2692 
3 895 937 1016 
3 895 976 859 
3 2050 2155 2136 
3 2030 1938 2050 
3 1923 1831 1938 
3 1725 1831 1812 
3 1703 1619 1725 
3 2155 2252 2238 
3 1619 1597 1518 
3 1518 1487 1408 
3 2252 2349 2340 
3 1156 1278 1240 
3 1195 1308 1278 
3 1227 1345 1308 
3 1240 1208 1122 
3 1260 1373 1345 
3 1090 1208 1170 
3 1408 1373 1296 
3 1170 1121 1048 
3 999 1121 1080 
3 957 1080 1027 
3 907 1027 983 
3 868 983 937 
3 2735 2760 2707 
3 2807 2760 2783 
3 2845 2807 2810 
3 2735 2707 2669 
3 2500 2504 2428 
3 2590 2504 2566 
3 2669 2590 2639 
3 2867 2845 2833 
3 2881 2867 2847 
3 2883 2881 2849 
3 2428 2349 2433 
3 2865 2883 2840 
3 2865 2779 2824 
3 2530 2692 2645 
3 2391 2530 2481 
3 2264 2391 2347 
3 2264 2229 2148 
3 2027 2148 2107 
3 2027 1987 1907 
3 1865 1788 1907 
3 1382 1495 1456 
3 1382 1307 1422 
3 1529 1456 1571 
3 1307 1236 1348 
3 1276 1236 1161 
3 1644 1599 1529 
3 1086 1203 1161 
3 1002 1124 1086 
3 933 1050 1002 
3 1714 1669 1599 
3 1669 1788 1743 
3 859 976 933 
3 2692 2779 2645 
3 819 937 895 
3 780 895 859 
3 2050 2062 2155 
3 1938 1956 2050 
3 1831 1856 1938 
3 1744 1831 1725 
3 1619 1642 1725 
3 2155 2173 2252 
3 1518 1543 1619 
3 1408 1437 1518 
3 2252 2275 2349 
3 1122 1156 1240 
3 1156 1195 1278 
3 1195 1227 1308 
3 1260 1345 1227 
3 1122 1208 1090 
3 1296 1373 1260 
3 1048 1090 1170 
3 1296 1329 1408 
3 1048 1121 999 
3 999 1080 957 
3 957 1027 907 
3 907 983 868 
3 868 937 819 
3 2783 2760 2735 
3 2807 2783 2810 
3 2845 2810 2833 
3 2669 2700 2735 
3 2428 2433 2500 
3 2566 2504 2500 
3 2590 2566 2639 
3 2669 2639 2700 
3 2867 2833 2847 
3 2881 2847 2849 
3 2883 2849 2840 
3 2349 2366 2433 
3 2840 2820 2865 
3 2865 2820 2779 
3 2530 2645 2481 
3 2347 2391 2481 
3 2264 2347 2229 
3 2148 2229 2107 
3 2107 1987 2027 
3 1907 1987 1865 
3 1743 1788 1865 
3 1456 1339 1382 
3 1270 1307 1382 
3 1414 1456 1529 
3 1201 1236 1307 
3 1161 1236 1120 
3 1529 1599 1484 
3 1044 1086 1161 
3 1086 971 1002 
3 889 933 1002 
3 1599 1669 1549 
3 1743 1620 1669 
3 812 859 933 
3 2645 2779 2721 
3 780 819 895 
3 859 732 780 
3 2062 2173 2155 
3 1956 2062 2050 
3 1938 1856 1956 
3 1744 1856 1831 
3 1642 1744 1725 
3 1543 1642 1619 
3 2173 2275 2252 
3 1518 1437 1543 
3 1329 1437 1408 
3 2349 2275 2366 
3 1122 1028 1156 
3 1073 1195 1156 
3 1111 1227 1195 
3 1227 1147 1260 
3 1090 1028 1122 
3 1260 1183 1296 
3 1048 975 1090 
3 1220 1329 1296 
3 999 926 1048 
3 957 882 999 
3 907 831 957 
3 787 907 868 
3 751 868 819 
3 2743 2783 2735 
3 2810 2783 2776 
3 2833 2810 2798 
3 2735 2700 2743 
3 2500 2433 2513 
3 2534 2566 2500 
3 2639 2566 2612 
3 2639 2670 2700 
3 2833 2802 2847 
3 2847 2799 2849 
3 2840 2849 2787 
3 2433 2366 2442 
3 2751 2820 2840 
3 2779 2820 2721 
3 2481 2645 2592 
3 2481 2432 2347 
3 2347 2308 2229 
3 2107 2229 2184 
3 2107 2066 1987 
3 1987 1946 1865 
3 1865 1824 1743 
3 1382 1339 1270 
3 1414 1339 1456 
3 1201 1307 1270 
3 1414 1529 1484 
3 1120 1236 1201 
3 1161 1120 1044 
3 1484 1599 1549 
3 1044 971 1086 
3 1002 971 889 
3 812 933 889 
3 1669 1620 1549 
3 1696 1620 1743 
3 812 732 859 
3 2592 2645 2721 
3 780 703 819 
3 732 658 780 
3 2095 2173 2062 
3 1956 1982 2062 
3 1856 1874 1956 
3 1767 1856 1744 
3 1642 1659 1744 
3 1543 1550 1642 
3 2173 2193 2275 
3 1437 1474 1543 
3 1329 1365 1437 
3 2366 2275 2294 
3 1028 1073 1156 
3 1073 1111 1195 
3 1111 1147 1227 
3 1147 1183 1260 
3 1028 1090 975 
3 1296 1183 1220 
3 926 975 1048 
3 1220 1254 1329 
3 882 926 999 
3 831 882 957 
3 787 831 907 
3 751 787 868 
3 819 703 751 
3 2776 2783 2743 
3 2810 2776 2798 
3 2798 2802 2833 
3 2743 2700 2713 
3 2433 2442 2513 
3 2500 2513 2534 
3 2612 2566 2534 
3 2612 2670 2639 
3 2700 2670 2713 
3 2847 2802 2799 
3 2849 2799 2787 
3 2840 2787 2751 
3 2366 2372 2442 
3 2721 2820 2751 
3 2592 2432 2481 
3 2347 2432 2308 
3 2229 2308 2184 
3 2107 2184 2066 
3 2066 1946 1987 
3 1865 1946 1824 
3 1743 1824 1696 
3 1270 1339 1234 
3 1300 1339 1414 
3 1158 1201 1270 
3 1484 1363 1414 
3 1088 1120 1201 
3 1044 1120 1004 
3 1549 1430 1484 
3 928 971 1044 
3 889 971 851 
3 770 812 889 
3 1549 1620 1499 
3 1569 1620 1696 
3 678 732 812 
3 2592 2721 2526 
3 658 703 780 
3 602 658 732 
3 2062 1982 2095 
3 2095 2193 2173 
3 1874 1982 1956 
3 1767 1874 1856 
3 1659 1767 1744 
3 1642 1550 1659 
3 1543 1474 1550 
3 2275 2193 2294 
3 1365 1474 1437 
3 1254 1365 1329 
3 2294 2372 2366 
3 945 1073 1028 
3 991 1111 1073 
3 1030 1147 1111 
3 1067 1183 1147 
3 900 1028 975 
3 1220 1183 1107 
3 858 975 926 
3 1144 1254 1220 
3 809 926 882 
3 764 882 831 
3 713 831 787 
3 671 787 751 
3 703 620 751 
3 2743 2737 2776 
3 2798 2776 2749 
3 2798 2752 2802 
3 2713 2737 2743 
3 2513 2442 2511 
3 2534 2513 2586 
3 2612 2534 2586 
3 2612 2640 2670 
3 2713 2670 2672 
3 2799 2802 2741 
3 2787 2799 2724 
3 2751 2787 2678 
3 2442 2372 2452 
3 2721 2751 2620 
3 2526 2432 2592 
3 2308 2432 2381 
3 2184 2308 2261 
3 2184 2150 2066 
3 2033 1946 2066 
3 1824 1946 1913 
3 1824 1795 1696 
3 1234 1339 1300 
3 1234 1158 1270 
3 1363 1300 1414 
3 1088 1201 1158 
3 1484 1430 1363 
3 1004 1120 1088 
3 928 1044 1004 
3 1549 1499 1430 
3 851 971 928 
3 770 889 851 
3 678 812 770 
3 1499 1620 1569 
3 1696 1648 1569 
3 602 732 678 
3 2721 2620 2526 
3 568 703 658 
3 508 658 602 
3 1982 2006 2095 
3 2095 2116 2193 
3 1874 1893 1982 
3 1781 1874 1767 
3 1659 1671 1767 
3 1550 1558 1659 
3 1474 1421 1550 
3 2294 2193 2221 
3 1365 1421 1474 
3 1254 1298 1365 
3 2294 2316 2372 
3 945 1028 900 
3 945 991 1073 
3 991 1030 1111 
3 1067 1147 1030 
3 1107 1183 1067 
3 858 900 975 
3 1107 1144 1220 
3 809 858 926 
3 1144 1181 1254 
3 809 882 764 
3 713 764 831 
3 713 787 671 
3 751 620 671 
3 568 620 703 
3 2776 2737 2749 
3 2749 2752 2798 
3 2802 2752 2741 
3 2695 2737 2713 
3 2511 2442 2452 
3 2511 2562 2513 
3 2513 2562 2586 
3 2586 2640 2612 
3 2670 2640 2672 
3 2713 2672 2695 
3 2724 2799 2741 
3 2678 2787 2724 
3 2751 2678 2620 
3 2452 2372 2411 
3 2381 2432 2526 
3 2261 2308 2381 
3 2184 2261 2150 
3 2066 2150 2033 
3 1913 1946 2033 
3 1913 1795 1824 
3 1696 1795 1648 
3 1224 1234 1300 
3 1123 1158 1234 
3 1363 1224 1300 
3 1158 1064 1088 
3 1363 1430 1309 
3 1004 1088 978 
3 893 928 1004 
3 1499 1379 1430 
3 810 851 928 
3 724 770 851 
3 634 678 770 
3 1569 1444 1499 
3 1648 1506 1569 
3 540 602 678 
3 2526 2620 2465 
3 508 568 658 
3 430 508 602 
3 2095 2006 2116 
3 1893 2006 1982 
3 2193 2116 2221 
3 1781 1893 1874 
3 1767 1671 1781 
3 1558 1671 1659 
3 1550 1421 1558 
3 2221 2316 2294 
3 1298 1421 1365 
3 1181 1298 1254 
3 2372 2316 2411 
3 900 821 945 
3 871 991 945 
3 911 1030 991 
3 1030 954 1067 
3 993 1107 1067 
3 781 900 858 
3 1029 1144 1107 
3 809 734 858 
3 1066 1181 1144 
3 809 764 694 
3 655 764 713 
3 598 713 671 
3 671 620 538 
3 474 620 568 
3 2749 2737 2711 
3 2749 2691 2752 
3 2741 2752 2674 
3 2711 2737 2695 
3 2511 2452 2520 
3 2511 2555 2562 
3 2586 2562 2610 
3 2586 2610 2640 
3 2672 2640 2636 
3 2695 2672 2652 
3 2741 2642 2724 
3 2724 2598 2678 
3 2620 2678 2527 
3 2452 2411 2476 
3 2381 2526 2465 
3 2381 2338 2261 
3 2261 2223 2150 
3 2150 2106 2033 
3 2033 1990 1913 
3 1879 1795 1913 
3 1648 1795 1768 
3 1123 1234 1224 
3 1039 1158 1123 
3 1309 1224 1363 
3 978 1088 1064 
3 1064 1158 1039 
3 1430 1379 1309 
3 1004 978 893 
3 810 928 893 
3 1499 1444 1379 
3 724 851 810 
3 634 770 724 
3 540 678 634 
3 1506 1444 1569 
3 1648 1561 1506 
3 430 602 540 
3 2620 2527 2465 
3 508 392 568 
3 430 316 508 
3 2006 2029 2116 
3 1893 1917 2006 
3 2116 2133 2221 
3 1809 1893 1781 
3 1671 1694 1781 
3 1583 1671 1558 
3 1421 1466 1558 
3 2221 2243 2316 
3 1341 1421 1298 
3 1181 1223 1298 
3 2316 2350 2411 
3 945 821 871 
3 781 821 900 
3 871 911 991 
3 911 954 1030 
3 1067 954 993 
3 993 1029 1107 
3 734 781 858 
3 1029 1066 1144 
3 694 734 809 
3 1066 1108 1181 
3 694 764 655 
3 598 655 713 
3 598 671 538 
3 538 620 474 
3 568 392 474 
3 2711 2691 2749 
3 2752 2691 2674 
3 2674 2642 2741 
3 2711 2695 2653 
3 2452 2476 2520 
3 2511 2520 2555 
3 2562 2555 2585 
3 2610 2562 2585 
3 2640 2610 2636 
3 2652 2672 2636 
3 2695 2652 2653 
3 2724 2642 2598 
3 2678 2598 2527 
3 2411 2438 2476 
3 2465 2338 2381 
3 2261 2338 2223 
3 2150 2223 2106 
3 2033 2106 1990 
3 1990 1879 1913 
3 1768 1795 1879 
3 1648 1768 1668 
3 1224 1098 1123 
3 1039 1123 1011 
3 1309 1185 1224 
3 950 978 1064 
3 950 1064 1039 
3 1379 1261 1309 
3 893 978 864 
3 776 810 893 
3 1444 1327 1379 
3 724 810 681 
3 594 634 724 
3 634 494 540 
3 1390 1444 1506 
3 1506 1561 1448 
3 1668 1561 1648 
3 540 364 430 
3 2465 2527 2406 
3 316 392 508 
3 263 316 430 
3 2029 2133 2116 
3 2006 1917 2029 
3 1809 1917 1893 
3 2221 2133 2243 
3 1781 1694 1809 
3 1583 1694 1671 
3 1558 1466 1583 
3 1341 1466 1421 
3 2316 2243 2350 
3 1298 1223 1341 
3 1108 1223 1181 
3 2411 2350 2438 
3 871 821 749 
3 702 821 781 
3 789 911 871 
3 911 834 954 
3 954 878 993 
3 915 1029 993 
3 664 781 734 
3 958 1066 1029 
3 615 734 694 
3 992 1108 1066 
3 655 583 694 
3 531 655 598 
3 538 479 598 
3 474 479 538 
3 474 392 368 
3 2633 2691 2711 
3 2674 2691 2599 
3 2543 2642 2674 
3 2633 2711 2653 
3 2520 2476 2535 
3 2555 2520 2559 
3 2585 2555 2563 
3 2610 2585 2602 
3 2636 2610 2602 
3 2652 2636 2606 
3 2653 2652 2601 
3 2598 2642 2501 
3 2527 2598 2460 
3 2476 2438 2519 
3 2406 2338 2465 
3 2338 2287 2223 
3 2106 2223 2172 
3 2106 2058 1990 
3 1990 1942 1879 
3 1768 1879 1833 
3 1768 1729 1668 
3 1123 1098 1011 
3 1185 1098 1224 
3 923 1039 1011 
3 1309 1261 1185 
3 864 978 950 
3 923 950 1039 
3 1379 1327 1261 
3 893 864 776 
3 681 810 776 
3 1390 1327 1444 
3 724 681 594 
3 594 494 634 
3 540 494 364 
3 1506 1448 1390 
3 1561 1503 1448 
3 1668 1618 1561 
3 364 263 430 
3 2527 2460 2406 
3 300 392 316 
3 243 316 263 
3 2029 2056 2133 
3 1917 1939 2029 
3 1825 1917 1809 
3 2133 2169 2243 
3 1809 1694 1713 
3 1604 1694 1583 
3 1583 1466 1491 
3 1341 1372 1466 
3 2243 2286 2350 
3 1341 1223 1258 
3 1108 1143 1223 
3 2438 2350 2403 
3 749 821 702 
3 749 789 871 
3 664 702 781 
3 789 834 911 
3 834 878 954 
3 993 878 915 
3 915 958 1029 
3 615 664 734 
3 992 1066 958 
3 583 615 694 
3 1026 1108 992 
3 531 583 655 
3 598 479 531 
3 368 479 474 
3 368 392 300 
3 2599 2691 2633 
3 2543 2674 2599 
3 2501 2642 2543 
3 2653 2571 2633 
3 2476 2519 2535 
3 2520 2535 2559 
3 2555 2559 2563 
3 2570 2585 2563 
3 2602 2585 2570 
3 2636 2602 2606 
3 2652 2606 2601 
3 2653 2601 2571 
3 2460 2598 2501 
3 2519 2438 2482 
3 2406 2287 2338 
3 2223 2287 2172 
3 2172 2058 2106 
3 1990 2058 1942 
3 1879 1942 1833 
3 1833 1729 1768 
3 1668 1729 1618 
3 1098 980 1011 
3 1185 1063 1098 
3 1011 897 923 
3 1185 1261 1140 
3 836 864 950 
3 836 950 923 
3 1261 1327 1212 
3 776 864 750 
3 659 681 776 
3 1272 1327 1390 
3 594 681 556 
3 436 494 594 
3 364 494 312 
3 1448 1331 1390 
3 1448 1503 1388 
3 1618 1503 1561 
3 364 206 263 
3 2406 2460 2345 
3 300 316 243 
3 263 193 243 
3 2056 2169 2133 
3 1939 2056 2029 
3 1825 1939 1917 
3 1713 1825 1809 
3 2243 2169 2286 
3 1713 1694 1604 
3 1491 1604 1583 
3 1466 1372 1491 
3 1258 1372 1341 
3 2350 2286 2403 
3 1223 1143 1258 
3 1026 1143 1108 
3 2482 2438 2403 
3 749 702 617 
3 670 789 749 
3 581 702 664 
3 714 834 789 
3 762 878 834 
3 915 878 802 
3 845 958 915 
3 533 664 615 
3 881 992 958 
3 505 615 583 
3 992 912 1026 
3 457 583 531 
3 531 479 394 
3 394 479 368 
3 300 394 368 
3 2599 2633 2525 
3 2471 2543 2599 
3 2501 2543 2426 
3 2633 2571 2525 
3 2535 2519 2574 
3 2559 2535 2564 
3 2563 2559 2552 
3 2570 2563 2537 
3 2560 2602 2570 
3 2606 2602 2560 
3 2606 2541 2601 
3 2601 2509 2571 
3 2501 2398 2460 
3 2561 2519 2482 
3 2345 2287 2406 
3 2172 2287 2235 
3 2121 2058 2172 
3 1942 2058 2010 
3 1833 1942 1896 
3 1787 1729 1833 
3 1729 1677 1618 
3 980 897 1011 
3 1098 1063 980 
3 1140 1063 1185 
3 897 816 923 
3 1140 1261 1212 
3 750 864 836 
3 816 836 923 
3 1212 1327 1272 
3 776 750 659 
3 556 681 659 
3 1390 1331 1272 
3 556 436 594 
3 312 494 436 
3 312 206 364 
3 1388 1331 1448 
3 1503 1445 1388 
3 1618 1564 1503 
3 206 193 263 
3 2460 2398 2345 
3 243 286 300 
3 193 220 243 
3 2087 2169 2056 
3 1976 2056 1939 
3 1858 1939 1825 
3 1713 1741 1825 
3 2169 2187 2286 
3 1604 1625 1713 
3 1491 1514 1604 
3 1491 1372 1402 
3 1287 1372 1258 
3 2403 2286 2365 
3 1258 1143 1174 
3 1056 1143 1026 
3 2403 2447 2482 
3 617 702 581 
3 617 670 749 
3 670 714 789 
3 581 664 533 
3 762 834 714 
3 802 878 762 
3 915 802 845 
3 881 958 845 
3 533 615 505 
3 881 912 992 
3 457 505 583 
3 1026 912 943 
3 394 457 531 
3 286 394 300 
3 2525 2471 2599 
3 2426 2543 2471 
3 2426 2364 2501 
3 2525 2571 2462 
3 2574 2519 2561 
3 2564 2535 2574 
3 2559 2564 2552 
3 2563 2552 2537 
3 2570 2537 2521 
3 2560 2570 2521 
3 2560 2541 2606 
3 2601 2541 2509 
3 2571 2509 2462 
3 2501 2364 2398 
3 2482 2538 2561 
3 2235 2287 2345 
3 2235 2121 2172 
3 2010 2058 2121 
3 1896 1942 2010 
3 1833 1896 1787 
3 1787 1677 1729 
3 1618 1677 1564 
3 980 865 897 
3 980 1063 941 
3 1008 1063 1140 
3 791 816 897 
3 1212 1100 1140 
3 717 750 836 
3 717 836 816 
3 1212 1272 1155 
3 659 750 618 
3 520 556 659 
3 1331 1215 1272 
3 391 436 556 
3 270 312 436 
3 187 206 312 
3 1388 1268 1331 
3 1388 1445 1330 
3 1503 1564 1445 
3 144 193 206 
3 2345 2398 2295 
3 243 220 286 
3 170 220 193 
3 2087 2056 1976 
3 2087 2187 2169 
3 1976 1939 1858 
3 1741 1858 1825 
3 1625 1741 1713 
3 2286 2187 2285 
3 1604 1514 1625 
3 1402 1514 1491 
3 1402 1372 1287 
3 1258 1174 1287 
3 2365 2286 2285 
3 2403 2365 2447 
3 1174 1143 1056 
3 1026 943 1056 
3 2482 2447 2538 
3 500 617 581 
3 543 670 617 
3 599 714 670 
3 448 581 533 
3 762 714 647 
3 685 802 762 
3 845 802 729 
3 773 881 845 
3 533 505 404 
3 804 912 881 
3 380 505 457 
3 943 912 837 
3 394 369 457 
3 369 394 286 
3 2525 2420 2471 
3 2426 2471 2358 
3 2302 2364 2426 
3 2525 2462 2420 
3 2561 2611 2574 
3 2591 2564 2574 
3 2552 2564 2554 
3 2537 2552 2522 
3 2521 2537 2484 
3 2560 2521 2491 
3 2491 2541 2560 
3 2509 2541 2453 
3 2462 2509 2412 
3 2398 2364 2295 
3 2561 2538 2609 
3 2345 2295 2235 
3 2235 2180 2121 
3 2121 2069 2010 
3 2010 1957 1896 
3 1896 1849 1787 
3 1787 1738 1677 
3 1564 1677 1624 
3 897 865 791 
3 941 865 980 
3 941 1063 1008 
3 1140 1100 1008 
3 706 816 791 
3 1155 1100 1212 
3 618 750 717 
3 706 717 816 
3 1272 1215 1155 
3 659 618 520 
3 391 556 520 
3 1331 1268 1215 
3 270 436 391 
3 270 187 312 
3 142 206 187 
3 1330 1268 1388 
3 1445 1389 1330 
3 1445 1564 1507 
3 144 206 142 
3 170 193 144 
3 286 220 282 
3 218 220 170 
3 1976 2004 2087 
3 2087 2115 2187 
3 1976 1858 1887 
3 1741 1772 1858 
3 1625 1657 1741 
3 2187 2220 2285 
3 1514 1540 1625 
3 1424 1514 1402 
3 1287 1306 1402 
3 1174 1190 1287 
3 2285 2313 2365 
3 2365 2413 2447 
3 1084 1174 1056 
3 1056 943 972 
3 2447 2502 2538 
3 448 500 581 
3 543 617 500 
3 543 599 670 
3 647 714 599 
3 404 448 533 
3 647 685 762 
3 729 802 685 
3 729 773 845 
3 773 804 881 
3 404 505 380 
3 837 912 804 
3 369 380 457 
3 866 943 837 
3 286 282 369 
3 2471 2420 2358 
3 2358 2302 2426 
3 2239 2364 2302 
3 2420 2462 2352 
3 2574 2611 2591 
3 2561 2609 2611 
3 2554 2564 2591 
3 2522 2552 2554 
3 2537 2522 2484 
3 2443 2521 2484 
3 2491 2521 2443 
3 2453 2541 2491 
3 2412 2509 2453 
3 2462 2412 2352 
3 2295 2364 2239 
3 2538 2587 2609 
3 2295 2180 2235 
3 2180 2069 2121 
3 2010 2069 1957 
3 1896 1957 1849 
3 1787 1849 1738 
3 1677 1738 1624 
3 1564 1624 1507 
3 791 865 807 
3 941 808 865 
3 1008 904 941 
3 1100 1054 1008 
3 791 693 706 
3 1155 1054 1100 
3 605 618 717 
3 605 717 706 
3 1215 1101 1155 
3 520 618 493 
3 520 352 391 
3 1268 1151 1215 
3 236 270 391 
3 161 187 270 
3 109 142 187 
3 1330 1214 1268 
3 1330 1389 1269 
3 1507 1389 1445 
3 142 105 144 
3 132 170 144 
3 282 220 218 
3 170 175 218 
3 2004 2115 2087 
3 1887 2004 1976 
3 2187 2115 2220 
3 1858 1772 1887 
3 1741 1657 1772 
3 1540 1657 1625 
3 2285 2220 2313 
3 1424 1540 1514 
3 1306 1424 1402 
3 1190 1306 1287 
3 1084 1190 1174 
3 2365 2313 2413 
3 2447 2413 2502 
3 972 1084 1056 
3 972 943 866 
3 2538 2502 2587 
3 362 500 448 
3 409 543 500 
3 543 466 599 
3 524 647 599 
3 318 448 404 
3 576 685 647 
3 729 685 614 
3 668 773 729 
3 773 705 804 
3 404 380 294 
3 804 735 837 
3 282 380 369 
3 837 767 866 
3 2358 2420 2304 
3 2358 2245 2302 
3 2302 2188 2239 
3 2420 2352 2304 
3 2591 2611 2614 
3 2611 2609 2647 
3 2554 2591 2565 
3 2510 2522 2554 
3 2484 2522 2459 
3 2484 2419 2443 
3 2491 2443 2407 
3 2453 2491 2407 
3 2412 2453 2354 
3 2352 2412 2303 
3 2239 2180 2295 
3 2609 2587 2644 
3 2129 2069 2180 
3 1957 2069 2019 
3 1849 1957 1909 
3 1849 1798 1738 
3 1624 1738 1688 
3 1624 1572 1507 
3 865 808 807 
3 807 693 791 
3 904 808 941 
3 1008 938 904 
3 1054 938 1008 
3 706 693 587 
3 1155 1101 1054 
3 493 618 605 
3 706 587 605 
3 1151 1101 1215 
3 493 352 520 
3 391 352 236 
3 1268 1214 1151 
3 236 161 270 
3 109 187 161 
3 109 105 142 
3 1269 1214 1330 
3 1389 1332 1269 
3 1507 1451 1389 
3 144 105 132 
3 132 175 170 
3 218 294 282 
3 218 175 233 
3 2035 2115 2004 
3 1887 1920 2004 
3 2220 2115 2145 
3 1772 1807 1887 
3 1772 1657 1691 
3 1540 1574 1657 
3 2313 2220 2249 
3 1453 1540 1424 
3 1306 1335 1424 
3 1190 1218 1306 
3 1104 1190 1084 
3 2413 2313 2353 
3 2413 2451 2502 
3 972 990 1084 
3 866 885 972 
3 2587 2502 2542 
3 318 362 448 
3 362 409 500 
3 409 466 543 
3 466 524 599 
3 576 647 524 
3 318 404 294 
3 614 685 576 
3 729 614 668 
3 668 705 773 
3 705 735 804 
3 294 380 282 
3 735 767 837 
3 866 767 786 
3 2304 2245 2358 
3 2302 2245 2188 
3 2239 2188 2129 
3 2304 2352 2244 
3 2611 2647 2614 
3 2565 2591 2614 
3 2647 2609 2644 
3 2554 2565 2510 
3 2459 2522 2510 
3 2484 2459 2419 
3 2443 2419 2362 
3 2407 2443 2362 
3 2453 2407 2354 
3 2412 2354 2303 
3 2352 2303 2244 
3 2129 2180 2239 
3 2587 2627 2644 
3 2019 2069 2129 
3 1909 1957 2019 
3 1909 1798 1849 
3 1738 1798 1688 
3 1624 1688 1572 
3 1507 1572 1451 
3 807 808 698 
3 698 693 807 
3 904 829 808 
3 938 829 904 
3 988 938 1054 
3 587 693 585 
3 1054 1101 988 
3 493 605 463 
3 605 587 463 
3 1035 1101 1151 
3 317 352 493 
3 352 213 236 
3 1151 1214 1096 
3 236 138 161 
3 85 109 161 
3 75 105 109 
3 1150 1214 1269 
3 1332 1216 1269 
3 1389 1451 1332 
3 132 105 101 
3 135 175 132 
3 218 233 294 
3 175 190 233 
3 1920 2035 2004 
3 2145 2115 2035 
3 1887 1807 1920 
3 2249 2220 2145 
3 1691 1807 1772 
3 1657 1574 1691 
3 1453 1574 1540 
3 2353 2313 2249 
3 1335 1453 1424 
3 1218 1335 1306 
3 1104 1218 1190 
3 990 1104 1084 
3 2353 2451 2413 
3 2502 2451 2542 
3 885 990 972 
3 786 885 866 
3 2542 2627 2587 
3 318 257 362 
3 289 409 362 
3 326 466 409 
3 387 524 466 
3 450 576 524 
3 233 318 294 
3 509 614 576 
3 668 614 546 
3 589 705 668 
3 639 735 705 
3 672 767 735 
3 786 767 697 
3 2191 2245 2304 
3 2188 2245 2134 
3 2129 2188 2077 
3 2304 2244 2191 
3 2614 2647 2626 
3 2569 2565 2614 
3 2644 2663 2647 
3 2510 2565 2503 
3 2459 2510 2437 
3 2419 2459 2374 
3 2362 2419 2318 
3 2407 2362 2305 
3 2354 2407 2305 
3 2303 2354 2247 
3 2244 2303 2192 
3 2644 2627 2668 
3 2129 2077 2019 
3 2019 1973 1909 
3 1860 1798 1909 
3 1798 1742 1688 
3 1688 1628 1572 
3 1572 1509 1451 
3 698 808 710 
3 585 693 698 
3 829 710 808 
3 877 829 938 
3 877 938 988 
3 452 587 585 
3 988 1101 1035 
3 463 317 493 
3 463 587 452 
3 1151 1096 1035 
3 317 213 352 
3 213 138 236 
3 1096 1214 1150 
3 161 138 85 
3 85 75 109 
3 101 105 75 
3 1216 1150 1269 
3 1273 1216 1332 
3 1451 1392 1332 
3 101 135 132 
3 140 175 135 
3 190 257 233 
3 140 190 175 
3 1920 1953 2035 
3 2035 2068 2145 
3 1807 1836 1920 
3 2145 2182 2249 
3 1691 1723 1807 
3 1574 1606 1691 
3 1479 1574 1453 
3 2249 2296 2353 
3 1335 1354 1453 
3 1218 1235 1335 
3 1118 1218 1104 
3 990 1003 1104 
3 2401 2451 2353 
3 2542 2451 2499 
3 902 990 885 
3 786 796 885 
3 2597 2627 2542 
3 362 257 289 
3 233 257 318 
3 289 326 409 
3 387 466 326 
3 450 524 387 
3 509 576 450 
3 546 614 509 
3 668 546 589 
3 611 705 589 
3 705 611 639 
3 672 735 639 
3 697 767 672 
3 697 709 786 
3 2134 2245 2191 
3 2077 2188 2134 
3 2191 2244 2138 
3 2626 2647 2660 
3 2614 2626 2569 
3 2503 2565 2569 
3 2647 2663 2660 
3 2668 2663 2644 
3 2510 2503 2437 
3 2374 2459 2437 
3 2318 2419 2374 
3 2362 2318 2253 
3 2305 2362 2253 
3 2354 2305 2247 
3 2303 2247 2192 
3 2244 2192 2138 
3 2668 2627 2661 
3 2077 1973 2019 
3 1909 1973 1860 
3 1860 1742 1798 
3 1688 1742 1628 
3 1628 1509 1572 
3 1451 1509 1392 
3 710 591 698 
3 698 591 585 
3 710 829 730 
3 877 769 829 
3 988 925 877 
3 585 456 452 
3 1035 925 988 
3 463 308 317 
3 452 308 463 
3 1096 981 1035 
3 201 213 317 
3 123 138 213 
3 1150 1033 1096 
3 85 138 77 
3 62 75 85 
3 71 101 75 
3 1216 1099 1150 
3 1332 1392 1273 
3 1273 1153 1216 
3 104 135 101 
3 140 135 104 
3 209 257 190 
3 154 190 140 
3 1953 2068 2035 
3 1920 1836 1953 
3 2145 2068 2182 
3 1723 1836 1807 
3 2249 2182 2296 
3 1691 1606 1723 
3 1479 1606 1574 
3 1453 1354 1479 
3 2353 2296 2401 
3 1235 1354 1335 
3 1118 1235 1218 
3 1104 1003 1118 
3 902 1003 990 
3 2499 2451 2401 
3 2542 2499 2597 
3 796 902 885 
3 786 709 796 
3 2661 2627 2597 
3 289 257 209 
3 238 326 289 
3 387 326 280 
3 323 450 387 
3 509 450 384 
3 437 546 509 
3 589 546 486 
3 526 611 589 
3 555 639 611 
3 586 672 639 
3 697 672 609 
3 624 709 697 
3 2134 2191 2089 
3 2077 2134 2028 
3 2191 2138 2089 
3 2626 2660 2622 
3 2569 2626 2558 
3 2480 2503 2569 
3 2660 2663 2676 
3 2676 2663 2668 
3 2437 2503 2424 
3 2355 2374 2437 
3 2318 2374 2290 
3 2253 2318 2222 
3 2305 2253 2198 
3 2247 2305 2198 
3 2247 2140 2192 
3 2138 2192 2091 
3 2668 2661 2687 
3 2028 1973 2077 
3 1860 1973 1918 
3 1860 1810 1742 
3 1628 1742 1693 
3 1628 1577 1509 
3 1392 1509 1454 
3 710 610 591 
3 591 456 585 
3 829 769 730 
3 730 610 710 
3 877 817 769 
3 925 817 877 
3 452 456 310 
3 1035 981 925 
3 308 201 317 
3 452 309 308 
3 1096 1033 981 
3 201 123 213 
3 77 138 123 
3 1099 1033 1150 
3 77 62 85 
3 71 75 62 
3 71 104 101 
3 1216 1153 1099 
3 1392 1336 1273 
3 1273 1219 1153 
3 114 140 104 
3 154 209 190 
3 114 154 140 
3 1994 2068 1953 
3 1953 1836 1876 
3 2182 2068 2111 
3 1723 1760 1836 
3 2296 2182 2230 
3 1723 1606 1647 
3 1479 1524 1606 
3 1354 1369 1479 
3 2401 2296 2344 
3 1249 1354 1235 
3 1138 1235 1118 
3 1003 1023 1118 
3 913 1003 902 
3 2401 2444 2499 
3 2597 2499 2550 
3 815 902 796 
3 709 715 796 
3 2661 2597 2646 
3 289 209 238 
3 280 326 238 
3 280 323 387 
3 384 450 323 
3 509 384 437 
3 486 546 437 
3 486 526 589 
3 555 611 526 
3 586 639 555 
3 609 672 586 
3 609 624 697 
3 627 709 624 
3 2134 2089 2028 
3 2089 2138 2034 
3 2622 2660 2658 
3 2626 2622 2558 
3 2558 2480 2569 
3 2424 2503 2480 
3 2658 2660 2676 
3 2668 2687 2676 
3 2437 2424 2355 
3 2290 2374 2355 
3 2222 2318 2290 
3 2157 2253 2222 
3 2198 2253 2157 
3 2198 2140 2247 
3 2192 2140 2091 
3 2034 2138 2091 
3 2661 2696 2687 
3 1918 1973 2028 
3 1918 1810 1860 
3 1742 1810 1693 
3 1628 1693 1577 
3 1509 1577 1454 
3 1454 1336 1392 
3 610 480 591 
3 480 456 591 
3 769 657 730 
3 730 657 610 
3 769 817 699 
3 870 817 925 
3 310 456 321 
3 310 309 452 
3 981 870 925 
3 197 201 308 
3 308 309 197 
3 1033 920 981 
3 121 123 201 
3 77 123 79 
3 982 1033 1099 
3 60 62 77 
3 62 63 71 
3 71 84 104 
3 1099 1153 1038 
3 1336 1219 1273 
3 1153 1219 1103 
3 104 84 114 
3 178 209 154 
3 133 154 114 
3 1876 1994 1953 
3 2111 2068 1994 
3 1836 1760 1876 
3 2230 2182 2111 
3 1647 1760 1723 
3 2344 2296 2230 
3 1606 1524 1647 
3 1369 1524 1479 
3 1249 1369 1354 
3 2344 2444 2401 
3 1138 1249 1235 
3 1023 1138 1118 
3 913 1023 1003 
3 815 913 902 
3 2499 2444 2550 
3 2597 2550 2646 
3 796 715 815 
3 627 715 709 
3 2646 2696 2661 
3 238 209 178 
3 204 280 238 
3 248 323 280 
3 288 384 323 
3 437 384 333 
3 383 486 437 
3 427 526 486 
3 469 555 526 
3 513 586 555 
3 532 609 586 
3 557 624 609 
3 565 627 624 
3 2028 2089 1978 
3 2089 2034 1978 
3 2603 2622 2658 
3 2558 2622 2532 
3 2558 2464 2480 
3 2424 2480 2383 
3 2676 2684 2658 
3 2687 2684 2676 
3 2355 2424 2321 
3 2290 2355 2250 
3 2222 2290 2181 
3 2157 2222 2118 
3 2097 2198 2157 
3 2097 2140 2198 
3 2091 2140 2039 
3 2091 1981 2034 
3 2687 2696 2718 
3 2028 1978 1918 
3 1918 1863 1810 
3 1693 1810 1753 
3 1693 1634 1577 
3 1454 1577 1519 
3 1454 1399 1336 
3 610 525 480 
3 321 456 480 
3 699 657 769 
3 657 525 610 
3 699 817 753 
3 753 817 870 
3 321 207 310 
3 198 309 310 
3 981 920 870 
3 121 201 197 
3 197 309 198 
3 982 920 1033 
3 79 123 121 
3 79 60 77 
3 1099 1038 982 
3 60 63 62 
3 63 84 71 
3 1038 1153 1103 
3 1282 1219 1336 
3 1103 1219 1164 
3 114 84 99 
3 133 178 154 
3 99 133 114 
3 1876 1915 1994 
3 1994 2036 2111 
3 1876 1760 1794 
3 2111 2158 2230 
3 1680 1760 1647 
3 2230 2281 2344 
3 1647 1524 1567 
3 1374 1524 1369 
3 1263 1369 1249 
3 2395 2444 2344 
3 1138 1149 1249 
3 1031 1138 1023 
3 922 1023 913 
3 815 820 913 
3 2444 2507 2550 
3 2550 2613 2646 
3 815 715 725 
3 631 715 627 
3 2685 2696 2646 
3 238 178 204 
3 204 248 280 
3 288 323 248 
3 333 384 288 
3 383 437 333 
3 383 427 486 
3 469 526 427 
3 513 555 469 
3 532 586 513 
3 532 557 609 
3 565 624 557 
3 563 627 565 
3 1978 2034 1930 
3 2658 2659 2603 
3 2532 2622 2603 
3 2532 2464 2558 
3 2480 2464 2383 
3 2424 2383 2321 
3 2658 2684 2659 
3 2718 2684 2687 
3 2355 2321 2250 
3 2181 2290 2250 
3 2222 2181 2118 
3 2051 2157 2118 
3 2097 2157 2051 
3 2039 2140 2097 
3 2039 1981 2091 
3 2034 1981 1930 
3 2718 2696 2727 
3 1978 1863 1918 
3 1810 1863 1753 
3 1693 1753 1634 
3 1577 1634 1519 
3 1519 1399 1454 
3 1336 1399 1282 
3 480 525 371 
3 480 371 321 
3 573 657 699 
3 573 525 657 
3 753 622 699 
3 870 805 753 
3 310 207 198 
3 321 239 207 
3 870 920 805 
3 145 121 197 
3 198 145 197 
3 982 869 920 
3 87 79 121 
3 74 60 79 
3 1038 924 982 
3 69 63 60 
3 81 84 63 
3 1103 986 1038 
3 1164 1219 1282 
3 1164 1047 1103 
3 99 84 81 
3 157 178 133 
3 120 133 99 
3 1994 1915 2036 
3 1876 1794 1915 
3 2111 2036 2158 
3 1794 1760 1680 
3 2158 2281 2230 
3 1647 1567 1680 
3 2344 2281 2395 
3 1524 1457 1567 
3 1374 1369 1263 
3 1374 1457 1524 
3 1149 1263 1249 
3 2395 2507 2444 
3 1031 1149 1138 
3 922 1031 1023 
3 913 820 922 
3 725 820 815 
3 2550 2507 2613 
3 2646 2613 2685 
3 725 715 631 
3 631 627 563 
3 2727 2696 2685 
3 204 178 157 
3 186 248 204 
3 219 288 248 
3 333 288 260 
3 333 304 383 
3 353 427 383 
3 397 469 427 
3 434 513 469 
3 532 513 471 
3 498 557 532 
3 503 565 557 
3 497 563 565 
3 1930 1863 1978 
3 2603 2659 2593 
3 2532 2603 2518 
3 2430 2464 2532 
3 2383 2464 2359 
3 2321 2383 2293 
3 2659 2684 2699 
3 2699 2684 2718 
3 2250 2321 2225 
3 2181 2250 2149 
3 2118 2181 2076 
3 2051 2118 2013 
3 1989 2097 2051 
3 2039 2097 1989 
3 1932 1981 2039 
3 1930 1981 1872 
3 2718 2727 2730 
3 1753 1863 1814 
3 1753 1700 1634 
3 1634 1582 1519 
3 1463 1399 1519 
3 1282 1399 1338 
3 371 525 421 
3 371 239 321 
3 699 622 573 
3 421 525 573 
3 753 682 622 
3 805 682 753 
3 207 134 198 
3 207 239 153 
3 920 869 805 
3 145 87 121 
3 198 134 145 
3 982 924 869 
3 87 74 79 
3 74 69 60 
3 986 924 1038 
3 81 63 69 
3 1103 1047 986 
3 1282 1225 1164 
3 1110 1047 1164 
3 102 99 81 
3 120 157 133 
3 102 120 99 
3 1915 1955 2036 
3 1794 1835 1915 
3 2036 2081 2158 
3 1680 1719 1794 
3 2214 2281 2158 
3 1567 1603 1680 
3 2395 2281 2337 
3 1567 1457 1489 
3 1263 1274 1374 
3 1374 1383 1457 
3 1149 1163 1263 
3 2449 2507 2395 
3 1045 1149 1031 
3 935 1031 922 
3 820 827 922 
3 728 820 725 
3 2613 2507 2568 
3 2685 2613 2671 
3 635 725 631 
3 631 563 559 
3 2727 2685 2732 
3 204 157 186 
3 219 248 186 
3 260 288 219 
3 260 304 333 
3 383 304 353 
3 353 397 427 
3 397 434 469 
3 471 513 434 
3 471 498 532 
3 503 557 498 
3 497 565 503 
3 485 563 497 
3 1814 1863 1930 
3 2593 2659 2655 
3 2603 2593 2518 
3 2518 2430 2532 
3 2359 2464 2430 
3 2293 2383 2359 
3 2321 2293 2225 
3 2655 2659 2699 
3 2699 2718 2730 
3 2250 2225 2149 
3 2076 2181 2149 
3 2013 2118 2076 
3 2051 2013 1943 
3 1989 2051 1943 
3 2039 1989 1932 
3 1872 1981 1932 
3 1872 1814 1930 
3 2730 2727 2748 
3 1753 1814 1700 
3 1634 1700 1582 
3 1519 1582 1463 
3 1338 1399 1463 
3 1338 1225 1282 
3 421 283 371 
3 283 239 371 
3 622 496 573 
3 573 496 421 
3 622 682 562 
3 805 752 682 
3 153 134 207 
3 153 239 188 
3 869 752 805 
3 134 87 145 
3 869 924 813 
3 103 74 87 
3 92 69 74 
3 986 873 924 
3 81 69 91 
3 1047 934 986 
3 1225 1110 1164 
3 1110 996 1047 
3 81 91 102 
3 149 157 120 
3 128 120 102 
3 2036 1955 2081 
3 1915 1835 1955 
3 1794 1719 1835 
3 2158 2081 2214 
3 1680 1603 1719 
3 2337 2281 2214 
3 1489 1603 1567 
3 2449 2395 2337 
3 1457 1383 1489 
3 1274 1383 1374 
3 1263 1163 1274 
3 1045 1163 1149 
3 2568 2507 2449 
3 935 1045 1031 
3 922 827 935 
3 728 827 820 
3 635 728 725 
3 2613 2568 2671 
3 2685 2671 2732 
3 559 635 631 
3 559 563 485 
3 2727 2732 2748 
3 186 157 149 
3 180 219 186 
3 214 260 219 
3 256 304 260 
3 353 304 297 
3 345 397 353 
3 389 434 397 
3 438 471 434 
3 443 498 471 
3 455 503 498 
3 440 497 503 
3 423 485 497 
3 2578 2593 2655 
3 2518 2593 2497 
3 2518 2405 2430 
3 2359 2430 2317 
3 2293 2359 2246 
3 2225 2293 2179 
3 2655 2699 2703 
3 2699 2730 2703 
3 2149 2225 2110 
3 2076 2149 2038 
3 2013 2076 1970 
3 1943 2013 1898 
3 1884 1989 1943 
3 1932 1989 1884 
3 1872 1932 1819 
3 1761 1814 1872 
3 2748 2740 2730 
3 1700 1814 1761 
3 1582 1700 1645 
3 1463 1582 1528 
3 1338 1463 1407 
3 1289 1225 1338 
3 421 337 283 
3 188 239 283 
3 562 496 622 
3 496 337 421 
3 682 619 562 
3 682 752 619 
3 153 103 134 
3 188 129 153 
3 813 752 869 
3 134 103 87 
3 924 873 813 
3 103 92 74 
3 91 69 92 
3 986 934 873 
3 1047 996 934 
3 1225 1173 1110 
3 1058 996 1110 
3 102 91 115 
3 128 149 120 
3 115 128 102 
3 1955 2003 2081 
3 1835 1881 1955 
3 1719 1758 1835 
3 2214 2081 2131 
3 1603 1641 1719 
3 2214 2270 2337 
3 1489 1526 1603 
3 2337 2386 2449 
3 1489 1383 1410 
3 1293 1383 1274 
3 1163 1176 1274 
3 1055 1163 1045 
3 2449 2506 2568 
3 942 1045 935 
3 935 827 835 
3 733 827 728 
3 637 728 635 
3 2568 2629 2671 
3 2671 2738 2732 
3 551 635 559 
3 559 485 477 
3 2748 2732 2766 
3 186 149 180 
3 180 214 219 
3 256 260 214 
3 297 304 256 
3 353 297 345 
3 389 397 345 
3 419 434 389 
3 438 434 419 
3 443 471 438 
3 455 498 443 
3 455 440 503 
3 423 497 440 
3 416 485 423 
3 2655 2654 2578 
3 2497 2593 2578 
3 2497 2405 2518 
3 2430 2405 2317 
3 2359 2317 2246 
3 2179 2293 2246 
3 2110 2225 2179 
3 2655 2703 2654 
3 2730 2740 2703 
3 2149 2110 2038 
3 1970 2076 2038 
3 1898 2013 1970 
3 1943 1898 1834 
3 1884 1943 1834 
3 1819 1932 1884 
3 1872 1819 1761 
3 2771 2740 2748 
3 1645 1700 1761 
3 1528 1582 1645 
3 1463 1528 1407 
3 1338 1407 1289 
3 1289 1173 1225 
3 337 229 283 
3 283 229 188 
3 405 496 562 
3 405 337 496 
3 619 495 562 
3 752 696 619 
3 153 129 103 
3 188 162 129 
3 813 696 752 
3 873 759 813 
3 103 129 92 
3 92 116 91 
3 934 818 873 
3 934 996 884 
3 1110 1173 1058 
3 944 996 1058 
3 91 116 115 
3 155 149 128 
3 147 128 115 
3 2081 2003 2131 
3 1955 1881 2003 
3 1835 1758 1881 
3 1641 1758 1719 
3 2214 2131 2270 
3 1526 1641 1603 
3 2337 2270 2386 
3 1410 1526 1489 
3 2449 2386 2506 
3 1410 1383 1293 
3 1274 1176 1293 
3 1055 1176 1163 
3 942 1055 1045 
3 2568 2506 2629 
3 835 942 935 
3 835 827 733 
3 637 733 728 
3 551 637 635 
3 2671 2629 2688 
3 2732 2738 2766 
3 2688 2738 2671 
3 477 551 559 
3 477 485 416 
3 2748 2766 2771 
3 180 149 155 
3 192 214 180 
3 227 256 214 
3 267 297 256 
3 345 297 314 
3 366 389 345 
3 419 389 414 
3 454 438 419 
3 454 443 438 
3 447 455 443 
3 425 440 455 
3 423 440 401 
3 416 423 385 
3 2654 2583 2578 
3 2497 2578 2487 
3 2497 2416 2405 
3 2317 2405 2268 
3 2246 2317 2207 
3 2179 2246 2130 
3 2060 2110 2179 
3 2703 2719 2654 
3 2703 2740 2719 
3 2038 2110 1993 
3 1970 2038 1924 
3 1898 1970 1853 
3 1834 1898 1783 
3 1771 1884 1834 
3 1819 1884 1771 
3 1761 1819 1705 
3 2755 2740 2771 
3 1645 1761 1705 
3 1645 1590 1528 
3 1528 1470 1407 
3 1289 1407 1350 
3 1231 1173 1289 
3 337 279 229 
3 229 162 188 
3 562 495 405 
3 405 279 337 
3 619 578 495 
3 696 578 619 
3 162 116 129 
3 813 759 696 
3 818 759 873 
3 129 116 92 
3 884 818 934 
3 884 996 944 
3 1173 1116 1058 
3 1058 1006 944 
3 116 150 115 
3 147 155 128 
3 150 147 115 
3 2003 2048 2131 
3 1881 1921 2003 
3 1881 1758 1797 
3 1641 1679 1758 
3 2270 2131 2205 
3 1526 1560 1641 
3 2270 2333 2386 
3 1410 1440 1526 
3 2386 2450 2506 
3 1293 1321 1410 
3 1176 1193 1293 
3 1061 1176 1055 
3 948 1055 942 
3 2629 2506 2576 
3 841 942 835 
3 733 739 835 
3 644 733 637 
3 551 549 637 
3 2688 2629 2675 
3 2766 2738 2781 
3 2688 2736 2738 
3 473 551 477 
3 416 403 477 
3 2771 2766 2792 
3 192 180 155 
3 227 214 192 
3 267 256 227 
3 314 297 267 
3 314 366 345 
3 414 389 366 
3 419 414 462 
3 462 454 419 
3 447 443 454 
3 447 425 455 
3 401 440 425 
3 423 401 385 
3 385 374 416 
3 2578 2583 2487 
3 2654 2667 2583 
3 2487 2416 2497 
3 2405 2416 2329 
3 2268 2405 2329 
3 2207 2317 2268 
3 2130 2246 2207 
3 2130 2060 2179 
3 1993 2110 2060 
3 2654 2719 2667 
3 2719 2740 2755 
3 2038 1993 1924 
3 1853 1970 1924 
3 1783 1898 1853 
3 1834 1783 1718 
3 1834 1718 1771 
3 1705 1819 1771 
3 2791 2755 2771 
3 1645 1705 1590 
3 1528 1590 1470 
3 1407 1470 1350 
3 1350 1231 1289 
3 1231 1116 1173 
3 229 279 200 
3 229 200 162 
3 495 342 405 
3 405 342 279 
3 578 412 495 
3 648 578 696 
3 162 150 116 
3 696 759 648 
3 708 759 818 
3 772 818 884 
3 944 833 884 
3 1116 1006 1058 
3 944 1006 898 
3 179 155 147 
3 183 147 150 
3 2131 2048 2205 
3 2003 1921 2048 
3 1797 1921 1881 
3 1758 1679 1797 
3 1560 1679 1641 
3 2270 2205 2333 
3 1526 1440 1560 
3 2333 2450 2386 
3 1321 1440 1410 
3 2506 2450 2576 
3 1193 1321 1293 
3 1061 1193 1176 
3 1061 1055 948 
3 841 948 942 
3 2629 2576 2675 
3 835 739 841 
3 644 739 733 
3 637 549 644 
3 473 549 551 
3 2675 2736 2688 
3 2738 2736 2781 
3 2766 2781 2792 
3 477 403 473 
3 374 403 416 
3 2792 2791 2771 
3 192 155 179 
3 215 227 192 
3 258 267 227 
3 301 314 267 
3 361 366 314 
3 420 414 366 
3 462 414 490 
3 514 454 462 
3 483 447 454 
3 458 425 447 
3 417 401 425 
3 385 401 390 
3 365 374 385 
3 2487 2583 2485 
3 2583 2667 2595 
3 2408 2416 2487 
3 2329 2416 2408 
3 2268 2329 2233 
3 2207 2268 2161 
3 2130 2207 2092 
3 2130 2016 2060 
3 1993 2060 1944 
3 2667 2719 2731 
3 2719 2755 2731 
3 1924 1993 1873 
3 1924 1806 1853 
3 1783 1853 1731 
3 1718 1783 1665 
3 1771 1718 1653 
3 1705 1771 1653 
3 2769 2755 2791 
3 1590 1705 1653 
3 1470 1590 1534 
3 1350 1470 1415 
3 1350 1297 1231 
3 1180 1116 1231 
3 279 244 200 
3 200 150 162 
3 495 412 342 
3 342 244 279 
3 470 412 578 
3 648 528 578 
3 648 759 708 
3 708 818 772 
3 884 833 772 
3 898 833 944 
3 1069 1006 1116 
3 1006 964 898 
3 183 179 147 
3 200 183 150 
3 2205 2048 2075 
3 2048 1921 1958 
3 1840 1921 1797 
3 1797 1679 1721 
3 1605 1679 1560 
3 2333 2205 2276 
3 1560 1440 1486 
3 2390 2450 2333 
3 1362 1440 1321 
3 2576 2450 2514 
3 1244 1321 1193 
3 1057 1193 1061 
3 948 951 1061 
3 847 948 841 
3 2576 2634 2675 
3 841 739 746 
3 652 739 644 
3 549 552 644 
3 465 549 473 
3 2675 2726 2736 
3 2781 2736 2778 
3 2792 2781 2804 
3 473 403 400 
3 363 403 374 
3 2808 2791 2792 
3 179 215 192 
3 258 227 215 
3 301 267 258 
3 361 314 301 
3 420 366 361 
3 490 414 420 
3 534 462 490 
3 534 514 462 
3 483 454 514 
3 483 458 447 
3 417 425 458 
3 390 401 417 
3 365 385 390 
3 347 374 365 
3 2583 2595 2485 
3 2408 2487 2485 
3 2595 2667 2682 
3 2329 2408 2309 
3 2233 2329 2309 
3 2161 2268 2233 
3 2092 2207 2161 
3 2092 2016 2130 
3 2060 2016 1944 
3 1873 1993 1944 
3 2667 2731 2682 
3 2731 2755 2769 
3 1873 1806 1924 
3 1853 1806 1731 
3 1665 1783 1731 
3 1665 1598 1718 
3 1718 1598 1653 
3 2769 2791 2800 
3 1590 1653 1534 
3 1470 1534 1415 
3 1415 1297 1350 
3 1231 1297 1180 
3 1180 1069 1116 
3 200 244 183 
3 342 412 293 
3 293 244 342 
3 578 528 470 
3 349 412 470 
3 595 528 648 
3 708 595 648 
3 772 666 708 
3 772 833 721 
3 898 785 833 
3 1069 964 1006 
3 964 850 898 
3 183 221 179 
3 2048 1958 2075 
3 2205 2075 2162 
3 1958 1921 1840 
3 1797 1721 1840 
3 1721 1679 1605 
3 1486 1605 1560 
3 2205 2162 2276 
3 2390 2333 2276 
3 1486 1440 1362 
3 2514 2450 2390 
3 1362 1321 1244 
3 2514 2634 2576 
3 1244 1193 1145 
3 951 1057 1061 
3 1145 1193 1057 
3 847 951 948 
3 746 847 841 
3 2675 2634 2726 
3 746 739 652 
3 644 552 652 
3 465 552 549 
3 400 465 473 
3 2736 2726 2778 
3 2781 2778 2804 
3 2792 2804 2808 
3 400 403 363 
3 363 374 347 
3 2800 2791 2808 
3 179 221 215 
3 268 258 215 
3 315 301 258 
3 377 361 301 
3 444 420 361 
3 490 420 518 
3 534 490 580 
3 534 590 514 
3 514 548 483 
3 519 458 483 
3 476 417 458 
3 390 417 428 
3 395 365 390 
3 365 367 347 
3 2485 2595 2489 
3 2408 2485 2402 
3 2651 2595 2682 
3 2309 2408 2402 
3 2233 2309 2210 
3 2233 2124 2161 
3 2092 2161 2041 
3 1968 2016 2092 
3 1944 2016 1894 
3 1873 1944 1822 
3 2682 2731 2742 
3 2731 2769 2742 
3 1751 1806 1873 
3 1731 1806 1681 
3 1665 1731 1612 
3 1546 1598 1665 
3 1653 1598 1534 
3 2769 2800 2784 
3 1534 1481 1415 
3 1358 1297 1415 
3 1180 1297 1243 
3 1129 1069 1180 
3 244 221 183 
3 293 412 349 
3 293 221 244 
3 470 528 410 
3 470 410 349 
3 595 484 528 
3 708 666 595 
3 772 721 666 
3 833 785 721 
3 850 785 898 
3 1069 1019 964 
3 964 909 850 
3 2075 1958 1997 
3 2162 2075 2113 
3 1883 1958 1840 
3 1840 1721 1765 
3 1721 1605 1650 
3 1531 1605 1486 
3 2276 2162 2226 
3 2390 2276 2336 
3 1362 1412 1486 
3 2514 2390 2446 
3 1362 1244 1290 
3 2580 2634 2514 
3 1165 1244 1145 
3 955 1057 951 
3 1145 1057 1059 
3 848 951 847 
3 744 847 746 
3 2726 2634 2689 
3 650 746 652 
3 652 552 547 
3 459 552 465 
3 388 465 400 
3 2778 2726 2770 
3 2804 2778 2811 
3 2804 2826 2808 
3 350 400 363 
3 338 363 347 
3 2808 2822 2800 
3 221 268 215 
3 315 258 268 
3 377 301 315 
3 444 361 377 
3 518 420 444 
3 490 518 580 
3 580 630 534 
3 590 548 514 
3 630 590 534 
3 483 548 519 
3 476 458 519 
3 428 417 476 
3 395 390 428 
3 395 367 365 
3 347 367 357 
3 2489 2595 2584 
3 2402 2485 2489 
3 2651 2682 2715 
3 2584 2595 2651 
3 2309 2402 2301 
3 2210 2309 2301 
3 2210 2124 2233 
3 2161 2124 2041 
3 1968 2092 2041 
3 1894 2016 1968 
3 1822 1944 1894 
3 1822 1751 1873 
3 2682 2742 2715 
3 2742 2769 2784 
3 1681 1806 1751 
3 1731 1681 1612 
3 1665 1612 1546 
3 1481 1598 1546 
3 1534 1598 1481 
3 2784 2800 2812 
3 1415 1481 1358 
3 1243 1297 1358 
3 1243 1129 1180 
3 1129 1019 1069 
3 349 268 293 
3 293 268 221 
3 528 484 410 
3 410 315 349 
3 550 484 595 
3 666 550 595 
3 721 613 666 
3 721 785 675 
3 850 736 785 
3 1019 909 964 
3 909 792 850 
3 1997 1958 1883 
3 2075 1997 2113 
3 2162 2113 2226 
3 1840 1765 1883 
3 1721 1650 1765 
3 1650 1605 1531 
3 1412 1531 1486 
3 2276 2226 2336 
3 2390 2336 2446 
3 1290 1412 1362 
3 2580 2514 2446 
3 1290 1244 1165 
3 2689 2634 2580 
3 1059 1165 1145 
3 955 951 848 
3 1059 1057 955 
3 848 847 744 
3 744 746 650 
3 2770 2726 2689 
3 650 652 547 
3 547 552 459 
3 459 465 388 
3 388 400 350 
3 2778 2770 2811 
3 2811 2826 2804 
3 2808 2826 2822 
3 350 363 338 
3 338 347 357 
3 2800 2822 2812 
3 349 315 268 
3 410 377 315 
3 484 444 377 
3 518 444 550 
3 580 518 613 
3 675 630 580 
3 641 548 590 
3 687 590 630 
3 519 548 600 
3 554 476 519 
3 428 476 511 
3 428 460 395 
3 418 367 395 
3 357 367 396 
3 2489 2584 2488 
3 2402 2489 2392 
3 2715 2666 2651 
3 2651 2666 2584 
3 2301 2402 2392 
3 2186 2210 2301 
3 2101 2124 2210 
3 2041 2124 1998 
3 2041 1911 1968 
3 1894 1968 1838 
3 1894 1770 1822 
3 1701 1751 1822 
3 2715 2742 2754 
3 2742 2784 2754 
3 1681 1751 1627 
3 1612 1681 1559 
3 1546 1612 1493 
3 1425 1481 1546 
3 2797 2784 2812 
3 1358 1481 1425 
3 1243 1358 1305 
3 1187 1129 1243 
3 1078 1019 1129 
3 484 377 410 
3 550 444 484 
3 666 613 550 
3 675 613 721 
3 785 736 675 
3 792 736 850 
3 967 909 1019 
3 855 792 909 
3 1883 1929 1997 
3 2113 1997 2044 
3 2113 2159 2226 
3 1883 1765 1811 
3 1765 1650 1692 
3 1650 1531 1576 
3 1459 1531 1412 
3 2226 2273 2336 
3 2336 2385 2446 
3 1342 1412 1290 
3 2580 2446 2516 
3 1200 1290 1165 
3 2689 2580 2650 
3 1065 1165 1059 
3 856 955 848 
3 1059 955 963 
3 747 848 744 
3 646 744 650 
3 2770 2689 2745 
3 539 650 547 
3 441 547 459 
3 375 459 388 
3 319 388 350 
3 2811 2770 2813 
3 2841 2826 2811 
3 2822 2826 2843 
3 338 313 350 
3 357 325 338 
3 2812 2822 2836 
3 613 518 550 
3 580 613 675 
3 736 630 675 
3 641 590 687 
3 600 548 641 
3 687 630 736 
3 554 519 600 
3 511 476 554 
3 511 460 428 
3 395 460 418 
3 396 367 418 
3 396 370 357 
3 2488 2584 2589 
3 2392 2489 2488 
3 2729 2666 2715 
3 2584 2666 2589 
3 2392 2291 2301 
3 2301 2291 2186 
3 2101 2210 2186 
3 1998 2124 2101 
3 2041 1998 1911 
3 1968 1911 1838 
3 1838 1770 1894 
3 1822 1770 1701 
3 1627 1751 1701 
3 2715 2754 2729 
3 2754 2784 2797 
3 1559 1681 1627 
3 1612 1559 1493 
3 1546 1493 1425 
3 2797 2812 2823 
3 1305 1358 1425 
3 1305 1187 1243 
3 1187 1078 1129 
3 967 1019 1078 
3 687 736 792 
3 967 855 909 
3 745 792 855 
3 1997 1929 2044 
3 1811 1929 1883 
3 2044 2159 2113 
3 2226 2159 2273 
3 1765 1692 1811 
3 1692 1650 1576 
3 1576 1531 1459 
3 1459 1412 1342 
3 2336 2273 2385 
3 2446 2385 2516 
3 1200 1342 1290 
3 2650 2580 2516 
3 1200 1165 1065 
3 2689 2650 2745 
3 1059 963 1065 
3 747 856 848 
3 963 955 856 
3 646 747 744 
3 646 650 539 
3 2813 2770 2745 
3 539 547 441 
3 375 441 459 
3 319 375 388 
3 350 313 319 
3 2811 2813 2841 
3 2843 2826 2841 
3 2836 2822 2843 
3 325 313 338 
3 357 370 325 
3 2812 2836 2823 
3 745 641 687 
3 641 691 600 
3 642 554 600 
3 554 593 511 
3 544 460 511 
3 418 460 510 
3 468 396 418 
3 431 370 396 
3 2488 2589 2483 
3 2392 2488 2382 
3 2673 2666 2729 
3 2589 2666 2673 
3 2382 2291 2392 
3 2291 2166 2186 
3 2101 2186 2074 
3 1992 1998 2101 
3 1911 1998 1851 
3 1838 1911 1779 
3 1710 1770 1838 
3 1701 1770 1646 
3 1627 1701 1578 
3 2729 2754 2768 
3 2768 2754 2797 
3 1505 1559 1627 
3 1493 1559 1436 
3 1425 1493 1370 
3 2797 2823 2816 
3 1370 1305 1425 
3 1305 1251 1187 
3 1134 1078 1187 
3 967 1078 1021 
3 687 792 745 
3 967 908 855 
3 855 794 745 
3 2044 1929 1974 
3 1811 1850 1929 
3 2094 2159 2044 
3 2273 2159 2209 
3 1811 1692 1732 
3 1614 1692 1576 
3 1576 1459 1500 
3 1386 1459 1342 
3 2385 2273 2324 
3 2516 2385 2445 
3 1281 1342 1200 
3 2516 2588 2650 
3 1082 1200 1065 
3 2745 2650 2720 
3 1065 963 973 
3 756 856 747 
3 863 963 856 
3 651 747 646 
3 539 535 646 
3 2745 2803 2813 
3 432 539 441 
3 354 441 375 
3 303 375 319 
3 319 313 285 
3 2841 2813 2852 
3 2841 2862 2843 
3 2855 2836 2843 
3 296 313 325 
3 325 370 332 
3 2823 2836 2851 
3 745 691 641 
3 600 691 642 
3 642 593 554 
3 593 544 511 
3 510 460 544 
3 418 510 468 
3 468 431 396 
3 393 370 431 
3 2483 2589 2581 
3 2382 2488 2483 
3 2729 2733 2673 
3 2581 2589 2673 
3 2382 2263 2291 
3 2186 2166 2074 
3 2291 2263 2166 
3 1992 2101 2074 
3 1903 1998 1992 
3 1851 1998 1903 
3 1779 1911 1851 
3 1779 1710 1838 
3 1646 1770 1710 
3 1578 1701 1646 
3 1627 1578 1505 
3 2729 2768 2733 
3 2797 2806 2768 
3 1436 1559 1505 
3 1370 1493 1436 
3 2816 2823 2848 
3 2816 2806 2797 
3 1370 1251 1305 
3 1187 1251 1134 
3 1021 1078 1134 
3 1021 908 967 
3 908 794 855 
3 794 691 745 
3 1929 1850 1974 
3 2094 2044 1974 
3 1811 1732 1850 
3 2209 2159 2094 
3 2273 2209 2324 
3 1732 1692 1614 
3 1576 1500 1614 
3 1500 1459 1386 
3 1386 1342 1281 
3 2445 2385 2324 
3 2516 2445 2588 
3 1179 1281 1200 
3 2650 2588 2720 
3 1065 973 1082 
3 1179 1200 1082 
3 2720 2803 2745 
3 973 963 863 
3 756 747 651 
3 863 856 756 
3 646 535 651 
3 432 535 539 
3 2813 2803 2852 
3 432 441 354 
3 354 375 303 
3 319 285 303 
3 285 313 296 
3 2852 2862 2841 
3 2843 2862 2855 
3 2851 2836 2855 
3 332 296 325 
3 332 370 393 
3 2823 2851 2848 
3 642 691 743 
3 689 593 642 
3 645 544 593 
3 510 544 601 
3 468 510 560 
3 516 431 468 
3 393 431 464 
3 2483 2581 2468 
3 2382 2483 2371 
3 2673 2733 2662 
3 2581 2673 2662 
3 2371 2263 2382 
3 2074 2166 2043 
3 2166 2263 2117 
3 1992 2074 1969 
3 1969 1903 1992 
3 1851 1903 1784 
3 1851 1722 1779 
3 1779 1655 1710 
3 1646 1710 1587 
3 1517 1578 1646 
3 1505 1578 1450 
3 2733 2768 2782 
3 2768 2806 2782 
3 1505 1380 1436 
3 1370 1436 1315 
3 2816 2848 2839 
3 2816 2839 2806 
3 1315 1251 1370 
3 1134 1251 1196 
3 1134 1081 1021 
3 966 908 1021 
3 853 794 908 
3 743 691 794 
3 1974 1850 1897 
3 2094 1974 2017 
3 1850 1732 1778 
3 2137 2209 2094 
3 2324 2209 2254 
3 1662 1732 1614 
3 1614 1500 1547 
3 1427 1500 1386 
3 1281 1316 1386 
3 2377 2445 2324 
3 2588 2445 2517 
3 1207 1281 1179 
3 2720 2588 2665 
3 1082 973 987 
3 1097 1179 1082 
3 2720 2777 2803 
3 876 973 863 
3 651 661 756 
3 768 863 756 
3 651 535 541 
3 429 535 432 
3 2803 2850 2852 
3 354 341 432 
3 287 354 303 
3 303 285 264 
3 273 285 296 
3 2852 2876 2862 
3 2855 2862 2879 
3 2875 2851 2855 
3 299 296 332 
3 346 332 393 
3 2848 2851 2873 
3 743 689 642 
3 645 593 689 
3 601 544 645 
3 510 601 560 
3 468 560 516 
3 464 431 516 
3 393 464 407 
3 2468 2581 2545 
3 2371 2483 2468 
3 2662 2733 2725 
3 2581 2662 2545 
3 2274 2263 2371 
3 2043 2166 2117 
3 2074 2043 1969 
3 2117 2263 2178 
3 1854 1903 1969 
3 1784 1903 1854 
3 1784 1722 1851 
3 1779 1722 1655 
3 1710 1655 1587 
3 1517 1646 1587 
3 1450 1578 1517 
3 1450 1380 1505 
3 2733 2782 2725 
3 2782 2806 2815 
3 1436 1380 1315 
3 2839 2848 2869 
3 2806 2839 2815 
3 1196 1251 1315 
3 1196 1081 1134 
3 1021 1081 966 
3 853 908 966 
3 743 794 853 
3 1850 1778 1897 
3 1974 1897 2017 
3 2094 2017 2137 
3 1778 1732 1662 
3 2254 2209 2137 
3 2324 2254 2377 
3 1614 1547 1662 
3 1547 1500 1427 
3 1386 1316 1427 
3 1207 1316 1281 
3 2517 2445 2377 
3 2665 2588 2517 
3 1097 1207 1179 
3 2665 2777 2720 
3 987 973 876 
3 1097 1082 987 
3 2803 2777 2850 
3 876 863 768 
3 756 661 768 
3 541 661 651 
3 541 535 429 
3 432 341 429 
3 2852 2850 2876 
3 287 341 354 
3 264 287 303 
3 264 285 273 
3 273 296 299 
3 2862 2876 2878 
3 2862 2878 2879 
3 2855 2879 2875 
3 2873 2851 2875 
3 299 332 346 
3 407 346 393 
3 2869 2848 2873 
3 793 689 743 
3 645 689 742 
3 692 601 645 
3 560 601 653 
3 516 560 604 
3 542 464 516 
3 407 464 482 
3 2429 2468 2545 
3 2371 2468 2357 
3 2725 2630 2662 
3 2662 2630 2545 
3 2357 2274 2371 
3 2178 2263 2274 
3 1991 2043 2117 
3 1969 2043 1928 
3 2117 2178 2059 
3 1854 1969 1928 
3 1784 1854 1733 
3 1666 1722 1784 
3 1655 1722 1600 
3 1587 1655 1532 
3 1587 1460 1517 
3 1517 1385 1450 
3 1318 1380 1450 
3 2725 2782 2773 
3 2782 2815 2773 
3 1380 1256 1315 
3 2853 2839 2869 
3 2815 2839 2853 
3 1315 1256 1196 
3 1135 1081 1196 
3 1081 1017 966 
3 966 906 853 
3 853 793 743 
3 1897 1778 1829 
3 2017 1897 1945 
3 2017 2067 2137 
3 1711 1778 1662 
3 2189 2254 2137 
3 2377 2254 2311 
3 1662 1547 1595 
3 1547 1427 1478 
3 1427 1316 1360 
3 1246 1316 1207 
3 2377 2439 2517 
3 2665 2517 2608 
3 1126 1207 1097 
3 2665 2739 2777 
3 876 899 987 
3 1010 1097 987 
3 2850 2777 2834 
3 784 876 768 
3 768 661 669 
3 558 661 541 
3 433 541 429 
3 429 341 329 
3 2876 2850 2886 
3 276 341 287 
3 249 287 264 
3 252 264 273 
3 299 272 273 
3 2878 2876 2901 
3 2904 2879 2878 
3 2875 2879 2903 
3 2875 2899 2873 
3 305 299 346 
3 407 356 346 
3 2869 2873 2896 
3 742 689 793 
3 692 645 742 
3 653 601 692 
3 560 653 604 
3 516 604 542 
3 482 464 542 
3 407 482 415 
3 2545 2498 2429 
3 2357 2468 2429 
3 2686 2630 2725 
3 2545 2630 2498 
3 2241 2274 2357 
3 2178 2274 2241 
3 2059 1991 2117 
3 1928 2043 1991 
3 2059 2178 2128 
3 1928 1805 1854 
3 1854 1805 1733 
3 1666 1784 1733 
3 1600 1722 1666 
3 1532 1655 1600 
3 1532 1460 1587 
3 1460 1385 1517 
3 1450 1385 1318 
3 1318 1256 1380 
3 2725 2773 2686 
3 2815 2817 2773 
3 2853 2869 2885 
3 2853 2817 2815 
3 1256 1135 1196 
3 1135 1017 1081 
3 1017 906 966 
3 906 793 853 
3 1829 1778 1711 
3 1945 1897 1829 
3 1945 2067 2017 
3 2137 2067 2189 
3 1711 1662 1595 
3 2311 2254 2189 
3 2377 2311 2439 
3 1595 1547 1478 
3 1478 1427 1360 
3 1360 1316 1246 
3 1246 1207 1126 
3 2517 2439 2608 
3 2665 2608 2739 
3 1010 1126 1097 
3 2777 2739 2834 
3 987 899 1010 
3 784 899 876 
3 2886 2850 2834 
3 784 768 669 
3 669 661 558 
3 558 541 433 
3 433 429 329 
3 329 341 276 
3 2901 2876 2886 
3 276 287 249 
3 249 264 252 
3 273 272 252 
3 305 272 299 
3 2878 2901 2904 
3 2903 2879 2904 
3 2903 2899 2875 
3 2873 2899 2896 
3 356 305 346 
3 415 356 407 
3 2869 2896 2885 
3 742 793 849 
3 790 692 742 
3 741 653 692 
3 604 653 688 
3 542 604 628 
3 567 482 542 
3 415 482 492 
3 2429 2498 2369 
3 2312 2357 2429 
3 2575 2630 2686 
3 2498 2630 2575 
3 2241 2357 2312 
3 2178 2241 2128 
3 1936 1991 2059 
3 1928 1991 1871 
3 2059 2128 2009 
3 1871 1805 1928 
3 1733 1805 1686 
3 1666 1733 1617 
3 1666 1551 1600 
3 1600 1476 1532 
3 1384 1460 1532 
3 1319 1385 1460 
3 1318 1385 1257 
3 1198 1256 1318 
3 2686 2773 2746 
3 2773 2817 2746 
3 2885 2860 2853 
3 2853 2860 2817 
3 1198 1135 1256 
3 1072 1017 1135 
3 962 906 1017 
3 849 793 906 
3 1711 1766 1829 
3 1829 1885 1945 
3 2005 2067 1945 
3 2189 2067 2125 
3 1595 1649 1711 
3 2242 2311 2189 
3 2439 2311 2367 
3 1595 1478 1530 
3 1411 1478 1360 
3 1246 1294 1360 
3 1246 1126 1175 
3 2608 2439 2549 
3 2739 2608 2690 
3 1042 1126 1010 
3 2834 2739 2805 
3 1010 899 929 
3 814 899 784 
3 2886 2834 2884 
3 669 690 784 
3 558 572 669 
3 442 558 433 
3 328 433 329 
3 261 329 276 
3 2901 2886 2916 
3 228 276 249 
3 226 249 252 
3 252 272 245 
3 271 272 305 
3 2904 2901 2923 
3 2903 2904 2924 
3 2903 2921 2899 
3 2896 2899 2917 
3 307 305 356 
3 415 358 356 
3 2885 2896 2909 
3 790 742 849 
3 790 741 692 
3 688 653 741 
3 628 604 688 
3 542 628 567 
3 492 482 567 
3 415 492 411 
3 2498 2440 2369 
3 2312 2429 2369 
3 2643 2575 2686 
3 2498 2575 2440 
3 2241 2312 2195 
3 2128 2241 2195 
3 1936 2059 2009 
3 1871 1991 1936 
3 2009 2128 2072 
3 1749 1805 1871 
3 1686 1805 1749 
3 1733 1686 1617 
3 1617 1551 1666 
3 1600 1551 1476 
3 1532 1476 1384 
3 1319 1460 1384 
3 1257 1385 1319 
3 1257 1198 1318 
3 2686 2746 2643 
3 2746 2817 2801 
3 2885 2888 2860 
3 2817 2860 2801 
3 1072 1135 1198 
3 1072 962 1017 
3 849 906 962 
3 1829 1766 1885 
3 1711 1649 1766 
3 1945 1885 2005 
3 2125 2067 2005 
3 2242 2189 2125 
3 1530 1649 1595 
3 2367 2311 2242 
3 2427 2439 2367 
3 1530 1478 1411 
3 1360 1294 1411 
3 1246 1175 1294 
3 1175 1126 1042 
3 2439 2427 2549 
3 2608 2549 2690 
3 2805 2739 2690 
3 929 1042 1010 
3 2884 2834 2805 
3 929 899 814 
3 784 690 814 
3 2916 2886 2884 
3 572 690 669 
3 442 572 558 
3 328 442 433 
3 328 329 261 
3 261 276 228 
3 2923 2901 2916 
3 228 249 226 
3 226 252 245 
3 245 272 271 
3 271 305 307 
3 2904 2923 2924 
3 2924 2921 2903 
3 2899 2921 2917 
3 2896 2917 2909 
3 358 307 356 
3 411 358 415 
3 2909 2888 2885 
3 849 901 790 
3 842 741 790 
3 688 741 788 
3 718 628 688 
3 567 628 662 
3 567 577 492 
3 411 492 491 
3 2369 2440 2322 
3 2255 2312 2369 
3 2508 2575 2643 
3 2440 2575 2508 
3 2195 2312 2255 
3 2128 2195 2072 
3 1886 1936 2009 
3 1871 1936 1818 
3 2009 2072 1951 
3 1749 1871 1818 
3 1629 1686 1749 
3 1686 1565 1617 
3 1501 1551 1617 
3 1476 1551 1438 
3 1384 1476 1406 
3 1384 1245 1319 
3 1319 1188 1257 
3 1257 1130 1198 
3 2643 2746 2709 
3 2709 2746 2801 
3 2860 2888 2846 
3 2801 2860 2846 
3 1198 1130 1072 
3 1012 962 1072 
3 849 962 901 
3 1885 1766 1817 
3 1766 1649 1699 
3 2005 1885 1934 
3 2125 2005 2053 
3 2242 2125 2174 
3 1580 1649 1530 
3 2367 2242 2299 
3 2427 2367 2299 
3 1411 1462 1530 
3 1411 1294 1340 
3 1294 1175 1229 
3 1085 1175 1042 
3 2479 2549 2427 
3 2690 2549 2632 
3 2805 2690 2763 
3 969 1042 929 
3 2884 2805 2864 
3 846 929 814 
3 814 690 722 
3 2916 2884 2920 
3 596 690 572 
3 461 572 442 
3 328 330 442 
3 255 328 261 
3 205 261 228 
3 2934 2923 2916 
3 228 226 195 
3 208 226 245 
3 237 245 271 
3 307 269 271 
3 2924 2923 2938 
3 2936 2921 2924 
3 2917 2921 2933 
3 2909 2917 2928 
3 306 307 358 
3 411 348 358 
3 2914 2888 2909 
3 790 901 842 
3 788 741 842 
3 688 788 718 
3 662 628 718 
3 662 577 567 
3 492 577 491 
3 491 402 411 
3 2322 2440 2378 
3 2369 2322 2255 
3 2508 2643 2577 
3 2378 2440 2508 
3 2139 2195 2255 
3 2072 2195 2139 
3 1886 2009 1951 
3 1818 1936 1886 
3 2072 2018 1951 
3 1749 1818 1697 
3 1629 1749 1697 
3 1629 1565 1686 
3 1617 1565 1501 
3 1438 1551 1501 
3 1476 1438 1406 
3 1406 1292 1384 
3 1319 1245 1188 
3 1292 1245 1384 
3 1188 1130 1257 
3 2643 2709 2577 
3 2709 2801 2758 
3 2846 2888 2882 
3 2801 2846 2758 
3 1072 1130 1012 
3 901 962 1012 
3 1817 1766 1699 
3 1934 1885 1817 
3 1699 1649 1580 
3 2005 1934 2053 
3 2125 2053 2174 
3 2242 2174 2299 
3 1530 1462 1580 
3 2299 2351 2427 
3 1411 1340 1462 
3 1340 1294 1229 
3 1229 1175 1119 
3 1085 1042 969 
3 1119 1175 1085 
3 2427 2351 2479 
3 2632 2549 2479 
3 2763 2690 2632 
3 2864 2805 2763 
3 969 929 846 
3 2920 2884 2864 
3 846 814 722 
3 722 690 596 
3 2934 2916 2920 
3 596 572 461 
3 330 461 442 
3 255 330 328 
3 255 261 205 
3 195 205 228 
3 2938 2923 2934 
3 195 226 208 
3 237 208 245 
3 271 269 237 
3 306 269 307 
3 2936 2924 2938 
3 2933 2921 2936 
3 2917 2933 2928 
3 2914 2909 2928 
3 358 348 306 
3 402 348 411 
3 2882 2888 2914 
3 842 901 953 
3 890 788 842 
3 718 788 822 
3 755 662 718 
3 676 577 662 
3 491 577 561 
3 475 402 491 
3 2259 2322 2378 
3 2322 2204 2255 
3 2508 2577 2436 
3 2508 2436 2378 
3 2255 2204 2139 
3 2072 2139 2018 
3 1826 1886 1951 
3 1763 1818 1886 
3 1951 2018 1895 
3 1697 1818 1763 
3 1629 1697 1579 
3 1510 1565 1629 
3 1501 1565 1447 
3 1387 1438 1501 
3 1406 1438 1334 
3 1334 1292 1406 
3 1245 1117 1188 
3 1169 1245 1292 
3 1188 1068 1130 
3 2709 2638 2577 
3 2758 2638 2709 
3 2809 2846 2882 
3 2758 2846 2809 
3 1130 1068 1012 
3 953 901 1012 
3 1817 1699 1750 
3 1867 1934 1817 
3 1699 1580 1632 
3 2053 1934 1985 
3 2174 2053 2108 
3 2299 2174 2234 
3 1580 1462 1512 
3 2234 2351 2299 
3 1462 1340 1395 
3 1280 1340 1229 
3 1229 1119 1168 
3 1001 1085 969 
3 1001 1119 1085 
3 2479 2351 2422 
3 2632 2479 2556 
3 2763 2632 2716 
3 2864 2763 2830 
3 886 969 846 
3 2920 2864 2915 
3 766 846 722 
3 722 596 633 
3 2934 2920 2941 
3 481 596 461 
3 340 461 330 
3 247 330 255 
3 185 255 205 
3 164 205 195 
3 2938 2934 2950 
3 173 195 208 
3 202 208 237 
3 237 269 231 
3 265 269 306 
3 2936 2938 2951 
3 2946 2933 2936 
3 2928 2933 2940 
3 2928 2930 2914 
3 306 348 295 
3 339 348 402 
3 2882 2914 2912 
3 842 953 890 
3 822 788 890 
3 718 822 755 
3 676 662 755 
3 612 577 676 
3 561 577 612 
3 561 475 491 
3 399 402 475 
3 2320 2259 2378 
3 2259 2204 2322 
3 2436 2577 2496 
3 2378 2436 2320 
3 2139 2204 2084 
3 2139 2084 2018 
3 1951 1895 1826 
3 1763 1886 1826 
3 1895 2018 1960 
3 1643 1697 1763 
3 1579 1697 1643 
3 1510 1629 1579 
3 1447 1565 1510 
3 1387 1501 1447 
3 1334 1438 1387 
3 1217 1292 1334 
3 1117 1068 1188 
3 1169 1117 1245 
3 1217 1169 1292 
3 2577 2638 2496 
3 2705 2638 2758 
3 2859 2809 2882 
3 2758 2809 2705 
3 1068 953 1012 
3 1750 1699 1632 
3 1867 1817 1750 
3 1985 1934 1867 
3 1632 1580 1512 
3 2053 1985 2108 
3 2234 2174 2108 
3 1512 1462 1395 
3 2292 2351 2234 
3 1395 1340 1280 
3 1280 1229 1168 
3 1168 1119 1049 
3 1001 969 886 
3 1049 1119 1001 
3 2422 2351 2292 
3 2479 2422 2556 
3 2632 2556 2716 
3 2763 2716 2830 
3 2864 2830 2915 
3 886 846 766 
3 2941 2920 2915 
3 722 633 766 
3 633 596 504 
3 2950 2934 2941 
3 481 461 340 
3 504 596 481 
3 340 330 247 
3 185 247 255 
3 185 205 164 
3 164 195 173 
3 2951 2938 2950 
3 173 208 202 
3 237 231 202 
3 231 269 265 
3 295 265 306 
3 2946 2936 2951 
3 2940 2933 2946 
3 2940 2930 2928 
3 2914 2930 2912 
3 295 348 339 
3 339 402 399 
3 2882 2912 2859 
3 890 953 1000 
3 932 822 890 
3 755 822 860 
3 676 755 779 
3 701 612 676 
3 561 612 621 
3 553 475 561 
3 399 475 487 
3 2202 2259 2320 
3 2144 2204 2259 
3 2496 2370 2436 
3 2436 2370 2320 
3 2084 2204 2144 
3 2018 2084 1960 
3 1826 1895 1775 
3 1763 1826 1706 
3 1837 1895 1960 
3 1643 1763 1706 
3 1523 1579 1643 
3 1579 1458 1510 
3 1447 1510 1393 
3 1387 1447 1333 
3 1387 1271 1334 
3 1271 1217 1334 
3 1000 1068 1117 
3 1169 1043 1117 
3 1089 1169 1217 
3 2496 2638 2551 
3 2551 2638 2705 
3 2759 2809 2859 
3 2705 2809 2759 
3 1000 953 1068 
3 1750 1632 1689 
3 1867 1750 1808 
3 1926 1985 1867 
3 1568 1632 1512 
3 2108 1985 2045 
3 2234 2108 2167 
3 1395 1443 1512 
3 2292 2234 2167 
3 1280 1326 1395 
3 1168 1213 1280 
3 1094 1168 1049 
3 930 1001 886 
3 1049 1001 930 
3 2422 2292 2346 
3 2422 2478 2556 
3 2716 2556 2641 
3 2830 2716 2785 
3 2830 2891 2915 
3 806 886 766 
3 2944 2941 2915 
3 766 633 680 
3 569 633 504 
3 2941 2960 2950 
3 344 481 340 
3 504 481 344 
3 340 247 241 
3 168 247 185 
3 124 185 164 
3 125 164 173 
3 2950 2963 2951 
3 158 173 202 
3 202 231 191 
3 217 231 265 
3 254 265 295 
3 2961 2946 2951 
3 2940 2946 2957 
3 2945 2930 2940 
3 2912 2930 2931 
3 295 339 284 
3 327 339 399 
3 2859 2912 2902 
3 890 1000 932 
3 860 822 932 
3 779 755 860 
3 701 676 779 
3 621 612 701 
3 553 561 621 
3 487 475 553 
3 487 408 399 
3 2320 2256 2202 
3 2144 2259 2202 
3 2448 2370 2496 
3 2320 2370 2256 
3 2020 2084 2144 
3 1960 2084 2020 
3 1775 1895 1837 
3 1706 1826 1775 
3 1837 1960 1899 
3 1643 1706 1586 
3 1523 1643 1586 
3 1523 1458 1579 
3 1510 1458 1393 
3 1333 1447 1393 
3 1333 1271 1387 
3 1271 1141 1217 
3 1043 1000 1117 
3 1089 1043 1169 
3 1217 1141 1089 
3 2551 2448 2496 
3 2551 2705 2628 
3 2859 2818 2759 
3 2628 2705 2759 
3 1689 1632 1568 
3 1808 1750 1689 
3 1867 1808 1926 
3 2045 1985 1926 
3 1512 1443 1568 
3 2167 2108 2045 
3 1395 1326 1443 
3 2292 2167 2227 
3 1213 1326 1280 
3 1094 1213 1168 
3 1094 1049 977 
3 930 886 806 
3 1049 930 977 
3 2346 2292 2227 
3 2346 2478 2422 
3 2556 2478 2641 
3 2785 2716 2641 
3 2785 2891 2830 
3 2915 2891 2944 
3 766 680 806 
3 2944 2960 2941 
3 680 633 569 
3 504 467 569 
3 2960 2963 2950 
3 340 241 344 
3 360 504 344 
3 241 247 168 
3 124 168 185 
3 125 124 164 
3 125 173 158 
3 2951 2963 2961 
3 158 202 191 
3 191 231 217 
3 217 265 254 
3 254 295 284 
3 2957 2946 2961 
3 2945 2940 2957 
3 2931 2930 2945 
3 2902 2912 2931 
3 284 339 327 
3 408 327 399 
3 2902 2818 2859 
3 932 1000 1043 
3 970 860 932 
3 779 860 883 
3 779 797 701 
3 719 621 701 
3 621 654 553 
3 487 553 584 
3 522 408 487 
3 2202 2256 2141 
3 2144 2202 2085 
3 2319 2370 2448 
3 2256 2370 2319 
3 2144 2085 2020 
3 1960 2020 1899 
3 1716 1775 1837 
3 1706 1775 1652 
3 1837 1899 1777 
3 1586 1706 1652 
3 1465 1523 1586 
3 1403 1458 1523 
3 1393 1458 1337 
3 1275 1333 1393 
3 1211 1271 1333 
3 1211 1141 1271 
3 970 1043 1089 
3 1089 1141 998 
3 2551 2418 2448 
3 2628 2469 2551 
3 2759 2818 2694 
3 2628 2759 2694 
3 1689 1568 1621 
3 1808 1689 1740 
3 1926 1808 1859 
3 2045 1926 1977 
3 1568 1443 1498 
3 2045 2099 2167 
3 1443 1326 1377 
3 2167 2099 2227 
3 1262 1326 1213 
3 1146 1213 1094 
3 1024 1094 977 
3 857 930 806 
3 977 930 857 
3 2346 2227 2282 
3 2415 2478 2346 
3 2641 2478 2553 
3 2785 2641 2723 
3 2844 2891 2785 
3 2944 2891 2929 
3 806 680 731 
3 2965 2960 2944 
3 607 680 569 
3 488 569 467 
3 467 504 360 
3 2974 2963 2960 
3 344 241 242 
3 242 360 344 
3 165 241 168 
3 110 168 124 
3 95 124 125 
3 158 117 125 
3 2961 2963 2973 
3 148 158 191 
3 217 176 191 
3 217 254 203 
3 232 254 284 
3 2957 2961 2968 
3 2945 2957 2962 
3 2931 2945 2954 
3 2902 2931 2932 
3 284 327 277 
3 343 327 408 
3 2874 2818 2902 
3 932 1043 970 
3 883 860 970 
3 883 797 779 
3 701 797 719 
3 719 654 621 
3 553 654 584 
3 522 487 584 
3 446 408 522 
3 2141 2256 2200 
3 2085 2202 2141 
3 2448 2418 2319 
3 2256 2319 2200 
3 2020 2085 1963 
3 1899 2020 1963 
3 1777 1716 1837 
3 1652 1775 1716 
3 1777 1899 1844 
3 1586 1652 1533 
3 1465 1586 1533 
3 1403 1523 1465 
3 1337 1458 1403 
3 1393 1337 1275 
3 1275 1211 1333 
3 1041 1141 1211 
3 970 1089 998 
3 998 1141 1041 
3 2469 2418 2551 
3 2533 2469 2628 
3 2694 2818 2762 
3 2533 2628 2694 
3 1621 1568 1498 
3 1740 1689 1621 
3 1859 1808 1740 
3 1977 1926 1859 
3 1977 2099 2045 
3 1498 1443 1377 
3 1377 1326 1262 
3 2227 2099 2153 
3 1262 1213 1146 
3 1146 1094 1024 
3 1024 977 903 
3 857 806 731 
3 977 857 903 
3 2282 2227 2153 
3 2346 2282 2415 
3 2553 2478 2415 
3 2641 2553 2723 
3 2844 2785 2723 
3 2929 2891 2844 
3 2929 2965 2944 
3 731 680 607 
3 2974 2960 2965 
3 607 569 488 
3 488 467 355 
3 467 360 355 
3 2973 2963 2974 
3 242 241 165 
3 250 360 242 
3 165 168 110 
3 110 124 95 
3 125 117 95 
3 148 117 158 
3 2968 2961 2973 
3 191 176 148 
3 203 176 217 
3 203 254 232 
3 232 284 277 
3 2962 2957 2968 
3 2945 2962 2954 
3 2932 2931 2954 
3 2874 2902 2932 
3 277 327 343 
3 343 408 446 
3 2762 2818 2874 
3 998 883 970 
3 910 797 883 
3 719 797 828 
3 758 654 719 
3 584 654 683 
3 522 584 623 
3 570 446 522 
3 2141 2200 2086 
3 2141 2021 2085 
3 2319 2418 2260 
3 2200 2319 2260 
3 2085 2021 1963 
3 1844 1899 1963 
3 1661 1716 1777 
3 1652 1716 1594 
3 1777 1844 1724 
3 1533 1652 1594 
3 1533 1409 1465 
3 1403 1465 1343 
3 1284 1337 1403 
3 1275 1337 1221 
3 1154 1211 1275 
3 1154 1041 1211 
3 998 1041 910 
3 2335 2418 2469 
3 2393 2469 2533 
3 2694 2762 2619 
3 2533 2694 2619 
3 1621 1498 1555 
3 1740 1621 1676 
3 1859 1740 1793 
3 1977 1859 1912 
3 2031 2099 1977 
3 1433 1498 1377 
3 1314 1377 1262 
3 2153 2099 2031 
3 1262 1146 1202 
3 1024 1083 1146 
3 952 1024 903 
3 778 857 731 
3 903 857 778 
3 2153 2215 2282 
3 2415 2282 2341 
3 2553 2415 2473 
3 2723 2553 2637 
3 2723 2786 2844 
3 2929 2844 2892 
3 2948 2965 2929 
3 660 731 607 
3 2974 2965 2980 
3 527 607 488 
3 382 488 355 
3 355 360 250 
3 2973 2974 2984 
3 166 242 165 
3 250 242 166 
3 110 107 165 
3 72 110 95 
3 95 117 88 
3 112 117 148 
3 2968 2973 2982 
3 148 176 136 
3 156 176 203 
3 182 203 232 
3 277 216 232 
3 2978 2962 2968 
3 2954 2962 2969 
3 2932 2954 2955 
3 2874 2932 2918 
3 281 277 343 
3 379 343 446 
3 2762 2874 2832 
3 910 883 998 
3 828 797 910 
3 758 719 828 
3 683 654 758 
3 623 584 683 
3 570 522 623 
3 512 446 570 
3 2086 2200 2143 
3 2086 2021 2141 
3 2260 2418 2335 
3 2200 2260 2143 
3 1963 2021 1902 
3 1963 1902 1844 
3 1661 1777 1724 
3 1594 1716 1661 
3 1724 1844 1785 
3 1533 1594 1471 
3 1465 1409 1343 
3 1471 1409 1533 
3 1284 1403 1343 
3 1221 1337 1284 
3 1221 1154 1275 
3 1053 1041 1154 
3 910 1041 940 
3 2335 2469 2393 
3 2455 2393 2533 
3 2619 2762 2698 
3 2455 2533 2619 
3 1555 1498 1433 
3 1676 1621 1555 
3 1793 1740 1676 
3 1912 1859 1793 
3 2031 1977 1912 
3 1433 1377 1314 
3 1314 1262 1202 
3 2153 2031 2093 
3 1146 1083 1202 
3 952 1083 1024 
3 824 952 903 
3 778 731 660 
3 903 778 824 
3 2282 2215 2341 
3 2093 2215 2153 
3 2415 2341 2473 
3 2637 2553 2473 
3 2637 2786 2723 
3 2844 2786 2892 
3 2948 2929 2892 
3 2980 2965 2948 
3 660 607 527 
3 2984 2974 2980 
3 527 488 382 
3 382 355 262 
3 262 355 250 
3 2982 2973 2984 
3 165 107 166 
3 250 166 174 
3 72 107 110 
3 95 88 72 
3 88 117 112 
3 136 112 148 
3 2978 2968 2982 
3 136 176 156 
3 182 156 203 
3 232 216 182 
3 281 216 277 
3 2969 2962 2978 
3 2955 2954 2969 
3 2932 2955 2918 
3 2874 2918 2832 
3 281 343 379 
3 379 446 512 
3 2698 2762 2832 
3 940 828 910 
3 758 828 872 
3 800 683 758 
3 623 683 740 
3 677 570 623 
3 512 570 625 
3 2143 2024 2086 
3 1967 2021 2086 
3 2260 2335 2208 
3 2143 2260 2208 
3 1902 2021 1967 
3 1844 1902 1785 
3 1602 1661 1724 
3 1661 1539 1594 
3 1785 1663 1724 
3 1594 1539 1471 
3 1343 1409 1288 
3 1352 1409 1471 
3 1343 1222 1284 
3 1284 1159 1221 
3 1221 1105 1154 
3 1105 1053 1154 
3 940 1041 1053 
3 2335 2393 2266 
3 2330 2393 2455 
3 2529 2619 2698 
3 2455 2619 2529 
3 1496 1555 1433 
3 1615 1676 1555 
3 1676 1735 1793 
3 1852 1912 1793 
3 2031 1912 1971 
3 1314 1371 1433 
3 1253 1314 1202 
3 2093 2031 1971 
3 1202 1083 1137 
3 1013 1083 952 
3 880 952 824 
3 660 700 778 
3 778 700 824 
3 2341 2215 2267 
3 2146 2215 2093 
3 2341 2400 2473 
3 2637 2473 2540 
3 2712 2786 2637 
3 2892 2786 2835 
3 2919 2948 2892 
3 2980 2948 2964 
3 574 660 527 
3 2984 2980 2988 
3 424 527 382 
3 262 290 382 
3 250 174 262 
3 2982 2984 2993 
3 166 107 106 
3 174 166 106 
3 64 107 72 
3 72 88 67 
3 83 88 112 
3 97 112 136 
3 2990 2978 2982 
3 136 156 113 
3 137 156 182 
3 182 216 169 
3 225 216 281 
3 2969 2978 2983 
3 2955 2969 2967 
3 2918 2955 2942 
3 2832 2918 2893 
3 311 281 379 
3 439 379 512 
3 2832 2788 2698 
3 872 828 940 
3 800 758 872 
3 740 683 800 
3 677 623 740 
3 625 570 677 
3 575 512 625 
3 2086 2024 1967 
3 2090 2024 2143 
3 2208 2335 2266 
3 2143 2208 2090 
3 1902 1967 1847 
3 1785 1902 1847 
3 1724 1663 1602 
3 1602 1539 1661 
3 1785 1728 1663 
3 1471 1539 1417 
3 1288 1409 1352 
3 1288 1222 1343 
3 1352 1471 1417 
3 1222 1159 1284 
3 1159 1105 1221 
3 1105 985 1053 
3 985 940 1053 
3 2266 2393 2330 
3 2330 2455 2387 
3 2529 2698 2618 
3 2455 2529 2387 
3 1433 1371 1496 
3 1615 1555 1496 
3 1615 1735 1676 
3 1793 1735 1852 
3 1971 1912 1852 
3 1253 1371 1314 
3 1253 1202 1137 
3 2022 2093 1971 
3 1137 1083 1013 
3 880 1013 952 
3 880 824 754 
3 574 700 660 
3 824 700 754 
3 2267 2215 2146 
3 2267 2400 2341 
3 2146 2093 2022 
3 2473 2400 2540 
3 2712 2637 2540 
3 2835 2786 2712 
3 2892 2835 2919 
3 2964 2948 2919 
3 2988 2980 2964 
3 574 527 424 
3 2993 2984 2988 
3 382 290 424 
3 189 290 262 
3 174 189 262 
3 2982 2993 2990 
3 106 107 64 
3 111 174 106 
3 67 64 72 
3 67 88 83 
3 83 112 97 
3 113 97 136 
3 2983 2978 2990 
3 113 156 137 
3 137 182 169 
3 169 216 225 
3 311 225 281 
3 2981 2969 2983 
3 2967 2969 2981 
3 2942 2955 2967 
3 2918 2942 2893 
3 2788 2832 2893 
3 439 311 379 
3 575 439 512 
3 2698 2788 2618 
3 985 872 940 
3 872 916 800 
3 740 800 861 
3 740 798 677 
3 625 677 748 
3 575 625 695 
3 1967 2024 1906 
3 1975 2024 2090 
3 2151 2208 2266 
3 2090 2208 2151 
3 1967 1906 1847 
3 1785 1847 1728 
3 1602 1663 1544 
3 1483 1539 1602 
3 1728 1608 1663 
3 1417 1539 1483 
3 1352 1228 1288 
3 1166 1222 1288 
3 1295 1352 1417 
3 1102 1159 1222 
3 1034 1105 1159 
3 1034 985 1105 
3 2211 2266 2330 
3 2387 2269 2330 
3 2618 2454 2529 
3 2529 2454 2387 
3 1496 1371 1434 
3 1496 1557 1615 
3 1678 1735 1615 
3 1852 1735 1792 
3 1971 1852 1905 
3 1310 1371 1253 
3 1137 1192 1253 
3 1971 1905 2022 
3 1137 1013 1077 
3 946 1013 880 
3 801 880 754 
3 616 700 574 
3 754 700 616 
3 2146 2201 2267 
3 2327 2400 2267 
3 2022 2079 2146 
3 2540 2400 2463 
3 2712 2540 2625 
3 2835 2712 2765 
3 2919 2835 2877 
3 2964 2919 2937 
3 2971 2988 2964 
3 489 574 424 
3 2988 2991 2993 
3 424 290 324 
3 212 290 189 
3 111 189 174 
3 2990 2993 2994 
3 61 106 64 
3 111 106 61 
3 50 64 67 
3 55 67 83 
3 83 97 65 
3 78 97 113 
3 2983 2990 2992 
3 90 113 137 
3 119 137 169 
3 169 225 172 
3 253 225 311 
3 2981 2983 2985 
3 2977 2967 2981 
3 2967 2943 2942 
3 2942 2943 2893 
3 2866 2788 2893 
3 372 311 439 
3 575 517 439 
3 2788 2683 2618 
3 985 916 872 
3 800 916 861 
3 861 798 740 
3 677 798 748 
3 695 625 748 
3 695 640 575 
3 1906 2024 1975 
3 1975 2090 2032 
3 2151 2266 2211 
3 2090 2151 2032 
3 1847 1906 1789 
3 1847 1789 1728 
3 1663 1608 1544 
3 1483 1602 1544 
3 1670 1608 1728 
3 1356 1417 1483 
3 1228 1166 1288 
3 1295 1228 1352 
3 1102 1222 1166 
3 1295 1417 1356 
3 1102 1034 1159 
3 1034 916 985 
3 2269 2211 2330 
3 2331 2269 2387 
3 2528 2454 2618 
3 2387 2454 2331 
3 1434 1371 1310 
3 1434 1557 1496 
3 1557 1678 1615 
3 1792 1735 1678 
3 1852 1792 1905 
3 1253 1192 1310 
3 1077 1192 1137 
3 2022 1905 1966 
3 1077 1013 946 
3 946 880 801 
3 801 754 673 
3 616 574 489 
3 754 616 673 
3 2267 2201 2327 
3 2146 2079 2201 
3 2463 2400 2327 
3 1966 2079 2022 
3 2540 2463 2625 
3 2712 2625 2765 
3 2835 2765 2877 
3 2919 2877 2937 
3 2964 2937 2971 
3 2971 2991 2988 
3 489 424 324 
3 2993 2991 2994 
3 324 290 212 
3 212 189 126 
3 126 189 111 
3 2992 2990 2994 
3 61 64 50 
3 57 111 61 
3 50 67 55 
3 65 55 83 
3 65 97 78 
3 90 78 113 
3 2985 2983 2992 
3 119 90 137 
3 119 169 172 
3 172 225 253 
3 253 311 372 
3 2981 2985 2977 
3 2977 2943 2967 
3 2893 2943 2866 
3 2753 2788 2866 
3 439 517 372 
3 640 517 575 
3 2528 2618 2683 
3 2683 2788 2753 
3 861 916 979 
3 917 798 861 
3 748 798 867 
3 695 748 811 
3 761 640 695 
3 1857 1906 1975 
3 1916 1975 2032 
3 2151 2211 2096 
3 2032 2151 2096 
3 1789 1906 1857 
3 1728 1789 1670 
3 1544 1608 1488 
3 1483 1544 1423 
3 1552 1608 1670 
3 1356 1483 1423 
3 1109 1166 1228 
3 1177 1228 1295 
3 1166 1037 1102 
3 1238 1295 1356 
3 1102 979 1034 
3 979 916 1034 
3 2154 2211 2269 
3 2216 2269 2331 
3 2389 2454 2528 
3 2331 2454 2389 
3 1375 1434 1310 
3 1502 1557 1434 
3 1623 1678 1557 
3 1792 1678 1739 
3 1905 1792 1855 
3 1310 1192 1255 
3 1133 1192 1077 
3 1966 1905 1855 
3 1015 1077 946 
3 946 801 852 
3 673 727 801 
3 536 616 489 
3 673 616 536 
3 2327 2201 2258 
3 2201 2079 2132 
3 2463 2327 2388 
3 2011 2079 1966 
3 2625 2463 2531 
3 2765 2625 2693 
3 2877 2765 2819 
3 2877 2907 2937 
3 2971 2937 2947 
3 2972 2991 2971 
3 386 489 324 
3 2994 2991 2986 
3 212 251 324 
3 126 151 212 
3 126 111 57 
3 2992 2994 2989 
3 37 61 50 
3 57 61 37 
3 40 50 55 
3 45 55 65 
3 65 78 49 
3 56 78 90 
3 2985 2992 2987 
3 76 90 119 
3 118 119 172 
3 253 194 172 
3 298 253 372 
3 2977 2985 2976 
3 2958 2943 2977 
3 2866 2943 2922 
3 2753 2866 2829 
3 372 517 451 
3 588 517 640 
3 2528 2683 2615 
3 2615 2683 2753 
3 979 917 861 
3 867 798 917 
3 811 748 867 
3 761 695 811 
3 711 640 761 
3 1916 1857 1975 
3 1916 2032 1979 
3 2096 2211 2154 
3 2032 2096 1979 
3 1789 1857 1736 
3 1670 1789 1736 
3 1488 1608 1552 
3 1423 1544 1488 
3 1552 1670 1616 
3 1423 1302 1356 
3 1177 1109 1228 
3 1109 1037 1166 
3 1177 1295 1238 
3 1037 979 1102 
3 1356 1302 1238 
3 2154 2269 2216 
3 2331 2272 2216 
3 2389 2528 2457 
3 2389 2272 2331 
3 1375 1310 1255 
3 1375 1502 1434 
3 1623 1557 1502 
3 1739 1678 1623 
3 1855 1792 1739 
3 1255 1192 1133 
3 1133 1077 1015 
3 1966 1855 1910 
3 896 1015 946 
3 801 727 852 
3 852 896 946 
3 603 727 673 
3 536 489 386 
3 603 673 536 
3 2258 2201 2132 
3 2327 2258 2388 
3 2132 2079 2011 
3 2531 2463 2388 
3 1910 2011 1966 
3 2693 2625 2531 
3 2819 2765 2693 
3 2819 2907 2877 
3 2937 2907 2947 
3 2972 2971 2947 
3 2986 2991 2972 
3 324 251 386 
3 2989 2994 2986 
3 151 251 212 
3 68 151 126 
3 126 57 68 
3 2987 2992 2989 
3 40 37 50 
3 35 57 37 
3 40 55 45 
3 49 45 65 
3 49 78 56 
3 56 90 76 
3 2976 2985 2987 
3 76 119 118 
3 172 194 118 
3 298 194 253 
3 298 372 451 
3 2958 2977 2976 
3 2922 2943 2958 
3 2829 2866 2922 
3 2753 2829 2708 
3 451 517 588 
3 588 640 711 
3 2457 2528 2615 
3 2615 2753 2708 
3 1037 917 979 
3 867 917 984 
3 811 867 931 
3 875 761 811 
3 711 761 823 
3 1801 1857 1916 
3 1916 1979 1862 
3 2154 2042 2096 
3 2096 2042 1979 
3 1736 1857 1801 
3 1670 1736 1616 
3 1552 1431 1488 
3 1488 1366 1423 
3 1552 1616 1497 
3 1366 1302 1423 
3 1052 1109 1177 
3 1109 984 1037 
3 1177 1238 1115 
3 1238 1302 1182 
3 2216 2102 2154 
3 2216 2272 2160 
3 2334 2389 2457 
3 2334 2272 2389 
3 1320 1375 1255 
3 1449 1502 1375 
3 1623 1502 1573 
3 1739 1623 1690 
3 1739 1802 1855 
3 1197 1255 1133 
3 1133 1015 1074 
3 1855 1802 1910 
3 956 1015 896 
3 852 727 783 
3 783 896 852 
3 663 727 603 
3 386 453 536 
3 536 453 603 
3 2197 2258 2132 
3 2388 2258 2328 
3 2132 2011 2063 
3 2531 2388 2461 
3 1866 2011 1910 
3 2693 2531 2617 
3 2693 2750 2819 
3 2857 2907 2819 
3 2947 2907 2927 
3 2972 2947 2953 
3 2986 2972 2966 
3 251 292 386 
3 2989 2986 2975 
3 184 251 151 
3 98 151 68 
3 68 57 35 
3 2979 2987 2989 
3 26 37 40 
3 35 37 26 
3 29 40 45 
3 34 45 49 
3 39 49 56 
3 48 56 76 
3 2987 2970 2976 
3 76 118 70 
3 118 194 141 
3 234 194 298 
3 381 298 451 
3 2949 2958 2976 
3 2922 2958 2949 
3 2829 2922 2898 
3 2708 2829 2789 
3 530 451 588 
3 711 665 588 
3 2457 2615 2539 
3 2615 2708 2539 
3 984 917 1037 
3 867 984 931 
3 931 875 811 
3 823 761 875 
3 823 775 711 
3 1801 1916 1862 
3 1979 1931 1862 
3 2154 2102 2042 
3 1979 2042 1931 
3 1801 1685 1736 
3 1736 1685 1616 
3 1488 1431 1366 
3 1497 1431 1552 
3 1497 1616 1566 
3 1247 1302 1366 
3 1115 1052 1177 
3 1052 984 1109 
3 1238 1182 1115 
3 1182 1302 1247 
3 2216 2160 2102 
3 2160 2272 2219 
3 2334 2457 2397 
3 2219 2272 2334 
3 1320 1255 1197 
3 1320 1449 1375 
3 1573 1502 1449 
3 1623 1573 1690 
3 1690 1802 1739 
3 1133 1074 1197 
3 1074 1015 956 
3 1910 1802 1866 
3 956 896 832 
3 783 727 663 
3 832 896 783 
3 663 603 521 
3 386 292 453 
3 603 453 521 
3 2197 2132 2063 
3 2328 2258 2197 
3 2461 2388 2328 
3 2063 2011 1937 
3 2617 2531 2461 
3 1937 2011 1866 
3 2617 2750 2693 
3 2819 2750 2857 
3 2927 2907 2857 
3 2953 2947 2927 
3 2966 2972 2953 
3 2986 2966 2975 
3 184 292 251 
3 2989 2975 2979 
3 184 151 98 
3 98 68 43 
3 43 68 35 
3 2979 2970 2987 
3 26 40 29 
3 22 35 26 
3 29 45 34 
3 34 49 39 
3 39 56 48 
3 70 48 76 
3 2976 2970 2949 
3 70 118 141 
3 141 194 234 
3 381 234 298 
3 381 451 530 
3 2922 2949 2898 
3 2829 2898 2789 
3 2708 2789 2635 
3 588 665 530 
3 775 665 711 
3 2397 2457 2539 
3 2539 2708 2635 
3 931 984 1052 
3 931 995 875 
3 823 875 939 
3 892 775 823 
3 1745 1801 1862 
3 1862 1931 1813 
3 2042 2102 1986 
3 1931 2042 1986 
3 1745 1685 1801 
3 1616 1685 1566 
3 1366 1431 1311 
3 1376 1431 1497 
3 1497 1566 1446 
3 1311 1247 1366 
3 1115 995 1052 
3 1182 1062 1115 
3 1182 1247 1127 
3 2102 2160 2049 
3 2105 2160 2219 
3 2397 2277 2334 
3 2277 2219 2334 
3 1197 1265 1320 
3 1397 1449 1320 
3 1573 1449 1520 
3 1690 1573 1636 
3 1752 1802 1690 
3 1197 1074 1131 
3 1009 1074 956 
3 1866 1802 1752 
3 891 956 832 
3 712 783 663 
3 832 783 712 
3 582 663 521 
3 453 292 359 
3 521 453 359 
3 2063 2135 2197 
3 2197 2262 2328 
3 2461 2328 2396 
3 2063 1937 2012 
3 2617 2461 2536 
3 1820 1937 1866 
3 2617 2681 2750 
3 2857 2750 2794 
3 2857 2890 2927 
3 2953 2927 2939 
3 2953 2939 2966 
3 2975 2966 2952 
3 224 292 184 
3 2979 2975 2959 
3 131 184 98 
3 43 58 98 
3 43 35 22 
3 2956 2970 2979 
3 26 29 19 
3 19 22 26 
3 14 29 34 
3 39 21 34 
3 30 39 48 
3 46 48 70 
3 2949 2970 2935 
3 141 93 70 
3 141 234 181 
3 302 234 381 
3 472 381 530 
3 2898 2949 2935 
3 2898 2854 2789 
3 2789 2728 2635 
3 530 665 608 
3 726 665 775 
3 2539 2472 2397 
3 2635 2472 2539 
3 1052 995 931 
3 875 995 939 
3 939 892 823 
3 839 775 892 
3 1862 1813 1745 
3 1813 1931 1875 
3 1986 2102 2049 
3 1931 1986 1875 
3 1631 1685 1745 
3 1566 1685 1631 
3 1311 1431 1376 
3 1376 1497 1446 
3 1446 1566 1515 
3 1191 1247 1311 
3 1062 995 1115 
3 1127 1062 1182 
3 1127 1247 1191 
3 2049 2160 2105 
3 2105 2219 2165 
3 2342 2277 2397 
3 2165 2219 2277 
3 1320 1265 1397 
3 1131 1265 1197 
3 1520 1449 1397 
3 1636 1573 1520 
3 1690 1636 1752 
3 1131 1074 1009 
3 891 1009 956 
3 1866 1752 1820 
3 771 891 832 
3 712 663 582 
3 771 832 712 
3 582 521 422 
3 359 292 224 
3 422 521 359 
3 2135 2262 2197 
3 2012 2135 2063 
3 2328 2262 2396 
3 2536 2461 2396 
3 2012 1937 1891 
3 2536 2681 2617 
3 1891 1937 1820 
3 2750 2681 2794 
3 2794 2890 2857 
3 2927 2890 2939 
3 2966 2939 2952 
3 2975 2952 2959 
3 131 224 184 
3 2979 2959 2956 
3 98 58 131 
3 28 58 43 
3 22 28 43 
3 2935 2970 2956 
3 19 29 14 
3 17 22 19 
3 34 21 14 
3 30 21 39 
3 46 30 48 
3 70 93 46 
3 181 93 141 
3 181 234 302 
3 302 381 472 
3 472 530 608 
3 2898 2935 2854 
3 2789 2854 2728 
3 2635 2728 2557 
3 608 665 726 
3 726 775 839 
3 2472 2342 2397 
3 2557 2472 2635 
3 939 995 1062 
3 1005 892 939 
3 960 839 892 
3 1745 1813 1698 
3 1764 1813 1875 
3 1986 2049 1935 
3 1875 1986 1935 
3 1745 1698 1631 
3 1515 1566 1631 
3 1311 1376 1259 
3 1376 1446 1328 
3 1400 1446 1515 
3 1259 1191 1311 
3 1127 1005 1062 
3 1191 1076 1127 
3 1996 2049 2105 
3 2165 2052 2105 
3 2342 2224 2277 
3 2277 2224 2165 
3 1397 1265 1347 
3 1184 1265 1131 
3 1469 1520 1397 
3 1588 1636 1520 
3 1752 1636 1704 
3 1131 1009 1070 
3 947 1009 891 
3 1820 1752 1704 
3 825 891 771 
3 638 712 582 
3 771 712 638 
3 502 582 422 
3 359 224 275 
3 422 359 275 
3 2212 2262 2135 
3 2088 2135 2012 
3 2396 2262 2339 
3 2536 2396 2470 
3 2012 1891 1962 
3 2624 2681 2536 
3 1820 1773 1891 
3 2794 2681 2624 
3 2828 2890 2794 
3 2939 2890 2911 
3 2952 2939 2911 
3 2959 2952 2925 
3 167 224 131 
3 2956 2959 2926 
3 131 58 89 
3 44 58 28 
3 17 28 22 
3 2956 2906 2935 
3 19 14 7 
3 7 17 19 
3 14 21 5 
3 12 21 30 
3 27 30 46 
3 46 93 54 
3 139 93 181 
3 246 181 302 
3 472 398 302 
3 608 564 472 
3 2935 2906 2854 
3 2854 2795 2728 
3 2728 2649 2557 
3 686 608 726 
3 839 782 726 
3 2472 2414 2342 
3 2557 2414 2472 
3 1005 939 1062 
3 960 892 1005 
3 905 839 960 
3 1698 1813 1764 
3 1875 1823 1764 
3 1935 2049 1996 
3 1935 1823 1875 
3 1631 1698 1584 
3 1631 1584 1515 
3 1259 1376 1328 
3 1328 1446 1400 
3 1400 1515 1468 
3 1142 1191 1259 
3 1076 1005 1127 
3 1142 1076 1191 
3 2105 2052 1996 
3 2112 2052 2165 
3 2342 2284 2224 
3 2165 2224 2112 
3 1347 1265 1230 
3 1469 1397 1347 
3 1184 1131 1070 
3 1230 1265 1184 
3 1588 1520 1469 
3 1704 1636 1588 
3 1070 1009 947 
3 947 891 825 
3 1704 1773 1820 
3 825 771 704 
3 638 582 502 
3 704 771 638 
3 422 335 502 
3 275 224 167 
3 275 335 422 
3 2212 2135 2088 
3 2339 2262 2212 
3 2088 2012 1962 
3 2396 2339 2470 
3 2624 2536 2470 
3 1962 1891 1845 
3 1891 1773 1845 
3 2794 2624 2710 
3 2794 2710 2828 
3 2911 2890 2828 
3 2952 2911 2925 
3 2959 2925 2926 
3 167 131 89 
3 2926 2906 2956 
3 89 58 44 
3 44 28 25 
3 25 28 17 
3 7 14 5 
3 7 13 17 
3 5 21 12 
3 12 30 27 
3 27 46 54 
3 54 93 139 
3 246 139 181 
3 302 398 246 
3 564 398 472 
3 686 564 608 
3 2854 2906 2795 
3 2728 2795 2649 
3 2557 2649 2475 
3 726 782 686 
3 905 782 839 
3 2414 2284 2342 
3 2557 2475 2414 
3 1076 960 1005 
3 960 1022 905 
3 1651 1698 1764 
3 1823 1715 1764 
3 1996 1890 1935 
3 1935 1890 1823 
3 1584 1698 1651 
3 1515 1584 1468 
3 1259 1328 1209 
3 1283 1328 1400 
3 1400 1468 1351 
3 1209 1142 1259 
3 1142 1022 1076 
3 2052 1947 1996 
3 2112 2014 2052 
3 2284 2168 2224 
3 2224 2168 2112 
3 1301 1347 1230 
3 1347 1419 1469 
3 1184 1070 1128 
3 1230 1184 1128 
3 1537 1588 1469 
3 1704 1588 1656 
3 1007 1070 947 
3 947 825 888 
3 1656 1773 1704 
3 765 825 704 
3 638 502 571 
3 704 638 571 
3 502 335 413 
3 167 211 275 
3 275 211 335 
3 2088 2163 2212 
3 2288 2339 2212 
3 2088 1962 2040 
3 2470 2339 2417 
3 2624 2470 2544 
3 1962 1845 1922 
3 1845 1773 1727 
3 2710 2624 2544 
3 2710 2761 2828 
3 2828 2858 2911 
3 2911 2858 2925 
3 2925 2863 2926 
3 127 167 89 
3 2926 2842 2906 
3 44 59 89 
3 44 25 32 
3 17 13 25 
3 5 4 7 
3 4 13 7 
3 12 0 5 
3 9 12 27 
3 38 27 54 
3 54 139 100 
3 196 139 246 
3 246 398 322 
3 506 398 564 
3 643 564 686 
3 2906 2842 2795 
3 2649 2795 2722 
3 2649 2548 2475 
3 686 782 643 
3 854 782 905 
3 2414 2343 2284 
3 2475 2343 2414 
3 1076 1022 960 
3 905 1022 974 
3 1764 1715 1651 
3 1823 1780 1715 
3 1996 1947 1890 
3 1890 1780 1823 
3 1535 1584 1651 
3 1468 1584 1535 
3 1209 1328 1283 
3 1283 1400 1351 
3 1351 1468 1420 
3 1091 1142 1209 
3 1091 1022 1142 
3 2052 2014 1947 
3 2112 2057 2014 
3 2217 2168 2284 
3 2168 2057 2112 
3 1301 1230 1186 
3 1301 1419 1347 
3 1469 1419 1537 
3 1128 1070 1007 
3 1186 1230 1128 
3 1656 1588 1537 
3 1007 947 888 
3 888 825 765 
3 1727 1773 1656 
3 765 704 632 
3 571 502 413 
3 632 704 571 
3 413 335 266 
3 127 211 167 
3 335 211 266 
3 2212 2163 2288 
3 2040 2163 2088 
3 2417 2339 2288 
3 2040 1962 1922 
3 2544 2470 2417 
3 1922 1845 1803 
3 1803 1845 1727 
3 2710 2544 2631 
3 2828 2761 2858 
3 2631 2761 2710 
3 2925 2858 2863 
3 2926 2863 2842 
3 89 59 127 
3 32 59 44 
3 32 25 20 
3 25 13 20 
3 0 4 5 
3 8 13 4 
3 9 0 12 
3 9 27 38 
3 38 54 100 
3 100 139 196 
3 322 196 246 
3 322 398 506 
3 506 564 643 
3 2795 2842 2722 
3 2722 2548 2649 
3 2475 2548 2404 
3 643 782 720 
3 974 854 905 
3 720 782 854 
3 2284 2343 2217 
3 2404 2343 2475 
3 974 1022 1091 
3 1651 1715 1607 
3 1780 1673 1715 
3 1947 1848 1890 
3 1890 1848 1780 
3 1651 1607 1535 
3 1468 1535 1420 
3 1160 1209 1283 
3 1232 1283 1351 
3 1351 1420 1304 
3 1091 1209 1160 
3 2014 1914 1947 
3 2057 1949 2014 
3 2100 2168 2217 
3 2100 2057 2168 
3 1186 1252 1301 
3 1368 1419 1301 
3 1537 1419 1490 
3 1128 1007 1071 
3 1186 1128 1071 
3 1609 1656 1537 
3 949 1007 888 
3 888 765 826 
3 1727 1656 1609 
3 707 765 632 
3 501 571 413 
3 632 571 501 
3 413 266 336 
3 163 211 127 
3 266 211 163 
3 2288 2163 2237 
3 2119 2163 2040 
3 2417 2288 2363 
3 2040 1922 2000 
3 2544 2417 2486 
3 1922 1803 1882 
3 1803 1727 1684 
3 2631 2544 2486 
3 2858 2761 2780 
3 2717 2761 2631 
3 2863 2858 2780 
3 2842 2863 2757 
3 127 59 86 
3 41 59 32 
3 18 32 20 
3 20 13 8 
3 1 4 0 
3 8 4 1 
3 2 0 9 
3 23 9 38 
3 66 38 100 
3 160 100 196 
3 274 196 322 
3 506 435 322 
3 643 592 506 
3 2842 2757 2722 
3 2616 2548 2722 
3 2404 2548 2456 
3 720 592 643 
3 919 854 974 
3 720 854 799 
3 2217 2343 2265 
3 2265 2343 2404 
3 1091 1036 974 
3 1715 1673 1607 
3 1780 1746 1673 
3 1947 1914 1848 
3 1848 1746 1780 
3 1535 1607 1494 
3 1420 1535 1494 
3 1160 1283 1232 
3 1351 1304 1232 
3 1420 1378 1304 
3 1160 1036 1091 
3 2014 1949 1914 
3 1984 1949 2057 
3 2217 2147 2100 
3 1984 2057 2100 
3 1301 1252 1368 
3 1136 1252 1186 
3 1490 1419 1368 
3 1609 1537 1490 
3 1071 1007 949 
3 1186 1071 1136 
3 949 888 826 
3 826 765 707 
3 1727 1609 1684 
3 632 579 707 
3 501 413 336 
3 501 579 632 
3 336 266 210 
3 163 127 86 
3 210 266 163 
3 2237 2163 2119 
3 2363 2288 2237 
3 2119 2040 2000 
3 2486 2417 2363 
3 2000 1922 1882 
3 1882 1803 1762 
3 1803 1684 1762 
3 2573 2631 2486 
3 2780 2761 2717 
3 2717 2631 2573 
3 2757 2863 2780 
3 86 59 41 
3 41 32 18 
3 20 11 18 
3 8 11 20 
3 1 0 2 
3 1 6 8 
3 23 2 9 
3 23 38 66 
3 66 100 160 
3 160 196 274 
3 322 435 274 
3 592 435 506 
3 2722 2757 2616 
3 2456 2548 2616 
3 2404 2456 2323 
3 720 674 592 
3 974 1036 919 
3 799 854 919 
3 799 674 720 
3 2265 2147 2217 
3 2404 2323 2265 
3 1607 1673 1570 
3 1673 1746 1639 
3 1848 1914 1816 
3 1816 1746 1848 
3 1607 1570 1494 
3 1494 1378 1420 
3 1232 1114 1160 
3 1304 1189 1232 
3 1304 1378 1266 
3 1114 1036 1160 
3 1949 1843 1914 
3 1984 1870 1949 
3 2147 2025 2100 
3 2100 2025 1984 
3 1368 1252 1323 
3 1206 1252 1136 
3 1368 1441 1490 
3 1490 1563 1609 
3 1018 1071 949 
3 1136 1071 1018 
3 826 894 949 
3 774 826 707 
3 1609 1563 1684 
3 707 579 656 
3 501 336 426 
3 426 579 501 
3 278 336 210 
3 86 122 163 
3 163 122 210 
3 2237 2119 2196 
3 2314 2363 2237 
3 2119 2000 2080 
3 2486 2363 2431 
3 1882 1959 2000 
3 1762 1839 1882 
3 1762 1684 1640 
3 2486 2431 2573 
3 2780 2717 2664 
3 2717 2573 2664 
3 2664 2757 2780 
3 86 41 53 
3 18 31 41 
3 18 11 31 
3 6 11 8 
3 3 1 2 
3 3 6 1 
3 16 2 23 
3 51 23 66 
3 160 130 66 
3 274 230 160 
3 274 435 378 
3 537 435 592 
3 2616 2757 2664 
3 2616 2515 2456 
3 2456 2380 2323 
3 592 674 537 
3 919 1036 997 
3 919 879 799 
3 760 674 799 
3 2265 2194 2147 
3 2323 2194 2265 
3 1570 1673 1639 
3 1639 1746 1707 
3 1914 1843 1816 
3 1707 1746 1816 
3 1570 1455 1494 
3 1455 1378 1494 
3 1189 1114 1232 
3 1304 1266 1189 
3 1378 1344 1266 
3 997 1036 1114 
3 1949 1870 1843 
3 1904 1870 1984 
3 2070 2025 2147 
3 1984 2025 1904 
3 1323 1252 1206 
3 1323 1441 1368 
3 1087 1206 1136 
3 1441 1563 1490 
3 949 894 1018 
3 1018 1087 1136 
3 774 894 826 
3 774 707 656 
3 1684 1563 1640 
3 656 579 523 
3 426 336 278 
3 523 579 426 
3 278 210 171 
3 53 122 86 
3 210 122 171 
3 2119 2080 2196 
3 2196 2314 2237 
3 2431 2363 2314 
3 2000 1959 2080 
3 1839 1959 1882 
3 1720 1839 1762 
3 1762 1640 1720 
3 2573 2431 2515 
3 2664 2573 2515 
3 41 31 53 
3 31 11 15 
3 15 11 6 
3 3 2 16 
3 10 6 3 
3 16 23 51 
3 66 130 51 
3 230 130 160 
3 378 230 274 
3 378 435 537 
3 2664 2515 2616 
3 2515 2380 2456 
3 2323 2380 2240 
3 674 629 537 
3 997 879 919 
3 879 760 799 
3 760 629 674 
3 2194 2070 2147 
3 2323 2240 2194 
3 1639 1527 1570 
3 1707 1593 1639 
3 1816 1843 1734 
3 1816 1734 1707 
3 1570 1527 1455 
3 1455 1344 1378 
3 1189 1079 1114 
3 1189 1266 1162 
3 1266 1344 1237 
3 1114 1079 997 
3 1843 1870 1754 
3 1904 1786 1870 
3 1950 2025 2070 
3 1904 2025 1950 
3 1323 1206 1277 
3 1401 1441 1323 
3 1152 1206 1087 
3 1522 1563 1441 
3 1018 894 968 
3 968 1087 1018 
3 844 894 774 
3 723 774 656 
3 1640 1563 1522 
3 523 606 656 
3 278 373 426 
3 426 373 523 
3 240 278 171 
3 96 122 53 
3 171 122 96 
3 2196 2080 2164 
3 2279 2314 2196 
3 2314 2380 2431 
3 2080 1959 2046 
3 1927 1959 1839 
3 1799 1839 1720 
3 1720 1640 1596 
3 2431 2380 2515 
3 53 31 42 
3 31 15 42 
3 15 6 10 
3 24 3 16 
3 24 10 3 
3 47 16 51 
3 51 130 108 
3 199 130 230 
3 320 230 378 
3 499 378 537 
3 2240 2380 2279 
3 629 499 537 
3 997 961 879 
3 879 838 760 
3 716 629 760 
3 2194 2122 2070 
3 2240 2122 2194 
3 1639 1593 1527 
3 1707 1613 1593 
3 1843 1754 1734 
3 1734 1613 1707 
3 1455 1527 1413 
3 1455 1413 1344 
3 1162 1079 1189 
3 1162 1266 1237 
3 1344 1303 1237 
3 1079 961 997 
3 1870 1786 1754 
3 1904 1828 1786 
3 2070 1999 1950 
3 1950 1828 1904 
3 1277 1206 1152 
3 1401 1323 1277 
3 1522 1441 1401 
3 1152 1087 1032 
3 968 894 844 
3 1032 1087 968 
3 723 844 774 
3 656 606 723 
3 1640 1522 1596 
3 478 606 523 
3 240 373 278 
3 523 373 478 
3 240 171 152 
3 42 96 53 
3 171 96 152 
3 2164 2080 2046 
3 2196 2164 2279 
3 2279 2380 2314 
3 2046 1959 1927 
3 1927 1839 1799 
3 1675 1799 1720 
3 1675 1720 1596 
3 42 15 36 
3 36 15 10 
3 24 16 47 
3 33 10 24 
3 47 51 108 
3 108 130 199 
3 199 230 320 
3 320 378 499 
3 2279 2164 2240 
3 597 499 629 
3 961 838 879 
3 838 716 760 
3 597 629 716 
3 2122 1999 2070 
3 2240 2164 2122 
3 1527 1593 1477 
3 1593 1613 1545 
3 1734 1754 1635 
3 1635 1613 1734 
3 1413 1527 1477 
3 1344 1413 1303 
3 1046 1079 1162 
3 1237 1139 1162 
3 1237 1303 1204 
3 1046 961 1079 
3 1754 1786 1667 
3 1786 1828 1708 
3 1950 1999 1880 
3 1880 1828 1950 
3 1277 1152 1233 
3 1353 1401 1277 
3 1472 1522 1401 
3 1112 1152 1032 
3 968 844 914 
3 968 914 1032 
3 795 844 723 
3 723 606 679 
3 1596 1522 1472 
3 545 606 478 
3 334 373 240 
3 478 373 334 
3 152 223 240 
3 80 96 42 
3 152 96 80 
3 2164 2046 2122 
3 2046 1927 1999 
3 1880 1927 1799 
3 1755 1799 1675 
3 1675 1596 1553 
3 36 80 42 
3 36 10 33 
3 47 52 24 
3 52 33 24 
3 94 47 108 
3 108 199 177 
3 291 199 320 
3 320 499 449 
3 449 499 597 
3 918 838 961 
3 803 716 838 
3 597 716 684 
3 2046 1999 2122 
3 1477 1593 1545 
3 1545 1613 1480 
3 1635 1754 1667 
3 1511 1613 1635 
3 1477 1364 1413 
3 1413 1364 1303 
3 1162 1139 1046 
3 1204 1139 1237 
3 1303 1264 1204 
3 918 961 1046 
3 1667 1786 1708 
3 1708 1828 1755 
3 1999 1927 1880 
3 1755 1828 1880 
3 1233 1152 1112 
3 1277 1233 1353 
3 1472 1401 1353 
3 994 1112 1032 
3 914 844 795 
3 1032 914 994 
3 795 723 679 
3 679 606 545 
3 1596 1472 1553 
3 445 545 478 
3 223 334 240 
3 478 334 445 
3 143 223 152 
3 152 80 143 
3 1880 1799 1755 
3 1755 1675 1633 
3 1633 1675 1553 
3 73 80 36 
3 33 73 36 
3 52 47 94 
3 82 33 52 
3 94 108 177 
3 177 199 291 
3 449 291 320 
3 566 449 597 
3 803 838 918 
3 684 716 803 
3 684 566 597 
3 1477 1545 1429 
3 1480 1613 1511 
3 1429 1545 1480 
3 1667 1541 1635 
3 1635 1541 1511 
3 1429 1364 1477 
3 1364 1264 1303 
3 1139 1051 1046 
3 1204 1113 1139 
3 1264 1172 1204 
3 1046 989 918 
3 1667 1708 1589 
3 1755 1633 1708 
3 1194 1233 1112 
3 1353 1233 1312 
3 1432 1472 1353 
3 1075 1112 994 
3 874 914 795 
3 994 914 874 
3 763 795 679 
3 679 545 649 
3 1553 1472 1432 
3 507 545 445 
3 331 334 223 
3 445 334 331 
3 222 223 143 
3 143 80 73 
3 1553 1516 1633 
3 82 73 33 
3 82 52 94 
3 159 94 177 
3 177 291 259 
3 406 291 449 
3 406 449 566 
3 887 803 918 
3 803 777 684 
3 684 667 566 
3 1480 1511 1381 
3 1480 1349 1429 
3 1667 1589 1541 
3 1511 1541 1416 
3 1429 1349 1364 
3 1364 1349 1264 
3 1046 1051 989 
3 1139 1113 1051 
3 1204 1172 1113 
3 1248 1172 1264 
3 918 989 887 
3 1708 1633 1589 
3 1194 1112 1075 
3 1312 1233 1194 
3 1432 1353 1312 
3 959 1075 994 
3 874 795 763 
3 959 994 874 
3 763 679 649 
3 649 545 507 
3 1432 1516 1553 
3 507 445 331 
3 331 223 222 
3 222 143 146 
3 143 73 146 
3 1633 1516 1589 
3 146 73 82 
3 159 82 94 
3 177 259 159 
3 259 291 406 
3 406 566 529 
3 887 777 803 
3 777 667 684 
3 566 667 529 
3 1381 1511 1416 
3 1381 1349 1480 
3 1541 1589 1452 
3 1416 1541 1452 
3 1264 1349 1248 
3 1051 965 989 
3 1113 1025 1051 
3 1113 1172 1092 
3 1167 1172 1248 
3 989 965 887 
3 1194 1075 1157 
3 1279 1312 1194 
3 1312 1398 1432 
3 1040 1075 959 
3 763 843 874 
3 874 843 959 
3 738 763 649 
3 649 507 626 
3 1398 1516 1432 
3 507 331 351 
3 351 331 222 
3 146 235 222 
3 1589 1516 1485 
3 146 82 159 
3 259 235 159 
3 376 259 406 
3 529 376 406 
3 862 777 887 
3 757 667 777 
3 529 667 636 
3 1381 1416 1291 
3 1248 1349 1381 
3 1589 1485 1452 
3 1452 1325 1416 
3 1051 1025 965 
3 1092 1025 1113 
3 1092 1172 1167 
3 1248 1291 1167 
3 965 862 887 
3 1157 1075 1040 
3 1279 1194 1157 
3 1279 1398 1312 
3 959 927 1040 
3 738 843 763 
3 959 843 927 
3 738 649 626 
3 626 507 515 
3 1485 1516 1398 
3 515 507 351 
3 235 351 222 
3 159 235 146 
3 376 235 259 
3 515 376 529 
3 862 757 777 
3 636 667 757 
3 636 515 529 
3 1416 1325 1291 
3 1381 1291 1248 
3 1452 1485 1361 
3 1361 1325 1452 
3 1025 936 965 
3 1014 1025 1092 
3 1167 1095 1092 
3 1291 1205 1167 
3 965 936 862 
3 1040 1125 1157 
3 1157 1242 1279 
3 1361 1398 1279 
3 1040 927 1020 
3 830 843 738 
3 927 843 830 
3 626 737 738 
3 636 626 515 
3 1485 1398 1361 
3 515 351 376 
3 376 351 235 
3 840 757 862 
3 757 737 636 
3 1325 1205 1291 
3 1361 1242 1325 
3 1014 936 1025 
3 1092 1095 1014 
3 1167 1205 1095 
3 936 840 862 
3 1125 1242 1157 
3 1020 1125 1040 
3 1279 1242 1361 
3 1020 927 921 
3 738 737 830 
3 921 927 830 
3 636 737 626 
3 840 737 757 
3 1325 1242 1205 
3 921 936 1014 
3 1014 1095 1020 
3 1205 1125 1095 
3 921 840 936 
3 1205 1242 1125 
3 1095 1125 1020 
3 1020 921 1014 
3 830 737 840 
3 921 830 840 

