# vtk DataFile Version 4.2
vtk output
ASCII
DATASET POLYDATA
POINTS 2999 float
-145.696 -33.3942 -310.008 -145.145 -21.5769 -314.471 -144.997 -23.3978 -301.624 
-144.904 -45.3283 -304.978 -144.822 -35.1133 -296.797 -144.501 -4.26272 87.6285 
-144.468 -1.15424 100.13 -144.26 7.78275 90.711 -144.225 -12.9213 97.4106 
-143.789 10.1412 103.139 -143.736 5.1839 78.3112 -143.724 -16.5687 84.8433 
-143.7 -8.50312 109.959 -143.615 1.78681 112.509 -143.413 -43.0358 -318.407 
-143.307 17.5524 81.564 -143.305 -12.0694 -306.053 -143.281 19.7007 94.0002 
-143.22 11.6894 115.334 -143.177 -7.21881 75.2413 -143.104 -55.122 -313.54 
-142.971 -24.8091 -288.775 -142.838 27.8146 72.564 -142.709 29.8458 85.0363 
-142.67 15.1407 69.1835 -142.62 -46.7533 -291.519 -142.513 -30.8593 -322.571 
-142.508 -10.2944 -318.357 -142.472 21.6018 106.346 -142.188 2.48144 66.0086 
-142.171 -56.8508 -299.595 -142.119 -2.53246 122.938 -142.115 -13.4434 -293.574 
-142.067 23.7174 118.666 -142.012 25.1538 60.2657 -141.94 38.0728 63.8239 
-141.86 40.3337 76.4122 -141.838 -36.3084 -283.775 -141.725 -20.1417 107.565 
-141.715 31.382 97.4263 -141.697 -19.712 72.4096 -141.588 -25.0326 95.1041 
-141.084 12.3347 56.9947 -141.014 -10.144 62.9774 -140.961 12.8256 127.383 
-140.882 -29.0096 82.4353 -140.707 41.7197 89.1052 -140.672 35.2139 51.3972 
-140.103 -15.4412 118.993 -140.057 -1.08734 -310.175 -139.983 22.1268 48.0908 
-139.973 -66.1393 -307.702 -139.908 32.7779 109.748 -139.801 -0.411653 53.9128 
-139.718 -25.7679 -276.298 -139.517 -14.7033 -281.181 -139.45 0.260966 -321.83 
-139.449 50.7547 67.9222 -139.342 -2.39847 -298.285 -139.216 -15.5404 -327.514 
-139.067 -47.7873 -278.442 -139.018 -22.7112 60.1212 -138.689 42.4019 101.661 
-138.535 9.2113 44.9853 -138.51 25.3354 130.585 -138.416 -64.5278 -321.746 
-138.414 -32.0333 69.8358 -138.414 47.9348 55.1903 -138.25 52.0278 80.9939 
-138.23 31.9997 39.1915 -138.207 -13.1526 50.8897 -138.186 -58.1763 -286.091 
-138.167 -37.0291 -271.228 -137.864 34.2914 121.41 -137.574 -3.87562 -286.085 
-137.369 18.8537 36.0158 -136.867 -52.2161 -325.344 -136.762 -3.55359 42.0327 
-136.746 -67.0447 -294.499 -136.701 44.8779 42.735 -136.383 -73.3188 -315.283 
-136.382 10.0058 -314.314 -136.104 -16.3962 -268.74 -136.056 28.5007 26.9719 
-135.884 52.4446 93.9535 -135.877 -26.4091 -264.249 -135.804 42.5083 113.784 
-135.722 -25.6812 47.9845 -135.539 8.47315 -302.998 -135.451 5.94718 33.1197 
-135.251 -30.0498 105.134 -135.196 0.915076 133.919 -135.136 11.2256 -325.184 
-135.096 -12.4265 128.219 -135.037 -6.45692 -273.284 -134.951 -34.7972 57.5579 
-134.76 -24.1507 116.775 -134.756 -48.014 -266.02 -134.754 -16.2486 38.974 
-134.651 15.4312 24.0079 -134.621 -39.4593 -328.334 -134.52 24.6517 14.7243 
-134.462 41.5777 30.4975 -134.275 -34.7657 92.6011 -134.164 6.97157 -291.134 
-134.138 -75.2933 -302.969 -133.961 -37.2976 -259.097 -133.784 -58.9361 -273.123 
-133.311 -0.112793 -331.645 -133.286 -6.78926 30.1983 -133.191 14.5761 137.512 
-133.176 -39.0476 80.1824 -133.128 37.9155 18.1204 -133.063 20.7021 2.45652 
-132.564 35.4506 131.654 -132.481 51.8844 106.572 -132.414 11.7635 11.921 
-132.23 2.62969 21.2603 -132.03 4.91136 -278.796 -131.882 58.0094 59.681 
-131.861 -13.9546 -258.451 -131.834 33.6817 5.87296 -131.778 -28.7778 36.0779 
-131.684 -73.5776 -291.284 -131.38 -26.9462 -252.373 -131.33 -26.1774 -331.354 
-131.289 55.4433 46.919 -131.283 20.2153 -316.163 -131.241 59.8551 72.6967 
-131.119 -42.6325 67.7141 -131.041 -37.6897 45.4783 -131.013 19.4224 -309.205 
-130.812 -19.4439 27.1822 -130.553 -69.6499 -280.438 -130.414 -47.5185 -254.1 
-130.227 7.765 -0.062583 -129.946 -17.1152 127.021 -129.766 52.6277 34.5088 
-129.706 17.6988 -296.728 -129.655 -10.1088 18.4018 -129.653 22.0305 -328.137 
-129.469 16.5891 -9.31714 -129.468 -58.3545 -260.98 -129.377 1.27813 -265.786 
-129.328 -0.947711 9.34451 -129.286 60.6068 85.7667 -129.258 29.7349 -6.39221 
-129.238 26.7977 139.338 -128.922 -37.6529 -247.149 -128.686 50.488 118.556 
-128.343 -74.1759 -322.762 -127.954 -81.3258 -311.861 -127.806 11.1971 -334.486 
-127.787 15.8802 -284.482 -127.61 49.4264 22.4033 -127.598 -45.4785 55.4828 
-127.376 -61.4649 -327.96 -127.121 -31.9017 24.4345 -126.835 -16.4871 -246.346 
-126.517 60.2643 98.8116 -126.51 -40.7691 33.6853 -126.436 -69.0303 -268.14 
-126.429 -22.6286 15.5425 -126.311 3.97781 -11.5334 -126.118 -4.68288 -2.40175 
-126.111 -46.5246 -242.605 -126.038 -12.2925 -333.985 -125.989 -82.4057 -299.491 
-125.957 -13.5303 6.62813 -125.908 -28.6598 -240.125 -125.834 45.8118 10.2518 
-125.644 30.5043 -318.651 -125.44 -3.10012 -252.946 -125.41 -9.43931 135.313 
-125.289 -57.3185 -249.3 -125.241 46.0984 129.293 -125.2 13.5235 -272.079 
-125.19 -30.6272 113.438 -125.165 3.42056 141.752 -125.121 -36.733 101.809 
-125.104 -48.4459 -330.704 -124.797 -21.8039 125.822 -124.603 -80.5759 -287.672 
-124.459 28.3111 -303.255 -124.184 -37.1999 -235.554 -124.094 -41.5283 89.7177 
-123.923 12.8773 -20.1104 -123.667 32.1617 -331.693 -123.642 25.3009 -17.1365 
-123.369 63.6341 51.436 -123.311 41.5129 -1.64066 -123.229 -48.2986 43.5563 
-123.043 61.0545 38.6649 -122.931 58.8047 111.455 -122.78 -46.2596 77.6583 
-122.679 65.5943 64.4217 -122.622 38.3307 138.483 -122.538 26.4263 -290.581 
-122.454 -68.0588 -256.095 -122.415 16.3316 144.723 -122.333 -44.8907 -231.314 
-121.99 -35.2897 -332.872 -121.975 -8.19584 -13.6055 -121.921 -34.9538 13.0552 
-121.889 -17.04 -4.76983 -121.861 10.1874 -259.681 -121.772 -44.0316 22.157 
-121.768 -56.477 -237.287 -121.764 -79.1414 -275.505 -121.732 -25.9139 4.13539 
-121.548 21.8534 -337.111 -121.467 -18.4418 -234.328 -121.355 58.1086 26.4315 
-121.3 0.654681 -22.3862 -121.147 66.8361 77.4542 -120.697 -50.5054 65.6209 
-120.521 -6.14035 -240.973 -120.477 -31.4061 -226.981 -120.363 -0.594249 -336.208 
-120.114 37.4418 -13.4135 -120.03 24.3662 -278.242 -119.783 9.41634 -31.19 
-119.646 21.2812 -28.4781 -119.435 -52.0718 31.831 -119.258 40.0324 -324.156 
-118.929 55.3921 123.511 -118.768 66.9157 90.5655 -118.746 -67.1465 -243.949 
-118.569 55.8457 14.8278 -118.363 38.2661 -310.309 -118.363 -81.8844 -320.211 
-118.287 -11.5326 -24.9091 -118.255 -87.6499 -308.486 -118.22 -78.1612 -263.218 
-118.052 -20.3985 -15.9593 -117.857 -22.163 -334.486 -117.855 -2.57105 -33.706 
-117.721 29.1051 145.41 -117.704 -54.1778 53.5886 -117.635 -29.3178 -7.08123 
-117.374 6.40123 -247.709 -117.307 -43.8282 -219.789 -117.26 -38.2398 1.78015 
-117.049 -70.4026 -327.007 -117.023 -88.9242 -295.749 -116.984 -55.2381 -225.473 
-116.845 -47.1683 10.8025 -116.755 21.6168 -266.044 -116.712 33.1269 -25.0349 
-116.569 6.15334 -42.5173 -116.238 36.4261 -297.167 -116.194 -20.147 -222.089 
-116.135 52.5827 3.01067 -115.995 40.8583 -335.819 -115.902 17.3865 -39.7683 
-115.697 65.8606 103.625 -115.652 32.7858 -339.924 -115.57 -14.617 -36.3472 
-115.413 -5.45847 -45.2033 -115.387 49.3021 134.664 -115.296 -32.0332 -214.787 
-115.278 -8.45502 -229.247 -115.137 -57.3476 -330.272 -115.108 -55.5415 20.2626 
-115.092 -88.1137 -283.22 -115.034 -23.6056 -27.3633 -114.687 -66.0052 -231.745 
-114.6 68.4877 43.1809 -114.57 -58.3317 41.8327 -114.556 10.6441 -338.26 
-114.463 -77.1255 -250.923 -114.445 -35.6723 109.703 -114.432 -17.5624 132.43 
-114.427 65.3576 30.341 -114.415 -32.6266 -18.4261 -114.33 -5.97054 140.426 
-114.323 -28.0718 121.274 -113.98 3.5485 -53.9544 -113.904 -41.6486 98.2355 
-113.852 48.5353 -9.09234 -113.849 70.6602 56.163 -113.821 28.8501 -36.6947 
-113.797 -41.6725 -9.5665 -113.756 34.3028 -284.787 -113.524 61.9174 17.802 
-113.46 48.7997 -330.024 -113.331 13.3717 -51.4966 -113.304 -17.4672 -47.9729 
-113.119 -8.1028 -56.8484 -113.068 6.33174 146.046 -113.062 -50.7447 -0.686863 
-112.91 -47.0707 86.4934 -112.677 3.28489 -235.938 -112.676 18.0653 -254.206 
-112.541 -42.64 -208.005 -112.526 -26.6116 -38.9948 -112.486 -44.2342 -332.171 
-112.443 -53.8803 -213.441 -112.359 71.9808 69.2116 -112.008 -87.0177 -270.82 
-111.995 63.4021 116.416 -111.98 -11.0281 -336.017 -111.895 47.561 -316.953 
-111.671 -52.5863 74.9129 -111.607 -35.7739 -29.946 -111.508 44.2844 -21.0931 
-111.461 41.1311 143.675 -111.453 -20.741 -210.024 -111.364 -59.2877 8.59467 
-111.363 3.87939 -64.6353 -111.161 24.2519 -48.3828 -111.117 -20.0252 -59.6269 
-110.945 -62.3489 30.1203 -110.903 -45.0233 -21.0353 -110.883 -10.3077 -68.2833 
-110.772 -75.8191 -238.577 -110.724 -31.2448 -202.985 -110.526 31.6444 -272.637 
-110.519 -64.567 -219.49 -110.334 -10.0034 -217.348 -110.305 72.4688 82.2318 
-110.292 19.0662 149.42 -110.167 -29.3701 -50.8093 -110.09 45.5368 -342.422 
-110.044 -54.3805 -12.2303 -109.914 -57.5673 63.3103 -109.458 45.9751 -304.058 
-109.407 -30.7512 -333.828 -109.309 40.0649 -32.9794 -109.065 -0.219036 -76.6019 
-108.973 19.0282 -60.4263 -108.939 -38.5721 -41.7866 -108.897 -12.9629 -80.0804 
-108.869 22.0275 -340.467 -108.801 -22.4964 -71.4607 -108.715 -86.0017 -258.273 
-108.397 -63.2973 -3.22613 -108.282 -41.181 -196.179 -108.233 -88.6049 -316.644 
-108.209 58.9285 128.786 -108.126 -52.2892 -201.353 -108.119 14.4468 -242.621 
-108 -66.8056 18.308 -107.973 -93.716 -304.466 -107.821 -47.9496 -32.8083 
-107.717 -15.6619 -335.409 -107.688 0.694264 -224.383 -107.629 71.968 95.3652 
-107.617 -62.5041 51.6978 -107.563 -31.7743 -62.6898 -107.296 -15.6525 -92.1302 
-107.198 -20.6318 -198.348 -107.172 35.5587 -44.7365 -107.151 -3.3289 -88.5009 
-107.136 -25.0914 -83.5814 -107.107 63.7211 8.28217 -106.993 -78.4953 -324.982 
-106.946 13.74 -72.5976 -106.891 -74.0077 -226.302 -106.842 -57.4993 -23.8799 
-106.79 43.7187 -291.605 -106.709 28.4638 -260.768 -106.626 -30.4332 -191.344 
-106.553 -94.8515 -291.386 -106.353 58.8066 -4.47399 -106.162 -62.9478 -207.043 
-106.148 -41.0704 -53.8862 -106.049 69.6085 21.9355 -106.015 -10.649 -205.403 
-105.799 31.6847 150.167 -105.737 -0.428952 -337.588 -105.612 72.5248 34.8408 
-105.594 -18.1979 -104.304 -105.546 -27.5799 -95.9122 -105.545 55.9223 -339.122 
-105.432 -66.7837 -14.9646 -105.408 -84.4865 -245.844 -105.397 -34.2472 -74.9084 
-105.314 -6.23562 -100.482 -105.238 56.1259 -324.672 -105.188 -71.1448 6.42984 
-105.144 -65.8664 -328.886 -105.037 -67.5833 40.0778 -104.888 9.3654 -84.641 
-104.801 75.1731 47.9092 -104.759 54.5645 -16.7379 -104.73 30.8686 -56.5406 
-104.703 -50.4256 -44.8672 -104.635 -39.7362 -184.129 -104.515 52.131 139.706 
-104.431 -20.4919 -116.661 -104.411 -50.1753 -189.572 -104.311 70.1793 108.569 
-104.258 -29.8915 -108.4 -104.2 -94.31 -278.626 -103.804 -8.82895 -112.56 
-103.779 -29.431 -178.798 -103.777 -36.784 -87.4225 -103.696 -20.0077 -186.267 
-103.571 -24.0055 128.041 -103.536 -33.0026 116.919 -103.512 -13.8438 137.241 
-103.475 40.9992 -279.528 -103.465 11.2217 -231.133 -103.451 76.8734 60.9968 
-103.322 33.9331 -341.884 -103.273 -59.9233 -35.818 -103.259 -40.0629 105.782 
-103.193 -32.0429 -121.008 -103.131 -22.5882 -129.088 -103.109 -0.826695 -212.608 
-102.927 50.4476 -28.7658 -102.913 5.88917 -96.5285 -102.913 -43.1767 -66.1138 
-102.912 26.3679 -68.5642 -102.908 -72.3792 -213.647 -102.907 -2.62209 144.86 
-102.843 -75.4831 -5.5144 -102.774 -52.9995 -331.008 -102.582 -46.4186 94.4851 
-102.535 -72.5729 28.3572 -102.427 -11.3033 -124.809 -102.391 24.6994 -249.264 
-102.317 54.4402 -311.334 -102.25 -82.4609 -233.558 -102.202 -39.1196 -100.11 
-102.093 -39.4758 -170.597 -102.065 -10.7685 -193.39 -102.062 -60.8494 -194.957 
-102.033 -28.265 -166.08 -101.831 -69.4738 -26.7362 -101.804 -34.0311 -133.563 
-101.765 -24.6672 -141.394 -101.685 -52.6938 83.2854 -101.59 -48.378 -177.171 
-101.483 77.5635 74.042 -101.481 -93.4184 -265.872 -101.3 -26.5961 -153.654 
-101.252 9.35174 150.719 -101.146 2.70583 -108.512 -101.084 -19.0677 -173.872 
-101.049 -52.4152 -57.1696 -101.044 -41.2961 -112.839 -101.028 -38.0099 -158.036 
-100.912 -36.0367 -145.833 -100.9 45.9968 -40.6228 -100.69 21.877 -80.4237 
-100.624 -13.631 -136.992 -100.612 11.2825 -339.221 -100.61 66.8737 121.488 
-100.508 -58.6809 72.1438 -100.479 -45.4731 -78.7834 -100.129 -77.5591 16.4831 
-99.9982 -40.0155 -332.538 -99.9969 -43.3745 -125.555 -99.9163 -78.954 -17.4865 
-99.7781 43.7398 148.447 -99.7768 -17.6902 -161.434 -99.7318 37.649 -267.692 
-99.7004 -15.8781 -149.114 -99.5682 -57.8467 -183.416 -99.5468 -0.158718 -120.544 
-99.4235 52.4901 -298.725 -99.3029 -61.8137 -47.9367 -99.3001 -52.4905 -173.893 
-99.207 -80.3145 -221.287 -98.9587 -64.437 60.9585 -98.9342 -10.2343 -181.28 
-98.8913 -1.98091 -200.723 -98.8792 -45.3105 -138.087 -98.8618 76.9606 87.0744 
-98.8369 8.61202 -219.654 -98.6958 17.8166 -92.3543 -98.6871 -47.9013 -91.7969 
-98.6773 -92.011 -253.258 -98.6145 41.3651 -52.2372 -98.5607 45.781 -343.736 
-98.4548 -49.5636 -162.319 -98.3588 21.8472 154.348 -98.2624 -47.4314 -150.212 
-98.0535 -82.4539 4.50223 -97.886 63.8829 -333.78 -97.8205 -2.9168 -132.588 
-97.8028 21.0048 -237.903 -97.7336 -71.1135 -200.492 -97.5043 -71.228 -38.6827 
-97.4447 -94.6496 -312.226 -97.3747 68.1449 0.44582 -97.2517 72.8245 13.4693 
-97.2071 -26.7046 -334.117 -97.1472 -54.1431 -69.7422 -97.0208 -70.2858 49.5759 
-96.9693 14.183 -104.332 -96.9259 -49.9348 -104.693 -96.9099 37.3091 -64.2488 
-96.8859 -98.9843 -299.702 -96.8342 61.6581 133.687 -96.7412 -85.8071 -321.692 
-96.5466 -9.45782 -169.047 -96.44 63.7738 -12.0053 -96.4153 76.5384 26.6148 
-96.2749 -5.57678 -144.523 -96.1989 -90.272 -240.833 -95.9958 49.6567 -286.628 
-95.9596 -87.2144 -7.60829 -95.9457 75.7973 100.253 -95.9134 -7.75274 -156.699 
-95.8185 -52.0261 -117.505 -95.7062 -1.82673 -188.553 -95.6764 33.9978 -256.068 
-95.6073 23.2197 -340.969 -95.5631 -80.7643 -29.4377 -95.4222 79.1062 39.7253 
-95.3832 10.8543 -116.314 -95.294 -99.8492 -286.525 -95.2174 59.7653 -24.2279 
-95.1861 -68.0354 -188.766 -95.1097 -73.9832 -326.842 -95.0592 33.1449 -76.1503 
-94.9375 -75.989 38.0584 -94.9253 61.8147 -319.369 -94.8421 -12.6943 -335.857 
-94.7415 -54.006 -130.185 -94.6604 -63.1678 -60.2167 -94.4566 6.6315 -207.895 
-94.2527 -56.2043 -83.0827 -94.0939 80.8917 52.7349 -93.9864 56.8344 -343.093 
-93.9512 -87.8651 -228.741 -93.9378 -64.5105 -177.613 -93.8849 -56.0859 -142.535 
-93.6553 34.3595 155.011 -93.5213 -60.8558 -166.522 -93.5179 7.54351 -128.186 
-93.5091 -58.2553 -154.656 -93.4023 55.3954 -36.1322 -93.2013 17.7323 -226.535 
-93.1329 -81.906 26.417 -93.0567 -99.692 -273.466 -92.9338 -61.3669 -329.46 
-92.8709 28.8335 -87.9303 -92.8574 -1.39643 -176.454 -92.7775 -20.4136 133.327 
-92.7385 -29.4784 123.471 -92.7277 54.6517 144.384 -92.6797 -72.5925 -50.7505 
-92.5429 -89.946 -19.9852 -92.4906 -37.5267 112.749 -92.4722 73.2385 113.451 
-92.4196 -10.2477 141.871 -92.2092 81.7546 65.8198 -92.1348 46.1769 -274.87 
-92.0119 -44.7719 101.927 -91.9676 4.53006 -139.929 -91.9671 -84.6631 -217.062 
-91.8049 -58.0424 -96.6297 -91.6587 59.9362 -306.456 -91.4492 0.596364 149.338 
-91.3335 -0.175102 -164.182 -91.3322 -51.6346 91.0627 -91.3137 -87.385 14.4613 
-91.299 50.8091 -47.9279 -91.2904 0.314198 -337.567 -91.1766 30.0446 -244.807 
-91.1642 24.9958 -99.8955 -91.1007 1.845 -151.95 -91.1006 6.10075 -195.832 
-91.0855 -80.6072 -206.082 -90.83 -98.6172 -260.675 -90.8035 35.2737 -341.955 
-90.4437 -58.475 80.285 -90.3002 -81.709 -41.3213 -90.2904 -48.648 -331.195 
-90.1221 -59.8572 -109.505 -89.7717 81.4746 78.8973 -89.5915 -92.9249 2.4812 
-89.5625 -64.1408 -73.6083 -89.5309 21.2387 -111.848 -89.4169 12.2915 154.99 
-89.2785 -64.8469 69.3705 -89.1735 46.2728 -59.5734 -88.9956 -77.5025 -194.382 
-88.8519 15.0601 -214.962 -88.7725 -61.7006 -122.307 -88.7434 69.2292 126.15 
-88.6005 -97.1634 -248.123 -88.317 64.8266 -341.317 -88.12 42.4359 -263.258 
-88.0965 57.3557 -294.224 -87.9537 5.90554 -183.779 -87.8657 17.6955 -123.701 
-87.7942 -71.2396 58.3507 -87.6451 -63.5861 -134.903 -87.5527 46.0617 152.882 
-87.5385 -74.3248 -182.675 -87.5252 -90.77 -32.1017 -87.4416 42.4509 -71.4361 
-87.3576 -35.9081 -332.836 -87.1851 75.6922 5.56119 -87.1453 67.9608 -328.144 
-87.143 -65.864 -147.13 -87.1179 12.7389 -339.325 -87.0266 -97.2505 -10.081 
-86.9708 80.2979 91.8931 -86.8492 71.3699 -7.05951 -86.806 -70.9464 -171.17 
-86.7023 -68.048 -159.297 -86.6569 79.5131 18.538 -86.6501 -95.0869 -235.74 
-86.604 26.2448 -233.516 -86.5413 -72.8967 -62.827 -86.4255 -100.35 -307.154 
-86.2784 24.2261 158.862 -86.1985 -77.6391 47.1854 -86.1461 46.9936 -343.676 
-86.0706 -92.3847 -317.38 -86.0656 14.0057 -135.269 -85.9981 67.4581 -19.2671 
-85.9085 6.86304 -171.573 -85.816 -65.634 -88.6964 -85.7491 82.4443 31.5823 
-85.6791 38.5005 -83.32 -85.5019 -103.59 -294.326 -85.2477 13.7615 -203.062 
-85.0649 10.9326 -147.173 -84.8779 -81.5131 -324.113 -84.8591 8.41283 -159.314 
-84.8191 63.5734 137.946 -84.6008 63.3541 -31.3812 -84.5748 -92.1018 -223.654 
-84.5273 -84.1129 35.7397 -84.4378 -23.2094 -334.429 -84.3858 84.1984 44.5719 
-84.3512 53.9663 -282.33 -84.2569 -81.9724 -53.1388 -83.8886 34.4823 -95.1553 
-83.8334 38.3797 -251.873 -83.8179 78.2839 105.014 -83.7278 -104.158 -281.173 
-83.6926 66.1896 -314.909 -83.6188 -67.1684 -101.732 -82.9776 -99.1592 -22.6822 
-82.8683 -69.3873 -327.729 -82.8596 -88.7599 -211.896 -82.8439 -90.235 24.064 
-82.8264 58.8264 -43.3037 -82.6647 24.9352 -340.804 -82.5452 85.0839 57.6375 
-82.4085 30.7557 -107.097 -82.2605 22.9744 -222.128 -82.047 -90.2459 -43.6982 
-81.9784 13.1796 -191.076 -81.9615 -26.224 129.36 -81.8656 -16.9685 138.513 
-81.8417 -68.6832 -114.421 -81.8303 -103.843 -268.189 -81.771 -34.6572 119.425 
-81.7658 -73.0878 -74.1444 -81.6675 58.3026 -342.877 -81.4733 36.4413 159.34 
-81.3952 -42.5297 109.049 -81.3779 -10.3288 -335.92 -81.2531 -96.2838 12.1606 
-81.1953 -85.4499 -200.255 -81.1951 -6.90863 146.411 -80.8444 -49.8777 98.4523 
-80.844 26.9009 -118.938 -80.8425 54.1899 -54.9912 -80.3708 -70.3121 -127.206 
-80.3356 -56.8263 -329.777 -80.3124 56.1238 148.036 -80.2438 50.0749 -270.748 
-80.2302 74.9906 117.862 -80.206 84.8573 70.6901 -80.0682 -57.2161 87.924 
-79.9714 63.9572 -302.41 -79.9061 3.44367 153.998 -79.9022 -102.858 -255.365 
-79.7257 13.4352 -178.889 -79.6818 -82.4393 -188.377 -79.6197 -73.0894 -80.6442 
-79.4261 -72.265 -139.623 -79.3389 34.0955 -240.683 -79.2486 -101.631 -0.167933 
-79.235 23.0357 -130.555 -79.1206 -64.2529 77.3125 -78.8511 49.8524 -66.5374 
-78.7534 -74.208 -151.969 -78.7339 -79.2745 -176.399 -78.4031 -76.4581 -164.309 
-78.3855 20.6779 -210.409 -78.2559 68.5543 -337.854 -78.1858 14.596 -166.627 
-78.1184 37.0008 -341.959 -78.0828 -101.312 -242.65 -77.9945 -98.8912 -34.8161 
-77.9695 19.4681 -142.318 -77.9155 2.42718 -337.67 -77.8034 -70.8468 66.3223 
-77.6582 14.6705 159.684 -77.6107 84.0527 83.6885 -77.563 -44.3209 -331.482 
-77.5417 16.5634 -154.386 -77.1064 46.1714 -78.3501 -77.042 -81.7642 -64.924 
-76.5697 -74.1249 -94.3312 -76.4479 70.4742 130.147 -76.3615 -77.6357 55.3996 
-76.2435 -98.9096 -230.165 -76.2312 81.4564 10.6961 -76.2244 77.46 -2.00226 
-76.1683 -105.184 -12.7895 -76.1102 60.822 -290.422 -75.9183 45.7499 -259.437 
-75.8683 71.3067 -324.037 -75.6517 73.3503 -14.3241 -75.5613 84.6732 23.5827 
-75.354 42.3983 -90.1403 -75.3097 -99.1968 -313.051 -75.1028 47.55 156.379 
-75.0776 -105.048 -301.331 -74.9544 19.5119 -198.511 -74.9112 -84.4767 44.3571 
-74.8898 30.2769 -229.361 -74.7016 -32.0113 -333.099 -74.6761 82.1738 96.5389 
-74.6386 69.1693 -26.4206 -74.3978 -75.1724 -106.785 -74.356 -89.0441 -321.137 
-74.3445 -95.8755 -217.936 -74.328 26.3266 163.471 -74.3064 86.4973 36.506 
-74.0177 14.9175 -339.286 -73.8358 -107.147 -288.653 -73.8066 38.6163 -101.98 
-73.6309 48.928 -343.208 -73.345 -91.0762 33.0448 -73.2378 64.7619 -38.2817 
-72.8357 -96.5307 -46.4419 -72.7013 -92.5731 -206.065 -72.6244 -77.1842 -325.686 
-72.593 -76.508 -119.394 -72.5492 87.1418 49.513 -72.4443 34.9175 -113.828 
-72.3383 64.3713 141.379 -72.3254 -81.0018 -75.6342 -72.2311 19.0897 -186.371 
-72.2258 -107.881 -275.645 -72.1282 69.8791 -310.831 -72.0967 56.9268 -278.737 
-71.9161 -106.302 -25.467 -71.8068 -97.7322 21.4775 -71.752 -19.7685 -334.742 
-71.6678 60.3387 -50.083 -71.4608 41.2722 -248.186 -71.4396 79.6454 109.409 
-71.2346 -78.1251 -131.983 -71.2343 31.0926 -125.707 -71.1743 -23.2976 135.297 
-71.1088 -31.9055 125.814 -71.0645 -89.4544 -194.178 -70.8253 -13.985 143.987 
-70.7881 26.876 -217.832 -70.7823 -40.0958 115.934 -70.6229 19.7466 -173.947 
-70.4331 -107.606 -262.467 -70.3438 86.9665 62.4767 -70.266 -64.84 -328.361 
-70.2263 -47.6796 105.589 -70.1794 -79.739 -144.483 -69.9476 27.377 -137.418 
-69.8986 -86.4387 -181.943 -69.8872 -103.641 9.42059 -69.857 -4.40681 152.046 
-69.8438 -92.1568 -57.2035 -69.7513 56.2321 -61.6834 -69.747 27.1119 -340.774 
-69.5627 21.3739 -161.623 -69.5049 -55.0505 95.135 -69.4674 -81.4792 -157.049 
-69.3918 60.8307 -342.208 -69.3665 -83.8286 -169.552 -69.2029 23.7369 -149.357 
-69.1687 38.2096 163.112 -69.057 -80.8293 -87.169 -68.5862 5.36125 159.753 
-68.58 -106.548 -249.398 -68.5784 -7.29655 -336.172 -68.5474 -62.4454 84.7091 
-67.8528 86.1928 75.3609 -67.8398 66.7696 -298.96 -67.7604 52.3881 -267.438 
-67.7411 56.9358 151.097 -67.7255 75.4823 121.681 -67.6279 -52.4565 -330.261 
-67.6201 -108.423 -2.88611 -67.4139 52.6275 -73.1374 -67.4106 -69.3395 73.9354 
-67.2351 24.7463 -205.995 -67.0512 36.9372 -236.721 -66.9021 -104.871 -37.8419 
-66.8868 -104.67 -236.601 -66.541 -81.3216 -99.3071 -66.2309 16.2583 165.36 
-66.0661 -76.3128 63.131 -65.915 71.4252 -335.569 -65.4658 49.0326 -84.7878 
-65.4134 39.1609 -342 -65.2933 -102.113 -224.104 -65.1417 84.7497 88.1596 
-65.1392 -88.8626 -67.9864 -65.1181 81.7287 3.24864 -65.0199 5.16416 -337.741 
-64.952 74.1451 -319.549 -64.874 -40.3078 -331.952 -64.8395 85.1597 15.8975 
-64.7682 77.7367 -9.23377 -64.6241 -83.3577 52.2906 -64.6095 -105.792 -308.004 
-64.5224 24.0992 -193.836 -64.4524 -82.2511 -111.691 -64.173 73.4696 -21.3324 
-64.0184 45.2144 -96.619 -64.0063 -109.714 -295.911 -63.9875 -111.095 -15.7497 
-63.8598 70.5324 133.422 -63.8318 87.5062 28.6031 -63.7509 -96.3768 -317.332 
-63.6794 -98.9903 -211.94 -63.667 63.0084 -287.364 -63.333 69.0828 -33.2543 
-63.2632 47.7232 -256.143 -63.0352 -90.2251 41.2446 -62.9343 32.9655 -225.152 
-62.7412 -83.541 -124.216 -62.6628 48.821 159.634 -62.6343 41.5892 -108.45 
-62.6263 -111.176 -282.987 -62.3498 23.7815 -181.38 -62.3089 88.1385 41.4645 
-62.258 64.8007 -45.144 -62.2553 28.1599 167.748 -62.2274 -84.737 -323.019 
-62.1945 82.4192 100.721 -62.0915 -28.5425 -333.506 -62.0734 -95.9138 -199.865 
-61.8813 -101.144 -49.3233 -61.5785 37.9464 -120.336 -61.3942 -96.9465 30.0592 
-61.3395 -84.8901 -136.805 -61.1975 -87.1001 -79.4685 -61.1667 51.2967 -342.814 
-61.0945 17.4542 -339.252 -60.9881 25.1244 -168.907 -60.7626 34.3052 -132.322 
-60.6787 -92.9217 -187.577 -60.5228 -29.3972 132.387 -60.4681 60.9087 -56.8727 
-60.3454 -20.674 141.549 -60.2995 87.6335 54.2929 -60.2878 -37.7698 122.859 
-60.2747 -86.2049 -149.485 -60.2529 27.5732 -156.549 -60.2356 71.8843 -307.448 
-60.0842 30.5248 -144.3 -60.0713 -72.6479 -326.737 -59.7864 -90.2436 -174.931 
-59.705 -87.9531 -162.276 -59.6965 64.5377 144.344 -59.6935 -112.013 -268.893 
-59.6698 -45.4388 112.69 -59.6069 -103.589 18.5379 -59.5461 -12.0883 150.376 
-59.4956 -110.989 -28.5202 -59.4593 58.4891 -276.006 -59.1915 29.7575 -213.383 
-59.1197 -16.5684 -335.037 -58.8576 76.0537 -327.252 -58.8333 79.2136 113.078 
-58.8192 -52.7514 102.289 -58.8007 42.9565 -244.38 -58.7124 -3.09159 158.616 
-58.2864 -86.8839 -91.6856 -57.9938 87.131 67.0286 -57.9905 -111.261 -255.599 
-57.7875 -59.8896 91.7391 -57.5963 -97.209 -60.5074 -57.5531 -60.3318 -329.124 
-57.4636 -109.133 6.57693 -57.303 6.61746 165.702 -56.9982 29.5839 -340.765 
-56.941 39.9416 166.95 -56.8833 63.4524 -341.22 -56.6957 -109.732 -242.693 
-56.6858 -66.911 81.1505 -56.1953 28.1839 -201.234 -55.9132 -87.3728 -104.048 
-55.8712 -4.26051 -336.373 -55.4938 -107.576 -230.103 -55.4826 -74.0111 70.5111 
-55.4678 68.1713 -296.19 -55.4449 85.7912 79.6817 -55.1817 57.5756 154.051 
-55.1554 58.4884 -66.9174 -55.0969 74.8663 124.902 -55.048 53.8989 -264.624 
-54.9595 -48.2628 -330.906 -54.7595 -113.099 -5.99184 -54.6331 -108.361 -40.8104 
-54.5777 38.4057 -232.512 -54.4047 17.8351 170.084 -54.2928 -104.89 -217.693 
-54.2605 54.5126 -79.035 -54.1035 -81.1163 59.8482 -54.102 -88.5922 -116.468 
-53.7617 27.4341 -188.868 -53.7336 -110.965 -302.881 -53.5141 -93.995 -71.8637 
-53.5106 80.4148 -4.14247 -53.4912 83.7514 8.26444 -53.337 75.6181 -316 
-53.2507 76.5866 -16.3315 -53.227 -113.663 -290.346 -53.215 50.6287 -91.0474 
-53.0762 -103.1 -313.107 -53.0033 86.297 20.842 -52.8525 41.733 -342.007 
-52.8209 72.3886 -28.3051 -52.7746 -101.979 -205.484 -52.6868 83.7629 92.1406 
-52.5816 -88.0835 49.0541 -52.4209 -89.7523 -128.998 -52.3788 -36.7753 -332.465 
-52.2421 7.96831 -337.814 -52.1958 68.1875 -40.28 -52.0439 73.7006 -335.464 
-51.93 27.8955 -176.337 -51.9162 46.9716 -102.908 -51.8211 87.8974 33.4891 
-51.7497 64.03 -52.5779 -51.6434 -91.798 -319.76 -51.2461 -98.9928 -193.098 
-51.1724 70.3117 136.463 -51.0986 64.0283 -285.011 -50.8896 -90.6281 -141.685 
-50.8807 -94.9118 38.0982 -50.8259 -114.62 -18.938 -50.8113 34.6403 -220.751 
-50.8006 29.9708 -163.84 -50.7706 43.5757 -114.8 -50.4568 -115.089 -276.34 
-50.2411 40.026 -126.903 -50.1822 49.8295 162.415 -50.1758 87.6636 46.1785 
-50.1316 32.8087 -151.414 -50.1273 48.3691 -251.826 -50.0953 -92.3939 -83.8609 
-50.0503 -96.2858 -180.357 -50.0354 -104.507 -52.4455 -50.0143 29.7459 171.335 
-49.9997 -35.282 129.874 -49.9389 36.025 -139.04 -49.9262 -91.9555 -154.554 
-49.8006 -80.0717 -324.372 -49.7613 -27.1545 139.305 -49.6466 81.0649 104.335 
-49.614 -25.4565 -333.925 -49.5817 -93.9306 -167.457 -49.4554 -43.1742 119.993 
-49.0839 -101.596 26.9545 -48.9231 -19.4699 148.764 -48.7361 -11.5295 158.084 
-48.5885 54.0615 -342.726 -48.4507 20.1066 -339.26 -48.4072 -50.4798 109.619 
-48.2537 -2.71388 166.213 -48.1227 86.6187 58.7529 -47.9335 72.6593 -304.848 
-47.5009 31.775 -208.756 -47.4361 -67.9365 -327.687 -47.3573 -92.1935 -96.1738 
-47.1526 -57.4863 99.0496 -46.9424 64.2482 147.009 -46.9221 59.6198 -274.083 
-46.8777 -107.527 15.3305 -46.5557 -13.4746 -335.207 -46.439 -113.135 -31.6522 
-46.4366 78.1917 -325.112 -46.203 77.3506 116.186 -46.0234 7.89077 171.365 
-45.8102 43.3723 -239.717 -45.7958 -64.2953 88.3504 -45.7845 85.6477 71.2569 
-45.7826 -114.431 -248.366 -45.6907 -100.532 -63.9135 -45.6379 -115.863 -260.868 
-45.3451 -112.644 -235.648 -45.2033 -93.0428 -108.581 -44.9267 -55.9131 -329.798 
-44.789 30.248 -196.415 -44.7875 -110.292 -223.033 -44.5388 32.2456 -340.782 
-44.5137 -71.1794 77.7278 -44.423 -112.435 3.25502 -44.3265 40.8668 168.873 
-44.1156 66.4359 -341.471 -43.4925 -107.639 -210.853 -43.4227 -94.2791 -121.068 
-43.2326 -1.37748 -336.537 -43.1923 -78.1377 67.1495 -43.1805 83.9131 83.6442 
-43.0858 68.7702 -293.91 -43.0652 -117.089 -272.099 -42.7878 -115.042 -297.291 
-42.7187 55.0761 -263.184 -42.7051 58.4828 -73.2557 -42.6429 30.0112 -183.889 
-42.5149 -44.9058 -331.279 -42.5046 57.4799 156.109 -42.4524 73.6044 127.818 
-42.4255 -116.949 -284.452 -42.3274 -108.821 -308.378 -42.2917 62.5823 -60.5639 
-42.182 54.6134 -85.5784 -42.0851 19.4408 172.979 -42.0375 39.1242 -228.074 
-41.9499 -109.989 -43.8901 -41.9176 81.6633 1.0645 -41.9059 -85.0982 56.579 
-41.848 -97.6758 -75.7253 -41.8399 84.1306 13.2984 -41.7523 -95.2139 -133.701 
-41.6488 66.7349 -47.8122 -41.5944 78.4407 -11.0281 -41.5805 -105.009 -198.741 
-41.532 74.7505 -23.1483 -41.4646 70.8169 -35.3628 -41.2995 -115.396 -9.41609 
-41.144 85.5903 25.7427 -41.0672 31.4436 -171.3 -41.0405 -98.5057 -315.725 
-40.6357 76.2982 -313.899 -40.4367 -91.9569 45.8663 -40.4234 -32.5016 137.556 
-40.365 81.4842 95.776 -40.3326 51.1566 -97.231 -40.3076 52.3282 -256.921 
-40.2533 44.4107 -341.985 -40.1828 -95.9608 -146.49 -40.1219 -102.101 -185.987 
-40.038 -34.2794 -332.579 -39.9814 33.7733 -158.686 -39.8639 86.1373 38.278 
-39.8097 -40.4283 127.659 -39.7564 10.6813 -337.983 -39.3354 -87.133 -321.405 
-39.3168 -12.3219 167.57 -39.2767 36.7814 -146.1 -39.2744 -97.4501 -159.482 
-39.1824 -99.6654 -172.628 -39.0457 76.5986 -334.628 -38.9469 47.4738 -108.956 
-38.8443 40.5537 -133.658 -38.7605 -96.5854 -88.0624 -38.6952 64.6339 -283.12 
-38.626 35.3959 -216.268 -38.622 44.1399 -121.236 -38.61 -98.468 34.8618 
-38.5715 -20.008 157.692 -38.5124 -48.0592 117.375 -38.3942 68.6688 138.886 
-38.2955 -2.43399 174.363 -38.1788 85.5298 50.6999 -37.5961 -106.003 -55.619 
-37.5494 50.2769 163.846 -37.4136 -27.0625 147.196 -37.3793 30.9966 172.753 
-37.3729 -115.635 -22.3042 -37.2579 78.3476 107.644 -37.2247 -22.8089 -334.031 
-37.1553 -75.2564 -325.728 -36.9064 -55.0906 106.747 -36.6149 47.9173 -246.283 
-36.4843 -104.633 23.582 -36.3015 -96.9598 -100.553 -36.1049 22.7989 -339.348 
-36.0878 84.3037 63.0517 -35.8388 56.7334 -342.746 -35.6912 32.9055 -204.075 
-35.3681 72.9821 -302.853 -35.0763 -114.971 -228.411 -35.064 -61.6798 95.854 
-34.942 -117.111 -241.132 -34.6846 -63.0494 -328.587 -34.6354 -112.154 -215.868 
-34.6344 60.4106 -272.813 -34.6235 9.13005 176.73 -34.5641 -118.448 -253.906 
-34.2125 -98.044 -112.99 -34.1801 62.9823 148.987 -34.1182 -10.7123 -335.241 
-34.0414 -109.877 11.8396 -33.897 -119.194 -266.549 -33.7695 82.7696 75.406 
-33.6948 75.1081 119.233 -33.5103 -102.329 -67.3744 -33.268 -68.282 84.9819 
-33.2431 31.7571 -191.553 -33.2366 -113.625 -34.9998 -33.2273 78.7434 -323.411 
-32.9791 43.5128 -235.164 -32.4392 -52.3672 -330.095 -32.4256 -119.42 -278.629 
-32.412 -99.1147 -125.623 -32.0643 34.8379 -340.786 -32.0137 -36.9969 136.078 
-31.9908 -118.44 -291.284 -31.9219 61.1307 -67.9656 -31.9176 57.301 -80.5546 
-31.8113 41.9575 170.115 -31.5573 -114.002 -303.139 -31.4055 -75.0564 74.225 
-31.2898 32.1459 -178.914 -31.2785 65.0071 -55.2354 -31.2446 -113.936 -0.349926 
-31.2194 80.6567 87.5873 -31.2104 69.0316 -341.019 -30.9134 56.4127 -263.205 
-30.8952 1.43718 -336.76 -30.6703 -99.8698 -138.38 -30.6452 -12.7987 177.891 
-30.6277 68.8647 -42.6057 -30.5945 69.0317 -291.952 -30.5879 82.0424 6.01351 
-30.5594 -44.2025 -331.114 -30.538 -105.019 -311.631 -30.5087 83.4472 18.1165 
-30.2146 -88.1317 53.4656 -30.1472 -22.0776 168.272 -30.0994 -107.749 -192.208 
-30.0888 -100.457 -79.752 -30.0143 72.6735 -30.0829 -30.0095 20.8915 176.128 
-29.9783 57.2088 157.274 -29.8171 33.9848 -166.208 -29.7889 -81.71 63.5294 
-29.6771 71.4907 130.464 -29.5541 83.6889 30.5258 -29.5528 39.3296 -223.62 
-29.4345 76.3161 -17.7227 -29.4238 79.4774 -5.56011 -29.336 -44.9138 125.43 
-29.1893 -100.838 -151.298 -29.1214 -111.515 -206.258 -29.0221 -110.021 -47.0909 
-28.971 -94.1056 -317.9 -28.6575 36.3611 -153.414 -28.557 -104.913 -178.039 
-28.5313 -94.6138 42.6483 -28.4548 78.0908 99.5911 -28.3007 -102.671 -164.322 
-28.0647 83.5307 42.9357 -27.9276 -116.128 -13.0051 -27.8463 -32.488 -332.423 
-27.7554 39.3091 -140.641 -27.7377 46.856 -341.916 -27.7156 76.4769 -312.016 
-27.6024 -27.8343 156.622 -27.5663 13.5284 -338.128 -27.2927 52.1826 -253.003 
-27.2592 -100.16 -92.2725 -27.2111 -1.09829 180.834 -27.1681 -52.2724 114.763 
-27.0053 42.7002 -128.004 -26.8751 -82.4393 -323.007 -26.491 46.3596 -115.387 
-26.4406 35.7577 -211.707 -26.4164 -100.734 31.52 -26.3032 82.5926 55.2848 
-26.1909 64.8528 -281.199 -26.1544 50.3134 -102.823 -25.7586 54.3587 -90.1329 
-25.7384 77.9378 -333.136 -25.5905 -116.041 -220.89 -25.4653 66.6871 141.334 
-25.2438 50.8169 164.453 -25.1687 75.3377 111.204 -25.0691 32.3671 174.499 
-25.0081 -106.266 -59.0221 -24.9497 -34.3525 145.265 -24.9446 -58.9526 103.723 
-24.93 -118.996 -233.678 -24.8979 -100.934 -104.843 -24.8791 -20.1107 -333.861 
-24.3709 -69.9342 -326.945 -24.2228 81.0799 67.5215 -24.1629 -115.418 -25.9041 
-24.1153 -120.673 -246.571 -23.9822 -106.317 20.0651 -23.8681 47.7829 -242.126 
-23.845 25.5581 -339.485 -23.7662 33.427 -199.344 -23.2084 59.035 -342.422 
-23.2021 -121.61 -259.46 -22.8195 -101.993 -117.462 -22.666 11.0485 180.126 
-22.6469 72.8822 -301.012 -22.5645 -65.3444 92.6009 -22.3064 -121.862 -272.321 
-22.0476 60.6193 -270.62 -21.995 -24.668 179.117 -21.966 79.3012 79.7326 
-21.9141 59.0465 -75.5589 -21.8295 -7.74997 -335.399 -21.5611 32.8349 -186.672 
-21.4772 -56.1181 -329.353 -21.3854 61.745 150.612 -21.3746 -121.354 -284.947 
-21.3057 -110.893 8.16489 -21.2554 -103.367 -71.3159 -21.0521 72.2118 122.053 
-21.0207 -102.908 -130.21 -20.9537 63.0085 -62.5283 -20.9439 -41.5462 133.74 
-20.7716 -118.729 -297.344 -20.7532 81.53 10.2137 -20.7227 -89.7962 50.7653 
-20.4049 43.3584 -230.849 -20.2304 -112.769 -38.3558 -20.0996 78.6336 -321.535 
-20.081 -71.8017 81.534 -20.0565 66.7544 -49.8381 -20.0037 -111.369 -307.262 
-19.8363 -109.074 -185.517 -19.7616 33.6165 -173.899 -19.6649 37.4071 -340.819 
-19.5862 82.0225 22.7342 -19.5637 77.1452 91.8475 -19.556 42.9815 170.714 
-19.2076 -103.615 -143.021 -19.1601 70.4512 -37.2256 -19.1162 -112.261 -199.314 
-19.0602 -30.1094 166.941 -18.8957 -11.551 183.57 -18.7503 58.6711 156.117 
-18.7451 4.46715 -336.906 -18.5762 -101.143 -314.301 -18.3954 -42.136 -330.948 
-18.3725 -114.053 -4.14983 -18.307 35.6116 -161.025 -18.2193 71.0135 -340.15 
-18.2105 56.3315 -260.052 -18.0957 81.4975 35.2269 -18.0477 -101.945 -83.8897 
-18.0345 74.1176 -24.6563 -17.9451 68.9554 -290.05 -17.8512 -48.9086 122.802 
-17.8383 22.8859 177.992 -17.6689 -105.117 -155.855 -17.2586 -96.326 39.427 
-17.0933 39.0915 -219.201 -17.052 37.8181 -148.107 -17.0518 -78.2324 70.2706 
-17.0128 74.8497 103.926 -16.6963 -116.094 -213.104 -16.6667 77.2517 -11.9899 
-16.6066 -89.7142 -319.936 -16.466 68.7933 132.675 -16.3705 80.69 47.6337 
-16.189 -109.255 -50.5579 -16.1827 -106.685 -168.832 -15.9503 40.4687 -135.243 
-15.9123 -34.3987 154.636 -15.4992 -29.3518 -332.403 -15.492 16.6332 -338.31 
-15.4311 -102.658 -96.5755 -15.3318 -55.7864 111.862 -15.1849 -119.402 -226.043 
-15.1442 49.2131 -341.833 -15.0501 43.8286 -122.438 -14.9066 -115.242 -16.8456 
-14.7369 76.1236 -310.352 -14.6847 51.7423 -249.11 -14.6772 1.31129 182.888 
-14.4768 -102.251 28.1291 -14.4356 79.3716 59.8918 -14.3046 47.5541 -109.646 
-14.2333 35.5996 -207.11 -14.2221 -77.4608 -324.435 -13.9089 72.2979 115.64 
-13.829 -121.824 -238.943 -13.7867 79.4939 1.26694 -13.5473 64.7625 -279.008 
-13.5242 51.3575 -96.7134 -13.4784 52.2033 164.755 -13.3762 -109.042 -180.808 
-13.1573 -84.6614 58.7317 -13.1209 -103.615 -109.262 -12.8895 34.3732 175.54 
-12.7732 -62.0658 100.592 -12.6882 78.6739 -331.389 -12.6102 -39.243 142.528 
-12.6007 -16.842 -333.983 -12.5496 -123.303 -251.902 -12.4113 -106.051 -62.9652 
-12.3633 77.8989 72.0863 -12.2006 55.9511 -83.3194 -12.1561 64.5988 143.846 
-11.8156 33.6648 -194.563 -11.6889 28.503 -339.642 -11.6703 -107.319 16.4901 
-11.5465 -64.4408 -327.601 -11.3231 -113.669 -29.4123 -11.3136 47.2182 -238.072 
-11.2959 -123.856 -264.889 -11.0493 -104.446 -122.022 -10.8412 60.4184 -69.8879 
-10.4316 61.059 -342.073 -10.3557 13.7775 181.165 -10.2098 80.4258 14.722 
-10.1773 76.2124 84.2315 -10.1533 -123.946 -277.921 -9.96725 -111.979 -192.532 
-9.94843 -68.3011 89.2785 -9.9107 -32.99 176.544 -9.80667 33.5064 -181.751 
-9.78745 72.5368 -299.287 -9.7699 64.3684 -57.0516 -9.74556 -122.814 -290.791 
-9.69993 -4.4949 -335.589 -9.40244 60.4541 -267.726 -9.37578 -22.1621 184.132 
-9.32955 -117.969 -302.459 -9.19879 -105.231 -134.815 -9.01425 -91.3717 47.3172 
-8.95802 -44.9879 130.706 -8.9007 -103.583 -75.495 -8.75486 -51.2713 -329.487 
-8.72139 -111.096 4.40984 -8.55162 68.2393 -44.3703 -8.39806 80.0651 27.3671 
-8.19761 -108.244 -310.52 -8.12462 34.3113 -168.788 -7.94194 74.258 96.3911 
-7.8587 42.6699 -226.734 -7.64073 -115.396 -205.438 -7.42387 -106.441 -147.621 
-7.40328 44.9031 171.713 -7.36092 -111.049 -41.8061 -7.23161 71.8649 -31.7217 
-7.16311 39.9891 -340.901 -7.06978 -36.2739 164.271 -6.99673 78.3598 -320.098 
-6.91361 -74.321 77.8797 -6.87824 58.9293 156.275 -6.76166 7.75724 -337.067 
-6.64029 35.9244 -155.803 -6.49475 79.1846 39.9445 -6.3905 -97.0813 -316.51 
-6.01184 26.1247 179.184 -5.9742 -51.7206 119.642 -5.965 -38.4087 -331.039 
-5.94861 -103.565 -88.2609 -5.84733 -8.33301 184.289 -5.78391 72.2275 108.708 
-5.6491 55.7881 -256.547 -5.64278 -113.175 -7.99791 -5.57012 -97.7405 36.0359 
-5.54432 -107.409 -160.437 -5.52049 75.3004 -19.0753 -5.47442 -119.188 -218.279 
-5.27196 72.9562 -339.49 -5.24874 38.2341 -142.909 -5.23393 68.5798 -288.031 
-4.75052 69.6868 121.908 -4.7009 38.2575 -214.879 -4.463 78.0729 52.3077 
-4.07196 -85.2833 -321.641 -4.01886 41.1619 -130.023 -3.68433 -38.8738 151.568 
-3.64893 -80.4008 66.4621 -3.59702 -121.822 -231.208 -3.55291 -107.797 -54.3322 
-3.48778 77.796 -6.24562 -3.42726 19.8934 -338.498 -3.41726 -104.208 -101.039 
-3.29548 -108.724 -173.083 -3.25998 -58.1608 108.535 -3.20073 -25.8244 -332.592 
-3.06787 44.3977 -117.024 -2.85284 66.6407 134.51 -2.4703 -103.478 24.6466 
-2.36772 76.7202 64.5243 -2.31639 51.4135 -341.798 -2.26263 -113.347 -20.5729 
-2.25783 47.9009 -104.035 -2.1085 50.9043 -245.468 -2.04256 35.0695 -202.531 
-1.95122 4.89788 182.899 -1.83917 -123.997 -244.113 -1.78319 75.7417 -308.928 
-1.57414 52.3555 -90.7072 -1.56338 -72.8574 -325.512 -1.54296 37.9594 176.325 
-1.11671 53.1236 165.694 -1.11257 -104.874 -113.819 -0.876336 64.2921 -276.374 
-0.726957 -110.996 -185.486 -0.701587 57.348 -77.3082 -0.680769 79.138 6.82741 
-0.498697 -64.4263 97.2758 -0.452571 -13.3954 -334.172 -0.275553 75.5755 76.7422 
-0.264739 -41.7604 139.018 -0.206055 -86.4283 54.9792 -0.113781 -125.082 -257.103 
0.133281 33.7508 -189.738 0.219053 63.1858 146.358 0.248276 -104.993 -67.0451 
0.45756 61.6478 -64.2424 0.478047 79.3567 -330.194 0.553196 31.5198 -339.787 
0.577045 -107.943 12.8296 0.90028 -105.67 -126.644 1.0652 -60.0914 -327.981 
1.26859 46.1778 -234.182 1.47047 -111.8 -33.0821 1.57254 -125.422 -270.187 
1.58233 79.0552 19.5371 1.75617 -113.937 -197.974 1.75836 -30.3889 182.65 
1.81996 74.0578 88.9072 1.82918 65.7504 -51.5275 1.89268 17.5413 181.469 
1.95645 33.8331 -176.759 2.25103 -38.7835 172.876 2.29149 -122.866 -295.846 
2.33099 -1.01282 -335.724 2.37852 -115.251 -305.941 2.54927 -70.431 85.8272 
2.69686 63.1511 -342.111 2.72503 -124.964 -283.35 2.73556 -106.621 -139.481 
2.98806 72.2135 -297.556 3.05845 -47.2677 127.348 3.18317 59.6036 -264.525 
3.22147 -92.7986 43.7188 3.34247 69.7478 -38.9476 3.52379 -103.544 -79.8846 
3.59719 34.7162 -163.732 3.65094 -110.758 0.572433 3.66049 78.3528 32.1002 
3.71137 -47.3279 -329.708 3.84968 -17.2465 183.691 3.85918 -104.535 -312.785 
3.88138 72.564 101.113 4.18292 -117.418 -210.624 4.57207 -107.65 -152.33 
4.65469 41.351 -222.601 4.99675 58.7122 157.411 5.15117 73.2448 -26.335 
5.1778 36.54 -150.802 5.23861 11.2836 -337.175 5.37117 -39.7248 160.471 
5.51542 -109.085 -45.7349 5.7404 -76.1379 74.319 5.75366 30.0973 179.266 
5.80634 70.8314 113.503 5.82526 77.4775 44.5429 6.02186 78.3461 -318.81 
6.02688 -53.5776 116.191 6.03408 -93.1197 -318.456 6.04067 41.8508 -340.874 
6.27547 -103.861 -92.727 6.35212 -34.7189 -331.301 6.51667 -99.1313 32.5447 
6.59817 -120.773 -223.387 6.61103 -108.514 -165.125 6.68412 39.014 -137.922 
6.85617 -112.12 -11.8713 6.94293 54.5456 -253.103 7.10747 -4.25928 183.153 
7.18814 76.2504 -13.6972 7.50694 68.6371 125.885 7.56397 68.0477 -285.506 
7.71816 37.3225 -210.397 7.93757 76.496 56.9251 7.97385 75.2715 -339.173 
8.08254 41.8665 -125.008 8.45495 -81.1928 -323.216 8.47767 43.4228 175.091 
8.4825 23.3513 -338.591 8.65509 -40.2424 147.812 8.74222 -123.748 -236.102 
8.74979 -104.602 -105.601 8.88145 -109.869 -177.817 8.88765 -60.1335 105.183 
8.95352 -22.2202 -332.833 8.99138 -81.9375 62.8471 9.06604 45.0956 -111.824 
9.24657 65.782 137.993 9.41597 78.1319 -0.939898 9.69886 -104.349 20.9571 
9.74849 48.8943 -98.5616 9.77888 -106.014 -58.6312 9.84705 54.0968 -84.8691 
10.0296 75.727 69.2388 10.1152 34.7663 -197.759 10.256 -111.637 -24.4294 
10.3887 49.5421 -241.744 10.558 59.1373 -71.6151 10.682 8.60958 181.739 
10.7679 -125.295 -249.101 10.9137 -105.352 -118.474 10.9848 -68.7457 -326.399 
11.0453 75.5816 -307.372 11.1841 52.966 -341.794 11.3698 -112.134 -190.333 
11.4926 62.399 149.127 11.5572 -9.79955 -334.385 11.7908 -66.414 93.8896 
11.7913 79.1374 11.7595 11.917 -43.5803 135.545 11.934 63.1291 -272.994 
11.981 63.4605 -58.8622 12.0494 34 -184.825 12.1398 35.3178 -339.914 
12.1472 74.6035 81.467 12.3014 -88.1033 51.5064 12.7752 52.7596 167.338 
12.8052 -108.337 8.99645 12.8387 -125.834 -262.124 12.8619 -106.266 -131.358 
13.133 -103.803 -71.4726 13.1388 -35.851 178.308 13.1619 -119.038 -298.243 
13.5155 -56.1049 -328.379 13.5859 79.6365 -328.722 13.6227 67.5593 -46.2903 
13.7276 34.4484 -171.81 13.786 44.5589 -230.221 13.951 -115.215 -202.826 
13.9724 78.8223 24.3288 13.9943 -111.49 -307.992 14.0446 73.4913 93.7109 
14.1978 2.60414 -335.847 14.3902 21.0959 180.148 14.421 -24.8914 181.659 
14.5587 -110.106 -37.2491 14.69 -107.12 -144.224 14.8588 -40.6903 168.13 
14.9024 -72.0433 82.3948 15.0631 -49.1187 124.049 15.1917 -125.611 -275.339 
15.3563 35.9401 -158.88 15.5664 71.3839 -33.737 15.6072 -94.5225 40.2656 
15.7473 71.8553 -295.441 15.8354 72.2385 105.983 15.8527 57.9113 -261.003 
15.8872 65.3515 -342.485 15.9085 -111.028 -3.25258 15.9998 -103.249 -84.3633 
16.0305 -43.5076 -330.073 16.1061 -100.696 -314.574 16.161 78.0043 36.8045 
16.4401 -118.695 -215.386 16.5959 -108.057 -157.071 16.7789 15.0339 -337.306 
16.9105 -12.9533 181.881 17.0192 38.1399 -146.016 17.3556 39.8092 -218.231 
17.4322 58.6299 158.363 17.4508 70.6004 118.287 17.63 74.5837 -21.1862 
17.9847 -40.2144 156.312 18.0971 -55.6192 113.026 18.1009 33.6444 178.293 
18.1669 -77.6411 70.9096 18.239 28.7847 -338.955 18.2663 77.5351 49.2733 
18.4677 -89.2221 -320.148 18.5199 -30.9867 -331.665 18.5484 -103.817 -97.3081 
18.6839 -108.928 -169.846 18.7028 40.7047 -133.218 18.7698 68.3605 130.356 
18.8256 -100.696 28.9843 18.8714 78.4062 -317.292 18.936 -121.851 -228.002 
19.0344 -111.706 -15.7476 19.366 52.8061 -249.483 19.4946 -107.463 -50.345 
19.5004 -123.365 -289.099 19.7192 -0.39121 180.831 19.7634 77.1309 -8.61939 
19.8776 65.2582 141.883 19.9541 61.4077 152.86 20.2972 36.5158 -205.613 
20.3626 77.1296 61.6995 20.3817 43.7264 -120.452 20.3882 42.4064 -340.542 
20.6352 56.7116 -79.0585 20.8414 -104.708 -110.263 20.8414 51.4376 -92.9294 
20.8815 -41.0892 144.139 20.9151 -77.1708 -324.304 20.9425 -62.0299 101.92 
20.9587 -18.5181 -333.163 20.9969 66.38 -280.922 21.0016 -110.534 -182.468 
21.2112 76.7015 -337.955 21.4586 -124.287 -240.776 21.5237 -83.6651 59.6035 
21.5495 47.0741 -107.312 21.6311 45.0193 173.407 21.9611 -105.634 17.2424 
21.9825 61.3434 -66.3021 22.0002 78.8918 3.97532 22.3301 34.8676 -192.821 
22.4331 -111.081 -28.3578 22.5404 76.1947 74.0622 22.616 47.6901 -237.993 
22.9206 -105.436 -123.253 23.1746 12.1549 179.47 23.2179 -104.859 -63.2858 
23.3727 -64.705 -326.91 23.4105 -6.11851 -334.694 23.5269 -112.908 -194.96 
23.5987 75.4969 -306.057 23.671 65.4128 -53.7643 23.819 -125.267 -253.746 
23.9027 -117.468 -301.513 23.9114 34.7424 -179.901 23.9383 -67.8372 90.5759 
23.9703 -44.9136 132.115 24.2209 79.5961 16.5498 24.2369 -34.6222 175.993 
24.4019 54.7475 -341.716 24.5105 75.2475 86.4418 24.7569 -106.146 -136.153 
24.8437 -90.1041 48.2899 25.005 -109.527 5.23355 25.1074 61.0513 -268.597 
25.321 54.0676 165.797 25.4116 35.997 -166.97 25.5652 69.3928 -41.2583 
25.8015 -52.1763 -328.833 25.8232 6.33717 -336.092 25.9195 -103.124 -76.0443 
26.1022 -115.742 -207.445 26.1561 -107.908 -309.968 26.2027 74.3705 98.7785 
26.3728 -125.28 -266.749 26.4496 79.4848 29.0836 26.5426 79.6476 -326.953 
26.6064 -107.111 -149.004 26.8971 -21.7119 179.441 26.9515 24.654 178.218 
27.0576 37.9979 -154.134 27.1012 -51.0352 120.935 27.1455 -73.4579 79.2153 
27.423 72.2535 -296.35 27.5489 42.4549 -225.665 27.5794 -109.311 -41.5776 
27.7257 72.9489 -28.7496 27.7309 73.1536 111.141 27.8636 -38.1316 164.828 
27.9163 -111.62 -7.13319 28.007 -96.5231 36.9166 28.0594 18.9772 -337.593 
28.1866 -39.6454 -330.398 28.2052 60.2023 156.769 28.4057 -103.002 -88.9581 
28.5004 -96.8916 -316.347 28.5608 -107.771 -161.82 28.5649 79.4423 41.5773 
28.5977 55.7038 -257.115 28.7053 -118.862 -219.933 28.7913 40.3977 -141.373 
28.9274 71.5964 123.557 29.0061 67.431 -342.043 29.2984 -9.18984 179.179 
29.3484 -124.093 -279.923 29.6335 64.7701 146.77 29.6351 68.6679 135.617 
29.9548 -57.3749 109.904 29.966 32.1125 -339.078 29.9898 75.8299 -16.2677 
30.1392 54.7946 -86.2362 30.2698 -38.541 152.653 30.5318 -27.1423 -331.956 
30.5864 -79.2517 67.969 30.6015 79.6947 54.0612 30.664 -112.257 -19.6017 
30.664 68.7415 -287.287 30.6885 43.1836 -128.737 30.7013 37.0014 176.012 
30.7426 -103.742 -102.036 30.7485 -108.852 -174.488 30.8835 -85.3836 -321.729 
31.0954 38.3326 -213.102 31.1112 -102.548 25.3603 31.4426 -121.817 -232.468 
31.4917 50.616 -245.768 31.5544 78.3096 -315.995 31.7803 59.2247 -73.6535 
32.1932 78.2389 -3.76761 32.2726 3.32818 178.099 32.7603 79.2024 66.5091 
32.7706 46.1265 -116.189 32.7829 -41.0317 140.326 32.8124 -63.1591 98.6476 
32.8511 -14.7348 -333.363 32.9287 -104.446 -115.139 32.9769 -111.341 -31.9246 
33.076 36.1191 -200.501 33.1127 -120.97 -293.014 33.1655 -110.802 -187 
33.2287 44.519 -340.496 33.2792 -73.1794 -325.224 33.5057 45.6584 -234.511 
33.6451 63.2193 -61.2018 34.0133 -109.144 -43.7945 34.0708 77.9565 -336.273 
34.1482 -85.5368 56.7906 34.1708 -123.563 -245.265 34.2033 -107.554 13.4292 
34.2927 48.4985 171.569 34.316 35.4184 -187.844 34.3944 80.0373 8.76103 
34.6494 63.9694 -276.005 34.6848 -106.285 -55.5902 34.8155 -105.028 -128.15 
34.8492 78.2773 78.9583 34.9161 49.5411 -103.789 35.1655 -2.35766 -334.892 
35.5457 67.0192 -48.7127 35.5733 36.057 -175.02 35.6011 -30.2445 173.696 
35.6352 -60.7071 -327.383 35.6395 -112.772 -199.537 35.781 -45.6687 128.569 
35.8036 15.7808 176.946 35.8335 75.3186 -305.487 35.8917 -68.7277 87.3976 
36.1509 -114.314 -304.076 36.5142 -103.547 -67.957 36.5847 -105.509 -141.046 
36.6087 77.4157 91.4285 36.6145 81.1728 21.3008 36.8499 -124.008 -258.102 
37.0532 37.5975 -162.153 37.1518 -111.408 1.41387 37.1767 56.8053 -341.526 
37.3071 57.0686 163.116 37.4863 10.1002 -336.308 37.6497 70.8661 -36.3004 
37.6565 -92.0965 45.5961 37.9351 -48.2077 -329.089 38.1338 76.3071 104.02 
38.2571 -115.393 -211.938 38.3248 53.2699 -92.5341 38.4137 -105.913 -153.883 
38.499 -102.168 -80.7349 38.6073 58.5558 -264.516 38.6363 -104.472 -312.249 
38.6834 39.7525 -149.397 38.7406 81.9281 33.8422 38.7912 -52.2316 117.697 
39.0033 -18.0548 176.533 39.2424 -34.0536 161.096 39.259 63.2282 153.174 
39.3464 -74.5147 76.3208 39.348 74.8198 116.628 39.4014 80.1305 -325.59 
39.57 28.3039 175.85 39.6746 22.4954 -337.811 39.6898 71.5455 -295.02 
39.6992 -123.653 -270.925 39.952 -113.208 -11.0698 39.9838 74.2063 -23.8746 
39.9955 -98.9733 33.2245 40.1192 72.3176 129.362 40.2035 -35.6982 -330.576 
40.2119 68.4057 141.818 40.439 -106.607 -166.586 40.5205 42.3093 -136.726 
40.6338 -102.335 -93.8202 40.7796 82.6689 46.3803 40.8858 -117.93 -224.306 
40.976 -93.1896 -318.17 41.2911 57.0851 -80.809 41.4572 -36.0336 148.276 
41.5224 53.2347 -253.153 41.5502 -5.40653 176.122 41.6671 -57.9924 106.571 
41.7377 68.9876 -341.154 42.2889 34.8686 -339.095 42.2988 77.1009 -11.4456 
42.3771 -113.332 -23.5642 42.4475 -23.2473 -332.095 42.6491 44.9693 -124.127 
42.7333 -107.884 -179.146 42.7518 -121.695 -283.763 42.84 82.9216 58.9204 
42.8779 -102.797 -107.087 43.1517 -80.7761 65.4201 43.1711 -105.031 21.4312 
43.228 48.046 -242.07 43.3195 -81.3246 -322.572 43.3514 40.8583 174.439 
43.4338 60.7405 -68.4908 43.4753 43.5777 -231.192 43.5048 39.7881 -219.917 
43.6652 -120.129 -236.782 43.7181 66.8857 -283.894 44.1371 -40.0001 136.187 
44.1726 78.0587 -314.661 44.2697 -63.5204 95.4792 44.2738 36.9716 -207.877 
44.3626 -111.611 -35.7788 44.5041 79.8459 0.965602 44.6154 7.00076 175.091 
44.6852 -10.8898 -333.485 44.8194 -103.257 -120.254 44.9492 82.4451 71.5112 
44.9806 47.9277 -111.721 45.1291 35.6037 -195.52 45.144 -109.454 -191.656 
45.3921 64.5091 -56.1216 45.5798 -69.0606 -325.612 45.6708 46.9228 -340.367 
45.8991 -108.383 -47.8989 45.9362 35.4545 -182.839 45.9945 -118.162 -296.043 
46.3949 -25.7367 168.274 46.4546 -103.402 -133.214 46.475 -109.834 9.65708 
46.5269 -121.332 -249.297 46.6347 51.7426 168.622 46.6868 82.383 13.4116 
46.8313 81.4145 84.1111 46.9696 1.43795 -335.058 47.0081 79.1174 -335.424 
47.1318 36.3294 -169.988 47.2902 -95.5808 39.7989 47.3052 -87.0141 54.6979 
47.3364 -104.721 -60.0109 47.4036 68.2758 -43.7627 47.4224 -46.2229 125.239 
47.5046 51.3441 -99.6056 47.5539 -69.1909 84.4951 47.597 -111.241 -204.032 
47.7824 -56.5967 -327.632 48.1069 74.5648 -303.574 48.1791 -103.414 -146.063 
48.3467 80.3534 96.8147 48.3666 19.4331 174.692 48.6083 38.0643 -157.212 
48.6265 -101.972 -72.5753 48.7016 -110.855 -306.491 48.78 84.2728 25.9674 
48.8101 65.9277 -282.542 48.9611 60.0102 159.568 49.0729 61.2385 -271.898 
49.269 13.7001 -336.493 49.4982 -113.204 -2.58019 49.509 -121.799 -261.863 
49.5969 -29.6961 155.91 49.6485 58.7424 -341.171 49.7248 78.8208 109.569 
49.7868 72.0878 -31.4233 49.972 -44.1336 -329.238 50.0199 -103.585 -158.797 
50.1055 -113.528 -216.246 50.2431 54.77 -87.6859 50.25 -13.7861 171.63 
50.3044 40.4217 -144.538 50.3609 66.7761 149.095 50.5205 -52.1875 114.243 
50.592 -100.678 -85.8057 50.6707 76.4244 122.629 50.887 85.5978 38.5803 
50.9883 72.3412 136.601 51.2261 -100.762 -314.271 51.3206 70.045 -292.487 
51.4314 -101.788 28.9793 51.6466 25.8155 -337.868 51.6891 -75.4227 73.804 
52.083 -104.073 -171.433 52.1313 -115.164 -15.1579 52.1518 -31.681 -330.708 
52.1802 55.7138 -260.358 52.1916 -33.4245 143.534 52.2236 79.9982 -324.006 
52.2252 75.6178 -19.1299 52.2699 42.9709 -131.862 52.2876 31.9593 174.187 
52.5118 -57.7185 103.353 52.5161 -120.646 -274.412 52.6771 -115.625 -228.377 
52.7191 58.1984 -75.5957 52.9028 -100.439 -99.2484 52.9495 86.2626 51.2176 
53.146 -92.3897 45.4528 53.4099 -1.66376 172.162 53.5411 -89.103 -319.352 
53.9601 50.1613 -249.109 54.1281 70.2399 -340.527 54.3422 -19.3184 -332.182 
54.4106 -105.174 -183.866 54.4745 37.7306 -339.029 54.5026 45.623 -119.299 
54.5128 -114.407 -27.8084 54.5319 78.9937 -6.81876 54.7267 -100.427 -112.516 
54.8389 45.0823 -238.131 54.9809 61.6946 -63.3694 55.0729 86.2264 63.9103 
55.1774 64.5955 -280.719 55.24 -63.4262 92.5183 55.3158 40.7967 -226.872 
55.4366 -106.982 17.4507 55.5058 -117.402 -240.51 55.5586 -39.0098 132.236 
55.6451 -118.5 -286.895 55.6676 37.5309 -215.124 55.6932 -77.1234 -323.369 
56.0095 35.3254 -202.943 56.0256 44.3719 172.313 56.1194 -100.111 -125.546 
56.1304 -81.742 63.2711 56.4363 -20.8143 162.395 56.4418 -111.401 -40.1677 
56.4751 34.2901 -190.443 56.5462 77.1565 -312.513 56.5496 -6.96804 -333.515 
56.7498 82.3959 5.51867 56.8034 -106.554 -196.285 56.9341 10.5688 172.287 
57.0126 48.76 -106.98 57.1032 85.5133 76.6621 57.1081 65.4638 -51.1341 
57.2966 34.4669 -177.633 57.5602 -99.8635 -138.414 57.7004 -107.008 -52.1344 
57.79 -64.8098 -326.067 57.8532 49.5807 -340.243 58.4712 -118.294 -252.672 
58.5038 35.474 -164.813 58.585 -102.772 -64.5333 58.6547 -114.044 -298.595 
58.6964 84.6591 89.5154 58.8519 54.8142 165.174 58.8629 5.23106 -335.079 
58.8895 85.2756 17.9951 59.0034 -111.585 5.69148 59.1459 -108.552 -208.277 
59.2194 -99.5457 -151.168 59.4159 72.9487 -301.09 59.445 -97.7509 36.418 
59.467 69.3847 -38.91 59.4957 -69.4503 81.8551 59.5206 -45.4535 121.441 
59.5659 52.0456 -94.8475 59.7223 -25.7179 150.353 59.8682 -52.3881 -327.895 
59.9421 37.2285 -152.123 59.9882 78.6039 -334.236 60.195 82.8593 102.294 
60.6572 63.2867 155.537 60.7777 -99.2954 -77.964 60.859 22.8835 172.251 
60.9602 68.2028 -289.898 61.0178 87.4787 30.6128 61.0247 -99.3817 -163.847 
61.2356 17.3048 -336.472 61.3287 80.7628 115.126 61.365 -10.0802 166.502 
61.4301 -87.5055 53.4167 61.4936 -110.706 -220.151 61.5307 61.0718 -340.721 
61.5447 63.2633 -278.896 61.5599 -107.587 -309.314 61.6065 -51.4062 110.875 
61.6718 -117.977 -265.018 61.7047 70.1428 144.636 61.8603 39.6226 -139.467 
61.9614 73.379 -26.7508 61.9712 -39.9562 -329.477 62.0308 76.7311 129.711 
62.0315 55.2069 -82.6824 62.1331 -115.071 -6.65125 62.3084 -57.3072 100.591 
62.952 57.9169 -267.638 63.1394 -99.7647 -176.314 63.1841 88.7663 43.3628 
63.209 -31.0565 138.885 63.2735 -97.502 -91.8265 63.2944 71.5267 -338.761 
63.8095 29.2445 -337.835 63.9279 -112.485 -231.958 63.9606 -96.6331 -315.884 
64.0127 42.3101 -126.825 64.0414 -103.527 25.394 64.0884 -27.6076 -330.893 
64.3441 -75.785 71.4925 64.4138 77.2657 -14.5725 64.4391 58.5525 -70.5169 
64.6547 52.1786 -256.173 64.7418 -97.0513 -105.063 64.809 -115.775 -19.5168 
64.8659 35.3249 171.598 64.9465 78.9209 -321.837 64.9824 -116.791 -277.306 
65.1152 1.72999 168.104 65.419 89.1814 56.1583 65.6472 -100.96 -188.557 
65.8741 -96.5762 -118.039 66.0495 -84.8459 -320.76 66.0795 46.4565 -244.816 
66.2681 -15.3158 -332.323 66.3657 45.1656 -114.347 66.4368 -16.845 156.522 
66.6311 41.0712 -339.002 66.6693 41.5226 -233.597 66.7389 81.1523 -2.35774 
66.7759 -113.829 -243.689 66.8067 -63.1693 89.7244 66.8244 62.2355 -58.398 
66.8593 37.4861 -222.013 66.9122 -113.975 -32.4382 66.9506 -95.8939 -130.916 
67.0151 34.5684 -210.081 67.1009 -93.1317 43.5986 67.2081 32.7264 -197.732 
67.5666 31.9666 -185.108 67.6 88.4785 69.0221 67.6956 -37.7811 128.344 
67.7152 -50.8553 108.942 67.9459 -72.6893 -324.283 68.0843 -108.665 13.9014 
68.1271 -95.0449 -143.679 68.1581 -102.625 -200.515 68.1684 -109.843 -44.7834 
68.2774 32.0329 -172.241 68.2863 -114.377 -289.453 68.3124 75.0882 -309.736 
68.5057 -104.496 -56.7529 68.5124 -3.12776 -333.585 68.5278 47.6053 168.729 
68.913 48.3953 -102.076 69.0263 -99.6995 -69.3283 69.0498 84.7727 9.9961 
69.075 13.8405 169.212 69.1644 66.0193 -46.2593 69.3596 -81.8092 61.2469 
69.4262 87.6125 81.9554 69.4805 33.0483 -159.426 69.5498 52.7886 -340.045 
69.7252 -94.4927 -156.328 69.9278 -60.3523 -326.573 70.0595 -114.014 -255.537 
70.1727 -104.843 -212.142 70.2949 -22.556 145.359 70.4497 70.3383 -298.063 
70.8038 8.98554 -335.053 70.8448 57.8205 160.734 70.9758 85.9911 94.7575 
71.1476 34.8908 -146.758 71.2273 65.2664 -339.614 71.3222 87.4117 22.6197 
71.3737 51.4782 -89.8343 71.4676 -94.1513 -168.817 71.608 70.3179 -34.2445 
71.6526 -110.861 -301.172 71.7359 -69.2063 79.2318 71.8779 -6.39228 161.022 
71.8855 -112.771 1.76262 71.9591 -48.0364 -328.419 71.9799 65.1714 -286.57 
72.2418 84.0033 107.324 72.2838 -99.1888 33.1859 72.3201 -107.165 -223.549 
72.3539 66.221 150.921 72.4607 72.8136 -336.996 72.9731 76.5337 -330.789 
73.07 81.3233 119.22 73.187 -56.6208 97.6435 73.1956 72.6667 140.155 
73.2174 20.9543 -336.36 73.303 26.1115 169.885 73.3087 37.5846 -134.208 
73.3354 59.7138 -275.14 73.4548 77.423 129.773 73.5789 89.2205 35.3714 
73.5962 -113.44 -267.614 73.796 -43.946 116.948 73.8351 54.7323 -77.6403 
74.004 -94.7859 -180.947 74.0388 -35.7477 -329.74 74.0604 74.3609 -22.2354 
74.4747 -93.8215 -85.0748 74.6034 -103.516 -311.053 74.7441 -87.5692 51.12 
74.7683 -92.6643 -97.902 74.8476 -108.695 -235.022 74.8576 -29.3177 134.904 
74.8648 53.8868 -263.502 75.0778 -96.3394 -72.5029 75.0798 -115.1 -11.0209 
75.4517 -92.1509 -110.718 75.6106 40.4721 -121.625 75.8402 32.9117 -337.861 
75.8769 90.3421 48.2419 76.1261 -23.4904 -331.086 76.2424 -91.4095 -123.568 
76.3391 58.3409 -65.5546 76.5061 -92.1897 -317.446 76.5435 78.3046 -10.0628 
76.7285 4.72577 164.562 76.8348 -75.2712 68.8912 76.8616 -13.4661 151.429 
76.8648 -104.325 21.7872 76.898 -96.0596 -192.876 77.0447 47.4709 -251.627 
77.1217 -90.5304 -136.33 77.2008 75.62 -318.484 77.2361 -112.092 -279.613 
77.3482 38.5588 168.791 77.3821 -114.273 -24.257 77.788 -100.243 -61.1876 
77.9083 33.2695 -216.901 77.9131 30.6207 -204.67 77.9498 41.851 -240.099 
77.9901 -109.438 -246.258 77.9964 29.0078 -192.195 78.0133 43.5698 -109.216 
78.0141 37.0984 -228.689 78.1975 -89.5417 -149.011 78.2048 28.3141 -179.513 
78.2189 90.2474 61.2343 78.2833 -80.2261 -322.168 78.3084 -11.3231 -332.532 
78.5226 45.159 -339.066 78.5859 -62.5818 86.972 78.7248 -111.112 -37.2047 
78.7597 62.0973 -53.3934 78.7988 -106.05 -49.4422 78.8197 28.3535 -166.687 
79.0324 82.3212 2.20324 79.538 -49.7751 105.526 79.6332 -89.0078 -161.585 
79.7554 -93.4115 40.5739 79.7969 -97.8064 -204.614 79.8491 71.3881 -306.399 
79.9597 71.168 -337.664 80.0071 29.2533 -153.882 80.0963 -67.9618 -325.186 
80.2815 88.8299 74.1455 80.2906 -36.2244 124.331 80.4811 46.6698 -96.9175 
80.4902 57.8741 -339.616 80.5127 0.793976 -333.855 80.6797 50.4002 164.257 
80.7621 -100.671 -215.613 80.9647 -110.131 -291.485 81.1434 -108.729 9.84892 
81.1929 16.645 166.468 81.2761 66.3462 -41.5252 81.5182 -20.4511 141.289 
81.5506 85.6114 14.6582 81.5774 -109.179 -257.922 81.6818 66.3603 -294.61 
81.7837 -88.9631 -173.72 81.9525 87.6365 87.0161 81.9976 -81.0978 58.5166 
82.0156 31.3721 -141.279 82.0676 -55.6948 -327.037 82.6271 -103.045 -226.662 
82.6825 60.1429 155.642 82.7978 -3.45464 156.614 82.8323 12.817 -335.252 
82.9665 49.7547 -84.6422 83.0793 60.957 -282.964 83.319 85.5943 99.573 
83.5644 70.4145 -29.6798 83.7834 -68.4319 76.502 84.0267 87.8885 27.3623 
84.0393 68.3548 145.74 84.1068 -43.5454 -328.657 84.2607 83.0363 111.85 
84.2947 55.2535 -271.271 84.5055 34.3401 -128.786 84.5841 -106.657 -302.902 
84.7253 74.5664 134.812 84.7725 79.3694 123.525 84.7867 -88.1478 -90.9023 
84.8764 -86.9609 -103.605 84.9229 -55.7944 94.7391 85.0497 -111.701 -2.77217 
85.0935 -89.3136 -185.265 85.1029 -98.9911 29.6228 85.3018 -86.09 -116.356 
85.3354 72.9864 -327.219 85.3478 -90.3483 -78.3635 85.3587 24.8889 -336.662 
85.4606 -108.563 -269.786 85.5972 53.319 -72.5497 85.6155 -104.182 -237.566 
85.7032 28.8252 167.232 85.7721 -42.4796 113.266 85.9669 74.2756 -17.615 
85.9979 -85.3698 -129.124 86.1861 -31.4124 -330.007 86.4332 88.9096 40.2789 
86.6186 -84.3003 -141.842 86.7015 -27.6788 131.148 86.8728 -94.1555 -66.243 
86.9018 37.4543 -116.249 86.9547 -98.2584 -312.367 87.1552 -86.8229 48.0286 
87.4881 -83.6271 -154.628 87.7884 -112.551 -15.95 87.8374 47.9352 -258.623 
87.8534 -11.0073 147.284 87.8619 23.5063 -186.339 87.9646 37.2079 -338.042 
87.9729 7.3362 160.953 88.0194 24.9905 -198.971 88.0295 -100.595 -54.0208 
88.1131 56.8879 -60.3917 88.126 23.0536 -173.68 88.2153 27.4329 -211.568 
88.3124 -19.2784 -331.535 88.538 78.2529 -5.40078 88.5412 31.0895 -223.772 
88.6012 -87.0899 -318.859 88.7239 23.2614 -160.952 88.7695 -90.4474 -197.055 
88.8368 89.545 53.2624 88.9193 70.9226 -314.949 88.936 -83.5085 -167.1 
89.0099 35.8521 -235.355 89.0207 -74.1865 66.0667 89.0702 -104.413 -248.14 
89.1144 41.4596 -246.792 89.2379 40.5898 -103.897 89.2404 -97.1641 -218.271 
89.3599 -110.647 -29.3013 89.4113 -106.064 -41.9917 89.4632 -107.404 -281.666 
89.615 41.1292 165.052 89.9316 -103.312 17.8823 90.1852 49.6815 -338.747 
90.2592 24.4493 -148.225 90.3619 -7.25146 -332.894 90.3901 -61.702 84.3299 
90.394 -75.213 -323.176 90.6327 60.8885 -48.4992 90.9625 66.371 -302.893 
90.964 64.8297 -335.66 91.0232 88.8912 66.2803 91.1764 -48.601 102.565 
91.3088 81.7893 6.93581 91.5769 43.6908 -91.5816 92.0884 -34.5124 120.638 
92.3466 -63.1972 -325.639 92.4103 52.2486 158.746 92.4624 61.2619 -291.038 
92.4698 4.74991 -334.203 92.5429 -92.1441 37.1512 92.6578 26.9565 -135.742 
92.8276 65.1361 -36.819 92.8569 87.6386 79.1607 92.9454 -18.6242 137.617 
92.9793 -98.5711 -229.727 93.0112 -104.118 -259.662 93.2273 18.7809 163.848 
93.3199 -82.2821 -177.204 93.425 -105.842 -293.557 93.4989 55.8914 -279.32 
93.8007 -1.13158 152.8 93.8866 50.2776 -267.807 93.934 -91.573 -209.339 
93.9834 -95.0924 -57.4562 94.0434 84.527 19.5069 94.0996 -81.3041 -96.6611 
94.1521 -80.1804 -109.282 94.1902 -106.835 5.5211 94.2834 -79.6262 55.4624 
94.3677 61.871 150.039 94.3692 86.1516 91.9702 94.3842 47.155 -79.4051 
94.3845 -51.1154 -327.33 94.5313 -83.0837 -84.0561 94.5532 -79.2968 -122.028 
94.9206 69.0314 -24.9852 94.9244 16.8107 -335.578 94.9801 -78.3802 -134.732 
95.3915 29.8812 -123.184 95.4332 83.6107 104.483 95.4453 -77.5718 -147.538 
95.6584 69.8369 139.878 95.7059 -67.016 73.6738 95.7243 -78.0309 -160.855 
96.0552 80.2635 116.702 96.1697 75.819 128.578 96.1982 -86.1804 -71.8398 
96.2402 -99.0662 -239.032 96.4051 66.8288 -323.91 96.4057 -39.0588 -328.878 
96.5422 -101.13 -304.985 96.6964 86.3159 32.3167 96.7212 -82.9448 -188.879 
96.7335 -54.433 92.0385 96.9347 16.1989 -167.696 96.9424 16.6258 -180.407 
97.0841 50.6201 -67.2187 97.173 -103.387 -271.557 97.4026 72.9657 -12.8954 
97.4265 18.1186 -193.039 97.5352 -40.9203 110.172 97.5705 29.0664 -337.024 
97.6286 -108.34 -7.59402 97.7051 33.0237 -110.671 97.7482 -96.59 25.7718 
97.7773 20.7274 -205.733 97.8053 16.705 -155.005 97.8129 30.8152 163.685 
98.0775 -99.3757 -46.4372 98.2995 24.0902 -218.497 98.3035 -26.1623 127.754 
98.438 -26.9739 -330.216 98.7247 -92.4796 -314.404 99.1256 -9.30311 143.884 
99.1505 28.6608 -230.501 99.1602 86.8352 45.3029 99.2762 -107.437 -20.9088 
99.3771 64.428 -311.484 99.4404 36.3407 -98.5052 99.5933 -84.6886 44.6566 
99.6055 -98.9953 -248.633 99.6163 -103.979 -34.1138 99.6186 9.29348 157.612 
99.6374 -92.3034 -221.812 99.8614 54.5162 -55.2519 99.9159 18.442 -142.445 
99.9372 -89.5898 -60.8916 99.9731 34.1291 -242.049 99.9761 41.2556 -337.462 
100.264 76.1974 -0.500498 100.315 40.2559 -253.616 100.398 -84.455 -200.96 
100.45 -14.9889 -331.698 100.533 -81.6304 -320.39 100.922 52.6434 -334.636 
101.023 59.1227 -332.491 101.103 -72.1813 63.0118 101.321 42.7926 160.017 
101.322 60.2855 -299.357 101.379 -102.274 -283.579 101.401 58.2446 -43.5745 
101.463 86.7224 58.3037 101.64 45.2957 -264.808 101.793 39.7826 -86.18 
102.303 -59.8207 81.4575 102.304 -3.1482 -332.979 102.476 -73.5086 -102.346 
102.534 55.3785 -287.574 102.547 -72.3353 -115.037 102.599 -100.394 13.733 
102.616 -70.1355 -324.007 102.82 20.9513 -129.956 102.831 62.4994 -32.1787 
102.846 -74.9426 -89.7499 102.864 -71.5152 -127.749 102.929 50.1891 -275.901 
103.032 -70.7029 -140.469 103.162 -46.7885 99.7536 103.297 79.1956 11.8997 
103.306 -70.7601 -153.588 103.48 86.0959 71.283 103.781 -72.1151 -167.174 
103.879 -32.9586 117.593 103.883 53.9205 153.17 104.145 -98.3919 -261.174 
104.2 -77.1789 -77.3393 104.399 8.74337 -334.397 104.407 -17.3259 134.536 
104.602 -92.8037 -235.15 104.797 8.3341 -161.678 104.894 -88.9711 33.3928 
104.923 8.58836 -174.327 105.051 -73.8223 -180.264 105.098 20.6243 160.3 
105.162 0.404447 149.622 105.208 85.1044 84.2389 105.215 43.2403 -73.9232 
105.224 -85.5264 -213.253 105.288 -91.723 -50.6496 105.362 -100.411 -295.645 
105.411 66.4507 -20.2676 105.466 -58.892 -326.063 105.775 23.3824 -117.152 
105.884 9.76885 -186.856 105.951 63.5227 144.312 106.16 9.2434 -149.131 
106.17 81.2761 24.5637 106.196 60.4406 -320.146 106.471 -102.502 0.713007 
106.508 -76.8807 52.1281 106.539 83.3696 97.0698 106.759 -75.9189 -192.578 
106.938 12.2203 -199.474 106.991 -46.6408 -327.595 107.085 -80.1764 -65.6443 
107.086 20.9276 -335.623 107.158 70.7895 133.628 107.298 80.2859 109.609 
107.367 15.7264 -212.508 107.487 76.0615 121.819 107.757 -64.5629 70.6737 
107.81 31.4699 -93.3276 108.043 -95.8258 -38.777 108.123 20.4664 -225.34 
108.402 -95.5599 -307.383 108.46 69.7093 -7.91926 108.485 -102.295 -12.6123 
108.538 46.4872 -61.5166 108.699 -97.6775 -273.339 108.7 -34.4764 -329.132 
108.793 -52.1221 89.1946 108.942 10.8455 -136.677 108.956 82.6075 37.3998 
108.998 55.3313 -39.7144 109.14 -99.9054 -25.958 109.424 32.6326 158.979 
109.433 57.7132 -308.046 109.554 25.542 -237.291 109.65 -39.0904 107.512 
109.746 -64.609 -108.108 109.768 -92.3058 21.4932 109.781 -62.3642 -146.502 
109.912 33.3097 -336.24 109.922 -63.6027 -120.842 110.016 -62.9369 -133.616 
110.104 -24.711 124.95 110.207 -66.2814 -95.4007 110.244 -92.5924 -250.4 
110.392 -85.9856 -226.208 110.41 31.3712 -249.061 110.436 -87.0466 -316.827 
110.445 -77.6564 -204.687 110.518 -8.17084 141.142 110.716 -22.5628 -330.461 
110.732 54.3386 -328.82 110.841 -75.3633 -322.488 110.853 -62.9496 -159.645 
110.962 37.5826 -260.927 110.972 24.273 -102.295 111.028 34.7286 -80.7244 
111.029 -68.0389 -82.7901 111.067 53.4255 -296.084 111.158 -83.1566 -54.6207 
111.159 10.936 154.121 111.247 44.6682 -333.809 111.436 82.9453 50.3368 
111.489 -68.2927 -183.594 111.507 72.286 4.56899 111.526 -0.381516 -168.417 
111.637 -80.6162 40.7713 111.815 -0.221351 -155.903 111.833 48.5675 -284.202 
111.858 43.4732 -272.485 112 59.0044 -27.6031 112.05 12.46 -124.058 
112.426 49.2457 -48.6959 112.47 -10.8518 -331.969 112.576 0.462698 -180.943 
112.819 44.4961 154.863 113.044 -62.9486 -173.191 113.073 -68.7331 59.7134 
113.08 -96.4813 -285.551 113.13 -70.6723 -70.4883 113.715 82.9072 63.306 
113.736 0.65434 -143.595 113.918 -94.655 8.88943 113.959 0.772233 -333.219 
114.339 -56.9379 78.4403 114.371 2.11998 -193.252 114.386 -69.3781 -196.009 
114.609 -86.616 -43.1317 114.66 37.4294 -68.0411 114.805 74.8171 17.0103 
115.176 -78.3183 -217.177 115.248 -92.0555 -262.935 115.294 25.8572 -87.8357 
115.302 -53.2037 -139.651 115.327 -44.4835 97.1745 115.374 55.3159 147.585 
115.46 13.7881 -111.027 115.485 -85.7084 -240.017 115.525 62.0842 -15.1659 
115.674 -53.1432 -152.594 115.718 82.388 76.318 115.925 4.6128 -205.797 
116.035 -31.1055 115.135 116.148 -10.3036 -162.726 116.16 -54.0445 -126.918 
116.218 -54.9453 -114.042 116.236 53.2838 -317.048 116.246 -73.8177 -58.768 
116.257 -16.1328 132.097 116.407 12.671 -334.414 116.42 -56.5473 -101.196 
116.499 1.54172 -131.159 116.562 -83.6738 29.0561 116.583 -95.1356 -4.37798 
116.73 1.58116 146.903 116.732 -90.3171 -30.7863 116.808 8.81212 -218.975 
116.846 -61.4065 -187.081 116.853 22.2131 156.636 116.938 -9.82491 -175.324 
116.968 -10.0868 -150.378 117.017 -58.4289 -88.2988 117.293 -94.7545 -297.814 
117.305 63.9232 137.888 117.361 81.2999 89.3092 117.411 15.785 -232.434 
117.48 -53.0719 -165.647 117.557 51.0175 -34.9937 117.62 -93.7411 -17.8211 
117.84 76.4665 29.6734 118.204 -72.3312 48.4826 118.3 -60.5163 -75.6165 
118.374 70.3823 126.746 118.401 78.9851 102.158 118.568 40.1549 -55.2948 
118.58 -69.7865 -208.521 118.621 17.2442 -95.2416 118.685 -54.5094 -326.367 
118.726 75.3281 114.72 118.857 49.8673 -304.959 118.882 -8.6565 -187.67 
118.92 64.6718 -2.69843 119.045 28.0776 -74.9605 119.067 -20.8123 -157.169 
119.073 -42.7824 -145.731 119.146 -9.63906 -137.912 119.293 21.2485 -244.339 
119.397 1.81055 -118.721 119.448 -41.8657 -328.021 119.495 -42.486 -158.574 
119.564 -20.4478 -169.724 119.583 -60.739 67.3655 119.612 -52.2434 -179.005 
119.625 25.1657 -334.856 119.672 -68.0342 -324.174 119.768 -76.8422 -47.2366 
119.875 -43.3008 -132.995 119.946 45.4533 -292.888 120.037 -91.2424 -275.26 
120.053 -78.2031 -230.079 120.137 -31.6883 -151.572 120.267 -20.7031 -144.735 
120.295 46.3413 -325.777 120.432 40.4753 -280.902 120.574 -85.4817 16.6709 
120.58 27.4056 -256.349 120.627 -31.3405 -164.237 120.731 77.6096 42.4387 
120.732 -63.3001 -63.3788 120.786 -85.3233 -252.735 120.806 -91.0276 -310.52 
120.837 -49.1354 86.4007 120.84 -44.207 -120.227 120.874 34.0655 -268.542 
120.907 -41.9125 -171.509 120.973 -31.9165 -138.924 121.029 9.02466 -101.341 
121.057 34.2483 154.799 121.181 -60.9907 -200.042 121.204 -29.7628 -329.607 
121.293 53.6493 -22.3332 121.298 -7.08616 -199.819 121.472 36.9081 -331.412 
121.536 -19.6193 -182.259 121.57 -81.3434 -319.52 121.635 -45.8222 -107.218 
121.826 -36.7592 105.138 121.91 -48.078 -93.9858 122.12 18.5492 -82.0427 
122.135 -9.43067 -125.596 122.15 -30.7335 -176.896 122.262 -20.8019 -132.162 
122.268 -23.1774 122.872 122.415 -7.26017 139.03 122.416 67.1816 9.6503 
122.435 -79.9999 -35.2834 122.504 42.3992 -42.188 122.507 -50.0121 -80.9621 
122.609 1.0069 -106.779 122.612 -74.4903 36.5743 122.706 30.2896 -62.0281 
122.773 -32.5708 -126.287 122.801 -51.2014 -192.169 122.83 11.9443 151.373 
122.928 -41.1218 -184.443 123.315 6.13609 -227.815 123.368 -86.5082 3.68213 
123.421 78.2971 55.3005 123.638 -18.032 -331.022 123.645 -66.1468 -51.4079 
123.65 -69.9259 -220.897 123.675 -5.65813 -211.877 123.845 -18.5514 -194.486 
124.227 45.8523 149.76 124.24 -63.4862 55.9142 124.272 -83.2056 -22.6784 
124.309 -52.2396 -68.3228 124.354 -6.93491 -332.379 124.396 9.33064 -88.7673 
124.458 -9.89057 -113.279 124.526 -29.9749 -189.376 124.62 -33.9164 -113.569 
124.754 -85.6611 -9.55475 124.784 -90.2233 -287.65 124.941 -21.5156 -119.781 
125.053 56.0661 -9.81063 125.329 -77.5756 -242.856 125.387 44.7103 -314.094 
125.441 4.292 -333.412 125.602 -60.6211 -212.439 125.611 19.8706 -69.0295 
125.716 -84.5546 -265.052 125.756 -0.074051 -94.9967 125.821 78.3953 68.2625 
125.878 69.3353 22.0681 125.901 -39.4549 -86.3847 125.904 -52.6749 75.212 
125.918 -36.612 -100.107 126.09 10.392 -239.701 126.17 -40.2895 -196.922 
126.183 -75.8271 24.3632 126.265 44.5575 -29.3768 126.379 -17.3679 -206.671 
126.419 -68.9583 -39.4575 126.473 55.7505 141.392 126.48 32.7431 -49.1315 
126.498 -10.3425 -101.227 126.572 -50.6535 -204.484 126.699 -54.8062 -55.9792 
126.822 -22.053 -107.395 126.988 -28.9739 -201.618 127.131 -4.23905 -223.483 
127.193 40.9712 -301.818 127.261 -41.3241 -73.5216 127.465 -41.6907 94.6119 
127.483 9.57381 -76.1083 127.675 77.6305 81.3304 127.675 32.3162 -277.585 
127.812 36.8331 -289.626 127.971 -29.1008 -91.6662 128.134 23.4893 152.575 
128.249 -20.5708 -96.0079 128.366 -29.3077 113.258 128.396 -15.0564 130.395 
128.465 63.5169 131.256 128.518 -65.6083 44.1616 128.537 16.3651 -332.832 
128.545 -71.7129 -27.1588 128.582 -0.315003 -82.7431 128.609 -68.997 -233.394 
128.61 15.8519 -251.671 128.678 2.22157 144.872 128.74 -10.2862 -89.3003 
128.983 58.6273 2.45124 128.994 75.9597 94.3804 128.998 -76.4475 11.6395 
129.143 -30.5641 -78.7747 129.284 21.8801 -56.0621 129.299 71.1757 34.5786 
129.376 -57.4042 -43.9204 129.429 37.3937 -322.359 129.453 -43.483 -61.0173 
129.526 69.2488 119.708 129.541 -20.3948 -83.9405 129.579 -39.3154 -208.875 
129.583 -88.6474 -300.111 129.687 73.3275 107.27 129.886 46.4344 -16.673 
129.897 -15.9457 -218.341 130.048 34.7676 -36.2209 130.208 -76.5507 -255.177 
130.248 -74.5374 -14.5376 130.287 -76.147 -1.47628 130.31 -27.6549 -213.6 
130.388 -48.821 -326.783 130.511 -61.3323 -324.632 130.541 -55.3358 63.7171 
130.604 -59.8604 -224.506 130.703 -83.5886 -277.309 130.757 21.0095 -263.347 
130.844 28.0626 -329.157 130.871 -49.6073 -216.458 130.934 10.1647 -63.3916 
130.989 -10.71 -76.9679 131.065 -32.2183 -66.1527 131.299 -66.0898 31.8299 
131.3 -1.73173 -234.718 131.414 -0.601167 -70.3073 131.683 -59.7661 -31.6727 
131.707 -36.6439 -328.737 131.715 -21.3325 -71.4793 131.809 -45.6677 -48.7259 
132.185 35.5128 150.261 132.428 -74.2648 -321.188 132.478 72.5154 47.2579 
132.693 -45.3955 83.5007 132.731 -4.56012 -332.48 132.777 61.0583 14.7041 
132.789 24.155 -42.9048 132.935 25.1764 -274.826 133.047 -84.2909 -312.301 
133.311 35.2661 -310.546 133.399 36.2885 -23.3431 133.535 -67.9787 -245.746 
133.552 -62.3729 -19.1496 133.58 -11.4342 -64.5697 133.612 -34.0069 -53.7776 
133.688 -37.94 -220.744 133.827 -66.403 19.3354 133.923 -47.728 -36.4336 
134.069 -14.0603 -229.907 134.091 -22.5685 -59.1196 134.115 -34.4243 103.059 
134.15 48.9117 -4.48638 134.192 -56.6483 51.7942 134.282 11.8707 -50.2616 
134.282 28.2819 -286.467 134.405 31.7793 -298.396 134.406 3.43127 -246.854 
134.482 -0.977478 -57.9768 134.517 -24.8544 -330.296 134.563 -21.7598 121.273 
134.62 -6.55547 137.642 134.677 12.9012 148.353 134.699 -64.6133 -6.43501 
134.72 -65.8273 6.48576 134.73 -26.0425 -225.224 134.978 -75.4558 -267.452 
135.048 46.5767 144.216 135.259 -58.5626 -236.795 135.322 73.1799 60.1397 
135.367 -48.4307 -228.493 135.545 -82.0793 -289.509 135.801 -35.6495 -41.4089 
135.808 -49.931 -23.8945 135.912 25.9083 -29.735 136.181 -12.1644 -52.3021 
136.659 -23.6918 -46.7728 136.734 63.4354 26.8963 136.855 9.70789 -259.175 
136.93 -47.4744 71.8197 137.222 -57.2787 39.6554 137.254 7.34218 -331.616 
137.279 -1.6921 -45.8805 137.318 15.4743 -35.931 137.348 -52.1342 -11.272 
137.415 7.03505 -40.7425 137.423 -37.3161 -28.9085 137.581 72.9414 73.2157 
137.588 55.9217 135.666 137.6 38.1978 -10.9236 137.91 -36.4362 -232.649 
137.944 27.911 -318.794 138.134 -11.7998 -241.343 138.138 -66.5721 -257.957 
138.28 51.4274 7.64167 138.452 -12.9507 -40.018 138.459 -24.8733 -34.3171 
138.516 -54.104 1.4369 138.543 -56.7726 27.1587 138.752 -24.1793 -236.971 
138.834 13.999 -271.108 138.873 -39.0609 -16.3325 139.081 -55.5919 14.2528 
139.205 71.8959 86.416 139.389 27.2884 -17.0302 139.465 -2.55803 -33.8356 
139.496 18.5348 -326.635 139.605 -38.2091 91.9642 139.608 24.535 148.386 
139.641 -46.8054 -240.52 139.676 62.6461 124.81 139.698 -56.9642 -248.98 
139.869 -74.0339 -279.536 139.977 -25.9976 -21.8747 140.03 6.88721 -28.3834 
140.104 -79.7959 -301.603 140.133 16.7108 -22.8875 140.16 69.9313 99.5532 
140.264 -41.1014 -3.63371 140.264 -13.7095 -27.7596 140.309 25.0015 -307.019 
140.323 -48.4638 59.894 140.324 17.9206 -282.997 140.347 66.9148 112.478 
140.432 -1.30269 -255.435 140.477 -13.709 129.012 140.698 21.4681 -295.038 
140.731 -27.1807 111.492 140.759 65.6381 39.1624 140.958 3.25311 142.561 
141.139 -15.2614 -331.129 141.191 -54.7179 -324.536 141.323 -27.2403 -9.35371 
141.584 -3.09822 -21.6022 141.766 -43.4289 9.21811 141.801 -14.473 -15.399 
141.934 40.3055 1.28776 142.041 -42.971 -326.962 142.052 -65.6023 -320.819 
142.09 -48.1472 47.6026 142.114 -34.7444 -244.442 142.294 -10.5667 -252.436 
142.401 54.0538 19.7189 142.43 7.05875 -15.8561 142.767 -65.0149 -270.044 
142.79 -74.6997 -312.876 142.811 -45.8247 22.2951 142.812 36.2578 145.04 
142.849 -29.3472 3.515 143 17.4736 -10.1866 143.013 -22.411 -248.568 
143.146 28.5809 -4.498 143.236 -30.5224 -329.334 143.382 2.64663 -267.289 
143.384 -15.0559 -3.08843 143.391 -47.6415 35.1602 143.421 -3.51723 -9.26512 
144.032 -45.1695 -252.531 144.097 -40.5774 80.3676 144.309 -71.8742 -291.471 
144.359 -55.3694 -261.027 144.428 66.9327 51.9091 144.574 7.08034 -3.28736 
144.615 -34.7604 17.6663 144.797 16.9591 -315.662 144.819 -2.36147 -329.806 
144.886 46.9399 138.881 145.18 -28.313 14.9871 145.182 6.42968 -279.364 
145.185 -3.86092 3.20718 145.447 -15.4812 9.1892 145.899 18.0176 2.49062 
145.934 -8.75733 -263.673 145.962 -39.926 68.0157 146.137 42.5681 13.3525 
146.179 10.1422 -291.492 146.294 -36.8803 30.5157 146.421 -32.8933 -256.289 
146.542 -31.2136 100.704 146.549 13.827 -303.653 146.641 -4.63054 135.428 
146.766 14.2515 144.23 146.8 -38.0803 43.1194 146.882 29.8479 7.99625 
146.904 -19.5823 119.707 146.913 -62.7069 -282.093 146.97 7.02606 9.32881 
146.994 56.7033 31.5882 146.995 -20.5673 -260.078 147.244 -39.2173 55.6077 
147.373 67.8785 64.9647 147.498 -26.9032 26.3036 147.527 8.33444 -324.272 
147.722 -4.31642 15.6349 148.016 -15.8086 21.328 148.073 54.2856 129.39 
148.444 -68.8731 -303.265 148.539 -43.1524 -264.424 148.579 -53.1443 -273.061 
148.69 -5.37097 -275.603 149.014 18.2296 15.195 149.094 -27.3354 38.4925 
149.134 67.0886 78.2967 149.848 59.2572 117.683 150 6.72928 21.9118 
150.091 -16.3618 33.61 150.183 65.4042 91.7336 150.201 44.931 25.3279 
150.266 62.4908 104.854 150.358 -32.2906 88.6143 150.387 -30.4138 -268.171 
150.427 -4.90755 28.0963 150.458 -1.78596 -287.768 150.459 -17.6638 -271.897 
150.471 -28.494 50.9894 150.537 30.452 20.819 150.579 -63.8819 -314.734 
150.879 25.9984 142.15 151.125 -29.633 63.4993 151.245 -59.9959 -294.103 
151.34 58.4739 43.8405 151.371 5.71951 -312.36 151.436 1.92871 -299.99 
151.743 -57.0686 -317.55 151.928 -10.487 127.035 151.94 -31.5455 76.1605 
151.978 -17.1771 46.0213 152.156 -40.4176 -276.582 152.178 -50.2815 -285.289 
152.262 18.0166 28.1274 152.46 36.8254 30.0725 152.548 5.44538 137.66 
152.722 -5.58077 40.5864 152.781 -12.0414 -327.325 152.783 -23.0354 109.09 
152.907 -50.2553 -320.367 152.931 6.14221 34.5695 152.972 36.6762 138.099 
153.312 -3.05517 -321.172 153.319 -14.1984 -283.956 153.407 -18.2243 58.5112 
153.608 45.1024 133.015 153.73 -37.1322 -324.301 153.747 -24.0953 -326.667 
153.829 -27.3179 -280.274 154.347 47.6943 36.9112 154.638 -56.2978 -306.358 
154.644 -6.46968 53.1566 154.72 28.7199 34.817 154.769 -10.5025 -296.278 
154.82 -19.695 71.1935 155.332 5.37795 47.3362 155.341 -6.67845 -308.666 
155.394 17.2483 41.1594 155.619 59.8014 56.6225 155.775 -37.1682 -288.977 
156.065 -46.9671 -297.825 156.218 -7.70232 65.8345 156.527 -21.9404 83.9771 
156.677 -24.0463 96.9365 156.709 -23.6105 -292.586 156.845 -0.515732 130.187 
156.991 49.7337 122.478 157.069 16.4061 136.751 157.191 -15.8184 -317.389 
157.255 4.34833 60.1205 157.296 37.6718 42.6787 157.62 -19.7481 -305.19 
157.684 -13.5439 116.609 157.771 60.1698 70.0442 157.78 16.3213 54.175 
157.913 48.809 49.4384 157.95 -42.5407 -311.55 158.024 27.7079 48.1818 
158.164 -9.4678 78.6131 158.195 -33.2942 -301.793 158.411 53.316 110.093 
158.536 -28.991 -315.034 159.189 59.1243 83.7521 159.214 2.89846 72.9313 
159.387 56.6947 97.2258 159.702 28.1233 132.943 159.907 39.0484 127.358 
159.942 15.1645 67.1109 160.068 -3.13155 122.655 160.172 38.2015 55.4603 
160.284 27.0757 61.1828 160.378 -13.6262 104.507 160.465 7.12146 129.41 
160.513 -11.8115 91.4078 161.408 0.945163 85.7806 161.429 49.5569 62.292 
162.016 13.5962 79.9733 162.564 25.843 74.1616 162.666 37.9978 68.3252 
162.849 -2.66141 111.004 162.999 -1.14414 98.5348 163.375 18.6174 125.468 
163.531 42.3398 115.449 163.62 49.2118 75.5997 163.771 11.5671 92.9326 
163.888 30.3769 120.513 164.046 8.3612 117.681 164.479 36.6648 81.5289 
164.551 9.62771 105.63 164.566 24.1524 87.1827 164.715 47.428 89.1906 
165.124 45.2216 102.516 165.211 20.2814 112.897 165.454 22.1584 100.205 
166.041 32.5802 107.798 166.086 34.7108 94.7083 
POLYGONS 5994 23976
3 73 114 175 
3 175 114 196 
3 114 73 64 
3 175 86 73 
3 114 147 196 
3 259 175 196 
3 64 73 33 
3 147 114 64 
3 73 86 52 
3 175 149 86 
3 147 237 196 
3 175 259 225 
3 306 259 196 
3 73 52 33 
3 44 64 33 
3 110 147 64 
3 86 62 52 
3 115 86 149 
3 175 225 149 
3 237 306 196 
3 199 237 147 
3 259 339 225 
3 259 306 389 
3 52 28 33 
3 110 64 44 
3 44 33 18 
3 110 199 147 
3 52 62 39 
3 62 86 115 
3 193 115 149 
3 225 193 149 
3 237 369 306 
3 199 321 237 
3 225 339 300 
3 339 259 389 
3 306 456 389 
3 33 28 18 
3 28 52 39 
3 91 110 44 
3 31 44 18 
3 178 199 110 
3 62 46 39 
3 62 115 84 
3 115 193 159 
3 225 300 193 
3 369 456 306 
3 321 369 237 
3 289 321 199 
3 339 449 300 
3 496 339 389 
3 456 544 389 
3 28 9 18 
3 28 39 17 
3 178 110 91 
3 31 91 44 
3 31 18 13 
3 289 199 178 
3 46 23 39 
3 46 62 84 
3 115 159 84 
3 193 255 159 
3 193 300 255 
3 369 531 456 
3 478 369 321 
3 321 289 438 
3 300 449 392 
3 339 496 449 
3 544 496 389 
3 593 544 456 
3 18 9 13 
3 9 28 17 
3 39 23 17 
3 173 178 91 
3 93 91 31 
3 12 31 13 
3 275 289 178 
3 23 46 36 
3 68 46 84 
3 84 159 145 
3 255 226 159 
3 300 392 255 
3 531 593 456 
3 478 531 369 
3 478 321 438 
3 438 289 416 
3 449 548 392 
3 496 584 449 
3 496 544 627 
3 670 544 593 
3 9 6 13 
3 9 17 7 
3 23 15 17 
3 275 178 173 
3 173 91 93 
3 48 93 31 
3 48 31 12 
3 6 12 13 
3 289 275 416 
3 36 46 68 
3 23 36 22 
3 68 84 145 
3 159 226 145 
3 226 255 347 
3 255 392 347 
3 531 659 593 
3 612 531 478 
3 578 478 438 
3 557 438 416 
3 392 548 505 
3 449 584 548 
3 584 496 627 
3 544 670 627 
3 719 670 593 
3 6 9 7 
3 17 15 7 
3 15 23 22 
3 275 173 272 
3 173 93 136 
3 136 93 48 
3 38 48 12 
3 6 8 12 
3 416 275 401 
3 36 68 57 
3 36 35 22 
3 128 68 145 
3 226 214 145 
3 226 347 320 
3 392 505 347 
3 659 719 593 
3 612 659 531 
3 612 478 578 
3 557 578 438 
3 549 557 416 
3 505 548 637 
3 584 672 548 
3 706 584 627 
3 670 744 627 
3 670 719 792 
3 5 6 7 
3 7 15 10 
3 24 15 22 
3 272 173 181 
3 275 272 401 
3 173 136 181 
3 136 48 96 
3 96 48 38 
3 8 38 12 
3 8 6 5 
3 549 416 401 
3 68 128 57 
3 35 36 57 
3 35 34 22 
3 214 128 145 
3 226 320 214 
3 320 347 470 
3 347 505 470 
3 783 719 659 
3 730 659 612 
3 699 612 578 
3 676 578 557 
3 549 664 557 
3 548 672 637 
3 603 505 637 
3 584 706 672 
3 744 706 627 
3 670 792 744 
3 719 835 792 
3 5 7 10 
3 15 24 10 
3 34 24 22 
3 276 272 181 
3 272 399 401 
3 136 96 181 
3 96 38 90 
3 38 8 41 
3 8 5 11 
3 542 549 401 
3 128 119 57 
3 35 57 67 
3 34 35 47 
3 128 214 195 
3 320 298 214 
3 435 320 470 
3 505 603 470 
3 835 719 783 
3 783 659 730 
3 699 730 612 
3 676 699 578 
3 664 676 557 
3 653 664 549 
3 672 755 637 
3 725 603 637 
3 706 793 672 
3 744 825 706 
3 792 868 744 
3 835 902 792 
3 5 10 19 
3 24 29 10 
3 24 34 42 
3 399 272 276 
3 177 276 181 
3 399 542 401 
3 96 177 181 
3 90 38 41 
3 177 96 90 
3 41 8 11 
3 11 5 19 
3 542 653 549 
3 57 119 67 
3 128 195 119 
3 35 67 47 
3 50 34 47 
3 214 298 195 
3 298 320 435 
3 574 435 470 
3 603 574 470 
3 891 835 783 
3 783 730 841 
3 730 699 803 
3 785 699 676 
3 676 664 773 
3 761 664 653 
3 755 725 637 
3 672 793 755 
3 725 700 603 
3 706 825 793 
3 744 868 825 
3 792 902 868 
3 835 952 902 
3 10 29 19 
3 29 24 42 
3 34 50 42 
3 400 399 276 
3 177 271 276 
3 543 542 399 
3 90 41 103 
3 179 177 90 
3 45 41 11 
3 11 19 40 
3 653 542 652 
3 67 119 126 
3 119 195 189 
3 67 79 47 
3 69 50 47 
3 195 298 280 
3 298 435 404 
3 574 550 435 
3 603 700 574 
3 891 952 835 
3 891 783 841 
3 841 730 803 
3 699 785 803 
3 785 676 773 
3 664 761 773 
3 758 761 653 
3 755 843 725 
3 793 878 755 
3 700 725 809 
3 825 904 793 
3 825 868 942 
3 902 982 868 
3 952 1018 902 
3 29 43 19 
3 53 29 42 
3 50 63 42 
3 543 399 400 
3 271 400 276 
3 271 177 179 
3 652 542 543 
3 103 41 45 
3 179 90 103 
3 45 11 40 
3 19 43 40 
3 758 653 652 
3 119 189 126 
3 79 67 126 
3 195 280 189 
3 79 69 47 
3 75 50 69 
3 298 404 280 
3 435 550 404 
3 550 574 673 
3 574 700 673 
3 891 1004 952 
3 959 891 841 
3 910 841 803 
3 785 889 803 
3 881 785 773 
3 761 872 773 
3 858 761 758 
3 725 843 809 
3 755 878 843 
3 793 904 878 
3 700 809 789 
3 904 825 942 
3 868 982 942 
3 902 1018 982 
3 952 1074 1018 
3 29 53 43 
3 63 53 42 
3 75 63 50 
3 547 543 400 
3 407 400 271 
3 278 271 179 
3 656 652 543 
3 111 103 45 
3 179 103 185 
3 66 45 40 
3 43 61 40 
3 759 758 652 
3 189 192 126 
3 137 79 126 
3 189 280 267 
3 69 79 102 
3 75 69 83 
3 280 404 384 
3 550 526 404 
3 647 550 673 
3 700 789 673 
3 1004 1074 952 
3 959 1004 891 
3 910 959 841 
3 889 910 803 
3 881 889 785 
3 872 881 773 
3 872 761 858 
3 856 858 758 
3 843 929 809 
3 878 965 843 
3 904 988 878 
3 809 901 789 
3 904 942 1019 
3 982 1070 942 
3 982 1018 1099 
3 1018 1074 1143 
3 43 53 70 
3 63 77 53 
3 75 89 63 
3 656 543 547 
3 407 547 400 
3 407 271 278 
3 278 179 185 
3 656 759 652 
3 103 111 185 
3 111 45 66 
3 61 66 40 
3 43 70 61 
3 856 758 759 
3 192 137 126 
3 189 267 192 
3 79 137 102 
3 280 384 267 
3 69 102 83 
3 99 75 83 
3 404 526 384 
3 526 550 647 
3 766 647 673 
3 789 766 673 
3 1119 1074 1004 
3 959 1076 1004 
3 1024 959 910 
3 989 910 889 
3 975 889 881 
3 881 872 971 
3 970 872 858 
3 964 858 856 
3 809 929 901 
3 843 965 929 
3 878 988 965 
3 988 904 1019 
3 789 901 883 
3 942 1070 1019 
3 1070 982 1099 
3 1018 1143 1099 
3 1074 1185 1143 
3 53 77 70 
3 63 89 77 
3 89 75 99 
3 660 656 547 
3 547 407 552 
3 419 407 278 
3 291 278 185 
3 656 763 759 
3 185 111 194 
3 129 111 66 
3 66 61 95 
3 61 70 87 
3 860 856 759 
3 137 192 212 
3 192 267 273 
3 137 154 102 
3 267 384 371 
3 102 112 83 
3 101 99 83 
3 384 526 512 
3 526 647 632 
3 647 766 742 
3 789 883 766 
3 1185 1074 1119 
3 1076 1119 1004 
3 1076 959 1024 
3 989 1024 910 
3 975 989 889 
3 975 881 971 
3 872 970 971 
3 964 970 858 
3 960 964 856 
3 929 1010 901 
3 965 1044 929 
3 988 1078 965 
3 1104 988 1019 
3 901 992 883 
3 1070 1146 1019 
3 1070 1099 1184 
3 1143 1216 1099 
3 1185 1244 1143 
3 70 77 98 
3 89 109 77 
3 117 89 99 
3 763 656 660 
3 660 547 552 
3 407 419 552 
3 419 278 291 
3 291 185 194 
3 763 860 759 
3 111 129 194 
3 129 66 95 
3 61 87 95 
3 87 70 98 
3 960 856 860 
3 192 273 212 
3 137 212 154 
3 267 371 273 
3 154 112 102 
3 384 512 371 
3 112 101 83 
3 99 101 116 
3 526 632 512 
3 647 742 632 
3 766 859 742 
3 766 883 859 
3 1185 1119 1238 
3 1187 1119 1076 
3 1076 1024 1142 
3 1096 1024 989 
3 975 1071 989 
3 1056 975 971 
3 970 1068 971 
3 1075 970 964 
3 1043 964 960 
3 901 1010 992 
3 929 1044 1010 
3 965 1078 1044 
3 988 1104 1078 
3 1146 1104 1019 
3 883 992 976 
3 1146 1070 1184 
3 1099 1216 1184 
3 1244 1216 1143 
3 1185 1294 1244 
3 77 109 98 
3 109 89 117 
3 117 99 116 
3 763 660 768 
3 665 660 552 
3 419 559 552 
3 433 419 291 
3 303 291 194 
3 860 763 870 
3 194 129 215 
3 155 129 95 
3 87 130 95 
3 87 98 122 
3 960 860 968 
3 212 273 284 
3 212 228 154 
3 371 367 273 
3 112 154 170 
3 371 512 500 
3 112 121 101 
3 116 101 113 
3 512 632 620 
3 632 742 731 
3 859 839 742 
3 883 976 859 
3 1119 1187 1238 
3 1294 1185 1238 
3 1187 1076 1142 
3 1024 1096 1142 
3 1071 1096 989 
3 1056 1071 975 
3 1068 1056 971 
3 1075 1068 970 
3 1043 1075 964 
3 1043 960 1053 
3 1010 1103 992 
3 1044 1125 1010 
3 1044 1078 1159 
3 1104 1186 1078 
3 1146 1220 1104 
3 976 992 1086 
3 1146 1184 1267 
3 1216 1307 1184 
3 1244 1307 1216 
3 1294 1354 1244 
3 98 109 132 
3 139 109 117 
3 144 117 116 
3 660 665 768 
3 870 763 768 
3 559 665 552 
3 419 433 559 
3 433 291 303 
3 303 194 215 
3 968 860 870 
3 129 155 215 
3 130 155 95 
3 130 87 122 
3 122 98 132 
3 1053 960 968 
3 273 367 284 
3 212 284 228 
3 154 228 170 
3 367 371 500 
3 112 170 121 
3 512 620 500 
3 101 121 113 
3 135 116 113 
3 632 731 620 
3 742 839 731 
3 859 953 839 
3 976 953 859 
3 1187 1298 1238 
3 1347 1294 1238 
3 1257 1187 1142 
3 1096 1205 1142 
3 1171 1096 1071 
3 1130 1071 1056 
3 1068 1138 1056 
3 1167 1068 1075 
3 1075 1043 1115 
3 1115 1043 1053 
3 992 1103 1086 
3 1010 1125 1103 
3 1125 1044 1159 
3 1078 1186 1159 
3 1104 1220 1186 
3 1220 1146 1267 
3 1072 976 1086 
3 1184 1307 1267 
3 1244 1354 1307 
3 1294 1404 1354 
3 109 139 132 
3 144 139 117 
3 135 144 116 
3 665 778 768 
3 879 870 768 
3 674 665 559 
3 559 433 570 
3 433 303 450 
3 325 303 215 
3 974 968 870 
3 155 238 215 
3 191 155 130 
3 160 130 122 
3 157 122 132 
3 1069 1053 968 
3 284 367 355 
3 228 284 355 
3 228 252 170 
3 367 500 488 
3 170 190 121 
3 500 620 607 
3 121 146 113 
3 135 113 141 
3 620 731 716 
3 839 826 731 
3 839 953 938 
3 976 1072 953 
3 1298 1347 1238 
3 1187 1257 1298 
3 1404 1294 1347 
3 1205 1257 1142 
3 1096 1171 1205 
3 1130 1171 1071 
3 1138 1130 1056 
3 1138 1068 1167 
3 1189 1167 1075 
3 1189 1075 1115 
3 1151 1115 1053 
3 1103 1195 1086 
3 1125 1211 1103 
3 1125 1159 1237 
3 1186 1263 1159 
3 1186 1220 1289 
3 1374 1220 1267 
3 1178 1072 1086 
3 1307 1390 1267 
3 1354 1417 1307 
3 1404 1459 1354 
3 139 162 132 
3 139 144 168 
3 144 135 164 
3 778 879 768 
3 778 665 674 
3 974 870 879 
3 674 559 570 
3 570 433 450 
3 303 325 450 
3 238 325 215 
3 974 1069 968 
3 238 155 191 
3 191 130 160 
3 157 160 122 
3 162 157 132 
3 1151 1053 1069 
3 367 488 355 
3 252 228 355 
3 252 190 170 
3 488 500 607 
3 190 146 121 
3 620 716 607 
3 113 146 141 
3 163 135 141 
3 731 826 716 
3 839 938 826 
3 953 1052 938 
3 1072 1052 953 
3 1298 1403 1347 
3 1257 1359 1298 
3 1490 1404 1347 
3 1318 1257 1205 
3 1171 1283 1205 
3 1130 1243 1171 
3 1210 1130 1138 
3 1138 1167 1242 
3 1272 1167 1189 
3 1223 1189 1115 
3 1151 1223 1115 
3 1195 1178 1086 
3 1103 1211 1195 
3 1211 1125 1237 
3 1159 1263 1237 
3 1263 1186 1289 
3 1220 1374 1289 
3 1390 1374 1267 
3 1072 1178 1161 
3 1307 1417 1390 
3 1354 1459 1417 
3 1459 1404 1529 
3 162 139 168 
3 168 144 164 
3 164 135 163 
3 778 885 879 
3 778 674 788 
3 981 974 879 
3 685 674 570 
3 579 570 450 
3 325 466 450 
3 348 325 238 
3 974 1081 1069 
3 268 238 191 
3 223 191 160 
3 206 160 157 
3 157 162 203 
3 1172 1151 1069 
3 488 487 355 
3 364 252 355 
3 190 252 279 
3 598 488 607 
3 146 190 219 
3 716 709 607 
3 141 146 188 
3 163 141 186 
3 826 815 716 
3 826 938 925 
3 938 1052 1038 
3 1052 1072 1161 
3 1403 1490 1347 
3 1359 1403 1298 
3 1359 1257 1318 
3 1404 1490 1529 
3 1283 1318 1205 
3 1243 1283 1171 
3 1210 1243 1130 
3 1210 1138 1242 
3 1167 1272 1242 
3 1272 1189 1301 
3 1189 1223 1301 
3 1223 1151 1256 
3 1195 1285 1178 
3 1211 1305 1195 
3 1320 1211 1237 
3 1263 1343 1237 
3 1263 1289 1364 
3 1289 1374 1364 
3 1483 1374 1390 
3 1178 1268 1161 
3 1417 1500 1390 
3 1417 1459 1518 
3 1459 1529 1572 
3 162 168 209 
3 168 164 204 
3 164 163 202 
3 885 981 879 
3 885 778 788 
3 788 674 685 
3 1081 974 981 
3 685 570 579 
3 466 579 450 
3 466 325 348 
3 348 238 268 
3 1081 1172 1069 
3 268 191 223 
3 223 160 206 
3 206 157 203 
3 203 162 209 
3 1151 1172 1256 
3 487 364 355 
3 488 598 487 
3 252 364 279 
3 190 279 219 
3 709 598 607 
3 146 219 188 
3 716 815 709 
3 141 188 186 
3 163 186 213 
3 815 826 925 
3 938 1038 925 
3 1052 1147 1038 
3 1147 1052 1161 
3 1490 1403 1466 
3 1466 1403 1359 
3 1433 1359 1318 
3 1490 1615 1529 
3 1283 1398 1318 
3 1283 1243 1363 
3 1331 1243 1210 
3 1324 1210 1242 
3 1272 1351 1242 
3 1379 1272 1301 
3 1223 1335 1301 
3 1335 1223 1256 
3 1285 1268 1178 
3 1305 1285 1195 
3 1211 1320 1305 
3 1343 1320 1237 
3 1263 1364 1343 
3 1374 1467 1364 
3 1374 1483 1467 
3 1500 1483 1390 
3 1268 1252 1161 
3 1500 1417 1518 
3 1459 1572 1518 
3 1529 1644 1572 
3 209 168 204 
3 204 164 202 
3 202 163 213 
3 885 991 981 
3 894 885 788 
3 797 788 685 
3 1091 1081 981 
3 698 685 579 
3 579 466 591 
3 491 466 348 
3 382 348 268 
3 1190 1172 1081 
3 268 223 312 
3 263 223 206 
3 246 206 203 
3 242 203 209 
3 1172 1276 1256 
3 487 499 364 
3 598 604 487 
3 364 385 279 
3 219 279 305 
3 598 709 710 
3 188 219 248 
3 709 815 811 
3 186 188 222 
3 213 186 221 
3 919 815 925 
3 1038 1030 925 
3 1147 1136 1038 
3 1252 1147 1161 
3 1490 1466 1577 
3 1433 1466 1359 
3 1398 1433 1318 
3 1615 1644 1529 
3 1615 1490 1577 
3 1398 1283 1363 
3 1243 1331 1363 
3 1324 1331 1210 
3 1351 1324 1242 
3 1379 1351 1272 
3 1413 1379 1301 
3 1335 1413 1301 
3 1360 1335 1256 
3 1285 1376 1268 
3 1305 1392 1285 
3 1320 1412 1305 
3 1320 1343 1431 
3 1364 1455 1343 
3 1467 1455 1364 
3 1467 1483 1573 
3 1500 1586 1483 
3 1252 1268 1357 
3 1596 1500 1518 
3 1572 1597 1518 
3 1572 1644 1672 
3 239 209 204 
3 234 204 202 
3 231 202 213 
3 991 1091 981 
3 991 885 894 
3 797 894 788 
3 797 685 698 
3 1190 1081 1091 
3 698 579 591 
3 466 491 591 
3 491 348 382 
3 382 268 312 
3 1190 1276 1172 
3 223 263 312 
3 263 206 246 
3 246 203 242 
3 242 209 239 
3 1276 1360 1256 
3 364 499 385 
3 487 604 499 
3 598 710 604 
3 279 385 305 
3 219 305 248 
3 709 811 710 
3 188 248 222 
3 815 919 811 
3 186 222 221 
3 213 221 236 
3 1030 919 925 
3 1136 1030 1038 
3 1147 1236 1136 
3 1147 1252 1236 
3 1466 1546 1577 
3 1433 1546 1466 
3 1433 1398 1511 
3 1644 1615 1728 
3 1697 1615 1577 
3 1481 1398 1363 
3 1331 1453 1363 
3 1430 1331 1324 
3 1324 1351 1435 
3 1351 1379 1463 
3 1492 1379 1413 
3 1335 1444 1413 
3 1444 1335 1360 
3 1268 1376 1357 
3 1392 1376 1285 
3 1412 1392 1305 
3 1412 1320 1431 
3 1343 1455 1431 
3 1467 1558 1455 
3 1483 1586 1573 
3 1558 1467 1573 
3 1500 1596 1586 
3 1340 1252 1357 
3 1597 1596 1518 
3 1572 1672 1597 
3 1644 1755 1672 
3 234 239 204 
3 231 234 202 
3 231 213 236 
3 1091 991 1106 
3 1002 991 894 
3 899 894 797 
3 804 797 698 
3 1207 1190 1091 
3 707 698 591 
3 491 613 591 
3 519 491 382 
3 420 382 312 
3 1299 1276 1190 
3 263 342 312 
3 308 263 246 
3 246 242 290 
3 282 242 239 
3 1276 1387 1360 
3 499 515 385 
3 499 604 617 
3 604 710 715 
3 385 411 305 
3 305 328 248 
3 811 816 710 
3 248 281 222 
3 919 918 811 
3 222 254 221 
3 236 221 249 
3 1030 1027 919 
3 1133 1030 1136 
3 1236 1225 1136 
3 1252 1340 1236 
3 1546 1658 1577 
3 1546 1433 1511 
3 1398 1481 1511 
3 1615 1697 1728 
3 1644 1728 1755 
3 1658 1697 1577 
3 1453 1481 1363 
3 1430 1453 1331 
3 1430 1324 1435 
3 1351 1463 1435 
3 1379 1492 1463 
3 1522 1492 1413 
3 1444 1522 1413 
3 1470 1444 1360 
3 1376 1468 1357 
3 1392 1486 1376 
3 1412 1506 1392 
3 1527 1412 1431 
3 1455 1544 1431 
3 1455 1558 1544 
3 1586 1680 1573 
3 1666 1558 1573 
3 1596 1685 1586 
3 1451 1340 1357 
3 1596 1597 1684 
3 1597 1672 1684 
3 1672 1755 1772 
3 274 239 234 
3 234 231 265 
3 257 231 236 
3 991 1002 1106 
3 1207 1091 1106 
3 1002 894 899 
3 899 797 804 
3 707 804 698 
3 1299 1190 1207 
3 613 707 591 
3 613 491 519 
3 420 519 382 
3 342 420 312 
3 1276 1299 1387 
3 308 342 263 
3 308 246 290 
3 242 282 290 
3 282 239 274 
3 1387 1470 1360 
3 385 515 411 
3 515 499 617 
3 604 715 617 
3 710 816 715 
3 411 328 305 
3 248 328 281 
3 811 918 816 
3 222 281 254 
3 1027 918 919 
3 221 254 249 
3 258 236 249 
3 1030 1133 1027 
3 1225 1133 1136 
3 1236 1319 1225 
3 1340 1319 1236 
3 1658 1546 1624 
3 1624 1546 1511 
3 1481 1594 1511 
3 1697 1811 1728 
3 1728 1840 1755 
3 1697 1658 1776 
3 1481 1453 1569 
3 1547 1453 1430 
3 1534 1430 1435 
3 1463 1550 1435 
3 1492 1575 1463 
3 1605 1492 1522 
3 1444 1552 1522 
3 1444 1470 1552 
3 1468 1451 1357 
3 1486 1468 1376 
3 1506 1486 1392 
3 1527 1506 1412 
3 1544 1527 1431 
3 1558 1652 1544 
3 1680 1666 1573 
3 1586 1685 1680 
3 1666 1652 1558 
3 1685 1596 1684 
3 1340 1451 1428 
3 1672 1772 1684 
3 1755 1864 1772 
3 274 234 265 
3 231 257 265 
3 258 257 236 
3 1106 1002 1121 
3 1230 1207 1106 
3 1009 1002 899 
3 899 804 913 
3 817 804 707 
3 1323 1299 1207 
3 613 722 707 
3 630 613 519 
3 519 420 537 
3 452 420 342 
3 1299 1410 1387 
3 308 380 342 
3 336 308 290 
3 282 324 290 
3 313 282 274 
3 1496 1470 1387 
3 515 535 411 
3 628 515 617 
3 715 726 617 
3 816 821 715 
3 411 445 328 
3 328 352 281 
3 816 918 921 
3 281 310 254 
3 918 1027 1033 
3 254 286 249 
3 277 258 249 
3 1027 1133 1150 
3 1133 1225 1291 
3 1225 1319 1291 
3 1340 1428 1319 
3 1743 1658 1624 
3 1594 1624 1511 
3 1594 1481 1569 
3 1811 1840 1728 
3 1811 1697 1776 
3 1840 1864 1755 
3 1658 1743 1776 
3 1453 1547 1569 
3 1547 1430 1534 
3 1550 1534 1435 
3 1575 1550 1463 
3 1605 1575 1492 
3 1635 1605 1522 
3 1552 1635 1522 
3 1552 1470 1576 
3 1468 1565 1451 
3 1468 1486 1580 
3 1506 1599 1486 
3 1527 1621 1506 
3 1544 1639 1527 
3 1544 1652 1639 
3 1774 1666 1680 
3 1685 1783 1680 
3 1652 1666 1760 
3 1685 1684 1785 
3 1451 1542 1428 
3 1684 1772 1785 
3 1864 1879 1772 
3 304 274 265 
3 257 295 265 
3 287 257 258 
3 1002 1009 1121 
3 1230 1106 1121 
3 1323 1207 1230 
3 1009 899 913 
3 804 817 913 
3 722 817 707 
3 1410 1299 1323 
3 722 613 630 
3 630 519 537 
3 420 452 537 
3 380 452 342 
3 1410 1496 1387 
3 380 308 336 
3 324 336 290 
3 282 313 324 
3 313 274 304 
3 1470 1496 1576 
3 535 445 411 
3 628 535 515 
3 726 628 617 
3 715 821 726 
3 816 921 821 
3 328 445 352 
3 352 310 281 
3 918 1033 921 
3 310 286 254 
3 1033 1027 1150 
3 286 277 249 
3 277 288 258 
3 1133 1291 1150 
3 1319 1409 1291 
3 1319 1428 1409 
3 1708 1743 1624 
3 1594 1708 1624 
3 1682 1594 1569 
3 1811 1930 1840 
3 1811 1776 1898 
3 1840 1954 1864 
3 1743 1858 1776 
3 1547 1657 1569 
3 1637 1547 1534 
3 1637 1534 1550 
3 1575 1667 1550 
3 1690 1575 1605 
3 1605 1635 1711 
3 1660 1635 1552 
3 1660 1552 1576 
3 1565 1542 1451 
3 1468 1580 1565 
3 1486 1599 1580 
3 1621 1599 1506 
3 1527 1639 1621 
3 1652 1749 1639 
3 1666 1774 1760 
3 1783 1774 1680 
3 1783 1685 1785 
3 1749 1652 1760 
3 1542 1521 1428 
3 1772 1879 1785 
3 1971 1879 1864 
3 295 304 265 
3 287 295 257 
3 288 287 258 
3 1009 1145 1121 
3 1262 1230 1121 
3 1353 1323 1230 
3 1028 1009 913 
3 817 930 913 
3 832 817 722 
3 1439 1410 1323 
3 736 722 630 
3 630 537 644 
3 452 560 537 
3 380 480 452 
3 1496 1410 1520 
3 417 380 336 
3 375 336 324 
3 324 313 359 
3 344 313 304 
3 1496 1607 1576 
3 445 535 561 
3 628 645 535 
3 737 628 726 
3 726 821 830 
3 921 927 821 
3 445 475 352 
3 352 386 310 
3 1033 1035 921 
3 310 330 286 
3 1149 1033 1150 
3 286 309 277 
3 309 288 277 
3 1291 1265 1150 
3 1409 1383 1291 
3 1428 1521 1409 
3 1708 1823 1743 
3 1682 1708 1594 
3 1657 1682 1569 
3 1840 1930 1954 
3 1930 1811 1898 
3 1776 1858 1898 
3 1954 1971 1864 
3 1823 1858 1743 
3 1637 1657 1547 
3 1667 1637 1550 
3 1690 1667 1575 
3 1690 1605 1711 
3 1635 1742 1711 
3 1660 1742 1635 
3 1686 1660 1576 
3 1565 1654 1542 
3 1580 1676 1565 
3 1599 1693 1580 
3 1599 1621 1709 
3 1639 1734 1621 
3 1749 1734 1639 
3 1774 1871 1760 
3 1774 1783 1882 
3 1884 1783 1785 
3 1857 1749 1760 
3 1636 1521 1542 
3 1879 1884 1785 
3 1971 1987 1879 
3 331 304 295 
3 322 295 287 
3 311 287 288 
3 1145 1262 1121 
3 1145 1009 1028 
3 1262 1353 1230 
3 1439 1323 1353 
3 930 1028 913 
3 817 832 930 
3 832 722 736 
3 1410 1439 1520 
3 736 630 644 
3 537 560 644 
3 452 480 560 
3 417 480 380 
3 1607 1496 1520 
3 375 417 336 
3 375 324 359 
3 313 344 359 
3 331 344 304 
3 1607 1686 1576 
3 535 645 561 
3 475 445 561 
3 628 737 645 
3 737 726 830 
3 821 927 830 
3 1035 927 921 
3 475 386 352 
3 386 330 310 
3 1033 1149 1035 
3 330 309 286 
3 1265 1149 1150 
3 314 288 309 
3 1383 1265 1291 
3 1501 1383 1409 
3 1521 1501 1409 
3 1708 1795 1823 
3 1795 1708 1682 
3 1770 1682 1657 
3 1930 2051 1954 
3 2013 1930 1898 
3 1858 1973 1898 
3 2068 1971 1954 
3 1940 1858 1823 
3 1739 1657 1637 
3 1667 1739 1637 
3 1771 1667 1690 
3 1793 1690 1711 
3 1742 1817 1711 
3 1742 1660 1769 
3 1769 1660 1686 
3 1654 1636 1542 
3 1676 1654 1565 
3 1693 1676 1580 
3 1693 1599 1709 
3 1621 1734 1709 
3 1734 1749 1842 
3 1871 1857 1760 
3 1871 1774 1882 
3 1783 1884 1882 
3 1749 1857 1842 
3 1636 1618 1521 
3 1879 1987 1884 
3 1987 1971 2085 
3 322 331 295 
3 311 322 287 
3 311 288 314 
3 1262 1145 1296 
3 1145 1028 1137 
3 1380 1353 1262 
3 1465 1439 1353 
3 1042 1028 930 
3 832 945 930 
3 848 832 736 
3 1439 1551 1520 
3 751 736 644 
3 644 560 662 
3 560 480 575 
3 480 417 504 
3 1634 1607 1520 
3 455 417 375 
3 430 375 359 
3 359 344 406 
3 387 344 331 
3 1686 1607 1712 
3 645 667 561 
3 580 475 561 
3 737 753 645 
3 840 737 830 
3 927 934 830 
3 1036 927 1035 
3 475 494 386 
3 386 414 330 
3 1149 1141 1035 
3 330 357 309 
3 1265 1254 1149 
3 329 314 309 
3 1383 1369 1265 
3 1501 1482 1383 
3 1521 1618 1501 
3 1795 1906 1823 
3 1770 1795 1682 
3 1770 1657 1739 
3 2051 2068 1954 
3 1930 2013 2051 
3 1973 2013 1898 
3 1940 1973 1858 
3 1971 2068 2085 
3 1906 1940 1823 
3 1771 1739 1667 
3 1793 1771 1690 
3 1817 1793 1711 
3 1817 1742 1850 
3 1742 1769 1850 
3 1769 1686 1796 
3 1636 1654 1750 
3 1676 1768 1654 
3 1693 1789 1676 
3 1805 1693 1709 
3 1734 1826 1709 
3 1826 1734 1842 
3 1970 1857 1871 
3 1978 1871 1882 
3 1884 1991 1882 
3 1857 1953 1842 
3 1636 1730 1618 
3 1884 1987 1991 
3 2090 1987 2085 
3 366 331 322 
3 349 322 311 
3 334 311 314 
3 1296 1145 1226 
3 1380 1262 1296 
3 1028 1042 1137 
3 1226 1145 1137 
3 1380 1465 1353 
3 1551 1439 1465 
3 945 1042 930 
3 945 832 848 
3 751 848 736 
3 1551 1634 1520 
3 751 644 662 
3 560 575 662 
3 575 480 504 
3 504 417 455 
3 1712 1607 1634 
3 455 375 430 
3 430 359 406 
3 344 387 406 
3 366 387 331 
3 1796 1686 1712 
3 667 580 561 
3 645 753 667 
3 580 494 475 
3 737 840 753 
3 934 840 830 
3 927 1036 934 
3 1141 1036 1035 
3 386 494 414 
3 330 414 357 
3 1149 1254 1141 
3 357 329 309 
3 1265 1369 1254 
3 329 332 314 
3 1383 1482 1369 
3 1595 1482 1501 
3 1618 1595 1501 
3 1906 1795 1877 
3 1877 1795 1770 
3 1836 1770 1739 
3 2165 2068 2051 
3 2013 2130 2051 
3 1973 2092 2013 
3 1973 1940 2055 
3 2068 2181 2085 
3 1940 1906 2016 
3 1836 1739 1771 
3 1869 1771 1793 
3 1793 1817 1894 
3 1925 1817 1850 
3 1850 1769 1880 
3 1880 1769 1796 
3 1654 1768 1750 
3 1730 1636 1750 
3 1789 1768 1676 
3 1805 1789 1693 
3 1826 1805 1709 
3 1942 1826 1842 
3 1857 1970 1953 
3 1970 1871 1978 
3 1991 1978 1882 
3 1953 1942 1842 
3 1618 1730 1707 
3 1987 2090 1991 
3 2190 2090 2085 
3 349 366 322 
3 334 349 311 
3 332 334 314 
3 1334 1296 1226 
3 1414 1380 1296 
3 1042 1158 1137 
3 1158 1226 1137 
3 1465 1380 1498 
3 1551 1465 1578 
3 1067 1042 945 
3 969 945 848 
3 871 848 751 
3 1551 1661 1634 
3 772 751 662 
3 575 683 662 
3 602 575 504 
3 546 504 455 
3 1745 1712 1634 
3 511 455 430 
3 485 430 406 
3 387 463 406 
3 387 366 441 
3 1819 1796 1712 
3 667 686 580 
3 753 775 667 
3 580 596 494 
3 840 857 753 
3 934 939 840 
3 934 1036 1032 
3 1141 1131 1036 
3 494 518 414 
3 414 446 357 
3 1254 1240 1141 
3 383 329 357 
3 1369 1349 1254 
3 332 329 353 
3 1482 1460 1369 
3 1482 1595 1574 
3 1595 1618 1707 
3 1979 1906 1877 
3 1877 1770 1836 
3 2165 2181 2068 
3 2130 2165 2051 
3 2013 2092 2130 
3 2092 1973 2055 
3 2055 1940 2016 
3 2181 2190 2085 
3 1906 1979 2016 
3 1869 1836 1771 
3 1869 1793 1894 
3 1817 1925 1894 
3 1964 1925 1850 
3 1964 1850 1880 
3 1899 1880 1796 
3 1768 1862 1750 
3 1841 1730 1750 
3 1768 1789 1883 
3 1904 1789 1805 
3 1826 1919 1805 
3 1919 1826 1942 
3 1953 1970 2069 
3 2082 1970 1978 
3 1991 2088 1978 
3 1953 2058 1942 
3 1730 1822 1707 
3 2090 2095 1991 
3 2090 2190 2196 
3 413 366 349 
3 377 349 334 
3 332 354 334 
3 1334 1414 1296 
3 1259 1334 1226 
3 1380 1414 1498 
3 1067 1158 1042 
3 1158 1259 1226 
3 1578 1465 1498 
3 1661 1551 1578 
3 1067 945 969 
3 969 848 871 
3 772 871 751 
3 1661 1745 1634 
3 683 772 662 
3 683 575 602 
3 602 504 546 
3 511 546 455 
3 1745 1819 1712 
3 485 511 430 
3 463 485 406 
3 463 387 441 
3 366 413 441 
3 1819 1899 1796 
3 580 686 596 
3 775 686 667 
3 753 857 775 
3 596 518 494 
3 939 857 840 
3 939 934 1032 
3 1036 1131 1032 
3 1141 1240 1131 
3 414 518 446 
3 446 383 357 
3 1254 1349 1240 
3 353 329 383 
3 1369 1460 1349 
3 350 332 353 
3 1482 1574 1460 
3 1595 1688 1574 
3 1688 1595 1707 
3 1979 1877 1933 
3 1877 1836 1933 
3 2269 2181 2165 
3 2253 2165 2130 
3 2092 2211 2130 
3 2169 2092 2055 
3 2121 2055 2016 
3 2181 2292 2190 
3 1979 2078 2016 
3 1836 1869 1933 
3 1966 1869 1894 
3 1925 1998 1894 
3 1925 1964 2039 
3 1985 1964 1880 
3 1985 1880 1899 
3 1862 1841 1750 
3 1862 1768 1883 
3 1730 1841 1822 
3 1789 1904 1883 
3 1919 1904 1805 
3 2038 1919 1942 
3 2069 1970 2082 
3 2058 1953 2069 
3 2088 2082 1978 
3 1991 2095 2088 
3 2058 2038 1942 
3 1822 1799 1707 
3 2090 2196 2095 
3 2190 2304 2196 
3 377 413 349 
3 354 377 334 
3 354 332 350 
3 1414 1334 1446 
3 1367 1334 1259 
3 1414 1528 1498 
3 1177 1158 1067 
3 1259 1158 1177 
3 1613 1578 1498 
3 1692 1661 1578 
3 1083 1067 969 
3 984 969 871 
3 871 772 888 
3 1773 1745 1661 
3 795 772 683 
3 711 683 602 
3 602 546 641 
3 595 546 511 
3 1819 1745 1852 
3 511 485 571 
3 545 485 463 
3 523 463 441 
3 413 490 441 
3 1819 1921 1899 
3 686 703 596 
3 775 796 686 
3 857 903 775 
3 621 518 596 
3 857 939 903 
3 1022 939 1032 
3 1131 1123 1032 
3 1240 1231 1131 
3 518 540 446 
3 446 472 383 
3 1349 1339 1240 
3 412 353 383 
3 1460 1447 1349 
3 378 350 353 
3 1460 1574 1555 
3 1688 1665 1574 
3 1799 1688 1707 
3 2024 1979 1933 
3 2181 2269 2292 
3 2269 2165 2253 
3 2211 2253 2130 
3 2092 2169 2211 
3 2121 2169 2055 
3 2078 2121 2016 
3 2190 2292 2304 
3 2078 1979 2024 
3 1869 1966 1933 
3 1998 1966 1894 
3 1925 2039 1998 
3 2039 1964 2098 
3 2040 1964 1985 
3 1994 1985 1899 
3 1841 1862 1956 
3 1862 1883 1975 
3 1841 1938 1822 
3 1904 1997 1883 
3 1904 1919 2017 
3 1919 2038 2017 
3 2186 2069 2082 
3 2176 2058 2069 
3 2088 2192 2082 
3 2095 2197 2088 
3 2058 2160 2038 
3 1915 1799 1822 
3 2196 2197 2095 
3 2304 2308 2196 
3 451 413 377 
3 354 397 377 
3 373 354 350 
3 1334 1367 1446 
3 1528 1414 1446 
3 1367 1259 1284 
3 1528 1613 1498 
3 1177 1067 1083 
3 1284 1259 1177 
3 1692 1578 1613 
3 1773 1661 1692 
3 1083 969 984 
3 984 871 888 
3 888 772 795 
3 1745 1773 1852 
3 795 683 711 
3 711 602 641 
3 546 595 641 
3 595 511 571 
3 1921 1819 1852 
3 571 485 545 
3 523 545 463 
3 490 523 441 
3 451 490 413 
3 1921 1994 1899 
3 703 621 596 
3 686 796 703 
3 775 903 796 
3 518 621 540 
3 939 1022 903 
3 1123 1022 1032 
3 1131 1231 1123 
3 1339 1231 1240 
3 540 472 446 
3 472 412 383 
3 1349 1447 1339 
3 412 378 353 
3 1447 1460 1555 
3 378 372 350 
3 1574 1665 1555 
3 1688 1781 1665 
3 1781 1688 1799 
3 1966 2024 1933 
3 2269 2386 2292 
3 2360 2269 2253 
3 2211 2330 2253 
3 2169 2279 2211 
3 2229 2169 2121 
3 2121 2078 2182 
3 2292 2407 2304 
3 2123 2078 2024 
3 2065 1966 1998 
3 2039 2108 1998 
3 2098 1964 2040 
3 2161 2039 2098 
3 1994 2040 1985 
3 1862 1975 1956 
3 1938 1841 1956 
3 1883 1997 1975 
3 1938 1915 1822 
3 1904 2017 1997 
3 2038 2142 2017 
3 2176 2069 2186 
3 2192 2186 2082 
3 2058 2176 2160 
3 2197 2192 2088 
3 2160 2142 2038 
3 1896 1799 1915 
3 2308 2197 2196 
3 2304 2419 2308 
3 397 451 377 
3 354 373 397 
3 372 373 350 
3 1367 1475 1446 
3 1556 1528 1446 
3 1367 1284 1391 
3 1528 1641 1613 
3 1198 1177 1083 
3 1198 1284 1177 
3 1725 1692 1613 
3 1807 1773 1692 
3 1101 1083 984 
3 1003 984 888 
3 907 888 795 
3 1773 1889 1852 
3 824 795 711 
3 750 711 641 
3 595 695 641 
3 650 595 571 
3 1963 1921 1852 
3 634 571 545 
3 523 610 545 
3 523 490 576 
3 490 451 525 
3 2029 1994 1921 
3 621 703 717 
3 796 806 703 
3 903 912 796 
3 540 621 635 
3 1022 1015 903 
3 1123 1117 1022 
3 1231 1222 1123 
3 1339 1327 1231 
3 472 540 564 
3 412 472 492 
3 1447 1432 1339 
3 412 439 378 
3 1538 1447 1555 
3 395 372 378 
3 1665 1646 1555 
3 1781 1757 1665 
3 1896 1781 1799 
3 2065 2024 1966 
3 2386 2407 2292 
3 2386 2269 2360 
3 2330 2360 2253 
3 2279 2330 2211 
3 2169 2229 2279 
3 2229 2121 2182 
3 2182 2078 2123 
3 2407 2419 2304 
3 2123 2024 2065 
3 2108 2065 1998 
3 2161 2108 2039 
3 2152 2098 2040 
3 2212 2161 2098 
3 1994 2089 2040 
3 1975 2072 1956 
3 2054 1938 1956 
3 1997 2096 1975 
3 1938 2027 1915 
3 2017 2115 1997 
3 2142 2115 2017 
3 2293 2176 2186 
3 2192 2302 2186 
3 2176 2275 2160 
3 2197 2307 2192 
3 2160 2263 2142 
3 2008 1896 1915 
3 2308 2307 2197 
3 2419 2422 2308 
3 397 473 451 
3 373 425 397 
3 393 373 372 
3 1475 1556 1446 
3 1475 1367 1391 
3 1641 1528 1556 
3 1284 1310 1391 
3 1641 1725 1613 
3 1198 1083 1101 
3 1310 1284 1198 
3 1725 1807 1692 
3 1889 1773 1807 
3 1003 1101 984 
3 907 1003 888 
3 824 907 795 
3 1889 1963 1852 
3 750 824 711 
3 695 750 641 
3 695 595 650 
3 634 650 571 
3 1963 2029 1921 
3 610 634 545 
3 523 576 610 
3 576 490 525 
3 451 473 525 
3 2089 1994 2029 
3 703 806 717 
3 621 717 635 
3 912 806 796 
3 1015 912 903 
3 540 635 564 
3 1022 1117 1015 
3 1123 1222 1117 
3 1327 1222 1231 
3 1432 1327 1339 
3 472 564 492 
3 439 412 492 
3 1447 1538 1432 
3 439 395 378 
3 1646 1538 1555 
3 372 395 390 
3 1665 1757 1646 
3 1781 1872 1757 
3 1781 1896 1872 
3 2386 2501 2407 
3 2481 2386 2360 
3 2330 2438 2360 
3 2396 2330 2279 
3 2229 2345 2279 
3 2283 2229 2182 
3 2226 2182 2123 
3 2407 2529 2419 
3 2171 2123 2065 
3 2171 2065 2108 
3 2108 2161 2218 
3 2152 2212 2098 
3 2089 2152 2040 
3 2161 2212 2267 
3 2072 2054 1956 
3 1975 2096 2072 
3 2054 2027 1938 
3 1997 2115 2096 
3 2027 2008 1915 
3 2142 2241 2115 
3 2176 2293 2275 
3 2302 2293 2186 
3 2307 2302 2192 
3 2275 2263 2160 
3 2142 2263 2241 
3 1989 1896 2008 
3 2308 2422 2307 
3 2419 2538 2422 
3 425 473 397 
3 373 393 425 
3 393 372 390 
3 1587 1556 1475 
3 1502 1475 1391 
3 1669 1641 1556 
3 1310 1422 1391 
3 1758 1725 1641 
3 1218 1198 1101 
3 1310 1198 1218 
3 1847 1807 1725 
3 1889 1807 1932 
3 1101 1003 1124 
3 1037 1003 907 
3 946 907 824 
3 2007 1963 1889 
3 873 824 750 
3 800 750 695 
3 738 695 650 
3 634 774 650 
3 2077 2029 1963 
3 704 634 610 
3 576 657 610 
3 619 576 525 
3 473 555 525 
3 2089 2029 2146 
3 806 822 717 
3 717 734 635 
3 806 912 923 
3 912 1015 1023 
3 635 648 564 
3 1015 1117 1118 
3 1222 1212 1117 
3 1316 1222 1327 
3 1432 1419 1327 
3 564 577 492 
3 513 439 492 
3 1538 1524 1432 
3 439 461 395 
3 1646 1630 1538 
3 395 421 390 
3 1757 1737 1646 
3 1872 1849 1757 
3 1896 1989 1872 
3 2501 2529 2407 
3 2481 2501 2386 
3 2438 2481 2360 
3 2330 2396 2438 
3 2345 2396 2279 
3 2229 2283 2345 
3 2283 2182 2226 
3 2226 2123 2171 
3 2529 2538 2419 
3 2171 2108 2218 
3 2161 2267 2218 
3 2212 2152 2264 
3 2200 2152 2089 
3 2212 2323 2267 
3 2172 2054 2072 
3 2096 2189 2072 
3 2054 2151 2027 
3 2096 2115 2216 
3 2027 2120 2008 
3 2115 2241 2216 
3 2293 2398 2275 
3 2302 2413 2293 
3 2307 2420 2302 
3 2275 2383 2263 
3 2263 2364 2241 
3 2102 1989 2008 
3 2307 2422 2420 
3 2538 2544 2422 
3 425 493 473 
3 393 442 425 
3 408 393 390 
3 1587 1669 1556 
3 1587 1475 1502 
3 1422 1502 1391 
3 1758 1641 1669 
3 1338 1422 1310 
3 1847 1725 1758 
3 1218 1101 1124 
3 1338 1310 1218 
3 1807 1847 1932 
3 2007 1889 1932 
3 1003 1037 1124 
3 946 1037 907 
3 873 946 824 
3 2007 2077 1963 
3 800 873 750 
3 738 800 695 
3 774 738 650 
3 774 634 704 
3 2029 2077 2146 
3 657 704 610 
3 680 657 576 
3 619 680 576 
3 555 619 525 
3 473 493 555 
3 2200 2089 2146 
3 822 734 717 
3 822 806 923 
3 734 648 635 
3 912 1023 923 
3 1015 1118 1023 
3 648 577 564 
3 1117 1212 1118 
3 1222 1316 1212 
3 1419 1316 1327 
3 1432 1524 1419 
3 577 513 492 
3 461 439 513 
3 1538 1630 1524 
3 461 421 395 
3 1646 1737 1630 
3 421 409 390 
3 1849 1737 1757 
3 1872 1962 1849 
3 1989 1962 1872 
3 2529 2501 2650 
3 2481 2619 2501 
3 2583 2481 2438 
3 2396 2524 2438 
3 2345 2466 2396 
3 2345 2283 2397 
3 2336 2283 2226 
3 2276 2226 2171 
3 2529 2670 2538 
3 2276 2171 2218 
3 2267 2333 2218 
3 2152 2200 2264 
3 2323 2212 2264 
3 2267 2323 2385 
3 2151 2054 2172 
3 2189 2172 2072 
3 2096 2216 2189 
3 2151 2120 2027 
3 2120 2102 2008 
3 2241 2338 2216 
3 2398 2383 2275 
3 2413 2398 2293 
3 2420 2413 2302 
3 2383 2364 2263 
3 2364 2338 2241 
3 2075 1989 2102 
3 2422 2544 2420 
3 2538 2688 2544 
3 442 493 425 
3 442 393 408 
3 409 408 390 
3 1702 1669 1587 
3 1616 1587 1502 
3 1530 1502 1422 
3 1758 1669 1782 
3 1450 1422 1338 
3 1905 1847 1758 
3 1248 1218 1124 
3 1248 1338 1218 
3 1847 1980 1932 
3 2057 2007 1932 
3 1037 1162 1124 
3 1077 1037 946 
3 986 946 873 
3 2077 2007 2122 
3 800 908 873 
3 846 800 738 
3 846 738 774 
3 810 774 704 
3 2077 2188 2146 
3 657 745 704 
3 745 657 680 
3 619 705 680 
3 640 619 555 
3 493 573 555 
3 2258 2200 2146 
3 822 836 734 
3 937 822 923 
3 743 648 734 
3 1023 1045 923 
3 1118 1181 1023 
3 648 666 577 
3 1212 1181 1118 
3 1212 1316 1306 
3 1316 1419 1408 
3 1524 1510 1419 
3 577 590 513 
3 533 461 513 
3 1524 1630 1617 
3 482 421 461 
3 1737 1722 1630 
3 447 409 421 
3 1737 1849 1830 
3 1849 1962 1943 
3 1962 1989 2075 
3 2501 2619 2650 
3 2670 2529 2650 
3 2619 2481 2583 
3 2524 2583 2438 
3 2466 2524 2396 
3 2466 2345 2397 
3 2283 2336 2397 
3 2336 2226 2276 
3 2670 2688 2538 
3 2333 2276 2218 
3 2333 2267 2385 
3 2200 2316 2264 
3 2380 2323 2264 
3 2323 2441 2385 
3 2265 2151 2172 
3 2189 2287 2172 
3 2216 2314 2189 
3 2151 2236 2120 
3 2120 2213 2102 
3 2338 2314 2216 
3 2398 2506 2383 
3 2530 2398 2413 
3 2420 2539 2413 
3 2383 2486 2364 
3 2364 2468 2338 
3 2187 2075 2102 
3 2544 2539 2420 
3 2688 2692 2544 
3 493 442 507 
3 454 442 408 
3 409 431 408 
3 1669 1702 1782 
3 1702 1587 1616 
3 1530 1616 1502 
3 1450 1530 1422 
3 1846 1758 1782 
3 1450 1338 1366 
3 1847 1905 1980 
3 1905 1758 1846 
3 1162 1248 1124 
3 1366 1338 1248 
3 1980 2057 1932 
3 2007 2057 2122 
3 1162 1037 1077 
3 986 1077 946 
3 908 986 873 
3 2188 2077 2122 
3 908 800 846 
3 886 846 774 
3 810 886 774 
3 745 810 704 
3 2188 2258 2146 
3 784 745 680 
3 705 784 680 
3 640 705 619 
3 573 640 555 
3 573 493 507 
3 2258 2316 2200 
3 836 743 734 
3 822 937 836 
3 1045 937 923 
3 666 648 743 
3 1023 1181 1045 
3 666 590 577 
3 1212 1306 1181 
3 1316 1408 1306 
3 1419 1510 1408 
3 1510 1524 1617 
3 590 533 513 
3 533 482 461 
3 1630 1722 1617 
3 482 447 421 
3 1722 1737 1830 
3 409 447 432 
3 1849 1943 1830 
3 1962 2056 1943 
3 1962 2075 2056 
3 2619 2754 2650 
3 2775 2670 2650 
3 2718 2619 2583 
3 2524 2666 2583 
3 2466 2609 2524 
3 2520 2466 2397 
3 2336 2455 2397 
3 2336 2276 2390 
3 2688 2670 2797 
3 2276 2333 2390 
3 2448 2333 2385 
3 2316 2380 2264 
3 2441 2323 2380 
3 2441 2508 2385 
3 2265 2236 2151 
3 2287 2265 2172 
3 2314 2287 2189 
3 2236 2213 2120 
3 2213 2187 2102 
3 2338 2435 2314 
3 2506 2486 2383 
3 2398 2530 2506 
3 2539 2530 2413 
3 2486 2468 2364 
3 2468 2435 2338 
3 2075 2187 2170 
3 2544 2692 2539 
3 2810 2692 2688 
3 442 454 507 
3 431 454 408 
3 431 409 432 
3 1702 1808 1782 
3 1702 1616 1727 
3 1642 1616 1530 
3 1530 1450 1561 
3 1887 1846 1782 
3 1450 1366 1479 
3 1905 2035 1980 
3 1961 1905 1846 
3 1280 1248 1162 
3 1280 1366 1248 
3 2105 2057 1980 
3 2057 2177 2122 
3 1196 1162 1077 
3 1077 986 1108 
3 1026 986 908 
3 2245 2188 2122 
3 958 908 846 
3 958 846 886 
3 810 917 886 
3 850 810 745 
3 2305 2258 2188 
3 850 745 784 
3 705 802 784 
3 727 705 640 
3 573 654 640 
3 583 573 507 
3 2367 2316 2258 
3 836 847 743 
3 937 949 836 
3 1061 937 1045 
3 757 666 743 
3 1181 1180 1045 
3 666 684 590 
3 1306 1293 1181 
3 1408 1401 1306 
3 1408 1510 1505 
3 1602 1510 1617 
3 533 590 616 
3 482 533 553 
3 1722 1706 1617 
3 447 482 501 
3 1722 1830 1812 
3 447 459 432 
3 1943 1918 1830 
3 2056 2030 1943 
3 2075 2170 2056 
3 2754 2775 2650 
3 2718 2754 2619 
3 2670 2775 2797 
3 2666 2718 2583 
3 2609 2666 2524 
3 2609 2466 2520 
3 2455 2520 2397 
3 2455 2336 2390 
3 2810 2688 2797 
3 2333 2448 2390 
3 2508 2448 2385 
3 2380 2316 2433 
3 2441 2380 2500 
3 2441 2592 2508 
3 2352 2236 2265 
3 2287 2381 2265 
3 2409 2287 2314 
3 2213 2236 2321 
3 2213 2298 2187 
3 2435 2409 2314 
3 2506 2639 2486 
3 2506 2530 2662 
3 2530 2539 2680 
3 2486 2613 2468 
3 2468 2573 2435 
3 2187 2274 2170 
3 2539 2692 2680 
3 2810 2804 2692 
3 454 522 507 
3 431 469 454 
3 444 431 432 
3 1808 1887 1782 
3 1808 1702 1727 
3 1616 1642 1727 
3 1642 1530 1561 
3 1561 1450 1479 
3 1961 1846 1887 
3 1479 1366 1394 
3 2035 2105 1980 
3 2035 1905 1961 
3 1196 1280 1162 
3 1366 1280 1394 
3 2177 2057 2105 
3 2177 2245 2122 
3 1196 1077 1108 
3 986 1026 1108 
3 958 1026 908 
3 2245 2305 2188 
3 994 958 886 
3 917 994 886 
3 810 850 917 
3 2367 2258 2305 
3 882 850 784 
3 802 882 784 
3 727 802 705 
3 654 727 640 
3 573 583 654 
3 522 583 507 
3 2316 2367 2433 
3 847 757 743 
3 949 847 836 
3 937 1061 949 
3 1180 1061 1045 
3 684 666 757 
3 1181 1293 1180 
3 590 684 616 
3 1401 1293 1306 
3 1408 1505 1401 
3 1510 1602 1505 
3 1706 1602 1617 
3 533 616 553 
3 501 482 553 
3 1706 1722 1812 
3 459 447 501 
3 1830 1918 1812 
3 459 437 432 
3 1943 2030 1918 
3 2056 2148 2030 
3 2170 2148 2056 
3 2775 2754 2853 
3 2718 2834 2754 
3 2775 2882 2797 
3 2666 2795 2718 
3 2666 2609 2749 
3 2677 2609 2520 
3 2520 2455 2599 
3 2514 2455 2390 
3 2890 2810 2797 
3 2448 2514 2390 
3 2598 2448 2508 
3 2500 2380 2433 
3 2592 2441 2500 
3 2592 2668 2508 
3 2236 2352 2321 
3 2381 2352 2265 
3 2409 2381 2287 
3 2298 2213 2321 
3 2298 2274 2187 
3 2435 2535 2409 
3 2639 2613 2486 
3 2639 2506 2662 
3 2530 2680 2662 
3 2613 2573 2468 
3 2573 2535 2435 
3 2274 2260 2170 
3 2692 2804 2680 
3 2810 2895 2804 
3 469 522 454 
3 444 469 431 
3 437 444 432 
3 1923 1887 1808 
3 1838 1808 1727 
3 1642 1753 1727 
3 1668 1642 1561 
3 1590 1561 1479 
3 2005 1961 1887 
3 1508 1479 1394 
3 2154 2105 2035 
3 2083 2035 1961 
3 1312 1280 1196 
3 1280 1312 1394 
3 2222 2177 2105 
3 2291 2245 2177 
3 1228 1196 1108 
3 1026 1154 1108 
3 1026 958 1073 
3 2359 2305 2245 
3 958 994 1073 
3 1029 994 917 
3 917 850 956 
3 2423 2367 2305 
3 956 850 882 
3 802 896 882 
3 802 727 820 
3 741 727 654 
3 583 668 654 
3 583 522 592 
3 2367 2490 2433 
3 847 854 757 
3 949 951 847 
3 1061 1066 949 
3 1175 1061 1180 
3 770 684 757 
3 1293 1286 1180 
3 684 696 616 
3 1395 1293 1401 
3 1505 1503 1401 
3 1602 1604 1505 
3 1706 1689 1602 
3 616 624 553 
3 565 501 553 
3 1706 1812 1792 
3 506 459 501 
3 1918 1902 1812 
3 457 437 459 
3 2030 2009 1918 
3 2148 2118 2030 
3 2170 2260 2148 
3 2754 2834 2853 
3 2882 2775 2853 
3 2795 2834 2718 
3 2882 2890 2797 
3 2795 2666 2749 
3 2609 2677 2749 
3 2677 2520 2599 
3 2599 2455 2514 
3 2895 2810 2890 
3 2448 2598 2514 
3 2668 2598 2508 
3 2577 2500 2433 
3 2660 2592 2500 
3 2738 2668 2592 
3 2352 2428 2321 
3 2381 2470 2352 
3 2409 2495 2381 
3 2403 2298 2321 
3 2298 2375 2274 
3 2535 2495 2409 
3 2639 2756 2613 
3 2774 2639 2662 
3 2680 2790 2662 
3 2613 2720 2573 
3 2573 2684 2535 
3 2274 2363 2260 
3 2804 2790 2680 
3 2895 2893 2804 
3 522 469 530 
3 444 479 469 
3 443 444 437 
3 1923 2005 1887 
3 1838 1923 1808 
3 1753 1838 1727 
3 1668 1753 1642 
3 1668 1561 1590 
3 1508 1590 1479 
3 2005 2083 1961 
3 1426 1508 1394 
3 2154 2222 2105 
3 2154 2035 2083 
3 1228 1312 1196 
3 1312 1426 1394 
3 2222 2291 2177 
3 2291 2359 2245 
3 1154 1228 1108 
3 1154 1026 1073 
3 2359 2423 2305 
3 994 1105 1073 
3 1029 1105 994 
3 1029 917 956 
3 2490 2367 2423 
3 980 956 882 
3 896 980 882 
3 896 802 820 
3 727 741 820 
3 668 741 654 
3 668 583 592 
3 522 530 592 
3 2490 2577 2433 
3 854 770 757 
3 951 854 847 
3 1066 951 949 
3 1061 1175 1066 
3 1286 1175 1180 
3 684 770 696 
3 1395 1286 1293 
3 696 624 616 
3 1503 1395 1401 
3 1505 1604 1503 
3 1602 1689 1604 
3 1689 1706 1792 
3 624 565 553 
3 565 506 501 
3 1812 1902 1792 
3 506 457 459 
3 1918 2009 1902 
3 457 429 437 
3 2030 2118 2009 
3 2232 2118 2148 
3 2260 2232 2148 
3 2834 2924 2853 
3 2928 2882 2853 
3 2834 2795 2904 
3 2882 2949 2890 
3 2868 2795 2749 
3 2677 2816 2749 
3 2748 2677 2599 
3 2669 2599 2514 
3 2963 2895 2890 
3 2598 2669 2514 
3 2668 2747 2598 
3 2577 2660 2500 
3 2738 2592 2660 
3 2738 2814 2668 
3 2428 2403 2321 
3 2352 2470 2428 
3 2495 2470 2381 
3 2375 2298 2403 
3 2274 2375 2363 
3 2535 2640 2495 
3 2756 2720 2613 
3 2756 2639 2774 
3 2790 2774 2662 
3 2720 2684 2573 
3 2684 2640 2535 
3 2363 2347 2260 
3 2804 2893 2790 
3 2895 2967 2893 
3 469 479 530 
3 443 479 444 
3 429 443 437 
3 2005 1923 2042 
3 1957 1923 1838 
3 1867 1838 1753 
3 1668 1780 1753 
3 1694 1668 1590 
3 1508 1620 1590 
3 2124 2083 2005 
3 1548 1508 1426 
3 2272 2222 2154 
3 2154 2083 2203 
3 1312 1228 1348 
3 1312 1348 1426 
3 2342 2291 2222 
3 2359 2291 2412 
3 1228 1154 1269 
3 1188 1154 1073 
3 2359 2483 2423 
3 1105 1188 1073 
3 1140 1105 1029 
3 1063 1029 956 
3 2557 2490 2423 
3 980 1063 956 
3 980 896 997 
3 914 896 820 
3 741 834 820 
3 741 668 756 
3 681 668 592 
3 530 600 592 
3 2642 2577 2490 
3 854 864 770 
3 951 961 854 
3 1066 1062 951 
3 1175 1173 1066 
3 1286 1279 1175 
3 770 782 696 
3 1389 1286 1395 
3 696 702 624 
3 1499 1395 1503 
3 1604 1614 1503 
3 1689 1735 1604 
3 1762 1689 1792 
3 624 626 565 
3 558 506 565 
3 1902 1876 1792 
3 498 457 506 
3 2009 1992 1902 
3 440 429 457 
3 2118 2099 2009 
3 2118 2232 2209 
3 2347 2232 2260 
3 2924 2928 2853 
3 2834 2904 2924 
3 2928 2949 2882 
3 2904 2795 2868 
3 2949 2963 2890 
3 2816 2868 2749 
3 2677 2748 2816 
3 2748 2599 2669 
3 2963 2967 2895 
3 2747 2669 2598 
3 2814 2747 2668 
3 2721 2660 2577 
3 2794 2738 2660 
3 2814 2738 2865 
3 2428 2504 2403 
3 2470 2547 2428 
3 2495 2600 2470 
3 2476 2375 2403 
3 2375 2436 2363 
3 2640 2600 2495 
3 2756 2848 2720 
3 2877 2756 2774 
3 2790 2889 2774 
3 2815 2684 2720 
3 2684 2764 2640 
3 2478 2347 2363 
3 2893 2889 2790 
3 2893 2967 2965 
3 479 534 530 
3 479 443 477 
3 426 443 429 
3 1923 1957 2042 
3 2124 2005 2042 
3 1867 1957 1838 
3 1780 1867 1753 
3 1780 1668 1694 
3 1620 1694 1590 
3 1620 1508 1548 
3 2083 2124 2203 
3 1548 1426 1464 
3 2272 2342 2222 
3 2272 2154 2203 
3 1348 1228 1269 
3 1426 1348 1464 
3 2412 2291 2342 
3 2483 2359 2412 
3 1154 1188 1269 
3 2483 2557 2423 
3 1188 1105 1219 
3 1219 1105 1140 
3 1140 1029 1063 
3 2642 2490 2557 
3 980 1084 1063 
3 896 914 997 
3 1084 980 997 
3 834 914 820 
3 834 741 756 
3 668 681 756 
3 600 681 592 
3 534 600 530 
3 2721 2577 2642 
3 864 782 770 
3 961 864 854 
3 1062 961 951 
3 1173 1062 1066 
3 1279 1173 1175 
3 1279 1286 1389 
3 782 702 696 
3 1499 1389 1395 
3 702 626 624 
3 1614 1499 1503 
3 1735 1614 1604 
3 1689 1762 1735 
3 1876 1762 1792 
3 626 558 565 
3 558 498 506 
3 1902 1992 1876 
3 498 440 457 
3 2009 2099 1992 
3 440 396 429 
3 2118 2209 2099 
3 2232 2319 2209 
3 2232 2347 2319 
3 2924 2969 2928 
3 2924 2904 2968 
3 2928 2969 2949 
3 2950 2904 2868 
3 2949 2985 2963 
3 2816 2918 2868 
3 2748 2867 2816 
3 2812 2748 2669 
3 2994 2967 2963 
3 2747 2812 2669 
3 2747 2814 2871 
3 2721 2794 2660 
3 2865 2738 2794 
3 2921 2814 2865 
3 2504 2476 2403 
3 2547 2504 2428 
3 2600 2547 2470 
3 2436 2375 2476 
3 2436 2478 2363 
3 2640 2723 2600 
3 2848 2815 2720 
3 2877 2848 2756 
3 2889 2877 2774 
3 2815 2764 2684 
3 2764 2723 2640 
3 2478 2430 2347 
3 2889 2893 2965 
3 2967 2993 2965 
3 479 477 534 
3 443 426 477 
3 396 426 429 
3 1957 2079 2042 
3 2168 2124 2042 
3 1957 1867 1993 
3 1891 1867 1780 
3 1800 1780 1694 
3 1715 1694 1620 
3 1664 1620 1548 
3 2124 2254 2203 
3 1592 1548 1464 
3 2342 2272 2393 
3 2327 2272 2203 
3 1382 1348 1269 
3 1348 1382 1464 
3 2472 2412 2342 
3 2536 2483 2412 
3 1269 1188 1304 
3 2620 2557 2483 
3 1188 1219 1304 
3 1253 1219 1140 
3 1170 1140 1063 
3 2702 2642 2557 
3 1084 1170 1063 
3 914 1007 997 
3 1098 1084 997 
3 931 914 834 
3 849 834 756 
3 681 769 756 
3 687 681 600 
3 534 606 600 
3 2766 2721 2642 
3 864 862 782 
3 954 864 961 
3 1062 1057 961 
3 1062 1173 1164 
3 1173 1279 1271 
3 1378 1279 1389 
3 782 777 702 
3 1499 1488 1389 
3 702 692 626 
3 1614 1600 1499 
3 1710 1614 1735 
3 1762 1851 1735 
3 1851 1762 1876 
3 626 618 558 
3 541 498 558 
3 1992 1965 1876 
3 467 440 498 
3 2099 2073 1992 
3 398 396 440 
3 2209 2184 2099 
3 2319 2294 2209 
3 2347 2430 2319 
3 2969 2924 2968 
3 2904 2950 2968 
3 2969 2985 2949 
3 2918 2950 2868 
3 2985 2994 2963 
3 2867 2918 2816 
3 2867 2748 2812 
3 2967 2994 2993 
3 2812 2747 2871 
3 2814 2921 2871 
3 2845 2794 2721 
3 2896 2865 2794 
3 2946 2921 2865 
3 2504 2586 2476 
3 2547 2631 2504 
3 2600 2679 2547 
3 2533 2436 2476 
3 2436 2533 2478 
3 2723 2679 2600 
3 2848 2907 2815 
3 2877 2941 2848 
3 2889 2956 2877 
3 2815 2874 2764 
3 2829 2723 2764 
3 2430 2478 2540 
3 2956 2889 2965 
3 2993 2986 2965 
3 477 532 534 
3 426 464 477 
3 388 426 396 
3 2079 2168 2042 
3 2079 1957 1993 
3 2168 2254 2124 
3 1867 1891 1993 
3 1800 1891 1780 
3 1800 1694 1715 
3 1664 1715 1620 
3 1592 1664 1548 
3 2254 2327 2203 
3 1504 1592 1464 
3 2272 2327 2393 
3 2472 2342 2393 
3 1382 1269 1304 
3 1382 1504 1464 
3 2472 2536 2412 
3 2620 2483 2536 
3 2620 2702 2557 
3 1219 1336 1304 
3 1253 1336 1219 
3 1170 1253 1140 
3 2766 2642 2702 
3 1192 1170 1084 
3 1007 1098 997 
3 914 931 1007 
3 1098 1192 1084 
3 849 931 834 
3 769 849 756 
3 687 769 681 
3 606 687 600 
3 532 606 534 
3 2766 2845 2721 
3 862 777 782 
3 864 954 862 
3 1057 954 961 
3 1062 1164 1057 
3 1173 1271 1164 
3 1279 1378 1271 
3 1488 1378 1389 
3 777 692 702 
3 1600 1488 1499 
3 692 618 626 
3 1710 1600 1614 
3 1827 1710 1735 
3 1851 1827 1735 
3 1965 1851 1876 
3 618 541 558 
3 541 467 498 
3 2073 1965 1992 
3 467 398 440 
3 2099 2184 2073 
3 398 362 396 
3 2294 2184 2209 
3 2319 2399 2294 
3 2430 2399 2319 
3 2988 2969 2968 
3 2950 2984 2968 
3 2988 2985 2969 
3 2918 2975 2950 
3 2985 2997 2994 
3 2948 2918 2867 
3 2911 2867 2812 
3 2994 2998 2993 
3 2911 2812 2871 
3 2921 2955 2871 
3 2845 2896 2794 
3 2896 2946 2865 
3 2946 2974 2921 
3 2586 2533 2476 
3 2631 2586 2504 
3 2679 2631 2547 
3 2533 2602 2478 
3 2679 2723 2781 
3 2907 2874 2815 
3 2941 2907 2848 
3 2956 2941 2877 
3 2874 2829 2764 
3 2723 2829 2781 
3 2478 2602 2540 
3 2494 2430 2540 
3 2986 2956 2965 
3 2990 2986 2993 
3 464 532 477 
3 434 464 426 
3 434 426 388 
3 362 388 396 
3 2201 2168 2079 
3 2111 2079 1993 
3 2254 2168 2290 
3 1891 2012 1993 
3 1914 1891 1800 
3 1821 1800 1715 
3 1664 1723 1715 
3 1723 1664 1592 
3 2372 2327 2254 
3 1592 1504 1625 
3 2393 2327 2443 
3 2518 2472 2393 
3 1418 1382 1304 
3 1504 1382 1418 
3 2605 2536 2472 
3 2671 2620 2536 
3 2740 2702 2620 
3 1336 1418 1304 
3 1253 1362 1336 
3 1275 1253 1170 
3 2808 2766 2702 
3 1192 1275 1170 
3 1113 1098 1007 
3 931 1031 1007 
3 1192 1098 1204 
3 944 931 849 
3 861 849 769 
3 779 769 687 
3 687 606 689 
3 605 606 532 
3 2860 2845 2766 
3 862 853 777 
3 954 948 862 
3 1057 1051 954 
3 1164 1156 1057 
3 1271 1261 1164 
3 1378 1372 1271 
3 1378 1488 1478 
3 777 764 692 
3 1488 1600 1585 
3 692 678 618 
3 1710 1696 1600 
3 1827 1802 1710 
3 1851 1941 1827 
3 1941 1851 1965 
3 618 589 541 
3 508 467 541 
3 2073 2052 1965 
3 427 398 467 
3 2184 2162 2073 
3 351 362 398 
3 2184 2294 2266 
3 2399 2366 2294 
3 2430 2494 2399 
3 2984 2988 2968 
3 2975 2984 2950 
3 2985 2988 2997 
3 2948 2975 2918 
3 2994 2997 2998 
3 2948 2867 2911 
3 2998 2990 2993 
3 2955 2911 2871 
3 2974 2955 2921 
3 2896 2845 2912 
3 2896 2945 2946 
3 2974 2946 2976 
3 2586 2647 2533 
3 2631 2693 2586 
3 2679 2739 2631 
3 2647 2602 2533 
3 2739 2679 2781 
3 2907 2932 2874 
3 2941 2958 2907 
3 2956 2978 2941 
3 2829 2874 2894 
3 2829 2861 2781 
3 2602 2651 2540 
3 2606 2494 2540 
3 2986 2978 2956 
3 2990 2981 2986 
3 464 529 532 
3 434 460 464 
3 391 434 388 
3 362 337 388 
3 2168 2201 2290 
3 2111 2201 2079 
3 2012 2111 1993 
3 2372 2254 2290 
3 2012 1891 1914 
3 1914 1800 1821 
3 1723 1821 1715 
3 1723 1592 1732 
3 2327 2372 2443 
3 1504 1533 1625 
3 1732 1592 1625 
3 2518 2393 2443 
3 2605 2472 2518 
3 1533 1504 1418 
3 2605 2671 2536 
3 2671 2740 2620 
3 2740 2808 2702 
3 1418 1336 1448 
3 1336 1362 1448 
3 1253 1275 1362 
3 2860 2766 2808 
3 1297 1275 1192 
3 1204 1098 1113 
3 1031 1113 1007 
3 944 1031 931 
3 1297 1192 1204 
3 861 944 849 
3 779 861 769 
3 779 687 689 
3 606 605 689 
3 529 605 532 
3 2845 2860 2912 
3 853 764 777 
3 948 853 862 
3 1051 948 954 
3 1156 1051 1057 
3 1261 1156 1164 
3 1372 1261 1271 
3 1372 1378 1478 
3 1478 1488 1585 
3 764 678 692 
3 1600 1696 1585 
3 678 589 618 
3 1802 1696 1710 
3 1827 1913 1802 
3 1941 1913 1827 
3 2052 1941 1965 
3 589 508 541 
3 508 427 467 
3 2073 2162 2052 
3 427 351 398 
3 2184 2266 2162 
3 362 351 316 
3 2294 2366 2266 
3 2366 2399 2462 
3 2399 2494 2462 
3 2988 2984 2995 
3 2975 2989 2984 
3 2988 2995 2997 
3 2948 2971 2975 
3 2997 2996 2998 
3 2971 2948 2911 
3 2992 2990 2998 
3 2955 2971 2911 
3 2955 2974 2982 
3 2945 2896 2912 
3 2946 2945 2976 
3 2983 2974 2976 
3 2586 2693 2647 
3 2739 2693 2631 
3 2647 2695 2602 
3 2823 2739 2781 
3 2874 2932 2894 
3 2958 2932 2907 
3 2978 2958 2941 
3 2861 2829 2894 
3 2861 2823 2781 
3 2651 2606 2540 
3 2695 2651 2602 
3 2606 2548 2494 
3 2986 2981 2978 
3 2990 2980 2981 
3 460 529 464 
3 391 460 434 
3 337 391 388 
3 337 362 316 
3 2201 2325 2290 
3 2224 2201 2111 
3 2131 2111 2012 
3 2411 2372 2290 
3 2032 2012 1914 
3 1934 1914 1821 
3 1833 1821 1723 
3 1833 1723 1732 
3 2372 2488 2443 
3 1533 1649 1625 
3 1747 1732 1625 
3 2570 2518 2443 
3 2646 2605 2518 
3 1533 1418 1448 
3 2671 2605 2711 
3 2767 2740 2671 
3 2826 2808 2740 
3 1448 1362 1473 
3 1275 1385 1362 
3 2876 2860 2808 
3 1297 1385 1275 
3 1221 1204 1113 
3 1031 1129 1113 
3 1048 1031 944 
3 1315 1297 1204 
3 944 861 962 
3 861 779 867 
3 781 779 689 
3 605 688 689 
3 529 594 605 
3 2860 2905 2912 
3 853 838 764 
3 948 936 853 
3 1051 1039 948 
3 1156 1144 1051 
3 1249 1156 1261 
3 1372 1356 1261 
3 1372 1478 1461 
3 1570 1478 1585 
3 764 746 678 
3 1696 1679 1585 
3 678 651 589 
3 1802 1787 1696 
3 1913 1897 1802 
3 1941 2023 1913 
3 1941 2052 2023 
3 589 566 508 
3 468 427 508 
3 2052 2162 2138 
3 368 351 427 
3 2266 2248 2162 
3 351 307 316 
3 2366 2341 2266 
3 2366 2462 2424 
3 2494 2548 2462 
3 2984 2989 2995 
3 2971 2989 2975 
3 2995 2996 2997 
3 2996 2992 2998 
3 2992 2980 2990 
3 2971 2955 2982 
3 2974 2983 2982 
3 2937 2945 2912 
3 2945 2961 2976 
3 2977 2983 2976 
3 2693 2728 2647 
3 2739 2776 2693 
3 2728 2695 2647 
3 2823 2776 2739 
3 2932 2917 2894 
3 2953 2932 2958 
3 2978 2972 2958 
3 2902 2861 2894 
3 2823 2861 2870 
3 2683 2606 2651 
3 2695 2724 2651 
3 2606 2636 2548 
3 2981 2972 2978 
3 2980 2973 2981 
3 460 516 529 
3 428 460 391 
3 337 340 391 
3 294 337 316 
3 2325 2411 2290 
3 2224 2325 2201 
3 2224 2111 2131 
3 2131 2012 2032 
3 2411 2488 2372 
3 2032 1914 1934 
3 1934 1821 1833 
3 1848 1833 1732 
3 2488 2570 2443 
3 1649 1747 1625 
3 1562 1649 1533 
3 1747 1848 1732 
3 2570 2646 2518 
3 2605 2646 2711 
3 1562 1533 1448 
3 2767 2671 2711 
3 2767 2826 2740 
3 2826 2876 2808 
3 1362 1385 1473 
3 1562 1448 1473 
3 2876 2905 2860 
3 1405 1385 1297 
3 1221 1315 1204 
3 1129 1221 1113 
3 1031 1048 1129 
3 1048 944 962 
3 1315 1405 1297 
3 962 861 867 
3 867 779 781 
3 688 781 689 
3 594 688 605 
3 529 516 594 
3 2905 2937 2912 
3 838 746 764 
3 936 838 853 
3 1039 936 948 
3 1144 1039 1051 
3 1249 1144 1156 
3 1356 1249 1261 
3 1356 1372 1461 
3 1478 1570 1461 
3 1679 1570 1585 
3 746 651 678 
3 1696 1787 1679 
3 651 566 589 
3 1897 1787 1802 
3 1897 1913 2004 
3 1913 2023 2004 
3 2023 2052 2138 
3 566 468 508 
3 468 368 427 
3 2162 2248 2138 
3 307 351 368 
3 2266 2341 2248 
3 307 260 316 
3 2341 2366 2424 
3 2462 2498 2424 
3 2548 2498 2462 
3 2995 2989 2991 
3 2989 2971 2982 
3 2996 2995 2991 
3 2996 2987 2992 
3 2980 2992 2979 
3 2982 2983 2991 
3 2961 2945 2937 
3 2961 2977 2976 
3 2983 2977 2987 
3 2693 2776 2728 
3 2728 2761 2695 
3 2823 2838 2776 
3 2902 2894 2917 
3 2953 2917 2932 
3 2972 2953 2958 
3 2861 2902 2870 
3 2838 2823 2870 
3 2683 2636 2606 
3 2724 2683 2651 
3 2695 2761 2724 
3 2548 2636 2594 
3 2973 2972 2981 
3 2973 2980 2970 
3 428 516 460 
3 340 428 391 
3 294 340 337 
3 260 294 316 
3 2429 2411 2325 
3 2339 2325 2224 
3 2250 2224 2131 
3 2147 2131 2032 
3 2519 2488 2411 
3 2045 2032 1934 
3 1946 1934 1833 
3 1946 1833 1848 
3 2612 2570 2488 
3 1764 1747 1649 
3 1673 1649 1562 
3 1848 1747 1860 
3 2681 2646 2570 
3 2646 2734 2711 
3 2785 2767 2711 
3 2826 2767 2842 
3 2869 2876 2826 
3 1385 1494 1473 
3 1583 1562 1473 
3 2901 2905 2876 
3 1405 1494 1385 
3 1333 1315 1221 
3 1239 1221 1129 
3 1048 1152 1129 
3 1058 1048 962 
3 1423 1405 1315 
3 967 962 867 
3 866 867 781 
3 771 781 688 
3 594 679 688 
3 516 581 594 
3 2927 2937 2905 
3 838 819 746 
3 915 838 936 
3 1039 1016 936 
3 1144 1122 1039 
3 1249 1234 1144 
3 1249 1356 1342 
3 1449 1356 1461 
3 1570 1554 1461 
3 1659 1570 1679 
3 746 721 651 
3 1787 1767 1679 
3 651 623 566 
3 1897 1878 1787 
3 1988 1897 2004 
3 2023 2113 2004 
3 2023 2138 2113 
3 524 468 566 
3 468 410 368 
3 2248 2220 2138 
3 319 307 368 
3 2248 2341 2326 
3 251 260 307 
3 2341 2424 2461 
3 2498 2461 2424 
3 2498 2548 2594 
3 2989 2982 2991 
3 2987 2996 2991 
3 2992 2987 2979 
3 2980 2979 2970 
3 2983 2987 2991 
3 2944 2961 2937 
3 2961 2966 2977 
3 2987 2977 2979 
3 2776 2791 2728 
3 2791 2761 2728 
3 2838 2791 2776 
3 2917 2935 2902 
3 2917 2953 2935 
3 2972 2960 2953 
3 2902 2887 2870 
3 2858 2838 2870 
3 2683 2708 2636 
3 2724 2741 2683 
3 2724 2761 2770 
3 2636 2661 2594 
3 2973 2960 2972 
3 2957 2973 2970 
3 428 484 516 
3 340 365 428 
3 340 294 297 
3 241 294 260 
3 2519 2411 2429 
3 2429 2325 2339 
3 2339 2224 2250 
3 2147 2250 2131 
3 2045 2147 2032 
3 2612 2488 2519 
3 2045 1934 1946 
3 1951 1946 1848 
3 2612 2681 2570 
3 1747 1764 1860 
3 1673 1764 1649 
3 1673 1562 1583 
3 1951 1848 1860 
3 2681 2734 2646 
3 2734 2785 2711 
3 2767 2785 2842 
3 2869 2826 2842 
3 2869 2901 2876 
3 1494 1583 1473 
3 2901 2927 2905 
3 1494 1405 1513 
3 1333 1423 1315 
3 1239 1333 1221 
3 1152 1239 1129 
3 1048 1058 1152 
3 967 1058 962 
3 1405 1423 1513 
3 866 967 867 
3 771 866 781 
3 679 771 688 
3 581 679 594 
3 516 484 581 
3 2944 2937 2927 
3 819 721 746 
3 838 915 819 
3 1016 915 936 
3 1122 1016 1039 
3 1144 1234 1122 
3 1234 1249 1342 
3 1356 1449 1342 
3 1554 1449 1461 
3 1570 1659 1554 
3 1767 1659 1679 
3 721 623 651 
3 1787 1878 1767 
3 623 524 566 
3 1897 1988 1878 
3 2093 1988 2004 
3 2113 2093 2004 
3 2138 2220 2113 
3 468 524 410 
3 410 319 368 
3 2220 2248 2326 
3 319 251 307 
3 2461 2326 2341 
3 251 217 260 
3 2498 2542 2461 
3 2498 2594 2542 
3 2979 2966 2970 
3 2966 2961 2944 
3 2977 2966 2979 
3 2791 2803 2761 
3 2838 2836 2791 
3 2916 2902 2935 
3 2953 2960 2935 
3 2887 2858 2870 
3 2916 2887 2902 
3 2858 2836 2838 
3 2708 2661 2636 
3 2741 2708 2683 
3 2741 2724 2770 
3 2761 2803 2770 
3 2661 2624 2594 
3 2973 2957 2960 
3 2952 2957 2970 
3 365 484 428 
3 365 340 297 
3 294 241 297 
3 217 241 260 
3 2534 2519 2429 
3 2437 2429 2339 
3 2344 2339 2250 
3 2250 2147 2251 
3 2149 2147 2045 
3 2628 2612 2519 
3 2049 2045 1946 
3 1951 2049 1946 
3 2698 2681 2612 
3 1764 1881 1860 
3 1788 1764 1673 
3 1673 1583 1698 
3 1972 1951 1860 
3 2681 2751 2734 
3 2789 2785 2734 
3 2785 2833 2842 
3 2863 2869 2842 
3 2901 2869 2888 
3 1603 1583 1494 
3 2913 2927 2901 
3 1603 1494 1513 
3 1442 1423 1333 
3 1346 1333 1239 
3 1258 1239 1152 
3 1058 1160 1152 
3 967 1059 1058 
3 1423 1532 1513 
3 957 967 866 
3 771 855 866 
3 679 760 771 
3 663 679 581 
3 484 567 581 
3 2934 2944 2927 
3 819 798 721 
3 915 895 819 
3 1016 999 915 
3 1122 1107 1016 
3 1234 1214 1122 
3 1325 1234 1342 
3 1449 1434 1342 
3 1554 1539 1449 
3 1659 1645 1554 
3 1752 1659 1767 
3 721 690 623 
3 1878 1859 1767 
3 582 524 623 
3 1988 1968 1878 
3 2093 2070 1988 
3 2194 2093 2113 
3 2220 2194 2113 
3 524 471 410 
3 346 319 410 
3 2301 2220 2326 
3 261 251 319 
3 2461 2405 2326 
3 211 217 251 
3 2542 2502 2461 
3 2594 2624 2542 
3 2966 2952 2970 
3 2952 2966 2944 
3 2836 2803 2791 
3 2940 2916 2935 
3 2960 2940 2935 
3 2858 2887 2873 
3 2916 2891 2887 
3 2836 2858 2849 
3 2708 2713 2661 
3 2708 2741 2745 
3 2772 2741 2770 
3 2803 2801 2770 
3 2661 2674 2624 
3 2960 2957 2940 
3 2952 2938 2957 
3 365 415 484 
3 318 365 297 
3 241 245 297 
3 241 217 200 
3 2628 2519 2534 
3 2534 2429 2437 
3 2437 2339 2344 
3 2344 2250 2251 
3 2147 2149 2251 
3 2149 2045 2049 
3 2698 2612 2628 
3 2049 1951 2053 
3 2751 2681 2698 
3 1881 1972 1860 
3 1788 1881 1764 
3 1788 1673 1698 
3 1583 1603 1698 
3 1951 1972 2053 
3 2751 2789 2734 
3 2789 2833 2785 
3 2833 2863 2842 
3 2869 2863 2888 
3 2913 2901 2888 
3 2913 2934 2927 
3 1623 1603 1513 
3 1423 1442 1532 
3 1346 1442 1333 
3 1258 1346 1239 
3 1160 1258 1152 
3 1059 1160 1058 
3 1059 967 957 
3 1532 1623 1513 
3 855 957 866 
3 760 855 771 
3 663 760 679 
3 567 663 581 
3 415 567 484 
3 2952 2944 2934 
3 798 690 721 
3 895 798 819 
3 999 895 915 
3 1107 999 1016 
3 1214 1107 1122 
3 1234 1325 1214 
3 1434 1325 1342 
3 1539 1434 1449 
3 1645 1539 1554 
3 1645 1659 1752 
3 1859 1752 1767 
3 690 582 623 
3 1878 1968 1859 
3 524 582 471 
3 1988 2070 1968 
3 2093 2178 2070 
3 2194 2178 2093 
3 2220 2301 2194 
3 471 346 410 
3 346 261 319 
3 2405 2301 2326 
3 261 211 251 
3 2461 2502 2405 
3 211 169 217 
3 2542 2582 2502 
3 2624 2582 2542 
3 2803 2836 2830 
3 2923 2916 2940 
3 2887 2891 2873 
3 2849 2858 2873 
3 2923 2891 2916 
3 2836 2849 2830 
3 2713 2674 2661 
3 2713 2708 2745 
3 2741 2769 2745 
3 2772 2769 2741 
3 2801 2772 2770 
3 2803 2830 2801 
3 2674 2638 2624 
3 2957 2938 2940 
3 2938 2952 2934 
3 415 365 318 
3 245 318 297 
3 245 241 200 
3 217 184 200 
3 2621 2628 2534 
3 2521 2534 2437 
3 2425 2437 2344 
3 2331 2344 2251 
3 2251 2149 2231 
3 2132 2149 2049 
3 2698 2628 2697 
3 2132 2049 2053 
3 2750 2751 2698 
3 1999 1972 1881 
3 1788 1903 1881 
3 1806 1788 1698 
3 1603 1714 1698 
3 1972 2110 2053 
3 2751 2784 2789 
3 2821 2833 2789 
3 2850 2863 2833 
3 2863 2878 2888 
3 2892 2913 2888 
3 2934 2913 2919 
3 1714 1603 1623 
3 1442 1549 1532 
3 1457 1442 1346 
3 1368 1346 1258 
3 1160 1270 1258 
3 1157 1160 1059 
3 1049 1059 957 
3 1640 1623 1532 
3 855 941 957 
3 760 845 855 
3 760 663 739 
3 663 567 643 
3 415 465 567 
3 798 762 690 
3 798 895 875 
3 978 895 999 
3 1107 1088 999 
3 1214 1201 1107 
3 1325 1308 1214 
3 1416 1325 1434 
3 1539 1525 1434 
3 1645 1633 1539 
3 1738 1645 1752 
3 1845 1752 1859 
3 690 649 582 
3 1968 1950 1859 
3 582 536 471 
3 2070 2059 1968 
3 2178 2158 2070 
3 2194 2273 2178 
3 2301 2273 2194 
3 403 346 471 
3 292 261 346 
3 2301 2405 2374 
3 216 211 261 
3 2502 2477 2405 
3 169 184 217 
3 211 158 169 
3 2582 2604 2502 
3 2624 2638 2582 
3 2938 2923 2940 
3 2891 2880 2873 
3 2856 2849 2873 
3 2898 2891 2923 
3 2849 2843 2830 
3 2674 2713 2709 
3 2731 2713 2745 
3 2769 2762 2745 
3 2792 2769 2772 
3 2801 2792 2772 
3 2801 2830 2820 
3 2638 2674 2678 
3 2938 2934 2919 
3 358 415 318 
3 245 266 318 
3 207 245 200 
3 184 165 200 
3 2628 2621 2697 
3 2621 2534 2521 
3 2521 2437 2425 
3 2425 2344 2331 
3 2331 2251 2231 
3 2149 2132 2231 
3 2750 2698 2697 
3 2110 2132 2053 
3 2784 2751 2750 
3 1999 2103 1972 
3 1903 1999 1881 
3 1788 1806 1903 
3 1714 1806 1698 
3 1972 2103 2110 
3 2784 2821 2789 
3 2821 2850 2833 
3 2863 2850 2878 
3 2878 2892 2888 
3 2913 2892 2919 
3 1733 1714 1623 
3 1549 1640 1532 
3 1457 1549 1442 
3 1368 1457 1346 
3 1270 1368 1258 
3 1157 1270 1160 
3 1049 1157 1059 
3 941 1049 957 
3 1640 1733 1623 
3 845 941 855 
3 845 760 739 
3 663 643 739 
3 567 554 643 
3 567 465 554 
3 358 465 415 
3 762 649 690 
3 762 798 875 
3 895 978 875 
3 1088 978 999 
3 1201 1088 1107 
3 1308 1201 1214 
3 1325 1416 1308 
3 1525 1416 1434 
3 1633 1525 1539 
3 1633 1645 1738 
3 1845 1738 1752 
3 1950 1845 1859 
3 582 649 536 
3 2059 1950 1968 
3 536 403 471 
3 2070 2158 2059 
3 2256 2158 2178 
3 2273 2256 2178 
3 2273 2301 2374 
3 403 292 346 
3 216 261 292 
3 2405 2477 2374 
3 211 216 158 
3 2553 2477 2502 
3 148 184 169 
3 158 124 169 
3 2604 2553 2502 
3 2582 2638 2604 
3 2923 2938 2919 
3 2880 2856 2873 
3 2891 2898 2880 
3 2856 2843 2849 
3 2898 2923 2919 
3 2830 2843 2820 
3 2713 2731 2709 
3 2674 2709 2678 
3 2762 2731 2745 
3 2782 2762 2769 
3 2792 2782 2769 
3 2792 2801 2820 
3 2638 2678 2652 
3 266 358 318 
3 245 207 266 
3 165 207 200 
3 148 165 184 
3 2621 2673 2697 
3 2601 2621 2521 
3 2521 2425 2493 
3 2401 2425 2331 
3 2286 2331 2231 
3 2132 2219 2231 
3 2730 2750 2697 
3 2219 2132 2110 
3 2771 2784 2750 
3 2106 2103 1999 
3 2011 1999 1903 
3 1806 1916 1903 
3 1806 1714 1825 
3 2103 2206 2110 
3 2821 2784 2805 
3 2835 2850 2821 
3 2850 2854 2878 
3 2881 2892 2878 
3 2892 2898 2919 
3 1714 1733 1825 
3 1640 1549 1656 
3 1549 1457 1567 
3 1477 1457 1368 
3 1386 1368 1270 
3 1157 1295 1270 
3 1139 1157 1049 
3 941 1034 1049 
3 1733 1640 1748 
3 845 928 941 
3 828 845 739 
3 643 729 739 
3 554 629 643 
3 465 528 554 
3 424 465 358 
3 649 762 723 
3 833 762 875 
3 978 947 875 
3 978 1088 1065 
3 1088 1201 1176 
3 1287 1201 1308 
3 1416 1397 1308 
3 1525 1507 1416 
3 1525 1633 1619 
3 1729 1633 1738 
3 1845 1834 1738 
3 1950 1944 1845 
3 649 609 536 
3 1950 2059 2046 
3 483 403 536 
3 2158 2150 2059 
3 2158 2256 2239 
3 2273 2348 2256 
3 2348 2273 2374 
3 403 341 292 
3 240 216 292 
3 2477 2434 2374 
3 216 172 158 
3 2477 2553 2517 
3 124 148 169 
3 124 158 120 
3 2604 2625 2553 
3 2638 2652 2604 
3 2880 2857 2856 
3 2880 2898 2881 
3 2856 2841 2843 
3 2843 2822 2820 
3 2731 2716 2709 
3 2709 2689 2678 
3 2762 2737 2731 
3 2782 2763 2762 
3 2806 2782 2792 
3 2806 2792 2820 
3 2678 2667 2652 
3 315 358 266 
3 207 227 266 
3 165 174 207 
3 165 148 134 
3 2673 2730 2697 
3 2673 2621 2601 
3 2601 2521 2493 
3 2425 2401 2493 
3 2286 2401 2331 
3 2219 2286 2231 
3 2771 2750 2730 
3 2206 2219 2110 
3 2784 2771 2805 
3 2198 2103 2106 
3 2011 2106 1999 
3 1916 2011 1903 
3 1916 1806 1825 
3 2103 2198 2206 
3 2835 2821 2805 
3 2835 2854 2850 
3 2854 2881 2878 
3 2898 2892 2881 
3 1733 1837 1825 
3 1656 1549 1567 
3 1640 1656 1748 
3 1457 1477 1567 
3 1386 1477 1368 
3 1295 1386 1270 
3 1233 1295 1157 
3 1139 1233 1157 
3 1034 1139 1049 
3 941 928 1034 
3 1837 1733 1748 
3 845 828 928 
3 729 828 739 
3 629 729 643 
3 528 629 554 
3 465 424 528 
3 424 358 315 
3 762 833 723 
3 649 723 609 
3 947 833 875 
3 947 978 1065 
3 1088 1176 1065 
3 1201 1287 1176 
3 1397 1287 1308 
3 1507 1397 1416 
3 1525 1619 1507 
3 1633 1729 1619 
3 1834 1729 1738 
3 1944 1834 1845 
3 1950 2046 1944 
3 609 483 536 
3 2059 2150 2046 
3 483 341 403 
3 2158 2239 2150 
3 2239 2256 2329 
3 2256 2348 2329 
3 2434 2348 2374 
3 341 240 292 
3 240 172 216 
3 2477 2517 2434 
3 158 172 120 
3 2553 2595 2517 
3 148 124 106 
3 85 124 120 
3 2625 2595 2553 
3 2652 2625 2604 
3 2857 2841 2856 
3 2857 2880 2881 
3 2841 2822 2843 
3 2822 2806 2820 
3 2716 2689 2709 
3 2731 2737 2716 
3 2689 2667 2678 
3 2763 2737 2762 
3 2782 2783 2763 
3 2806 2783 2782 
3 2667 2655 2652 
3 227 315 266 
3 174 227 207 
3 165 134 174 
3 134 148 106 
3 2714 2730 2673 
3 2649 2673 2601 
3 2561 2601 2493 
3 2401 2465 2493 
3 2401 2286 2349 
3 2219 2349 2286 
3 2760 2771 2730 
3 2309 2219 2206 
3 2805 2771 2788 
3 2199 2198 2106 
3 2106 2011 2112 
3 2019 2011 1916 
3 1931 1916 1825 
3 2198 2296 2206 
3 2819 2835 2805 
3 2854 2835 2857 
3 2854 2857 2881 
3 1837 1931 1825 
3 1675 1656 1567 
3 1656 1763 1748 
3 1477 1584 1567 
3 1477 1386 1495 
3 1386 1295 1407 
3 1322 1295 1233 
3 1139 1241 1233 
3 1153 1139 1034 
3 928 1006 1034 
3 1856 1837 1748 
3 828 911 928 
3 729 808 828 
3 708 729 629 
3 528 608 629 
3 424 502 528 
3 376 424 315 
3 833 799 723 
3 723 682 609 
3 947 909 833 
3 1025 947 1065 
3 1176 1148 1065 
3 1287 1260 1176 
3 1397 1375 1287 
3 1485 1397 1507 
3 1619 1598 1507 
3 1729 1716 1619 
3 1828 1729 1834 
3 1944 1935 1834 
3 2046 2037 1944 
3 563 483 609 
3 2150 2141 2046 
3 483 422 341 
3 2239 2233 2150 
3 2317 2239 2329 
3 2348 2408 2329 
3 2408 2348 2434 
3 293 240 341 
3 205 172 240 
3 2517 2487 2434 
3 172 143 120 
3 2595 2551 2517 
3 124 85 106 
3 82 85 120 
3 2630 2595 2625 
3 2652 2655 2625 
3 2857 2835 2841 
3 2822 2841 2819 
3 2806 2822 2800 
3 2682 2689 2716 
3 2737 2710 2716 
3 2689 2665 2667 
3 2737 2763 2732 
3 2783 2759 2763 
3 2783 2806 2800 
3 2667 2643 2655 
3 227 270 315 
3 198 227 174 
3 134 142 174 
3 97 134 106 
3 2760 2730 2714 
3 2714 2673 2649 
3 2649 2601 2561 
3 2465 2561 2493 
3 2465 2401 2349 
3 2309 2349 2219 
3 2771 2760 2788 
3 2296 2309 2206 
3 2819 2805 2788 
3 2288 2198 2199 
3 2199 2106 2112 
3 2011 2019 2112 
3 2019 1916 1931 
3 2288 2296 2198 
3 2841 2835 2819 
3 1945 1931 1837 
3 1675 1763 1656 
3 1584 1675 1567 
3 1763 1856 1748 
3 1477 1495 1584 
3 1495 1386 1407 
3 1407 1295 1322 
3 1241 1322 1233 
3 1241 1139 1153 
3 1006 1153 1034 
3 928 911 1006 
3 1856 1945 1837 
3 808 911 828 
3 729 708 808 
3 608 708 629 
3 502 608 528 
3 424 376 502 
3 270 376 315 
3 799 682 723 
3 909 799 833 
3 682 563 609 
3 1025 909 947 
3 1148 1025 1065 
3 1260 1148 1176 
3 1375 1260 1287 
3 1397 1485 1375 
3 1598 1485 1507 
3 1716 1598 1619 
3 1729 1828 1716 
3 1935 1828 1834 
3 2037 1935 1944 
3 2141 2037 2046 
3 563 422 483 
3 2150 2233 2141 
3 422 293 341 
3 2239 2317 2233 
3 2392 2317 2329 
3 2408 2392 2329 
3 2487 2408 2434 
3 293 205 240 
3 172 205 143 
3 2517 2551 2487 
3 143 94 120 
3 2595 2597 2551 
3 85 72 106 
3 82 54 85 
3 94 82 120 
3 2630 2597 2595 
3 2655 2630 2625 
3 2822 2819 2800 
3 2682 2665 2689 
3 2710 2682 2716 
3 2710 2737 2732 
3 2667 2665 2643 
3 2763 2759 2732 
3 2759 2783 2773 
3 2783 2800 2773 
3 2643 2627 2655 
3 270 227 198 
3 142 198 174 
3 97 142 134 
3 72 97 106 
3 2735 2760 2714 
3 2685 2714 2649 
3 2649 2561 2615 
3 2561 2465 2513 
3 2465 2349 2417 
3 2349 2309 2417 
3 2760 2773 2788 
3 2388 2309 2296 
3 2800 2819 2788 
3 2289 2288 2199 
3 2204 2199 2112 
3 2019 2117 2112 
3 2033 2019 1931 
3 2288 2376 2296 
3 1945 2033 1931 
3 1786 1763 1675 
3 1699 1675 1584 
3 1874 1856 1763 
3 1495 1610 1584 
3 1517 1495 1407 
3 1429 1407 1322 
3 1241 1345 1322 
3 1264 1241 1153 
3 1094 1153 1006 
3 911 1000 1006 
3 1959 1945 1856 
3 808 898 911 
3 708 801 808 
3 694 708 608 
3 585 608 502 
3 376 474 502 
3 270 335 376 
3 682 799 754 
3 799 909 880 
3 563 682 636 
3 909 1025 990 
3 1148 1110 1025 
3 1227 1148 1260 
3 1375 1344 1260 
3 1485 1458 1375 
3 1571 1485 1598 
3 1716 1701 1598 
3 1828 1820 1716 
3 1935 1929 1828 
3 2037 2036 1935 
3 2137 2037 2141 
3 563 509 422 
3 2233 2227 2141 
3 361 293 422 
3 2317 2318 2233 
3 2394 2317 2392 
3 2408 2473 2392 
3 2473 2408 2487 
3 247 205 293 
3 205 176 143 
3 2551 2526 2487 
3 118 94 143 
3 2597 2567 2551 
3 54 72 85 
3 55 54 82 
3 94 55 82 
3 2597 2630 2607 
3 2627 2630 2655 
3 2665 2682 2641 
3 2682 2710 2659 
3 2687 2710 2732 
3 2665 2641 2643 
3 2732 2759 2717 
3 2735 2759 2773 
3 2773 2800 2788 
3 2643 2591 2627 
3 233 270 198 
3 142 161 198 
3 107 142 97 
3 72 60 97 
3 2760 2735 2773 
3 2685 2735 2714 
3 2685 2649 2615 
3 2615 2561 2513 
3 2513 2465 2417 
3 2309 2388 2417 
3 2376 2388 2296 
3 2369 2288 2289 
3 2204 2289 2199 
3 2117 2204 2112 
3 2019 2033 2117 
3 2369 2376 2288 
3 2033 1945 2043 
3 1786 1874 1763 
3 1699 1786 1675 
3 1610 1699 1584 
3 1874 1959 1856 
3 1517 1610 1495 
3 1429 1517 1407 
3 1345 1429 1322 
3 1264 1345 1241 
3 1183 1264 1153 
3 1094 1183 1153 
3 1000 1094 1006 
3 911 898 1000 
3 1945 1959 2043 
3 801 898 808 
3 708 694 801 
3 585 694 608 
3 474 585 502 
3 335 474 376 
3 233 335 270 
3 799 880 754 
3 682 754 636 
3 880 909 990 
3 509 563 636 
3 1025 1110 990 
3 1110 1148 1227 
3 1344 1227 1260 
3 1458 1344 1375 
3 1571 1458 1485 
3 1701 1571 1598 
3 1820 1701 1716 
3 1828 1929 1820 
3 2036 1929 1935 
3 2137 2036 2037 
3 2227 2137 2141 
3 509 361 422 
3 2318 2227 2233 
3 361 247 293 
3 2394 2318 2317 
3 2471 2394 2392 
3 2473 2471 2392 
3 2526 2473 2487 
3 176 205 247 
3 176 118 143 
3 2551 2567 2526 
3 118 74 94 
3 2581 2567 2597 
3 54 37 72 
3 55 21 54 
3 74 55 94 
3 2630 2627 2607 
3 2581 2597 2607 
3 2641 2682 2659 
3 2710 2687 2659 
3 2687 2732 2717 
3 2641 2593 2643 
3 2759 2735 2717 
3 2627 2591 2578 
3 2593 2591 2643 
3 161 233 198 
3 107 161 142 
3 60 107 97 
3 37 60 72 
3 2735 2685 2717 
3 2654 2685 2615 
3 2574 2615 2513 
3 2485 2513 2417 
3 2388 2485 2417 
3 2463 2388 2376 
3 2371 2369 2289 
3 2297 2289 2204 
3 2214 2204 2117 
3 2033 2127 2117 
3 2369 2449 2376 
3 2033 2043 2127 
3 1890 1874 1786 
3 1786 1699 1803 
3 1718 1699 1610 
3 1976 1959 1874 
3 1628 1610 1517 
3 1429 1541 1517 
3 1456 1429 1345 
3 1370 1345 1264 
3 1183 1277 1264 
3 1090 1183 1094 
3 1090 1094 1000 
3 898 996 1000 
3 1959 2061 2043 
3 801 893 898 
3 801 694 786 
3 585 677 694 
3 568 585 474 
3 474 335 436 
3 299 335 233 
3 880 831 754 
3 754 713 636 
3 955 880 990 
3 587 509 636 
3 1110 1082 990 
3 1199 1110 1227 
3 1344 1313 1227 
3 1425 1344 1458 
3 1571 1540 1458 
3 1701 1663 1571 
3 1814 1701 1820 
3 1929 1927 1820 
3 2036 2034 1929 
3 2137 2134 2036 
3 2227 2230 2137 
3 509 458 361 
3 2322 2227 2318 
3 317 247 361 
3 2394 2406 2318 
3 2394 2471 2480 
3 2509 2471 2473 
3 2526 2509 2473 
3 220 176 247 
3 176 153 118 
3 2526 2567 2549 
3 104 74 118 
3 2566 2567 2581 
3 21 37 54 
3 32 21 55 
3 74 32 55 
3 2627 2578 2607 
3 2562 2581 2607 
3 2641 2659 2603 
3 2659 2687 2622 
3 2654 2687 2717 
3 2593 2641 2603 
3 2591 2511 2578 
3 2591 2593 2516 
3 161 208 233 
3 107 133 161 
3 107 60 71 
3 25 60 37 
3 2685 2654 2717 
3 2574 2654 2615 
3 2485 2574 2513 
3 2463 2485 2388 
3 2449 2463 2376 
3 2369 2371 2442 
3 2297 2371 2289 
3 2214 2297 2204 
3 2127 2214 2117 
3 2449 2369 2442 
3 2043 2140 2127 
3 1890 1976 1874 
3 1890 1786 1803 
3 1699 1718 1803 
3 1628 1718 1610 
3 1976 2061 1959 
3 1541 1628 1517 
3 1541 1429 1456 
3 1370 1456 1345 
3 1277 1370 1264 
3 1277 1183 1191 
3 1183 1090 1191 
3 996 1090 1000 
3 898 893 996 
3 2061 2140 2043 
3 893 801 786 
3 694 677 786 
3 568 677 585 
3 568 474 436 
3 335 299 436 
3 208 299 233 
3 831 713 754 
3 955 831 880 
3 713 587 636 
3 1082 955 990 
3 587 458 509 
3 1199 1082 1110 
3 1313 1199 1227 
3 1313 1344 1425 
3 1540 1425 1458 
3 1663 1540 1571 
3 1814 1663 1701 
3 1927 1814 1820 
3 2034 1927 1929 
3 2134 2034 2036 
3 2230 2134 2137 
3 2227 2322 2230 
3 458 317 361 
3 2406 2322 2318 
3 317 220 247 
3 2406 2394 2480 
3 2471 2525 2480 
3 2509 2525 2471 
3 2509 2526 2549 
3 220 153 176 
3 153 104 118 
3 2567 2566 2549 
3 104 58 74 
3 2566 2581 2550 
3 21 4 37 
3 32 2 21 
3 58 32 74 
3 2578 2562 2607 
3 2581 2562 2550 
3 2659 2622 2603 
3 2687 2654 2622 
3 2593 2603 2527 
3 2511 2510 2578 
3 2591 2516 2511 
3 2516 2593 2527 
3 133 208 161 
3 133 107 71 
3 60 25 71 
3 4 25 37 
3 2654 2574 2622 
3 2537 2574 2485 
3 2463 2537 2485 
3 2463 2449 2527 
3 2371 2446 2442 
3 2377 2371 2297 
3 2300 2297 2214 
3 2217 2214 2127 
3 2516 2449 2442 
3 2140 2217 2127 
3 1996 1976 1890 
3 1911 1890 1803 
3 1718 1829 1803 
3 1741 1718 1628 
3 2061 1976 2074 
3 1628 1541 1650 
3 1566 1541 1456 
3 1370 1476 1456 
3 1381 1370 1277 
3 1290 1277 1191 
3 1090 1092 1191 
3 1092 1090 996 
3 893 993 996 
3 2061 2153 2140 
3 884 893 786 
3 677 765 786 
3 677 568 655 
3 538 568 436 
3 299 394 436 
3 208 264 299 
3 713 831 791 
3 905 831 955 
3 587 713 671 
3 1082 1046 955 
3 551 458 587 
3 1199 1169 1082 
3 1313 1282 1199 
3 1396 1313 1425 
3 1540 1509 1425 
3 1540 1663 1622 
3 1814 1813 1663 
3 1922 1814 1927 
3 2034 2031 1927 
3 2134 2133 2034 
3 2134 2230 2234 
3 2322 2328 2230 
3 458 402 317 
3 2322 2406 2415 
3 317 283 220 
3 2491 2406 2480 
3 2525 2546 2480 
3 2556 2525 2509 
3 2556 2509 2549 
3 197 153 220 
3 138 104 153 
3 2566 2572 2549 
3 88 58 104 
3 2555 2566 2550 
3 2 4 21 
3 32 16 2 
3 16 32 58 
3 2510 2562 2578 
3 2562 2499 2550 
3 2622 2537 2603 
3 2603 2537 2527 
3 2510 2511 2446 
3 2511 2516 2442 
3 2449 2516 2527 
3 208 133 182 
3 78 133 71 
3 25 30 71 
3 25 4 3 
3 2574 2537 2622 
3 2537 2463 2527 
3 2446 2511 2442 
3 2377 2446 2371 
3 2300 2377 2297 
3 2217 2300 2214 
3 2223 2217 2140 
3 1976 1996 2074 
3 1911 1996 1890 
3 1829 1911 1803 
3 1741 1829 1718 
3 1741 1628 1650 
3 2153 2061 2074 
3 1541 1566 1650 
3 1476 1566 1456 
3 1381 1476 1370 
3 1290 1381 1277 
3 1197 1290 1191 
3 1092 1197 1191 
3 993 1092 996 
3 893 884 993 
3 2153 2223 2140 
3 765 884 786 
3 677 655 765 
3 568 538 655 
3 394 538 436 
3 264 394 299 
3 264 208 182 
3 831 905 791 
3 713 791 671 
3 905 955 1014 
3 551 587 671 
3 955 1046 1014 
3 1169 1046 1082 
3 551 402 458 
3 1282 1169 1199 
3 1313 1396 1282 
3 1509 1396 1425 
3 1509 1540 1622 
3 1663 1721 1622 
3 1813 1721 1663 
3 1922 1813 1814 
3 2031 1922 1927 
3 2133 2031 2034 
3 2133 2134 2234 
3 2230 2328 2234 
3 2328 2322 2415 
3 402 283 317 
3 2406 2491 2415 
3 283 197 220 
3 2546 2491 2480 
3 2525 2589 2546 
3 2525 2556 2589 
3 2572 2556 2549 
3 197 138 153 
3 138 88 104 
3 2566 2555 2572 
3 88 49 58 
3 2505 2555 2550 
3 4 2 0 
3 2 16 1 
3 49 16 58 
3 2499 2562 2510 
3 2499 2505 2550 
3 2447 2510 2446 
3 133 123 182 
3 133 78 123 
3 30 78 71 
3 30 25 3 
3 4 0 3 
3 2447 2446 2377 
3 2377 2300 2379 
3 2303 2300 2217 
3 2303 2217 2223 
3 1996 2100 2074 
3 1996 1911 2018 
3 1939 1911 1829 
3 1853 1829 1741 
3 1761 1741 1650 
3 2175 2153 2074 
3 1566 1678 1650 
3 1589 1566 1476 
3 1381 1493 1476 
3 1381 1290 1399 
3 1197 1303 1290 
3 1097 1197 1092 
3 1097 1092 993 
3 884 995 993 
3 2153 2243 2223 
3 869 884 765 
3 655 747 765 
3 538 638 655 
3 394 514 538 
3 394 264 363 
3 244 264 182 
3 905 874 791 
3 791 749 671 
3 983 905 1014 
3 633 551 671 
3 1046 1127 1014 
3 1046 1169 1127 
3 551 503 402 
3 1169 1282 1251 
3 1282 1396 1365 
3 1509 1480 1396 
3 1591 1509 1622 
3 1721 1704 1622 
3 1721 1813 1809 
3 1922 1917 1813 
3 2031 2026 1922 
3 2139 2031 2133 
3 2237 2133 2234 
3 2328 2332 2234 
3 2421 2328 2415 
3 360 283 402 
3 2491 2507 2415 
3 197 283 250 
3 2491 2546 2587 
3 2546 2589 2618 
3 2556 2596 2589 
3 2556 2572 2596 
3 197 183 138 
3 131 88 138 
3 2572 2555 2580 
3 81 49 88 
3 2555 2505 2532 
3 2 1 0 
3 16 27 1 
3 49 27 16 
3 2499 2510 2447 
3 2505 2499 2444 
3 123 167 182 
3 78 105 123 
3 30 51 78 
3 20 30 3 
3 0 14 3 
3 2447 2377 2379 
3 2300 2303 2379 
3 2306 2303 2223 
3 2100 2175 2074 
3 2100 1996 2018 
3 1911 1939 2018 
3 1853 1939 1829 
3 1761 1853 1741 
3 1678 1761 1650 
3 2153 2175 2243 
3 1589 1678 1566 
3 1493 1589 1476 
3 1493 1381 1399 
3 1290 1303 1399 
3 1197 1203 1303 
3 1203 1197 1097 
3 995 1097 993 
3 869 995 884 
3 2243 2306 2223 
3 747 869 765 
3 638 747 655 
3 538 514 638 
3 514 394 363 
3 264 244 363 
3 167 244 182 
3 791 874 749 
3 983 874 905 
3 749 633 671 
3 1095 983 1014 
3 633 503 551 
3 1127 1095 1014 
3 1169 1251 1127 
3 503 360 402 
3 1282 1365 1251 
3 1396 1480 1365 
3 1480 1509 1591 
3 1704 1591 1622 
3 1704 1721 1809 
3 1813 1917 1809 
3 2026 1917 1922 
3 2031 2139 2026 
3 2139 2133 2237 
3 2332 2237 2234 
3 2421 2332 2328 
3 2507 2421 2415 
3 283 360 250 
3 2507 2491 2587 
3 183 197 250 
3 2546 2618 2587 
3 2589 2626 2618 
3 2589 2596 2626 
3 2596 2572 2580 
3 183 131 138 
3 131 81 88 
3 2555 2532 2580 
3 81 56 49 
3 2505 2459 2532 
3 1 26 0 
3 27 59 1 
3 56 27 49 
3 2444 2499 2447 
3 2459 2505 2444 
3 105 167 123 
3 51 105 78 
3 30 20 51 
3 14 20 3 
3 26 14 0 
3 2444 2447 2379 
3 2303 2382 2379 
3 2306 2382 2303 
3 2202 2175 2100 
3 2125 2100 2018 
3 1939 2044 2018 
3 1958 1939 1853 
3 1853 1761 1875 
3 1678 1790 1761 
3 2175 2280 2243 
3 1703 1678 1589 
3 1493 1612 1589 
3 1512 1493 1399 
3 1303 1415 1399 
3 1203 1314 1303 
3 1102 1203 1097 
3 995 1102 1097 
3 869 1012 995 
3 2280 2306 2243 
3 869 747 837 
3 747 638 733 
3 514 622 638 
3 495 514 363 
3 244 343 363 
3 167 232 244 
3 874 829 749 
3 983 943 874 
3 712 633 749 
3 983 1095 1064 
3 633 588 503 
3 1209 1095 1127 
3 1251 1209 1127 
3 360 503 462 
3 1365 1330 1251 
3 1480 1445 1365 
3 1559 1480 1591 
3 1704 1677 1591 
3 1794 1704 1809 
3 1917 1908 1809 
3 2026 2021 1917 
3 2026 2139 2135 
3 2244 2139 2237 
3 2332 2337 2237 
3 2421 2426 2332 
3 2421 2507 2522 
3 250 360 326 
3 2617 2507 2587 
3 183 250 229 
3 2618 2648 2587 
3 2626 2656 2618 
3 2596 2610 2626 
3 2610 2596 2580 
3 131 183 171 
3 127 81 131 
3 2532 2558 2580 
3 92 56 81 
3 2532 2459 2482 
3 59 26 1 
3 27 56 59 
3 2459 2444 2382 
3 105 151 167 
3 51 80 105 
3 20 65 51 
3 76 20 14 
3 26 100 14 
3 2382 2444 2379 
3 2382 2306 2384 
3 2202 2280 2175 
3 2125 2202 2100 
3 2044 2125 2018 
3 1939 1958 2044 
3 1958 1853 1875 
3 1761 1790 1875 
3 1703 1790 1678 
3 1612 1703 1589 
3 1512 1612 1493 
3 1415 1512 1399 
3 1314 1415 1303 
3 1208 1314 1203 
3 1102 1208 1203 
3 1012 1102 995 
3 950 1012 869 
3 2384 2306 2280 
3 747 733 837 
3 950 869 837 
3 638 622 733 
3 514 495 622 
3 343 495 363 
3 232 343 244 
3 151 232 167 
3 829 712 749 
3 943 829 874 
3 943 983 1064 
3 712 588 633 
3 1095 1179 1064 
3 503 588 462 
3 1179 1095 1209 
3 1330 1209 1251 
3 360 462 326 
3 1445 1330 1365 
3 1559 1445 1480 
3 1677 1559 1591 
3 1794 1677 1704 
3 1908 1794 1809 
3 2021 1908 1917 
3 2021 2026 2135 
3 2139 2244 2135 
3 2337 2244 2237 
3 2332 2426 2337 
3 2426 2421 2522 
3 2507 2617 2522 
3 229 250 326 
3 2648 2617 2587 
3 171 183 229 
3 2656 2648 2618 
3 2645 2656 2626 
3 2610 2645 2626 
3 2558 2610 2580 
3 127 131 171 
3 127 92 81 
3 2558 2532 2482 
3 92 108 56 
3 2482 2459 2384 
3 59 125 26 
3 56 108 59 
3 2459 2382 2384 
3 80 151 105 
3 65 80 51 
3 20 76 65 
3 100 76 14 
3 125 100 26 
3 2315 2280 2202 
3 2240 2202 2125 
3 2155 2125 2044 
3 1958 2064 2044 
3 1981 1958 1875 
3 1790 1901 1875 
3 1790 1703 1815 
3 1612 1726 1703 
3 1612 1512 1631 
3 1512 1415 1531 
3 1415 1314 1427 
3 1314 1208 1321 
3 1112 1208 1102 
3 1012 1112 1102 
3 950 1020 1012 
3 2395 2384 2280 
3 733 823 837 
3 922 950 837 
3 622 720 733 
3 495 611 622 
3 486 495 343 
3 232 338 343 
3 232 151 230 
3 829 790 712 
3 829 943 900 
3 1011 943 1064 
3 712 675 588 
3 1179 1132 1064 
3 588 556 462 
3 1292 1179 1209 
3 1330 1292 1209 
3 462 423 326 
3 1445 1406 1330 
3 1445 1559 1523 
3 1677 1643 1559 
3 1677 1794 1765 
3 1794 1908 1893 
3 2021 2010 1908 
3 2126 2021 2135 
3 2244 2247 2135 
3 2337 2350 2244 
3 2426 2440 2337 
3 2531 2426 2522 
3 2617 2657 2522 
3 302 229 326 
3 2648 2694 2617 
3 224 171 229 
3 2699 2648 2656 
3 2645 2690 2656 
3 2608 2645 2610 
3 2608 2610 2558 
3 140 127 171 
3 140 92 127 
3 2523 2558 2482 
3 152 108 92 
3 2395 2482 2384 
3 166 125 59 
3 108 166 59 
3 150 151 80 
3 65 150 80 
3 76 156 65 
3 180 76 100 
3 125 201 100 
3 2315 2395 2280 
3 2240 2315 2202 
3 2155 2240 2125 
3 2064 2155 2044 
3 2064 1958 1981 
3 1901 1981 1875 
3 1901 1790 1815 
3 1703 1726 1815 
3 1726 1612 1631 
3 1631 1512 1531 
3 1415 1427 1531 
3 1427 1314 1321 
3 1208 1217 1321 
3 1208 1112 1217 
3 1020 1112 1012 
3 922 1020 950 
3 823 922 837 
3 720 823 733 
3 622 611 720 
3 495 486 611 
3 338 486 343 
3 338 232 230 
3 151 150 230 
3 790 675 712 
3 790 829 900 
3 943 1011 900 
3 1132 1011 1064 
3 675 556 588 
3 1255 1132 1179 
3 556 423 462 
3 1255 1179 1292 
3 1330 1406 1292 
3 423 302 326 
3 1406 1445 1523 
3 1559 1643 1523 
3 1677 1765 1643 
3 1765 1794 1893 
3 1908 2010 1893 
3 2126 2010 2021 
3 2247 2126 2135 
3 2350 2247 2244 
3 2440 2350 2337 
3 2426 2531 2440 
3 2611 2531 2522 
3 2657 2611 2522 
3 2694 2657 2617 
3 302 224 229 
3 2648 2699 2694 
3 224 187 171 
3 2690 2699 2656 
3 2653 2690 2645 
3 2608 2653 2645 
3 2523 2608 2558 
3 187 140 171 
3 140 152 92 
3 2469 2523 2482 
3 108 152 218 
3 2469 2482 2395 
3 166 235 125 
3 108 218 166 
3 156 150 65 
3 76 180 156 
3 201 180 100 
3 235 201 125 
3 2315 2414 2395 
3 2354 2315 2240 
3 2240 2155 2285 
3 2166 2155 2064 
3 2084 2064 1981 
3 1901 2002 1981 
3 1924 1901 1815 
3 1726 1839 1815 
3 1751 1726 1631 
3 1653 1631 1531 
3 1427 1553 1531 
3 1441 1427 1321 
3 1217 1328 1321 
3 1112 1116 1217 
3 1020 1116 1112 
3 1020 922 1013 
3 916 922 823 
3 720 818 823 
3 611 718 720 
3 486 615 611 
3 486 338 497 
3 356 338 230 
3 150 243 230 
3 675 790 748 
3 863 790 900 
3 1011 977 900 
3 1132 1089 1011 
3 556 675 639 
3 1255 1206 1132 
3 556 520 423 
3 1373 1255 1292 
3 1406 1373 1292 
3 423 379 302 
3 1406 1523 1484 
3 1643 1609 1523 
3 1643 1765 1731 
3 1865 1765 1893 
3 2010 1995 1893 
3 2126 2109 2010 
3 2225 2126 2247 
3 2350 2353 2247 
3 2452 2350 2440 
3 2531 2552 2440 
3 2531 2611 2644 
3 2657 2712 2611 
3 2694 2736 2657 
3 285 224 302 
3 2699 2752 2694 
3 224 253 187 
3 2690 2733 2699 
3 2690 2653 2707 
3 2653 2608 2584 
3 2584 2608 2523 
3 210 140 187 
3 152 140 210 
3 2523 2469 2492 
3 152 269 218 
3 2414 2469 2395 
3 301 235 166 
3 218 301 166 
3 156 243 150 
3 180 262 156 
3 201 296 180 
3 327 201 235 
3 2315 2354 2414 
3 2354 2240 2285 
3 2285 2155 2166 
3 2084 2166 2064 
3 2002 2084 1981 
3 2002 1901 1924 
3 1839 1924 1815 
3 1751 1839 1726 
3 1653 1751 1631 
3 1553 1653 1531 
3 1441 1553 1427 
3 1328 1441 1321 
3 1224 1328 1217 
3 1116 1224 1217 
3 1116 1020 1013 
3 922 916 1013 
3 818 916 823 
3 718 818 720 
3 615 718 611 
3 615 486 497 
3 338 356 497 
3 243 356 230 
3 790 863 748 
3 639 675 748 
3 977 863 900 
3 1089 977 1011 
3 1132 1206 1089 
3 520 556 639 
3 1326 1206 1255 
3 520 379 423 
3 1373 1326 1255 
3 1373 1406 1484 
3 379 285 302 
3 1523 1609 1484 
3 1643 1731 1609 
3 1765 1865 1731 
3 1995 1865 1893 
3 2109 1995 2010 
3 2109 2126 2225 
3 2353 2225 2247 
3 2350 2452 2353 
3 2552 2452 2440 
3 2552 2531 2644 
3 2611 2712 2644 
3 2657 2736 2712 
3 2752 2736 2694 
3 285 253 224 
3 2733 2752 2699 
3 253 256 187 
3 2733 2690 2707 
3 2653 2635 2707 
3 2635 2653 2584 
3 2584 2523 2492 
3 256 210 187 
3 269 152 210 
3 2492 2469 2414 
3 269 370 218 
3 301 345 235 
3 370 301 218 
3 262 243 156 
3 296 262 180 
3 296 201 327 
3 345 327 235 
3 2354 2454 2414 
3 2400 2354 2285 
3 2249 2285 2166 
3 2084 2180 2166 
3 2107 2084 2002 
3 2028 2002 1924 
3 1839 1949 1924 
3 1839 1751 1868 
3 1779 1751 1653 
3 1553 1683 1653 
3 1441 1593 1553 
3 1436 1441 1328 
3 1224 1332 1328 
3 1116 1120 1224 
3 1120 1116 1013 
3 916 1021 1013 
3 916 818 924 
3 827 818 718 
3 615 728 718 
3 625 615 497 
3 356 517 497 
3 243 381 356 
3 863 813 748 
3 714 639 748 
3 977 920 863 
3 1089 1041 977 
3 1206 1166 1089 
3 599 520 639 
3 1326 1281 1206 
3 481 379 520 
3 1443 1326 1373 
3 1443 1373 1484 
3 374 285 379 
3 1609 1557 1484 
3 1731 1695 1609 
3 1865 1816 1731 
3 1865 1995 1983 
3 2109 2094 1995 
3 2193 2109 2225 
3 2353 2365 2225 
3 2452 2460 2353 
3 2552 2571 2452 
3 2676 2552 2644 
3 2712 2744 2644 
3 2736 2779 2712 
3 2736 2752 2786 
3 253 285 323 
3 2777 2752 2733 
3 256 253 323 
3 2757 2733 2707 
3 2635 2703 2707 
3 2541 2635 2584 
3 2541 2584 2492 
3 256 333 210 
3 333 269 210 
3 2454 2492 2414 
3 448 370 269 
3 370 345 301 
3 243 262 381 
3 418 262 296 
3 453 296 327 
3 345 489 327 
3 2400 2454 2354 
3 2346 2400 2285 
3 2249 2346 2285 
3 2180 2249 2166 
3 2107 2180 2084 
3 2107 2002 2028 
3 1949 2028 1924 
3 1949 1839 1868 
3 1751 1779 1868 
3 1683 1779 1653 
3 1593 1683 1553 
3 1593 1441 1436 
3 1332 1436 1328 
3 1224 1232 1332 
3 1120 1232 1224 
3 1021 1120 1013 
3 1021 916 924 
3 818 827 924 
3 728 827 718 
3 615 625 728 
3 517 625 497 
3 381 517 356 
3 813 714 748 
3 920 813 863 
3 714 599 639 
3 1041 920 977 
3 1166 1041 1089 
3 1281 1166 1206 
3 599 481 520 
3 1400 1281 1326 
3 481 374 379 
3 1443 1400 1326 
3 1557 1443 1484 
3 285 374 323 
3 1609 1662 1557 
3 1695 1662 1609 
3 1816 1695 1731 
3 1863 1816 1865 
3 1995 2094 1983 
3 1920 1865 1983 
3 2193 2094 2109 
3 2284 2193 2225 
3 2365 2284 2225 
3 2460 2365 2353 
3 2571 2460 2452 
3 2676 2571 2552 
3 2744 2676 2644 
3 2779 2744 2712 
3 2779 2736 2786 
3 2752 2777 2786 
3 2777 2733 2757 
3 405 256 323 
3 2703 2757 2707 
3 2703 2635 2616 
3 2635 2541 2616 
3 2454 2541 2492 
3 405 333 256 
3 333 448 269 
3 370 448 562 
3 521 345 370 
3 262 418 381 
3 453 418 296 
3 489 453 327 
3 521 489 345 
3 2496 2454 2400 
3 2451 2400 2346 
3 2277 2346 2249 
3 2180 2277 2249 
3 2210 2180 2107 
3 2136 2107 2028 
3 1949 2063 2028 
3 1986 1949 1868 
3 1779 1900 1868 
3 1683 1804 1779 
3 1683 1593 1717 
3 1535 1593 1436 
3 1438 1436 1332 
3 1232 1341 1332 
3 1135 1232 1120 
3 1021 1135 1120 
3 1040 1021 924 
3 827 940 924 
3 728 842 827 
3 625 740 728 
3 517 642 625 
3 381 539 517 
3 805 714 813 
3 920 877 813 
3 599 714 691 
3 1041 987 920 
3 1166 1109 1041 
3 1281 1229 1166 
3 586 481 599 
3 1400 1352 1281 
3 527 374 481 
3 1400 1443 1515 
3 1515 1443 1557 
3 374 476 323 
3 1662 1629 1557 
3 1662 1695 1778 
3 1695 1816 1778 
3 1886 1816 1863 
3 1920 1863 1865 
3 2094 2081 1983 
3 1974 1920 1983 
3 2193 2185 2094 
3 2282 2193 2284 
3 2365 2378 2284 
3 2460 2475 2365 
3 2460 2571 2579 
3 2676 2705 2571 
3 2765 2676 2744 
3 2779 2828 2744 
3 2779 2786 2837 
3 2777 2827 2786 
3 2777 2757 2796 
3 476 405 323 
3 2703 2755 2757 
3 2675 2703 2616 
3 2541 2496 2616 
3 2496 2541 2454 
3 405 510 333 
3 510 448 333 
3 448 601 562 
3 521 370 562 
3 418 539 381 
3 418 453 572 
3 489 597 453 
3 631 489 521 
3 2451 2496 2400 
3 2451 2346 2391 
3 2346 2277 2391 
3 2210 2277 2180 
3 2210 2107 2136 
3 2063 2136 2028 
3 2063 1949 1986 
3 1900 1986 1868 
3 1804 1900 1779 
3 1804 1683 1717 
3 1717 1593 1632 
3 1632 1593 1535 
3 1438 1535 1436 
3 1341 1438 1332 
3 1246 1341 1232 
3 1135 1246 1232 
3 1040 1135 1021 
3 940 1040 924 
3 842 940 827 
3 740 842 728 
3 642 740 625 
3 539 642 517 
3 714 805 691 
3 877 805 813 
3 987 877 920 
3 586 599 691 
3 1109 987 1041 
3 1229 1109 1166 
3 1352 1229 1281 
3 586 527 481 
3 1469 1352 1400 
3 527 476 374 
3 1469 1400 1515 
3 1629 1515 1557 
3 1629 1662 1744 
3 1744 1662 1778 
3 1816 1886 1778 
3 1863 1974 1886 
3 1974 1863 1920 
3 2081 1974 1983 
3 2185 2081 2094 
3 2282 2185 2193 
3 2378 2282 2284 
3 2475 2378 2365 
3 2475 2460 2579 
3 2571 2705 2579 
3 2705 2676 2765 
3 2811 2765 2744 
3 2828 2811 2744 
3 2828 2779 2837 
3 2786 2827 2837 
3 2827 2777 2796 
3 2757 2755 2796 
3 476 569 405 
3 2755 2703 2675 
3 2675 2616 2565 
3 2616 2496 2565 
3 569 510 405 
3 510 601 448 
3 601 697 562 
3 661 521 562 
3 539 418 572 
3 453 597 572 
3 631 597 489 
3 661 631 521 
3 2496 2451 2565 
3 2503 2451 2391 
3 2391 2277 2310 
3 2277 2210 2310 
3 2246 2210 2136 
3 2063 2173 2136 
3 2097 2063 1986 
3 1900 2015 1986 
3 1804 1926 1900 
3 1835 1804 1717 
3 1746 1717 1632 
3 1543 1632 1535 
3 1543 1535 1438 
3 1341 1454 1438 
3 1341 1246 1358 
3 1155 1246 1135 
3 1040 1155 1135 
3 940 1055 1040 
3 842 963 940 
3 740 865 842 
3 642 767 740 
3 642 539 669 
3 805 780 691 
3 877 935 805 
3 987 935 877 
3 658 586 691 
3 1109 1060 987 
3 1229 1182 1109 
3 1229 1352 1300 
3 527 586 658 
3 1469 1420 1352 
3 527 614 476 
3 1588 1469 1515 
3 1629 1588 1515 
3 1705 1629 1744 
3 1855 1744 1778 
3 1886 1855 1778 
3 1960 1886 1974 
3 2081 2066 1974 
3 2185 2174 2081 
3 2282 2270 2185 
3 2370 2282 2378 
3 2475 2474 2378 
3 2569 2475 2579 
3 2705 2725 2579 
3 2787 2705 2765 
3 2840 2765 2811 
3 2828 2859 2811 
3 2875 2828 2837 
3 2827 2864 2837 
3 2844 2827 2796 
3 2755 2798 2796 
3 614 569 476 
3 2755 2675 2729 
3 2632 2675 2565 
3 569 646 510 
3 646 601 510 
3 697 661 562 
3 697 601 732 
3 669 539 572 
3 597 701 572 
3 597 631 724 
3 631 661 752 
3 2451 2503 2565 
3 2450 2503 2391 
3 2343 2391 2310 
3 2310 2210 2246 
3 2173 2246 2136 
3 2097 2173 2063 
3 2015 2097 1986 
3 1926 2015 1900 
3 1835 1926 1804 
3 1746 1835 1717 
3 1651 1746 1632 
3 1543 1651 1632 
3 1454 1543 1438 
3 1454 1341 1358 
3 1246 1266 1358 
3 1155 1266 1246 
3 1055 1155 1040 
3 963 1055 940 
3 865 963 842 
3 767 865 740 
3 767 642 669 
3 780 658 691 
3 892 780 805 
3 935 892 805 
3 1060 935 987 
3 1182 1060 1109 
3 1182 1229 1300 
3 1352 1420 1300 
3 614 527 658 
3 1537 1420 1469 
3 1537 1469 1588 
3 1629 1705 1588 
3 1818 1705 1744 
3 1855 1818 1744 
3 1960 1855 1886 
3 2066 1960 1974 
3 2174 2066 2081 
3 2270 2174 2185 
3 2370 2270 2282 
3 2474 2370 2378 
3 2474 2475 2569 
3 2663 2569 2579 
3 2725 2663 2579 
3 2787 2725 2705 
3 2787 2765 2840 
3 2859 2840 2811 
3 2828 2875 2859 
3 2864 2875 2837 
3 2864 2827 2844 
3 2798 2844 2796 
3 2798 2755 2729 
3 693 569 614 
3 2729 2675 2632 
3 2503 2632 2565 
3 569 693 646 
3 601 646 732 
3 697 787 661 
3 812 697 732 
3 701 669 572 
3 701 597 724 
3 724 631 752 
3 661 787 752 
3 2575 2503 2450 
3 2450 2391 2343 
3 2343 2310 2246 
3 2173 2278 2246 
3 2097 2208 2173 
3 2097 2015 2129 
3 1926 2047 2015 
3 1926 1835 1952 
3 1861 1835 1746 
3 1651 1766 1746 
3 1543 1564 1651 
3 1454 1564 1543 
3 1471 1454 1358 
3 1266 1377 1358 
3 1174 1266 1155 
3 1055 1174 1155 
3 1055 963 1080 
3 865 979 963 
3 767 887 865 
3 794 767 669 
3 780 735 658 
3 892 851 780 
3 1005 892 935 
3 1060 1005 935 
3 1182 1126 1060 
3 1250 1182 1300 
3 1420 1371 1300 
3 735 614 658 
3 1537 1487 1420 
3 1655 1537 1588 
3 1705 1655 1588 
3 1818 1775 1705 
3 1936 1818 1855 
3 1960 1936 1855 
3 2048 1960 2066 
3 2066 2174 2156 
3 2270 2261 2174 
3 2370 2361 2270 
3 2474 2464 2370 
3 2563 2474 2569 
3 2663 2664 2569 
3 2742 2663 2725 
3 2787 2809 2725 
3 2855 2787 2840 
3 2859 2886 2840 
3 2875 2900 2859 
3 2864 2897 2875 
3 2884 2864 2844 
3 2798 2847 2844 
3 2780 2798 2729 
3 735 693 614 
3 2696 2729 2632 
3 2575 2632 2503 
3 693 776 646 
3 646 776 732 
3 812 787 697 
3 852 812 732 
3 701 794 669 
3 814 701 724 
3 844 724 752 
3 787 876 752 
3 2497 2575 2450 
3 2387 2450 2343 
3 2278 2343 2246 
3 2208 2278 2173 
3 2208 2097 2129 
3 2015 2047 2129 
3 2047 1926 1952 
3 1835 1861 1952 
3 1766 1861 1746 
3 1674 1766 1651 
3 1564 1674 1651 
3 1471 1564 1454 
3 1377 1471 1358 
3 1377 1266 1288 
3 1266 1174 1288 
3 1174 1055 1080 
3 963 979 1080 
3 887 979 865 
3 794 887 767 
3 851 735 780 
3 972 851 892 
3 1005 972 892 
3 1126 1005 1060 
3 1250 1126 1182 
3 1371 1250 1300 
3 1487 1371 1420 
3 1611 1487 1537 
3 1655 1611 1537 
3 1775 1655 1705 
3 1775 1818 1895 
3 1818 1936 1895 
3 2048 1936 1960 
3 2048 2066 2156 
3 2174 2261 2156 
3 2361 2261 2270 
3 2464 2361 2370 
3 2563 2464 2474 
3 2664 2563 2569 
3 2742 2664 2663 
3 2809 2742 2725 
3 2855 2809 2787 
3 2886 2855 2840 
3 2900 2886 2859 
3 2897 2900 2875 
3 2884 2897 2864 
3 2847 2884 2844 
3 2847 2798 2780 
3 2696 2780 2729 
3 807 693 735 
3 2575 2696 2632 
3 776 693 807 
3 776 852 732 
3 812 897 787 
3 933 812 852 
3 814 794 701 
3 844 814 724 
3 876 844 752 
3 897 876 787 
3 2637 2575 2497 
3 2387 2497 2450 
3 2278 2387 2343 
3 2208 2320 2278 
3 2252 2208 2129 
3 2047 2167 2129 
3 2076 2047 1952 
3 1861 1984 1952 
3 1861 1766 1885 
3 1791 1766 1674 
3 1564 1581 1674 
3 1471 1581 1564 
3 1377 1489 1471 
3 1402 1377 1288 
3 1174 1194 1288 
3 1194 1174 1080 
3 979 1093 1080 
3 887 998 979 
3 794 906 887 
3 851 807 735 
3 851 972 926 
3 972 1005 1087 
3 1005 1126 1087 
3 1126 1250 1202 
3 1371 1317 1250 
3 1487 1440 1371 
3 1560 1487 1611 
3 1724 1611 1655 
3 1775 1724 1655 
3 1844 1775 1895 
3 1936 2014 1895 
3 1936 2048 2014 
3 2128 2048 2156 
3 2261 2242 2156 
3 2361 2340 2261 
3 2464 2439 2361 
3 2545 2464 2563 
3 2664 2658 2563 
3 2743 2664 2742 
3 2813 2742 2809 
3 2862 2809 2855 
3 2886 2899 2855 
3 2886 2900 2926 
3 2900 2897 2931 
3 2897 2884 2914 
3 2884 2847 2885 
3 2831 2847 2780 
3 2696 2753 2780 
3 2637 2696 2575 
3 890 776 807 
3 776 890 852 
3 812 933 897 
3 973 933 852 
3 906 794 814 
3 932 814 844 
3 876 966 844 
3 876 897 985 
3 2564 2637 2497 
3 2431 2497 2387 
3 2320 2387 2278 
3 2252 2320 2208 
3 2167 2252 2129 
3 2076 2167 2047 
3 1984 2076 1952 
3 1984 1861 1885 
3 1766 1791 1885 
3 1700 1791 1674 
3 1581 1700 1674 
3 1489 1581 1471 
3 1377 1402 1489 
3 1311 1402 1288 
3 1194 1311 1288 
3 1093 1194 1080 
3 998 1093 979 
3 906 998 887 
3 807 851 926 
3 972 1047 926 
3 1047 972 1087 
3 1126 1202 1087 
3 1250 1317 1202 
3 1440 1317 1371 
3 1560 1440 1487 
3 1560 1611 1681 
3 1611 1724 1681 
3 1844 1724 1775 
3 1969 1844 1895 
3 2014 1969 1895 
3 2048 2128 2014 
3 2242 2128 2156 
3 2340 2242 2261 
3 2439 2340 2361 
3 2545 2439 2464 
3 2658 2545 2563 
3 2743 2658 2664 
3 2813 2743 2742 
3 2862 2813 2809 
3 2899 2862 2855 
3 2899 2886 2926 
3 2900 2931 2926 
3 2897 2914 2931 
3 2914 2884 2885 
3 2847 2831 2885 
3 2753 2831 2780 
3 2696 2637 2753 
3 890 807 926 
3 890 973 852 
3 897 933 1008 
3 973 1054 933 
3 932 906 814 
3 966 932 844 
3 966 876 985 
3 897 1008 985 
3 2704 2637 2564 
3 2431 2564 2497 
3 2320 2431 2387 
3 2252 2362 2320 
3 2167 2281 2252 
3 2076 2195 2167 
3 1984 2104 2076 
3 2003 1984 1885 
3 1791 1907 1885 
3 1791 1700 1810 
3 1700 1581 1606 
3 1581 1489 1606 
3 1402 1514 1489 
3 1311 1424 1402 
3 1215 1311 1194 
3 1093 1215 1194 
3 1093 998 1111 
3 906 1017 998 
3 1047 1001 926 
3 1165 1047 1087 
3 1202 1165 1087 
3 1317 1278 1202 
3 1317 1440 1393 
3 1440 1560 1516 
3 1638 1560 1681 
3 1724 1797 1681 
3 1724 1844 1797 
3 1909 1844 1969 
3 2087 1969 2014 
3 2128 2087 2014 
3 2205 2128 2242 
3 2242 2340 2311 
3 2410 2340 2439 
3 2545 2512 2439 
3 2633 2545 2658 
3 2743 2727 2658 
3 2743 2813 2807 
3 2813 2862 2866 
3 2899 2909 2862 
3 2936 2899 2926 
3 2931 2947 2926 
3 2914 2942 2931 
3 2915 2914 2885 
3 2831 2872 2885 
3 2831 2753 2799 
3 2637 2704 2753 
3 1001 890 926 
3 973 890 1001 
3 933 1054 1008 
3 1085 1054 973 
3 1017 906 932 
3 1050 932 966 
3 1079 966 985 
3 1008 1100 985 
3 2629 2704 2564 
3 2484 2564 2431 
3 2362 2431 2320 
3 2281 2362 2252 
3 2195 2281 2167 
3 2104 2195 2076 
3 2104 1984 2003 
3 1907 2003 1885 
3 1907 1791 1810 
3 1700 1720 1810 
3 1720 1700 1606 
3 1489 1514 1606 
3 1424 1514 1402 
3 1424 1311 1337 
3 1311 1215 1337 
3 1215 1093 1111 
3 998 1017 1111 
3 1114 1001 1047 
3 1165 1114 1047 
3 1278 1165 1202 
3 1278 1317 1393 
3 1440 1516 1393 
3 1560 1638 1516 
3 1754 1638 1681 
3 1797 1754 1681 
3 1844 1909 1797 
3 2000 1909 1969 
3 2087 2000 1969 
3 2128 2205 2087 
3 2205 2242 2311 
3 2340 2410 2311 
3 2512 2410 2439 
3 2633 2512 2545 
3 2727 2633 2658 
3 2727 2743 2807 
3 2813 2866 2807 
3 2862 2909 2866 
3 2936 2909 2899 
3 2947 2936 2926 
3 2942 2947 2931 
3 2915 2942 2914 
3 2872 2915 2885 
3 2872 2831 2799 
3 2753 2704 2799 
3 1085 973 1001 
3 1054 1128 1008 
3 1085 1168 1054 
3 1050 1017 932 
3 1079 1050 966 
3 1100 1079 985 
3 1128 1100 1008 
3 2704 2629 2758 
3 2484 2629 2564 
3 2484 2431 2362 
3 2281 2402 2362 
3 2195 2313 2281 
3 2104 2221 2195 
3 2119 2104 2003 
3 1907 2020 2003 
3 1928 1907 1810 
3 1720 1831 1810 
3 1626 1720 1606 
3 1514 1626 1606 
3 1514 1424 1536 
3 1452 1424 1337 
3 1215 1247 1337 
3 1134 1215 1111 
3 1017 1134 1111 
3 1114 1085 1001 
3 1165 1235 1114 
3 1165 1278 1235 
3 1350 1278 1393 
3 1516 1472 1393 
3 1638 1601 1516 
3 1719 1638 1754 
3 1870 1754 1797 
3 1909 1870 1797 
3 1982 1909 2000 
3 2086 2000 2087 
3 2087 2205 2157 
3 2262 2205 2311 
3 2410 2358 2311 
3 2512 2457 2410 
3 2633 2568 2512 
3 2727 2686 2633 
3 2778 2727 2807 
3 2866 2851 2807 
3 2909 2908 2866 
3 2936 2939 2909 
3 2954 2936 2947 
3 2942 2962 2947 
3 2915 2943 2942 
3 2872 2906 2915 
3 2846 2872 2799 
3 2704 2758 2799 
3 1168 1128 1054 
3 1200 1168 1085 
3 1017 1050 1134 
3 1079 1163 1050 
3 1193 1079 1100 
3 1128 1213 1100 
3 2629 2691 2758 
3 2629 2484 2528 
3 2402 2484 2362 
3 2313 2402 2281 
3 2221 2313 2195 
3 2119 2221 2104 
3 2020 2119 2003 
3 1928 2020 1907 
3 1831 1928 1810 
3 1831 1720 1740 
3 1740 1720 1626 
3 1626 1514 1536 
3 1424 1452 1536 
3 1361 1452 1337 
3 1247 1361 1337 
3 1215 1134 1247 
3 1200 1085 1114 
3 1235 1200 1114 
3 1278 1350 1235 
3 1472 1350 1393 
3 1601 1472 1516 
3 1638 1719 1601 
3 1832 1719 1754 
3 1870 1832 1754 
3 1982 1870 1909 
3 2000 2086 1982 
3 2086 2087 2157 
3 2205 2262 2157 
3 2358 2262 2311 
3 2410 2457 2358 
3 2568 2457 2512 
3 2686 2568 2633 
3 2778 2686 2727 
3 2851 2778 2807 
3 2908 2851 2866 
3 2939 2908 2909 
3 2954 2939 2936 
3 2962 2954 2947 
3 2943 2962 2942 
3 2906 2943 2915 
3 2906 2872 2846 
3 2758 2846 2799 
3 1168 1245 1128 
3 1200 1274 1168 
3 1050 1163 1134 
3 1193 1163 1079 
3 1213 1193 1100 
3 1128 1245 1213 
3 2691 2802 2758 
3 2691 2629 2528 
3 2484 2402 2528 
3 2402 2313 2427 
3 2221 2335 2313 
3 2119 2238 2221 
3 2020 2143 2119 
3 1928 2041 2020 
3 1928 1831 1947 
3 1831 1740 1854 
3 1740 1626 1647 
3 1647 1626 1536 
3 1452 1563 1536 
3 1361 1474 1452 
3 1273 1361 1247 
3 1134 1163 1247 
3 1309 1200 1235 
3 1350 1309 1235 
3 1472 1421 1350 
3 1601 1526 1472 
3 1719 1687 1601 
3 1832 1798 1719 
3 1832 1870 1948 
3 1870 1982 1948 
3 1982 2086 2071 
3 2071 2086 2157 
3 2262 2163 2157 
3 2358 2357 2262 
3 2457 2357 2358 
3 2568 2467 2457 
3 2588 2568 2686 
3 2686 2778 2706 
3 2793 2778 2851 
3 2908 2879 2851 
3 2908 2939 2925 
3 2954 2951 2939 
3 2962 2964 2954 
3 2959 2962 2943 
3 2943 2906 2933 
3 2883 2906 2846 
3 2802 2846 2758 
3 1274 1245 1168 
3 1309 1274 1200 
3 1193 1273 1163 
3 1302 1193 1213 
3 1245 1329 1213 
3 2802 2691 2726 
3 2576 2691 2528 
3 2402 2427 2528 
3 2313 2335 2427 
3 2238 2335 2221 
3 2143 2238 2119 
3 2041 2143 2020 
3 2041 1928 1947 
3 1831 1854 1947 
3 1740 1759 1854 
3 1759 1740 1647 
3 1563 1647 1536 
3 1452 1474 1563 
3 1388 1474 1361 
3 1273 1388 1361 
3 1163 1273 1247 
3 1421 1309 1350 
3 1526 1421 1472 
3 1601 1579 1526 
3 1687 1579 1601 
3 1798 1687 1719 
3 1798 1832 1912 
3 1912 1832 1948 
3 1948 1982 2060 
3 1982 2071 2060 
3 2163 2071 2157 
3 2255 2163 2262 
3 2357 2255 2262 
3 2467 2357 2457 
3 2588 2467 2568 
3 2588 2686 2706 
3 2778 2793 2706 
3 2879 2793 2851 
3 2879 2908 2925 
3 2939 2951 2925 
3 2964 2951 2954 
3 2962 2959 2964 
3 2959 2943 2933 
3 2906 2883 2933 
3 2802 2883 2846 
3 1274 1355 1245 
3 1309 1384 1274 
3 1302 1273 1193 
3 1329 1302 1213 
3 1245 1355 1329 
3 2726 2691 2576 
3 2832 2802 2726 
3 2427 2576 2528 
3 2335 2453 2427 
3 2238 2356 2335 
3 2259 2238 2143 
3 2159 2143 2041 
3 2062 2041 1947 
3 1854 1967 1947 
3 1854 1759 1873 
3 1671 1759 1647 
3 1563 1671 1647 
3 1474 1582 1563 
3 1388 1497 1474 
3 1302 1388 1273 
3 1384 1309 1421 
3 1421 1526 1491 
3 1526 1579 1491 
3 1579 1687 1670 
3 1777 1687 1798 
3 1888 1798 1912 
3 2025 1912 1948 
3 2025 1948 2060 
3 2071 2163 2060 
3 2255 2145 2163 
3 2351 2255 2357 
3 2467 2351 2357 
3 2467 2588 2445 
3 2559 2588 2706 
3 2793 2672 2706 
3 2793 2879 2768 
3 2852 2879 2925 
3 2951 2920 2925 
3 2951 2964 2930 
3 2964 2959 2929 
3 2922 2959 2933 
3 2883 2903 2933 
3 2832 2883 2802 
3 1384 1355 1274 
3 1411 1302 1329 
3 1355 1437 1329 
3 2590 2726 2576 
3 2719 2832 2726 
3 2453 2576 2427 
3 2356 2453 2335 
3 2238 2259 2356 
3 2159 2259 2143 
3 2062 2159 2041 
3 1967 2062 1947 
3 1967 1854 1873 
3 1759 1784 1873 
3 1759 1671 1784 
3 1582 1671 1563 
3 1497 1582 1474 
3 1411 1497 1388 
3 1411 1388 1302 
3 1384 1421 1491 
3 1579 1568 1491 
3 1687 1777 1670 
3 1579 1670 1568 
3 1777 1798 1888 
3 2001 1888 1912 
3 2001 1912 2025 
3 2145 2025 2060 
3 2163 2145 2060 
3 2228 2145 2255 
3 2351 2228 2255 
3 2351 2467 2445 
3 2588 2559 2445 
3 2672 2559 2706 
3 2672 2793 2768 
3 2879 2852 2768 
3 2920 2852 2925 
3 2920 2951 2930 
3 2964 2929 2930 
3 2959 2922 2929 
3 2910 2922 2933 
3 2933 2903 2910 
3 2883 2832 2903 
3 1384 1462 1355 
3 1437 1411 1329 
3 1462 1437 1355 
3 2590 2719 2726 
3 2453 2590 2576 
3 2825 2832 2719 
3 2458 2453 2356 
3 2259 2373 2356 
3 2159 2268 2259 
3 2179 2159 2062 
3 1967 2080 2062 
3 1990 1967 1873 
3 1784 1892 1873 
3 1671 1691 1784 
3 1691 1671 1582 
3 1497 1608 1582 
3 1519 1497 1411 
3 1462 1384 1491 
3 1568 1462 1491 
3 1777 1756 1670 
3 1670 1648 1568 
3 1866 1777 1888 
3 1977 1888 2001 
3 2114 2001 2025 
3 2145 2114 2025 
3 2145 2228 2114 
3 2324 2228 2351 
3 2324 2351 2445 
3 2559 2418 2445 
3 2672 2515 2559 
3 2634 2672 2768 
3 2852 2722 2768 
3 2852 2920 2817 
3 2817 2920 2930 
3 2929 2839 2930 
3 2922 2824 2929 
3 2910 2818 2922 
3 2825 2910 2903 
3 2832 2825 2903 
3 1437 1519 1411 
3 1437 1462 1545 
3 2719 2590 2560 
3 2590 2453 2458 
3 2701 2825 2719 
3 2373 2458 2356 
3 2268 2373 2259 
3 2179 2268 2159 
3 2080 2179 2062 
3 2080 1967 1990 
3 1892 1990 1873 
3 1801 1892 1784 
3 1691 1801 1784 
3 1608 1691 1582 
3 1519 1608 1497 
3 1545 1462 1568 
3 1756 1648 1670 
3 1777 1866 1756 
3 1648 1545 1568 
3 1977 1866 1888 
3 2091 1977 2001 
3 2091 2001 2114 
3 2228 2207 2114 
3 2207 2228 2324 
3 2418 2324 2445 
3 2515 2418 2559 
3 2672 2634 2515 
3 2722 2634 2768 
3 2722 2852 2817 
3 2839 2817 2930 
3 2824 2839 2929 
3 2818 2824 2922 
3 2818 2910 2825 
3 1519 1437 1545 
3 2590 2458 2560 
3 2701 2719 2560 
3 2701 2818 2825 
3 2373 2404 2458 
3 2268 2404 2373 
3 2179 2295 2268 
3 2179 2080 2191 
3 2101 2080 1990 
3 1892 2006 1990 
3 1801 1910 1892 
3 1713 1801 1691 
3 1713 1691 1608 
3 1608 1519 1627 
3 1756 1736 1648 
3 1866 1843 1756 
3 1648 1627 1545 
3 1955 1866 1977 
3 2067 1977 2091 
3 2207 2091 2114 
3 2299 2207 2324 
3 2299 2324 2418 
3 2515 2389 2418 
3 2634 2489 2515 
3 2722 2623 2634 
3 2623 2722 2817 
3 2839 2746 2817 
3 2839 2824 2715 
3 2824 2818 2700 
3 1627 1519 1545 
3 2458 2404 2560 
3 2543 2701 2560 
3 2818 2701 2700 
3 2295 2404 2268 
3 2295 2179 2191 
3 2080 2101 2191 
3 2006 2101 1990 
3 1910 2006 1892 
3 1824 1910 1801 
3 1824 1801 1713 
3 1713 1608 1627 
3 1736 1627 1648 
3 1843 1736 1756 
3 1955 1843 1866 
3 2067 1955 1977 
3 2183 2067 2091 
3 2207 2183 2091 
3 2207 2299 2183 
3 2389 2299 2418 
3 2489 2389 2515 
3 2623 2489 2634 
3 2614 2623 2817 
3 2746 2614 2817 
3 2839 2715 2746 
3 2715 2824 2700 
3 2404 2543 2560 
3 2701 2543 2700 
3 2295 2416 2404 
3 2312 2295 2191 
3 2101 2215 2191 
3 2006 2116 2101 
3 1910 2022 2006 
3 1824 1937 1910 
3 1736 1824 1713 
3 1736 1713 1627 
3 1824 1736 1843 
3 1937 1843 1955 
3 2067 2050 1955 
3 2164 2067 2183 
3 2299 2271 2183 
3 2271 2299 2389 
3 2489 2368 2389 
3 2479 2489 2623 
3 2614 2479 2623 
3 2585 2614 2746 
3 2715 2585 2746 
3 2554 2715 2700 
3 2416 2543 2404 
3 2543 2554 2700 
3 2416 2295 2312 
3 2215 2312 2191 
3 2116 2215 2101 
3 2006 2022 2116 
3 1937 2022 1910 
3 1937 1824 1843 
3 2050 1937 1955 
3 2050 2067 2164 
3 2271 2164 2183 
3 2368 2271 2389 
3 2489 2479 2368 
3 2479 2614 2456 
3 2614 2585 2456 
3 2585 2715 2554 
3 2543 2416 2554 
3 2432 2416 2312 
3 2215 2334 2312 
3 2235 2215 2116 
3 2022 2144 2116 
3 2022 1937 2050 
3 2144 2050 2164 
3 2271 2257 2164 
3 2257 2271 2368 
3 2479 2355 2368 
3 2355 2479 2456 
3 2585 2432 2456 
3 2432 2585 2554 
3 2416 2432 2554 
3 2334 2432 2312 
3 2235 2334 2215 
3 2144 2235 2116 
3 2022 2050 2144 
3 2257 2144 2164 
3 2355 2257 2368 
3 2334 2355 2456 
3 2432 2334 2456 
3 2334 2235 2355 
3 2235 2144 2257 
3 2355 2235 2257 

