# vtk DataFile Version 4.2
vtk output
ASCII
DATASET POLYDATA
POINTS 3050 float
-151.893 -25.681 -291.069 -151.837 -13.1635 -294.3 -150.928 -17.3128 -281.702 
-150.819 -33.3685 -300.611 -150.498 -21.8143 -302.583 -150.09 -38.3081 -289.346 
-150.064 -4.5985 -285.166 -149.901 -1.10268 -298.318 -149.795 -30.2944 -279.316 
-148.47 -45.4467 -300.053 -148.375 -29.6236 -308.77 -148.358 -21.8972 -269.774 
-148.304 -8.93716 -272.663 -147.58 7.56593 -288.942 -147.373 -10.4413 -305.633 
-146.978 -42.873 -278.047 -146.446 -34.7866 -267.898 -146.437 3.70461 -276.301 
-146.285 -50.3952 -288.654 -145.97 10.3448 -302.26 -145.444 -38.6343 -309.917 
-145.346 -13.4665 -260.72 -144.686 -26.412 -258.228 -144.404 -0.641673 -263.939 
-144.196 -57.3069 -299.501 -143.646 19.1206 -292.496 -143.577 -19.9971 -310.997 
-143.099 0.301543 -309.164 -143.037 15.6659 -279.982 -142.916 -47.131 -266.794 
-142.358 -39.082 -256.576 -142.222 -54.5982 -277.342 -141.887 -50.2966 -309.794 
-141.593 -17.9785 -249.078 -141.581 11.7771 -267.734 -141.147 -5.18536 -252.074 
-140.681 -61.6342 -288.064 -140.414 -30.6866 -246.802 -140.266 21.1459 -305.46 
-140.195 -12.5426 91.1949 -139.778 -0.274816 95.2443 -139.368 -1.87782 82.5526 
-139.169 -30.0168 -313.439 -139.14 13.6523 111.779 -139.079 -10.5656 104.204 
-139.069 -13.6682 78.1491 -139.069 7.38162 -255.691 -138.908 1.71257 107.99 
-138.742 10.1725 86.9008 -138.714 11.5826 99.4575 -138.585 27.1063 -283.419 
-138.439 -24.1855 86.7548 -138.389 8.57975 74.3132 -138.38 30.0226 -295.655 
-138.197 -51.0804 -255.477 -138.179 -3.31717 69.8623 -138.088 -68.1637 -298.721 
-138.08 -10.0787 -313.252 -137.593 20.6779 79.1589 -137.477 -43.044 -245.269 
-137.447 -58.5775 -266.125 -137.387 6.95568 61.6517 -137.376 10.825 -311.668 
-137.351 -14.72 65.2855 -137.333 23.5163 -271.699 -137.326 18.9434 66.2516 
-137.271 21.9441 91.9218 -137.205 -9.71037 -240.467 -137.13 -22.3019 -237.646 
-137.074 22.9793 103.959 -136.988 -24.7546 73.4037 -136.968 -61.6847 -308.805 
-136.831 -4.71554 57.1071 -136.497 29.7359 70.7284 -136.475 16.979 53.1969 
-136.368 27.9714 57.4973 -136.155 -22.6177 100.022 -135.953 5.3008 48.8666 
-135.834 32.5017 84.6569 -135.805 2.83207 -243.878 -135.8 -16.11 52.4985 
-135.778 -65.3983 -276.93 -135.758 24.6988 114.46 -135.475 -34.7914 -235.542 
-135.474 26.6033 44.8443 -135.433 -25.8138 60.5298 -135.388 4.96736 119.826 
-135.319 37.8078 61.8376 -135.266 37.4717 49.2478 -135.255 19.4239 -259.845 
-135.126 -6.30146 44.4662 -134.994 -41.146 -313.725 -134.881 37.5162 74.6898 
-134.849 15.158 40.6178 -134.753 33.2763 97.2775 -134.553 -7.49627 116.288 
-134.429 -27.2568 47.7455 -134.176 -17.7054 39.871 -133.998 3.45859 36.3783 
-133.974 31.7528 -308.349 -133.766 36.2247 36.8717 -133.547 24.7943 32.503 
-133.509 -71.7529 -287.723 -133.456 32.3456 108.888 -133.265 45.2965 78.6513 
-133.168 18.1772 121.823 -133.118 48.0835 54.2217 -133.111 -8.15428 31.9954 
-132.824 37.4457 -285.619 -132.723 -35.2454 68.4915 -132.723 15.0638 -247.877 
-132.72 13.153 28.2764 -132.716 -20.524 -313.921 -132.699 -54.85 -244.338 
-132.579 -34.3955 81.6208 -132.475 -36.5706 55.5755 -132.453 47.3321 41.5898 
-132.413 44.5615 91.279 -132.364 47.6735 66.8488 -132.33 -14.0934 -229.212 
-132.319 0.061013 -315.491 -132.172 35.0021 -276.49 -132.15 -28.7197 35.1792 
-132.15 40.5122 -297.985 -132.019 -46.9227 -234.09 -131.993 -62.2726 -255.015 
-131.955 34.2978 24.3935 -131.806 22.6688 20.1109 -131.794 -26.4434 -226.518 
-131.756 1.4341 24.0312 -131.651 -19.4066 27.4597 -131.17 -1.86848 -232.644 
-131.035 -37.85 42.9796 -131.027 20.2409 7.60587 -130.913 10.9141 15.8984 
-130.718 45.6517 28.9986 -130.646 32.0105 11.9112 -130.633 -19.4063 111.866 
-130.545 -69.2686 -265.867 -130.496 42.736 103.303 -130.479 -10.0908 19.7214 
-130.472 17.479 -5.02438 -130.466 21.063 -313.037 -130.408 -52.3255 -313.261 
-130.299 31.0961 -264.48 -129.873 -32.5001 94.5235 -129.778 8.33337 3.52753 
-129.704 -38.6537 -224.443 -129.557 -0.825754 11.7719 -129.492 -76.822 -298.601 
-129.441 29.5212 -0.697244 -128.878 43.5804 16.3119 -128.857 -30.2898 22.9336 
-128.761 10.2769 -236.467 -128.467 -21.3349 15.3478 -128.398 5.18512 -8.83714 
-127.982 -39.1696 30.677 -127.959 -31.4547 -314.763 -127.923 26.723 -252.489 
-127.916 -75.412 -276.945 -127.837 -70.637 -305.216 -127.819 57.7277 46.8879 
-127.705 -12.3689 7.64709 -127.669 30.7076 121.697 -127.665 -3.51363 -0.436919 
-127.657 14.0889 -17.278 -127.645 38.1152 113.714 -127.335 42.3867 -310.408 
-127.265 -2.3959 125.814 -127.023 10.2285 128.082 -126.862 56.7038 72.6882 
-126.774 -46.1304 50.5415 -126.742 57.1395 59.7869 -126.724 55.4221 85.3768 
-126.644 -58.4319 -233.428 -126.607 26.2942 -12.8748 -126.564 -18.2645 -218.314 
-126.497 -11.084 -316.646 -126.181 -64.4519 -311.83 -126.159 -65.8298 -244.062 
-126.121 -6.31775 -221.617 -126.106 40.7182 4.08278 -126.077 55.9672 34.2043 
-126.034 -44.3174 63.1008 -125.823 46.6501 -285.332 -125.762 -50.4548 -223.219 
-125.644 -30.2576 -215.59 -125.463 10.1347 -315.978 -125.264 53.0942 97.7527 
-125.018 50.5265 -299.375 -124.956 -6.83153 -12.2666 -124.946 -47.0579 38.3152 
-124.945 22.1589 -240.719 -124.839 -23.6172 3.50478 -124.78 1.66707 -20.4243 
-124.736 -72.8245 -254.976 -124.718 -15.2141 -4.17493 -124.652 -31.7896 11.0381 
-124.434 42.2316 -269.961 -124.362 -80.6029 -287.976 -124.333 -42.4033 75.5801 
-124.308 -40.1782 18.6932 -124.034 22.9245 129.4 -123.954 5.45652 -225.469 
-123.936 53.9194 21.4209 -123.665 -28.3086 105.771 -123.639 31.4073 -314.669 
-123.576 -13.8338 121.58 -123.172 -41.9019 -213.648 -123.137 -42.6517 -314.638 
-122.687 48.5766 109.215 -122.627 37.337 -7.75995 -122.336 -79.1277 -266.103 
-122.183 37.8353 -257.495 -121.951 10.475 -28.2495 -121.913 -48.2751 26.5478 
-121.645 22.44 -24.0626 -121.4 -76.0445 -308.309 -121.116 -18.8751 -15.3161 
-121.069 -10.6441 -23.2665 -121.069 -26.9853 -7.58391 -121.021 50.9023 9.17419 
-120.982 -39.7579 87.6599 -120.98 -22.1566 -207.208 -120.872 -21.6837 -314.516 
-120.692 -10.4501 -210.7 -120.595 17.1213 -229.613 -120.541 -33.9432 -0.739257 
-120.463 42.7702 119.767 -120.137 -61.7088 -222.793 -120.014 -1.83606 -31.5988 
-119.985 -41.394 6.55458 -119.918 52.3881 -311.268 -119.885 -69.1982 -233.358 
-119.834 -33.7171 -204.375 -119.795 -0.954567 -317.56 -119.506 33.3241 -245.636 
-119.159 -53.5754 44.9734 -119.102 -53.4648 -212.585 -119.032 33.8515 -19.4018 
-118.978 0.982098 -214.575 -118.881 3.11519 131.927 -118.723 -83.1274 -298.951 
-118.638 -52.0807 57.0573 -118.636 -84.1918 -277.5 -118.585 64.8054 52.8223 
-118.526 64.6068 65.8741 -118.523 -76.1267 -244.257 -118.508 20.2531 -316.565 
-118.441 -54.1365 -314.203 -118.428 63.7965 78.8619 -118.221 -49.3828 14.9391 
-118.198 56.0399 -288.757 -118.064 64.1294 39.8952 -118.051 34.8044 128.429 
-117.771 -55.1015 33.4024 -117.67 47.5233 -2.56843 -117.507 -23.1402 -26.0166 
-117.477 61.7727 91.569 -117.426 13.7104 134.039 -117.416 -14.2331 -34.6268 
-117.335 52.2307 -275.761 -117.187 -32.0371 -17.3305 -117.185 7.06197 -39.6531 
-117.166 -22.8608 115.831 -117.148 18.9578 -35.5794 -117.101 -45.4157 -202.786 
-116.988 59.6733 -300.913 -116.562 -5.20386 -43.3067 -116.502 62.1845 27.2696 
-116.5 -42.4841 -6.99098 -116.491 41.3516 -315.626 -116.148 -82.437 -255.453 
-115.99 -49.182 68.8065 -115.944 28.4208 -234.219 -115.888 -32.9079 -314.858 
-115.744 58.3117 103.868 -115.734 12.2288 -218.844 -115.637 48.2626 -262.912 
-115.581 -6.68831 129.148 -115.569 -35.3809 98.5981 -115.542 -14.3541 -199.636 
-115.405 -25.9772 -196.008 -115.213 -56.343 22.7741 -115.067 -51.402 2.60157 
-114.965 30.2144 -30.8236 -114.57 -26.7765 -37.5443 -114.554 44.4977 -14.2911 
-114.427 -17.6113 -46.3623 -114.32 59.7911 14.5733 -114.199 -36.239 -28.5145 
-114.142 -66.2706 -312.73 -114.124 -2.95971 -203.611 -114.07 -12.165 -316.844 
-114.021 3.78688 -51.6801 -113.979 -37.3538 -193.247 -113.752 -87.6832 -288.874 
-113.682 -45.773 -19.1975 -113.424 -8.52629 -55.0974 -113.418 15.7073 -47.5709 
-113.233 -64.3916 -212.411 -113.188 52.805 115.192 -113.011 43.6754 -250.994 
-112.95 25.5551 134.949 -112.835 9.13663 -317.519 -112.833 -71.9769 -223.093 
-112.677 -59.049 11.7592 -112.636 -56.6577 -201.931 -112.633 -54.6956 -9.79009 
-112.618 -87.5972 -266.911 -112.297 -46.0835 80.2732 -111.787 -61.0462 39.1122 
-111.612 -30.1755 -49.2459 -111.605 -78.9405 -233.919 -111.59 56.9919 2.58393 
-111.502 61.3387 -311.095 -111.479 -39.5226 -40.3333 -111.456 30.2855 -317.181 
-111.421 41.1945 -25.9416 -111.34 -49.2042 -31.2152 -111.311 23.1914 -223.445 
-111.26 26.8193 -42.6679 -111.241 -20.997 -58.0832 -111.168 -59.1866 50.502 
-111.145 -18.142 -188.095 -111.08 -44.3207 -314.75 -111.045 -49.0248 -191.916 
-111.027 7.86184 -207.907 -110.688 0.368494 -63.5501 -110.627 46.0761 125.465 
-110.536 -29.69 -183.66 -110.452 -58.5927 -21.879 -110.324 -62.6409 -0.137538 
-110.306 64.5023 -292.189 -110.305 3.85097 135.03 -110.29 -11.916 -66.9185 
-110.079 -15.5272 124.393 -110.004 -78.5939 -308.031 -109.862 -6.53192 -192.467 
-109.846 12.3918 -59.6958 -109.821 38.8512 -239.476 -109.616 61.0392 -280.669 
-109.515 -29.9005 108.677 -109.333 -85.2583 -245.069 -109.15 70.9718 58.9342 
-109.08 -64.8724 21.3208 -108.943 70.2558 72.0863 -108.919 -41.3803 -181.892 
-108.865 70.7341 45.736 -108.774 50.7115 -315.862 -108.753 54.3312 -9.03188 
-108.686 -23.2632 -314.87 -108.471 -56.554 61.8469 -108.373 -67.0093 -12.0083 
-108.347 -33.3585 -61.0021 -108.304 68.838 84.9456 -108.292 -24.276 -69.9478 
-108.277 37.6804 -37.6648 -108.248 -42.6395 -52.065 -108.163 -52.255 -43.0329 
-108.147 -91.4996 -278.499 -108.076 69.5281 32.8555 -107.94 57.3579 -268.544 
-107.923 -3.04132 -75.5863 -107.908 23.5541 -54.9614 -107.76 -21.8866 -176.146 
-107.655 -62.0855 -33.7564 -107.596 67.7902 -302.693 -107.521 -15.3421 -78.8649 
-107.464 -42.2007 91.2297 -107.149 66.2555 97.6532 -107.069 -2.06992 -317.408 
-107.016 -69.5498 9.66682 -106.946 4.30088 -196.607 -106.844 -87.659 -299.534 
-106.715 67.6693 20.0843 -106.668 18.4445 -212.597 -106.648 -9.70469 -181.227 
-106.598 37.4133 133.768 -106.56 8.95029 -71.8593 -106.532 -56.2695 -314.232 
-106.503 -34.0635 -171.364 -106.303 15.3738 138.341 -106.299 -67.1609 -202.054 
-106.289 -71.2048 -24.0454 -106.099 -90.5579 -256.463 -106.047 -60.1317 -191.443 
-106.039 51.5291 -20.7139 -105.845 -27.5221 -81.9181 -105.798 19.1044 -317.683 
-105.789 33.6921 -228.48 -105.722 53.1808 -256.612 -105.693 -74.2416 -212.936 
-105.527 -18.6461 -90.8893 -105.506 -6.52071 -87.5991 -105.483 62.08 110.009 
-105.161 -53.0202 -181.032 -105.137 -36.3413 -72.8419 -104.982 34.0558 -49.6937 
-104.967 -74.4202 -1.68962 -104.71 65.38 7.74601 -104.475 -45.4477 -63.7683 
-104.419 -69.0481 31.5138 -104.366 -81.2843 -223.885 -104.348 -46.7562 -170.813 
-104.285 -27.5201 -160.886 -104.267 -52.7114 72.7503 -104.242 -54.9232 -54.718 
-104.224 -65.7889 43.693 -104.187 39.9929 -317.366 -104.119 -30.719 -93.9645 
-104.092 20.4007 -67.6096 -103.975 5.43053 -83.9913 -103.87 -12.1286 -170.067 
-103.857 -9.82145 -99.6643 -103.852 -64.8194 -45.3748 -103.815 -21.8746 -102.93 
-103.712 -79.0119 -13.7985 -103.706 -34.4953 -314.847 -103.649 -5.95802 131.875 
-103.364 1.27236 -185.358 -103.298 -42.502 -163.409 -103.222 47.7747 -32.2402 
-103.21 -23.2652 118.093 -102.939 56.0219 121.18 -102.912 -74.4373 -35.8251 
-102.706 -25.1058 -115.11 -102.636 48.3176 -245.255 -102.552 -13.1391 -111.797 
-102.495 -39.307 -84.7804 -102.469 -33.7768 -106.091 -102.428 -23.785 -148.77 
-102.413 71.4416 -296.547 -102.4 14.4053 -201.461 -102.37 -36.8629 -151.682 
-102.261 2.07423 -96.1247 -102.235 -93.3877 -290.129 -102.225 -87.636 -234.882 
-102.163 63.0466 -4.05815 -102.132 68.6453 -285.034 -102.074 -28.6164 -127.338 
-102.05 -69.0092 -312.276 -102.048 -32.3201 -139.601 -102.038 -74.5359 19.73 
-101.905 -94.7147 -268.055 -101.838 -36.9669 101.46 -101.75 -16.6381 -124.09 
-101.707 -20.0451 -136.451 -101.474 -13.3568 -315.894 -101.383 -13.0556 -158.066 
-101.369 -82.8195 -26.0693 -101.309 59.1206 -316.153 -101.267 28.5152 -217.766 
-101.209 27.3475 139.463 -101.181 30.6074 -62.2536 -101.145 -63.5067 54.7077 
-101.07 68.5604 -311.358 -100.867 -0.871476 -175.609 -100.814 -1.39959 -108.258 
-100.798 -36.9387 -118.256 -100.758 44.0728 -44.2351 -100.728 16.9473 -80.0057 
-100.68 -42.3669 -96.9342 -100.659 -47.9047 -75.5637 -100.313 -80.5581 9.63711 
-100.033 -40.5742 -130.363 -100.013 8.00659 -317.609 -99.9285 65.3392 -273.947 
-99.6432 -11.2539 -145.357 -99.6221 -56.9596 -168.817 -99.5929 -48.8283 83.5298 
-99.5674 -57.0136 -66.4255 -99.5454 -49.753 -154.77 -99.521 -5.03471 -120.433 
-99.5045 -44.5422 -142.43 -99.4413 48.3502 130.88 -99.2734 -63.5559 -180.705 
-99.2382 76.3171 52.0229 -99.2254 -70.3269 -191.773 -99.2214 -71.5343 37.2163 
-99.2034 75.9814 65.3071 -99.1527 -46.0893 -314.683 -99.1135 -93.1974 -246.183 
-99.0935 43.305 -234.071 -99.0889 61.1117 -15.2621 -99.0714 4.95244 137.684 
-99.0246 -66.752 -56.9738 -98.8708 75.7538 38.7804 -98.8389 -8.45472 -132.818 
-98.702 28.9655 -317.762 -98.6788 -76.9963 -202.766 -98.677 13.4018 -92.1661 
-98.6468 74.744 78.2412 -98.6208 11.1177 -189.608 -98.5852 -85.9399 -1.49168 
-98.5049 -2.05542 -165.188 -98.44 -45.1413 -109.092 -98.347 -76.4938 -47.1696 
-98.2205 74.6319 25.7711 -98.1578 -89.583 -16.2028 -98.0959 -81.5593 -307.456 
-97.9666 73.0386 91.2405 -97.762 39.8932 -56.1215 -97.6168 61.5448 -262.489 
-97.5289 -50.408 -87.6038 -97.5238 9.96627 -104.46 -97.1791 -85.7454 -37.6126 
-97.061 -83.4458 -214 -97.0312 -14.7325 126.596 -97.0006 72.7985 13.0853 
-96.9588 24.1037 -206.779 -96.8592 49.6228 -317.236 -96.8359 -59.9422 65.4035 
-96.794 -97.5179 -279.74 -96.7402 -48.2755 -121.205 -96.6309 69.732 103.995 
-96.62 76.2848 -303.54 -96.5013 57.5512 -26.7445 -96.4845 -1.94839 -153.377 
-96.2857 27.6138 -75.5348 -96.2507 -24.7178 -314.957 -96.1412 6.32247 -116.593 
-96.0246 -77.4383 29.5799 -95.9132 -30.6273 111.159 -95.765 -51.8778 -133.231 
-95.637 64.1626 -314.258 -95.2355 2.75537 -128.777 -95.1715 -0.179679 -141.126 
-95.1647 -97.4031 -257.692 -95.1616 70.4228 0.794415 -95.1334 -53.0911 -99.8104 
-95.0489 -58.8263 -78.2896 -94.9339 38.0352 -223.322 -94.9183 -56.2709 -145.182 
-94.8629 -93.8796 -27.701 -94.8545 39.1687 138.625 -94.824 57.0344 -251.285 
-94.6988 -58.1781 -314.13 -94.6934 8.0617 -174.655 -94.6899 -89.5797 -225.089 
-94.6529 64.7743 116.169 -94.607 16.4577 141.67 -94.5684 -91.6145 -300.704 
-94.5539 -70.2092 47.3097 -94.5269 53.5267 -38.7183 -94.5187 74.7325 -290.785 
-94.3099 -3.29781 -316.824 -94.2756 -43.8318 93.8791 -94.0958 -94.4859 -6.89912 
-94.0687 -61.3413 -157.409 -93.8208 -84.0109 20.6683 -93.4664 23.9288 -87.9928 
-93.3317 -67.8381 -68.8325 -93.0833 20.3314 -195.297 -92.9017 17.9797 -317.746 
-92.671 -55.6149 -111.98 -92.6091 -67.1025 -170.11 -92.6035 -77.5774 -58.9816 
-92.2963 49.2544 -50.5962 -92.284 20.4851 -100.315 -92.1113 72.2924 -279.606 
-92.0507 7.1244 -161.122 -92.0226 -55.663 75.8042 -91.9339 -87.4031 -49.0274 
-91.9053 -73.3365 -181.715 -91.8137 -4.8663 133.902 -91.8111 -95.2245 -236.17 
-91.7189 57.8626 126.976 -91.5427 -36.1084 -314.851 -91.5214 38.8207 -317.754 
-91.4525 68.9117 -10.1798 -91.4237 51.9045 -240.328 -91.2394 -90.6987 11.5576 
-91.2318 17.0174 -112.566 -91.0491 -60.5747 -90.3407 -90.9845 -100.31 -17.4496 
-90.974 -79.4677 -193.053 -90.7791 33.239 -212.462 -90.7165 -58.5569 -124.07 
-90.5107 75.7867 -312.641 -90.4647 -100.623 -269.29 -90.4166 -98.5027 -291.411 
-90.2375 7.8395 -149.003 -90.2038 59.7647 -317.158 -90.1855 44.1564 -61.7868 
-90.1595 -96.5982 -39.3067 -90.1331 -22.9305 120.177 -90.0946 38.0789 -71.5811 
-90.0938 13.3672 -124.697 -89.9938 -71.9117 -312.251 -89.6717 -66.9914 57.8648 
-89.6069 9.99678 -136.863 -89.5229 -77.0636 39.2727 -89.5043 17.3483 -182.733 
-89.3314 -85.4587 -204.41 -89.3206 28.4641 143.737 -89.3133 68.8728 -268.648 
-89.291 -62.2394 -135.988 -89.1141 81.0497 45.0303 -89.1036 80.9322 58.4259 
-88.8532 -14.7053 -315.486 -88.8273 80.354 31.7741 -88.7079 -98.0524 2.94448 
-88.668 79.9896 71.4412 -88.6192 -37.8345 103.795 -88.2185 78.9816 18.7631 
-88.1391 -99.8789 -247.468 -88.0233 -62.7075 -102.653 -87.9514 66.7278 -21.0532 
-87.9419 78.2035 84.4685 -87.9047 49.4348 136.139 -87.8633 -66.5321 -147.895 
-87.7684 -68.6957 -80.8387 -87.7405 46.7781 -229.443 -87.2392 5.66692 140.353 
-87.1836 33.8721 -83.9244 -87.1486 6.82343 -317.411 -87.0996 -47.6524 -314.634 
-87.0405 76.7848 6.10898 -86.992 -104.47 -29.1308 -86.9816 75.7341 97.4555 
-86.9426 -91.152 -215.647 -86.8554 -50.7333 86.0831 -86.7611 29.0049 -201.353 
-86.531 15.598 -169.382 -86.4777 62.3146 -33.1007 -86.3893 64.8411 -257.589 
-86.3542 73.2824 -6.86384 -86.2418 -84.6327 30.8529 -86.1413 -71.1833 -160.024 
-85.8136 -104.421 -7.10921 -85.7607 -85.3795 -307.844 -85.7336 27.867 -317.819 
-85.5527 30.0009 -96.026 -85.4077 71.6124 110.092 -85.4065 -77.625 -71.6016 
-85.3708 -64.9112 -114.864 -85.1854 77.7159 -286.183 -85.1812 -87.365 -60.1419 
-85.1469 80.9349 -303.028 -84.7998 -62.67 68.1466 -84.7871 57.7649 -45.0869 
-84.713 -14.1842 128.619 -84.6945 -102.583 -280.957 -84.4993 26.477 -108.306 
-84.4939 -76.4594 -171.975 -84.4539 48.9447 -317.705 -84.3891 15.4531 -156.977 
-84.2877 69.1005 -315.874 -84.1267 -97.2107 -50.2633 -84.0391 -96.6421 -226.628 
-83.8184 -26.1719 -314.993 -83.7674 -103.247 -258.987 -83.687 41.6232 -218.768 
-83.5842 23.0062 -120.567 -83.4222 -91.9635 21.8979 -83.3328 39.575 143.511 
-83.1922 -75.0207 49.2993 -83.1798 25.5962 -189.682 -83.1495 -67.9022 -126.827 
-83.1433 16.8073 -144.792 -83.1306 59.8355 -246.791 -83.1248 65.9912 122.012 
-83.0972 -69.5278 -93.3159 -83.0129 19.6013 -132.702 -82.9914 -81.8525 -183.631 
-82.9642 -30.7083 113.211 -82.914 52.8157 -56.6111 -82.8968 -59.3699 -314.148 
-82.7643 16.8492 145.372 -82.3531 -95.8035 -301.617 -82.3177 -110.225 -18.5217 
-81.5545 -4.59829 -316.436 -81.4282 75.2224 -275.454 -81.4104 -45.096 96.2028 
-81.333 -86.7697 -66.0237 -81.2972 -106.152 -40.7817 -81.1988 47.6488 -67.8721 
-81.1329 -87.2826 -195.159 -80.9758 -71.2909 -138.719 -80.9639 -99.3855 12.8116 
-80.7021 -101.624 -237.597 -80.1699 23.3621 -177.322 -79.9653 16.843 -317.702 
-79.9529 -71.282 -105.635 -79.9185 58.4724 132.369 -79.8365 -4.73185 136.362 
-79.7469 36.9603 -207.798 -79.7369 54.4405 -236.19 -79.6504 -57.9611 78.1747 
-79.2971 42.2781 -79.2198 -79.254 -37.6677 -314.847 -79.2406 81.8301 -293.332 
-79.2182 -70.2972 -312.904 -79.1825 -106.741 3.28065 -79.13 79.4398 -311.231 
-79.0181 -75.2599 -150.64 -78.8961 -92.6771 -206.464 -78.8363 -77.1041 -84.2336 
-78.7332 -105.896 -270.529 -78.6743 84.8282 37.9777 -78.6236 84.7802 51.3228 
-78.5884 -83.1868 40.2144 -78.5759 37.9567 -317.824 -78.3453 83.6382 24.7925 
-78.3338 84.1588 64.4838 -78.3003 -70.114 60.3059 -77.961 -102.973 -292.39 
-77.8867 71.4895 -264.677 -77.8482 59.5964 -317.473 -77.8356 28.309 148.23 
-77.8018 22.5582 -164.941 -77.8011 -96.2558 -59.6721 -77.7932 82.8542 77.6401 
-77.7911 38.3195 -91.4054 -77.6664 81.6974 11.8927 -77.5717 -22.9488 122.276 
-77.3216 74.6817 -14.508 -76.9794 70.0084 -27.3163 -76.9531 -73.2564 -117.648 
-76.9358 78.8574 -1.00313 -76.8824 80.5081 90.6344 -76.8437 -77.6061 -311.516 
-76.7851 -79.4586 -162.62 -76.7393 -105.601 -248.869 -76.6083 -112.959 -30.4557 
-76.4618 34.8652 -103.916 -76.2382 -16.1127 -315.34 -76.227 -112.435 -7.6828 
-76.1553 49.2665 -225.477 -76.1531 49.6458 141.438 -76.0901 33.1089 -196.46 
-76.0816 23.1429 -152.762 -76.0764 -97.982 -217.372 -75.8767 -38.4578 105.909 
-75.8164 65.1781 -39.3226 -75.5766 76.9018 103.309 -75.4825 31.3375 -116.396 
-75.3617 5.0704 143.499 -75.1441 25.0052 -140.661 -75.0522 -90.9929 31.4905 
-74.9849 27.8858 -128.617 -74.9723 -85.3723 -76.2577 -74.8869 -49.2104 -314.61 
-74.7792 -84.24 -174.408 -74.5795 -105.528 -51.4189 -74.4961 66.9843 -253.876 
-74.4935 -77.6361 -96.4956 -74.4603 60.0883 -50.8998 -74.3067 5.51826 -317.224 
-74.3057 -52.4764 88.1277 -74.2935 80.8433 -282.939 -74.2414 -75.9675 -129.532 
-73.6124 84.3904 -301.488 -73.6109 71.7713 115.48 -73.2955 -89.2237 -307.647 
-72.9799 30.2833 -184.786 -72.9525 -65.2714 70.2908 -72.8307 -89.1361 -186.039 
-72.7743 -102.85 -227.9 -72.7535 26.8303 -317.795 -72.7524 -107.47 -281.994 
-72.7044 54.8932 -62.4686 -72.4384 -14.5474 130.795 -72.3575 44.3682 -214.644 
-72.3444 71.461 -315.795 -72.1276 -108.508 -260.326 -72.1072 -98.9377 22.4759 
-71.8372 39.5303 148.727 -71.7102 -79.2308 -141.428 -71.6992 48.5908 -317.81 
-71.4107 -27.6681 -314.98 -71.3106 -80.0214 49.4639 -71.2484 61.6736 -243.391 
-71.1934 -117.164 -19.4109 -71.1077 -79.003 -108.469 -71.1065 -94.1911 -68.8517 
-71.0729 65.746 127.049 -71.0109 49.7264 -74.0841 -70.9375 -60.5203 -314.124 
-70.8555 15.5512 149.327 -70.5311 -94.0546 -197.427 -70.4696 -31.3148 115.384 
-70.4422 28.8347 -172.779 -70.0411 77.9966 -272.386 -69.9516 -113.557 -41.9748 
-69.932 -99.5214 -302.025 -69.5404 45.4682 -86.2814 -69.3459 -106.928 13.1368 
-69.3437 -82.9323 -153.345 -69.3204 -84.3084 -87.5288 -69.2023 -107.199 -238.98 
-68.8739 -46.1442 98.2221 -68.8076 -5.94403 -316.044 -68.5665 39.8384 -203.673 
-68.4427 28.7219 -160.702 -68.4088 -112.949 2.79114 -68.1286 56.2569 -232.547 
-68.0855 85.1128 -291.257 -67.9808 58.3409 137.458 -67.8156 -99.1033 -208.271 
-67.806 87.2808 44.2996 -67.7654 86.9335 30.9641 -67.7435 -80.9045 -120.283 
-67.6566 -5.92699 139.063 -67.6236 -70.9379 -312.867 -67.5115 86.3517 57.4826 
-67.4151 85.2571 17.9584 -67.3167 82.945 -310.531 -67.3162 -59.973 79.7733 
-67.2412 -103.198 -60.9879 -67.097 -72.4336 62.442 -67.0805 85.3776 70.554 
-67.0587 15.602 -317.538 -66.9361 29.7921 -148.646 -66.8957 -86.8885 -165.213 
-66.8796 -110.688 -271.747 -66.8537 -88.3679 40.4568 -66.8491 -39.2387 -314.817 
-66.7979 82.6919 5.1109 -66.5539 42.2427 -100.132 -66.4772 79.5601 -7.88659 
-66.4648 75.5132 -20.9565 -66.3689 83.6219 83.5349 -66.3159 27.5519 153.47 
-66.0124 31.9065 -136.693 -65.895 73.4549 -261.899 -65.8914 38.7024 -112.53 
-65.8386 71.1482 -33.3343 -65.796 -107.123 -293.038 -65.6876 37.2834 -317.848 
-65.6647 35.0366 -124.688 -65.4213 60.3134 -317.556 -65.2894 80.6331 96.2521 
-65.2022 -118.015 -8.48895 -65.1914 -84.7305 -99.29 -65.1536 36.1868 -192.296 
-65.1211 -23.8556 124.545 -65.0229 -110.626 -250.262 -64.8806 -92.1095 -79.1539 
-64.8262 66.2591 -45.1768 -64.7547 -103.912 -218.589 -64.6814 -83.4491 -132.173 
-64.576 51.089 -221.726 -64.5476 -91.0679 -176.966 -64.4825 49.5367 146.6 
-64.3439 -81.2772 -310.68 -64.029 -118.988 -31.5534 -63.7379 76.2416 108.508 
-63.6107 -17.5423 -315.232 -63.5991 60.9859 -56.8575 -63.5205 -39.4549 108.165 
-63.1513 -96.1065 31.5632 -62.8955 2.80002 146.946 -62.8635 46.7621 -90.9684 
-62.7875 83.4278 -280.76 -62.6019 -78.6899 55.5468 -62.59 -50.761 -314.587 
-62.4866 34.1984 -180.494 -62.4167 -111.529 -52.4627 -62.3031 68.4237 -251.317 
-62.2013 -95.5922 -188.439 -62.1292 55.8045 -68.5148 -62.0006 -109.574 12.7316 
-61.7804 -86.3413 -144.105 -61.7766 87.7075 -300.495 -61.7015 -54.156 89.5025 
-61.6754 71.1773 120.543 -61.5306 51.0945 -80.129 -61.47 -85.8659 -111.098 
-61.4695 4.23372 -316.863 -61.38 -108.274 -229.252 -60.9645 -92.1541 -307.359 
-60.8961 -67.3347 71.652 -60.8679 46.2757 -210.968 -60.7521 -111.755 -282.95 
-60.4349 74.2485 -316.04 -60.2889 -113.294 -261.637 -60.2589 -99.9193 -70.6821 
-60.2584 39.429 153.838 -60.2386 33.4721 -168.577 -59.8822 25.9454 -317.782 
-59.8551 -16.0822 133.427 -59.5349 -104.236 22.3006 -59.4967 -100.251 -199.502 
-59.4103 -90.6795 -90.1395 -59.3992 62.7744 -240.375 -59.0919 -89.7027 -156.026 
-59.0589 65.1751 131.927 -59.0441 -61.8764 -313.802 -58.7469 -29.1788 -314.95 
-58.6447 -85.0203 48.5366 -58.6003 47.8987 -317.822 -58.4597 -116.956 2.25183 
-58.3868 33.8053 -156.625 -58.1274 -32.6802 117.874 -57.9175 -87.8317 -122.885 
-57.8246 79.4621 -270.548 -57.6886 11.2615 153.862 -57.6152 -102.716 -302.187 
-57.5664 -112.168 -240.304 -57.2843 41.8931 -199.906 -56.9034 35.2069 -144.664 
-56.7026 87.8941 37.1489 -56.6517 -122.298 -20.619 -56.6465 -47.2993 100.185 
-56.6326 87.3683 24.1066 -56.6064 57.1277 -229.055 -56.6055 -104.87 -209.777 
-56.5291 87.6277 50.2435 -56.4324 -118.013 -42.8914 -56.4161 -93.2603 -167.85 
-56.2614 85.2255 11.1805 -56.1534 86.2052 63.2602 -56.1361 58.0091 142.367 
-56.0391 -7.27718 -315.733 -55.9839 87.5168 -289.928 -55.8057 82.4752 -1.6086 
-55.7808 37.4832 -132.758 -55.7527 -72.7055 -312.391 -55.6174 28.7464 158.111 
-55.5549 84.5885 76.1211 -55.5171 79.0373 -14.398 -55.4061 -74.3406 63.7213 
-55.3187 -107.897 -62.4641 -55.1971 -90.8862 -101.846 -55.153 40.7669 -120.769 
-55.142 75.1137 -26.9626 -55.1234 85.7274 -309.924 -54.8625 -115.086 -272.981 
-54.784 -61.7578 80.7148 -54.7763 -8.48682 142.688 -54.7526 44.602 -108.98 
-54.715 82.4855 88.9188 -54.6553 -112.221 12.3263 -54.6088 -92.4097 40.2278 
-54.5695 -90.1713 -134.762 -54.5377 -121.198 -9.42229 -54.4815 70.8282 -39.1724 
-54.3407 64.3377 -317.497 -54.2701 -40.7614 -314.761 -54.2147 38.6641 -188.385 
-54.1907 14.5479 -317.447 -54.0856 -97.1995 -81.1587 -54.0303 48.2957 -97.2524 
-53.8915 -97.215 -179.47 -53.6361 -110.535 -293.504 -53.618 66.1062 -51.1804 
-53.5865 -109.056 -219.559 -53.5116 79.1209 101.262 -53.4162 74.7934 -259.902 
-53.2431 -115.411 -251.538 -53.0403 52.0442 -218.264 -52.7081 36.4978 -317.831 
-52.607 60.9412 -62.9656 -52.6052 51.8605 -86.0258 -52.5633 49.1052 151.189 
-52.5242 -25.8495 127.175 -52.1265 -83.5559 -310.104 -51.8895 56.0468 -74.7006 
-51.8144 74.9104 113.382 -51.665 37.0606 -176.534 -51.5244 -92.9558 -146.721 
-51.4155 -40.9005 110.745 -51.2742 -92.1927 -113.601 -51.2132 0.575232 152.08 
-51.2046 -101.553 -190.758 -50.9267 19.5543 158.232 -50.808 -18.9631 -315.114 
-50.6711 -81.1135 56.1418 -50.6165 -99.9632 31.021 -50.5098 84.4083 -279.515 
-50.4459 -52.2213 -314.535 -50.0826 56.3798 -317.683 -50.0325 -113.129 -230.287 
-49.6684 70.0433 125.206 -49.4933 36.8136 -164.643 -49.4062 -115.013 -53.6632 
-49.3635 69.7219 -249.617 -49.3084 89.5362 -299.576 -49.2862 -122.359 -32.6256 
-49.2845 47.3447 -207.5 -48.9311 -55.9758 90.3538 -48.8678 -95.9305 -92.5051 
-48.6813 -103.987 -72.5385 -48.6519 3.07726 -316.459 -48.6229 -69.0487 72.3579 
-48.5807 -95.9017 -158.615 -48.5477 -94.5966 -307.057 -48.5447 -115.432 -284.022 
-48.3483 38.9461 157.524 -48.3345 -117.835 -262.903 -48.178 76.584 -315.771 
-48.1221 -118.799 1.12107 -47.8301 63.0453 -237.106 -47.7121 37.5755 -152.727 
-47.6336 -94.129 -125.405 -47.3919 -63.3335 -313.714 -47.2247 -107.504 -205.05 
-47.1094 64.4639 136.519 -46.9801 25.0163 -317.731 -46.5549 -19.5879 136.194 
-46.4232 -107.46 21.2661 -46.3373 -88.0174 48.2033 -46.158 39.3234 -140.798 
-46.0019 8.65631 159.333 -45.9673 -116.715 -241.402 -45.9236 43.008 -196.383 
-45.8883 -99.3418 -170.286 -45.877 -34.6021 120.637 -45.6816 -30.6201 -314.898 
-45.5872 86.9561 30.1092 -45.5131 86.8055 42.9138 -45.4713 86.1299 17.2816 
-45.3987 -7.98287 149.279 -45.3906 80.3318 -269.118 -45.2204 86.0362 55.8103 
-45.1879 -105.199 -302.276 -45.083 57.3615 -225.592 -45.0309 46.4775 -317.745 
-45.0293 84.0753 4.53196 -44.985 -48.0375 102.893 -44.9745 -122.827 -10.3229 
-44.8406 41.8139 -128.832 -44.7565 84.4523 68.6385 -44.7316 -96.5484 -104.307 
-44.5213 81.3401 -8.0679 -44.1893 78.0064 -20.642 -44.186 -96.4191 -137.305 
-44.0895 57.2284 146.686 -44.0579 82.5754 81.3396 -43.9127 -74.3683 -312.109 
-43.8715 45.1219 -116.847 -43.854 74.0985 -32.9547 -43.6975 28.5447 160.403 
-43.486 88.1894 -288.909 -43.353 69.8036 -45.1524 -43.1994 -8.58354 -315.411 
-43.1849 -75.985 64.0432 -43.0792 48.7487 -104.925 -43.0482 80.0812 93.7588 
-43.0407 -103.072 -181.868 -43.0012 40.049 -184.727 -42.9665 -101.517 -83.4478 
-42.9275 -110.663 -63.9793 -42.7941 -119.228 -274.294 -42.7108 -113.315 -219.363 
-42.6021 65.1455 -57.3896 -42.5669 -120.29 -44.039 -42.5562 87.5627 -309.149 
-42.1869 52.2376 -93.1284 -42.1701 66.0973 -317.277 -42.1127 -63.625 81.1642 
-42.0451 -95.1953 39.4011 -41.833 66.8186 -242.954 -41.6892 60.405 -69.5381 
-41.685 76.8501 105.907 -41.479 55.9526 -81.4089 -41.4678 -113.707 -294.648 
-41.4583 -119.866 -252.735 -41.3535 -114.519 10.8667 -41.3064 13.4686 -317.222 
-41.2634 52.5689 -215.076 -40.9986 -1.91093 158.946 -40.9856 -98.9354 -149.268 
-40.9232 -124.162 -22.0903 -40.7479 -98.0401 -116.04 -40.6172 75.446 -258.616 
-40.5902 -15.378 145.906 -40.5507 38.9922 -172.76 -40.533 48.5196 155.213 
-39.9232 73.042 117.893 -39.8993 -28.1483 129.823 -39.8419 -53.6439 96.0755 
-39.8012 -42.3089 -314.765 -39.7744 -107.455 -193.835 -39.6475 35.4768 -317.714 
-39.6041 -85.5815 -309.769 -39.5374 -53.4108 -314.534 -39.4751 -42.2206 113.337 
-39.1059 17.7157 162.931 -38.6508 -117.267 -230.902 -38.4203 39.0226 -160.771 
-38.3191 -82.954 55.8498 -38.0085 -100.515 -94.9648 -37.9701 84.7939 -278.394 
-37.9135 -101.485 -161.05 -37.7673 -102.461 29.8821 -37.6626 47.7272 -204.248 
-37.6431 68.8422 129.621 -37.6303 -20.3303 -314.983 -37.2678 62.2698 -232.952 
-37.1288 -99.9698 -127.848 -36.9008 -106.8 -74.4923 -36.8768 55.9603 -317.423 
-36.6011 40.162 -148.791 -36.5877 89.7547 -298.776 -36.525 -119.179 -285.436 
-36.4505 -120.364 -0.202745 -36.299 -116.533 -54.8634 -36.2648 38.2241 160.585 
-36.2594 -121.822 -264.212 -36.2518 -64.6293 -313.714 -36.2096 -70.4994 72.3987 
-35.8359 70.5918 -248.801 -35.8004 78.0307 -315.172 -35.7949 1.86676 -315.983 
-35.7561 -10.9876 156.447 -35.4519 -112.695 -207.909 -35.3581 -58.6798 89.8522 
-35.3298 -96.7826 -306.884 -35.0743 63.3333 140.659 -35.0546 -123.377 -33.8855 
-34.9512 42.1924 -136.747 -34.9114 -104.557 -172.764 -34.7688 6.27311 165.173 
-34.5238 85.293 23.0113 -34.5111 85.312 35.6211 -34.4301 43.6243 -192.902 
-34.3515 84.659 48.275 -34.2839 -22.8566 139.925 -34.2817 -120.645 -242.447 
-34.2579 84.2497 10.446 -34.0895 23.9653 -317.556 -34.0215 83.5352 60.9758 
-33.787 -89.9868 47.3527 -33.7696 -101.521 -106.695 -33.614 -36.0616 123.035 
-33.5723 82.4159 -2.01144 -33.5207 -101.765 -139.794 -33.5039 44.7527 -124.624 
-33.4512 81.7658 73.6256 -33.3647 -48.7722 105.486 -33.3442 -109.415 19.8135 
-33.19 57.5107 -222.564 -33.1071 79.9989 -14.4692 -32.9756 -107.376 -302.611 
-32.9497 72.8885 -38.9971 -32.9327 76.792 -26.854 -32.7212 68.6162 -51.2309 
-32.6795 80.4313 -268.004 -32.6364 79.658 86.0382 -32.3131 -123.61 -11.6812 
-32.3 48.048 -112.531 -32.0114 56.2652 150.458 -31.8493 45.701 -317.465 
-31.8172 -75.9769 -311.926 -31.6944 27.2335 163.825 -31.6885 41.0951 -181.062 
-31.6654 63.9808 -63.8484 -31.6458 -108.269 -184.739 -31.5281 -104.571 -85.6985 
-31.4401 -32.0728 -314.86 -31.4009 77.3074 98.2641 -31.2801 51.4863 -100.515 
-31.2686 -117.314 -220.161 -30.9393 -5.67728 166.352 -30.8492 88.6558 -287.959 
-30.8292 -77.2496 63.6551 -30.5846 -122.487 -275.634 -30.4468 55.0574 -88.6184 
-30.4229 -112.244 -65.4658 -30.3351 -54.3828 -314.521 -30.2842 59.2174 -76.6194 
-30.2017 -9.85848 -315.13 -30.1479 -103.943 -151.7 -30.1227 66.5339 -239.919 
-29.9507 88.4246 -308.551 -29.9096 -19.695 151.626 -29.8792 74.4705 110.276 
-29.779 -116.453 -296.062 -29.7765 67.0806 -316.603 -29.7392 -102.889 -118.434 
-29.4637 -123.336 -254.062 -29.3916 52.6099 -211.99 -29.37 -65.2615 81.0183 
-29.3538 -96.9544 38.1186 -29.2681 39.8507 -168.997 -29.1345 -120.917 -45.3 
-28.568 -115.529 9.12733 -28.4811 12.3096 -316.936 -28.2969 47.3056 157.961 
-27.9805 -54.6136 97.9899 -27.948 71.2014 122.083 -27.7535 -112.393 -197.51 
-27.7504 -30.3139 132.824 -27.6561 75.6928 -257.591 -27.4814 -43.2134 115.551 
-27.2281 15.7132 167.007 -27.1445 -124.35 -23.4818 -27.1415 40.2637 -156.864 
-26.9064 -121.019 -232.025 -26.8794 -106.231 -163.458 -26.7347 34.6566 -317.355 
-26.6672 -104.301 -97.2823 -26.3663 -87.3493 -309.586 -26.0025 -16.4234 163.817 
-25.9872 -104.54 -130.304 -25.8973 47.6484 -200.997 -25.8496 -84.1699 54.9508 
-25.6874 67.1823 133.724 -25.2975 41.5847 -144.705 -25.2618 84.7658 -277.365 
-25.2388 62.1302 -230.155 -25.0475 -65.9106 -313.668 -24.9633 -103.845 28.2883 
-24.7619 -108.502 -76.3214 -24.7448 -43.7933 -314.775 -24.7145 62.6554 -68.075 
-24.3666 56.2619 -316.837 -24.3166 -121.542 -286.622 -24.2203 -21.5931 -314.899 
-24.1332 -108.551 -302.919 -24.008 36.7719 162.755 -24.0067 -124.658 -265.639 
-23.9605 90.9672 -298.208 -23.9212 -120.017 -2.03912 -23.6796 -71.6289 71.9594 
-23.6349 83.6239 28.3951 -23.6345 -116.873 -209.901 -23.6082 43.568 -132.413 
-23.5769 82.9858 40.8354 -23.5011 -108.757 -175.425 -23.4645 78.686 -314.528 
-23.4375 83.5905 15.9152 -23.3598 82.0507 53.3507 -23.3355 -116.263 -55.8958 
-23.2688 3.27737 170 -23.0465 61.9808 144.529 -22.9251 0.664694 -315.578 
-22.9014 80.7352 65.8372 -22.8537 -26.7291 144.271 -22.7833 43.6146 -189.468 
-22.7551 82.7677 3.69348 -22.5328 71.1446 -247.762 -22.4722 -106.139 -142.171 
-22.4239 66.9337 -57.2652 -22.374 -105.353 -108.979 -22.3586 -60.5398 89.6322 
-22.3245 71.2742 -45.1866 -22.239 -123.915 -243.823 -22.2167 78.8969 78.1903 
-22.0268 46.3937 -120.128 -21.9495 75.2452 -33.0996 -21.8523 81.1995 -8.45521 
-21.7235 78.7166 -20.8555 -21.5983 -122.705 -35.1892 -21.506 -49.8466 107.504 
-21.3792 -37.6893 125.201 -21.2818 23.0473 -317.088 -21.1524 -90.9763 45.9315 
-21.13 77.0292 90.4682 -21.1239 57.2837 -219.658 -20.5885 49.4689 -107.976 
-20.4562 -110.265 18.0315 -20.0566 40.8065 -177.484 -19.9963 54.9865 153.517 
-19.891 80.4526 -266.799 -19.8433 -112.189 -187.787 -19.7746 -9.81674 172.351 
-19.7562 -98.623 -306.717 -19.7287 74.9454 102.577 -19.5547 25.483 166.544 
-19.5404 -106.866 -87.7907 -19.3515 -121.031 -221.737 -19.3292 45.4013 -316.664 
-19.3029 52.9164 -96.0118 -19.1475 -77.2922 -311.879 -19.111 -122.357 -13.4481 
-19.0534 -25.0303 156.975 -18.955 -107.831 -154.061 -18.5333 -55.4046 -314.49 
-18.3485 -78.2286 62.8736 -18.3126 -106.594 -120.777 -18.2507 -118.31 -297.012 
-18.2161 -124.828 -276.927 -18.1134 88.5538 -287.076 -18.091 -33.1903 -314.848 
-18.0734 56.7457 -84.3198 -18.069 72.4144 114.467 -17.7689 -112.217 -66.7331 
-17.7636 61.33 -72.3016 -17.7502 39.9706 -165.195 -17.6063 67.5586 -315.534 
-17.5012 66.4877 -237.932 -17.4363 51.9744 -208.917 -17.4297 88.9583 -308.663 
-17.2183 -11.0011 -315.008 -17.111 -125.891 -255.553 -16.66 -66.6639 80.6288 
-16.631 -97.7159 36.3594 -16.2843 46.1308 160.525 -16.0428 -119.297 -46.3472 
-16.0394 69.5364 126.325 -15.994 -33.3885 135.847 -15.8316 40.5038 -152.804 
-15.7881 -115.602 7.32924 -15.7867 -115.831 -200.041 -15.7148 11.3316 -316.381 
-15.6527 -55.8933 98.8072 -15.4159 -109.551 -165.958 -15.1942 13.313 170.143 
-15.133 -44.561 117.063 -14.852 -107.002 -99.4774 -14.7261 -124.148 -233.592 
-14.7259 75.7774 -256.474 -14.6056 -107.853 -132.628 -14.4351 -21.5306 169.587 
-14.1079 33.9837 -316.69 -14.0803 46.8517 -197.77 -13.9648 41.7906 -140.333 
-13.8751 -122.554 -25.0725 -13.6755 65.6961 137.915 -13.6513 65.1573 -62.5876 
-13.2854 -84.8499 53.7023 -13.0193 81.4293 33.4562 -13.013 61.7374 -227.562 
-12.975 82.1448 21.0584 -12.8973 -88.4212 -309.428 -12.8094 80.4576 45.8726 
-12.4864 84.6588 -276.25 -12.4804 79.3776 58.1465 -12.4324 -66.8104 -313.609 
-12.4276 -109.274 -78.1249 -12.3287 -109.393 -302.992 -12.2871 69.4661 -51.1626 
-12.2169 56.3782 -315.754 -12.1887 44.1847 -127.897 -12.1873 -104.477 26.4665 
-12.0883 -123.729 -288.018 -12.0263 82.3537 9.07419 -11.9945 -44.681 -314.767 
-11.904 35.3418 164.979 -11.8076 78.1319 70.3891 -11.7148 -111.424 -178.158 
-11.5726 -119.903 -211.812 -11.5334 -126.751 -267.128 -11.3868 -22.5064 -314.884 
-11.3529 -31.0046 147.724 -11.3404 91.3735 -297.396 -11.335 73.5381 -39.3123 
-11.1839 79.0131 -313.505 -11.1616 -119.211 -3.82378 -11.1036 -72.7356 71.3528 
-11.077 42.78 -186.08 -11.0579 60.7171 148.185 -10.9766 -108.991 -144.525 
-10.8801 0.452928 172.897 -10.8401 76.6232 82.5925 -10.615 -115.517 -57.3919 
-10.5811 77.0625 -27.2051 -10.5365 -107.827 -111.262 -10.5299 46.7776 -115.471 
-10.2605 81.7861 -2.50642 -10.12 79.9053 -14.826 -10.1061 -0.408019 -315.371 
-9.80957 -61.721 89.6332 -9.80442 -126.479 -245.425 -9.79417 71.1154 -246.08 
-9.54125 74.9974 94.7044 -9.14217 56.5489 -216.702 -9.02217 49.9474 -103.309 
-9.00601 -50.8274 108.149 -8.93132 -39.3994 126.645 -8.62789 22.1939 -316.471 
-8.58022 -120.831 -36.6484 -8.52046 -91.3756 44.1997 -8.33939 40.4424 -173.791 
-8.2806 54.5641 155.734 -8.01325 73.011 106.723 -7.84113 -114.228 -190.416 
-7.60179 -110.69 16.3255 -7.5421 53.8253 -91.4876 -7.52291 23.689 168.893 
-7.38704 -108.333 -89.8821 -7.30977 -110.058 -156.433 -7.07642 80.224 -265.606 
-7.0592 -123.664 -223.544 -7.03023 -29.9372 160.62 -7.02467 45.0228 -315.785 
-6.53919 -108.888 -123.115 -6.2992 -77.976 -311.841 -6.273 70.7795 118.71 
-6.26457 -99.2448 -306.487 -6.26408 -121.321 -15.1459 -6.23214 -12.6109 174.029 
-6.20691 39.7063 -161.168 -6.00576 -55.9986 -314.428 -5.97291 58.1558 -79.9216 
-5.76307 -78.9774 61.8854 -5.65797 -118.838 -297.7 -5.59879 -126.435 -278.167 
-5.49586 -33.8322 -314.844 -5.48731 50.9244 -205.791 -5.43977 67.7349 -314.728 
-5.31094 88.2515 -286.201 -5.2408 -111.95 -68.5839 -5.07557 66.1767 -235.717 
-4.91263 89.4165 -308.12 -4.52956 -127.929 -257.22 -4.50921 45.5196 162.201 
-4.4422 -11.9579 -314.96 -4.3351 40.3297 -148.495 -4.21661 62.9068 -68.6343 
-4.14678 68.0014 130.629 -4.07366 -67.6846 80.1668 -4.0382 -35.7888 137.397 
-3.94087 81.6917 12.9709 -3.91071 -98.1159 34.546 -3.64509 -117.504 -202.284 
-3.5704 -111.044 -168.512 -3.19544 -117.764 -47.9554 -3.10172 80.58 25.7153 
-3.02124 -115.461 5.58558 -3.01907 10.3651 -315.69 -3.00536 -56.8208 98.813 
-2.85551 11.5156 171.528 -2.8237 -109.75 -134.974 -2.80397 -108.527 -101.694 
-2.6983 79.4907 38.1648 -2.52403 67.4714 -57.2941 -2.50243 41.9971 -135.876 
-2.25622 -45.3046 117.305 -2.21963 -126.055 -235.345 -2.21202 78.3935 50.3931 
-2.2094 45.7028 -194.512 -1.96292 75.6366 -254.974 -1.71615 33.2837 -315.828 
-1.58491 63.9479 142.482 -1.48783 77.3975 62.5291 -1.26231 -121.022 -26.7766 
-1.13768 71.7254 -45.6431 -0.944702 60.9585 -224.893 -0.838918 -26.283 170.988 
-0.741835 44.1075 -123.264 -0.689521 -85.1936 52.2125 -0.524744 76.283 74.6709 
-0.019103 34.2569 166.75 -0.014293 56.1739 -315.079 0.019367 -109.654 -80.2919 
0.054867 75.4183 -33.6654 0.133108 -67.2459 -313.447 0.165046 -88.9098 -309.32 
0.22219 -112.651 -180.675 0.256786 -34.1861 149.22 0.377247 -45.0411 -314.742 
0.417365 84.2942 -275.285 0.543221 -109.506 -302.841 0.626902 -104.856 24.7686 
0.700329 75.0071 86.8018 0.77831 -124.442 -288.503 0.789335 -121.383 -213.874 
0.817658 41.9441 -182.501 0.879097 -110.593 -146.893 0.947288 46.8633 -110.812 
1.12481 78.4999 -21.3973 1.17722 -127.946 -268.662 1.1941 79.5353 -313.534 
1.19507 -23.1616 -314.872 1.44829 -109.285 -113.55 1.46286 91.1313 -296.664 
1.52714 -73.5756 70.5257 1.54067 -118.489 -5.62472 1.95415 80.6576 -8.89197 
1.97917 -1.21857 172.756 2.15854 73.4536 98.9293 2.2895 -114.38 -59.2338 
2.37636 56.2824 154.773 2.47019 50.4348 -98.7317 2.66405 -1.41263 -315.088 
2.82399 70.7155 -244.426 2.87574 -127.978 -247.128 2.87602 -62.6488 89.189 
2.91138 55.4353 -213.879 3.04337 81.4073 3.92458 3.34837 39.9188 -169.81 
3.67852 71.7624 110.976 3.9027 -40.1779 126.826 3.91376 21.3496 -315.519 
3.98104 -51.3858 107.853 4.02074 55.0035 -86.9411 4.05411 -119.496 -38.4084 
4.15957 -91.6942 42.4739 4.21883 -115.222 -192.677 4.58818 22.3527 169.662 
4.68369 -111.009 -158.862 4.88826 -108.833 -92.1209 5.2216 -110.728 14.5593 
5.22725 44.4463 -315.163 5.3826 -110.235 -125.442 5.43418 39.5728 -156.962 
5.49842 -124.704 -225.422 5.51995 69.6157 122.943 5.60281 59.911 -75.3597 
5.65537 80.5629 17.4341 5.85425 79.871 -264.494 6.02664 -33.3786 160.802 
6.04044 -119.851 -17.0832 6.39048 -56.2531 -314.292 6.51065 -78.3359 -311.595 
6.52263 49.5535 -202.837 6.82264 67.609 -314.684 6.83269 -99.5416 -306.569 
6.87276 -79.4115 60.66 6.89945 -34.1608 -314.836 7.08145 -14.9039 173.24 
7.11465 79.422 30.2779 7.27166 40.6995 -144.123 7.27874 65.4685 -233.641 
7.28781 44.9027 163.394 7.33198 64.9614 -63.8751 7.35078 -118.091 -296.665 
7.56229 -126.916 -279.022 7.60383 87.9193 -285.427 7.60939 -111.217 -70.6731 
7.7074 66.6745 134.972 7.76359 90.399 -307.997 7.91574 78.2877 42.5262 
7.94696 -36.8367 137.633 8.22232 -128.524 -258.842 8.34766 -12.9234 -314.906 
8.41858 -111.693 -170.892 8.51855 -118.383 -204.413 8.61819 -68.422 79.4418 
8.82665 77.1404 54.6933 8.87785 -98.5897 32.8568 8.94449 69.5795 -52.2864 
9.06232 42.5674 -131.375 9.19721 -110.748 -137.372 9.30305 10.1469 170.842 
9.31244 -109.151 -103.99 9.63103 9.44444 -315.103 9.67216 -115.179 3.70715 
9.82424 76.2169 66.8443 9.86995 44.4671 -191.286 9.92865 -57.382 98.2427 
10.364 73.5243 -40.3803 10.4245 -126.977 -237.127 10.5641 -120.171 -28.6386 
10.6555 32.5189 -315.194 10.708 62.1461 147.11 10.7721 44.9184 -118.811 
10.8707 75.0683 -253.774 10.8744 -116.652 -50.1637 10.971 -45.8082 116.835 
10.9773 75.5141 79.0073 11.3386 59.8893 -222.573 11.6888 76.9437 -28.2395 
11.9214 33.2223 167.22 11.9824 -85.5802 50.7513 12.1228 -35.2388 149.002 
12.1793 55.6616 -314.902 12.2819 -113.19 -182.874 12.2995 74.4045 91.0403 
12.3758 48.0837 -106.441 12.6075 -45.0666 -314.704 12.6655 -67.4323 -313.118 
12.6809 -109.362 -82.5357 12.7214 41.2268 -178.681 12.9205 79.4172 -15.8172 
12.9513 -110.978 -149.306 13.1456 -89.0998 -309.183 13.1931 -121.984 -215.79 
13.3658 83.8392 -274.399 13.4593 -27.9856 169.473 13.4635 -105.478 23.1643 
13.4938 -109.659 -115.908 13.5204 79.5275 -313.66 13.7335 -109.494 -302.542 
13.7726 72.8911 103.059 13.7881 -23.7203 -314.863 13.9396 -118.475 -7.50943 
13.9675 52.2857 -94.4035 14.0601 80.7589 -3.1898 14.1751 -127.955 -269.789 
14.1897 -74.1481 69.5403 14.3229 -124.361 -288.551 14.412 -2.67316 171.344 
14.4486 90.9708 -296.1 14.766 54.2693 157.263 15.1177 39.956 -165.683 
15.1261 53.9676 -211.341 15.4505 71.3154 115.119 15.4564 -2.43232 -314.929 
15.4721 80.7362 9.5804 15.4923 -128.139 -248.957 15.4976 69.966 -242.908 
15.5795 56.932 -82.5385 15.7082 -63.1598 88.4301 16.318 21.2511 168.749 
16.3685 -115.493 -194.789 16.3937 20.5134 -315.014 16.5537 -113.507 -61.7194 
16.6941 -111.152 -161.219 16.9761 -92.4812 41.182 17.01 79.929 22.3785 
17.0465 -51.8433 107.165 17.0843 40.329 -152.68 17.204 -108.686 -94.4648 
17.238 61.9952 -70.8537 17.2937 69.0599 127.005 17.4574 -110.476 -127.826 
17.4968 43.6817 -314.943 17.7935 -36.8039 136.933 17.9027 -111.296 12.7549 
17.932 -120.076 -18.9962 18.0589 -125.07 -227.215 18.0889 -40.785 126.23 
18.13 79.1251 34.7725 18.6437 -56.2131 -314.189 18.674 48.242 -199.843 
18.7655 79.2568 -263.465 18.8036 41.998 -139.756 18.9399 66.8612 -59.106 
19.0214 67.0506 -314.636 19.0908 -33.9681 -314.83 19.1404 78.413 46.9436 
19.2777 -78.4106 -311.236 19.4025 43.8465 163.699 19.4625 -33.8415 159.356 
19.6213 -79.9488 59.5216 19.6392 65.7649 138.802 19.7617 64.4342 -231.759 
19.9842 -15.7113 170.764 20.0146 -99.5524 -306.504 20.1904 77.5162 59.0715 
20.4209 -128.146 -261.197 20.4313 44.2502 -127.021 20.4465 -111.881 -173.126 
20.5774 71.0474 -47.2468 20.6918 87.5265 -284.408 20.7004 90.6045 -307.997 
20.7114 -118.084 -297.006 20.8853 -118.618 -206.281 21.0831 9.27344 169.305 
21.184 -110.803 -73.3245 21.2727 -110.601 -139.798 21.2878 76.9339 71.2056 
21.3385 -14.2403 -314.877 21.3761 -68.8284 78.477 21.4213 -120.38 -30.5295 
21.4385 -108.747 -106.383 21.7104 -99.7703 31.6735 21.8895 43.673 -187.552 
21.9747 -126.859 -278.368 22.0344 74.7767 -35.1896 22.1251 46.9466 -114.525 
22.1591 -115.949 1.80868 22.1916 -118.931 -41.5126 22.2347 8.53524 -314.916 
22.4771 76.3464 83.3154 22.7634 60.7092 149.51 22.8548 -57.6531 97.312 
22.9718 -126.703 -238.953 23.0215 31.6885 -314.929 23.4256 77.9233 -22.8971 
23.5417 32.3504 166.328 23.6282 74.2535 -252.55 23.6503 58.4121 -220.176 
23.7918 50.4566 -102.244 23.8669 75.1077 95.3116 24.164 -34.3229 147.289 
24.3698 -113.511 -184.928 24.3805 -46.1308 115.965 24.4199 54.8734 -314.859 
24.6081 40.9895 -174.573 24.7523 -44.6403 -314.705 24.7837 80.0412 -10.3969 
24.9396 -86.5435 49.9089 24.9528 -110.56 -151.707 25.1872 -67.3631 -312.895 
25.4196 -108.862 -85.0258 25.4443 73.5295 107.304 25.4678 54.6672 -90.1773 
25.5552 -109.292 -118.291 25.5781 78.6211 -313.992 25.7034 -121.871 -217.592 
26.1037 81.098 2.22939 26.1231 -106.754 21.6298 26.2045 -89.147 -308.985 
26.2198 -3.14811 169.371 26.2213 -119.011 -9.58672 26.3884 83.374 -273.298 
26.8141 40.5201 -161.425 26.8563 -108.867 -302.847 26.9067 53.0185 158.009 
26.9117 -25.0858 -314.857 26.9696 -74.6446 68.5298 27.1536 71.6812 119.25 
27.2179 -116.33 -53.1651 27.226 59.2132 -78.2141 27.2767 -26.7044 167.445 
27.3171 52.2366 -208.268 27.3238 80.9939 14.6957 27.4624 20.7428 167.083 
27.7711 -127.34 -251.169 27.8172 91.0134 -294.889 28.0554 -36.3836 135.559 
28.1059 68.9389 -241.406 28.1728 -123.541 -288.539 28.2248 -3.48811 -314.88 
28.3417 80.7863 27.0161 28.5459 -63.2377 87.2754 28.5921 41.9223 -148.374 
28.5923 -115.657 -196.636 28.6911 -110.842 -163.555 28.8512 19.6447 -314.887 
28.9963 63.8486 -66.2652 29.036 69.2454 131.021 29.3231 80.5864 39.2619 
29.4077 -109.643 -130.236 29.4991 -108.062 -96.949 29.8012 42.7657 -314.878 
30.0369 -120.709 -21.1672 30.1083 -52.0841 106.135 30.1105 -93.6762 40.5888 
30.1797 43.9953 -135.43 30.2995 80.1842 51.3527 30.3429 -112.51 10.7896 
30.5545 -32.0741 -314.838 30.6016 -124.335 -229.077 30.6682 -112.998 -64.4274 
30.6879 68.2741 -54.2308 30.738 47.0645 -195.936 30.9725 -55.812 -314.213 
31.2419 -127.566 -265.598 31.2726 66.178 -314.703 31.4666 65.1543 141.967 
31.4719 79.3996 63.4616 31.6225 78.5626 -262.375 31.6253 87.795 -309.88 
31.6947 43.098 163.239 31.8252 46.2468 -122.75 32.0264 62.9362 -229.598 
32.0745 -78.3337 -311.03 32.2987 72.3851 -42.1835 32.3011 9.05861 167.391 
32.3791 -40.7989 124.888 32.4501 -111.525 -175.307 32.4732 -14.133 168.47 
32.5125 -31.1212 156.707 32.5715 -80.9387 58.8857 32.6378 78.8283 75.5805 
33.1317 -109.378 -142.192 33.3011 -118.307 -208.068 33.3568 -115.863 -297.829 
33.5267 -107.788 -108.843 33.5298 49.1113 -110.296 33.6057 -120.689 -32.9028 
33.6651 -99.5695 -306.251 33.8426 75.977 -29.999 33.8517 43.3329 -183.353 
33.9051 87.4656 -283.192 33.94 77.9745 87.6632 34.1879 -68.9809 77.298 
34.2461 -109.925 -75.9396 34.451 -116.76 -0.537675 34.5572 -15.8968 -314.865 
34.5647 32.0929 164.967 34.7996 7.62436 -314.868 34.8337 59.9237 151.108 
34.8632 -101.1 30.8781 35.2834 52.6639 -97.9967 35.334 -125.633 -241.059 
35.3396 78.7782 -17.6189 35.4322 30.7072 -314.872 35.4814 76.5693 99.7005 
35.7368 -57.5016 95.9964 35.7868 56.373 -217.282 35.7966 -31.6563 144.599 
35.908 91.3683 -304.554 36.2134 -125.55 -278.208 36.3918 73.3277 -251.414 
36.4125 -112.866 -186.984 36.4361 41.2982 -170.252 36.6699 -43.4334 -314.724 
36.6944 53.8736 -314.834 36.7499 80.9337 -5.11426 36.7934 -109.256 -154.104 
36.9374 -119.025 -44.4602 37.1179 56.6792 -85.8487 37.194 74.8203 111.719 
37.3964 -107.863 -120.714 37.539 -45.9697 114.598 37.6278 -66.9121 -312.962 
37.7641 77.2261 -314.182 37.8499 -107.838 -87.7662 37.897 -1.84448 166.941 
37.9336 82.3249 7.32859 38.1567 -120.862 -219.526 38.2321 -87.5917 49.6159 
38.2926 20.9424 165.328 38.4133 41.8109 -157.092 38.4801 -108.351 19.606 
38.4893 -120.272 -11.9337 38.646 82.8682 19.4583 38.92 72.6785 123.679 
39.0044 60.8885 -73.7397 39.1267 -105.818 -303.276 39.2528 53.1381 158.907 
39.2952 83.1197 31.5275 39.4334 83.1461 -272.094 39.5317 50.1232 -204.461 
39.6838 -89.3837 -308.792 39.7814 -125.798 -253.77 39.8766 -75.1776 67.599 
39.9513 -22.5006 163.24 40.0114 -34.7054 133.169 40.0424 43.5289 -143.981 
40.127 -115.748 -55.7912 40.2385 83.1936 43.6515 40.4928 -109.542 -165.85 
40.5246 67.5749 -239.738 40.6705 -114.469 -198.589 40.8145 -121.058 -290.505 
40.8885 65.1736 -61.5798 40.9071 68.8436 135.034 40.9495 -4.4604 -314.864 
41.0375 -107.605 -132.626 41.3138 18.7006 -314.864 41.3548 -63.0487 85.8784 
41.3639 82.7551 55.7365 41.5791 90.7851 -293.299 41.5818 45.4788 -131.035 
41.6891 -106.783 -99.5818 41.7065 -29.4822 -314.834 42.1664 41.6286 -314.858 
42.3772 -121.869 -23.6718 42.403 -114.303 8.36987 42.614 69.4049 -49.4203 
42.6163 82.1181 67.9283 42.8688 45.6007 -191.766 42.9394 -122.46 -231.153 
42.9608 -51.5082 104.517 43.0693 -54.8226 -314.18 43.2495 47.6298 -118.371 
43.3197 -111.693 -67.1723 43.4835 64.0809 145.013 43.5182 64.9978 -314.723 
43.5817 32.4758 163.79 43.6958 -25.9743 152.338 43.8887 85.841 -311.304 
43.9406 81.4917 80.1342 43.9539 60.7721 -227.056 43.9933 -94.3626 40.6892 
44.0747 9.88098 164.937 44.2215 -104.637 25.7888 44.2385 73.4443 -37.2259 
44.2637 -125.193 -266.985 44.2713 -109.953 -177.54 44.4247 -10.0749 165.165 
44.4265 77.8032 -261.3 44.5882 -112.067 -300.302 44.6569 -107.186 -144.569 
44.8172 -77.9408 -311.082 44.9237 -39.4365 122.615 45.0265 50.5196 -105.877 
45.3305 43.2613 162.45 45.4162 -105.98 -111.426 45.5102 -116.958 -210.001 
45.5263 80.2418 92.3122 45.6358 -81.6457 58.179 45.7142 60.4027 149.541 
45.8153 76.9489 -24.9014 45.828 42.8163 -178.969 46.0577 -121.413 -35.661 
46.5576 -108.249 -78.7913 46.6441 -118.96 -2.89858 46.9258 53.9659 -93.5355 
47.0228 -69.0349 76.0112 47.1065 87.1948 -282.017 47.2315 -28.3384 140.908 
47.3197 80.0901 -12.5056 47.3465 6.71554 -314.856 47.3569 78.4691 104.511 
47.3801 -16.7362 -314.86 47.5212 -123.446 -243.296 47.8652 29.6341 -314.859 
47.8707 53.763 -213.723 48.1686 41.6275 -165.816 48.2016 -106.927 -156.405 
48.2363 -110.907 -189.109 48.4139 -100.516 -305.695 48.5028 -56.9609 94.3355 
48.5224 -41.9738 -314.659 48.6919 82.7961 -0.06015 48.8934 52.6418 -314.836 
48.9233 57.7346 -81.2795 48.9533 -123.07 -280.005 49.0668 -105.472 -123.21 
49.1432 76.0937 116.888 49.1874 72.2849 -250.384 49.4118 84.552 12.1331 
49.4258 85.4336 24.0447 49.4772 -119.06 -47.5429 49.5695 21.8651 163.307 
49.6583 -110.812 16.274 49.8607 -66.047 -312.857 49.8901 -105.784 -90.5936 
49.9511 42.3076 -152.592 49.9542 92.0165 -304.104 49.9629 -100.924 31.9716 
50.0757 85.9877 36.0969 50.191 -44.9208 112.577 50.2943 75.679 -314.084 
50.3704 -118.767 -221.505 50.508 -16.7342 158.583 50.7545 72.6249 128.856 
50.8505 -122.14 -14.5621 51.0606 61.7347 -69.1023 51.1579 86.0517 48.1939 
51.3048 52.7944 157.235 51.4674 43.7228 -139.365 51.5306 -88.2934 49.0976 
51.6366 -106.684 -168.097 51.7679 -32.3106 130.052 51.8398 47.6445 -200.206 
51.9771 -123.057 -255.92 52.3388 82.2714 -271.093 52.3857 -104.478 -135.121 
52.4549 85.6165 60.3385 52.5915 -88.7008 -308.866 52.5993 -114.842 -59.0764 
52.6403 -112.344 -200.593 52.7241 67.2285 139.589 52.7488 65.9125 -238.217 
52.7649 -2.08658 162.461 52.7655 -75.4137 66.4284 53.0024 45.6599 -126.449 
53.1102 65.9457 -57.0082 53.3857 -104.067 -102.353 53.6369 -118.751 -291.967 
53.6373 -5.30778 -314.849 53.688 32.9981 162.16 53.8002 17.699 -314.84 
53.8399 85.053 72.6767 54.0272 -29.0482 -314.815 54.1029 -62.6996 84.2909 
54.1941 -20.6889 147.888 54.4286 -116.498 5.82714 54.4983 40.4652 -314.852 
54.7061 47.879 -113.776 54.7823 70.2636 -44.7904 54.8688 -123.099 -26.752 
54.9936 58.5851 -224.672 55.0035 -119.938 -233.235 55.0799 43.7078 -187.421 
55.1392 90.0764 -292.286 55.2254 -53.6454 -314.099 55.3851 -106.831 -179.701 
55.4035 83.9662 85.0988 55.4965 -109.717 -70.3293 55.6222 -50.515 102.519 
55.7293 -103.697 -146.975 55.8077 63.4258 -314.721 56.2004 11.5657 161.803 
56.3414 74.369 -32.409 56.3441 60.794 149.264 56.4466 -106.671 23.5075 
56.6119 50.921 -101.287 56.6489 -121.873 -268.66 56.6763 85.1883 -312.142 
56.9422 -102.901 -114.05 57.0769 -37.6506 120.01 57.0861 -76.8031 -311.031 
57.2429 76.7417 -260.408 57.3011 82.0978 97.6258 57.43 -114.173 -212.01 
57.5563 -95.0102 40.2352 57.5979 -109.916 -300.729 57.6234 41.2647 -174.328 
57.8056 54.3039 -216.404 57.8281 78.1369 -19.8925 58.2431 -24.3122 136.792 
58.2599 43.6903 159.584 58.435 -105.774 -81.961 58.5718 -121.82 -39.0609 
58.6096 -82.0332 57.0854 58.7441 54.3153 -88.9521 59.0085 -102.931 -158.697 
59.0473 -121.094 -5.41492 59.2892 79.6122 110.367 59.3441 81.8217 -7.43196 
59.5211 -120.079 -245.39 59.5247 40.2646 -161.049 59.527 -107.419 -191.247 
59.7664 88.0069 28.3201 59.7814 -68.924 74.5387 59.9279 5.80822 -314.802 
60.0779 -17.2368 -314.841 60.1217 85.9834 -281.085 60.1317 -10.7798 154.227 
60.2767 28.5085 -314.834 60.3118 -101.536 -125.825 60.6175 50.0227 -208.135 
60.6618 84.9358 4.89399 60.7741 -41.1328 -314.622 60.924 87.0678 16.8776 
60.9306 88.5847 40.6693 61.032 40.9142 -147.653 61.0527 23.1155 160.782 
61.0931 -98.5965 -306.034 61.0943 57.8593 -76.7377 61.1352 75.7969 122.793 
61.1378 51.2499 -314.821 61.1379 -56.192 92.4254 61.1937 62.1087 -232.581 
61.4591 -102.65 -93.6245 61.6218 -119.296 -280.706 61.9066 -112.709 13.8997 
61.9738 -118.121 -51.2317 62.0759 -64.758 -312.501 62.1528 70.8684 -249.854 
62.1573 -115.305 -223.575 62.2597 88.5355 52.9354 62.4076 42.5458 -134.405 
62.4297 -102.482 -170.37 62.5482 70.4318 134.151 62.5767 -43.4497 110.218 
62.7026 53.9935 154.333 62.8132 73.9341 -314.082 63.2054 90.869 -302.945 
63.2775 -123.709 -17.639 63.3503 -100.039 -137.631 63.4997 -101.403 31.0197 
63.508 -29.6885 126.786 63.5739 61.7081 -64.7567 63.6707 88.0568 65.234 
63.7679 64.2227 144.481 63.906 1.85108 157.912 64.1151 44.5512 -121.566 
64.1569 -108.677 -202.712 64.1597 -119.191 -257.589 64.3544 44.5182 -195.287 
64.5363 -88.8258 47.9789 64.5628 -15.9002 143.42 64.803 -100.368 -105.156 
64.8663 -86.8547 -309.093 64.872 -112.511 -62.7947 65.0913 80.8125 -270.324 
65.2087 87.1189 77.845 65.5387 -75.4461 65.0046 65.651 56.2243 -223.046 
65.7652 34.284 159.703 65.7864 66.0166 -52.8404 66.0486 47.0854 -108.942 
66.3065 -102.52 -181.947 66.3078 -6.01001 -314.788 66.3271 16.6627 -314.74 
66.3467 -98.676 -149.435 66.4088 -114.717 -291.798 66.6766 -29.0869 -314.789 
66.7338 -62.2423 82.5819 66.7955 39.1983 -314.83 66.8113 85.2674 90.462 
66.9325 -115.948 -235.281 66.9819 70.8091 -40.1172 67.0469 -118.254 3.28791 
67.0624 -123.82 -30.1637 67.2409 40.9663 -182.806 67.2971 -106.693 -74.0147 
67.566 -52.6654 -313.822 67.6699 65.3484 -240.568 67.7959 75.4393 -26.9496 
67.9016 82.6648 102.915 67.9951 -98.0713 -116.709 68.0295 -49.1688 100.176 
68.1428 13.6774 158.154 68.154 61.824 -314.639 68.2331 88.5608 -291.342 
68.3128 50.2751 -96.5809 69.0141 -110.03 -214.107 69.1105 -117.477 -269.593 
69.1529 38.4827 -169.47 69.1669 -35.7557 117.312 69.2455 88.0939 20.3383 
69.2497 -107.682 21.5013 69.2936 -75.3001 -311.036 69.4895 -97.7722 -161.077 
69.6414 -21.2051 133.134 69.6892 50.7765 -213.356 69.7026 79.4592 -14.6086 
69.7068 -101.802 -85.3975 69.8088 83.7548 -311.091 69.9665 74.9261 -259.856 
70.0937 -106.096 -300.482 70.2792 -6.11733 149.379 70.3196 89.4475 32.7079 
70.3232 37.721 -155.831 70.4857 -95.3158 38.6197 70.5707 46.0993 156.498 
70.5749 -121.195 -42.9165 70.7378 -103.087 -193.512 70.7731 53.5361 -84.358 
71.0388 -96.2091 -128.45 71.3952 -82.1483 55.6954 71.5986 83.1566 -2.28634 
71.6046 38.5696 -142.368 71.7238 -115.574 -247.102 71.7981 -122.261 -8.53447 
72.1201 89.9114 45.3884 72.4046 -68.5531 72.9171 72.5236 4.95272 -314.629 
72.5739 78.6875 117.292 72.5893 59.481 -231.25 72.6396 -97.9383 -96.6795 
72.6874 27.3446 -314.761 72.7993 -17.6553 -314.729 72.8858 83.9227 -280.495 
72.9301 -97.1256 -172.793 73.1218 40.1907 -129.15 73.1545 25.0376 157.969 
73.2975 49.7804 -314.781 73.3499 -40.7091 -314.516 73.3595 -95.6593 -306.376 
73.3715 73.0513 128.975 73.3849 45.3748 -202.996 73.4125 57.3775 149.188 
73.4508 82.4791 105.787 73.4558 57.0365 -72.3714 73.5077 86.1912 10.2536 
73.584 -55.0876 90.2904 73.5956 89.5295 57.8595 73.7492 -94.3257 -140.223 
73.7501 66.0025 139.564 73.9506 -110.819 -225.578 74.1225 -114.626 -281.106 
74.4349 -63.627 -312.343 74.7321 -41.6919 107.552 74.7589 -113.574 11.4545 
75.0473 69.0131 -249.854 75.0605 42.4233 -116.399 75.0671 4.89917 152.834 
75.0686 -115.158 -55.7654 75.0809 88.6119 70.3854 75.1981 72.6713 -32.4849 
75.4067 -27.4867 123.843 75.493 72.2952 -313.908 75.5434 -104.191 -204.821 
75.584 -12.2909 139.201 75.7196 -124.121 -21.1052 75.7279 -94.7736 -107.876 
76.1895 60.9459 -60.7065 76.1899 88.6452 -301.582 76.2548 84.9624 95.0699 
76.3397 -101.584 29.0216 76.4594 87.1099 83.064 76.5233 -114.301 -258.928 
76.5806 40.4342 -191.237 76.5809 -92.8314 -151.954 76.9998 -84.8539 -309.323 
77.1604 53.0506 -221.722 77.1932 -97.2484 -184.508 77.2731 -108.049 -67.1285 
77.3844 -88.5714 46.2178 77.4018 45.226 -103.968 77.6314 78.5254 -269.858 
78.1405 -74.943 63.3211 78.1805 -122.714 -33.7699 78.3134 37.3121 156.965 
78.3936 -101.634 -78.1583 78.5188 -109.162 -291.767 78.5322 -92.1613 -119.455 
78.5332 88.4501 24.239 78.7606 15.6854 -314.547 78.7769 36.7525 -178.118 
78.8656 -111.008 -237.17 78.9109 76.1677 -21.3754 78.9461 65.3081 -49.3504 
78.9513 -6.60312 -314.524 79.1271 37.8448 -314.782 79.2469 -61.3529 80.6613 
79.432 -29.1463 -314.66 79.6829 34.7283 -164.192 79.737 -91.8269 -163.648 
79.8438 -118.995 -46.2106 79.8979 62.8172 -240.356 79.9105 -118.133 0.049824 
80.0129 48.2832 -91.7215 80.1103 -51.9102 -313.589 80.1483 15.883 154.456 
80.2175 -95.8923 -89.2065 80.3176 -47.649 97.7564 80.4595 60.0273 -314.482 
80.495 34.2265 -150.28 80.5237 -105.167 -216.177 80.769 85.7127 -290.853 
81.0629 -89.805 -131.192 81.1307 -2.70975 144.511 81.2252 -33.8171 114.584 
81.3896 -112.352 -270.634 81.4129 -74.1429 -311.146 81.4242 -18.7938 130.037 
81.4933 46.9488 -211.604 81.5331 79.9766 -9.32966 81.5832 89.5197 37.484 
81.7156 35.0588 -136.745 81.8635 -97.9832 -195.876 81.9833 -107.555 19.0102 
82.1263 49.1958 152.322 82.3123 -101.343 -300.889 82.4131 72.4143 -259.716 
82.4715 69.1839 -38.3092 82.8024 51.6061 -79.71 83.2305 -94.6518 36.4522 
83.258 82.8895 -310.44 83.4366 -91.3861 -175.423 83.4634 89.4083 50.2719 
83.4805 36.6881 -123.629 83.5866 -87.6467 -142.86 83.7018 -110.255 -248.867 
84.0005 59.4079 144.246 84.0302 -81.2927 53.7376 84.0442 83.1613 3.2493 
84.3481 -121.293 -12.3513 84.5096 56.1669 -230.827 84.5233 -91.3357 -98.7135 
84.8245 68.0918 134.598 84.9124 -67.4587 70.9355 84.9963 88.792 62.906 
85.079 26.1866 -314.613 85.1052 4.21261 -314.167 85.2283 81.0454 -280.216 
85.2986 40.3968 -200.576 85.4263 74.8243 123.759 85.4507 -92.6444 -306.45 
85.5401 27.7601 155.273 85.5526 -17.9835 -314.33 85.5742 -105.688 -227.623 
85.6272 48.0916 -314.717 85.6684 55.0953 -67.908 85.9795 39.1832 -111.071 
86.0041 -53.8738 88.1712 86.0909 79.6679 112.157 86.1343 -40.4006 -314.396 
86.1369 -109.092 -282.009 86.3329 87.5506 75.5949 86.3434 -88.0001 -110.563 
86.4879 7.40863 148.171 86.5098 -86.2999 -154.521 86.6056 83.0028 100.16 
86.6146 72.2719 -27.3782 86.8182 -99.0373 -207.108 86.9218 85.7666 88.0899 
86.9252 -62.716 -312.369 86.9368 -39.9105 105.001 87.0744 85.8857 16.1356 
87.1919 -9.7236 135.75 87.2859 66.4429 -249.646 87.3514 -122.235 -25.1529 
87.3732 -112.29 7.96073 87.5016 -25.4054 121.171 87.6511 70.2021 -312.963 
87.9445 -94.6962 -82.8681 87.9999 -91.7784 -186.995 88.1056 -101.142 -71.7395 
88.2556 84.6219 -300.967 88.3166 -85.0894 -122.465 88.3234 59.0372 -56.4892 
88.3775 -84.9237 -308.929 88.4971 -108.929 -260.572 88.6088 -108.331 -60.9851 
88.6648 -119.476 -37.7361 88.6857 41.9378 -98.7447 88.8909 49.3354 -221.122 
88.91 29.1332 -157.905 88.9163 -114.706 -49.6985 88.9588 -100.404 26.3433 
89.2002 31.0685 -171.884 89.6442 34.1075 -186.093 89.7491 -87.0843 43.8101 
89.7597 29.2315 -144.15 89.8456 -85.4264 -166.368 89.867 75.3395 -269.802 
90.193 40.0114 153.385 90.3828 75.8945 -15.9729 90.404 -82.4615 -134.132 
90.4631 -105.397 -239.204 90.4746 87.5601 29.3897 90.6197 -104.166 -293.18 
90.6274 -73.4943 61.1648 91.113 63.713 -45.5262 91.2554 30.2084 -130.839 
91.2753 14.7551 -314.273 91.5133 36.5094 -314.75 91.5955 -7.11965 -313.898 
91.6007 44.9175 -86.6331 91.6661 -59.8855 78.4415 91.7238 59.4295 -240.291 
91.8283 -99.7101 -218.46 91.9491 18.2346 150.814 92.233 -116.199 -3.84719 
92.2884 -29.1641 -314.163 92.5565 82.1298 -290.851 92.5653 58.0495 -314.212 
92.6208 -0.508454 140.799 92.6457 -46.0826 95.4264 92.7668 -92.4385 -198.308 
92.869 42.144 -210.986 92.8754 -51.3498 -313.588 93.0169 87.9564 42.4784 
93.1284 -80.4063 -145.652 93.2491 51.3297 147.463 93.3233 -107.186 -272.044 
93.4019 -31.8651 111.982 93.516 -16.6667 127.336 93.5408 79.1171 -3.7503 
93.6956 32.2419 -118.035 93.7721 -85.2136 -178.047 93.8468 -73.3608 -311.208 
94.2526 77.5658 -307.813 94.2827 67.2867 -34.1529 94.5034 68.9846 -259.783 
94.5532 -105.682 15.8147 94.719 48.125 -74.686 94.7215 -83.3359 -101.609 
94.7545 87.3769 55.2875 94.9851 60.8325 138.781 95.3445 -92.4003 33.4189 
95.3466 -95.0308 -303.151 95.3697 -104.737 -250.81 95.3736 -80.0419 -114.031 
95.8235 -87.4188 -88.551 95.8667 -118.136 -16.4716 96.0363 52.1934 -231.054 
96.1337 68.77 128.643 96.2367 -79.1183 51.13 96.2477 86.734 68.051 
96.292 -79.2397 -157.339 96.3046 81.448 8.89152 96.6503 34.6379 -105.485 
96.8066 -99.8 -229.897 96.9616 -77.252 -125.858 96.9985 76.6523 -280.397 
97.0201 34.9494 -200.981 97.0331 51.7324 -63.2023 97.043 75.3285 117.581 
97.0754 -92.8694 -76.5855 97.2558 -65.5428 68.5023 97.2831 30.0028 151.489 
97.3178 85.524 80.8281 97.398 79.7816 105.543 97.4655 22.9182 -151.165 
97.5397 83.2789 93.3151 97.638 25.1707 -314.603 97.7274 3.57264 -313.724 
97.7449 -93.2381 -209.505 97.7888 23.9893 -164.634 97.9347 -117.512 -29.2849 
98.016 -103.805 -283.501 98.0517 9.4141 144.476 98.0615 70.5527 -22.5113 
98.0766 46.5445 -314.642 98.338 -18.1887 -313.426 98.3455 -52.0822 85.7638 
98.3461 -85.6215 -189.479 98.4092 23.1073 -137.845 98.621 -113.742 -41.8173 
98.8239 79.4456 -301.59 98.8368 -99.3443 -65.7235 98.9043 56.2488 -52.3477 
98.9921 -7.77899 132.88 99.0446 -40.1644 -313.805 99.141 83.2706 21.7488 
99.1543 62.4237 -250.069 99.1802 -38.0931 102.501 99.3137 25.918 -178.219 
99.4285 -74.2573 -137.019 99.4311 -109.331 4.08949 99.6822 37.1493 -93.2214 
99.6918 -23.5757 118.741 99.7821 -78.6025 -169.049 99.7942 -62.036 -312.275 
99.8483 67.3919 -311.721 100.237 -103.472 -262.33 100.248 44.9066 -221.687 
100.377 24.4335 -124.865 100.772 -105.922 -55.0135 100.985 -83.4762 -309.136 
100.985 -97.4805 22.8969 101.5 41.9175 148.57 101.565 70.6691 -270.31 
101.581 -84.1073 40.7201 101.784 60.5778 -41.2244 101.789 73.502 -10.5576 
101.837 -99.6337 -241.324 101.909 84.2902 34.7209 102.305 -74.7589 -105.97 
102.348 -72.4307 -148.498 102.4 -98.4476 -294.292 102.488 27.5078 -191.581 
102.69 -93.5091 -220.929 102.775 -70.9204 58.3959 102.8 -78.4739 -93.3303 
103.005 -71.9685 -118.382 103.167 39.7978 -80.8979 103.18 -86.099 -200.757 
103.253 26.4647 -112.242 103.39 55.028 -240.92 103.473 76.5821 -291.438 
103.486 19.9909 147.043 103.741 -112.253 -8.02124 103.88 -78.5378 -180.618 
103.903 -57.5884 75.7751 103.904 14.0574 -314.275 104.117 35.4621 -314.699 
104.149 37.1016 -212.624 104.158 84.5377 47.599 104.318 -83.2416 -81.1588 
104.342 -7.41748 -313.187 104.392 52.8505 142.173 104.458 1.19717 138.005 
104.726 56.1949 -313.717 104.904 76.035 1.7623 104.924 -101.354 -273.848 
104.957 -44.0869 92.8982 105.013 48.7334 -59.6646 105.071 16.0174 -157.67 
105.084 15.4878 -144.624 105.138 -29.1484 -313.142 105.253 64.0229 -29.4437 
105.584 -71.4427 -160.23 105.664 -14.986 125.119 105.682 -30.1596 109.637 
105.936 84.4395 60.4231 105.94 -50.9402 -312.923 106.189 -107.305 -45.3983 
106.209 -101.611 11.7285 106.238 62.0222 133.224 106.292 64.4969 -260.41 
106.292 17.1964 -170.679 106.304 -112.822 -20.762 106.384 16.0618 -131.601 
106.47 28.6335 -99.7828 106.696 -88.648 -70.1148 106.76 -98.8499 -252.802 
106.804 -88.5289 29.9217 106.95 -72.5705 -311.014 107.26 83.6621 73.2645 
107.27 -111.26 -33.3912 107.434 69.6238 122.734 107.512 47.3499 -232.131 
107.573 -91.0154 -302.881 107.661 42.2406 -68.3264 107.739 77.8786 14.4787 
107.876 -93.7647 -232.083 107.94 -75.5998 47.894 107.997 75.392 110.929 
108.014 82.0736 86.0458 108.038 72.4737 -302.525 108.135 79.2448 98.5524 
108.167 28.9563 -203.914 108.197 -86.6048 -211.978 108.204 52.6389 -48.183 
108.244 71.034 -281.304 108.323 -78.6493 -192.034 108.471 -64.6418 -139.288 
108.551 31.4502 147.068 108.597 17.3726 -118.822 108.733 -64.4452 -124.676 
108.902 66.8181 -17.3643 108.911 18.899 -183.408 108.98 -70.8944 -171.933 
108.99 -65.9733 -111.07 109.248 -97.913 -285.251 109.279 -69.0418 -98.29 
109.286 -62.6192 65.5176 109.609 30.726 -87.2381 109.731 -94.1981 -59.6521 
109.84 10.697 141.947 110.242 24.4914 -314.594 110.389 3.19971 -313.897 
110.475 64.3805 -310.085 110.543 79.246 27.275 110.576 -73.0249 -85.968 
110.601 -49.6379 83.0275 110.628 -104.598 -0.209349 110.647 57.4536 -251.025 
110.671 45.6479 -314.209 110.761 -63.5586 -151.534 111.135 -18.2526 -312.913 
111.267 -6.27484 130.965 111.368 7.30443 -151.168 111.419 39.3259 -223.585 
111.553 -97.5008 -264.353 111.631 -36.2678 100.148 111.694 55.9852 -36.3081 
111.709 19.4097 -106.282 111.871 -92.4217 18.7647 111.918 7.28158 -138.282 
112.042 -22.0918 116.739 112.048 -39.9587 -312.895 112.052 -93.8073 -295.522 
112.129 8.0579 -163.857 112.267 69.2468 -5.12463 112.48 -77.6957 -74.1335 
112.609 43.0976 143.565 112.71 20.2962 -195.868 112.758 -99.0115 -48.9864 
112.819 -79.6837 37.1054 112.871 65.0718 -271.364 112.974 -93.4697 -243.411 
112.996 -70.6843 -183.528 113.091 -78.9102 -203.357 113.099 80.3644 39.9927 
113.163 -61.621 -311.871 113.341 32.7062 -74.5452 113.348 -86.8857 -223.209 
113.426 7.97973 -125.4 113.502 44.421 -55.3129 113.523 -62.6315 -163.551 
113.669 -105.849 -12.7001 113.958 -82.3253 -307.417 114.281 69.8985 -292.638 
114.31 9.32034 -176.428 114.338 -66.9712 54.8656 114.464 -56.6228 -116.83 
114.689 49.7183 -242.21 114.715 -55.6447 -130.112 114.759 21.2407 -93.6743 
114.895 -58.8273 -103.868 114.962 -105.124 -25.3491 114.964 -103.056 -37.6125 
115.003 30.799 -215.323 115.101 21.011 144.246 115.245 80.8515 52.7987 
115.345 59.0869 -24.2548 115.442 -82.6872 -63.3385 115.483 53.6813 136.678 
115.517 71.5274 7.25997 115.582 -54.775 -143.021 115.774 9.49811 -112.581 
115.887 -95.3172 -276.099 115.906 -62.1838 -91.2889 115.978 -54.5798 72.7737 
116.31 -95.3953 7.03037 116.558 13.696 -314.485 116.624 -2.24471 -144.966 
116.633 2.59143 136.336 116.732 -62.009 -175.338 116.77 80.4639 65.6367 
116.851 35.051 -314.414 116.889 -1.68966 -157.553 116.903 56.3755 -311.712 
117.053 -7.51899 -313.617 117.222 -70.4618 -195.015 117.229 62.3845 127.255 
117.235 58.4898 -261.824 117.241 -53.7467 -155.386 117.338 -83.0798 25.822 
117.353 47.3774 -43.1563 117.394 10.693 -188.789 117.444 -41.8485 90.3342 
117.619 -66.5405 -78.6863 117.638 65.0645 -303.331 117.699 -1.90804 -132.109 
117.811 -92.4953 -254.968 117.855 79.4349 78.4624 117.856 22.9185 -81.0222 
118.019 -78.9917 -214.635 118.045 69.225 116.048 118.064 -29.0073 -312.764 
118.082 -13.5568 123.456 118.174 35.2726 -62.0632 118.23 73.9663 103.618 
118.27 77.3443 91.1039 118.313 -0.760877 -170 118.334 11.1212 -99.788 
118.341 -28.7009 107.673 118.491 21.7893 -207.582 118.505 -88.0288 -52.8351 
118.545 41.4291 -234.145 118.58 73.2182 20.0194 118.588 -86.8642 -234.369 
118.802 -70.4666 43.7874 118.858 61.6307 -11.9259 119.008 -46.4829 -122.412 
119.12 64.5495 -282.657 119.29 -50.6777 -312.191 119.318 -0.618744 -118.969 
119.321 -92.4746 -288.011 119.389 -48.1214 -109.841 119.389 -52.6985 -167.515 
119.407 -88.5097 -299.348 119.436 -45.3952 -135.069 119.684 -97.1505 -5.27965 
119.81 32.4039 143.185 120.308 -44.3523 -147.554 120.372 -70.4675 -66.6067 
120.401 -92.8176 -42.2145 120.42 -12.1693 -151.617 120.531 -50.1085 -97.6346 
120.634 -72.1994 -310.195 120.723 -61.6132 -186.875 120.864 -58.5673 61.931 
120.866 -12.788 -139.136 120.925 50.2486 -30.9139 121.063 0.43356 -182.232 
121.169 -11.2717 -163.962 121.207 -56.3098 -83.455 121.277 -97.1793 -17.8957 
121.361 -85.6057 13.9791 121.378 51.2813 -252.69 121.388 -95.7263 -30.3808 
121.486 74.8164 32.5972 121.537 1.17501 -105.824 121.565 12.7269 -87.289 
121.632 -43.2763 -159.907 121.756 -12.3724 -126.134 121.79 12.1077 -200.635 
121.796 11.896 140.085 121.805 24.9646 -68.5028 122.027 -35.6601 -127.896 
122.034 -34.4356 -140.314 122.07 37.7658 -49.5944 122.08 32.6492 -226.424 
122.173 -70.5837 -206.226 122.195 -90.927 -266.78 122.3 -23.2271 -145.894 
122.379 64.0368 0.4272 122.405 -37.1307 -115.637 122.55 -51.5584 -85.8735 
122.657 -22.204 -158.268 122.68 -73.3214 32.4228 122.702 -24.2965 -133.548 
122.79 -33.3616 -152.719 122.82 -52.1161 -179.269 122.901 -46.7308 80.1008 
122.987 24.2996 -314.453 122.997 3.10283 -314.405 123.162 -8.51743 -111.398 
123.234 -10.2922 -176.224 123.32 -83.0559 -48.1567 123.335 58.3308 -272.95 
123.396 -79.169 -225.691 123.414 -25.7468 -121.437 123.469 -38.6474 -103.547 
123.628 46.3079 -312.7 123.631 -16.4052 -115.89 123.632 -86.3952 -245.726 
123.635 43.7953 138.619 123.708 -59.4413 -71.1145 123.824 -4.56378 129.832 
123.89 -18.1357 -313.367 123.924 2.24184 -93.2566 123.985 76.1396 45.1975 
124.033 -42.3407 -172.048 124.092 -32.2947 -165.069 124.237 61.9929 -294.163 
124.406 -21.2268 -170.532 124.448 -34.315 97.8624 124.608 14.044 -74.8457 
124.614 -27.5503 -109.696 124.683 -73.1475 -54.1307 124.684 -87.4135 1.78291 
124.749 53.1447 -18.6823 124.758 -20.7876 115.084 124.791 1.76796 -194.175 
124.896 -61.4498 50.5145 125.082 -39.6582 -91.8477 125.113 23.4108 -218.864 
125.193 -39.6561 -312.409 125.195 -61.31 -198.282 125.246 43.1624 -244.59 
125.272 -8.16875 -99.0404 125.485 40.4097 -37.2167 125.614 -18.2525 -104.59 
125.74 27.3613 -55.8527 125.76 -85.6353 -35.8815 125.814 -49.8071 -75.6708 
125.859 76.3531 58.0101 125.886 66.297 12.9358 125.948 -31.2538 -177.264 
125.979 -75.5338 20.62 125.985 -88.7417 -279.052 126.201 -28.7627 -97.9877 
126.218 53.6713 130.764 126.401 21.7248 141.09 126.469 -87.9181 -10.8425 
126.59 -9.09545 -188.149 126.7 -51.4327 -190.841 126.727 3.12599 -80.9827 
126.737 56.4331 -305.094 126.781 -61.4943 -311.406 126.843 -87.3443 -23.453 
126.908 -41.3389 -183.835 127.035 -20.1912 -182.578 127.063 -62.0419 -58.9176 
127.112 -70.4089 -217.416 127.113 51.5089 -263.662 127.162 -39.968 -80.5449 
127.215 75.7234 70.8514 127.286 -81.4083 -303.84 127.514 13.5046 -211.986 
127.516 61.6573 120.497 127.581 -18.5771 -92.6442 127.624 -7.82254 -86.9057 
127.699 -50.5582 69.2196 127.805 -29.2408 -86.3425 127.999 -85.2472 -257.485 
128.004 74.3433 83.6133 128.051 71.6078 96.2366 128.053 67.9237 108.83 
128.167 -63.6342 38.7736 128.379 55.6391 -6.20515 128.431 15.8786 -62.4491 
128.508 -78.8204 -236.894 128.557 -75.1239 -41.4761 128.652 -51.2276 -64.0691 
128.851 34.3016 -237.507 128.857 -77.128 8.44727 128.893 -86.3407 -292.123 
129.054 29.8581 -43.2359 129.083 13.6715 -314.534 129.145 56.8173 -284.441 
129.152 68.2525 25.3342 129.224 5.163 134.986 129.266 43.2125 -24.9327 
129.55 2.95661 -205.754 129.567 4.11505 -68.5917 129.633 -7.27695 -314.189 
129.775 -18.4834 -80.6586 129.797 -60.9322 -209.637 129.858 35.4837 -313.379 
129.937 -30.3146 -188.774 129.939 -38.9095 87.4183 130.085 -40.5181 -69.1203 
130.169 -29.4664 -74.6488 130.234 -64.0222 -46.7773 130.279 -7.25555 -74.7318 
130.555 -76.784 -29.1155 130.565 -7.97708 -199.886 130.637 -65.4297 26.9873 
130.71 -11.9822 122.217 130.755 -77.8455 -4.02145 130.799 32.9999 138.916 
130.996 -28.6398 -313.06 131.018 -40.633 -195.369 131.057 -19.084 -194.131 
131.166 44.0509 -255.437 131.186 -50.9518 -202.303 131.309 -77.6863 -16.6452 
131.325 -26.9761 105.765 131.485 -53.1288 57.6675 131.674 18.0346 -49.5617 
131.742 -52.9914 -52.1527 131.838 24.8805 -230.235 131.984 -83.6324 -269.733 
132.204 70.2163 37.7619 132.293 -18.3824 -68.6375 132.395 58.2385 6.02456 
132.402 -70.2084 -228.545 132.437 51.1647 -274.531 132.531 -41.7323 -57.5661 
132.557 32.5504 -30.7422 132.694 -66.7488 14.8755 132.7 -50.46 -311.849 
132.895 -65.735 -34.7253 132.957 -30.0337 -62.9522 133.077 5.42329 -56.162 
133.106 -78.1236 -248.392 133.215 -6.63131 -62.4776 133.273 46.0071 -12.6447 
133.688 52.9728 -296.17 133.785 -29.4627 -200.424 133.958 14.9667 -223.288 
134.11 -54.674 45.6278 134.321 -54.4253 -40.2464 134.339 -67.4912 2.51908 
134.403 43.8946 133.143 134.424 -66.8464 -22.4615 134.619 21.1682 -36.3451 
134.626 71.3624 50.4315 134.666 -42.5633 76.4604 134.67 -72.5626 -307.944 
134.753 46.3199 -306.919 134.827 -60.5922 -220.87 134.877 -67.4247 -9.99276 
135.059 -18.3695 -56.5513 135.266 -43.1276 -45.8756 135.309 44.1621 -264.721 
135.34 3.46548 -314.536 135.362 4.26788 -216.96 135.363 -31.4801 -51.4802 
135.466 -39.9494 -207.006 135.476 -81.4122 -282.69 135.496 -18.1139 -205.675 
135.612 24.5074 -313.513 135.677 35.5659 -249.551 135.691 -55.6243 33.394 
135.982 -50.4256 -213.721 136.008 -6.83067 -211.021 136.109 -2.12392 128.546 
136.125 6.53139 -43.6566 136.225 60.6707 18.0848 136.267 71.3199 63.311 
136.301 -5.38081 -49.7276 136.324 -55.6719 -28.1857 136.469 52.9592 124.167 
136.522 35.2787 -18.4455 136.551 -56.362 21.1491 136.565 -17.5 -313.951 
136.68 21.0301 137.226 137.096 -76.9812 -260.29 137.12 60.085 113.302 
137.265 48.4951 -0.389987 137.29 -31.6526 95.2818 137.292 70.3372 76.1811 
137.304 -69.8056 -239.838 137.418 -56.8893 8.79654 137.461 65.1103 101.374 
137.467 -44.3717 -33.9618 137.518 68.3731 88.908 137.524 -56.5129 -15.9318 
137.755 -33.2035 -39.9849 137.762 -18.9643 113.438 137.821 -17.1681 -43.5998 
137.83 -79.0887 -296.323 137.922 -56.985 -3.55323 137.984 24.3284 -23.4236 
138.251 -44.8593 64.7564 138.387 26.1109 -241.972 138.436 -39.2266 -312.169 
138.659 13.8071 -28.2351 138.704 47.3915 -286.598 138.823 -4.65185 -37.1809 
138.837 5.78387 -32.0407 138.985 -28.6351 -211.78 139.019 -45.3745 -21.8785 
139.283 -24.6201 -35.2043 139.63 -34.5479 -28.2117 139.697 43.5846 -276.099 
139.852 37.5781 -5.86437 140.005 -60.2994 -232.088 140.043 -46.0447 -9.64201 
140.058 -45.7207 52.4647 140.132 63.3696 30.2818 140.321 16.0455 -234.817 
140.515 -15.0313 -30.2137 140.521 -46.3759 2.58693 140.596 -46.355 15.0016 
140.598 -61.6334 -309.951 140.644 -75.3079 -273.021 140.843 -46.0949 39.9392 
140.869 9.53478 132.916 140.907 -17.1662 -216.768 141.014 -35.2857 -16.0804 
141.039 -39.3899 -218.109 141.046 -46.339 27.394 141.088 -24.9895 -22.9824 
141.088 -49.9408 -224.915 141.113 14.0594 -313.938 141.127 26.3662 -10.8153 
141.293 -68.9135 -251.478 141.303 -4.58205 -25.0139 141.411 33.2726 133.477 
141.483 15.3774 -15.7006 141.501 5.39878 -228.234 141.573 35.1196 -308.469 
141.63 51.2195 11.5393 141.658 5.46441 -20.2597 141.674 -34.7315 83.8864 
141.724 -5.81711 -222.192 141.833 -6.09961 -314.104 142.089 -35.6079 -3.76054 
142.326 35.6973 -265.268 142.344 -14.8623 -17.7799 142.39 42.0227 -298.357 
142.461 -25.1477 -10.6115 142.821 -8.96581 120.089 143.046 65.1064 42.8627 
143.149 -35.8248 8.57951 143.423 -4.40603 -12.6967 143.675 39.8582 6.25279 
143.692 40.4169 -288.371 143.746 6.10525 -7.77225 143.859 -25.25 1.77404 
143.973 -14.7962 -5.37588 143.986 -27.7826 -313.083 144.119 -36.0437 20.9757 
144.251 -73.6458 -286.457 144.289 16.9112 -3.08278 144.392 -59.682 -243.472 
144.443 26.5888 -254.951 144.471 28.2092 1.48401 144.573 43.2338 126.413 
144.604 -24.0108 103.18 144.622 -27.8616 -222.742 144.835 -36.3428 71.777 
144.865 -67.6384 -263.447 145.031 -4.0035 -0.132778 145.057 -36.1746 33.5616 
145.105 65.836 55.7276 145.23 -25.3214 14.2532 145.369 -36.1888 46.3108 
145.49 53.7912 23.6256 145.541 -14.6626 7.13343 145.746 -36.4249 59.0462 
145.9 51.1849 116.757 145.972 -49.4821 -236.114 146.004 6.9642 4.96924 
146.068 57.4951 105.975 146.166 -38.7508 -229.223 146.168 -50.0927 -310.69 
146.22 65.3632 68.7323 146.272 34.8322 -278.344 146.399 61.549 94.2144 
146.445 -25.4712 26.9009 146.491 63.8695 81.6969 146.573 -16.3438 -227.816 
146.585 16.8453 -246.764 146.678 22.8003 131.57 146.773 -71.322 -300.511 
146.807 18.1181 9.62963 146.811 1.87337 125.915 146.909 4.92556 -314.149 
146.996 -3.78432 12.5884 147.015 -14.7237 19.8862 147.016 23.9723 -310.41 
147.457 30.121 13.7341 147.601 6.16576 -239.846 147.626 -25.5561 39.6334 
147.631 42.3493 18.1653 147.704 -4.93962 -233.471 148.039 -58.7738 -255.052 
148.226 7.23595 17.8401 148.391 -14.8049 32.6966 148.45 -26.2197 91.2939 
148.58 -25.6577 52.4821 148.606 -66.3288 -276.248 148.65 -3.86563 25.4955 
148.666 29.925 -300.875 148.68 33.4423 -290.145 148.744 55.9251 36.0144 
148.965 -15.8396 -313.253 149.086 13.7426 129.034 149.412 26.0918 -268.995 
149.516 19.1197 22.1128 149.604 -26.0771 65.4168 149.668 -27.1869 -233.976 
149.72 -14.8045 45.5331 149.988 -26.7059 78.5816 150.155 -14.1494 110.234 
150.184 -4.02191 38.4015 150.192 -48.9066 -247.468 150.215 7.19458 30.7344 
150.571 32.434 25.5457 150.777 32.4641 125.95 150.897 -38.1871 -240.475 
150.918 57.0143 48.7305 151.029 44.7242 30.2091 151.054 -15.1199 58.4943 
151.241 -37.9589 -310.299 151.4 13.6459 -311.806 151.494 16.6213 -259.937 
151.734 -57.7608 -266.711 151.769 -15.7495 -239.36 151.776 -4.27413 51.3547 
151.788 -64.4826 -289.823 151.835 20.8485 33.9695 152.021 6.56516 43.964 
152.405 -2.32173 115.569 152.568 24.9179 -281.643 152.571 -15.5298 71.4893 
152.621 6.35117 -252.195 152.764 57.4137 61.5031 152.844 -4.49214 -245.378 
152.912 -60.3886 -304.271 153.162 34.8094 37.2906 153.202 41.0198 117.967 
153.316 -4.77111 64.3946 153.341 46.3986 42.5949 153.42 -3.69801 -312.736 
153.462 53.0424 98.8834 153.48 -15.8454 97.9734 153.572 56.987 74.5437 
153.58 -48.5795 -258.867 153.594 19.0818 -304.688 153.692 -16.1381 85.0006 
153.698 5.75658 57.2492 153.745 24.9696 44.1697 153.755 15.7433 50.439 
153.773 47.996 108.809 153.779 55.6319 87.1464 154.082 9.39824 120.019 
154.083 22.5711 -293.794 154.231 -26.7631 -245.521 154.242 21.2059 123.618 
154.802 -37.8249 -251.913 154.831 -4.97465 77.502 154.901 36.2479 49.4796 
154.961 47.2986 55.1725 155.235 5.60489 70.0652 155.268 15.5856 -273.244 
155.285 26.0878 56.2979 155.398 -55.6609 -279.581 155.496 16.0523 62.9884 
155.716 -4.31428 103.38 155.991 -15.5686 -251.375 156.169 -5.03451 90.6049 
156.493 44.7796 103.874 156.541 37.0782 61.8055 156.542 -25.6192 -310.92 
156.579 47.6534 67.8497 156.586 -48.6386 -270.064 156.586 5.57919 -265.419 
156.842 29.8398 116.017 156.904 -4.74901 -257.929 156.92 8.64589 -309.906 
156.99 5.71032 82.9555 157.102 26.6812 68.5078 157.108 16.2424 75.4808 
157.546 38.0362 108.204 157.573 45.9184 92.5877 157.631 7.07143 108.482 
157.748 -47.9928 -305.611 157.75 47.3101 80.4377 157.751 -38.2526 -263.344 
157.852 -54.3247 -292.45 157.857 -26.8292 -257.358 157.889 18.3532 112.765 
157.953 6.1055 95.7418 158.004 14.1359 -285.894 158.352 37.3491 74.1322 
158.708 26.776 80.8222 158.719 16.3896 88.0832 158.754 36.6713 98.1499 
158.937 27.4863 105.054 159.193 17.0883 100.785 159.214 36.845 86.4603 
159.216 12.041 -298.352 159.367 26.8844 93.2604 159.807 -16.1882 -263.741 
160.003 -12.7796 -308.969 160.05 4.34355 -278.29 160.185 -39.5008 -274.767 
160.514 -5.82882 -270.857 161.059 -27.8316 -269.353 161.383 -41.7379 -285.792 
161.446 -35.2005 -304.088 161.487 -43.7762 -295.938 161.852 0.171031 -304.558 
162.301 2.64952 -291.257 162.801 -17.5052 -276.396 163.185 -7.38798 -283.826 
163.272 -29.4957 -281.419 164.23 -32.0601 -293.357 164.422 -9.57843 -297.364 
164.643 -19.4727 -289.282 164.864 -22.3136 -302.441 
POLYGONS 6096 24384
3 637 692 639 
3 692 753 639 
3 751 692 637 
3 639 545 637 
3 753 695 639 
3 692 798 753 
3 798 692 751 
3 751 637 673 
3 637 545 560 
3 639 516 545 
3 695 579 639 
3 808 695 753 
3 798 865 753 
3 798 751 855 
3 673 637 560 
3 784 751 673 
3 545 439 560 
3 516 432 545 
3 579 516 639 
3 695 648 579 
3 808 765 695 
3 865 808 753 
3 916 865 798 
3 751 784 855 
3 916 798 855 
3 596 673 560 
3 784 673 708 
3 439 467 560 
3 432 439 545 
3 516 367 432 
3 456 516 579 
3 648 525 579 
3 765 648 695 
3 876 765 808 
3 865 928 808 
3 979 865 916 
3 784 897 855 
3 971 916 855 
3 673 596 708 
3 467 596 560 
3 784 708 826 
3 439 341 467 
3 439 432 333 
3 432 367 333 
3 516 456 367 
3 525 456 579 
3 525 648 583 
3 765 709 648 
3 876 832 765 
3 928 876 808 
3 865 979 928 
3 1035 979 916 
3 897 971 855 
3 897 784 826 
3 1035 916 971 
3 708 596 626 
3 596 467 503 
3 826 708 746 
3 467 341 362 
3 341 439 333 
3 367 267 333 
3 456 315 367 
3 451 456 525 
3 648 709 583 
3 525 583 451 
3 832 709 765 
3 832 876 939 
3 992 876 928 
3 979 1049 928 
3 1096 979 1035 
3 897 1015 971 
3 950 897 826 
3 1085 1035 971 
3 626 596 503 
3 708 626 746 
3 467 362 503 
3 860 826 746 
3 341 261 362 
3 252 341 333 
3 267 252 333 
3 367 315 267 
3 315 456 451 
3 709 646 583 
3 583 511 451 
3 709 832 770 
3 876 992 939 
3 973 832 939 
3 1049 992 928 
3 1049 979 1096 
3 1096 1035 1157 
3 1015 1085 971 
3 1015 897 950 
3 860 950 826 
3 1035 1085 1157 
3 536 626 503 
3 626 661 746 
3 503 362 391 
3 773 860 746 
3 261 278 362 
3 341 252 261 
3 267 189 252 
3 315 232 267 
3 349 315 451 
3 646 511 583 
3 646 709 770 
3 511 349 451 
3 832 892 770 
3 992 1051 939 
3 892 832 973 
3 1051 973 939 
3 992 1049 1105 
3 1167 1049 1096 
3 1215 1096 1157 
3 1085 1015 1140 
3 1067 1015 950 
3 950 860 978 
3 1157 1085 1202 
3 626 536 661 
3 536 503 391 
3 661 773 746 
3 362 278 391 
3 860 773 886 
3 278 261 198 
3 252 184 261 
3 252 189 184 
3 267 232 189 
3 315 349 232 
3 646 569 511 
3 703 646 770 
3 511 409 349 
3 892 830 770 
3 1051 992 1105 
3 1019 892 973 
3 1051 1094 973 
3 1049 1167 1105 
3 1215 1167 1096 
3 1276 1215 1157 
3 1015 1067 1140 
3 1202 1085 1140 
3 1067 950 978 
3 860 886 978 
3 1276 1157 1202 
3 661 536 571 
3 427 536 391 
3 773 661 688 
3 278 302 391 
3 886 773 797 
3 261 184 198 
3 213 278 198 
3 189 123 184 
3 232 167 189 
3 349 271 232 
3 511 569 409 
3 646 703 569 
3 830 703 770 
3 349 409 271 
3 953 830 892 
3 1171 1051 1105 
3 1019 953 892 
3 1094 1019 973 
3 1171 1094 1051 
3 1167 1223 1105 
3 1286 1167 1215 
3 1339 1215 1276 
3 1140 1067 1186 
3 1257 1202 1140 
3 1104 1067 978 
3 978 886 994 
3 1320 1276 1202 
3 536 427 571 
3 688 661 571 
3 302 427 391 
3 773 688 797 
3 302 278 213 
3 907 886 797 
3 184 121 198 
3 144 213 198 
3 184 123 108 
3 189 167 123 
3 232 271 167 
3 569 489 409 
3 569 703 632 
3 830 760 703 
3 409 317 271 
3 953 881 830 
3 1223 1171 1105 
3 1076 953 1019 
3 1094 1145 1019 
3 1094 1171 1209 
3 1223 1167 1286 
3 1339 1286 1215 
3 1395 1339 1276 
3 1186 1067 1104 
3 1257 1140 1186 
3 1257 1320 1202 
3 1054 1104 978 
3 886 907 994 
3 978 994 1054 
3 1395 1276 1320 
3 427 483 571 
3 613 688 571 
3 302 340 427 
3 688 729 797 
3 302 213 236 
3 907 797 843 
3 121 144 198 
3 184 108 121 
3 158 213 144 
3 123 53 108 
3 167 99 123 
3 271 206 167 
3 409 489 317 
3 489 569 632 
3 703 760 632 
3 830 881 760 
3 271 317 206 
3 953 1000 881 
3 1283 1171 1223 
3 1000 953 1076 
3 1145 1076 1019 
3 1145 1094 1209 
3 1171 1283 1209 
3 1223 1286 1341 
3 1398 1286 1339 
3 1460 1339 1395 
3 1234 1186 1104 
3 1305 1257 1186 
3 1257 1376 1320 
3 1054 1166 1104 
3 907 1018 994 
3 1091 1054 994 
3 1446 1395 1320 
3 483 613 571 
3 427 340 483 
3 688 613 729 
3 340 302 236 
3 797 729 843 
3 213 158 236 
3 952 907 843 
3 121 64 144 
3 108 50 121 
3 89 158 144 
3 108 53 50 
3 123 99 53 
3 167 206 99 
3 489 389 317 
3 554 489 632 
3 760 683 632 
3 760 881 813 
3 317 248 206 
3 881 1000 942 
3 1283 1223 1341 
3 1123 1000 1076 
3 1145 1193 1076 
3 1265 1145 1209 
3 1283 1326 1209 
3 1286 1398 1341 
3 1460 1398 1339 
3 1513 1460 1395 
3 1305 1186 1234 
3 1166 1234 1104 
3 1376 1257 1305 
3 1376 1446 1320 
3 1166 1054 1091 
3 1018 1091 994 
3 1018 907 952 
3 1513 1395 1446 
3 613 483 532 
3 340 390 483 
3 729 613 653 
3 274 340 236 
3 843 729 764 
3 236 158 192 
3 874 952 843 
3 64 89 144 
3 50 64 121 
3 89 110 158 
3 53 25 50 
3 99 38 53 
3 206 142 99 
3 317 389 248 
3 489 554 389 
3 683 554 632 
3 683 760 813 
3 881 942 813 
3 248 142 206 
3 1000 1061 942 
3 1394 1283 1341 
3 1061 1000 1123 
3 1193 1123 1076 
3 1193 1145 1265 
3 1326 1265 1209 
3 1326 1283 1394 
3 1398 1457 1341 
3 1516 1398 1460 
3 1578 1460 1513 
3 1358 1305 1234 
3 1284 1234 1166 
3 1426 1376 1305 
3 1495 1446 1376 
3 1203 1166 1091 
3 1091 1018 1134 
3 1018 952 1062 
3 1563 1513 1446 
3 483 390 532 
3 613 532 653 
3 390 340 274 
3 729 653 764 
3 274 236 192 
3 874 843 764 
3 158 110 192 
3 981 952 874 
3 64 34 89 
3 28 64 50 
3 46 110 89 
3 25 28 50 
3 53 38 25 
3 99 142 38 
3 389 304 248 
3 554 466 389 
3 683 616 554 
3 749 683 813 
3 942 870 813 
3 142 248 187 
3 1061 985 942 
3 1457 1394 1341 
3 1180 1061 1123 
3 1193 1249 1123 
3 1308 1193 1265 
3 1379 1265 1326 
3 1438 1326 1394 
3 1398 1516 1457 
3 1578 1516 1460 
3 1630 1578 1513 
3 1358 1426 1305 
3 1358 1234 1284 
3 1284 1166 1203 
3 1495 1376 1426 
3 1495 1563 1446 
3 1203 1091 1134 
3 1134 1018 1062 
3 952 981 1062 
3 1630 1513 1563 
3 532 390 452 
3 532 577 653 
3 390 274 320 
3 653 687 764 
3 226 274 192 
3 794 874 764 
3 192 110 153 
3 981 874 901 
3 34 46 89 
3 64 28 34 
3 79 110 46 
3 13 28 25 
3 38 19 25 
3 142 62 38 
3 248 304 187 
3 389 466 304 
3 554 616 466 
3 683 749 616 
3 870 749 813 
3 985 870 942 
3 142 187 62 
3 1061 1106 985 
3 1501 1394 1457 
3 1180 1106 1061 
3 1249 1180 1123 
3 1249 1193 1308 
3 1379 1308 1265 
3 1438 1379 1326 
3 1501 1438 1394 
3 1516 1567 1457 
3 1516 1578 1631 
3 1696 1578 1630 
3 1358 1470 1426 
3 1397 1358 1284 
3 1316 1284 1203 
3 1542 1495 1426 
3 1611 1563 1495 
3 1252 1203 1134 
3 1174 1134 1062 
3 981 1088 1062 
3 1682 1630 1563 
3 390 320 452 
3 532 452 577 
3 577 687 653 
3 274 226 320 
3 687 794 764 
3 226 192 153 
3 874 794 901 
3 110 79 153 
3 1007 981 901 
3 34 23 46 
3 34 28 17 
3 79 46 35 
3 28 13 17 
3 19 13 25 
3 38 62 19 
3 304 235 187 
3 466 371 304 
3 616 546 466 
3 749 672 616 
3 749 870 793 
3 915 870 985 
3 187 120 62 
3 1106 1037 985 
3 1567 1501 1457 
3 1229 1106 1180 
3 1249 1298 1180 
3 1364 1249 1308 
3 1379 1427 1308 
3 1438 1488 1379 
3 1551 1438 1501 
3 1567 1516 1631 
3 1578 1696 1631 
3 1752 1696 1630 
3 1470 1542 1426 
3 1470 1358 1397 
3 1397 1284 1316 
3 1316 1203 1252 
3 1611 1495 1542 
3 1682 1563 1611 
3 1174 1252 1134 
3 1088 1174 1062 
3 1007 1088 981 
3 1752 1630 1682 
3 452 320 376 
3 577 452 510 
3 687 577 623 
3 226 277 320 
3 794 687 731 
3 226 153 203 
3 901 794 836 
3 79 131 153 
3 1007 901 941 
3 46 23 35 
3 23 34 17 
3 67 79 35 
3 13 6 17 
3 7 13 19 
3 62 27 19 
3 187 235 120 
3 304 371 235 
3 466 546 371 
3 616 672 546 
3 672 749 793 
3 870 915 793 
3 1037 915 985 
3 62 120 27 
3 1106 1164 1037 
3 1614 1501 1567 
3 1229 1164 1106 
3 1298 1229 1180 
3 1364 1298 1249 
3 1427 1364 1308 
3 1488 1427 1379 
3 1488 1438 1551 
3 1614 1551 1501 
3 1675 1567 1631 
3 1696 1770 1631 
3 1752 1822 1696 
3 1586 1542 1470 
3 1508 1470 1397 
3 1432 1397 1316 
3 1316 1252 1360 
3 1611 1542 1657 
3 1729 1682 1611 
3 1174 1285 1252 
3 1198 1174 1088 
3 1088 1007 1118 
3 1801 1752 1682 
3 320 277 376 
3 510 452 376 
3 577 510 623 
3 687 623 731 
3 277 226 203 
3 836 794 731 
3 153 131 203 
3 901 836 941 
3 131 79 67 
3 1042 1007 941 
3 23 21 35 
3 12 23 17 
3 33 67 35 
3 6 12 17 
3 13 7 6 
3 27 7 19 
3 235 177 120 
3 371 293 235 
3 546 448 371 
3 672 600 546 
3 672 793 727 
3 915 849 793 
3 915 1037 968 
3 120 57 27 
3 1164 1090 1037 
3 1675 1614 1567 
3 1164 1229 1287 
3 1229 1298 1355 
3 1298 1364 1414 
3 1364 1427 1478 
3 1427 1488 1539 
3 1488 1551 1602 
3 1551 1614 1664 
3 1730 1675 1631 
3 1770 1730 1631 
3 1822 1770 1696 
3 1822 1752 1870 
3 1542 1586 1657 
3 1586 1470 1508 
3 1432 1508 1397 
3 1432 1316 1360 
3 1252 1285 1360 
3 1729 1611 1657 
3 1801 1682 1729 
3 1285 1174 1198 
3 1198 1088 1118 
3 1118 1007 1042 
3 1752 1801 1870 
3 376 277 327 
3 510 376 433 
3 623 510 553 
3 731 623 658 
3 277 203 240 
3 756 836 731 
3 131 180 203 
3 941 836 858 
3 131 67 119 
3 961 1042 941 
3 21 33 35 
3 23 12 21 
3 33 68 67 
3 6 2 12 
3 7 1 6 
3 7 27 14 
3 177 57 120 
3 235 293 177 
3 448 293 371 
3 546 600 448 
3 600 672 727 
3 793 849 727 
3 849 915 968 
3 1037 1090 968 
3 27 57 14 
3 1090 1164 1211 
3 1726 1614 1675 
3 1287 1229 1355 
3 1211 1164 1287 
3 1355 1298 1414 
3 1364 1478 1414 
3 1427 1539 1478 
3 1539 1488 1602 
3 1602 1551 1664 
3 1614 1726 1664 
3 1730 1785 1675 
3 1730 1770 1841 
3 1900 1770 1822 
3 1947 1822 1870 
3 1586 1698 1657 
3 1622 1586 1508 
3 1546 1508 1432 
3 1473 1432 1360 
3 1285 1393 1360 
3 1772 1729 1657 
3 1851 1801 1729 
3 1309 1285 1198 
3 1232 1198 1118 
3 1148 1118 1042 
3 1870 1801 1918 
3 277 240 327 
3 376 327 433 
3 510 433 553 
3 623 553 658 
3 756 731 658 
3 203 180 240 
3 836 756 858 
3 131 119 180 
3 961 941 858 
3 67 68 119 
3 961 1069 1042 
3 22 33 21 
3 12 11 21 
3 33 37 68 
3 2 11 12 
3 1 2 6 
3 1 7 14 
3 57 177 112 
3 293 224 177 
3 448 351 293 
3 600 520 448 
3 651 600 727 
3 849 771 727 
3 890 849 968 
3 1090 1010 968 
3 57 26 14 
3 1152 1090 1211 
3 1785 1726 1675 
3 1401 1287 1355 
3 1337 1211 1287 
3 1469 1355 1414 
3 1478 1531 1414 
3 1478 1539 1591 
3 1654 1539 1602 
3 1712 1602 1664 
3 1726 1776 1664 
3 1785 1730 1841 
3 1770 1900 1841 
3 1947 1900 1822 
3 1990 1947 1870 
3 1698 1772 1657 
3 1698 1586 1622 
3 1546 1622 1508 
3 1473 1546 1432 
3 1393 1473 1360 
3 1393 1285 1309 
3 1851 1729 1772 
3 1801 1851 1918 
3 1309 1198 1232 
3 1232 1118 1148 
3 1069 1148 1042 
3 1990 1870 1918 
3 327 240 292 
3 433 327 373 
3 553 433 493 
3 553 593 658 
3 756 658 682 
3 240 180 225 
3 858 756 783 
3 180 119 176 
3 961 858 880 
3 119 68 128 
3 1069 961 976 
3 37 33 22 
3 11 22 21 
3 37 83 68 
3 2 8 11 
3 2 1 0 
3 4 1 14 
3 177 224 112 
3 57 112 26 
3 293 351 224 
3 448 520 351 
3 600 651 520 
3 771 651 727 
3 849 890 771 
3 1010 890 968 
3 1090 1152 1010 
3 26 4 14 
3 1152 1211 1277 
3 1838 1726 1785 
3 1401 1337 1287 
3 1469 1401 1355 
3 1211 1337 1277 
3 1531 1469 1414 
3 1478 1591 1531 
3 1539 1654 1591 
3 1712 1654 1602 
3 1776 1712 1664 
3 1776 1726 1838 
3 1904 1785 1841 
3 1900 1961 1841 
3 1900 1947 2021 
3 2069 1947 1990 
3 1698 1812 1772 
3 1733 1698 1622 
3 1622 1546 1658 
3 1546 1473 1581 
3 1473 1393 1500 
3 1425 1393 1309 
3 1891 1851 1772 
3 1851 1965 1918 
3 1344 1309 1232 
3 1255 1232 1148 
3 1148 1069 1177 
3 2039 1990 1918 
3 240 225 292 
3 327 292 373 
3 433 373 493 
3 593 553 493 
3 658 593 682 
3 783 756 682 
3 180 176 225 
3 880 858 783 
3 119 128 176 
3 976 961 880 
3 68 83 128 
3 1082 1069 976 
3 37 22 30 
3 11 16 22 
3 83 37 59 
3 11 8 16 
3 8 2 0 
3 1 4 0 
3 224 157 112 
3 112 42 26 
3 224 351 275 
3 520 418 351 
3 651 568 520 
3 651 771 691 
3 890 818 771 
3 890 1010 940 
3 1010 1152 1074 
3 4 26 10 
3 1152 1277 1207 
3 1904 1838 1785 
3 1337 1401 1458 
3 1520 1401 1469 
3 1337 1392 1277 
3 1583 1469 1531 
3 1591 1649 1531 
3 1591 1654 1706 
3 1654 1712 1765 
3 1712 1776 1826 
3 1886 1776 1838 
3 1961 1904 1841 
3 1961 1900 2021 
3 2021 1947 2069 
3 2108 2069 1990 
3 1812 1891 1772 
3 1812 1698 1733 
3 1733 1622 1658 
3 1658 1546 1581 
3 1581 1473 1500 
3 1500 1393 1425 
3 1425 1309 1344 
3 1965 1851 1891 
3 1965 2039 1918 
3 1344 1232 1255 
3 1255 1148 1177 
3 1177 1069 1082 
3 2108 1990 2039 
3 225 281 292 
3 373 292 338 
3 373 420 493 
3 593 493 538 
3 682 593 624 
3 783 682 711 
3 176 223 225 
3 880 783 795 
3 176 128 186 
3 976 880 894 
3 128 83 147 
3 995 1082 976 
3 22 16 30 
3 37 30 59 
3 124 83 59 
3 8 15 16 
3 5 8 0 
3 4 3 0 
3 112 157 42 
3 224 275 157 
3 26 42 10 
3 351 418 275 
3 520 568 418 
3 568 651 691 
3 771 818 691 
3 890 940 818 
3 1010 1074 940 
3 1074 1152 1207 
3 3 4 10 
3 1277 1331 1207 
3 1954 1838 1904 
3 1401 1520 1458 
3 1337 1458 1392 
3 1583 1520 1469 
3 1392 1331 1277 
3 1649 1583 1531 
3 1649 1591 1706 
3 1706 1654 1765 
3 1765 1712 1826 
3 1776 1886 1826 
3 1954 1886 1838 
3 2020 1904 1961 
3 2083 1961 2021 
3 2143 2021 2069 
3 2186 2069 2108 
3 1812 1925 1891 
3 1843 1812 1733 
3 1733 1658 1768 
3 1692 1658 1581 
3 1610 1581 1500 
3 1534 1500 1425 
3 1452 1425 1344 
3 2012 1965 1891 
3 2039 1965 2084 
3 1367 1344 1255 
3 1282 1255 1177 
3 1190 1177 1082 
3 2156 2108 2039 
3 292 281 338 
3 225 223 281 
3 420 373 338 
3 493 420 538 
3 593 538 624 
3 711 682 624 
3 795 783 711 
3 176 186 223 
3 894 880 795 
3 128 147 186 
3 995 976 894 
3 83 124 147 
3 995 1095 1082 
3 16 29 30 
3 30 54 59 
3 113 124 59 
3 16 15 29 
3 8 5 15 
3 3 5 0 
3 157 91 42 
3 157 275 209 
3 42 20 10 
3 418 325 275 
3 418 568 481 
3 617 568 691 
3 818 743 691 
3 818 940 857 
3 940 1074 972 
3 1074 1207 1162 
3 20 3 10 
3 1207 1331 1271 
3 2020 1954 1904 
3 1520 1570 1458 
3 1458 1504 1392 
3 1638 1520 1583 
3 1392 1445 1331 
3 1583 1649 1700 
3 1649 1706 1759 
3 1819 1706 1765 
3 1877 1765 1826 
3 1886 1940 1826 
3 2004 1886 1954 
3 2083 2020 1961 
3 2143 2083 2021 
3 2186 2143 2069 
3 2222 2186 2108 
3 1925 2012 1891 
3 1925 1812 1843 
3 1843 1733 1768 
3 1658 1692 1768 
3 1692 1581 1610 
3 1610 1500 1534 
3 1534 1425 1452 
3 1367 1452 1344 
3 2084 1965 2012 
3 2156 2039 2084 
3 1367 1255 1282 
3 1282 1177 1190 
3 1095 1190 1082 
3 2156 2222 2108 
3 338 281 324 
3 281 223 282 
3 420 338 377 
3 420 457 538 
3 538 561 624 
3 711 624 647 
3 732 795 711 
3 223 186 234 
3 894 795 814 
3 186 147 208 
3 995 894 902 
3 124 185 147 
3 1095 995 1004 
3 30 29 54 
3 54 113 59 
3 113 174 124 
3 15 31 29 
3 5 18 15 
3 3 9 5 
3 91 20 42 
3 91 157 209 
3 275 325 209 
3 418 481 325 
3 568 617 481 
3 743 617 691 
3 743 818 857 
3 940 972 857 
3 1074 1078 972 
3 1207 1271 1162 
3 1078 1074 1162 
3 20 9 3 
3 1331 1387 1271 
3 2068 1954 2020 
3 1570 1504 1458 
3 1520 1638 1570 
3 1392 1504 1445 
3 1638 1583 1700 
3 1331 1445 1387 
3 1649 1759 1700 
3 1706 1819 1759 
3 1877 1819 1765 
3 1940 1877 1826 
3 2004 1940 1886 
3 2068 2004 1954 
3 2083 2137 2020 
3 2205 2083 2143 
3 2256 2143 2186 
3 2222 2293 2186 
3 1925 2062 2012 
3 1944 1925 1843 
3 1878 1843 1768 
3 1692 1802 1768 
3 1723 1692 1610 
3 1643 1610 1534 
3 1534 1452 1558 
3 1452 1367 1475 
3 2130 2084 2012 
3 2201 2156 2084 
3 1367 1282 1386 
3 1295 1282 1190 
3 1190 1095 1201 
3 2222 2156 2273 
3 281 282 324 
3 338 324 377 
3 282 223 234 
3 420 377 457 
3 457 495 538 
3 624 561 647 
3 495 561 538 
3 732 711 647 
3 795 732 814 
3 186 208 234 
3 902 894 814 
3 147 185 208 
3 1004 995 902 
3 124 174 185 
3 1113 1095 1004 
3 29 60 54 
3 54 125 113 
3 179 174 113 
3 29 31 60 
3 15 18 31 
3 5 9 18 
3 20 91 32 
3 143 91 209 
3 209 325 249 
3 325 481 380 
3 481 617 537 
3 617 743 668 
3 779 743 857 
3 972 889 857 
3 972 1078 997 
3 1271 1204 1162 
3 1078 1162 1102 
3 20 32 9 
3 1387 1322 1271 
3 2137 2068 2020 
3 1504 1570 1615 
3 1638 1686 1570 
3 1504 1555 1445 
3 1757 1638 1700 
3 1445 1498 1387 
3 1759 1817 1700 
3 1819 1873 1759 
3 1934 1819 1877 
3 1992 1877 1940 
3 1940 2004 2053 
3 2004 2068 2112 
3 2205 2137 2083 
3 2205 2143 2256 
3 2293 2256 2186 
3 2222 2333 2293 
3 2062 2130 2012 
3 2006 2062 1925 
3 2006 1925 1944 
3 1944 1843 1878 
3 1802 1878 1768 
3 1802 1692 1723 
3 1723 1610 1643 
3 1643 1534 1558 
3 1452 1475 1558 
3 1475 1367 1386 
3 2130 2201 2084 
3 2156 2201 2273 
3 1282 1295 1386 
3 1295 1190 1201 
3 1095 1113 1201 
3 2333 2222 2273 
3 282 330 324 
3 324 365 377 
3 282 234 295 
3 457 377 413 
3 495 457 413 
3 647 561 582 
3 561 495 518 
3 660 732 647 
3 814 732 739 
3 208 266 234 
3 825 902 814 
3 185 238 208 
3 1004 902 918 
3 185 174 229 
3 1023 1113 1004 
3 60 125 54 
3 125 179 113 
3 174 179 233 
3 60 31 81 
3 31 18 36 
3 9 24 18 
3 91 143 32 
3 143 209 249 
3 325 380 249 
3 380 481 537 
3 617 668 537 
3 743 779 668 
3 889 779 857 
3 889 972 997 
3 997 1078 1102 
3 1162 1204 1102 
3 1322 1204 1271 
3 9 32 24 
3 1387 1441 1322 
3 2183 2068 2137 
3 1570 1686 1615 
3 1555 1504 1615 
3 1757 1686 1638 
3 1445 1555 1498 
3 1817 1757 1700 
3 1498 1441 1387 
3 1759 1873 1817 
3 1873 1819 1934 
3 1992 1934 1877 
3 1992 1940 2053 
3 2053 2004 2112 
3 2068 2183 2112 
3 2205 2252 2137 
3 2310 2205 2256 
3 2293 2358 2256 
3 2333 2399 2293 
3 2062 2176 2130 
3 2062 2006 2104 
3 2042 2006 1944 
3 1971 1944 1878 
3 1802 1916 1878 
3 1802 1723 1831 
3 1751 1723 1643 
3 1665 1643 1558 
3 1475 1580 1558 
3 1490 1475 1386 
3 2201 2130 2248 
3 2201 2312 2273 
3 1295 1402 1386 
3 1310 1295 1201 
3 1113 1220 1201 
3 2381 2333 2273 
3 330 365 324 
3 330 282 295 
3 377 365 413 
3 234 266 295 
3 449 495 413 
3 561 518 582 
3 660 647 582 
3 495 449 518 
3 739 732 660 
3 825 814 739 
3 208 238 266 
3 902 825 918 
3 185 229 238 
3 1023 1004 918 
3 174 233 229 
3 1130 1113 1023 
3 125 60 138 
3 125 195 179 
3 233 179 247 
3 31 36 81 
3 138 60 81 
3 18 24 36 
3 32 143 71 
3 143 249 178 
3 380 291 249 
3 441 380 537 
3 668 589 537 
3 668 779 693 
3 805 779 889 
3 889 997 919 
3 1031 997 1102 
3 1204 1146 1102 
3 1204 1322 1267 
3 24 32 71 
3 1322 1441 1381 
3 2252 2183 2137 
3 1686 1719 1615 
3 1666 1555 1615 
3 1686 1757 1825 
3 1555 1609 1498 
3 1757 1817 1875 
3 1441 1498 1556 
3 1873 1932 1817 
3 1988 1873 1934 
3 2048 1934 1992 
3 2106 1992 2053 
3 2170 2053 2112 
3 2183 2229 2112 
3 2310 2252 2205 
3 2358 2310 2256 
3 2399 2358 2293 
3 2399 2333 2454 
3 2130 2176 2248 
3 2176 2062 2104 
3 2006 2042 2104 
3 2042 1944 1971 
3 1878 1994 1971 
3 1916 1994 1878 
3 1916 1802 1831 
3 1723 1751 1831 
3 1751 1643 1665 
3 1580 1665 1558 
3 1580 1475 1490 
3 1402 1490 1386 
3 2312 2201 2248 
3 2312 2381 2273 
3 1402 1295 1310 
3 1220 1310 1201 
3 1220 1113 1130 
3 2333 2381 2454 
3 365 330 381 
3 347 330 295 
3 365 405 413 
3 266 326 295 
3 405 449 413 
3 518 527 582 
3 591 660 582 
3 449 468 518 
3 739 660 664 
3 825 739 741 
3 238 307 266 
3 825 831 918 
3 238 229 300 
3 1023 918 926 
3 233 305 229 
3 1130 1023 1032 
3 125 138 195 
3 179 195 247 
3 313 233 247 
3 36 102 81 
3 159 138 81 
3 24 56 36 
3 143 178 71 
3 249 291 178 
3 291 380 441 
3 589 441 537 
3 668 693 589 
3 779 805 693 
3 805 889 919 
3 997 1031 919 
3 1146 1031 1102 
3 1204 1267 1146 
3 1322 1381 1267 
3 24 71 56 
3 1441 1499 1381 
3 2294 2183 2252 
3 1719 1666 1615 
3 1686 1825 1719 
3 1555 1666 1609 
3 1757 1875 1825 
3 1498 1609 1556 
3 1817 1932 1875 
3 1441 1556 1499 
3 1932 1873 1988 
3 2048 1988 1934 
3 2048 1992 2106 
3 2170 2106 2053 
3 2229 2170 2112 
3 2183 2294 2229 
3 2373 2252 2310 
3 2449 2310 2358 
3 2449 2358 2399 
3 2513 2399 2454 
3 2176 2288 2248 
3 2215 2176 2104 
3 2104 2042 2151 
3 2080 2042 1971 
3 1994 2080 1971 
3 1994 1916 2033 
3 1946 1916 1831 
3 1831 1751 1864 
3 1774 1751 1665 
3 1580 1683 1665 
3 1580 1490 1597 
3 1507 1490 1402 
3 2364 2312 2248 
3 2429 2381 2312 
3 1402 1310 1421 
3 1310 1220 1327 
3 1242 1220 1130 
3 2454 2381 2500 
3 330 347 381 
3 405 365 381 
3 326 347 295 
3 266 307 326 
3 449 405 431 
3 527 591 582 
3 468 527 518 
3 660 591 664 
3 449 431 468 
3 741 739 664 
3 831 825 741 
3 307 238 300 
3 918 831 926 
3 229 305 300 
3 1032 1023 926 
3 233 313 305 
3 1143 1130 1032 
3 195 138 212 
3 195 272 247 
3 313 247 343 
3 102 159 81 
3 36 56 102 
3 138 159 212 
3 71 178 160 
3 291 217 178 
3 291 441 337 
3 441 589 500 
3 693 722 589 
3 693 805 722 
3 846 805 919 
3 1031 958 919 
3 1031 1146 1077 
3 1146 1267 1195 
3 1267 1381 1318 
3 71 160 56 
3 1381 1499 1442 
3 2373 2294 2252 
3 1666 1719 1775 
3 1719 1825 1775 
3 1609 1666 1724 
3 1875 1936 1825 
3 1609 1670 1556 
3 1932 1989 1875 
3 1556 1617 1499 
3 1932 1988 2047 
3 1988 2048 2102 
3 2164 2048 2106 
3 2220 2106 2170 
3 2284 2170 2229 
3 2294 2352 2229 
3 2373 2310 2449 
3 2513 2449 2399 
3 2577 2513 2454 
3 2288 2364 2248 
3 2176 2215 2288 
3 2215 2104 2151 
3 2151 2042 2080 
3 1994 2116 2080 
3 1916 1946 2033 
3 2116 1994 2033 
3 1946 1831 1864 
3 1751 1774 1864 
3 1683 1774 1665 
3 1683 1580 1597 
3 1490 1507 1597 
3 1507 1402 1421 
3 2429 2312 2364 
3 2381 2429 2500 
3 1421 1310 1327 
3 1220 1242 1327 
3 1143 1242 1130 
3 2577 2454 2500 
3 347 404 381 
3 421 405 381 
3 347 326 396 
3 307 386 326 
3 431 405 434 
3 591 527 526 
3 468 488 527 
3 664 591 588 
3 431 447 468 
3 741 664 654 
3 737 831 741 
3 383 307 300 
3 926 831 827 
3 300 305 392 
3 932 1032 926 
3 305 313 403 
3 1143 1032 1039 
3 272 195 212 
3 247 272 343 
3 313 343 437 
3 199 159 102 
3 56 149 102 
3 159 244 212 
3 178 217 160 
3 217 291 337 
3 441 500 337 
3 589 631 500 
3 589 722 631 
3 805 846 722 
3 958 846 919 
3 958 1031 1077 
3 1146 1195 1077 
3 1267 1318 1195 
3 1381 1442 1318 
3 160 149 56 
3 1499 1561 1442 
3 2412 2294 2373 
3 1724 1666 1775 
3 1825 1884 1775 
3 1609 1724 1670 
3 1936 1884 1825 
3 1989 1936 1875 
3 1670 1617 1556 
3 1989 1932 2047 
3 1617 1561 1499 
3 2047 1988 2102 
3 2102 2048 2164 
3 2220 2164 2106 
3 2284 2220 2170 
3 2352 2284 2229 
3 2352 2294 2412 
3 2472 2373 2449 
3 2554 2449 2513 
3 2648 2513 2577 
3 2364 2288 2398 
3 2288 2215 2324 
3 2264 2215 2151 
3 2193 2151 2080 
3 2116 2193 2080 
3 2033 1946 2059 
3 2148 2116 2033 
3 1970 1946 1864 
3 1864 1774 1879 
3 1774 1683 1792 
3 1703 1683 1597 
3 1507 1612 1597 
3 1527 1507 1421 
3 2477 2429 2364 
3 2500 2429 2547 
3 1434 1421 1327 
3 1327 1242 1352 
3 1143 1253 1242 
3 2633 2577 2500 
3 404 421 381 
3 404 347 396 
3 405 421 434 
3 326 386 396 
3 386 307 383 
3 442 431 434 
3 527 488 526 
3 591 526 588 
3 468 447 488 
3 654 664 588 
3 431 442 447 
3 737 741 654 
3 831 737 827 
3 383 300 392 
3 932 926 827 
3 305 403 392 
3 1039 1032 932 
3 313 437 403 
3 1154 1143 1039 
3 309 272 212 
3 272 385 343 
3 343 482 437 
3 159 199 244 
3 149 199 102 
3 244 309 212 
3 217 149 160 
3 242 217 337 
3 500 374 337 
3 631 542 500 
3 722 755 631 
3 722 846 755 
3 846 958 872 
3 958 1077 988 
3 1195 1110 1077 
3 1195 1318 1260 
3 1318 1442 1383 
3 1442 1561 1502 
3 2472 2412 2373 
3 1724 1775 1834 
3 1775 1884 1834 
3 1670 1724 1784 
3 1884 1936 1996 
3 1936 1989 2051 
3 1670 1734 1617 
3 2107 1989 2047 
3 1561 1617 1679 
3 2169 2047 2102 
3 2221 2102 2164 
3 2283 2164 2220 
3 2284 2344 2220 
3 2405 2284 2352 
3 2352 2412 2478 
3 2554 2472 2449 
3 2648 2554 2513 
3 2714 2648 2577 
3 2398 2288 2324 
3 2477 2364 2398 
3 2324 2215 2264 
3 2193 2264 2151 
3 2223 2193 2116 
3 2059 1946 1970 
3 2148 2033 2059 
3 2148 2223 2116 
3 1970 1864 1879 
3 1879 1774 1792 
3 1792 1683 1703 
3 1612 1703 1597 
3 1612 1507 1527 
3 1527 1421 1434 
3 2429 2477 2547 
3 2633 2500 2547 
3 1434 1327 1352 
3 1242 1253 1352 
3 1253 1143 1154 
3 2714 2577 2633 
3 404 469 421 
3 469 404 396 
3 421 472 434 
3 386 476 396 
3 386 383 478 
3 474 442 434 
3 526 488 473 
3 526 521 588 
3 488 447 446 
3 573 654 588 
3 442 440 447 
3 644 737 654 
3 737 726 827 
3 383 392 490 
3 820 932 827 
3 403 507 392 
3 1039 932 944 
3 437 539 403 
3 1154 1039 1050 
3 272 309 385 
3 385 482 343 
3 482 566 437 
3 244 199 296 
3 149 242 199 
3 244 360 309 
3 149 217 242 
3 374 242 337 
3 542 374 500 
3 542 631 670 
3 631 755 670 
3 755 846 872 
3 872 958 988 
3 1077 1110 988 
3 1110 1195 1260 
3 1318 1383 1260 
3 1442 1502 1383 
3 1561 1624 1502 
3 2543 2412 2472 
3 1784 1724 1834 
3 1884 1948 1834 
3 1670 1784 1734 
3 1936 2051 1996 
3 1948 1884 1996 
3 2051 1989 2107 
3 1617 1734 1679 
3 2169 2107 2047 
3 1561 1679 1624 
3 2221 2169 2102 
3 2283 2221 2164 
3 2344 2283 2220 
3 2344 2284 2405 
3 2405 2352 2478 
3 2412 2543 2478 
3 2543 2472 2554 
3 2648 2682 2554 
3 2648 2714 2763 
3 2441 2398 2324 
3 2517 2477 2398 
3 2375 2324 2264 
3 2193 2298 2264 
3 2298 2193 2223 
3 2073 2059 1970 
3 2165 2148 2059 
3 2223 2148 2269 
3 1984 1970 1879 
3 1899 1879 1792 
3 1808 1792 1703 
3 1612 1716 1703 
3 1612 1527 1627 
3 1541 1527 1434 
3 2547 2477 2602 
3 2689 2633 2547 
3 1454 1434 1352 
3 1253 1361 1352 
3 1253 1154 1266 
3 2752 2714 2633 
3 421 469 472 
3 476 469 396 
3 472 474 434 
3 476 386 478 
3 478 383 490 
3 442 474 465 
3 488 446 473 
3 521 526 473 
3 521 573 588 
3 447 440 446 
3 573 644 654 
3 440 442 465 
3 737 644 726 
3 726 820 827 
3 392 507 490 
3 944 932 820 
3 539 507 403 
3 1050 1039 944 
3 566 539 437 
3 1160 1154 1050 
3 309 444 385 
3 385 528 482 
3 482 606 566 
3 199 242 296 
3 360 244 296 
3 309 360 444 
3 242 374 296 
3 374 542 436 
3 542 670 581 
3 670 755 786 
3 755 872 786 
3 899 872 988 
3 1110 1017 988 
3 1136 1110 1260 
3 1260 1383 1324 
3 1383 1502 1447 
3 1502 1624 1568 
3 1897 1784 1834 
3 1948 1897 1834 
3 1734 1784 1854 
3 2051 2113 1996 
3 2061 1948 1996 
3 2051 2107 2172 
3 1734 1803 1679 
3 2227 2107 2169 
3 1624 1679 1749 
3 2285 2169 2221 
3 2283 2345 2221 
3 2283 2344 2404 
3 2344 2405 2470 
3 2541 2405 2478 
3 2478 2543 2637 
3 2682 2543 2554 
3 2682 2648 2763 
3 2763 2714 2824 
3 2441 2517 2398 
3 2441 2324 2375 
3 2477 2517 2602 
3 2298 2375 2264 
3 2334 2298 2223 
3 2165 2059 2073 
3 2073 1970 1984 
3 2269 2148 2165 
3 2334 2223 2269 
3 1984 1879 1899 
3 1899 1792 1808 
3 1716 1808 1703 
3 1716 1612 1627 
3 1527 1541 1627 
3 1541 1434 1454 
3 2689 2547 2602 
3 2689 2752 2633 
3 1361 1454 1352 
3 1361 1253 1266 
3 1154 1160 1266 
3 2824 2714 2752 
3 469 549 472 
3 469 476 556 
3 474 472 533 
3 476 478 564 
3 576 478 490 
3 474 524 465 
3 473 446 428 
3 458 521 473 
3 573 521 505 
3 446 440 426 
3 644 573 559 
3 440 465 459 
3 726 644 633 
3 820 726 714 
3 507 594 490 
3 944 820 854 
3 507 539 621 
3 1050 944 955 
3 539 566 650 
3 1160 1050 1057 
3 444 528 385 
3 482 528 606 
3 606 681 566 
3 436 360 296 
3 360 513 444 
3 374 436 296 
3 436 542 581 
3 670 707 581 
3 707 670 786 
3 872 899 786 
3 1017 899 988 
3 1110 1136 1017 
3 1136 1260 1212 
3 1383 1447 1324 
3 1260 1324 1212 
3 1502 1568 1447 
3 1624 1684 1568 
3 1784 1897 1854 
3 1897 1948 2011 
3 1803 1734 1854 
3 2113 2061 1996 
3 2051 2172 2113 
3 1948 2061 2011 
3 2107 2227 2172 
3 1679 1803 1749 
3 2285 2227 2169 
3 1624 1749 1684 
3 2345 2285 2221 
3 2345 2283 2404 
3 2404 2344 2470 
3 2470 2405 2541 
3 2541 2478 2637 
3 2543 2682 2637 
3 2775 2682 2763 
3 2867 2763 2824 
3 2571 2517 2441 
3 2483 2441 2375 
3 2602 2517 2663 
3 2298 2406 2375 
3 2406 2298 2334 
3 2173 2165 2073 
3 2088 2073 1984 
3 2269 2165 2268 
3 2390 2334 2269 
3 1999 1984 1899 
3 1912 1899 1808 
3 1716 1823 1808 
3 1732 1716 1627 
3 1541 1646 1627 
3 1554 1541 1454 
3 2739 2689 2602 
3 2752 2689 2780 
3 1454 1361 1468 
3 1372 1361 1266 
3 1160 1278 1266 
3 2824 2752 2831 
3 472 549 533 
3 549 469 556 
3 476 564 556 
3 524 474 533 
3 478 576 564 
3 594 576 490 
3 465 524 514 
3 446 426 428 
3 458 473 428 
3 521 458 505 
3 559 573 505 
3 440 459 426 
3 633 644 559 
3 465 514 459 
3 714 726 633 
3 820 714 787 
3 594 507 621 
3 854 820 787 
3 955 944 854 
3 539 650 621 
3 1057 1050 955 
3 566 681 650 
3 1163 1160 1057 
3 528 444 580 
3 528 652 606 
3 681 606 724 
3 436 513 360 
3 444 513 580 
3 513 436 581 
3 707 643 581 
3 829 707 786 
3 899 829 786 
3 899 1017 946 
3 1017 1136 1058 
3 1170 1136 1212 
3 1447 1390 1324 
3 1324 1274 1212 
3 1447 1568 1511 
3 1684 1632 1568 
3 1897 1964 1854 
3 1897 2011 1964 
3 1921 1803 1854 
3 2179 2061 2113 
3 2172 2234 2113 
3 2061 2127 2011 
3 2227 2292 2172 
3 1803 1882 1749 
3 2353 2227 2285 
3 1749 1798 1684 
3 2285 2345 2409 
3 2471 2345 2404 
3 2536 2404 2470 
3 2628 2470 2541 
3 2723 2541 2637 
3 2682 2775 2637 
3 2867 2775 2763 
3 2867 2824 2874 
3 2517 2571 2663 
3 2571 2441 2483 
3 2406 2483 2375 
3 2739 2602 2663 
3 2451 2406 2334 
3 2268 2165 2173 
3 2173 2073 2088 
3 2088 1984 1999 
3 2366 2269 2268 
3 2451 2334 2390 
3 2366 2390 2269 
3 1999 1899 1912 
3 1823 1912 1808 
3 1823 1716 1732 
3 1646 1732 1627 
3 1554 1646 1541 
3 1554 1454 1468 
3 2780 2689 2739 
3 2752 2780 2831 
3 1361 1372 1468 
3 1278 1372 1266 
3 1278 1160 1163 
3 2874 2824 2831 
3 533 549 611 
3 629 549 556 
3 564 645 556 
3 597 524 533 
3 564 576 665 
3 576 594 678 
3 524 578 514 
3 426 416 428 
3 458 428 414 
3 458 435 505 
3 491 559 505 
3 426 459 430 
3 633 559 551 
3 459 514 496 
3 714 633 615 
3 787 714 690 
3 594 621 697 
3 868 854 787 
3 955 854 868 
3 650 733 621 
3 1057 955 959 
3 650 681 759 
3 1163 1057 1055 
3 528 580 652 
3 606 652 724 
3 791 681 724 
3 513 643 580 
3 643 513 581 
3 707 761 643 
3 707 829 761 
3 899 946 829 
3 946 1017 1058 
3 1136 1170 1058 
3 1274 1170 1212 
3 1390 1274 1324 
3 1390 1447 1511 
3 1568 1632 1511 
3 1632 1684 1745 
3 1964 1921 1854 
3 1964 2011 2077 
3 1803 1921 1882 
3 2061 2179 2127 
3 2234 2179 2113 
3 2292 2234 2172 
3 2011 2127 2077 
3 2292 2227 2353 
3 1749 1882 1798 
3 2353 2285 2409 
3 1684 1798 1745 
3 2409 2345 2471 
3 2471 2404 2536 
3 2536 2470 2628 
3 2723 2628 2541 
3 2775 2723 2637 
3 2775 2867 2858 
3 2932 2867 2874 
3 2571 2709 2663 
3 2615 2571 2483 
3 2523 2483 2406 
3 2788 2739 2663 
3 2451 2523 2406 
3 2265 2268 2173 
3 2184 2173 2088 
3 2097 2088 1999 
3 2366 2268 2347 
3 2497 2451 2390 
3 2390 2366 2461 
3 2015 1999 1912 
3 1823 1928 1912 
3 1835 1823 1732 
3 1747 1732 1646 
3 1554 1659 1646 
3 1572 1554 1468 
3 2788 2780 2739 
3 2780 2865 2831 
3 1468 1372 1480 
3 1372 1278 1388 
3 1281 1278 1163 
3 2905 2874 2831 
3 549 629 611 
3 597 533 611 
3 645 629 556 
3 564 665 645 
3 524 597 578 
3 665 576 678 
3 594 697 678 
3 514 578 555 
3 428 416 414 
3 416 426 430 
3 435 458 414 
3 435 491 505 
3 559 491 551 
3 430 459 496 
3 633 551 615 
3 514 555 496 
3 690 714 615 
3 787 690 778 
3 621 733 697 
3 868 787 778 
3 959 955 868 
3 733 650 759 
3 1055 1057 959 
3 681 791 759 
3 1163 1055 1149 
3 580 699 652 
3 652 766 724 
3 791 724 838 
3 643 699 580 
3 643 761 699 
3 761 829 875 
3 829 946 875 
3 989 946 1058 
3 1170 1097 1058 
3 1170 1274 1210 
3 1274 1390 1329 
3 1390 1511 1450 
3 1632 1576 1511 
3 1699 1632 1745 
3 1964 2037 1921 
3 2037 1964 2077 
3 1921 2001 1882 
3 2127 2179 2244 
3 2179 2234 2299 
3 2234 2292 2362 
3 2127 2191 2077 
3 2419 2292 2353 
3 1882 1852 1798 
3 2480 2353 2409 
3 1798 1852 1745 
3 2544 2409 2471 
3 2629 2471 2536 
3 2713 2536 2628 
3 2723 2787 2628 
3 2723 2775 2858 
3 2867 2931 2858 
3 2931 2867 2932 
3 2905 2932 2874 
3 2709 2788 2663 
3 2709 2571 2615 
3 2615 2483 2523 
3 2523 2451 2569 
3 2268 2265 2347 
3 2265 2173 2184 
3 2097 2184 2088 
3 2015 2097 1999 
3 2430 2366 2347 
3 2451 2497 2569 
3 2497 2390 2461 
3 2366 2430 2461 
3 1928 2015 1912 
3 1928 1823 1835 
3 1835 1732 1747 
3 1659 1747 1646 
3 1659 1554 1572 
3 1572 1468 1480 
3 2865 2780 2788 
3 2865 2905 2831 
3 1372 1388 1480 
3 1388 1278 1281 
3 1208 1281 1163 
3 629 696 611 
3 679 597 611 
3 645 723 629 
3 665 744 645 
3 597 659 578 
3 758 665 678 
3 697 781 678 
3 555 578 636 
3 416 393 414 
3 416 430 410 
3 394 435 414 
3 491 435 412 
3 551 491 461 
3 462 430 496 
3 615 551 519 
3 555 530 496 
3 690 615 587 
3 778 690 677 
3 733 800 697 
3 862 868 778 
3 959 868 862 
3 841 733 759 
3 954 1055 959 
3 791 871 759 
3 1055 1047 1149 
3 1163 1149 1208 
3 699 766 652 
3 724 766 838 
3 791 838 900 
3 761 816 699 
3 816 761 875 
3 946 989 875 
3 1097 989 1058 
3 1097 1170 1210 
3 1274 1329 1210 
3 1329 1390 1450 
3 1511 1576 1450 
3 1632 1699 1576 
3 1814 1699 1745 
3 1921 2037 2001 
3 2150 2037 2077 
3 1882 2001 1969 
3 2179 2299 2244 
3 2191 2127 2244 
3 2299 2234 2362 
3 2292 2419 2362 
3 2191 2150 2077 
3 2419 2353 2480 
3 1882 1969 1852 
3 2480 2409 2544 
3 1852 1814 1745 
3 2629 2544 2471 
3 2629 2536 2713 
3 2787 2713 2628 
3 2787 2723 2858 
3 2931 2918 2858 
3 2985 2931 2932 
3 2962 2932 2905 
3 2821 2788 2709 
3 2709 2615 2746 
3 2660 2615 2523 
3 2660 2523 2569 
3 2265 2342 2347 
3 2271 2265 2184 
3 2196 2184 2097 
3 2110 2097 2015 
3 2417 2430 2347 
3 2497 2609 2569 
3 2551 2497 2461 
3 2430 2514 2461 
3 1928 2030 2015 
3 1941 1928 1835 
3 1835 1747 1856 
3 1747 1659 1762 
3 1673 1659 1572 
3 1587 1572 1480 
3 2865 2788 2883 
3 2936 2905 2865 
3 1388 1493 1480 
3 1388 1281 1403 
3 1313 1281 1208 
3 696 679 611 
3 629 723 696 
3 597 679 659 
3 645 744 723 
3 758 744 665 
3 578 659 636 
3 781 758 678 
3 800 781 697 
3 607 555 636 
3 393 394 414 
3 393 416 410 
3 430 462 410 
3 412 435 394 
3 491 412 461 
3 551 461 519 
3 530 462 496 
3 587 615 519 
3 555 607 530 
3 690 587 677 
3 778 677 762 
3 733 841 800 
3 862 778 762 
3 954 959 862 
3 871 841 759 
3 1055 954 1047 
3 871 791 900 
3 1149 1047 1139 
3 1236 1208 1149 
3 699 816 766 
3 766 877 838 
3 838 951 900 
3 816 875 929 
3 875 989 929 
3 989 1097 1045 
3 1097 1210 1159 
3 1329 1275 1210 
3 1391 1329 1450 
3 1450 1576 1512 
3 1576 1699 1644 
3 1771 1699 1814 
3 2037 2114 2001 
3 2037 2150 2114 
3 1969 2001 2085 
3 2299 2372 2244 
3 2309 2191 2244 
3 2425 2299 2362 
3 2419 2491 2362 
3 2150 2191 2259 
3 2419 2480 2561 
3 1852 1969 1931 
3 2643 2480 2544 
3 1814 1852 1931 
3 2720 2544 2629 
3 2781 2629 2713 
3 2787 2851 2713 
3 2918 2787 2858 
3 2977 2918 2931 
3 2977 2931 2985 
3 2985 2932 2962 
3 2962 2905 2936 
3 2788 2821 2883 
3 2821 2709 2746 
3 2615 2660 2746 
3 2693 2660 2569 
3 2342 2417 2347 
3 2342 2265 2271 
3 2271 2184 2196 
3 2196 2097 2110 
3 2030 2110 2015 
3 2493 2430 2417 
3 2609 2693 2569 
3 2497 2551 2609 
3 2514 2551 2461 
3 2493 2514 2430 
3 2030 1928 1941 
3 1941 1835 1856 
3 1747 1762 1856 
3 1762 1659 1673 
3 1673 1572 1587 
3 1493 1587 1480 
3 2936 2865 2883 
3 1493 1388 1403 
3 1403 1281 1313 
3 1236 1313 1208 
3 769 679 696 
3 723 789 696 
3 679 752 659 
3 744 815 723 
3 744 758 844 
3 659 719 636 
3 781 861 758 
3 781 800 884 
3 684 607 636 
3 393 368 394 
3 388 393 410 
3 462 429 410 
3 412 394 363 
3 461 412 379 
3 461 411 519 
3 530 504 462 
3 587 519 454 
3 607 574 530 
3 677 587 584 
3 762 677 667 
3 800 841 908 
3 850 862 762 
3 850 954 862 
3 841 871 948 
3 1047 954 947 
3 974 871 900 
3 1047 1036 1139 
3 1236 1149 1139 
3 816 877 766 
3 877 951 838 
3 951 1006 900 
3 816 929 877 
3 929 989 1045 
3 1097 1159 1045 
3 1210 1275 1159 
3 1329 1391 1275 
3 1391 1450 1512 
3 1576 1644 1512 
3 1699 1771 1644 
3 1771 1814 1888 
3 2001 2114 2085 
3 2114 2150 2225 
3 2050 1969 2085 
3 2372 2309 2244 
3 2299 2425 2372 
3 2191 2309 2259 
3 2491 2425 2362 
3 2419 2561 2491 
3 2150 2259 2225 
3 2480 2643 2561 
3 1969 2050 1931 
3 2720 2643 2544 
3 1814 1931 1888 
3 2781 2720 2629 
3 2851 2781 2713 
3 2851 2787 2918 
3 2953 2918 2977 
3 2977 2985 3030 
3 3022 2985 2962 
3 2962 2936 2993 
3 2821 2910 2883 
3 2837 2821 2746 
3 2660 2765 2746 
3 2765 2660 2693 
3 2417 2342 2418 
3 2342 2271 2356 
3 2282 2271 2196 
3 2208 2196 2110 
3 2110 2030 2131 
3 2482 2493 2417 
3 2718 2693 2609 
3 2609 2551 2657 
3 2551 2514 2597 
3 2566 2514 2493 
3 2030 1941 2045 
3 1959 1941 1856 
3 1762 1868 1856 
3 1762 1673 1780 
3 1690 1673 1587 
3 1493 1599 1587 
3 2954 2936 2883 
3 1510 1493 1403 
3 1420 1403 1313 
3 1236 1325 1313 
3 679 769 752 
3 789 769 696 
3 723 815 789 
3 659 752 719 
3 744 844 815 
3 758 861 844 
3 719 684 636 
3 781 884 861 
3 800 908 884 
3 684 663 607 
3 394 368 363 
3 393 388 368 
3 429 388 410 
3 462 504 429 
3 412 363 379 
3 461 379 411 
3 519 411 454 
3 530 574 504 
3 502 587 454 
3 607 663 574 
3 587 502 584 
3 677 584 667 
3 748 762 667 
3 908 841 948 
3 748 850 762 
3 954 850 947 
3 871 974 948 
3 1036 1047 947 
3 1006 974 900 
3 1036 1137 1139 
3 1239 1236 1139 
3 877 991 951 
3 951 1059 1006 
3 877 929 991 
3 991 929 1045 
3 1159 1101 1045 
3 1275 1214 1159 
3 1275 1391 1336 
3 1456 1391 1512 
3 1644 1574 1512 
3 1771 1725 1644 
3 1771 1888 1848 
3 2114 2200 2085 
3 2200 2114 2225 
3 2161 2050 2085 
3 2437 2309 2372 
3 2425 2505 2372 
3 2309 2378 2259 
3 2425 2491 2578 
3 2561 2661 2491 
3 2259 2319 2225 
3 2643 2736 2561 
3 1931 2050 2008 
3 2643 2720 2801 
3 1931 2008 1888 
3 2720 2781 2863 
3 2915 2781 2851 
3 2953 2851 2918 
3 2953 2977 3008 
3 2985 3022 3030 
3 3008 2977 3030 
3 3022 2962 2993 
3 2936 2954 2993 
3 2910 2954 2883 
3 2837 2910 2821 
3 2765 2837 2746 
3 2782 2765 2693 
3 2418 2342 2356 
3 2482 2417 2418 
3 2356 2271 2282 
3 2282 2196 2208 
3 2208 2110 2131 
3 2131 2030 2045 
3 2542 2493 2482 
3 2718 2782 2693 
3 2718 2609 2657 
3 2657 2551 2597 
3 2514 2566 2597 
3 2566 2493 2542 
3 2045 1941 1959 
3 1868 1959 1856 
3 1868 1762 1780 
3 1780 1673 1690 
3 1599 1690 1587 
3 1599 1493 1510 
3 1510 1403 1420 
3 1325 1420 1313 
3 1325 1236 1239 
3 752 769 842 
3 789 864 769 
3 815 887 789 
3 752 803 719 
3 844 911 815 
3 861 945 844 
3 719 775 684 
3 884 966 861 
3 884 908 998 
3 684 747 663 
3 363 368 335 
3 368 388 356 
3 388 429 397 
3 429 504 463 
3 379 363 328 
3 411 379 339 
3 454 411 364 
3 574 531 504 
3 502 454 398 
3 574 663 612 
3 502 558 584 
3 584 558 667 
3 748 667 641 
3 908 948 998 
3 840 850 748 
3 850 840 947 
3 974 1046 948 
3 1036 947 938 
3 1006 1081 974 
3 1137 1239 1139 
3 1137 1036 1033 
3 991 1059 951 
3 1059 1121 1006 
3 1101 991 1045 
3 1214 1101 1159 
3 1275 1336 1214 
3 1391 1456 1336 
3 1574 1456 1512 
3 1725 1574 1644 
3 1725 1771 1848 
3 1888 1960 1848 
3 2200 2161 2085 
3 2319 2200 2225 
3 2161 2126 2050 
3 2309 2437 2378 
3 2505 2437 2372 
3 2505 2425 2578 
3 2259 2378 2319 
3 2491 2661 2578 
3 2561 2736 2661 
3 2736 2643 2801 
3 2050 2126 2008 
3 2801 2720 2863 
3 1888 2008 1960 
3 2863 2781 2915 
3 2915 2851 2953 
3 2915 2953 3008 
3 3022 3042 3030 
3 3041 3008 3030 
3 3034 3022 2993 
3 2954 3005 2993 
3 2964 2954 2910 
3 2910 2837 2920 
3 2857 2837 2765 
3 2782 2857 2765 
3 2432 2418 2356 
3 2489 2482 2418 
3 2376 2356 2282 
3 2307 2282 2208 
3 2231 2208 2131 
3 2155 2131 2045 
3 2537 2542 2482 
3 2782 2718 2791 
3 2731 2718 2657 
3 2679 2657 2597 
3 2566 2631 2597 
3 2598 2566 2542 
3 2070 2045 1959 
3 1868 1978 1959 
3 1887 1868 1780 
3 1780 1690 1797 
3 1690 1599 1707 
3 1613 1599 1510 
3 1526 1510 1420 
3 1420 1325 1431 
3 1340 1325 1239 
3 769 864 842 
3 803 752 842 
3 789 887 864 
3 815 911 887 
3 803 775 719 
3 844 945 911 
3 861 966 945 
3 684 775 747 
3 966 884 998 
3 663 747 698 
3 335 368 356 
3 363 335 328 
3 388 397 356 
3 429 463 397 
3 504 531 463 
3 379 328 339 
3 411 339 364 
3 454 364 398 
3 531 574 612 
3 460 502 398 
3 663 698 612 
3 558 502 460 
3 667 558 641 
3 735 748 641 
3 948 1046 998 
3 840 748 735 
3 947 840 938 
3 974 1081 1046 
3 1033 1036 938 
3 1006 1121 1081 
3 1137 1243 1239 
3 1137 1033 1138 
3 1101 1059 991 
3 1121 1059 1173 
3 1101 1214 1173 
3 1214 1336 1288 
3 1336 1456 1399 
3 1456 1574 1519 
3 1574 1725 1626 
3 1725 1848 1804 
3 1960 1917 1848 
3 2200 2279 2161 
3 2279 2200 2319 
3 2161 2235 2126 
3 2437 2512 2378 
3 2505 2592 2437 
3 2505 2578 2683 
3 2378 2442 2319 
3 2661 2756 2578 
3 2736 2822 2661 
3 2736 2801 2878 
3 2126 2072 2008 
3 2801 2863 2934 
3 2008 2072 1960 
3 2863 2915 2972 
3 2972 2915 3008 
3 3042 3041 3030 
3 3042 3022 3034 
3 2972 3008 3041 
3 3005 3034 2993 
3 3005 2954 2964 
3 2964 2910 2920 
3 2837 2857 2920 
3 2857 2782 2862 
3 2489 2418 2432 
3 2376 2432 2356 
3 2537 2482 2489 
3 2307 2376 2282 
3 2231 2307 2208 
3 2155 2231 2131 
3 2070 2155 2045 
3 2537 2590 2542 
3 2718 2731 2791 
3 2862 2782 2791 
3 2679 2731 2657 
3 2631 2679 2597 
3 2631 2566 2598 
3 2590 2598 2542 
3 1978 2070 1959 
3 1868 1887 1978 
3 1887 1780 1797 
3 1797 1690 1707 
3 1707 1599 1613 
3 1613 1510 1526 
3 1526 1420 1431 
3 1431 1325 1340 
3 1243 1340 1239 
3 864 936 842 
3 896 803 842 
3 887 962 864 
3 911 987 887 
3 803 869 775 
3 945 1008 911 
3 966 1041 945 
3 775 835 747 
3 1075 966 998 
3 698 747 790 
3 335 356 322 
3 335 298 328 
3 356 397 354 
3 397 463 401 
3 463 531 471 
3 328 294 339 
3 364 339 299 
3 398 364 321 
3 531 612 552 
3 460 398 357 
3 612 698 635 
3 558 460 544 
3 558 544 641 
3 625 735 641 
3 1046 1108 998 
3 828 840 735 
3 840 828 938 
3 1081 1155 1046 
3 927 1033 938 
3 1121 1191 1081 
3 1243 1137 1138 
3 1033 1027 1138 
3 1059 1101 1173 
3 1240 1121 1173 
3 1214 1288 1173 
3 1336 1399 1288 
3 1399 1456 1519 
3 1574 1626 1519 
3 1626 1725 1695 
3 1848 1917 1804 
3 1725 1804 1695 
3 2032 1917 1960 
3 2161 2279 2235 
3 2279 2319 2389 
3 2126 2235 2190 
3 2378 2512 2442 
3 2437 2592 2512 
3 2592 2505 2683 
3 2578 2756 2683 
3 2319 2442 2389 
3 2661 2822 2756 
3 2822 2736 2878 
3 2878 2801 2934 
3 2126 2190 2072 
3 2934 2863 2972 
3 2072 2032 1960 
3 3042 3047 3041 
3 3044 3042 3034 
3 3033 2972 3041 
3 3036 3034 3005 
3 3007 3005 2964 
3 2966 2964 2920 
3 2857 2923 2920 
3 2923 2857 2862 
3 2508 2489 2432 
3 2376 2458 2432 
3 2555 2537 2489 
3 2397 2376 2307 
3 2330 2307 2231 
3 2263 2231 2155 
3 2178 2155 2070 
3 2537 2595 2590 
3 2731 2786 2791 
3 2845 2862 2791 
3 2731 2679 2738 
3 2679 2631 2686 
3 2649 2631 2598 
3 2622 2598 2590 
3 2093 2070 1978 
3 1978 1887 2002 
3 1909 1887 1797 
3 1815 1797 1707 
3 1722 1707 1613 
3 1629 1613 1526 
3 1536 1526 1431 
3 1440 1431 1340 
3 1243 1350 1340 
3 936 896 842 
3 864 962 936 
3 896 869 803 
3 887 987 962 
3 1008 987 911 
3 775 869 835 
3 945 1041 1008 
3 966 1075 1041 
3 747 835 790 
3 1108 1075 998 
3 698 790 742 
3 356 354 322 
3 298 335 322 
3 298 294 328 
3 397 401 354 
3 463 471 401 
3 531 552 471 
3 339 294 299 
3 364 299 321 
3 398 321 357 
3 612 635 552 
3 460 357 422 
3 698 742 635 
3 544 460 422 
3 544 625 641 
3 718 735 625 
3 1155 1108 1046 
3 828 735 718 
3 828 927 938 
3 1081 1191 1155 
3 1027 1033 927 
3 1121 1240 1191 
3 1245 1243 1138 
3 1138 1027 1135 
3 1288 1240 1173 
3 1288 1399 1357 
3 1471 1399 1519 
3 1626 1585 1519 
3 1585 1626 1695 
3 1917 1876 1804 
3 1804 1763 1695 
3 1917 2032 1983 
3 2235 2279 2349 
3 2279 2389 2349 
3 2190 2235 2303 
3 2512 2583 2442 
3 2592 2692 2512 
3 2774 2592 2683 
3 2756 2841 2683 
3 2442 2492 2389 
3 2822 2903 2756 
3 2822 2878 2952 
3 2878 2934 3002 
3 2072 2190 2147 
3 2934 2972 3033 
3 2072 2147 2032 
3 3047 3033 3041 
3 3047 3042 3044 
3 3036 3044 3034 
3 3007 3036 3005 
3 2966 3007 2964 
3 2923 2966 2920 
3 2909 2923 2862 
3 2508 2555 2489 
3 2458 2508 2432 
3 2458 2376 2397 
3 2595 2537 2555 
3 2397 2307 2330 
3 2263 2330 2231 
3 2178 2263 2155 
3 2178 2070 2093 
3 2595 2618 2590 
3 2786 2845 2791 
3 2786 2731 2738 
3 2845 2909 2862 
3 2738 2679 2686 
3 2631 2649 2686 
3 2622 2649 2598 
3 2618 2622 2590 
3 2093 1978 2002 
3 1887 1909 2002 
3 1909 1797 1815 
3 1815 1707 1722 
3 1629 1722 1613 
3 1536 1629 1526 
3 1440 1536 1431 
3 1350 1440 1340 
3 1350 1243 1245 
3 936 996 896 
3 962 1028 936 
3 896 964 869 
3 987 1064 962 
3 1008 1086 987 
3 835 869 925 
3 1008 1041 1114 
3 1041 1075 1150 
3 835 885 790 
3 1108 1184 1075 
3 790 839 742 
3 354 312 322 
3 298 322 288 
3 294 298 268 
3 401 358 354 
3 401 471 407 
3 471 552 486 
3 294 263 299 
3 321 299 265 
3 357 321 285 
3 552 635 557 
3 422 357 318 
3 635 742 675 
3 517 544 422 
3 625 544 517 
3 718 625 608 
3 1108 1155 1219 
3 828 718 822 
3 927 828 822 
3 1191 1264 1155 
3 1027 927 922 
3 1240 1304 1191 
3 1245 1138 1135 
3 1027 1026 1135 
3 1288 1357 1240 
3 1399 1471 1357 
3 1585 1471 1519 
3 1653 1585 1695 
3 1804 1876 1763 
3 1876 1917 1983 
3 1763 1653 1695 
3 2032 2098 1983 
3 2235 2349 2303 
3 2389 2464 2349 
3 2260 2190 2303 
3 2583 2492 2442 
3 2692 2583 2512 
3 2774 2692 2592 
3 2841 2774 2683 
3 2756 2903 2841 
3 2492 2464 2389 
3 2903 2822 2952 
3 2952 2878 3002 
3 3002 2934 3033 
3 2190 2260 2147 
3 2032 2147 2098 
3 3047 3049 3033 
3 3048 3047 3044 
3 3043 3044 3036 
3 3032 3036 3007 
3 2998 3007 2966 
3 2966 2923 2956 
3 2956 2923 2909 
3 2555 2508 2579 
3 2531 2508 2458 
3 2487 2458 2397 
3 2608 2595 2555 
3 2433 2397 2330 
3 2330 2263 2369 
3 2263 2178 2286 
3 2203 2178 2093 
3 2618 2595 2624 
3 2786 2827 2845 
3 2764 2786 2738 
3 2887 2909 2845 
3 2724 2738 2686 
3 2649 2672 2686 
3 2647 2649 2622 
3 2618 2625 2622 
3 2119 2093 2002 
3 2002 1909 2026 
3 1909 1815 1929 
3 1829 1815 1722 
3 1629 1735 1722 
3 1645 1629 1536 
3 1547 1536 1440 
3 1455 1440 1350 
3 1354 1350 1245 
3 896 996 964 
3 1028 996 936 
3 1064 1028 962 
3 869 964 925 
3 987 1086 1064 
3 1086 1008 1114 
3 885 835 925 
3 1041 1150 1114 
3 1075 1184 1150 
3 790 885 839 
3 1184 1108 1219 
3 742 839 776 
3 322 312 288 
3 358 312 354 
3 268 298 288 
3 294 268 263 
3 358 401 407 
3 471 486 407 
3 552 557 486 
3 299 263 265 
3 321 265 285 
3 357 285 318 
3 557 635 638 
3 422 318 387 
3 742 776 675 
3 635 675 638 
3 517 422 387 
3 625 517 608 
3 717 718 608 
3 1155 1264 1219 
3 822 718 717 
3 922 927 822 
3 1191 1304 1264 
3 1026 1027 922 
3 1240 1357 1304 
3 1244 1245 1135 
3 1026 1128 1135 
3 1357 1471 1423 
3 1471 1585 1537 
3 1585 1653 1537 
3 1876 1832 1763 
3 1945 1876 1983 
3 1653 1763 1720 
3 2098 2055 1983 
3 2349 2414 2303 
3 2349 2464 2414 
3 2374 2260 2303 
3 2583 2580 2492 
3 2583 2692 2711 
3 2692 2774 2817 
3 2912 2774 2841 
3 2903 2967 2841 
3 2492 2580 2464 
3 3015 2903 2952 
3 3039 2952 3002 
3 3049 3002 3033 
3 2260 2210 2147 
3 2147 2210 2098 
3 3047 3048 3049 
3 3043 3048 3044 
3 3043 3036 3032 
3 3032 3007 2998 
3 2998 2966 2956 
3 2939 2956 2909 
3 2508 2531 2579 
3 2608 2555 2579 
3 2531 2458 2487 
3 2487 2397 2433 
3 2624 2595 2608 
3 2433 2330 2369 
3 2263 2286 2369 
3 2178 2203 2286 
3 2203 2093 2119 
3 2613 2618 2624 
3 2827 2887 2845 
3 2827 2786 2764 
3 2724 2764 2738 
3 2887 2939 2909 
3 2672 2724 2686 
3 2647 2672 2649 
3 2625 2647 2622 
3 2618 2613 2625 
3 2119 2002 2026 
3 2026 1909 1929 
3 1929 1815 1829 
3 1735 1829 1722 
3 1735 1629 1645 
3 1645 1536 1547 
3 1547 1440 1455 
3 1455 1350 1354 
3 1244 1354 1245 
3 996 1066 964 
3 1028 1092 996 
3 1064 1129 1028 
3 964 1025 925 
3 1064 1086 1165 
3 1192 1086 1114 
3 983 885 925 
3 1150 1222 1114 
3 1184 1258 1150 
3 885 943 839 
3 1297 1184 1219 
3 776 839 878 
3 288 312 286 
3 312 358 316 
3 268 288 260 
3 263 268 230 
3 359 358 407 
3 486 415 407 
3 486 557 497 
3 263 214 265 
3 265 216 285 
3 285 239 318 
3 563 557 638 
3 387 318 287 
3 776 712 675 
3 675 712 638 
3 517 387 484 
3 608 517 484 
3 717 608 627 
3 1264 1335 1219 
3 821 822 717 
3 922 822 821 
3 1264 1304 1377 
3 917 1026 922 
3 1357 1423 1304 
3 1128 1244 1135 
3 1128 1026 1020 
3 1471 1537 1423 
3 1537 1653 1606 
3 1763 1832 1720 
3 1876 1945 1832 
3 2055 1945 1983 
3 1606 1653 1720 
3 2166 2055 2098 
3 2414 2374 2303 
3 2464 2532 2414 
3 2260 2374 2320 
3 2583 2711 2580 
3 2692 2817 2711 
3 2774 2912 2817 
3 2967 2912 2841 
3 2967 2903 3015 
3 2464 2580 2532 
3 3039 3015 2952 
3 3039 3002 3049 
3 2210 2260 2320 
3 2210 2166 2098 
3 3048 3046 3049 
3 3048 3043 3045 
3 3037 3043 3032 
3 3019 3032 2998 
3 2986 2998 2956 
3 2986 2956 2939 
3 2531 2605 2579 
3 2630 2608 2579 
3 2531 2487 2567 
3 2519 2487 2433 
3 2635 2624 2608 
3 2467 2433 2369 
3 2369 2286 2395 
3 2286 2203 2314 
3 2230 2203 2119 
3 2612 2613 2624 
3 2827 2847 2887 
3 2784 2827 2764 
3 2737 2764 2724 
3 2902 2939 2887 
3 2672 2685 2724 
3 2672 2647 2646 
3 2607 2647 2625 
3 2613 2587 2625 
3 2142 2119 2026 
3 2044 2026 1929 
3 1942 1929 1829 
3 1735 1847 1829 
3 1735 1645 1750 
3 1655 1645 1547 
3 1559 1547 1455 
3 1463 1455 1354 
3 1354 1244 1353 
3 964 1066 1025 
3 996 1092 1066 
3 1028 1129 1092 
3 1129 1064 1165 
3 1025 983 925 
3 1086 1192 1165 
3 1222 1192 1114 
3 983 943 885 
3 1150 1258 1222 
3 1184 1297 1258 
3 839 943 878 
3 1335 1297 1219 
3 776 878 810 
3 286 312 316 
3 288 286 260 
3 358 359 316 
3 230 268 260 
3 263 230 214 
3 415 359 407 
3 486 497 415 
3 557 563 497 
3 214 216 265 
3 216 239 285 
3 318 239 287 
3 649 563 638 
3 387 287 350 
3 712 776 810 
3 712 649 638 
3 484 387 350 
3 570 608 484 
3 627 608 570 
3 720 717 627 
3 1335 1264 1377 
3 821 717 720 
3 917 922 821 
3 1304 1423 1377 
3 1026 917 1020 
3 1233 1244 1128 
3 1122 1128 1020 
3 1423 1537 1491 
3 1537 1606 1491 
3 1832 1789 1720 
3 1832 1945 1905 
3 1945 2055 2013 
3 1676 1606 1720 
3 2055 2166 2125 
3 2484 2374 2414 
3 2532 2484 2414 
3 2374 2435 2320 
3 2580 2711 2674 
3 2817 2785 2711 
3 2817 2912 2880 
3 2967 2958 2912 
3 3018 2967 3015 
3 2580 2674 2532 
3 3039 3040 3015 
3 3046 3039 3049 
3 2277 2210 2320 
3 2210 2277 2166 
3 3046 3048 3045 
3 3043 3037 3045 
3 3037 3032 3019 
3 2986 3019 2998 
3 2948 2986 2939 
3 2605 2630 2579 
3 2605 2531 2567 
3 2638 2608 2630 
3 2487 2519 2567 
3 2519 2433 2467 
3 2612 2624 2635 
3 2635 2608 2638 
3 2467 2369 2395 
3 2395 2286 2314 
3 2203 2230 2314 
3 2230 2119 2142 
3 2613 2612 2584 
3 2847 2902 2887 
3 2827 2784 2847 
3 2737 2784 2764 
3 2685 2737 2724 
3 2902 2948 2939 
3 2685 2672 2646 
3 2647 2607 2646 
3 2587 2607 2625 
3 2587 2613 2584 
3 2044 2142 2026 
3 1942 2044 1929 
3 1847 1942 1829 
3 1847 1735 1750 
3 1645 1655 1750 
3 1655 1547 1559 
3 1559 1455 1463 
3 1463 1354 1353 
3 1353 1244 1233 
3 1025 1066 1126 
3 1092 1172 1066 
3 1092 1129 1197 
3 1235 1129 1165 
3 1025 1084 983 
3 1192 1270 1165 
3 1222 1300 1192 
3 943 983 1043 
3 1258 1334 1222 
3 1297 1370 1258 
3 943 984 878 
3 1297 1335 1409 
3 878 924 810 
3 286 316 290 
3 286 257 260 
3 359 319 316 
3 230 260 219 
3 214 230 194 
3 359 415 366 
3 415 497 425 
3 497 563 506 
3 216 214 165 
3 239 216 175 
3 287 239 211 
3 563 649 585 
3 350 287 256 
3 745 712 810 
3 712 745 649 
3 484 350 438 
3 570 484 438 
3 627 570 529 
3 618 720 627 
3 1451 1335 1377 
3 819 821 720 
3 917 821 819 
3 1423 1491 1377 
3 917 912 1020 
3 1233 1128 1122 
3 1013 1122 1020 
3 1606 1562 1491 
3 1789 1676 1720 
3 1832 1905 1789 
3 1905 1945 2013 
3 2055 2125 2013 
3 1606 1676 1562 
3 2125 2166 2228 
3 2374 2484 2435 
3 2617 2484 2532 
3 2435 2385 2320 
3 2711 2785 2674 
3 2817 2880 2785 
3 2912 2958 2880 
3 2958 2967 3018 
3 3040 3018 3015 
3 2674 2617 2532 
3 3040 3039 3046 
3 2385 2277 2320 
3 2166 2277 2228 
3 3038 3046 3045 
3 3037 3035 3045 
3 3017 3037 3019 
3 2988 3019 2986 
3 2988 2986 2948 
3 2630 2605 2664 
3 2644 2605 2567 
3 2666 2638 2630 
3 2567 2519 2606 
3 2519 2467 2558 
3 2620 2612 2635 
3 2652 2635 2638 
3 2506 2467 2395 
3 2395 2314 2443 
3 2314 2230 2335 
3 2230 2142 2258 
3 2612 2576 2584 
3 2850 2902 2847 
3 2784 2790 2847 
3 2737 2740 2784 
3 2680 2737 2685 
3 2902 2899 2948 
3 2626 2685 2646 
3 2607 2582 2646 
3 2548 2607 2587 
3 2530 2587 2584 
3 2168 2142 2044 
3 2056 2044 1942 
3 1956 1942 1847 
3 1863 1847 1750 
3 1750 1655 1764 
3 1667 1655 1559 
3 1573 1559 1463 
3 1463 1353 1474 
3 1330 1353 1233 
3 1066 1172 1126 
3 1084 1025 1126 
3 1172 1092 1197 
3 1129 1235 1197 
3 1270 1235 1165 
3 983 1084 1043 
3 1192 1300 1270 
3 1334 1300 1222 
3 984 943 1043 
3 1370 1334 1258 
3 1297 1409 1370 
3 984 924 878 
3 1335 1451 1409 
3 924 859 810 
3 316 319 290 
3 257 286 290 
3 260 257 219 
3 319 359 366 
3 230 219 194 
3 165 214 194 
3 415 425 366 
3 497 506 425 
3 563 585 506 
3 216 165 175 
3 239 175 211 
3 287 211 256 
3 649 676 585 
3 350 256 314 
3 859 745 810 
3 649 745 676 
3 438 350 314 
3 529 570 438 
3 618 627 529 
3 720 618 715 
3 1491 1451 1377 
3 819 720 715 
3 912 917 819 
3 912 1013 1020 
3 1224 1233 1122 
3 1116 1122 1013 
3 1491 1562 1451 
3 1744 1676 1789 
3 1789 1905 1859 
3 1967 1905 2013 
3 2125 2071 2013 
3 1562 1676 1633 
3 2185 2125 2228 
3 2484 2556 2435 
3 2484 2617 2556 
3 2385 2435 2501 
3 2674 2785 2747 
3 2785 2880 2842 
3 2880 2958 2929 
3 2958 3018 2995 
3 3018 3040 3038 
3 2674 2747 2617 
3 3038 3040 3046 
3 2277 2385 2331 
3 2277 2331 2228 
3 3035 3038 3045 
3 3037 3017 3035 
3 2988 3017 3019 
3 2944 2988 2948 
3 2605 2644 2664 
3 2666 2630 2664 
3 2644 2567 2606 
3 2652 2638 2666 
3 2606 2519 2558 
3 2467 2506 2558 
3 2620 2576 2612 
3 2620 2635 2652 
3 2506 2395 2443 
3 2314 2335 2443 
3 2335 2230 2258 
3 2142 2168 2258 
3 2576 2518 2584 
3 2850 2899 2902 
3 2790 2850 2847 
3 2740 2790 2784 
3 2740 2737 2680 
3 2626 2680 2685 
3 2899 2944 2948 
3 2582 2626 2646 
3 2582 2607 2548 
3 2530 2548 2587 
3 2518 2530 2584 
3 2168 2044 2056 
3 2056 1942 1956 
3 1956 1847 1863 
3 1863 1750 1764 
3 1764 1655 1667 
3 1667 1559 1573 
3 1573 1463 1474 
3 1474 1353 1330 
3 1330 1233 1224 
3 1172 1237 1126 
3 1194 1084 1126 
3 1273 1172 1197 
3 1235 1306 1197 
3 1346 1235 1270 
3 1084 1151 1043 
3 1300 1375 1270 
3 1334 1410 1300 
3 1093 984 1043 
3 1370 1443 1334 
3 1409 1483 1370 
3 984 1044 924 
3 1451 1522 1409 
3 859 924 977 
3 319 297 290 
3 257 290 262 
3 257 218 219 
3 319 366 331 
3 219 190 194 
3 155 165 194 
3 366 425 384 
3 425 506 450 
3 506 585 534 
3 165 141 175 
3 211 175 150 
3 256 211 181 
3 676 619 585 
3 256 221 314 
3 859 785 745 
3 745 785 676 
3 400 438 314 
3 529 438 400 
3 509 618 529 
3 618 605 715 
3 807 819 715 
3 912 819 807 
3 1013 912 906 
3 1224 1122 1116 
3 1116 1013 1011 
3 1451 1562 1522 
3 1676 1744 1633 
3 1744 1789 1859 
3 1905 1967 1859 
3 2071 1967 2013 
3 2125 2185 2071 
3 1522 1562 1633 
3 2289 2185 2228 
3 2435 2556 2501 
3 2617 2699 2556 
3 2445 2385 2501 
3 2785 2842 2747 
3 2880 2929 2842 
3 2929 2958 2995 
3 3018 3038 2995 
3 2747 2699 2617 
3 2385 2445 2331 
3 2331 2289 2228 
3 2995 3038 3035 
3 3017 3004 3035 
3 2976 3017 2988 
3 2944 2976 2988 
3 2664 2644 2696 
3 2695 2666 2664 
3 2681 2644 2606 
3 2675 2652 2666 
3 2651 2606 2558 
3 2558 2506 2611 
3 2576 2620 2581 
3 2636 2620 2652 
3 2563 2506 2443 
3 2335 2416 2443 
3 2360 2335 2258 
3 2258 2168 2281 
3 2576 2516 2518 
3 2899 2850 2833 
3 2776 2850 2790 
3 2722 2790 2740 
3 2662 2740 2680 
3 2680 2626 2593 
3 2944 2899 2882 
3 2539 2626 2582 
3 2510 2582 2548 
3 2479 2548 2530 
3 2530 2518 2456 
3 2202 2168 2056 
3 2063 2056 1956 
3 1972 1956 1863 
3 1872 1863 1764 
3 1777 1764 1667 
3 1667 1573 1677 
3 1573 1474 1584 
3 1407 1474 1330 
3 1330 1224 1317 
3 1237 1194 1126 
3 1273 1237 1172 
3 1194 1151 1084 
3 1306 1273 1197 
3 1235 1346 1306 
3 1375 1346 1270 
3 1151 1093 1043 
3 1300 1410 1375 
3 1443 1410 1334 
3 1093 1044 984 
3 1483 1443 1370 
3 1522 1483 1409 
3 924 1044 977 
3 910 859 977 
3 290 297 262 
3 319 331 297 
3 218 257 262 
3 218 190 219 
3 366 384 331 
3 190 155 194 
3 165 155 141 
3 384 425 450 
3 506 534 450 
3 585 619 534 
3 175 141 150 
3 211 150 181 
3 221 256 181 
3 676 725 619 
3 221 289 314 
3 859 910 785 
3 676 785 725 
3 289 400 314 
3 509 529 400 
3 605 618 509 
3 605 704 715 
3 704 807 715 
3 906 912 807 
3 1013 906 1011 
3 1218 1224 1116 
3 1116 1011 1117 
3 1744 1704 1633 
3 1813 1744 1859 
3 1967 1923 1859 
3 1967 2071 2031 
3 2071 2185 2138 
3 1590 1522 1633 
3 2289 2242 2185 
3 2556 2639 2501 
3 2556 2699 2639 
3 2573 2445 2501 
3 2747 2842 2803 
3 2842 2929 2889 
3 2955 2929 2995 
3 2747 2803 2699 
3 2445 2391 2331 
3 2331 2391 2289 
3 3004 2995 3035 
3 3017 2976 3004 
3 2976 2944 2924 
3 2696 2644 2681 
3 2695 2664 2696 
3 2675 2666 2695 
3 2681 2606 2651 
3 2636 2652 2675 
3 2651 2558 2611 
3 2611 2506 2563 
3 2620 2636 2581 
3 2516 2576 2581 
3 2509 2563 2443 
3 2416 2509 2443 
3 2416 2335 2360 
3 2360 2258 2281 
3 2168 2202 2281 
3 2516 2459 2518 
3 2833 2850 2776 
3 2882 2899 2833 
3 2776 2790 2722 
3 2722 2740 2662 
3 2662 2680 2593 
3 2593 2626 2539 
3 2924 2944 2882 
3 2539 2582 2510 
3 2510 2548 2479 
3 2479 2530 2456 
3 2518 2459 2456 
3 2202 2056 2135 
3 2056 2063 2135 
3 2063 1956 1972 
3 1972 1863 1872 
3 1872 1764 1777 
3 1777 1667 1677 
3 1677 1573 1584 
3 1584 1474 1494 
3 1474 1407 1494 
3 1407 1330 1317 
3 1224 1218 1317 
3 1237 1303 1194 
3 1237 1273 1351 
3 1194 1263 1151 
3 1380 1273 1306 
3 1346 1417 1306 
3 1375 1453 1346 
3 1151 1206 1093 
3 1410 1485 1375 
3 1443 1521 1410 
3 1093 1161 1044 
3 1483 1552 1443 
3 1522 1590 1483 
3 1044 1099 977 
3 1048 910 977 
3 297 270 262 
3 297 331 308 
3 218 262 220 
3 190 218 196 
3 384 353 331 
3 155 190 164 
3 141 155 146 
3 417 384 450 
3 534 499 450 
3 534 619 575 
3 150 141 133 
3 150 136 181 
3 151 221 181 
3 619 725 671 
3 289 221 204 
3 785 910 847 
3 785 847 725 
3 400 289 375 
3 509 400 375 
3 605 509 498 
3 704 605 601 
3 704 802 807 
3 802 906 807 
3 1011 906 903 
3 1218 1116 1117 
3 1011 1012 1117 
3 1704 1590 1633 
3 1744 1813 1704 
3 1923 1813 1859 
3 1967 2031 1923 
3 2071 2138 2031 
3 2185 2242 2138 
3 2289 2346 2242 
3 2639 2573 2501 
3 2699 2760 2639 
3 2445 2573 2507 
3 2842 2889 2803 
3 2929 2955 2889 
3 2955 2995 3004 
3 2699 2803 2760 
3 2445 2507 2391 
3 2391 2346 2289 
3 2976 2955 3004 
3 2955 2976 2924 
3 2729 2696 2681 
3 2721 2695 2696 
3 2698 2675 2695 
3 2719 2681 2651 
3 2636 2675 2659 
3 2705 2651 2611 
3 2667 2611 2563 
3 2581 2636 2591 
3 2516 2581 2520 
3 2509 2614 2563 
3 2509 2416 2453 
3 2453 2416 2360 
3 2383 2360 2281 
3 2202 2311 2281 
3 2459 2516 2463 
3 2833 2776 2751 
3 2808 2882 2833 
3 2776 2722 2688 
3 2722 2662 2616 
3 2545 2662 2593 
3 2502 2593 2539 
3 2853 2924 2882 
3 2462 2539 2510 
3 2421 2510 2479 
3 2388 2479 2456 
3 2456 2459 2367 
3 2241 2202 2135 
3 2135 2063 2167 
3 2063 1972 2081 
3 1972 1872 1982 
3 1885 1872 1777 
3 1788 1777 1677 
3 1693 1677 1584 
3 1595 1584 1494 
3 1494 1407 1412 
3 1412 1407 1317 
3 1218 1315 1317 
3 1194 1303 1263 
3 1303 1237 1351 
3 1273 1380 1351 
3 1151 1263 1206 
3 1417 1380 1306 
3 1346 1453 1417 
3 1485 1453 1375 
3 1093 1206 1161 
3 1410 1521 1485 
3 1552 1521 1443 
3 1161 1099 1044 
3 1590 1552 1483 
3 1099 1048 977 
3 910 1048 980 
3 262 270 220 
3 270 297 308 
3 331 353 308 
3 196 218 220 
3 190 196 164 
3 384 417 353 
3 155 164 146 
3 141 146 133 
3 499 417 450 
3 534 575 499 
3 575 619 671 
3 136 150 133 
3 136 151 181 
3 221 151 204 
3 725 774 671 
3 289 204 269 
3 847 910 980 
3 725 847 774 
3 289 269 375 
3 498 509 375 
3 601 605 498 
3 704 601 700 
3 802 704 700 
3 903 906 802 
3 1012 1011 903 
3 1221 1218 1117 
3 1012 1119 1117 
3 1590 1704 1662 
3 1704 1813 1773 
3 1813 1923 1881 
3 1923 2031 1985 
3 2031 2138 2092 
3 2138 2242 2197 
3 2242 2346 2297 
3 2639 2706 2573 
3 2760 2706 2639 
3 2573 2634 2507 
3 2889 2853 2803 
3 2889 2955 2924 
3 2803 2853 2760 
3 2391 2507 2452 
3 2346 2391 2452 
3 2729 2721 2696 
3 2719 2729 2681 
3 2721 2698 2695 
3 2675 2698 2659 
3 2719 2651 2705 
3 2591 2636 2659 
3 2705 2611 2667 
3 2614 2667 2563 
3 2581 2591 2520 
3 2463 2516 2520 
3 2614 2509 2550 
3 2550 2509 2453 
3 2383 2453 2360 
3 2311 2383 2281 
3 2311 2202 2241 
3 2459 2463 2394 
3 2751 2776 2688 
3 2808 2833 2751 
3 2808 2853 2882 
3 2688 2722 2616 
3 2662 2545 2616 
3 2545 2593 2502 
3 2462 2502 2539 
3 2889 2924 2853 
3 2421 2462 2510 
3 2421 2479 2388 
3 2388 2456 2367 
3 2367 2459 2332 
3 2241 2135 2167 
3 2167 2063 2081 
3 2081 1972 1982 
3 1872 1885 1982 
3 1885 1777 1788 
3 1788 1677 1693 
3 1693 1584 1595 
3 1595 1494 1506 
3 1506 1494 1412 
3 1315 1412 1317 
3 1315 1218 1221 
3 1303 1374 1263 
3 1418 1303 1351 
3 1380 1459 1351 
3 1263 1323 1206 
3 1489 1380 1417 
3 1453 1528 1417 
3 1453 1485 1560 
3 1206 1280 1161 
3 1521 1593 1485 
3 1521 1552 1628 
3 1099 1161 1226 
3 1552 1590 1662 
3 1099 1178 1048 
3 1048 1112 980 
3 270 227 220 
3 270 308 284 
3 308 353 332 
3 196 220 193 
3 164 196 162 
3 353 417 399 
3 146 164 148 
3 133 146 134 
3 417 499 494 
3 499 575 548 
3 630 575 671 
3 127 136 133 
3 151 136 126 
3 204 151 135 
3 774 728 671 
3 269 204 182 
3 904 847 980 
3 847 904 774 
3 375 269 361 
3 498 375 361 
3 601 498 487 
3 700 601 598 
3 801 802 700 
3 903 802 801 
3 1012 903 909 
3 1119 1221 1117 
3 1119 1012 1016 
3 1704 1773 1662 
3 1813 1881 1773 
3 1881 1923 1985 
3 2031 2092 1985 
3 2092 2138 2197 
3 2242 2297 2197 
3 2346 2396 2297 
3 2573 2706 2634 
3 2808 2706 2760 
3 2507 2634 2559 
3 2853 2808 2760 
3 2507 2559 2452 
3 2396 2346 2452 
3 2721 2729 2749 
3 2729 2719 2761 
3 2698 2721 2727 
3 2659 2698 2690 
3 2759 2719 2705 
3 2621 2591 2659 
3 2744 2705 2667 
3 2614 2712 2667 
3 2591 2533 2520 
3 2465 2463 2520 
3 2665 2614 2550 
3 2550 2453 2486 
3 2486 2453 2383 
3 2420 2383 2311 
3 2351 2311 2241 
3 2394 2463 2387 
3 2459 2394 2332 
3 2634 2751 2688 
3 2706 2808 2751 
3 2688 2616 2559 
3 2545 2503 2616 
3 2455 2545 2502 
3 2502 2462 2402 
3 2371 2462 2421 
3 2328 2421 2388 
3 2301 2388 2367 
3 2276 2367 2332 
3 2275 2241 2167 
3 2194 2167 2081 
3 2096 2081 1982 
3 1885 1995 1982 
3 1892 1885 1788 
3 1795 1788 1693 
3 1701 1693 1595 
3 1608 1595 1506 
3 1419 1506 1412 
3 1315 1419 1412 
3 1319 1315 1221 
3 1263 1374 1323 
3 1418 1374 1303 
3 1459 1418 1351 
3 1459 1380 1489 
3 1323 1280 1206 
3 1528 1489 1417 
3 1528 1453 1560 
3 1485 1593 1560 
3 1161 1280 1226 
3 1521 1628 1593 
3 1552 1662 1628 
3 1099 1226 1178 
3 1048 1178 1112 
3 1112 1065 980 
3 220 227 193 
3 270 231 227 
3 284 308 332 
3 270 284 231 
3 353 399 332 
3 162 196 193 
3 164 162 148 
3 399 417 494 
3 146 148 134 
3 127 133 134 
3 499 548 494 
3 575 630 548 
3 728 630 671 
3 136 127 126 
3 151 126 135 
3 182 204 135 
3 834 728 774 
3 253 269 182 
3 1065 904 980 
3 904 834 774 
3 269 253 361 
3 487 498 361 
3 601 487 598 
3 701 700 598 
3 701 801 700 
3 903 801 909 
3 1016 1012 909 
3 1119 1225 1221 
3 1119 1016 1124 
3 1662 1773 1738 
3 1773 1881 1849 
3 1949 1881 1985 
3 2092 2046 1985 
3 2152 2092 2197 
3 2297 2254 2197 
3 2297 2396 2355 
3 2706 2751 2634 
3 2634 2688 2559 
3 2559 2503 2452 
3 2503 2396 2452 
3 2749 2729 2761 
3 2727 2721 2749 
3 2719 2759 2761 
3 2690 2698 2727 
3 2621 2659 2690 
3 2744 2759 2705 
3 2533 2591 2621 
3 2712 2744 2667 
3 2712 2614 2665 
3 2533 2465 2520 
3 2463 2465 2387 
3 2665 2550 2596 
3 2550 2486 2596 
3 2486 2383 2420 
3 2420 2311 2351 
3 2275 2351 2241 
3 2394 2387 2321 
3 2332 2394 2321 
3 2616 2503 2559 
3 2503 2545 2455 
3 2455 2502 2402 
3 2462 2371 2402 
3 2371 2421 2328 
3 2301 2328 2388 
3 2276 2301 2367 
3 2276 2332 2257 
3 2275 2167 2194 
3 2096 2194 2081 
3 1995 2096 1982 
3 1995 1885 1892 
3 1892 1788 1795 
3 1701 1795 1693 
3 1701 1595 1608 
3 1517 1608 1506 
3 1419 1517 1506 
3 1419 1315 1319 
3 1225 1319 1221 
3 1374 1439 1323 
3 1374 1418 1486 
3 1459 1530 1418 
3 1566 1459 1489 
3 1323 1396 1280 
3 1528 1601 1489 
3 1636 1528 1560 
3 1593 1669 1560 
3 1226 1280 1349 
3 1628 1705 1593 
3 1662 1738 1628 
3 1226 1292 1178 
3 1178 1246 1112 
3 1065 1112 1189 
3 227 197 193 
3 227 231 197 
3 306 284 332 
3 231 284 251 
3 399 372 332 
3 154 162 193 
3 148 162 140 
3 464 399 494 
3 148 129 134 
3 127 134 111 
3 548 602 494 
3 630 602 548 
3 728 694 630 
3 127 101 126 
3 126 100 135 
3 182 135 116 
3 728 834 796 
3 253 182 161 
3 1065 1022 904 
3 904 937 834 
3 253 348 361 
3 348 487 361 
3 598 487 477 
3 599 701 598 
3 806 801 701 
3 801 806 909 
3 913 1016 909 
3 1225 1119 1124 
3 1124 1016 1024 
3 1738 1773 1849 
3 1881 1949 1849 
3 2046 1949 1985 
3 2092 2152 2046 
3 2254 2152 2197 
3 2297 2355 2254 
3 2396 2455 2355 
3 2396 2503 2455 
3 2778 2749 2761 
3 2758 2727 2749 
3 2759 2796 2761 
3 2726 2690 2727 
3 2669 2621 2690 
3 2793 2759 2744 
3 2599 2533 2621 
3 2771 2744 2712 
3 2754 2712 2665 
3 2465 2533 2474 
3 2465 2393 2387 
3 2717 2665 2596 
3 2486 2526 2596 
3 2526 2486 2420 
3 2460 2420 2351 
3 2351 2275 2384 
3 2387 2315 2321 
3 2257 2332 2321 
3 2355 2455 2402 
3 2402 2371 2308 
3 2371 2328 2272 
3 2328 2301 2239 
3 2209 2301 2276 
3 2276 2257 2187 
3 2306 2275 2194 
3 2194 2096 2213 
3 2096 1995 2120 
3 1997 1995 1892 
3 1893 1892 1795 
3 1800 1795 1701 
3 1709 1701 1608 
3 1608 1517 1616 
3 1517 1419 1424 
3 1419 1319 1424 
3 1225 1321 1319 
3 1439 1396 1323 
3 1439 1374 1486 
3 1418 1530 1486 
3 1566 1530 1459 
3 1601 1566 1489 
3 1280 1396 1349 
3 1636 1601 1528 
3 1669 1636 1560 
3 1593 1705 1669 
3 1292 1226 1349 
3 1628 1738 1705 
3 1178 1292 1246 
3 1112 1246 1189 
3 1142 1065 1189 
3 197 154 193 
3 197 231 201 
3 284 306 251 
3 372 306 332 
3 231 251 201 
3 399 464 372 
3 162 154 140 
3 129 148 140 
3 572 464 494 
3 134 129 111 
3 101 127 111 
3 602 572 494 
3 630 694 602 
3 728 796 694 
3 101 100 126 
3 135 100 116 
3 182 116 161 
3 796 834 893 
3 245 253 161 
3 904 1022 937 
3 1022 1065 1142 
3 834 937 893 
3 348 253 245 
3 487 348 477 
3 599 598 477 
3 705 701 599 
3 806 701 705 
3 806 913 909 
3 1024 1016 913 
3 1230 1225 1124 
3 1124 1024 1131 
3 1811 1738 1849 
3 1949 1914 1849 
3 1949 2046 2016 
3 2046 2152 2109 
3 2254 2206 2152 
3 2254 2355 2308 
3 2758 2749 2778 
3 2796 2778 2761 
3 2758 2726 2727 
3 2793 2796 2759 
3 2669 2690 2726 
3 2669 2599 2621 
3 2793 2744 2771 
3 2553 2533 2599 
3 2754 2771 2712 
3 2754 2665 2717 
3 2533 2553 2474 
3 2393 2465 2474 
3 2393 2315 2387 
3 2717 2596 2655 
3 2596 2526 2655 
3 2526 2420 2460 
3 2460 2351 2384 
3 2275 2306 2384 
3 2321 2315 2237 
3 2257 2321 2237 
3 2355 2402 2308 
3 2308 2371 2272 
3 2272 2328 2239 
3 2301 2209 2239 
3 2209 2276 2187 
3 2187 2257 2162 
3 2306 2194 2213 
3 2213 2096 2120 
3 1995 1997 2120 
3 1997 1892 1893 
3 1893 1795 1800 
3 1800 1701 1709 
3 1709 1608 1616 
3 1616 1517 1524 
3 1524 1517 1424 
3 1319 1321 1424 
3 1321 1225 1230 
3 1514 1396 1439 
3 1557 1439 1486 
3 1530 1598 1486 
3 1566 1641 1530 
3 1566 1601 1674 
3 1396 1466 1349 
3 1636 1710 1601 
3 1636 1669 1743 
3 1669 1705 1778 
3 1411 1292 1349 
3 1738 1811 1705 
3 1292 1365 1246 
3 1246 1311 1189 
3 1268 1142 1189 
3 154 197 152 
3 152 197 201 
3 306 283 251 
3 306 372 345 
3 251 215 201 
3 372 464 443 
3 154 130 140 
3 129 140 107 
3 464 572 550 
3 129 98 111 
3 93 101 111 
3 680 572 602 
3 694 680 602 
3 694 796 788 
3 100 101 84 
3 116 100 88 
3 116 106 161 
3 893 863 796 
3 172 245 161 
3 937 1022 993 
3 1022 1142 1098 
3 937 993 893 
3 348 245 344 
3 477 348 344 
3 480 599 477 
3 705 599 603 
3 806 705 812 
3 913 806 812 
3 1024 913 921 
3 1230 1124 1131 
3 1024 1030 1131 
3 1914 1811 1849 
3 1914 1949 2016 
3 2046 2109 2016 
3 2152 2206 2109 
3 2254 2308 2206 
3 2783 2758 2778 
3 2778 2796 2816 
3 2726 2758 2753 
3 2825 2796 2793 
3 2708 2669 2726 
3 2599 2669 2641 
3 2826 2793 2771 
3 2553 2599 2641 
3 2819 2771 2754 
3 2799 2754 2717 
3 2474 2553 2495 
3 2408 2393 2474 
3 2315 2393 2322 
3 2762 2717 2655 
3 2655 2526 2575 
3 2526 2460 2575 
3 2494 2460 2384 
3 2306 2413 2384 
3 2237 2315 2216 
3 2257 2237 2162 
3 2308 2272 2206 
3 2174 2272 2239 
3 2209 2149 2239 
3 2123 2209 2187 
3 2187 2162 2094 
3 2329 2306 2213 
3 2246 2213 2120 
3 1997 2075 2120 
3 1986 1997 1893 
3 1902 1893 1800 
3 1810 1800 1709 
3 1717 1709 1616 
3 1625 1616 1524 
3 1429 1524 1424 
3 1321 1429 1424 
3 1333 1321 1230 
3 1396 1514 1466 
3 1557 1514 1439 
3 1598 1557 1486 
3 1530 1641 1598 
3 1641 1566 1674 
3 1601 1710 1674 
3 1466 1411 1349 
3 1710 1636 1743 
3 1669 1778 1743 
3 1705 1811 1778 
3 1292 1411 1365 
3 1246 1365 1311 
3 1311 1268 1189 
3 1268 1216 1142 
3 154 152 130 
3 156 152 201 
3 283 215 251 
3 306 345 283 
3 372 443 345 
3 215 156 201 
3 464 550 443 
3 140 130 107 
3 129 107 98 
3 572 655 550 
3 98 93 111 
3 101 93 84 
3 680 655 572 
3 694 788 680 
3 796 863 788 
3 100 84 88 
3 106 116 88 
3 106 172 161 
3 863 893 934 
3 246 245 172 
3 1022 1098 993 
3 1142 1216 1098 
3 893 993 934 
3 245 246 344 
3 480 477 344 
3 599 480 603 
3 713 705 603 
3 812 705 713 
3 921 913 812 
3 1030 1024 921 
3 1241 1230 1131 
3 1030 1141 1131 
3 1811 1914 1880 
3 1914 2016 1979 
3 2109 2078 2016 
3 2109 2206 2174 
3 2753 2758 2783 
3 2783 2778 2816 
3 2796 2825 2816 
3 2708 2726 2753 
3 2826 2825 2793 
3 2669 2708 2641 
3 2823 2826 2771 
3 2588 2553 2641 
3 2819 2823 2771 
3 2819 2754 2799 
3 2762 2799 2717 
3 2553 2588 2495 
3 2408 2474 2495 
3 2393 2408 2322 
3 2315 2322 2216 
3 2704 2762 2655 
3 2704 2655 2575 
3 2460 2494 2575 
3 2413 2494 2384 
3 2413 2306 2329 
3 2141 2237 2216 
3 2237 2141 2162 
3 2206 2272 2174 
3 2149 2174 2239 
3 2149 2209 2123 
3 2123 2187 2094 
3 2094 2162 2065 
3 2246 2329 2213 
3 2163 2246 2120 
3 2075 2163 2120 
3 2075 1997 1986 
3 1986 1893 1902 
3 1810 1902 1800 
3 1810 1709 1717 
3 1717 1616 1625 
3 1625 1524 1533 
3 1524 1429 1533 
3 1429 1321 1333 
3 1333 1230 1241 
3 1514 1592 1466 
3 1514 1557 1635 
3 1671 1557 1598 
3 1641 1711 1598 
3 1641 1674 1746 
3 1710 1782 1674 
3 1466 1543 1411 
3 1818 1710 1743 
3 1778 1853 1743 
3 1811 1880 1778 
3 1411 1481 1365 
3 1365 1430 1311 
3 1268 1311 1384 
3 1268 1342 1216 
3 130 152 122 
3 152 156 122 
3 215 283 255 
3 311 283 345 
3 345 443 402 
3 215 191 156 
3 443 550 522 
3 130 97 107 
3 107 90 98 
3 655 628 550 
3 93 98 77 
3 84 93 74 
3 655 680 767 
3 680 788 767 
3 883 788 863 
3 88 84 75 
3 87 106 88 
3 172 106 118 
3 863 934 883 
3 246 172 170 
3 1098 1060 993 
3 1098 1216 1179 
3 993 1060 934 
3 246 346 344 
3 346 480 344 
3 603 480 492 
3 713 603 609 
3 823 812 713 
3 921 812 823 
3 1030 921 933 
3 1141 1241 1131 
3 1141 1030 1040 
3 1914 1979 1880 
3 2016 2078 1979 
3 2109 2174 2078 
3 2779 2753 2783 
3 2814 2783 2816 
3 2825 2838 2816 
3 2745 2708 2753 
3 2825 2826 2854 
3 2708 2687 2641 
3 2860 2826 2823 
3 2687 2588 2641 
3 2856 2823 2819 
3 2852 2819 2799 
3 2832 2799 2762 
3 2588 2527 2495 
3 2434 2408 2495 
3 2408 2337 2322 
3 2216 2322 2253 
3 2805 2762 2704 
3 2619 2704 2575 
3 2494 2619 2575 
3 2494 2413 2529 
3 2444 2413 2329 
3 2141 2216 2105 
3 2162 2141 2065 
3 2174 2149 2078 
3 2149 2123 2049 
3 2023 2123 2094 
3 1993 2094 2065 
3 2363 2329 2246 
3 2246 2163 2278 
3 2087 2163 2075 
3 2087 2075 1986 
3 1998 1986 1902 
3 1910 1902 1810 
3 1821 1810 1717 
3 1728 1717 1625 
3 1637 1625 1533 
3 1429 1436 1533 
3 1436 1429 1333 
3 1348 1333 1241 
3 1466 1592 1543 
3 1592 1514 1635 
3 1557 1671 1635 
3 1711 1671 1598 
3 1711 1641 1746 
3 1674 1782 1746 
3 1710 1818 1782 
3 1543 1481 1411 
3 1853 1818 1743 
3 1880 1853 1778 
3 1365 1481 1430 
3 1311 1430 1384 
3 1342 1268 1384 
3 1216 1342 1296 
3 97 130 122 
3 122 156 132 
3 311 255 283 
3 191 215 255 
3 345 402 311 
3 443 522 402 
3 156 191 132 
3 550 628 522 
3 97 90 107 
3 98 90 77 
3 628 655 740 
3 93 77 74 
3 84 74 75 
3 655 767 740 
3 767 788 883 
3 87 88 75 
3 106 87 118 
3 170 172 118 
3 934 1002 883 
3 250 246 170 
3 1060 1098 1179 
3 1216 1296 1179 
3 1060 1002 934 
3 346 246 250 
3 480 346 492 
3 609 603 492 
3 721 713 609 
3 823 713 721 
3 933 921 823 
3 1040 1030 933 
3 1251 1241 1141 
3 1141 1040 1153 
3 1979 1953 1880 
3 2078 2049 1979 
3 2779 2745 2753 
3 2814 2779 2783 
3 2829 2814 2816 
3 2838 2829 2816 
3 2838 2825 2854 
3 2708 2745 2687 
3 2826 2860 2854 
3 2860 2823 2856 
3 2588 2687 2653 
3 2852 2856 2819 
3 2832 2852 2799 
3 2805 2832 2762 
3 2527 2434 2495 
3 2527 2588 2653 
3 2337 2408 2434 
3 2322 2337 2253 
3 2216 2253 2181 
3 2805 2704 2750 
3 2704 2619 2750 
3 2619 2494 2529 
3 2529 2413 2444 
3 2363 2444 2329 
3 2105 2216 2181 
3 2141 2105 2036 
3 2065 2141 2036 
3 2078 2149 2049 
3 2123 2023 2049 
3 1993 2023 2094 
3 1962 1993 2065 
3 2363 2246 2278 
3 2163 2195 2278 
3 2195 2163 2087 
3 1998 2087 1986 
3 1910 1998 1902 
3 1910 1810 1821 
3 1821 1717 1728 
3 1728 1625 1637 
3 1545 1637 1533 
3 1436 1545 1533 
3 1436 1333 1348 
3 1348 1241 1251 
3 1543 1592 1689 
3 1592 1635 1721 
3 1671 1755 1635 
3 1711 1786 1671 
3 1824 1711 1746 
3 1782 1858 1746 
3 1818 1889 1782 
3 1543 1648 1481 
3 1818 1853 1919 
3 1953 1853 1880 
3 1481 1538 1430 
3 1430 1497 1384 
3 1462 1342 1384 
3 1342 1413 1296 
3 97 122 96 
3 122 132 96 
3 311 237 255 
3 237 191 255 
3 311 402 408 
3 402 522 479 
3 132 191 171 
3 628 592 522 
3 90 97 80 
3 90 72 77 
3 628 740 702 
3 74 77 61 
3 74 65 75 
3 767 852 740 
3 852 767 883 
3 73 87 75 
3 87 104 118 
3 104 170 118 
3 1002 970 883 
3 250 170 173 
3 1133 1060 1179 
3 1296 1254 1179 
3 1060 1133 1002 
3 346 250 355 
3 492 346 355 
3 609 492 501 
3 721 609 620 
3 823 721 833 
3 933 823 833 
3 1040 933 949 
3 1251 1141 1153 
3 1040 1056 1153 
3 2049 1953 1979 
3 2767 2745 2779 
3 2811 2779 2814 
3 2830 2814 2829 
3 2838 2849 2829 
3 2866 2838 2854 
3 2745 2728 2687 
3 2860 2872 2854 
3 2875 2860 2856 
3 2687 2728 2653 
3 2881 2856 2852 
3 2884 2852 2832 
3 2873 2832 2805 
3 2434 2527 2468 
3 2527 2653 2570 
3 2337 2434 2359 
3 2253 2337 2255 
3 2181 2253 2160 
3 2859 2805 2750 
3 2750 2619 2671 
3 2671 2619 2529 
3 2572 2529 2444 
3 2473 2444 2363 
3 2105 2181 2082 
3 2036 2105 2007 
3 1962 2065 2036 
3 2023 1953 2049 
3 2023 1993 1919 
3 1889 1993 1962 
3 2386 2363 2278 
3 2278 2195 2300 
3 2195 2087 2100 
3 2100 2087 1998 
3 1910 2014 1998 
3 1920 1910 1821 
3 1830 1821 1728 
3 1742 1728 1637 
3 1545 1650 1637 
3 1449 1545 1436 
3 1449 1436 1348 
3 1348 1251 1359 
3 1592 1721 1689 
3 1648 1543 1689 
3 1635 1755 1721 
3 1786 1755 1671 
3 1711 1824 1786 
3 1858 1824 1746 
3 1782 1889 1858 
3 1889 1818 1919 
3 1481 1648 1538 
3 1853 1953 1919 
3 1430 1538 1497 
3 1497 1462 1384 
3 1342 1462 1413 
3 1413 1371 1296 
3 97 96 80 
3 96 132 115 
3 237 311 323 
3 191 237 171 
3 402 479 408 
3 311 408 323 
3 522 592 479 
3 132 171 115 
3 628 702 592 
3 72 90 80 
3 77 72 61 
3 702 740 817 
3 74 61 65 
3 65 73 75 
3 740 852 817 
3 970 852 883 
3 92 87 73 
3 104 87 92 
3 170 104 173 
3 1002 1087 970 
3 250 173 258 
3 1254 1133 1179 
3 1371 1254 1296 
3 1002 1133 1087 
3 355 250 258 
3 501 492 355 
3 620 609 501 
3 736 721 620 
3 721 736 833 
3 949 933 833 
3 1056 1040 949 
3 1261 1251 1153 
3 1056 1169 1153 
3 2728 2745 2767 
3 2811 2767 2779 
3 2830 2811 2814 
3 2849 2830 2829 
3 2849 2838 2866 
3 2872 2866 2854 
3 2875 2872 2860 
3 2881 2875 2856 
3 2728 2707 2653 
3 2884 2881 2852 
3 2884 2832 2873 
3 2859 2873 2805 
3 2468 2527 2570 
3 2434 2468 2359 
3 2653 2632 2570 
3 2255 2337 2359 
3 2253 2255 2160 
3 2181 2160 2082 
3 2794 2859 2750 
3 2794 2750 2671 
3 2572 2671 2529 
3 2473 2572 2444 
3 2473 2363 2386 
3 2007 2105 2082 
3 2036 2007 1930 
3 1962 2036 1930 
3 1953 2023 1919 
3 1993 1889 1919 
3 1889 1962 1858 
3 2386 2278 2300 
3 2195 2207 2300 
3 2207 2195 2100 
3 2014 2100 1998 
3 2014 1910 1920 
3 1830 1920 1821 
3 1830 1728 1742 
3 1650 1742 1637 
3 1650 1545 1553 
3 1553 1545 1449 
3 1449 1348 1359 
3 1251 1261 1359 
3 1721 1809 1689 
3 1779 1648 1689 
3 1755 1836 1721 
3 1786 1866 1755 
3 1786 1824 1898 
3 1824 1858 1930 
3 1648 1640 1538 
3 1538 1605 1497 
3 1462 1497 1571 
3 1462 1532 1413 
3 1371 1413 1487 
3 80 96 85 
3 96 115 85 
3 237 323 243 
3 171 237 243 
3 479 543 408 
3 408 455 323 
3 479 592 543 
3 115 171 183 
3 592 702 657 
3 63 72 80 
3 61 72 55 
3 702 817 772 
3 65 61 52 
3 65 58 73 
3 852 935 817 
3 852 970 935 
3 92 73 78 
3 78 104 92 
3 173 104 117 
3 970 1087 1053 
3 258 173 188 
3 1254 1205 1133 
3 1254 1371 1328 
3 1133 1205 1087 
3 370 355 258 
3 501 355 370 
3 620 501 515 
3 736 620 634 
3 736 848 833 
3 848 949 833 
3 1056 949 960 
3 1169 1261 1153 
3 1169 1056 1071 
3 2728 2767 2757 
3 2767 2811 2797 
3 2828 2811 2830 
3 2846 2830 2849 
3 2868 2849 2866 
3 2872 2877 2866 
3 2890 2872 2875 
3 2900 2875 2881 
3 2653 2707 2632 
3 2728 2757 2707 
3 2913 2881 2884 
3 2919 2884 2873 
3 2922 2873 2859 
3 2498 2468 2570 
3 2468 2377 2359 
3 2570 2632 2589 
3 2255 2359 2261 
3 2255 2153 2160 
3 2160 2060 2082 
3 2895 2859 2794 
3 2715 2794 2671 
3 2572 2715 2671 
3 2572 2473 2604 
3 2504 2473 2386 
3 1975 2007 2082 
3 1930 2007 1898 
3 1858 1962 1930 
3 2407 2386 2300 
3 2300 2207 2316 
3 2207 2100 2122 
3 2122 2100 2014 
3 2014 1920 2027 
3 1935 1920 1830 
3 1842 1830 1742 
3 1650 1753 1742 
3 1660 1650 1553 
3 1553 1449 1465 
3 1465 1449 1359 
3 1261 1369 1359 
3 1809 1779 1689 
3 1836 1809 1721 
3 1779 1748 1648 
3 1755 1866 1836 
3 1866 1786 1898 
3 1824 1930 1898 
3 1538 1640 1605 
3 1648 1748 1640 
3 1497 1605 1571 
3 1532 1462 1571 
3 1413 1532 1487 
3 1448 1371 1487 
3 63 80 85 
3 85 115 109 
3 323 352 243 
3 183 171 243 
3 408 543 455 
3 323 455 352 
3 592 657 543 
3 115 183 109 
3 657 702 772 
3 72 63 55 
3 52 61 55 
3 817 891 772 
3 58 65 52 
3 73 58 78 
3 935 891 817 
3 970 1053 935 
3 104 78 117 
3 173 117 188 
3 1053 1087 1176 
3 276 258 188 
3 1205 1254 1328 
3 1371 1448 1328 
3 1087 1205 1176 
3 370 258 276 
3 515 501 370 
3 634 620 515 
3 754 736 634 
3 754 848 736 
3 949 848 960 
3 1071 1056 960 
3 1279 1261 1169 
3 1169 1071 1183 
3 2767 2797 2757 
3 2797 2811 2828 
3 2846 2828 2830 
3 2846 2849 2868 
3 2877 2868 2866 
3 2872 2890 2877 
3 2900 2890 2875 
3 2900 2881 2913 
3 2707 2668 2632 
3 2707 2757 2730 
3 2913 2884 2919 
3 2919 2873 2922 
3 2922 2859 2895 
3 2468 2498 2377 
3 2498 2570 2589 
3 2359 2377 2261 
3 2632 2668 2589 
3 2153 2255 2261 
3 2153 2060 2160 
3 2060 1975 2082 
3 2895 2794 2836 
3 2836 2794 2715 
3 2715 2572 2604 
3 2604 2473 2504 
3 2407 2504 2386 
3 2007 1975 1898 
3 2407 2300 2316 
3 2316 2207 2219 
3 2207 2122 2219 
3 2122 2014 2027 
3 1920 1935 2027 
3 1842 1935 1830 
3 1753 1842 1742 
3 1753 1650 1660 
3 1660 1553 1569 
3 1569 1553 1465 
3 1369 1465 1359 
3 1369 1261 1279 
3 1779 1809 1894 
3 1836 1922 1809 
3 1748 1779 1865 
3 1836 1866 1951 
3 1975 1866 1898 
3 1640 1713 1605 
3 1640 1748 1713 
3 1605 1681 1571 
3 1647 1532 1571 
3 1532 1604 1487 
3 1565 1448 1487 
3 70 63 85 
3 70 85 109 
3 243 352 273 
3 183 243 273 
3 543 590 455 
3 455 512 352 
3 657 590 543 
3 183 200 109 
3 706 657 772 
3 55 63 45 
3 41 52 55 
3 891 856 772 
3 58 52 48 
3 78 58 66 
3 891 935 1003 
3 935 1053 1003 
3 117 78 94 
3 188 117 139 
3 1125 1053 1176 
3 276 188 210 
3 1205 1328 1290 
3 1328 1448 1408 
3 1205 1290 1176 
3 395 370 276 
3 515 370 395 
3 540 634 515 
3 754 634 662 
3 867 848 754 
3 848 867 960 
3 975 1071 960 
3 1279 1169 1183 
3 1071 1089 1183 
3 2757 2797 2770 
3 2797 2828 2813 
3 2834 2828 2846 
3 2864 2846 2868 
3 2876 2868 2877 
3 2890 2896 2877 
3 2916 2890 2900 
3 2900 2913 2925 
3 2707 2730 2668 
3 2757 2770 2730 
3 2937 2913 2919 
3 2946 2919 2922 
3 2950 2922 2895 
3 2498 2426 2377 
3 2522 2498 2589 
3 2377 2266 2261 
3 2668 2603 2589 
3 2153 2261 2133 
3 2060 2153 2038 
3 1975 2060 1951 
3 2933 2895 2836 
3 2836 2715 2748 
3 2748 2715 2604 
3 2645 2604 2504 
3 2407 2525 2504 
3 2424 2407 2316 
3 2327 2316 2219 
3 2122 2134 2219 
3 2134 2122 2027 
3 2027 1935 2040 
3 1950 1935 1842 
3 1860 1842 1753 
3 1766 1753 1660 
3 1672 1660 1569 
3 1569 1465 1476 
3 1476 1465 1369 
3 1369 1279 1382 
3 1809 1922 1894 
3 1779 1894 1865 
3 1836 1951 1922 
3 1827 1748 1865 
3 1866 1975 1951 
3 1605 1713 1681 
3 1748 1827 1713 
3 1681 1647 1571 
3 1532 1647 1604 
3 1604 1565 1487 
3 1448 1565 1525 
3 63 70 45 
3 70 109 114 
3 352 406 273 
3 183 273 200 
3 455 590 512 
3 512 406 352 
3 657 706 590 
3 109 200 114 
3 811 706 772 
3 41 55 45 
3 48 52 41 
3 856 811 772 
3 891 969 856 
3 58 48 66 
3 78 66 94 
3 969 891 1003 
3 1053 1125 1003 
3 117 94 139 
3 210 188 139 
3 1250 1125 1176 
3 276 210 301 
3 1328 1408 1290 
3 1448 1525 1408 
3 1290 1250 1176 
3 395 276 301 
3 540 515 395 
3 634 540 662 
3 777 754 662 
3 867 754 777 
3 867 975 960 
3 975 1089 1071 
3 1293 1279 1183 
3 1183 1089 1200 
3 2770 2797 2813 
3 2828 2834 2813 
3 2834 2846 2864 
3 2876 2864 2868 
3 2896 2876 2877 
3 2916 2896 2890 
3 2916 2900 2925 
3 2913 2937 2925 
3 2730 2684 2668 
3 2730 2770 2741 
3 2937 2919 2946 
3 2950 2946 2922 
3 2950 2895 2933 
3 2377 2426 2357 
3 2522 2426 2498 
3 2603 2522 2589 
3 2261 2266 2133 
3 2266 2377 2357 
3 2668 2684 2603 
3 2038 2153 2133 
3 2060 2038 1951 
3 2933 2836 2870 
3 2870 2836 2748 
3 2645 2748 2604 
3 2525 2645 2504 
3 2525 2407 2424 
3 2327 2424 2316 
3 2236 2327 2219 
3 2134 2236 2219 
3 2134 2027 2040 
3 1935 1950 2040 
3 1860 1950 1842 
3 1860 1753 1766 
3 1766 1660 1672 
3 1672 1569 1582 
3 1582 1569 1476 
3 1476 1369 1382 
3 1382 1279 1293 
3 1922 2010 1894 
3 1894 1976 1865 
3 1951 2038 1922 
3 1943 1827 1865 
3 1681 1713 1794 
3 1713 1827 1794 
3 1681 1756 1647 
3 1647 1718 1604 
3 1604 1678 1565 
3 1565 1642 1525 
3 70 51 45 
3 51 70 114 
3 406 310 273 
3 273 310 200 
3 590 640 512 
3 562 406 512 
3 706 640 590 
3 200 222 114 
3 706 811 757 
3 39 41 45 
3 48 41 40 
3 856 923 811 
3 969 923 856 
3 48 49 66 
3 94 66 69 
3 969 1003 1083 
3 1003 1125 1083 
3 139 94 103 
3 166 210 139 
3 1125 1250 1199 
3 210 228 301 
3 1290 1408 1366 
3 1525 1482 1408 
3 1290 1366 1250 
3 424 395 301 
3 540 395 424 
3 540 567 662 
3 685 777 662 
3 888 867 777 
3 888 975 867 
3 975 999 1089 
3 1293 1183 1200 
3 1200 1089 1111 
3 2770 2813 2777 
3 2813 2834 2818 
3 2839 2834 2864 
3 2871 2864 2876 
3 2896 2893 2876 
3 2917 2896 2916 
3 2930 2916 2925 
3 2937 2945 2925 
3 2684 2730 2741 
3 2741 2770 2777 
3 2959 2937 2946 
3 2968 2946 2950 
3 2971 2950 2933 
3 2426 2439 2357 
3 2426 2522 2439 
3 2522 2603 2521 
3 2266 2175 2133 
3 2266 2357 2262 
3 2603 2684 2600 
3 2038 2133 2010 
3 2933 2870 2949 
3 2870 2748 2772 
3 2772 2748 2645 
3 2645 2525 2670 
3 2540 2525 2424 
3 2327 2438 2424 
3 2340 2327 2236 
3 2236 2134 2146 
3 2146 2134 2040 
3 1950 2054 2040 
3 1966 1950 1860 
3 1874 1860 1766 
3 1766 1672 1781 
3 1672 1582 1688 
3 1582 1476 1492 
3 1492 1476 1382 
3 1404 1382 1293 
3 2010 1976 1894 
3 2038 2010 1922 
3 1976 1943 1865 
3 1827 1943 1908 
3 1756 1681 1794 
3 1827 1908 1794 
3 1647 1756 1718 
3 1604 1718 1678 
3 1565 1678 1642 
3 1525 1642 1594 
3 51 39 45 
3 145 51 114 
3 406 470 310 
3 310 222 200 
3 640 562 512 
3 562 470 406 
3 640 706 757 
3 222 145 114 
3 811 873 757 
3 41 39 40 
3 49 48 40 
3 811 923 873 
3 1038 923 969 
3 66 49 69 
3 94 69 103 
3 1038 969 1083 
3 1125 1199 1083 
3 166 139 103 
3 166 228 210 
3 1250 1314 1199 
3 228 329 301 
3 1408 1482 1366 
3 1482 1525 1594 
3 1366 1314 1250 
3 329 424 301 
3 567 540 424 
3 567 685 662 
3 777 685 799 
3 888 777 799 
3 999 975 888 
3 1089 999 1111 
3 1312 1293 1200 
3 1228 1200 1111 
3 2777 2813 2818 
3 2834 2839 2818 
3 2871 2839 2864 
3 2893 2871 2876 
3 2893 2896 2917 
3 2930 2917 2916 
3 2945 2930 2925 
3 2945 2937 2959 
3 2684 2741 2678 
3 2741 2777 2734 
3 2959 2946 2968 
3 2968 2950 2971 
3 2971 2933 2949 
3 2357 2439 2348 
3 2439 2522 2521 
3 2603 2600 2521 
3 2133 2175 2091 
3 2175 2266 2262 
3 2262 2357 2348 
3 2684 2678 2600 
3 2010 2133 2091 
3 2949 2870 2892 
3 2870 2772 2892 
3 2772 2645 2670 
3 2670 2525 2540 
3 2438 2540 2424 
3 2438 2327 2340 
3 2340 2236 2243 
3 2236 2146 2243 
3 2054 2146 2040 
3 1966 2054 1950 
3 1966 1860 1874 
3 1874 1766 1781 
3 1781 1672 1688 
3 1582 1600 1688 
3 1600 1582 1492 
3 1492 1382 1404 
3 1404 1293 1312 
3 1976 2010 2091 
3 1976 2058 1943 
3 1908 1943 2022 
3 1867 1756 1794 
3 1908 1867 1794 
3 1756 1828 1718 
3 1678 1718 1793 
3 1642 1678 1761 
3 1642 1715 1594 
3 51 76 39 
3 51 145 76 
3 310 470 369 
3 310 369 222 
3 640 689 562 
3 470 562 622 
3 640 757 689 
3 222 280 145 
3 757 873 809 
3 40 39 44 
3 49 40 47 
3 923 986 873 
3 923 1038 986 
3 49 43 69 
3 69 82 103 
3 1158 1038 1083 
3 1199 1158 1083 
3 163 166 103 
3 166 163 228 
3 1314 1272 1199 
3 329 228 254 
3 1366 1482 1435 
3 1482 1594 1549 
3 1314 1366 1435 
3 329 475 424 
3 475 567 424 
3 610 685 567 
3 685 730 799 
3 914 888 799 
3 999 888 914 
3 999 1029 1111 
3 1312 1200 1228 
3 1144 1228 1111 
3 2777 2818 2768 
3 2818 2839 2809 
3 2839 2871 2840 
3 2871 2893 2879 
3 2893 2917 2907 
3 2917 2930 2926 
3 2930 2945 2943 
3 2960 2945 2959 
3 2678 2741 2734 
3 2734 2777 2768 
3 2980 2959 2968 
3 2968 2971 2990 
3 2991 2971 2949 
3 2439 2431 2348 
3 2439 2521 2431 
3 2521 2600 2511 
3 2175 2158 2091 
3 2175 2262 2158 
3 2249 2262 2348 
3 2600 2678 2585 
3 2965 2949 2892 
3 2772 2795 2892 
3 2795 2772 2670 
3 2691 2670 2540 
3 2540 2438 2557 
3 2448 2438 2340 
3 2343 2340 2243 
3 2146 2144 2243 
3 2144 2146 2054 
3 2064 2054 1966 
3 1981 1966 1874 
3 1890 1874 1781 
3 1796 1781 1688 
3 1600 1708 1688 
3 1515 1600 1492 
3 1515 1492 1404 
3 1428 1404 1312 
3 2058 1976 2091 
3 1943 2058 2022 
3 1980 1908 2022 
3 1756 1867 1828 
3 1908 1980 1867 
3 1718 1828 1793 
3 1678 1793 1761 
3 1715 1642 1761 
3 1594 1715 1668 
3 39 76 44 
3 145 205 76 
3 470 547 369 
3 222 369 280 
3 562 689 622 
3 470 622 547 
3 757 809 689 
3 145 280 205 
3 873 930 809 
3 47 40 44 
3 49 47 43 
3 873 986 930 
3 1038 1103 986 
3 43 82 69 
3 82 163 103 
3 1038 1158 1103 
3 1272 1158 1199 
3 228 163 254 
3 1389 1272 1314 
3 378 329 254 
3 1482 1549 1435 
3 1594 1668 1549 
3 1389 1314 1435 
3 475 329 378 
3 610 567 475 
3 730 685 610 
3 730 845 799 
3 845 914 799 
3 1029 999 914 
3 1029 1144 1111 
3 1345 1312 1228 
3 1256 1228 1144 
3 2818 2809 2768 
3 2809 2839 2840 
3 2871 2879 2840 
3 2893 2907 2879 
3 2917 2926 2907 
3 2926 2930 2943 
3 2945 2960 2943 
3 2981 2960 2959 
3 2678 2734 2654 
3 2734 2768 2710 
3 2981 2959 2980 
3 2980 2968 2990 
3 2971 2991 2990 
3 2965 2991 2949 
3 2431 2323 2348 
3 2521 2511 2431 
3 2600 2585 2511 
3 2158 2058 2091 
3 2158 2262 2249 
3 2323 2249 2348 
3 2585 2678 2654 
3 2904 2965 2892 
3 2795 2904 2892 
3 2795 2670 2691 
3 2691 2540 2557 
3 2438 2448 2557 
3 2343 2448 2340 
3 2240 2343 2243 
3 2144 2240 2243 
3 2144 2054 2064 
3 2064 1966 1981 
3 1890 1981 1874 
3 1796 1890 1781 
3 1708 1796 1688 
3 1600 1621 1708 
3 1621 1600 1515 
3 1515 1404 1428 
3 1345 1428 1312 
3 2058 2140 2022 
3 1980 2022 2099 
3 1867 1939 1828 
3 1980 1939 1867 
3 1828 1896 1793 
3 1761 1793 1846 
3 1715 1761 1844 
3 1715 1790 1668 
3 76 137 44 
3 76 205 137 
3 369 547 445 
3 369 445 280 
3 689 750 622 
3 622 674 547 
3 689 809 750 
3 280 342 205 
3 809 930 866 
3 95 47 44 
3 47 86 43 
3 986 1052 930 
3 986 1103 1052 
3 105 82 43 
3 82 105 163 
3 1158 1217 1103 
3 1272 1217 1158 
3 163 202 254 
3 1272 1389 1343 
3 303 378 254 
3 1549 1503 1435 
3 1549 1668 1620 
3 1503 1389 1435 
3 535 475 378 
3 535 610 475 
3 730 610 656 
3 730 768 845 
3 956 914 845 
3 1029 914 956 
3 1029 1070 1144 
3 1256 1345 1228 
3 1181 1256 1144 
3 2768 2809 2755 
3 2800 2809 2840 
3 2879 2848 2840 
3 2907 2891 2879 
3 2907 2926 2921 
3 2940 2926 2943 
3 2960 2957 2943 
3 2979 2960 2981 
3 2654 2734 2710 
3 2768 2755 2710 
3 2981 2980 2994 
3 2994 2980 2990 
3 2991 3001 2990 
3 3003 2991 2965 
3 2323 2431 2401 
3 2431 2511 2401 
3 2511 2585 2476 
3 2158 2140 2058 
3 2158 2249 2140 
3 2249 2323 2214 
3 2585 2654 2535 
3 2965 2904 2975 
3 2904 2795 2807 
3 2807 2795 2691 
3 2700 2691 2557 
3 2448 2565 2557 
3 2450 2448 2343 
3 2343 2240 2341 
3 2240 2144 2118 
3 2144 2064 2118 
3 2064 1981 2103 
3 2003 1981 1890 
3 1907 1890 1796 
3 1816 1796 1708 
3 1621 1727 1708 
3 1621 1515 1540 
3 1540 1515 1428 
3 1467 1428 1345 
3 2022 2140 2099 
3 1980 2099 2057 
3 1828 1939 1896 
3 1939 1980 2057 
3 1896 1846 1793 
3 1846 1901 1761 
3 1761 1901 1844 
3 1790 1715 1844 
3 1668 1790 1741 
3 137 95 44 
3 205 264 137 
3 547 604 445 
3 280 445 342 
3 622 750 674 
3 547 674 604 
3 750 809 866 
3 205 342 264 
3 930 982 866 
3 47 95 86 
3 86 105 43 
3 930 1052 982 
3 1052 1103 1175 
3 163 105 202 
3 1103 1217 1175 
3 1217 1272 1343 
3 202 303 254 
3 1389 1461 1343 
3 303 453 378 
3 1549 1620 1503 
3 1668 1741 1620 
3 1389 1503 1461 
3 453 535 378 
3 656 610 535 
3 768 730 656 
3 768 879 845 
3 879 956 845 
3 1070 1029 956 
3 1070 1181 1144 
3 1368 1345 1256 
3 1291 1256 1181 
3 2809 2800 2755 
3 2848 2800 2840 
3 2879 2891 2848 
3 2891 2907 2921 
3 2926 2940 2921 
3 2957 2940 2943 
3 2957 2960 2979 
3 2979 2981 2996 
3 2601 2654 2710 
3 2755 2673 2710 
3 2996 2981 2994 
3 3001 2994 2990 
3 3001 2991 3003 
3 3003 2965 2975 
3 2323 2401 2291 
3 2401 2511 2476 
3 2476 2585 2535 
3 2140 2249 2214 
3 2214 2323 2291 
3 2654 2601 2535 
3 2904 2908 2975 
3 2908 2904 2807 
3 2700 2807 2691 
3 2565 2700 2557 
3 2450 2565 2448 
3 2450 2343 2341 
3 2341 2240 2233 
3 2233 2240 2118 
3 2118 2064 2103 
3 1981 2003 2103 
3 2003 1890 1907 
3 1907 1796 1816 
3 1727 1816 1708 
3 1651 1727 1621 
3 1651 1621 1540 
3 1467 1540 1428 
3 1368 1467 1345 
3 2140 2214 2099 
3 2099 2177 2057 
3 1896 1939 2009 
3 1939 2057 2009 
3 1896 1958 1846 
3 1846 1958 1901 
3 1901 1968 1844 
3 1913 1790 1844 
3 1741 1790 1861 
3 95 137 207 
3 137 264 207 
3 445 604 523 
3 342 445 523 
3 750 792 674 
3 674 734 604 
3 792 750 866 
3 264 342 423 
3 982 905 866 
3 95 168 86 
3 169 105 86 
3 982 1052 1109 
3 1052 1175 1109 
3 105 169 202 
3 1217 1289 1175 
3 1217 1343 1289 
3 259 303 202 
3 1461 1405 1343 
3 382 453 303 
3 1503 1620 1575 
3 1620 1741 1687 
3 1503 1575 1461 
3 453 595 535 
3 595 656 535 
3 710 768 656 
3 879 768 824 
3 879 990 956 
3 990 1070 956 
3 1070 1100 1181 
3 1291 1368 1256 
3 1213 1291 1181 
3 2755 2800 2732 
3 2800 2848 2789 
3 2848 2891 2843 
3 2891 2921 2894 
3 2921 2940 2928 
3 2957 2951 2940 
3 2970 2957 2979 
3 2979 2996 2992 
3 2673 2601 2710 
3 2673 2755 2732 
3 3010 2996 2994 
3 3010 2994 3001 
3 3023 3001 3003 
3 3016 3003 2975 
3 2401 2368 2291 
3 2368 2401 2476 
3 2476 2535 2427 
3 2177 2214 2291 
3 2601 2488 2535 
3 2908 2983 2975 
3 2908 2807 2812 
3 2807 2700 2812 
3 2700 2565 2701 
3 2565 2450 2564 
3 2450 2341 2447 
3 2336 2341 2233 
3 2233 2118 2103 
3 2103 2003 2115 
3 2003 1907 2017 
3 1907 1816 1924 
3 1837 1816 1727 
3 1760 1727 1651 
3 1579 1651 1540 
3 1579 1540 1467 
3 1467 1368 1400 
3 2214 2177 2099 
3 2177 2129 2057 
3 1958 1896 2009 
3 2057 2129 2009 
3 1958 2024 1901 
3 1968 1913 1844 
3 1901 2024 1968 
3 1790 1913 1861 
3 1805 1741 1861 
3 168 95 207 
3 264 336 207 
3 604 666 523 
3 342 523 423 
3 674 792 734 
3 604 734 666 
3 905 792 866 
3 336 264 423 
3 982 1021 905 
3 168 169 86 
3 1073 982 1109 
3 1175 1238 1109 
3 169 259 202 
3 1289 1238 1175 
3 1343 1405 1289 
3 382 303 259 
3 1405 1461 1523 
3 453 382 541 
3 1575 1620 1687 
3 1741 1805 1687 
3 1461 1575 1523 
3 453 541 595 
3 710 656 595 
3 824 768 710 
3 920 879 824 
3 990 879 920 
3 990 1100 1070 
3 1100 1213 1181 
3 1400 1368 1291 
3 1332 1291 1213 
3 2800 2789 2732 
3 2848 2843 2789 
3 2843 2891 2894 
3 2921 2928 2894 
3 2940 2951 2928 
3 2957 2970 2951 
3 2970 2979 2992 
3 2996 3011 2992 
3 2601 2673 2549 
3 2673 2732 2623 
3 3010 3011 2996 
3 3010 3001 3023 
3 3023 3003 3016 
3 2983 3016 2975 
3 2291 2368 2250 
3 2368 2476 2427 
3 2535 2488 2427 
3 2177 2291 2250 
3 2601 2549 2488 
3 2983 2908 2906 
3 2906 2908 2812 
3 2812 2700 2701 
3 2701 2565 2564 
3 2564 2450 2447 
3 2341 2336 2447 
3 2336 2233 2224 
3 2224 2233 2103 
3 2115 2003 2017 
3 2224 2103 2115 
3 2017 1907 1924 
3 1816 1837 1924 
3 1760 1837 1727 
3 1760 1651 1685 
3 1685 1651 1579 
3 1509 1579 1467 
3 1509 1467 1400 
3 2129 2177 2250 
3 2076 1958 2009 
3 2129 2076 2009 
3 2076 2024 1958 
3 2034 1913 1968 
3 2024 2089 1968 
3 1913 1977 1861 
3 1927 1805 1861 
3 279 168 207 
3 336 279 207 
3 523 666 586 
3 523 586 423 
3 734 792 851 
3 666 734 782 
3 792 905 851 
3 336 423 508 
3 905 1021 963 
3 982 1073 1021 
3 168 241 169 
3 1182 1073 1109 
3 1238 1182 1109 
3 169 241 259 
3 1289 1356 1238 
3 1405 1356 1289 
3 334 382 259 
3 1472 1405 1523 
3 382 485 541 
3 1639 1575 1687 
3 1805 1754 1687 
3 1575 1639 1523 
3 541 669 595 
3 669 710 595 
3 780 824 710 
3 967 920 824 
3 1034 990 920 
3 1100 990 1034 
3 1100 1147 1213 
3 1332 1400 1291 
3 1262 1332 1213 
3 2789 2703 2732 
3 2789 2843 2766 
3 2835 2843 2894 
3 2928 2897 2894 
3 2951 2938 2928 
3 2951 2970 2963 
3 2989 2970 2992 
3 3011 3009 2992 
3 2549 2673 2623 
3 2732 2703 2623 
3 3011 3010 3024 
3 3024 3010 3023 
3 3029 3023 3016 
3 3013 3016 2983 
3 2368 2313 2250 
3 2313 2368 2427 
3 2488 2379 2427 
3 2488 2549 2436 
3 2973 2983 2906 
3 2810 2906 2812 
3 2810 2812 2701 
3 2702 2701 2564 
3 2560 2564 2447 
3 2336 2440 2447 
3 2325 2336 2224 
3 2124 2115 2017 
3 2217 2224 2115 
3 2028 2017 1924 
3 1837 1957 1924 
3 1862 1837 1760 
3 1799 1760 1685 
3 1685 1579 1618 
3 1618 1579 1509 
3 1437 1509 1400 
3 2198 2129 2250 
3 2129 2198 2076 
3 2076 2145 2024 
3 2034 1977 1913 
3 2089 2034 1968 
3 2024 2145 2089 
3 1977 1927 1861 
3 1805 1927 1869 
3 168 279 241 
3 336 419 279 
3 666 716 586 
3 423 586 508 
3 734 851 782 
3 716 666 782 
3 905 963 851 
3 419 336 508 
3 1021 1079 963 
3 1073 1132 1021 
3 1073 1182 1132 
3 1238 1299 1182 
3 241 334 259 
3 1238 1356 1299 
3 1405 1472 1356 
3 485 382 334 
3 1588 1472 1523 
3 485 614 541 
3 1754 1639 1687 
3 1805 1869 1754 
3 1639 1588 1523 
3 614 669 541 
3 669 780 710 
3 780 898 824 
3 967 1034 920 
3 898 967 824 
3 1147 1100 1034 
3 1147 1262 1213 
3 1332 1437 1400 
3 1373 1332 1262 
3 2703 2789 2766 
3 2843 2835 2766 
3 2897 2835 2894 
3 2938 2897 2928 
3 2951 2963 2938 
3 2970 2989 2963 
3 3009 2989 2992 
3 3009 3011 3025 
3 2549 2623 2499 
3 2623 2703 2574 
3 3011 3024 3025 
3 3024 3023 3029 
3 3029 3016 3013 
3 3013 2983 2973 
3 2313 2198 2250 
3 2379 2313 2427 
3 2488 2436 2379 
3 2436 2549 2499 
3 2901 2973 2906 
3 2810 2901 2906 
3 2810 2701 2702 
3 2560 2702 2564 
3 2440 2560 2447 
3 2440 2336 2325 
3 2217 2325 2224 
3 2124 2217 2115 
3 2028 2124 2017 
3 1957 2028 1924 
3 1837 1862 1957 
3 1799 1862 1760 
3 1799 1685 1731 
3 1731 1685 1618 
3 1548 1618 1509 
3 1437 1548 1509 
3 2198 2145 2076 
3 2034 2095 1977 
3 2034 2089 2154 
3 2145 2204 2089 
3 1927 1977 2041 
3 1927 1987 1869 
3 241 279 334 
3 279 419 334 
3 716 642 586 
3 586 642 508 
3 851 895 782 
3 837 716 782 
3 963 895 851 
3 419 508 565 
3 963 1079 1009 
3 1132 1079 1021 
3 1182 1247 1132 
3 1299 1247 1182 
3 1299 1356 1415 
3 1356 1472 1415 
3 419 485 334 
3 1472 1588 1535 
3 565 614 485 
3 1754 1702 1639 
3 1869 1820 1754 
3 1639 1702 1588 
3 738 669 614 
3 780 669 738 
3 780 853 898 
3 967 1080 1034 
3 1005 967 898 
3 1080 1147 1034 
3 1188 1262 1147 
3 1373 1437 1332 
3 1301 1373 1262 
3 2658 2703 2766 
3 2835 2743 2766 
3 2835 2897 2820 
3 2888 2897 2938 
3 2963 2941 2938 
3 2963 2989 2978 
3 2989 3009 2999 
3 3021 3009 3025 
3 2499 2623 2574 
3 2703 2658 2574 
3 3024 3031 3025 
3 3031 3024 3029 
3 3026 3029 3013 
3 3013 2973 3000 
3 2198 2313 2267 
3 2313 2379 2267 
3 2379 2436 2318 
3 2436 2499 2382 
3 2973 2901 2982 
3 2901 2810 2804 
3 2804 2810 2702 
3 2560 2694 2702 
3 2546 2560 2440 
3 2428 2440 2325 
3 2325 2217 2317 
3 2211 2217 2124 
3 2117 2124 2028 
3 2019 2028 1957 
3 1862 1911 1957 
3 1799 1911 1862 
3 1857 1799 1731 
3 1656 1731 1618 
3 1656 1618 1548 
3 1437 1484 1548 
3 2145 2198 2267 
3 1977 2095 2041 
3 2095 2034 2154 
3 2089 2204 2154 
3 2145 2267 2204 
3 1987 1927 2041 
3 1987 1937 1869 
3 716 763 642 
3 508 642 565 
3 895 837 782 
3 716 837 763 
3 895 963 1009 
3 419 565 485 
3 1079 1127 1009 
3 1079 1132 1187 
3 1132 1247 1187 
3 1299 1362 1247 
3 1362 1299 1415 
3 1472 1535 1415 
3 1588 1652 1535 
3 565 686 614 
3 1754 1820 1702 
3 1937 1820 1869 
3 1588 1702 1652 
3 686 738 614 
3 853 780 738 
3 853 965 898 
3 967 1005 1080 
3 965 1005 898 
3 1188 1147 1080 
3 1301 1262 1188 
3 1484 1437 1373 
3 1416 1373 1301 
3 2743 2658 2766 
3 2743 2835 2820 
3 2897 2888 2820 
3 2941 2888 2938 
3 2963 2978 2941 
3 2978 2989 2999 
3 3009 3021 2999 
3 3028 3021 3025 
3 2499 2574 2446 
3 2574 2658 2515 
3 3031 3028 3025 
3 3031 3029 3026 
3 3026 3013 3000 
3 3000 2973 2982 
3 2379 2318 2267 
3 2318 2436 2382 
3 2382 2499 2446 
3 2901 2898 2982 
3 2898 2901 2804 
3 2694 2804 2702 
3 2694 2560 2546 
3 2546 2440 2428 
3 2428 2325 2317 
3 2317 2217 2211 
3 2117 2211 2124 
3 2019 2117 2028 
3 1911 2019 1957 
3 1911 1799 1857 
3 1758 1857 1731 
3 1656 1758 1731 
3 1589 1656 1548 
3 1484 1589 1548 
3 2095 2157 2041 
3 2212 2095 2154 
3 2204 2270 2154 
3 2267 2318 2204 
3 2101 1987 2041 
3 2052 1937 1987 
3 642 763 686 
3 642 686 565 
3 837 895 957 
3 837 882 763 
3 957 895 1009 
3 1009 1127 1072 
3 1079 1187 1127 
3 1247 1302 1187 
3 1247 1362 1302 
3 1479 1362 1415 
3 1535 1479 1415 
3 1535 1652 1596 
3 1820 1767 1702 
3 1820 1937 1883 
3 1702 1767 1652 
3 686 804 738 
3 804 853 738 
3 931 965 853 
3 1005 1115 1080 
3 1063 1005 965 
3 1115 1188 1080 
3 1227 1301 1188 
3 1416 1484 1373 
3 1416 1301 1347 
3 2658 2743 2594 
3 2697 2743 2820 
3 2888 2773 2820 
3 2888 2941 2861 
3 2978 2927 2941 
3 2974 2978 2999 
3 3021 2997 2999 
3 3014 3021 3028 
3 2574 2515 2446 
3 2658 2594 2515 
3 3028 3031 3027 
3 3031 3026 3027 
3 3012 3026 3000 
3 3012 3000 2982 
3 2318 2382 2270 
3 2382 2446 2326 
3 2898 2969 2982 
3 2898 2804 2798 
3 2798 2804 2694 
3 2694 2546 2676 
3 2528 2546 2428 
3 2410 2428 2317 
3 2302 2317 2211 
3 2211 2117 2199 
3 2090 2117 2019 
3 2019 1911 1974 
3 1911 1857 1974 
3 1839 1857 1758 
3 1694 1758 1656 
3 1694 1656 1589 
3 1589 1484 1529 
3 2157 2101 2041 
3 2212 2157 2095 
3 2270 2212 2154 
3 2318 2270 2204 
3 2052 1987 2101 
3 1937 2052 2005 
3 763 804 686 
3 837 957 882 
3 882 804 763 
3 957 1009 1072 
3 1127 1185 1072 
3 1187 1248 1127 
3 1302 1248 1187 
3 1362 1422 1302 
3 1362 1479 1422 
3 1479 1535 1596 
3 1652 1714 1596 
3 1767 1820 1883 
3 1937 2005 1883 
3 1767 1714 1652 
3 804 931 853 
3 1014 965 931 
3 1063 1115 1005 
3 1014 1063 965 
3 1227 1188 1115 
3 1301 1227 1347 
3 1529 1484 1416 
3 1464 1416 1347 
3 2594 2743 2697 
3 2773 2697 2820 
3 2888 2861 2773 
3 2941 2927 2861 
3 2974 2927 2978 
3 2997 2974 2999 
3 3014 2997 3021 
3 3020 3014 3028 
3 2446 2515 2392 
3 2515 2594 2466 
3 3020 3028 3027 
3 3027 3026 3012 
3 2969 3012 2982 
3 2270 2382 2326 
3 2326 2446 2392 
3 2969 2898 2885 
3 2885 2898 2798 
3 2798 2694 2676 
3 2546 2528 2676 
3 2528 2428 2410 
3 2302 2410 2317 
3 2302 2211 2199 
3 2117 2090 2199 
3 2090 2019 1974 
3 1974 1857 1933 
3 1857 1839 1933 
3 1839 1758 1791 
3 1758 1694 1791 
3 1634 1694 1589 
3 1634 1589 1529 
3 2157 2218 2101 
3 2212 2280 2157 
3 2270 2326 2212 
3 2171 2052 2101 
3 2005 2052 2121 
3 957 1001 882 
3 882 931 804 
3 1001 957 1072 
3 1185 1120 1072 
3 1248 1185 1127 
3 1248 1302 1363 
3 1302 1422 1363 
3 1422 1479 1544 
3 1479 1596 1544 
3 1714 1663 1596 
3 1767 1883 1833 
3 2005 1952 1883 
3 1767 1833 1714 
3 1068 1014 931 
3 1156 1115 1063 
3 1063 1014 1107 
3 1156 1227 1115 
3 1227 1259 1347 
3 1464 1529 1416 
3 1385 1464 1347 
3 2594 2697 2534 
3 2697 2773 2627 
3 2773 2861 2725 
3 2861 2927 2806 
3 2927 2974 2886 
3 2974 2997 2942 
3 2997 3014 2961 
3 3014 3020 2984 
3 2515 2466 2392 
3 2594 2534 2466 
3 3020 3027 3006 
3 3027 3012 3006 
3 3006 3012 2969 
3 2326 2392 2280 
3 2947 2969 2885 
3 2885 2798 2769 
3 2769 2798 2676 
3 2528 2640 2676 
3 2496 2528 2410 
3 2380 2410 2302 
3 2274 2302 2199 
3 2199 2090 2159 
3 2043 2090 1974 
3 2043 1974 1933 
3 1933 1839 1895 
3 1895 1839 1791 
3 1791 1694 1736 
3 1694 1634 1736 
3 1634 1529 1577 
3 2218 2171 2101 
3 2280 2218 2157 
3 2212 2326 2280 
3 2052 2171 2121 
3 2005 2121 2066 
3 882 1001 931 
3 1120 1001 1072 
3 1185 1231 1120 
3 1185 1248 1294 
3 1248 1363 1294 
3 1422 1477 1363 
3 1422 1544 1477 
3 1596 1663 1544 
3 1714 1783 1663 
3 1883 1952 1833 
3 1952 2005 2066 
3 1714 1833 1783 
3 1014 1068 1107 
3 1001 1068 931 
3 1156 1063 1107 
3 1259 1227 1156 
3 1259 1385 1347 
3 1529 1464 1577 
3 1505 1464 1385 
3 2697 2627 2534 
3 2773 2725 2627 
3 2861 2806 2725 
3 2806 2927 2886 
3 2974 2942 2886 
3 2997 2961 2942 
3 2961 3014 2984 
3 2984 3020 2987 
3 2392 2466 2338 
3 2466 2534 2403 
3 3020 3006 2987 
3 3006 2969 2947 
3 2392 2338 2280 
3 2855 2947 2885 
3 2855 2885 2769 
3 2640 2769 2676 
3 2640 2528 2496 
3 2496 2410 2380 
3 2380 2302 2274 
3 2274 2199 2159 
3 2090 2043 2159 
3 2000 2043 1933 
3 2000 1933 1895 
3 1845 1895 1791 
3 1845 1791 1736 
3 1634 1680 1736 
3 1680 1634 1577 
3 2171 2218 2287 
3 2280 2338 2218 
3 2171 2232 2121 
3 2121 2182 2066 
3 1001 1120 1068 
3 1120 1231 1168 
3 1231 1185 1294 
3 1363 1406 1294 
3 1477 1406 1363 
3 1544 1607 1477 
3 1663 1607 1544 
3 1783 1737 1663 
3 1952 1903 1833 
3 2018 1952 2066 
3 1833 1903 1783 
3 1068 1168 1107 
3 1196 1156 1107 
3 1259 1156 1196 
3 1385 1259 1307 
3 1464 1505 1577 
3 1433 1505 1385 
3 2534 2627 2475 
3 2627 2725 2552 
3 2725 2806 2650 
3 2742 2806 2886 
3 2942 2815 2886 
3 2942 2961 2869 
3 2914 2961 2984 
3 2935 2984 2987 
3 2338 2466 2403 
3 2534 2475 2403 
3 3006 2947 2987 
3 2947 2855 2911 
3 2735 2855 2769 
3 2640 2735 2769 
3 2586 2640 2496 
3 2457 2496 2380 
3 2339 2380 2274 
3 2226 2274 2159 
3 2159 2043 2111 
3 2111 2043 2000 
3 1955 2000 1895 
3 1955 1895 1845 
3 1787 1845 1736 
3 1680 1787 1736 
3 1623 1680 1577 
3 2218 2338 2287 
3 2232 2171 2287 
3 2232 2182 2121 
3 2182 2128 2066 
3 1120 1168 1068 
3 1231 1269 1168 
3 1338 1231 1294 
3 1406 1338 1294 
3 1477 1518 1406 
3 1477 1607 1518 
3 1663 1737 1607 
3 1855 1737 1783 
3 1952 2018 1903 
3 2128 2018 2066 
3 1903 1855 1783 
3 1168 1196 1107 
3 1307 1259 1196 
3 1433 1385 1307 
3 1505 1623 1577 
3 1564 1505 1433 
3 2627 2552 2475 
3 2725 2650 2552 
3 2806 2742 2650 
3 2815 2742 2886 
3 2815 2942 2869 
3 2961 2914 2869 
3 2914 2984 2935 
3 2911 2935 2987 
3 2338 2403 2287 
3 2403 2475 2354 
3 2947 2911 2987 
3 2911 2855 2802 
3 2855 2735 2802 
3 2735 2640 2586 
3 2586 2496 2457 
3 2457 2380 2339 
3 2226 2339 2274 
3 2226 2159 2111 
3 2067 2111 2000 
3 1955 2067 2000 
3 1926 1955 1845 
3 1926 1845 1787 
3 1680 1739 1787 
3 1739 1680 1623 
3 2354 2232 2287 
3 2232 2296 2182 
3 2245 2128 2182 
3 1168 1269 1196 
3 1231 1338 1269 
3 1444 1338 1406 
3 1518 1444 1406 
3 1607 1603 1518 
3 1607 1737 1697 
3 1737 1855 1807 
3 2018 1963 1903 
3 2018 2128 2074 
3 1963 1855 1903 
3 1269 1307 1196 
3 1378 1433 1307 
3 1505 1564 1623 
3 1564 1433 1496 
3 2475 2552 2415 
3 2552 2650 2485 
3 2650 2742 2568 
3 2742 2815 2656 
3 2815 2869 2733 
3 2914 2792 2869 
3 2914 2935 2844 
3 2935 2911 2844 
3 2403 2354 2287 
3 2475 2415 2354 
3 2844 2911 2802 
3 2735 2677 2802 
3 2677 2735 2586 
3 2524 2586 2457 
3 2400 2457 2339 
3 2290 2339 2226 
3 2180 2226 2111 
3 2067 2180 2111 
3 2029 2067 1955 
3 2029 1955 1926 
3 1850 1926 1787 
3 1739 1850 1787 
3 1691 1739 1623 
3 2232 2354 2296 
3 2296 2245 2182 
3 2189 2128 2245 
3 1338 1378 1269 
3 1444 1378 1338 
3 1550 1444 1518 
3 1603 1550 1518 
3 1603 1607 1697 
3 1737 1807 1697 
3 1855 1915 1807 
3 1963 2018 2074 
3 2128 2189 2074 
3 1855 1963 1915 
3 1269 1378 1307 
3 1433 1378 1496 
3 1564 1691 1623 
3 1619 1564 1496 
3 2552 2485 2415 
3 2485 2650 2568 
3 2742 2656 2568 
3 2656 2815 2733 
3 2869 2792 2733 
3 2792 2914 2844 
3 2354 2415 2296 
3 2844 2802 2716 
3 2716 2802 2677 
3 2677 2586 2524 
3 2524 2457 2400 
3 2400 2339 2290 
3 2290 2226 2180 
3 2132 2180 2067 
3 2029 2132 2067 
3 2029 1926 1991 
3 1906 1926 1850 
3 1806 1850 1739 
3 1691 1806 1739 
3 2296 2365 2245 
3 2304 2189 2245 
3 1378 1444 1496 
3 1444 1550 1496 
3 1603 1661 1550 
3 1661 1603 1697 
3 1807 1769 1697 
3 1807 1915 1871 
3 2025 1963 2074 
3 2189 2136 2074 
3 1963 2025 1915 
3 1619 1691 1564 
3 1550 1619 1496 
3 2415 2485 2365 
3 2423 2485 2568 
3 2568 2656 2490 
3 2562 2656 2733 
3 2733 2792 2642 
3 2792 2844 2716 
3 2415 2365 2296 
3 2677 2610 2716 
3 2610 2677 2524 
3 2524 2400 2469 
3 2350 2400 2290 
3 2238 2290 2180 
3 2238 2180 2132 
3 2132 2029 2086 
3 1926 1906 1991 
3 2086 2029 1991 
3 1806 1906 1850 
3 1740 1806 1691 
3 2365 2304 2245 
3 2189 2304 2251 
3 1550 1661 1619 
3 1769 1661 1697 
3 1769 1807 1871 
3 1915 1973 1871 
3 2136 2025 2074 
3 2189 2251 2136 
3 1915 2025 1973 
3 1619 1740 1691 
3 2485 2423 2365 
3 2423 2568 2490 
3 2656 2562 2490 
3 2562 2733 2642 
3 2792 2716 2642 
3 2610 2538 2716 
3 2610 2524 2469 
3 2400 2350 2469 
3 2350 2290 2238 
3 2188 2238 2132 
3 2188 2132 2086 
3 1991 1906 1938 
3 2035 2086 1991 
3 1906 1806 1840 
3 1806 1740 1840 
3 2365 2423 2304 
3 2304 2370 2251 
3 1661 1740 1619 
3 1661 1769 1740 
3 1769 1871 1840 
3 1973 1938 1871 
3 2136 2079 2025 
3 2251 2192 2136 
3 2025 2079 1973 
3 2370 2423 2490 
3 2562 2422 2490 
3 2481 2562 2642 
3 2716 2538 2642 
3 2538 2610 2469 
3 2350 2411 2469 
3 2350 2238 2295 
3 2238 2188 2295 
3 2139 2188 2086 
3 1938 1906 1840 
3 2035 1991 1938 
3 2035 2139 2086 
3 1740 1769 1840 
3 2423 2370 2304 
3 2370 2305 2251 
3 1871 1938 1840 
3 1973 2035 1938 
3 2136 2192 2079 
3 2251 2305 2192 
3 2079 2035 1973 
3 2422 2370 2490 
3 2562 2481 2422 
3 2538 2481 2642 
3 2411 2538 2469 
3 2411 2350 2295 
3 2188 2247 2295 
3 2247 2188 2139 
3 2035 2079 2139 
3 2370 2422 2305 
3 2079 2192 2139 
3 2192 2305 2247 
3 2422 2481 2361 
3 2481 2538 2411 
3 2361 2411 2295 
3 2247 2361 2295 
3 2192 2247 2139 
3 2305 2422 2361 
3 2247 2305 2361 
3 2481 2411 2361 

