# vtk DataFile Version 4.2
vtk output
ASCII
DATASET POLYDATA
POINTS 2987 float
-157.788 -5.72592 -276.334 -157.305 7.01446 -274.319 -157.27 -12.4524 -265.866 
-157.104 0.037923 -263.529 -156.187 -18.0365 -278.534 -155.47 -24.7886 -267.778 
-155.312 -7.2155 -252.928 -154.9 -19.3989 -255.237 -154.836 12.3694 -261.435 
-154.713 19.6043 -272.206 -154.494 0.682621 -286.001 -154.123 13.6685 -284.707 
-153.835 4.84235 -250.88 -153.789 -30.2387 -279.994 -152.969 -11.6321 -287.417 
-152.653 -31.4485 -257.323 -152.324 -36.7215 -269.556 -151.845 -14.8024 -242.911 
-151.542 26.3794 -282.755 -151.287 -3.23082 -240.846 -150.853 24.2892 -259.654 
-150.826 -26.3911 -245.173 -150.558 16.7133 -249.175 -150.417 -42.0658 -281 
-149.782 31.4534 -270.064 -149.754 -22.6718 -290.124 -149.096 8.57794 -239.027 
-148.66 -42.9717 -259.755 -148.63 -35.3656 -290.943 -148.166 -38.0876 -247.507 
-148.159 -48.1659 -271.758 -147.756 -11.794 -231.347 -147.51 -21.8093 -233.177 
-146.391 -0.103693 -229.44 -145.968 -6.12085 -292.873 -145.884 -32.8897 -235.453 
-145.809 6.52184 -292.076 -145.786 28.3339 -247.857 -145.747 37.7043 -279.92 
-145.559 -46.7928 -290.727 -145.295 35.7017 -258.239 -145.238 20.4937 -237.625 
-145.07 -52.757 -283.24 -144.519 18.8482 -290.641 -143.926 -54.072 -262.64 
-143.747 -49.338 -250.42 -143.484 11.9861 -227.843 -143.429 42.542 -268.475 
-142.826 -25.5892 -223.192 -142.593 -9.69719 -220.406 -142.46 -44.6014 -238.315 
-142.11 -58.0982 -274.828 -141.649 30.8687 -289.082 -140.506 -39.586 -226.246 
-140.19 2.96875 -218.778 -139.923 48.5417 -278.561 -139.53 -61.6407 -286.982 
-139.528 -54.2634 -293.083 -139.52 31.8836 -236.816 -139.453 39.3212 -247.089 
-139.252 -27.7049 -296.944 -138.404 46.4235 -257.374 -138.404 23.9346 -226.939 
-138.092 -60.0367 -253.716 -138.001 42.3453 -288.018 -137.836 -14.2405 -295.856 
-137.546 -55.8006 -241.512 -137.281 -20.0082 -212.095 -137.253 -63.875 -266.127 
-137.16 -39.7821 -297.232 -136.676 -33.8469 -214.69 -136.388 -51.43 -229.469 
-136.388 52.9341 -267.72 -136.216 -0.919364 -295.54 -136.167 15.3549 -217.585 
-136.092 -6.32666 -210.037 -135.518 -67.3064 -278.678 -135.081 11.2424 -294.83 
-134.026 -51.9645 -297.529 -133.925 2.1003 92.0618 -133.786 -46.415 -217.698 
-133.752 -2.06558 80.206 -133.708 -15.2044 78.089 -133.609 -11.2253 90.3783 
-133.392 -5.76908 68.0628 -133.283 23.3572 -293.826 -133.15 58.3058 -278.11 
-133.131 -18.6398 65.6047 -133.018 -9.09298 55.6732 -132.81 -21.8692 53.0346 
-132.801 6.39836 -208.826 -132.724 -12.2746 43.2515 -132.682 42.2754 -236.587 
-132.651 6.80303 103.169 -132.542 7.13803 70.5376 -132.491 11.0222 82.5425 
-132.465 51.514 -288.466 -132.401 3.66218 58.2902 -132.321 -15.4232 30.7709 
-132.312 34.9351 -226.411 -132.307 -2.90392 33.5208 -132.305 15.2589 93.9209 
-132.219 0.348668 45.9385 -132.208 -6.18395 21.0487 -132.019 -24.837 40.4732 
-131.963 49.4609 -246.876 -131.925 -6.79653 102.389 -131.913 2.87281 11.2884 
-131.836 -66.8837 -292.576 -131.784 6.26837 23.7903 -131.448 9.55915 36.2514 
-131.315 12.854 48.6405 -131.293 -66.0935 -245.044 -131.25 16.2365 60.9799 
-131.227 -0.652356 -1.13658 -131.183 -18.5239 18.2015 -131.126 11.6488 1.73611 
-131.114 -28.2912 -203.954 -131.11 -31.185 63.0008 -131.094 -9.46641 8.55709 
-131.071 -27.7687 75.7809 -130.999 20.0222 104.978 -130.986 15.1878 14.2118 
-130.982 19.7994 73.2185 -130.974 -69.6229 -257.311 -130.943 35.5008 -292.747 
-130.819 -34.2938 50.202 -130.797 18.6199 26.5867 -130.727 -27.6905 27.863 
-130.684 21.9155 39.0087 -130.68 -15.3804 -201.864 -130.647 8.06082 -10.9139 
-130.626 27.079 -216.809 -130.606 -62.1905 -232.926 -130.519 56.3563 -257.251 
-130.479 25.2085 51.3622 -130.361 -23.962 88.4978 -130.328 24.0436 85.1498 
-130.067 28.6924 63.7419 -129.931 34.1952 41.7334 -129.877 31.0093 29.2941 
-129.854 -72.9739 -269.743 -129.787 -41.0445 -206.538 -129.625 23.8961 4.69051 
-129.57 27.4735 17.0775 -129.343 -36.8644 37.3506 -129.322 28.6742 96.9331 
-129.244 -58.0366 -220.928 -129.181 37.287 54.125 -129.175 20.2074 -7.9045 
-128.995 -12.7675 -3.75047 -128.955 -21.5773 5.79857 -128.941 32.5063 76.0571 
-128.771 -4.01708 -13.3844 -128.632 -30.5076 15.2144 -128.479 47.6569 -291.581 
-128.468 -2.58967 -200.381 -128.38 62.7113 -267.762 -128.278 11.4948 111.582 
-128.034 43.3746 31.9485 -127.947 18.6207 -207.829 -127.938 40.7599 66.6237 
-127.81 46.25 44.5276 -127.583 39.8355 19.7011 -127.497 -19.0581 100.276 
-127.411 -75.1329 -282.773 -127.21 60.4287 -287.734 -127.116 -39.3155 24.6436 
-127.041 0.06772 111.964 -126.916 37.058 88.2537 -126.784 35.9293 7.63514 
-126.544 16.071 -19.966 -126.503 4.50328 -22.5305 -126.333 -53.0972 -209.517 
-126.274 32.1089 -4.79542 -126.248 48.652 56.9518 -126.206 -21.0561 -298.289 
-126.185 -8.68257 -297.14 -125.658 -24.6157 -6.27855 -125.631 -15.9111 -15.6435 
-125.315 -33.2924 3.0174 -125.233 31.6214 109.258 -125.178 44.6761 -226.461 
-125.141 -33.3575 -299.214 -125.1 3.75797 -296.63 -125.039 -23.5163 -193.631 
-124.979 67.5624 -278.507 -124.886 44.7733 79.1116 -124.84 -42.0385 59.8596 
-124.837 51.8738 -236.742 -124.648 -35.8724 -195.795 -124.53 -45.0833 46.9595 
-124.459 9.74787 -199.361 -124.447 -7.1799 -24.7921 -124.128 -75.5197 -248.688 
-124.098 -72.2624 -236.558 -124.029 37.1499 -216.706 -123.961 -41.7247 12.2253 
-123.898 -38.2169 72.578 -123.703 27.521 -16.7419 -123.67 20.8459 115.579 
-123.667 -11.147 -191.995 -123.651 58.9169 -247.127 -123.627 -45.9774 -299.574 
-123.607 15.8879 -296.145 -123.495 50.9203 69.3325 -123.429 40.579 100.536 
-123.38 51.8048 22.562 -123.124 -78.5087 -260.839 -122.952 -12.4353 109.484 
-122.929 -68.3605 -224.621 -122.878 -47.3251 33.9781 -122.681 47.7711 10.4399 
-122.541 54.5527 35.0318 -122.421 -47.9454 -198.618 -122.237 -59.4491 -298.856 
-122.067 -33.8675 85.1324 -122.009 -27.6756 -18.0464 -121.985 65.7411 -257.621 
-121.835 12.5995 -31.1171 -121.704 -19.094 -27.1984 -121.644 28.1958 -295.203 
-121.616 56.754 47.594 -121.574 29.5199 -207.531 -121.49 1.96282 -33.4909 
-121.436 -36.0151 -8.85137 -121.434 -81.029 -273.229 -121.178 43.2861 -1.46185 
-121.015 -64.1789 -212.981 -120.692 8.3608 119.498 -120.629 -71.6026 -293.859 
-120.61 1.09837 -190.799 -120.376 48.7127 91.4271 -120.266 21.6558 -28.6863 
-120.202 -49.5506 21.3171 -120.095 -44.3052 0.195689 -120.079 58.5532 59.9738 
-119.952 -10.2621 -36.0819 -119.799 51.3211 81.1131 -119.642 72.0377 -268.247 
-119.312 -31.2697 -185.335 -119.261 40.6876 -294.068 -119.209 -19.2134 -183.277 
-119.028 38.4891 -13.2284 -118.878 -28.1803 96.9522 -118.749 21.418 -198.611 
-118.575 68.2529 -289.023 -118.558 -30.8464 -29.8368 -118.294 -39.1375 -20.8381 
-118.199 -59.4436 -201.827 -118.113 -43.1811 -187.757 -117.727 -22.3501 -38.7454 
-117.522 54.3381 -292.881 -117.445 -81.3476 -285.987 -117.419 -7.15498 -181.648 
-117.411 -52.1703 8.96819 -117.161 -47.2639 -11.945 -117.149 -4.35338 118.292 
-116.988 -1.0199 -44.6764 -116.886 53.4825 -226.982 -116.679 58.7008 71.9886 
-116.629 13.0155 -41.2941 -116.56 46.1325 -217.011 -116.325 -81.1207 -240.437 
-116.279 33.317 -25.068 -116.241 30.1897 118.478 -116.237 40.7919 111.359 
-116.072 60.6932 -237.257 -116.02 -13.5854 -47.5875 -115.94 76.4474 -279.36 
-115.878 -22.9394 104.584 -115.814 -83.8543 -252.412 -115.792 12.9467 -189.876 
-115.707 -77.8332 -228.572 -115.504 -53.4651 42.8603 -115.464 -42.1469 -32.7891 
-115.463 -50.0798 55.5457 -115.273 57.8694 13.9929 -115.038 -33.9515 -41.6387 
-115.024 -50.5013 -24.064 -114.994 61.2005 26.245 -114.989 -54.7175 -190.82 
-114.942 -55.2103 -3.23403 -114.785 -3.68949 -297.385 -114.712 57.8688 83.1147 
-114.592 -27.0814 -174.507 -114.568 67.6211 -247.718 -114.437 53.6137 2.02268 
-114.375 -56.3402 30.0719 -114.342 38.9494 -207.695 -114.334 -74.1781 -216.841 
-114.328 -45.858 67.8991 -114.179 -86.209 -264.405 -114.112 49.8239 102.658 
-114.011 -25.7694 -50.5651 -114.002 -15.2834 -172.574 -113.917 63.5063 38.6569 
-113.813 18.1875 122.763 -113.742 -15.4615 -298.253 -113.704 8.39899 -297.039 
-113.615 -38.7647 -176.951 -113.449 -58.6108 -15.4193 -113.374 27.6002 -37.0672 
-113.202 4.57011 -180.763 -113.068 -4.41626 -56.2381 -112.9 48.9848 -9.74875 
-112.746 -59.3419 17.5607 -112.714 -53.2346 -36.1034 -112.632 65.1097 51.0545 
-112.628 74.3944 -258.226 -112.563 -17.0852 -59.4175 -112.453 -44.5047 -44.6175 
-112.402 8.4249 -52.8561 -112.341 -41.2025 80.2537 -112.271 -69.9165 -205.604 
-112.049 -61.8059 -27.6238 -111.977 20.6902 -296.581 -111.728 -27.2232 -299.473 
-111.593 -87.5703 -276.573 -111.549 -40.0433 -299.963 -111.417 -37.122 -53.6117 
-111.347 -52.9534 -299.923 -111.329 -3.57602 -171.257 -111.264 -62.6074 5.25756 
-111.243 -50.2493 -179.83 -111.08 -15.4458 113.348 -110.988 -65.6487 -298.673 
-110.842 44.1089 -21.4324 -110.757 32.4398 -198.685 -110.496 65.7539 63.2703 
-110.48 -66.34 -6.91863 -110.324 -23.208 -163.423 -110.185 -29.9028 -62.7007 
-110.169 57.9763 94.2001 -110.151 -69.758 -19.0656 -110.102 -65.6423 -194.289 
-110.044 5.3264 124.014 -110.004 80.5274 -268.897 -109.964 -34.7797 -165.657 
-109.934 21.5538 -48.9689 -109.891 -77.3378 -294.425 -109.783 -64.5396 -39.7531 
-109.733 -54.9547 -47.8109 -109.683 33.1892 -295.424 -109.595 -7.90197 -68.0711 
-109.273 -35.2825 92.2062 -109.268 -45.4575 -55.9931 -109.247 -72.7418 -31.2952 
-109.101 -20.7845 -71.4547 -109.073 -11.6058 -161.811 -108.874 62.8466 -292.955 
-108.842 24.0639 -189.633 -108.724 4.57355 -64.6615 -108.657 39.0641 -33.4136 
-108.599 75.9267 -289.441 -108.215 53.8221 -217.79 -108.062 45.4888 -208.134 
-108.005 -46.1856 -168.475 -107.854 -89.2954 -244.529 -107.732 -12.995 -298.128 
-107.676 61.4163 -227.817 -107.649 -86.53 -232.762 -107.619 65.6468 75.1843 
-107.25 15.6353 -180.4 -107.216 -61.1413 -183.127 -107.029 -79.8608 -22.5246 
-106.956 38.9381 119.734 -106.939 -31.0986 -154.108 -106.912 45.9119 -294.49 
-106.907 -19.5377 -152.019 -106.789 -91.243 -256.286 -106.787 -62.016 38.2626 
-106.776 -77.2921 -10.4918 -106.587 -83.1659 -221.104 -106.55 -11.2138 -80.1062 
-106.491 16.7149 -60.8127 -106.49 68.5214 -238.129 -106.461 -65.6996 25.7817 
-106.294 -57.8983 50.6459 -106.281 66.5803 17.8493 -106.278 -34.0468 -74.9862 
-106.235 -86.4482 -287.653 -106.224 48.8536 112.187 -106.202 62.9077 5.72477 
-106.182 -73.4232 1.4613 -106.119 7.61856 -170.738 -105.999 33.7732 -45.2254 
-105.986 -23.9892 -83.5186 -105.962 -66.174 -51.8177 -105.896 -69.4247 13.5207 
-105.88 -81.3283 -34.7249 -105.778 -55.9936 -59.3873 -105.664 -45.4378 -67.165 
-105.622 84.4742 -279.753 -105.573 27.5946 124.818 -105.531 58.7505 -6.25071 
-105.506 -0.274505 -160.95 -105.459 1.24308 -76.8338 -105.387 69.0834 30.2096 
-105.38 -42.4607 -156.816 -105.365 -76.7603 -44.5423 -105.184 -79.4746 -209.699 
-105.116 -8.07489 -150.892 -104.895 -6.35689 120.933 -104.851 -53.0032 62.6237 
-104.694 75.3201 -248.571 -104.558 -14.2176 -92.3244 -104.496 -92.6169 -267.912 
-104.441 -27.528 -142.145 -104.376 -57.0379 -171.783 -104.373 54.306 -18.0715 
-104.147 0.612593 -297.394 -104.067 64.8316 86.4963 -104.054 -25.746 105.622 
-103.976 -26.8515 -95.664 -103.964 70.8195 42.5789 -103.947 -15.9649 -140.338 
-103.655 -75.6678 -198.249 -103.578 -17.2821 -104.545 -103.566 -89.8848 -26.201 
-103.511 57.3914 104.155 -103.418 -39.0247 -144.885 -103.228 -87.8161 -14.1506 
-103.176 -36.7184 -87.1403 -103.071 -1.89773 -89.1794 -103.028 13.0983 -73.3859 
-103.027 -24.1058 -129.741 -102.921 -20.6204 -116.865 -102.85 28.2024 -56.8106 
-102.844 49.6824 -29.8608 -102.81 57.9118 -293.708 -102.773 -47.7176 74.3989 
-102.6 -29.7148 -107.907 -102.513 -89.9149 -38.1547 -102.502 15.3608 127.127 
-102.395 81.8505 -258.984 -102.303 12.9919 -297.114 -102.288 71.7611 54.894 
-102.245 -35.8068 -132.648 -102.026 -53.3958 -160.151 -102.021 -12.124 -127.234 
-101.997 -32.7214 -120.219 -101.774 -4.94103 -101.429 -101.769 -84.4349 -2.25348 
-101.765 -46.947 -78.9479 -101.622 -4.86032 -140.279 -101.423 -8.24016 -113.508 
-101.388 -71.2962 -187.014 -101.037 -39.2025 -99.3004 -100.934 3.0339 -150.486 
-100.885 -57.0617 -71.0472 -100.867 -66.6396 -63.3512 -100.839 44.6162 -41.6248 
-100.656 -76.8704 -56.1605 -100.591 -92.7087 -279.435 -100.396 -50.1608 -148.253 
-100.336 -72.3321 -298.632 -100.262 -59.7306 -300.019 -100.212 -80.1561 9.56462 
-100.145 10.1582 -86.2165 -100.084 34.2613 -190.057 -100.067 25.4931 -296.553 
-99.922 71.7719 67.0336 -99.8741 -41.8545 86.0866 -99.8577 10.5655 -160.512 
-99.8523 43.6582 -199.578 -99.832 -46.9251 -300.144 -99.7067 -41.8078 -111.5 
-99.6955 26.0111 -180.438 -99.5778 -88.4387 -49.7887 -99.5334 24.1346 -69.4307 
-99.532 -1.94982 -130.696 -99.5151 -83.7625 -293.633 -99.4636 -47.1265 -136.091 
-99.3477 52.5958 -209.237 -99.3031 63.6173 97.1154 -99.297 18.0881 -170.631 
-99.2076 -44.3511 -123.833 -99.0932 -33.9889 -299.871 -99.0469 -75.3611 21.3235 
-99.022 69.6628 -292.615 -99.0157 -67.1283 -175.607 -98.7641 60.7395 -219.014 
-98.7583 87.2704 -269.359 -98.5973 -93.9781 -237.392 -98.5194 -98.8895 -18.1345 
-98.4716 6.8751 -98.4907 -98.4322 -96.0878 -248.934 -98.4311 0.495593 -122.16 
-98.3724 -70.7702 33.3468 -98.3118 -16.4872 115.165 -98.2662 -100.436 -30.5993 
-98.2525 -48.6043 -91.1045 -98.0393 3.41524 125.956 -97.9753 -91.1587 -225.785 
-97.8487 3.67362 -110.577 -97.8017 38.9431 -52.9422 -97.7839 68.1387 -229.072 
-97.7276 82.5724 -289.147 -97.7135 -20.9301 -298.962 -97.4472 38.1273 -295.448 
-97.3275 -66.0529 45.4211 -97.2554 47.1458 120.217 -97.1048 -95.4259 -6.08082 
-97.006 -97.4661 -260.237 -96.9946 -63.542 -163.977 -96.9276 -87.9075 -214.223 
-96.922 71.1237 9.706 -96.9217 5.97268 -140.371 -96.8918 70.8862 78.8735 
-96.8894 67.6443 -2.47221 -96.6324 36.7479 126.41 -96.5426 63.7531 -14.5293 
-96.2577 75.1505 -239.314 -96.2332 73.9242 22.0072 -96.1807 -99.8462 -42.9399 
-96.0584 -50.7162 -103.303 -95.9982 -34.5818 97.6146 -95.8075 56.006 112.553 
-95.6896 -60.8545 57.2101 -95.6609 -84.3487 -202.748 -95.5939 59.3055 -26.3513 
-95.5173 -60.3954 -152.078 -95.4402 21.7331 -83.4024 -95.3757 -74.882 -66.7422 
-95.3159 33.7703 -64.448 -95.1781 -58.8601 -83.2973 -95.1315 -7.70468 -297.854 
-95.097 76.1328 34.368 -94.8537 -90.9923 5.60816 -94.8181 -52.7706 -115.506 
-94.6039 -57.5136 -139.986 -94.599 13.4652 -150.237 -94.519 -86.4642 -60.8834 
-94.3675 25.1064 129.801 -94.2911 -54.9531 -127.787 -94.2099 -97.926 -271.139 
-94.1468 -80.4097 -191.313 -94.1452 81.9535 -249.57 -94.1443 8.92501 -130.376 
-94.0884 50.7444 -294.52 -94.0592 54.3914 -37.9606 -93.7563 90.8254 -279.513 
-93.4786 -54.9122 68.6151 -93.4566 69.1798 90.339 -93.3856 18.4051 -95.8666 
-93.2924 28.6254 -75.6514 -93.2604 77.0478 46.7882 -92.7927 11.9498 -119.647 
-92.7183 5.11523 -297.379 -92.6533 15.0876 -108.026 -92.5109 20.6142 -160.382 
-92.4532 -85.5758 16.998 -92.3157 -76.4055 -179.853 -92.276 -7.03891 122.112 
-92.0817 -97.844 -54.8277 -92.068 -109.753 -22.8272 -91.6517 48.8894 -49.3047 
-91.5886 -59.6585 -95.4515 -91.2439 77.087 59.0721 -91.1931 -71.3736 -76.9602 
-91.1892 27.765 -170.744 -91.0824 87.9968 -259.718 -91.0299 -106.718 -10.3358 
-90.9893 -90.4865 -290.895 -90.906 -25.4982 108.348 -90.8053 -109.913 -35.4028 
-90.7106 62.9395 -293.71 -90.7031 -48.5342 79.7616 -90.6807 13.3824 130.192 
-90.6073 -72.7884 -168.176 -90.4483 35.3131 -180.941 -90.445 -79.8446 28.4703 
-90.3956 65.5281 102.967 -90.3465 17.6492 -297.069 -90.2307 58.6404 -210.572 
-90.1736 16.3468 -139.846 -90.0577 -79.1821 -298.034 -89.9196 43.2821 -191.136 
-89.6834 -66.5947 -300.003 -89.4913 51.4798 -200.897 -89.2743 -60.9898 -107.665 
-89.1978 -69.5875 -156.315 -89.0651 -53.9407 -300.217 -89.019 43.45 -60.5457 
-89.0039 -97.7346 -281.08 -88.9996 -100.456 -242.391 -88.8933 66.4951 -220.572 
-88.7902 -101.851 1.56669 -88.7793 76.2001 71.1672 -88.7406 -74.3036 40.087 
-88.6403 -98.1375 -230.855 -88.5443 -102.026 -253.451 -88.1786 -62.3736 -119.818 
-88.1746 -66.7039 -144.262 -88.1094 -83.4517 -71.1115 -88.025 -41.2388 -300.121 
-87.9869 75.578 -292.397 -87.9105 -108.179 -47.6943 -87.9 -95.3701 -219.189 
-87.8715 -64.3137 -132.028 -87.8521 30.2445 -296.413 -87.4349 73.7284 -230.623 
-87.3111 54.5186 120.002 -87.2799 38.1994 -71.4291 -87.2756 45.3107 127.092 
-87.2351 71.7617 -10.4659 -87.2181 -41.5586 90.565 -87.1585 75.0512 1.76396 
-87.0515 33.1162 -81.8721 -86.8905 -92.0386 -207.704 -86.8814 67.7906 -22.4708 
-86.829 93.1516 -269.496 -86.7982 -102.707 -264.33 -86.7238 -28.4187 -299.582 
-86.7226 19.234 -129.056 -86.7188 -68.6408 51.5722 -86.5745 77.9121 14.0503 
-86.4801 -69.9486 -88.4298 -86.4445 23.1525 -149.988 -86.2806 28.9709 -93.3218 
-86.01 74.5913 83.0731 -85.9046 -94.7395 -65.6683 -85.9026 63.1111 -34.1847 
-85.7788 -95.938 12.9256 -85.7576 -88.4147 -196.197 -85.7504 2.43796 127.843 
-85.6177 25.3931 -105.437 -85.5311 34.3565 131.809 -85.5191 80.1564 26.4093 
-85.4611 80.6341 -240.69 -85.459 22.2645 -117.745 -85.4281 88.0816 -288.082 
-85.3567 61.7259 112.996 -85.3007 -16.4666 116.295 -84.976 -15.6337 -298.591 
-84.9235 42.8752 -295.369 -84.4768 -84.6961 -184.541 -84.3212 -62.48 62.731 
-84.1412 57.7716 -45.5014 -83.9429 81.4345 38.8469 -83.6468 29.7369 -160.538 
-83.2687 -69.215 -100.187 -83.1727 -118.151 -27.911 -83.1701 -116.324 -15.2372 
-83.1056 -81.1917 -172.806 -82.9707 -33.5854 101 -82.9678 72.121 94.808 
-82.9511 -2.89326 -297.701 -82.871 -102.863 -273.145 -82.8646 -89.3531 23.8709 
-82.7251 87.2286 -250.601 -82.5275 22.9032 133.683 -82.2606 -105.079 -59.5048 
-82.1657 -80.3386 -81.7558 -81.9382 81.4807 51.2537 -81.8816 55.4145 -294.402 
-81.8434 -78.026 -160.934 -81.8208 55.7575 -202.102 -81.7776 52.301 -56.588 
-81.6175 -117.443 -40.4234 -81.6051 36.3088 -171.305 -81.5393 -112.251 -2.80055 
-81.5148 -55.6918 73.4966 -81.4545 25.9797 -139.071 -81.2252 -69.5246 -112.235 
-81.1047 95.799 -279.071 -80.764 63.7517 -212.1 -80.7024 -74.9508 -148.922 
-80.54 9.72749 -297.297 -80.3789 -82.865 34.8451 -80.3245 -70.7082 -124.387 
-80.2879 -72.619 -136.642 -80.1869 -96.4053 -290.046 -80.0242 -85.9468 -297.045 
-80.0188 68.0004 106.498 -79.9903 43.2139 -182.109 -79.6917 80.5549 63.5268 
-79.5853 -7.40264 123.389 -79.3101 46.8947 -67.5341 -79.2799 -73.3821 -299.48 
-79.1899 -106.392 -247.688 -79.0557 92.9011 -260.327 -79.0174 -104.571 -236.203 
-78.7949 67.9181 -293.503 -78.7192 71.3643 -222.24 -78.7058 -90.7756 -75.9028 
-78.5832 -107.2 -258.846 -78.5114 -60.9542 -300.216 -78.5075 -102.181 -224.504 
-78.4831 11.816 132.868 -78.4787 -106.029 8.65567 -78.3254 50.9465 -192.632 
-78.3118 -114.405 -52.2768 -78.255 -48.3867 83.915 -78.1997 42.2812 -78.7532 
-78.1828 -102.858 -280.65 -78.0415 22.2885 -296.92 -78.0201 -106.118 -270.601 
-77.9617 -25.0609 110.051 -77.9515 -76.5285 45.8837 -77.6295 -99.0784 -212.937 
-77.6184 38.1749 -90.467 -77.5783 53.4416 126.238 -77.5741 29.0117 -128.108 
-77.5624 61.6784 117.547 -77.4551 -77.9604 -93.0406 -77.2608 -48.4288 -300.223 
-77.2594 78.9275 75.694 -77.007 74.689 -18.1013 -76.9826 31.0298 -115.149 
-76.9357 34.0757 -102.391 -76.8785 77.8509 -5.88906 -76.6527 -95.5821 -201.394 
-76.6215 78.4027 -232.332 -76.4805 70.4413 -29.9635 -76.4796 80.9209 6.30904 
-76.4698 31.7758 -150.055 -76.2856 43.0799 132.718 -75.904 -35.8605 -299.991 
-75.7398 -92.0789 -189.616 -75.5753 80.5401 -291.555 -75.5129 83.2712 18.655 
-75.342 34.8604 -296.099 -75.3363 -69.9841 56.704 -75.3342 65.5281 -41.4589 
-75.1687 -99.1105 19.482 -74.8482 76.6851 87.8718 -74.7611 -88.6756 -177.761 
-74.7601 -101.22 -70.5818 -74.5027 -40.7985 93.9718 -74.4297 -77.0524 -104.861 
-74.418 97.5596 -269.754 -74.3516 -23.294 -299.183 -74.1503 60.0352 -203.308 
-74.0648 84.5679 31.1191 -73.9992 -124.831 -20.718 -73.9739 85.0991 -242.195 
-73.8363 31.8866 136.636 -73.6907 -85.5676 -165.848 -73.3161 1.47842 130.121 
-73.2986 60.1014 -52.3824 -73.1964 -124.882 -33.1943 -73.1873 37.5063 -161.333 
-72.7216 -16.3754 118.037 -72.7127 -120.995 -8.10152 -72.7042 -77.3363 -116.94 
-72.6116 -10.7485 -298.104 -72.6064 -82.6236 -153.844 -72.5744 73.208 100.015 
-72.5046 47.3462 -295.044 -72.4467 92.0191 -286.695 -72.4374 -62.9486 67.1704 
-72.249 -87.1931 -86.4795 -72.1743 -80.3299 -141.524 -72.16 84.7125 43.6321 
-72.0785 -91.688 29.8396 -72.0461 -78.4426 -129.196 -71.3957 -123.024 -45.282 
-70.7839 54.5529 -63.1981 -70.7476 43.3151 -172.713 -70.6491 68.2861 -213.855 
-70.6465 91.346 -252.031 -70.5497 1.76015 -297.467 -70.5309 20.6302 137.758 
-70.1912 67.802 111.863 -70.1279 -115.074 3.69834 -70.0909 -32.8836 103.505 
-70.031 83.8162 56.0772 -69.7337 -92.8159 -295.753 -69.6661 -102.825 -288.158 
-69.5129 59.7771 -294.133 -69.299 -84.6215 40.3234 -69.2319 -55.523 77.2788 
-69.2032 -111.821 -253.505 -69.1659 -110.491 -241.859 -69.1135 49.7113 -74.3875 
-69.0851 -118.064 -56.4139 -69.007 -80.6257 -299.376 -68.807 -111.508 -265.655 
-68.7423 -108.319 -230.224 -68.687 35.3999 -139.164 -68.6333 49.7777 -183.955 
-68.6204 -109.019 -277.479 -68.2958 45.5707 -86.1631 -68.1907 14.2159 -297.199 
-68.0995 60.391 123.369 -68.0646 -105.581 -218.468 -68.0105 -68.0563 -300.165 
-67.9917 36.5571 -123.726 -67.9085 75.532 -224.173 -67.8752 98.7501 -279.039 
-67.8326 81.9778 68.3894 -67.7226 -84.7779 -97.6207 -67.5708 41.5237 -98.2885 
-67.4904 38.6459 -111.011 -67.2736 -96.7802 -80.6971 -67.2494 -102.37 -206.726 
-67.0903 -7.78928 125.679 -66.9908 -108.186 14.8634 -66.915 -111.564 -65.9435 
-66.6521 -55.6577 -300.232 -66.6507 97.0563 -261.371 -66.4747 51.4186 131.99 
-66.4706 -98.9051 -194.947 -66.4596 -77.4693 50.705 -66.3083 9.94911 136.445 
-66.291 72.2171 -292.861 -66.1185 79.6033 -13.2337 -66.1159 57.1794 -194.724 
-66.0755 76.1002 -25.2581 -65.7995 82.5421 -1.08381 -65.7341 -95.5248 -183.037 
-65.7224 26.6918 -296.773 -65.7147 -47.8435 87.116 -65.6957 80.0242 80.8086 
-65.4442 71.5949 -36.8923 -65.3591 -24.8185 112.399 -65.1918 -43.2152 -300.155 
-65.1572 82.3742 -234.398 -65.0247 85.0017 11.1659 -65.0191 -83.956 -109.601 
-64.9124 -92.3338 -171.018 -64.8892 39.0332 -151.243 -64.7023 41.0034 138.188 
-64.0842 -89.5555 -158.893 -63.9154 66.5024 -47.9133 -63.7801 -100.66 25.237 
-63.7775 77.0252 93.3152 -63.75 -84.3372 -121.785 -63.7178 86.3889 23.6198 
-63.6289 -30.8644 -299.728 -63.5191 -87.1994 -146.608 -63.4981 -70.1171 60.8767 
-63.4018 -85.4703 -134.166 -63.191 -129.724 -26.4151 -63.0818 39.1399 -295.804 
-62.8728 -127.941 -14.2624 -62.8319 64.9252 -205.368 -62.8063 84.6592 -290.549 
-62.1192 29.7303 141.575 -62.0784 -128.868 -38.1203 -62.0395 72.5694 105.511 
-62.027 100.844 -270.264 -62.0234 -18.5439 -298.716 -61.912 86.578 36.2068 
-61.8533 -40.2115 96.8646 -61.729 43.6482 -163.22 -61.7134 88.9592 -244.567 
-61.6934 -93.384 -90.9284 -61.5763 61.303 -58.6136 -61.4609 -106.046 -75.4835 
-61.0655 -123.075 -1.90241 -61.0089 0.038419 133.368 -60.5919 -92.8308 35.1508 
-60.3219 -62.5425 70.7799 -60.275 -125.878 -50.1344 -60.2519 -16.6561 120.818 
-60.2436 51.4517 -294.713 -60.2294 -6.24633 -297.77 -59.9387 85.9095 48.7748 
-59.5756 72.353 -215.953 -59.5516 56.0954 -69.573 -59.5456 66.5525 117.925 
-59.5351 -100.177 -293.839 -59.4697 -109.364 -285.03 -59.3679 -116.465 -260.606 
-59.2442 -114.325 -273.104 -59.2078 -115.975 -248.135 -59.2007 48.6632 -175.06 
-58.9596 18.4344 142.52 -58.8754 -114.144 -236.148 -58.648 -88.2346 -298.449 
-58.4287 51.6969 -81.2136 -58.4032 96.1945 -285.486 -58.3591 -111.765 -224.206 
-58.2154 6.07166 -297.352 -58.001 -115.957 9.29199 -57.9158 84.1423 61.2781 
-57.8974 -91.2616 -102.421 -57.8409 48.0691 -93.3634 -57.6575 -108.781 -212.289 
-57.6159 42.9322 -118.502 -57.6016 -120.269 -61.1174 -57.5899 -85.0514 44.9836 
-57.5311 95.7005 -255.183 -57.5266 -32.6797 106.38 -57.5111 45.1254 -105.94 
-57.4104 41.7438 -129.63 -57.3638 -75.6656 -300.026 -57.0297 63.7335 -293.706 
-56.9632 -105.408 -200.409 -56.9179 -54.7764 80.4854 -56.7647 54.8744 -186.372 
-56.3556 79.232 -226.494 -56.3296 -102.003 -188.442 -56.056 18.3768 -297.128 
-56.0508 58.7761 129.588 -56.0216 82.1135 73.7854 -55.8619 -63.1123 -300.207 
-55.8615 42.0291 -141.11 -55.7515 -98.7861 -176.368 -55.6954 -90.6944 -114.52 
-55.1741 -95.932 -164.155 -55.0288 -101.996 -84.7083 -54.9828 98.4899 -260.703 
-54.8902 79.7487 -20.0394 -54.8717 -108.438 19.9642 -54.8081 -9.03149 129.174 
-54.7622 76.0526 -31.8689 -54.7385 7.5587 141.042 -54.7195 -93.7311 -151.794 
-54.678 -90.9551 -126.855 -54.6555 82.6414 -7.99139 -54.6549 49.489 137.89 
-54.5537 -77.2609 54.7342 -54.5009 -50.7712 -300.199 -54.4942 -91.9996 -139.327 
-54.4258 79.6523 86.3894 -54.1378 61.8619 -197.112 -54.1169 71.3096 -43.2155 
-54.0644 85.0077 4.15824 -53.9694 -113.649 -70.8336 -53.6735 30.6118 -296.53 
-53.5675 75.9884 -292.169 -53.2853 -47.1663 90.2228 -53.2649 76.0822 98.739 
-53.0495 -38.5276 -299.967 -53.036 86.5635 16.4807 -53.0196 44.5741 -153.552 
-52.976 38.8757 143.349 -52.9551 -25.0645 115.561 -52.7842 85.9836 -237.006 
-52.4455 71.5215 110.721 -51.7434 -131.716 -22.6738 -51.6197 -100.369 29.7609 
-51.6059 66.7632 -53.6645 -51.5132 -131.901 -28.9533 -51.4218 -69.4127 64.3986 
-51.4105 -26.3095 -299.322 -51.4009 86.9992 29.0494 -51.0808 42.7437 -295.424 
-51.038 98.5214 -284.061 -50.9941 68.9679 -207.743 -50.888 -128.683 -8.83626 
-50.7799 -106.465 -81.3372 -50.6564 27.3656 146.341 -50.4741 -130.15 -42.5289 
-50.3075 -99.0974 -95.1887 -50.0053 47.8035 -165.883 -49.919 102.094 -270.796 
-49.6139 86.5196 41.6413 -49.5813 -14.1878 -298.379 -49.4802 -107.886 -292.051 
-49.4452 -115.523 -281.124 -49.4217 88.6368 -289.635 -49.4187 -2.50354 137.933 
-49.3681 -40.0126 100.075 -49.2966 61.8779 -64.3739 -49.1446 -118.894 -268.218 
-48.9755 -119.909 -255.338 -48.7395 -119.216 -242.645 -48.6274 -126.027 -54.6624 
-48.6272 92.7488 -247.956 -48.6121 -122.693 3.0589 -48.4996 -92.2938 39.3216 
-48.393 -95.8876 -297.277 -48.3853 -117.329 -230.243 -48.1191 -61.5594 73.9682 
-48.0858 56.8993 -75.7805 -48.0621 55.0342 -294.31 -48.0229 15.6404 147.822 
-48.0216 -17.6211 124.509 -47.821 85.1898 54.211 -47.8191 -114.66 -218.1 
-47.6434 -2.00776 -297.622 -47.625 75.8253 -218.336 -47.5159 -97.4063 -107.031 
-47.3939 52.7657 -177.793 -47.3576 52.9096 -87.7455 -47.1996 -111.373 -206.078 
-46.9935 49.9662 -100.16 -46.9045 -83.3085 -299.478 -46.774 47.7124 -112.798 
-46.6898 -108.054 -194.032 -46.4537 46.1776 -125.378 -46.3197 -104.935 -181.871 
-46.1682 83.1582 66.7761 -46.1544 -96.9501 -119.405 -46.0382 45.7561 -131.883 
-46.0147 -102.05 -169.575 -45.7862 10.0802 -297.297 -45.76 -119.936 -65.1295 
-45.721 -99.8013 -157.119 -45.6755 -97.3143 -131.949 -45.5922 -115.234 13.9988 
-45.557 -98.2596 -144.556 -45.5078 -84.3233 48.8488 -45.3147 -70.8333 -300.14 
-45.2459 -32.9101 109.837 -44.8619 59.0072 -188.938 -44.7733 81.0881 79.3608 
-44.633 -53.9396 83.634 -44.4843 64.512 125.838 -44.4831 69.7466 -50.2181 
-44.44 67.2641 -293.213 -44.2908 57.01 135.703 -44.1869 22.0306 -297.002 
-44.0831 82.3646 -228.897 -44.0265 4.44843 146.641 -43.9916 74.787 -38.3647 
-43.9773 45.935 -143.53 -43.9191 70.3483 115.193 -43.9094 78.4198 91.7914 
-43.8166 78.8719 -26.5709 -43.7256 -58.4698 -300.221 -43.6728 100.848 -282.635 
-43.5255 74.9615 103.848 -43.5059 81.9757 -14.6163 -43.2015 47.2892 143.195 
-43.195 -11.6173 133.827 -43.1749 99.4749 -260.162 -42.9445 84.2343 -2.52181 
-42.4692 -113.49 -75.24 -42.4327 -76.1713 58.1754 -42.397 -107.179 23.9806 
-42.1626 -46.23 -300.121 -42.1465 33.9134 -296.232 -42.045 85.7234 9.70179 
-41.9423 65.6104 -199.704 -41.4412 36.0061 147.712 -40.9606 47.5881 -156.585 
-40.9553 -46.8236 93.5397 -40.8482 -34.2103 -299.789 -40.7887 -25.7929 119.266 
-40.6873 86.311 22.1597 -40.4568 79.4914 -291.504 -40.3534 -107.753 -86.8421 
-40.2086 88.9012 -239.606 -39.9523 -131.987 -18.6734 -39.9075 -132.636 -34.2779 
-39.5757 24.269 151.128 -39.3827 45.9371 -294.972 -39.2749 -98.9235 33.4114 
-39.2551 -68.1356 67.5577 -39.1518 85.9701 34.7172 -39.112 -22.1702 -299.031 
-38.9322 -120.55 -275.416 -38.9104 -113.976 -288.496 -38.8788 -129.588 -47.5543 
-38.8461 -5.81918 143.933 -38.7694 72.2156 -210.267 -38.6555 -104.461 -99.3646 
-38.6402 -122.957 -262.235 -38.6071 -127.635 -4.38958 -38.2132 -122.83 -249.393 
-38.195 51.0034 -169.024 -38.0403 -103.069 -295.735 -37.923 -121.879 -236.667 
-37.5942 85.0117 47.271 -37.5383 -119.594 -224.212 -37.4644 12.4701 153.605 
-37.3382 -102.936 -111.928 -37.1646 -40.1064 103.626 -37.1468 103.283 -271.243 
-37.0742 -116.673 -211.934 -36.9805 61.8003 -70.0091 -36.9147 -124.477 -58.9853 
-36.8292 -10.0536 -298.042 -36.7369 -102.588 -124.608 -36.7042 -113.48 -199.737 
-36.5964 -90.9366 -298.651 -36.5569 67.4538 -58.0865 -36.5234 -110.464 -187.493 
-36.5033 56.9577 -81.8304 -36.4948 -105.39 -162.595 -36.4527 -107.712 -175.12 
-36.4161 -103.843 -149.956 -36.4143 -102.848 -137.298 -36.3471 -19.9661 129.062 
-36.2664 -90.8929 42.8338 -36.1754 83.2789 59.7724 -36.1074 53.4237 -93.9762 
-36.0242 -120.946 7.36875 -35.9137 -60.4108 77.1032 -35.8259 91.8855 -288.832 
-35.81 58.1287 -293.948 -35.7807 50.9223 -106.478 -35.6677 95.1284 -250.789 
-35.5118 56.0343 -180.764 -35.4922 48.8399 -119.104 -35.3927 78.5549 -220.693 
-34.9431 -78.5988 -299.903 -34.9241 81.3639 72.2776 -34.5194 13.4107 -297.201 
-34.3653 73.1249 -45.4108 -34.3256 47.8131 -132.841 -33.9905 24.8283 -296.749 
-33.9415 79.4211 84.7948 -33.9356 0.759098 153.473 -33.8798 2.20242 -297.503 
-33.8698 -118.878 -69.368 -33.5196 62.5966 131.505 -33.4556 76.8827 97.1189 
-33.4003 68.4781 120.543 -33.3532 77.493 -33.1717 -33.2978 -82.707 52.1093 
-33.2843 73.262 109.09 -33.1308 -33.4613 113.527 -33.0499 54.6311 141.084 
-33.0313 -113.101 17.6327 -32.9265 -66.2155 -300.208 -32.7653 62.1308 -191.762 
-32.7187 80.8319 -21.156 -32.4244 -53.2767 86.9681 -32.38 -14.9601 139.769 
-32.0156 83.1862 -9.08335 -31.8495 44.0106 147.683 -31.8482 84.8853 -231.115 
-31.8106 47.7607 -146.984 -31.6875 70.2675 -292.537 -31.1527 84.5506 3.10363 
-31.1274 36.7959 -295.787 -30.7692 -53.8437 -300.201 -30.7508 -113.721 -79.9916 
-30.3926 101.639 -281.47 -30.3306 100.329 -261.89 -30.3233 32.2169 151.847 
-30.2239 -74.4467 61.2217 -30.0321 85.1004 15.3872 -29.8931 -104.932 27.1841 
-29.7442 68.4925 -202.395 -29.3482 -30.4471 -299.543 -29.2337 -10.5055 151.691 
-29.0101 49.3075 -160.21 -28.9437 -109.929 -91.9399 -28.8721 -27.2475 123.324 
-28.8007 -46.6102 97.0889 -28.6846 84.7565 27.8143 -28.6737 -41.6825 -300.013 
-28.6589 -131.877 -40.6263 -28.6354 20.2571 155.207 -28.6266 -132.608 -26.7881 
-28.348 -122.468 -279.881 -28.2151 -117.629 -288.738 -28.0501 -127.36 -53.1802 
-28.0349 -108.062 -104.592 -27.8134 -130.323 -12.7001 -27.7637 -125.301 -268.14 
-27.7068 90.936 -241.744 -27.5131 -109.81 -294.011 -27.4654 48.7498 -294.637 
-27.4239 -107.239 -117.345 -27.3362 15.2684 -297.148 -27.307 -125.998 -255.691 
-27.2871 83.8627 40.2995 -27.2591 82.1389 -290.844 -27.1207 -18.3948 -298.631 
-27.0488 -106.943 -130.116 -27.0427 -66.5447 70.5979 -26.9855 -107.442 -142.831 
-26.9477 -125.401 -243.082 -26.9129 -96.831 36.5604 -26.8795 -108.308 -155.579 
-26.7528 -123.767 -230.474 -26.6133 -109.916 -168.315 -26.583 -121.207 -217.969 
-26.5743 74.7375 -212.739 -26.4157 -112.42 -180.826 -26.3848 -118.177 -205.575 
-26.3735 8.50473 158.053 -26.3392 -98.5996 -297.377 -26.3047 -115 -193.254 
-26.3031 -121.894 -64.3729 -26.2725 53.1735 -172.541 -26.0025 82.5355 52.7703 
-25.8469 -125.075 0.012921 -25.3877 60.7864 -75.8482 -25.2063 66.1687 -64.1756 
-25.0781 56.0039 -87.5938 -25.0781 -40.2696 107.24 -24.8809 -22.4624 134.416 
-24.8609 80.8476 65.2493 -24.7238 -86.5503 -299.321 -24.6794 52.7833 -99.8364 
-24.4612 103.194 -272.66 -24.375 71.5543 -52.2114 -24.3747 50.3456 -112.309 
-23.9879 -88.5857 45.7218 -23.8533 79.1626 77.7439 -23.8234 -6.23523 -297.853 
-23.6998 -59.3117 80.3678 -23.5754 48.4915 -124.896 -23.4951 58.3511 -184.048 
-23.3012 76.2114 -40.0132 -23.295 60.6567 -293.455 -23.2384 -118.155 10.8241 
-23.2227 27.4913 -296.602 -23.192 80.6978 -222.739 -23.1097 77.2931 90.2003 
-23.0585 96.3932 -252.549 -22.6426 74.699 102.502 -22.6404 -2.92275 160.058 
-22.6236 -74.2098 -300.09 -22.534 66.8248 126.316 -22.4497 71.4243 114.621 
-22.4367 60.4389 137.2 -22.3726 79.7838 -27.8351 -22.3708 93.7258 -287.724 
-22.0121 47.7314 -138.077 -21.9408 -19.5276 146.896 -21.7856 50.951 145.519 
-21.4234 82.3497 -15.6502 -21.1172 -33.9834 117.251 -21.0282 -80.235 54.7508 
-20.8479 39.5353 151.139 -20.5737 64.6968 -194.764 -20.406 83.5274 -3.44206 
-20.2555 -110.245 20.6214 -20.2398 -52.6985 90.417 -19.9051 -61.7404 -300.223 
-19.8846 27.3969 155.071 -19.6533 6.04805 -297.371 -19.5839 47.8303 -151.546 
-19.5179 86.808 -232.808 -19.2828 83.9645 8.78321 -19.2404 39.3923 -295.525 
-19.2038 -118.34 -72.2773 -18.8334 72.503 -292.011 -18.7928 -27.2769 -299.313 
-18.7596 15.2193 158.521 -18.7529 -114.059 -84.8572 -18.576 -15.5827 159.676 
-18.1139 -124.171 -59.2487 -18.0989 83.4828 21.0116 -18.0843 -111.551 -97.422 
-17.9941 -123.925 -284.49 -17.9645 -129.268 -46.8428 -17.9548 -72.1964 63.9491 
-17.9479 -117.921 -294.11 -17.7988 101.167 -263.462 -17.6573 -110.6 -110.214 
-17.5899 -131.836 -33.8441 -17.5719 70.8569 -205.135 -17.451 -102.146 29.993 
-17.4116 -110.395 -123.044 -17.2723 -110.401 -135.836 -17.2486 -29.3016 128.208 
-17.21 -110.956 -148.634 -17.0586 50.1615 -164.255 -17.0205 101.675 -281.696 
-16.8422 82.4697 33.3719 -16.8411 -131.252 -20.2816 -16.8034 -111.868 -161.497 
-16.6661 -46.3512 100.511 -16.5123 -49.2507 -300.155 -16.3078 -113.509 -174.186 
-16.1544 -106.842 -297.442 -15.9123 -115.681 -186.753 -15.7685 -118.728 -199.137 
-15.6578 -121.978 -211.52 -15.6131 81.4256 45.8076 -15.4615 -124.891 -224.08 
-15.3678 -127.351 -236.703 -15.3063 18.1822 -296.986 -15.2969 -127.54 -7.63728 
-15.2933 92.3774 -243.261 -15.1264 -128.465 -249.457 -15.0967 -15.0444 -298.459 
-14.9918 51.1396 -294.22 -14.7726 -64.9374 73.6489 -14.7119 -128.609 -262.192 
-14.5943 -93.7467 38.9603 -14.593 -94.6698 -298.9 -14.5105 80.0406 58.2675 
-14.3954 76.6635 -214.957 -14.3437 54.6333 -176.177 -14.2516 64.3912 -70.1518 
-14.0189 69.7483 -58.6527 -13.9989 84.1387 -290.255 -13.9636 58.9236 -81.399 
-13.6201 -26.0613 139.979 -13.5991 54.1857 -93.1415 -13.482 78.5337 70.7536 
-13.4564 -127.404 -275.087 -13.3162 51.0823 -105.446 -13.2822 74.6357 -46.7555 
-13.2013 103.994 -276.485 -13.0761 -121.772 3.64391 -12.9387 -40.1324 110.542 
-12.7159 48.8183 -117.689 -12.6371 76.9564 83.2379 -12.5224 -82.3198 -299.832 
-12.3211 7.56203 161.583 -12.2957 78.798 -34.6522 -11.982 75.2206 95.7368 
-11.7249 -85.3884 47.9408 -11.605 73.0158 108.214 -11.5734 64.5891 132.086 
-11.5677 47.3314 -130.112 -11.5355 69.5328 120.393 -11.4382 -58.3237 83.5777 
-11.4256 60.5775 -187.279 -11.382 57.1755 142.305 -11.2712 -2.97672 -297.694 
-11.1966 30.0723 -296.246 -11.1629 81.8881 -22.4223 -11.0521 82.3445 -224.346 
-11.0053 46.3808 149.43 -11.0015 21.7988 158.1 -10.9904 -36.332 -299.883 
-10.7874 34.2842 154.25 -10.5307 97.3203 -254.034 -10.5178 62.8751 -292.879 
-10.4044 -114.969 13.9696 -10.3411 -23.8232 152.536 -10.0468 -5.62722 162.646 
-9.93285 83.4017 -10.1176 -9.8622 46.7094 -142.891 -9.81253 -69.8827 -300.188 
-9.00591 -34.1462 120.716 -8.89115 -124.458 -289.417 -8.73931 -77.4088 57.156 
-8.66432 83.5954 2.16297 -8.42183 95.9323 -287.68 -8.32514 66.8911 -197.946 
-7.98272 -51.9839 93.5487 -7.78086 -116.736 -77.6067 -7.7258 -107.145 23.4324 
-7.70142 -114.133 -90.4829 -7.62973 47.7719 -155.775 -7.62945 -121.134 -65.102 
-7.54269 -112.99 -103.344 -7.4223 82.8461 14.3657 -7.39326 -112.527 -116.17 
-7.34117 -126.293 -52.9368 -7.31244 -112.52 -128.992 -7.20755 -112.812 -141.816 
-7.20554 87.9518 -234.257 -7.19241 8.90951 -297.245 -6.94161 -129.849 -40.5978 
-6.82647 -113.735 -154.689 -6.77847 41.7889 -294.981 -6.73352 -23.9615 -299.271 
-6.61515 -115.303 -297.009 -6.56116 -57.5149 -300.202 -6.27508 -114.442 -167.508 
-6.22679 81.6246 26.5321 -6.21981 -130.904 -27.933 -5.72737 74.5116 -291.473 
-5.66266 -70.0923 66.7749 -5.63813 -115.913 -180.184 -5.57576 101.741 -265.35 
-5.17761 -117.944 -192.766 -5.16456 50.8503 -168.197 -5.12036 72.8944 -208.109 
-5.10053 -30.5434 132.238 -5.04987 -98.7974 32.3764 -5.04692 80.4332 38.8901 
-4.89148 -128.996 -15.3837 -4.87399 -121.24 -205.142 -4.5406 -124.804 -217.533 
-4.50331 -102.962 -298.003 -4.43011 -45.6803 103.418 -4.38578 -17.0217 161.841 
-4.15349 4.52957 162.03 -3.94611 -128.049 -230.098 -3.90729 79.5383 51.3724 
-3.45337 67.9087 -64.86 -3.15427 72.9812 -53.3505 -3.05396 -129.749 -243.048 
-3.03691 20.6726 -296.689 -2.934 62.1567 -75.6846 -2.91641 -124.87 -3.63427 
-2.89596 78.2854 63.8702 -2.88269 -12.0376 -298.338 -2.85797 93.1943 -244.656 
-2.63922 -90.5677 -299.822 -2.55141 16.1584 160.195 -2.46903 -63.5032 76.6535 
-2.38487 -45.131 -300.148 -2.3446 56.0528 -179.824 -2.33329 77.4859 -41.4475 
-2.27308 77.9182 -216.536 -2.26767 -90.384 41.1882 -2.25431 56.5991 -86.709 
-2.24263 53.4282 -293.734 -2.20405 52.1002 -98.7019 -2.11413 -130.537 -256.009 
-1.97977 76.8068 76.3661 -1.89841 49.0957 -110.828 -1.51456 28.588 157.213 
-1.42255 -29.177 144.47 -1.24402 75.3428 88.9415 -1.17542 81.1782 -29.2884 
-1.05443 41.076 153.267 -1.04421 47.196 -122.713 -0.783429 -130.146 -269.056 
-0.779537 52.5407 147.204 -0.766139 73.7537 101.589 -0.738515 103.851 -277.614 
-0.693264 -39.4194 113.358 -0.594773 61.599 137.995 -0.547465 71.2175 114.144 
-0.523263 67.5276 126.46 -0.438264 -118.975 7.09353 -0.345542 86.2368 -290.003 
-0.124875 -78.1707 -300.153 0.270203 46.0908 -134.731 0.282743 83.1411 -16.9016 
0.571172 -82.3856 50.2871 0.77842 62.4441 -190.703 0.871379 -57.1348 86.4853 
1.0725 -0.339521 -297.581 1.07545 -128.032 -282.076 1.12981 83.1903 -225.681 
1.31738 32.3141 -295.702 1.71826 -32.8886 -299.833 1.74001 83.5088 -4.53706 
1.90785 97.845 -255.513 2.01623 -5.28645 162.73 2.06479 45.7886 -147.334 
2.17598 -111.789 16.8178 2.57095 65.0055 -292.314 2.85962 -114.086 -96.5634 
2.90472 -115.693 -83.6099 2.92794 -113.468 -109.538 2.93517 -65.9596 -300.242 
2.95051 -122.893 -294.159 2.97538 -113.426 -122.367 3.03444 -118.878 -71.0696 
3.06323 -113.894 -135.156 3.12162 82.8368 7.73747 3.22854 -123.429 -59.0901 
3.28293 -34.4023 123.996 3.291 -26.1975 156.293 3.43269 -114.605 -147.989 
3.53614 -127.616 -47.3181 3.56437 -75.0358 59.8408 3.93679 -115.59 -160.8 
4.11066 -130.014 -35.3198 4.14139 68.9676 -201.36 4.25764 47.6438 -159.94 
4.26188 -50.8802 96.1688 4.44076 81.6567 19.9217 4.53023 -116.121 -173.566 
4.69935 -103.95 26.0133 4.8743 -111.472 -300.55 5.11188 88.5759 -235.768 
5.14185 11.2751 -297.068 5.23166 -117.214 -186.228 5.32299 -129.784 -23.1296 
5.52229 -21.0286 -299.124 5.5592 97.8779 -287.126 5.63919 7.24655 161.086 
5.64389 80.3948 32.1391 5.6928 -119.637 -198.749 5.88243 43.9009 -294.497 
6.20993 -123.153 -211.099 6.47842 -53.8374 -300.23 6.63853 -68.4138 69.714 
6.75776 70.7449 -59.8761 6.78483 51.7274 -171.996 6.83233 79.406 44.5573 
6.85168 102.108 -266.66 6.99631 -126.899 -223.457 7.06982 -98.8001 -299.699 
7.15185 -126.98 -11.1935 7.31956 -95.5932 34.7596 7.42302 65.2828 -70.6329 
7.45418 -31.7636 135.455 7.50702 75.6525 -48.1839 7.51918 20.5766 158.924 
7.64944 76.3491 -291.136 7.82974 -44.4333 105.764 7.95701 75.5037 -212.658 
7.9701 78.75 57.0911 8.04956 -129.609 -236.13 8.68919 34.0961 155.923 
8.70486 79.5103 -36.0809 8.88988 77.4055 69.6093 9.12442 50.3066 -104.372 
9.17554 -15.7272 162.043 9.18701 -130.876 -248.984 9.20976 54.4345 -92.3092 
9.37175 -9.46569 -298.187 9.39572 -122.519 0.127348 9.40825 -86.4376 -300.205 
9.40908 22.7902 -296.29 9.41043 47.089 151.592 9.60328 93.5745 -246.066 
9.62433 75.9434 82.2181 9.67539 47.6391 -116.193 9.73877 57.6517 -183.137 
9.83461 -62.0874 79.505 10.0114 57.9083 144.237 10.0547 -87.5943 43.7218 
10.2118 74.5955 95.0233 10.2831 -41.7751 -300.116 10.3558 82.5156 -23.7917 
10.3887 60.2113 -80.127 10.4039 -131.432 -261.905 10.4555 72.6782 107.807 
10.467 64.9632 132.939 10.5111 79.3806 -219.526 10.5804 69.5819 120.5 
10.6229 55.3791 -293.283 10.6888 46.2593 -127.225 11.6702 -38.134 115.62 
11.7634 -130.059 -274.711 11.9189 -116.4 10.3039 11.9848 83.4422 -11.3689 
12.0751 45.3569 -139.022 12.173 -74.3963 -300.249 12.325 -29.9776 147.022 
12.3925 104.394 -278.024 12.8905 -80.0342 53.0595 13.0171 87.1693 -289.6 
13.0464 64.2641 -193.81 13.0651 83.2576 -226.394 13.1117 -55.7166 88.9823 
13.3525 1.93584 -297.491 13.3808 -113.917 -102.989 13.398 -113.68 -115.888 
13.4725 -126.818 -287.116 13.5055 83.2825 0.990337 13.526 -113.932 -128.676 
13.5485 -114.774 -90.1353 13.7072 -2.81985 161.553 13.7451 -114.616 -141.43 
13.8862 34.2617 -295.17 13.924 -117.149 -77.5866 13.9511 45.8341 -151.477 
13.9889 -29.9769 -299.744 14.0329 -128.487 -42.7655 14.0878 -125.175 -54.1608 
14.154 -120.869 -65.5171 14.2572 -115.39 -154.187 14.325 98.1832 -256.741 
14.5478 -109.115 19.7655 14.6165 67.2077 -67.0038 14.8647 -115.979 -166.926 
14.948 82.4446 13.2949 15.1262 -118.434 -295.972 15.1582 -129.368 -30.819 
15.4567 -62.4693 -300.252 15.5507 -116.635 -179.619 15.6198 66.7806 -291.925 
15.8691 -73.2281 62.8124 15.8999 -33.4954 126.469 16.1429 -118.228 -192.24 
16.1625 48.4654 -163.771 16.3702 81.489 25.5225 16.4472 10.9049 159.415 
16.4944 -49.4055 98.4058 16.6548 70.7497 -204.67 16.774 -106.728 -299.836 
16.8104 -120.994 -204.691 16.8939 72.9482 -54.8738 17.0404 -101.153 28.6873 
17.074 -128.485 -18.8883 17.3873 88.8937 -236.944 17.5272 13.2696 -296.847 
17.6152 80.48 37.84 17.6615 -124.714 -216.888 17.7503 -18.5088 -298.909 
17.9393 -26.2724 158.776 18.0876 25.4319 156.984 18.5236 77.2967 -42.7523 
18.6115 45.7103 -294.066 18.7243 53.4124 -175.363 18.7765 97.7282 -286.982 
18.7823 79.6459 50.3481 18.8205 -128.05 -229.215 18.9409 -50.6235 -300.219 
18.9555 -66.7938 72.528 18.9657 -94.6192 -300.137 19.2231 -125.417 -7.26892 
19.5031 102.675 -267.565 19.5179 39.5055 153.812 19.6441 -93.0517 37.4804 
19.7623 78.8288 62.922 20.1009 -130.519 -241.774 20.1274 -42.9149 107.867 
20.3432 80.6358 -30.5785 20.3931 52.912 -98.2755 20.5089 52.1624 148.832 
20.5338 49.7059 -110.398 20.552 -30.8531 137.387 20.5953 77.5661 75.5952 
20.7499 77.1677 -216.176 20.9433 77.982 -290.71 21.175 61.7104 139.418 
21.1821 76.1334 88.4032 21.2318 57.6821 -86.0581 21.2793 -131.334 -254.538 
21.2833 47.6917 -121.308 21.4476 -82.6642 -300.242 21.5209 74.4594 101.496 
21.5715 68.1182 127.635 21.609 -7.36525 -298.026 21.6556 -120.432 3.44406 
21.7128 71.9676 114.764 21.8143 59.5306 -186.213 21.9081 24.6142 -295.894 
21.9171 93.7745 -247.235 21.9528 -12.9563 160.949 22.0917 -60.3914 81.9086 
22.1296 82.9533 -18.3754 22.3055 46.4885 -130.924 22.354 -85.3775 46.6435 
22.4417 -130.818 -267.229 22.5197 -38.8792 -300.048 23.0983 -126.27 -50.5097 
23.572 57.201 -292.807 23.7506 83.7996 -6.02138 23.8405 -113.541 -109.571 
23.8433 -113.591 -122.316 23.864 -128.632 -279.503 23.8939 45.9192 -143.065 
23.9362 63.7609 -73.4533 24.0691 -114.027 -96.8412 24.0794 -113.784 -135.02 
24.1513 -36.8084 117.913 24.2132 -114.033 13.2918 24.2738 -129.016 -38.7729 
24.3896 -70.967 -300.26 24.4819 -114.162 -147.703 24.6645 -115.666 -84.341 
24.9816 1.74324 159.481 25.0484 85.5989 -289.6 25.0857 -114.726 -160.361 
25.1956 -78.2082 56.0827 25.2006 83.562 -227.655 25.2825 66.1086 -196.725 
25.3022 -53.9767 91.0533 25.3034 83.7104 6.34498 25.3114 -118.713 -72.2012 
25.325 104.429 -278.773 25.3504 -123.5 -289.9 25.6495 3.72077 -297.321 
25.7336 -28.6818 147.235 25.7697 47.1146 -155.352 25.7866 -115.523 -172.994 
26.2087 -27.4214 -299.615 26.291 69.5602 -61.2907 26.3785 -117.01 -185.595 
26.5355 35.9937 -294.757 26.5979 -129.665 -26.7779 26.7752 -106.708 22.6197 
26.815 -114.102 -296.675 26.8365 98.6449 -257.665 26.8851 82.9863 18.707 
27.1656 -119.208 -198.051 27.2008 16.1602 157.267 27.5455 -123.076 -59.9527 
27.6634 -59.3464 -300.256 27.9645 50.4928 -167.173 28.0781 -121.955 -210.331 
28.1615 -71.4287 65.6158 28.1855 74.5464 -49.3913 28.3543 82.1404 31.0674 
28.5659 -102.502 -299.417 28.7245 -47.5785 100.238 28.9506 -127.782 -15.0017 
29.0578 30.7384 154.69 29.0759 72.2371 -207.692 29.2963 -125.392 -222.455 
29.3005 -98.8098 31.5308 29.4974 81.4691 43.586 29.6015 89.1179 -237.963 
29.9201 14.9431 -296.722 29.9399 70.634 -291.279 29.9409 -16.4921 -298.891 
30.1497 78.3745 -37.3058 30.4714 80.7997 56.1504 30.5884 44.7497 151.497 
30.6098 55.5667 -178.389 30.6199 -30.4861 132.424 30.6771 -128.498 -234.706 
30.8562 -90.7313 -300.048 31.1305 -47.6408 -300.225 31.1941 -64.9156 74.9396 
31.2684 -21.4703 156.392 31.3077 79.8816 68.8168 31.4018 -123.957 -3.69267 
31.4475 96.4397 -286.807 31.5024 47.5399 -293.609 31.5398 52.2891 -104.545 
31.6662 56.802 145.142 31.9109 -90.9153 40.4325 31.9589 78.4086 81.6303 
32.059 49.7488 -116.863 32.0596 55.862 -92.227 32.1089 -130.177 -247.259 
32.1302 81.3197 -25.2709 32.332 103.292 -268.344 32.336 65.2557 134.353 
32.4241 76.7972 94.7212 32.4417 -41.0346 109.592 32.6914 71.0787 122.023 
32.6922 74.5837 108.494 32.9508 -127.442 -46.8866 33.214 78.3091 -218.916 
33.2703 -130.223 -259.854 33.4789 -79.118 -300.241 33.6497 60.6106 -79.8652 
33.7068 47.8537 -133.254 33.7304 -5.99656 -297.903 33.8183 61.5642 -189.094 
33.8803 -118.509 6.5612 33.8874 83.3188 -13.083 34.0297 -7.5451 158.466 
34.2421 94.0077 -248.078 34.2615 -58.3564 83.8734 34.308 -112.754 -116.166 
34.4086 -112.756 -128.717 34.4366 -129 -272.098 34.4721 26.2452 -295.592 
34.5407 -112.901 -103.6 34.6076 -83.4108 49.5558 34.7102 -112.876 -141.292 
34.7756 -36.0697 -300.055 35.1752 -112.884 -153.86 35.1792 -114.013 -91.1838 
35.543 84.3326 -0.751864 35.5713 47.3446 -146.821 35.6431 -125.724 -282.875 
35.6784 -129.88 -34.7989 35.7617 65.7638 -67.5574 35.7843 -113.49 -166.412 
36.1549 -116.523 -78.9202 36.289 7.25498 157.174 36.3984 -112.018 16.2853 
36.4418 -114.882 -178.933 36.5313 -67.7156 -300.256 36.8433 -33.9381 119.866 
36.9463 -119.707 -291.263 37.0071 59.5257 -292.133 37.1617 84.4914 11.667 
37.2914 -117.018 -191.282 37.3542 48.9928 -158.8 37.4295 67.6576 -199.898 
37.4405 -76.3757 58.9178 37.471 -51.8685 92.6763 37.5197 84.2478 -229.361 
37.603 85.1493 -289.267 37.7958 71.0071 -55.7205 37.8419 -25.0563 144.729 
37.8811 5.04063 -297.246 38.1539 -120.407 -66.9371 38.1599 104.29 -279.805 
38.2817 21.7032 154.781 38.3038 -129.659 -22.8069 38.3356 -119.357 -203.584 
38.3528 -110.131 -296.967 38.5849 -24.7809 -299.63 38.6932 84.2478 24.1226 
38.9475 -104.629 25.6067 39.3979 37.788 -294.31 39.427 99.1101 -258.38 
39.5027 52.6981 -170.321 39.5218 -122.13 -215.74 39.8399 -56.1936 -300.259 
39.8592 75.4494 -43.941 40.0816 83.9236 36.6678 40.2931 36.2816 152.601 
40.3481 -98.6332 -299.292 40.3764 -69.4105 68.059 40.9018 -127.579 -11.1056 
40.9084 -45.2805 101.569 40.9514 -125.167 -227.845 41.1429 83.4785 49.3027 
41.4707 73.5168 -210.888 41.4951 -96.8366 34.5421 41.7859 89.1997 -238.743 
41.7934 -15.7675 -298.886 41.823 -125.224 -54.8515 41.8617 49.8052 148.806 
41.9196 79.0007 -32.0205 41.9842 82.6511 62.0061 42.0516 57.5006 -181.425 
42.371 16.3747 -296.418 42.5203 -127.575 -240.125 42.5499 -26.3079 131.5 
42.6898 81.3278 74.7575 42.7359 -87.1183 -300.034 42.7841 54.3312 -98.4999 
42.787 51.6284 -110.91 42.9567 60.6182 140.361 43.034 -15.436 152.618 
43.199 79.5304 87.6079 43.3536 -62.6333 76.877 43.4424 -44.4617 -300.21 
43.4947 -123.22 -0.189424 43.5611 68.1739 129.116 43.586 77.2357 100.932 
43.7405 73.5574 116.295 43.8021 57.8999 -86.187 43.8317 73.1402 -290.746 
43.8325 81.9414 -20.0833 43.8516 49.9183 -124.284 43.8896 -128.307 -252.571 
44.0297 95.4166 -286.805 44.1064 -89.0738 43.4374 44.7022 -38.172 110.67 
44.7212 -110.721 -122.616 44.7267 -128.878 -42.8546 44.7329 49.6024 -293.056 
44.9198 -110.79 -110.3 44.9407 -110.85 -135.002 45.0037 -127.756 -264.823 
45.1599 103.894 -269.077 45.2114 -110.621 -147.431 45.471 -111.437 -97.9705 
45.4713 -110.541 -159.904 45.4949 48.5749 -138.252 45.5282 62.0242 -73.8629 
45.5526 -75.7234 -300.198 45.5827 63.1229 -192.271 45.598 -1.26119 155.159 
45.6456 84.3053 -7.96602 45.6991 -5.28584 -297.837 45.7737 79.4195 -221.714 
46.0293 -117.226 9.90741 46.1344 -111.814 -172.302 46.1412 -125.586 -276.145 
46.3865 -55.913 85.3461 46.5786 -113.635 -85.8217 46.7008 94.1081 -248.737 
46.8403 -81.4564 52.4124 47.1102 -113.666 -184.585 47.1146 48.3341 -150.331 
47.242 27.9058 -295.078 47.3611 -130.76 -30.8894 47.3629 85.6064 4.43018 
47.3771 -121.379 -285.69 47.4022 66.9298 -62.0454 47.4293 13.233 153.988 
47.7571 -31.5629 -299.957 48.1833 -116.858 -291.366 48.2681 -115.939 -196.796 
48.3583 50.2579 -162.029 48.4348 -18.5221 141.377 48.4522 -117.485 -74.0182 
48.572 -110.209 19.3755 48.6384 -64.4181 -300.252 48.9395 86.0561 16.9582 
49.1686 -30.1582 120.406 49.4174 71.8855 -50.4883 49.5001 27.2846 151.936 
49.536 -49.2642 93.6942 49.5424 68.7523 -203.122 49.6028 -118.568 -208.93 
49.705 -74.1356 61.4741 49.875 -106.483 -297.344 49.8862 84.4616 -230.848 
50.1553 -130.684 -18.9594 50.1801 84.5937 -289.227 50.1958 6.25525 -296.968 
50.2257 54.1433 -173.24 50.3526 86.4121 29.5814 50.655 61.788 -291.721 
50.9892 103.861 -280.849 51.0236 -121.238 -221.018 51.1053 -102.629 28.4714 
51.1735 -122.4 -62.524 51.5527 86.4195 42.3099 51.5581 76.2259 -38.8083 
51.6198 41.4505 150.174 52.0871 -52.7578 -300.252 52.1463 -94.763 -299.438 
52.196 99.3547 -259.049 52.4649 85.8646 55.0981 52.4895 39.6283 -293.917 
52.5891 -123.739 -233.125 52.6239 -66.868 70.1504 52.975 -42.2287 102.225 
53.0049 -127.381 -7.5599 53.2309 84.5113 67.912 53.2961 54.1427 144.917 
53.31 -16.1227 -298.965 53.3719 58.6077 -184.431 53.6262 52.4601 -104.572 
53.6399 79.8608 -26.9973 53.6686 -94.8663 37.4074 53.7258 -8.53645 148.528 
53.8654 82.7831 80.7515 53.8656 -127.662 -51.2242 53.9049 74.5801 -214.019 
53.9438 88.7586 -239.208 54.0989 -21.4832 129.92 54.1338 50.4373 -117.034 
54.16 55.2351 -92.3569 54.1826 -125.236 -245.411 54.3088 63.5747 135.568 
54.3386 80.3501 93.4477 54.6842 -83.258 -300.031 54.6976 77.1904 106.361 
54.7144 70.3969 124.811 54.7623 -107.121 -128.851 54.8137 74.5303 114.455 
54.9298 -107.079 -141.088 54.9511 -107.384 -116.684 55.0125 -107.02 -153.42 
55.0146 17.9089 -295.935 55.3643 58.5676 -80.183 55.4337 -125.51 -257.69 
55.4371 -107.55 -165.783 55.4916 -59.9584 78.3607 55.5232 -108.069 -104.533 
55.6095 83.0368 -15.0955 55.6598 -121.962 2.89269 55.7047 49.0394 -129.86 
56.1671 -40.5131 -300.184 56.3149 5.24517 150.753 56.3196 -131.367 -39.4993 
56.3355 -86.8873 46.1398 56.4986 -109.37 -177.996 56.509 -124.177 -269.405 
56.5887 94.3801 -286.571 56.6514 73.5715 -290.439 56.6942 -110.123 -92.5822 
56.8265 -34.5596 111.059 56.9858 62.6738 -68.353 57.2289 63.8369 -195.363 
57.479 85.7357 -2.93749 57.7072 -71.7911 -300.222 57.7143 -121.224 -280.268 
57.807 48.3463 -142.264 57.818 -111.519 -190.075 57.9507 -4.04604 -297.727 
58.0111 48.855 -153.738 58.0131 50.9022 -164.834 58.0837 103.598 -269.791 
58.1606 51.3835 -292.586 58.1677 -115.459 12.7176 58.323 -53.3706 86.0598 
58.4018 -113.912 -81.0616 58.5932 18.9834 150.362 58.8628 67.6307 -56.9241 
59.0703 -132.575 -27.5642 59.1158 -79.0139 54.951 59.1766 87.1689 9.57608 
59.2821 -114.063 -202.089 59.3558 93.9453 -249.375 59.3639 -12.5193 137.976 
59.4056 -113.663 -291.843 59.558 81.1915 -226.563 60.2014 29.6242 -294.716 
60.6555 -118.914 -70.0295 60.6892 -108.158 22.0408 60.7421 88.1542 22.2137 
60.8513 -60.7622 -300.255 60.9031 -116.829 -214.133 60.9227 32.6686 149.631 
60.9378 -27.0277 -299.739 60.9416 54.6166 -176.174 61.003 72.586 -45.5603 
61.0448 -25.8227 119.817 61.3858 -102.539 -297.805 61.4403 -46.3143 94.0544 
61.6541 69.371 -206.166 62.0242 -71.2076 63.7159 62.0479 88.4133 35.0426 
62.1323 -130.804 -15.8448 62.4942 -119.14 -226.232 62.7387 83.9897 -288.631 
62.7621 7.81528 -296.78 63.041 88.2766 47.9973 63.1693 76.8303 -33.8416 
63.1792 46.2006 147.163 63.2725 -124.68 -59.1857 63.3173 -100.324 30.9441 
63.6783 62.8406 -291.419 63.7604 101.935 -280.914 63.8399 87.4693 60.8751 
63.9401 -1.67421 143.954 63.9517 -90.6916 -299.532 64.107 -102.146 -147.059 
64.1699 -121.087 -238.385 64.2316 -102.294 -134.907 64.3782 -49.9938 -300.228 
64.4145 49.5529 -110.407 64.4841 -102.667 -159.315 64.4869 51.9339 -98.3188 
64.5012 85.9027 73.8108 64.5074 -102.682 -122.827 64.7087 58.7905 -187.347 
64.7772 57.2436 140.43 64.8872 48.3789 -155.766 64.9341 -38.8188 102.471 
65.0329 -63.4791 72.4625 65.0696 83.399 86.5844 65.0808 -103.392 -110.797 
65.0913 -126.478 -4.69914 65.3127 99.1138 -259.675 65.3263 54.898 -86.323 
65.3816 80.4997 -22.0918 65.3875 -103.944 -171.511 65.5237 80.1209 99.0492 
65.5297 65.4009 131.085 65.5418 47.722 -122.535 65.5787 -16.8214 127.894 
65.6215 -121.979 -250.627 65.6693 41.2858 -293.654 65.6848 -14.4253 -298.672 
65.8049 71.4104 121.229 65.8103 76.0154 110.888 65.9542 -92.2837 39.7118 
65.9773 -129.97 -48.0189 66.2083 -105.101 -98.8742 66.3388 88.0591 -239.815 
66.5759 58.4168 -74.5669 66.7262 75.1704 -217.455 66.8106 -106.128 -183.499 
66.8269 -121.645 -262.668 66.8738 -78.9689 -300.078 67.063 11.0084 146.635 
67.427 83.8041 -10.1942 67.6438 -120.721 5.67906 67.7828 46.6148 -134.571 
67.8526 19.5674 -295.586 67.9268 -119.715 -273.897 68.0009 -108.731 -87.4646 
68.1753 62.7531 -63.1594 68.4243 -108.642 -195.325 68.5341 50.415 -167.827 
68.5849 -84.0754 48.3449 68.7251 -37.6047 -300.049 68.7605 -30.734 110.912 
68.9013 -132.827 -36.4083 68.9588 92.9906 -285.626 68.9713 -116.891 -282.645 
69.1046 63.7124 -198.134 69.3435 73.8689 -290.348 69.3767 86.4313 2.06024 
69.7518 -51.7313 85.2793 69.8509 24.0261 147.435 70.2207 67.9543 -52.0552 
70.2407 -7.15334 134.594 70.2524 -113.428 15.0464 70.2526 -111.413 -207.217 
70.3776 -114.038 -76.7936 70.4784 -2.40676 -297.511 70.5003 -66.2322 -300.232 
70.5696 -109.673 -293.058 70.9123 -132.791 -24.8685 71.114 102.074 -270.384 
71.1425 88.1295 14.6549 71.1921 52.6601 -292.332 71.3811 -75.8305 57.0372 
71.8999 46.2206 -146.82 71.9037 53.4978 -179.31 72.155 -114.109 -219.153 
72.3191 93.3682 -250.126 72.4674 -60.0389 -300.24 72.4986 72.9471 -40.8162 
72.5658 37.3106 147.186 72.5991 89.1568 27.517 72.8136 -105.629 23.953 
72.8319 -21.8297 118.816 72.8851 81.4478 -229.936 72.9825 -119.99 -66.5464 
73.014 -98.456 -297.91 73.1674 -43.5556 93.9566 73.1804 31.2199 -294.401 
73.2327 -96.6783 -140.846 73.3315 -96.8769 -152.975 73.4254 -24.8947 -299.496 
73.4685 -96.9515 -128.785 73.7568 89.1089 40.5376 73.9198 -130.055 -13.3527 
73.9272 -116.082 -231.299 73.9717 68.9905 -209.05 74.0752 -97.9274 -165.068 
74.0936 -97.6897 -116.798 74.402 -67.5431 65.9276 74.4414 3.87409 139.672 
74.5943 47.6623 -104.03 74.6624 88.8784 53.588 74.7682 76.8609 -29.0487 
74.8447 49.5867 143.196 74.861 45.2165 -115.9 75.0881 83.7034 -288.477 
75.2017 -99.1386 -104.9 75.2237 50.4108 -92.1804 75.3724 87.9466 66.5797 
75.3989 -99.8626 -176.992 75.4292 -97.4525 32.7297 75.46 9.43494 -296.394 
75.5448 -126.236 -56.3556 75.5718 -117.329 -243.547 75.9 85.9865 79.5175 
75.9541 -86.7443 -299.595 75.9962 46.8665 -159.167 76.0619 59.3021 135.263 
76.1027 99.4635 -281.238 76.2157 53.6173 -80.5184 76.2493 57.7534 -190.165 
76.3633 82.2787 92.0234 76.4732 43.5129 -127.748 76.6625 -47.8599 -300.174 
76.6713 66.9793 125.987 76.6969 63.724 -291.36 76.7387 78.2251 104.292 
76.7606 -35.4438 102.4 76.8549 -125.085 -2.39809 76.8769 73.2443 115.861 
76.9937 -117.546 -255.963 77.0807 -12.594 125.745 77.0832 -102.224 -93.3149 
77.1258 80.5575 -17.3189 77.1636 -102.292 -188.819 77.5314 57.5045 -69.2694 
77.8285 -58.5284 75.479 77.9851 -89.0156 41.3264 78.0396 15.719 142.992 
78.202 -12.7252 -298.406 78.3054 -116.323 -268.858 78.5129 97.5924 -260.784 
78.6063 42.7094 -293.373 78.6461 -130.862 -45.1936 78.955 86.8167 -240.996 
79.1406 -104.997 -200.495 79.1863 48.5415 -171.022 79.2552 83.6451 -5.33523 
79.2917 62.1399 -58.1913 79.4567 -74.1219 -300.064 79.5093 74.6385 -220.456 
79.5749 -118.39 7.44138 79.6942 -107.489 -82.6055 79.8765 -112.69 -283.048 
79.9984 42.4712 -139.093 80.3397 -132.243 -22.9035 80.5499 -27.0178 110.469 
80.6569 -80.434 49.8908 80.6606 21.1076 -295.1 80.9214 62.4229 -200.958 
80.9875 92.1724 -285.241 81.208 86.2268 7.03767 81.2131 -35.3839 -299.903 
81.2608 -107.806 -212.315 81.3121 -2.71422 131.635 81.3592 28.0719 144.549 
81.5504 -49.0238 85.3386 81.5872 67.7272 -47.5063 81.6387 -105.27 -293.243 
81.9672 -90.6729 -146.692 81.9709 -90.5926 -134.644 82.1471 -110.526 16.4495 
82.1769 74.3264 -290.249 82.5032 -91.1437 -122.641 82.5038 -91.4728 -158.739 
82.6273 -113.961 -72.6247 82.8852 51.4471 -182.304 82.9887 87.9049 19.7979 
83.0765 -0.802389 -297.183 83.4151 -110.272 -224.285 83.519 -71.8477 58.5418 
83.6741 -92.5054 -110.739 83.7904 -93.2298 -170.59 83.9104 42.3685 -150.87 
83.9403 72.1239 -36.1404 84.1199 53.9848 -292.298 84.1321 40.646 142.975 
84.1583 99.5893 -271.797 84.2345 41.972 -109.523 84.2838 -59.0077 -300.185 
84.3791 88.5183 32.8491 84.4397 -18.2148 117.704 84.5782 39.9244 -121.501 
84.6626 -102.111 25.0462 84.6735 44.5999 -97.7128 84.7768 -131.38 -33.3237 
84.936 -128.166 -11.7764 85.025 -94.9563 -297.415 85.0263 -40.5106 94.0919 
85.1038 91.4828 -251.485 85.3508 -112.007 -236.458 85.4296 8.04627 136.23 
85.4418 88.4014 46.0059 85.4573 -94.8756 -99.0065 85.4626 79.8848 -231.828 
85.535 -95.5488 -182.32 85.675 47.7216 -86.0718 85.7234 -120.375 -62.7519 
85.9588 -23.043 -299.204 86.0042 32.6889 -294.156 86.1576 67.5555 -211.825 
86.1839 51.9453 137.825 86.3309 87.866 58.9874 86.4424 75.9721 -24.4809 
86.6002 -109.351 -284.204 86.7166 -63.2391 67.5348 86.8902 43.3052 -162.757 
86.9202 51.3071 -74.8489 86.9547 86.5904 71.9783 86.9968 -112.692 -248.853 
87.1112 84.6179 -287.939 87.2115 -93.4528 33.6625 87.2564 61.2696 129.83 
87.3531 83.7636 84.7619 87.3707 38.6267 -132.876 87.5761 55.4847 -193.092 
87.6016 -98.134 -193.937 87.6586 79.7875 97.1906 87.7832 69.071 120.282 
87.8631 75.2204 109.275 88.1297 10.9548 -295.935 88.1799 -99.4423 -87.9286 
88.1859 -125.596 -52.8122 88.2123 -112.363 -261.353 88.2231 -83.0185 -299.513 
88.3883 -8.977 123.983 88.4138 -122.198 -1.37907 88.4847 55.797 -63.8528 
88.5367 95.538 -283.757 88.6285 -111.024 -273.621 88.6329 -32.1763 102.564 
88.7061 79.142 -12.5433 89.0804 -45.6338 -300.146 89.1804 -128.5 -42.7598 
89.3245 19.3534 139.686 89.6182 45.5573 -174.107 89.7409 64.9835 -291.389 
89.8142 -84.7676 42.1749 89.9288 -100.853 -205.6 90.118 -54.4379 76.8089 
90.1312 60.7953 -53.3127 90.2777 -84.0011 -140.469 90.4128 -84.0329 -128.408 
90.7156 -84.698 -152.466 90.7269 81.6726 -0.290456 90.7709 -11.0555 -297.91 
91.0975 -114.483 7.92069 91.3531 -85.0044 -116.402 91.3808 94.9179 -262.401 
91.4299 -105.717 -77.4297 91.4944 44.1896 -293.288 91.5371 84.5619 -242.599 
91.5958 -129.057 -22.0877 91.8394 36.3003 -143.228 91.8586 -86.1612 -164.286 
91.9609 72.8948 -222.676 92.1797 -69.7054 -300.086 92.2558 35.0243 -128.631 
92.3364 -23.5545 110.331 92.4102 -103.516 -217.487 92.4752 0.694096 129.277 
92.5445 -76.0816 50.7682 92.5468 60.0596 -203.78 92.5529 65.9213 -42.7174 
92.7076 83.8319 12.2402 92.8446 35.7056 -115.396 92.8874 31.4219 140.821 
92.9689 -86.8275 -104.475 93.0019 -102.131 -290.575 93.3771 22.592 -294.764 
93.4283 48.466 -185.236 93.5309 38.056 -103.144 93.5493 -45.6842 85.7951 
93.5631 -88.3459 -175.937 93.6694 -106.07 16.6872 93.7725 -33.3236 -299.668 
94.4718 85.4544 25.0512 94.6357 40.793 -91.2849 94.6755 -112.801 -67.1806 
94.732 -105.671 -229.563 95.1307 36.4285 -155.068 95.167 69.9536 -31.3486 
95.3249 76.2602 -289.701 95.5434 43.3624 138.21 95.5631 -67.4541 59.5212 
95.6356 -90.8938 -187.473 95.7076 0.764016 -296.857 95.8886 86.125 38.1071 
95.9007 -90.3931 -93.1578 95.9152 -15.1051 116.826 96.0537 -97.1736 25.1291 
96.211 -124.441 -11.4894 96.4126 43.9648 -79.5289 96.4732 -127.114 -33.1746 
96.6324 -106.969 -241.847 96.8672 11.1647 133.807 96.9365 95.6326 -274.305 
96.9699 85.9347 51.1161 96.9843 -55.9544 -300.184 97.018 -37.2531 94.5603 
97.0285 -91.7533 -296.321 97.0353 38.5808 -166.292 97.1505 -105.459 -279.564 
97.1582 55.6231 -292.15 97.3496 54.1095 132.472 97.6473 73.2825 -19.5588 
97.723 88.3715 -253.316 97.819 85.3417 64.1326 97.8738 77.3031 -233.744 
97.9446 -107.31 -254.377 97.9605 -119.801 -56.9749 98.0355 -76.6715 -134.233 
98.0424 -93.558 -199.038 98.1684 65.004 -214.33 98.3017 83.3455 77.0498 
98.3646 -106.83 -266.957 98.3775 63.3968 124.128 98.4763 -77.2971 -146.247 
98.4856 -76.9883 -122.121 98.5354 -21.2517 -298.637 98.5633 80.0797 89.6777 
98.5678 -88.3639 33.6329 98.6061 -123.909 -44.9118 98.6653 52.3366 -196.011 
98.6827 53.2991 -58.8359 98.6859 47.7516 -68.2522 98.7163 70.6193 113.726 
98.7527 76.0384 102.011 98.8089 34.1788 -294.042 98.8505 -58.943 68.5122 
98.9095 88.5401 -285.209 99.0947 41.5803 -177.139 99.3883 -95.4266 -82.2694 
99.4375 -117.458 -1.65577 99.5434 -78.6489 -158.116 99.7043 -6.49961 122.449 
99.7256 75.8421 -7.42195 99.8304 -78.4232 -109.985 100.181 58.3922 -48.6989 
100.344 28.5998 -121.35 100.477 -79.4072 -299.084 100.588 27.9865 -134.479 
100.655 -28.5633 102.978 100.766 -96.2129 -210.809 100.796 12.454 -295.562 
100.882 22.4042 136.519 101.138 -80.5836 -169.734 101.263 -79.6986 42.2847 
101.292 30.4332 -108.641 101.689 -43.3967 -300.055 101.809 78.2117 4.89986 
102.074 -80.7327 -98.0251 102.118 -109.161 7.32402 102.133 35.3351 -168.334 
102.209 -50.308 77.3585 102.554 32.8782 -96.6334 102.775 27.923 -147.311 
102.932 -102.118 -71.5403 102.985 62.5732 -37.7526 103.235 -83.1779 -181.14 
103.243 67.3249 -290.767 103.395 -9.41019 -297.534 103.417 -98.6506 -222.79 
103.657 90.4858 -264.823 103.821 80.2888 17.4611 103.826 -122.983 -23.7043 
103.851 44.5656 -188.194 103.861 81.0108 -244.608 103.975 56.5728 -206.584 
104.053 69.7022 -224.939 104.092 3.14363 127.617 104.095 -70.9082 50.8581 
104.114 -98.2558 -287.807 104.138 35.6679 -84.7455 104.187 34.1894 136.192 
104.471 45.8277 -293.132 104.596 -100.361 15.981 104.609 -19.0745 111.127 
104.854 -66.3553 -300.026 105.3 50.7591 -55.2235 105.403 -69.0563 -127.943 
105.446 -84.2756 -86.5987 105.609 -85.8069 -192.598 105.638 -41.923 86.1903 
105.647 81.8253 30.2382 105.68 -69.3515 -140.08 105.718 -100.36 -234.981 
105.763 66.0527 -26.2566 106.049 -69.6146 -115.683 106.069 24.0705 -294.598 
106.172 -110.772 -60.9444 106.301 -119.202 -12.8035 106.362 28.1103 -159.879 
106.388 -14.7379 114.675 106.424 -31.3512 -299.297 106.479 -70.2893 -152.042 
106.74 45.7008 133.149 106.78 38.7881 -73.0686 106.905 -91.3075 24.3513 
107.12 82.3577 43.0908 107.253 -120.184 -36.4314 107.293 -101.194 -247.505 
107.347 -62.4633 59.7442 107.454 19.9671 -126.742 107.559 -71.1591 -103.369 
107.678 -100.874 -274.233 107.768 21.3106 -113.975 108.022 -116.584 -49.109 
108.045 68.8729 -14.3295 108.092 -101.37 -260.292 108.146 -72.1988 -163.701 
108.243 36.4953 -180.375 108.244 82.2845 56.0675 108.309 80.5294 -287.086 
108.346 -88.342 -204.263 108.36 2.32787 -296.579 108.373 89.2122 -276.97 
108.381 56.0926 126.692 108.479 19.2638 -139.509 108.612 13.8086 131.371 
108.697 -88.0812 -295.18 108.994 81.2257 69.0595 109.125 64.4275 117.366 
109.14 -33.5784 94.9041 109.311 48.0409 -198.966 109.317 78.7978 81.8512 
109.33 70.5569 106.289 109.385 -82.3926 32.8613 109.397 75.2025 94.2842 
109.581 23.2849 -101.531 109.605 -53.4645 -300.11 109.633 -111.462 -3.06747 
109.72 54.2477 -43.7532 109.761 -89.0592 -75.9464 109.856 61.1687 -216.877 
109.948 84.0025 -255.643 110.003 73.4186 -235.844 110.191 -73.6954 -91.2634 
110.214 -74.6314 -175.098 110.25 71.2804 -2.22161 110.301 57.7291 -291.746 
110.644 42.0142 -61.4144 110.727 -54.0133 68.5424 110.878 26.3099 -90.2021 
111.044 -5.05477 121.209 111.184 19.3066 -152.149 111.205 -19.4992 -298.199 
111.359 28.6316 -172.295 111.381 -90.9527 -216.069 111.528 35.7375 -293.995 
111.779 -60.8289 -121.606 111.817 -60.7443 -133.966 112.004 -73.3882 41.3474 
112.286 -102.601 5.73629 112.38 25.1234 132.777 112.466 -77.3091 -186.353 
112.488 29.6143 -78.9654 112.523 -61.2793 -146.097 112.556 73.8328 9.98093 
112.586 -98.3927 -64.369 112.664 -61.5945 -109.104 112.76 -24.474 103.616 
112.99 57.6669 -32.5155 113.01 -76.3751 -298.596 113.417 13.9351 -295.485 
113.459 10.2788 -131.989 113.508 11.1995 -119.149 113.823 39.3223 -191.341 
114.068 -93.0861 -228.12 114.083 -62.7286 -157.922 114.138 -45.6406 77.2957 
114.187 -77.3292 -79.857 114.36 -41.3141 -299.815 114.564 -93.423 14.1942 
114.598 -63.3116 -96.7072 114.807 -93.4837 -285.491 114.808 -113.209 -14.8296 
114.825 75.9803 22.3683 115.143 45.1098 -49.8052 115.148 -79.929 -197.838 
115.166 19.7956 -164.515 115.168 52.1992 -209.255 115.178 -64.8461 50.1231 
115.211 9.93115 -144.696 115.395 -106.828 -52.6813 115.496 84.6155 -267.986 
115.499 12.173 -106.12 115.557 32.4892 -67.2843 115.577 36.6949 131.821 
115.68 76.0779 -247.114 115.7 -113.474 -27.2445 115.776 60.7193 -21.0061 
115.8 -89.9811 -66.7363 115.822 65.1629 -227.354 115.89 5.20425 126.063 
115.926 70.2313 -289.096 116 -94.4327 -240.519 116.056 -7.77938 -297.338 
116.362 -65.1812 -169.323 116.449 -111.162 -40.0257 116.628 20.1364 -85.1253 
116.667 77.3331 35.0999 116.754 -84.2081 22.6027 116.918 -51.6402 -127.872 
117.017 -94.9695 -276.321 117.056 -13.7649 113.103 117.115 -95.1709 -253.144 
117.183 30.2509 -183.949 117.277 47.6607 -293.083 117.298 -51.9624 -115.344 
117.365 -51.8257 -140.333 117.472 -65.8468 -84.576 117.511 -63.5735 -299.803 
117.544 -95.3286 -265.826 117.721 47.7326 127.597 117.731 -37.6676 86.1758 
118.068 77.7129 47.9924 118.213 0.691372 -124.416 118.247 63.3086 -9.12377 
118.351 -82.554 -209.573 118.421 10.0437 -157.165 118.456 0.070186 -137.275 
118.459 -67.843 -180.535 118.611 -56.5254 58.9827 118.644 -52.998 -102.688 
118.672 25.5831 -294.703 118.685 -52.5088 -152.581 118.81 81.1857 -280.891 
118.847 -104.257 -5.39923 118.94 56.9782 119.889 119.013 -81.5695 -69.1036 
119.078 -74.9071 31.018 119.102 11.8651 -92.3478 119.118 77.2776 60.9475 
119.152 -29.4774 -298.96 119.167 48.237 -38.5582 119.315 22.4934 -73.3237 
119.337 63.834 109.916 119.448 1.32007 -111.472 119.584 35.409 -55.7925 
119.695 42.8907 -201.816 119.703 69.1722 98.6151 119.804 75.9499 73.8449 
119.951 73.2393 86.4743 120.127 -96.4254 -55.3528 120.275 20.364 -176.783 
120.438 16.144 128.997 120.57 -54.5527 -90.0962 120.676 -41.854 -121.81 
120.69 -84.754 -293.362 120.782 -0.138084 -149.988 120.867 66.1702 2.73966 
120.87 -41.8667 -134.456 120.942 3.83903 -296.627 121.062 -94.6279 3.13144 
121.136 -70.9191 -191.688 121.177 -29.4673 94.9339 121.199 77.6951 -258.829 
121.22 -54.2556 -164.392 121.247 56.248 -219.442 121.469 -85.0629 -221.447 
121.606 67.9751 -238.566 121.608 -10.04 -129.899 121.612 -69.5219 -72.8511 
121.755 -42.4165 -109.14 122.042 -66.0787 39.6427 122.074 1.21462 -98.2308 
122.099 -9.65175 -116.998 122.14 -42.2683 -146.999 122.253 -3.49849 120.265 
122.265 -48.4267 67.9024 122.275 12.5538 -79.5753 122.289 -51.2074 -300.026 
122.491 51.3205 -27.271 122.594 -10.3895 -142.734 122.648 25.0533 -61.7469 
122.695 -31.409 -128.586 122.766 -104.86 -17.8218 122.876 59.7994 -290.229 
122.931 10.1428 -169.569 123.046 32.5242 -195.02 123.099 -85.0656 11.5646 
123.134 -100.787 -43.3718 123.207 -43.167 -96.3822 123.236 68.9028 14.6936 
123.336 -31.5016 -115.853 123.378 -20.6822 -122.746 123.435 -20.853 -135.578 
123.451 -31.645 -141.33 123.793 -57.0266 -77.9248 123.8 -9.5733 -104.095 
123.85 -103.572 -30.6533 123.872 -86.9449 -233.586 123.888 -85.6532 -58.2441 
123.89 -57.093 -175.448 123.98 -17.784 -297.915 124 37.7853 -44.3132 
124.099 27.5343 129.244 124.137 37.3189 -293.89 124.355 -20.6926 -109.876 
124.403 -73.5951 -203.236 124.466 -43.0424 -159.399 124.484 -21.212 -148.458 
124.588 -0.321872 -162.524 124.608 -20.8123 103.726 124.778 -31.9656 -103.001 
125.014 -75.3678 19.9064 125.054 14.8045 -68.0035 125.166 -10.7114 -155.466 
125.317 -32.1096 -153.978 125.345 -88.3367 -282.762 125.377 54.2428 -15.7022 
125.41 -44.4206 -83.8866 125.431 -57.6232 48.4381 125.476 -88.1854 -246.024 
125.524 -0.191408 -84.3266 125.619 -73.6557 -297.89 125.62 71.2018 27.0388 
125.845 46.6639 -211.941 125.851 15.4346 -295.823 126.03 -40.5323 76.8921 
126.171 76.9844 -271.87 126.266 -60.7196 -186.024 126.274 -21.1031 -96.9559 
126.294 -88.7839 -258.462 126.385 -10.2921 -90.8832 126.397 -95.0374 -8.6012 
126.398 -73.8098 -61.6667 126.485 5.33951 -74.7723 126.574 -32.6127 -90.2734 
126.579 21.7394 -188.114 126.623 -88.9964 -270.765 126.706 70.5195 -283.965 
126.718 38.8873 126.845 126.936 69.8451 -250.184 127.017 27.1333 -50.0689 
127.161 -39.3511 -299.622 127.173 59.4059 -230.078 127.189 -11.266 112.901 
127.51 72.3844 39.8397 127.534 -21.7772 -161.057 127.546 -89.5596 -46.6214 
127.621 -44.5627 -171.395 127.653 6.9816 124.587 127.712 -66.2632 28.4321 
127.776 -61.0192 -65.5848 127.852 -76.2734 -214.974 127.858 40.4849 -32.954 
128.089 48.9258 121.011 128.298 -85.12 -0.141094 128.34 56.9722 -3.90559 
128.482 -22.0201 -83.9404 128.632 -32.8138 -166.513 128.692 56.1501 112.511 
128.699 72.2799 52.8297 128.715 -6.2481 -297.252 128.73 -45.9635 -71.7599 
128.842 16.6117 -56.1745 129.036 -11.4374 -168.058 129.125 -94.402 -21.3007 
129.219 -49.6149 57.4407 129.235 61.7711 102.373 129.289 -33.3265 -77.8831 
129.361 -64.0228 -197.073 129.364 -12.0896 -77.078 129.456 -92.567 -34.1646 
129.46 9.70881 -181.794 129.491 35.8227 -205.073 129.629 -0.928818 -174.938 
129.635 71.4903 65.7877 129.694 -32.6626 85.852 129.814 49.2534 -291.893 
129.899 -75.1367 8.23689 129.966 6.31787 -62.6472 130.06 66.627 91.0006 
130.118 69.6258 78.574 130.197 -61.0715 -299.4 130.263 -3.2088 -69.5453 
130.421 -48.5165 -181.728 130.572 -77.6549 -50.0733 130.795 -78.564 -226.962 
130.995 -57.6166 37.151 131.068 27.0878 -294.753 131.183 43.5613 -21.7148 
131.331 59.9621 7.75363 131.375 28.8006 -38.3417 131.529 -22.7353 -71.2686 
131.734 -22.6439 -173.55 131.789 49.9563 -222.224 132.028 70.5097 -262.342 
132.076 -65.6478 16.6594 132.083 -27.6546 -298.685 132.129 -84.5013 -12.3876 
132.137 -65.3435 -53.7018 132.384 24.1625 -198.595 132.442 -53.8344 -191.242 
132.459 61.4708 -241.5 132.538 18.2451 126.317 132.625 -33.6865 -65.9443 
132.673 -80.9493 -290.213 132.737 -53.112 -57.905 132.816 -44.3836 -61.2029 
132.822 -44.7028 -184.572 132.866 -33.855 -178.958 132.867 -24.5969 94.707 
132.923 17.7243 -44.1481 133.064 -80.3638 -239.194 133.239 -66.8582 -208.589 
133.24 -80.866 -37.8474 133.261 -12.7662 -64.2863 133.27 5.22329 -296.793 
133.521 63.9711 18.9686 133.615 -42.2198 66.7676 133.761 -83.1352 -25.1273 
133.875 7.28606 -50.5894 133.924 -2.83216 -57.3663 133.956 -74.457 -3.83864 
133.958 -2.13156 119.093 133.989 60.0065 -286.027 133.997 46.7235 -10.3438 
134.136 -12.5395 -180.523 134.483 -81.5474 -251.517 134.828 -49.4528 46.0982 
134.965 -56.5589 25.2286 134.968 -82.6394 -277.297 134.977 -82.1694 -264.248 
135.138 -23.2909 -59.0311 135.19 -49.1952 -299.643 135.26 30.6871 -26.5708 
135.262 -68.6589 -41.5294 135.295 -64.4933 4.47854 135.399 67.9469 -275.74 
135.578 29.8423 124.111 135.604 -16.8367 102.677 136.016 38.781 -215.229 
136.042 -2.27065 -187.23 136.128 -34.097 -54.1005 136.236 66.1348 31.4169 
136.397 -56.5796 -45.5125 136.499 40.9316 119.824 136.52 38.6941 -293 
136.528 -73.2031 -16.3333 136.629 -9.85887 110.402 136.65 -44.9643 -49.796 
136.658 -69.3057 -220.427 136.721 -13.2528 -52.0404 136.741 -56.6019 -202.558 
136.779 -71.2654 -29.0388 136.829 -16.0953 -297.708 136.929 -23.9496 -185.796 
136.93 18.401 -31.9296 136.954 52.5355 -233.142 137.141 47.4704 114.488 
137.152 48.8397 1.70223 137.297 8.18072 -193.848 137.306 -54.9377 12.8983 
137.389 7.43827 -38.2697 137.408 -34.196 75.8905 137.411 62.5604 -253.333 
137.441 34.6458 -15.8711 137.487 -2.97114 -45.0862 137.741 53.298 105.89 
137.961 16.8615 -295.906 137.984 -63.1754 -7.88595 138.022 66.5994 44.473 
138.071 -70.3943 -295.66 138.257 -47.8279 33.9495 138.365 -24.3036 -46.663 
138.517 -45.9932 -196.627 138.543 -35.1216 -191.075 138.677 -59.3058 -33.0786 
138.74 65.7704 57.5853 138.917 58.1688 95.3244 138.964 -41.6044 55.2848 
139.212 -61.4744 -20.4722 139.324 64.5397 70.6521 139.333 8.87909 120.601 
139.351 26.2598 -208.885 139.358 -53.3118 0.425704 139.359 -35.659 -41.7601 
139.419 -71.3574 -232.58 139.472 30.5683 -13.4248 139.586 -47.3831 -37.2826 
139.607 61.9863 83.3539 139.63 15.6642 -201.905 139.697 38.6392 -5.06873 
139.718 -14.1369 -39.5429 140.101 -45.7313 21.4562 140.104 18.7848 -19.3482 
140.298 -37.4534 -299.293 140.333 42.786 -225.213 140.43 -3.70163 -32.4512 
140.496 -13.974 -192.198 140.654 7.11263 -25.617 140.72 -26.1548 85.351 
140.782 -51.5728 -12.1261 140.88 -49.6044 -24.7336 140.89 -25.7836 -34.086 
140.954 -59.1262 -214.166 140.974 -43.5855 8.78386 141.226 -4.70282 -297.048 
141.307 57.551 23.2634 141.37 -37.6573 -29.175 141.623 -15.4778 -26.6807 
141.634 61.8571 -265.768 141.697 49.9687 -289.001 141.699 -73.1994 -244.853 
141.711 50.1555 14.31 141.731 -41.636 -3.89445 141.817 53.8541 -244.703 
141.939 -39.7018 -16.5353 141.979 -39.4323 42.8602 142.011 -4.95502 -19.3964 
142.049 -27.6099 -21.2887 142.229 6.4198 -12.5976 142.238 28.9187 0.621641 
142.253 18.1788 -6.1959 142.327 -75.1597 -283.71 142.366 -17.3909 -13.6067 
142.422 -29.6647 -8.51128 142.434 -36.5341 30.0536 142.61 -74.1372 -257.412 
142.611 39.3614 7.57963 142.696 -34.0177 17.2067 142.76 -31.7444 4.33094 
142.774 -6.67046 -6.22606 142.872 -74.9412 -270.252 142.897 -58.8682 -297.675 
142.979 28.3583 -294.188 143.035 -19.579 -0.526744 143.037 -17.4108 94.4496 
143.173 43.8282 110.437 143.178 20.5794 119.244 143.207 6.88897 -0.265283 
143.452 -25.6343 -197.17 143.487 -33.8076 64.4982 143.506 -48.3209 -208.092 
143.665 -4.09476 -198.757 143.764 17.9889 6.58094 143.823 -0.357702 112.891 
143.854 -7.69084 6.5708 143.863 -22.1419 12.688 144.091 58.2384 36.217 
144.227 58.5141 -279.311 144.277 -37.0887 -202.412 144.383 -24.75 25.7531 
144.416 -61.4105 -226.128 144.475 -8.84831 103.538 144.576 -30.5134 51.7824 
144.578 32.4832 114.952 144.589 7.37604 11.9306 144.734 -27.4139 38.7721 
144.735 28.5979 13.6638 144.966 -12.9942 21.0315 144.971 -2.45422 16.5038 
145.142 45.0063 -236.111 145.23 -25.7681 -298.233 145.307 6.79329 -296.453 
145.389 39.1709 20.7163 145.41 48.746 28.3304 145.564 48.2516 99.5625 
145.691 17.5687 19.3125 145.704 -15.3985 34.064 145.768 58.0491 49.2616 
145.794 5.82874 -205.573 145.997 -24.7488 73.6519 146.058 -3.97166 29.3029 
146.213 6.67266 24.5245 146.504 53.7144 -256.698 146.552 -18.1624 47.3475 
146.601 57.6286 62.51 146.603 35.5245 -227.953 146.778 28.0424 26.5592 
146.886 15.8922 -212.646 146.968 26.2488 -220.036 147.178 -63.3794 -238.316 
147.201 52.4565 87.9829 147.27 -5.98117 42.3547 147.33 55.7424 75.4888 
147.405 -65.4213 -288.619 147.407 -15.7553 -203.435 147.512 -21.4855 60.6359 
147.512 5.61873 37.2112 147.524 16.818 32.0583 147.609 11.6123 111.198 
147.628 38.3252 33.805 147.78 -50.5701 -219.891 147.971 48.3225 41.3793 
148.186 -47.2004 -298.317 148.267 39.1029 -290.544 148.358 -8.7803 55.7873 
148.517 -15.8915 83.011 148.665 3.66219 50.3314 148.677 27.2048 39.3576 
148.855 36.2341 103.534 148.929 15.5359 44.8444 149.09 -64.9529 -250.76 
149.114 23.8147 107.558 149.246 -12.2084 69.6521 149.349 2.73875 102.214 
149.376 -27.5116 -208.395 149.477 18.3002 -295.096 149.489 -39.2075 -213.9 
149.656 -14.2584 -296.846 149.683 37.503 46.6622 149.687 -6.58907 92.7158 
149.85 -67.2706 -276.125 149.883 47.9397 54.3633 149.913 -66.2653 -263.415 
149.926 0.942445 63.9288 150.059 44.915 -247.941 150.153 13.8208 57.4422 
150.299 25.9277 52.0614 150.52 52.2336 -269.389 150.795 -5.52417 -209.824 
150.811 -3.02373 79.7918 151.145 15.0954 99.2301 151.146 40.4697 91.9004 
151.327 -52.737 -231.954 151.372 11.3461 69.7053 151.458 46.9803 67.2285 
151.47 36.3752 59.3556 151.526 6.06726 90.1851 151.633 24.1397 64.4065 
151.861 9.223 78.2603 151.874 47.8829 -282.342 151.913 27.6511 95.5317 
152.073 44.2431 79.8349 152.229 35.5528 -239.422 152.577 21.646 75.9131 
152.617 18.537 87.3058 152.74 34.4608 71.7214 152.888 4.94859 -216.533 
152.985 31.3542 83.7132 153.484 25.7604 -231.304 153.587 -17.3626 -214.664 
153.627 15.4595 -223.694 153.759 -35.2555 -297.576 153.818 -2.80329 -295.922 
153.912 -41.2407 -225.747 153.948 -54.6052 -244.279 154.262 -56.5754 -293.79 
154.492 43.6844 -259.936 154.707 29.0484 -292.287 154.797 -29.3872 -219.913 
155.574 -56.3474 -256.87 155.816 -58.9538 -281.17 156.388 -57.9079 -269.335 
156.7 -6.87978 -221.158 156.952 34.4984 -251.193 157.441 8.71959 -295.088 
157.467 -43.2697 -237.946 157.703 41.3087 -272.405 158.157 -23.2989 -295.919 
158.402 36.7677 -284.293 158.717 3.7927 -227.831 158.732 24.818 -242.819 
158.772 18.8067 -293.915 159.031 -44.0015 -292.394 159.053 -19.0619 -226.231 
159.057 -31.2204 -231.913 159.343 14.4868 -235.011 159.818 -45.3081 -250.595 
160.205 -51.1434 -285.338 160.824 32.4964 -263.095 161.212 -47.3424 -263.342 
161.27 -48.9963 -275.362 161.972 -8.41179 -232.658 161.989 -11.4031 -293.617 
162.387 -33.2642 -244.46 162.757 23.1788 -254.472 163.209 -20.8443 -238.281 
163.595 2.31979 -239.311 163.749 12.9962 -246.535 163.816 29.47 -274.917 
164.104 -40.3053 -281.959 164.541 -35.6535 -257.476 164.558 -32.428 -290.614 
164.808 25.3164 -286.425 165.433 -37.8253 -270.142 165.891 0.672443 -291.246 
165.953 -10.2194 -244.71 165.989 20.8407 -266.167 166.025 -23.1494 -251.598 
166.893 11.0752 -257.912 167.075 0.543329 -250.87 167.748 13.0034 -289.315 
167.969 -25.8548 -265.585 168.279 -28.8185 -278.782 168.34 -20.2561 -288.823 
168.492 17.5547 -277.727 169.116 -1.3123 -260.511 169.153 8.43133 -269.211 
169.238 -13.2526 -260.776 170.056 -7.66162 -284.318 170.27 4.91487 -280.856 
170.768 -16.585 -275.227 170.828 -4.06388 -271.953 
POLYGONS 5970 23880
3 874 942 955 
3 955 942 1016 
3 839 874 955 
3 874 791 942 
3 942 950 1016 
3 955 1016 1085 
3 955 924 839 
3 839 751 874 
3 791 843 942 
3 751 791 874 
3 1016 950 1064 
3 942 843 950 
3 1085 1016 1125 
3 1085 1036 955 
3 839 924 807 
3 1036 924 955 
3 721 751 839 
3 791 732 843 
3 751 666 791 
3 950 1021 1064 
3 1016 1064 1125 
3 843 905 950 
3 1125 1208 1085 
3 1156 1036 1085 
3 807 924 890 
3 839 807 721 
3 1005 924 1036 
3 721 632 751 
3 732 802 843 
3 791 666 732 
3 632 666 751 
3 1064 1021 1126 
3 905 1021 950 
3 1125 1064 1185 
3 843 802 905 
3 1085 1208 1156 
3 1250 1208 1125 
3 1120 1036 1156 
3 890 924 1005 
3 890 771 807 
3 807 684 721 
3 1005 1036 1120 
3 721 597 632 
3 732 682 802 
3 666 612 732 
3 542 666 632 
3 1126 1021 1088 
3 1064 1126 1185 
3 885 1021 905 
3 1185 1250 1125 
3 802 885 905 
3 1156 1208 1279 
3 1324 1208 1250 
3 1156 1228 1120 
3 970 890 1005 
3 807 771 684 
3 890 858 771 
3 684 597 721 
3 1120 1086 1005 
3 597 498 632 
3 682 762 802 
3 732 612 682 
3 542 612 666 
3 632 498 542 
3 1088 1021 963 
3 1088 1200 1126 
3 1185 1126 1240 
3 963 1021 885 
3 1287 1250 1185 
3 802 762 885 
3 1279 1208 1324 
3 1279 1228 1156 
3 1324 1250 1287 
3 1228 1195 1120 
3 1005 1086 970 
3 970 858 890 
3 771 656 684 
3 858 750 771 
3 684 567 597 
3 1195 1086 1120 
3 480 498 597 
3 682 651 762 
3 612 562 682 
3 542 483 612 
3 542 498 393 
3 963 1038 1088 
3 1126 1200 1240 
3 1149 1200 1088 
3 1185 1240 1287 
3 963 885 848 
3 885 762 848 
3 1324 1406 1279 
3 1349 1228 1279 
3 1287 1400 1324 
3 1313 1195 1228 
3 970 1086 1042 
3 970 941 858 
3 656 567 684 
3 750 656 771 
3 858 836 750 
3 567 480 597 
3 1151 1086 1195 
3 354 498 480 
3 762 651 737 
3 682 562 651 
3 483 562 612 
3 393 483 542 
3 393 498 354 
3 1088 1038 1149 
3 963 932 1038 
3 1240 1200 1312 
3 1266 1200 1149 
3 1240 1352 1287 
3 848 932 963 
3 762 737 848 
3 1279 1406 1349 
3 1453 1406 1324 
3 1349 1313 1228 
3 1324 1400 1453 
3 1287 1352 1400 
3 1313 1269 1195 
3 1042 1086 1151 
3 1042 941 970 
3 858 941 836 
3 540 567 656 
3 750 636 656 
3 836 723 750 
3 567 430 480 
3 1195 1269 1151 
3 480 350 354 
3 651 630 737 
3 562 538 651 
3 483 435 562 
3 337 483 393 
3 354 269 393 
3 1038 1118 1149 
3 932 1008 1038 
3 1312 1200 1266 
3 1312 1352 1240 
3 1149 1224 1266 
3 848 819 932 
3 737 819 848 
3 1406 1473 1349 
3 1517 1406 1453 
3 1349 1423 1313 
3 1400 1515 1453 
3 1400 1352 1464 
3 1386 1269 1313 
3 1151 1122 1042 
3 1042 1027 941 
3 941 923 836 
3 656 636 540 
3 540 430 567 
3 750 723 636 
3 813 723 836 
3 480 430 350 
3 1269 1226 1151 
3 354 350 246 
3 630 714 737 
3 651 538 630 
3 435 538 562 
3 337 435 483 
3 393 269 337 
3 246 269 354 
3 1118 1224 1149 
3 1038 1008 1118 
3 932 894 1008 
3 1266 1376 1312 
3 1312 1419 1352 
3 1266 1224 1338 
3 819 894 932 
3 737 714 819 
3 1473 1423 1349 
3 1517 1473 1406 
3 1571 1517 1453 
3 1313 1423 1386 
3 1453 1515 1571 
3 1464 1515 1400 
3 1352 1419 1464 
3 1386 1342 1269 
3 1122 1027 1042 
3 1151 1226 1122 
3 1027 923 941 
3 836 923 813 
3 540 636 500 
3 540 368 430 
3 723 601 636 
3 697 723 813 
3 430 252 350 
3 1342 1226 1269 
3 350 252 246 
3 630 602 714 
3 630 538 513 
3 405 538 435 
3 309 435 337 
3 269 239 337 
3 246 186 269 
3 1198 1224 1118 
3 1008 1091 1118 
3 894 976 1008 
3 1312 1376 1419 
3 1266 1338 1376 
3 1224 1307 1338 
3 790 894 819 
3 714 790 819 
3 1547 1423 1473 
3 1591 1473 1517 
3 1571 1630 1517 
3 1386 1423 1506 
3 1515 1638 1571 
3 1578 1515 1464 
3 1464 1419 1538 
3 1457 1342 1386 
3 1097 1027 1122 
3 1226 1197 1122 
3 1027 1007 923 
3 813 923 896 
3 636 601 500 
3 500 368 540 
3 430 368 252 
3 697 601 723 
3 813 785 697 
3 1342 1305 1226 
3 246 252 166 
3 602 685 714 
3 630 513 602 
3 513 538 405 
3 405 435 309 
3 239 309 337 
3 269 186 239 
3 166 186 246 
3 1118 1091 1198 
3 1198 1307 1224 
3 1008 976 1091 
3 861 976 894 
3 1419 1376 1490 
3 1376 1338 1448 
3 1338 1307 1415 
3 861 894 790 
3 714 685 790 
3 1591 1547 1473 
3 1506 1423 1547 
3 1517 1630 1591 
3 1686 1630 1571 
3 1386 1506 1457 
3 1571 1638 1686 
3 1578 1638 1515 
3 1464 1538 1578 
3 1419 1490 1538 
3 1416 1342 1457 
3 1122 1197 1097 
3 1097 1007 1027 
3 1305 1197 1226 
3 923 1007 896 
3 896 785 813 
3 500 601 461 
3 343 368 500 
3 252 368 241 
3 574 601 697 
3 697 785 669 
3 1416 1305 1342 
3 252 155 166 
3 602 587 685 
3 513 497 602 
3 405 376 513 
3 309 286 405 
3 239 218 309 
3 239 186 157 
3 86 186 166 
3 1091 1167 1198 
3 1198 1275 1307 
3 976 1051 1091 
3 861 943 976 
3 1376 1448 1490 
3 1338 1415 1448 
3 1415 1307 1383 
3 790 761 861 
3 685 761 790 
3 1672 1547 1591 
3 1547 1614 1506 
3 1591 1630 1672 
3 1686 1746 1630 
3 1506 1569 1457 
3 1686 1638 1751 
3 1696 1638 1578 
3 1578 1538 1651 
3 1538 1490 1605 
3 1457 1530 1416 
3 1097 1197 1153 
3 1094 1007 1097 
3 1264 1197 1305 
3 1007 991 896 
3 876 785 896 
3 461 601 574 
3 500 461 343 
3 241 368 343 
3 241 155 252 
3 697 669 574 
3 669 785 763 
3 1371 1305 1416 
3 155 96 166 
3 587 667 685 
3 497 587 602 
3 376 497 513 
3 286 376 405 
3 218 286 309 
3 157 218 239 
3 157 186 86 
3 166 96 86 
3 1198 1167 1275 
3 1091 1051 1167 
3 1307 1275 1383 
3 976 943 1051 
3 838 943 861 
3 1490 1448 1561 
3 1448 1415 1519 
3 1383 1504 1415 
3 861 761 838 
3 667 761 685 
3 1672 1614 1547 
3 1506 1614 1569 
3 1630 1746 1672 
3 1803 1746 1686 
3 1569 1530 1457 
3 1751 1638 1696 
3 1803 1686 1751 
3 1651 1696 1578 
3 1538 1605 1651 
3 1490 1561 1605 
3 1416 1530 1488 
3 1153 1197 1264 
3 1153 1094 1097 
3 1094 991 1007 
3 1264 1305 1371 
3 896 991 876 
3 763 785 876 
3 574 436 461 
3 461 316 343 
3 343 221 241 
3 241 125 155 
3 669 549 574 
3 763 648 669 
3 1488 1371 1416 
3 155 64 96 
3 587 575 667 
3 497 482 587 
3 376 360 497 
3 286 267 376 
3 218 202 286 
3 157 134 218 
3 86 72 157 
3 96 55 86 
3 1275 1167 1243 
3 1051 1131 1167 
3 1383 1275 1355 
3 943 1029 1051 
3 919 943 838 
3 1448 1519 1561 
3 1415 1504 1519 
3 1475 1504 1383 
3 761 734 838 
3 667 734 761 
3 1738 1614 1672 
3 1569 1614 1687 
3 1672 1746 1799 
3 1803 1858 1746 
3 1647 1530 1569 
3 1751 1696 1812 
3 1751 1863 1803 
3 1760 1696 1651 
3 1651 1605 1713 
3 1605 1561 1670 
3 1488 1530 1604 
3 1264 1222 1153 
3 1153 1100 1094 
3 1100 991 1094 
3 1371 1339 1264 
3 876 991 975 
3 876 859 763 
3 461 436 316 
3 574 549 436 
3 316 221 343 
3 241 221 125 
3 155 125 64 
3 669 648 549 
3 763 747 648 
3 1488 1449 1371 
3 64 55 96 
3 575 658 667 
3 482 575 587 
3 497 360 482 
3 267 360 376 
3 202 267 286 
3 134 202 218 
3 72 134 157 
3 86 55 72 
3 1167 1131 1243 
3 1275 1243 1355 
3 1051 1029 1131 
3 1383 1355 1475 
3 919 1029 943 
3 809 919 838 
3 1561 1519 1633 
3 1519 1504 1590 
3 1590 1504 1475 
3 838 734 809 
3 667 658 734 
3 1799 1738 1672 
3 1687 1614 1738 
3 1687 1647 1569 
3 1746 1858 1799 
3 1920 1858 1803 
3 1604 1530 1647 
3 1812 1696 1760 
3 1812 1863 1751 
3 1803 1863 1920 
3 1651 1713 1760 
3 1605 1670 1713 
3 1670 1561 1633 
3 1604 1562 1488 
3 1222 1100 1153 
3 1339 1222 1264 
3 975 991 1100 
3 1371 1449 1339 
3 975 859 876 
3 763 859 747 
3 436 299 316 
3 549 411 436 
3 204 221 316 
3 125 221 85 
3 125 52 64 
3 648 527 549 
3 747 635 648 
3 1562 1449 1488 
3 38 55 64 
3 580 658 575 
3 482 474 575 
3 482 360 355 
3 259 360 267 
3 189 267 202 
3 134 105 202 
3 72 61 134 
3 72 55 47 
3 1243 1131 1216 
3 1243 1325 1355 
3 1131 1029 1112 
3 1475 1355 1441 
3 1000 1029 919 
3 809 893 919 
3 1633 1519 1590 
3 1475 1555 1590 
3 809 734 692 
3 734 658 692 
3 1862 1738 1799 
3 1738 1808 1687 
3 1687 1759 1647 
3 1858 1921 1799 
3 1967 1858 1920 
3 1647 1718 1604 
3 1872 1812 1760 
3 1934 1863 1812 
3 1863 1975 1920 
3 1713 1829 1760 
3 1713 1670 1775 
3 1745 1670 1633 
3 1604 1671 1562 
3 1222 1190 1100 
3 1339 1304 1222 
3 1100 1068 975 
3 1449 1413 1339 
3 975 952 859 
3 747 859 844 
3 316 299 204 
3 411 299 436 
3 549 527 411 
3 85 221 204 
3 85 52 125 
3 64 52 38 
3 635 527 648 
3 747 733 635 
3 1521 1449 1562 
3 47 55 38 
3 575 474 580 
3 692 658 580 
3 355 474 482 
3 355 360 259 
3 189 259 267 
3 202 105 189 
3 61 105 134 
3 47 61 72 
3 1216 1131 1112 
3 1243 1216 1325 
3 1355 1325 1441 
3 1112 1029 1000 
3 1475 1441 1555 
3 919 893 1000 
3 809 782 893 
3 1590 1703 1633 
3 1590 1555 1666 
3 692 782 809 
3 1799 1921 1862 
3 1862 1808 1738 
3 1808 1759 1687 
3 1759 1718 1647 
3 1967 1921 1858 
3 2032 1967 1920 
3 1718 1671 1604 
3 1760 1829 1872 
3 1872 1934 1812 
3 1934 1975 1863 
3 1920 1975 2032 
3 1713 1775 1829 
3 1775 1670 1745 
3 1633 1703 1745 
3 1671 1640 1562 
3 1190 1068 1100 
3 1222 1304 1190 
3 1413 1304 1339 
3 1068 952 975 
3 1521 1413 1449 
3 859 952 844 
3 844 733 747 
3 299 184 204 
3 411 283 299 
3 527 359 411 
3 204 77 85 
3 85 43 52 
3 52 18 38 
3 635 499 527 
3 635 733 614 
3 1562 1640 1521 
3 38 24 47 
3 474 465 580 
3 580 578 692 
3 355 356 474 
3 259 262 355 
3 189 182 259 
3 105 92 189 
3 61 59 105 
3 40 61 47 
3 1112 1193 1216 
3 1216 1302 1325 
3 1441 1325 1411 
3 1000 1089 1112 
3 1555 1441 1518 
3 1000 893 978 
3 893 782 869 
3 1590 1666 1703 
3 1666 1555 1634 
3 676 782 692 
3 1921 1974 1862 
3 1862 1935 1808 
3 1874 1759 1808 
3 1833 1718 1759 
3 1967 2035 1921 
3 2084 1967 2032 
3 1782 1671 1718 
3 1829 1945 1872 
3 1996 1934 1872 
3 2048 1975 1934 
3 2032 1975 2097 
3 1775 1890 1829 
3 1856 1775 1745 
3 1745 1703 1823 
3 1749 1640 1671 
3 1190 1157 1068 
3 1190 1304 1268 
3 1375 1304 1413 
3 1068 1046 952 
3 1485 1413 1521 
3 952 939 844 
3 831 733 844 
3 204 184 77 
3 283 184 299 
3 411 359 283 
3 527 499 359 
3 77 43 85 
3 52 43 18 
3 38 18 24 
3 614 499 635 
3 733 719 614 
3 1640 1600 1521 
3 47 24 40 
3 580 465 578 
3 356 465 474 
3 578 676 692 
3 262 356 355 
3 182 262 259 
3 92 182 189 
3 59 92 105 
3 40 59 61 
3 1216 1193 1302 
3 1112 1089 1193 
3 1325 1302 1411 
3 1441 1411 1518 
3 978 1089 1000 
3 1634 1555 1518 
3 978 893 869 
3 782 760 869 
3 1703 1666 1773 
3 1742 1666 1634 
3 676 760 782 
3 1974 1935 1862 
3 2035 1974 1921 
3 1808 1935 1874 
3 1874 1833 1759 
3 1833 1782 1718 
3 2084 2035 1967 
3 2139 2084 2032 
3 1782 1749 1671 
3 1872 1945 1996 
3 1829 1890 1945 
3 2048 1934 1996 
3 2097 1975 2048 
3 2032 2097 2139 
3 1856 1890 1775 
3 1745 1823 1856 
3 1823 1703 1773 
3 1708 1640 1749 
3 1157 1046 1068 
3 1268 1157 1190 
3 1268 1304 1375 
3 1375 1413 1485 
3 1046 939 952 
3 1521 1600 1485 
3 844 939 831 
3 831 719 733 
3 77 184 73 
3 283 177 184 
3 283 359 298 
3 359 499 317 
3 36 43 77 
3 18 43 11 
3 24 18 9 
3 614 478 499 
3 614 719 596 
3 1708 1600 1640 
3 24 20 40 
3 465 460 578 
3 289 465 356 
3 578 571 676 
3 289 356 262 
3 182 196 262 
3 92 99 182 
3 59 58 92 
3 40 37 59 
3 1302 1193 1276 
3 1193 1089 1174 
3 1411 1302 1381 
3 1518 1411 1493 
3 1056 1089 978 
3 1518 1603 1634 
3 978 869 949 
3 869 760 847 
3 1773 1666 1742 
3 1742 1634 1709 
3 661 760 676 
3 2050 1935 1974 
3 2104 1974 2035 
3 1874 1935 2005 
3 1949 1833 1874 
3 1905 1782 1833 
3 2151 2035 2084 
3 2199 2084 2139 
3 1782 1859 1749 
3 1996 1945 2055 
3 1945 1890 2012 
3 1996 2120 2048 
3 2166 2097 2048 
3 2139 2097 2217 
3 1856 1948 1890 
3 1823 1948 1856 
3 1773 1889 1823 
3 1749 1822 1708 
3 1132 1046 1157 
3 1268 1229 1157 
3 1375 1343 1268 
3 1485 1452 1375 
3 1046 1033 939 
3 1600 1565 1485 
3 831 939 927 
3 818 719 831 
3 184 177 73 
3 36 77 73 
3 298 177 283 
3 298 359 317 
3 499 478 317 
3 11 43 36 
3 9 18 11 
3 9 20 24 
3 596 478 614 
3 596 719 707 
3 1673 1600 1708 
3 20 37 40 
3 460 571 578 
3 328 460 465 
3 289 328 465 
3 676 571 661 
3 196 289 262 
3 99 196 182 
3 58 99 92 
3 59 37 58 
3 1193 1174 1276 
3 1302 1276 1381 
3 1174 1089 1056 
3 1493 1411 1381 
3 1518 1493 1603 
3 978 949 1056 
3 1634 1603 1709 
3 869 847 949 
3 847 760 743 
3 1852 1773 1742 
3 1709 1819 1742 
3 743 760 661 
3 2104 2050 1974 
3 2005 1935 2050 
3 2151 2104 2035 
3 2005 1949 1874 
3 1905 1833 1949 
3 1905 1859 1782 
3 2199 2151 2084 
3 2139 2217 2199 
3 1859 1822 1749 
3 2055 1945 2012 
3 2055 2120 1996 
3 1890 1948 2012 
3 2048 2120 2166 
3 2217 2097 2166 
3 1823 1889 1948 
3 1852 1889 1773 
3 1822 1776 1708 
3 1157 1229 1132 
3 1132 1033 1046 
3 1343 1229 1268 
3 1375 1452 1343 
3 1565 1452 1485 
3 939 1033 927 
3 1673 1565 1600 
3 927 818 831 
3 707 719 818 
3 177 65 73 
3 73 34 36 
3 298 176 177 
3 317 176 298 
3 317 478 319 
3 36 10 11 
3 11 1 9 
3 9 8 20 
3 466 478 596 
3 707 583 596 
3 1708 1776 1673 
3 20 22 37 
3 460 468 571 
3 351 460 328 
3 223 328 289 
3 661 571 561 
3 196 223 289 
3 99 132 196 
3 58 62 99 
3 37 41 58 
3 1276 1174 1249 
3 1381 1276 1354 
3 1134 1174 1056 
3 1462 1493 1381 
3 1603 1493 1570 
3 1056 949 1031 
3 1709 1603 1677 
3 847 929 949 
3 847 743 823 
3 1742 1819 1852 
3 1781 1819 1709 
3 661 641 743 
3 2164 2050 2104 
3 2005 2050 2121 
3 2225 2104 2151 
3 2066 1949 2005 
3 2022 1905 1949 
3 1968 1859 1905 
3 2271 2151 2199 
3 2199 2217 2319 
3 1931 1822 1859 
3 2012 2123 2055 
3 2178 2120 2055 
3 2012 1948 2062 
3 2120 2237 2166 
3 2285 2217 2166 
3 1948 1889 2014 
3 1962 1889 1852 
3 1881 1776 1822 
3 1132 1229 1139 
3 1139 1033 1132 
3 1310 1229 1343 
3 1452 1417 1343 
3 1533 1452 1565 
3 1033 1026 927 
3 1644 1565 1673 
3 927 916 818 
3 818 801 707 
3 73 65 34 
3 176 65 177 
3 36 34 10 
3 317 183 176 
3 319 478 466 
3 319 183 317 
3 10 1 11 
3 1 8 9 
3 8 22 20 
3 596 583 466 
3 707 688 583 
3 1776 1756 1673 
3 22 41 37 
3 571 468 561 
3 351 468 460 
3 351 328 245 
3 245 328 223 
3 561 641 661 
3 132 223 196 
3 62 132 99 
3 58 41 62 
3 1249 1174 1134 
3 1276 1249 1354 
3 1381 1354 1462 
3 1134 1056 1031 
3 1570 1493 1462 
3 1677 1603 1570 
3 949 929 1031 
3 1677 1781 1709 
3 823 929 847 
3 743 717 823 
3 1852 1819 1925 
3 1882 1819 1781 
3 743 641 717 
3 2164 2104 2225 
3 2121 2050 2164 
3 2121 2066 2005 
3 2225 2151 2271 
3 2066 2022 1949 
3 2022 1968 1905 
3 1968 1931 1859 
3 2319 2271 2199 
3 2319 2217 2285 
3 1881 1822 1931 
3 2055 2123 2178 
3 2012 2062 2123 
3 2178 2237 2120 
3 2062 1948 2014 
3 2166 2237 2285 
3 2014 1889 1962 
3 1852 1925 1962 
3 1881 1839 1776 
3 1139 1229 1310 
3 1139 1026 1033 
3 1343 1417 1310 
3 1533 1417 1452 
3 1533 1565 1644 
3 1026 916 927 
3 1673 1756 1644 
3 916 801 818 
3 707 801 688 
3 34 65 25 
3 60 65 176 
3 34 14 10 
3 176 183 60 
3 466 321 319 
3 203 183 319 
3 0 1 10 
3 3 8 1 
3 8 12 22 
3 583 457 466 
3 688 579 583 
3 1776 1839 1756 
3 22 26 41 
3 561 468 476 
3 351 363 468 
3 245 272 351 
3 223 160 245 
3 561 551 641 
3 132 160 223 
3 62 74 132 
3 62 41 46 
3 1223 1249 1134 
3 1354 1249 1330 
3 1462 1354 1442 
3 1031 1119 1134 
3 1570 1462 1551 
3 1570 1657 1677 
3 1031 929 1011 
3 1677 1761 1781 
3 900 929 823 
3 717 781 823 
3 1925 1819 1882 
3 1781 1860 1882 
3 641 619 717 
3 2225 2292 2164 
3 2164 2239 2121 
3 2188 2066 2121 
3 2271 2349 2225 
3 2066 2137 2022 
3 2090 1968 2022 
3 2044 1931 1968 
3 2319 2402 2271 
3 2285 2405 2319 
3 1881 1931 2006 
3 2123 2240 2178 
3 2123 2062 2183 
3 2178 2295 2237 
3 2014 2129 2062 
3 2285 2237 2352 
3 1962 2074 2014 
3 1925 2034 1962 
3 1956 1839 1881 
3 1310 1255 1139 
3 1139 1123 1026 
3 1417 1380 1310 
3 1533 1498 1417 
3 1644 1612 1533 
3 1015 916 1026 
3 1644 1756 1722 
3 899 801 916 
3 801 788 688 
3 25 65 60 
3 34 25 14 
3 14 0 10 
3 183 69 60 
3 319 321 203 
3 466 457 321 
3 203 69 183 
3 3 1 0 
3 3 12 8 
3 12 26 22 
3 579 457 583 
3 688 680 579 
3 1756 1839 1722 
3 41 26 46 
3 468 363 476 
3 561 476 551 
3 272 363 351 
3 192 272 245 
3 160 192 245 
3 551 619 641 
3 74 160 132 
3 46 74 62 
3 1119 1223 1134 
3 1330 1249 1223 
3 1354 1330 1442 
3 1462 1442 1551 
3 1031 1011 1119 
3 1551 1657 1570 
3 1677 1657 1761 
3 1011 929 900 
3 1761 1860 1781 
3 823 781 900 
3 717 664 781 
3 1882 1988 1925 
3 1882 1860 1957 
3 619 664 717 
3 2292 2239 2164 
3 2225 2349 2292 
3 2121 2239 2188 
3 2188 2137 2066 
3 2271 2402 2349 
3 2137 2090 2022 
3 2044 1968 2090 
3 2006 1931 2044 
3 2319 2405 2402 
3 2285 2352 2405 
3 2006 1956 1881 
3 2240 2295 2178 
3 2183 2240 2123 
3 2062 2129 2183 
3 2237 2295 2352 
3 2014 2074 2129 
3 2034 2074 1962 
3 1988 2034 1925 
3 1956 1914 1839 
3 1255 1123 1139 
3 1380 1255 1310 
3 1123 1015 1026 
3 1417 1498 1380 
3 1612 1498 1533 
3 1722 1612 1644 
3 1015 899 916 
3 899 788 801 
3 688 788 680 
3 60 28 25 
3 25 4 14 
3 14 4 0 
3 69 28 60 
3 321 215 203 
3 457 326 321 
3 78 69 203 
3 0 2 3 
3 6 12 3 
3 12 19 26 
3 579 456 457 
3 680 577 579 
3 1839 1793 1722 
3 46 26 33 
3 363 385 476 
3 476 464 551 
3 303 363 272 
3 231 272 192 
3 90 192 160 
3 551 532 619 
3 90 160 74 
3 46 54 74 
3 1209 1223 1119 
3 1330 1223 1318 
3 1442 1330 1421 
3 1551 1442 1532 
3 1119 1011 1096 
3 1642 1657 1551 
3 1761 1657 1741 
3 1011 900 989 
3 1842 1860 1761 
3 900 781 888 
3 781 664 704 
3 1882 1957 1988 
3 1957 1860 1933 
3 576 664 619 
3 2364 2239 2292 
3 2349 2429 2292 
3 2188 2239 2317 
3 2258 2137 2188 
3 2402 2484 2349 
3 2209 2090 2137 
3 2044 2090 2157 
3 2044 2118 2006 
3 2405 2516 2402 
3 2352 2474 2405 
3 2069 1956 2006 
3 2356 2295 2240 
3 2297 2240 2183 
3 2183 2129 2244 
3 2352 2295 2424 
3 2074 2189 2129 
3 2138 2074 2034 
3 1988 2099 2034 
3 1914 1793 1839 
3 2029 1914 1956 
3 1255 1220 1123 
3 1380 1345 1255 
3 1123 1111 1015 
3 1380 1498 1459 
3 1612 1574 1498 
3 1722 1681 1612 
3 998 899 1015 
3 889 788 899 
3 788 778 680 
3 28 13 25 
3 25 13 4 
3 4 2 0 
3 69 39 28 
3 203 215 78 
3 321 326 215 
3 456 326 457 
3 78 39 69 
3 3 2 6 
3 6 19 12 
3 26 19 33 
3 579 577 456 
3 680 674 577 
3 1722 1793 1681 
3 33 54 46 
3 476 385 464 
3 303 385 363 
3 464 532 551 
3 303 272 231 
3 231 192 156 
3 156 192 90 
3 619 532 576 
3 74 54 90 
3 1209 1119 1096 
3 1318 1223 1209 
3 1330 1318 1421 
3 1532 1442 1421 
3 1642 1551 1532 
3 1011 989 1096 
3 1741 1657 1642 
3 1842 1761 1741 
3 900 888 989 
3 1933 1860 1842 
3 781 789 888 
3 704 664 615 
3 704 789 781 
3 1957 2053 1988 
3 1933 2027 1957 
3 615 664 576 
3 2429 2364 2292 
3 2317 2239 2364 
3 2349 2484 2429 
3 2188 2317 2258 
3 2209 2137 2258 
3 2516 2484 2402 
3 2157 2090 2209 
3 2157 2118 2044 
3 2118 2069 2006 
3 2474 2516 2405 
3 2352 2424 2474 
3 2029 1956 2069 
3 2297 2356 2240 
3 2424 2295 2356 
3 2297 2183 2244 
3 2129 2189 2244 
3 2138 2189 2074 
3 2034 2099 2138 
3 2053 2099 1988 
3 1914 1870 1793 
3 2029 1982 1914 
3 1220 1111 1123 
3 1345 1220 1255 
3 1459 1345 1380 
3 1111 998 1015 
3 1498 1574 1459 
3 1681 1574 1612 
3 889 899 998 
3 889 778 788 
3 680 778 674 
3 28 23 13 
3 4 13 5 
3 5 2 4 
3 39 23 28 
3 78 215 108 
3 215 326 230 
3 340 326 456 
3 57 39 78 
3 6 2 7 
3 17 19 6 
3 19 31 33 
3 577 472 456 
3 577 674 564 
3 1793 1763 1681 
3 33 49 54 
3 385 396 464 
3 303 322 385 
3 464 449 532 
3 231 254 303 
3 156 201 231 
3 90 75 156 
3 532 508 576 
3 54 75 90 
3 1096 1192 1209 
3 1299 1318 1209 
3 1421 1318 1408 
3 1532 1421 1512 
3 1642 1532 1619 
3 989 985 1096 
3 1642 1726 1741 
3 1832 1842 1741 
3 989 888 985 
3 1842 1932 1933 
3 888 789 882 
3 615 631 704 
3 710 789 704 
3 1957 2027 2053 
3 1933 1990 2027 
3 576 539 615 
3 2497 2364 2429 
3 2317 2364 2438 
3 2429 2484 2567 
3 2317 2378 2258 
3 2333 2209 2258 
3 2621 2484 2516 
3 2275 2157 2209 
3 2234 2118 2157 
3 2187 2069 2118 
3 2474 2610 2516 
3 2424 2546 2474 
3 2029 2069 2141 
3 2297 2425 2356 
3 2356 2478 2424 
3 2244 2358 2297 
3 2244 2189 2302 
3 2251 2189 2138 
3 2138 2099 2204 
3 2155 2099 2053 
3 1870 1763 1793 
3 1982 1870 1914 
3 2102 1982 2029 
3 1203 1111 1220 
3 1345 1319 1220 
3 1427 1345 1459 
3 1111 1092 998 
3 1459 1574 1545 
3 1656 1574 1681 
3 889 998 982 
3 872 778 889 
3 674 778 769 
3 13 23 16 
3 5 13 16 
3 7 2 5 
3 42 23 39 
3 108 215 230 
3 78 108 57 
3 230 326 340 
3 456 472 340 
3 42 39 57 
3 7 17 6 
3 17 31 19 
3 31 49 33 
3 564 472 577 
3 674 673 564 
3 1681 1763 1656 
3 54 49 75 
3 396 449 464 
3 322 396 385 
3 254 322 303 
3 532 449 508 
3 201 254 231 
3 130 201 156 
3 75 130 156 
3 508 539 576 
3 1192 1299 1209 
3 1096 1090 1192 
3 1408 1318 1299 
3 1512 1421 1408 
3 1532 1512 1619 
3 1642 1619 1726 
3 1096 985 1090 
3 1741 1726 1832 
3 1832 1932 1842 
3 985 888 882 
3 1932 1990 1933 
3 882 789 795 
3 704 631 710 
3 548 631 615 
3 795 789 710 
3 2027 2125 2053 
3 2027 1990 2095 
3 615 539 548 
3 2567 2497 2429 
3 2438 2364 2497 
3 2438 2378 2317 
3 2567 2484 2621 
3 2378 2333 2258 
3 2333 2275 2209 
3 2516 2610 2621 
3 2275 2234 2157 
3 2234 2187 2118 
3 2141 2069 2187 
3 2546 2610 2474 
3 2424 2478 2546 
3 2141 2102 2029 
3 2356 2425 2478 
3 2358 2425 2297 
3 2302 2358 2244 
3 2302 2189 2251 
3 2138 2204 2251 
3 2204 2099 2155 
3 2053 2125 2155 
3 1870 1846 1763 
3 1953 1870 1982 
3 2056 1982 2102 
3 1220 1319 1203 
3 1203 1092 1111 
3 1427 1319 1345 
3 1459 1545 1427 
3 998 1092 982 
3 1545 1574 1656 
3 982 872 889 
3 769 778 872 
3 769 673 674 
3 16 23 30 
3 16 15 5 
3 5 15 7 
3 30 23 42 
3 230 165 108 
3 108 56 57 
3 340 253 230 
3 472 381 340 
3 57 56 42 
3 7 21 17 
3 17 32 31 
3 31 48 49 
3 564 381 472 
3 673 585 564 
3 1763 1735 1656 
3 75 49 67 
3 402 449 396 
3 322 349 396 
3 254 295 322 
3 449 445 508 
3 242 254 201 
3 185 201 130 
3 67 130 75 
3 508 471 539 
3 1290 1299 1192 
3 1090 1187 1192 
3 1408 1299 1396 
3 1512 1408 1507 
3 1512 1609 1619 
3 1726 1619 1707 
3 1090 985 983 
3 1726 1816 1832 
3 1929 1932 1832 
3 983 985 882 
3 1932 2052 1990 
3 882 795 887 
3 631 627 710 
3 550 631 548 
3 710 711 795 
3 2095 2125 2027 
3 1990 2052 2095 
3 539 488 548 
3 2567 2660 2497 
3 2497 2587 2438 
3 2514 2378 2438 
3 2621 2707 2567 
3 2378 2453 2333 
3 2404 2275 2333 
3 2610 2720 2621 
3 2350 2234 2275 
3 2308 2187 2234 
3 2141 2187 2264 
3 2546 2678 2610 
3 2478 2623 2546 
3 2141 2221 2102 
3 2478 2425 2550 
3 2358 2482 2425 
3 2302 2423 2358 
3 2251 2357 2302 
3 2204 2312 2251 
3 2155 2259 2204 
3 2125 2224 2155 
3 1846 1735 1763 
3 1953 1846 1870 
3 1953 1982 2056 
3 2168 2056 2102 
3 1203 1319 1292 
3 1183 1092 1203 
3 1427 1407 1319 
3 1545 1513 1427 
3 982 1092 1071 
3 1656 1626 1545 
3 982 966 872 
3 864 769 872 
3 769 770 673 
3 30 27 16 
3 16 27 15 
3 15 21 7 
3 42 51 30 
3 165 76 108 
3 230 253 165 
3 108 76 56 
3 381 253 340 
3 42 56 51 
3 21 32 17 
3 32 48 31 
3 49 48 67 
3 564 454 381 
3 585 454 564 
3 696 585 673 
3 1656 1735 1626 
3 396 349 402 
3 402 445 449 
3 295 349 322 
3 242 295 254 
3 508 445 471 
3 185 242 201 
3 130 117 185 
3 67 117 130 
3 539 471 488 
3 1192 1187 1290 
3 1396 1299 1290 
3 1087 1187 1090 
3 1408 1396 1507 
3 1507 1609 1512 
3 1619 1609 1707 
3 1707 1816 1726 
3 1090 983 1087 
3 1832 1816 1929 
3 1929 2052 1932 
3 983 882 887 
3 887 795 794 
3 710 627 711 
3 550 627 631 
3 495 550 548 
3 795 711 794 
3 2095 2195 2125 
3 2095 2052 2162 
3 548 488 495 
3 2660 2587 2497 
3 2567 2707 2660 
3 2438 2587 2514 
3 2514 2453 2378 
3 2621 2720 2707 
3 2453 2404 2333 
3 2350 2275 2404 
3 2610 2678 2720 
3 2308 2234 2350 
3 2264 2187 2308 
3 2264 2221 2141 
3 2546 2623 2678 
3 2550 2623 2478 
3 2102 2221 2168 
3 2425 2482 2550 
3 2423 2482 2358 
3 2302 2357 2423 
3 2251 2312 2357 
3 2259 2312 2204 
3 2155 2224 2259 
3 2195 2224 2125 
3 1846 1818 1735 
3 1953 1927 1846 
3 2056 2045 1953 
3 2168 2045 2056 
3 1319 1407 1292 
3 1292 1183 1203 
3 1071 1092 1183 
3 1513 1407 1427 
3 1626 1513 1545 
3 1071 966 982 
3 966 864 872 
3 864 770 769 
3 673 770 696 
3 30 44 27 
3 27 29 15 
3 15 29 21 
3 51 44 30 
3 141 76 165 
3 165 253 226 
3 56 76 51 
3 318 253 381 
3 21 35 32 
3 32 35 48 
3 67 48 70 
3 381 454 318 
3 585 536 454 
3 649 585 696 
3 1735 1705 1626 
3 349 369 402 
3 402 416 445 
3 295 331 349 
3 285 295 242 
3 445 440 471 
3 240 242 185 
3 117 190 185 
3 70 117 67 
3 471 440 488 
3 1290 1187 1285 
3 1396 1290 1390 
3 1184 1187 1087 
3 1507 1396 1492 
3 1596 1609 1507 
3 1707 1609 1596 
3 1801 1816 1707 
3 983 981 1087 
3 1816 1913 1929 
3 2021 2052 1929 
3 887 981 983 
3 794 880 887 
3 711 627 620 
3 545 627 550 
3 495 486 550 
3 794 711 702 
3 2095 2162 2195 
3 2162 2052 2133 
3 488 446 495 
3 2729 2587 2660 
3 2707 2794 2660 
3 2587 2671 2514 
3 2608 2453 2514 
3 2720 2832 2707 
3 2453 2542 2404 
3 2404 2486 2350 
3 2720 2678 2793 
3 2350 2435 2308 
3 2308 2383 2264 
3 2338 2221 2264 
3 2623 2747 2678 
3 2685 2623 2550 
3 2221 2287 2168 
3 2482 2626 2550 
3 2423 2548 2482 
3 2357 2470 2423 
3 2312 2413 2357 
3 2259 2355 2312 
3 2224 2320 2259 
3 2195 2290 2224 
3 1818 1705 1735 
3 1927 1818 1846 
3 2045 1927 1953 
3 2168 2128 2045 
3 1407 1377 1292 
3 1292 1273 1183 
3 1183 1171 1071 
3 1487 1407 1513 
3 1597 1513 1626 
3 1071 1057 966 
3 966 953 864 
3 865 770 864 
3 770 783 696 
3 27 44 45 
3 45 29 27 
3 29 35 21 
3 51 68 44 
3 165 226 141 
3 141 68 76 
3 226 253 318 
3 76 68 51 
3 35 53 48 
3 48 53 70 
3 454 407 318 
3 454 536 407 
3 649 536 585 
3 696 698 649 
3 1626 1705 1597 
3 402 369 416 
3 331 369 349 
3 445 416 440 
3 285 331 295 
3 240 285 242 
3 185 190 240 
3 142 190 117 
3 70 142 117 
3 488 440 446 
3 1285 1187 1184 
3 1290 1285 1390 
3 1492 1396 1390 
3 1087 1082 1184 
3 1596 1507 1492 
3 1707 1596 1692 
3 1692 1801 1707 
3 1801 1913 1816 
3 981 1082 1087 
3 1929 1913 2021 
3 2133 2052 2021 
3 887 880 981 
3 794 784 880 
3 620 627 545 
3 711 620 702 
3 486 545 550 
3 442 486 495 
3 702 784 794 
3 2195 2162 2269 
3 2162 2133 2242 
3 495 446 442 
3 2660 2794 2729 
3 2729 2671 2587 
3 2707 2832 2794 
3 2514 2671 2608 
3 2608 2542 2453 
3 2793 2832 2720 
3 2542 2486 2404 
3 2486 2435 2350 
3 2678 2747 2793 
3 2308 2435 2383 
3 2383 2338 2264 
3 2338 2287 2221 
3 2685 2747 2623 
3 2550 2626 2685 
3 2287 2245 2168 
3 2482 2548 2626 
3 2470 2548 2423 
3 2413 2470 2357 
3 2312 2355 2413 
3 2259 2320 2355 
3 2224 2290 2320 
3 2269 2290 2195 
3 1786 1705 1818 
3 1897 1818 1927 
3 2045 2017 1927 
3 2045 2128 2017 
3 2245 2128 2168 
3 1377 1273 1292 
3 1487 1377 1407 
3 1183 1273 1171 
3 1171 1057 1071 
3 1597 1487 1513 
3 1057 953 966 
3 864 953 865 
3 865 783 770 
3 783 698 696 
3 44 63 45 
3 45 50 29 
3 29 50 35 
3 44 68 63 
3 226 208 141 
3 124 68 141 
3 318 292 226 
3 50 53 35 
3 53 80 70 
3 407 292 318 
3 536 504 407 
3 649 613 536 
3 649 698 613 
3 1597 1705 1680 
3 369 408 416 
3 331 367 369 
3 416 426 440 
3 338 331 285 
3 240 300 285 
3 240 190 250 
3 142 214 190 
3 80 142 70 
3 440 427 446 
3 1184 1282 1285 
3 1390 1285 1387 
3 1492 1390 1481 
3 1184 1082 1179 
3 1492 1587 1596 
3 1596 1587 1692 
3 1788 1801 1692 
3 1892 1913 1801 
3 979 1082 981 
3 2021 1913 2002 
3 2101 2133 2021 
3 981 880 979 
3 880 784 873 
3 523 620 545 
3 702 620 609 
3 486 459 545 
3 442 424 486 
3 695 784 702 
3 2162 2242 2269 
3 2242 2133 2203 
3 446 418 442 
3 2729 2794 2878 
3 2817 2671 2729 
3 2832 2914 2794 
3 2608 2671 2751 
3 2699 2542 2608 
3 2902 2832 2793 
3 2644 2486 2542 
3 2584 2435 2486 
3 2793 2747 2857 
3 2383 2435 2523 
3 2461 2338 2383 
3 2419 2287 2338 
3 2685 2798 2747 
3 2626 2740 2685 
3 2367 2245 2287 
3 2548 2677 2626 
3 2470 2607 2548 
3 2529 2470 2413 
3 2355 2456 2413 
3 2320 2400 2355 
3 2320 2290 2342 
3 2342 2290 2269 
3 1786 1818 1897 
3 1680 1705 1786 
3 1927 2017 1897 
3 2017 2128 2094 
3 2213 2128 2245 
3 1377 1362 1273 
3 1466 1377 1487 
3 1273 1257 1171 
3 1150 1057 1171 
3 1597 1576 1487 
3 1048 953 1057 
3 865 953 954 
3 867 783 865 
3 779 698 783 
3 45 63 66 
3 66 50 45 
3 63 68 124 
3 141 208 124 
3 226 292 208 
3 71 53 50 
3 71 80 53 
3 407 370 292 
3 504 370 407 
3 536 613 504 
3 698 687 613 
3 1680 1576 1597 
3 416 408 426 
3 369 367 408 
3 338 367 331 
3 440 426 427 
3 300 338 285 
3 250 300 240 
3 190 214 250 
3 173 214 142 
3 173 142 80 
3 446 427 418 
3 1285 1282 1387 
3 1179 1282 1184 
3 1390 1387 1481 
3 1481 1587 1492 
3 1082 1074 1179 
3 1692 1587 1688 
3 1692 1688 1788 
3 1892 1801 1788 
3 2002 1913 1892 
3 979 1074 1082 
3 2002 2101 2021 
3 2203 2133 2101 
3 979 880 873 
3 873 784 776 
3 545 459 523 
3 609 620 523 
3 702 609 695 
3 486 424 459 
3 406 424 442 
3 776 784 695 
3 2242 2345 2269 
3 2203 2246 2242 
3 442 418 406 
3 2794 2914 2878 
3 2729 2878 2817 
3 2751 2671 2817 
3 2902 2914 2832 
3 2751 2699 2608 
3 2699 2644 2542 
3 2793 2857 2902 
3 2644 2584 2486 
3 2523 2435 2584 
3 2747 2798 2857 
3 2523 2461 2383 
3 2419 2338 2461 
3 2367 2287 2419 
3 2685 2740 2798 
3 2626 2677 2740 
3 2329 2245 2367 
3 2548 2607 2677 
3 2529 2607 2470 
3 2413 2456 2529 
3 2355 2400 2456 
3 2342 2400 2320 
3 2269 2381 2342 
3 1897 1871 1786 
3 1786 1767 1680 
3 2017 1978 1897 
3 2094 2128 2213 
3 2094 1978 2017 
3 2213 2245 2329 
3 1362 1257 1273 
3 1466 1362 1377 
3 1576 1466 1487 
3 1171 1257 1150 
3 1048 1057 1150 
3 954 953 1048 
3 954 867 865 
3 867 779 783 
3 779 687 698 
3 66 63 112 
3 71 50 66 
3 112 63 124 
3 124 208 194 
3 292 271 208 
3 71 147 80 
3 292 370 271 
3 504 487 370 
3 613 592 504 
3 613 687 592 
3 1680 1662 1576 
3 426 408 438 
3 367 421 408 
3 399 367 338 
3 426 441 427 
3 300 357 338 
3 250 324 300 
3 250 214 281 
3 249 214 173 
3 80 147 173 
3 418 427 432 
3 1387 1282 1385 
3 1280 1282 1179 
3 1387 1484 1481 
3 1585 1587 1481 
3 1179 1074 1177 
3 1688 1587 1585 
3 1688 1787 1788 
3 1892 1788 1883 
3 1892 1983 2002 
3 969 1074 979 
3 2002 2083 2101 
3 2171 2203 2101 
3 873 969 979 
3 873 776 862 
3 523 459 425 
3 523 546 609 
3 695 609 604 
3 459 424 397 
3 374 424 406 
3 776 695 679 
3 2345 2381 2269 
3 2242 2330 2345 
3 2246 2330 2242 
3 2171 2246 2203 
3 406 418 414 
3 2914 2943 2878 
3 2878 2932 2817 
3 2751 2817 2890 
3 2902 2941 2914 
3 2751 2846 2699 
3 2789 2644 2699 
3 2857 2931 2902 
3 2644 2737 2584 
3 2523 2584 2680 
3 2857 2798 2899 
3 2523 2625 2461 
3 2461 2561 2419 
3 2501 2367 2419 
3 2798 2740 2844 
3 2677 2779 2740 
3 2452 2329 2367 
3 2607 2723 2677 
3 2529 2656 2607 
3 2456 2569 2529 
3 2400 2496 2456 
3 2342 2436 2400 
3 2381 2436 2342 
3 1871 1767 1786 
3 1897 1978 1871 
3 1767 1662 1680 
3 2176 2094 2213 
3 2094 2064 1978 
3 2329 2289 2213 
3 1344 1257 1362 
3 1447 1362 1466 
3 1576 1556 1466 
3 1257 1239 1150 
3 1048 1150 1144 
3 1048 1047 954 
3 954 959 867 
3 867 866 779 
3 774 687 779 
3 66 112 133 
3 133 71 66 
3 194 112 124 
3 208 271 194 
3 133 147 71 
3 370 358 271 
3 487 358 370 
3 504 592 487 
3 592 687 681 
3 1662 1556 1576 
3 408 421 438 
3 438 441 426 
3 399 421 367 
3 357 399 338 
3 427 441 432 
3 324 357 300 
3 281 324 250 
3 281 214 249 
3 173 228 249 
3 173 147 228 
3 414 418 432 
3 1385 1282 1280 
3 1385 1484 1387 
3 1280 1179 1177 
3 1481 1484 1585 
3 1177 1074 1066 
3 1585 1693 1688 
3 1788 1787 1883 
3 1688 1693 1787 
3 1883 1983 1892 
3 1983 2083 2002 
3 1066 1074 969 
3 2101 2083 2171 
3 862 969 873 
3 862 776 759 
3 425 459 397 
3 523 425 470 
3 609 546 604 
3 470 546 523 
3 695 604 679 
3 397 424 374 
3 406 387 374 
3 776 679 759 
3 2345 2434 2381 
3 2345 2330 2407 
3 2328 2330 2246 
3 2254 2246 2171 
3 406 414 387 
3 2878 2943 2932 
3 2941 2943 2914 
3 2817 2932 2890 
3 2890 2846 2751 
3 2931 2941 2902 
3 2699 2846 2789 
3 2789 2737 2644 
3 2899 2931 2857 
3 2584 2737 2680 
3 2680 2625 2523 
3 2899 2798 2844 
3 2625 2561 2461 
3 2419 2561 2501 
3 2452 2367 2501 
3 2740 2779 2844 
3 2677 2723 2779 
3 2452 2409 2329 
3 2607 2656 2723 
3 2529 2569 2656 
3 2456 2496 2569 
3 2400 2436 2496 
3 2469 2436 2381 
3 1871 1855 1767 
3 1871 1978 1960 
3 1767 1755 1662 
3 2289 2176 2213 
3 2176 2064 2094 
3 1978 2064 1960 
3 2329 2409 2289 
3 1344 1362 1447 
3 1344 1239 1257 
3 1466 1556 1447 
3 1150 1239 1144 
3 1144 1143 1048 
3 1047 959 954 
3 1143 1047 1048 
3 959 866 867 
3 779 866 774 
3 681 687 774 
3 112 195 133 
3 194 195 112 
3 271 263 194 
3 210 147 133 
3 271 358 263 
3 487 484 358 
3 592 586 487 
3 681 586 592 
3 1650 1556 1662 
3 438 421 473 
3 438 477 441 
3 399 455 421 
3 357 439 399 
3 441 467 432 
3 324 409 357 
3 281 364 324 
3 249 335 281 
3 228 314 249 
3 228 147 210 
3 432 448 414 
3 1385 1280 1372 
3 1500 1484 1385 
3 1177 1277 1280 
3 1585 1484 1594 
3 1177 1066 1178 
3 1594 1693 1585 
3 1883 1787 1893 
3 1787 1693 1798 
3 1985 1983 1883 
3 2079 2083 1983 
3 1066 969 958 
3 2171 2083 2167 
3 958 969 862 
3 759 850 862 
3 425 397 352 
3 470 425 375 
3 604 546 525 
3 525 546 470 
3 679 604 584 
3 374 344 397 
3 374 387 348 
3 679 659 759 
3 2381 2434 2469 
3 2407 2434 2345 
3 2407 2330 2392 
3 2254 2328 2246 
3 2392 2330 2328 
3 2167 2254 2171 
3 387 414 423 
3 2932 2943 2967 
3 2941 2963 2943 
3 2932 2946 2890 
3 2939 2846 2890 
3 2953 2941 2931 
3 2789 2846 2927 
3 2892 2737 2789 
3 2899 2938 2931 
3 2737 2845 2680 
3 2778 2625 2680 
3 2844 2917 2899 
3 2716 2561 2625 
3 2501 2561 2665 
3 2501 2605 2452 
3 2844 2779 2860 
3 2779 2723 2860 
3 2538 2409 2452 
3 2723 2656 2766 
3 2656 2569 2683 
3 2496 2619 2569 
3 2436 2534 2496 
3 2469 2534 2436 
3 1855 1755 1767 
3 1960 1855 1871 
3 1662 1755 1650 
3 2289 2257 2176 
3 2147 2064 2176 
3 1960 2064 2046 
3 2289 2409 2361 
3 1447 1428 1344 
3 1344 1321 1239 
3 1447 1556 1543 
3 1239 1236 1144 
3 1144 1236 1143 
3 1047 1053 959 
3 1143 1148 1047 
3 960 866 959 
3 774 866 868 
3 774 775 681 
3 195 210 133 
3 194 263 195 
3 263 358 361 
3 358 484 361 
3 487 586 484 
3 681 683 586 
3 1543 1556 1650 
3 421 455 473 
3 473 477 438 
3 441 477 467 
3 439 455 399 
3 409 439 357 
3 432 467 448 
3 364 409 324 
3 281 335 364 
3 314 335 249 
3 290 314 228 
3 290 228 210 
3 414 448 423 
3 1280 1277 1372 
3 1500 1385 1372 
3 1594 1484 1500 
3 1178 1277 1177 
3 1066 1072 1178 
3 1706 1693 1594 
3 1893 1787 1798 
3 1893 1985 1883 
3 1798 1693 1706 
3 1985 2079 1983 
3 2167 2083 2079 
3 1066 958 1072 
3 862 850 958 
3 741 850 759 
3 397 344 352 
3 375 425 352 
3 470 375 428 
3 584 604 525 
3 525 470 428 
3 584 659 679 
3 348 344 374 
3 387 380 348 
3 759 659 741 
3 2469 2434 2509 
3 2472 2434 2407 
3 2392 2454 2407 
3 2337 2328 2254 
3 2392 2328 2395 
3 2260 2254 2167 
3 423 380 387 
3 2943 2963 2967 
3 2967 2946 2932 
3 2953 2963 2941 
3 2946 2939 2890 
3 2927 2846 2939 
3 2931 2938 2953 
3 2927 2892 2789 
3 2892 2845 2737 
3 2899 2917 2938 
3 2845 2778 2680 
3 2716 2625 2778 
3 2844 2860 2917 
3 2665 2561 2716 
3 2665 2605 2501 
3 2605 2538 2452 
3 2860 2723 2863 
3 2464 2409 2538 
3 2766 2656 2683 
3 2863 2723 2766 
3 2569 2619 2683 
3 2496 2534 2619 
3 2568 2534 2469 
3 1855 1840 1755 
3 1960 1947 1855 
3 1755 1737 1650 
3 2176 2257 2147 
3 2361 2257 2289 
3 2046 2064 2147 
3 2046 1947 1960 
3 2361 2409 2464 
3 1428 1321 1344 
3 1543 1428 1447 
3 1239 1321 1236 
3 1143 1236 1284 
3 1053 960 959 
3 1148 1053 1047 
3 1284 1148 1143 
3 868 866 960 
3 868 775 774 
3 775 683 681 
3 195 273 210 
3 263 273 195 
3 361 273 263 
3 484 494 361 
3 586 591 484 
3 586 683 591 
3 1650 1639 1543 
3 455 531 473 
3 473 535 477 
3 477 530 467 
3 439 522 455 
3 409 505 439 
3 448 467 516 
3 364 481 409 
3 364 335 447 
3 314 417 335 
3 290 401 314 
3 210 273 290 
3 423 448 492 
3 1372 1277 1368 
3 1372 1469 1500 
3 1594 1500 1620 
3 1278 1277 1178 
3 1178 1072 1186 
3 1706 1594 1620 
3 1893 1798 1906 
3 1997 1985 1893 
3 1798 1706 1817 
3 2086 2079 1985 
3 2167 2079 2173 
3 1072 958 936 
3 958 850 936 
3 741 826 850 
3 352 344 304 
3 352 312 375 
3 428 375 339 
3 584 525 496 
3 496 525 428 
3 584 557 659 
3 310 344 348 
3 348 380 332 
3 741 659 639 
3 2509 2434 2472 
3 2509 2568 2469 
3 2407 2454 2472 
3 2455 2454 2392 
3 2337 2254 2260 
3 2395 2328 2337 
3 2395 2455 2392 
3 2173 2260 2167 
3 423 444 380 
3 2963 2979 2967 
3 2967 2975 2946 
3 2971 2963 2953 
3 2946 2975 2939 
3 2939 2969 2927 
3 2938 2959 2953 
3 2927 2957 2892 
3 2942 2845 2892 
3 2917 2945 2938 
3 2926 2778 2845 
3 2716 2778 2877 
3 2860 2923 2917 
3 2716 2816 2665 
3 2665 2754 2605 
3 2605 2688 2538 
3 2860 2863 2923 
3 2599 2464 2538 
3 2683 2773 2766 
3 2766 2862 2863 
3 2683 2619 2743 
3 2534 2655 2619 
3 2568 2655 2534 
3 1840 1737 1755 
3 1947 1840 1855 
3 1737 1639 1650 
3 2147 2257 2193 
3 2291 2257 2361 
3 2147 2132 2046 
3 2046 2033 1947 
3 2464 2394 2361 
3 1414 1321 1428 
3 1524 1428 1543 
3 1236 1321 1284 
3 1053 1055 960 
3 1148 1154 1053 
3 1284 1271 1148 
3 960 961 868 
3 868 871 775 
3 775 780 683 
3 373 273 361 
3 361 494 373 
3 484 591 494 
3 683 689 591 
3 1543 1639 1524 
3 473 531 535 
3 522 531 455 
3 477 535 530 
3 467 530 516 
3 505 522 439 
3 481 505 409 
3 492 448 516 
3 447 481 364 
3 335 417 447 
3 401 417 314 
3 373 401 290 
3 290 273 373 
3 492 444 423 
3 1368 1277 1278 
3 1368 1469 1372 
3 1500 1469 1540 
3 1500 1540 1620 
3 1178 1186 1278 
3 1186 1072 1095 
3 1729 1706 1620 
3 1798 1817 1906 
3 1893 1906 1997 
3 1997 2086 1985 
3 1817 1706 1729 
3 2173 2079 2086 
3 1072 936 1004 
3 850 826 936 
3 725 826 741 
3 304 344 310 
3 352 304 312 
3 375 312 339 
3 428 339 386 
3 496 557 584 
3 428 386 496 
3 659 557 639 
3 348 332 310 
3 332 380 392 
3 741 639 725 
3 2472 2539 2509 
3 2509 2592 2568 
3 2454 2510 2472 
3 2506 2454 2455 
3 2260 2344 2337 
3 2337 2418 2395 
3 2475 2455 2395 
3 2266 2260 2173 
3 380 444 392 
3 2967 2979 2975 
3 2971 2979 2963 
3 2953 2959 2971 
3 2975 2969 2939 
3 2969 2957 2927 
3 2938 2945 2959 
3 2957 2942 2892 
3 2926 2845 2942 
3 2917 2923 2945 
3 2877 2778 2926 
3 2877 2816 2716 
3 2816 2754 2665 
3 2754 2688 2605 
3 2538 2688 2599 
3 2863 2925 2923 
3 2599 2493 2464 
3 2766 2773 2862 
3 2743 2773 2683 
3 2863 2862 2925 
3 2619 2655 2743 
3 2568 2657 2655 
3 1836 1737 1840 
3 1947 1928 1840 
3 1737 1727 1639 
3 2193 2257 2291 
3 2193 2132 2147 
3 2361 2394 2291 
3 2132 2033 2046 
3 1947 2033 1928 
3 2493 2394 2464 
3 1414 1428 1524 
3 1284 1321 1414 
3 1055 961 960 
3 1154 1055 1053 
3 1148 1271 1154 
3 1397 1271 1284 
3 961 871 868 
3 871 780 775 
3 683 780 689 
3 494 506 373 
3 494 591 599 
3 591 689 599 
3 1639 1618 1524 
3 531 600 535 
3 522 594 531 
3 530 535 593 
3 516 530 581 
3 505 582 522 
3 570 505 481 
3 516 558 492 
3 447 553 481 
3 447 417 537 
3 401 520 417 
3 506 401 373 
3 492 526 444 
3 1278 1369 1368 
3 1461 1469 1368 
3 1540 1469 1461 
3 1620 1540 1645 
3 1278 1186 1286 
3 1095 1072 1004 
3 1186 1095 1194 
3 1729 1620 1645 
3 1817 1924 1906 
3 1906 2013 1997 
3 2098 2086 1997 
3 1817 1729 1837 
3 2086 2185 2173 
3 1004 936 920 
3 936 826 920 
3 816 826 725 
3 304 310 268 
3 312 304 258 
3 312 261 339 
3 339 302 386 
3 452 557 496 
3 496 386 452 
3 639 557 541 
3 310 332 294 
3 346 332 392 
3 725 639 623 
3 2539 2592 2509 
3 2510 2539 2472 
3 2592 2657 2568 
3 2506 2510 2454 
3 2506 2455 2527 
3 2344 2418 2337 
3 2266 2344 2260 
3 2395 2418 2475 
3 2527 2455 2475 
3 2173 2185 2266 
3 392 444 450 
3 2979 2984 2975 
3 2971 2981 2979 
3 2959 2973 2971 
3 2975 2984 2969 
3 2983 2957 2969 
3 2945 2962 2959 
3 2978 2942 2957 
3 2942 2966 2926 
3 2923 2950 2945 
3 2926 2947 2877 
3 2877 2930 2816 
3 2868 2754 2816 
3 2806 2688 2754 
3 2599 2688 2713 
3 2925 2950 2923 
3 2599 2620 2493 
3 2862 2773 2853 
3 2853 2773 2743 
3 2862 2921 2925 
3 2655 2724 2743 
3 2655 2657 2724 
3 1928 1836 1840 
3 1836 1727 1737 
3 1727 1618 1639 
3 2218 2193 2291 
3 2218 2132 2193 
3 2291 2394 2304 
3 2119 2033 2132 
3 1928 2033 2023 
3 2502 2394 2493 
3 1509 1414 1524 
3 1414 1397 1284 
3 1055 1058 961 
3 1154 1161 1055 
3 1154 1271 1267 
3 1397 1388 1271 
3 967 871 961 
3 871 875 780 
3 689 780 787 
3 494 599 506 
3 689 701 599 
3 1524 1618 1509 
3 535 600 593 
3 531 594 600 
3 582 594 522 
3 581 530 593 
3 516 581 558 
3 570 582 505 
3 481 553 570 
3 558 526 492 
3 537 553 447 
3 417 520 537 
3 506 520 401 
3 444 526 450 
3 1368 1369 1461 
3 1286 1369 1278 
3 1540 1461 1558 
3 1645 1540 1558 
3 1286 1186 1194 
3 1004 1010 1095 
3 1194 1095 1105 
3 1747 1729 1645 
3 1906 1924 2013 
3 1837 1924 1817 
3 1997 2013 2098 
3 2098 2185 2086 
3 1837 1729 1747 
3 920 1010 1004 
3 920 826 816 
3 725 715 816 
3 310 294 268 
3 304 268 258 
3 258 261 312 
3 339 261 302 
3 386 302 353 
3 541 557 452 
3 386 353 452 
3 639 541 623 
3 294 332 320 
3 346 392 391 
3 320 332 346 
3 725 623 715 
3 2539 2597 2592 
3 2510 2563 2539 
3 2592 2647 2657 
3 2506 2551 2510 
3 2527 2556 2506 
3 2432 2418 2344 
3 2362 2344 2266 
3 2475 2418 2521 
3 2475 2555 2527 
3 2185 2281 2266 
3 392 450 391 
3 2979 2981 2984 
3 2973 2981 2971 
3 2959 2962 2973 
3 2969 2984 2983 
3 2983 2978 2957 
3 2945 2950 2962 
3 2978 2966 2942 
3 2926 2966 2947 
3 2947 2930 2877 
3 2816 2930 2868 
3 2868 2806 2754 
3 2713 2688 2806 
3 2713 2620 2599 
3 2925 2944 2950 
3 2493 2620 2502 
3 2862 2853 2921 
3 2743 2826 2853 
3 2921 2944 2925 
3 2724 2826 2743 
3 2657 2709 2724 
3 1928 1826 1836 
3 1826 1727 1836 
3 1717 1618 1727 
3 2291 2304 2218 
3 2119 2132 2218 
3 2304 2394 2398 
3 2023 2033 2119 
3 2023 1919 1928 
3 2398 2394 2502 
3 1509 1397 1414 
3 961 1058 967 
3 1055 1161 1058 
3 1267 1161 1154 
3 1271 1388 1267 
3 1501 1388 1397 
3 967 875 871 
3 780 875 787 
3 787 701 689 
3 506 599 610 
3 599 701 610 
3 1509 1618 1611 
3 593 600 671 
3 600 594 672 
3 582 668 594 
3 593 665 581 
3 581 642 558 
3 657 582 570 
3 553 645 570 
3 618 526 558 
3 537 637 553 
3 520 625 537 
3 610 520 506 
3 450 526 560 
3 1461 1369 1471 
3 1382 1369 1286 
3 1558 1461 1471 
3 1645 1558 1660 
3 1286 1194 1294 
3 1095 1010 1105 
3 1194 1105 1207 
3 1747 1645 1660 
3 2013 1924 2025 
3 1940 1924 1837 
3 2013 2114 2098 
3 2196 2185 2098 
3 1837 1747 1849 
3 909 1010 920 
3 920 816 909 
3 816 715 810 
3 268 294 251 
3 258 268 237 
3 224 261 258 
3 302 261 233 
3 353 302 264 
3 541 452 429 
3 452 353 429 
3 623 541 521 
3 294 320 278 
3 346 391 342 
3 320 346 311 
3 715 623 611 
3 2597 2647 2592 
3 2563 2597 2539 
3 2551 2563 2510 
3 2647 2709 2657 
3 2556 2551 2506 
3 2527 2579 2556 
3 2432 2344 2362 
3 2521 2418 2432 
3 2266 2281 2362 
3 2521 2555 2475 
3 2555 2579 2527 
3 2196 2281 2185 
3 391 450 451 
3 2981 2986 2984 
3 2973 2980 2981 
3 2962 2974 2973 
3 2984 2986 2983 
3 2983 2985 2978 
3 2962 2950 2961 
3 2978 2977 2966 
3 2947 2966 2964 
3 2947 2952 2930 
3 2868 2930 2935 
3 2895 2806 2868 
3 2713 2806 2815 
3 2714 2620 2713 
3 2950 2944 2961 
3 2620 2613 2502 
3 2853 2903 2921 
3 2853 2826 2903 
3 2937 2944 2921 
3 2724 2781 2826 
3 2709 2781 2724 
3 1928 1919 1826 
3 1717 1727 1826 
3 1611 1618 1717 
3 2304 2212 2218 
3 2218 2212 2119 
3 2398 2298 2304 
3 2119 2016 2023 
3 2016 1919 2023 
3 2495 2398 2502 
3 1501 1397 1509 
3 1058 1060 967 
3 1058 1161 1164 
3 1263 1161 1267 
3 1388 1370 1267 
3 1501 1483 1388 
3 967 974 875 
3 787 875 881 
3 797 701 787 
3 701 713 610 
3 1611 1501 1509 
3 671 600 672 
3 593 671 665 
3 594 668 672 
3 657 668 582 
3 581 665 642 
3 558 642 618 
3 645 657 570 
3 637 645 553 
3 560 526 618 
3 537 625 637 
3 610 625 520 
3 450 560 451 
3 1471 1369 1382 
3 1294 1382 1286 
3 1558 1471 1568 
3 1558 1568 1660 
3 1194 1207 1294 
3 1105 1010 1014 
3 1207 1105 1113 
3 1764 1747 1660 
3 2025 1924 1940 
3 2025 2114 2013 
3 1849 1940 1837 
3 2098 2114 2196 
3 1849 1747 1764 
3 1014 1010 909 
3 909 816 810 
3 715 709 810 
3 294 278 251 
3 237 268 251 
3 258 237 224 
3 219 261 224 
3 233 261 219 
3 264 302 233 
3 327 353 264 
3 541 429 521 
3 429 353 327 
3 623 521 611 
3 320 311 278 
3 391 388 342 
3 346 342 311 
3 611 709 715 
3 2597 2629 2647 
3 2591 2597 2563 
3 2551 2576 2563 
3 2647 2676 2709 
3 2575 2551 2556 
3 2579 2588 2556 
3 2362 2445 2432 
3 2489 2521 2432 
3 2362 2281 2386 
3 2521 2604 2555 
3 2614 2579 2555 
3 2314 2281 2196 
3 451 388 391 
3 2981 2980 2986 
3 2974 2980 2973 
3 2962 2961 2974 
3 2983 2986 2985 
3 2985 2977 2978 
3 2966 2977 2964 
3 2964 2952 2947 
3 2930 2952 2935 
3 2935 2895 2868 
3 2815 2806 2895 
3 2815 2714 2713 
3 2714 2613 2620 
3 2961 2944 2956 
3 2502 2613 2495 
3 2921 2903 2937 
3 2903 2826 2869 
3 2956 2944 2937 
3 2826 2781 2869 
3 2738 2781 2709 
3 1919 1811 1826 
3 1826 1811 1717 
3 1717 1704 1611 
3 2304 2298 2212 
3 2212 2109 2119 
3 2398 2390 2298 
3 2109 2016 2119 
3 2016 1907 1919 
3 2495 2390 2398 
3 1060 974 967 
3 1164 1060 1058 
3 1164 1161 1263 
3 1267 1370 1263 
3 1483 1370 1388 
3 1595 1483 1501 
3 875 974 881 
3 787 881 797 
3 797 713 701 
3 610 713 625 
3 1611 1595 1501 
3 672 757 671 
3 671 746 665 
3 668 754 672 
3 657 748 668 
3 665 731 642 
3 618 642 706 
3 739 657 645 
3 728 645 637 
3 618 654 560 
3 637 625 720 
3 451 560 524 
3 1471 1382 1479 
3 1394 1382 1294 
3 1568 1471 1479 
3 1660 1568 1674 
3 1294 1207 1306 
3 1105 1014 1113 
3 1212 1207 1113 
3 1764 1660 1674 
3 2039 2025 1940 
3 2127 2114 2025 
3 1958 1940 1849 
3 2114 2216 2196 
3 1849 1764 1868 
3 906 1014 909 
3 906 909 810 
3 810 709 808 
3 278 247 251 
3 237 251 220 
3 224 237 193 
3 224 172 219 
3 171 233 219 
3 264 233 199 
3 327 264 243 
3 429 410 521 
3 327 410 429 
3 521 512 611 
3 278 311 275 
3 342 388 341 
3 311 342 307 
3 606 709 611 
3 2629 2676 2647 
3 2591 2629 2597 
3 2563 2576 2591 
3 2575 2576 2551 
3 2709 2676 2738 
3 2556 2588 2575 
3 2612 2588 2579 
3 2432 2445 2489 
3 2386 2445 2362 
3 2489 2560 2521 
3 2386 2281 2314 
3 2604 2614 2555 
3 2521 2560 2604 
3 2614 2612 2579 
3 2216 2314 2196 
3 451 453 388 
3 2980 2982 2986 
3 2974 2982 2980 
3 2961 2970 2974 
3 2986 2982 2985 
3 2976 2977 2985 
3 2977 2968 2964 
3 2955 2952 2964 
3 2935 2952 2955 
3 2936 2895 2935 
3 2897 2815 2895 
3 2810 2714 2815 
3 2710 2613 2714 
3 2961 2956 2970 
3 2495 2613 2603 
3 2903 2924 2937 
3 2903 2869 2924 
3 2937 2948 2956 
3 2869 2781 2823 
3 2823 2781 2738 
3 1919 1907 1811 
3 1811 1704 1717 
3 1704 1595 1611 
3 2212 2298 2198 
3 2212 2198 2109 
3 2298 2390 2283 
3 2004 2016 2109 
3 2004 1907 2016 
3 2485 2390 2495 
3 1065 974 1060 
3 1164 1166 1060 
3 1263 1262 1164 
3 1263 1370 1366 
3 1483 1477 1370 
3 1582 1483 1595 
3 881 974 980 
3 881 891 797 
3 804 713 797 
3 625 713 720 
3 757 746 671 
3 672 754 757 
3 665 746 731 
3 748 754 668 
3 739 748 657 
3 642 731 706 
3 618 706 654 
3 728 739 645 
3 728 637 720 
3 560 654 595 
3 560 595 524 
3 524 453 451 
3 1479 1382 1394 
3 1294 1306 1394 
3 1568 1479 1584 
3 1674 1568 1584 
3 1306 1207 1212 
3 1113 1014 1018 
3 1212 1113 1116 
3 1779 1764 1674 
3 2039 1940 1958 
3 2039 2127 2025 
3 2127 2216 2114 
3 1958 1849 1868 
3 1868 1764 1779 
3 1018 1014 906 
3 810 808 906 
3 808 709 712 
3 251 247 220 
3 275 247 278 
3 237 220 193 
3 193 172 224 
3 219 172 171 
3 199 233 171 
3 243 264 199 
3 305 327 243 
3 521 410 512 
3 305 410 327 
3 611 512 606 
3 311 307 275 
3 341 388 400 
3 342 341 307 
3 712 709 606 
3 2641 2676 2629 
3 2591 2598 2629 
3 2576 2577 2591 
3 2575 2565 2576 
3 2738 2676 2692 
3 2575 2588 2574 
3 2612 2594 2588 
3 2489 2445 2525 
3 2476 2445 2386 
3 2525 2560 2489 
3 2386 2314 2430 
3 2653 2614 2604 
3 2604 2560 2617 
3 2640 2612 2614 
3 2313 2314 2216 
3 388 453 400 
3 2970 2982 2974 
3 2982 2976 2985 
3 2976 2968 2977 
3 2964 2968 2955 
3 2936 2935 2955 
3 2936 2897 2895 
3 2897 2810 2815 
3 2810 2710 2714 
3 2603 2613 2710 
3 2970 2956 2960 
3 2603 2485 2495 
3 2937 2924 2948 
3 2869 2889 2924 
3 2956 2948 2960 
3 2869 2823 2889 
3 2738 2758 2823 
3 1811 1907 1802 
3 1811 1802 1704 
3 1704 1694 1595 
3 2198 2298 2283 
3 2198 2092 2109 
3 2390 2375 2283 
3 2109 2092 2004 
3 1894 1907 2004 
3 2485 2375 2390 
3 1060 1166 1065 
3 980 974 1065 
3 1262 1166 1164 
3 1366 1262 1263 
3 1370 1477 1366 
3 1582 1477 1483 
3 1694 1582 1595 
3 881 980 891 
3 797 891 804 
3 720 713 804 
3 757 829 746 
3 754 834 757 
3 731 746 821 
3 832 754 748 
3 825 748 739 
3 706 731 793 
3 706 753 654 
3 728 822 739 
3 720 812 728 
3 654 686 595 
3 524 595 533 
3 533 453 524 
3 1479 1394 1499 
3 1394 1306 1409 
3 1584 1479 1499 
3 1674 1584 1695 
3 1317 1306 1212 
3 1113 1018 1116 
3 1212 1116 1217 
3 1779 1674 1695 
3 2057 2039 1958 
3 2146 2127 2039 
3 2229 2216 2127 
3 1958 1868 1970 
3 1884 1868 1779 
3 913 1018 906 
3 906 808 913 
3 808 712 811 
3 220 247 217 
3 248 247 275 
3 193 220 179 
3 153 172 193 
3 171 172 131 
3 171 149 199 
3 243 199 174 
3 305 243 227 
3 512 410 395 
3 395 410 305 
3 606 512 510 
3 275 307 279 
3 341 400 347 
3 307 341 315 
3 606 608 712 
3 2598 2641 2629 
3 2692 2676 2641 
3 2577 2598 2591 
3 2565 2577 2576 
3 2574 2565 2575 
3 2692 2758 2738 
3 2588 2594 2574 
3 2618 2594 2612 
3 2525 2445 2476 
3 2430 2476 2386 
3 2596 2560 2525 
3 2430 2314 2368 
3 2666 2653 2604 
3 2653 2640 2614 
3 2617 2560 2596 
3 2617 2666 2604 
3 2640 2618 2612 
3 2313 2216 2229 
3 2368 2314 2313 
3 400 453 469 
3 2970 2972 2982 
3 2982 2972 2976 
3 2965 2968 2976 
3 2968 2954 2955 
3 2955 2954 2936 
3 2934 2897 2936 
3 2885 2810 2897 
3 2795 2710 2810 
3 2695 2603 2710 
3 2960 2972 2970 
3 2603 2581 2485 
3 2948 2924 2933 
3 2924 2889 2933 
3 2960 2948 2949 
3 2823 2833 2889 
3 2758 2833 2823 
3 1802 1907 1894 
3 1802 1694 1704 
3 2283 2179 2198 
3 2179 2092 2198 
3 2283 2375 2268 
3 2004 2092 1980 
3 1980 1894 2004 
3 2457 2375 2485 
3 1065 1166 1169 
3 1065 1070 980 
3 1260 1166 1262 
3 1366 1361 1262 
3 1366 1477 1465 
3 1573 1477 1582 
3 1694 1679 1582 
3 980 984 891 
3 891 895 804 
3 804 812 720 
3 746 829 821 
3 757 834 829 
3 832 834 754 
3 793 731 821 
3 832 748 825 
3 822 825 739 
3 706 793 753 
3 654 753 686 
3 812 822 728 
3 595 686 622 
3 595 622 533 
3 469 453 533 
3 1499 1394 1409 
3 1409 1306 1317 
3 1584 1499 1608 
3 1695 1584 1608 
3 1217 1317 1212 
3 1116 1018 1022 
3 1217 1116 1121 
3 1779 1695 1800 
3 2057 1958 1970 
3 2146 2039 2057 
3 2229 2127 2146 
3 1970 1868 1884 
3 1884 1779 1800 
3 1022 1018 913 
3 913 808 811 
3 811 712 716 
3 217 247 248 
3 179 220 217 
3 279 248 275 
3 193 179 153 
3 131 172 153 
3 131 149 171 
3 199 149 174 
3 227 243 174 
3 287 305 227 
3 510 512 395 
3 287 395 305 
3 510 608 606 
3 279 307 315 
3 400 390 347 
3 315 341 347 
3 712 608 716 
3 2598 2590 2641 
3 2641 2631 2692 
3 2577 2557 2598 
3 2565 2541 2577 
3 2574 2537 2565 
3 2692 2691 2758 
3 2574 2594 2553 
3 2572 2594 2618 
3 2564 2525 2476 
3 2528 2476 2430 
3 2564 2596 2525 
3 2368 2467 2430 
3 2698 2653 2666 
3 2675 2640 2653 
3 2596 2662 2617 
3 2662 2666 2617 
3 2651 2618 2640 
3 2229 2327 2313 
3 2313 2327 2368 
3 400 469 433 
3 2972 2965 2976 
3 2965 2954 2968 
3 2936 2954 2934 
3 2885 2897 2934 
3 2885 2795 2810 
3 2695 2710 2795 
3 2695 2581 2603 
3 2958 2972 2960 
3 2581 2457 2485 
3 2949 2948 2933 
3 2933 2889 2891 
3 2949 2958 2960 
3 2889 2833 2891 
3 2757 2833 2758 
3 1894 1783 1802 
3 1783 1694 1802 
3 2268 2179 2283 
3 2179 2073 2092 
3 2375 2351 2268 
3 2092 2073 1980 
3 1980 1875 1894 
3 2457 2351 2375 
3 1169 1166 1260 
3 1169 1070 1065 
3 1070 984 980 
3 1262 1361 1260 
3 1465 1361 1366 
3 1465 1477 1573 
3 1582 1679 1573 
3 1783 1679 1694 
3 891 984 895 
3 804 895 812 
3 821 829 902 
3 834 912 829 
3 832 917 834 
3 879 793 821 
3 825 911 832 
3 822 903 825 
3 793 849 753 
3 753 796 686 
3 812 901 822 
3 622 686 729 
3 622 555 533 
3 533 555 469 
3 1499 1409 1511 
3 1409 1317 1418 
3 1608 1499 1511 
3 1695 1608 1711 
3 1323 1317 1217 
3 1116 1022 1121 
3 1225 1217 1121 
3 1800 1695 1711 
3 1970 2081 2057 
3 2163 2146 2057 
3 2252 2229 2146 
3 1998 1970 1884 
3 1800 1911 1884 
3 1022 913 921 
3 913 811 921 
3 820 811 716 
3 217 248 225 
3 179 217 178 
3 256 248 279 
3 153 179 150 
3 153 114 131 
3 116 149 131 
3 174 149 143 
3 227 174 170 
3 287 227 212 
3 510 395 383 
3 383 395 287 
3 510 507 608 
3 315 301 279 
3 365 347 390 
3 390 400 433 
3 347 334 315 
3 716 608 617 
3 2590 2631 2641 
3 2557 2590 2598 
3 2692 2631 2691 
3 2541 2557 2577 
3 2537 2541 2565 
3 2553 2537 2574 
3 2758 2691 2757 
3 2553 2594 2572 
3 2618 2601 2572 
3 2528 2564 2476 
3 2430 2467 2528 
3 2646 2596 2564 
3 2421 2467 2368 
3 2704 2698 2666 
3 2675 2653 2698 
3 2651 2640 2675 
3 2646 2662 2596 
3 2704 2666 2662 
3 2651 2601 2618 
3 2252 2327 2229 
3 2327 2421 2368 
3 433 469 515 
3 2958 2965 2972 
3 2951 2954 2965 
3 2934 2954 2951 
3 2934 2929 2885 
3 2864 2795 2885 
3 2695 2795 2769 
3 2669 2581 2695 
3 2549 2457 2581 
3 2949 2933 2928 
3 2928 2933 2891 
3 2949 2940 2958 
3 2891 2833 2825 
3 2825 2833 2757 
3 1894 1875 1783 
3 2158 2179 2268 
3 2158 2073 2179 
3 2268 2351 2248 
3 1980 2073 1966 
3 1980 1966 1875 
3 2437 2351 2457 
3 1260 1259 1169 
3 1169 1172 1070 
3 1073 984 1070 
3 1260 1361 1360 
3 1465 1458 1361 
3 1573 1564 1465 
3 1573 1679 1667 
3 1783 1771 1679 
3 984 986 895 
3 895 901 812 
3 829 912 902 
3 821 902 879 
3 834 917 912 
3 911 917 832 
3 879 849 793 
3 825 903 911 
3 901 903 822 
3 849 796 753 
3 686 796 729 
3 622 729 653 
3 653 555 622 
3 469 555 515 
3 1511 1409 1418 
3 1418 1317 1323 
3 1615 1608 1511 
3 1711 1608 1615 
3 1323 1217 1225 
3 1121 1022 1028 
3 1129 1225 1121 
3 1711 1821 1800 
3 2057 2081 2163 
3 1998 2081 1970 
3 2163 2252 2146 
3 1884 1911 1998 
3 1821 1911 1800 
3 1028 1022 921 
3 921 811 820 
3 716 722 820 
3 225 248 256 
3 178 217 225 
3 150 179 178 
3 279 301 256 
3 150 114 153 
3 131 114 116 
3 143 149 116 
3 174 143 170 
3 212 227 170 
3 212 277 287 
3 510 383 507 
3 277 383 287 
3 608 507 617 
3 315 334 301 
3 390 419 365 
3 365 334 347 
3 433 419 390 
3 716 617 722 
3 2547 2631 2590 
3 2557 2515 2590 
3 2691 2631 2667 
3 2541 2499 2557 
3 2537 2492 2541 
3 2498 2537 2553 
3 2691 2684 2757 
3 2572 2513 2553 
3 2572 2601 2536 
3 2624 2564 2528 
3 2528 2467 2585 
3 2624 2646 2564 
3 2524 2467 2421 
3 2734 2698 2704 
3 2675 2698 2715 
3 2687 2651 2675 
3 2703 2662 2646 
3 2703 2704 2662 
3 2645 2601 2651 
3 2347 2327 2252 
3 2347 2421 2327 
3 433 515 491 
3 2951 2965 2958 
3 2951 2929 2934 
3 2929 2864 2885 
3 2769 2795 2864 
3 2695 2769 2669 
3 2669 2549 2581 
3 2549 2437 2457 
3 2928 2940 2949 
3 2891 2875 2928 
3 2958 2940 2951 
3 2891 2825 2875 
3 2757 2735 2825 
3 1875 1771 1783 
3 2268 2248 2158 
3 2054 2073 2158 
3 2248 2351 2332 
3 1966 2073 2054 
3 1966 1864 1875 
3 2332 2351 2437 
3 1259 1172 1169 
3 1360 1259 1260 
3 1172 1073 1070 
3 1073 986 984 
3 1361 1458 1360 
3 1564 1458 1465 
3 1667 1564 1573 
3 1679 1771 1667 
3 895 986 901 
3 902 912 988 
3 879 902 977 
3 912 917 994 
3 911 996 917 
3 879 948 849 
3 903 993 911 
3 901 990 903 
3 904 796 849 
3 729 796 851 
3 729 800 653 
3 598 555 653 
3 515 555 598 
3 1525 1511 1418 
3 1418 1323 1432 
3 1525 1615 1511 
3 1615 1725 1711 
3 1323 1225 1333 
3 1121 1028 1129 
3 1234 1225 1129 
3 1711 1725 1821 
3 2163 2081 2192 
3 2112 2081 1998 
3 2270 2252 2163 
3 1998 1911 2019 
3 1821 1926 1911 
3 921 928 1028 
3 921 820 928 
3 820 722 830 
3 225 256 235 
3 225 180 178 
3 178 151 150 
3 256 301 282 
3 119 114 150 
3 116 114 107 
3 116 122 143 
3 170 143 144 
3 212 170 163 
3 207 277 212 
3 507 383 379 
3 379 383 277 
3 617 507 514 
3 301 334 330 
3 365 419 422 
3 372 334 365 
3 491 419 433 
3 722 617 629 
3 2590 2515 2547 
3 2547 2583 2631 
3 2499 2515 2557 
3 2631 2583 2667 
3 2667 2684 2691 
3 2492 2499 2541 
3 2498 2492 2537 
3 2513 2498 2553 
3 2757 2684 2735 
3 2536 2513 2572 
3 2536 2601 2578 
3 2585 2624 2528 
3 2585 2467 2524 
3 2694 2646 2624 
3 2451 2524 2421 
3 2749 2734 2704 
3 2715 2698 2734 
3 2687 2675 2715 
3 2687 2645 2651 
3 2703 2646 2694 
3 2749 2704 2703 
3 2578 2601 2645 
3 2270 2347 2252 
3 2451 2421 2347 
3 515 566 491 
3 2951 2940 2929 
3 2907 2864 2929 
3 2835 2769 2864 
3 2769 2733 2669 
3 2635 2549 2669 
3 2508 2437 2549 
3 2907 2940 2928 
3 2875 2907 2928 
3 2825 2787 2875 
3 2735 2787 2825 
3 1864 1771 1875 
3 2158 2248 2142 
3 2142 2054 2158 
3 2332 2227 2248 
3 2054 1954 1966 
3 1966 1954 1864 
3 2437 2403 2332 
3 1259 1258 1172 
3 1360 1353 1259 
3 1172 1168 1073 
3 1073 1076 986 
3 1360 1458 1456 
3 1557 1458 1564 
3 1667 1658 1564 
3 1667 1771 1762 
3 986 990 901 
3 988 912 994 
3 902 988 977 
3 879 977 948 
3 917 996 994 
3 993 996 911 
3 849 948 904 
3 990 993 903 
3 851 796 904 
3 851 800 729 
3 800 693 653 
3 598 653 693 
3 598 566 515 
3 1418 1432 1525 
3 1432 1323 1333 
3 1525 1636 1615 
3 1636 1725 1615 
3 1333 1225 1234 
3 1028 1035 1129 
3 1129 1138 1234 
3 1821 1725 1835 
3 2192 2081 2112 
3 2192 2270 2163 
3 2019 2112 1998 
3 1911 1926 2019 
3 1835 1926 1821 
3 1028 928 1035 
3 928 820 830 
3 830 722 735 
3 235 256 282 
3 235 180 225 
3 178 180 151 
3 150 151 119 
3 282 301 330 
3 107 114 119 
3 107 122 116 
3 143 122 144 
3 170 144 163 
3 207 212 163 
3 280 277 207 
3 514 507 379 
3 379 277 280 
3 629 617 514 
3 330 334 372 
3 422 419 485 
3 372 365 422 
3 485 419 491 
3 735 722 629 
3 2547 2515 2458 
3 2547 2487 2583 
3 2499 2446 2515 
3 2667 2583 2611 
3 2667 2611 2684 
3 2492 2440 2499 
3 2439 2492 2498 
3 2513 2449 2498 
3 2735 2684 2652 
3 2536 2463 2513 
3 2578 2500 2536 
3 2674 2624 2585 
3 2585 2524 2636 
3 2674 2694 2624 
3 2562 2524 2451 
3 2775 2734 2749 
3 2715 2734 2756 
3 2725 2687 2715 
3 2690 2645 2687 
3 2703 2694 2745 
3 2745 2749 2703 
3 2634 2578 2645 
3 2270 2376 2347 
3 2347 2376 2451 
3 491 566 556 
3 2929 2940 2907 
3 2907 2835 2864 
3 2835 2733 2769 
3 2733 2635 2669 
3 2508 2549 2635 
3 2508 2403 2437 
3 2875 2835 2907 
3 2875 2787 2835 
3 2696 2787 2735 
3 1762 1771 1864 
3 2248 2227 2142 
3 2142 2042 2054 
3 2301 2227 2332 
3 2042 1954 2054 
3 1864 1954 1853 
3 2332 2403 2301 
3 1258 1168 1172 
3 1353 1258 1259 
3 1456 1353 1360 
3 1168 1076 1073 
3 986 1076 990 
3 1456 1458 1557 
3 1658 1557 1564 
3 1762 1658 1667 
3 994 1069 988 
3 988 1062 977 
3 977 1052 948 
3 996 1078 994 
3 993 1077 996 
3 948 1037 904 
3 990 1075 993 
3 851 904 945 
3 922 800 851 
3 693 800 777 
3 598 693 660 
3 598 660 566 
3 1525 1432 1542 
3 1432 1333 1444 
3 1525 1542 1636 
3 1636 1739 1725 
3 1333 1234 1347 
3 1129 1035 1138 
3 1234 1138 1251 
3 1725 1739 1835 
3 2220 2192 2112 
3 2294 2270 2192 
3 2126 2112 2019 
3 2019 1926 2036 
3 1943 1926 1835 
3 1035 928 940 
3 928 830 940 
3 845 830 735 
3 235 282 255 
3 197 180 235 
3 151 180 154 
3 119 151 115 
3 282 330 323 
3 119 103 107 
3 109 122 107 
3 144 122 127 
3 144 140 163 
3 163 159 207 
3 207 213 280 
3 379 398 514 
3 280 398 379 
3 629 514 528 
3 384 330 372 
3 422 485 503 
3 372 422 443 
3 485 491 556 
3 735 629 640 
3 2515 2446 2458 
3 2458 2487 2547 
3 2583 2487 2511 
3 2440 2446 2499 
3 2583 2511 2611 
3 2684 2611 2652 
3 2439 2440 2492 
3 2449 2439 2498 
3 2463 2449 2513 
3 2735 2652 2696 
3 2500 2463 2536 
3 2578 2552 2500 
3 2636 2674 2585 
3 2636 2524 2562 
3 2739 2694 2674 
3 2480 2562 2451 
3 2775 2749 2780 
3 2756 2734 2775 
3 2756 2725 2715 
3 2725 2690 2687 
3 2690 2689 2645 
3 2745 2694 2739 
3 2780 2749 2745 
3 2645 2689 2634 
3 2634 2552 2578 
3 2294 2376 2270 
3 2451 2376 2480 
3 566 643 556 
3 2835 2787 2733 
3 2696 2635 2733 
3 2508 2635 2589 
3 2468 2403 2508 
3 2733 2787 2696 
3 1853 1762 1864 
3 2227 2124 2142 
3 2124 2042 2142 
3 2301 2205 2227 
3 1944 1954 2042 
3 1853 1954 1944 
3 2301 2403 2371 
3 1258 1256 1168 
3 1353 1351 1258 
3 1456 1450 1353 
3 1168 1165 1076 
3 1076 1075 990 
3 1557 1550 1456 
3 1658 1653 1557 
3 1754 1658 1762 
3 988 1069 1062 
3 994 1078 1069 
3 977 1062 1052 
3 948 1052 1037 
3 996 1077 1078 
3 1075 1077 993 
3 904 1037 945 
3 851 945 922 
3 883 800 922 
3 777 800 883 
3 693 777 758 
3 660 693 758 
3 566 660 643 
3 1542 1432 1444 
3 1444 1333 1347 
3 1542 1652 1636 
3 1652 1739 1636 
3 1347 1234 1251 
3 1138 1035 1045 
3 1251 1138 1155 
3 1835 1739 1847 
3 2126 2220 2112 
3 2220 2294 2192 
3 2036 2126 2019 
3 2036 1926 1943 
3 1943 1835 1847 
3 1035 940 1045 
3 940 830 845 
3 735 755 845 
3 255 282 323 
3 255 197 235 
3 154 180 197 
3 115 151 154 
3 119 115 103 
3 323 330 384 
3 107 103 109 
3 127 122 109 
3 144 127 140 
3 163 140 159 
3 207 159 213 
3 280 213 296 
3 514 398 528 
3 296 398 280 
3 640 629 528 
3 443 384 372 
3 503 485 563 
3 443 422 503 
3 563 485 556 
3 640 755 735 
3 2458 2446 2384 
3 2458 2399 2487 
3 2487 2427 2511 
3 2440 2374 2446 
3 2611 2511 2544 
3 2611 2544 2652 
3 2439 2369 2440 
3 2449 2377 2439 
3 2463 2393 2449 
3 2696 2652 2589 
3 2500 2426 2463 
3 2552 2460 2500 
3 2636 2717 2674 
3 2672 2636 2562 
3 2717 2739 2674 
3 2600 2562 2480 
3 2775 2780 2792 
3 2775 2786 2756 
3 2756 2768 2725 
3 2732 2690 2725 
3 2732 2689 2690 
3 2739 2782 2745 
3 2782 2780 2745 
3 2689 2682 2634 
3 2616 2552 2634 
3 2397 2376 2294 
3 2480 2376 2397 
3 556 643 644 
3 2589 2635 2696 
3 2468 2508 2589 
3 2371 2403 2468 
3 1853 1754 1762 
3 2205 2124 2227 
3 2124 2026 2042 
3 2274 2205 2301 
3 2042 2026 1944 
3 1944 1841 1853 
3 2274 2301 2371 
3 1256 1165 1168 
3 1351 1256 1258 
3 1353 1450 1351 
3 1550 1450 1456 
3 1076 1165 1075 
3 1557 1653 1550 
3 1754 1653 1658 
3 1069 1152 1062 
3 1078 1158 1069 
3 1062 1146 1052 
3 1037 1052 1135 
3 1078 1077 1160 
3 1075 1163 1077 
3 1037 1023 945 
3 945 1023 922 
3 883 922 992 
3 777 883 856 
3 758 777 856 
3 660 758 742 
3 643 660 742 
3 1444 1552 1542 
3 1444 1347 1455 
3 1542 1552 1652 
3 1757 1739 1652 
3 1347 1251 1358 
3 1155 1138 1045 
3 1261 1251 1155 
3 1847 1739 1757 
3 2233 2220 2126 
3 2325 2294 2220 
3 2036 2140 2126 
3 2049 2036 1943 
3 1952 1943 1847 
3 1045 940 951 
3 940 845 951 
3 845 755 860 
3 255 323 306 
3 234 197 255 
3 154 197 167 
3 115 154 128 
3 103 115 98 
3 323 384 389 
3 109 103 100 
3 109 110 127 
3 140 127 129 
3 159 140 139 
3 213 159 162 
3 296 213 222 
3 528 398 415 
3 415 398 296 
3 640 528 547 
3 458 384 443 
3 503 563 588 
3 443 503 529 
3 556 644 563 
3 655 755 640 
3 2446 2374 2384 
3 2384 2399 2458 
3 2487 2399 2427 
3 2511 2427 2444 
3 2369 2374 2440 
3 2511 2444 2544 
3 2652 2544 2589 
3 2377 2369 2439 
3 2393 2377 2449 
3 2426 2393 2463 
3 2500 2460 2426 
3 2519 2460 2552 
3 2672 2717 2636 
3 2600 2672 2562 
3 2777 2739 2717 
3 2507 2600 2480 
3 2792 2780 2801 
3 2792 2786 2775 
3 2786 2768 2756 
3 2725 2768 2732 
3 2727 2689 2732 
3 2777 2782 2739 
3 2801 2780 2782 
3 2682 2616 2634 
3 2727 2682 2689 
3 2519 2552 2616 
3 2397 2294 2325 
3 2397 2507 2480 
3 643 736 644 
3 2589 2544 2468 
3 2468 2444 2371 
3 1841 1754 1853 
3 2205 2113 2124 
3 2113 2026 2124 
3 2184 2205 2274 
3 1944 2026 1930 
3 1930 1841 1944 
3 2371 2348 2274 
3 1256 1253 1165 
3 1351 1346 1256 
3 1351 1450 1445 
3 1546 1450 1550 
3 1165 1163 1075 
3 1653 1646 1550 
3 1740 1653 1754 
3 1062 1152 1146 
3 1069 1158 1152 
3 1160 1158 1078 
3 1052 1146 1135 
3 1037 1135 1124 
3 1077 1163 1160 
3 1124 1023 1037 
3 922 1023 992 
3 883 992 962 
3 856 883 962 
3 758 856 841 
3 742 758 841 
3 742 736 643 
3 1455 1552 1444 
3 1455 1347 1358 
3 1652 1552 1661 
3 1757 1652 1661 
3 1358 1251 1261 
3 1045 1059 1155 
3 1261 1155 1175 
3 1847 1757 1861 
3 2126 2140 2233 
3 2233 2325 2220 
3 2049 2140 2036 
3 1952 2049 1943 
3 1952 1847 1861 
3 951 1059 1045 
3 951 845 860 
3 860 755 768 
3 323 389 306 
3 306 234 255 
3 167 197 234 
3 128 154 167 
3 98 115 128 
3 100 103 98 
3 389 384 458 
3 100 110 109 
3 127 110 129 
3 139 140 129 
3 162 159 139 
3 222 213 162 
3 308 296 222 
3 547 528 415 
3 415 296 308 
3 655 640 547 
3 443 529 458 
3 588 563 662 
3 503 588 529 
3 563 644 662 
3 768 755 655 
3 2384 2374 2306 
3 2384 2323 2399 
3 2399 2335 2427 
3 2427 2348 2444 
3 2369 2300 2374 
3 2544 2444 2468 
3 2307 2369 2377 
3 2326 2377 2393 
3 2426 2340 2393 
3 2426 2460 2370 
3 2422 2460 2519 
3 2748 2717 2672 
3 2708 2672 2600 
3 2777 2717 2770 
3 2639 2600 2507 
3 2801 2807 2792 
3 2802 2786 2792 
3 2791 2768 2786 
3 2768 2771 2732 
3 2771 2727 2732 
3 2803 2782 2777 
3 2801 2782 2803 
3 2668 2616 2682 
3 2718 2682 2727 
3 2519 2616 2582 
3 2325 2428 2397 
3 2428 2507 2397 
3 644 736 745 
3 2444 2348 2371 
3 1841 1740 1754 
3 2184 2113 2205 
3 2015 2026 2113 
3 2274 2262 2184 
3 1930 2026 2015 
3 1930 1831 1841 
3 2274 2348 2262 
3 1165 1253 1163 
3 1346 1253 1256 
3 1445 1346 1351 
3 1445 1450 1546 
3 1646 1546 1550 
3 1740 1646 1653 
3 1146 1152 1241 
3 1152 1158 1245 
3 1246 1158 1160 
3 1135 1146 1235 
3 1124 1135 1231 
3 1163 1248 1160 
3 1101 1023 1124 
3 992 1023 1101 
3 992 1067 962 
3 962 947 856 
3 856 947 841 
3 742 841 835 
3 835 736 742 
3 1563 1552 1455 
3 1455 1358 1463 
3 1661 1552 1563 
3 1765 1757 1661 
3 1358 1261 1367 
3 1155 1059 1175 
3 1261 1175 1274 
3 1861 1757 1765 
3 2233 2140 2253 
3 2339 2325 2233 
3 2156 2140 2049 
3 2059 2049 1952 
3 1964 1952 1861 
3 973 1059 951 
3 951 860 973 
3 860 768 878 
3 306 389 377 
3 288 234 306 
3 167 234 211 
3 167 145 128 
3 98 128 104 
3 100 98 91 
3 479 389 458 
3 102 110 100 
3 129 110 111 
3 139 129 135 
3 139 148 162 
3 162 175 222 
3 308 222 236 
3 415 437 547 
3 308 437 415 
3 655 547 559 
3 529 552 458 
3 691 588 662 
3 529 588 624 
3 662 644 745 
3 677 768 655 
3 2374 2300 2306 
3 2306 2323 2384 
3 2399 2323 2335 
3 2427 2335 2348 
3 2307 2300 2369 
3 2307 2377 2326 
3 2340 2326 2393 
3 2370 2340 2426 
3 2370 2460 2422 
3 2481 2422 2519 
3 2748 2672 2708 
3 2770 2717 2748 
3 2639 2708 2600 
3 2777 2770 2805 
3 2507 2540 2639 
3 2792 2807 2802 
3 2814 2807 2801 
3 2802 2791 2786 
3 2791 2771 2768 
3 2759 2727 2771 
3 2805 2803 2777 
3 2803 2814 2801 
3 2668 2682 2718 
3 2582 2616 2668 
3 2718 2727 2759 
3 2582 2481 2519 
3 2339 2428 2325 
3 2428 2540 2507 
3 736 837 745 
3 1841 1831 1740 
3 2184 2088 2113 
3 2088 2015 2113 
3 2262 2161 2184 
3 2015 1918 1930 
3 1918 1831 1930 
3 2348 2335 2262 
3 1253 1248 1163 
3 1346 1341 1253 
3 1439 1346 1445 
3 1445 1546 1541 
3 1643 1546 1646 
3 1734 1646 1740 
3 1152 1245 1241 
3 1235 1146 1241 
3 1245 1158 1246 
3 1160 1248 1246 
3 1135 1235 1231 
3 1231 1227 1124 
3 1124 1227 1101 
3 992 1101 1067 
3 962 1067 1049 
3 1049 947 962 
3 841 947 937 
3 841 937 835 
3 835 837 736 
3 1463 1563 1455 
3 1463 1358 1367 
3 1661 1563 1669 
3 1765 1661 1669 
3 1367 1261 1274 
3 1175 1059 1081 
3 1274 1175 1182 
3 1867 1861 1765 
3 2253 2140 2156 
3 2339 2233 2253 
3 2059 2156 2049 
3 1964 2059 1952 
3 1964 1861 1867 
3 1081 1059 973 
3 860 878 973 
3 878 768 792 
3 377 389 479 
3 288 306 377 
3 211 234 288 
3 211 145 167 
3 128 145 104 
3 91 98 104 
3 102 100 91 
3 458 552 479 
3 111 110 102 
3 135 129 111 
3 135 148 139 
3 162 148 175 
3 222 175 236 
3 329 308 236 
3 547 437 559 
3 329 437 308 
3 677 655 559 
3 624 552 529 
3 662 766 691 
3 624 588 691 
3 745 766 662 
3 792 768 677 
3 2306 2300 2230 
3 2232 2323 2306 
3 2335 2323 2243 
3 2231 2300 2307 
3 2326 2236 2307 
3 2340 2256 2326 
3 2370 2277 2340 
3 2422 2321 2370 
3 2422 2481 2448 
3 2774 2748 2708 
3 2774 2770 2748 
3 2742 2708 2639 
3 2805 2770 2804 
3 2540 2673 2639 
3 2802 2807 2808 
3 2818 2807 2814 
3 2799 2791 2802 
3 2785 2771 2791 
3 2785 2759 2771 
3 2822 2803 2805 
3 2822 2814 2803 
3 2697 2668 2718 
3 2630 2582 2668 
3 2759 2736 2718 
3 2582 2533 2481 
3 2447 2428 2339 
3 2447 2540 2428 
3 745 837 852 
3 1740 1831 1734 
3 2161 2088 2184 
3 2088 1999 2015 
3 2243 2161 2262 
3 1999 1918 2015 
3 1825 1831 1918 
3 2262 2335 2243 
3 1253 1341 1248 
3 1439 1341 1346 
3 1541 1439 1445 
3 1541 1546 1643 
3 1643 1646 1734 
3 1245 1334 1241 
3 1241 1332 1235 
3 1336 1245 1246 
3 1246 1248 1337 
3 1235 1329 1231 
3 1231 1327 1227 
3 1101 1227 1173 
3 1067 1101 1173 
3 1049 1067 1145 
3 1040 947 1049 
3 937 947 1040 
3 835 937 934 
3 835 934 837 
3 1572 1563 1463 
3 1463 1367 1476 
3 1669 1563 1572 
3 1765 1669 1772 
3 1367 1274 1374 
3 1175 1081 1182 
3 1274 1182 1283 
3 1867 1765 1772 
3 2265 2253 2156 
3 2253 2353 2339 
3 2169 2156 2059 
3 2071 2059 1964 
3 1969 1964 1867 
3 1081 973 987 
3 973 878 987 
3 898 878 792 
3 377 479 489 
3 288 377 371 
3 211 288 274 
3 191 145 211 
3 104 145 126 
3 91 104 89 
3 102 91 88 
3 479 552 572 
3 97 111 102 
3 135 111 113 
3 138 148 135 
3 175 148 161 
3 236 175 205 
3 236 260 329 
3 559 437 462 
3 462 437 329 
3 559 589 677 
3 650 552 624 
3 766 799 691 
3 691 726 624 
3 745 852 766 
3 792 677 708 
3 2230 2300 2231 
3 2230 2232 2306 
3 2243 2323 2232 
3 2307 2236 2231 
3 2256 2236 2326 
3 2277 2256 2340 
3 2321 2277 2370 
3 2346 2321 2422 
3 2481 2533 2448 
3 2448 2346 2422 
3 2774 2708 2742 
3 2804 2770 2774 
3 2639 2673 2742 
3 2805 2804 2827 
3 2573 2673 2540 
3 2808 2807 2818 
3 2808 2799 2802 
3 2818 2814 2829 
3 2799 2785 2791 
3 2763 2759 2785 
3 2827 2822 2805 
3 2829 2814 2822 
3 2718 2736 2697 
3 2697 2630 2668 
3 2630 2533 2582 
3 2763 2736 2759 
3 2353 2447 2339 
3 2573 2540 2447 
3 852 837 944 
3 1734 1831 1825 
3 2161 2075 2088 
3 2075 1999 2088 
3 2153 2161 2243 
3 1908 1918 1999 
3 1825 1918 1908 
3 1248 1341 1337 
3 1436 1341 1439 
3 1537 1439 1541 
3 1631 1541 1643 
3 1730 1643 1734 
3 1241 1334 1332 
3 1336 1334 1245 
3 1235 1332 1329 
3 1246 1337 1336 
3 1231 1329 1327 
3 1227 1327 1331 
3 1173 1227 1233 
3 1067 1173 1145 
3 1145 1140 1049 
3 1049 1140 1040 
3 1039 937 1040 
3 934 937 1039 
3 837 934 944 
3 1572 1463 1476 
3 1476 1367 1374 
3 1669 1572 1675 
3 1772 1669 1675 
3 1374 1274 1283 
3 1182 1081 1093 
3 1283 1182 1189 
3 1873 1867 1772 
3 2169 2265 2156 
3 2265 2353 2253 
3 2071 2169 2059 
3 1969 2071 1964 
3 1873 1969 1867 
3 1093 1081 987 
3 987 878 898 
3 792 815 898 
3 489 479 572 
3 371 377 489 
3 274 288 371 
3 191 211 274 
3 126 145 191 
3 104 126 89 
3 91 89 88 
3 88 97 102 
3 572 552 650 
3 113 111 97 
3 135 113 138 
3 161 148 138 
3 205 175 161 
3 236 205 260 
3 329 260 362 
3 462 589 559 
3 329 362 462 
3 677 589 708 
3 624 726 650 
3 691 799 726 
3 877 799 766 
3 766 852 877 
3 708 815 792 
3 2231 2149 2230 
3 2148 2232 2230 
3 2243 2232 2153 
3 2236 2152 2231 
3 2256 2160 2236 
3 2277 2182 2256 
3 2321 2210 2277 
3 2238 2321 2346 
3 2448 2533 2473 
3 2379 2346 2448 
3 2742 2811 2774 
3 2811 2804 2774 
3 2742 2673 2796 
3 2827 2804 2841 
3 2700 2673 2573 
3 2813 2808 2818 
3 2797 2799 2808 
3 2818 2829 2830 
3 2784 2785 2799 
3 2784 2763 2785 
3 2839 2822 2827 
3 2839 2829 2822 
3 2697 2736 2702 
3 2654 2630 2697 
3 2571 2533 2630 
3 2730 2736 2763 
3 2466 2447 2353 
3 2573 2447 2466 
3 852 944 964 
3 1825 1730 1734 
3 2153 2075 2161 
3 1984 1999 2075 
3 1908 1999 1984 
3 1908 1815 1825 
3 1337 1341 1436 
3 1436 1439 1537 
3 1631 1537 1541 
3 1730 1631 1643 
3 1332 1334 1426 
3 1429 1334 1336 
3 1329 1332 1424 
3 1336 1337 1431 
3 1327 1329 1425 
3 1331 1327 1430 
3 1233 1227 1331 
3 1173 1233 1145 
3 1237 1140 1145 
3 1040 1140 1142 
3 1040 1142 1039 
3 944 934 1039 
3 1572 1476 1581 
3 1476 1374 1480 
3 1675 1572 1581 
3 1780 1772 1675 
3 1374 1283 1389 
3 1182 1093 1189 
3 1283 1189 1291 
3 1780 1873 1772 
3 2169 2276 2265 
3 2373 2353 2265 
3 2181 2169 2071 
3 2080 2071 1969 
3 1976 1969 1873 
3 987 1001 1093 
3 898 1001 987 
3 898 815 918 
3 489 572 590 
3 371 489 501 
3 274 371 378 
3 191 274 276 
3 126 191 188 
3 89 126 118 
3 89 87 88 
3 84 97 88 
3 572 650 670 
3 113 97 94 
3 138 113 123 
3 161 138 152 
3 161 187 205 
3 260 205 238 
3 362 260 284 
3 509 589 462 
3 462 362 509 
3 708 589 621 
3 650 726 756 
3 726 799 827 
3 907 799 877 
3 877 852 964 
3 708 727 815 
3 2149 2148 2230 
3 2231 2152 2149 
3 2153 2232 2148 
3 2160 2152 2236 
3 2182 2160 2256 
3 2210 2182 2277 
3 2238 2210 2321 
3 2267 2238 2346 
3 2473 2533 2571 
3 2473 2379 2448 
3 2267 2346 2379 
3 2796 2811 2742 
3 2841 2804 2811 
3 2796 2673 2700 
3 2827 2841 2850 
3 2700 2573 2606 
3 2830 2813 2818 
3 2813 2797 2808 
3 2797 2784 2799 
3 2830 2829 2842 
3 2752 2763 2784 
3 2839 2827 2850 
3 2843 2829 2839 
3 2702 2736 2730 
3 2654 2697 2702 
3 2654 2571 2630 
3 2730 2763 2752 
3 2373 2466 2353 
3 2606 2573 2466 
3 964 944 1054 
3 1825 1815 1730 
3 2068 2075 2153 
3 2068 1984 2075 
3 1984 1904 1908 
3 1904 1815 1908 
3 1431 1337 1436 
3 1529 1436 1537 
3 1627 1537 1631 
3 1723 1631 1730 
3 1426 1334 1429 
3 1332 1426 1424 
3 1336 1431 1429 
3 1425 1329 1424 
3 1327 1425 1430 
3 1331 1430 1433 
3 1335 1233 1331 
3 1145 1233 1237 
3 1242 1140 1237 
3 1142 1140 1242 
3 1039 1142 1147 
3 1054 944 1039 
3 1581 1476 1480 
3 1480 1374 1389 
3 1675 1581 1684 
3 1780 1675 1684 
3 1389 1283 1291 
3 1093 1098 1189 
3 1291 1189 1199 
3 1879 1873 1780 
3 2265 2276 2373 
3 2181 2276 2169 
3 2181 2071 2080 
3 1976 2080 1969 
3 1879 1976 1873 
3 1001 1098 1093 
3 898 918 1001 
3 918 815 828 
3 590 572 670 
3 501 489 590 
3 378 371 501 
3 276 274 378 
3 188 191 276 
3 118 126 188 
3 118 87 89 
3 88 87 84 
3 94 97 84 
3 650 756 670 
3 123 113 94 
3 138 123 152 
3 152 187 161 
3 205 187 238 
3 238 284 260 
3 412 362 284 
3 621 589 509 
3 509 362 412 
3 708 621 727 
3 756 726 827 
3 827 799 907 
3 877 995 907 
3 877 964 995 
3 815 727 828 
3 2149 2067 2148 
3 2152 2070 2149 
3 2148 2068 2153 
3 2160 2076 2152 
3 2182 2085 2160 
3 2210 2111 2182 
3 2131 2210 2238 
3 2267 2154 2238 
3 2488 2473 2571 
3 2396 2379 2473 
3 2267 2379 2299 
3 2847 2811 2796 
3 2847 2841 2811 
3 2700 2790 2796 
3 2850 2841 2861 
3 2606 2726 2700 
3 2830 2812 2813 
3 2813 2788 2797 
3 2797 2767 2784 
3 2842 2829 2843 
3 2830 2842 2834 
3 2767 2752 2784 
3 2850 2856 2839 
3 2856 2843 2839 
3 2681 2702 2730 
3 2648 2654 2702 
3 2580 2571 2654 
3 2730 2752 2705 
3 2490 2466 2373 
3 2606 2466 2490 
3 964 1054 1083 
3 1730 1815 1723 
3 1979 1984 2068 
3 1979 1904 1984 
3 1813 1815 1904 
3 1431 1436 1529 
3 1529 1537 1627 
3 1627 1631 1723 
3 1523 1426 1429 
3 1424 1426 1522 
3 1429 1431 1526 
3 1425 1424 1527 
3 1430 1425 1531 
3 1433 1430 1536 
3 1331 1433 1335 
3 1237 1233 1335 
3 1237 1340 1242 
3 1142 1242 1252 
3 1147 1142 1252 
3 1147 1054 1039 
3 1581 1480 1589 
3 1480 1389 1491 
3 1684 1581 1589 
3 1785 1780 1684 
3 1291 1393 1389 
3 1189 1098 1199 
3 1199 1295 1291 
3 1785 1879 1780 
3 2373 2276 2388 
3 2286 2276 2181 
3 2080 2191 2181 
3 2087 2080 1976 
3 1986 1976 1879 
3 1013 1098 1001 
3 1001 918 1013 
3 926 918 828 
3 590 670 700 
3 501 590 616 
3 378 501 519 
3 276 378 404 
3 188 276 291 
3 118 188 198 
3 120 87 118 
3 84 87 82 
3 84 81 94 
3 670 756 772 
3 123 94 95 
3 123 137 152 
3 169 187 152 
3 232 238 187 
3 238 232 284 
3 284 333 412 
3 544 621 509 
3 544 509 412 
3 727 621 647 
3 756 827 854 
3 935 827 907 
3 907 995 1025 
3 995 964 1083 
3 828 727 749 
3 2148 2067 2068 
3 2070 2067 2149 
3 2076 2070 2152 
3 2085 2076 2160 
3 2111 2085 2182 
3 2131 2111 2210 
3 2154 2131 2238 
3 2186 2154 2267 
3 2580 2488 2571 
3 2488 2396 2473 
3 2299 2379 2396 
3 2299 2186 2267 
3 2796 2848 2847 
3 2861 2841 2847 
3 2796 2790 2848 
3 2726 2790 2700 
3 2861 2872 2850 
3 2628 2726 2606 
3 2812 2788 2813 
3 2834 2812 2830 
3 2788 2767 2797 
3 2855 2842 2843 
3 2834 2842 2851 
3 2719 2752 2767 
3 2872 2856 2850 
3 2855 2843 2856 
3 2705 2681 2730 
3 2681 2648 2702 
3 2648 2580 2654 
3 2705 2752 2719 
3 2388 2490 2373 
3 2490 2628 2606 
3 1083 1054 1176 
3 1723 1815 1813 
3 2068 2067 1979 
3 1902 1904 1979 
3 1813 1904 1902 
3 1526 1431 1529 
3 1622 1529 1627 
3 1721 1627 1723 
3 1429 1526 1523 
3 1522 1426 1523 
3 1424 1522 1527 
3 1531 1425 1527 
3 1430 1531 1536 
3 1535 1433 1536 
3 1335 1433 1437 
3 1335 1340 1237 
3 1242 1340 1348 
3 1252 1242 1348 
3 1147 1252 1265 
3 1176 1054 1147 
3 1589 1480 1491 
3 1389 1393 1491 
3 1684 1589 1691 
3 1691 1785 1684 
3 1291 1295 1393 
3 1199 1098 1103 
3 1201 1295 1199 
3 1887 1879 1785 
3 2388 2276 2286 
3 2181 2191 2286 
3 2087 2191 2080 
3 1986 2087 1976 
3 1986 1879 1887 
3 1103 1098 1013 
3 1013 918 926 
3 926 828 842 
3 700 670 772 
3 590 700 616 
3 519 501 616 
3 404 378 519 
3 291 276 404 
3 188 291 198 
3 120 118 198 
3 82 87 120 
3 82 81 84 
3 94 81 95 
3 772 756 854 
3 95 137 123 
3 152 137 169 
3 232 187 169 
3 284 232 333 
3 412 333 475 
3 647 621 544 
3 412 475 544 
3 749 727 647 
3 854 827 935 
3 935 907 1025 
3 1025 995 1110 
3 995 1083 1110 
3 828 749 842 
3 2070 1981 2067 
3 2076 1987 2070 
3 1994 2076 2085 
3 2011 2085 2111 
3 2024 2111 2131 
3 2043 2131 2154 
3 2186 2063 2154 
3 2479 2488 2580 
3 2389 2396 2488 
3 2396 2311 2299 
3 2299 2211 2186 
3 2848 2874 2847 
3 2847 2874 2861 
3 2848 2790 2831 
3 2831 2790 2726 
3 2861 2882 2872 
3 2628 2753 2726 
3 2776 2788 2812 
3 2809 2812 2834 
3 2744 2767 2788 
3 2851 2842 2855 
3 2851 2840 2834 
3 2744 2719 2767 
3 2871 2856 2872 
3 2871 2855 2856 
3 2638 2681 2705 
3 2615 2648 2681 
3 2566 2580 2648 
3 2705 2719 2661 
3 2505 2490 2388 
3 2505 2628 2490 
3 1083 1176 1196 
3 1721 1723 1813 
3 2067 1981 1979 
3 1979 1981 1902 
3 1902 1810 1813 
3 1526 1529 1622 
3 1622 1627 1721 
3 1523 1526 1617 
3 1616 1522 1523 
3 1527 1522 1621 
3 1628 1531 1527 
3 1536 1531 1637 
3 1535 1536 1655 
3 1437 1433 1535 
3 1335 1437 1340 
3 1348 1340 1440 
3 1252 1348 1359 
3 1265 1252 1359 
3 1147 1265 1176 
3 1589 1491 1593 
3 1491 1393 1497 
3 1691 1589 1593 
3 1791 1785 1691 
3 1393 1295 1399 
3 1201 1199 1103 
3 1297 1295 1201 
3 1887 1785 1791 
3 2286 2401 2388 
3 2286 2191 2296 
3 2197 2191 2087 
3 2093 2087 1986 
3 1993 1986 1887 
3 1103 1013 1017 
3 1013 926 1017 
3 842 933 926 
3 772 805 700 
3 616 700 724 
3 519 616 638 
3 543 404 519 
3 291 404 431 
3 198 291 313 
3 198 216 120 
3 82 120 136 
3 83 81 82 
3 95 81 79 
3 772 854 884 
3 101 137 95 
3 169 137 146 
3 232 169 206 
3 333 232 293 
3 475 333 420 
3 647 544 573 
3 544 475 573 
3 675 749 647 
3 854 935 965 
3 935 1025 1043 
3 1025 1110 1130 
3 1083 1196 1110 
3 842 749 765 
3 1987 1981 2070 
3 1994 1987 2076 
3 1994 2085 2011 
3 2011 2111 2024 
3 2043 2024 2131 
3 2154 2063 2043 
3 2091 2063 2186 
3 2566 2479 2580 
3 2479 2389 2488 
3 2389 2311 2396 
3 2311 2211 2299 
3 2186 2211 2091 
3 2876 2874 2848 
3 2874 2882 2861 
3 2848 2831 2876 
3 2753 2831 2726 
3 2872 2882 2884 
3 2643 2753 2628 
3 2809 2776 2812 
3 2776 2744 2788 
3 2840 2809 2834 
3 2866 2851 2855 
3 2858 2840 2851 
3 2679 2719 2744 
3 2884 2871 2872 
3 2866 2855 2871 
3 2661 2638 2705 
3 2638 2615 2681 
3 2566 2648 2615 
3 2661 2719 2679 
3 2388 2401 2505 
3 2643 2628 2505 
3 1196 1176 1288 
3 1813 1810 1721 
3 1902 1981 1900 
3 1900 1810 1902 
3 1617 1526 1622 
3 1721 1716 1622 
3 1523 1617 1616 
3 1621 1522 1616 
3 1527 1621 1628 
3 1637 1531 1628 
3 1536 1637 1655 
3 1655 1613 1535 
3 1534 1437 1535 
3 1340 1437 1440 
3 1348 1440 1451 
3 1359 1348 1451 
3 1373 1265 1359 
3 1176 1265 1288 
3 1593 1491 1497 
3 1497 1393 1399 
3 1593 1698 1691 
3 1691 1698 1791 
3 1399 1295 1297 
3 1201 1103 1107 
3 1201 1205 1297 
3 1896 1887 1791 
3 2296 2401 2286 
3 2296 2191 2197 
3 2093 2197 2087 
3 1993 2093 1986 
3 1896 1993 1887 
3 1103 1017 1107 
3 926 933 1017 
3 863 933 842 
3 700 805 724 
3 884 805 772 
3 616 724 638 
3 519 638 543 
3 431 404 543 
3 313 291 431 
3 198 313 216 
3 120 216 136 
3 83 82 136 
3 79 81 83 
3 95 79 101 
3 854 965 884 
3 146 137 101 
3 206 169 146 
3 293 232 206 
3 420 333 293 
3 573 475 420 
3 573 675 647 
3 765 749 675 
3 965 935 1043 
3 1043 1025 1130 
3 1110 1218 1130 
3 1110 1196 1218 
3 842 765 863 
3 1900 1981 1987 
3 1903 1987 1994 
3 2011 1910 1994 
3 2024 1922 2011 
3 1938 2024 2043 
3 2063 1950 2043 
3 1972 2063 2091 
3 2465 2479 2566 
3 2479 2354 2389 
3 2282 2311 2389 
3 2222 2211 2311 
3 2091 2211 2122 
3 2893 2874 2876 
3 2893 2882 2874 
3 2876 2831 2852 
3 2852 2831 2753 
3 2884 2882 2901 
3 2760 2753 2643 
3 2755 2776 2809 
3 2712 2744 2776 
3 2800 2809 2840 
3 2858 2851 2866 
3 2837 2840 2858 
3 2712 2679 2744 
3 2881 2871 2884 
3 2881 2866 2871 
3 2661 2570 2638 
3 2543 2615 2638 
3 2517 2566 2615 
3 2661 2679 2595 
3 2505 2401 2522 
3 2522 2643 2505 
3 1314 1196 1288 
3 1810 1716 1721 
3 1806 1810 1900 
3 1622 1716 1617 
3 1616 1617 1715 
3 1621 1616 1719 
3 1628 1621 1724 
3 1731 1637 1628 
3 1655 1637 1750 
3 1613 1534 1535 
3 1702 1613 1655 
3 1440 1437 1534 
3 1451 1440 1544 
3 1359 1451 1467 
3 1467 1373 1359 
3 1288 1265 1373 
3 1497 1598 1593 
3 1497 1399 1502 
3 1593 1598 1698 
3 1791 1698 1796 
3 1399 1297 1403 
3 1107 1205 1201 
3 1297 1205 1300 
3 1796 1896 1791 
3 2410 2401 2296 
3 2303 2296 2197 
3 2202 2197 2093 
3 1993 2100 2093 
3 2000 1993 1896 
3 1017 1012 1107 
3 1017 933 1012 
3 1012 933 863 
3 724 805 833 
3 884 915 805 
3 638 724 752 
3 543 638 663 
3 431 543 568 
3 313 431 463 
3 216 313 345 
3 136 216 244 
3 83 136 164 
3 106 79 83 
3 101 79 93 
3 884 965 997 
3 121 146 101 
3 206 146 181 
3 293 206 266 
3 382 420 293 
3 573 420 518 
3 633 675 573 
3 765 675 705 
3 965 1043 1080 
3 1043 1130 1162 
3 1130 1218 1244 
3 1218 1196 1314 
3 765 786 863 
3 1900 1987 1903 
3 1910 1903 1994 
3 1922 1910 2011 
3 1938 1922 2024 
3 2043 1950 1938 
3 1972 1950 2063 
3 2010 1972 2091 
3 2517 2465 2566 
3 2465 2354 2479 
3 2389 2354 2282 
3 2222 2311 2282 
3 2122 2211 2222 
3 2122 2010 2091 
3 2896 2893 2876 
3 2901 2882 2893 
3 2896 2876 2852 
3 2852 2753 2760 
3 2901 2900 2884 
3 2658 2760 2643 
3 2800 2755 2809 
3 2755 2712 2776 
3 2837 2800 2840 
3 2866 2879 2858 
3 2858 2870 2837 
3 2633 2679 2712 
3 2884 2900 2881 
3 2881 2879 2866 
3 2638 2570 2543 
3 2595 2570 2661 
3 2517 2615 2543 
3 2595 2679 2633 
3 2522 2401 2410 
3 2658 2643 2522 
3 1314 1288 1405 
3 1806 1716 1810 
3 1903 1806 1900 
3 1617 1716 1715 
3 1719 1616 1715 
3 1724 1621 1719 
3 1628 1724 1731 
3 1750 1637 1731 
3 1655 1750 1777 
3 1625 1534 1613 
3 1655 1777 1702 
3 1625 1613 1702 
3 1440 1534 1544 
3 1544 1560 1451 
3 1451 1560 1467 
3 1486 1373 1467 
3 1288 1373 1405 
3 1497 1502 1598 
3 1502 1399 1403 
3 1698 1598 1701 
3 1796 1698 1701 
3 1403 1297 1300 
3 1107 1104 1205 
3 1300 1205 1204 
3 1898 1896 1796 
3 2303 2410 2296 
3 2202 2303 2197 
3 2093 2100 2202 
3 2000 2100 1993 
3 1898 2000 1896 
3 1107 1012 1104 
3 1003 1012 863 
3 805 915 833 
3 752 724 833 
3 997 915 884 
3 638 752 663 
3 543 663 568 
3 431 568 463 
3 345 313 463 
3 244 216 345 
3 136 244 164 
3 164 106 83 
3 93 79 106 
3 121 101 93 
3 997 965 1080 
3 181 146 121 
3 266 206 181 
3 293 266 382 
3 518 420 382 
3 518 633 573 
3 705 675 633 
3 705 786 765 
3 1080 1043 1162 
3 1130 1244 1162 
3 1244 1218 1328 
3 1328 1218 1314 
3 863 786 897 
3 1809 1903 1910 
3 1922 1814 1910 
3 1938 1828 1922 
3 1938 1950 1844 
3 1866 1950 1972 
3 1888 1972 2010 
3 2420 2465 2517 
3 2380 2354 2465 
3 2354 2241 2282 
3 2174 2222 2282 
3 2122 2222 2174 
3 2031 2010 2122 
3 2910 2893 2896 
3 2910 2901 2893 
3 2859 2896 2852 
3 2760 2859 2852 
3 2912 2900 2901 
3 2764 2760 2658 
3 2711 2755 2800 
3 2670 2712 2755 
3 2762 2800 2837 
3 2879 2870 2858 
3 2837 2870 2824 
3 2670 2633 2712 
3 2881 2900 2898 
3 2898 2879 2881 
3 2570 2462 2543 
3 2491 2570 2595 
3 2543 2442 2517 
3 2633 2520 2595 
3 2531 2522 2410 
3 2531 2658 2522 
3 1422 1314 1405 
3 1715 1716 1806 
3 1809 1806 1903 
3 1809 1719 1715 
3 1814 1724 1719 
3 1731 1724 1828 
3 1844 1750 1731 
3 1777 1750 1866 
3 1544 1534 1625 
3 1702 1777 1807 
3 1625 1702 1728 
3 1648 1560 1544 
3 1467 1560 1577 
3 1467 1577 1486 
3 1405 1373 1486 
3 1598 1502 1602 
3 1502 1403 1505 
3 1701 1598 1602 
3 1701 1797 1796 
3 1403 1300 1404 
3 1205 1104 1204 
3 1298 1300 1204 
3 1796 1797 1898 
3 2303 2414 2410 
3 2309 2303 2202 
3 2202 2100 2206 
3 2105 2100 2000 
3 2008 2000 1898 
3 1104 1012 1003 
3 863 897 1003 
3 833 915 938 
3 752 833 855 
3 1024 915 997 
3 663 752 773 
3 568 663 694 
3 463 568 607 
3 345 463 517 
3 345 413 244 
3 164 244 270 
3 209 106 164 
3 93 106 168 
3 121 93 158 
3 1080 1106 997 
3 200 181 121 
3 181 265 266 
3 382 266 366 
3 382 502 518 
3 603 633 518 
3 705 633 603 
3 705 703 786 
3 1080 1162 1188 
3 1162 1244 1272 
3 1357 1244 1328 
3 1328 1314 1422 
3 897 786 803 
3 1910 1814 1809 
3 1828 1814 1922 
3 1844 1828 1938 
3 1844 1950 1866 
3 1888 1866 1972 
3 2010 1916 1888 
3 2517 2442 2420 
3 2380 2465 2420 
3 2280 2354 2380 
3 2282 2241 2174 
3 2280 2241 2354 
3 2031 2122 2174 
3 2031 1916 2010 
3 2909 2910 2896 
3 2912 2901 2910 
3 2909 2896 2859 
3 2764 2859 2760 
3 2908 2900 2912 
3 2664 2764 2658 
3 2762 2711 2800 
3 2670 2755 2711 
3 2824 2762 2837 
3 2887 2870 2879 
3 2824 2870 2854 
3 2554 2633 2670 
3 2898 2900 2908 
3 2887 2879 2898 
3 2462 2442 2543 
3 2491 2462 2570 
3 2520 2491 2595 
3 2554 2520 2633 
3 2410 2414 2531 
3 2664 2658 2531 
3 1405 1510 1422 
3 1715 1806 1809 
3 1809 1814 1719 
3 1828 1724 1814 
3 1731 1828 1844 
3 1866 1750 1844 
3 1888 1777 1866 
3 1544 1625 1648 
3 1807 1777 1888 
3 1702 1807 1728 
3 1648 1625 1728 
3 1664 1560 1648 
3 1577 1560 1664 
3 1486 1577 1601 
3 1405 1486 1510 
3 1602 1502 1505 
3 1505 1403 1404 
3 1602 1700 1701 
3 1700 1797 1701 
3 1404 1300 1298 
3 1204 1104 1102 
3 1204 1206 1298 
3 1898 1797 1901 
3 2309 2414 2303 
3 2206 2309 2202 
3 2206 2100 2105 
3 2008 2105 2000 
3 1898 1901 2008 
3 1102 1104 1003 
3 1003 897 1006 
3 938 915 1024 
3 833 938 855 
3 752 855 773 
3 997 1106 1024 
3 663 773 694 
3 568 694 607 
3 463 607 517 
3 517 413 345 
3 244 413 270 
3 164 270 209 
3 168 106 209 
3 93 168 158 
3 158 200 121 
3 1188 1106 1080 
3 200 265 181 
3 266 265 366 
3 366 502 382 
3 518 502 603 
3 603 703 705 
3 786 703 803 
3 1188 1162 1272 
3 1272 1244 1357 
3 1357 1328 1446 
3 1446 1328 1422 
3 897 803 914 
3 1888 1916 1807 
3 2420 2442 2341 
3 2420 2322 2380 
3 2322 2280 2380 
3 2174 2241 2134 
3 2175 2241 2280 
3 2174 2047 2031 
3 1941 1916 2031 
3 2920 2910 2909 
3 2920 2912 2910 
3 2867 2909 2859 
3 2867 2859 2764 
3 2918 2908 2912 
3 2772 2764 2664 
3 2649 2711 2762 
3 2711 2602 2670 
3 2701 2762 2824 
3 2854 2870 2887 
3 2854 2746 2824 
3 2602 2554 2670 
3 2913 2898 2908 
3 2904 2887 2898 
3 2365 2442 2462 
3 2387 2462 2491 
3 2416 2491 2520 
3 2441 2520 2554 
3 2531 2414 2532 
3 2532 2664 2531 
3 1422 1510 1539 
3 1807 1834 1728 
3 1648 1728 1753 
3 1648 1753 1664 
3 1577 1664 1685 
3 1577 1685 1601 
3 1510 1486 1601 
3 1505 1599 1602 
3 1404 1503 1505 
3 1602 1599 1700 
3 1700 1795 1797 
3 1298 1402 1404 
3 1102 1206 1204 
3 1206 1303 1298 
3 1901 1797 1899 
3 2417 2414 2309 
3 2206 2316 2309 
3 2105 2208 2206 
3 2008 2108 2105 
3 1901 2007 2008 
3 1003 1006 1102 
3 897 914 1006 
3 1024 1044 938 
3 855 938 968 
3 773 855 892 
3 1024 1106 1128 
3 773 814 694 
3 607 694 730 
3 607 646 517 
3 565 413 517 
3 270 413 325 
3 209 270 325 
3 257 168 209 
3 158 168 229 
3 158 229 200 
3 1214 1106 1188 
3 297 265 200 
3 366 265 394 
3 511 502 366 
3 603 502 605 
3 605 703 603 
3 803 703 718 
3 1188 1272 1296 
3 1357 1384 1272 
3 1357 1446 1468 
3 1422 1539 1446 
3 803 824 914 
3 1807 1916 1834 
3 2341 2442 2365 
3 2341 2322 2420 
3 2215 2280 2322 
3 2134 2241 2175 
3 2134 2047 2174 
3 2175 2280 2215 
3 2031 2047 1941 
3 1834 1916 1941 
3 2916 2920 2909 
3 2920 2918 2912 
3 2916 2909 2867 
3 2772 2867 2764 
3 2913 2908 2918 
3 2664 2663 2772 
3 2701 2649 2762 
3 2649 2602 2711 
3 2824 2746 2701 
3 2854 2887 2880 
3 2783 2746 2854 
3 2471 2554 2602 
3 2904 2898 2913 
3 2880 2887 2904 
3 2365 2462 2387 
3 2387 2491 2416 
3 2441 2416 2520 
3 2471 2441 2554 
3 2532 2414 2417 
3 2532 2663 2664 
3 1539 1510 1624 
3 1728 1834 1753 
3 1664 1753 1769 
3 1685 1664 1769 
3 1601 1685 1710 
3 1510 1601 1624 
3 1503 1599 1505 
3 1404 1402 1503 
3 1599 1697 1700 
3 1797 1795 1899 
3 1700 1697 1795 
3 1298 1303 1402 
3 1102 1109 1206 
3 1206 1211 1303 
3 1901 1899 2007 
3 2309 2316 2417 
3 2208 2316 2206 
3 2105 2108 2208 
3 2007 2108 2008 
3 1006 1109 1102 
3 914 1019 1006 
3 938 1044 968 
3 1024 1128 1044 
3 892 855 968 
3 892 814 773 
3 1128 1106 1214 
3 694 814 730 
3 730 646 607 
3 517 646 565 
3 490 413 565 
3 325 413 490 
3 209 325 257 
3 229 168 257 
3 200 229 297 
3 1214 1188 1296 
3 394 265 297 
3 366 394 511 
3 605 502 511 
3 718 703 605 
3 718 824 803 
3 1272 1384 1296 
3 1468 1384 1357 
3 1468 1446 1559 
3 1446 1539 1559 
3 914 824 930 
3 2365 2263 2341 
3 2235 2322 2341 
3 2235 2215 2322 
3 2072 2134 2175 
3 2072 2047 2134 
3 2175 2215 2107 
3 1941 2047 1965 
3 1857 1834 1941 
3 2922 2920 2916 
3 2922 2918 2920 
3 2865 2916 2867 
3 2865 2867 2772 
3 2918 2919 2913 
3 2663 2761 2772 
3 2559 2649 2701 
3 2512 2602 2649 
3 2746 2609 2701 
3 2854 2880 2783 
3 2659 2746 2783 
3 2471 2602 2512 
3 2911 2904 2913 
3 2894 2880 2904 
3 2279 2365 2387 
3 2310 2387 2416 
3 2336 2416 2441 
3 2360 2441 2471 
3 2417 2530 2532 
3 2530 2663 2532 
3 1539 1624 1649 
3 1753 1834 1857 
3 1769 1753 1857 
3 1685 1769 1794 
3 1710 1685 1794 
3 1601 1710 1624 
3 1503 1592 1599 
3 1402 1495 1503 
3 1592 1697 1599 
3 1795 1895 1899 
3 1795 1697 1789 
3 1402 1303 1398 
3 1206 1109 1211 
3 1211 1308 1303 
3 1899 2001 2007 
3 2417 2316 2415 
3 2315 2316 2208 
3 2108 2207 2208 
3 2103 2108 2007 
3 1019 1109 1006 
3 914 930 1019 
3 968 1044 1084 
3 1044 1128 1159 
3 892 968 1002 
3 925 814 892 
3 1238 1128 1214 
3 730 814 846 
3 767 646 730 
3 565 646 699 
3 490 565 634 
3 403 325 490 
3 257 325 403 
3 336 229 257 
3 297 229 336 
3 1296 1322 1214 
3 297 434 394 
3 511 394 534 
3 511 628 605 
3 605 628 718 
3 738 824 718 
3 1296 1384 1410 
3 1496 1384 1468 
3 1559 1580 1468 
3 1559 1539 1649 
3 930 824 840 
3 2341 2263 2235 
3 2279 2263 2365 
3 2130 2215 2235 
3 2107 2072 2175 
3 1965 2047 2072 
3 2107 2215 2130 
3 1857 1941 1965 
3 2906 2922 2916 
3 2922 2919 2918 
3 2906 2916 2865 
3 2772 2761 2865 
3 2919 2911 2913 
3 2650 2761 2663 
3 2609 2559 2701 
3 2559 2512 2649 
3 2659 2609 2746 
3 2783 2880 2819 
3 2693 2659 2783 
3 2471 2512 2391 
3 2894 2904 2911 
3 2819 2880 2894 
3 2279 2387 2310 
3 2310 2416 2336 
3 2336 2441 2360 
3 2391 2360 2471 
3 2415 2530 2417 
3 2650 2663 2530 
3 1624 1733 1649 
3 1769 1857 1878 
3 1794 1769 1878 
3 1794 1824 1710 
3 1624 1710 1733 
3 1495 1592 1503 
3 1402 1398 1495 
3 1689 1697 1592 
3 1899 1895 2001 
3 1789 1895 1795 
3 1789 1697 1689 
3 1303 1308 1398 
3 1211 1109 1117 
3 1211 1215 1308 
3 2007 2001 2103 
3 2415 2316 2315 
3 2208 2207 2315 
3 2103 2207 2108 
3 1117 1109 1019 
3 930 1030 1019 
3 1084 1044 1159 
3 1002 968 1084 
3 1159 1128 1238 
3 925 892 1002 
3 846 814 925 
3 1214 1322 1238 
3 767 730 846 
3 699 646 767 
3 565 699 634 
3 554 490 634 
3 403 490 554 
3 257 403 336 
3 336 434 297 
3 1296 1410 1322 
3 394 434 534 
3 534 628 511 
3 718 628 738 
3 840 824 738 
3 1410 1384 1496 
3 1468 1580 1496 
3 1668 1580 1559 
3 1559 1649 1668 
3 840 946 930 
3 2235 2263 2150 
3 2172 2263 2279 
3 2150 2130 2235 
3 2107 1995 2072 
3 2072 1995 1965 
3 2130 2020 2107 
3 1878 1857 1965 
3 2915 2922 2906 
3 2915 2919 2922 
3 2865 2849 2906 
3 2761 2849 2865 
3 2905 2911 2919 
3 2750 2761 2650 
3 2459 2559 2609 
3 2431 2512 2559 
3 2504 2609 2659 
3 2693 2783 2819 
3 2693 2545 2659 
3 2391 2512 2431 
3 2894 2911 2888 
3 2836 2819 2894 
3 2200 2279 2310 
3 2226 2310 2336 
3 2250 2336 2360 
3 2273 2360 2391 
3 2526 2530 2415 
3 2526 2650 2530 
3 1649 1733 1758 
3 1878 1912 1794 
3 1710 1824 1733 
3 1794 1912 1824 
3 1495 1586 1592 
3 1398 1489 1495 
3 1592 1586 1689 
3 2001 1895 1989 
3 1880 1895 1789 
3 1689 1778 1789 
3 1398 1308 1395 
3 1117 1215 1211 
3 1308 1215 1311 
3 2001 2096 2103 
3 2315 2411 2415 
3 2315 2207 2305 
3 2201 2207 2103 
3 1019 1030 1117 
3 930 946 1030 
3 1084 1159 1191 
3 1002 1084 1114 
3 1270 1159 1238 
3 1002 1032 925 
3 846 925 957 
3 1238 1322 1350 
3 886 767 846 
3 699 767 817 
3 699 744 634 
3 634 678 554 
3 403 554 493 
3 336 403 493 
3 493 434 336 
3 1322 1410 1438 
3 534 434 569 
3 652 628 534 
3 738 628 652 
3 738 764 840 
3 1410 1496 1516 
3 1496 1580 1610 
3 1690 1580 1668 
3 1668 1649 1758 
3 870 946 840 
3 2150 2263 2172 
3 2172 2279 2200 
3 2041 2130 2150 
3 2020 1995 2107 
3 1965 1995 1878 
3 2041 2020 2130 
3 2883 2915 2906 
3 2905 2919 2915 
3 2906 2849 2883 
3 2750 2849 2761 
3 2888 2911 2905 
3 2642 2750 2650 
3 2504 2459 2609 
3 2459 2431 2559 
3 2659 2545 2504 
3 2722 2693 2819 
3 2593 2545 2693 
3 2318 2391 2431 
3 2836 2894 2888 
3 2722 2819 2836 
3 2226 2200 2310 
3 2250 2226 2336 
3 2273 2250 2360 
3 2318 2273 2391 
3 2415 2411 2526 
3 2642 2650 2526 
3 1733 1845 1758 
3 1878 1995 1912 
3 1733 1824 1845 
3 1824 1912 1936 
3 1489 1586 1495 
3 1398 1395 1489 
3 1689 1586 1676 
3 1989 1895 1880 
3 1989 2096 2001 
3 1789 1778 1880 
3 1676 1778 1689 
3 1395 1308 1311 
3 1117 1127 1215 
3 1215 1221 1311 
3 2103 2096 2201 
3 2305 2411 2315 
3 2305 2207 2201 
3 1030 1127 1117 
3 946 1041 1030 
3 1191 1159 1270 
3 1114 1084 1191 
3 1114 1032 1002 
3 1238 1350 1270 
3 925 1032 957 
3 846 957 886 
3 1350 1322 1438 
3 817 767 886 
3 817 744 699 
3 634 744 678 
3 554 678 626 
3 493 554 626 
3 569 434 493 
3 1438 1410 1516 
3 534 569 652 
3 652 764 738 
3 840 764 870 
3 1516 1496 1610 
3 1610 1580 1690 
3 1668 1774 1690 
3 1758 1774 1668 
3 870 971 946 
3 2060 2150 2172 
3 2200 2089 2172 
3 2060 2041 2150 
3 1912 1995 2020 
3 1936 2020 2041 
3 2886 2915 2883 
3 2905 2915 2886 
3 2883 2849 2820 
3 2820 2849 2750 
3 2905 2873 2888 
3 2741 2750 2642 
3 2372 2459 2504 
3 2343 2431 2459 
3 2545 2412 2504 
3 2722 2593 2693 
3 2450 2545 2593 
3 2343 2318 2431 
3 2888 2828 2836 
3 2836 2731 2722 
3 2116 2200 2226 
3 2136 2226 2250 
3 2159 2250 2273 
3 2194 2273 2318 
3 2526 2411 2518 
3 2518 2642 2526 
3 1758 1845 1865 
3 1845 1824 1936 
3 1936 1912 2020 
3 1579 1586 1489 
3 1395 1478 1489 
3 1676 1586 1579 
3 1880 1971 1989 
3 2082 2096 1989 
3 1880 1778 1869 
3 1766 1778 1676 
3 1395 1311 1391 
3 1215 1127 1221 
3 1311 1221 1309 
3 2201 2096 2190 
3 2406 2411 2305 
3 2201 2293 2305 
3 1030 1041 1127 
3 946 971 1041 
3 1270 1301 1191 
3 1114 1191 1219 
3 1137 1032 1114 
3 1270 1350 1379 
3 957 1032 1063 
3 886 957 999 
3 1460 1350 1438 
3 931 817 886 
3 857 744 817 
3 678 744 798 
3 626 678 740 
3 493 626 569 
3 1516 1548 1438 
3 569 690 652 
3 652 690 764 
3 870 764 806 
3 1632 1516 1610 
3 1690 1720 1610 
3 1690 1774 1804 
3 1758 1865 1774 
3 870 910 971 
3 2172 2089 2060 
3 2116 2089 2200 
3 1951 2041 2060 
3 1951 1936 2041 
3 2883 2838 2886 
3 2886 2873 2905 
3 2820 2838 2883 
3 2741 2820 2750 
3 2873 2828 2888 
3 2741 2642 2637 
3 2412 2372 2504 
3 2343 2459 2372 
3 2450 2412 2545 
3 2627 2593 2722 
3 2450 2593 2494 
3 2228 2318 2343 
3 2828 2731 2836 
3 2627 2722 2731 
3 2136 2116 2226 
3 2136 2250 2159 
3 2194 2159 2273 
3 2194 2318 2228 
3 2518 2411 2406 
3 2637 2642 2518 
3 1865 1845 1951 
3 1845 1936 1951 
3 1489 1478 1579 
3 1395 1391 1478 
3 1676 1579 1665 
3 1989 1971 2082 
3 1869 1971 1880 
3 2190 2096 2082 
3 1869 1778 1766 
3 1676 1665 1766 
3 1311 1309 1391 
3 1127 1141 1221 
3 1309 1221 1230 
3 2201 2190 2293 
3 2293 2406 2305 
3 1127 1041 1141 
3 1041 971 1061 
3 1191 1301 1219 
3 1270 1379 1301 
3 1137 1114 1219 
3 1063 1032 1137 
3 1379 1350 1460 
3 999 957 1063 
3 886 999 931 
3 1438 1548 1460 
3 931 857 817 
3 798 744 857 
3 740 678 798 
3 626 740 690 
3 626 690 569 
3 1632 1548 1516 
3 764 690 806 
3 806 910 870 
3 1610 1720 1632 
3 1690 1804 1720 
3 1804 1774 1885 
3 1774 1865 1885 
3 971 910 1009 
3 2060 2089 1973 
3 2009 2089 2116 
3 1973 1951 2060 
3 2886 2838 2821 
3 2821 2873 2886 
3 2728 2838 2820 
3 2728 2820 2741 
3 2765 2828 2873 
3 2637 2728 2741 
3 2288 2372 2412 
3 2343 2372 2261 
3 2331 2412 2450 
3 2494 2593 2627 
3 2366 2450 2494 
3 2261 2228 2343 
3 2706 2731 2828 
3 2627 2731 2706 
3 2028 2116 2136 
3 2159 2051 2136 
3 2077 2159 2194 
3 2228 2115 2194 
3 2406 2503 2518 
3 2518 2503 2637 
3 1973 1865 1951 
3 1478 1567 1579 
3 1478 1391 1472 
3 1579 1567 1665 
3 1971 2058 2082 
3 1955 1971 1869 
3 2082 2165 2190 
3 1850 1869 1766 
3 1665 1752 1766 
3 1309 1378 1391 
3 1221 1141 1230 
3 1230 1293 1309 
3 2190 2272 2293 
3 2385 2406 2293 
3 1041 1061 1141 
3 971 1009 1061 
3 1219 1301 1326 
3 1301 1379 1412 
3 1219 1254 1137 
3 1137 1180 1063 
3 1379 1460 1494 
3 999 1063 1108 
3 931 999 1034 
3 1460 1548 1575 
3 931 972 857 
3 857 908 798 
3 798 853 740 
3 690 740 806 
3 1659 1548 1632 
3 806 853 910 
3 1632 1720 1743 
3 1720 1804 1830 
3 1917 1804 1885 
3 1885 1865 1973 
3 1009 910 956 
3 1973 2089 2009 
3 2028 2009 2116 
3 2821 2838 2721 
3 2765 2873 2821 
3 2721 2838 2728 
3 2765 2706 2828 
3 2622 2728 2637 
3 2288 2412 2331 
3 2261 2372 2288 
3 2366 2331 2450 
3 2558 2494 2627 
3 2494 2382 2366 
3 2145 2228 2261 
3 2627 2706 2558 
3 2051 2028 2136 
3 2077 2051 2159 
3 2115 2077 2194 
3 2145 2115 2228 
3 2385 2503 2406 
3 2637 2503 2622 
3 1472 1567 1478 
3 1391 1378 1472 
3 1665 1567 1654 
3 2082 2058 2165 
3 1955 2058 1971 
3 1850 1955 1869 
3 2190 2165 2272 
3 1766 1752 1850 
3 1665 1654 1752 
3 1309 1293 1378 
3 1230 1141 1170 
3 1170 1293 1230 
3 2293 2272 2385 
3 1141 1061 1170 
3 1061 1009 1099 
3 1326 1301 1412 
3 1326 1254 1219 
3 1412 1379 1494 
3 1137 1254 1180 
3 1063 1180 1108 
3 1494 1460 1575 
3 1034 999 1108 
3 931 1034 972 
3 1575 1548 1659 
3 972 908 857 
3 798 908 853 
3 740 853 806 
3 1632 1743 1659 
3 910 853 956 
3 1743 1720 1830 
3 1830 1804 1917 
3 1885 2009 1917 
3 1973 2009 1885 
3 1050 1009 956 
3 1917 2009 2028 
3 2686 2821 2721 
3 2686 2765 2821 
3 2622 2721 2728 
3 2632 2706 2765 
3 2219 2288 2331 
3 2288 2177 2261 
3 2247 2331 2366 
3 2433 2494 2558 
3 2366 2382 2278 
3 2433 2382 2494 
3 2177 2145 2261 
3 2558 2706 2632 
3 1942 2028 2051 
3 1963 2051 2077 
3 1992 2077 2115 
3 2037 2115 2145 
3 2385 2477 2503 
3 2503 2477 2622 
3 1553 1567 1472 
3 1472 1378 1454 
3 1654 1567 1553 
3 2165 2058 2144 
3 1955 2038 2058 
3 1939 1955 1850 
3 2272 2165 2255 
3 1850 1752 1838 
3 1654 1732 1752 
3 1378 1293 1365 
3 1202 1293 1170 
3 2272 2363 2385 
3 1170 1061 1099 
3 1099 1009 1050 
3 1412 1443 1326 
3 1363 1254 1326 
3 1412 1494 1520 
3 1180 1254 1289 
3 1108 1180 1213 
3 1607 1494 1575 
3 1034 1108 1136 
3 972 1034 1079 
3 1575 1659 1682 
3 1020 908 972 
3 853 908 956 
3 1659 1743 1768 
3 1743 1830 1854 
3 1830 1917 1942 
3 956 1020 1050 
3 1942 1917 2028 
3 2686 2721 2586 
3 2686 2632 2765 
3 2586 2721 2622 
3 2219 2331 2247 
3 2219 2177 2288 
3 2278 2247 2366 
3 2483 2433 2558 
3 2278 2382 2324 
3 2324 2382 2433 
3 2065 2145 2177 
3 2558 2632 2483 
3 1963 1942 2051 
3 1992 1963 2077 
3 2037 1992 2115 
3 2065 2037 2145 
3 2363 2477 2385 
3 2622 2477 2586 
3 1454 1553 1472 
3 1378 1365 1454 
3 1553 1629 1654 
3 2058 2038 2144 
3 2255 2165 2144 
3 1939 2038 1955 
3 1850 1838 1939 
3 2272 2255 2363 
3 1752 1732 1838 
3 1629 1732 1654 
3 1293 1316 1365 
3 1170 1099 1202 
3 1202 1316 1293 
3 1099 1050 1133 
3 1326 1443 1363 
3 1520 1443 1412 
3 1289 1254 1363 
3 1520 1494 1607 
3 1213 1180 1289 
3 1108 1213 1136 
3 1607 1575 1682 
3 1079 1034 1136 
3 1020 972 1079 
3 1682 1659 1768 
3 956 908 1020 
3 1743 1854 1768 
3 1854 1830 1942 
3 1020 1115 1050 
3 2586 2535 2686 
3 2535 2632 2686 
3 2247 2135 2219 
3 2106 2177 2219 
3 2278 2170 2247 
3 2359 2433 2483 
3 2324 2214 2278 
3 2359 2324 2433 
3 2106 2065 2177 
3 2483 2632 2535 
3 1854 1942 1963 
3 1876 1963 1992 
3 2037 1909 1992 
3 1961 2037 2065 
3 2443 2477 2363 
3 2586 2477 2443 
3 1454 1528 1553 
3 1454 1365 1420 
3 1553 1528 1629 
3 2144 2038 2117 
3 2144 2223 2255 
3 1939 2018 2038 
3 1838 1915 1939 
3 2255 2334 2363 
3 1732 1820 1838 
3 1629 1712 1732 
3 1365 1316 1420 
3 1099 1133 1202 
3 1232 1316 1202 
3 1050 1115 1133 
3 1363 1443 1474 
3 1554 1443 1520 
3 1401 1289 1363 
3 1607 1635 1520 
3 1213 1289 1320 
3 1136 1213 1247 
3 1682 1714 1607 
3 1136 1181 1079 
3 1079 1115 1020 
3 1768 1792 1682 
3 1768 1854 1876 
3 2443 2535 2586 
3 2135 2106 2219 
3 2170 2135 2247 
3 2214 2170 2278 
3 2483 2408 2359 
3 2249 2214 2324 
3 2249 2324 2359 
3 1991 2065 2106 
3 2535 2408 2483 
3 1876 1854 1963 
3 1909 1876 1992 
3 1909 2037 1937 
3 1991 1961 2065 
3 1961 1937 2037 
3 2363 2334 2443 
3 1420 1528 1454 
3 1629 1528 1606 
3 2038 2018 2117 
3 2117 2223 2144 
3 2255 2223 2334 
3 1915 2018 1939 
3 1838 1820 1915 
3 1712 1820 1732 
3 1606 1712 1629 
3 1420 1316 1364 
3 1202 1133 1232 
3 1364 1316 1232 
3 1133 1115 1210 
3 1474 1443 1554 
3 1363 1474 1401 
3 1520 1635 1554 
3 1320 1289 1401 
3 1607 1714 1635 
3 1247 1213 1320 
3 1136 1247 1181 
3 1682 1792 1714 
3 1079 1181 1115 
3 1768 1876 1792 
3 2443 2408 2535 
3 2030 2106 2135 
3 2061 2135 2170 
3 2110 2170 2214 
3 2408 2284 2359 
3 2143 2214 2249 
3 2284 2249 2359 
3 2030 1991 2106 
3 1792 1876 1909 
3 1937 1827 1909 
3 1877 1961 1991 
3 1851 1937 1961 
3 2334 2408 2443 
3 1482 1528 1420 
3 1606 1528 1482 
3 2117 2018 2078 
3 2180 2223 2117 
3 2223 2284 2334 
3 1977 2018 1915 
3 1820 1886 1915 
3 1790 1820 1712 
3 1606 1683 1712 
3 1420 1364 1482 
3 1232 1133 1210 
3 1232 1315 1364 
3 1115 1181 1210 
3 1554 1583 1474 
3 1401 1474 1508 
3 1554 1635 1663 
3 1434 1320 1401 
3 1635 1714 1744 
3 1247 1320 1356 
3 1181 1247 1281 
3 1714 1792 1827 
3 2061 2030 2135 
3 2110 2061 2170 
3 2110 2214 2143 
3 2334 2284 2408 
3 2143 2249 2180 
3 2180 2249 2284 
3 1923 1991 2030 
3 1827 1792 1909 
3 1851 1827 1937 
3 1923 1877 1991 
3 1851 1961 1877 
3 1482 1566 1606 
3 2078 2018 1977 
3 2117 2078 2180 
3 2180 2284 2223 
3 1915 1886 1977 
3 1790 1886 1820 
3 1712 1683 1790 
3 1566 1683 1606 
3 1364 1435 1482 
3 1210 1315 1232 
3 1364 1315 1435 
3 1210 1181 1281 
3 1474 1583 1508 
3 1663 1583 1554 
3 1434 1401 1508 
3 1663 1635 1744 
3 1356 1320 1434 
3 1714 1827 1744 
3 1281 1247 1356 
3 1959 2030 2061 
3 2003 2061 2110 
3 2040 2110 2143 
3 2078 2143 2180 
3 1959 1923 2030 
3 1744 1827 1851 
3 1805 1877 1923 
3 1877 1770 1851 
3 1482 1435 1566 
3 1977 2040 2078 
3 1977 1886 1946 
3 1843 1886 1790 
3 1790 1683 1748 
3 1641 1683 1566 
3 1210 1281 1315 
3 1315 1392 1435 
3 1508 1583 1623 
3 1699 1583 1663 
3 1434 1508 1549 
3 1744 1770 1663 
3 1470 1356 1434 
3 1281 1356 1392 
3 2003 1959 2061 
3 2003 2110 2040 
3 2078 2040 2143 
3 1848 1923 1959 
3 1851 1770 1744 
3 1805 1923 1848 
3 1805 1770 1877 
3 1566 1435 1514 
3 1946 2040 1977 
3 1946 1886 1843 
3 1748 1843 1790 
3 1748 1683 1641 
3 1566 1514 1641 
3 1315 1281 1392 
3 1435 1392 1514 
3 1623 1583 1699 
3 1549 1508 1623 
3 1663 1770 1699 
3 1470 1434 1549 
3 1392 1356 1470 
3 1891 1959 2003 
3 1946 2003 2040 
3 1848 1959 1891 
3 1736 1805 1848 
3 1699 1770 1805 
3 1843 1891 1946 
3 1748 1784 1843 
3 1641 1678 1748 
3 1514 1588 1641 
3 1514 1392 1470 
3 1623 1699 1736 
3 1549 1623 1678 
3 1470 1549 1588 
3 1946 1891 2003 
3 1784 1848 1891 
3 1784 1736 1848 
3 1699 1805 1736 
3 1784 1891 1843 
3 1748 1678 1784 
3 1588 1678 1641 
3 1514 1470 1588 
3 1623 1736 1678 
3 1549 1678 1588 
3 1678 1736 1784 

